#% 0, Z0, m, 0.0
#% 1, Z, km
#% 2, U, m/s
#% 3, V, m/s
#% 4, W, m/s
#% 5, T, degK
#% 6, RHO, g/cm3
#% 7, P, mbar
0.000000e+00   -4.569751e+00   -0.000000e+00   -0.000000e+00   2.740794e+02   1.223133e-03   9.624591e+02
1.000000e-01   -7.573917e+00   -0.000000e+00   -0.000000e+00   2.734318e+02   1.211073e-03   9.507176e+02
2.000000e-01   -9.319605e+00   -0.000000e+00   -0.000000e+00   2.728262e+02   1.198956e-03   9.391218e+02
3.000000e-01   -1.033649e+01   -0.000000e+00   -0.000000e+00   2.722970e+02   1.186627e-03   9.276611e+02
4.000000e-01   -1.107560e+01   -0.000000e+00   -0.000000e+00   2.718697e+02   1.173970e-03   9.163259e+02
5.000000e-01   -1.158973e+01   -0.000000e+00   -0.000000e+00   2.715281e+02   1.161060e-03   9.051109e+02
6.000000e-01   -1.184810e+01   -0.000000e+00   -0.000000e+00   2.712723e+02   1.147907e-03   8.940148e+02
7.000000e-01   -1.187431e+01   -0.000000e+00   -0.000000e+00   2.711063e+02   1.134507e-03   8.830371e+02
8.000000e-01   -1.170525e+01   -0.000000e+00   -0.000000e+00   2.710047e+02   1.120972e-03   8.721758e+02
9.000000e-01   -1.133917e+01   -0.000000e+00   -0.000000e+00   2.709227e+02   1.107494e-03   8.614282e+02
1.000000e+00   -1.092859e+01   -0.000000e+00   -0.000000e+00   2.708422e+02   1.094145e-03   8.507922e+02
1.100000e+00   -1.057704e+01   -0.000000e+00   -0.000000e+00   2.707667e+02   1.080910e-03   8.402665e+02
1.200000e+00   -1.026656e+01   -0.000000e+00   -0.000000e+00   2.707010e+02   1.067769e-03   8.298496e+02
1.300000e+00   -1.001367e+01   -0.000000e+00   -0.000000e+00   2.706279e+02   1.054787e-03   8.195389e+02
1.400000e+00   -9.798443e+00   -0.000000e+00   -0.000000e+00   2.705027e+02   1.042133e-03   8.093325e+02
1.500000e+00   -9.589976e+00   -0.000000e+00   -0.000000e+00   2.703129e+02   1.029849e-03   7.992319e+02
1.600000e+00   -9.375913e+00   -0.000000e+00   -0.000000e+00   2.700983e+02   1.017783e-03   7.892406e+02
1.700000e+00   -9.164158e+00   0.000000e+00   0.000000e+00   2.698673e+02   1.005897e-03   7.793562e+02
1.800000e+00   -8.967547e+00   0.000000e+00   0.000000e+00   2.696192e+02   9.941852e-04   7.695741e+02
1.900000e+00   -8.793778e+00   0.000000e+00   0.000000e+00   2.693539e+02   9.826412e-04   7.598898e+02
2.000000e+00   -8.647937e+00   0.000000e+00   0.000000e+00   2.690697e+02   9.712648e-04   7.502998e+02
2.100000e+00   -8.528656e+00   0.000000e+00   0.000000e+00   2.687605e+02   9.600771e-04   7.408049e+02
2.200000e+00   -8.428913e+00   0.000000e+00   0.000000e+00   2.684195e+02   9.491006e-04   7.314063e+02
2.300000e+00   -8.343150e+00   0.000000e+00   0.000000e+00   2.680455e+02   9.383390e-04   7.221056e+02
2.400000e+00   -8.268467e+00   0.000000e+00   0.000000e+00   2.676407e+02   9.277836e-04   7.129042e+02
2.500000e+00   -8.201195e+00   0.000000e+00   0.000000e+00   2.672090e+02   9.174189e-04   7.038030e+02
2.600000e+00   -8.116668e+00   0.000000e+00   0.000000e+00   2.667597e+02   9.072095e-04   6.948007e+02
2.700000e+00   -7.992755e+00   0.000000e+00   0.000000e+00   2.663029e+02   8.971184e-04   6.858955e+02
2.800000e+00   -7.856357e+00   0.000000e+00   0.000000e+00   2.658421e+02   8.871300e-04   6.770852e+02
2.900000e+00   -7.736784e+00   0.000000e+00   0.000000e+00   2.653741e+02   8.772516e-04   6.683671e+02
3.000000e+00   -7.663673e+00   0.000000e+00   0.000000e+00   2.648952e+02   8.674922e-04   6.597388e+02
3.100000e+00   -7.718322e+00   0.000000e+00   0.000000e+00   2.644002e+02   8.578660e-04   6.511989e+02
3.200000e+00   -7.963631e+00   0.000000e+00   0.000000e+00   2.638835e+02   8.483900e-04   6.427472e+02
3.300000e+00   -8.302797e+00   0.000000e+00   0.000000e+00   2.633394e+02   8.390801e-04   6.343832e+02
3.400000e+00   -8.633929e+00   0.000000e+00   0.000000e+00   2.627654e+02   8.299417e-04   6.261063e+02
3.500000e+00   -8.853165e+00   0.000000e+00   0.000000e+00   2.621646e+02   8.209621e-04   6.179161e+02
3.600000e+00   -8.882470e+00   0.000000e+00   0.000000e+00   2.615409e+02   8.121270e-04   6.098120e+02
3.700000e+00   -8.777551e+00   0.000000e+00   0.000000e+00   2.608981e+02   8.034225e-04   6.017932e+02
3.800000e+00   -8.626113e+00   0.000000e+00   0.000000e+00   2.602403e+02   7.948343e-04   5.938593e+02
3.900000e+00   -8.512918e+00   0.000000e+00   0.000000e+00   2.595732e+02   7.863437e-04   5.860094e+02
4.000000e+00   -8.522002e+00   0.000000e+00   0.000000e+00   2.589029e+02   7.779308e-04   5.782428e+02
4.100000e+00   -8.675276e+00   0.000000e+00   0.000000e+00   2.582357e+02   7.695765e-04   5.705588e+02
4.200000e+00   -8.852729e+00   0.000000e+00   0.000000e+00   2.575776e+02   7.612623e-04   5.629565e+02
4.300000e+00   -9.043954e+00   0.000000e+00   0.000000e+00   2.569304e+02   7.529839e-04   5.554354e+02
4.400000e+00   -9.244648e+00   0.000000e+00   0.000000e+00   2.562890e+02   7.447565e-04   5.479950e+02
4.500000e+00   -9.450417e+00   0.000000e+00   0.000000e+00   2.556477e+02   7.365967e-04   5.406347e+02
4.600000e+00   -9.683315e+00   0.000000e+00   0.000000e+00   2.550008e+02   7.285205e-04   5.333542e+02
4.700000e+00   -9.991605e+00   0.000000e+00   0.000000e+00   2.543432e+02   7.205425e-04   5.261530e+02
4.800000e+00   -1.033139e+01   0.000000e+00   0.000000e+00   2.536764e+02   7.126564e-04   5.190302e+02
4.900000e+00   -1.065777e+01   0.000000e+00   0.000000e+00   2.530088e+02   7.048377e-04   5.119849e+02
5.000000e+00   -1.092604e+01   0.000000e+00   0.000000e+00   2.523487e+02   6.970621e-04   5.050158e+02
5.100000e+00   -1.110447e+01   0.000000e+00   0.000000e+00   2.517048e+02   6.893057e-04   4.981220e+02
5.200000e+00   -1.122926e+01   0.000000e+00   0.000000e+00   2.510851e+02   6.815464e-04   4.913022e+02
5.300000e+00   -1.133580e+01   0.000000e+00   0.000000e+00   2.504911e+02   6.737814e-04   4.845557e+02
5.400000e+00   -1.145130e+01   0.000000e+00   0.000000e+00   2.499161e+02   6.660300e-04   4.778817e+02
5.500000e+00   -1.160266e+01   0.000000e+00   0.000000e+00   2.493529e+02   6.583121e-04   4.712797e+02
5.600000e+00   -1.183403e+01   0.000000e+00   0.000000e+00   2.487944e+02   6.506471e-04   4.647490e+02
5.700000e+00   -1.218568e+01   0.000000e+00   0.000000e+00   2.482333e+02   6.430532e-04   4.582889e+02
5.800000e+00   -1.258262e+01   0.000000e+00   0.000000e+00   2.476621e+02   6.355495e-04   4.518989e+02
5.900000e+00   -1.294752e+01   0.000000e+00   0.000000e+00   2.470718e+02   6.281579e-04   4.455786e+02
6.000000e+00   -1.320432e+01   0.000000e+00   0.000000e+00   2.464532e+02   6.209003e-04   4.393277e+02
6.100000e+00   -1.326015e+01   0.000000e+00   0.000000e+00   2.457970e+02   6.137978e-04   4.331459e+02
6.200000e+00   -1.305908e+01   0.000000e+00   0.000000e+00   2.450940e+02   6.068709e-04   4.270329e+02
6.300000e+00   -1.272139e+01   0.000000e+00   0.000000e+00   2.443351e+02   6.001391e-04   4.209883e+02
6.400000e+00   -1.238487e+01   0.000000e+00   0.000000e+00   2.435197e+02   5.936003e-04   4.150119e+02
6.500000e+00   -1.219458e+01   0.000000e+00   0.000000e+00   2.426614e+02   5.872183e-04   4.091031e+02
6.600000e+00   -1.228480e+01   0.000000e+00   0.000000e+00   2.417753e+02   5.809549e-04   4.032614e+02
6.700000e+00   -1.264415e+01   0.000000e+00   0.000000e+00   2.408762e+02   5.747728e-04   3.974865e+02
6.800000e+00   -1.316584e+01   0.000000e+00   0.000000e+00   2.399790e+02   5.686359e-04   3.917778e+02
6.900000e+00   -1.374183e+01   0.000000e+00   0.000000e+00   2.390988e+02   5.625089e-04   3.861350e+02
7.000000e+00   -1.425560e+01   0.000000e+00   0.000000e+00   2.382459e+02   5.563686e-04   3.805577e+02
7.100000e+00   -1.455045e+01   0.000000e+00   0.000000e+00   2.374200e+02   5.502185e-04   3.750463e+02
7.200000e+00   -1.451010e+01   0.000000e+00   0.000000e+00   2.366189e+02   5.440661e-04   3.696013e+02
7.300000e+00   -1.428841e+01   0.000000e+00   0.000000e+00   2.358405e+02   5.379189e-04   3.642231e+02
7.400000e+00   -1.406564e+01   0.000000e+00   0.000000e+00   2.350826e+02   5.317842e-04   3.589122e+02
7.500000e+00   -1.402208e+01   0.000000e+00   0.000000e+00   2.343431e+02   5.256692e-04   3.536691e+02
7.600000e+00   -1.432265e+01   0.000000e+00   0.000000e+00   2.336200e+02   5.195807e-04   3.484941e+02
7.700000e+00   -1.492213e+01   0.000000e+00   0.000000e+00   2.329130e+02   5.135213e-04   3.433875e+02
7.800000e+00   -1.564420e+01   0.000000e+00   0.000000e+00   2.322233e+02   5.074898e-04   3.383494e+02
7.900000e+00   -1.631302e+01   0.000000e+00   0.000000e+00   2.315524e+02   5.014849e-04   3.333799e+02
8.000000e+00   -1.675276e+01   0.000000e+00   0.000000e+00   2.309016e+02   4.955056e-04   3.284792e+02
8.100000e+00   -1.681605e+01   0.000000e+00   0.000000e+00   2.302723e+02   4.895508e-04   3.236472e+02
8.200000e+00   -1.661558e+01   0.000000e+00   0.000000e+00   2.296660e+02   4.836195e-04   3.188841e+02
8.300000e+00   -1.625940e+01   0.000000e+00   0.000000e+00   2.290840e+02   4.777111e-04   3.141900e+02
8.400000e+00   -1.583066e+01   0.000000e+00   0.000000e+00   2.285276e+02   4.718248e-04   3.095650e+02
8.500000e+00   -1.541431e+01   0.000000e+00   0.000000e+00   2.279985e+02   4.659595e-04   3.050089e+02
8.600000e+00   -1.508236e+01   0.000000e+00   0.000000e+00   2.274990e+02   4.601117e-04   3.005213e+02
8.700000e+00   -1.473626e+01   0.000000e+00   0.000000e+00   2.270318e+02   4.542774e-04   2.961012e+02
8.800000e+00   -1.435399e+01   0.000000e+00   0.000000e+00   2.265993e+02   4.484528e-04   2.917479e+02
8.900000e+00   -1.394414e+01   0.000000e+00   0.000000e+00   2.262043e+02   4.426344e-04   2.874606e+02
9.000000e+00   -1.351533e+01   0.000000e+00   0.000000e+00   2.258493e+02   4.368188e-04   2.832386e+02
9.100000e+00   -1.310306e+01   0.000000e+00   0.000000e+00   2.255368e+02   4.310031e-04   2.790810e+02
9.200000e+00   -1.291722e+01   0.000000e+00   0.000000e+00   2.252695e+02   4.251843e-04   2.749870e+02
9.300000e+00   -1.288967e+01   0.000000e+00   0.000000e+00   2.250500e+02   4.193600e-04   2.709558e+02
9.400000e+00   -1.288298e+01   0.000000e+00   0.000000e+00   2.248809e+02   4.135278e-04   2.669867e+02
9.500000e+00   -1.275961e+01   0.000000e+00   0.000000e+00   2.247646e+02   4.076859e-04   2.630789e+02
9.600000e+00   -1.239238e+01   0.000000e+00   0.000000e+00   2.246997e+02   4.018395e-04   2.592314e+02
9.700000e+00   -1.185949e+01   0.000000e+00   0.000000e+00   2.246804e+02   3.960014e-04   2.554432e+02
9.800000e+00   -1.126397e+01   0.000000e+00   0.000000e+00   2.247004e+02   3.901844e-04   2.517133e+02
9.900000e+00   -1.068115e+01   0.000000e+00   0.000000e+00   2.247535e+02   3.844005e-04   2.480406e+02
1.000000e+01   -1.018635e+01   0.000000e+00   0.000000e+00   2.248335e+02   3.786611e-04   2.444241e+02
1.010000e+01   -9.844137e+00   0.000000e+00   0.000000e+00   2.249341e+02   3.729770e-04   2.408627e+02
1.020000e+01   -9.567636e+00   0.000000e+00   0.000000e+00   2.250491e+02   3.673581e-04   2.373555e+02
1.030000e+01   -9.319627e+00   0.000000e+00   0.000000e+00   2.251724e+02   3.618138e-04   2.339012e+02
1.040000e+01   -9.100403e+00   0.000000e+00   0.000000e+00   2.252976e+02   3.563527e-04   2.304990e+02
1.050000e+01   -8.910256e+00   0.000000e+00   0.000000e+00   2.254187e+02   3.509831e-04   2.271477e+02
1.060000e+01   -8.753015e+00   0.000000e+00   0.000000e+00   2.255296e+02   3.457119e-04   2.238464e+02
1.070000e+01   -8.675031e+00   0.000000e+00   0.000000e+00   2.256286e+02   3.405393e-04   2.205941e+02
1.080000e+01   -8.660340e+00   0.000000e+00   0.000000e+00   2.257174e+02   3.354610e-04   2.173900e+02
1.090000e+01   -8.669912e+00   0.000000e+00   0.000000e+00   2.257975e+02   3.304726e-04   2.142332e+02
1.100000e+01   -8.664715e+00   0.000000e+00   0.000000e+00   2.258703e+02   3.255698e-04   2.111231e+02
1.110000e+01   -8.586518e+00   0.000000e+00   0.000000e+00   2.259376e+02   3.207487e-04   2.080587e+02
1.120000e+01   -8.099471e+00   0.000000e+00   0.000000e+00   2.260009e+02   3.160054e-04   2.050393e+02
1.130000e+01   -7.287709e+00   0.000000e+00   0.000000e+00   2.260618e+02   3.113361e-04   2.020640e+02
1.140000e+01   -6.407013e+00   0.000000e+00   0.000000e+00   2.261218e+02   3.067372e-04   1.991321e+02
1.150000e+01   -5.713164e+00   0.000000e+00   0.000000e+00   2.261825e+02   3.022053e-04   1.962427e+02
1.160000e+01   -5.449848e+00   0.000000e+00   0.000000e+00   2.262455e+02   2.977370e-04   1.933950e+02
1.170000e+01   -5.489246e+00   0.000000e+00   0.000000e+00   2.263125e+02   2.933292e-04   1.905882e+02
1.180000e+01   -5.669607e+00   0.000000e+00   0.000000e+00   2.263852e+02   2.889785e-04   1.878218e+02
1.190000e+01   -5.931882e+00   0.000000e+00   0.000000e+00   2.264658e+02   2.846819e-04   1.850951e+02
1.200000e+01   -6.217093e+00   0.000000e+00   0.000000e+00   2.265563e+02   2.804364e-04   1.824076e+02
1.210000e+01   -6.472146e+00   0.000000e+00   0.000000e+00   2.266588e+02   2.762392e-04   1.797588e+02
1.220000e+01   -6.821588e+00   0.000000e+00   0.000000e+00   2.267753e+02   2.720875e-04   1.771482e+02
1.230000e+01   -7.261635e+00   0.000000e+00   0.000000e+00   2.269080e+02   2.679788e-04   1.745752e+02
1.240000e+01   -7.689824e+00   0.000000e+00   0.000000e+00   2.270589e+02   2.639106e-04   1.720393e+02
1.250000e+01   -8.003689e+00   0.000000e+00   0.000000e+00   2.272301e+02   2.598808e-04   1.695401e+02
1.260000e+01   -8.099397e+00   0.000000e+00   0.000000e+00   2.274236e+02   2.558871e-04   1.670768e+02
1.270000e+01   -7.877553e+00   0.000000e+00   0.000000e+00   2.276415e+02   2.519276e-04   1.646491e+02
1.280000e+01   -7.458480e+00   0.000000e+00   0.000000e+00   2.278856e+02   2.480006e-04   1.622565e+02
1.290000e+01   -7.021257e+00   0.000000e+00   0.000000e+00   2.281533e+02   2.441096e-04   1.598983e+02
1.300000e+01   -6.737660e+00   0.000000e+00   0.000000e+00   2.284383e+02   2.402614e-04   1.575743e+02
1.310000e+01   -6.775412e+00   0.000000e+00   0.000000e+00   2.287345e+02   2.364628e-04   1.552841e+02
1.320000e+01   -6.997401e+00   0.000000e+00   0.000000e+00   2.290354e+02   2.327198e-04   1.530271e+02
1.330000e+01   -7.240685e+00   0.000000e+00   0.000000e+00   2.293349e+02   2.290382e-04   1.508032e+02
1.340000e+01   -7.480412e+00   0.000000e+00   0.000000e+00   2.296267e+02   2.254230e-04   1.486117e+02
1.350000e+01   -7.691728e+00   0.000000e+00   0.000000e+00   2.299045e+02   2.218792e-04   1.464524e+02
1.360000e+01   -7.849367e+00   0.000000e+00   0.000000e+00   2.301620e+02   2.184112e-04   1.443248e+02
1.370000e+01   -7.892037e+00   0.000000e+00   0.000000e+00   2.303930e+02   2.150231e-04   1.422286e+02
1.380000e+01   -7.814544e+00   0.000000e+00   0.000000e+00   2.305911e+02   2.117186e-04   1.401632e+02
1.390000e+01   -7.653855e+00   0.000000e+00   0.000000e+00   2.307504e+02   2.085010e-04   1.381284e+02
1.400000e+01   -7.455181e+00   0.000000e+00   0.000000e+00   2.308693e+02   2.053692e-04   1.361237e+02
1.410000e+01   -7.272313e+00   0.000000e+00   0.000000e+00   2.309511e+02   2.023178e-04   1.341487e+02
1.420000e+01   -7.152117e+00   0.000000e+00   0.000000e+00   2.309995e+02   1.993416e-04   1.322030e+02
1.430000e+01   -7.076256e+00   0.000000e+00   0.000000e+00   2.310180e+02   1.964356e-04   1.302862e+02
1.440000e+01   -7.004451e+00   0.000000e+00   0.000000e+00   2.310101e+02   1.935951e-04   1.283978e+02
1.450000e+01   -6.896419e+00   0.000000e+00   0.000000e+00   2.309794e+02   1.908155e-04   1.265375e+02
1.460000e+01   -6.711944e+00   0.000000e+00   0.000000e+00   2.309295e+02   1.880925e-04   1.247048e+02
1.470000e+01   -6.476107e+00   0.000000e+00   0.000000e+00   2.308639e+02   1.854220e-04   1.228993e+02
1.480000e+01   -6.227253e+00   0.000000e+00   0.000000e+00   2.307861e+02   1.828000e-04   1.211207e+02
1.490000e+01   -5.955979e+00   0.000000e+00   0.000000e+00   2.306997e+02   1.802228e-04   1.193684e+02
1.500000e+01   -5.652863e+00   0.000000e+00   0.000000e+00   2.306083e+02   1.776868e-04   1.176421e+02
1.510000e+01   -5.307610e+00   0.000000e+00   0.000000e+00   2.305141e+02   1.751896e-04   1.159413e+02
1.520000e+01   -4.934668e+00   0.000000e+00   0.000000e+00   2.304171e+02   1.727303e-04   1.142656e+02
1.530000e+01   -4.559903e+00   0.000000e+00   0.000000e+00   2.303176e+02   1.703080e-04   1.126146e+02
1.540000e+01   -4.188922e+00   0.000000e+00   0.000000e+00   2.302155e+02   1.679221e-04   1.109877e+02
1.550000e+01   -3.827331e+00   0.000000e+00   0.000000e+00   2.301109e+02   1.655718e-04   1.093846e+02
1.560000e+01   -3.480734e+00   0.000000e+00   0.000000e+00   2.300038e+02   1.632564e-04   1.078047e+02
1.570000e+01   -2.968606e+00   0.000000e+00   0.000000e+00   2.298944e+02   1.609750e-04   1.062476e+02
1.580000e+01   -2.207468e+00   0.000000e+00   0.000000e+00   2.297826e+02   1.587270e-04   1.047129e+02
1.590000e+01   -1.393390e+00   0.000000e+00   0.000000e+00   2.296685e+02   1.565116e-04   1.032002e+02
1.600000e+01   -7.226961e-01   0.000000e+00   0.000000e+00   2.295521e+02   1.543281e-04   1.017088e+02
1.610000e+01   -3.916991e-01   0.000000e+00   0.000000e+00   2.294336e+02   1.521757e-04   1.002385e+02
1.620000e+01   -3.661916e-01   0.000000e+00   0.000000e+00   2.293134e+02   1.500534e-04   9.878879e+01
1.630000e+01   -4.167791e-01   0.000000e+00   0.000000e+00   2.291928e+02   1.479601e-04   9.735937e+01
1.640000e+01   -5.316642e-01   0.000000e+00   0.000000e+00   2.290734e+02   1.458942e-04   9.594998e+01
1.650000e+01   -7.000635e-01   0.000000e+00   0.000000e+00   2.289568e+02   1.438545e-04   9.456036e+01
1.660000e+01   -9.111937e-01   0.000000e+00   0.000000e+00   2.288444e+02   1.418397e-04   9.319023e+01
1.670000e+01   -1.627832e+00   0.000000e+00   0.000000e+00   2.287378e+02   1.398487e-04   9.183932e+01
1.680000e+01   -3.198529e+00   0.000000e+00   0.000000e+00   2.286386e+02   1.378802e-04   9.050736e+01
1.690000e+01   -5.069884e+00   0.000000e+00   0.000000e+00   2.285483e+02   1.359332e-04   8.919407e+01
1.700000e+01   -6.681732e+00   0.000000e+00   0.000000e+00   2.284684e+02   1.340067e-04   8.789918e+01
1.710000e+01   -7.473908e+00   0.000000e+00   0.000000e+00   2.284004e+02   1.320995e-04   8.662243e+01
1.720000e+01   -7.278128e+00   0.000000e+00   0.000000e+00   2.283459e+02   1.302108e-04   8.536354e+01
1.730000e+01   -6.590101e+00   0.000000e+00   0.000000e+00   2.283059e+02   1.283398e-04   8.412225e+01
1.740000e+01   -5.575877e+00   0.000000e+00   0.000000e+00   2.282795e+02   1.264872e-04   8.289838e+01
1.750000e+01   -4.396163e+00   0.000000e+00   0.000000e+00   2.282657e+02   1.246537e-04   8.169174e+01
1.760000e+01   -3.211668e+00   0.000000e+00   0.000000e+00   2.282633e+02   1.228398e-04   8.050216e+01
1.770000e+01   -1.913268e+00   0.000000e+00   0.000000e+00   2.282710e+02   1.210463e-04   7.932945e+01
1.780000e+01   -2.570592e-01   0.000000e+00   0.000000e+00   2.282877e+02   1.192736e-04   7.817344e+01
1.790000e+01   1.443798e+00   0.000000e+00   0.000000e+00   2.283124e+02   1.175223e-04   7.703395e+01
1.800000e+01   2.864590e+00   0.000000e+00   0.000000e+00   2.283437e+02   1.157930e-04   7.591080e+01
1.810000e+01   3.680601e+00   0.000000e+00   0.000000e+00   2.283806e+02   1.140860e-04   7.480380e+01
1.820000e+01   3.519963e+00   0.000000e+00   0.000000e+00   2.284218e+02   1.124017e-04   7.371279e+01
1.830000e+01   2.415905e+00   0.000000e+00   0.000000e+00   2.284662e+02   1.107406e-04   7.263758e+01
1.840000e+01   8.786882e-01   0.000000e+00   0.000000e+00   2.285128e+02   1.091030e-04   7.157798e+01
1.850000e+01   -5.699615e-01   0.000000e+00   0.000000e+00   2.285613e+02   1.074885e-04   7.053380e+01
1.860000e+01   -1.407410e+00   0.000000e+00   0.000000e+00   2.286117e+02   1.058971e-04   6.950480e+01
1.870000e+01   -1.502632e+00   0.000000e+00   0.000000e+00   2.286637e+02   1.043284e-04   6.849077e+01
1.880000e+01   -1.519492e+00   0.000000e+00   0.000000e+00   2.287174e+02   1.027821e-04   6.749150e+01
1.890000e+01   -1.508598e+00   0.000000e+00   0.000000e+00   2.287727e+02   1.012580e-04   6.650676e+01
1.900000e+01   -1.489199e+00   0.000000e+00   0.000000e+00   2.288295e+02   9.975572e-05   6.553635e+01
1.910000e+01   -1.480545e+00   0.000000e+00   0.000000e+00   2.288878e+02   9.827506e-05   6.458003e+01
1.920000e+01   -1.499521e+00   0.000000e+00   0.000000e+00   2.289473e+02   9.681571e-05   6.363760e+01
1.930000e+01   -1.541662e+00   0.000000e+00   0.000000e+00   2.290082e+02   9.537737e-05   6.270884e+01
1.940000e+01   -1.591189e+00   0.000000e+00   0.000000e+00   2.290703e+02   9.395974e-05   6.179352e+01
1.950000e+01   -1.632191e+00   0.000000e+00   0.000000e+00   2.291335e+02   9.256255e-05   6.089144e+01
1.960000e+01   -1.648431e+00   0.000000e+00   0.000000e+00   2.291975e+02   9.118564e-05   6.000241e+01
1.970000e+01   -1.399400e+00   0.000000e+00   0.000000e+00   2.292619e+02   8.982889e-05   5.912624e+01
1.980000e+01   -4.340262e-01   0.000000e+00   0.000000e+00   2.293262e+02   8.849222e-05   5.826277e+01
1.990000e+01   8.662299e-01   0.000000e+00   0.000000e+00   2.293900e+02   8.717550e-05   5.741183e+01
2.000000e+01   2.072067e+00   0.000000e+00   0.000000e+00   2.294529e+02   8.587861e-05   5.657323e+01
2.010000e+01   2.754185e+00   0.000000e+00   0.000000e+00   2.295145e+02   8.460142e-05   5.574681e+01
2.020000e+01   2.706729e+00   0.000000e+00   0.000000e+00   2.295742e+02   8.334377e-05   5.493239e+01
2.030000e+01   2.449167e+00   0.000000e+00   0.000000e+00   2.296316e+02   8.210553e-05   5.412980e+01
2.040000e+01   2.079909e+00   0.000000e+00   0.000000e+00   2.296864e+02   8.088652e-05   5.333887e+01
2.050000e+01   1.650402e+00   0.000000e+00   0.000000e+00   2.297380e+02   7.968659e-05   5.255941e+01
2.060000e+01   1.212112e+00   0.000000e+00   0.000000e+00   2.297861e+02   7.850555e-05   5.179127e+01
2.070000e+01   8.009898e-01   0.000000e+00   0.000000e+00   2.298304e+02   7.734317e-05   5.103427e+01
2.080000e+01   3.830767e-01   0.000000e+00   0.000000e+00   2.298710e+02   7.619914e-05   5.028826e+01
2.090000e+01   -5.349445e-02   0.000000e+00   0.000000e+00   2.299079e+02   7.507313e-05   4.955310e+01
2.100000e+01   -5.164133e-01   0.000000e+00   0.000000e+00   2.299413e+02   7.396481e-05   4.882863e+01
2.110000e+01   -1.013369e+00   0.000000e+00   0.000000e+00   2.299713e+02   7.287388e-05   4.811472e+01
2.120000e+01   -1.592140e+00   0.000000e+00   0.000000e+00   2.299980e+02   7.180002e-05   4.741120e+01
2.130000e+01   -2.356379e+00   0.000000e+00   0.000000e+00   2.300215e+02   7.074292e-05   4.671794e+01
2.140000e+01   -3.174561e+00   0.000000e+00   0.000000e+00   2.300418e+02   6.970228e-05   4.603479e+01
2.150000e+01   -3.893036e+00   0.000000e+00   0.000000e+00   2.300592e+02   6.867780e-05   4.536159e+01
2.160000e+01   -4.358160e+00   0.000000e+00   0.000000e+00   2.300736e+02   6.766917e-05   4.469820e+01
2.170000e+01   -4.405020e+00   0.000000e+00   0.000000e+00   2.300853e+02   6.667610e-05   4.404447e+01
2.180000e+01   -3.986463e+00   0.000000e+00   0.000000e+00   2.300943e+02   6.569829e-05   4.340025e+01
2.190000e+01   -3.321617e+00   0.000000e+00   0.000000e+00   2.301012e+02   6.473536e-05   4.276542e+01
2.200000e+01   -2.650166e+00   0.000000e+00   0.000000e+00   2.301066e+02   6.378693e-05   4.213985e+01
2.210000e+01   -2.211798e+00   0.000000e+00   0.000000e+00   2.301111e+02   6.285259e-05   4.152342e+01
2.220000e+01   -2.155956e+00   0.000000e+00   0.000000e+00   2.301155e+02   6.193198e-05   4.091600e+01
2.230000e+01   -2.154341e+00   0.000000e+00   0.000000e+00   2.301204e+02   6.102473e-05   4.031748e+01
2.240000e+01   -2.149393e+00   0.000000e+00   0.000000e+00   2.301265e+02   6.013049e-05   3.972772e+01
2.250000e+01   -2.144054e+00   0.000000e+00   0.000000e+00   2.301343e+02   5.924891e-05   3.914661e+01
2.260000e+01   -2.141270e+00   0.000000e+00   0.000000e+00   2.301447e+02   5.837966e-05   3.857402e+01
2.270000e+01   -2.167783e+00   0.000000e+00   0.000000e+00   2.301582e+02   5.752242e-05   3.800983e+01
2.280000e+01   -2.338191e+00   0.000000e+00   0.000000e+00   2.301754e+02   5.667687e-05   3.745391e+01
2.290000e+01   -2.599640e+00   0.000000e+00   0.000000e+00   2.301972e+02   5.584270e-05   3.690615e+01
2.300000e+01   -2.871085e+00   0.000000e+00   0.000000e+00   2.302238e+02   5.501968e-05   3.636642e+01
2.310000e+01   -3.069160e+00   0.000000e+00   0.000000e+00   2.302550e+02   5.420775e-05   3.583462e+01
2.320000e+01   -2.996819e+00   0.000000e+00   0.000000e+00   2.302905e+02   5.340688e-05   3.531064e+01
2.330000e+01   -2.012966e+00   0.000000e+00   0.000000e+00   2.303300e+02   5.261702e-05   3.479438e+01
2.340000e+01   -4.757533e-01   0.000000e+00   0.000000e+00   2.303731e+02   5.183813e-05   3.428573e+01
2.350000e+01   1.079297e+00   0.000000e+00   0.000000e+00   2.304196e+02   5.107014e-05   3.378460e+01
2.360000e+01   2.116662e+00   0.000000e+00   0.000000e+00   2.304690e+02   5.031300e-05   3.329086e+01
2.370000e+01   2.106105e+00   0.000000e+00   0.000000e+00   2.305210e+02   4.956665e-05   3.280443e+01
2.380000e+01   9.354023e-01   0.000000e+00   0.000000e+00   2.305754e+02   4.883102e-05   3.232519e+01
2.390000e+01   -8.678513e-01   0.000000e+00   0.000000e+00   2.306318e+02   4.810602e-05   3.185305e+01
2.400000e+01   -2.725496e+00   -0.000000e+00   -0.000000e+00   2.306898e+02   4.739159e-05   3.138789e+01
2.410000e+01   -4.059361e+00   -0.000000e+00   -0.000000e+00   2.307492e+02   4.668763e-05   3.092961e+01
2.420000e+01   -4.394159e+00   -0.000000e+00   -0.000000e+00   2.308097e+02   4.599404e-05   3.047811e+01
2.430000e+01   -4.313852e+00   -0.000000e+00   -0.000000e+00   2.308713e+02   4.531069e-05   3.003330e+01
2.440000e+01   -4.063499e+00   -0.000000e+00   -0.000000e+00   2.309340e+02   4.463743e-05   2.959508e+01
2.450000e+01   -3.692885e+00   -0.000000e+00   -0.000000e+00   2.309978e+02   4.397413e-05   2.916336e+01
2.460000e+01   -3.251792e+00   -0.000000e+00   -0.000000e+00   2.310627e+02   4.332064e-05   2.873804e+01
2.470000e+01   -2.741133e+00   -0.000000e+00   -0.000000e+00   2.311287e+02   4.267682e-05   2.831903e+01
2.480000e+01   -1.767751e+00   -0.000000e+00   -0.000000e+00   2.311958e+02   4.204254e-05   2.790624e+01
2.490000e+01   -5.036410e-01   -0.000000e+00   -0.000000e+00   2.312640e+02   4.141766e-05   2.749957e+01
2.500000e+01   7.141860e-01   -0.000000e+00   -0.000000e+00   2.313332e+02   4.080202e-05   2.709893e+01
2.510000e+01   1.548721e+00   -0.000000e+00   -0.000000e+00   2.314035e+02   4.019551e-05   2.670422e+01
2.520000e+01   1.639452e+00   -0.000000e+00   -0.000000e+00   2.314749e+02   3.959796e-05   2.631535e+01
2.530000e+01   6.200663e-01   -0.000000e+00   -0.000000e+00   2.315474e+02   3.900925e-05   2.593222e+01
2.540000e+01   -1.078994e+00   -0.000000e+00   -0.000000e+00   2.316208e+02   3.842924e-05   2.555476e+01
2.550000e+01   -2.867236e+00   -0.000000e+00   -0.000000e+00   2.316953e+02   3.785782e-05   2.518287e+01
2.560000e+01   -4.154454e+00   -0.000000e+00   -0.000000e+00   2.317705e+02   3.729491e-05   2.481647e+01
2.570000e+01   -4.418160e+00   -0.000000e+00   -0.000000e+00   2.318465e+02   3.674038e-05   2.445550e+01
2.580000e+01   -4.305052e+00   -0.000000e+00   -0.000000e+00   2.319232e+02   3.619413e-05   2.409987e+01
2.590000e+01   -4.142786e+00   -0.000000e+00   -0.000000e+00   2.320005e+02   3.565605e-05   2.374950e+01
2.600000e+01   -3.939157e+00   -0.000000e+00   -0.000000e+00   2.320782e+02   3.512604e-05   2.340432e+01
2.610000e+01   -3.701963e+00   -0.000000e+00   -0.000000e+00   2.321564e+02   3.460399e-05   2.306424e+01
2.620000e+01   -3.411648e+00   -0.000000e+00   -0.000000e+00   2.322348e+02   3.408978e-05   2.272919e+01
2.630000e+01   -2.630498e+00   -0.000000e+00   -0.000000e+00   2.323135e+02   3.358330e-05   2.239908e+01
2.640000e+01   -1.464445e+00   -0.000000e+00   -0.000000e+00   2.323923e+02   3.308445e-05   2.207384e+01
2.650000e+01   -2.563030e-01   -0.000000e+00   -0.000000e+00   2.324711e+02   3.259311e-05   2.175340e+01
2.660000e+01   6.517055e-01   -0.000000e+00   -0.000000e+00   2.325498e+02   3.210917e-05   2.143766e+01
2.670000e+01   9.157954e-01   -0.000000e+00   -0.000000e+00   2.326286e+02   3.163252e-05   2.112658e+01
2.680000e+01   2.843613e-01   -0.000000e+00   -0.000000e+00   2.327075e+02   3.116304e-05   2.082009e+01
2.690000e+01   -9.759088e-01   -0.000000e+00   -0.000000e+00   2.327865e+02   3.070064e-05   2.051812e+01
2.700000e+01   -2.487432e+00   -0.000000e+00   -0.000000e+00   2.328658e+02   3.024520e-05   2.022062e+01
2.710000e+01   -3.872626e+00   -0.000000e+00   -0.000000e+00   2.329454e+02   2.979662e-05   1.992753e+01
2.720000e+01   -4.771361e+00   -0.000000e+00   -0.000000e+00   2.330254e+02   2.935478e-05   1.963878e+01
2.730000e+01   -5.455850e+00   -0.000000e+00   -0.000000e+00   2.331058e+02   2.891959e-05   1.935431e+01
2.740000e+01   -6.102720e+00   -0.000000e+00   -0.000000e+00   2.331868e+02   2.849094e-05   1.907406e+01
2.750000e+01   -6.642194e+00   -0.000000e+00   -0.000000e+00   2.332684e+02   2.806872e-05   1.879797e+01
2.760000e+01   -7.004496e+00   -0.000000e+00   -0.000000e+00   2.333507e+02   2.765283e-05   1.852597e+01
2.770000e+01   -7.123207e+00   -0.000000e+00   -0.000000e+00   2.334338e+02   2.724316e-05   1.825802e+01
2.780000e+01   -7.100551e+00   -0.000000e+00   -0.000000e+00   2.335177e+02   2.683963e-05   1.799404e+01
2.790000e+01   -7.018853e+00   -0.000000e+00   -0.000000e+00   2.336025e+02   2.644212e-05   1.773398e+01
2.800000e+01   -6.885338e+00   -0.000000e+00   -0.000000e+00   2.336881e+02   2.605056e-05   1.747777e+01
2.810000e+01   -6.707230e+00   -0.000000e+00   -0.000000e+00   2.337746e+02   2.566487e-05   1.722538e+01
2.820000e+01   -6.483167e+00   -0.000000e+00   -0.000000e+00   2.338619e+02   2.528497e-05   1.697674e+01
2.830000e+01   -5.707217e+00   -0.000000e+00   -0.000000e+00   2.339500e+02   2.491076e-05   1.673179e+01
2.840000e+01   -4.355972e+00   -0.000000e+00   -0.000000e+00   2.340389e+02   2.454218e-05   1.649049e+01
2.850000e+01   -2.816184e+00   -0.000000e+00   -0.000000e+00   2.341285e+02   2.417914e-05   1.625277e+01
2.860000e+01   -1.474607e+00   -0.000000e+00   -0.000000e+00   2.342189e+02   2.382154e-05   1.601859e+01
2.870000e+01   -7.133832e-01   -0.000000e+00   -0.000000e+00   2.343101e+02   2.346933e-05   1.578788e+01
2.880000e+01   -3.024627e-01   -0.000000e+00   -0.000000e+00   2.344019e+02   2.312240e-05   1.556060e+01
2.890000e+01   5.652435e-02   -0.000000e+00   -0.000000e+00   2.344945e+02   2.278067e-05   1.533669e+01
2.900000e+01   3.370452e-01   -0.000000e+00   -0.000000e+00   2.345877e+02   2.244407e-05   1.511608e+01
2.910000e+01   5.125366e-01   -0.000000e+00   -0.000000e+00   2.346816e+02   2.211251e-05   1.489874e+01
2.920000e+01   5.558036e-01   -0.000000e+00   -0.000000e+00   2.347764e+02   2.178589e-05   1.468460e+01
2.930000e+01   3.870072e-01   -0.000000e+00   -0.000000e+00   2.348725e+02   2.146413e-05   1.447364e+01
2.940000e+01   3.649285e-02   -0.000000e+00   -0.000000e+00   2.349702e+02   2.114711e-05   1.426580e+01
2.950000e+01   -3.839551e-01   -0.000000e+00   -0.000000e+00   2.350698e+02   2.083474e-05   1.406104e+01
2.960000e+01   -7.625523e-01   -0.000000e+00   -0.000000e+00   2.351718e+02   2.052695e-05   1.385932e+01
2.970000e+01   -9.876275e-01   -0.000000e+00   -0.000000e+00   2.352765e+02   2.022362e-05   1.366060e+01
2.980000e+01   -1.079750e+00   -0.000000e+00   -0.000000e+00   2.353841e+02   1.992468e-05   1.346483e+01
2.990000e+01   -1.135329e+00   -0.000000e+00   -0.000000e+00   2.354952e+02   1.963003e-05   1.327197e+01
3.000000e+01   -1.176301e+00   -0.000000e+00   -0.000000e+00   2.356100e+02   1.933959e-05   1.308198e+01
3.010000e+01   -1.224602e+00   -0.000000e+00   -0.000000e+00   2.357288e+02   1.905328e-05   1.289481e+01
3.020000e+01   -1.302171e+00   -0.000000e+00   -0.000000e+00   2.358521e+02   1.877101e-05   1.271042e+01
3.030000e+01   -1.458393e+00   -0.000000e+00   -0.000000e+00   2.359803e+02   1.849270e-05   1.252877e+01
3.040000e+01   -1.712903e+00   -0.000000e+00   -0.000000e+00   2.361135e+02   1.821828e-05   1.234982e+01
3.050000e+01   -2.043686e+00   -0.000000e+00   -0.000000e+00   2.362519e+02   1.794768e-05   1.217352e+01
3.060000e+01   -2.429238e+00   -0.000000e+00   -0.000000e+00   2.363955e+02   1.768089e-05   1.199984e+01
3.070000e+01   -2.848067e+00   -0.000000e+00   -0.000000e+00   2.365439e+02   1.741786e-05   1.182875e+01
3.080000e+01   -3.477971e+00   -0.000000e+00   -0.000000e+00   2.366973e+02   1.715856e-05   1.166021e+01
3.090000e+01   -4.384986e+00   -0.000000e+00   -0.000000e+00   2.368553e+02   1.690296e-05   1.149419e+01
3.100000e+01   -5.331518e+00   -0.000000e+00   -0.000000e+00   2.370180e+02   1.665102e-05   1.133064e+01
3.110000e+01   -6.079694e+00   -0.000000e+00   -0.000000e+00   2.371851e+02   1.640270e-05   1.116954e+01
3.120000e+01   -6.391645e+00   -0.000000e+00   -0.000000e+00   2.373566e+02   1.615798e-05   1.101084e+01
3.130000e+01   -6.250091e+00   -0.000000e+00   -0.000000e+00   2.375323e+02   1.591680e-05   1.085452e+01
3.140000e+01   -5.898114e+00   -0.000000e+00   -0.000000e+00   2.377121e+02   1.567913e-05   1.070054e+01
3.150000e+01   -5.413697e+00   -0.000000e+00   -0.000000e+00   2.378959e+02   1.544494e-05   1.054886e+01
3.160000e+01   -4.873934e+00   -0.000000e+00   -0.000000e+00   2.380836e+02   1.521417e-05   1.039944e+01
3.170000e+01   -4.355911e+00   -0.000000e+00   -0.000000e+00   2.382750e+02   1.498680e-05   1.025226e+01
3.180000e+01   -3.773282e+00   -0.000000e+00   -0.000000e+00   2.384700e+02   1.476278e-05   1.010728e+01
3.190000e+01   -3.020911e+00   -0.000000e+00   -0.000000e+00   2.386684e+02   1.454207e-05   9.964456e+00
3.200000e+01   -2.266054e+00   -0.000000e+00   -0.000000e+00   2.388700e+02   1.432466e-05   9.823773e+00
3.210000e+01   -1.678133e+00   -0.000000e+00   -0.000000e+00   2.390747e+02   1.411050e-05   9.685195e+00
3.220000e+01   -1.426573e+00   -0.000000e+00   -0.000000e+00   2.392821e+02   1.389957e-05   9.548692e+00
3.230000e+01   -1.594897e+00   -0.000000e+00   -0.000000e+00   2.394922e+02   1.369182e-05   9.414235e+00
3.240000e+01   -2.022199e+00   -0.000000e+00   -0.000000e+00   2.397047e+02   1.348724e-05   9.281792e+00
3.250000e+01   -2.550455e+00   -0.000000e+00   -0.000000e+00   2.399194e+02   1.328577e-05   9.151333e+00
3.260000e+01   -3.022711e+00   -0.000000e+00   -0.000000e+00   2.401362e+02   1.308738e-05   9.022828e+00
3.270000e+01   -3.282011e+00   -0.000000e+00   -0.000000e+00   2.403548e+02   1.289204e-05   8.896247e+00
3.280000e+01   -3.121390e+00   -0.000000e+00   -0.000000e+00   2.405750e+02   1.269971e-05   8.771559e+00
3.290000e+01   -2.512474e+00   -0.000000e+00   -0.000000e+00   2.407967e+02   1.251035e-05   8.648733e+00
3.300000e+01   -1.688285e+00   -0.000000e+00   -0.000000e+00   2.410196e+02   1.232393e-05   8.527740e+00
3.310000e+01   -8.856919e-01   -0.000000e+00   -0.000000e+00   2.412436e+02   1.214040e-05   8.408549e+00
3.320000e+01   -3.425737e-01   -0.000000e+00   -0.000000e+00   2.414687e+02   1.195971e-05   8.291132e+00
3.330000e+01   -1.059051e-01   -0.000000e+00   -0.000000e+00   2.416950e+02   1.178182e-05   8.175465e+00
3.340000e+01   1.036909e-01   -0.000000e+00   -0.000000e+00   2.419230e+02   1.160667e-05   8.061525e+00
3.350000e+01   2.837883e-01   -0.000000e+00   -0.000000e+00   2.421528e+02   1.143421e-05   7.949286e+00
3.360000e+01   4.214570e-01   -0.000000e+00   -0.000000e+00   2.423847e+02   1.126440e-05   7.838725e+00
3.370000e+01   5.037670e-01   -0.000000e+00   -0.000000e+00   2.426190e+02   1.109717e-05   7.729818e+00
3.380000e+01   7.163849e-02   -0.000000e+00   -0.000000e+00   2.428559e+02   1.093248e-05   7.622540e+00
3.390000e+01   -1.545009e+00   -0.000000e+00   -0.000000e+00   2.430958e+02   1.077028e-05   7.516868e+00
3.400000e+01   -3.689001e+00   -0.000000e+00   -0.000000e+00   2.433389e+02   1.061053e-05   7.412777e+00
3.410000e+01   -5.655324e+00   -0.000000e+00   -0.000000e+00   2.435854e+02   1.045318e-05   7.310244e+00
3.420000e+01   -6.738963e+00   -0.000000e+00   -0.000000e+00   2.438357e+02   1.029817e-05   7.209245e+00
3.430000e+01   -6.568683e+00   -0.000000e+00   -0.000000e+00   2.440899e+02   1.014547e-05   7.109754e+00
3.440000e+01   -5.799346e+00   -0.000000e+00   -0.000000e+00   2.443485e+02   9.995035e-06   7.011749e+00
3.450000e+01   -4.749785e+00   -0.000000e+00   -0.000000e+00   2.446116e+02   9.846812e-06   6.915205e+00
3.460000e+01   -3.706244e+00   -0.000000e+00   -0.000000e+00   2.448794e+02   9.700765e-06   6.820098e+00
3.470000e+01   -2.954234e+00   -0.000000e+00   -0.000000e+00   2.451519e+02   9.556866e-06   6.726408e+00
3.480000e+01   -2.630756e+00   -0.000000e+00   -0.000000e+00   2.454290e+02   9.415092e-06   6.634113e+00
3.490000e+01   -2.428370e+00   -0.000000e+00   -0.000000e+00   2.457106e+02   9.275418e-06   6.543194e+00
3.500000e+01   -2.272079e+00   -0.000000e+00   -0.000000e+00   2.459966e+02   9.137819e-06   6.453629e+00
3.510000e+01   -2.109063e+00   -0.000000e+00   -0.000000e+00   2.462868e+02   9.002270e-06   6.365398e+00
3.520000e+01   -1.886500e+00   -0.000000e+00   -0.000000e+00   2.465812e+02   8.868745e-06   6.278480e+00
3.530000e+01   -1.456155e+00   -0.000000e+00   -0.000000e+00   2.468797e+02   8.737218e-06   6.192855e+00
3.540000e+01   -6.070004e-01   -0.000000e+00   -0.000000e+00   2.471821e+02   8.607664e-06   6.108501e+00
3.550000e+01   4.156326e-01   -0.000000e+00   -0.000000e+00   2.474884e+02   8.480055e-06   6.025399e+00
3.560000e+01   1.336482e+00   -0.000000e+00   -0.000000e+00   2.477984e+02   8.354365e-06   5.943527e+00
3.570000e+01   1.880287e+00   -0.000000e+00   -0.000000e+00   2.481120e+02   8.230567e-06   5.862865e+00
3.580000e+01   1.841777e+00   -0.000000e+00   -0.000000e+00   2.484291e+02   8.108634e-06   5.783392e+00
3.590000e+01   1.391375e+00   -0.000000e+00   -0.000000e+00   2.487497e+02   7.988538e-06   5.705087e+00
3.600000e+01   6.953654e-01   -0.000000e+00   -0.000000e+00   2.490736e+02   7.870251e-06   5.627930e+00
3.610000e+01   -9.385735e-02   -0.000000e+00   -0.000000e+00   2.494008e+02   7.753747e-06   5.551902e+00
3.620000e+01   -8.239410e-01   -0.000000e+00   -0.000000e+00   2.497310e+02   7.639002e-06   5.476984e+00
3.630000e+01   -1.406009e+00   -0.000000e+00   -0.000000e+00   2.500644e+02   7.525992e-06   5.403162e+00
3.640000e+01   -1.995024e+00   -0.000000e+00   -0.000000e+00   2.504008e+02   7.414695e-06   5.330419e+00
3.650000e+01   -2.572674e+00   -0.000000e+00   -0.000000e+00   2.507402e+02   7.305086e-06   5.258739e+00
3.660000e+01   -3.095336e+00   -0.000000e+00   -0.000000e+00   2.510825e+02   7.197142e-06   5.188106e+00
3.670000e+01   -3.519390e+00   -0.000000e+00   -0.000000e+00   2.514276e+02   7.090840e-06   5.118504e+00
3.680000e+01   -3.829406e+00   -0.000000e+00   -0.000000e+00   2.517756e+02   6.986156e-06   5.049917e+00
3.690000e+01   -4.119119e+00   -0.000000e+00   -0.000000e+00   2.521263e+02   6.883065e-06   4.982328e+00
3.700000e+01   -4.376660e+00   -0.000000e+00   -0.000000e+00   2.524796e+02   6.781545e-06   4.915722e+00
3.710000e+01   -4.574165e+00   -0.000000e+00   -0.000000e+00   2.528356e+02   6.681571e-06   4.850083e+00
3.720000e+01   -4.683770e+00   -0.000000e+00   -0.000000e+00   2.531941e+02   6.583119e-06   4.785394e+00
3.730000e+01   -4.618528e+00   -0.000000e+00   -0.000000e+00   2.535552e+02   6.486165e-06   4.721639e+00
3.740000e+01   -4.129928e+00   -0.000000e+00   -0.000000e+00   2.539186e+02   6.390686e-06   4.658803e+00
3.750000e+01   -3.367360e+00   -0.000000e+00   -0.000000e+00   2.542845e+02   6.296656e-06   4.596869e+00
3.760000e+01   -2.533835e+00   -0.000000e+00   -0.000000e+00   2.546526e+02   6.204052e-06   4.535822e+00
3.770000e+01   -1.832624e+00   -0.000000e+00   -0.000000e+00   2.550228e+02   6.112859e-06   4.475646e+00
3.780000e+01   -1.421277e+00   -0.000000e+00   -0.000000e+00   2.553942e+02   6.023073e-06   4.416330e+00
3.790000e+01   -1.135816e+00   -0.000000e+00   -0.000000e+00   2.557663e+02   5.934687e-06   4.357862e+00
3.800000e+01   -9.002185e-01   -0.000000e+00   -0.000000e+00   2.561384e+02   5.847696e-06   4.300231e+00
3.810000e+01   -6.743370e-01   -0.000000e+00   -0.000000e+00   2.565097e+02   5.762094e-06   4.243424e+00
3.820000e+01   -4.180229e-01   -0.000000e+00   -0.000000e+00   2.568796e+02   5.677871e-06   4.187430e+00
3.830000e+01   -8.551811e-02   -0.000000e+00   -0.000000e+00   2.572475e+02   5.595020e-06   4.132237e+00
3.840000e+01   3.618051e-01   -0.000000e+00   -0.000000e+00   2.576126e+02   5.513531e-06   4.077833e+00
3.850000e+01   8.648740e-01   -0.000000e+00   -0.000000e+00   2.579743e+02   5.433395e-06   4.024205e+00
3.860000e+01   1.351987e+00   -0.000000e+00   -0.000000e+00   2.583319e+02   5.354599e-06   3.971343e+00
3.870000e+01   1.751442e+00   -0.000000e+00   -0.000000e+00   2.586848e+02   5.277134e-06   3.919235e+00
3.880000e+01   2.011412e+00   -0.000000e+00   -0.000000e+00   2.590321e+02   5.200986e-06   3.867868e+00
3.890000e+01   2.234251e+00   -0.000000e+00   -0.000000e+00   2.593733e+02   5.126143e-06   3.817231e+00
3.900000e+01   2.427112e+00   -0.000000e+00   -0.000000e+00   2.597077e+02   5.052592e-06   3.767311e+00
3.910000e+01   2.565698e+00   -0.000000e+00   -0.000000e+00   2.600346e+02   4.980320e-06   3.718098e+00
3.920000e+01   2.625711e+00   -0.000000e+00   -0.000000e+00   2.603534e+02   4.909312e-06   3.669579e+00
3.930000e+01   2.457790e+00   -0.000000e+00   -0.000000e+00   2.606636e+02   4.839549e-06   3.621743e+00
3.940000e+01   1.112340e+00   -0.000000e+00   -0.000000e+00   2.609658e+02   4.770996e-06   3.574580e+00
3.950000e+01   -1.044924e+00   -0.000000e+00   -0.000000e+00   2.612607e+02   4.703619e-06   3.528081e+00
3.960000e+01   -3.323433e+00   -0.000000e+00   -0.000000e+00   2.615488e+02   4.637385e-06   3.482236e+00
3.970000e+01   -5.032614e+00   -0.000000e+00   -0.000000e+00   2.618308e+02   4.572260e-06   3.437035e+00
3.980000e+01   -5.599901e+00   -0.000000e+00   -0.000000e+00   2.621074e+02   4.508212e-06   3.392470e+00
3.990000e+01   -5.834024e+00   -0.000000e+00   -0.000000e+00   2.623792e+02   4.445212e-06   3.348531e+00
4.000000e+01   -6.037806e+00   -0.000000e+00   -0.000000e+00   2.626469e+02   4.383228e-06   3.305207e+00
4.010000e+01   -6.207961e+00   -0.000000e+00   -0.000000e+00   2.629111e+02   4.322231e-06   3.262490e+00
4.020000e+01   -6.341198e+00   -0.000000e+00   -0.000000e+00   2.631724e+02   4.262194e-06   3.220370e+00
4.030000e+01   -6.436431e+00   -0.000000e+00   -0.000000e+00   2.634315e+02   4.203087e-06   3.178838e+00
4.040000e+01   -6.520141e+00   -0.000000e+00   -0.000000e+00   2.636890e+02   4.144885e-06   3.137884e+00
4.050000e+01   -6.601453e+00   -0.000000e+00   -0.000000e+00   2.639456e+02   4.087561e-06   3.097498e+00
4.060000e+01   -6.680976e+00   -0.000000e+00   -0.000000e+00   2.642019e+02   4.031090e-06   3.057672e+00
4.070000e+01   -6.759321e+00   -0.000000e+00   -0.000000e+00   2.644586e+02   3.975446e-06   3.018395e+00
4.080000e+01   -6.859396e+00   -0.000000e+00   -0.000000e+00   2.647164e+02   3.920606e-06   2.979657e+00
4.090000e+01   -7.275134e+00   -0.000000e+00   -0.000000e+00   2.649757e+02   3.866546e-06   2.941451e+00
4.100000e+01   -7.938054e+00   -0.000000e+00   -0.000000e+00   2.652371e+02   3.813248e-06   2.903766e+00
4.110000e+01   -8.641845e+00   -0.000000e+00   -0.000000e+00   2.655001e+02   3.760707e-06   2.866596e+00
4.120000e+01   -9.180271e+00   -0.000000e+00   -0.000000e+00   2.657641e+02   3.708921e-06   2.829934e+00
4.130000e+01   -9.350901e+00   -0.000000e+00   -0.000000e+00   2.660288e+02   3.657886e-06   2.793773e+00
4.140000e+01   -9.103592e+00   -0.000000e+00   -0.000000e+00   2.662936e+02   3.607597e-06   2.758107e+00
4.150000e+01   -8.538829e+00   -0.000000e+00   -0.000000e+00   2.665581e+02   3.558051e-06   2.722929e+00
4.160000e+01   -7.755686e+00   -0.000000e+00   -0.000000e+00   2.668216e+02   3.509243e-06   2.688232e+00
4.170000e+01   -6.853235e+00   -0.000000e+00   -0.000000e+00   2.670838e+02   3.461167e-06   2.654010e+00
4.180000e+01   -5.899255e+00   -0.000000e+00   -0.000000e+00   2.673441e+02   3.413819e-06   2.620255e+00
4.190000e+01   -4.319821e+00   -0.000000e+00   -0.000000e+00   2.676021e+02   3.367193e-06   2.586961e+00
4.200000e+01   -2.258285e+00   -0.000000e+00   -0.000000e+00   2.678573e+02   3.321282e-06   2.554121e+00
4.210000e+01   -2.373233e-01   -0.000000e+00   -0.000000e+00   2.681091e+02   3.276081e-06   2.521730e+00
4.220000e+01   1.220386e+00   -0.000000e+00   -0.000000e+00   2.683570e+02   3.231584e-06   2.489779e+00
4.230000e+01   1.604062e+00   -0.000000e+00   -0.000000e+00   2.686006e+02   3.187783e-06   2.458262e+00
4.240000e+01   9.836501e-01   -0.000000e+00   -0.000000e+00   2.688395e+02   3.144671e-06   2.427172e+00
4.250000e+01   -2.284476e-01   -0.000000e+00   -0.000000e+00   2.690729e+02   3.102242e-06   2.396504e+00
4.260000e+01   -1.721228e+00   -0.000000e+00   -0.000000e+00   2.693006e+02   3.060488e-06   2.366249e+00
4.270000e+01   -3.183677e+00   -0.000000e+00   -0.000000e+00   2.695220e+02   3.019402e-06   2.336401e+00
4.280000e+01   -4.315878e+00   -0.000000e+00   -0.000000e+00   2.697370e+02   2.978971e-06   2.306955e+00
4.290000e+01   -5.360716e+00   -0.000000e+00   -0.000000e+00   2.699458e+02   2.939184e-06   2.277905e+00
4.300000e+01   -6.428058e+00   -0.000000e+00   -0.000000e+00   2.701486e+02   2.900025e-06   2.249245e+00
4.310000e+01   -7.364260e+00   -0.000000e+00   -0.000000e+00   2.703457e+02   2.861483e-06   2.220971e+00
4.320000e+01   -8.015675e+00   -0.000000e+00   -0.000000e+00   2.705372e+02   2.823543e-06   2.193076e+00
4.330000e+01   -8.224205e+00   -0.000000e+00   -0.000000e+00   2.707234e+02   2.786193e-06   2.165556e+00
4.340000e+01   -7.654019e+00   -0.000000e+00   -0.000000e+00   2.709046e+02   2.749421e-06   2.138405e+00
4.350000e+01   -6.478832e+00   -0.000000e+00   -0.000000e+00   2.710809e+02   2.713213e-06   2.111617e+00
4.360000e+01   -5.134233e+00   -0.000000e+00   -0.000000e+00   2.712526e+02   2.677559e-06   2.085188e+00
4.370000e+01   -4.055810e+00   -0.000000e+00   -0.000000e+00   2.714198e+02   2.642446e-06   2.059112e+00
4.380000e+01   -3.674221e+00   -0.000000e+00   -0.000000e+00   2.715828e+02   2.607862e-06   2.033384e+00
4.390000e+01   -3.745104e+00   -0.000000e+00   -0.000000e+00   2.717419e+02   2.573796e-06   2.007997e+00
4.400000e+01   -3.884163e+00   -0.000000e+00   -0.000000e+00   2.718972e+02   2.540236e-06   1.982948e+00
4.410000e+01   -4.040955e+00   -0.000000e+00   -0.000000e+00   2.720490e+02   2.507172e-06   1.958230e+00
4.420000e+01   -4.165035e+00   -0.000000e+00   -0.000000e+00   2.721975e+02   2.474592e-06   1.933838e+00
4.430000e+01   -4.203302e+00   -0.000000e+00   -0.000000e+00   2.723429e+02   2.442485e-06   1.909767e+00
4.440000e+01   -3.543731e+00   -0.000000e+00   -0.000000e+00   2.724854e+02   2.410841e-06   1.886011e+00
4.450000e+01   -2.111656e+00   -0.000000e+00   -0.000000e+00   2.726253e+02   2.379650e-06   1.862565e+00
4.460000e+01   -4.371678e-01   -0.000000e+00   -0.000000e+00   2.727626e+02   2.348901e-06   1.839424e+00
4.470000e+01   9.492685e-01   -0.000000e+00   -0.000000e+00   2.728975e+02   2.318589e-06   1.816585e+00
4.480000e+01   1.517786e+00   -0.000000e+00   -0.000000e+00   2.730297e+02   2.288707e-06   1.794041e+00
4.490000e+01   1.454144e+00   -0.000000e+00   -0.000000e+00   2.731593e+02   2.259249e-06   1.771791e+00
4.500000e+01   1.243387e+00   -0.000000e+00   -0.000000e+00   2.732862e+02   2.230209e-06   1.749829e+00
4.510000e+01   9.171350e-01   -0.000000e+00   -0.000000e+00   2.734104e+02   2.201580e-06   1.728152e+00
4.520000e+01   5.070098e-01   -0.000000e+00   -0.000000e+00   2.735317e+02   2.173357e-06   1.706755e+00
4.530000e+01   4.463173e-02   -0.000000e+00   -0.000000e+00   2.736502e+02   2.145532e-06   1.685634e+00
4.540000e+01   -8.835278e-01   -0.000000e+00   -0.000000e+00   2.737658e+02   2.118101e-06   1.664785e+00
4.550000e+01   -2.406263e+00   -0.000000e+00   -0.000000e+00   2.738785e+02   2.091056e-06   1.644205e+00
4.560000e+01   -4.064851e+00   -0.000000e+00   -0.000000e+00   2.739881e+02   2.064392e-06   1.623889e+00
4.570000e+01   -5.400568e+00   -0.000000e+00   -0.000000e+00   2.740947e+02   2.038102e-06   1.603832e+00
4.580000e+01   -5.954693e+00   -0.000000e+00   -0.000000e+00   2.741982e+02   2.012180e-06   1.584032e+00
4.590000e+01   -5.666373e+00   -0.000000e+00   -0.000000e+00   2.742985e+02   1.986621e-06   1.564483e+00
4.600000e+01   -4.988742e+00   -0.000000e+00   -0.000000e+00   2.743956e+02   1.961418e-06   1.545182e+00
4.610000e+01   -4.174888e+00   -0.000000e+00   -0.000000e+00   2.744894e+02   1.936564e-06   1.526124e+00
4.620000e+01   -3.477554e+00   -0.000000e+00   -0.000000e+00   2.745799e+02   1.912055e-06   1.507306e+00
4.630000e+01   -3.149487e+00   -0.000000e+00   -0.000000e+00   2.746670e+02   1.887883e-06   1.488723e+00
4.640000e+01   -3.390811e+00   -0.000000e+00   -0.000000e+00   2.747508e+02   1.864043e-06   1.470372e+00
4.650000e+01   -4.084689e+00   -0.000000e+00   -0.000000e+00   2.748310e+02   1.840530e-06   1.452249e+00
4.660000e+01   -4.999496e+00   -0.000000e+00   -0.000000e+00   2.749078e+02   1.817338e-06   1.434350e+00
4.670000e+01   -5.903478e+00   -0.000000e+00   -0.000000e+00   2.749811e+02   1.794464e-06   1.416675e+00
4.680000e+01   -6.564885e+00   -0.000000e+00   -0.000000e+00   2.750510e+02   1.771903e-06   1.399219e+00
4.690000e+01   -6.986763e+00   -0.000000e+00   -0.000000e+00   2.751175e+02   1.749651e-06   1.381981e+00
4.700000e+01   -7.393998e+00   -0.000000e+00   -0.000000e+00   2.751805e+02   1.727704e-06   1.364958e+00
4.710000e+01   -7.747874e+00   -0.000000e+00   -0.000000e+00   2.752400e+02   1.706057e-06   1.348147e+00
4.720000e+01   -8.007089e+00   -0.000000e+00   -0.000000e+00   2.752961e+02   1.684705e-06   1.331547e+00
4.730000e+01   -8.130344e+00   -0.000000e+00   -0.000000e+00   2.753488e+02   1.663646e-06   1.315154e+00
4.740000e+01   -7.998314e+00   -0.000000e+00   -0.000000e+00   2.753980e+02   1.642875e-06   1.298966e+00
4.750000e+01   -7.547939e+00   -0.000000e+00   -0.000000e+00   2.754439e+02   1.622387e-06   1.282980e+00
4.760000e+01   -6.918281e+00   -0.000000e+00   -0.000000e+00   2.754862e+02   1.602178e-06   1.267194e+00
4.770000e+01   -6.250789e+00   -0.000000e+00   -0.000000e+00   2.755252e+02   1.582245e-06   1.251605e+00
4.780000e+01   -5.686910e+00   -0.000000e+00   -0.000000e+00   2.755607e+02   1.562583e-06   1.236211e+00
4.790000e+01   -5.230286e+00   -0.000000e+00   -0.000000e+00   2.755928e+02   1.543188e-06   1.221010e+00
4.800000e+01   -4.734607e+00   -0.000000e+00   -0.000000e+00   2.756215e+02   1.524057e-06   1.205998e+00
4.810000e+01   -4.275050e+00   -0.000000e+00   -0.000000e+00   2.756468e+02   1.505185e-06   1.191174e+00
4.820000e+01   -3.932025e+00   -0.000000e+00   -0.000000e+00   2.756686e+02   1.486568e-06   1.176534e+00
4.830000e+01   -3.785938e+00   -0.000000e+00   -0.000000e+00   2.756871e+02   1.468202e-06   1.162076e+00
4.840000e+01   -3.820298e+00   -0.000000e+00   -0.000000e+00   2.757022e+02   1.450083e-06   1.147798e+00
4.850000e+01   -3.872063e+00   -0.000000e+00   -0.000000e+00   2.757139e+02   1.432208e-06   1.133697e+00
4.860000e+01   -3.935395e+00   -0.000000e+00   -0.000000e+00   2.757224e+02   1.414573e-06   1.119772e+00
4.870000e+01   -4.009975e+00   -0.000000e+00   -0.000000e+00   2.757277e+02   1.397173e-06   1.106020e+00
4.880000e+01   -4.095484e+00   -0.000000e+00   -0.000000e+00   2.757300e+02   1.380006e-06   1.092440e+00
4.890000e+01   -4.521688e+00   -0.000000e+00   -0.000000e+00   2.757293e+02   1.363068e-06   1.079028e+00
4.900000e+01   -5.804366e+00   -0.000000e+00   -0.000000e+00   2.757257e+02   1.346355e-06   1.065784e+00
4.910000e+01   -7.504384e+00   -0.000000e+00   -0.000000e+00   2.757193e+02   1.329863e-06   1.052704e+00
4.920000e+01   -9.147733e+00   -0.000000e+00   -0.000000e+00   2.757102e+02   1.313589e-06   1.039787e+00
4.930000e+01   -1.026040e+01   -0.000000e+00   -0.000000e+00   2.756985e+02   1.297529e-06   1.027032e+00
4.940000e+01   -1.069375e+01   -0.000000e+00   -0.000000e+00   2.756842e+02   1.281680e-06   1.014434e+00
4.950000e+01   -1.104523e+01   -0.000000e+00   -0.000000e+00   2.756676e+02   1.266039e-06   1.001994e+00
4.960000e+01   -1.133746e+01   -0.000000e+00   -0.000000e+00   2.756485e+02   1.250602e-06   9.897080e-01
4.970000e+01   -1.155547e+01   -0.000000e+00   -0.000000e+00   2.756272e+02   1.235365e-06   9.775746e-01
4.980000e+01   -1.168426e+01   -0.000000e+00   -0.000000e+00   2.756038e+02   1.220326e-06   9.655914e-01
4.990000e+01   -1.142410e+01   -0.000000e+00   -0.000000e+00   2.755782e+02   1.205481e-06   9.537566e-01
5.000000e+01   -1.019042e+01   -0.000000e+00   -0.000000e+00   2.755507e+02   1.190826e-06   9.420680e-01
5.010000e+01   -8.438870e+00   -0.000000e+00   -0.000000e+00   2.755212e+02   1.176359e-06   9.305235e-01
5.020000e+01   -6.685382e+00   -0.000000e+00   -0.000000e+00   2.754899e+02   1.162076e-06   9.191211e-01
5.030000e+01   -5.445871e+00   -0.000000e+00   -0.000000e+00   2.754569e+02   1.147974e-06   9.078586e-01
5.040000e+01   -4.968732e+00   -0.000000e+00   -0.000000e+00   2.754222e+02   1.134050e-06   8.967340e-01
5.050000e+01   -4.649730e+00   -0.000000e+00   -0.000000e+00   2.753856e+02   1.120303e-06   8.857455e-01
5.060000e+01   -4.406458e+00   -0.000000e+00   -0.000000e+00   2.753467e+02   1.106730e-06   8.748914e-01
5.070000e+01   -4.213369e+00   -0.000000e+00   -0.000000e+00   2.753053e+02   1.093332e-06   8.641698e-01
5.080000e+01   -4.044913e+00   -0.000000e+00   -0.000000e+00   2.752610e+02   1.080107e-06   8.535791e-01
5.090000e+01   -3.873824e+00   -0.000000e+00   -0.000000e+00   2.752135e+02   1.067053e-06   8.431175e-01
5.100000e+01   -3.692768e+00   -0.000000e+00   -0.000000e+00   2.751625e+02   1.054169e-06   8.327832e-01
5.110000e+01   -3.529450e+00   -0.000000e+00   -0.000000e+00   2.751077e+02   1.041454e-06   8.225746e-01
5.120000e+01   -3.413388e+00   -0.000000e+00   -0.000000e+00   2.750488e+02   1.028906e-06   8.124897e-01
5.130000e+01   -3.374094e+00   -0.000000e+00   -0.000000e+00   2.749854e+02   1.016524e-06   8.025270e-01
5.140000e+01   -3.472408e+00   -0.000000e+00   -0.000000e+00   2.749173e+02   1.004306e-06   7.926846e-01
5.150000e+01   -3.814169e+00   -0.000000e+00   -0.000000e+00   2.748441e+02   9.922501e-07   7.829608e-01
5.160000e+01   -4.323163e+00   -0.000000e+00   -0.000000e+00   2.747656e+02   9.803553e-07   7.733538e-01
5.170000e+01   -4.905980e+00   -0.000000e+00   -0.000000e+00   2.746814e+02   9.686196e-07   7.638618e-01
5.180000e+01   -5.469208e+00   -0.000000e+00   -0.000000e+00   2.745911e+02   9.570414e-07   7.544833e-01
5.190000e+01   -5.971071e+00   -0.000000e+00   -0.000000e+00   2.744946e+02   9.456190e-07   7.452162e-01
5.200000e+01   -6.555766e+00   -0.000000e+00   -0.000000e+00   2.743914e+02   9.343504e-07   7.360591e-01
5.210000e+01   -7.154952e+00   -0.000000e+00   -0.000000e+00   2.742813e+02   9.232340e-07   7.270099e-01
5.220000e+01   -7.669923e+00   -0.000000e+00   -0.000000e+00   2.741639e+02   9.122678e-07   7.180672e-01
5.230000e+01   -8.001975e+00   -0.000000e+00   -0.000000e+00   2.740390e+02   9.014501e-07   7.092289e-01
5.240000e+01   -7.925110e+00   -0.000000e+00   -0.000000e+00   2.739062e+02   8.907788e-07   7.004936e-01
5.250000e+01   -6.892829e+00   -0.000000e+00   -0.000000e+00   2.737655e+02   8.802516e-07   6.918596e-01
5.260000e+01   -5.256147e+00   -0.000000e+00   -0.000000e+00   2.736171e+02   8.698660e-07   6.833259e-01
5.270000e+01   -3.484145e+00   -0.000000e+00   -0.000000e+00   2.734610e+02   8.596193e-07   6.748914e-01
5.280000e+01   -2.045905e+00   -0.000000e+00   -0.000000e+00   2.732973e+02   8.495091e-07   6.665547e-01
5.290000e+01   -1.280797e+00   -0.000000e+00   -0.000000e+00   2.731264e+02   8.395328e-07   6.583148e-01
5.300000e+01   -7.077444e-01   -0.000000e+00   -0.000000e+00   2.729481e+02   8.296879e-07   6.501705e-01
5.310000e+01   -2.268469e-01   -0.000000e+00   -0.000000e+00   2.727628e+02   8.199722e-07   6.421206e-01
5.320000e+01   1.511832e-01   -0.000000e+00   -0.000000e+00   2.725705e+02   8.103831e-07   6.341640e-01
5.330000e+01   4.156337e-01   -0.000000e+00   -0.000000e+00   2.723714e+02   8.009182e-07   6.262994e-01
5.340000e+01   5.689052e-01   -0.000000e+00   -0.000000e+00   2.721655e+02   7.915754e-07   6.185258e-01
5.350000e+01   6.887326e-01   -0.000000e+00   -0.000000e+00   2.719531e+02   7.823523e-07   6.108419e-01
5.360000e+01   7.769161e-01   -0.000000e+00   -0.000000e+00   2.717343e+02   7.732466e-07   6.032465e-01
5.370000e+01   8.178990e-01   -0.000000e+00   -0.000000e+00   2.715092e+02   7.642560e-07   5.957386e-01
5.380000e+01   7.961247e-01   -0.000000e+00   -0.000000e+00   2.712779e+02   7.553784e-07   5.883169e-01
5.390000e+01   5.356348e-01   -0.000000e+00   -0.000000e+00   2.710406e+02   7.466116e-07   5.809803e-01
5.400000e+01   -1.039698e+00   -0.000000e+00   -0.000000e+00   2.707974e+02   7.379534e-07   5.737276e-01
5.410000e+01   -3.630531e+00   -0.000000e+00   -0.000000e+00   2.705484e+02   7.294017e-07   5.665576e-01
5.420000e+01   -6.629910e+00   -0.000000e+00   -0.000000e+00   2.702938e+02   7.209543e-07   5.594692e-01
5.430000e+01   -9.430879e+00   -0.000000e+00   -0.000000e+00   2.700338e+02   7.126091e-07   5.524612e-01
5.440000e+01   -1.155445e+01   -0.000000e+00   -0.000000e+00   2.697683e+02   7.043642e-07   5.455324e-01
5.450000e+01   -1.367984e+01   -0.000000e+00   -0.000000e+00   2.694978e+02   6.962172e-07   5.386818e-01
5.460000e+01   -1.578290e+01   -0.000000e+00   -0.000000e+00   2.692227e+02   6.881658e-07   5.319087e-01
5.470000e+01   -1.757031e+01   -0.000000e+00   -0.000000e+00   2.689436e+02   6.802075e-07   5.252124e-01
5.480000e+01   -1.874881e+01   -0.000000e+00   -0.000000e+00   2.686612e+02   6.723398e-07   5.185923e-01
5.490000e+01   -1.903743e+01   -0.000000e+00   -0.000000e+00   2.683760e+02   6.645605e-07   5.120479e-01
5.500000e+01   -1.849110e+01   -0.000000e+00   -0.000000e+00   2.680886e+02   6.568673e-07   5.055783e-01
5.510000e+01   -1.749452e+01   -0.000000e+00   -0.000000e+00   2.677998e+02   6.492580e-07   4.991831e-01
5.520000e+01   -1.644154e+01   -0.000000e+00   -0.000000e+00   2.675099e+02   6.417305e-07   4.928615e-01
5.530000e+01   -1.572598e+01   -0.000000e+00   -0.000000e+00   2.672197e+02   6.342827e-07   4.866130e-01
5.540000e+01   -1.571002e+01   -0.000000e+00   -0.000000e+00   2.669298e+02   6.269125e-07   4.804369e-01
5.550000e+01   -1.620159e+01   -0.000000e+00   -0.000000e+00   2.666407e+02   6.196181e-07   4.743326e-01
5.560000e+01   -1.692376e+01   -0.000000e+00   -0.000000e+00   2.663531e+02   6.123976e-07   4.682994e-01
5.570000e+01   -1.768280e+01   -0.000000e+00   -0.000000e+00   2.660676e+02   6.052490e-07   4.623367e-01
5.580000e+01   -1.828499e+01   -0.000000e+00   -0.000000e+00   2.657847e+02   5.981706e-07   4.564439e-01
5.590000e+01   -1.854083e+01   -0.000000e+00   -0.000000e+00   2.655051e+02   5.911607e-07   4.506204e-01
5.600000e+01   -1.841353e+01   -0.000000e+00   -0.000000e+00   2.652294e+02   5.842176e-07   4.448654e-01
5.610000e+01   -1.802571e+01   -0.000000e+00   -0.000000e+00   2.649582e+02   5.773396e-07   4.391784e-01
5.620000e+01   -1.750296e+01   -0.000000e+00   -0.000000e+00   2.646920e+02   5.705252e-07   4.335588e-01
5.630000e+01   -1.697088e+01   -0.000000e+00   -0.000000e+00   2.644315e+02   5.637728e-07   4.280058e-01
5.640000e+01   -1.655122e+01   -0.000000e+00   -0.000000e+00   2.641773e+02   5.570809e-07   4.225189e-01
5.650000e+01   -1.624168e+01   -0.000000e+00   -0.000000e+00   2.639299e+02   5.504484e-07   4.170975e-01
5.660000e+01   -1.595878e+01   -0.000000e+00   -0.000000e+00   2.636886e+02   5.438763e-07   4.117408e-01
5.670000e+01   -1.563041e+01   -0.000000e+00   -0.000000e+00   2.634519e+02   5.373676e-07   4.064481e-01
5.680000e+01   -1.518446e+01   -0.000000e+00   -0.000000e+00   2.632180e+02   5.309250e-07   4.012186e-01
5.690000e+01   -1.452093e+01   -0.000000e+00   -0.000000e+00   2.629854e+02   5.245513e-07   3.960518e-01
5.700000e+01   -1.302213e+01   -0.000000e+00   -0.000000e+00   2.627524e+02   5.182490e-07   3.909467e-01
5.710000e+01   -1.084768e+01   -0.000000e+00   -0.000000e+00   2.625175e+02   5.120203e-07   3.859027e-01
5.720000e+01   -8.516040e+00   -0.000000e+00   -0.000000e+00   2.622790e+02   5.058675e-07   3.809191e-01
5.730000e+01   -6.545694e+00   -0.000000e+00   -0.000000e+00   2.620353e+02   4.997927e-07   3.759951e-01
5.740000e+01   -5.428989e+00   -0.000000e+00   -0.000000e+00   2.617849e+02   4.937977e-07   3.711299e-01
5.750000e+01   -4.713211e+00   -0.000000e+00   -0.000000e+00   2.615260e+02   4.878845e-07   3.663230e-01
5.760000e+01   -4.092688e+00   -0.000000e+00   -0.000000e+00   2.612570e+02   4.820546e-07   3.615734e-01
5.770000e+01   -3.631221e+00   -0.000000e+00   -0.000000e+00   2.609764e+02   4.763096e-07   3.568806e-01
5.780000e+01   -3.392613e+00   -0.000000e+00   -0.000000e+00   2.606825e+02   4.706510e-07   3.522437e-01
5.790000e+01   -3.446151e+00   -0.000000e+00   -0.000000e+00   2.603737e+02   4.650801e-07   3.476621e-01
5.800000e+01   -4.035469e+00   -0.000000e+00   -0.000000e+00   2.600484e+02   4.595982e-07   3.431349e-01
5.810000e+01   -5.078549e+00   -0.000000e+00   -0.000000e+00   2.597050e+02   4.542063e-07   3.386615e-01
5.820000e+01   -6.319138e+00   -0.000000e+00   -0.000000e+00   2.593419e+02   4.489056e-07   3.342412e-01
5.830000e+01   -7.500983e+00   -0.000000e+00   -0.000000e+00   2.589573e+02   4.436969e-07   3.298732e-01
5.840000e+01   -8.371693e+00   -0.000000e+00   -0.000000e+00   2.585498e+02   4.385812e-07   3.255567e-01
5.850000e+01   -9.005169e+00   -0.000000e+00   -0.000000e+00   2.581178e+02   4.335592e-07   3.212911e-01
5.860000e+01   -9.564351e+00   -0.000000e+00   -0.000000e+00   2.576603e+02   4.286304e-07   3.170756e-01
5.870000e+01   -1.008554e+01   -0.000000e+00   -0.000000e+00   2.571792e+02   4.237901e-07   3.129098e-01
5.880000e+01   -1.060503e+01   -0.000000e+00   -0.000000e+00   2.566767e+02   4.190333e-07   3.087929e-01
5.890000e+01   -1.115889e+01   -0.000000e+00   -0.000000e+00   2.561547e+02   4.143551e-07   3.047245e-01
5.900000e+01   -1.174766e+01   -0.000000e+00   -0.000000e+00   2.556155e+02   4.097506e-07   3.007040e-01
5.910000e+01   -1.234917e+01   -0.000000e+00   -0.000000e+00   2.550613e+02   4.052153e-07   2.967309e-01
5.920000e+01   -1.295301e+01   -0.000000e+00   -0.000000e+00   2.544940e+02   4.007447e-07   2.928045e-01
5.930000e+01   -1.354878e+01   -0.000000e+00   -0.000000e+00   2.539160e+02   3.963345e-07   2.889244e-01
5.940000e+01   -1.412599e+01   -0.000000e+00   -0.000000e+00   2.533292e+02   3.919804e-07   2.850900e-01
5.950000e+01   -1.466177e+01   -0.000000e+00   -0.000000e+00   2.527359e+02   3.876783e-07   2.813007e-01
5.960000e+01   -1.516701e+01   -0.000000e+00   -0.000000e+00   2.521382e+02   3.834242e-07   2.775560e-01
5.970000e+01   -1.567510e+01   -0.000000e+00   -0.000000e+00   2.515382e+02   3.792143e-07   2.738552e-01
5.980000e+01   -1.621940e+01   -0.000000e+00   -0.000000e+00   2.509381e+02   3.750448e-07   2.701980e-01
5.990000e+01   -1.683324e+01   -0.000000e+00   -0.000000e+00   2.503399e+02   3.709121e-07   2.665836e-01
6.000000e+01   -1.752216e+01   -0.000000e+00   -0.000000e+00   2.497459e+02   3.668126e-07   2.630116e-01
6.010000e+01   -1.828493e+01   -0.000000e+00   -0.000000e+00   2.491581e+02   3.627428e-07   2.594814e-01
6.020000e+01   -1.914012e+01   -0.000000e+00   -0.000000e+00   2.485787e+02   3.586994e-07   2.559924e-01
6.030000e+01   -2.010631e+01   -0.000000e+00   -0.000000e+00   2.480099e+02   3.546792e-07   2.525440e-01
6.040000e+01   -2.120209e+01   -0.000000e+00   -0.000000e+00   2.474537e+02   3.506790e-07   2.491358e-01
6.050000e+01   -2.287008e+01   -0.000000e+00   -0.000000e+00   2.469124e+02   3.466958e-07   2.457672e-01
6.060000e+01   -2.518095e+01   -0.000000e+00   -0.000000e+00   2.463877e+02   3.427271e-07   2.424375e-01
6.070000e+01   -2.759499e+01   -0.000000e+00   -0.000000e+00   2.458797e+02   3.387732e-07   2.391465e-01
6.080000e+01   -2.957236e+01   -0.000000e+00   -0.000000e+00   2.453870e+02   3.348364e-07   2.358938e-01
6.090000e+01   -3.057321e+01   -0.000000e+00   -0.000000e+00   2.449086e+02   3.309184e-07   2.326791e-01
6.100000e+01   -3.083911e+01   -0.000000e+00   -0.000000e+00   2.444433e+02   3.270213e-07   2.295020e-01
6.110000e+01   -3.106646e+01   -0.000000e+00   -0.000000e+00   2.439899e+02   3.231468e-07   2.263622e-01
6.120000e+01   -3.125318e+01   -0.000000e+00   -0.000000e+00   2.435472e+02   3.192968e-07   2.232595e-01
6.130000e+01   -3.139636e+01   -0.000000e+00   -0.000000e+00   2.431140e+02   3.154729e-07   2.201935e-01
6.140000e+01   -3.149311e+01   -0.000000e+00   -0.000000e+00   2.426893e+02   3.116767e-07   2.171638e-01
6.150000e+01   -3.082987e+01   -0.000000e+00   -0.000000e+00   2.422718e+02   3.079099e-07   2.141702e-01
6.160000e+01   -2.888677e+01   -0.000000e+00   -0.000000e+00   2.418604e+02   3.041740e-07   2.112122e-01
6.170000e+01   -2.629942e+01   -0.000000e+00   -0.000000e+00   2.414538e+02   3.004702e-07   2.082897e-01
6.180000e+01   -2.370752e+01   -0.000000e+00   -0.000000e+00   2.410509e+02   2.968001e-07   2.054023e-01
6.190000e+01   -2.175080e+01   -0.000000e+00   -0.000000e+00   2.406506e+02   2.931650e-07   2.025496e-01
6.200000e+01   -2.041406e+01   -0.000000e+00   -0.000000e+00   2.402517e+02   2.895659e-07   1.997313e-01
6.210000e+01   -1.908916e+01   -0.000000e+00   -0.000000e+00   2.398529e+02   2.860042e-07   1.969472e-01
6.220000e+01   -1.792023e+01   -0.000000e+00   -0.000000e+00   2.394532e+02   2.824810e-07   1.941968e-01
6.230000e+01   -1.705866e+01   -0.000000e+00   -0.000000e+00   2.390513e+02   2.789972e-07   1.914799e-01
6.240000e+01   -1.665583e+01   -0.000000e+00   -0.000000e+00   2.386461e+02   2.755539e-07   1.887962e-01
6.250000e+01   -1.689921e+01   -0.000000e+00   -0.000000e+00   2.382364e+02   2.721519e-07   1.861452e-01
6.260000e+01   -1.771978e+01   -0.000000e+00   -0.000000e+00   2.378212e+02   2.687922e-07   1.835268e-01
6.270000e+01   -1.879100e+01   -0.000000e+00   -0.000000e+00   2.374000e+02   2.654744e-07   1.809405e-01
6.280000e+01   -1.978465e+01   -0.000000e+00   -0.000000e+00   2.369729e+02   2.621981e-07   1.783859e-01
6.290000e+01   -2.037249e+01   -0.000000e+00   -0.000000e+00   2.365399e+02   2.589625e-07   1.758627e-01
6.300000e+01   -2.051355e+01   -0.000000e+00   -0.000000e+00   2.361012e+02   2.557670e-07   1.733705e-01
6.310000e+01   -2.059359e+01   -0.000000e+00   -0.000000e+00   2.356568e+02   2.526110e-07   1.709089e-01
6.320000e+01   -2.062548e+01   -0.000000e+00   -0.000000e+00   2.352066e+02   2.494939e-07   1.684775e-01
6.330000e+01   -2.061212e+01   -0.000000e+00   -0.000000e+00   2.347509e+02   2.464149e-07   1.660759e-01
6.340000e+01   -2.055641e+01   -0.000000e+00   -0.000000e+00   2.342896e+02   2.433736e-07   1.637038e-01
6.350000e+01   -2.047105e+01   -0.000000e+00   -0.000000e+00   2.338227e+02   2.403693e-07   1.613608e-01
6.360000e+01   -2.037679e+01   -0.000000e+00   -0.000000e+00   2.333504e+02   2.374014e-07   1.590465e-01
6.370000e+01   -2.027285e+01   -0.000000e+00   -0.000000e+00   2.328726e+02   2.344692e-07   1.567605e-01
6.380000e+01   -2.015778e+01   -0.000000e+00   -0.000000e+00   2.323895e+02   2.315722e-07   1.545024e-01
6.390000e+01   -2.003016e+01   -0.000000e+00   -0.000000e+00   2.319011e+02   2.287097e-07   1.522719e-01
6.400000e+01   -1.965994e+01   -0.000000e+00   -0.000000e+00   2.314074e+02   2.258812e-07   1.500686e-01
6.410000e+01   -1.870209e+01   -0.000000e+00   -0.000000e+00   2.309085e+02   2.230861e-07   1.478920e-01
6.420000e+01   -1.748541e+01   -0.000000e+00   -0.000000e+00   2.304044e+02   2.203236e-07   1.457419e-01
6.430000e+01   -1.636307e+01   -0.000000e+00   -0.000000e+00   2.298953e+02   2.175934e-07   1.436177e-01
6.440000e+01   -1.568824e+01   -0.000000e+00   -0.000000e+00   2.293810e+02   2.148947e-07   1.415192e-01
6.450000e+01   -1.581274e+01   -0.000000e+00   -0.000000e+00   2.288618e+02   2.122269e-07   1.394460e-01
6.460000e+01   -1.669663e+01   -0.000000e+00   -0.000000e+00   2.283376e+02   2.095896e-07   1.373977e-01
6.470000e+01   -1.792346e+01   -0.000000e+00   -0.000000e+00   2.278082e+02   2.069826e-07   1.353741e-01
6.480000e+01   -1.906755e+01   -0.000000e+00   -0.000000e+00   2.272733e+02   2.044058e-07   1.333749e-01
6.490000e+01   -1.970321e+01   -0.000000e+00   -0.000000e+00   2.267328e+02   2.018590e-07   1.313999e-01
6.500000e+01   -1.944574e+01   -0.000000e+00   -0.000000e+00   2.261864e+02   1.993422e-07   1.294488e-01
6.510000e+01   -1.835469e+01   -0.000000e+00   -0.000000e+00   2.256340e+02   1.968551e-07   1.275215e-01
6.520000e+01   -1.676128e+01   -0.000000e+00   -0.000000e+00   2.250752e+02   1.943976e-07   1.256177e-01
6.530000e+01   -1.500056e+01   -0.000000e+00   -0.000000e+00   2.245098e+02   1.919697e-07   1.237372e-01
6.540000e+01   -1.340762e+01   -0.000000e+00   -0.000000e+00   2.239377e+02   1.895710e-07   1.218798e-01
6.550000e+01   -1.211322e+01   -0.000000e+00   -0.000000e+00   2.233586e+02   1.872016e-07   1.200451e-01
6.560000e+01   -1.072066e+01   -0.000000e+00   -0.000000e+00   2.227722e+02   1.848611e-07   1.182330e-01
6.570000e+01   -9.370375e+00   -0.000000e+00   -0.000000e+00   2.221784e+02   1.825494e-07   1.164433e-01
6.580000e+01   -8.251135e+00   -0.000000e+00   -0.000000e+00   2.215769e+02   1.802664e-07   1.146758e-01
6.590000e+01   -7.551729e+00   -0.000000e+00   -0.000000e+00   2.209675e+02   1.780119e-07   1.129301e-01
6.600000e+01   -7.324033e+00   -0.000000e+00   -0.000000e+00   2.203499e+02   1.757856e-07   1.112061e-01
6.610000e+01   -7.175149e+00   -0.000000e+00   -0.000000e+00   2.197240e+02   1.735873e-07   1.095035e-01
6.620000e+01   -7.068025e+00   -0.000000e+00   -0.000000e+00   2.190895e+02   1.714170e-07   1.078221e-01
6.630000e+01   -7.007374e+00   -0.000000e+00   -0.000000e+00   2.184462e+02   1.692742e-07   1.061617e-01
6.640000e+01   -6.997907e+00   -0.000000e+00   -0.000000e+00   2.177939e+02   1.671590e-07   1.045220e-01
6.650000e+01   -7.160023e+00   -0.000000e+00   -0.000000e+00   2.171326e+02   1.650708e-07   1.029029e-01
6.660000e+01   -7.888413e+00   -0.000000e+00   -0.000000e+00   2.164636e+02   1.630083e-07   1.013041e-01
6.670000e+01   -9.044142e+00   -0.000000e+00   -0.000000e+00   2.157886e+02   1.609700e-07   9.972541e-02
6.680000e+01   -1.043154e+01   -0.000000e+00   -0.000000e+00   2.151092e+02   1.589546e-07   9.816676e-02
6.690000e+01   -1.185492e+01   -0.000000e+00   -0.000000e+00   2.144269e+02   1.569607e-07   9.662792e-02
6.700000e+01   -1.319684e+01   -0.000000e+00   -0.000000e+00   2.137434e+02   1.549870e-07   9.510872e-02
6.710000e+01   -1.468188e+01   -0.000000e+00   -0.000000e+00   2.130603e+02   1.530322e-07   9.360899e-02
6.720000e+01   -1.629514e+01   -0.000000e+00   -0.000000e+00   2.123792e+02   1.510950e-07   9.212856e-02
6.730000e+01   -1.798035e+01   -0.000000e+00   -0.000000e+00   2.117017e+02   1.491742e-07   9.066724e-02
6.740000e+01   -1.968124e+01   -0.000000e+00   -0.000000e+00   2.110294e+02   1.472688e-07   8.922487e-02
6.750000e+01   -2.139364e+01   -0.000000e+00   -0.000000e+00   2.103639e+02   1.453775e-07   8.780127e-02
6.760000e+01   -2.328975e+01   -0.000000e+00   -0.000000e+00   2.097069e+02   1.434994e-07   8.639627e-02
6.770000e+01   -2.524053e+01   -0.000000e+00   -0.000000e+00   2.090598e+02   1.416333e-07   8.500970e-02
6.780000e+01   -2.707278e+01   -0.000000e+00   -0.000000e+00   2.084245e+02   1.397784e-07   8.364137e-02
6.790000e+01   -2.861332e+01   -0.000000e+00   -0.000000e+00   2.078024e+02   1.379336e-07   8.229112e-02
6.800000e+01   -2.976623e+01   -0.000000e+00   -0.000000e+00   2.071951e+02   1.360981e-07   8.095877e-02
6.810000e+01   -3.085168e+01   -0.000000e+00   -0.000000e+00   2.066044e+02   1.342709e-07   7.964415e-02
6.820000e+01   -3.184974e+01   -0.000000e+00   -0.000000e+00   2.060317e+02   1.324514e-07   7.834709e-02
6.830000e+01   -3.266651e+01   -0.000000e+00   -0.000000e+00   2.054786e+02   1.306387e-07   7.706740e-02
6.840000e+01   -3.320814e+01   -0.000000e+00   -0.000000e+00   2.049449e+02   1.288332e-07   7.580493e-02
6.850000e+01   -3.338389e+01   -0.000000e+00   -0.000000e+00   2.044285e+02   1.270367e-07   7.455949e-02
6.860000e+01   -3.318580e+01   -0.000000e+00   -0.000000e+00   2.039271e+02   1.252506e-07   7.333093e-02
6.870000e+01   -3.269646e+01   -0.000000e+00   -0.000000e+00   2.034386e+02   1.234765e-07   7.211907e-02
6.880000e+01   -3.200307e+01   -0.000000e+00   -0.000000e+00   2.029607e+02   1.217159e-07   7.092374e-02
6.890000e+01   -3.119281e+01   -0.000000e+00   -0.000000e+00   2.024912e+02   1.199702e-07   6.974478e-02
6.900000e+01   -3.024770e+01   -0.000000e+00   -0.000000e+00   2.020278e+02   1.182406e-07   6.858202e-02
6.910000e+01   -2.854888e+01   -0.000000e+00   -0.000000e+00   2.015684e+02   1.165285e-07   6.743528e-02
6.920000e+01   -2.636075e+01   -0.000000e+00   -0.000000e+00   2.011108e+02   1.148351e-07   6.630441e-02
6.930000e+01   -2.414774e+01   -0.000000e+00   -0.000000e+00   2.006527e+02   1.131614e-07   6.518923e-02
6.940000e+01   -2.237429e+01   -0.000000e+00   -0.000000e+00   2.001919e+02   1.115086e-07   6.408958e-02
6.950000e+01   -2.142994e+01   -0.000000e+00   -0.000000e+00   1.997262e+02   1.098777e-07   6.300528e-02
6.960000e+01   -2.089996e+01   -0.000000e+00   -0.000000e+00   1.992534e+02   1.082695e-07   6.193617e-02
6.970000e+01   -2.054419e+01   -0.000000e+00   -0.000000e+00   1.987713e+02   1.066850e-07   6.088207e-02
6.980000e+01   -2.025682e+01   -0.000000e+00   -0.000000e+00   1.982776e+02   1.051250e-07   5.984283e-02
6.990000e+01   -1.993202e+01   -0.000000e+00   -0.000000e+00   1.977701e+02   1.035903e-07   5.881827e-02
7.000000e+01   -1.946103e+01   -0.000000e+00   -0.000000e+00   1.972467e+02   1.020816e-07   5.780822e-02
7.010000e+01   -1.878273e+01   -0.000000e+00   -0.000000e+00   1.967050e+02   1.005996e-07   5.681251e-02
7.020000e+01   -1.801179e+01   -0.000000e+00   -0.000000e+00   1.961436e+02   9.914453e-08   5.583099e-02
7.030000e+01   -1.728631e+01   -0.000000e+00   -0.000000e+00   1.955636e+02   9.771540e-08   5.486349e-02
7.040000e+01   -1.674387e+01   -0.000000e+00   -0.000000e+00   1.949670e+02   9.631080e-08   5.390989e-02
7.050000e+01   -1.649816e+01   -0.000000e+00   -0.000000e+00   1.943556e+02   9.492940e-08   5.297003e-02
7.060000e+01   -1.634754e+01   -0.000000e+00   -0.000000e+00   1.937315e+02   9.356991e-08   5.204377e-02
7.070000e+01   -1.624535e+01   -0.000000e+00   -0.000000e+00   1.930965e+02   9.223109e-08   5.113098e-02
7.080000e+01   -1.623354e+01   -0.000000e+00   -0.000000e+00   1.924526e+02   9.091175e-08   5.023149e-02
7.090000e+01   -1.635406e+01   -0.000000e+00   -0.000000e+00   1.918016e+02   8.961075e-08   4.934518e-02
7.100000e+01   -1.668160e+01   -0.000000e+00   -0.000000e+00   1.911456e+02   8.832697e-08   4.847189e-02
7.110000e+01   -1.765225e+01   -0.000000e+00   -0.000000e+00   1.904864e+02   8.705934e-08   4.761149e-02
7.120000e+01   -1.908627e+01   -0.000000e+00   -0.000000e+00   1.898261e+02   8.580683e-08   4.676383e-02
7.130000e+01   -2.059000e+01   -0.000000e+00   -0.000000e+00   1.891664e+02   8.456846e-08   4.592877e-02
7.140000e+01   -2.176979e+01   -0.000000e+00   -0.000000e+00   1.885094e+02   8.334326e-08   4.510616e-02
7.150000e+01   -2.226755e+01   -0.000000e+00   -0.000000e+00   1.878569e+02   8.213032e-08   4.429586e-02
7.160000e+01   -2.249202e+01   -0.000000e+00   -0.000000e+00   1.872110e+02   8.092875e-08   4.349773e-02
7.170000e+01   -2.268181e+01   -0.000000e+00   -0.000000e+00   1.865735e+02   7.973771e-08   4.271162e-02
7.180000e+01   -2.284237e+01   -0.000000e+00   -0.000000e+00   1.859463e+02   7.855638e-08   4.193739e-02
7.190000e+01   -2.297915e+01   -0.000000e+00   -0.000000e+00   1.853314e+02   7.738398e-08   4.117490e-02
7.200000e+01   -2.310658e+01   -0.000000e+00   -0.000000e+00   1.847308e+02   7.621978e-08   4.042400e-02
7.210000e+01   -2.341555e+01   -0.000000e+00   -0.000000e+00   1.841461e+02   7.506311e-08   3.968455e-02
7.220000e+01   -2.387264e+01   -0.000000e+00   -0.000000e+00   1.835775e+02   7.391406e-08   3.895641e-02
7.230000e+01   -2.433331e+01   -0.000000e+00   -0.000000e+00   1.830239e+02   7.277324e-08   3.823947e-02
7.240000e+01   -2.465303e+01   -0.000000e+00   -0.000000e+00   1.824839e+02   7.164125e-08   3.753359e-02
7.250000e+01   -2.467087e+01   -0.000000e+00   -0.000000e+00   1.819564e+02   7.051864e-08   3.683864e-02
7.260000e+01   -2.385223e+01   -0.000000e+00   -0.000000e+00   1.814401e+02   6.940595e-08   3.615451e-02
7.270000e+01   -2.235262e+01   -0.000000e+00   -0.000000e+00   1.809339e+02   6.830368e-08   3.548105e-02
7.280000e+01   -2.065710e+01   -0.000000e+00   -0.000000e+00   1.804366e+02   6.721232e-08   3.481816e-02
7.290000e+01   -1.925074e+01   -0.000000e+00   -0.000000e+00   1.799468e+02   6.613232e-08   3.416569e-02
7.300000e+01   -1.860854e+01   -0.000000e+00   -0.000000e+00   1.794634e+02   6.506410e-08   3.352352e-02
7.310000e+01   -1.859365e+01   -0.000000e+00   -0.000000e+00   1.789852e+02   6.400806e-08   3.289154e-02
7.320000e+01   -1.882091e+01   -0.000000e+00   -0.000000e+00   1.785110e+02   6.296457e-08   3.226960e-02
7.330000e+01   -1.907595e+01   -0.000000e+00   -0.000000e+00   1.780395e+02   6.193398e-08   3.165758e-02
7.340000e+01   -1.914443e+01   -0.000000e+00   -0.000000e+00   1.775696e+02   6.091661e-08   3.105536e-02
7.350000e+01   -1.881089e+01   -0.000000e+00   -0.000000e+00   1.770999e+02   5.991275e-08   3.046281e-02
7.360000e+01   -1.788796e+01   -0.000000e+00   -0.000000e+00   1.766294e+02   5.892266e-08   2.987980e-02
7.370000e+01   -1.653859e+01   -0.000000e+00   -0.000000e+00   1.761568e+02   5.794660e-08   2.930621e-02
7.380000e+01   -1.503335e+01   -0.000000e+00   -0.000000e+00   1.756808e+02   5.698479e-08   2.874191e-02
7.390000e+01   -1.364278e+01   -0.000000e+00   -0.000000e+00   1.752003e+02   5.603741e-08   2.818677e-02
7.400000e+01   -1.263680e+01   -0.000000e+00   -0.000000e+00   1.747140e+02   5.510466e-08   2.764066e-02
7.410000e+01   -1.212478e+01   -0.000000e+00   -0.000000e+00   1.742208e+02   5.418668e-08   2.710347e-02
7.420000e+01   -1.196030e+01   -0.000000e+00   -0.000000e+00   1.737194e+02   5.328360e-08   2.657505e-02
7.430000e+01   -1.199251e+01   -0.000000e+00   -0.000000e+00   1.732086e+02   5.239554e-08   2.605530e-02
7.440000e+01   -1.207429e+01   -0.000000e+00   -0.000000e+00   1.726877e+02   5.152245e-08   2.554408e-02
7.450000e+01   -1.206345e+01   -0.000000e+00   -0.000000e+00   1.721566e+02   5.066418e-08   2.504132e-02
7.460000e+01   -1.224242e+01   -0.000000e+00   -0.000000e+00   1.716151e+02   4.982056e-08   2.454689e-02
7.470000e+01   -1.267867e+01   -0.000000e+00   -0.000000e+00   1.710629e+02   4.899143e-08   2.406071e-02
7.480000e+01   -1.306041e+01   -0.000000e+00   -0.000000e+00   1.704999e+02   4.817663e-08   2.358267e-02
7.490000e+01   -1.307583e+01   -0.000000e+00   -0.000000e+00   1.699258e+02   4.737601e-08   2.311267e-02
7.500000e+01   -1.241365e+01   -0.000000e+00   -0.000000e+00   1.693404e+02   4.658938e-08   2.265061e-02
7.510000e+01   -1.132616e+01   -0.000000e+00   -0.000000e+00   1.687436e+02   4.581659e-08   2.219639e-02
7.520000e+01   -1.021471e+01   -0.000000e+00   -0.000000e+00   1.681351e+02   4.505748e-08   2.174992e-02
7.530000e+01   -9.084254e+00   -0.000000e+00   -0.000000e+00   1.675147e+02   4.431189e-08   2.131108e-02
7.540000e+01   -7.939753e+00   -0.000000e+00   -0.000000e+00   1.668822e+02   4.357963e-08   2.087978e-02
7.550000e+01   -6.786168e+00   -0.000000e+00   -0.000000e+00   1.662374e+02   4.286056e-08   2.045592e-02
7.560000e+01   -5.196723e+00   -0.000000e+00   -0.000000e+00   1.655802e+02   4.215450e-08   2.003940e-02
7.570000e+01   -3.016856e+00   -0.000000e+00   -0.000000e+00   1.649103e+02   4.146130e-08   1.963012e-02
7.580000e+01   -6.598401e-01   -0.000000e+00   -0.000000e+00   1.642274e+02   4.078077e-08   1.922797e-02
7.590000e+01   1.461048e+00   -0.000000e+00   -0.000000e+00   1.635315e+02   4.011276e-08   1.883286e-02
7.600000e+01   2.932533e+00   -0.000000e+00   -0.000000e+00   1.628223e+02   3.945711e-08   1.844469e-02
7.610000e+01   3.574850e+00   -0.000000e+00   -0.000000e+00   1.620995e+02   3.881364e-08   1.806335e-02
7.620000e+01   3.695797e+00   -0.000000e+00   -0.000000e+00   1.613631e+02   3.818218e-08   1.768875e-02
7.630000e+01   3.588201e+00   -0.000000e+00   -0.000000e+00   1.606127e+02   3.756258e-08   1.732079e-02
7.640000e+01   3.544740e+00   -0.000000e+00   -0.000000e+00   1.598482e+02   3.695466e-08   1.695936e-02
7.650000e+01   3.858095e+00   -0.000000e+00   -0.000000e+00   1.590694e+02   3.635826e-08   1.660436e-02
7.660000e+01   4.509813e+00   -0.000000e+00   -0.000000e+00   1.582761e+02   3.577321e-08   1.625570e-02
7.670000e+01   5.192791e+00   -0.000000e+00   -0.000000e+00   1.574680e+02   3.519935e-08   1.591327e-02
7.680000e+01   5.880252e+00   -0.000000e+00   -0.000000e+00   1.566450e+02   3.463650e-08   1.557697e-02
7.690000e+01   6.546770e+00   -0.000000e+00   -0.000000e+00   1.558069e+02   3.408450e-08   1.524670e-02
7.700000e+01   7.166943e+00   -0.000000e+00   -0.000000e+00   1.549534e+02   3.354318e-08   1.492237e-02
7.710000e+01   8.187561e+00   -0.000000e+00   -0.000000e+00   1.540851e+02   3.301225e-08   1.460387e-02
7.720000e+01   9.940173e+00   -0.000000e+00   -0.000000e+00   1.532035e+02   3.249119e-08   1.429113e-02
7.730000e+01   1.185829e+01   -0.000000e+00   -0.000000e+00   1.523106e+02   3.197945e-08   1.398407e-02
7.740000e+01   1.336872e+01   -0.000000e+00   -0.000000e+00   1.514082e+02   3.147651e-08   1.368260e-02
7.750000e+01   1.389825e+01   -0.000000e+00   -0.000000e+00   1.504982e+02   3.098188e-08   1.338664e-02
7.760000e+01   1.338595e+01   -0.000000e+00   -0.000000e+00   1.495825e+02   3.049506e-08   1.309612e-02
7.770000e+01   1.251853e+01   -0.000000e+00   -0.000000e+00   1.486628e+02   3.001558e-08   1.281095e-02
7.780000e+01   1.145639e+01   -0.000000e+00   -0.000000e+00   1.477411e+02   2.954297e-08   1.253106e-02
7.790000e+01   1.034997e+01   -0.000000e+00   -0.000000e+00   1.468192e+02   2.907678e-08   1.225636e-02
7.800000e+01   9.349704e+00   -0.000000e+00   -0.000000e+00   1.458989e+02   2.861659e-08   1.198677e-02
7.810000e+01   8.475122e+00   -0.000000e+00   -0.000000e+00   1.449822e+02   2.816196e-08   1.172222e-02
7.820000e+01   7.556146e+00   -0.000000e+00   -0.000000e+00   1.440708e+02   2.771248e-08   1.146262e-02
7.830000e+01   6.596427e+00   -0.000000e+00   -0.000000e+00   1.431666e+02   2.726776e-08   1.120788e-02
7.840000e+01   5.604195e+00   -0.000000e+00   -0.000000e+00   1.422715e+02   2.682741e-08   1.095795e-02
7.850000e+01   4.587681e+00   0.000000e+00   0.000000e+00   1.413874e+02   2.639104e-08   1.071272e-02
7.860000e+01   4.048037e+00   0.000000e+00   0.000000e+00   1.405161e+02   2.595830e-08   1.047212e-02
7.870000e+01   4.631140e+00   0.000000e+00   0.000000e+00   1.396594e+02   2.552884e-08   1.023608e-02
7.880000e+01   5.678846e+00   0.000000e+00   0.000000e+00   1.388192e+02   2.510230e-08   1.000450e-02
7.890000e+01   6.497527e+00   0.000000e+00   0.000000e+00   1.379974e+02   2.467836e-08   9.777314e-03
7.900000e+01   6.393553e+00   0.000000e+00   0.000000e+00   1.371958e+02   2.425671e-08   9.554437e-03
7.910000e+01   5.135467e+00   0.000000e+00   0.000000e+00   1.364163e+02   2.383705e-08   9.335789e-03
7.920000e+01   3.543816e+00   0.000000e+00   0.000000e+00   1.356607e+02   2.341909e-08   9.121291e-03
7.930000e+01   1.819536e+00   0.000000e+00   0.000000e+00   1.349309e+02   2.300254e-08   8.910863e-03
7.940000e+01   1.372524e-01   0.000000e+00   0.000000e+00   1.342295e+02   2.258712e-08   8.704448e-03
7.950000e+01   -1.324318e+00   0.000000e+00   0.000000e+00   1.335592e+02   2.217252e-08   8.501998e-03
7.960000e+01   -2.066321e+00   0.000000e+00   0.000000e+00   1.329225e+02   2.175847e-08   8.303463e-03
7.970000e+01   -1.522185e+00   0.000000e+00   0.000000e+00   1.323224e+02   2.134473e-08   8.108795e-03
7.980000e+01   -3.395803e-01   0.000000e+00   0.000000e+00   1.317614e+02   2.093110e-08   7.917947e-03
7.990000e+01   7.810729e-01   0.000000e+00   0.000000e+00   1.312424e+02   2.051738e-08   7.730867e-03
8.000000e+01   1.139355e+00   0.000000e+00   0.000000e+00   1.307679e+02   2.010343e-08   7.547510e-03
8.010000e+01   4.864128e-01   0.000000e+00   0.000000e+00   1.303408e+02   1.968913e-08   7.367825e-03
8.020000e+01   -2.123006e-01   0.000000e+00   0.000000e+00   1.299638e+02   1.927439e-08   7.191764e-03
8.030000e+01   -8.436771e-01   0.000000e+00   0.000000e+00   1.296396e+02   1.885917e-08   7.019279e-03
8.040000e+01   -1.366424e+00   0.000000e+00   0.000000e+00   1.293708e+02   1.844345e-08   6.850320e-03
8.050000e+01   -1.739249e+00   0.000000e+00   0.000000e+00   1.291603e+02   1.802726e-08   6.684840e-03
8.060000e+01   -2.107594e+00   0.000000e+00   0.000000e+00   1.290106e+02   1.761065e-08   6.522790e-03
8.070000e+01   -2.869839e+00   0.000000e+00   0.000000e+00   1.289228e+02   1.719398e-08   6.364124e-03
8.080000e+01   -3.689653e+00   0.000000e+00   0.000000e+00   1.288939e+02   1.677813e-08   6.208806e-03
8.090000e+01   -4.180236e+00   0.000000e+00   0.000000e+00   1.289203e+02   1.636401e-08   6.056799e-03
8.100000e+01   -3.954791e+00   0.000000e+00   0.000000e+00   1.289985e+02   1.595249e-08   5.908068e-03
8.110000e+01   -2.848808e+00   0.000000e+00   0.000000e+00   1.291251e+02   1.554439e-08   5.762576e-03
8.120000e+01   -1.477940e+00   0.000000e+00   0.000000e+00   1.292965e+02   1.514047e-08   5.620286e-03
8.130000e+01   5.044549e-02   0.000000e+00   0.000000e+00   1.295093e+02   1.474143e-08   5.481163e-03
8.140000e+01   1.693866e+00   0.000000e+00   0.000000e+00   1.297599e+02   1.434791e-08   5.345171e-03
8.150000e+01   3.409840e+00   0.000000e+00   0.000000e+00   1.300449e+02   1.396051e-08   5.212273e-03
8.160000e+01   5.209771e+00   0.000000e+00   0.000000e+00   1.303608e+02   1.357977e-08   5.082433e-03
8.170000e+01   7.219321e+00   0.000000e+00   0.000000e+00   1.307041e+02   1.320615e-08   4.955615e-03
8.180000e+01   9.298177e+00   0.000000e+00   0.000000e+00   1.310712e+02   1.284008e-08   4.831783e-03
8.190000e+01   1.127874e+01   0.000000e+00   0.000000e+00   1.314587e+02   1.248195e-08   4.710901e-03
8.200000e+01   1.299341e+01   0.000000e+00   0.000000e+00   1.318631e+02   1.213206e-08   4.592932e-03
8.210000e+01   1.433294e+01   0.000000e+00   0.000000e+00   1.322809e+02   1.179069e-08   4.477841e-03
8.220000e+01   1.546532e+01   0.000000e+00   0.000000e+00   1.327086e+02   1.145807e-08   4.365590e-03
8.230000e+01   1.641014e+01   0.000000e+00   0.000000e+00   1.331426e+02   1.113440e-08   4.256145e-03
8.240000e+01   1.715783e+01   0.000000e+00   0.000000e+00   1.335796e+02   1.081981e-08   4.149468e-03
8.250000e+01   1.769883e+01   0.000000e+00   0.000000e+00   1.340160e+02   1.051443e-08   4.045524e-03
8.260000e+01   1.800753e+01   0.000000e+00   0.000000e+00   1.344483e+02   1.021832e-08   3.944276e-03
8.270000e+01   1.799873e+01   0.000000e+00   0.000000e+00   1.348755e+02   9.931342e-09   3.845682e-03
8.280000e+01   1.767587e+01   0.000000e+00   0.000000e+00   1.352999e+02   9.653077e-09   3.749692e-03
8.290000e+01   1.705631e+01   0.000000e+00   0.000000e+00   1.357243e+02   9.383104e-09   3.656254e-03
8.300000e+01   1.615740e+01   0.000000e+00   0.000000e+00   1.361513e+02   9.121031e-09   3.565316e-03
8.310000e+01   1.490033e+01   0.000000e+00   0.000000e+00   1.365837e+02   8.866491e-09   3.476827e-03
8.320000e+01   1.283649e+01   0.000000e+00   0.000000e+00   1.370243e+02   8.619141e-09   3.390736e-03
8.330000e+01   1.017043e+01   0.000000e+00   0.000000e+00   1.374757e+02   8.378660e-09   3.306990e-03
8.340000e+01   7.215181e+00   0.000000e+00   0.000000e+00   1.379407e+02   8.144745e-09   3.225539e-03
8.350000e+01   4.283759e+00   0.000000e+00   0.000000e+00   1.384220e+02   7.917114e-09   3.146331e-03
8.360000e+01   1.570612e+00   0.000000e+00   0.000000e+00   1.389223e+02   7.695502e-09   3.069313e-03
8.370000e+01   -1.407070e+00   0.000000e+00   0.000000e+00   1.394443e+02   7.479661e-09   2.994436e-03
8.380000e+01   -4.438927e+00   0.000000e+00   0.000000e+00   1.399908e+02   7.269355e-09   2.921647e-03
8.390000e+01   -7.157131e+00   0.000000e+00   0.000000e+00   1.405644e+02   7.064367e-09   2.850894e-03
8.400000e+01   -9.193854e+00   0.000000e+00   0.000000e+00   1.411680e+02   6.864490e-09   2.782126e-03
8.410000e+01   -1.023657e+01   0.000000e+00   0.000000e+00   1.418041e+02   6.669531e-09   2.715292e-03
8.420000e+01   -1.055876e+01   0.000000e+00   0.000000e+00   1.424757e+02   6.479308e-09   2.650340e-03
8.430000e+01   -1.044596e+01   0.000000e+00   0.000000e+00   1.431852e+02   6.293650e-09   2.587219e-03
8.440000e+01   -1.012074e+01   0.000000e+00   0.000000e+00   1.439356e+02   6.112397e-09   2.525876e-03
8.450000e+01   -9.805665e+00   0.000000e+00   0.000000e+00   1.447294e+02   5.935398e-09   2.466261e-03
8.460000e+01   -9.689029e+00   0.000000e+00   0.000000e+00   1.455695e+02   5.762511e-09   2.408322e-03
8.470000e+01   -9.595185e+00   0.000000e+00   0.000000e+00   1.464575e+02   5.593646e-09   2.352009e-03
8.480000e+01   -9.445690e+00   0.000000e+00   0.000000e+00   1.473900e+02   5.428918e-09   2.297279e-03
8.490000e+01   -9.228471e+00   0.000000e+00   0.000000e+00   1.483622e+02   5.268478e-09   2.244092e-03
8.500000e+01   -8.931454e+00   0.000000e+00   0.000000e+00   1.493690e+02   5.112444e-09   2.192407e-03
8.510000e+01   -8.534055e+00   0.000000e+00   0.000000e+00   1.504055e+02   4.960904e-09   2.142185e-03
8.520000e+01   -7.969485e+00   0.000000e+00   0.000000e+00   1.514669e+02   4.813918e-09   2.093384e-03
8.530000e+01   -7.314219e+00   0.000000e+00   0.000000e+00   1.525482e+02   4.671522e-09   2.045964e-03
8.540000e+01   -6.678293e+00   0.000000e+00   0.000000e+00   1.536445e+02   4.533729e-09   1.999885e-03
8.550000e+01   -6.171741e+00   0.000000e+00   0.000000e+00   1.547509e+02   4.400529e-09   1.955106e-03
8.560000e+01   -5.891790e+00   0.000000e+00   0.000000e+00   1.558624e+02   4.271894e-09   1.911588e-03
8.570000e+01   -5.744202e+00   0.000000e+00   0.000000e+00   1.569742e+02   4.147782e-09   1.869289e-03
8.580000e+01   -5.669752e+00   0.000000e+00   0.000000e+00   1.580812e+02   4.028133e-09   1.828169e-03
8.590000e+01   -5.651005e+00   0.000000e+00   0.000000e+00   1.591786e+02   3.912876e-09   1.788188e-03
8.600000e+01   -5.670527e+00   0.000000e+00   0.000000e+00   1.602615e+02   3.801930e-09   1.749305e-03
8.610000e+01   -5.721955e+00   0.000000e+00   0.000000e+00   1.613249e+02   3.695203e-09   1.711480e-03
8.620000e+01   -5.961797e+00   0.000000e+00   0.000000e+00   1.623639e+02   3.592596e-09   1.674673e-03
8.630000e+01   -6.430469e+00   0.000000e+00   0.000000e+00   1.633735e+02   3.494003e-09   1.638843e-03
8.640000e+01   -7.107891e+00   0.000000e+00   0.000000e+00   1.643490e+02   3.399315e-09   1.603950e-03
8.650000e+01   -7.973987e+00   0.000000e+00   0.000000e+00   1.652853e+02   3.308416e-09   1.569953e-03
8.660000e+01   -9.045692e+00   0.000000e+00   0.000000e+00   1.661775e+02   3.221188e-09   1.536812e-03
8.670000e+01   -1.091560e+01   0.000000e+00   0.000000e+00   1.670207e+02   3.137513e-09   1.504486e-03
8.680000e+01   -1.346421e+01   0.000000e+00   0.000000e+00   1.678100e+02   3.057269e-09   1.472936e-03
8.690000e+01   -1.625448e+01   0.000000e+00   0.000000e+00   1.685406e+02   2.980332e-09   1.442121e-03
8.700000e+01   -1.884440e+01   0.000000e+00   0.000000e+00   1.692119e+02   2.906536e-09   1.412014e-03
8.710000e+01   -2.082060e+01   0.000000e+00   0.000000e+00   1.698268e+02   2.835685e-09   1.382600e-03
8.720000e+01   -2.262707e+01   0.000000e+00   0.000000e+00   1.703885e+02   2.767595e-09   1.353865e-03
8.730000e+01   -2.440064e+01   0.000000e+00   0.000000e+00   1.709002e+02   2.702097e-09   1.325793e-03
8.740000e+01   -2.594443e+01   0.000000e+00   0.000000e+00   1.713649e+02   2.639030e-09   1.298370e-03
8.750000e+01   -2.706154e+01   0.000000e+00   0.000000e+00   1.717858e+02   2.578246e-09   1.271581e-03
8.760000e+01   -2.757008e+01   0.000000e+00   0.000000e+00   1.721661e+02   2.519608e-09   1.245412e-03
8.770000e+01   -2.782050e+01   0.000000e+00   0.000000e+00   1.725088e+02   2.462983e-09   1.219846e-03
8.780000e+01   -2.805280e+01   0.000000e+00   0.000000e+00   1.728171e+02   2.408250e-09   1.194870e-03
8.790000e+01   -2.829084e+01   0.000000e+00   0.000000e+00   1.730942e+02   2.355294e-09   1.170469e-03
8.800000e+01   -2.855847e+01   0.000000e+00   0.000000e+00   1.733431e+02   2.304006e-09   1.146628e-03
8.810000e+01   -2.888042e+01   0.000000e+00   0.000000e+00   1.735670e+02   2.254284e-09   1.123332e-03
8.820000e+01   -2.930117e+01   0.000000e+00   0.000000e+00   1.737691e+02   2.206030e-09   1.100566e-03
8.830000e+01   -2.979060e+01   0.000000e+00   0.000000e+00   1.739524e+02   2.159152e-09   1.078316e-03
8.840000e+01   -3.028689e+01   0.000000e+00   0.000000e+00   1.741202e+02   2.113565e-09   1.056567e-03
8.850000e+01   -3.072820e+01   0.000000e+00   0.000000e+00   1.742755e+02   2.069184e-09   1.035304e-03
8.860000e+01   -3.104729e+01   0.000000e+00   0.000000e+00   1.744215e+02   2.025932e-09   1.014512e-03
8.870000e+01   -3.087298e+01   0.000000e+00   0.000000e+00   1.745613e+02   1.983732e-09   9.941763e-04
8.880000e+01   -3.018927e+01   0.000000e+00   0.000000e+00   1.746981e+02   1.942515e-09   9.742823e-04
8.890000e+01   -2.924949e+01   0.000000e+00   0.000000e+00   1.748349e+02   1.902211e-09   9.548151e-04
8.900000e+01   -2.830696e+01   0.000000e+00   0.000000e+00   1.749750e+02   1.862757e-09   9.357599e-04
8.910000e+01   -2.761355e+01   0.000000e+00   0.000000e+00   1.751214e+02   1.824089e-09   9.171019e-04
8.920000e+01   -2.718029e+01   0.000000e+00   0.000000e+00   1.752773e+02   1.786149e-09   8.988263e-04
8.930000e+01   -2.683497e+01   0.000000e+00   0.000000e+00   1.754459e+02   1.748881e-09   8.809184e-04
8.940000e+01   -2.647557e+01   0.000000e+00   0.000000e+00   1.756291e+02   1.712246e-09   8.633660e-04
8.950000e+01   -2.600321e+01   0.000000e+00   0.000000e+00   1.758265e+02   1.676244e-09   8.461631e-04
8.960000e+01   -2.531690e+01   0.000000e+00   0.000000e+00   1.760376e+02   1.640877e-09   8.293043e-04
8.970000e+01   -2.382322e+01   0.000000e+00   0.000000e+00   1.762616e+02   1.606147e-09   8.127844e-04
8.980000e+01   -2.157391e+01   0.000000e+00   0.000000e+00   1.764978e+02   1.572055e-09   7.965979e-04
8.990000e+01   -1.922428e+01   0.000000e+00   0.000000e+00   1.767455e+02   1.538599e-09   7.807397e-04
9.000000e+01   -1.742968e+01   0.000000e+00   0.000000e+00   1.770041e+02   1.505781e-09   7.652042e-04
9.010000e+01   -1.684487e+01   0.000000e+00   0.000000e+00   1.772728e+02   1.473598e-09   7.499863e-04
9.020000e+01   -1.741447e+01   0.000000e+00   0.000000e+00   1.775510e+02   1.442047e-09   7.350806e-04
9.030000e+01   -1.848908e+01   0.000000e+00   0.000000e+00   1.778379e+02   1.411127e-09   7.204817e-04
9.040000e+01   -1.973459e+01   0.000000e+00   0.000000e+00   1.781330e+02   1.380834e-09   7.061844e-04
9.050000e+01   -2.081684e+01   0.000000e+00   0.000000e+00   1.784354e+02   1.351163e-09   6.921833e-04
9.060000e+01   -2.140171e+01   0.000000e+00   0.000000e+00   1.787446e+02   1.322109e-09   6.784732e-04
9.070000e+01   -2.158406e+01   0.000000e+00   0.000000e+00   1.790598e+02   1.293668e-09   6.650486e-04
9.080000e+01   -2.169213e+01   0.000000e+00   0.000000e+00   1.793804e+02   1.265833e-09   6.519042e-04
9.090000e+01   -2.174179e+01   0.000000e+00   0.000000e+00   1.797056e+02   1.238599e-09   6.390348e-04
9.100000e+01   -2.174892e+01   0.000000e+00   0.000000e+00   1.800347e+02   1.211957e-09   6.264350e-04
9.110000e+01   -2.172942e+01   0.000000e+00   0.000000e+00   1.803672e+02   1.185902e-09   6.140995e-04
9.120000e+01   -2.128498e+01   0.000000e+00   0.000000e+00   1.807022e+02   1.160425e-09   6.020229e-04
9.130000e+01   -2.020978e+01   0.000000e+00   0.000000e+00   1.810392e+02   1.135519e-09   5.902000e-04
9.140000e+01   -1.890706e+01   0.000000e+00   0.000000e+00   1.813773e+02   1.111174e-09   5.786253e-04
9.150000e+01   -1.778064e+01   0.000000e+00   0.000000e+00   1.817160e+02   1.087383e-09   5.672937e-04
9.160000e+01   -1.723436e+01   0.000000e+00   0.000000e+00   1.820545e+02   1.064136e-09   5.561997e-04
9.170000e+01   -1.720818e+01   0.000000e+00   0.000000e+00   1.823921e+02   1.041423e-09   5.453381e-04
9.180000e+01   -1.727886e+01   0.000000e+00   0.000000e+00   1.827283e+02   1.019236e-09   5.347035e-04
9.190000e+01   -1.748027e+01   0.000000e+00   0.000000e+00   1.830626e+02   9.975634e-10   5.242910e-04
9.200000e+01   -1.784526e+01   0.000000e+00   0.000000e+00   1.833958e+02   9.763903e-10   5.140972e-04
9.210000e+01   -1.840623e+01   0.000000e+00   0.000000e+00   1.837289e+02   9.557029e-10   5.041186e-04
9.220000e+01   -1.921034e+01   0.000000e+00   0.000000e+00   1.840626e+02   9.354877e-10   4.943517e-04
9.230000e+01   -2.025251e+01   0.000000e+00   0.000000e+00   1.843979e+02   9.157314e-10   4.847932e-04
9.240000e+01   -2.146736e+01   0.000000e+00   0.000000e+00   1.847357e+02   8.964213e-10   4.754395e-04
9.250000e+01   -2.278918e+01   0.000000e+00   0.000000e+00   1.850768e+02   8.775451e-10   4.662874e-04
9.260000e+01   -2.415224e+01   0.000000e+00   0.000000e+00   1.854220e+02   8.590910e-10   4.573333e-04
9.270000e+01   -2.563666e+01   0.000000e+00   0.000000e+00   1.857724e+02   8.410474e-10   4.485739e-04
9.280000e+01   -2.736287e+01   0.000000e+00   0.000000e+00   1.861288e+02   8.234032e-10   4.400058e-04
9.290000e+01   -2.917778e+01   0.000000e+00   0.000000e+00   1.864919e+02   8.061476e-10   4.316254e-04
9.300000e+01   -3.092460e+01   0.000000e+00   0.000000e+00   1.868628e+02   7.892702e-10   4.234294e-04
9.310000e+01   -3.244652e+01   0.000000e+00   0.000000e+00   1.872424e+02   7.727608e-10   4.154144e-04
9.320000e+01   -3.372286e+01   0.000000e+00   0.000000e+00   1.876314e+02   7.566095e-10   4.075769e-04
9.330000e+01   -3.493990e+01   0.000000e+00   0.000000e+00   1.880307e+02   7.408068e-10   3.999136e-04
9.340000e+01   -3.611088e+01   0.000000e+00   0.000000e+00   1.884414e+02   7.253433e-10   3.924209e-04
9.350000e+01   -3.724434e+01   0.000000e+00   0.000000e+00   1.888641e+02   7.102100e-10   3.850956e-04
9.360000e+01   -3.834885e+01   0.000000e+00   0.000000e+00   1.892998e+02   6.953980e-10   3.779341e-04
9.370000e+01   -3.941468e+01   0.000000e+00   0.000000e+00   1.897495e+02   6.808988e-10   3.709330e-04
9.380000e+01   -4.042638e+01   0.000000e+00   0.000000e+00   1.902139e+02   6.667039e-10   3.640890e-04
9.390000e+01   -4.141656e+01   0.000000e+00   0.000000e+00   1.906939e+02   6.528052e-10   3.573985e-04
9.400000e+01   -4.241914e+01   0.000000e+00   0.000000e+00   1.911905e+02   6.391946e-10   3.508583e-04
9.410000e+01   -4.346805e+01   0.000000e+00   0.000000e+00   1.917045e+02   6.258643e-10   3.444648e-04
9.420000e+01   -4.504935e+01   0.000000e+00   0.000000e+00   1.922367e+02   6.128068e-10   3.382146e-04
9.430000e+01   -4.783096e+01   0.000000e+00   0.000000e+00   1.927882e+02   6.000146e-10   3.321043e-04
9.440000e+01   -5.110677e+01   0.000000e+00   0.000000e+00   1.933596e+02   5.874803e-10   3.261306e-04
9.450000e+01   -5.412196e+01   0.000000e+00   0.000000e+00   1.939519e+02   5.751975e-10   3.202900e-04
9.460000e+01   -5.612358e+01   0.000000e+00   0.000000e+00   1.945647e+02   5.631636e-10   3.145799e-04
9.470000e+01   -5.692121e+01   0.000000e+00   0.000000e+00   1.951974e+02   5.513773e-10   3.089978e-04
9.480000e+01   -5.759382e+01   0.000000e+00   0.000000e+00   1.958497e+02   5.398368e-10   3.035413e-04
9.490000e+01   -5.820913e+01   0.000000e+00   0.000000e+00   1.965208e+02   5.285404e-10   2.982078e-04
9.500000e+01   -5.876948e+01   0.000000e+00   0.000000e+00   1.972103e+02   5.174857e-10   2.929950e-04
9.510000e+01   -5.927723e+01   0.000000e+00   0.000000e+00   1.979175e+02   5.066705e-10   2.879004e-04
9.520000e+01   -5.935607e+01   0.000000e+00   0.000000e+00   1.986421e+02   4.960921e-10   2.829214e-04
9.530000e+01   -5.824833e+01   0.000000e+00   0.000000e+00   1.993833e+02   4.857477e-10   2.780557e-04
9.540000e+01   -5.657657e+01   0.000000e+00   0.000000e+00   2.001406e+02   4.756344e-10   2.733008e-04
9.550000e+01   -5.504339e+01   0.000000e+00   0.000000e+00   2.009136e+02   4.657489e-10   2.686541e-04
9.560000e+01   -5.435139e+01   0.000000e+00   0.000000e+00   2.017016e+02   4.560879e-10   2.641133e-04
9.570000e+01   -5.478239e+01   0.000000e+00   0.000000e+00   2.025041e+02   4.466480e-10   2.596759e-04
9.580000e+01   -5.534492e+01   0.000000e+00   0.000000e+00   2.033205e+02   4.374255e-10   2.553393e-04
9.590000e+01   -5.594408e+01   0.000000e+00   0.000000e+00   2.041504e+02   4.284165e-10   2.511012e-04
9.600000e+01   -5.657715e+01   0.000000e+00   0.000000e+00   2.049931e+02   4.196173e-10   2.469591e-04
9.610000e+01   -5.724136e+01   0.000000e+00   0.000000e+00   2.058481e+02   4.110239e-10   2.429104e-04
9.620000e+01   -5.855587e+01   0.000000e+00   0.000000e+00   2.067148e+02   4.026320e-10   2.389528e-04
9.630000e+01   -6.217769e+01   0.000000e+00   0.000000e+00   2.075927e+02   3.944376e-10   2.350838e-04
9.640000e+01   -6.696981e+01   0.000000e+00   0.000000e+00   2.084813e+02   3.864363e-10   2.313009e-04
9.650000e+01   -7.155599e+01   0.000000e+00   0.000000e+00   2.093799e+02   3.786238e-10   2.276016e-04
9.660000e+01   -7.455999e+01   0.000000e+00   0.000000e+00   2.102882e+02   3.709957e-10   2.239835e-04
9.670000e+01   -7.527441e+01   0.000000e+00   0.000000e+00   2.112054e+02   3.635476e-10   2.204441e-04
9.680000e+01   -7.566633e+01   0.000000e+00   0.000000e+00   2.121310e+02   3.562749e-10   2.169810e-04
9.690000e+01   -7.601113e+01   0.000000e+00   0.000000e+00   2.130646e+02   3.491730e-10   2.135916e-04
9.700000e+01   -7.632402e+01   0.000000e+00   0.000000e+00   2.140055e+02   3.422375e-10   2.102736e-04
9.710000e+01   -7.662024e+01   0.000000e+00   0.000000e+00   2.149531e+02   3.354636e-10   2.070244e-04
9.720000e+01   -7.690711e+01   0.000000e+00   0.000000e+00   2.159071e+02   3.288468e-10   2.038416e-04
9.730000e+01   -7.716308e+01   0.000000e+00   0.000000e+00   2.168667e+02   3.223823e-10   2.007227e-04
9.740000e+01   -7.739852e+01   0.000000e+00   0.000000e+00   2.178315e+02   3.160657e-10   1.976652e-04
9.750000e+01   -7.762842e+01   0.000000e+00   0.000000e+00   2.188008e+02   3.098924e-10   1.946670e-04
9.760000e+01   -7.786781e+01   0.000000e+00   0.000000e+00   2.197744e+02   3.038595e-10   1.917265e-04
9.770000e+01   -7.835974e+01   0.000000e+00   0.000000e+00   2.207517e+02   2.979644e-10   1.888430e-04
9.780000e+01   -8.003334e+01   0.000000e+00   0.000000e+00   2.217324e+02   2.922047e-10   1.860153e-04
9.790000e+01   -8.237363e+01   0.000000e+00   0.000000e+00   2.227159e+02   2.865777e-10   1.832424e-04
9.800000e+01   -8.466456e+01   0.000000e+00   0.000000e+00   2.237020e+02   2.810810e-10   1.805235e-04
9.810000e+01   -8.619007e+01   0.000000e+00   0.000000e+00   2.246903e+02   2.757118e-10   1.778574e-04
9.820000e+01   -8.647156e+01   0.000000e+00   0.000000e+00   2.256802e+02   2.704678e-10   1.752433e-04
9.830000e+01   -8.648751e+01   0.000000e+00   0.000000e+00   2.266714e+02   2.653463e-10   1.726800e-04
9.840000e+01   -8.644885e+01   0.000000e+00   0.000000e+00   2.276634e+02   2.603447e-10   1.701666e-04
9.850000e+01   -8.635907e+01   0.000000e+00   0.000000e+00   2.286560e+02   2.554605e-10   1.677022e-04
9.860000e+01   -8.622163e+01   0.000000e+00   0.000000e+00   2.296486e+02   2.506911e-10   1.652856e-04
9.870000e+01   -8.593110e+01   0.000000e+00   0.000000e+00   2.306408e+02   2.460341e-10   1.629160e-04
9.880000e+01   -8.485776e+01   0.000000e+00   0.000000e+00   2.316322e+02   2.414868e-10   1.605923e-04
9.890000e+01   -8.317086e+01   0.000000e+00   0.000000e+00   2.326225e+02   2.370468e-10   1.583136e-04
9.900000e+01   -8.119720e+01   0.000000e+00   0.000000e+00   2.336111e+02   2.327115e-10   1.560788e-04
9.910000e+01   -7.926359e+01   0.000000e+00   0.000000e+00   2.345978e+02   2.284785e-10   1.538869e-04
9.920000e+01   -7.764851e+01   0.000000e+00   0.000000e+00   2.355820e+02   2.243453e-10   1.517370e-04
9.930000e+01   -7.616503e+01   0.000000e+00   0.000000e+00   2.365634e+02   2.203095e-10   1.496281e-04
9.940000e+01   -7.469864e+01   0.000000e+00   0.000000e+00   2.375415e+02   2.163685e-10   1.475591e-04
9.950000e+01   -7.319723e+01   0.000000e+00   0.000000e+00   2.385160e+02   2.125200e-10   1.455291e-04
9.960000e+01   -7.160868e+01   0.000000e+00   0.000000e+00   2.394864e+02   2.087617e-10   1.435371e-04
9.970000e+01   -6.989005e+01   0.000000e+00   0.000000e+00   2.404524e+02   2.050911e-10   1.415820e-04
9.980000e+01   -6.808237e+01   0.000000e+00   0.000000e+00   2.414134e+02   2.015058e-10   1.396630e-04
9.990000e+01   -6.617830e+01   0.000000e+00   0.000000e+00   2.423691e+02   1.980037e-10   1.377790e-04
1.000000e+02   -6.415141e+01   0.000000e+00   0.000000e+00   2.433191e+02   1.945823e-10   1.359289e-04
1.001000e+02   -6.197526e+01   0.000000e+00   0.000000e+00   2.442630e+02   1.912394e-10   1.341119e-04
1.002000e+02   -5.957289e+01   0.000000e+00   0.000000e+00   2.452004e+02   1.879727e-10   1.323269e-04
1.003000e+02   -5.652273e+01   0.000000e+00   0.000000e+00   2.461307e+02   1.847800e-10   1.305729e-04
1.004000e+02   -5.311336e+01   0.000000e+00   0.000000e+00   2.470537e+02   1.816591e-10   1.288490e-04
1.005000e+02   -4.981750e+01   0.000000e+00   0.000000e+00   2.479690e+02   1.786079e-10   1.271541e-04
1.006000e+02   -4.710785e+01   0.000000e+00   0.000000e+00   2.488760e+02   1.756241e-10   1.254872e-04
1.007000e+02   -4.540689e+01   0.000000e+00   0.000000e+00   2.497745e+02   1.727057e-10   1.238474e-04
1.008000e+02   -4.432835e+01   0.000000e+00   0.000000e+00   2.506639e+02   1.698505e-10   1.222337e-04
1.009000e+02   -4.350174e+01   0.000000e+00   0.000000e+00   2.515439e+02   1.670564e-10   1.206450e-04
1.010000e+02   -4.270622e+01   0.000000e+00   0.000000e+00   2.524140e+02   1.643215e-10   1.190804e-04
1.011000e+02   -4.172080e+01   0.000000e+00   0.000000e+00   2.532744e+02   1.616438e-10   1.175392e-04
1.012000e+02   -4.030225e+01   0.000000e+00   0.000000e+00   2.541256e+02   1.590215e-10   1.160211e-04
1.013000e+02   -3.801219e+01   0.000000e+00   0.000000e+00   2.549683e+02   1.564532e-10   1.145257e-04
1.014000e+02   -3.493284e+01   0.000000e+00   0.000000e+00   2.558031e+02   1.539373e-10   1.130530e-04
1.015000e+02   -3.130371e+01   0.000000e+00   0.000000e+00   2.566307e+02   1.514721e-10   1.116025e-04
1.016000e+02   -2.736435e+01   0.000000e+00   0.000000e+00   2.574517e+02   1.490564e-10   1.101740e-04
1.017000e+02   -2.328910e+01   0.000000e+00   0.000000e+00   2.582668e+02   1.466887e-10   1.087671e-04
1.018000e+02   -1.818416e+01   0.000000e+00   0.000000e+00   2.590766e+02   1.443677e-10   1.073818e-04
1.019000e+02   -1.228001e+01   0.000000e+00   0.000000e+00   2.598818e+02   1.420920e-10   1.060175e-04
1.020000e+02   -6.347835e+00   0.000000e+00   0.000000e+00   2.606829e+02   1.398603e-10   1.046742e-04
1.021000e+02   -1.158844e+00   0.000000e+00   0.000000e+00   2.614807e+02   1.376716e-10   1.033514e-04
1.022000e+02   2.559484e+00   0.000000e+00   0.000000e+00   2.622759e+02   1.355245e-10   1.020490e-04
1.023000e+02   5.356709e+00   0.000000e+00   0.000000e+00   2.630689e+02   1.334180e-10   1.007666e-04
1.024000e+02   7.753813e+00   0.000000e+00   0.000000e+00   2.638606e+02   1.313510e-10   9.950394e-05
1.025000e+02   9.888895e+00   0.000000e+00   0.000000e+00   2.646515e+02   1.293223e-10   9.826080e-05
1.026000e+02   1.190005e+01   0.000000e+00   0.000000e+00   2.654423e+02   1.273310e-10   9.703687e-05
1.027000e+02   1.392840e+01   0.000000e+00   0.000000e+00   2.662336e+02   1.253761e-10   9.583187e-05
1.028000e+02   1.612393e+01   0.000000e+00   0.000000e+00   2.670262e+02   1.234565e-10   9.464554e-05
1.029000e+02   1.834695e+01   0.000000e+00   0.000000e+00   2.678205e+02   1.215714e-10   9.347758e-05
1.030000e+02   2.037058e+01   0.000000e+00   0.000000e+00   2.686174e+02   1.197197e-10   9.232773e-05
1.031000e+02   2.196796e+01   0.000000e+00   0.000000e+00   2.694173e+02   1.179007e-10   9.119570e-05
1.032000e+02   2.292350e+01   0.000000e+00   0.000000e+00   2.702211e+02   1.161135e-10   9.008122e-05
1.033000e+02   2.357680e+01   0.000000e+00   0.000000e+00   2.710292e+02   1.143572e-10   8.898401e-05
1.034000e+02   2.416870e+01   0.000000e+00   0.000000e+00   2.718425e+02   1.126310e-10   8.790379e-05
1.035000e+02   2.468237e+01   0.000000e+00   0.000000e+00   2.726614e+02   1.109341e-10   8.684029e-05
1.036000e+02   2.510098e+01   0.000000e+00   0.000000e+00   2.734868e+02   1.092658e-10   8.579323e-05
1.037000e+02   2.538656e+01   0.000000e+00   0.000000e+00   2.743191e+02   1.076253e-10   8.476234e-05
1.038000e+02   2.423886e+01   0.000000e+00   0.000000e+00   2.751591e+02   1.060119e-10   8.374732e-05
1.039000e+02   2.148424e+01   0.000000e+00   0.000000e+00   2.760074e+02   1.044249e-10   8.274792e-05
1.040000e+02   1.794738e+01   0.000000e+00   0.000000e+00   2.768646e+02   1.028635e-10   8.176384e-05
1.041000e+02   1.445295e+01   0.000000e+00   0.000000e+00   2.777315e+02   1.013272e-10   8.079482e-05
1.042000e+02   1.181863e+01   0.000000e+00   0.000000e+00   2.786086e+02   9.981524e-11   7.984058e-05
1.043000e+02   9.869110e+00   0.000000e+00   0.000000e+00   2.794966e+02   9.832700e-11   7.890083e-05
1.044000e+02   8.105319e+00   0.000000e+00   0.000000e+00   2.803961e+02   9.686186e-11   7.797531e-05
1.045000e+02   6.474751e+00   0.000000e+00   0.000000e+00   2.813078e+02   9.541922e-11   7.706373e-05
1.046000e+02   4.924907e+00   0.000000e+00   0.000000e+00   2.822324e+02   9.399849e-11   7.616581e-05
1.047000e+02   3.404127e+00   0.000000e+00   0.000000e+00   2.831704e+02   9.259911e-11   7.528129e-05
1.048000e+02   2.048291e+00   0.000000e+00   0.000000e+00   2.841226e+02   9.122050e-11   7.440988e-05
1.049000e+02   8.607608e-01   0.000000e+00   0.000000e+00   2.850896e+02   8.986213e-11   7.355130e-05
1.050000e+02   -3.382154e-01   0.000000e+00   0.000000e+00   2.860719e+02   8.852346e-11   7.270529e-05
1.051000e+02   -1.728435e+00   0.000000e+00   0.000000e+00   2.870703e+02   8.720401e-11   7.187156e-05
1.052000e+02   -3.490349e+00   0.000000e+00   0.000000e+00   2.880847e+02   8.590359e-11   7.104997e-05
1.053000e+02   -6.066090e+00   0.000000e+00   0.000000e+00   2.891150e+02   8.462207e-11   7.024035e-05
1.054000e+02   -9.449226e+00   0.000000e+00   0.000000e+00   2.901612e+02   8.335931e-11   6.944257e-05
1.055000e+02   -1.321446e+01   0.000000e+00   0.000000e+00   2.912230e+02   8.211520e-11   6.865648e-05
1.056000e+02   -1.693651e+01   0.000000e+00   0.000000e+00   2.923003e+02   8.088958e-11   6.788194e-05
1.057000e+02   -2.019007e+01   0.000000e+00   0.000000e+00   2.933932e+02   7.968231e-11   6.711881e-05
1.058000e+02   -2.305205e+01   0.000000e+00   0.000000e+00   2.945013e+02   7.849324e-11   6.636695e-05
1.059000e+02   -2.582840e+01   0.000000e+00   0.000000e+00   2.956247e+02   7.732221e-11   6.562620e-05
1.060000e+02   -2.843742e+01   0.000000e+00   0.000000e+00   2.967631e+02   7.616905e-11   6.489643e-05
1.061000e+02   -3.079737e+01   0.000000e+00   0.000000e+00   2.979165e+02   7.503361e-11   6.417750e-05
1.062000e+02   -3.282653e+01   0.000000e+00   0.000000e+00   2.990848e+02   7.391571e-11   6.346926e-05
1.063000e+02   -3.444950e+01   0.000000e+00   0.000000e+00   3.002678e+02   7.281517e-11   6.277156e-05
1.064000e+02   -3.576724e+01   0.000000e+00   0.000000e+00   3.014654e+02   7.173181e-11   6.208428e-05
1.065000e+02   -3.697029e+01   0.000000e+00   0.000000e+00   3.026775e+02   7.066545e-11   6.140725e-05
1.066000e+02   -3.824922e+01   0.000000e+00   0.000000e+00   3.039040e+02   6.961591e-11   6.074034e-05
1.067000e+02   -3.979458e+01   0.000000e+00   0.000000e+00   3.051447e+02   6.858298e-11   6.008341e-05
1.068000e+02   -4.175735e+01   0.000000e+00   0.000000e+00   3.063996e+02   6.756648e-11   5.943631e-05
1.069000e+02   -4.406473e+01   0.000000e+00   0.000000e+00   3.076685e+02   6.656621e-11   5.879890e-05
1.070000e+02   -4.656653e+01   0.000000e+00   0.000000e+00   3.089513e+02   6.558197e-11   5.817104e-05
1.071000e+02   -4.911253e+01   0.000000e+00   0.000000e+00   3.102479e+02   6.461355e-11   5.755258e-05
1.072000e+02   -5.155251e+01   0.000000e+00   0.000000e+00   3.115581e+02   6.366075e-11   5.694337e-05
1.073000e+02   -5.394680e+01   0.000000e+00   0.000000e+00   3.128819e+02   6.272337e-11   5.634329e-05
1.074000e+02   -5.644585e+01   0.000000e+00   0.000000e+00   3.142191e+02   6.180120e-11   5.575218e-05
1.075000e+02   -5.889201e+01   0.000000e+00   0.000000e+00   3.155696e+02   6.089401e-11   5.516990e-05
1.076000e+02   -6.112503e+01   0.000000e+00   0.000000e+00   3.169334e+02   6.000162e-11   5.459631e-05
1.077000e+02   -6.298464e+01   0.000000e+00   0.000000e+00   3.183101e+02   5.912379e-11   5.403126e-05
1.078000e+02   -6.458925e+01   0.000000e+00   0.000000e+00   3.196999e+02   5.826031e-11   5.347461e-05
1.079000e+02   -6.620301e+01   0.000000e+00   0.000000e+00   3.211024e+02   5.741097e-11   5.292622e-05
1.080000e+02   -6.761681e+01   0.000000e+00   0.000000e+00   3.225177e+02   5.657556e-11   5.238594e-05
1.081000e+02   -6.861476e+01   0.000000e+00   0.000000e+00   3.239456e+02   5.575384e-11   5.185364e-05
1.082000e+02   -6.898100e+01   0.000000e+00   0.000000e+00   3.253859e+02   5.494562e-11   5.132917e-05
1.083000e+02   -6.881993e+01   0.000000e+00   0.000000e+00   3.268387e+02   5.415066e-11   5.081237e-05
1.084000e+02   -6.862497e+01   0.000000e+00   0.000000e+00   3.283036e+02   5.336874e-11   5.030313e-05
1.085000e+02   -6.840616e+01   0.000000e+00   0.000000e+00   3.297807e+02   5.259966e-11   4.980128e-05
1.086000e+02   -6.816170e+01   0.000000e+00   0.000000e+00   3.312697e+02   5.184319e-11   4.930668e-05
1.087000e+02   -6.788981e+01   0.000000e+00   0.000000e+00   3.327707e+02   5.109910e-11   4.881920e-05
1.088000e+02   -6.753735e+01   0.000000e+00   0.000000e+00   3.342834e+02   5.036719e-11   4.833869e-05
1.089000e+02   -6.704535e+01   0.000000e+00   0.000000e+00   3.358077e+02   4.964723e-11   4.786501e-05
1.090000e+02   -6.649836e+01   0.000000e+00   0.000000e+00   3.373436e+02   4.893901e-11   4.739800e-05
1.091000e+02   -6.598472e+01   0.000000e+00   0.000000e+00   3.388909e+02   4.824231e-11   4.693754e-05
1.092000e+02   -6.559277e+01   0.000000e+00   0.000000e+00   3.404495e+02   4.755690e-11   4.648348e-05
1.093000e+02   -6.543015e+01   0.000000e+00   0.000000e+00   3.420192e+02   4.688258e-11   4.603566e-05
1.094000e+02   -6.554547e+01   0.000000e+00   0.000000e+00   3.436000e+02   4.621913e-11   4.559396e-05
1.095000e+02   -6.586828e+01   0.000000e+00   0.000000e+00   3.451918e+02   4.556634e-11   4.515823e-05
1.096000e+02   -6.632492e+01   0.000000e+00   0.000000e+00   3.467943e+02   4.492398e-11   4.472832e-05
1.097000e+02   -6.684169e+01   0.000000e+00   0.000000e+00   3.484076e+02   4.429186e-11   4.430409e-05
1.098000e+02   -6.742016e+01   0.000000e+00   0.000000e+00   3.500314e+02   4.366976e-11   4.388540e-05
1.099000e+02   -6.820614e+01   0.000000e+00   0.000000e+00   3.516655e+02   4.305751e-11   4.347214e-05
1.100000e+02   -6.918489e+01   0.000000e+00   0.000000e+00   3.533094e+02   4.245505e-11   4.306425e-05
1.101000e+02   -7.033226e+01   0.000000e+00   0.000000e+00   3.549626e+02   4.186227e-11   4.266166e-05
1.102000e+02   -7.162413e+01   0.000000e+00   0.000000e+00   3.566246e+02   4.127910e-11   4.226432e-05
1.103000e+02   -7.312662e+01   0.000000e+00   0.000000e+00   3.582949e+02   4.070544e-11   4.187217e-05
1.104000e+02   -7.502323e+01   0.000000e+00   0.000000e+00   3.599730e+02   4.014120e-11   4.148515e-05
1.105000e+02   -7.719602e+01   0.000000e+00   0.000000e+00   3.616584e+02   3.958628e-11   4.110320e-05
1.106000e+02   -7.950876e+01   0.000000e+00   0.000000e+00   3.633505e+02   3.904059e-11   4.072626e-05
1.107000e+02   -8.182525e+01   0.000000e+00   0.000000e+00   3.650489e+02   3.850402e-11   4.035427e-05
1.108000e+02   -8.414563e+01   0.000000e+00   0.000000e+00   3.667531e+02   3.797646e-11   3.998717e-05
1.109000e+02   -8.672819e+01   0.000000e+00   0.000000e+00   3.684626e+02   3.745782e-11   3.962491e-05
1.110000e+02   -8.936747e+01   0.000000e+00   0.000000e+00   3.701768e+02   3.694799e-11   3.926741e-05
1.111000e+02   -9.182200e+01   0.000000e+00   0.000000e+00   3.718952e+02   3.644685e-11   3.891464e-05
1.112000e+02   -9.385029e+01   0.000000e+00   0.000000e+00   3.736174e+02   3.595431e-11   3.856651e-05
1.113000e+02   -9.539007e+01   0.000000e+00   0.000000e+00   3.753428e+02   3.547024e-11   3.822298e-05
1.114000e+02   -9.688786e+01   0.000000e+00   0.000000e+00   3.770710e+02   3.499453e-11   3.788399e-05
1.115000e+02   -9.823633e+01   0.000000e+00   0.000000e+00   3.788014e+02   3.452708e-11   3.754947e-05
1.116000e+02   -9.926978e+01   0.000000e+00   0.000000e+00   3.805335e+02   3.406777e-11   3.721937e-05
1.117000e+02   -9.982251e+01   0.000000e+00   0.000000e+00   3.822668e+02   3.361649e-11   3.689363e-05
1.118000e+02   -9.984007e+01   0.000000e+00   0.000000e+00   3.840009e+02   3.317312e-11   3.657218e-05
1.119000e+02   -9.969479e+01   0.000000e+00   0.000000e+00   3.857351e+02   3.273754e-11   3.625498e-05
1.120000e+02   -9.945444e+01   0.000000e+00   0.000000e+00   3.874691e+02   3.230965e-11   3.594195e-05
1.121000e+02   -9.914239e+01   0.000000e+00   0.000000e+00   3.892022e+02   3.188932e-11   3.563304e-05
1.122000e+02   -9.878202e+01   0.000000e+00   0.000000e+00   3.909341e+02   3.147644e-11   3.532820e-05
1.123000e+02   -9.834645e+01   0.000000e+00   0.000000e+00   3.926641e+02   3.107089e-11   3.502735e-05
1.124000e+02   -9.763889e+01   0.000000e+00   0.000000e+00   3.943918e+02   3.067257e-11   3.473045e-05
1.125000e+02   -9.668460e+01   0.000000e+00   0.000000e+00   3.961167e+02   3.028135e-11   3.443743e-05
1.126000e+02   -9.553921e+01   0.000000e+00   0.000000e+00   3.978382e+02   2.989712e-11   3.414823e-05
1.127000e+02   -9.425837e+01   0.000000e+00   0.000000e+00   3.995560e+02   2.951976e-11   3.386280e-05
1.128000e+02   -9.277326e+01   0.000000e+00   0.000000e+00   4.012693e+02   2.914917e-11   3.358107e-05
1.129000e+02   -9.061595e+01   0.000000e+00   0.000000e+00   4.029779e+02   2.878522e-11   3.330299e-05
1.130000e+02   -8.807068e+01   0.000000e+00   0.000000e+00   4.046810e+02   2.842781e-11   3.302849e-05
1.131000e+02   -8.552916e+01   0.000000e+00   0.000000e+00   4.063784e+02   2.807683e-11   3.275752e-05
1.132000e+02   -8.338311e+01   0.000000e+00   0.000000e+00   4.080693e+02   2.773215e-11   3.249001e-05
1.133000e+02   -8.194588e+01   0.000000e+00   0.000000e+00   4.097534e+02   2.739368e-11   3.222592e-05
1.134000e+02   -8.092611e+01   0.000000e+00   0.000000e+00   4.114301e+02   2.706129e-11   3.196517e-05
1.135000e+02   -8.009330e+01   0.000000e+00   0.000000e+00   4.130990e+02   2.673489e-11   3.170771e-05
1.136000e+02   -7.927170e+01   0.000000e+00   0.000000e+00   4.147594e+02   2.641436e-11   3.145348e-05
1.137000e+02   -7.828556e+01   0.000000e+00   0.000000e+00   4.164110e+02   2.609959e-11   3.120242e-05
1.138000e+02   -7.695622e+01   0.000000e+00   0.000000e+00   4.180532e+02   2.579048e-11   3.095447e-05
1.139000e+02   -7.519871e+01   0.000000e+00   0.000000e+00   4.196855e+02   2.548693e-11   3.070957e-05
1.140000e+02   -7.312791e+01   0.000000e+00   0.000000e+00   4.213073e+02   2.518882e-11   3.046767e-05
1.141000e+02   -7.087715e+01   0.000000e+00   0.000000e+00   4.229183e+02   2.489606e-11   3.022870e-05
1.142000e+02   -6.857979e+01   0.000000e+00   0.000000e+00   4.245179e+02   2.460854e-11   2.999260e-05
1.143000e+02   -6.635316e+01   0.000000e+00   0.000000e+00   4.261055e+02   2.432615e-11   2.975931e-05
1.144000e+02   -6.413936e+01   0.000000e+00   0.000000e+00   4.276807e+02   2.404881e-11   2.952878e-05
1.145000e+02   -6.186644e+01   0.000000e+00   0.000000e+00   4.292430e+02   2.377640e-11   2.930095e-05
1.146000e+02   -5.947973e+01   0.000000e+00   0.000000e+00   4.307918e+02   2.350884e-11   2.907575e-05
1.147000e+02   -5.692456e+01   0.000000e+00   0.000000e+00   4.323267e+02   2.324601e-11   2.885313e-05
1.148000e+02   -5.412046e+01   0.000000e+00   0.000000e+00   4.338472e+02   2.298784e-11   2.863302e-05
1.149000e+02   -5.086694e+01   0.000000e+00   0.000000e+00   4.353527e+02   2.273421e-11   2.841538e-05
1.150000e+02   -4.731828e+01   0.000000e+00   0.000000e+00   4.368427e+02   2.248504e-11   2.820013e-05
1.151000e+02   -4.370387e+01   0.000000e+00   0.000000e+00   4.383168e+02   2.224023e-11   2.798722e-05
1.152000e+02   -4.025307e+01   0.000000e+00   0.000000e+00   4.397744e+02   2.199969e-11   2.777659e-05
1.153000e+02   -3.714869e+01   0.000000e+00   0.000000e+00   4.412151e+02   2.176334e-11   2.756818e-05
1.154000e+02   -3.409125e+01   0.000000e+00   0.000000e+00   4.426382e+02   2.153107e-11   2.736194e-05
1.155000e+02   -3.110656e+01   0.000000e+00   0.000000e+00   4.440434e+02   2.130280e-11   2.715779e-05
1.156000e+02   -2.835477e+01   0.000000e+00   0.000000e+00   4.454301e+02   2.107844e-11   2.695569e-05
1.157000e+02   -2.599598e+01   0.000000e+00   0.000000e+00   4.467978e+02   2.085791e-11   2.675557e-05
1.158000e+02   -2.416203e+01   0.000000e+00   0.000000e+00   4.481461e+02   2.064112e-11   2.655737e-05
1.159000e+02   -2.260124e+01   0.000000e+00   0.000000e+00   4.494751e+02   2.042797e-11   2.636108e-05
1.160000e+02   -2.122369e+01   -0.000000e+00   -0.000000e+00   4.507852e+02   2.021838e-11   2.616666e-05
1.161000e+02   -2.004180e+01   -0.000000e+00   -0.000000e+00   4.520769e+02   2.001226e-11   2.597412e-05
1.162000e+02   -1.906799e+01   -0.000000e+00   -0.000000e+00   4.533506e+02   1.980952e-11   2.578342e-05
1.163000e+02   -1.830229e+01   -0.000000e+00   -0.000000e+00   4.546067e+02   1.961009e-11   2.559456e-05
1.164000e+02   -1.758267e+01   -0.000000e+00   -0.000000e+00   4.558456e+02   1.941387e-11   2.540752e-05
1.165000e+02   -1.692147e+01   -0.000000e+00   -0.000000e+00   4.570677e+02   1.922080e-11   2.522228e-05
1.166000e+02   -1.640428e+01   -0.000000e+00   -0.000000e+00   4.582736e+02   1.903079e-11   2.503883e-05
1.167000e+02   -1.611672e+01   -0.000000e+00   -0.000000e+00   4.594635e+02   1.884378e-11   2.485715e-05
1.168000e+02   -1.616685e+01   -0.000000e+00   -0.000000e+00   4.606379e+02   1.865968e-11   2.467722e-05
1.169000e+02   -1.694509e+01   -0.000000e+00   -0.000000e+00   4.617973e+02   1.847844e-11   2.449904e-05
1.170000e+02   -1.824966e+01   -0.000000e+00   -0.000000e+00   4.629420e+02   1.829998e-11   2.432257e-05
1.171000e+02   -1.966400e+01   -0.000000e+00   -0.000000e+00   4.640724e+02   1.812424e-11   2.414782e-05
1.172000e+02   -2.077159e+01   -0.000000e+00   -0.000000e+00   4.651891e+02   1.795115e-11   2.397476e-05
1.173000e+02   -2.118457e+01   -0.000000e+00   -0.000000e+00   4.662924e+02   1.778065e-11   2.380337e-05
1.174000e+02   -2.130927e+01   -0.000000e+00   -0.000000e+00   4.673827e+02   1.761269e-11   2.363364e-05
1.175000e+02   -2.142154e+01   -0.000000e+00   -0.000000e+00   4.684605e+02   1.744719e-11   2.346556e-05
1.176000e+02   -2.152909e+01   -0.000000e+00   -0.000000e+00   4.695261e+02   1.728411e-11   2.329910e-05
1.177000e+02   -2.163966e+01   -0.000000e+00   -0.000000e+00   4.705801e+02   1.712339e-11   2.313426e-05
1.178000e+02   -2.176190e+01   -0.000000e+00   -0.000000e+00   4.716228e+02   1.696497e-11   2.297101e-05
1.179000e+02   -2.193157e+01   -0.000000e+00   -0.000000e+00   4.726546e+02   1.680880e-11   2.280935e-05
1.180000e+02   -2.216083e+01   -0.000000e+00   -0.000000e+00   4.736760e+02   1.665482e-11   2.264924e-05
1.181000e+02   -2.244564e+01   -0.000000e+00   -0.000000e+00   4.746873e+02   1.650300e-11   2.249069e-05
1.182000e+02   -2.278194e+01   -0.000000e+00   -0.000000e+00   4.756891e+02   1.635327e-11   2.233367e-05
1.183000e+02   -2.317811e+01   -0.000000e+00   -0.000000e+00   4.766817e+02   1.620559e-11   2.217817e-05
1.184000e+02   -2.411753e+01   -0.000000e+00   -0.000000e+00   4.776655e+02   1.605991e-11   2.202417e-05
1.185000e+02   -2.558140e+01   -0.000000e+00   -0.000000e+00   4.786410e+02   1.591619e-11   2.187165e-05
1.186000e+02   -2.719815e+01   -0.000000e+00   -0.000000e+00   4.796086e+02   1.577439e-11   2.172060e-05
1.187000e+02   -2.859620e+01   -0.000000e+00   -0.000000e+00   4.805687e+02   1.563445e-11   2.157101e-05
1.188000e+02   -2.941195e+01   -0.000000e+00   -0.000000e+00   4.815217e+02   1.549633e-11   2.142285e-05
1.189000e+02   -2.990138e+01   -0.000000e+00   -0.000000e+00   4.824681e+02   1.536000e-11   2.127611e-05
1.190000e+02   -3.033347e+01   -0.000000e+00   -0.000000e+00   4.834083e+02   1.522542e-11   2.113078e-05
1.191000e+02   -3.068294e+01   -0.000000e+00   -0.000000e+00   4.843426e+02   1.509253e-11   2.098684e-05
1.192000e+02   -3.092448e+01   -0.000000e+00   -0.000000e+00   4.852716e+02   1.496131e-11   2.084428e-05
1.193000e+02   -3.103178e+01   -0.000000e+00   -0.000000e+00   4.861956e+02   1.483171e-11   2.070307e-05
1.194000e+02   -3.088137e+01   -0.000000e+00   -0.000000e+00   4.871150e+02   1.470371e-11   2.056320e-05
1.195000e+02   -3.046878e+01   -0.000000e+00   -0.000000e+00   4.880304e+02   1.457725e-11   2.042466e-05
1.196000e+02   -2.989008e+01   -0.000000e+00   -0.000000e+00   4.889420e+02   1.445231e-11   2.028743e-05
1.197000e+02   -2.924135e+01   -0.000000e+00   -0.000000e+00   4.898504e+02   1.432886e-11   2.015150e-05
1.198000e+02   -2.861766e+01   -0.000000e+00   -0.000000e+00   4.907558e+02   1.420685e-11   2.001684e-05
1.199000e+02   -2.787579e+01   -0.000000e+00   -0.000000e+00   4.916589e+02   1.408625e-11   1.988345e-05
1.200000e+02   -2.697011e+01   -0.000000e+00   -0.000000e+00   4.925599e+02   1.396704e-11   1.975130e-05
1.201000e+02   -2.605848e+01   -0.000000e+00   -0.000000e+00   4.934594e+02   1.384917e-11   1.962038e-05
1.202000e+02   -2.529873e+01   -0.000000e+00   -0.000000e+00   4.943576e+02   1.373262e-11   1.949068e-05
1.203000e+02   -2.484848e+01   -0.000000e+00   -0.000000e+00   4.952551e+02   1.361736e-11   1.936218e-05
1.204000e+02   -2.462512e+01   -0.000000e+00   -0.000000e+00   4.961523e+02   1.350336e-11   1.923486e-05
1.205000e+02   -2.445263e+01   -0.000000e+00   -0.000000e+00   4.970496e+02   1.339058e-11   1.910871e-05
1.206000e+02   -2.431047e+01   -0.000000e+00   -0.000000e+00   4.979474e+02   1.327900e-11   1.898371e-05
1.207000e+02   -2.417807e+01   -0.000000e+00   -0.000000e+00   4.988461e+02   1.316859e-11   1.885985e-05
1.208000e+02   -2.403489e+01   -0.000000e+00   -0.000000e+00   4.997461e+02   1.305932e-11   1.873710e-05
1.209000e+02   -2.389569e+01   -0.000000e+00   -0.000000e+00   5.006479e+02   1.295117e-11   1.861546e-05
1.210000e+02   -2.377346e+01   -0.000000e+00   -0.000000e+00   5.015520e+02   1.284410e-11   1.849491e-05
1.211000e+02   -2.364492e+01   -0.000000e+00   -0.000000e+00   5.024586e+02   1.273810e-11   1.837542e-05
1.212000e+02   -2.348683e+01   -0.000000e+00   -0.000000e+00   5.033683e+02   1.263314e-11   1.825700e-05
1.213000e+02   -2.327592e+01   -0.000000e+00   -0.000000e+00   5.042814e+02   1.252918e-11   1.813961e-05
1.214000e+02   -2.287274e+01   -0.000000e+00   -0.000000e+00   5.051984e+02   1.242622e-11   1.802325e-05
1.215000e+02   -2.221904e+01   -0.000000e+00   -0.000000e+00   5.061197e+02   1.232421e-11   1.790790e-05
1.216000e+02   -2.144246e+01   -0.000000e+00   -0.000000e+00   5.070457e+02   1.222314e-11   1.779354e-05
1.217000e+02   -2.067080e+01   -0.000000e+00   -0.000000e+00   5.079769e+02   1.212299e-11   1.768016e-05
1.218000e+02   -2.003186e+01   -0.000000e+00   -0.000000e+00   5.089136e+02   1.202373e-11   1.756773e-05
1.219000e+02   -1.955511e+01   -0.000000e+00   -0.000000e+00   5.098563e+02   1.192535e-11   1.745626e-05
1.220000e+02   -1.913767e+01   -0.000000e+00   -0.000000e+00   5.108054e+02   1.182781e-11   1.734571e-05
1.221000e+02   -1.874044e+01   -0.000000e+00   -0.000000e+00   5.117613e+02   1.173109e-11   1.723607e-05
1.222000e+02   -1.832470e+01   -0.000000e+00   -0.000000e+00   5.127245e+02   1.163519e-11   1.712733e-05
1.223000e+02   -1.785173e+01   -0.000000e+00   -0.000000e+00   5.136954e+02   1.154006e-11   1.701948e-05
1.224000e+02   -1.722172e+01   -0.000000e+00   -0.000000e+00   5.146743e+02   1.144571e-11   1.691249e-05
1.225000e+02   -1.642293e+01   -0.000000e+00   -0.000000e+00   5.156617e+02   1.135209e-11   1.680634e-05
1.226000e+02   -1.560835e+01   -0.000000e+00   -0.000000e+00   5.166581e+02   1.125921e-11   1.670103e-05
1.227000e+02   -1.493202e+01   -0.000000e+00   -0.000000e+00   5.176638e+02   1.116702e-11   1.659654e-05
1.228000e+02   -1.454797e+01   -0.000000e+00   -0.000000e+00   5.186793e+02   1.107553e-11   1.649285e-05
1.229000e+02   -1.455322e+01   -0.000000e+00   -0.000000e+00   5.197050e+02   1.098471e-11   1.638995e-05
1.230000e+02   -1.484756e+01   -0.000000e+00   -0.000000e+00   5.207413e+02   1.089453e-11   1.628782e-05
1.231000e+02   -1.530769e+01   -0.000000e+00   -0.000000e+00   5.217886e+02   1.080499e-11   1.618644e-05
1.232000e+02   -1.581089e+01   -0.000000e+00   -0.000000e+00   5.228473e+02   1.071607e-11   1.608580e-05
1.233000e+02   -1.623458e+01   -0.000000e+00   -0.000000e+00   5.239170e+02   1.062777e-11   1.598590e-05
1.234000e+02   -1.658815e+01   -0.000000e+00   -0.000000e+00   5.249978e+02   1.054010e-11   1.588673e-05
1.235000e+02   -1.700492e+01   -0.000000e+00   -0.000000e+00   5.260893e+02   1.045305e-11   1.578829e-05
1.236000e+02   -1.739075e+01   -0.000000e+00   -0.000000e+00   5.271913e+02   1.036664e-11   1.569057e-05
1.237000e+02   -1.764634e+01   -0.000000e+00   -0.000000e+00   5.283037e+02   1.028086e-11   1.559357e-05
1.238000e+02   -1.767239e+01   -0.000000e+00   -0.000000e+00   5.294263e+02   1.019572e-11   1.549729e-05
1.239000e+02   -1.737564e+01   -0.000000e+00   -0.000000e+00   5.305588e+02   1.011121e-11   1.540171e-05
1.240000e+02   -1.678799e+01   -0.000000e+00   -0.000000e+00   5.317010e+02   1.002734e-11   1.530685e-05
1.241000e+02   -1.602891e+01   -0.000000e+00   -0.000000e+00   5.328528e+02   9.944119e-12   1.521269e-05
1.242000e+02   -1.521894e+01   -0.000000e+00   -0.000000e+00   5.340139e+02   9.861536e-12   1.511922e-05
1.243000e+02   -1.447863e+01   -0.000000e+00   -0.000000e+00   5.351841e+02   9.779597e-12   1.502645e-05
1.244000e+02   -1.386409e+01   -0.000000e+00   -0.000000e+00   5.363633e+02   9.698302e-12   1.493438e-05
1.245000e+02   -1.327772e+01   -0.000000e+00   -0.000000e+00   5.375512e+02   9.617653e-12   1.484298e-05
1.246000e+02   -1.270203e+01   -0.000000e+00   -0.000000e+00   5.387476e+02   9.537649e-12   1.475228e-05
1.247000e+02   -1.212429e+01   -0.000000e+00   -0.000000e+00   5.399523e+02   9.458292e-12   1.466225e-05
1.248000e+02   -1.153180e+01   -0.000000e+00   -0.000000e+00   5.411652e+02   9.379582e-12   1.457289e-05
1.249000e+02   -1.091936e+01   -0.000000e+00   -0.000000e+00   5.423860e+02   9.301518e-12   1.448420e-05
1.250000e+02   -1.029890e+01   -0.000000e+00   -0.000000e+00   5.436145e+02   9.224100e-12   1.439618e-05
1.251000e+02   -9.668824e+00   -0.000000e+00   -0.000000e+00   5.448505e+02   9.147329e-12   1.430883e-05
1.252000e+02   -9.026656e+00   -0.000000e+00   -0.000000e+00   5.460938e+02   9.071203e-12   1.422213e-05
1.253000e+02   -8.369919e+00   -0.000000e+00   -0.000000e+00   5.473442e+02   8.995723e-12   1.413608e-05
1.254000e+02   -7.658852e+00   -0.000000e+00   -0.000000e+00   5.486016e+02   8.920886e-12   1.405068e-05
1.255000e+02   -6.836168e+00   -0.000000e+00   -0.000000e+00   5.498656e+02   8.846693e-12   1.396593e-05
1.256000e+02   -6.001423e+00   -0.000000e+00   -0.000000e+00   5.511362e+02   8.773142e-12   1.388182e-05
1.257000e+02   -5.262679e+00   -0.000000e+00   -0.000000e+00   5.524130e+02   8.700232e-12   1.379835e-05
1.258000e+02   -4.727998e+00   -0.000000e+00   -0.000000e+00   5.536959e+02   8.627962e-12   1.371551e-05
1.259000e+02   -4.470255e+00   -0.000000e+00   -0.000000e+00   5.549848e+02   8.556330e-12   1.363330e-05
1.260000e+02   -4.403250e+00   -0.000000e+00   -0.000000e+00   5.562793e+02   8.485334e-12   1.355171e-05
1.261000e+02   -4.456858e+00   -0.000000e+00   -0.000000e+00   5.575793e+02   8.414972e-12   1.347075e-05
1.262000e+02   -4.566554e+00   -0.000000e+00   -0.000000e+00   5.588846e+02   8.345244e-12   1.339040e-05
1.263000e+02   -4.667813e+00   -0.000000e+00   -0.000000e+00   5.601950e+02   8.276146e-12   1.331066e-05
1.264000e+02   -4.725517e+00   -0.000000e+00   -0.000000e+00   5.615102e+02   8.207677e-12   1.323154e-05
1.265000e+02   -4.805067e+00   -0.000000e+00   -0.000000e+00   5.628302e+02   8.139834e-12   1.315301e-05
1.266000e+02   -4.901390e+00   -0.000000e+00   -0.000000e+00   5.641546e+02   8.072615e-12   1.307509e-05
1.267000e+02   -5.000693e+00   -0.000000e+00   -0.000000e+00   5.654833e+02   8.006017e-12   1.299776e-05
1.268000e+02   -5.089185e+00   -0.000000e+00   -0.000000e+00   5.668160e+02   7.940039e-12   1.292103e-05
1.269000e+02   -5.155668e+00   -0.000000e+00   -0.000000e+00   5.681527e+02   7.874677e-12   1.284488e-05
1.270000e+02   -5.206381e+00   -0.000000e+00   -0.000000e+00   5.694930e+02   7.809929e-12   1.276932e-05
1.271000e+02   -5.250045e+00   -0.000000e+00   -0.000000e+00   5.708367e+02   7.745791e-12   1.269434e-05
1.272000e+02   -5.294812e+00   -0.000000e+00   -0.000000e+00   5.721837e+02   7.682261e-12   1.261993e-05
1.273000e+02   -5.348833e+00   -0.000000e+00   -0.000000e+00   5.735338e+02   7.619336e-12   1.254609e-05
1.274000e+02   -5.425898e+00   -0.000000e+00   -0.000000e+00   5.748868e+02   7.557013e-12   1.247282e-05
1.275000e+02   -5.543640e+00   -0.000000e+00   -0.000000e+00   5.762423e+02   7.495288e-12   1.240012e-05
1.276000e+02   -5.673944e+00   -0.000000e+00   -0.000000e+00   5.776004e+02   7.434159e-12   1.232797e-05
1.277000e+02   -5.784121e+00   -0.000000e+00   -0.000000e+00   5.789607e+02   7.373621e-12   1.225638e-05
1.278000e+02   -5.841482e+00   -0.000000e+00   -0.000000e+00   5.803230e+02   7.313673e-12   1.218534e-05
1.279000e+02   -5.816236e+00   -0.000000e+00   -0.000000e+00   5.816872e+02   7.254309e-12   1.211485e-05
1.280000e+02   -5.719123e+00   -0.000000e+00   -0.000000e+00   5.830530e+02   7.195527e-12   1.204490e-05
1.281000e+02   -5.588956e+00   -0.000000e+00   -0.000000e+00   5.844203e+02   7.137324e-12   1.197548e-05
1.282000e+02   -5.464943e+00   -0.000000e+00   -0.000000e+00   5.857888e+02   7.079695e-12   1.190660e-05
1.283000e+02   -5.386289e+00   -0.000000e+00   -0.000000e+00   5.871583e+02   7.022637e-12   1.183826e-05
1.284000e+02   -5.399397e+00   -0.000000e+00   -0.000000e+00   5.885286e+02   6.966146e-12   1.177043e-05
1.285000e+02   -5.552715e+00   -0.000000e+00   -0.000000e+00   5.898996e+02   6.910218e-12   1.170314e-05
1.286000e+02   -5.805919e+00   -0.000000e+00   -0.000000e+00   5.912710e+02   6.854850e-12   1.163635e-05
1.287000e+02   -6.107718e+00   -0.000000e+00   -0.000000e+00   5.926427e+02   6.800037e-12   1.157009e-05
1.288000e+02   -6.406822e+00   -0.000000e+00   -0.000000e+00   5.940143e+02   6.745777e-12   1.150433e-05
1.289000e+02   -6.683480e+00   -0.000000e+00   -0.000000e+00   5.953858e+02   6.692064e-12   1.143908e-05
1.290000e+02   -7.075786e+00   -0.000000e+00   -0.000000e+00   5.967569e+02   6.638895e-12   1.137432e-05
1.291000e+02   -7.500469e+00   -0.000000e+00   -0.000000e+00   5.981274e+02   6.586266e-12   1.131007e-05
1.292000e+02   -7.829419e+00   -0.000000e+00   -0.000000e+00   5.994971e+02   6.534173e-12   1.124631e-05
1.293000e+02   -7.934527e+00   -0.000000e+00   -0.000000e+00   6.008659e+02   6.482611e-12   1.118304e-05
1.294000e+02   -7.726301e+00   -0.000000e+00   -0.000000e+00   6.022334e+02   6.431578e-12   1.112025e-05
1.295000e+02   -7.430840e+00   -0.000000e+00   -0.000000e+00   6.035995e+02   6.381067e-12   1.105795e-05
1.296000e+02   -7.117548e+00   -0.000000e+00   -0.000000e+00   6.049641e+02   6.331077e-12   1.099612e-05
1.297000e+02   -6.797229e+00   -0.000000e+00   -0.000000e+00   6.063268e+02   6.281601e-12   1.093477e-05
1.298000e+02   -6.480687e+00   -0.000000e+00   -0.000000e+00   6.076875e+02   6.232637e-12   1.087388e-05
1.299000e+02   -6.176818e+00   -0.000000e+00   -0.000000e+00   6.090461e+02   6.184179e-12   1.081346e-05
1.300000e+02   -5.876441e+00   -0.000000e+00   -0.000000e+00   6.104022e+02   6.136224e-12   1.075349e-05
