#% 0, Z0, m, 0.0
#% 1, Z, km
#% 2, U, m/s
#% 3, V, m/s
#% 4, W, m/s
#% 5, T, degK
#% 6, RHO, g/cm3
#% 7, P, mbar
0.000000e+00   -6.211503e+00   0.000000e+00   0.000000e+00   2.806135e+02   1.206883e-03   9.723135e+02
1.000000e-01   -5.890298e+00   0.000000e+00   0.000000e+00   2.798751e+02   1.195508e-03   9.606147e+02
2.000000e-01   -5.483017e+00   0.000000e+00   0.000000e+00   2.790923e+02   1.184396e-03   9.490240e+02
3.000000e-01   -4.777175e+00   0.000000e+00   0.000000e+00   2.782923e+02   1.173434e-03   9.375452e+02
4.000000e-01   -3.617150e+00   0.000000e+00   0.000000e+00   2.775037e+02   1.162505e-03   9.261809e+02
5.000000e-01   -2.185984e+00   0.000000e+00   0.000000e+00   2.767646e+02   1.151446e-03   9.149270e+02
6.000000e-01   -8.981841e-01   0.000000e+00   0.000000e+00   2.760812e+02   1.140230e-03   9.037780e+02
7.000000e-01   -5.936706e-02   0.000000e+00   0.000000e+00   2.754300e+02   1.128958e-03   8.927327e+02
8.000000e-01   3.793576e-01   0.000000e+00   0.000000e+00   2.747886e+02   1.117729e-03   8.817951e+02
9.000000e-01   6.322401e-01   0.000000e+00   0.000000e+00   2.741516e+02   1.106569e-03   8.709669e+02
1.000000e+00   7.775977e-01   0.000000e+00   0.000000e+00   2.735003e+02   1.095558e-03   8.602517e+02
1.100000e+00   8.128254e-01   0.000000e+00   0.000000e+00   2.728174e+02   1.084765e-03   8.496496e+02
1.200000e+00   7.699479e-01   0.000000e+00   0.000000e+00   2.720926e+02   1.074218e-03   8.391538e+02
1.300000e+00   6.804775e-01   0.000000e+00   0.000000e+00   2.712897e+02   1.064052e-03   8.287593e+02
1.400000e+00   5.663731e-01   0.000000e+00   0.000000e+00   2.705621e+02   1.053664e-03   8.184673e+02
1.500000e+00   4.360817e-01   0.000000e+00   0.000000e+00   2.701268e+02   1.042226e-03   8.082803e+02
1.600000e+00   2.767200e-01   0.000000e+00   0.000000e+00   2.700037e+02   1.029694e-03   7.981971e+02
1.700000e+00   7.453447e-02   0.000000e+00   0.000000e+00   2.699370e+02   1.017070e-03   7.882165e+02
1.800000e+00   -1.656444e-01   0.000000e+00   0.000000e+00   2.696793e+02   1.005282e-03   7.783374e+02
1.900000e+00   -4.120965e-01   0.000000e+00   0.000000e+00   2.692879e+02   9.940945e-04   7.685584e+02
2.000000e+00   -6.373427e-01   0.000000e+00   0.000000e+00   2.688585e+02   9.831415e-04   7.588785e+02
2.100000e+00   -8.199377e-01   0.000000e+00   0.000000e+00   2.684353e+02   9.722580e-04   7.492961e+02
2.200000e+00   -9.542813e-01   0.000000e+00   0.000000e+00   2.680458e+02   9.613440e-04   7.398099e+02
2.300000e+00   -1.081755e+00   0.000000e+00   0.000000e+00   2.676787e+02   9.504426e-04   7.304190e+02
2.400000e+00   -1.212509e+00   0.000000e+00   0.000000e+00   2.672774e+02   9.397552e-04   7.211229e+02
2.500000e+00   -1.360097e+00   0.000000e+00   0.000000e+00   2.667948e+02   9.294420e-04   7.119212e+02
2.600000e+00   -1.599575e+00   0.000000e+00   0.000000e+00   2.662545e+02   9.194135e-04   7.028135e+02
2.700000e+00   -1.964750e+00   0.000000e+00   0.000000e+00   2.657055e+02   9.094965e-04   6.937996e+02
2.800000e+00   -2.371650e+00   0.000000e+00   0.000000e+00   2.651838e+02   8.995687e-04   6.848787e+02
2.900000e+00   -2.732735e+00   0.000000e+00   0.000000e+00   2.646981e+02   8.896011e-04   6.760494e+02
3.000000e+00   -2.960081e+00   0.000000e+00   0.000000e+00   2.642535e+02   8.795788e-04   6.673102e+02
3.100000e+00   -3.031580e+00   0.000000e+00   0.000000e+00   2.638402e+02   8.695367e-04   6.586600e+02
3.200000e+00   -3.053181e+00   0.000000e+00   0.000000e+00   2.634349e+02   8.595539e-04   6.500978e+02
3.300000e+00   -3.040032e+00   0.000000e+00   0.000000e+00   2.630133e+02   8.497082e-04   6.416229e+02
3.400000e+00   -3.005733e+00   0.000000e+00   0.000000e+00   2.625579e+02   8.400537e-04   6.332344e+02
3.500000e+00   -2.971614e+00   0.000000e+00   0.000000e+00   2.620746e+02   8.305680e-04   6.249315e+02
3.600000e+00   -2.920205e+00   0.000000e+00   0.000000e+00   2.615746e+02   8.212124e-04   6.167134e+02
3.700000e+00   -2.810266e+00   0.000000e+00   0.000000e+00   2.610693e+02   8.119495e-04   6.085794e+02
3.800000e+00   -2.716003e+00   0.000000e+00   0.000000e+00   2.605690e+02   8.027469e-04   6.005285e+02
3.900000e+00   -2.701984e+00   0.000000e+00   0.000000e+00   2.600693e+02   7.936169e-04   5.925600e+02
4.000000e+00   -2.823433e+00   0.000000e+00   0.000000e+00   2.595566e+02   7.846002e-04   5.846728e+02
4.100000e+00   -3.159889e+00   0.000000e+00   0.000000e+00   2.590171e+02   7.757364e-04   5.768660e+02
4.200000e+00   -3.729418e+00   0.000000e+00   0.000000e+00   2.584367e+02   7.670638e-04   5.691385e+02
4.300000e+00   -4.395314e+00   0.000000e+00   0.000000e+00   2.578083e+02   7.585993e-04   5.614896e+02
4.400000e+00   -5.025052e+00   0.000000e+00   0.000000e+00   2.571468e+02   7.502954e-04   5.539183e+02
4.500000e+00   -5.488097e+00   0.000000e+00   0.000000e+00   2.564714e+02   7.420933e-04   5.464242e+02
4.600000e+00   -5.717771e+00   0.000000e+00   0.000000e+00   2.558016e+02   7.339362e-04   5.390064e+02
4.700000e+00   -5.848262e+00   0.000000e+00   0.000000e+00   2.551565e+02   7.257693e-04   5.316644e+02
4.800000e+00   -5.923254e+00   0.000000e+00   0.000000e+00   2.545438e+02   7.175723e-04   5.243974e+02
4.900000e+00   -5.976361e+00   0.000000e+00   0.000000e+00   2.539495e+02   7.093865e-04   5.172048e+02
5.000000e+00   -6.041112e+00   0.000000e+00   0.000000e+00   2.533571e+02   7.012583e-04   5.100861e+02
5.100000e+00   -6.125209e+00   0.000000e+00   0.000000e+00   2.527503e+02   6.932326e-04   5.030406e+02
5.200000e+00   -6.180183e+00   0.000000e+00   0.000000e+00   2.521126e+02   6.853525e-04   4.960676e+02
5.300000e+00   -6.235632e+00   0.000000e+00   0.000000e+00   2.514341e+02   6.776420e-04   4.891667e+02
5.400000e+00   -6.324139e+00   0.000000e+00   0.000000e+00   2.507199e+02   6.700842e-04   4.823370e+02
5.500000e+00   -6.477798e+00   0.000000e+00   0.000000e+00   2.499770e+02   6.626578e-04   4.755780e+02
5.600000e+00   -6.767021e+00   0.000000e+00   0.000000e+00   2.492126e+02   6.553417e-04   4.688890e+02
5.700000e+00   -7.285439e+00   0.000000e+00   0.000000e+00   2.484335e+02   6.481159e-04   4.622694e+02
5.800000e+00   -7.906961e+00   0.000000e+00   0.000000e+00   2.476459e+02   6.409636e-04   4.557186e+02
5.900000e+00   -8.496712e+00   0.000000e+00   0.000000e+00   2.468491e+02   6.338868e-04   4.492371e+02
6.000000e+00   -8.922965e+00   0.000000e+00   0.000000e+00   2.460398e+02   6.268949e-04   4.428253e+02
6.100000e+00   -9.119097e+00   0.000000e+00   0.000000e+00   2.452149e+02   6.199966e-04   4.364841e+02
6.200000e+00   -9.281234e+00   0.000000e+00   0.000000e+00   2.443710e+02   6.132008e-04   4.302141e+02
6.300000e+00   -9.443974e+00   0.000000e+00   0.000000e+00   2.435049e+02   6.065160e-04   4.240160e+02
6.400000e+00   -9.612850e+00   0.000000e+00   0.000000e+00   2.426178e+02   5.999398e-04   4.178906e+02
6.500000e+00   -9.783939e+00   0.000000e+00   0.000000e+00   2.417218e+02   5.934439e-04   4.118394e+02
6.600000e+00   -9.912315e+00   0.000000e+00   0.000000e+00   2.408307e+02   5.869975e-04   4.058639e+02
6.700000e+00   -9.854783e+00   0.000000e+00   0.000000e+00   2.399580e+02   5.805703e-04   3.999654e+02
6.800000e+00   -9.691787e+00   0.000000e+00   0.000000e+00   2.391175e+02   5.741334e-04   3.941455e+02
6.900000e+00   -9.530444e+00   0.000000e+00   0.000000e+00   2.383229e+02   5.676588e-04   3.884056e+02
7.000000e+00   -9.480101e+00   0.000000e+00   0.000000e+00   2.375840e+02   5.611284e-04   3.827470e+02
7.100000e+00   -9.693677e+00   0.000000e+00   0.000000e+00   2.368982e+02   5.545523e-04   3.771695e+02
7.200000e+00   -1.033938e+01   0.000000e+00   0.000000e+00   2.362603e+02   5.479463e-04   3.716730e+02
7.300000e+00   -1.121545e+01   0.000000e+00   0.000000e+00   2.356651e+02   5.413256e-04   3.662573e+02
7.400000e+00   -1.207919e+01   0.000000e+00   0.000000e+00   2.351076e+02   5.347053e-04   3.609221e+02
7.500000e+00   -1.268792e+01   0.000000e+00   0.000000e+00   2.345826e+02   5.280996e-04   3.556673e+02
7.600000e+00   -1.284732e+01   0.000000e+00   0.000000e+00   2.340849e+02   5.215226e-04   3.504926e+02
7.700000e+00   -1.273193e+01   0.000000e+00   0.000000e+00   2.336115e+02   5.149826e-04   3.453974e+02
7.800000e+00   -1.247167e+01   0.000000e+00   0.000000e+00   2.331618e+02   5.084812e-04   3.403805e+02
7.900000e+00   -1.216213e+01   0.000000e+00   0.000000e+00   2.327356e+02   5.020192e-04   3.354405e+02
8.000000e+00   -1.189892e+01   0.000000e+00   0.000000e+00   2.323325e+02   4.955977e-04   3.305763e+02
8.100000e+00   -1.175145e+01   0.000000e+00   0.000000e+00   2.319523e+02   4.892176e-04   3.257865e+02
8.200000e+00   -1.161218e+01   0.000000e+00   0.000000e+00   2.315946e+02   4.828797e-04   3.210700e+02
8.300000e+00   -1.148099e+01   0.000000e+00   0.000000e+00   2.312591e+02   4.765848e-04   3.164254e+02
8.400000e+00   -1.138888e+01   0.000000e+00   0.000000e+00   2.309455e+02   4.703335e-04   3.118515e+02
8.500000e+00   -1.136690e+01   0.000000e+00   0.000000e+00   2.306536e+02   4.641267e-04   3.073470e+02
8.600000e+00   -1.145272e+01   0.000000e+00   0.000000e+00   2.303833e+02   4.579642e-04   3.029108e+02
8.700000e+00   -1.169250e+01   0.000000e+00   0.000000e+00   2.301350e+02   4.518457e-04   2.985418e+02
8.800000e+00   -1.203296e+01   0.000000e+00   0.000000e+00   2.299090e+02   4.457710e-04   2.942389e+02
8.900000e+00   -1.240488e+01   0.000000e+00   0.000000e+00   2.297056e+02   4.397396e-04   2.900010e+02
9.000000e+00   -1.273902e+01   0.000000e+00   0.000000e+00   2.295252e+02   4.337512e-04   2.858271e+02
9.100000e+00   -1.297986e+01   0.000000e+00   0.000000e+00   2.293679e+02   4.278055e-04   2.817159e+02
9.200000e+00   -1.319980e+01   0.000000e+00   0.000000e+00   2.292341e+02   4.219022e-04   2.776665e+02
9.300000e+00   -1.340341e+01   0.000000e+00   0.000000e+00   2.291242e+02   4.160410e-04   2.736777e+02
9.400000e+00   -1.356720e+01   0.000000e+00   0.000000e+00   2.290384e+02   4.102216e-04   2.697485e+02
9.500000e+00   -1.366769e+01   0.000000e+00   0.000000e+00   2.289770e+02   4.044436e-04   2.658778e+02
9.600000e+00   -1.364886e+01   0.000000e+00   0.000000e+00   2.289399e+02   3.987074e-04   2.620645e+02
9.700000e+00   -1.321527e+01   0.000000e+00   0.000000e+00   2.289245e+02   3.930181e-04   2.583076e+02
9.800000e+00   -1.249467e+01   0.000000e+00   0.000000e+00   2.289268e+02   3.873824e-04   2.546062e+02
9.900000e+00   -1.172979e+01   0.000000e+00   0.000000e+00   2.289432e+02   3.818065e-04   2.509593e+02
1.000000e+01   -1.116338e+01   0.000000e+00   0.000000e+00   2.289696e+02   3.762963e-04   2.473661e+02
1.010000e+01   -1.101378e+01   0.000000e+00   0.000000e+00   2.290024e+02   3.708574e-04   2.438256e+02
1.020000e+01   -1.111886e+01   0.000000e+00   0.000000e+00   2.290376e+02   3.654947e-04   2.403368e+02
1.030000e+01   -1.135030e+01   0.000000e+00   0.000000e+00   2.290715e+02   3.602131e-04   2.368989e+02
1.040000e+01   -1.165555e+01   0.000000e+00   0.000000e+00   2.291003e+02   3.550170e-04   2.335109e+02
1.050000e+01   -1.198206e+01   0.000000e+00   0.000000e+00   2.291200e+02   3.499103e-04   2.301718e+02
1.060000e+01   -1.229141e+01   0.000000e+00   0.000000e+00   2.291269e+02   3.448969e-04   2.268808e+02
1.070000e+01   -1.273191e+01   0.000000e+00   0.000000e+00   2.291175e+02   3.399795e-04   2.236369e+02
1.080000e+01   -1.325749e+01   0.000000e+00   0.000000e+00   2.290919e+02   3.351560e-04   2.204393e+02
1.090000e+01   -1.373915e+01   0.000000e+00   0.000000e+00   2.290517e+02   3.304216e-04   2.172873e+02
1.100000e+01   -1.404788e+01   0.000000e+00   0.000000e+00   2.289990e+02   3.257718e-04   2.141802e+02
1.110000e+01   -1.405028e+01   0.000000e+00   0.000000e+00   2.289354e+02   3.212022e-04   2.111173e+02
1.120000e+01   -1.362449e+01   0.000000e+00   0.000000e+00   2.288628e+02   3.167086e-04   2.080978e+02
1.130000e+01   -1.292587e+01   0.000000e+00   0.000000e+00   2.287831e+02   3.122869e-04   2.051210e+02
1.140000e+01   -1.217435e+01   0.000000e+00   0.000000e+00   2.286981e+02   3.079333e-04   2.021862e+02
1.150000e+01   -1.158988e+01   0.000000e+00   0.000000e+00   2.286095e+02   3.036440e-04   1.992927e+02
1.160000e+01   -1.138412e+01   0.000000e+00   0.000000e+00   2.285193e+02   2.994153e-04   1.964397e+02
1.170000e+01   -1.148733e+01   0.000000e+00   0.000000e+00   2.284292e+02   2.952438e-04   1.936265e+02
1.180000e+01   -1.173467e+01   0.000000e+00   0.000000e+00   2.283411e+02   2.911261e-04   1.908524e+02
1.190000e+01   -1.201710e+01   0.000000e+00   0.000000e+00   2.282556e+02   2.870607e-04   1.881168e+02
1.200000e+01   -1.222431e+01   0.000000e+00   0.000000e+00   2.281727e+02   2.830470e-04   1.854191e+02
1.210000e+01   -1.224520e+01   0.000000e+00   0.000000e+00   2.280921e+02   2.790845e-04   1.827588e+02
1.220000e+01   -1.200160e+01   0.000000e+00   0.000000e+00   2.280137e+02   2.751727e-04   1.801352e+02
1.230000e+01   -1.158345e+01   0.000000e+00   0.000000e+00   2.279374e+02   2.713112e-04   1.775479e+02
1.240000e+01   -1.111810e+01   0.000000e+00   0.000000e+00   2.278629e+02   2.674994e-04   1.749963e+02
1.250000e+01   -1.073289e+01   0.000000e+00   0.000000e+00   2.277903e+02   2.637368e-04   1.724798e+02
1.260000e+01   -1.055067e+01   0.000000e+00   0.000000e+00   2.277192e+02   2.600229e-04   1.699979e+02
1.270000e+01   -1.046114e+01   0.000000e+00   0.000000e+00   2.276495e+02   2.563570e-04   1.675499e+02
1.280000e+01   -1.036363e+01   0.000000e+00   0.000000e+00   2.275811e+02   2.527388e-04   1.651355e+02
1.290000e+01   -1.025568e+01   0.000000e+00   0.000000e+00   2.275138e+02   2.491674e-04   1.627539e+02
1.300000e+01   -1.013849e+01   0.000000e+00   0.000000e+00   2.274482e+02   2.456418e-04   1.604047e+02
1.310000e+01   -1.002104e+01   0.000000e+00   0.000000e+00   2.273858e+02   2.421598e-04   1.580876e+02
1.320000e+01   -1.007234e+01   0.000000e+00   0.000000e+00   2.273280e+02   2.387194e-04   1.558020e+02
1.330000e+01   -1.030202e+01   0.000000e+00   0.000000e+00   2.272765e+02   2.353186e-04   1.535477e+02
1.340000e+01   -1.058762e+01   0.000000e+00   0.000000e+00   2.272327e+02   2.319557e-04   1.513242e+02
1.350000e+01   -1.080666e+01   0.000000e+00   0.000000e+00   2.271983e+02   2.286288e-04   1.491311e+02
1.360000e+01   -1.083617e+01   0.000000e+00   0.000000e+00   2.271746e+02   2.253361e-04   1.469681e+02
1.370000e+01   -1.055623e+01   0.000000e+00   0.000000e+00   2.271633e+02   2.220762e-04   1.448347e+02
1.380000e+01   -1.006786e+01   0.000000e+00   0.000000e+00   2.271660e+02   2.188473e-04   1.427305e+02
1.390000e+01   -9.553739e+00   0.000000e+00   0.000000e+00   2.271840e+02   2.156482e-04   1.406552e+02
1.400000e+01   -9.196500e+00   0.000000e+00   0.000000e+00   2.272191e+02   2.124773e-04   1.386084e+02
1.410000e+01   -9.172008e+00   0.000000e+00   0.000000e+00   2.272705e+02   2.093353e-04   1.365897e+02
1.420000e+01   -9.459354e+00   0.000000e+00   0.000000e+00   2.273339e+02   2.062266e-04   1.345988e+02
1.430000e+01   -9.903627e+00   0.000000e+00   0.000000e+00   2.274043e+02   2.031556e-04   1.326355e+02
1.440000e+01   -1.042146e+01   0.000000e+00   0.000000e+00   2.274767e+02   2.001266e-04   1.306995e+02
1.450000e+01   -1.092949e+01   0.000000e+00   0.000000e+00   2.275461e+02   1.971433e-04   1.287905e+02
1.460000e+01   -1.134443e+01   0.000000e+00   0.000000e+00   2.276076e+02   1.942096e-04   1.269083e+02
1.470000e+01   -1.167825e+01   0.000000e+00   0.000000e+00   2.276563e+02   1.913289e-04   1.250525e+02
1.480000e+01   -1.197205e+01   0.000000e+00   0.000000e+00   2.276871e+02   1.885042e-04   1.232230e+02
1.490000e+01   -1.220173e+01   0.000000e+00   0.000000e+00   2.276950e+02   1.857386e-04   1.214194e+02
1.500000e+01   -1.234318e+01   0.000000e+00   0.000000e+00   2.276752e+02   1.830348e-04   1.196415e+02
1.510000e+01   -1.237232e+01   0.000000e+00   0.000000e+00   2.276227e+02   1.803953e-04   1.178890e+02
1.520000e+01   -1.228458e+01   0.000000e+00   0.000000e+00   2.275353e+02   1.778204e-04   1.161616e+02
1.530000e+01   -1.209813e+01   0.000000e+00   0.000000e+00   2.274169e+02   1.753053e-04   1.144591e+02
1.540000e+01   -1.182431e+01   0.000000e+00   0.000000e+00   2.272720e+02   1.728453e-04   1.127810e+02
1.550000e+01   -1.147442e+01   0.000000e+00   0.000000e+00   2.271055e+02   1.704355e-04   1.111271e+02
1.560000e+01   -1.105980e+01   0.000000e+00   0.000000e+00   2.269219e+02   1.680714e-04   1.094971e+02
1.570000e+01   -1.007655e+01   0.000000e+00   0.000000e+00   2.267259e+02   1.657487e-04   1.078906e+02
1.580000e+01   -8.285507e+00   0.000000e+00   0.000000e+00   2.265222e+02   1.634632e-04   1.063073e+02
1.590000e+01   -6.219168e+00   0.000000e+00   0.000000e+00   2.263154e+02   1.612112e-04   1.047470e+02
1.600000e+01   -4.410736e+00   0.000000e+00   0.000000e+00   2.261103e+02   1.589886e-04   1.032093e+02
1.610000e+01   -3.393412e+00   0.000000e+00   0.000000e+00   2.259113e+02   1.567921e-04   1.016938e+02
1.620000e+01   -3.824458e+00   0.000000e+00   0.000000e+00   2.257233e+02   1.546180e-04   1.002003e+02
1.630000e+01   -5.561560e+00   0.000000e+00   0.000000e+00   2.255498e+02   1.524640e-04   9.872841e+01
1.640000e+01   -7.792819e+00   0.000000e+00   0.000000e+00   2.253916e+02   1.503294e-04   9.727788e+01
1.650000e+01   -9.703754e+00   0.000000e+00   0.000000e+00   2.252496e+02   1.482137e-04   9.584836e+01
1.660000e+01   -1.047989e+01   0.000000e+00   0.000000e+00   2.251243e+02   1.461164e-04   9.443953e+01
1.670000e+01   -1.008407e+01   0.000000e+00   0.000000e+00   2.250165e+02   1.440372e-04   9.305108e+01
1.680000e+01   -9.399595e+00   0.000000e+00   0.000000e+00   2.249269e+02   1.419756e-04   9.168271e+01
1.690000e+01   -8.559725e+00   0.000000e+00   0.000000e+00   2.248561e+02   1.399312e-04   9.033408e+01
1.700000e+01   -7.689673e+00   0.000000e+00   0.000000e+00   2.248049e+02   1.379037e-04   8.900489e+01
1.710000e+01   -6.914660e+00   0.000000e+00   0.000000e+00   2.247738e+02   1.358926e-04   8.769481e+01
1.720000e+01   -6.221085e+00   0.000000e+00   0.000000e+00   2.247636e+02   1.338977e-04   8.640354e+01
1.730000e+01   -5.480754e+00   0.000000e+00   0.000000e+00   2.247750e+02   1.319186e-04   8.513076e+01
1.740000e+01   -4.772092e+00   0.000000e+00   0.000000e+00   2.248076e+02   1.299557e-04   8.387618e+01
1.750000e+01   -4.178520e+00   0.000000e+00   0.000000e+00   2.248586e+02   1.280107e-04   8.263958e+01
1.760000e+01   -3.783675e+00   0.000000e+00   0.000000e+00   2.249254e+02   1.260852e-04   8.142074e+01
1.770000e+01   -3.795812e+00   0.000000e+00   0.000000e+00   2.250051e+02   1.241809e-04   8.021943e+01
1.780000e+01   -4.312182e+00   0.000000e+00   0.000000e+00   2.250948e+02   1.222993e-04   7.903543e+01
1.790000e+01   -5.038180e+00   0.000000e+00   0.000000e+00   2.251916e+02   1.204419e-04   7.786854e+01
1.800000e+01   -5.672432e+00   0.000000e+00   0.000000e+00   2.252928e+02   1.186098e-04   7.671851e+01
1.810000e+01   -5.913568e+00   0.000000e+00   0.000000e+00   2.253955e+02   1.168043e-04   7.558515e+01
1.820000e+01   -5.725662e+00   0.000000e+00   0.000000e+00   2.254968e+02   1.150266e-04   7.446821e+01
1.830000e+01   -5.518158e+00   0.000000e+00   0.000000e+00   2.255940e+02   1.132776e-04   7.336750e+01
1.840000e+01   -5.306710e+00   0.000000e+00   0.000000e+00   2.256841e+02   1.115582e-04   7.228278e+01
1.850000e+01   -5.092508e+00   0.000000e+00   0.000000e+00   2.257655e+02   1.098688e-04   7.121384e+01
1.860000e+01   -4.876943e+00   0.000000e+00   0.000000e+00   2.258389e+02   1.082086e-04   7.016050e+01
1.870000e+01   -4.259190e+00   0.000000e+00   0.000000e+00   2.259050e+02   1.065765e-04   6.912256e+01
1.880000e+01   -2.631062e+00   0.000000e+00   0.000000e+00   2.259648e+02   1.049719e-04   6.809985e+01
1.890000e+01   -5.654911e-01   0.000000e+00   0.000000e+00   2.260190e+02   1.033938e-04   6.709216e+01
1.900000e+01   1.321757e+00   0.000000e+00   0.000000e+00   2.260686e+02   1.018414e-04   6.609931e+01
1.910000e+01   2.414918e+00   0.000000e+00   0.000000e+00   2.261145e+02   1.003139e-04   6.512112e+01
1.920000e+01   2.394162e+00   0.000000e+00   0.000000e+00   2.261573e+02   9.881063e-05   6.415739e+01
1.930000e+01   1.818957e+00   0.000000e+00   0.000000e+00   2.261981e+02   9.733080e-05   6.320793e+01
1.940000e+01   9.211777e-01   0.000000e+00   0.000000e+00   2.262377e+02   9.587370e-05   6.227257e+01
1.950000e+01   -9.673324e-02   0.000000e+00   0.000000e+00   2.262769e+02   9.443867e-05   6.135110e+01
1.960000e+01   -1.031369e+00   0.000000e+00   0.000000e+00   2.263162e+02   9.302516e-05   6.044334e+01
1.970000e+01   -1.813529e+00   0.000000e+00   0.000000e+00   2.263555e+02   9.163297e-05   5.954909e+01
1.980000e+01   -2.676108e+00   0.000000e+00   0.000000e+00   2.263943e+02   9.026192e-05   5.866815e+01
1.990000e+01   -3.526239e+00   0.000000e+00   0.000000e+00   2.264322e+02   8.891184e-05   5.780032e+01
2.000000e+01   -4.247302e+00   0.000000e+00   0.000000e+00   2.264690e+02   8.758255e-05   5.694539e+01
2.010000e+01   -4.722676e+00   0.000000e+00   0.000000e+00   2.265041e+02   8.627384e-05   5.610318e+01
2.020000e+01   -4.927102e+00   0.000000e+00   0.000000e+00   2.265372e+02   8.498552e-05   5.527348e+01
2.030000e+01   -5.091966e+00   0.000000e+00   0.000000e+00   2.265679e+02   8.371738e-05   5.445609e+01
2.040000e+01   -5.231788e+00   0.000000e+00   0.000000e+00   2.265960e+02   8.246920e-05   5.365081e+01
2.050000e+01   -5.340294e+00   0.000000e+00   0.000000e+00   2.266208e+02   8.124075e-05   5.285744e+01
2.060000e+01   -5.411206e+00   0.000000e+00   0.000000e+00   2.266422e+02   8.003182e-05   5.207578e+01
2.070000e+01   -5.346850e+00   0.000000e+00   0.000000e+00   2.266598e+02   7.884211e-05   5.130564e+01
2.080000e+01   -4.883235e+00   0.000000e+00   0.000000e+00   2.266739e+02   7.767120e-05   5.054684e+01
2.090000e+01   -4.151205e+00   0.000000e+00   0.000000e+00   2.266852e+02   7.651859e-05   4.979922e+01
2.100000e+01   -3.316141e+00   0.000000e+00   0.000000e+00   2.266942e+02   7.538380e-05   4.906262e+01
2.110000e+01   -2.543426e+00   0.000000e+00   0.000000e+00   2.267013e+02   7.426637e-05   4.833687e+01
2.120000e+01   -1.912414e+00   0.000000e+00   0.000000e+00   2.267071e+02   7.316584e-05   4.762181e+01
2.130000e+01   -1.211202e+00   0.000000e+00   0.000000e+00   2.267123e+02   7.208177e-05   4.691728e+01
2.140000e+01   -5.130545e-01   0.000000e+00   0.000000e+00   2.267172e+02   7.101373e-05   4.622310e+01
2.150000e+01   7.200429e-02   0.000000e+00   0.000000e+00   2.267225e+02   6.996129e-05   4.553913e+01
2.160000e+01   4.339516e-01   0.000000e+00   0.000000e+00   2.267286e+02   6.892405e-05   4.486518e+01
2.170000e+01   3.752755e-01   0.000000e+00   0.000000e+00   2.267362e+02   6.790160e-05   4.420111e+01
2.180000e+01   -4.073535e-01   0.000000e+00   0.000000e+00   2.267457e+02   6.689355e-05   4.354674e+01
2.190000e+01   -1.571360e+00   0.000000e+00   0.000000e+00   2.267576e+02   6.589958e-05   4.290194e+01
2.200000e+01   -2.707209e+00   0.000000e+00   0.000000e+00   2.267723e+02   6.491943e-05   4.226658e+01
2.210000e+01   -3.405381e+00   0.000000e+00   0.000000e+00   2.267901e+02   6.395284e-05   4.164053e+01
2.220000e+01   -3.388607e+00   0.000000e+00   0.000000e+00   2.268114e+02   6.299955e-05   4.102368e+01
2.230000e+01   -3.120079e+00   0.000000e+00   0.000000e+00   2.268365e+02   6.205932e-05   4.041591e+01
2.240000e+01   -2.725178e+00   0.000000e+00   0.000000e+00   2.268659e+02   6.113191e-05   3.981709e+01
2.250000e+01   -2.244366e+00   0.000000e+00   0.000000e+00   2.268998e+02   6.021707e-05   3.922709e+01
2.260000e+01   -1.718102e+00   0.000000e+00   0.000000e+00   2.269386e+02   5.931458e-05   3.864580e+01
2.270000e+01   -1.119172e+00   0.000000e+00   0.000000e+00   2.269828e+02   5.842420e-05   3.807309e+01
2.280000e+01   -1.637107e-01   0.000000e+00   0.000000e+00   2.270326e+02   5.754572e-05   3.750884e+01
2.290000e+01   9.666578e-01   0.000000e+00   0.000000e+00   2.270885e+02   5.667890e-05   3.695293e+01
2.300000e+01   2.013295e+00   0.000000e+00   0.000000e+00   2.271504e+02   5.582360e-05   3.640523e+01
2.310000e+01   2.716720e+00   0.000000e+00   0.000000e+00   2.272178e+02   5.497991e-05   3.586565e+01
2.320000e+01   2.772696e+00   -0.000000e+00   -0.000000e+00   2.272895e+02   5.414794e-05   3.533407e+01
2.330000e+01   1.885789e+00   -0.000000e+00   -0.000000e+00   2.273646e+02   5.332778e-05   3.481038e+01
2.340000e+01   4.578561e-01   -0.000000e+00   -0.000000e+00   2.274422e+02   5.251952e-05   3.429448e+01
2.350000e+01   -1.015191e+00   -0.000000e+00   -0.000000e+00   2.275214e+02   5.172322e-05   3.378627e+01
2.360000e+01   -2.037439e+00   -0.000000e+00   -0.000000e+00   2.276012e+02   5.093893e-05   3.328563e+01
2.370000e+01   -2.235737e+00   -0.000000e+00   -0.000000e+00   2.276806e+02   5.016671e-05   3.279246e+01
2.380000e+01   -2.261550e+00   -0.000000e+00   -0.000000e+00   2.277587e+02   4.940656e-05   3.230665e+01
2.390000e+01   -2.305845e+00   -0.000000e+00   -0.000000e+00   2.278345e+02   4.865852e-05   3.182810e+01
2.400000e+01   -2.376629e+00   -0.000000e+00   -0.000000e+00   2.279072e+02   4.792257e-05   3.135670e+01
2.410000e+01   -2.481821e+00   -0.000000e+00   -0.000000e+00   2.279756e+02   4.719871e-05   3.089235e+01
2.420000e+01   -2.650418e+00   -0.000000e+00   -0.000000e+00   2.280396e+02   4.648681e-05   3.043494e+01
2.430000e+01   -3.059857e+00   -0.000000e+00   -0.000000e+00   2.280996e+02   4.578658e-05   2.998438e+01
2.440000e+01   -3.634353e+00   -0.000000e+00   -0.000000e+00   2.281559e+02   4.509774e-05   2.954057e+01
2.450000e+01   -4.235914e+00   -0.000000e+00   -0.000000e+00   2.282091e+02   4.442003e-05   2.910343e+01
2.460000e+01   -4.726546e+00   -0.000000e+00   -0.000000e+00   2.282596e+02   4.375319e-05   2.867287e+01
2.470000e+01   -4.945880e+00   -0.000000e+00   -0.000000e+00   2.283078e+02   4.309694e-05   2.824878e+01
2.480000e+01   -4.639035e+00   -0.000000e+00   -0.000000e+00   2.283543e+02   4.245105e-05   2.783107e+01
2.490000e+01   -3.981527e+00   -0.000000e+00   -0.000000e+00   2.283994e+02   4.181526e-05   2.741967e+01
2.500000e+01   -3.242877e+00   -0.000000e+00   -0.000000e+00   2.284437e+02   4.118934e-05   2.701446e+01
2.510000e+01   -2.692604e+00   -0.000000e+00   -0.000000e+00   2.284875e+02   4.057304e-05   2.661536e+01
2.520000e+01   -2.563305e+00   -0.000000e+00   -0.000000e+00   2.285313e+02   3.996615e-05   2.622227e+01
2.530000e+01   -2.565338e+00   -0.000000e+00   -0.000000e+00   2.285756e+02   3.936843e-05   2.583511e+01
2.540000e+01   -2.575161e+00   -0.000000e+00   -0.000000e+00   2.286208e+02   3.877968e-05   2.545379e+01
2.550000e+01   -2.598973e+00   -0.000000e+00   -0.000000e+00   2.286672e+02   3.819973e-05   2.507821e+01
2.560000e+01   -2.643029e+00   -0.000000e+00   -0.000000e+00   2.287151e+02   3.762839e-05   2.470831e+01
2.570000e+01   -2.716414e+00   -0.000000e+00   -0.000000e+00   2.287649e+02   3.706550e-05   2.434399e+01
2.580000e+01   -2.854795e+00   -0.000000e+00   -0.000000e+00   2.288169e+02   3.651087e-05   2.398517e+01
2.590000e+01   -3.030460e+00   -0.000000e+00   -0.000000e+00   2.288715e+02   3.596435e-05   2.363177e+01
2.600000e+01   -3.195934e+00   -0.000000e+00   -0.000000e+00   2.289289e+02   3.542576e-05   2.328371e+01
2.610000e+01   -3.303744e+00   -0.000000e+00   -0.000000e+00   2.289895e+02   3.489495e-05   2.294090e+01
2.620000e+01   -3.272137e+00   -0.000000e+00   -0.000000e+00   2.290537e+02   3.437174e-05   2.260327e+01
2.630000e+01   -2.515513e+00   -0.000000e+00   -0.000000e+00   2.291217e+02   3.385599e-05   2.227072e+01
2.640000e+01   -1.178066e+00   -0.000000e+00   -0.000000e+00   2.291939e+02   3.334755e-05   2.194317e+01
2.650000e+01   2.923343e-01   -0.000000e+00   -0.000000e+00   2.292707e+02   3.284624e-05   2.162055e+01
2.660000e+01   1.446200e+00   -0.000000e+00   -0.000000e+00   2.293521e+02   3.235199e-05   2.130277e+01
2.670000e+01   1.806512e+00   -0.000000e+00   -0.000000e+00   2.294377e+02   3.186474e-05   2.098976e+01
2.680000e+01   6.149088e-01   -0.000000e+00   -0.000000e+00   2.295274e+02   3.138445e-05   2.068147e+01
2.690000e+01   -1.674726e+00   -0.000000e+00   -0.000000e+00   2.296207e+02   3.091108e-05   2.037782e+01
2.700000e+01   -4.203483e+00   -0.000000e+00   -0.000000e+00   2.297176e+02   3.044458e-05   2.007874e+01
2.710000e+01   -6.112457e+00   -0.000000e+00   -0.000000e+00   2.298175e+02   2.998488e-05   1.978417e+01
2.720000e+01   -6.584374e+00   -0.000000e+00   -0.000000e+00   2.299203e+02   2.953195e-05   1.949403e+01
2.730000e+01   -6.350172e+00   -0.000000e+00   -0.000000e+00   2.300256e+02   2.908571e-05   1.920827e+01
2.740000e+01   -6.020461e+00   -0.000000e+00   -0.000000e+00   2.301332e+02   2.864612e-05   1.892681e+01
2.750000e+01   -5.635581e+00   -0.000000e+00   -0.000000e+00   2.302428e+02   2.821310e-05   1.864959e+01
2.760000e+01   -5.235868e+00   -0.000000e+00   -0.000000e+00   2.303540e+02   2.778660e-05   1.837653e+01
2.770000e+01   -4.859731e+00   -0.000000e+00   -0.000000e+00   2.304666e+02   2.736654e-05   1.810757e+01
2.780000e+01   -4.456868e+00   -0.000000e+00   -0.000000e+00   2.305804e+02   2.695285e-05   1.784265e+01
2.790000e+01   -4.011574e+00   -0.000000e+00   -0.000000e+00   2.306952e+02   2.654545e-05   1.758171e+01
2.800000e+01   -3.555222e+00   -0.000000e+00   -0.000000e+00   2.308112e+02   2.614425e-05   1.732469e+01
2.810000e+01   -3.119182e+00   -0.000000e+00   -0.000000e+00   2.309283e+02   2.574916e-05   1.707154e+01
2.820000e+01   -2.733177e+00   -0.000000e+00   -0.000000e+00   2.310465e+02   2.536010e-05   1.682220e+01
2.830000e+01   -2.323777e+00   -0.000000e+00   -0.000000e+00   2.311658e+02   2.497699e-05   1.657662e+01
2.840000e+01   -1.891020e+00   -0.000000e+00   -0.000000e+00   2.312863e+02   2.459973e-05   1.633475e+01
2.850000e+01   -1.510096e+00   -0.000000e+00   -0.000000e+00   2.314079e+02   2.422824e-05   1.609654e+01
2.860000e+01   -1.256193e+00   -0.000000e+00   -0.000000e+00   2.315306e+02   2.386243e-05   1.586191e+01
2.870000e+01   -1.208273e+00   -0.000000e+00   -0.000000e+00   2.316545e+02   2.350222e-05   1.563083e+01
2.880000e+01   -1.787729e+00   -0.000000e+00   -0.000000e+00   2.317795e+02   2.314753e-05   1.540324e+01
2.890000e+01   -2.951056e+00   -0.000000e+00   -0.000000e+00   2.319057e+02   2.279825e-05   1.517908e+01
2.900000e+01   -4.283017e+00   -0.000000e+00   -0.000000e+00   2.320330e+02   2.245432e-05   1.495829e+01
2.910000e+01   -5.369329e+00   -0.000000e+00   -0.000000e+00   2.321618e+02   2.211562e-05   1.474084e+01
2.920000e+01   -5.798800e+00   -0.000000e+00   -0.000000e+00   2.322926e+02   2.178203e-05   1.452667e+01
2.930000e+01   -5.725834e+00   -0.000000e+00   -0.000000e+00   2.324259e+02   2.145342e-05   1.431573e+01
2.940000e+01   -5.487017e+00   -0.000000e+00   -0.000000e+00   2.325625e+02   2.112967e-05   1.410798e+01
2.950000e+01   -5.107265e+00   -0.000000e+00   -0.000000e+00   2.327029e+02   2.081067e-05   1.390338e+01
2.960000e+01   -4.611493e+00   -0.000000e+00   -0.000000e+00   2.328477e+02   2.049630e-05   1.370187e+01
2.970000e+01   -4.023476e+00   -0.000000e+00   -0.000000e+00   2.329975e+02   2.018645e-05   1.350341e+01
2.980000e+01   -2.431514e+00   -0.000000e+00   -0.000000e+00   2.331529e+02   1.988101e-05   1.330797e+01
2.990000e+01   3.644683e-01   -0.000000e+00   -0.000000e+00   2.333145e+02   1.957988e-05   1.311548e+01
3.000000e+01   3.471520e+00   -0.000000e+00   -0.000000e+00   2.334829e+02   1.928295e-05   1.292590e+01
3.010000e+01   5.996689e+00   -0.000000e+00   -0.000000e+00   2.336587e+02   1.899012e-05   1.273920e+01
3.020000e+01   7.047024e+00   -0.000000e+00   -0.000000e+00   2.338426e+02   1.870130e-05   1.255532e+01
3.030000e+01   6.616394e+00   -0.000000e+00   -0.000000e+00   2.340350e+02   1.841638e-05   1.237421e+01
3.040000e+01   5.502819e+00   -0.000000e+00   -0.000000e+00   2.342359e+02   1.813535e-05   1.219584e+01
3.050000e+01   4.019496e+00   -0.000000e+00   -0.000000e+00   2.344445e+02   1.785822e-05   1.202017e+01
3.060000e+01   2.479613e+00   -0.000000e+00   -0.000000e+00   2.346600e+02   1.758501e-05   1.184716e+01
3.070000e+01   1.196358e+00   -0.000000e+00   -0.000000e+00   2.348815e+02   1.731575e-05   1.167677e+01
3.080000e+01   1.581712e-01   -0.000000e+00   -0.000000e+00   2.351083e+02   1.705045e-05   1.150896e+01
3.090000e+01   -8.661859e-01   -0.000000e+00   -0.000000e+00   2.353394e+02   1.678912e-05   1.134371e+01
3.100000e+01   -1.834556e+00   -0.000000e+00   -0.000000e+00   2.355741e+02   1.653177e-05   1.118096e+01
3.110000e+01   -2.704445e+00   -0.000000e+00   -0.000000e+00   2.358115e+02   1.627839e-05   1.102069e+01
3.120000e+01   -3.433360e+00   -0.000000e+00   -0.000000e+00   2.360508e+02   1.602899e-05   1.086286e+01
3.130000e+01   -4.090276e+00   -0.000000e+00   -0.000000e+00   2.362913e+02   1.578356e-05   1.070742e+01
3.140000e+01   -4.748968e+00   -0.000000e+00   -0.000000e+00   2.365319e+02   1.554209e-05   1.055435e+01
3.150000e+01   -5.323219e+00   -0.000000e+00   -0.000000e+00   2.367720e+02   1.530457e-05   1.040360e+01
3.160000e+01   -5.726209e+00   -0.000000e+00   -0.000000e+00   2.370107e+02   1.507098e-05   1.025514e+01
3.170000e+01   -5.871229e+00   -0.000000e+00   -0.000000e+00   2.372474e+02   1.484128e-05   1.010893e+01
3.180000e+01   -5.711799e+00   -0.000000e+00   -0.000000e+00   2.374824e+02   1.461541e-05   9.964944e+00
3.190000e+01   -5.315056e+00   -0.000000e+00   -0.000000e+00   2.377159e+02   1.439329e-05   9.823143e+00
3.200000e+01   -4.753214e+00   -0.000000e+00   -0.000000e+00   2.379480e+02   1.417483e-05   9.683500e+00
3.210000e+01   -4.098257e+00   -0.000000e+00   -0.000000e+00   2.381791e+02   1.395997e-05   9.545983e+00
3.220000e+01   -3.422170e+00   -0.000000e+00   -0.000000e+00   2.384094e+02   1.374864e-05   9.410560e+00
3.230000e+01   -2.560884e+00   -0.000000e+00   -0.000000e+00   2.386392e+02   1.354076e-05   9.277201e+00
3.240000e+01   -1.334090e+00   -0.000000e+00   -0.000000e+00   2.388686e+02   1.333625e-05   9.145875e+00
3.250000e+01   -3.929629e-02   -0.000000e+00   -0.000000e+00   2.390979e+02   1.313507e-05   9.016549e+00
3.260000e+01   1.019716e+00   -0.000000e+00   -0.000000e+00   2.393274e+02   1.293712e-05   8.889193e+00
3.270000e+01   1.539167e+00   -0.000000e+00   -0.000000e+00   2.395573e+02   1.274235e-05   8.763776e+00
3.280000e+01   9.670199e-01   -0.000000e+00   -0.000000e+00   2.397878e+02   1.255069e-05   8.640266e+00
3.290000e+01   -8.658774e-01   -0.000000e+00   -0.000000e+00   2.400192e+02   1.236208e-05   8.518631e+00
3.300000e+01   -3.222340e+00   -0.000000e+00   -0.000000e+00   2.402517e+02   1.217645e-05   8.398842e+00
3.310000e+01   -5.349652e+00   -0.000000e+00   -0.000000e+00   2.404856e+02   1.199374e-05   8.280868e+00
3.320000e+01   -6.494351e+00   -0.000000e+00   -0.000000e+00   2.407209e+02   1.181390e-05   8.164684e+00
3.330000e+01   -6.238517e+00   -0.000000e+00   -0.000000e+00   2.409580e+02   1.163688e-05   8.050262e+00
3.340000e+01   -5.178341e+00   -0.000000e+00   -0.000000e+00   2.411968e+02   1.146263e-05   7.937577e+00
3.350000e+01   -3.790886e+00   -0.000000e+00   -0.000000e+00   2.414376e+02   1.129109e-05   7.826601e+00
3.360000e+01   -2.540363e+00   -0.000000e+00   -0.000000e+00   2.416805e+02   1.112223e-05   7.717308e+00
3.370000e+01   -1.890980e+00   -0.000000e+00   -0.000000e+00   2.419257e+02   1.095599e-05   7.609672e+00
3.380000e+01   -1.964515e+00   -0.000000e+00   -0.000000e+00   2.421734e+02   1.079231e-05   7.503666e+00
3.390000e+01   -2.171981e+00   -0.000000e+00   -0.000000e+00   2.424238e+02   1.063117e-05   7.399263e+00
3.400000e+01   -2.446446e+00   -0.000000e+00   -0.000000e+00   2.426769e+02   1.047249e-05   7.296437e+00
3.410000e+01   -2.748121e+00   -0.000000e+00   -0.000000e+00   2.429329e+02   1.031625e-05   7.195162e+00
3.420000e+01   -3.037220e+00   -0.000000e+00   -0.000000e+00   2.431921e+02   1.016239e-05   7.095411e+00
3.430000e+01   -3.312228e+00   -0.000000e+00   -0.000000e+00   2.434545e+02   1.001086e-05   6.997157e+00
3.440000e+01   -3.628435e+00   -0.000000e+00   -0.000000e+00   2.437204e+02   9.861623e-06   6.900374e+00
3.450000e+01   -3.943468e+00   -0.000000e+00   -0.000000e+00   2.439898e+02   9.714634e-06   6.805037e+00
3.460000e+01   -4.210062e+00   -0.000000e+00   -0.000000e+00   2.442628e+02   9.569862e-06   6.711125e+00
3.470000e+01   -4.380992e+00   -0.000000e+00   -0.000000e+00   2.445392e+02   9.427279e-06   6.618617e+00
3.480000e+01   -4.211199e+00   -0.000000e+00   -0.000000e+00   2.448192e+02   9.286854e-06   6.527493e+00
3.490000e+01   -3.307769e+00   -0.000000e+00   -0.000000e+00   2.451026e+02   9.148558e-06   6.437731e+00
3.500000e+01   -2.052615e+00   -0.000000e+00   -0.000000e+00   2.453894e+02   9.012361e-06   6.349312e+00
3.510000e+01   -8.710714e-01   -0.000000e+00   -0.000000e+00   2.456796e+02   8.878233e-06   6.262215e+00
3.520000e+01   -1.884761e-01   -0.000000e+00   -0.000000e+00   2.459732e+02   8.746144e-06   6.176418e+00
3.530000e+01   -2.948588e-01   -0.000000e+00   -0.000000e+00   2.462701e+02   8.616063e-06   6.091902e+00
3.540000e+01   -8.662900e-01   -0.000000e+00   -0.000000e+00   2.465704e+02   8.487961e-06   6.008646e+00
3.550000e+01   -1.638097e+00   -0.000000e+00   -0.000000e+00   2.468739e+02   8.361808e-06   5.926629e+00
3.560000e+01   -2.367052e+00   -0.000000e+00   -0.000000e+00   2.471807e+02   8.237572e-06   5.845830e+00
3.570000e+01   -2.809929e+00   -0.000000e+00   -0.000000e+00   2.474908e+02   8.115224e-06   5.766229e+00
3.580000e+01   -2.830903e+00   -0.000000e+00   -0.000000e+00   2.478040e+02   7.994734e-06   5.687806e+00
3.590000e+01   -2.711311e+00   -0.000000e+00   -0.000000e+00   2.481205e+02   7.876070e-06   5.610538e+00
3.600000e+01   -2.535465e+00   -0.000000e+00   -0.000000e+00   2.484401e+02   7.759205e-06   5.534409e+00
3.610000e+01   -2.359003e+00   -0.000000e+00   -0.000000e+00   2.487627e+02   7.644118e-06   5.459400e+00
3.620000e+01   -2.237630e+00   -0.000000e+00   -0.000000e+00   2.490881e+02   7.530787e-06   5.385497e+00
3.630000e+01   -2.302566e+00   -0.000000e+00   -0.000000e+00   2.494164e+02   7.419190e-06   5.312682e+00
3.640000e+01   -2.791694e+00   -0.000000e+00   -0.000000e+00   2.497473e+02   7.309305e-06   5.240940e+00
3.650000e+01   -3.501662e+00   -0.000000e+00   -0.000000e+00   2.500807e+02   7.201111e-06   5.170255e+00
3.660000e+01   -4.187539e+00   -0.000000e+00   -0.000000e+00   2.504165e+02   7.094583e-06   5.100611e+00
3.670000e+01   -4.604395e+00   -0.000000e+00   -0.000000e+00   2.507546e+02   6.989701e-06   5.031991e+00
3.680000e+01   -4.534744e+00   -0.000000e+00   -0.000000e+00   2.510948e+02   6.886441e-06   4.964380e+00
3.690000e+01   -4.041235e+00   -0.000000e+00   -0.000000e+00   2.514371e+02   6.784781e-06   4.897761e+00
3.700000e+01   -3.321574e+00   -0.000000e+00   -0.000000e+00   2.517814e+02   6.684696e-06   4.832119e+00
3.710000e+01   -2.571197e+00   -0.000000e+00   -0.000000e+00   2.521274e+02   6.586165e-06   4.767436e+00
3.720000e+01   -1.985542e+00   -0.000000e+00   -0.000000e+00   2.524750e+02   6.489163e-06   4.703698e+00
3.730000e+01   -1.692931e+00   -0.000000e+00   -0.000000e+00   2.528243e+02   6.393667e-06   4.640889e+00
3.740000e+01   -1.463710e+00   -0.000000e+00   -0.000000e+00   2.531749e+02   6.299654e-06   4.578991e+00
3.750000e+01   -1.265596e+00   -0.000000e+00   -0.000000e+00   2.535269e+02   6.207101e-06   4.517989e+00
3.760000e+01   -1.110689e+00   -0.000000e+00   -0.000000e+00   2.538799e+02   6.115989e-06   4.457869e+00
3.770000e+01   -1.010884e+00   -0.000000e+00   -0.000000e+00   2.542337e+02   6.026303e-06   4.398620e+00
3.780000e+01   -9.856253e-01   -0.000000e+00   -0.000000e+00   2.545880e+02   5.938028e-06   4.340227e+00
3.790000e+01   -1.079546e+00   -0.000000e+00   -0.000000e+00   2.549424e+02   5.851148e-06   4.282679e+00
3.800000e+01   -1.280036e+00   -0.000000e+00   -0.000000e+00   2.552968e+02   5.765647e-06   4.225963e+00
3.810000e+01   -1.565540e+00   -0.000000e+00   -0.000000e+00   2.556507e+02   5.681508e-06   4.170067e+00
3.820000e+01   -1.914507e+00   -0.000000e+00   -0.000000e+00   2.560040e+02   5.598714e-06   4.114977e+00
3.830000e+01   -2.391123e+00   -0.000000e+00   -0.000000e+00   2.563563e+02   5.517249e-06   4.060681e+00
3.840000e+01   -3.447245e+00   -0.000000e+00   -0.000000e+00   2.567073e+02   5.437095e-06   4.007167e+00
3.850000e+01   -4.864376e+00   -0.000000e+00   -0.000000e+00   2.570568e+02   5.358234e-06   3.954422e+00
3.860000e+01   -6.296658e+00   -0.000000e+00   -0.000000e+00   2.574044e+02   5.280649e-06   3.902434e+00
3.870000e+01   -7.398230e+00   -0.000000e+00   -0.000000e+00   2.577498e+02   5.204322e-06   3.851189e+00
3.880000e+01   -7.907189e+00   -0.000000e+00   -0.000000e+00   2.580928e+02   5.129234e-06   3.800675e+00
3.890000e+01   -8.256483e+00   -0.000000e+00   -0.000000e+00   2.584331e+02   5.055368e-06   3.750880e+00
3.900000e+01   -8.553802e+00   -0.000000e+00   -0.000000e+00   2.587703e+02   4.982705e-06   3.701791e+00
3.910000e+01   -8.780796e+00   -0.000000e+00   -0.000000e+00   2.591042e+02   4.911226e-06   3.653396e+00
3.920000e+01   -8.919025e+00   -0.000000e+00   -0.000000e+00   2.594346e+02   4.840913e-06   3.605683e+00
3.930000e+01   -8.794260e+00   -0.000000e+00   -0.000000e+00   2.597613e+02   4.771749e-06   3.558642e+00
3.940000e+01   -7.229824e+00   -0.000000e+00   -0.000000e+00   2.600841e+02   4.703717e-06   3.512265e+00
3.950000e+01   -4.668405e+00   -0.000000e+00   -0.000000e+00   2.604028e+02   4.636800e-06   3.466542e+00
3.960000e+01   -1.954802e+00   -0.000000e+00   -0.000000e+00   2.607174e+02   4.570980e-06   3.421462e+00
3.970000e+01   6.618374e-02   -0.000000e+00   -0.000000e+00   2.610276e+02   4.506241e-06   3.377017e+00
3.980000e+01   6.907419e-01   -0.000000e+00   -0.000000e+00   2.613333e+02   4.442565e-06   3.333197e+00
3.990000e+01   8.773559e-01   -0.000000e+00   -0.000000e+00   2.616344e+02   4.379935e-06   3.289992e+00
4.000000e+01   1.003915e+00   -0.000000e+00   -0.000000e+00   2.619306e+02   4.318335e-06   3.247393e+00
4.010000e+01   1.085134e+00   -0.000000e+00   -0.000000e+00   2.622217e+02   4.257747e-06   3.205390e+00
4.020000e+01   1.135729e+00   -0.000000e+00   -0.000000e+00   2.625078e+02   4.198154e-06   3.163974e+00
4.030000e+01   1.170592e+00   -0.000000e+00   -0.000000e+00   2.627884e+02   4.139540e-06   3.123135e+00
4.040000e+01   1.200167e+00   -0.000000e+00   -0.000000e+00   2.630637e+02   4.081888e-06   3.082863e+00
4.050000e+01   1.219365e+00   -0.000000e+00   -0.000000e+00   2.633332e+02   4.025180e-06   3.043150e+00
4.060000e+01   1.220752e+00   -0.000000e+00   -0.000000e+00   2.635970e+02   3.969400e-06   3.003984e+00
4.070000e+01   1.196895e+00   -0.000000e+00   -0.000000e+00   2.638547e+02   3.914532e-06   2.965358e+00
4.080000e+01   1.127831e+00   -0.000000e+00   -0.000000e+00   2.641064e+02   3.860558e-06   2.927261e+00
4.090000e+01   8.389619e-01   -0.000000e+00   -0.000000e+00   2.643520e+02   3.807461e-06   2.889685e+00
4.100000e+01   3.541384e-01   -0.000000e+00   -0.000000e+00   2.645920e+02   3.755219e-06   2.852623e+00
4.110000e+01   -2.257212e-01   -0.000000e+00   -0.000000e+00   2.648265e+02   3.703815e-06   2.816068e+00
4.120000e+01   -7.996987e-01   -0.000000e+00   -0.000000e+00   2.650560e+02   3.653228e-06   2.780012e+00
4.130000e+01   -1.270370e+00   -0.000000e+00   -0.000000e+00   2.652807e+02   3.603440e-06   2.744450e+00
4.140000e+01   -1.645827e+00   -0.000000e+00   -0.000000e+00   2.655010e+02   3.554432e-06   2.709373e+00
4.150000e+01   -1.989979e+00   -0.000000e+00   -0.000000e+00   2.657172e+02   3.506187e-06   2.674774e+00
4.160000e+01   -2.353940e+00   -0.000000e+00   -0.000000e+00   2.659296e+02   3.458688e-06   2.640647e+00
4.170000e+01   -2.788820e+00   -0.000000e+00   -0.000000e+00   2.661385e+02   3.411916e-06   2.606984e+00
4.180000e+01   -3.368242e+00   -0.000000e+00   -0.000000e+00   2.663443e+02   3.365856e-06   2.573779e+00
4.190000e+01   -4.577721e+00   -0.000000e+00   -0.000000e+00   2.665472e+02   3.320490e-06   2.541023e+00
4.200000e+01   -6.259639e+00   -0.000000e+00   -0.000000e+00   2.667476e+02   3.275803e-06   2.508711e+00
4.210000e+01   -7.964308e+00   -0.000000e+00   -0.000000e+00   2.669458e+02   3.231778e-06   2.476835e+00
4.220000e+01   -9.242037e+00   -0.000000e+00   -0.000000e+00   2.671422e+02   3.188400e-06   2.445387e+00
4.230000e+01   -9.662028e+00   -0.000000e+00   -0.000000e+00   2.673369e+02   3.145654e-06   2.414361e+00
4.240000e+01   -9.518452e+00   -0.000000e+00   -0.000000e+00   2.675305e+02   3.103524e-06   2.383750e+00
4.250000e+01   -9.112180e+00   -0.000000e+00   -0.000000e+00   2.677231e+02   3.061996e-06   2.353547e+00
4.260000e+01   -8.495337e+00   -0.000000e+00   -0.000000e+00   2.679151e+02   3.021056e-06   2.323744e+00
4.270000e+01   -7.720020e+00   -0.000000e+00   -0.000000e+00   2.681064e+02   2.980695e-06   2.294336e+00
4.280000e+01   -6.807507e+00   -0.000000e+00   -0.000000e+00   2.682970e+02   2.940907e-06   2.265319e+00
4.290000e+01   -4.608124e+00   -0.000000e+00   -0.000000e+00   2.684869e+02   2.901682e-06   2.236687e+00
4.300000e+01   -1.244196e+00   -0.000000e+00   -0.000000e+00   2.686759e+02   2.863014e-06   2.208435e+00
4.310000e+01   2.281606e+00   -0.000000e+00   -0.000000e+00   2.688641e+02   2.824895e-06   2.180557e+00
4.320000e+01   4.966608e+00   -0.000000e+00   -0.000000e+00   2.690514e+02   2.787317e-06   2.153049e+00
4.330000e+01   5.831244e+00   -0.000000e+00   -0.000000e+00   2.692377e+02   2.750273e-06   2.125906e+00
4.340000e+01   5.694943e+00   -0.000000e+00   -0.000000e+00   2.694230e+02   2.713755e-06   2.099123e+00
4.350000e+01   5.438273e+00   -0.000000e+00   -0.000000e+00   2.696073e+02   2.677756e-06   2.072693e+00
4.360000e+01   5.095324e+00   -0.000000e+00   -0.000000e+00   2.697903e+02   2.642269e-06   2.046613e+00
4.370000e+01   4.700186e+00   -0.000000e+00   -0.000000e+00   2.699722e+02   2.607284e-06   2.020877e+00
4.380000e+01   4.284914e+00   -0.000000e+00   -0.000000e+00   2.701529e+02   2.572796e-06   1.995480e+00
4.390000e+01   3.669161e+00   -0.000000e+00   -0.000000e+00   2.703322e+02   2.538796e-06   1.970416e+00
4.400000e+01   2.831447e+00   -0.000000e+00   -0.000000e+00   2.705102e+02   2.505277e-06   1.945682e+00
4.410000e+01   1.931975e+00   -0.000000e+00   -0.000000e+00   2.706868e+02   2.472232e-06   1.921271e+00
4.420000e+01   1.130950e+00   -0.000000e+00   -0.000000e+00   2.708619e+02   2.439652e-06   1.897178e+00
4.430000e+01   5.879936e-01   -0.000000e+00   -0.000000e+00   2.710356e+02   2.407530e-06   1.873399e+00
4.440000e+01   2.749603e-01   -0.000000e+00   -0.000000e+00   2.712076e+02   2.375859e-06   1.849928e+00
4.450000e+01   5.216788e-02   -0.000000e+00   -0.000000e+00   2.713779e+02   2.344634e-06   1.826762e+00
4.460000e+01   -1.377636e-01   -0.000000e+00   -0.000000e+00   2.715463e+02   2.313850e-06   1.803895e+00
4.470000e+01   -3.522159e-01   -0.000000e+00   -0.000000e+00   2.717125e+02   2.283502e-06   1.781326e+00
4.480000e+01   -6.485689e-01   -0.000000e+00   -0.000000e+00   2.718764e+02   2.253585e-06   1.759049e+00
4.490000e+01   -1.069906e+00   -0.000000e+00   -0.000000e+00   2.720378e+02   2.224095e-06   1.737061e+00
4.500000e+01   -1.611864e+00   -0.000000e+00   -0.000000e+00   2.721965e+02   2.195027e-06   1.715358e+00
4.510000e+01   -2.260326e+00   -0.000000e+00   -0.000000e+00   2.723523e+02   2.166376e-06   1.693937e+00
4.520000e+01   -3.001173e+00   -0.000000e+00   -0.000000e+00   2.725049e+02   2.138137e-06   1.672793e+00
4.530000e+01   -3.820290e+00   -0.000000e+00   -0.000000e+00   2.726543e+02   2.110305e-06   1.651923e+00
4.540000e+01   -4.872288e+00   -0.000000e+00   -0.000000e+00   2.728001e+02   2.082876e-06   1.631324e+00
4.550000e+01   -6.213916e+00   -0.000000e+00   -0.000000e+00   2.729422e+02   2.055843e-06   1.610990e+00
4.560000e+01   -7.684258e+00   -0.000000e+00   -0.000000e+00   2.730805e+02   2.029202e-06   1.590920e+00
4.570000e+01   -9.122403e+00   -0.000000e+00   -0.000000e+00   2.732146e+02   2.002948e-06   1.571108e+00
4.580000e+01   -1.036744e+01   -0.000000e+00   -0.000000e+00   2.733444e+02   1.977076e-06   1.551550e+00
4.590000e+01   -1.154231e+01   -0.000000e+00   -0.000000e+00   2.734698e+02   1.951580e-06   1.532244e+00
4.600000e+01   -1.279043e+01   -0.000000e+00   -0.000000e+00   2.735905e+02   1.926455e-06   1.513186e+00
4.610000e+01   -1.392170e+01   -0.000000e+00   -0.000000e+00   2.737063e+02   1.901697e-06   1.494371e+00
4.620000e+01   -1.474568e+01   -0.000000e+00   -0.000000e+00   2.738170e+02   1.877300e-06   1.475796e+00
4.630000e+01   -1.507186e+01   -0.000000e+00   -0.000000e+00   2.739224e+02   1.853258e-06   1.457457e+00
4.640000e+01   -1.498194e+01   -0.000000e+00   -0.000000e+00   2.740226e+02   1.829566e-06   1.439351e+00
4.650000e+01   -1.476544e+01   -0.000000e+00   -0.000000e+00   2.741176e+02   1.806218e-06   1.421475e+00
4.660000e+01   -1.443924e+01   -0.000000e+00   -0.000000e+00   2.742072e+02   1.783209e-06   1.403827e+00
4.670000e+01   -1.401899e+01   -0.000000e+00   -0.000000e+00   2.742917e+02   1.760534e-06   1.386403e+00
4.680000e+01   -1.352034e+01   -0.000000e+00   -0.000000e+00   2.743709e+02   1.738187e-06   1.369200e+00
4.690000e+01   -1.221067e+01   -0.000000e+00   -0.000000e+00   2.744450e+02   1.716163e-06   1.352216e+00
4.700000e+01   -9.517700e+00   -0.000000e+00   -0.000000e+00   2.745138e+02   1.694456e-06   1.335448e+00
4.710000e+01   -6.281060e+00   -0.000000e+00   -0.000000e+00   2.745775e+02   1.673062e-06   1.318892e+00
4.720000e+01   -3.351009e+00   -0.000000e+00   -0.000000e+00   2.746359e+02   1.651975e-06   1.302546e+00
4.730000e+01   -1.577807e+00   -0.000000e+00   -0.000000e+00   2.746892e+02   1.631189e-06   1.286407e+00
4.740000e+01   -1.010868e+00   -0.000000e+00   -0.000000e+00   2.747374e+02   1.610701e-06   1.270472e+00
4.750000e+01   -6.439575e-01   -0.000000e+00   -0.000000e+00   2.747804e+02   1.590504e-06   1.254737e+00
4.760000e+01   -3.746424e-01   -0.000000e+00   -0.000000e+00   2.748183e+02   1.570594e-06   1.239201e+00
4.770000e+01   -1.166706e-01   -0.000000e+00   -0.000000e+00   2.748511e+02   1.550965e-06   1.223860e+00
4.780000e+01   2.162099e-01   -0.000000e+00   -0.000000e+00   2.748787e+02   1.531613e-06   1.208711e+00
4.790000e+01   7.482154e-01   -0.000000e+00   -0.000000e+00   2.749013e+02   1.512533e-06   1.193752e+00
4.800000e+01   1.485121e+00   -0.000000e+00   -0.000000e+00   2.749188e+02   1.493720e-06   1.178979e+00
4.810000e+01   2.247578e+00   -0.000000e+00   -0.000000e+00   2.749312e+02   1.475169e-06   1.164389e+00
4.820000e+01   2.853520e+00   -0.000000e+00   -0.000000e+00   2.749386e+02   1.456875e-06   1.149980e+00
4.830000e+01   3.121292e+00   -0.000000e+00   -0.000000e+00   2.749410e+02   1.438834e-06   1.135749e+00
4.840000e+01   2.492656e+00   -0.000000e+00   -0.000000e+00   2.749386e+02   1.421041e-06   1.121694e+00
4.850000e+01   5.008621e-01   -0.000000e+00   -0.000000e+00   2.749315e+02   1.403492e-06   1.107813e+00
4.860000e+01   -2.154255e+00   -0.000000e+00   -0.000000e+00   2.749199e+02   1.386182e-06   1.094104e+00
4.870000e+01   -4.743233e+00   -0.000000e+00   -0.000000e+00   2.749038e+02   1.369108e-06   1.080565e+00
4.880000e+01   -6.536612e+00   -0.000000e+00   -0.000000e+00   2.748835e+02   1.352265e-06   1.067192e+00
4.890000e+01   -7.342596e+00   -0.000000e+00   -0.000000e+00   2.748591e+02   1.335648e-06   1.053986e+00
4.900000e+01   -8.033903e+00   -0.000000e+00   -0.000000e+00   2.748308e+02   1.319255e-06   1.040942e+00
4.910000e+01   -8.616965e+00   -0.000000e+00   -0.000000e+00   2.747985e+02   1.303081e-06   1.028059e+00
4.920000e+01   -9.054692e+00   -0.000000e+00   -0.000000e+00   2.747626e+02   1.287121e-06   1.015335e+00
4.930000e+01   -9.309993e+00   -0.000000e+00   -0.000000e+00   2.747231e+02   1.271373e-06   1.002768e+00
4.940000e+01   -8.974890e+00   -0.000000e+00   -0.000000e+00   2.746803e+02   1.255832e-06   9.903558e-01
4.950000e+01   -7.402930e+00   -0.000000e+00   -0.000000e+00   2.746341e+02   1.240494e-06   9.780957e-01
4.960000e+01   -5.198765e+00   -0.000000e+00   -0.000000e+00   2.745848e+02   1.225355e-06   9.659859e-01
4.970000e+01   -3.024376e+00   -0.000000e+00   -0.000000e+00   2.745325e+02   1.210412e-06   9.540242e-01
4.980000e+01   -1.541743e+00   -0.000000e+00   -0.000000e+00   2.744773e+02   1.195661e-06   9.422085e-01
4.990000e+01   -1.006184e+00   -0.000000e+00   -0.000000e+00   2.744194e+02   1.181099e-06   9.305367e-01
5.000000e+01   -5.949212e-01   -0.000000e+00   -0.000000e+00   2.743590e+02   1.166721e-06   9.190066e-01
5.010000e+01   -2.689229e-01   -0.000000e+00   -0.000000e+00   2.742961e+02   1.152525e-06   9.076161e-01
5.020000e+01   -5.447680e-02   -0.000000e+00   -0.000000e+00   2.742308e+02   1.138506e-06   8.963630e-01
5.030000e+01   2.141173e-02   -0.000000e+00   -0.000000e+00   2.741631e+02   1.124663e-06   8.852459e-01
5.040000e+01   -2.293378e-01   -0.000000e+00   -0.000000e+00   2.740927e+02   1.110996e-06   8.742632e-01
5.050000e+01   -1.185857e+00   -0.000000e+00   -0.000000e+00   2.740194e+02   1.097502e-06   8.634135e-01
5.060000e+01   -2.553201e+00   -0.000000e+00   -0.000000e+00   2.739430e+02   1.084180e-06   8.526953e-01
5.070000e+01   -3.989370e+00   -0.000000e+00   -0.000000e+00   2.738632e+02   1.071029e-06   8.421071e-01
5.080000e+01   -5.152361e+00   -0.000000e+00   -0.000000e+00   2.737800e+02   1.058047e-06   8.316475e-01
5.090000e+01   -5.867219e+00   -0.000000e+00   -0.000000e+00   2.736931e+02   1.045234e-06   8.213149e-01
5.100000e+01   -6.526304e+00   -0.000000e+00   -0.000000e+00   2.736023e+02   1.032587e-06   8.111079e-01
5.110000e+01   -7.117295e+00   -0.000000e+00   -0.000000e+00   2.735073e+02   1.020105e-06   8.010250e-01
5.120000e+01   -7.578153e+00   -0.000000e+00   -0.000000e+00   2.734081e+02   1.007786e-06   7.910647e-01
5.130000e+01   -7.846841e+00   -0.000000e+00   -0.000000e+00   2.733043e+02   9.956292e-07   7.812256e-01
5.140000e+01   -7.875997e+00   -0.000000e+00   -0.000000e+00   2.731958e+02   9.836328e-07   7.715062e-01
5.150000e+01   -7.729498e+00   -0.000000e+00   -0.000000e+00   2.730824e+02   9.717951e-07   7.619051e-01
5.160000e+01   -7.501415e+00   -0.000000e+00   -0.000000e+00   2.729639e+02   9.601146e-07   7.524206e-01
5.170000e+01   -7.283398e+00   -0.000000e+00   -0.000000e+00   2.728401e+02   9.485896e-07   7.430514e-01
5.180000e+01   -7.167094e+00   -0.000000e+00   -0.000000e+00   2.727107e+02   9.372184e-07   7.337960e-01
5.190000e+01   -7.263010e+00   -0.000000e+00   -0.000000e+00   2.725756e+02   9.259995e-07   7.246529e-01
5.200000e+01   -7.649107e+00   -0.000000e+00   -0.000000e+00   2.724345e+02   9.149310e-07   7.156206e-01
5.210000e+01   -8.188269e+00   -0.000000e+00   -0.000000e+00   2.722874e+02   9.040113e-07   7.066977e-01
5.220000e+01   -8.724533e+00   -0.000000e+00   -0.000000e+00   2.721339e+02   8.932386e-07   6.978827e-01
5.230000e+01   -9.101553e+00   -0.000000e+00   -0.000000e+00   2.719740e+02   8.826109e-07   6.891743e-01
5.240000e+01   -9.180134e+00   -0.000000e+00   -0.000000e+00   2.718079e+02   8.721259e-07   6.805712e-01
5.250000e+01   -8.980264e+00   -0.000000e+00   -0.000000e+00   2.716353e+02   8.617816e-07   6.720721e-01
5.260000e+01   -8.568965e+00   -0.000000e+00   -0.000000e+00   2.714565e+02   8.515759e-07   6.636757e-01
5.270000e+01   -8.007950e+00   -0.000000e+00   -0.000000e+00   2.712713e+02   8.415066e-07   6.553808e-01
5.280000e+01   -7.358936e+00   -0.000000e+00   -0.000000e+00   2.710798e+02   8.315716e-07   6.471860e-01
5.290000e+01   -6.538571e+00   -0.000000e+00   -0.000000e+00   2.708819e+02   8.217690e-07   6.390901e-01
5.300000e+01   -4.923343e+00   -0.000000e+00   -0.000000e+00   2.706777e+02   8.120965e-07   6.310918e-01
5.310000e+01   -2.903106e+00   -0.000000e+00   -0.000000e+00   2.704673e+02   8.025522e-07   6.231898e-01
5.320000e+01   -1.033353e+00   -0.000000e+00   -0.000000e+00   2.702505e+02   7.931340e-07   6.153829e-01
5.330000e+01   1.304240e-01   -0.000000e+00   -0.000000e+00   2.700274e+02   7.838399e-07   6.076696e-01
5.340000e+01   2.022574e-01   -0.000000e+00   -0.000000e+00   2.697980e+02   7.746680e-07   6.000488e-01
5.350000e+01   -4.227912e-03   -0.000000e+00   -0.000000e+00   2.695623e+02   7.656160e-07   5.925192e-01
5.360000e+01   -2.832169e-01   -0.000000e+00   -0.000000e+00   2.693203e+02   7.566822e-07   5.850795e-01
5.370000e+01   -6.234481e-01   -0.000000e+00   -0.000000e+00   2.690720e+02   7.478645e-07   5.777284e-01
5.380000e+01   -1.013660e+00   -0.000000e+00   -0.000000e+00   2.688174e+02   7.391609e-07   5.704646e-01
5.390000e+01   -1.479988e+00   -0.000000e+00   -0.000000e+00   2.685565e+02   7.305695e-07   5.632869e-01
5.400000e+01   -2.280889e+00   -0.000000e+00   -0.000000e+00   2.682894e+02   7.220883e-07   5.561939e-01
5.410000e+01   -3.393756e+00   -0.000000e+00   -0.000000e+00   2.680160e+02   7.137154e-07   5.491843e-01
5.420000e+01   -4.727768e+00   -0.000000e+00   -0.000000e+00   2.677364e+02   7.054487e-07   5.422570e-01
5.430000e+01   -6.192018e+00   -0.000000e+00   -0.000000e+00   2.674508e+02   6.972860e-07   5.354108e-01
5.440000e+01   -7.769120e+00   -0.000000e+00   -0.000000e+00   2.671597e+02   6.892243e-07   5.286448e-01
5.450000e+01   -9.947207e+00   -0.000000e+00   -0.000000e+00   2.668639e+02   6.812612e-07   5.219583e-01
5.460000e+01   -1.250841e+01   -0.000000e+00   -0.000000e+00   2.665637e+02   6.733939e-07   5.153502e-01
5.470000e+01   -1.505062e+01   -0.000000e+00   -0.000000e+00   2.662596e+02   6.656200e-07   5.088198e-01
5.480000e+01   -1.717170e+01   -0.000000e+00   -0.000000e+00   2.659524e+02   6.579368e-07   5.023662e-01
5.490000e+01   -1.854458e+01   -0.000000e+00   -0.000000e+00   2.656424e+02   6.503420e-07   4.959885e-01
5.500000e+01   -1.968561e+01   -0.000000e+00   -0.000000e+00   2.653303e+02   6.428332e-07   4.896858e-01
5.510000e+01   -2.071910e+01   -0.000000e+00   -0.000000e+00   2.650165e+02   6.354081e-07   4.834572e-01
5.520000e+01   -2.156715e+01   -0.000000e+00   -0.000000e+00   2.647017e+02   6.280643e-07   4.773019e-01
5.530000e+01   -2.215183e+01   -0.000000e+00   -0.000000e+00   2.643863e+02   6.207998e-07   4.712190e-01
5.540000e+01   -2.234707e+01   -0.000000e+00   -0.000000e+00   2.640708e+02   6.136123e-07   4.652076e-01
5.550000e+01   -2.162050e+01   -0.000000e+00   -0.000000e+00   2.637559e+02   6.064996e-07   4.592669e-01
5.560000e+01   -2.023746e+01   -0.000000e+00   -0.000000e+00   2.634421e+02   5.994598e-07   4.533959e-01
5.570000e+01   -1.869872e+01   -0.000000e+00   -0.000000e+00   2.631299e+02   5.924908e-07   4.475939e-01
5.580000e+01   -1.750509e+01   -0.000000e+00   -0.000000e+00   2.628198e+02   5.855905e-07   4.418598e-01
5.590000e+01   -1.710285e+01   -0.000000e+00   -0.000000e+00   2.625125e+02   5.787572e-07   4.361930e-01
5.600000e+01   -1.699497e+01   -0.000000e+00   -0.000000e+00   2.622083e+02   5.719888e-07   4.305924e-01
5.610000e+01   -1.693602e+01   -0.000000e+00   -0.000000e+00   2.619079e+02   5.652836e-07   4.250572e-01
5.620000e+01   -1.693734e+01   -0.000000e+00   -0.000000e+00   2.616118e+02   5.586397e-07   4.195865e-01
5.630000e+01   -1.701030e+01   -0.000000e+00   -0.000000e+00   2.613202e+02   5.520562e-07   4.141796e-01
5.640000e+01   -1.717925e+01   -0.000000e+00   -0.000000e+00   2.610323e+02   5.455345e-07   4.088357e-01
5.650000e+01   -1.765552e+01   -0.000000e+00   -0.000000e+00   2.607471e+02   5.390761e-07   4.035543e-01
5.660000e+01   -1.836604e+01   -0.000000e+00   -0.000000e+00   2.604637e+02   5.326826e-07   3.983346e-01
5.670000e+01   -1.912174e+01   -0.000000e+00   -0.000000e+00   2.601811e+02   5.263555e-07   3.931762e-01
5.680000e+01   -1.973355e+01   -0.000000e+00   -0.000000e+00   2.598984e+02   5.200959e-07   3.880784e-01
5.690000e+01   -2.002311e+01   -0.000000e+00   -0.000000e+00   2.596147e+02   5.139052e-07   3.830404e-01
5.700000e+01   -2.011819e+01   -0.000000e+00   -0.000000e+00   2.593289e+02   5.077846e-07   3.780618e-01
5.710000e+01   -2.012491e+01   -0.000000e+00   -0.000000e+00   2.590402e+02   5.017350e-07   3.731419e-01
5.720000e+01   -2.005367e+01   -0.000000e+00   -0.000000e+00   2.587476e+02   4.957576e-07   3.682800e-01
5.730000e+01   -1.991483e+01   -0.000000e+00   -0.000000e+00   2.584502e+02   4.898532e-07   3.634755e-01
5.740000e+01   -1.968683e+01   -0.000000e+00   -0.000000e+00   2.581470e+02   4.840227e-07   3.587279e-01
5.750000e+01   -1.849122e+01   -0.000000e+00   -0.000000e+00   2.578371e+02   4.782668e-07   3.540364e-01
5.760000e+01   -1.644286e+01   -0.000000e+00   -0.000000e+00   2.575194e+02   4.725863e-07   3.494005e-01
5.770000e+01   -1.424126e+01   -0.000000e+00   -0.000000e+00   2.571932e+02   4.669818e-07   3.448195e-01
5.780000e+01   -1.258592e+01   -0.000000e+00   -0.000000e+00   2.568574e+02   4.614539e-07   3.402928e-01
5.790000e+01   -1.215427e+01   -0.000000e+00   -0.000000e+00   2.565111e+02   4.560031e-07   3.358198e-01
5.800000e+01   -1.246044e+01   -0.000000e+00   -0.000000e+00   2.561533e+02   4.506298e-07   3.313998e-01
5.810000e+01   -1.298834e+01   -0.000000e+00   -0.000000e+00   2.557831e+02   4.453345e-07   3.270323e-01
5.820000e+01   -1.368661e+01   -0.000000e+00   -0.000000e+00   2.553996e+02   4.401175e-07   3.227165e-01
5.830000e+01   -1.450395e+01   -0.000000e+00   -0.000000e+00   2.550019e+02   4.349787e-07   3.184519e-01
5.840000e+01   -1.540271e+01   -0.000000e+00   -0.000000e+00   2.545906e+02   4.299163e-07   3.142380e-01
5.850000e+01   -1.712622e+01   -0.000000e+00   -0.000000e+00   2.541666e+02   4.249273e-07   3.100741e-01
5.860000e+01   -1.963629e+01   -0.000000e+00   -0.000000e+00   2.537311e+02   4.200089e-07   3.059599e-01
5.870000e+01   -2.224805e+01   -0.000000e+00   -0.000000e+00   2.532850e+02   4.151583e-07   3.018947e-01
5.880000e+01   -2.427659e+01   -0.000000e+00   -0.000000e+00   2.528294e+02   4.103730e-07   2.978781e-01
5.890000e+01   -2.504216e+01   -0.000000e+00   -0.000000e+00   2.523653e+02   4.056502e-07   2.939096e-01
5.900000e+01   -2.466267e+01   -0.000000e+00   -0.000000e+00   2.518939e+02   4.009876e-07   2.899886e-01
5.910000e+01   -2.371026e+01   -0.000000e+00   -0.000000e+00   2.514161e+02   3.963826e-07   2.861146e-01
5.920000e+01   -2.247172e+01   -0.000000e+00   -0.000000e+00   2.509330e+02   3.918329e-07   2.822871e-01
5.930000e+01   -2.123381e+01   -0.000000e+00   -0.000000e+00   2.504457e+02   3.873362e-07   2.785056e-01
5.940000e+01   -2.028239e+01   -0.000000e+00   -0.000000e+00   2.499551e+02   3.828903e-07   2.747696e-01
5.950000e+01   -1.960667e+01   -0.000000e+00   -0.000000e+00   2.494624e+02   3.784929e-07   2.710786e-01
5.960000e+01   -1.901786e+01   -0.000000e+00   -0.000000e+00   2.489686e+02   3.741420e-07   2.674320e-01
5.970000e+01   -1.845656e+01   -0.000000e+00   -0.000000e+00   2.484747e+02   3.698355e-07   2.638293e-01
5.980000e+01   -1.786336e+01   -0.000000e+00   -0.000000e+00   2.479818e+02   3.655713e-07   2.602701e-01
5.990000e+01   -1.717886e+01   -0.000000e+00   -0.000000e+00   2.474909e+02   3.613476e-07   2.567537e-01
6.000000e+01   -1.634836e+01   -0.000000e+00   -0.000000e+00   2.470031e+02   3.571624e-07   2.532798e-01
6.010000e+01   -1.540497e+01   -0.000000e+00   -0.000000e+00   2.465195e+02   3.530138e-07   2.498477e-01
6.020000e+01   -1.441769e+01   -0.000000e+00   -0.000000e+00   2.460410e+02   3.489002e-07   2.464569e-01
6.030000e+01   -1.345553e+01   -0.000000e+00   -0.000000e+00   2.455686e+02   3.448198e-07   2.431070e-01
6.040000e+01   -1.258748e+01   -0.000000e+00   -0.000000e+00   2.451028e+02   3.407721e-07   2.397975e-01
6.050000e+01   -1.169955e+01   -0.000000e+00   -0.000000e+00   2.446430e+02   3.367576e-07   2.365279e-01
6.060000e+01   -1.073979e+01   -0.000000e+00   -0.000000e+00   2.441888e+02   3.327766e-07   2.332979e-01
6.070000e+01   -9.870181e+00   -0.000000e+00   -0.000000e+00   2.437398e+02   3.288296e-07   2.301069e-01
6.080000e+01   -9.252708e+00   -0.000000e+00   -0.000000e+00   2.432956e+02   3.249169e-07   2.269546e-01
6.090000e+01   -9.049361e+00   -0.000000e+00   -0.000000e+00   2.428558e+02   3.210390e-07   2.238405e-01
6.100000e+01   -9.152882e+00   -0.000000e+00   -0.000000e+00   2.424200e+02   3.171962e-07   2.207643e-01
6.110000e+01   -9.310335e+00   -0.000000e+00   -0.000000e+00   2.419877e+02   3.133887e-07   2.177254e-01
6.120000e+01   -9.515544e+00   -0.000000e+00   -0.000000e+00   2.415586e+02   3.096169e-07   2.147234e-01
6.130000e+01   -9.762619e+00   -0.000000e+00   -0.000000e+00   2.411321e+02   3.058810e-07   2.117580e-01
6.140000e+01   -1.004567e+01   -0.000000e+00   -0.000000e+00   2.407080e+02   3.021811e-07   2.088287e-01
6.150000e+01   -1.073201e+01   -0.000000e+00   -0.000000e+00   2.402857e+02   2.985176e-07   2.059350e-01
6.160000e+01   -1.204015e+01   -0.000000e+00   -0.000000e+00   2.398649e+02   2.948905e-07   2.030766e-01
6.170000e+01   -1.355343e+01   -0.000000e+00   -0.000000e+00   2.394451e+02   2.913001e-07   2.002530e-01
6.180000e+01   -1.485293e+01   -0.000000e+00   -0.000000e+00   2.390260e+02   2.877464e-07   1.974637e-01
6.190000e+01   -1.551975e+01   -0.000000e+00   -0.000000e+00   2.386071e+02   2.842295e-07   1.947084e-01
6.200000e+01   -1.526211e+01   -0.000000e+00   -0.000000e+00   2.381879e+02   2.807495e-07   1.919867e-01
6.210000e+01   -1.430479e+01   -0.000000e+00   -0.000000e+00   2.377682e+02   2.773065e-07   1.892980e-01
6.220000e+01   -1.299137e+01   -0.000000e+00   -0.000000e+00   2.373474e+02   2.739004e-07   1.866420e-01
6.230000e+01   -1.166505e+01   -0.000000e+00   -0.000000e+00   2.369251e+02   2.705313e-07   1.840183e-01
6.240000e+01   -1.066836e+01   -0.000000e+00   -0.000000e+00   2.365011e+02   2.671990e-07   1.814264e-01
6.250000e+01   -1.001685e+01   -0.000000e+00   -0.000000e+00   2.360753e+02   2.639034e-07   1.788661e-01
6.260000e+01   -9.371371e+00   -0.000000e+00   -0.000000e+00   2.356476e+02   2.606442e-07   1.763370e-01
6.270000e+01   -8.815272e+00   -0.000000e+00   -0.000000e+00   2.352178e+02   2.574212e-07   1.738389e-01
6.280000e+01   -8.438867e+00   -0.000000e+00   -0.000000e+00   2.347858e+02   2.542343e-07   1.713714e-01
6.290000e+01   -8.332475e+00   -0.000000e+00   -0.000000e+00   2.343515e+02   2.510831e-07   1.689342e-01
6.300000e+01   -8.866125e+00   -0.000000e+00   -0.000000e+00   2.339147e+02   2.479674e-07   1.665270e-01
6.310000e+01   -1.034988e+01   -0.000000e+00   -0.000000e+00   2.334755e+02   2.448871e-07   1.641495e-01
6.320000e+01   -1.236123e+01   -0.000000e+00   -0.000000e+00   2.330335e+02   2.418418e-07   1.618013e-01
6.330000e+01   -1.446402e+01   -0.000000e+00   -0.000000e+00   2.325888e+02   2.388313e-07   1.594822e-01
6.340000e+01   -1.622209e+01   -0.000000e+00   -0.000000e+00   2.321412e+02   2.358553e-07   1.571919e-01
6.350000e+01   -1.750496e+01   -0.000000e+00   -0.000000e+00   2.316906e+02   2.329136e-07   1.549300e-01
6.360000e+01   -1.871734e+01   -0.000000e+00   -0.000000e+00   2.312368e+02   2.300059e-07   1.526963e-01
6.370000e+01   -1.982943e+01   -0.000000e+00   -0.000000e+00   2.307799e+02   2.271320e-07   1.504903e-01
6.380000e+01   -2.079487e+01   -0.000000e+00   -0.000000e+00   2.303195e+02   2.242915e-07   1.483118e-01
6.390000e+01   -2.156734e+01   -0.000000e+00   -0.000000e+00   2.298556e+02   2.214842e-07   1.461606e-01
6.400000e+01   -2.215206e+01   -0.000000e+00   -0.000000e+00   2.293882e+02   2.187097e-07   1.440362e-01
6.410000e+01   -2.264689e+01   -0.000000e+00   -0.000000e+00   2.289170e+02   2.159679e-07   1.419383e-01
6.420000e+01   -2.305815e+01   -0.000000e+00   -0.000000e+00   2.284420e+02   2.132584e-07   1.398667e-01
6.430000e+01   -2.338817e+01   -0.000000e+00   -0.000000e+00   2.279630e+02   2.105809e-07   1.378211e-01
6.440000e+01   -2.364143e+01   -0.000000e+00   -0.000000e+00   2.274798e+02   2.079353e-07   1.358011e-01
6.450000e+01   -2.381435e+01   -0.000000e+00   -0.000000e+00   2.269921e+02   2.053215e-07   1.338066e-01
6.460000e+01   -2.390892e+01   -0.000000e+00   -0.000000e+00   2.264997e+02   2.027397e-07   1.318374e-01
6.470000e+01   -2.396781e+01   -0.000000e+00   -0.000000e+00   2.260021e+02   2.001895e-07   1.298932e-01
6.480000e+01   -2.403534e+01   -0.000000e+00   -0.000000e+00   2.254993e+02   1.976711e-07   1.279737e-01
6.490000e+01   -2.415583e+01   -0.000000e+00   -0.000000e+00   2.249908e+02   1.951843e-07   1.260788e-01
6.500000e+01   -2.439943e+01   -0.000000e+00   -0.000000e+00   2.244764e+02   1.927290e-07   1.242081e-01
6.510000e+01   -2.484352e+01   -0.000000e+00   -0.000000e+00   2.239558e+02   1.903052e-07   1.223616e-01
6.520000e+01   -2.545151e+01   -0.000000e+00   -0.000000e+00   2.234287e+02   1.879127e-07   1.205390e-01
6.530000e+01   -2.618077e+01   -0.000000e+00   -0.000000e+00   2.228949e+02   1.855514e-07   1.187399e-01
6.540000e+01   -2.698868e+01   -0.000000e+00   -0.000000e+00   2.223541e+02   1.832212e-07   1.169643e-01
6.550000e+01   -2.797577e+01   -0.000000e+00   -0.000000e+00   2.218060e+02   1.809220e-07   1.152118e-01
6.560000e+01   -2.943410e+01   -0.000000e+00   -0.000000e+00   2.212502e+02   1.786537e-07   1.134823e-01
6.570000e+01   -3.107996e+01   -0.000000e+00   -0.000000e+00   2.206866e+02   1.764160e-07   1.117754e-01
6.580000e+01   -3.258867e+01   -0.000000e+00   -0.000000e+00   2.201149e+02   1.742089e-07   1.100911e-01
6.590000e+01   -3.363549e+01   -0.000000e+00   -0.000000e+00   2.195347e+02   1.720323e-07   1.084290e-01
6.600000e+01   -3.408647e+01   -0.000000e+00   -0.000000e+00   2.189458e+02   1.698858e-07   1.067889e-01
6.610000e+01   -3.445048e+01   -0.000000e+00   -0.000000e+00   2.183479e+02   1.677695e-07   1.051706e-01
6.620000e+01   -3.476821e+01   -0.000000e+00   -0.000000e+00   2.177408e+02   1.656831e-07   1.035739e-01
6.630000e+01   -3.502086e+01   -0.000000e+00   -0.000000e+00   2.171248e+02   1.636258e-07   1.019985e-01
6.640000e+01   -3.518766e+01   -0.000000e+00   -0.000000e+00   2.165011e+02   1.615965e-07   1.004441e-01
6.650000e+01   -3.513295e+01   -0.000000e+00   -0.000000e+00   2.158706e+02   1.595940e-07   9.891051e-02
6.660000e+01   -3.447290e+01   -0.000000e+00   -0.000000e+00   2.152342e+02   1.576174e-07   9.739748e-02
6.670000e+01   -3.338462e+01   -0.000000e+00   -0.000000e+00   2.145930e+02   1.556654e-07   9.590474e-02
6.680000e+01   -3.210310e+01   -0.000000e+00   -0.000000e+00   2.139480e+02   1.537371e-07   9.443202e-02
6.690000e+01   -3.086331e+01   -0.000000e+00   -0.000000e+00   2.133001e+02   1.518315e-07   9.297908e-02
6.700000e+01   -2.984086e+01   -0.000000e+00   -0.000000e+00   2.126504e+02   1.499475e-07   9.154564e-02
6.710000e+01   -2.887692e+01   -0.000000e+00   -0.000000e+00   2.119998e+02   1.480842e-07   9.013147e-02
6.720000e+01   -2.789227e+01   -0.000000e+00   -0.000000e+00   2.113493e+02   1.462407e-07   8.873629e-02
6.730000e+01   -2.683342e+01   -0.000000e+00   -0.000000e+00   2.106999e+02   1.444160e-07   8.735986e-02
6.740000e+01   -2.564686e+01   -0.000000e+00   -0.000000e+00   2.100527e+02   1.426092e-07   8.600191e-02
6.750000e+01   -2.423442e+01   -0.000000e+00   -0.000000e+00   2.094085e+02   1.408195e-07   8.466219e-02
6.760000e+01   -2.241636e+01   -0.000000e+00   -0.000000e+00   2.087685e+02   1.390460e-07   8.334044e-02
6.770000e+01   -2.037297e+01   -0.000000e+00   -0.000000e+00   2.081335e+02   1.372879e-07   8.203641e-02
6.780000e+01   -1.832887e+01   -0.000000e+00   -0.000000e+00   2.075046e+02   1.355444e-07   8.074983e-02
6.790000e+01   -1.650863e+01   -0.000000e+00   -0.000000e+00   2.068828e+02   1.338146e-07   7.948046e-02
6.800000e+01   -1.503782e+01   -0.000000e+00   -0.000000e+00   2.062691e+02   1.320979e-07   7.822803e-02
6.810000e+01   -1.353318e+01   -0.000000e+00   -0.000000e+00   2.056644e+02   1.303935e-07   7.699228e-02
6.820000e+01   -1.208693e+01   -0.000000e+00   -0.000000e+00   2.050697e+02   1.287006e-07   7.577300e-02
6.830000e+01   -1.089044e+01   -0.000000e+00   -0.000000e+00   2.044862e+02   1.270187e-07   7.456998e-02
6.840000e+01   -1.013515e+01   -0.000000e+00   -0.000000e+00   2.039148e+02   1.253472e-07   7.338303e-02
6.850000e+01   -9.949739e+00   -0.000000e+00   -0.000000e+00   2.033566e+02   1.236854e-07   7.221193e-02
6.860000e+01   -1.001357e+01   -0.000000e+00   -0.000000e+00   2.028126e+02   1.220328e-07   7.105651e-02
6.870000e+01   -1.022186e+01   -0.000000e+00   -0.000000e+00   2.022838e+02   1.203889e-07   6.991655e-02
6.880000e+01   -1.054109e+01   -0.000000e+00   -0.000000e+00   2.017713e+02   1.187532e-07   6.879185e-02
6.890000e+01   -1.093773e+01   -0.000000e+00   -0.000000e+00   2.012761e+02   1.171251e-07   6.768222e-02
6.900000e+01   -1.145668e+01   -0.000000e+00   -0.000000e+00   2.007993e+02   1.155043e-07   6.658747e-02
6.910000e+01   -1.260018e+01   -0.000000e+00   -0.000000e+00   2.003418e+02   1.138902e-07   6.550738e-02
6.920000e+01   -1.422861e+01   -0.000000e+00   -0.000000e+00   1.999047e+02   1.122825e-07   6.444176e-02
6.930000e+01   -1.605468e+01   -0.000000e+00   -0.000000e+00   1.994891e+02   1.106807e-07   6.339041e-02
6.940000e+01   -1.779109e+01   -0.000000e+00   -0.000000e+00   1.990960e+02   1.090846e-07   6.235313e-02
6.950000e+01   -1.923204e+01   -0.000000e+00   -0.000000e+00   1.987263e+02   1.074938e-07   6.132973e-02
6.960000e+01   -2.083515e+01   -0.000000e+00   -0.000000e+00   1.983812e+02   1.059079e-07   6.032000e-02
6.970000e+01   -2.247088e+01   -0.000000e+00   -0.000000e+00   1.980617e+02   1.043267e-07   5.932374e-02
6.980000e+01   -2.382466e+01   -0.000000e+00   -0.000000e+00   1.977689e+02   1.027500e-07   5.834076e-02
6.990000e+01   -2.458194e+01   -0.000000e+00   -0.000000e+00   1.975036e+02   1.011775e-07   5.737086e-02
7.000000e+01   -2.449152e+01   -0.000000e+00   -0.000000e+00   1.972670e+02   9.960903e-08   5.641383e-02
7.010000e+01   -2.404429e+01   -0.000000e+00   -0.000000e+00   1.970585e+02   9.804533e-08   5.546953e-02
7.020000e+01   -2.346069e+01   -0.000000e+00   -0.000000e+00   1.968756e+02   9.648819e-08   5.453789e-02
7.030000e+01   -2.279696e+01   -0.000000e+00   -0.000000e+00   1.967154e+02   9.493938e-08   5.361882e-02
7.040000e+01   -2.210933e+01   -0.000000e+00   -0.000000e+00   1.965755e+02   9.340063e-08   5.271224e-02
7.050000e+01   -2.144027e+01   -0.000000e+00   -0.000000e+00   1.964529e+02   9.187355e-08   5.181808e-02
7.060000e+01   -2.067571e+01   -0.000000e+00   -0.000000e+00   1.963451e+02   9.035968e-08   5.093626e-02
7.070000e+01   -1.984436e+01   -0.000000e+00   -0.000000e+00   1.962493e+02   8.886047e-08   5.006671e-02
7.080000e+01   -1.903225e+01   -0.000000e+00   -0.000000e+00   1.961629e+02   8.737727e-08   4.920935e-02
7.090000e+01   -1.832541e+01   -0.000000e+00   -0.000000e+00   1.960831e+02   8.591137e-08   4.836410e-02
7.100000e+01   -1.781438e+01   -0.000000e+00   -0.000000e+00   1.960072e+02   8.446397e-08   4.753088e-02
7.110000e+01   -1.759223e+01   -0.000000e+00   -0.000000e+00   1.959326e+02   8.303618e-08   4.670962e-02
7.120000e+01   -1.755966e+01   -0.000000e+00   -0.000000e+00   1.958565e+02   8.162903e-08   4.590024e-02
7.130000e+01   -1.757405e+01   -0.000000e+00   -0.000000e+00   1.957763e+02   8.024350e-08   4.510267e-02
7.140000e+01   -1.749277e+01   -0.000000e+00   -0.000000e+00   1.956892e+02   7.888046e-08   4.431682e-02
7.150000e+01   -1.718494e+01   -0.000000e+00   -0.000000e+00   1.955925e+02   7.754075e-08   4.354262e-02
7.160000e+01   -1.676603e+01   -0.000000e+00   -0.000000e+00   1.954836e+02   7.622511e-08   4.278000e-02
7.170000e+01   -1.627906e+01   -0.000000e+00   -0.000000e+00   1.953597e+02   7.493424e-08   4.202887e-02
7.180000e+01   -1.568779e+01   -0.000000e+00   -0.000000e+00   1.952182e+02   7.366876e-08   4.128916e-02
7.190000e+01   -1.495600e+01   -0.000000e+00   -0.000000e+00   1.950563e+02   7.242926e-08   4.056079e-02
7.200000e+01   -1.404960e+01   -0.000000e+00   -0.000000e+00   1.948714e+02   7.121624e-08   3.984368e-02
7.210000e+01   -1.299707e+01   -0.000000e+00   -0.000000e+00   1.946617e+02   7.002978e-08   3.913774e-02
7.220000e+01   -1.182954e+01   -0.000000e+00   -0.000000e+00   1.944267e+02   6.886946e-08   3.844279e-02
7.230000e+01   -1.056063e+01   -0.000000e+00   -0.000000e+00   1.941658e+02   6.773481e-08   3.775870e-02
7.240000e+01   -9.203996e+00   -0.000000e+00   -0.000000e+00   1.938786e+02   6.662539e-08   3.708532e-02
7.250000e+01   -7.749607e+00   -0.000000e+00   -0.000000e+00   1.935645e+02   6.554076e-08   3.642248e-02
7.260000e+01   -5.543248e+00   -0.000000e+00   -0.000000e+00   1.932230e+02   6.448047e-08   3.577004e-02
7.270000e+01   -2.638691e+00   -0.000000e+00   -0.000000e+00   1.928537e+02   6.344411e-08   3.512785e-02
7.280000e+01   4.820124e-01   -0.000000e+00   -0.000000e+00   1.924559e+02   6.243125e-08   3.449575e-02
7.290000e+01   3.336810e+00   -0.000000e+00   -0.000000e+00   1.920292e+02   6.144147e-08   3.387360e-02
7.300000e+01   5.459420e+00   -0.000000e+00   -0.000000e+00   1.915732e+02   6.047436e-08   3.326123e-02
7.310000e+01   7.193956e+00   -0.000000e+00   -0.000000e+00   1.910872e+02   5.952953e-08   3.265851e-02
7.320000e+01   8.845729e+00   -0.000000e+00   -0.000000e+00   1.905708e+02   5.860657e-08   3.206528e-02
7.330000e+01   1.037733e+01   -0.000000e+00   -0.000000e+00   1.900235e+02   5.770510e-08   3.148138e-02
7.340000e+01   1.175134e+01   -0.000000e+00   -0.000000e+00   1.894447e+02   5.682473e-08   3.090667e-02
7.350000e+01   1.293094e+01   -0.000000e+00   -0.000000e+00   1.888340e+02   5.596509e-08   3.034098e-02
7.360000e+01   1.392923e+01   -0.000000e+00   -0.000000e+00   1.881908e+02   5.512581e-08   2.978418e-02
7.370000e+01   1.477669e+01   -0.000000e+00   -0.000000e+00   1.875146e+02   5.430653e-08   2.923611e-02
7.380000e+01   1.548571e+01   -0.000000e+00   -0.000000e+00   1.868050e+02   5.350690e-08   2.869662e-02
7.390000e+01   1.606865e+01   -0.000000e+00   -0.000000e+00   1.860614e+02   5.272657e-08   2.816555e-02
7.400000e+01   1.653358e+01   -0.000000e+00   -0.000000e+00   1.852834e+02   5.196520e-08   2.764276e-02
7.410000e+01   1.645577e+01   -0.000000e+00   -0.000000e+00   1.844703e+02   5.122245e-08   2.712809e-02
7.420000e+01   1.581517e+01   -0.000000e+00   -0.000000e+00   1.836217e+02   5.049801e-08   2.662139e-02
7.430000e+01   1.499260e+01   -0.000000e+00   -0.000000e+00   1.827372e+02   4.979153e-08   2.612251e-02
7.440000e+01   1.437246e+01   -0.000000e+00   -0.000000e+00   1.818180e+02   4.910228e-08   2.563132e-02
7.450000e+01   1.434528e+01   -0.000000e+00   -0.000000e+00   1.808675e+02   4.842907e-08   2.514774e-02
7.460000e+01   1.560420e+01   -0.000000e+00   -0.000000e+00   1.798888e+02   4.777074e-08   2.467167e-02
7.470000e+01   1.793279e+01   -0.000000e+00   -0.000000e+00   1.788855e+02   4.712616e-08   2.420302e-02
7.480000e+01   2.053176e+01   -0.000000e+00   -0.000000e+00   1.778608e+02   4.649423e-08   2.374169e-02
7.490000e+01   2.260179e+01   -0.000000e+00   -0.000000e+00   1.768181e+02   4.587391e-08   2.328760e-02
7.500000e+01   2.334470e+01   -0.000000e+00   -0.000000e+00   1.757607e+02   4.526416e-08   2.284066e-02
7.510000e+01   2.317471e+01   -0.000000e+00   -0.000000e+00   1.746920e+02   4.466398e-08   2.240076e-02
7.520000e+01   2.291082e+01   -0.000000e+00   -0.000000e+00   1.736154e+02   4.407240e-08   2.196783e-02
7.530000e+01   2.255741e+01   -0.000000e+00   -0.000000e+00   1.725341e+02   4.348846e-08   2.154177e-02
7.540000e+01   2.211890e+01   -0.000000e+00   -0.000000e+00   1.714515e+02   4.291124e-08   2.112248e-02
7.550000e+01   2.159968e+01   -0.000000e+00   -0.000000e+00   1.703711e+02   4.233984e-08   2.070987e-02
7.560000e+01   2.117618e+01   -0.000000e+00   -0.000000e+00   1.692960e+02   4.177337e-08   2.030386e-02
7.570000e+01   2.091614e+01   -0.000000e+00   -0.000000e+00   1.682298e+02   4.121097e-08   1.990435e-02
7.580000e+01   2.066093e+01   -0.000000e+00   -0.000000e+00   1.671756e+02   4.065181e-08   1.951125e-02
7.590000e+01   2.025194e+01   -0.000000e+00   -0.000000e+00   1.661369e+02   4.009506e-08   1.912447e-02
7.600000e+01   1.953056e+01   -0.000000e+00   -0.000000e+00   1.651171e+02   3.953993e-08   1.874391e-02
7.610000e+01   1.853773e+01   -0.000000e+00   -0.000000e+00   1.641194e+02   3.898565e-08   1.836949e-02
7.620000e+01   1.745117e+01   -0.000000e+00   -0.000000e+00   1.631472e+02   3.843149e-08   1.800111e-02
7.630000e+01   1.628161e+01   -0.000000e+00   -0.000000e+00   1.622039e+02   3.787672e-08   1.763868e-02
7.640000e+01   1.503960e+01   -0.000000e+00   -0.000000e+00   1.612928e+02   3.732066e-08   1.728211e-02
7.650000e+01   1.373566e+01   0.000000e+00   0.000000e+00   1.604173e+02   3.676265e-08   1.693130e-02
7.660000e+01   1.268212e+01   0.000000e+00   0.000000e+00   1.595807e+02   3.620209e-08   1.658617e-02
7.670000e+01   1.212369e+01   0.000000e+00   0.000000e+00   1.587863e+02   3.563837e-08   1.624663e-02
7.680000e+01   1.182319e+01   0.000000e+00   0.000000e+00   1.580375e+02   3.507097e-08   1.591257e-02
7.690000e+01   1.154170e+01   0.000000e+00   0.000000e+00   1.573377e+02   3.449939e-08   1.558392e-02
7.700000e+01   1.104033e+01   0.000000e+00   0.000000e+00   1.566902e+02   3.392318e-08   1.526057e-02
7.710000e+01   1.039895e+01   0.000000e+00   0.000000e+00   1.560983e+02   3.334194e-08   1.494244e-02
7.720000e+01   9.855147e+00   0.000000e+00   0.000000e+00   1.555635e+02   3.275575e-08   1.462944e-02
7.730000e+01   9.200954e+00   0.000000e+00   0.000000e+00   1.550827e+02   3.216574e-08   1.432152e-02
7.740000e+01   8.225850e+00   0.000000e+00   0.000000e+00   1.546521e+02   3.157313e-08   1.401863e-02
7.750000e+01   6.719318e+00   0.000000e+00   0.000000e+00   1.542680e+02   3.097910e-08   1.372072e-02
7.760000e+01   4.470004e+00   0.000000e+00   0.000000e+00   1.539266e+02   3.038482e-08   1.342773e-02
7.770000e+01   1.596064e+00   0.000000e+00   0.000000e+00   1.536243e+02   2.979137e-08   1.313961e-02
7.780000e+01   -1.546399e+00   0.000000e+00   0.000000e+00   1.533572e+02   2.919981e-08   1.285631e-02
7.790000e+01   -4.599579e+00   0.000000e+00   0.000000e+00   1.531217e+02   2.861113e-08   1.257778e-02
7.800000e+01   -7.205670e+00   0.000000e+00   0.000000e+00   1.529139e+02   2.802629e-08   1.230397e-02
7.810000e+01   -9.257473e+00   0.000000e+00   0.000000e+00   1.527303e+02   2.744618e-08   1.203481e-02
7.820000e+01   -1.109017e+01   0.000000e+00   0.000000e+00   1.525670e+02   2.687161e-08   1.177027e-02
7.830000e+01   -1.276796e+01   0.000000e+00   0.000000e+00   1.524202e+02   2.630337e-08   1.151029e-02
7.840000e+01   -1.434695e+01   0.000000e+00   0.000000e+00   1.522863e+02   2.574217e-08   1.125482e-02
7.850000e+01   -1.588324e+01   0.000000e+00   0.000000e+00   1.521616e+02   2.518868e-08   1.100380e-02
7.860000e+01   -1.755303e+01   0.000000e+00   0.000000e+00   1.520422e+02   2.464350e-08   1.075719e-02
7.870000e+01   -1.952708e+01   0.000000e+00   0.000000e+00   1.519244e+02   2.410717e-08   1.051493e-02
7.880000e+01   -2.162433e+01   0.000000e+00   0.000000e+00   1.518046e+02   2.358021e-08   1.027696e-02
7.890000e+01   -2.365455e+01   0.000000e+00   0.000000e+00   1.516789e+02   2.306305e-08   1.004325e-02
7.900000e+01   -2.542752e+01   0.000000e+00   0.000000e+00   1.515436e+02   2.255611e-08   9.813729e-03
7.910000e+01   -2.690226e+01   0.000000e+00   0.000000e+00   1.513950e+02   2.205973e-08   9.588354e-03
7.920000e+01   -2.826425e+01   0.000000e+00   0.000000e+00   1.512294e+02   2.157423e-08   9.367070e-03
7.930000e+01   -2.939607e+01   0.000000e+00   0.000000e+00   1.510429e+02   2.109989e-08   9.149826e-03
7.940000e+01   -3.016959e+01   0.000000e+00   0.000000e+00   1.508322e+02   2.063690e-08   8.936572e-03
7.950000e+01   -3.048824e+01   0.000000e+00   0.000000e+00   1.505965e+02   2.018512e-08   8.727274e-03
7.960000e+01   -3.030527e+01   0.000000e+00   0.000000e+00   1.503372e+02   1.974415e-08   8.521915e-03
7.970000e+01   -2.973607e+01   0.000000e+00   0.000000e+00   1.500554e+02   1.931363e-08   8.320473e-03
7.980000e+01   -2.893892e+01   0.000000e+00   0.000000e+00   1.497526e+02   1.889322e-08   8.122929e-03
7.990000e+01   -2.807110e+01   0.000000e+00   0.000000e+00   1.494300e+02   1.848259e-08   7.929264e-03
8.000000e+01   -2.728984e+01   0.000000e+00   0.000000e+00   1.490889e+02   1.808144e-08   7.739458e-03
8.010000e+01   -2.688510e+01   0.000000e+00   0.000000e+00   1.487305e+02   1.768949e-08   7.553492e-03
8.020000e+01   -2.711893e+01   0.000000e+00   0.000000e+00   1.483563e+02   1.730647e-08   7.371347e-03
8.030000e+01   -2.760082e+01   0.000000e+00   0.000000e+00   1.479675e+02   1.693213e-08   7.193002e-03
8.040000e+01   -2.790717e+01   0.000000e+00   0.000000e+00   1.475654e+02   1.656623e-08   7.018438e-03
8.050000e+01   -2.761437e+01   0.000000e+00   0.000000e+00   1.471512e+02   1.620856e-08   6.847636e-03
8.060000e+01   -2.661157e+01   0.000000e+00   0.000000e+00   1.467263e+02   1.585891e-08   6.680576e-03
8.070000e+01   -2.570317e+01   0.000000e+00   0.000000e+00   1.462921e+02   1.551710e-08   6.517238e-03
8.080000e+01   -2.497574e+01   0.000000e+00   0.000000e+00   1.458504e+02   1.518283e-08   6.357592e-03
8.090000e+01   -2.441304e+01   0.000000e+00   0.000000e+00   1.454046e+02   1.485567e-08   6.201585e-03
8.100000e+01   -2.399500e+01   0.000000e+00   0.000000e+00   1.449583e+02   1.453516e-08   6.049162e-03
8.110000e+01   -2.369687e+01   0.000000e+00   0.000000e+00   1.445150e+02   1.422088e-08   5.900267e-03
8.120000e+01   -2.348976e+01   0.000000e+00   0.000000e+00   1.440782e+02   1.391243e-08   5.754846e-03
8.130000e+01   -2.336991e+01   0.000000e+00   0.000000e+00   1.436515e+02   1.360945e-08   5.612843e-03
8.140000e+01   -2.333556e+01   0.000000e+00   0.000000e+00   1.432383e+02   1.331157e-08   5.474203e-03
8.150000e+01   -2.338490e+01   0.000000e+00   0.000000e+00   1.428422e+02   1.301849e-08   5.338871e-03
8.160000e+01   -2.340915e+01   0.000000e+00   0.000000e+00   1.424667e+02   1.272988e-08   5.206791e-03
8.170000e+01   -2.304046e+01   0.000000e+00   0.000000e+00   1.421154e+02   1.244548e-08   5.077909e-03
8.180000e+01   -2.239816e+01   0.000000e+00   0.000000e+00   1.417917e+02   1.216501e-08   4.952168e-03
8.190000e+01   -2.165374e+01   0.000000e+00   0.000000e+00   1.414991e+02   1.188823e-08   4.829515e-03
8.200000e+01   -2.097872e+01   0.000000e+00   0.000000e+00   1.412413e+02   1.161494e-08   4.709893e-03
8.210000e+01   -2.039910e+01   0.000000e+00   0.000000e+00   1.410217e+02   1.134492e-08   4.593247e-03
8.220000e+01   -1.948644e+01   0.000000e+00   0.000000e+00   1.408439e+02   1.107800e-08   4.479523e-03
8.230000e+01   -1.850644e+01   0.000000e+00   0.000000e+00   1.407114e+02   1.081402e-08   4.368665e-03
8.240000e+01   -1.781564e+01   0.000000e+00   0.000000e+00   1.406276e+02   1.055285e-08   4.260618e-03
8.250000e+01   -1.777061e+01   0.000000e+00   0.000000e+00   1.405961e+02   1.029436e-08   4.155326e-03
8.260000e+01   -1.862024e+01   0.000000e+00   0.000000e+00   1.406206e+02   1.003846e-08   4.052734e-03
8.270000e+01   -1.994102e+01   0.000000e+00   0.000000e+00   1.407043e+02   9.785065e-09   3.952788e-03
8.280000e+01   -2.148672e+01   0.000000e+00   0.000000e+00   1.408488e+02   9.534273e-09   3.855433e-03
8.290000e+01   -2.308174e+01   0.000000e+00   0.000000e+00   1.410514e+02   9.286444e-09   3.760619e-03
8.300000e+01   -2.455136e+01   0.000000e+00   0.000000e+00   1.413091e+02   9.041943e-09   3.668295e-03
8.310000e+01   -2.574897e+01   0.000000e+00   0.000000e+00   1.416188e+02   8.801104e-09   3.578411e-03
8.320000e+01   -2.676099e+01   0.000000e+00   0.000000e+00   1.419773e+02   8.564229e-09   3.490918e-03
8.330000e+01   -2.767705e+01   0.000000e+00   0.000000e+00   1.423817e+02   8.331590e-09   3.405763e-03
8.340000e+01   -2.856895e+01   0.000000e+00   0.000000e+00   1.428288e+02   8.103426e-09   3.322898e-03
8.350000e+01   -2.950847e+01   0.000000e+00   0.000000e+00   1.433157e+02   7.879946e-09   3.242271e-03
8.360000e+01   -3.066300e+01   0.000000e+00   0.000000e+00   1.438391e+02   7.661328e-09   3.163832e-03
8.370000e+01   -3.254868e+01   0.000000e+00   0.000000e+00   1.443961e+02   7.447724e-09   3.087532e-03
8.380000e+01   -3.479623e+01   0.000000e+00   0.000000e+00   1.449836e+02   7.239257e-09   3.013319e-03
8.390000e+01   -3.688337e+01   0.000000e+00   0.000000e+00   1.455984e+02   7.036022e-09   2.941143e-03
8.400000e+01   -3.828779e+01   0.000000e+00   0.000000e+00   1.462376e+02   6.838092e-09   2.870954e-03
8.410000e+01   -3.862288e+01   0.000000e+00   0.000000e+00   1.468980e+02   6.645516e-09   2.802702e-03
8.420000e+01   -3.862854e+01   0.000000e+00   0.000000e+00   1.475766e+02   6.458321e-09   2.736336e-03
8.430000e+01   -3.852552e+01   0.000000e+00   0.000000e+00   1.482703e+02   6.276513e-09   2.671806e-03
8.440000e+01   -3.833145e+01   0.000000e+00   0.000000e+00   1.489760e+02   6.100080e-09   2.609061e-03
8.450000e+01   -3.806397e+01   0.000000e+00   0.000000e+00   1.496907e+02   5.928994e-09   2.548051e-03
8.460000e+01   -3.774049e+01   0.000000e+00   0.000000e+00   1.504113e+02   5.763210e-09   2.488726e-03
8.470000e+01   -3.736255e+01   0.000000e+00   0.000000e+00   1.511347e+02   5.602669e-09   2.431036e-03
8.480000e+01   -3.690707e+01   0.000000e+00   0.000000e+00   1.518578e+02   5.447299e-09   2.374930e-03
8.490000e+01   -3.635213e+01   0.000000e+00   0.000000e+00   1.525791e+02   5.296985e-09   2.320364e-03
8.500000e+01   -3.567876e+01   0.000000e+00   0.000000e+00   1.532978e+02   5.151586e-09   2.267301e-03
8.510000e+01   -3.478389e+01   0.000000e+00   0.000000e+00   1.540135e+02   5.010956e-09   2.215704e-03
8.520000e+01   -3.287810e+01   0.000000e+00   0.000000e+00   1.547256e+02   4.874953e-09   2.165533e-03
8.530000e+01   -3.013102e+01   0.000000e+00   0.000000e+00   1.554335e+02   4.743436e-09   2.116752e-03
8.540000e+01   -2.699500e+01   0.000000e+00   0.000000e+00   1.561367e+02   4.616265e-09   2.069323e-03
8.550000e+01   -2.392241e+01   0.000000e+00   0.000000e+00   1.568348e+02   4.493303e-09   2.023208e-03
8.560000e+01   -2.129199e+01   0.000000e+00   0.000000e+00   1.575271e+02   4.374412e-09   1.978369e-03
8.570000e+01   -1.856238e+01   0.000000e+00   0.000000e+00   1.582131e+02   4.259457e-09   1.934769e-03
8.580000e+01   -1.577622e+01   0.000000e+00   0.000000e+00   1.588923e+02   4.148306e-09   1.892370e-03
8.590000e+01   -1.326133e+01   0.000000e+00   0.000000e+00   1.595641e+02   4.040827e-09   1.851134e-03
8.600000e+01   -1.134554e+01   0.000000e+00   0.000000e+00   1.602281e+02   3.936889e-09   1.811023e-03
8.610000e+01   -1.035120e+01   0.000000e+00   0.000000e+00   1.608835e+02   3.836365e-09   1.772001e-03
8.620000e+01   -1.033844e+01   0.000000e+00   0.000000e+00   1.615301e+02   3.739129e-09   1.734028e-03
8.630000e+01   -1.101430e+01   0.000000e+00   0.000000e+00   1.621671e+02   3.645056e-09   1.697068e-03
8.640000e+01   -1.206309e+01   0.000000e+00   0.000000e+00   1.627940e+02   3.554024e-09   1.661083e-03
8.650000e+01   -1.316913e+01   0.000000e+00   0.000000e+00   1.634104e+02   3.465912e-09   1.626034e-03
8.660000e+01   -1.403843e+01   0.000000e+00   0.000000e+00   1.640157e+02   3.380601e-09   1.591884e-03
8.670000e+01   -1.485863e+01   0.000000e+00   0.000000e+00   1.646093e+02   3.297973e-09   1.558596e-03
8.680000e+01   -1.574652e+01   0.000000e+00   0.000000e+00   1.651906e+02   3.217914e-09   1.526132e-03
8.690000e+01   -1.668122e+01   0.000000e+00   0.000000e+00   1.657593e+02   3.140309e-09   1.494454e-03
8.700000e+01   -1.764183e+01   0.000000e+00   0.000000e+00   1.663147e+02   3.065046e-09   1.463524e-03
8.710000e+01   -1.861680e+01   0.000000e+00   0.000000e+00   1.668563e+02   2.992018e-09   1.433307e-03
8.720000e+01   -1.978496e+01   0.000000e+00   0.000000e+00   1.673847e+02   2.921136e-09   1.403782e-03
8.730000e+01   -2.107056e+01   0.000000e+00   0.000000e+00   1.679002e+02   2.852322e-09   1.374935e-03
8.740000e+01   -2.227336e+01   0.000000e+00   0.000000e+00   1.684037e+02   2.785501e-09   1.346751e-03
8.750000e+01   -2.319314e+01   0.000000e+00   0.000000e+00   1.688956e+02   2.720599e-09   1.319214e-03
8.760000e+01   -2.364300e+01   0.000000e+00   0.000000e+00   1.693768e+02   2.657548e-09   1.292312e-03
8.770000e+01   -2.390321e+01   0.000000e+00   0.000000e+00   1.698477e+02   2.596280e-09   1.266029e-03
8.780000e+01   -2.413917e+01   0.000000e+00   0.000000e+00   1.703090e+02   2.536729e-09   1.240350e-03
8.790000e+01   -2.432142e+01   0.000000e+00   0.000000e+00   1.707614e+02   2.478833e-09   1.215260e-03
8.800000e+01   -2.442050e+01   0.000000e+00   0.000000e+00   1.712055e+02   2.422531e-09   1.190746e-03
8.810000e+01   -2.439113e+01   0.000000e+00   0.000000e+00   1.716419e+02   2.367763e-09   1.166793e-03
8.820000e+01   -2.359042e+01   0.000000e+00   0.000000e+00   1.720712e+02   2.314473e-09   1.143386e-03
8.830000e+01   -2.203661e+01   0.000000e+00   0.000000e+00   1.724941e+02   2.262606e-09   1.120510e-03
8.840000e+01   -2.020105e+01   0.000000e+00   0.000000e+00   1.729113e+02   2.212107e-09   1.098150e-03
8.850000e+01   -1.855505e+01   0.000000e+00   0.000000e+00   1.733232e+02   2.162924e-09   1.076293e-03
8.860000e+01   -1.756324e+01   0.000000e+00   0.000000e+00   1.737307e+02   2.115008e-09   1.054923e-03
8.870000e+01   -1.710439e+01   0.000000e+00   0.000000e+00   1.741343e+02   2.068307e-09   1.034026e-03
8.880000e+01   -1.684026e+01   0.000000e+00   0.000000e+00   1.745346e+02   2.022775e-09   1.013588e-03
8.890000e+01   -1.664021e+01   0.000000e+00   0.000000e+00   1.749322e+02   1.978364e-09   9.935926e-04
8.900000e+01   -1.637355e+01   0.000000e+00   0.000000e+00   1.753279e+02   1.935028e-09   9.740266e-04
8.910000e+01   -1.590685e+01   0.000000e+00   0.000000e+00   1.757223e+02   1.892724e-09   9.548750e-04
8.920000e+01   -1.485890e+01   0.000000e+00   0.000000e+00   1.761159e+02   1.851408e-09   9.361232e-04
8.930000e+01   -1.320933e+01   0.000000e+00   0.000000e+00   1.765094e+02   1.811037e-09   9.177565e-04
8.940000e+01   -1.121594e+01   0.000000e+00   0.000000e+00   1.769034e+02   1.771570e-09   8.997604e-04
8.950000e+01   -9.136558e+00   0.000000e+00   0.000000e+00   1.772986e+02   1.732966e-09   8.821202e-04
8.960000e+01   -7.226073e+00   0.000000e+00   0.000000e+00   1.776954e+02   1.695193e-09   8.648237e-04
8.970000e+01   -5.026239e+00   0.000000e+00   0.000000e+00   1.780935e+02   1.658235e-09   8.478647e-04
8.980000e+01   -2.455533e+00   0.000000e+00   0.000000e+00   1.784927e+02   1.622081e-09   8.312383e-04
8.990000e+01   -7.636973e-02   0.000000e+00   0.000000e+00   1.788927e+02   1.586720e-09   8.149392e-04
9.000000e+01   1.548832e+00   0.000000e+00   0.000000e+00   1.792932e+02   1.552138e-09   7.989624e-04
9.010000e+01   1.858227e+00   0.000000e+00   0.000000e+00   1.796938e+02   1.518324e-09   7.833029e-04
9.020000e+01   9.942035e-01   0.000000e+00   0.000000e+00   1.800942e+02   1.485265e-09   7.679556e-04
9.030000e+01   -3.735186e-01   0.000000e+00   0.000000e+00   1.804943e+02   1.452949e-09   7.529152e-04
9.040000e+01   -1.915817e+00   0.000000e+00   0.000000e+00   1.808935e+02   1.421363e-09   7.381769e-04
9.050000e+01   -3.303568e+00   0.000000e+00   0.000000e+00   1.812918e+02   1.390495e-09   7.237355e-04
9.060000e+01   -4.207650e+00   0.000000e+00   0.000000e+00   1.816887e+02   1.360331e-09   7.095858e-04
9.070000e+01   -4.547673e+00   0.000000e+00   0.000000e+00   1.820839e+02   1.330860e-09   6.957229e-04
9.080000e+01   -4.554741e+00   0.000000e+00   0.000000e+00   1.824772e+02   1.302068e-09   6.821417e-04
9.090000e+01   -4.366964e+00   0.000000e+00   0.000000e+00   1.828683e+02   1.273942e-09   6.688369e-04
9.100000e+01   -4.122456e+00   0.000000e+00   0.000000e+00   1.832568e+02   1.246469e-09   6.558037e-04
9.110000e+01   -3.959326e+00   0.000000e+00   0.000000e+00   1.836425e+02   1.219636e-09   6.430368e-04
9.120000e+01   -3.828200e+00   0.000000e+00   0.000000e+00   1.840250e+02   1.193432e-09   6.305312e-04
9.130000e+01   -3.621504e+00   0.000000e+00   0.000000e+00   1.844040e+02   1.167841e-09   6.182819e-04
9.140000e+01   -3.427318e+00   0.000000e+00   0.000000e+00   1.847793e+02   1.142852e-09   6.062836e-04
9.150000e+01   -3.333935e+00   0.000000e+00   0.000000e+00   1.851506e+02   1.118452e-09   5.945314e-04
9.160000e+01   -3.429650e+00   0.000000e+00   0.000000e+00   1.855175e+02   1.094628e-09   5.830202e-04
9.170000e+01   -3.668863e+00   0.000000e+00   0.000000e+00   1.858797e+02   1.071366e-09   5.717448e-04
9.180000e+01   -3.936386e+00   0.000000e+00   0.000000e+00   1.862370e+02   1.048655e-09   5.607003e-04
9.190000e+01   -4.270662e+00   0.000000e+00   0.000000e+00   1.865890e+02   1.026480e-09   5.498814e-04
9.200000e+01   -4.710782e+00   0.000000e+00   0.000000e+00   1.869355e+02   1.004830e-09   5.392831e-04
9.210000e+01   -5.295845e+00   0.000000e+00   0.000000e+00   1.872761e+02   9.836921e-10   5.289005e-04
9.220000e+01   -6.597425e+00   0.000000e+00   0.000000e+00   1.876115e+02   9.630510e-10   5.187297e-04
9.230000e+01   -8.996513e+00   0.000000e+00   0.000000e+00   1.879423e+02   9.428925e-10   5.087673e-04
9.240000e+01   -1.181908e+01   0.000000e+00   0.000000e+00   1.882695e+02   9.232023e-10   4.990100e-04
9.250000e+01   -1.438333e+01   0.000000e+00   0.000000e+00   1.885939e+02   9.039667e-10   4.894545e-04
9.260000e+01   -1.600745e+01   0.000000e+00   0.000000e+00   1.889162e+02   8.851726e-10   4.800975e-04
9.270000e+01   -1.667832e+01   0.000000e+00   0.000000e+00   1.892373e+02   8.668072e-10   4.709357e-04
9.280000e+01   -1.722003e+01   0.000000e+00   0.000000e+00   1.895581e+02   8.488581e-10   4.619657e-04
9.290000e+01   -1.767033e+01   0.000000e+00   0.000000e+00   1.898793e+02   8.313135e-10   4.531843e-04
9.300000e+01   -1.805325e+01   0.000000e+00   0.000000e+00   1.902019e+02   8.141618e-10   4.445882e-04
9.310000e+01   -1.839282e+01   0.000000e+00   0.000000e+00   1.905266e+02   7.973918e-10   4.361739e-04
9.320000e+01   -1.860822e+01   0.000000e+00   0.000000e+00   1.908542e+02   7.809927e-10   4.279383e-04
9.330000e+01   -1.855815e+01   0.000000e+00   0.000000e+00   1.911857e+02   7.649540e-10   4.198779e-04
9.340000e+01   -1.831155e+01   0.000000e+00   0.000000e+00   1.915217e+02   7.492656e-10   4.119895e-04
9.350000e+01   -1.794177e+01   0.000000e+00   0.000000e+00   1.918632e+02   7.339174e-10   4.042698e-04
9.360000e+01   -1.752217e+01   0.000000e+00   0.000000e+00   1.922110e+02   7.188999e-10   3.967154e-04
9.370000e+01   -1.689161e+01   0.000000e+00   0.000000e+00   1.925659e+02   7.042038e-10   3.893230e-04
9.380000e+01   -1.580661e+01   0.000000e+00   0.000000e+00   1.929287e+02   6.898200e-10   3.820894e-04
9.390000e+01   -1.463267e+01   0.000000e+00   0.000000e+00   1.933003e+02   6.757395e-10   3.750111e-04
9.400000e+01   -1.375202e+01   0.000000e+00   0.000000e+00   1.936815e+02   6.619538e-10   3.680850e-04
9.410000e+01   -1.354686e+01   0.000000e+00   0.000000e+00   1.940731e+02   6.484544e-10   3.613076e-04
9.420000e+01   -1.403957e+01   0.000000e+00   0.000000e+00   1.944759e+02   6.352332e-10   3.546756e-04
9.430000e+01   -1.458308e+01   0.000000e+00   0.000000e+00   1.948908e+02   6.222821e-10   3.481858e-04
9.440000e+01   -1.514910e+01   0.000000e+00   0.000000e+00   1.953187e+02   6.095934e-10   3.418349e-04
9.450000e+01   -1.573925e+01   0.000000e+00   0.000000e+00   1.957602e+02   5.971593e-10   3.356194e-04
9.460000e+01   -1.635511e+01   0.000000e+00   0.000000e+00   1.962164e+02   5.849724e-10   3.295361e-04
9.470000e+01   -1.701796e+01   0.000000e+00   0.000000e+00   1.966879e+02   5.730255e-10   3.235817e-04
9.480000e+01   -1.777142e+01   0.000000e+00   0.000000e+00   1.971751e+02   5.613139e-10   3.177534e-04
9.490000e+01   -1.860210e+01   0.000000e+00   0.000000e+00   1.976772e+02   5.498366e-10   3.120488e-04
9.500000e+01   -1.949379e+01   0.000000e+00   0.000000e+00   1.981935e+02   5.385930e-10   3.064661e-04
9.510000e+01   -2.043028e+01   0.000000e+00   0.000000e+00   1.987231e+02   5.275821e-10   3.010030e-04
9.520000e+01   -2.157253e+01   0.000000e+00   0.000000e+00   1.992654e+02   5.168025e-10   2.956575e-04
9.530000e+01   -2.329045e+01   0.000000e+00   0.000000e+00   1.998196e+02   5.062528e-10   2.904276e-04
9.540000e+01   -2.534002e+01   0.000000e+00   0.000000e+00   2.003848e+02   4.959312e-10   2.853110e-04
9.550000e+01   -2.744073e+01   0.000000e+00   0.000000e+00   2.009603e+02   4.858358e-10   2.803058e-04
9.560000e+01   -2.931205e+01   0.000000e+00   0.000000e+00   2.015453e+02   4.759644e-10   2.754098e-04
9.570000e+01   -3.077707e+01   0.000000e+00   0.000000e+00   2.021390e+02   4.663145e-10   2.706210e-04
9.580000e+01   -3.205699e+01   0.000000e+00   0.000000e+00   2.027407e+02   4.568838e-10   2.659372e-04
9.590000e+01   -3.324705e+01   0.000000e+00   0.000000e+00   2.033496e+02   4.476695e-10   2.613564e-04
9.600000e+01   -3.442317e+01   0.000000e+00   0.000000e+00   2.039648e+02   4.386687e-10   2.568765e-04
9.610000e+01   -3.566129e+01   0.000000e+00   0.000000e+00   2.045858e+02   4.298784e-10   2.524953e-04
9.620000e+01   -3.701089e+01   0.000000e+00   0.000000e+00   2.052115e+02   4.212955e-10   2.482109e-04
9.630000e+01   -3.842075e+01   0.000000e+00   0.000000e+00   2.058413e+02   4.129167e-10   2.440211e-04
9.640000e+01   -3.989075e+01   0.000000e+00   0.000000e+00   2.064745e+02   4.047387e-10   2.399239e-04
9.650000e+01   -4.142812e+01   0.000000e+00   0.000000e+00   2.071101e+02   3.967579e-10   2.359170e-04
9.660000e+01   -4.304008e+01   0.000000e+00   0.000000e+00   2.077475e+02   3.889709e-10   2.319986e-04
9.670000e+01   -4.474204e+01   0.000000e+00   0.000000e+00   2.083859e+02   3.813739e-10   2.281664e-04
9.680000e+01   -4.656832e+01   0.000000e+00   0.000000e+00   2.090245e+02   3.739633e-10   2.244184e-04
9.690000e+01   -4.851477e+01   0.000000e+00   0.000000e+00   2.096624e+02   3.667351e-10   2.207524e-04
9.700000e+01   -5.057321e+01   0.000000e+00   0.000000e+00   2.102990e+02   3.596857e-10   2.171665e-04
9.710000e+01   -5.273547e+01   0.000000e+00   0.000000e+00   2.109335e+02   3.528111e-10   2.136585e-04
9.720000e+01   -5.503970e+01   0.000000e+00   0.000000e+00   2.115651e+02   3.461072e-10   2.102263e-04
9.730000e+01   -5.763730e+01   0.000000e+00   0.000000e+00   2.121929e+02   3.395703e-10   2.068678e-04
9.740000e+01   -6.041541e+01   0.000000e+00   0.000000e+00   2.128163e+02   3.331961e-10   2.035810e-04
9.750000e+01   -6.322979e+01   0.000000e+00   0.000000e+00   2.134345e+02   3.269808e-10   2.003638e-04
9.760000e+01   -6.593624e+01   0.000000e+00   0.000000e+00   2.140466e+02   3.209201e-10   1.972140e-04
9.770000e+01   -6.853767e+01   0.000000e+00   0.000000e+00   2.146522e+02   3.150100e-10   1.941298e-04
9.780000e+01   -7.152198e+01   0.000000e+00   0.000000e+00   2.152517e+02   3.092459e-10   1.911098e-04
9.790000e+01   -7.450860e+01   0.000000e+00   0.000000e+00   2.158457e+02   3.036233e-10   1.881528e-04
9.800000e+01   -7.699138e+01   0.000000e+00   0.000000e+00   2.164347e+02   2.981378e-10   1.852577e-04
9.810000e+01   -7.846414e+01   0.000000e+00   0.000000e+00   2.170194e+02   2.927853e-10   1.824232e-04
9.820000e+01   -7.857068e+01   0.000000e+00   0.000000e+00   2.176003e+02   2.875616e-10   1.796482e-04
9.830000e+01   -7.797627e+01   0.000000e+00   0.000000e+00   2.181781e+02   2.824629e-10   1.769314e-04
9.840000e+01   -7.701880e+01   0.000000e+00   0.000000e+00   2.187534e+02   2.774851e-10   1.742717e-04
9.850000e+01   -7.591642e+01   0.000000e+00   0.000000e+00   2.193267e+02   2.726245e-10   1.716678e-04
9.860000e+01   -7.488724e+01   0.000000e+00   0.000000e+00   2.198987e+02   2.678775e-10   1.691186e-04
9.870000e+01   -7.408753e+01   0.000000e+00   0.000000e+00   2.204699e+02   2.632405e-10   1.666228e-04
9.880000e+01   -7.326778e+01   0.000000e+00   0.000000e+00   2.210410e+02   2.587100e-10   1.641793e-04
9.890000e+01   -7.245313e+01   0.000000e+00   0.000000e+00   2.216126e+02   2.542826e-10   1.617869e-04
9.900000e+01   -7.174393e+01   0.000000e+00   0.000000e+00   2.221852e+02   2.499549e-10   1.594444e-04
9.910000e+01   -7.124054e+01   0.000000e+00   0.000000e+00   2.227594e+02   2.457238e-10   1.571505e-04
9.920000e+01   -7.101329e+01   0.000000e+00   0.000000e+00   2.233359e+02   2.415861e-10   1.549041e-04
9.930000e+01   -7.088608e+01   0.000000e+00   0.000000e+00   2.239152e+02   2.375387e-10   1.527040e-04
9.940000e+01   -7.080294e+01   0.000000e+00   0.000000e+00   2.244980e+02   2.335785e-10   1.505489e-04
9.950000e+01   -7.075332e+01   0.000000e+00   0.000000e+00   2.250848e+02   2.297026e-10   1.484378e-04
9.960000e+01   -7.072668e+01   0.000000e+00   0.000000e+00   2.256762e+02   2.259082e-10   1.463693e-04
9.970000e+01   -7.074538e+01   0.000000e+00   0.000000e+00   2.262729e+02   2.221923e-10   1.443424e-04
9.980000e+01   -7.104422e+01   0.000000e+00   0.000000e+00   2.268754e+02   2.185522e-10   1.423557e-04
9.990000e+01   -7.151610e+01   0.000000e+00   0.000000e+00   2.274843e+02   2.149852e-10   1.404081e-04
1.000000e+02   -7.196896e+01   0.000000e+00   0.000000e+00   2.281003e+02   2.114885e-10   1.384985e-04
1.001000e+02   -7.221073e+01   0.000000e+00   0.000000e+00   2.287238e+02   2.080597e-10   1.366255e-04
1.002000e+02   -7.207618e+01   0.000000e+00   0.000000e+00   2.293556e+02   2.046961e-10   1.347881e-04
1.003000e+02   -7.174531e+01   0.000000e+00   0.000000e+00   2.299963e+02   2.013953e-10   1.329849e-04
1.004000e+02   -7.134492e+01   0.000000e+00   0.000000e+00   2.306463e+02   1.981547e-10   1.312149e-04
1.005000e+02   -7.093883e+01   0.000000e+00   0.000000e+00   2.313064e+02   1.949719e-10   1.294768e-04
1.006000e+02   -7.059084e+01   0.000000e+00   0.000000e+00   2.319770e+02   1.918446e-10   1.277694e-04
1.007000e+02   -7.041771e+01   0.000000e+00   0.000000e+00   2.326589e+02   1.887705e-10   1.260916e-04
1.008000e+02   -7.102765e+01   0.000000e+00   0.000000e+00   2.333526e+02   1.857472e-10   1.244421e-04
1.009000e+02   -7.224704e+01   0.000000e+00   0.000000e+00   2.340587e+02   1.827725e-10   1.228197e-04
1.010000e+02   -7.365462e+01   0.000000e+00   0.000000e+00   2.347778e+02   1.798442e-10   1.212232e-04
1.011000e+02   -7.482908e+01   0.000000e+00   0.000000e+00   2.355105e+02   1.769602e-10   1.196515e-04
1.012000e+02   -7.539316e+01   0.000000e+00   0.000000e+00   2.362573e+02   1.741186e-10   1.181035e-04
1.013000e+02   -7.573315e+01   0.000000e+00   0.000000e+00   2.370181e+02   1.713191e-10   1.165788e-04
1.014000e+02   -7.602345e+01   0.000000e+00   0.000000e+00   2.377926e+02   1.685615e-10   1.150772e-04
1.015000e+02   -7.622853e+01   0.000000e+00   0.000000e+00   2.385807e+02   1.658456e-10   1.135982e-04
1.016000e+02   -7.631286e+01   0.000000e+00   0.000000e+00   2.393823e+02   1.631711e-10   1.121418e-04
1.017000e+02   -7.619640e+01   0.000000e+00   0.000000e+00   2.401971e+02   1.605378e-10   1.107076e-04
1.018000e+02   -7.510926e+01   0.000000e+00   0.000000e+00   2.410249e+02   1.579454e-10   1.092953e-04
1.019000e+02   -7.314371e+01   0.000000e+00   0.000000e+00   2.418657e+02   1.553937e-10   1.079046e-04
1.020000e+02   -7.077441e+01   0.000000e+00   0.000000e+00   2.427190e+02   1.528823e-10   1.065353e-04
1.021000e+02   -6.847603e+01   0.000000e+00   0.000000e+00   2.435849e+02   1.504110e-10   1.051871e-04
1.022000e+02   -6.670232e+01   0.000000e+00   0.000000e+00   2.444630e+02   1.479794e-10   1.038597e-04
1.023000e+02   -6.527077e+01   0.000000e+00   0.000000e+00   2.453533e+02   1.455872e-10   1.025528e-04
1.024000e+02   -6.394690e+01   0.000000e+00   0.000000e+00   2.462555e+02   1.432340e-10   1.012662e-04
1.025000e+02   -6.266940e+01   0.000000e+00   0.000000e+00   2.471694e+02   1.409195e-10   9.999957e-05
1.026000e+02   -6.137698e+01   0.000000e+00   0.000000e+00   2.480949e+02   1.386432e-10   9.875266e-05
1.027000e+02   -6.000823e+01   0.000000e+00   0.000000e+00   2.490317e+02   1.364048e-10   9.752518e-05
1.028000e+02   -5.852929e+01   0.000000e+00   0.000000e+00   2.499797e+02   1.342039e-10   9.631686e-05
1.029000e+02   -5.699140e+01   0.000000e+00   0.000000e+00   2.509387e+02   1.320401e-10   9.512741e-05
1.030000e+02   -5.546098e+01   0.000000e+00   0.000000e+00   2.519085e+02   1.299128e-10   9.395657e-05
1.031000e+02   -5.400444e+01   0.000000e+00   0.000000e+00   2.528889e+02   1.278218e-10   9.280405e-05
1.032000e+02   -5.268183e+01   0.000000e+00   0.000000e+00   2.538797e+02   1.257665e-10   9.166958e-05
1.033000e+02   -5.129483e+01   0.000000e+00   0.000000e+00   2.548808e+02   1.237465e-10   9.055287e-05
1.034000e+02   -4.986450e+01   0.000000e+00   0.000000e+00   2.558919e+02   1.217613e-10   8.945366e-05
1.035000e+02   -4.858666e+01   0.000000e+00   0.000000e+00   2.569129e+02   1.198105e-10   8.837167e-05
1.036000e+02   -4.765713e+01   0.000000e+00   0.000000e+00   2.579435e+02   1.178936e-10   8.730662e-05
1.037000e+02   -4.726700e+01   0.000000e+00   0.000000e+00   2.589837e+02   1.160101e-10   8.625824e-05
1.038000e+02   -4.723587e+01   0.000000e+00   0.000000e+00   2.600331e+02   1.141596e-10   8.522624e-05
1.039000e+02   -4.736532e+01   0.000000e+00   0.000000e+00   2.610917e+02   1.123415e-10   8.421035e-05
1.040000e+02   -4.762987e+01   0.000000e+00   0.000000e+00   2.621592e+02   1.105553e-10   8.321030e-05
1.041000e+02   -4.800402e+01   0.000000e+00   0.000000e+00   2.632354e+02   1.088006e-10   8.222580e-05
1.042000e+02   -4.847076e+01   0.000000e+00   0.000000e+00   2.643202e+02   1.070769e-10   8.125658e-05
1.043000e+02   -4.988713e+01   0.000000e+00   0.000000e+00   2.654134e+02   1.053836e-10   8.030237e-05
1.044000e+02   -5.241136e+01   0.000000e+00   0.000000e+00   2.665147e+02   1.037203e-10   7.936289e-05
1.045000e+02   -5.543699e+01   0.000000e+00   0.000000e+00   2.676241e+02   1.020865e-10   7.843785e-05
1.046000e+02   -5.835756e+01   0.000000e+00   0.000000e+00   2.687412e+02   1.004815e-10   7.752699e-05
1.047000e+02   -6.056971e+01   0.000000e+00   0.000000e+00   2.698660e+02   9.890506e-11   7.663003e-05
1.048000e+02   -6.232691e+01   0.000000e+00   0.000000e+00   2.709981e+02   9.735650e-11   7.574668e-05
1.049000e+02   -6.400814e+01   0.000000e+00   0.000000e+00   2.721376e+02   9.583535e-11   7.487668e-05
1.050000e+02   -6.545785e+01   0.000000e+00   0.000000e+00   2.732841e+02   9.434110e-11   7.401975e-05
1.051000e+02   -6.652051e+01   0.000000e+00   0.000000e+00   2.744374e+02   9.287325e-11   7.317560e-05
1.052000e+02   -6.704085e+01   0.000000e+00   0.000000e+00   2.755975e+02   9.143128e-11   7.234398e-05
1.053000e+02   -6.715698e+01   0.000000e+00   0.000000e+00   2.767642e+02   9.001470e-11   7.152463e-05
1.054000e+02   -6.712037e+01   0.000000e+00   0.000000e+00   2.779377e+02   8.862303e-11   7.071741e-05
1.055000e+02   -6.699253e+01   0.000000e+00   0.000000e+00   2.791182e+02   8.725581e-11   6.992218e-05
1.056000e+02   -6.683499e+01   0.000000e+00   0.000000e+00   2.803060e+02   8.591259e-11   6.913876e-05
1.057000e+02   -6.670929e+01   0.000000e+00   0.000000e+00   2.815013e+02   8.459291e-11   6.836703e-05
1.058000e+02   -6.668647e+01   0.000000e+00   0.000000e+00   2.827042e+02   8.329633e-11   6.760682e-05
1.059000e+02   -6.672805e+01   0.000000e+00   0.000000e+00   2.839150e+02   8.202243e-11   6.685799e-05
1.060000e+02   -6.673120e+01   0.000000e+00   0.000000e+00   2.851339e+02   8.077078e-11   6.612039e-05
1.061000e+02   -6.659310e+01   0.000000e+00   0.000000e+00   2.863610e+02   7.954095e-11   6.539387e-05
1.062000e+02   -6.621094e+01   0.000000e+00   0.000000e+00   2.875966e+02   7.833255e-11   6.467827e-05
1.063000e+02   -6.540290e+01   0.000000e+00   0.000000e+00   2.888410e+02   7.714515e-11   6.397345e-05
1.064000e+02   -6.420241e+01   0.000000e+00   0.000000e+00   2.900942e+02   7.597837e-11   6.327926e-05
1.065000e+02   -6.285741e+01   0.000000e+00   0.000000e+00   2.913565e+02   7.483181e-11   6.259554e-05
1.066000e+02   -6.161602e+01   0.000000e+00   0.000000e+00   2.926282e+02   7.370509e-11   6.192215e-05
1.067000e+02   -6.072636e+01   0.000000e+00   0.000000e+00   2.939094e+02   7.259783e-11   6.125894e-05
1.068000e+02   -6.045050e+01   0.000000e+00   0.000000e+00   2.952003e+02   7.150966e-11   6.060575e-05
1.069000e+02   -6.074593e+01   0.000000e+00   0.000000e+00   2.965011e+02   7.044020e-11   5.996244e-05
1.070000e+02   -6.136567e+01   0.000000e+00   0.000000e+00   2.978121e+02   6.938909e-11   5.932885e-05
1.071000e+02   -6.206233e+01   0.000000e+00   0.000000e+00   2.991335e+02   6.835599e-11   5.870484e-05
1.072000e+02   -6.258852e+01   0.000000e+00   0.000000e+00   3.004654e+02   6.734053e-11   5.809026e-05
1.073000e+02   -6.300356e+01   0.000000e+00   0.000000e+00   3.018081e+02   6.634237e-11   5.748496e-05
1.074000e+02   -6.354167e+01   0.000000e+00   0.000000e+00   3.031617e+02   6.536117e-11   5.688877e-05
1.075000e+02   -6.401695e+01   0.000000e+00   0.000000e+00   3.045266e+02   6.439660e-11   5.630157e-05
1.076000e+02   -6.423979e+01   0.000000e+00   0.000000e+00   3.059028e+02   6.344833e-11   5.572319e-05
1.077000e+02   -6.402059e+01   0.000000e+00   0.000000e+00   3.072906e+02   6.251602e-11   5.515349e-05
1.078000e+02   -6.328767e+01   0.000000e+00   0.000000e+00   3.086902e+02   6.159936e-11   5.459231e-05
1.079000e+02   -6.223513e+01   0.000000e+00   0.000000e+00   3.101019e+02   6.069803e-11   5.403951e-05
1.080000e+02   -6.100315e+01   0.000000e+00   0.000000e+00   3.115257e+02   5.981173e-11   5.349493e-05
1.081000e+02   -5.973009e+01   0.000000e+00   0.000000e+00   3.129620e+02   5.894013e-11   5.295843e-05
1.082000e+02   -5.855431e+01   0.000000e+00   0.000000e+00   3.144109e+02   5.808295e-11   5.242985e-05
1.083000e+02   -5.754156e+01   0.000000e+00   0.000000e+00   3.158727e+02   5.723987e-11   5.190905e-05
1.084000e+02   -5.659491e+01   0.000000e+00   0.000000e+00   3.173475e+02   5.641062e-11   5.139587e-05
1.085000e+02   -5.566911e+01   0.000000e+00   0.000000e+00   3.188355e+02   5.559489e-11   5.089017e-05
1.086000e+02   -5.472099e+01   0.000000e+00   0.000000e+00   3.203371e+02   5.479240e-11   5.039180e-05
1.087000e+02   -5.370738e+01   0.000000e+00   0.000000e+00   3.218522e+02   5.400287e-11   4.990059e-05
1.088000e+02   -5.257549e+01   0.000000e+00   0.000000e+00   3.233813e+02   5.322602e-11   4.941641e-05
1.089000e+02   -5.130831e+01   0.000000e+00   0.000000e+00   3.249244e+02   5.246158e-11   4.893911e-05
1.090000e+02   -4.994666e+01   0.000000e+00   0.000000e+00   3.264819e+02   5.170928e-11   4.846853e-05
1.091000e+02   -4.853252e+01   0.000000e+00   0.000000e+00   3.280538e+02   5.096884e-11   4.800453e-05
1.092000e+02   -4.710790e+01   0.000000e+00   0.000000e+00   3.296404e+02   5.024002e-11   4.754695e-05
1.093000e+02   -4.555307e+01   0.000000e+00   0.000000e+00   3.312420e+02   4.952255e-11   4.709564e-05
1.094000e+02   -4.368178e+01   0.000000e+00   0.000000e+00   3.328586e+02   4.881617e-11   4.665046e-05
1.095000e+02   -4.179783e+01   0.000000e+00   0.000000e+00   3.344906e+02   4.812064e-11   4.621125e-05
1.096000e+02   -4.022255e+01   0.000000e+00   0.000000e+00   3.361381e+02   4.743571e-11   4.577786e-05
1.097000e+02   -3.927725e+01   0.000000e+00   0.000000e+00   3.378014e+02   4.676113e-11   4.535015e-05
1.098000e+02   -3.903083e+01   0.000000e+00   0.000000e+00   3.394806e+02   4.609666e-11   4.492797e-05
1.099000e+02   -3.897815e+01   0.000000e+00   0.000000e+00   3.411760e+02   4.544206e-11   4.451115e-05
1.100000e+02   -3.906484e+01   0.000000e+00   0.000000e+00   3.428877e+02   4.479711e-11   4.409956e-05
1.101000e+02   -3.926561e+01   0.000000e+00   0.000000e+00   3.446159e+02   4.416160e-11   4.369305e-05
1.102000e+02   -3.955397e+01   0.000000e+00   0.000000e+00   3.463600e+02   4.353545e-11   4.329155e-05
1.103000e+02   -3.999976e+01   0.000000e+00   0.000000e+00   3.481193e+02   4.291867e-11   4.289501e-05
1.104000e+02   -4.082369e+01   0.000000e+00   0.000000e+00   3.498930e+02   4.231123e-11   4.250336e-05
1.105000e+02   -4.194926e+01   0.000000e+00   0.000000e+00   3.516804e+02   4.171309e-11   4.211656e-05
1.106000e+02   -4.328117e+01   0.000000e+00   0.000000e+00   3.534806e+02   4.112424e-11   4.173456e-05
1.107000e+02   -4.472412e+01   0.000000e+00   0.000000e+00   3.552930e+02   4.054461e-11   4.135730e-05
1.108000e+02   -4.634044e+01   0.000000e+00   0.000000e+00   3.571167e+02   3.997418e-11   4.098473e-05
1.109000e+02   -4.844846e+01   0.000000e+00   0.000000e+00   3.589509e+02   3.941288e-11   4.061679e-05
1.110000e+02   -5.078314e+01   0.000000e+00   0.000000e+00   3.607950e+02   3.886066e-11   4.025344e-05
1.111000e+02   -5.303612e+01   0.000000e+00   0.000000e+00   3.626481e+02   3.831745e-11   3.989462e-05
1.112000e+02   -5.489901e+01   0.000000e+00   0.000000e+00   3.645095e+02   3.778318e-11   3.954028e-05
1.113000e+02   -5.621402e+01   0.000000e+00   0.000000e+00   3.663785e+02   3.725779e-11   3.919037e-05
1.114000e+02   -5.736355e+01   0.000000e+00   0.000000e+00   3.682541e+02   3.674119e-11   3.884482e-05
1.115000e+02   -5.839978e+01   0.000000e+00   0.000000e+00   3.701357e+02   3.623330e-11   3.850360e-05
1.116000e+02   -5.933153e+01   0.000000e+00   0.000000e+00   3.720226e+02   3.573405e-11   3.816664e-05
1.117000e+02   -6.016764e+01   0.000000e+00   0.000000e+00   3.739139e+02   3.524335e-11   3.783390e-05
1.118000e+02   -6.094027e+01   0.000000e+00   0.000000e+00   3.758089e+02   3.476110e-11   3.750532e-05
1.119000e+02   -6.172523e+01   0.000000e+00   0.000000e+00   3.777067e+02   3.428721e-11   3.718084e-05
1.120000e+02   -6.247572e+01   0.000000e+00   0.000000e+00   3.796068e+02   3.382159e-11   3.686042e-05
1.121000e+02   -6.313274e+01   0.000000e+00   0.000000e+00   3.815082e+02   3.336414e-11   3.654401e-05
1.122000e+02   -6.363733e+01   0.000000e+00   0.000000e+00   3.834102e+02   3.291477e-11   3.623154e-05
1.123000e+02   -6.390319e+01   0.000000e+00   0.000000e+00   3.853121e+02   3.247336e-11   3.592297e-05
1.124000e+02   -6.380440e+01   0.000000e+00   0.000000e+00   3.872130e+02   3.203983e-11   3.561824e-05
1.125000e+02   -6.340745e+01   0.000000e+00   0.000000e+00   3.891123e+02   3.161406e-11   3.531731e-05
1.126000e+02   -6.279933e+01   0.000000e+00   0.000000e+00   3.910091e+02   3.119596e-11   3.502011e-05
1.127000e+02   -6.206707e+01   0.000000e+00   0.000000e+00   3.929027e+02   3.078541e-11   3.472660e-05
1.128000e+02   -6.109306e+01   0.000000e+00   0.000000e+00   3.947923e+02   3.038231e-11   3.443673e-05
1.129000e+02   -5.910260e+01   0.000000e+00   0.000000e+00   3.966772e+02   2.998656e-11   3.415043e-05
1.130000e+02   -5.655653e+01   0.000000e+00   0.000000e+00   3.985565e+02   2.959803e-11   3.386766e-05
1.131000e+02   -5.409233e+01   0.000000e+00   0.000000e+00   4.004296e+02   2.921664e-11   3.358836e-05
1.132000e+02   -5.234747e+01   0.000000e+00   0.000000e+00   4.022956e+02   2.884227e-11   3.331248e-05
1.133000e+02   -5.178009e+01   0.000000e+00   0.000000e+00   4.041538e+02   2.847480e-11   3.303998e-05
1.134000e+02   -5.165925e+01   0.000000e+00   0.000000e+00   4.060034e+02   2.811414e-11   3.277078e-05
1.135000e+02   -5.169588e+01   0.000000e+00   0.000000e+00   4.078436e+02   2.776018e-11   3.250486e-05
1.136000e+02   -5.174780e+01   0.000000e+00   0.000000e+00   4.096738e+02   2.741279e-11   3.224214e-05
1.137000e+02   -5.167279e+01   0.000000e+00   0.000000e+00   4.114930e+02   2.707189e-11   3.198257e-05
1.138000e+02   -5.127599e+01   0.000000e+00   0.000000e+00   4.133006e+02   2.673736e-11   3.172612e-05
1.139000e+02   -5.021514e+01   0.000000e+00   0.000000e+00   4.150958e+02   2.640909e-11   3.147271e-05
1.140000e+02   -4.871030e+01   0.000000e+00   0.000000e+00   4.168778e+02   2.608698e-11   3.122230e-05
1.141000e+02   -4.707179e+01   0.000000e+00   0.000000e+00   4.186459e+02   2.577092e-11   3.097484e-05
1.142000e+02   -4.560992e+01   0.000000e+00   0.000000e+00   4.203992e+02   2.546080e-11   3.073027e-05
1.143000e+02   -4.459676e+01   0.000000e+00   0.000000e+00   4.221371e+02   2.515653e-11   3.048854e-05
1.144000e+02   -4.388567e+01   0.000000e+00   0.000000e+00   4.238587e+02   2.485800e-11   3.024960e-05
1.145000e+02   -4.329814e+01   0.000000e+00   0.000000e+00   4.255633e+02   2.456510e-11   3.001339e-05
1.146000e+02   -4.269714e+01   0.000000e+00   0.000000e+00   4.272501e+02   2.427774e-11   2.977987e-05
1.147000e+02   -4.194563e+01   0.000000e+00   0.000000e+00   4.289184e+02   2.399580e-11   2.954897e-05
1.148000e+02   -4.088507e+01   0.000000e+00   0.000000e+00   4.305674e+02   2.371920e-11   2.932065e-05
1.149000e+02   -3.930860e+01   0.000000e+00   0.000000e+00   4.321963e+02   2.344783e-11   2.909485e-05
1.150000e+02   -3.740207e+01   0.000000e+00   0.000000e+00   4.338043e+02   2.318160e-11   2.887152e-05
1.151000e+02   -3.542338e+01   -0.000000e+00   -0.000000e+00   4.353907e+02   2.292041e-11   2.865061e-05
1.152000e+02   -3.363046e+01   -0.000000e+00   -0.000000e+00   4.369548e+02   2.266415e-11   2.843206e-05
1.153000e+02   -3.224610e+01   -0.000000e+00   -0.000000e+00   4.384957e+02   2.241275e-11   2.821583e-05
1.154000e+02   -3.106330e+01   -0.000000e+00   -0.000000e+00   4.400127e+02   2.216610e-11   2.800185e-05
1.155000e+02   -2.998832e+01   -0.000000e+00   -0.000000e+00   4.415050e+02   2.192410e-11   2.779008e-05
1.156000e+02   -2.901456e+01   -0.000000e+00   -0.000000e+00   4.429718e+02   2.168668e-11   2.758046e-05
1.157000e+02   -2.813540e+01   -0.000000e+00   -0.000000e+00   4.444125e+02   2.145374e-11   2.737295e-05
1.158000e+02   -2.734136e+01   -0.000000e+00   -0.000000e+00   4.458262e+02   2.122518e-11   2.716748e-05
1.159000e+02   -2.659520e+01   -0.000000e+00   -0.000000e+00   4.472121e+02   2.100093e-11   2.696400e-05
1.160000e+02   -2.589966e+01   -0.000000e+00   -0.000000e+00   4.485695e+02   2.078089e-11   2.676247e-05
1.161000e+02   -2.527071e+01   -0.000000e+00   -0.000000e+00   4.498978e+02   2.056497e-11   2.656283e-05
1.162000e+02   -2.472491e+01   -0.000000e+00   -0.000000e+00   4.511970e+02   2.035307e-11   2.636505e-05
1.163000e+02   -2.426977e+01   -0.000000e+00   -0.000000e+00   4.524679e+02   2.014508e-11   2.616912e-05
1.164000e+02   -2.379366e+01   -0.000000e+00   -0.000000e+00   4.537111e+02   1.994088e-11   2.597503e-05
1.165000e+02   -2.332590e+01   -0.000000e+00   -0.000000e+00   4.549272e+02   1.974036e-11   2.578275e-05
1.166000e+02   -2.295250e+01   -0.000000e+00   -0.000000e+00   4.561168e+02   1.954342e-11   2.559228e-05
1.167000e+02   -2.275945e+01   -0.000000e+00   -0.000000e+00   4.572807e+02   1.934996e-11   2.540360e-05
1.168000e+02   -2.284967e+01   -0.000000e+00   -0.000000e+00   4.584193e+02   1.915988e-11   2.521669e-05
1.169000e+02   -2.353375e+01   -0.000000e+00   -0.000000e+00   4.595335e+02   1.897309e-11   2.503153e-05
1.170000e+02   -2.466381e+01   -0.000000e+00   -0.000000e+00   4.606237e+02   1.878949e-11   2.484813e-05
1.171000e+02   -2.592853e+01   -0.000000e+00   -0.000000e+00   4.616906e+02   1.860900e-11   2.466644e-05
1.172000e+02   -2.701654e+01   -0.000000e+00   -0.000000e+00   4.627350e+02   1.843154e-11   2.448648e-05
1.173000e+02   -2.763413e+01   -0.000000e+00   -0.000000e+00   4.637573e+02   1.825702e-11   2.430820e-05
1.174000e+02   -2.799470e+01   -0.000000e+00   -0.000000e+00   4.647583e+02   1.808535e-11   2.413162e-05
1.175000e+02   -2.828014e+01   -0.000000e+00   -0.000000e+00   4.657385e+02   1.791647e-11   2.395669e-05
1.176000e+02   -2.851491e+01   -0.000000e+00   -0.000000e+00   4.666987e+02   1.775029e-11   2.378342e-05
1.177000e+02   -2.872349e+01   -0.000000e+00   -0.000000e+00   4.676394e+02   1.758675e-11   2.361179e-05
1.178000e+02   -2.892872e+01   -0.000000e+00   -0.000000e+00   4.685613e+02   1.742576e-11   2.344178e-05
1.179000e+02   -2.910213e+01   -0.000000e+00   -0.000000e+00   4.694650e+02   1.726727e-11   2.327338e-05
1.180000e+02   -2.924327e+01   -0.000000e+00   -0.000000e+00   4.703512e+02   1.711121e-11   2.310656e-05
1.181000e+02   -2.937762e+01   -0.000000e+00   -0.000000e+00   4.712205e+02   1.695751e-11   2.294133e-05
1.182000e+02   -2.953068e+01   -0.000000e+00   -0.000000e+00   4.720735e+02   1.680610e-11   2.277765e-05
1.183000e+02   -2.973026e+01   -0.000000e+00   -0.000000e+00   4.729109e+02   1.665693e-11   2.261552e-05
1.184000e+02   -3.008368e+01   -0.000000e+00   -0.000000e+00   4.737333e+02   1.650993e-11   2.245492e-05
1.185000e+02   -3.057095e+01   -0.000000e+00   -0.000000e+00   4.745413e+02   1.636505e-11   2.229583e-05
1.186000e+02   -3.109939e+01   -0.000000e+00   -0.000000e+00   4.753356e+02   1.622223e-11   2.213825e-05
1.187000e+02   -3.157629e+01   -0.000000e+00   -0.000000e+00   4.761168e+02   1.608142e-11   2.198215e-05
1.188000e+02   -3.191132e+01   -0.000000e+00   -0.000000e+00   4.768856e+02   1.594256e-11   2.182752e-05
1.189000e+02   -3.218323e+01   -0.000000e+00   -0.000000e+00   4.776425e+02   1.580559e-11   2.167435e-05
1.190000e+02   -3.243870e+01   -0.000000e+00   -0.000000e+00   4.783883e+02   1.567048e-11   2.152262e-05
1.191000e+02   -3.263174e+01   -0.000000e+00   -0.000000e+00   4.791235e+02   1.553716e-11   2.137231e-05
1.192000e+02   -3.271636e+01   -0.000000e+00   -0.000000e+00   4.798488e+02   1.540559e-11   2.122341e-05
1.193000e+02   -3.264473e+01   -0.000000e+00   -0.000000e+00   4.805649e+02   1.527572e-11   2.107590e-05
1.194000e+02   -3.219619e+01   -0.000000e+00   -0.000000e+00   4.812723e+02   1.514751e-11   2.092977e-05
1.195000e+02   -3.135221e+01   -0.000000e+00   -0.000000e+00   4.819717e+02   1.502091e-11   2.078501e-05
1.196000e+02   -3.026960e+01   -0.000000e+00   -0.000000e+00   4.826637e+02   1.489588e-11   2.064159e-05
1.197000e+02   -2.910517e+01   -0.000000e+00   -0.000000e+00   4.833491e+02   1.477237e-11   2.049951e-05
1.198000e+02   -2.801421e+01   -0.000000e+00   -0.000000e+00   4.840283e+02   1.465035e-11   2.035875e-05
1.199000e+02   -2.678525e+01   -0.000000e+00   -0.000000e+00   4.847021e+02   1.452977e-11   2.021929e-05
1.200000e+02   -2.535465e+01   -0.000000e+00   -0.000000e+00   4.853711e+02   1.441059e-11   2.008112e-05
1.201000e+02   -2.397090e+01   -0.000000e+00   -0.000000e+00   4.860358e+02   1.429277e-11   1.994422e-05
1.202000e+02   -2.288248e+01   -0.000000e+00   -0.000000e+00   4.866971e+02   1.417628e-11   1.980858e-05
1.203000e+02   -2.233773e+01   -0.000000e+00   -0.000000e+00   4.873554e+02   1.406108e-11   1.967418e-05
1.204000e+02   -2.237954e+01   -0.000000e+00   -0.000000e+00   4.880115e+02   1.394712e-11   1.954101e-05
1.205000e+02   -2.278607e+01   -0.000000e+00   -0.000000e+00   4.886659e+02   1.383439e-11   1.940905e-05
1.206000e+02   -2.338451e+01   -0.000000e+00   -0.000000e+00   4.893193e+02   1.372283e-11   1.927829e-05
1.207000e+02   -2.400208e+01   -0.000000e+00   -0.000000e+00   4.899724e+02   1.361243e-11   1.914871e-05
1.208000e+02   -2.446597e+01   -0.000000e+00   -0.000000e+00   4.906257e+02   1.350314e-11   1.902030e-05
1.209000e+02   -2.485244e+01   -0.000000e+00   -0.000000e+00   4.912800e+02   1.339493e-11   1.889304e-05
1.210000e+02   -2.528196e+01   -0.000000e+00   -0.000000e+00   4.919358e+02   1.328777e-11   1.876691e-05
1.211000e+02   -2.564811e+01   -0.000000e+00   -0.000000e+00   4.925937e+02   1.318163e-11   1.864191e-05
1.212000e+02   -2.584446e+01   -0.000000e+00   -0.000000e+00   4.932545e+02   1.307648e-11   1.851801e-05
1.213000e+02   -2.576458e+01   -0.000000e+00   -0.000000e+00   4.939188e+02   1.297229e-11   1.839520e-05
1.214000e+02   -2.549538e+01   -0.000000e+00   -0.000000e+00   4.945871e+02   1.286903e-11   1.827347e-05
1.215000e+02   -2.521945e+01   -0.000000e+00   -0.000000e+00   4.952602e+02   1.276668e-11   1.815280e-05
1.216000e+02   -2.493728e+01   -0.000000e+00   -0.000000e+00   4.959386e+02   1.266520e-11   1.803318e-05
1.217000e+02   -2.464915e+01   -0.000000e+00   -0.000000e+00   4.966230e+02   1.256457e-11   1.791458e-05
1.218000e+02   -2.435534e+01   -0.000000e+00   -0.000000e+00   4.973140e+02   1.246476e-11   1.779700e-05
1.219000e+02   -2.388532e+01   -0.000000e+00   -0.000000e+00   4.980124e+02   1.236574e-11   1.768042e-05
1.220000e+02   -2.310365e+01   -0.000000e+00   -0.000000e+00   4.987186e+02   1.226750e-11   1.756483e-05
1.221000e+02   -2.214564e+01   -0.000000e+00   -0.000000e+00   4.994334e+02   1.217000e-11   1.745020e-05
1.222000e+02   -2.114756e+01   -0.000000e+00   -0.000000e+00   5.001573e+02   1.207322e-11   1.733653e-05
1.223000e+02   -2.024572e+01   -0.000000e+00   -0.000000e+00   5.008911e+02   1.197714e-11   1.722380e-05
1.224000e+02   -1.941191e+01   -0.000000e+00   -0.000000e+00   5.016353e+02   1.188174e-11   1.711199e-05
1.225000e+02   -1.851941e+01   -0.000000e+00   -0.000000e+00   5.023906e+02   1.178699e-11   1.700109e-05
1.226000e+02   -1.766360e+01   -0.000000e+00   -0.000000e+00   5.031576e+02   1.169287e-11   1.689109e-05
1.227000e+02   -1.694185e+01   -0.000000e+00   -0.000000e+00   5.039370e+02   1.159936e-11   1.678196e-05
1.228000e+02   -1.645152e+01   -0.000000e+00   -0.000000e+00   5.047294e+02   1.150644e-11   1.667370e-05
1.229000e+02   -1.628405e+01   -0.000000e+00   -0.000000e+00   5.055354e+02   1.141409e-11   1.656628e-05
1.230000e+02   -1.637829e+01   -0.000000e+00   -0.000000e+00   5.063557e+02   1.132228e-11   1.645970e-05
1.231000e+02   -1.657603e+01   -0.000000e+00   -0.000000e+00   5.071909e+02   1.123100e-11   1.635394e-05
1.232000e+02   -1.671846e+01   -0.000000e+00   -0.000000e+00   5.080416e+02   1.114023e-11   1.624898e-05
1.233000e+02   -1.664673e+01   -0.000000e+00   -0.000000e+00   5.089085e+02   1.104996e-11   1.614480e-05
1.234000e+02   -1.635538e+01   -0.000000e+00   -0.000000e+00   5.097917e+02   1.096017e-11   1.604141e-05
1.235000e+02   -1.605696e+01   -0.000000e+00   -0.000000e+00   5.106910e+02   1.087088e-11   1.593879e-05
1.236000e+02   -1.575707e+01   -0.000000e+00   -0.000000e+00   5.116062e+02   1.078209e-11   1.583694e-05
1.237000e+02   -1.545590e+01   -0.000000e+00   -0.000000e+00   5.125369e+02   1.069382e-11   1.573585e-05
1.238000e+02   -1.515363e+01   -0.000000e+00   -0.000000e+00   5.134830e+02   1.060606e-11   1.563553e-05
1.239000e+02   -1.484109e+01   -0.000000e+00   -0.000000e+00   5.144442e+02   1.051883e-11   1.553596e-05
1.240000e+02   -1.450086e+01   -0.000000e+00   -0.000000e+00   5.154203e+02   1.043213e-11   1.543714e-05
1.241000e+02   -1.413583e+01   -0.000000e+00   -0.000000e+00   5.164110e+02   1.034597e-11   1.533907e-05
1.242000e+02   -1.374948e+01   -0.000000e+00   -0.000000e+00   5.174162e+02   1.026036e-11   1.524175e-05
1.243000e+02   -1.334530e+01   -0.000000e+00   -0.000000e+00   5.184354e+02   1.017529e-11   1.514516e-05
1.244000e+02   -1.287635e+01   -0.000000e+00   -0.000000e+00   5.194686e+02   1.009078e-11   1.504931e-05
1.245000e+02   -1.225825e+01   -0.000000e+00   -0.000000e+00   5.205154e+02   1.000684e-11   1.495419e-05
1.246000e+02   -1.154430e+01   -0.000000e+00   -0.000000e+00   5.215757e+02   9.923457e-12   1.485979e-05
1.247000e+02   -1.079299e+01   -0.000000e+00   -0.000000e+00   5.226491e+02   9.840648e-12   1.476612e-05
1.248000e+02   -1.006279e+01   -0.000000e+00   -0.000000e+00   5.237355e+02   9.758414e-12   1.467316e-05
1.249000e+02   -9.386514e+00   -0.000000e+00   -0.000000e+00   5.248345e+02   9.676760e-12   1.458091e-05
1.250000e+02   -8.721002e+00   -0.000000e+00   -0.000000e+00   5.259460e+02   9.595688e-12   1.448937e-05
1.251000e+02   -8.051740e+00   -0.000000e+00   -0.000000e+00   5.270697e+02   9.515203e-12   1.439854e-05
1.252000e+02   -7.366776e+00   -0.000000e+00   -0.000000e+00   5.282054e+02   9.435309e-12   1.430841e-05
1.253000e+02   -6.654155e+00   -0.000000e+00   -0.000000e+00   5.293527e+02   9.356007e-12   1.421897e-05
1.254000e+02   -5.852911e+00   -0.000000e+00   -0.000000e+00   5.305116e+02   9.277301e-12   1.413022e-05
1.255000e+02   -4.886312e+00   -0.000000e+00   -0.000000e+00   5.316817e+02   9.199193e-12   1.404216e-05
1.256000e+02   -3.891401e+00   -0.000000e+00   -0.000000e+00   5.328628e+02   9.121686e-12   1.395477e-05
1.257000e+02   -3.016627e+00   -0.000000e+00   -0.000000e+00   5.340546e+02   9.044781e-12   1.386807e-05
1.258000e+02   -2.410440e+00   -0.000000e+00   -0.000000e+00   5.352569e+02   8.968481e-12   1.378204e-05
1.259000e+02   -2.139590e+00   -0.000000e+00   -0.000000e+00   5.364696e+02   8.892787e-12   1.369668e-05
1.260000e+02   -1.996580e+00   -0.000000e+00   -0.000000e+00   5.376922e+02   8.817700e-12   1.361198e-05
1.261000e+02   -1.917729e+00   -0.000000e+00   -0.000000e+00   5.389246e+02   8.743222e-12   1.352795e-05
1.262000e+02   -1.856164e+00   -0.000000e+00   -0.000000e+00   5.401665e+02   8.669353e-12   1.344456e-05
1.263000e+02   -1.765010e+00   -0.000000e+00   -0.000000e+00   5.414177e+02   8.596094e-12   1.336183e-05
1.264000e+02   -1.621309e+00   -0.000000e+00   -0.000000e+00   5.426780e+02   8.523447e-12   1.327975e-05
1.265000e+02   -1.479023e+00   -0.000000e+00   -0.000000e+00   5.439471e+02   8.451410e-12   1.319831e-05
1.266000e+02   -1.329025e+00   -0.000000e+00   -0.000000e+00   5.452248e+02   8.379985e-12   1.311750e-05
1.267000e+02   -1.154853e+00   -0.000000e+00   -0.000000e+00   5.465107e+02   8.309171e-12   1.303733e-05
1.268000e+02   -9.400486e-01   -0.000000e+00   -0.000000e+00   5.478048e+02   8.238968e-12   1.295779e-05
1.269000e+02   -6.665600e-01   -0.000000e+00   -0.000000e+00   5.491067e+02   8.169375e-12   1.287887e-05
1.270000e+02   -3.325803e-01   -0.000000e+00   -0.000000e+00   5.504161e+02   8.100393e-12   1.280058e-05
1.271000e+02   3.071866e-02   -0.000000e+00   -0.000000e+00   5.517330e+02   8.032020e-12   1.272290e-05
1.272000e+02   3.901343e-01   -0.000000e+00   -0.000000e+00   5.530569e+02   7.964255e-12   1.264583e-05
1.273000e+02   7.124639e-01   -0.000000e+00   -0.000000e+00   5.543877e+02   7.897098e-12   1.256937e-05
1.274000e+02   9.322514e-01   -0.000000e+00   -0.000000e+00   5.557251e+02   7.830546e-12   1.249351e-05
1.275000e+02   9.199127e-01   -0.000000e+00   -0.000000e+00   5.570690e+02   7.764600e-12   1.241825e-05
1.276000e+02   7.498127e-01   -0.000000e+00   -0.000000e+00   5.584189e+02   7.699257e-12   1.234358e-05
1.277000e+02   5.192621e-01   -0.000000e+00   -0.000000e+00   5.597747e+02   7.634516e-12   1.226951e-05
1.278000e+02   3.255715e-01   -0.000000e+00   -0.000000e+00   5.611362e+02   7.570374e-12   1.219602e-05
1.279000e+02   2.427219e-01   -0.000000e+00   -0.000000e+00   5.625031e+02   7.506831e-12   1.212311e-05
1.280000e+02   2.017397e-01   -0.000000e+00   -0.000000e+00   5.638752e+02   7.443884e-12   1.205077e-05
1.281000e+02   1.752424e-01   -0.000000e+00   -0.000000e+00   5.652522e+02   7.381530e-12   1.197901e-05
1.282000e+02   1.496856e-01   -0.000000e+00   -0.000000e+00   5.666338e+02   7.319768e-12   1.190782e-05
1.283000e+02   1.115251e-01   -0.000000e+00   -0.000000e+00   5.680200e+02   7.258595e-12   1.183719e-05
1.284000e+02   5.311633e-02   -0.000000e+00   -0.000000e+00   5.694103e+02   7.198009e-12   1.176712e-05
1.285000e+02   -4.506760e-03   -0.000000e+00   -0.000000e+00   5.708045e+02   7.138007e-12   1.169760e-05
1.286000e+02   -7.108618e-02   -0.000000e+00   -0.000000e+00   5.722025e+02   7.078587e-12   1.162863e-05
1.287000e+02   -1.623550e-01   -0.000000e+00   -0.000000e+00   5.736039e+02   7.019745e-12   1.156021e-05
1.288000e+02   -2.940462e-01   -0.000000e+00   -0.000000e+00   5.750086e+02   6.961478e-12   1.149233e-05
1.289000e+02   -4.993596e-01   -0.000000e+00   -0.000000e+00   5.764162e+02   6.903785e-12   1.142499e-05
1.290000e+02   -8.705388e-01   -0.000000e+00   -0.000000e+00   5.778266e+02   6.846661e-12   1.135818e-05
1.291000e+02   -1.330240e+00   -0.000000e+00   -0.000000e+00   5.792395e+02   6.790104e-12   1.129190e-05
1.292000e+02   -1.772536e+00   -0.000000e+00   -0.000000e+00   5.806546e+02   6.734110e-12   1.122614e-05
1.293000e+02   -2.091504e+00   -0.000000e+00   -0.000000e+00   5.820717e+02   6.678676e-12   1.116090e-05
1.294000e+02   -2.205377e+00   -0.000000e+00   -0.000000e+00   5.834906e+02   6.623799e-12   1.109618e-05
1.295000e+02   -2.238327e+00   -0.000000e+00   -0.000000e+00   5.849111e+02   6.569475e-12   1.103196e-05
1.296000e+02   -2.231489e+00   -0.000000e+00   -0.000000e+00   5.863328e+02   6.515701e-12   1.096826e-05
1.297000e+02   -2.190660e+00   -0.000000e+00   -0.000000e+00   5.877555e+02   6.462473e-12   1.090505e-05
1.298000e+02   -2.121637e+00   -0.000000e+00   -0.000000e+00   5.891791e+02   6.409787e-12   1.084235e-05
1.299000e+02   -2.028922e+00   -0.000000e+00   -0.000000e+00   5.906032e+02   6.357640e-12   1.078013e-05
1.300000e+02   -1.909017e+00   -0.000000e+00   -0.000000e+00   5.920276e+02   6.306028e-12   1.071841e-05
