#% 0, Z0, m, 0.0
#% 1, Z, km
#% 2, U, m/s
#% 3, V, m/s
#% 4, W, m/s
#% 5, T, degK
#% 6, RHO, g/cm3
#% 7, P, mbar
0.000000e+00   -4.636892e+00   0.000000e+00   0.000000e+00   2.816265e+02   1.208939e-03   9.774853e+02
1.000000e-01   -4.175879e+00   0.000000e+00   0.000000e+00   2.808660e+02   1.197698e-03   9.657817e+02
2.000000e-01   -3.760708e+00   0.000000e+00   0.000000e+00   2.800324e+02   1.186838e-03   9.541842e+02
3.000000e-01   -3.230527e+00   0.000000e+00   0.000000e+00   2.791668e+02   1.176180e-03   9.426922e+02
4.000000e-01   -2.449184e+00   0.000000e+00   0.000000e+00   2.783054e+02   1.165569e-03   9.313051e+02
5.000000e-01   -1.440840e+00   0.000000e+00   0.000000e+00   2.774587e+02   1.154961e-03   9.200217e+02
6.000000e-01   -4.143659e-01   0.000000e+00   0.000000e+00   2.766574e+02   1.144229e-03   9.088406e+02
7.000000e-01   4.036226e-01   0.000000e+00   0.000000e+00   2.759285e+02   1.133265e-03   8.977601e+02
8.000000e-01   9.641345e-01   0.000000e+00   0.000000e+00   2.752592e+02   1.122126e-03   8.867795e+02
9.000000e-01   1.346958e+00   0.000000e+00   0.000000e+00   2.746763e+02   1.110710e-03   8.758994e+02
1.000000e+00   1.538818e+00   0.000000e+00   0.000000e+00   2.741062e+02   1.099324e-03   8.651214e+02
1.100000e+00   1.503302e+00   0.000000e+00   0.000000e+00   2.735511e+02   1.087967e-03   8.544494e+02
1.200000e+00   1.331883e+00   0.000000e+00   0.000000e+00   2.732193e+02   1.075824e-03   8.438884e+02
1.300000e+00   1.105046e+00   0.000000e+00   0.000000e+00   2.731272e+02   1.062867e-03   8.334433e+02
1.400000e+00   8.736442e-01   0.000000e+00   0.000000e+00   2.731198e+02   1.049724e-03   8.231153e+02
1.500000e+00   6.588553e-01   0.000000e+00   0.000000e+00   2.729586e+02   1.037310e-03   8.129009e+02
1.600000e+00   4.428429e-01   0.000000e+00   0.000000e+00   2.724618e+02   1.026278e-03   8.027921e+02
1.700000e+00   2.371328e-01   0.000000e+00   0.000000e+00   2.717846e+02   1.016010e-03   7.927843e+02
1.800000e+00   5.591084e-02   0.000000e+00   0.000000e+00   2.711715e+02   1.005579e-03   7.828750e+02
1.900000e+00   -1.337755e-01   0.000000e+00   0.000000e+00   2.706026e+02   9.950644e-04   7.730642e+02
2.000000e+00   -3.733261e-01   0.000000e+00   0.000000e+00   2.700147e+02   9.847022e-04   7.633518e+02
2.100000e+00   -6.744204e-01   0.000000e+00   0.000000e+00   2.694121e+02   9.744745e-04   7.537371e+02
2.200000e+00   -1.014427e+00   0.000000e+00   0.000000e+00   2.688244e+02   9.642720e-04   7.442188e+02
2.300000e+00   -1.376431e+00   0.000000e+00   0.000000e+00   2.682708e+02   9.540277e-04   7.347959e+02
2.400000e+00   -1.716910e+00   0.000000e+00   0.000000e+00   2.677535e+02   9.437357e-04   7.254673e+02
2.500000e+00   -1.993821e+00   0.000000e+00   0.000000e+00   2.672740e+02   9.333930e-04   7.162318e+02
2.600000e+00   -2.181648e+00   0.000000e+00   0.000000e+00   2.668399e+02   9.229767e-04   7.070888e+02
2.700000e+00   -2.274584e+00   0.000000e+00   0.000000e+00   2.664618e+02   9.124554e-04   6.980379e+02
2.800000e+00   -2.306643e+00   0.000000e+00   0.000000e+00   2.661449e+02   9.018164e-04   6.890785e+02
2.900000e+00   -2.312706e+00   0.000000e+00   0.000000e+00   2.658794e+02   8.910982e-04   6.802095e+02
3.000000e+00   -2.327672e+00   0.000000e+00   0.000000e+00   2.656525e+02   8.803479e-04   6.714298e+02
3.100000e+00   -2.409207e+00   0.000000e+00   0.000000e+00   2.654377e+02   8.696554e-04   6.627385e+02
3.200000e+00   -2.591728e+00   0.000000e+00   0.000000e+00   2.651905e+02   8.591658e-04   6.541349e+02
3.300000e+00   -2.823762e+00   0.000000e+00   0.000000e+00   2.648650e+02   8.490223e-04   6.456185e+02
3.400000e+00   -3.051398e+00   0.000000e+00   0.000000e+00   2.644231e+02   8.393370e-04   6.371887e+02
3.500000e+00   -3.218328e+00   0.000000e+00   0.000000e+00   2.638728e+02   8.300733e-04   6.288447e+02
3.600000e+00   -3.297119e+00   0.000000e+00   0.000000e+00   2.632390e+02   8.211438e-04   6.205858e+02
3.700000e+00   -3.345296e+00   0.000000e+00   0.000000e+00   2.625466e+02   8.124643e-04   6.124112e+02
3.800000e+00   -3.395707e+00   0.000000e+00   0.000000e+00   2.618201e+02   8.039551e-04   6.043202e+02
3.900000e+00   -3.471213e+00   0.000000e+00   0.000000e+00   2.610729e+02   7.955717e-04   5.963119e+02
4.000000e+00   -3.586196e+00   0.000000e+00   0.000000e+00   2.603069e+02   7.873059e-04   5.883850e+02
4.100000e+00   -3.736052e+00   0.000000e+00   0.000000e+00   2.595236e+02   7.791511e-04   5.805383e+02
4.200000e+00   -3.880167e+00   0.000000e+00   0.000000e+00   2.587241e+02   7.711012e-04   5.727705e+02
4.300000e+00   -4.019194e+00   0.000000e+00   0.000000e+00   2.579110e+02   7.631469e-04   5.650806e+02
4.400000e+00   -4.167637e+00   0.000000e+00   0.000000e+00   2.570931e+02   7.552613e-04   5.574681e+02
4.500000e+00   -4.344128e+00   0.000000e+00   0.000000e+00   2.562815e+02   7.474123e-04   5.499332e+02
4.600000e+00   -4.610971e+00   0.000000e+00   0.000000e+00   2.554873e+02   7.395687e-04   5.424756e+02
4.700000e+00   -5.059228e+00   0.000000e+00   0.000000e+00   2.547216e+02   7.317000e-04   5.350953e+02
4.800000e+00   -5.603072e+00   0.000000e+00   0.000000e+00   2.539920e+02   7.237867e-04   5.277922e+02
4.900000e+00   -6.140659e+00   0.000000e+00   0.000000e+00   2.532943e+02   7.158421e-04   5.205650e+02
5.000000e+00   -6.568788e+00   0.000000e+00   0.000000e+00   2.526217e+02   7.078865e-04   5.134127e+02
5.100000e+00   -6.774758e+00   0.000000e+00   0.000000e+00   2.519674e+02   6.999392e-04   5.063340e+02
5.200000e+00   -6.734450e+00   0.000000e+00   0.000000e+00   2.513247e+02   6.920192e-04   4.993277e+02
5.300000e+00   -6.575750e+00   0.000000e+00   0.000000e+00   2.506871e+02   6.841439e-04   4.923929e+02
5.400000e+00   -6.434899e+00   0.000000e+00   0.000000e+00   2.500495e+02   6.763280e-04   4.855296e+02
5.500000e+00   -6.448578e+00   0.000000e+00   0.000000e+00   2.494072e+02   6.685848e-04   4.787379e+02
5.600000e+00   -6.693150e+00   0.000000e+00   0.000000e+00   2.487555e+02   6.609273e-04   4.720181e+02
5.700000e+00   -7.015318e+00   0.000000e+00   0.000000e+00   2.480897e+02   6.533681e-04   4.653706e+02
5.800000e+00   -7.378350e+00   0.000000e+00   0.000000e+00   2.474053e+02   6.459186e-04   4.587955e+02
5.900000e+00   -7.765113e+00   0.000000e+00   0.000000e+00   2.467017e+02   6.385815e-04   4.522940e+02
6.000000e+00   -8.160767e+00   0.000000e+00   0.000000e+00   2.459811e+02   6.313523e-04   4.458676e+02
6.100000e+00   -8.578095e+00   0.000000e+00   0.000000e+00   2.452459e+02   6.242269e-04   4.395180e+02
6.200000e+00   -9.093860e+00   0.000000e+00   0.000000e+00   2.444984e+02   6.172014e-04   4.332468e+02
6.300000e+00   -9.655877e+00   0.000000e+00   0.000000e+00   2.437410e+02   6.102720e-04   4.270556e+02
6.400000e+00   -1.019747e+01   0.000000e+00   0.000000e+00   2.429762e+02   6.034344e-04   4.209458e+02
6.500000e+00   -1.064662e+01   0.000000e+00   0.000000e+00   2.422081e+02   5.966788e-04   4.149174e+02
6.600000e+00   -1.088865e+01   0.000000e+00   0.000000e+00   2.414412e+02   5.899938e-04   4.089698e+02
6.700000e+00   -1.077262e+01   0.000000e+00   0.000000e+00   2.406801e+02   5.833683e-04   4.031023e+02
6.800000e+00   -1.046601e+01   0.000000e+00   0.000000e+00   2.399292e+02   5.767915e-04   3.973144e+02
6.900000e+00   -1.016864e+01   0.000000e+00   0.000000e+00   2.391931e+02   5.702532e-04   3.916054e+02
7.000000e+00   -1.008049e+01   0.000000e+00   0.000000e+00   2.384763e+02   5.637433e-04   3.859748e+02
7.100000e+00   -1.038784e+01   0.000000e+00   0.000000e+00   2.377831e+02   5.572529e-04   3.804220e+02
7.200000e+00   -1.105832e+01   0.000000e+00   0.000000e+00   2.371174e+02   5.507738e-04   3.749463e+02
7.300000e+00   -1.190589e+01   0.000000e+00   0.000000e+00   2.364832e+02   5.442983e-04   3.695470e+02
7.400000e+00   -1.274220e+01   0.000000e+00   0.000000e+00   2.358846e+02   5.378189e-04   3.642236e+02
7.500000e+00   -1.337894e+01   0.000000e+00   0.000000e+00   2.353255e+02   5.313286e-04   3.589753e+02
7.600000e+00   -1.367429e+01   0.000000e+00   0.000000e+00   2.348099e+02   5.248207e-04   3.538015e+02
7.700000e+00   -1.380512e+01   0.000000e+00   0.000000e+00   2.343408e+02   5.182912e-04   3.487017e+02
7.800000e+00   -1.384934e+01   0.000000e+00   0.000000e+00   2.339149e+02   5.117497e-04   3.436749e+02
7.900000e+00   -1.384775e+01   0.000000e+00   0.000000e+00   2.335271e+02   5.052102e-04   3.387206e+02
8.000000e+00   -1.384115e+01   0.000000e+00   0.000000e+00   2.331720e+02   4.986859e-04   3.338380e+02
8.100000e+00   -1.385595e+01   0.000000e+00   0.000000e+00   2.328443e+02   4.921898e-04   3.290263e+02
8.200000e+00   -1.383164e+01   0.000000e+00   0.000000e+00   2.325388e+02   4.857342e-04   3.242847e+02
8.300000e+00   -1.378443e+01   0.000000e+00   0.000000e+00   2.322502e+02   4.793309e-04   3.196126e+02
8.400000e+00   -1.374906e+01   0.000000e+00   0.000000e+00   2.319732e+02   4.729912e-04   3.150092e+02
8.500000e+00   -1.376026e+01   0.000000e+00   0.000000e+00   2.317024e+02   4.667258e-04   3.104736e+02
8.600000e+00   -1.392829e+01   0.000000e+00   0.000000e+00   2.314343e+02   4.605417e-04   3.060053e+02
8.700000e+00   -1.473904e+01   0.000000e+00   0.000000e+00   2.311698e+02   4.544356e-04   3.016031e+02
8.800000e+00   -1.595520e+01   0.000000e+00   0.000000e+00   2.309112e+02   4.484026e-04   2.972662e+02
8.900000e+00   -1.718870e+01   0.000000e+00   0.000000e+00   2.306606e+02   4.424377e-04   2.929934e+02
9.000000e+00   -1.805145e+01   0.000000e+00   0.000000e+00   2.304201e+02   4.365362e-04   2.887840e+02
9.100000e+00   -1.815006e+01   0.000000e+00   0.000000e+00   2.301920e+02   4.306936e-04   2.846368e+02
9.200000e+00   -1.732546e+01   0.000000e+00   0.000000e+00   2.299783e+02   4.249055e-04   2.805508e+02
9.300000e+00   -1.597842e+01   0.000000e+00   0.000000e+00   2.297813e+02   4.191677e-04   2.765252e+02
9.400000e+00   -1.457283e+01   0.000000e+00   0.000000e+00   2.296030e+02   4.134763e-04   2.725590e+02
9.500000e+00   -1.357259e+01   0.000000e+00   0.000000e+00   2.294456e+02   4.078275e-04   2.686511e+02
9.600000e+00   -1.338781e+01   0.000000e+00   0.000000e+00   2.293112e+02   4.022177e-04   2.648005e+02
9.700000e+00   -1.369740e+01   0.000000e+00   0.000000e+00   2.292008e+02   3.966456e-04   2.610064e+02
9.800000e+00   -1.420729e+01   0.000000e+00   0.000000e+00   2.291119e+02   3.911158e-04   2.572678e+02
9.900000e+00   -1.474094e+01   0.000000e+00   0.000000e+00   2.290418e+02   3.856333e-04   2.535839e+02
1.000000e+01   -1.512179e+01   0.000000e+00   0.000000e+00   2.289876e+02   3.802027e-04   2.499537e+02
1.010000e+01   -1.519173e+01   0.000000e+00   0.000000e+00   2.289465e+02   3.748285e-04   2.463763e+02
1.020000e+01   -1.508151e+01   0.000000e+00   0.000000e+00   2.289157e+02   3.695149e-04   2.428510e+02
1.030000e+01   -1.489925e+01   0.000000e+00   0.000000e+00   2.288924e+02   3.642657e-04   2.393767e+02
1.040000e+01   -1.469616e+01   0.000000e+00   0.000000e+00   2.288737e+02   3.590845e-04   2.359526e+02
1.050000e+01   -1.452345e+01   0.000000e+00   0.000000e+00   2.288568e+02   3.539747e-04   2.325779e+02
1.060000e+01   -1.442744e+01   0.000000e+00   0.000000e+00   2.288390e+02   3.489394e-04   2.292516e+02
1.070000e+01   -1.436383e+01   0.000000e+00   0.000000e+00   2.288173e+02   3.439814e-04   2.259729e+02
1.080000e+01   -1.429814e+01   0.000000e+00   0.000000e+00   2.287896e+02   3.391026e-04   2.227408e+02
1.090000e+01   -1.422036e+01   0.000000e+00   0.000000e+00   2.287554e+02   3.343020e-04   2.195547e+02
1.100000e+01   -1.412119e+01   0.000000e+00   0.000000e+00   2.287145e+02   3.295782e-04   2.164136e+02
1.110000e+01   -1.398685e+01   0.000000e+00   0.000000e+00   2.286671e+02   3.249296e-04   2.133169e+02
1.120000e+01   -1.374141e+01   0.000000e+00   0.000000e+00   2.286130e+02   3.203548e-04   2.102638e+02
1.130000e+01   -1.341222e+01   0.000000e+00   0.000000e+00   2.285522e+02   3.158523e-04   2.072535e+02
1.140000e+01   -1.306733e+01   0.000000e+00   0.000000e+00   2.284847e+02   3.114207e-04   2.042852e+02
1.150000e+01   -1.277479e+01   0.000000e+00   0.000000e+00   2.284104e+02   3.070584e-04   2.013582e+02
1.160000e+01   -1.260483e+01   0.000000e+00   0.000000e+00   2.283293e+02   3.027640e-04   1.984716e+02
1.170000e+01   -1.263770e+01   0.000000e+00   0.000000e+00   2.282414e+02   2.985362e-04   1.956247e+02
1.180000e+01   -1.281435e+01   0.000000e+00   0.000000e+00   2.281465e+02   2.943734e-04   1.928168e+02
1.190000e+01   -1.303498e+01   0.000000e+00   0.000000e+00   2.280448e+02   2.902742e-04   1.900470e+02
1.200000e+01   -1.319503e+01   0.000000e+00   0.000000e+00   2.279369e+02   2.862367e-04   1.873149e+02
1.210000e+01   -1.319346e+01   0.000000e+00   0.000000e+00   2.278233e+02   2.822590e-04   1.846198e+02
1.220000e+01   -1.312110e+01   0.000000e+00   0.000000e+00   2.277049e+02   2.783393e-04   1.819614e+02
1.230000e+01   -1.304675e+01   0.000000e+00   0.000000e+00   2.275825e+02   2.744757e-04   1.793391e+02
1.240000e+01   -1.296644e+01   0.000000e+00   0.000000e+00   2.274566e+02   2.706664e-04   1.767524e+02
1.250000e+01   -1.287624e+01   0.000000e+00   0.000000e+00   2.273282e+02   2.669099e-04   1.742008e+02
1.260000e+01   -1.277204e+01   0.000000e+00   0.000000e+00   2.271978e+02   2.632043e-04   1.716839e+02
1.270000e+01   -1.264358e+01   0.000000e+00   0.000000e+00   2.270663e+02   2.595482e-04   1.692010e+02
1.280000e+01   -1.248337e+01   0.000000e+00   0.000000e+00   2.269343e+02   2.559399e-04   1.667518e+02
1.290000e+01   -1.228732e+01   0.000000e+00   0.000000e+00   2.268027e+02   2.523779e-04   1.643357e+02
1.300000e+01   -1.205203e+01   0.000000e+00   0.000000e+00   2.266721e+02   2.488607e-04   1.619522e+02
1.310000e+01   -1.177874e+01   0.000000e+00   0.000000e+00   2.265443e+02   2.453861e-04   1.596009e+02
1.320000e+01   -1.135455e+01   0.000000e+00   0.000000e+00   2.264210e+02   2.419516e-04   1.572815e+02
1.330000e+01   -1.078934e+01   0.000000e+00   0.000000e+00   2.263044e+02   2.385549e-04   1.549936e+02
1.340000e+01   -1.019225e+01   0.000000e+00   0.000000e+00   2.261963e+02   2.351938e-04   1.527368e+02
1.350000e+01   -9.672456e+00   0.000000e+00   0.000000e+00   2.260987e+02   2.318661e-04   1.505108e+02
1.360000e+01   -9.341626e+00   0.000000e+00   0.000000e+00   2.260137e+02   2.285698e-04   1.483153e+02
1.370000e+01   -9.521480e+00   0.000000e+00   0.000000e+00   2.259431e+02   2.253030e-04   1.461499e+02
1.380000e+01   -1.016622e+01   0.000000e+00   0.000000e+00   2.258889e+02   2.220639e-04   1.440142e+02
1.390000e+01   -1.097089e+01   0.000000e+00   0.000000e+00   2.258532e+02   2.188506e-04   1.419078e+02
1.400000e+01   -1.163058e+01   0.000000e+00   0.000000e+00   2.258379e+02   2.156617e-04   1.398305e+02
1.410000e+01   -1.184081e+01   0.000000e+00   0.000000e+00   2.258445e+02   2.124958e-04   1.377819e+02
1.420000e+01   -1.164295e+01   0.000000e+00   0.000000e+00   2.258706e+02   2.093558e-04   1.357616e+02
1.430000e+01   -1.128552e+01   0.000000e+00   0.000000e+00   2.259105e+02   2.062472e-04   1.337694e+02
1.440000e+01   -1.086291e+01   0.000000e+00   0.000000e+00   2.259589e+02   2.031748e-04   1.318049e+02
1.450000e+01   -1.046953e+01   0.000000e+00   0.000000e+00   2.260103e+02   2.001435e-04   1.298679e+02
1.460000e+01   -1.019961e+01   0.000000e+00   0.000000e+00   2.260590e+02   1.971576e-04   1.279581e+02
1.470000e+01   -1.000692e+01   0.000000e+00   0.000000e+00   2.260997e+02   1.942214e-04   1.260752e+02
1.480000e+01   -9.816893e+00   0.000000e+00   0.000000e+00   2.261268e+02   1.913387e-04   1.242188e+02
1.490000e+01   -9.657821e+00   0.000000e+00   0.000000e+00   2.261348e+02   1.885131e-04   1.223887e+02
1.500000e+01   -9.557993e+00   0.000000e+00   0.000000e+00   2.261182e+02   1.857478e-04   1.205845e+02
1.510000e+01   -9.545696e+00   0.000000e+00   0.000000e+00   2.260715e+02   1.830462e-04   1.188061e+02
1.520000e+01   -9.784107e+00   0.000000e+00   0.000000e+00   2.259897e+02   1.804105e-04   1.170531e+02
1.530000e+01   -1.029037e+01   0.000000e+00   0.000000e+00   2.258743e+02   1.778381e-04   1.153251e+02
1.540000e+01   -1.087461e+01   0.000000e+00   0.000000e+00   2.257302e+02   1.753236e-04   1.136220e+02
1.550000e+01   -1.134703e+01   0.000000e+00   0.000000e+00   2.255628e+02   1.728616e-04   1.119434e+02
1.560000e+01   -1.151779e+01   0.000000e+00   0.000000e+00   2.253772e+02   1.704472e-04   1.102890e+02
1.570000e+01   -1.141432e+01   0.000000e+00   0.000000e+00   2.251787e+02   1.680755e-04   1.086586e+02
1.580000e+01   -1.122670e+01   0.000000e+00   0.000000e+00   2.249723e+02   1.657420e-04   1.070518e+02
1.590000e+01   -1.097078e+01   0.000000e+00   0.000000e+00   2.247634e+02   1.634422e-04   1.054684e+02
1.600000e+01   -1.066220e+01   0.000000e+00   0.000000e+00   2.245572e+02   1.611721e-04   1.039080e+02
1.610000e+01   -1.031659e+01   0.000000e+00   0.000000e+00   2.243588e+02   1.589276e-04   1.023705e+02
1.620000e+01   -9.775155e+00   0.000000e+00   0.000000e+00   2.241735e+02   1.567050e-04   1.008554e+02
1.630000e+01   -8.946658e+00   0.000000e+00   0.000000e+00   2.240060e+02   1.545009e-04   9.936258e+01
1.640000e+01   -8.035165e+00   0.000000e+00   0.000000e+00   2.238578e+02   1.523143e-04   9.789161e+01
1.650000e+01   -7.245573e+00   0.000000e+00   0.000000e+00   2.237290e+02   1.501456e-04   9.644221e+01
1.660000e+01   -6.782777e+00   0.000000e+00   0.000000e+00   2.236192e+02   1.479947e-04   9.501404e+01
1.670000e+01   -6.890009e+00   0.000000e+00   0.000000e+00   2.235286e+02   1.458619e-04   9.360678e+01
1.680000e+01   -7.510723e+00   0.000000e+00   0.000000e+00   2.234569e+02   1.437472e-04   9.222011e+01
1.690000e+01   -8.323816e+00   0.000000e+00   0.000000e+00   2.234041e+02   1.416508e-04   9.085370e+01
1.700000e+01   -9.006830e+00   0.000000e+00   0.000000e+00   2.233701e+02   1.395728e-04   8.950722e+01
1.710000e+01   -9.237311e+00   0.000000e+00   0.000000e+00   2.233547e+02   1.375132e-04   8.818034e+01
1.720000e+01   -8.867802e+00   0.000000e+00   0.000000e+00   2.233579e+02   1.354721e-04   8.687275e+01
1.730000e+01   -8.164976e+00   0.000000e+00   0.000000e+00   2.233796e+02   1.334496e-04   8.558411e+01
1.740000e+01   -7.329466e+00   0.000000e+00   0.000000e+00   2.234195e+02   1.314458e-04   8.431411e+01
1.750000e+01   -6.559019e+00   0.000000e+00   0.000000e+00   2.234760e+02   1.294619e-04   8.306250e+01
1.760000e+01   -6.051286e+00   0.000000e+00   0.000000e+00   2.235471e+02   1.274988e-04   8.182905e+01
1.770000e+01   -5.833840e+00   0.000000e+00   0.000000e+00   2.236308e+02   1.255579e-04   8.061354e+01
1.780000e+01   -5.672421e+00   0.000000e+00   0.000000e+00   2.237252e+02   1.236401e-04   7.941573e+01
1.790000e+01   -5.546477e+00   0.000000e+00   0.000000e+00   2.238283e+02   1.217463e-04   7.823540e+01
1.800000e+01   -5.441279e+00   0.000000e+00   0.000000e+00   2.239381e+02   1.198776e-04   7.707231e+01
1.810000e+01   -5.342099e+00   0.000000e+00   0.000000e+00   2.240527e+02   1.180346e-04   7.592624e+01
1.820000e+01   -5.287276e+00   0.000000e+00   0.000000e+00   2.241699e+02   1.162182e-04   7.479697e+01
1.830000e+01   -5.335661e+00   0.000000e+00   0.000000e+00   2.242880e+02   1.144291e-04   7.368426e+01
1.840000e+01   -5.409843e+00   0.000000e+00   0.000000e+00   2.244048e+02   1.126678e-04   7.258788e+01
1.850000e+01   -5.429184e+00   0.000000e+00   0.000000e+00   2.245186e+02   1.109348e-04   7.150762e+01
1.860000e+01   -5.315378e+00   0.000000e+00   0.000000e+00   2.246286e+02   1.092300e-04   7.044326e+01
1.870000e+01   -4.868671e+00   0.000000e+00   0.000000e+00   2.247343e+02   1.075534e-04   6.939460e+01
1.880000e+01   -3.925735e+00   0.000000e+00   0.000000e+00   2.248351e+02   1.059046e-04   6.836145e+01
1.890000e+01   -2.771621e+00   0.000000e+00   0.000000e+00   2.249305e+02   1.042835e-04   6.734359e+01
1.900000e+01   -1.706114e+00   0.000000e+00   0.000000e+00   2.250199e+02   1.026899e-04   6.634083e+01
1.910000e+01   -1.029000e+00   0.000000e+00   0.000000e+00   2.251027e+02   1.011235e-04   6.535296e+01
1.920000e+01   -1.017193e+00   0.000000e+00   0.000000e+00   2.251785e+02   9.958415e-05   6.437979e+01
1.930000e+01   -1.601509e+00   0.000000e+00   0.000000e+00   2.252467e+02   9.807155e-05   6.342110e+01
1.940000e+01   -2.467330e+00   0.000000e+00   0.000000e+00   2.253067e+02   9.658545e-05   6.247671e+01
1.950000e+01   -3.295734e+00   0.000000e+00   0.000000e+00   2.253580e+02   9.512560e-05   6.154640e+01
1.960000e+01   -3.766622e+00   0.000000e+00   0.000000e+00   2.254002e+02   9.369164e-05   6.062998e+01
1.970000e+01   -3.666251e+00   0.000000e+00   0.000000e+00   2.254339e+02   9.228285e-05   5.972725e+01
1.980000e+01   -3.237712e+00   0.000000e+00   0.000000e+00   2.254598e+02   9.089844e-05   5.883801e+01
1.990000e+01   -2.677496e+00   0.000000e+00   0.000000e+00   2.254789e+02   8.953764e-05   5.796207e+01
2.000000e+01   -2.169204e+00   0.000000e+00   0.000000e+00   2.254918e+02   8.819968e-05   5.709922e+01
2.010000e+01   -1.896435e+00   0.000000e+00   0.000000e+00   2.254995e+02   8.688385e-05   5.624928e+01
2.020000e+01   -1.938645e+00   0.000000e+00   0.000000e+00   2.255027e+02   8.558943e-05   5.541205e+01
2.030000e+01   -2.051403e+00   0.000000e+00   0.000000e+00   2.255022e+02   8.431575e-05   5.458732e+01
2.040000e+01   -2.202417e+00   0.000000e+00   0.000000e+00   2.254988e+02   8.306214e-05   5.377491e+01
2.050000e+01   -2.381847e+00   0.000000e+00   0.000000e+00   2.254934e+02   8.182795e-05   5.297462e+01
2.060000e+01   -2.579855e+00   0.000000e+00   0.000000e+00   2.254867e+02   8.061257e-05   5.218625e+01
2.070000e+01   -2.940778e+00   0.000000e+00   0.000000e+00   2.254796e+02   7.941539e-05   5.140961e+01
2.080000e+01   -3.863537e+00   0.000000e+00   0.000000e+00   2.254727e+02   7.823592e-05   5.064452e+01
2.090000e+01   -5.051457e+00   0.000000e+00   0.000000e+00   2.254665e+02   7.707369e-05   4.989082e+01
2.100000e+01   -6.148463e+00   0.000000e+00   0.000000e+00   2.254618e+02   7.592827e-05   4.914833e+01
2.110000e+01   -6.798480e+00   0.000000e+00   0.000000e+00   2.254590e+02   7.479922e-05   4.841690e+01
2.120000e+01   -6.549613e+00   0.000000e+00   0.000000e+00   2.254588e+02   7.368613e-05   4.769636e+01
2.130000e+01   -5.087741e+00   0.000000e+00   0.000000e+00   2.254617e+02   7.258859e-05   4.698654e+01
2.140000e+01   -3.008547e+00   0.000000e+00   0.000000e+00   2.254683e+02   7.150619e-05   4.628727e+01
2.150000e+01   -9.775445e-01   0.000000e+00   0.000000e+00   2.254793e+02   7.043856e-05   4.559839e+01
2.160000e+01   3.397531e-01   0.000000e+00   0.000000e+00   2.254952e+02   6.938530e-05   4.491974e+01
2.170000e+01   4.846185e-01   0.000000e+00   0.000000e+00   2.255166e+02   6.834606e-05   4.425114e+01
2.180000e+01   9.720044e-02   0.000000e+00   0.000000e+00   2.255441e+02   6.732048e-05   4.359243e+01
2.190000e+01   -5.487778e-01   0.000000e+00   0.000000e+00   2.255779e+02   6.630835e-05   4.294346e+01
2.200000e+01   -1.273743e+00   0.000000e+00   0.000000e+00   2.256175e+02   6.530962e-05   4.230410e+01
2.210000e+01   -1.898105e+00   0.000000e+00   0.000000e+00   2.256629e+02   6.432426e-05   4.167421e+01
2.220000e+01   -2.306932e+00   0.000000e+00   0.000000e+00   2.257137e+02   6.335219e-05   4.105366e+01
2.230000e+01   -2.706753e+00   0.000000e+00   0.000000e+00   2.257696e+02   6.239336e-05   4.044233e+01
2.240000e+01   -3.079775e+00   0.000000e+00   0.000000e+00   2.258302e+02   6.144770e-05   3.984007e+01
2.250000e+01   -3.362930e+00   0.000000e+00   0.000000e+00   2.258954e+02   6.051513e-05   3.924676e+01
2.260000e+01   -3.493152e+00   0.000000e+00   0.000000e+00   2.259648e+02   5.959557e-05   3.866225e+01
2.270000e+01   -3.360858e+00   0.000000e+00   0.000000e+00   2.260382e+02   5.868892e-05   3.808643e+01
2.280000e+01   -2.748725e+00   -0.000000e+00   -0.000000e+00   2.261152e+02   5.779510e-05   3.751916e+01
2.290000e+01   -1.866166e+00   -0.000000e+00   -0.000000e+00   2.261956e+02   5.691400e-05   3.696031e+01
2.300000e+01   -9.831578e-01   -0.000000e+00   -0.000000e+00   2.262788e+02   5.604556e-05   3.640974e+01
2.310000e+01   -3.702805e-01   -0.000000e+00   -0.000000e+00   2.263642e+02   5.518984e-05   3.586735e+01
2.320000e+01   -2.399730e-01   -0.000000e+00   -0.000000e+00   2.264506e+02   5.434692e-05   3.533303e+01
2.330000e+01   -3.376991e-01   -0.000000e+00   -0.000000e+00   2.265372e+02   5.351686e-05   3.480667e+01
2.340000e+01   -5.272220e-01   -0.000000e+00   -0.000000e+00   2.266229e+02   5.269970e-05   3.428818e+01
2.350000e+01   -7.319425e-01   -0.000000e+00   -0.000000e+00   2.267069e+02   5.189549e-05   3.377744e+01
2.360000e+01   -8.752614e-01   -0.000000e+00   -0.000000e+00   2.267880e+02   5.110425e-05   3.327434e+01
2.370000e+01   -8.640489e-01   -0.000000e+00   -0.000000e+00   2.268654e+02   5.032597e-05   3.277878e+01
2.380000e+01   -5.725766e-01   -0.000000e+00   -0.000000e+00   2.269382e+02   4.956066e-05   3.229066e+01
2.390000e+01   -1.230173e-01   -0.000000e+00   -0.000000e+00   2.270052e+02   4.880830e-05   3.180987e+01
2.400000e+01   3.213500e-01   -0.000000e+00   -0.000000e+00   2.270656e+02   4.806887e-05   3.133629e+01
2.410000e+01   5.973242e-01   -0.000000e+00   -0.000000e+00   2.271185e+02   4.734232e-05   3.086984e+01
2.420000e+01   5.386557e-01   -0.000000e+00   -0.000000e+00   2.271637e+02   4.662842e-05   3.041039e+01
2.430000e+01   5.965091e-02   -0.000000e+00   -0.000000e+00   2.272022e+02   4.592677e-05   2.995787e+01
2.440000e+01   -6.636962e-01   -0.000000e+00   -0.000000e+00   2.272350e+02   4.523697e-05   2.951217e+01
2.450000e+01   -1.421837e+00   -0.000000e+00   -0.000000e+00   2.272630e+02   4.455862e-05   2.907320e+01
2.460000e+01   -2.005221e+00   -0.000000e+00   -0.000000e+00   2.272872e+02   4.389134e-05   2.864087e+01
2.470000e+01   -2.230693e+00   -0.000000e+00   -0.000000e+00   2.273085e+02   4.323478e-05   2.821509e+01
2.480000e+01   -2.260332e+00   -0.000000e+00   -0.000000e+00   2.273280e+02   4.258859e-05   2.779575e+01
2.490000e+01   -2.215579e+00   -0.000000e+00   -0.000000e+00   2.273464e+02   4.195241e-05   2.738277e+01
2.500000e+01   -2.157207e+00   -0.000000e+00   -0.000000e+00   2.273649e+02   4.132593e-05   2.697606e+01
2.510000e+01   -2.145988e+00   -0.000000e+00   -0.000000e+00   2.273843e+02   4.070883e-05   2.657551e+01
2.520000e+01   -2.246146e+00   -0.000000e+00   -0.000000e+00   2.274057e+02   4.010079e-05   2.618103e+01
2.530000e+01   -2.526333e+00   -0.000000e+00   -0.000000e+00   2.274299e+02   3.950154e-05   2.579253e+01
2.540000e+01   -2.946675e+00   -0.000000e+00   -0.000000e+00   2.274575e+02   3.891086e-05   2.540993e+01
2.550000e+01   -3.445180e+00   -0.000000e+00   -0.000000e+00   2.274886e+02   3.832861e-05   2.503313e+01
2.560000e+01   -3.959873e+00   -0.000000e+00   -0.000000e+00   2.275236e+02   3.775466e-05   2.466206e+01
2.570000e+01   -4.445285e+00   -0.000000e+00   -0.000000e+00   2.275625e+02   3.718886e-05   2.429662e+01
2.580000e+01   -5.074322e+00   -0.000000e+00   -0.000000e+00   2.276056e+02   3.663108e-05   2.393674e+01
2.590000e+01   -5.791655e+00   -0.000000e+00   -0.000000e+00   2.276531e+02   3.608118e-05   2.358233e+01
2.600000e+01   -6.444701e+00   -0.000000e+00   -0.000000e+00   2.277053e+02   3.553903e-05   2.323330e+01
2.610000e+01   -6.880874e+00   -0.000000e+00   -0.000000e+00   2.277623e+02   3.500449e-05   2.288958e+01
2.620000e+01   -6.956848e+00   -0.000000e+00   -0.000000e+00   2.278243e+02   3.447743e-05   2.255107e+01
2.630000e+01   -6.753168e+00   -0.000000e+00   -0.000000e+00   2.278916e+02   3.395771e-05   2.221770e+01
2.640000e+01   -6.364407e+00   -0.000000e+00   -0.000000e+00   2.279644e+02   3.344521e-05   2.188938e+01
2.650000e+01   -5.832699e+00   -0.000000e+00   -0.000000e+00   2.280429e+02   3.293980e-05   2.156602e+01
2.660000e+01   -5.202069e+00   -0.000000e+00   -0.000000e+00   2.281271e+02   3.244141e-05   2.124755e+01
2.670000e+01   -4.491794e+00   -0.000000e+00   -0.000000e+00   2.282167e+02   3.194997e-05   2.093390e+01
2.680000e+01   -3.196138e+00   -0.000000e+00   -0.000000e+00   2.283116e+02   3.146544e-05   2.062501e+01
2.690000e+01   -1.439904e+00   -0.000000e+00   -0.000000e+00   2.284116e+02   3.098777e-05   2.032080e+01
2.700000e+01   3.301250e-01   -0.000000e+00   -0.000000e+00   2.285164e+02   3.051690e-05   2.002121e+01
2.710000e+01   1.667168e+00   -0.000000e+00   -0.000000e+00   2.286260e+02   3.005278e-05   1.972616e+01
2.720000e+01   2.148085e+00   -0.000000e+00   -0.000000e+00   2.287401e+02   2.959534e-05   1.943560e+01
2.730000e+01   2.214463e+00   -0.000000e+00   -0.000000e+00   2.288585e+02   2.914453e-05   1.914946e+01
2.740000e+01   2.200515e+00   -0.000000e+00   -0.000000e+00   2.289810e+02   2.870028e-05   1.886765e+01
2.750000e+01   2.110279e+00   -0.000000e+00   -0.000000e+00   2.291074e+02   2.826251e-05   1.859013e+01
2.760000e+01   1.947789e+00   -0.000000e+00   -0.000000e+00   2.292376e+02   2.783118e-05   1.831681e+01
2.770000e+01   1.694335e+00   -0.000000e+00   -0.000000e+00   2.293714e+02   2.740619e-05   1.804763e+01
2.780000e+01   4.640952e-01   -0.000000e+00   -0.000000e+00   2.295085e+02   2.698749e-05   1.778253e+01
2.790000e+01   -1.696601e+00   -0.000000e+00   -0.000000e+00   2.296488e+02   2.657502e-05   1.752145e+01
2.800000e+01   -4.092555e+00   -0.000000e+00   -0.000000e+00   2.297921e+02   2.616872e-05   1.726434e+01
2.810000e+01   -6.028572e+00   -0.000000e+00   -0.000000e+00   2.299384e+02   2.576851e-05   1.701113e+01
2.820000e+01   -6.825184e+00   -0.000000e+00   -0.000000e+00   2.300874e+02   2.537435e-05   1.676178e+01
2.830000e+01   -7.024597e+00   -0.000000e+00   -0.000000e+00   2.302389e+02   2.498616e-05   1.651622e+01
2.840000e+01   -7.200708e+00   -0.000000e+00   -0.000000e+00   2.303929e+02   2.460388e-05   1.627440e+01
2.850000e+01   -7.349187e+00   -0.000000e+00   -0.000000e+00   2.305491e+02   2.422744e-05   1.603627e+01
2.860000e+01   -7.465706e+00   -0.000000e+00   -0.000000e+00   2.307074e+02   2.385677e-05   1.580176e+01
2.870000e+01   -7.539482e+00   -0.000000e+00   -0.000000e+00   2.308677e+02   2.349180e-05   1.557083e+01
2.880000e+01   -6.897425e+00   -0.000000e+00   -0.000000e+00   2.310297e+02   2.313245e-05   1.534341e+01
2.890000e+01   -5.410160e+00   -0.000000e+00   -0.000000e+00   2.311933e+02   2.277867e-05   1.511945e+01
2.900000e+01   -3.533149e+00   -0.000000e+00   -0.000000e+00   2.313585e+02   2.243037e-05   1.489890e+01
2.910000e+01   -1.722622e+00   -0.000000e+00   -0.000000e+00   2.315252e+02   2.208746e-05   1.468170e+01
2.920000e+01   -4.329003e-01   -0.000000e+00   -0.000000e+00   2.316937e+02   2.174984e-05   1.446781e+01
2.930000e+01   5.438110e-01   -0.000000e+00   -0.000000e+00   2.318643e+02   2.141742e-05   1.425718e+01
2.940000e+01   1.503065e+00   -0.000000e+00   -0.000000e+00   2.320372e+02   2.109010e-05   1.404975e+01
2.950000e+01   2.323605e+00   -0.000000e+00   -0.000000e+00   2.322126e+02   2.076779e-05   1.384549e+01
2.960000e+01   2.884176e+00   -0.000000e+00   -0.000000e+00   2.323907e+02   2.045038e-05   1.364434e+01
2.970000e+01   3.063781e+00   -0.000000e+00   -0.000000e+00   2.325719e+02   2.013779e-05   1.344626e+01
2.980000e+01   3.014239e+00   -0.000000e+00   -0.000000e+00   2.327563e+02   1.982993e-05   1.325119e+01
2.990000e+01   2.939607e+00   -0.000000e+00   -0.000000e+00   2.329441e+02   1.952670e-05   1.305909e+01
3.000000e+01   2.843029e+00   -0.000000e+00   -0.000000e+00   2.331357e+02   1.922803e-05   1.286992e+01
3.010000e+01   2.727649e+00   -0.000000e+00   -0.000000e+00   2.333312e+02   1.893381e-05   1.268362e+01
3.020000e+01   2.596611e+00   -0.000000e+00   -0.000000e+00   2.335308e+02   1.864397e-05   1.250014e+01
3.030000e+01   2.097882e+00   -0.000000e+00   -0.000000e+00   2.337349e+02   1.835842e-05   1.231945e+01
3.040000e+01   1.076766e+00   -0.000000e+00   -0.000000e+00   2.339431e+02   1.807712e-05   1.214149e+01
3.050000e+01   -1.676792e-01   -0.000000e+00   -0.000000e+00   2.341550e+02   1.780007e-05   1.196623e+01
3.060000e+01   -1.336394e+00   -0.000000e+00   -0.000000e+00   2.343701e+02   1.752722e-05   1.179363e+01
3.070000e+01   -2.130322e+00   -0.000000e+00   -0.000000e+00   2.345882e+02   1.725856e-05   1.162366e+01
3.080000e+01   -2.611327e+00   -0.000000e+00   -0.000000e+00   2.348087e+02   1.699406e-05   1.145628e+01
3.090000e+01   -3.055264e+00   -0.000000e+00   -0.000000e+00   2.350312e+02   1.673370e-05   1.129146e+01
3.100000e+01   -3.417524e+00   -0.000000e+00   -0.000000e+00   2.352553e+02   1.647744e-05   1.112914e+01
3.110000e+01   -3.653114e+00   -0.000000e+00   -0.000000e+00   2.354806e+02   1.622525e-05   1.096930e+01
3.120000e+01   -3.717044e+00   -0.000000e+00   -0.000000e+00   2.357067e+02   1.597710e-05   1.081191e+01
3.130000e+01   -3.557692e+00   -0.000000e+00   -0.000000e+00   2.359331e+02   1.573295e-05   1.065691e+01
3.140000e+01   -3.207129e+00   -0.000000e+00   -0.000000e+00   2.361594e+02   1.549276e-05   1.050428e+01
3.150000e+01   -2.757668e+00   -0.000000e+00   -0.000000e+00   2.363852e+02   1.525650e-05   1.035398e+01
3.160000e+01   -2.301743e+00   -0.000000e+00   -0.000000e+00   2.366100e+02   1.502411e-05   1.020597e+01
3.170000e+01   -1.931556e+00   -0.000000e+00   -0.000000e+00   2.368340e+02   1.479555e-05   1.006022e+01
3.180000e+01   -1.642195e+00   -0.000000e+00   -0.000000e+00   2.370573e+02   1.457072e-05   9.916690e+00
3.190000e+01   -1.349444e+00   -0.000000e+00   -0.000000e+00   2.372804e+02   1.434955e-05   9.775353e+00
3.200000e+01   -1.085963e+00   -0.000000e+00   -0.000000e+00   2.375035e+02   1.413195e-05   9.636175e+00
3.210000e+01   -8.855113e-01   -0.000000e+00   -0.000000e+00   2.377271e+02   1.391786e-05   9.499125e+00
3.220000e+01   -7.818469e-01   -0.000000e+00   -0.000000e+00   2.379515e+02   1.370719e-05   9.364170e+00
3.230000e+01   -7.804326e-01   -0.000000e+00   -0.000000e+00   2.381770e+02   1.349987e-05   9.231279e+00
3.240000e+01   -8.432244e-01   -0.000000e+00   -0.000000e+00   2.384039e+02   1.329583e-05   9.100418e+00
3.250000e+01   -9.596643e-01   -0.000000e+00   -0.000000e+00   2.386327e+02   1.309500e-05   8.971556e+00
3.260000e+01   -1.119734e+00   -0.000000e+00   -0.000000e+00   2.388636e+02   1.289730e-05   8.844661e+00
3.270000e+01   -1.313416e+00   -0.000000e+00   -0.000000e+00   2.390971e+02   1.270267e-05   8.719701e+00
3.280000e+01   -1.695893e+00   -0.000000e+00   -0.000000e+00   2.393333e+02   1.251104e-05   8.596642e+00
3.290000e+01   -2.434341e+00   -0.000000e+00   -0.000000e+00   2.395728e+02   1.232234e-05   8.475454e+00
3.300000e+01   -3.299989e+00   -0.000000e+00   -0.000000e+00   2.398158e+02   1.213651e-05   8.356104e+00
3.310000e+01   -4.055798e+00   -0.000000e+00   -0.000000e+00   2.400622e+02   1.195351e-05   8.238564e+00
3.320000e+01   -4.464484e+00   -0.000000e+00   -0.000000e+00   2.403120e+02   1.177330e-05   8.122808e+00
3.330000e+01   -4.426493e+00   -0.000000e+00   -0.000000e+00   2.405651e+02   1.159586e-05   8.008810e+00
3.340000e+01   -4.159368e+00   -0.000000e+00   -0.000000e+00   2.408213e+02   1.142114e-05   7.896542e+00
3.350000e+01   -3.748553e+00   -0.000000e+00   -0.000000e+00   2.410806e+02   1.124912e-05   7.785978e+00
3.360000e+01   -3.272990e+00   -0.000000e+00   -0.000000e+00   2.413428e+02   1.107975e-05   7.677093e+00
3.370000e+01   -2.811623e+00   -0.000000e+00   -0.000000e+00   2.416077e+02   1.091301e-05   7.569858e+00
3.380000e+01   -2.333649e+00   -0.000000e+00   -0.000000e+00   2.418753e+02   1.074885e-05   7.464248e+00
3.390000e+01   -1.700224e+00   -0.000000e+00   -0.000000e+00   2.421455e+02   1.058724e-05   7.360236e+00
3.400000e+01   -1.048178e+00   -0.000000e+00   -0.000000e+00   2.424182e+02   1.042815e-05   7.257795e+00
3.410000e+01   -5.251309e-01   -0.000000e+00   -0.000000e+00   2.426931e+02   1.027153e-05   7.156900e+00
3.420000e+01   -2.787003e-01   -0.000000e+00   -0.000000e+00   2.429703e+02   1.011735e-05   7.057523e+00
3.430000e+01   -3.850195e-01   -0.000000e+00   -0.000000e+00   2.432496e+02   9.965570e-06   6.959638e+00
3.440000e+01   -6.941487e-01   -0.000000e+00   -0.000000e+00   2.435308e+02   9.816157e-06   6.863218e+00
3.450000e+01   -1.122056e+00   -0.000000e+00   -0.000000e+00   2.438140e+02   9.669071e-06   6.768241e+00
3.460000e+01   -1.591570e+00   -0.000000e+00   -0.000000e+00   2.440992e+02   9.524279e-06   6.674686e+00
3.470000e+01   -2.025519e+00   -0.000000e+00   -0.000000e+00   2.443864e+02   9.381746e-06   6.582532e+00
3.480000e+01   -2.406343e+00   -0.000000e+00   -0.000000e+00   2.446755e+02   9.241438e-06   6.491760e+00
3.490000e+01   -2.834466e+00   -0.000000e+00   -0.000000e+00   2.449668e+02   9.103320e-06   6.402349e+00
3.500000e+01   -3.253592e+00   -0.000000e+00   -0.000000e+00   2.452600e+02   8.967358e-06   6.314277e+00
3.510000e+01   -3.596629e+00   -0.000000e+00   -0.000000e+00   2.455554e+02   8.833518e-06   6.227526e+00
3.520000e+01   -3.796484e+00   -0.000000e+00   -0.000000e+00   2.458529e+02   8.701766e-06   6.142075e+00
3.530000e+01   -3.836572e+00   -0.000000e+00   -0.000000e+00   2.461526e+02   8.572067e-06   6.057903e+00
3.540000e+01   -3.847925e+00   -0.000000e+00   -0.000000e+00   2.464544e+02   8.444389e-06   5.974989e+00
3.550000e+01   -3.848083e+00   -0.000000e+00   -0.000000e+00   2.467584e+02   8.318697e-06   5.893314e+00
3.560000e+01   -3.843319e+00   -0.000000e+00   -0.000000e+00   2.470646e+02   8.194959e-06   5.812857e+00
3.570000e+01   -3.839905e+00   -0.000000e+00   -0.000000e+00   2.473731e+02   8.073139e-06   5.733598e+00
3.580000e+01   -3.920251e+00   -0.000000e+00   -0.000000e+00   2.476838e+02   7.953206e-06   5.655516e+00
3.590000e+01   -4.288957e+00   -0.000000e+00   -0.000000e+00   2.479969e+02   7.835126e-06   5.578592e+00
3.600000e+01   -4.803250e+00   -0.000000e+00   -0.000000e+00   2.483122e+02   7.718872e-06   5.502806e+00
3.610000e+01   -5.291188e+00   -0.000000e+00   -0.000000e+00   2.486297e+02   7.604417e-06   5.428144e+00
3.620000e+01   -5.580836e+00   -0.000000e+00   -0.000000e+00   2.489495e+02   7.491736e-06   5.354588e+00
3.630000e+01   -5.527289e+00   -0.000000e+00   -0.000000e+00   2.492714e+02   7.380804e-06   5.282122e+00
3.640000e+01   -5.185111e+00   -0.000000e+00   -0.000000e+00   2.495954e+02   7.271594e-06   5.210729e+00
3.650000e+01   -4.657577e+00   -0.000000e+00   -0.000000e+00   2.499214e+02   7.164082e-06   5.140394e+00
3.660000e+01   -4.043161e+00   -0.000000e+00   -0.000000e+00   2.502495e+02   7.058241e-06   5.071099e+00
3.670000e+01   -3.440335e+00   -0.000000e+00   -0.000000e+00   2.505796e+02   6.954047e-06   5.002829e+00
3.680000e+01   -2.893144e+00   -0.000000e+00   -0.000000e+00   2.509116e+02   6.851473e-06   4.935566e+00
3.690000e+01   -2.249927e+00   -0.000000e+00   -0.000000e+00   2.512455e+02   6.750493e-06   4.869295e+00
3.700000e+01   -1.583512e+00   -0.000000e+00   -0.000000e+00   2.515812e+02   6.651083e-06   4.803999e+00
3.710000e+01   -9.987565e-01   -0.000000e+00   -0.000000e+00   2.519188e+02   6.553215e-06   4.739662e+00
3.720000e+01   -6.005191e-01   -0.000000e+00   -0.000000e+00   2.522581e+02   6.456865e-06   4.676267e+00
3.730000e+01   -4.445501e-01   -0.000000e+00   -0.000000e+00   2.525992e+02   6.362008e-06   4.613797e+00
3.740000e+01   -3.369294e-01   -0.000000e+00   -0.000000e+00   2.529419e+02   6.268616e-06   4.552237e+00
3.750000e+01   -2.459175e-01   -0.000000e+00   -0.000000e+00   2.532863e+02   6.176667e-06   4.491571e+00
3.760000e+01   -1.733106e-01   -0.000000e+00   -0.000000e+00   2.536320e+02   6.086144e-06   4.431785e+00
3.770000e+01   -1.208522e-01   -0.000000e+00   -0.000000e+00   2.539788e+02   5.997032e-06   4.372867e+00
3.780000e+01   -1.438829e-01   -0.000000e+00   -0.000000e+00   2.543266e+02   5.909312e-06   4.314803e+00
3.790000e+01   -5.024546e-01   -0.000000e+00   -0.000000e+00   2.546749e+02   5.822968e-06   4.257581e+00
3.800000e+01   -1.090208e+00   -0.000000e+00   -0.000000e+00   2.550237e+02   5.737983e-06   4.201188e+00
3.810000e+01   -1.740157e+00   -0.000000e+00   -0.000000e+00   2.553725e+02   5.654340e-06   4.145610e+00
3.820000e+01   -2.285314e+00   -0.000000e+00   -0.000000e+00   2.557213e+02   5.572021e-06   4.090836e+00
3.830000e+01   -2.601979e+00   -0.000000e+00   -0.000000e+00   2.560698e+02   5.491007e-06   4.036851e+00
3.840000e+01   -2.871165e+00   -0.000000e+00   -0.000000e+00   2.564176e+02   5.411282e-06   3.983643e+00
3.850000e+01   -3.116058e+00   -0.000000e+00   -0.000000e+00   2.567646e+02   5.332827e-06   3.931199e+00
3.860000e+01   -3.309956e+00   -0.000000e+00   -0.000000e+00   2.571106e+02   5.255622e-06   3.879506e+00
3.870000e+01   -3.426161e+00   -0.000000e+00   -0.000000e+00   2.574552e+02   5.179651e-06   3.828551e+00
3.880000e+01   -3.426622e+00   -0.000000e+00   -0.000000e+00   2.577982e+02   5.104893e-06   3.778321e+00
3.890000e+01   -3.239565e+00   -0.000000e+00   -0.000000e+00   2.581394e+02   5.031330e-06   3.728804e+00
3.900000e+01   -2.943351e+00   -0.000000e+00   -0.000000e+00   2.584786e+02   4.958944e-06   3.679985e+00
3.910000e+01   -2.642738e+00   -0.000000e+00   -0.000000e+00   2.588154e+02   4.887715e-06   3.631854e+00
3.920000e+01   -2.442262e+00   -0.000000e+00   -0.000000e+00   2.591497e+02   4.817627e-06   3.584399e+00
3.930000e+01   -2.487089e+00   -0.000000e+00   -0.000000e+00   2.594812e+02   4.748667e-06   3.537611e+00
3.940000e+01   -3.116239e+00   -0.000000e+00   -0.000000e+00   2.598097e+02   4.680819e-06   3.491480e+00
3.950000e+01   -4.117249e+00   -0.000000e+00   -0.000000e+00   2.601349e+02   4.614068e-06   3.445998e+00
3.960000e+01   -5.159994e+00   -0.000000e+00   -0.000000e+00   2.604566e+02   4.548400e-06   3.401155e+00
3.970000e+01   -5.914351e+00   -0.000000e+00   -0.000000e+00   2.607746e+02   4.483799e-06   3.356941e+00
3.980000e+01   -6.024910e+00   -0.000000e+00   -0.000000e+00   2.610885e+02   4.420249e-06   3.313347e+00
3.990000e+01   -5.150895e+00   -0.000000e+00   -0.000000e+00   2.613982e+02   4.357737e-06   3.270363e+00
4.000000e+01   -3.680440e+00   -0.000000e+00   -0.000000e+00   2.617034e+02   4.296245e-06   3.227980e+00
4.010000e+01   -2.133985e+00   -0.000000e+00   -0.000000e+00   2.620039e+02   4.235760e-06   3.186189e+00
4.020000e+01   -1.031968e+00   -0.000000e+00   -0.000000e+00   2.622994e+02   4.176265e-06   3.144979e+00
4.030000e+01   -8.604936e-01   -0.000000e+00   -0.000000e+00   2.625898e+02   4.117745e-06   3.104342e+00
4.040000e+01   -1.456464e+00   -0.000000e+00   -0.000000e+00   2.628746e+02   4.060184e-06   3.064268e+00
4.050000e+01   -2.461753e+00   -0.000000e+00   -0.000000e+00   2.631538e+02   4.003568e-06   3.024748e+00
4.060000e+01   -3.596274e+00   -0.000000e+00   -0.000000e+00   2.634271e+02   3.947880e-06   2.985772e+00
4.070000e+01   -4.579939e+00   -0.000000e+00   -0.000000e+00   2.636941e+02   3.893105e-06   2.947331e+00
4.080000e+01   -5.162004e+00   -0.000000e+00   -0.000000e+00   2.639549e+02   3.839226e-06   2.909415e+00
4.090000e+01   -5.595203e+00   -0.000000e+00   -0.000000e+00   2.642095e+02   3.786225e-06   2.872018e+00
4.100000e+01   -5.988591e+00   -0.000000e+00   -0.000000e+00   2.644582e+02   3.734082e-06   2.835132e+00
4.110000e+01   -6.312119e+00   -0.000000e+00   -0.000000e+00   2.647014e+02   3.682778e-06   2.798750e+00
4.120000e+01   -6.535733e+00   -0.000000e+00   -0.000000e+00   2.649392e+02   3.632295e-06   2.762866e+00
4.130000e+01   -6.591770e+00   -0.000000e+00   -0.000000e+00   2.651720e+02   3.582614e-06   2.727471e+00
4.140000e+01   -5.828223e+00   -0.000000e+00   -0.000000e+00   2.654001e+02   3.533719e-06   2.692560e+00
4.150000e+01   -4.318109e+00   -0.000000e+00   -0.000000e+00   2.656236e+02   3.485590e-06   2.658124e+00
4.160000e+01   -2.457038e+00   -0.000000e+00   -0.000000e+00   2.658429e+02   3.438211e-06   2.624158e+00
4.170000e+01   -6.406192e-01   -0.000000e+00   -0.000000e+00   2.660582e+02   3.391566e-06   2.590653e+00
4.180000e+01   7.649552e-01   -0.000000e+00   -0.000000e+00   2.662698e+02   3.345638e-06   2.557604e+00
4.190000e+01   2.139784e+00   -0.000000e+00   -0.000000e+00   2.664780e+02   3.300411e-06   2.525002e+00
4.200000e+01   3.555568e+00   -0.000000e+00   -0.000000e+00   2.666831e+02   3.255868e-06   2.492841e+00
4.210000e+01   4.782682e+00   -0.000000e+00   -0.000000e+00   2.668853e+02   3.211994e-06   2.461114e+00
4.220000e+01   5.591499e+00   -0.000000e+00   -0.000000e+00   2.670849e+02   3.168775e-06   2.429814e+00
4.230000e+01   5.739942e+00   -0.000000e+00   -0.000000e+00   2.672821e+02   3.126194e-06   2.398933e+00
4.240000e+01   4.772308e+00   -0.000000e+00   -0.000000e+00   2.674773e+02   3.084237e-06   2.368466e+00
4.250000e+01   2.947878e+00   -0.000000e+00   -0.000000e+00   2.676707e+02   3.042889e-06   2.338403e+00
4.260000e+01   8.075614e-01   -0.000000e+00   -0.000000e+00   2.678625e+02   3.002140e-06   2.308741e+00
4.270000e+01   -1.107504e+00   -0.000000e+00   -0.000000e+00   2.680526e+02   2.961979e-06   2.279472e+00
4.280000e+01   -2.273350e+00   -0.000000e+00   -0.000000e+00   2.682411e+02   2.922397e-06   2.250593e+00
4.290000e+01   -3.049462e+00   -0.000000e+00   -0.000000e+00   2.684281e+02   2.883387e-06   2.222098e+00
4.300000e+01   -3.754277e+00   -0.000000e+00   -0.000000e+00   2.686135e+02   2.844938e-06   2.193982e+00
4.310000e+01   -4.333010e+00   -0.000000e+00   -0.000000e+00   2.687973e+02   2.807044e-06   2.166239e+00
4.320000e+01   -4.730876e+00   -0.000000e+00   -0.000000e+00   2.689796e+02   2.769694e-06   2.138865e+00
4.330000e+01   -4.890053e+00   -0.000000e+00   -0.000000e+00   2.691604e+02   2.732881e-06   2.111855e+00
4.340000e+01   -4.611072e+00   -0.000000e+00   -0.000000e+00   2.693396e+02   2.696595e-06   2.085203e+00
4.350000e+01   -3.979438e+00   -0.000000e+00   -0.000000e+00   2.695174e+02   2.660828e-06   2.058904e+00
4.360000e+01   -3.247488e+00   -0.000000e+00   -0.000000e+00   2.696938e+02   2.625573e-06   2.032953e+00
4.370000e+01   -2.667559e+00   -0.000000e+00   -0.000000e+00   2.698687e+02   2.590820e-06   2.007345e+00
4.380000e+01   -2.492762e+00   -0.000000e+00   -0.000000e+00   2.700422e+02   2.556561e-06   1.982075e+00
4.390000e+01   -2.951448e+00   -0.000000e+00   -0.000000e+00   2.702143e+02   2.522788e-06   1.957137e+00
4.400000e+01   -3.863713e+00   -0.000000e+00   -0.000000e+00   2.703850e+02   2.489492e-06   1.932527e+00
4.410000e+01   -4.909649e+00   -0.000000e+00   -0.000000e+00   2.705543e+02   2.456666e-06   1.908239e+00
4.420000e+01   -5.769347e+00   -0.000000e+00   -0.000000e+00   2.707222e+02   2.424301e-06   1.884269e+00
4.430000e+01   -6.124678e+00   -0.000000e+00   -0.000000e+00   2.708889e+02   2.392389e-06   1.860610e+00
4.440000e+01   -6.165982e+00   -0.000000e+00   -0.000000e+00   2.710541e+02   2.360924e-06   1.837259e+00
4.450000e+01   -6.195246e+00   -0.000000e+00   -0.000000e+00   2.712178e+02   2.329900e-06   1.814211e+00
4.460000e+01   -6.212718e+00   -0.000000e+00   -0.000000e+00   2.713796e+02   2.299314e-06   1.791463e+00
4.470000e+01   -6.218645e+00   -0.000000e+00   -0.000000e+00   2.715395e+02   2.269160e-06   1.769011e+00
4.480000e+01   -6.213026e+00   -0.000000e+00   -0.000000e+00   2.716972e+02   2.239434e-06   1.746851e+00
4.490000e+01   -5.990098e+00   -0.000000e+00   -0.000000e+00   2.718525e+02   2.210132e-06   1.724979e+00
4.500000e+01   -5.494124e+00   -0.000000e+00   -0.000000e+00   2.720052e+02   2.181248e-06   1.703392e+00
4.510000e+01   -4.906828e+00   -0.000000e+00   -0.000000e+00   2.721551e+02   2.152779e-06   1.682086e+00
4.520000e+01   -4.409936e+00   -0.000000e+00   -0.000000e+00   2.723020e+02   2.124718e-06   1.661057e+00
4.530000e+01   -4.185174e+00   -0.000000e+00   -0.000000e+00   2.724457e+02   2.097062e-06   1.640301e+00
4.540000e+01   -4.371189e+00   -0.000000e+00   -0.000000e+00   2.725860e+02   2.069805e-06   1.619815e+00
4.550000e+01   -4.891554e+00   -0.000000e+00   -0.000000e+00   2.727227e+02   2.042942e-06   1.599594e+00
4.560000e+01   -5.605378e+00   -0.000000e+00   -0.000000e+00   2.728556e+02   2.016469e-06   1.579635e+00
4.570000e+01   -6.371774e+00   -0.000000e+00   -0.000000e+00   2.729845e+02   1.990380e-06   1.559934e+00
4.580000e+01   -7.049850e+00   -0.000000e+00   -0.000000e+00   2.731092e+02   1.964670e-06   1.540488e+00
4.590000e+01   -7.725719e+00   -0.000000e+00   -0.000000e+00   2.732295e+02   1.939334e-06   1.521292e+00
4.600000e+01   -8.511558e+00   -0.000000e+00   -0.000000e+00   2.733452e+02   1.914368e-06   1.502343e+00
4.610000e+01   -9.258193e+00   -0.000000e+00   -0.000000e+00   2.734560e+02   1.889765e-06   1.483637e+00
4.620000e+01   -9.816175e+00   -0.000000e+00   -0.000000e+00   2.735619e+02   1.865521e-06   1.465170e+00
4.630000e+01   -1.003600e+01   -0.000000e+00   -0.000000e+00   2.736626e+02   1.841630e-06   1.446939e+00
4.640000e+01   -9.744735e+00   -0.000000e+00   -0.000000e+00   2.737583e+02   1.818088e-06   1.428941e+00
4.650000e+01   -8.972521e+00   -0.000000e+00   -0.000000e+00   2.738488e+02   1.794887e-06   1.411173e+00
4.660000e+01   -7.906386e+00   -0.000000e+00   -0.000000e+00   2.739341e+02   1.772024e-06   1.393632e+00
4.670000e+01   -6.733724e+00   -0.000000e+00   -0.000000e+00   2.740142e+02   1.749493e-06   1.376315e+00
4.680000e+01   -5.641931e+00   -0.000000e+00   -0.000000e+00   2.740892e+02   1.727289e-06   1.359218e+00
4.690000e+01   -4.649548e+00   -0.000000e+00   -0.000000e+00   2.741590e+02   1.705406e-06   1.342340e+00
4.700000e+01   -3.603413e+00   -0.000000e+00   -0.000000e+00   2.742236e+02   1.683838e-06   1.325676e+00
4.710000e+01   -2.531898e+00   -0.000000e+00   -0.000000e+00   2.742829e+02   1.662582e-06   1.309225e+00
4.720000e+01   -1.465203e+00   -0.000000e+00   -0.000000e+00   2.743370e+02   1.641632e-06   1.292982e+00
4.730000e+01   -4.335233e-01   -0.000000e+00   -0.000000e+00   2.743858e+02   1.620983e-06   1.276946e+00
4.740000e+01   6.699276e-01   -0.000000e+00   -0.000000e+00   2.744294e+02   1.600629e-06   1.261112e+00
4.750000e+01   1.929299e+00   -0.000000e+00   -0.000000e+00   2.744677e+02   1.580566e-06   1.245478e+00
4.760000e+01   3.128476e+00   -0.000000e+00   -0.000000e+00   2.745007e+02   1.560789e-06   1.230042e+00
4.770000e+01   4.047540e+00   -0.000000e+00   -0.000000e+00   2.745283e+02   1.541292e-06   1.214799e+00
4.780000e+01   4.466573e+00   -0.000000e+00   -0.000000e+00   2.745507e+02   1.522071e-06   1.199747e+00
4.790000e+01   3.942398e+00   -0.000000e+00   -0.000000e+00   2.745676e+02   1.503121e-06   1.184884e+00
4.800000e+01   2.300843e+00   -0.000000e+00   -0.000000e+00   2.745793e+02   1.484438e-06   1.170205e+00
4.810000e+01   1.242658e-01   -0.000000e+00   -0.000000e+00   2.745855e+02   1.466015e-06   1.155709e+00
4.820000e+01   -1.991960e+00   -0.000000e+00   -0.000000e+00   2.745864e+02   1.447849e-06   1.141391e+00
4.830000e+01   -3.451918e+00   -0.000000e+00   -0.000000e+00   2.745822e+02   1.429934e-06   1.127251e+00
4.840000e+01   -4.137568e+00   -0.000000e+00   -0.000000e+00   2.745729e+02   1.412267e-06   1.113286e+00
4.850000e+01   -4.741195e+00   -0.000000e+00   -0.000000e+00   2.745587e+02   1.394842e-06   1.099494e+00
4.860000e+01   -5.253211e+00   -0.000000e+00   -0.000000e+00   2.745399e+02   1.377656e-06   1.085872e+00
4.870000e+01   -5.637893e+00   -0.000000e+00   -0.000000e+00   2.745164e+02   1.360703e-06   1.072418e+00
4.880000e+01   -5.859515e+00   -0.000000e+00   -0.000000e+00   2.744886e+02   1.343980e-06   1.059131e+00
4.890000e+01   -5.923464e+00   -0.000000e+00   -0.000000e+00   2.744566e+02   1.327483e-06   1.046008e+00
4.900000e+01   -5.925384e+00   -0.000000e+00   -0.000000e+00   2.744204e+02   1.311206e-06   1.033046e+00
4.910000e+01   -5.902705e+00   -0.000000e+00   -0.000000e+00   2.743803e+02   1.295146e-06   1.020244e+00
4.920000e+01   -5.889687e+00   -0.000000e+00   -0.000000e+00   2.743365e+02   1.279299e-06   1.007600e+00
4.930000e+01   -5.920587e+00   -0.000000e+00   -0.000000e+00   2.742891e+02   1.263661e-06   9.951108e-01
4.940000e+01   -6.054304e+00   -0.000000e+00   -0.000000e+00   2.742382e+02   1.248228e-06   9.827748e-01
4.950000e+01   -6.353878e+00   -0.000000e+00   -0.000000e+00   2.741840e+02   1.232995e-06   9.705898e-01
4.960000e+01   -6.787844e+00   -0.000000e+00   -0.000000e+00   2.741266e+02   1.217959e-06   9.585535e-01
4.970000e+01   -7.320654e+00   -0.000000e+00   -0.000000e+00   2.740663e+02   1.203117e-06   9.466638e-01
4.980000e+01   -7.916759e+00   -0.000000e+00   -0.000000e+00   2.740032e+02   1.188463e-06   9.349185e-01
4.990000e+01   -8.778541e+00   -0.000000e+00   -0.000000e+00   2.739374e+02   1.173995e-06   9.233153e-01
5.000000e+01   -1.034646e+01   -0.000000e+00   -0.000000e+00   2.738691e+02   1.159709e-06   9.118522e-01
5.010000e+01   -1.219208e+01   -0.000000e+00   -0.000000e+00   2.737984e+02   1.145601e-06   9.005270e-01
5.020000e+01   -1.383719e+01   -0.000000e+00   -0.000000e+00   2.737253e+02   1.131669e-06   8.893378e-01
5.030000e+01   -1.480398e+01   -0.000000e+00   -0.000000e+00   2.736497e+02   1.117911e-06   8.782832e-01
5.040000e+01   -1.448477e+01   -0.000000e+00   -0.000000e+00   2.735713e+02   1.104326e-06   8.673619e-01
5.050000e+01   -1.260511e+01   -0.000000e+00   -0.000000e+00   2.734901e+02   1.090913e-06   8.565721e-01
5.060000e+01   -9.980858e+00   -0.000000e+00   -0.000000e+00   2.734059e+02   1.077669e-06   8.459127e-01
5.070000e+01   -7.485401e+00   -0.000000e+00   -0.000000e+00   2.733184e+02   1.064593e-06   8.353819e-01
5.080000e+01   -5.992112e+00   -0.000000e+00   -0.000000e+00   2.732277e+02   1.051685e-06   8.249785e-01
5.090000e+01   -5.909045e+00   -0.000000e+00   -0.000000e+00   2.731333e+02   1.038941e-06   8.147008e-01
5.100000e+01   -6.017188e+00   -0.000000e+00   -0.000000e+00   2.730353e+02   1.026362e-06   8.045475e-01
5.110000e+01   -6.168751e+00   -0.000000e+00   -0.000000e+00   2.729335e+02   1.013944e-06   7.945171e-01
5.120000e+01   -6.352082e+00   -0.000000e+00   -0.000000e+00   2.728277e+02   1.001687e-06   7.846081e-01
5.130000e+01   -6.555528e+00   -0.000000e+00   -0.000000e+00   2.727177e+02   9.895886e-07   7.748191e-01
5.140000e+01   -6.814996e+00   -0.000000e+00   -0.000000e+00   2.726033e+02   9.776473e-07   7.651485e-01
5.150000e+01   -7.264736e+00   -0.000000e+00   -0.000000e+00   2.724845e+02   9.658615e-07   7.555949e-01
5.160000e+01   -7.801024e+00   -0.000000e+00   -0.000000e+00   2.723610e+02   9.542295e-07   7.461569e-01
5.170000e+01   -8.295900e+00   -0.000000e+00   -0.000000e+00   2.722327e+02   9.427496e-07   7.368330e-01
5.180000e+01   -8.621400e+00   -0.000000e+00   -0.000000e+00   2.720995e+02   9.314200e-07   7.276217e-01
5.190000e+01   -8.579063e+00   -0.000000e+00   -0.000000e+00   2.719611e+02   9.202390e-07   7.185215e-01
5.200000e+01   -7.901477e+00   -0.000000e+00   -0.000000e+00   2.718174e+02   9.092049e-07   7.095310e-01
5.210000e+01   -6.864473e+00   -0.000000e+00   -0.000000e+00   2.716682e+02   8.983160e-07   7.006487e-01
5.220000e+01   -5.799219e+00   -0.000000e+00   -0.000000e+00   2.715135e+02   8.875704e-07   6.918733e-01
5.230000e+01   -5.036675e+00   -0.000000e+00   -0.000000e+00   2.713531e+02   8.769666e-07   6.832036e-01
5.240000e+01   -4.791481e+00   -0.000000e+00   -0.000000e+00   2.711868e+02   8.665029e-07   6.746383e-01
5.250000e+01   -4.656454e+00   -0.000000e+00   -0.000000e+00   2.710147e+02   8.561777e-07   6.661762e-01
5.260000e+01   -4.564484e+00   -0.000000e+00   -0.000000e+00   2.708366e+02   8.459893e-07   6.578162e-01
5.270000e+01   -4.525879e+00   -0.000000e+00   -0.000000e+00   2.706524e+02   8.359360e-07   6.495568e-01
5.280000e+01   -4.550945e+00   -0.000000e+00   -0.000000e+00   2.704619e+02   8.260161e-07   6.413971e-01
5.290000e+01   -4.782370e+00   -0.000000e+00   -0.000000e+00   2.702652e+02   8.162280e-07   6.333356e-01
5.300000e+01   -5.839590e+00   -0.000000e+00   -0.000000e+00   2.700620e+02   8.065701e-07   6.253713e-01
5.310000e+01   -7.392133e+00   -0.000000e+00   -0.000000e+00   2.698523e+02   7.970407e-07   6.175028e-01
5.320000e+01   -8.956578e+00   -0.000000e+00   -0.000000e+00   2.696360e+02   7.876380e-07   6.097290e-01
5.330000e+01   -1.004950e+01   -0.000000e+00   -0.000000e+00   2.694129e+02   7.783604e-07   6.020485e-01
5.340000e+01   -1.022214e+01   -0.000000e+00   -0.000000e+00   2.691830e+02   7.692063e-07   5.944603e-01
5.350000e+01   -9.528150e+00   -0.000000e+00   -0.000000e+00   2.689462e+02   7.601740e-07   5.869631e-01
5.360000e+01   -8.323076e+00   -0.000000e+00   -0.000000e+00   2.687023e+02   7.512618e-07   5.795556e-01
5.370000e+01   -6.956689e+00   -0.000000e+00   -0.000000e+00   2.684513e+02   7.424680e-07   5.722366e-01
5.380000e+01   -5.778764e+00   -0.000000e+00   -0.000000e+00   2.681931e+02   7.337909e-07   5.650050e-01
5.390000e+01   -5.059690e+00   -0.000000e+00   -0.000000e+00   2.679275e+02   7.252289e-07   5.578594e-01
5.400000e+01   -4.429325e+00   -0.000000e+00   -0.000000e+00   2.676544e+02   7.167803e-07   5.507986e-01
5.410000e+01   -3.854162e+00   -0.000000e+00   -0.000000e+00   2.673738e+02   7.084435e-07   5.438215e-01
5.420000e+01   -3.422375e+00   -0.000000e+00   -0.000000e+00   2.670858e+02   7.002161e-07   5.369269e-01
5.430000e+01   -3.222046e+00   -0.000000e+00   -0.000000e+00   2.667908e+02   6.920955e-07   5.301140e-01
5.440000e+01   -3.406417e+00   -0.000000e+00   -0.000000e+00   2.664895e+02   6.840788e-07   5.233818e-01
5.450000e+01   -4.508628e+00   -0.000000e+00   -0.000000e+00   2.661823e+02   6.761633e-07   5.167294e-01
5.460000e+01   -6.309395e+00   -0.000000e+00   -0.000000e+00   2.658698e+02   6.683462e-07   5.101559e-01
5.470000e+01   -8.413815e+00   -0.000000e+00   -0.000000e+00   2.655526e+02   6.606250e-07   5.036605e-01
5.480000e+01   -1.042699e+01   -0.000000e+00   -0.000000e+00   2.652310e+02   6.529972e-07   4.972422e-01
5.490000e+01   -1.199955e+01   -0.000000e+00   -0.000000e+00   2.649058e+02   6.454601e-07   4.909001e-01
5.500000e+01   -1.336547e+01   -0.000000e+00   -0.000000e+00   2.645773e+02   6.380114e-07   4.846334e-01
5.510000e+01   -1.466425e+01   -0.000000e+00   -0.000000e+00   2.642462e+02   6.306487e-07   4.784412e-01
5.520000e+01   -1.592808e+01   -0.000000e+00   -0.000000e+00   2.639129e+02   6.233696e-07   4.723225e-01
5.530000e+01   -1.718917e+01   -0.000000e+00   -0.000000e+00   2.635780e+02   6.161719e-07   4.662765e-01
5.540000e+01   -1.849937e+01   -0.000000e+00   -0.000000e+00   2.632421e+02   6.090534e-07   4.603022e-01
5.550000e+01   -2.005874e+01   -0.000000e+00   -0.000000e+00   2.629056e+02   6.020118e-07   4.543987e-01
5.560000e+01   -2.170486e+01   -0.000000e+00   -0.000000e+00   2.625691e+02   5.950449e-07   4.485653e-01
5.570000e+01   -2.317493e+01   -0.000000e+00   -0.000000e+00   2.622331e+02   5.881508e-07   4.428009e-01
5.580000e+01   -2.420613e+01   -0.000000e+00   -0.000000e+00   2.618981e+02   5.813274e-07   4.371047e-01
5.590000e+01   -2.455254e+01   -0.000000e+00   -0.000000e+00   2.615647e+02   5.745726e-07   4.314757e-01
5.600000e+01   -2.435249e+01   -0.000000e+00   -0.000000e+00   2.612334e+02   5.678844e-07   4.259132e-01
5.610000e+01   -2.387425e+01   -0.000000e+00   -0.000000e+00   2.609048e+02   5.612611e-07   4.204161e-01
5.620000e+01   -2.333322e+01   -0.000000e+00   -0.000000e+00   2.605791e+02   5.547011e-07   4.149836e-01
5.630000e+01   -2.294483e+01   -0.000000e+00   -0.000000e+00   2.602560e+02   5.482048e-07   4.096151e-01
5.640000e+01   -2.290655e+01   -0.000000e+00   -0.000000e+00   2.599349e+02   5.417730e-07   4.043098e-01
5.650000e+01   -2.301939e+01   -0.000000e+00   -0.000000e+00   2.596152e+02   5.354063e-07   3.990671e-01
5.660000e+01   -2.315123e+01   -0.000000e+00   -0.000000e+00   2.592963e+02   5.291055e-07   3.938864e-01
5.670000e+01   -2.328531e+01   -0.000000e+00   -0.000000e+00   2.589777e+02   5.228711e-07   3.887669e-01
5.680000e+01   -2.340489e+01   -0.000000e+00   -0.000000e+00   2.586587e+02   5.167037e-07   3.837081e-01
5.690000e+01   -2.348537e+01   -0.000000e+00   -0.000000e+00   2.583387e+02   5.106038e-07   3.787093e-01
5.700000e+01   -2.333913e+01   -0.000000e+00   -0.000000e+00   2.580173e+02   5.045717e-07   3.737697e-01
5.710000e+01   -2.295393e+01   -0.000000e+00   -0.000000e+00   2.576938e+02   4.986080e-07   3.688888e-01
5.720000e+01   -2.241207e+01   -0.000000e+00   -0.000000e+00   2.573676e+02   4.927129e-07   3.640659e-01
5.730000e+01   -2.179586e+01   -0.000000e+00   -0.000000e+00   2.570381e+02   4.868866e-07   3.593004e-01
5.740000e+01   -2.118197e+01   -0.000000e+00   -0.000000e+00   2.567047e+02   4.811296e-07   3.545915e-01
5.750000e+01   -2.046113e+01   -0.000000e+00   -0.000000e+00   2.563669e+02   4.754419e-07   3.499386e-01
5.760000e+01   -1.960309e+01   -0.000000e+00   -0.000000e+00   2.560241e+02   4.698237e-07   3.453410e-01
5.770000e+01   -1.866482e+01   -0.000000e+00   -0.000000e+00   2.556757e+02   4.642752e-07   3.407982e-01
5.780000e+01   -1.770331e+01   -0.000000e+00   -0.000000e+00   2.553211e+02   4.587963e-07   3.363094e-01
5.790000e+01   -1.677045e+01   -0.000000e+00   -0.000000e+00   2.549597e+02   4.533872e-07   3.318739e-01
5.800000e+01   -1.571305e+01   -0.000000e+00   -0.000000e+00   2.545910e+02   4.480478e-07   3.274912e-01
5.810000e+01   -1.455597e+01   -0.000000e+00   -0.000000e+00   2.542142e+02   4.427781e-07   3.231605e-01
5.820000e+01   -1.346401e+01   -0.000000e+00   -0.000000e+00   2.538291e+02   4.375778e-07   3.188813e-01
5.830000e+01   -1.260224e+01   -0.000000e+00   -0.000000e+00   2.534357e+02   4.324457e-07   3.146528e-01
5.840000e+01   -1.213204e+01   -0.000000e+00   -0.000000e+00   2.530347e+02   4.273796e-07   3.104747e-01
5.850000e+01   -1.191332e+01   -0.000000e+00   -0.000000e+00   2.526268e+02   4.223777e-07   3.063464e-01
5.860000e+01   -1.177348e+01   -0.000000e+00   -0.000000e+00   2.522127e+02   4.174379e-07   3.022673e-01
5.870000e+01   -1.167414e+01   -0.000000e+00   -0.000000e+00   2.517931e+02   4.125584e-07   2.982370e-01
5.880000e+01   -1.157689e+01   -0.000000e+00   -0.000000e+00   2.513686e+02   4.077372e-07   2.942549e-01
5.890000e+01   -1.144315e+01   -0.000000e+00   -0.000000e+00   2.509400e+02   4.029727e-07   2.903205e-01
5.900000e+01   -1.123073e+01   -0.000000e+00   -0.000000e+00   2.505078e+02   3.982630e-07   2.864333e-01
5.910000e+01   -1.097433e+01   -0.000000e+00   -0.000000e+00   2.500729e+02   3.936064e-07   2.825928e-01
5.920000e+01   -1.073969e+01   -0.000000e+00   -0.000000e+00   2.496359e+02   3.890013e-07   2.787985e-01
5.930000e+01   -1.059255e+01   -0.000000e+00   -0.000000e+00   2.491974e+02   3.844461e-07   2.750498e-01
5.940000e+01   -1.060122e+01   -0.000000e+00   -0.000000e+00   2.487582e+02   3.799391e-07   2.713461e-01
5.950000e+01   -1.136333e+01   -0.000000e+00   -0.000000e+00   2.483188e+02   3.754788e-07   2.676871e-01
5.960000e+01   -1.292146e+01   -0.000000e+00   -0.000000e+00   2.478801e+02   3.710638e-07   2.640722e-01
5.970000e+01   -1.472657e+01   -0.000000e+00   -0.000000e+00   2.474427e+02   3.666925e-07   2.605008e-01
5.980000e+01   -1.622962e+01   -0.000000e+00   -0.000000e+00   2.470073e+02   3.623634e-07   2.569724e-01
5.990000e+01   -1.688194e+01   -0.000000e+00   -0.000000e+00   2.465745e+02   3.580754e-07   2.534866e-01
6.000000e+01   -1.660679e+01   -0.000000e+00   -0.000000e+00   2.461451e+02   3.538268e-07   2.500427e-01
6.010000e+01   -1.578860e+01   -0.000000e+00   -0.000000e+00   2.457196e+02   3.496165e-07   2.466403e-01
6.020000e+01   -1.463239e+01   -0.000000e+00   -0.000000e+00   2.452989e+02   3.454431e-07   2.432789e-01
6.030000e+01   -1.334304e+01   -0.000000e+00   -0.000000e+00   2.448829e+02   3.413063e-07   2.399580e-01
6.040000e+01   -1.212521e+01   -0.000000e+00   -0.000000e+00   2.444714e+02   3.372065e-07   2.366772e-01
6.050000e+01   -1.069541e+01   -0.000000e+00   -0.000000e+00   2.440639e+02   3.331439e-07   2.334360e-01
6.060000e+01   -8.900075e+00   -0.000000e+00   -0.000000e+00   2.436600e+02   3.291191e-07   2.302341e-01
6.070000e+01   -7.138789e+00   -0.000000e+00   -0.000000e+00   2.432593e+02   3.251323e-07   2.270711e-01
6.080000e+01   -5.811141e+00   -0.000000e+00   -0.000000e+00   2.428614e+02   3.211838e-07   2.239466e-01
6.090000e+01   -5.316720e+00   -0.000000e+00   -0.000000e+00   2.424659e+02   3.172740e-07   2.208602e-01
6.100000e+01   -5.799766e+00   -0.000000e+00   -0.000000e+00   2.420723e+02   3.134031e-07   2.178114e-01
6.110000e+01   -6.929001e+00   -0.000000e+00   -0.000000e+00   2.416803e+02   3.095712e-07   2.147999e-01
6.120000e+01   -8.421275e+00   -0.000000e+00   -0.000000e+00   2.412894e+02   3.057788e-07   2.118253e-01
6.130000e+01   -9.993617e+00   -0.000000e+00   -0.000000e+00   2.408992e+02   3.020258e-07   2.088872e-01
6.140000e+01   -1.136305e+01   -0.000000e+00   -0.000000e+00   2.405093e+02   2.983125e-07   2.059851e-01
6.150000e+01   -1.249637e+01   -0.000000e+00   -0.000000e+00   2.401194e+02   2.946389e-07   2.031186e-01
6.160000e+01   -1.360592e+01   -0.000000e+00   -0.000000e+00   2.397289e+02   2.910053e-07   2.002874e-01
6.170000e+01   -1.468741e+01   -0.000000e+00   -0.000000e+00   2.393375e+02   2.874116e-07   1.974911e-01
6.180000e+01   -1.573549e+01   -0.000000e+00   -0.000000e+00   2.389448e+02   2.838580e-07   1.947292e-01
6.190000e+01   -1.674481e+01   -0.000000e+00   -0.000000e+00   2.385503e+02   2.803444e-07   1.920013e-01
6.200000e+01   -1.774469e+01   -0.000000e+00   -0.000000e+00   2.381537e+02   2.768709e-07   1.893071e-01
6.210000e+01   -1.875306e+01   -0.000000e+00   -0.000000e+00   2.377545e+02   2.734374e-07   1.866462e-01
6.220000e+01   -1.971977e+01   -0.000000e+00   -0.000000e+00   2.373524e+02   2.700440e-07   1.840181e-01
6.230000e+01   -2.059375e+01   -0.000000e+00   -0.000000e+00   2.369469e+02   2.666905e-07   1.814224e-01
6.240000e+01   -2.132366e+01   -0.000000e+00   -0.000000e+00   2.365378e+02   2.633768e-07   1.788589e-01
6.250000e+01   -2.194924e+01   -0.000000e+00   -0.000000e+00   2.361249e+02   2.601027e-07   1.763271e-01
6.260000e+01   -2.256258e+01   -0.000000e+00   -0.000000e+00   2.357079e+02   2.568681e-07   1.738268e-01
6.270000e+01   -2.310432e+01   -0.000000e+00   -0.000000e+00   2.352866e+02   2.536728e-07   1.713576e-01
6.280000e+01   -2.351290e+01   -0.000000e+00   -0.000000e+00   2.348606e+02   2.505165e-07   1.689191e-01
6.290000e+01   -2.372674e+01   -0.000000e+00   -0.000000e+00   2.344296e+02   2.473991e-07   1.665110e-01
6.300000e+01   -2.370348e+01   -0.000000e+00   -0.000000e+00   2.339936e+02   2.443204e-07   1.641330e-01
6.310000e+01   -2.347411e+01   -0.000000e+00   -0.000000e+00   2.335521e+02   2.412801e-07   1.617848e-01
6.320000e+01   -2.307947e+01   -0.000000e+00   -0.000000e+00   2.331048e+02   2.382781e-07   1.594659e-01
6.330000e+01   -2.256009e+01   -0.000000e+00   -0.000000e+00   2.326517e+02   2.353140e-07   1.571760e-01
6.340000e+01   -2.195653e+01   -0.000000e+00   -0.000000e+00   2.321923e+02   2.323876e-07   1.549148e-01
6.350000e+01   -2.098811e+01   -0.000000e+00   -0.000000e+00   2.317264e+02   2.294986e-07   1.526820e-01
6.360000e+01   -1.926931e+01   -0.000000e+00   -0.000000e+00   2.312537e+02   2.266468e-07   1.504772e-01
6.370000e+01   -1.725546e+01   -0.000000e+00   -0.000000e+00   2.307741e+02   2.238318e-07   1.483000e-01
6.380000e+01   -1.542488e+01   -0.000000e+00   -0.000000e+00   2.302871e+02   2.210535e-07   1.461502e-01
6.390000e+01   -1.425592e+01   -0.000000e+00   -0.000000e+00   2.297926e+02   2.183114e-07   1.440273e-01
6.400000e+01   -1.383098e+01   -0.000000e+00   -0.000000e+00   2.292903e+02   2.156054e-07   1.419311e-01
6.410000e+01   -1.346951e+01   -0.000000e+00   -0.000000e+00   2.287799e+02   2.129350e-07   1.398612e-01
6.420000e+01   -1.314822e+01   -0.000000e+00   -0.000000e+00   2.282612e+02   2.102998e-07   1.378172e-01
6.430000e+01   -1.287874e+01   -0.000000e+00   -0.000000e+00   2.277348e+02   2.076991e-07   1.357989e-01
6.440000e+01   -1.267364e+01   -0.000000e+00   -0.000000e+00   2.272012e+02   2.051319e-07   1.338062e-01
6.450000e+01   -1.273568e+01   -0.000000e+00   -0.000000e+00   2.266612e+02   2.025973e-07   1.318388e-01
6.460000e+01   -1.341421e+01   -0.000000e+00   -0.000000e+00   2.261155e+02   2.000943e-07   1.298965e-01
6.470000e+01   -1.444082e+01   -0.000000e+00   -0.000000e+00   2.255647e+02   1.976221e-07   1.279791e-01
6.480000e+01   -1.551825e+01   -0.000000e+00   -0.000000e+00   2.250094e+02   1.951799e-07   1.260864e-01
6.490000e+01   -1.634926e+01   -0.000000e+00   -0.000000e+00   2.244505e+02   1.927669e-07   1.242182e-01
6.500000e+01   -1.676419e+01   -0.000000e+00   -0.000000e+00   2.238885e+02   1.903822e-07   1.223744e-01
6.510000e+01   -1.702216e+01   -0.000000e+00   -0.000000e+00   2.233241e+02   1.880250e-07   1.205546e-01
6.520000e+01   -1.723103e+01   -0.000000e+00   -0.000000e+00   2.227581e+02   1.856947e-07   1.187587e-01
6.530000e+01   -1.748106e+01   -0.000000e+00   -0.000000e+00   2.221910e+02   1.833905e-07   1.169865e-01
6.540000e+01   -1.786249e+01   -0.000000e+00   -0.000000e+00   2.216236e+02   1.811117e-07   1.152378e-01
6.550000e+01   -1.848538e+01   -0.000000e+00   -0.000000e+00   2.210565e+02   1.788576e-07   1.135123e-01
6.560000e+01   -1.943446e+01   -0.000000e+00   -0.000000e+00   2.204905e+02   1.766275e-07   1.118100e-01
6.570000e+01   -2.065679e+01   -0.000000e+00   -0.000000e+00   2.199261e+02   1.744208e-07   1.101305e-01
6.580000e+01   -2.209170e+01   -0.000000e+00   -0.000000e+00   2.193642e+02   1.722369e-07   1.084737e-01
6.590000e+01   -2.367851e+01   -0.000000e+00   -0.000000e+00   2.188053e+02   1.700752e-07   1.068393e-01
6.600000e+01   -2.551839e+01   -0.000000e+00   -0.000000e+00   2.182501e+02   1.679351e-07   1.052272e-01
6.610000e+01   -2.799390e+01   -0.000000e+00   -0.000000e+00   2.176992e+02   1.658160e-07   1.036372e-01
6.620000e+01   -3.077017e+01   -0.000000e+00   -0.000000e+00   2.171529e+02   1.637177e-07   1.020690e-01
6.630000e+01   -3.344707e+01   -0.000000e+00   -0.000000e+00   2.166109e+02   1.616403e-07   1.005223e-01
6.640000e+01   -3.562438e+01   -0.000000e+00   -0.000000e+00   2.160726e+02   1.595839e-07   9.899681e-02
6.650000e+01   -3.706976e+01   -0.000000e+00   -0.000000e+00   2.155380e+02   1.575484e-07   9.749229e-02
6.660000e+01   -3.826394e+01   -0.000000e+00   -0.000000e+00   2.150066e+02   1.555340e-07   9.600843e-02
6.670000e+01   -3.931632e+01   -0.000000e+00   -0.000000e+00   2.144781e+02   1.535405e-07   9.454495e-02
6.680000e+01   -4.027362e+01   -0.000000e+00   -0.000000e+00   2.139522e+02   1.515681e-07   9.310155e-02
6.690000e+01   -4.118253e+01   -0.000000e+00   -0.000000e+00   2.134286e+02   1.496166e-07   9.167795e-02
6.700000e+01   -4.210189e+01   -0.000000e+00   -0.000000e+00   2.129070e+02   1.476862e-07   9.027387e-02
6.710000e+01   -4.307199e+01   -0.000000e+00   -0.000000e+00   2.123870e+02   1.457766e-07   8.888901e-02
6.720000e+01   -4.399801e+01   -0.000000e+00   -0.000000e+00   2.118683e+02   1.438879e-07   8.752309e-02
6.730000e+01   -4.477324e+01   -0.000000e+00   -0.000000e+00   2.113506e+02   1.420200e-07   8.617582e-02
6.740000e+01   -4.529098e+01   -0.000000e+00   -0.000000e+00   2.108336e+02   1.401729e-07   8.484692e-02
6.750000e+01   -4.527015e+01   -0.000000e+00   -0.000000e+00   2.103169e+02   1.383463e-07   8.353609e-02
6.760000e+01   -4.393488e+01   -0.000000e+00   -0.000000e+00   2.098003e+02   1.365403e-07   8.224305e-02
6.770000e+01   -4.165732e+01   -0.000000e+00   -0.000000e+00   2.092834e+02   1.347546e-07   8.096752e-02
6.780000e+01   -3.896619e+01   -0.000000e+00   -0.000000e+00   2.087659e+02   1.329893e-07   7.970920e-02
6.790000e+01   -3.639019e+01   -0.000000e+00   -0.000000e+00   2.082474e+02   1.312440e-07   7.846781e-02
6.800000e+01   -3.432147e+01   -0.000000e+00   -0.000000e+00   2.077277e+02   1.295188e-07   7.724307e-02
6.810000e+01   -3.229716e+01   -0.000000e+00   -0.000000e+00   2.072073e+02   1.278129e-07   7.603471e-02
6.820000e+01   -3.026996e+01   -0.000000e+00   -0.000000e+00   2.066875e+02   1.261252e-07   7.484251e-02
6.830000e+01   -2.831016e+01   -0.000000e+00   -0.000000e+00   2.061702e+02   1.244544e-07   7.366626e-02
6.840000e+01   -2.648806e+01   -0.000000e+00   -0.000000e+00   2.056569e+02   1.227996e-07   7.250575e-02
6.850000e+01   -2.484435e+01   -0.000000e+00   -0.000000e+00   2.051493e+02   1.211594e-07   7.136077e-02
6.860000e+01   -2.324337e+01   -0.000000e+00   -0.000000e+00   2.046490e+02   1.195329e-07   7.023108e-02
6.870000e+01   -2.171027e+01   -0.000000e+00   -0.000000e+00   2.041577e+02   1.179190e-07   6.911649e-02
6.880000e+01   -2.030852e+01   -0.000000e+00   -0.000000e+00   2.036769e+02   1.163166e-07   6.801677e-02
6.890000e+01   -1.910161e+01   -0.000000e+00   -0.000000e+00   2.032084e+02   1.147250e-07   6.693171e-02
6.900000e+01   -1.812394e+01   -0.000000e+00   -0.000000e+00   2.027537e+02   1.131430e-07   6.586110e-02
6.910000e+01   -1.720550e+01   -0.000000e+00   -0.000000e+00   2.023146e+02   1.115699e-07   6.480472e-02
6.920000e+01   -1.635238e+01   -0.000000e+00   -0.000000e+00   2.018926e+02   1.100048e-07   6.376236e-02
6.930000e+01   -1.561995e+01   -0.000000e+00   -0.000000e+00   2.014894e+02   1.084469e-07   6.273379e-02
6.940000e+01   -1.506355e+01   -0.000000e+00   -0.000000e+00   2.011066e+02   1.068954e-07   6.171881e-02
6.950000e+01   -1.473173e+01   -0.000000e+00   -0.000000e+00   2.007459e+02   1.053496e-07   6.071720e-02
6.960000e+01   -1.458195e+01   -0.000000e+00   -0.000000e+00   2.004089e+02   1.038088e-07   5.972875e-02
6.970000e+01   -1.455394e+01   -0.000000e+00   -0.000000e+00   2.000972e+02   1.022724e-07   5.875324e-02
6.980000e+01   -1.459635e+01   -0.000000e+00   -0.000000e+00   1.998125e+02   1.007398e-07   5.779045e-02
6.990000e+01   -1.465783e+01   -0.000000e+00   -0.000000e+00   1.995565e+02   9.921042e-08   5.684018e-02
7.000000e+01   -1.469174e+01   -0.000000e+00   -0.000000e+00   1.993300e+02   9.768415e-08   5.590222e-02
7.010000e+01   -1.472820e+01   -0.000000e+00   -0.000000e+00   1.991307e+02   9.616263e-08   5.497649e-02
7.020000e+01   -1.478298e+01   -0.000000e+00   -0.000000e+00   1.989556e+02   9.464792e-08   5.406294e-02
7.030000e+01   -1.485649e+01   -0.000000e+00   -0.000000e+00   1.988014e+02   9.314200e-08   5.316151e-02
7.040000e+01   -1.494914e+01   -0.000000e+00   -0.000000e+00   1.986648e+02   9.164674e-08   5.227214e-02
7.050000e+01   -1.505919e+01   -0.000000e+00   -0.000000e+00   1.985426e+02   9.016392e-08   5.139477e-02
7.060000e+01   -1.516098e+01   -0.000000e+00   -0.000000e+00   1.984317e+02   8.869523e-08   5.052935e-02
7.070000e+01   -1.525285e+01   -0.000000e+00   -0.000000e+00   1.983289e+02   8.724224e-08   4.967583e-02
7.080000e+01   -1.534234e+01   -0.000000e+00   -0.000000e+00   1.982308e+02   8.580647e-08   4.883414e-02
7.090000e+01   -1.543699e+01   -0.000000e+00   -0.000000e+00   1.981344e+02   8.438929e-08   4.800423e-02
7.100000e+01   -1.555738e+01   -0.000000e+00   -0.000000e+00   1.980363e+02   8.299203e-08   4.718604e-02
7.110000e+01   -1.587230e+01   -0.000000e+00   -0.000000e+00   1.979334e+02   8.161590e-08   4.637952e-02
7.120000e+01   -1.631398e+01   -0.000000e+00   -0.000000e+00   1.978225e+02   8.026203e-08   4.558461e-02
7.130000e+01   -1.673048e+01   -0.000000e+00   -0.000000e+00   1.977004e+02   7.893148e-08   4.480125e-02
7.140000e+01   -1.696985e+01   -0.000000e+00   -0.000000e+00   1.975638e+02   7.762524e-08   4.402939e-02
7.150000e+01   -1.689313e+01   -0.000000e+00   -0.000000e+00   1.974096e+02   7.634420e-08   4.326898e-02
7.160000e+01   -1.663757e+01   -0.000000e+00   -0.000000e+00   1.972345e+02   7.508920e-08   4.251994e-02
7.170000e+01   -1.627126e+01   -0.000000e+00   -0.000000e+00   1.970353e+02   7.386103e-08   4.178224e-02
7.180000e+01   -1.577633e+01   -0.000000e+00   -0.000000e+00   1.968088e+02   7.266038e-08   4.105580e-02
7.190000e+01   -1.513492e+01   -0.000000e+00   -0.000000e+00   1.965518e+02   7.148793e-08   4.034058e-02
7.200000e+01   -1.432031e+01   -0.000000e+00   -0.000000e+00   1.962614e+02   7.034419e-08   3.963651e-02
7.210000e+01   -1.312511e+01   -0.000000e+00   -0.000000e+00   1.959372e+02   6.922856e-08   3.894347e-02
7.220000e+01   -1.160851e+01   -0.000000e+00   -0.000000e+00   1.955805e+02   6.813991e-08   3.826128e-02
7.230000e+01   -9.955283e+00   -0.000000e+00   -0.000000e+00   1.951924e+02   6.707714e-08   3.758979e-02
7.240000e+01   -8.350220e+00   -0.000000e+00   -0.000000e+00   1.947742e+02   6.603919e-08   3.692883e-02
7.250000e+01   -6.971170e+00   -0.000000e+00   -0.000000e+00   1.943270e+02   6.502504e-08   3.627823e-02
7.260000e+01   -5.724207e+00   -0.000000e+00   -0.000000e+00   1.938519e+02   6.403371e-08   3.563782e-02
7.270000e+01   -4.496555e+00   -0.000000e+00   -0.000000e+00   1.933503e+02   6.306425e-08   3.500745e-02
7.280000e+01   -3.263945e+00   -0.000000e+00   -0.000000e+00   1.928233e+02   6.211575e-08   3.438695e-02
7.290000e+01   -2.002109e+00   -0.000000e+00   -0.000000e+00   1.922721e+02   6.118733e-08   3.377615e-02
7.300000e+01   -6.871781e-01   -0.000000e+00   -0.000000e+00   1.916979e+02   6.027814e-08   3.317489e-02
7.310000e+01   6.747730e-01   -0.000000e+00   -0.000000e+00   1.911018e+02   5.938734e-08   3.258300e-02
7.320000e+01   2.051353e+00   -0.000000e+00   -0.000000e+00   1.904852e+02   5.851414e-08   3.200032e-02
7.330000e+01   3.414044e+00   -0.000000e+00   -0.000000e+00   1.898491e+02   5.765775e-08   3.142668e-02
7.340000e+01   4.734330e+00   -0.000000e+00   -0.000000e+00   1.891947e+02   5.681743e-08   3.086192e-02
7.350000e+01   5.980234e+00   -0.000000e+00   -0.000000e+00   1.885234e+02   5.599242e-08   3.030587e-02
7.360000e+01   6.929643e+00   -0.000000e+00   -0.000000e+00   1.878361e+02   5.518203e-08   2.975837e-02
7.370000e+01   7.596030e+00   -0.000000e+00   -0.000000e+00   1.871342e+02   5.438554e-08   2.921925e-02
7.380000e+01   8.166015e+00   -0.000000e+00   -0.000000e+00   1.864189e+02   5.360228e-08   2.868835e-02
7.390000e+01   8.826214e+00   -0.000000e+00   -0.000000e+00   1.856913e+02   5.283158e-08   2.816550e-02
7.400000e+01   9.762412e+00   -0.000000e+00   -0.000000e+00   1.849526e+02   5.207279e-08   2.765053e-02
7.410000e+01   1.100762e+01   -0.000000e+00   -0.000000e+00   1.842040e+02   5.132526e-08   2.714329e-02
7.420000e+01   1.244336e+01   -0.000000e+00   -0.000000e+00   1.834467e+02   5.058838e-08   2.664360e-02
7.430000e+01   1.398159e+01   -0.000000e+00   -0.000000e+00   1.826819e+02   4.986153e-08   2.615131e-02
7.440000e+01   1.553939e+01   -0.000000e+00   -0.000000e+00   1.819106e+02   4.914424e-08   2.566628e-02
7.450000e+01   1.704308e+01   -0.000000e+00   -0.000000e+00   1.811334e+02   4.843621e-08   2.518843e-02
7.460000e+01   1.901160e+01   -0.000000e+00   -0.000000e+00   1.803511e+02   4.773717e-08   2.471768e-02
7.470000e+01   2.149830e+01   -0.000000e+00   -0.000000e+00   1.795642e+02   4.704683e-08   2.425396e-02
7.480000e+01   2.395886e+01   -0.000000e+00   -0.000000e+00   1.787736e+02   4.636494e-08   2.379717e-02
7.490000e+01   2.584892e+01   -0.000000e+00   -0.000000e+00   1.779798e+02   4.569123e-08   2.334725e-02
7.500000e+01   2.662446e+01   -0.000000e+00   -0.000000e+00   1.771835e+02   4.502545e-08   2.290412e-02
7.510000e+01   2.619907e+01   -0.000000e+00   -0.000000e+00   1.763854e+02   4.436735e-08   2.246769e-02
7.520000e+01   2.507218e+01   -0.000000e+00   -0.000000e+00   1.755861e+02   4.371669e-08   2.203788e-02
7.530000e+01   2.363216e+01   -0.000000e+00   -0.000000e+00   1.747864e+02   4.307324e-08   2.161462e-02
7.540000e+01   2.226739e+01   -0.000000e+00   -0.000000e+00   1.739869e+02   4.243677e-08   2.119782e-02
7.550000e+01   2.136625e+01   -0.000000e+00   -0.000000e+00   1.731883e+02   4.180705e-08   2.078741e-02
7.560000e+01   2.083152e+01   -0.000000e+00   -0.000000e+00   1.723912e+02   4.118387e-08   2.038330e-02
7.570000e+01   2.028389e+01   -0.000000e+00   -0.000000e+00   1.715963e+02   4.056701e-08   1.998542e-02
7.580000e+01   1.968864e+01   -0.000000e+00   -0.000000e+00   1.708044e+02   3.995627e-08   1.959369e-02
7.590000e+01   1.901102e+01   -0.000000e+00   -0.000000e+00   1.700160e+02   3.935145e-08   1.920803e-02
7.600000e+01   1.821631e+01   -0.000000e+00   -0.000000e+00   1.692318e+02   3.875234e-08   1.882835e-02
7.610000e+01   1.717339e+01   -0.000000e+00   -0.000000e+00   1.684526e+02   3.815876e-08   1.845459e-02
7.620000e+01   1.586296e+01   -0.000000e+00   -0.000000e+00   1.676789e+02   3.757052e-08   1.808665e-02
7.630000e+01   1.444439e+01   -0.000000e+00   -0.000000e+00   1.669115e+02   3.698744e-08   1.772446e-02
7.640000e+01   1.307719e+01   -0.000000e+00   -0.000000e+00   1.661511e+02   3.640934e-08   1.736794e-02
7.650000e+01   1.192087e+01   -0.000000e+00   -0.000000e+00   1.653982e+02   3.583605e-08   1.701701e-02
7.660000e+01   1.111237e+01   -0.000000e+00   -0.000000e+00   1.646536e+02   3.526740e-08   1.667159e-02
7.670000e+01   1.058895e+01   -0.000000e+00   -0.000000e+00   1.639180e+02   3.470324e-08   1.633161e-02
7.680000e+01   1.020030e+01   -0.000000e+00   -0.000000e+00   1.631919e+02   3.414340e-08   1.599697e-02
7.690000e+01   9.795983e+00   -0.000000e+00   -0.000000e+00   1.624762e+02   3.358773e-08   1.566761e-02
7.700000e+01   9.225562e+00   -0.000000e+00   -0.000000e+00   1.617714e+02   3.303608e-08   1.534344e-02
7.710000e+01   8.508384e+00   -0.000000e+00   -0.000000e+00   1.610783e+02   3.248832e-08   1.502438e-02
7.720000e+01   7.787949e+00   -0.000000e+00   -0.000000e+00   1.603974e+02   3.194431e-08   1.471036e-02
7.730000e+01   6.995548e+00   -0.000000e+00   -0.000000e+00   1.597295e+02   3.140402e-08   1.440133e-02
7.740000e+01   6.061340e+00   -0.000000e+00   -0.000000e+00   1.590750e+02   3.086742e-08   1.409726e-02
7.750000e+01   4.915482e+00   -0.000000e+00   -0.000000e+00   1.584346e+02   3.033449e-08   1.379810e-02
7.760000e+01   3.557530e+00   -0.000000e+00   -0.000000e+00   1.578089e+02   2.980523e-08   1.350381e-02
7.770000e+01   2.107271e+00   -0.000000e+00   -0.000000e+00   1.571985e+02   2.927963e-08   1.321436e-02
7.780000e+01   6.267853e-01   -0.000000e+00   -0.000000e+00   1.566038e+02   2.875770e-08   1.292971e-02
7.790000e+01   -8.231050e-01   -0.000000e+00   -0.000000e+00   1.560256e+02   2.823944e-08   1.264982e-02
7.800000e+01   -2.181576e+00   -0.000000e+00   -0.000000e+00   1.554644e+02   2.772487e-08   1.237465e-02
7.810000e+01   -3.261137e+00   -0.000000e+00   -0.000000e+00   1.549208e+02   2.721400e-08   1.210416e-02
7.820000e+01   -3.927378e+00   -0.000000e+00   -0.000000e+00   1.543954e+02   2.670686e-08   1.183831e-02
7.830000e+01   -4.397781e+00   -0.000000e+00   -0.000000e+00   1.538888e+02   2.620349e-08   1.157706e-02
7.840000e+01   -4.896212e+00   -0.000000e+00   -0.000000e+00   1.534015e+02   2.570391e-08   1.132038e-02
7.850000e+01   -5.646538e+00   0.000000e+00   0.000000e+00   1.529342e+02   2.520817e-08   1.106823e-02
7.860000e+01   -6.797504e+00   0.000000e+00   0.000000e+00   1.524874e+02   2.471631e-08   1.082056e-02
7.870000e+01   -8.239829e+00   0.000000e+00   0.000000e+00   1.520617e+02   2.422839e-08   1.057734e-02
7.880000e+01   -9.864868e+00   0.000000e+00   0.000000e+00   1.516577e+02   2.374445e-08   1.033854e-02
7.890000e+01   -1.156647e+01   0.000000e+00   0.000000e+00   1.512760e+02   2.326457e-08   1.010410e-02
7.900000e+01   -1.323849e+01   0.000000e+00   0.000000e+00   1.509172e+02   2.278881e-08   9.873993e-03
7.910000e+01   -1.495375e+01   0.000000e+00   0.000000e+00   1.505819e+02   2.231723e-08   9.648181e-03
7.920000e+01   -1.696236e+01   0.000000e+00   0.000000e+00   1.502707e+02   2.184991e-08   9.426624e-03
7.930000e+01   -1.906587e+01   0.000000e+00   0.000000e+00   1.499841e+02   2.138692e-08   9.209282e-03
7.940000e+01   -2.104839e+01   0.000000e+00   0.000000e+00   1.497226e+02   2.092837e-08   8.996118e-03
7.950000e+01   -2.270098e+01   0.000000e+00   0.000000e+00   1.494856e+02   2.047450e-08   8.787086e-03
7.960000e+01   -2.396913e+01   0.000000e+00   0.000000e+00   1.492700e+02   2.002583e-08   8.582136e-03
7.970000e+01   -2.510332e+01   0.000000e+00   0.000000e+00   1.490730e+02   1.958284e-08   8.381217e-03
7.980000e+01   -2.607113e+01   0.000000e+00   0.000000e+00   1.488916e+02   1.914598e-08   8.184275e-03
7.990000e+01   -2.682276e+01   0.000000e+00   0.000000e+00   1.487229e+02   1.871566e-08   7.991260e-03
8.000000e+01   -2.730840e+01   0.000000e+00   0.000000e+00   1.485638e+02   1.829226e-08   7.802120e-03
8.010000e+01   -2.754976e+01   0.000000e+00   0.000000e+00   1.484114e+02   1.787611e-08   7.616803e-03
8.020000e+01   -2.771616e+01   0.000000e+00   0.000000e+00   1.482627e+02   1.746754e-08   7.435257e-03
8.030000e+01   -2.779514e+01   0.000000e+00   0.000000e+00   1.481148e+02   1.706680e-08   7.257431e-03
8.040000e+01   -2.776151e+01   0.000000e+00   0.000000e+00   1.479647e+02   1.667414e-08   7.083273e-03
8.050000e+01   -2.759005e+01   0.000000e+00   0.000000e+00   1.478095e+02   1.628977e-08   6.912731e-03
8.060000e+01   -2.719738e+01   0.000000e+00   0.000000e+00   1.476461e+02   1.591389e-08   6.745753e-03
8.070000e+01   -2.647711e+01   0.000000e+00   0.000000e+00   1.474716e+02   1.554663e-08   6.582289e-03
8.080000e+01   -2.561698e+01   0.000000e+00   0.000000e+00   1.472835e+02   1.518809e-08   6.422286e-03
8.090000e+01   -2.481662e+01   0.000000e+00   0.000000e+00   1.470829e+02   1.483800e-08   6.265704e-03
8.100000e+01   -2.427284e+01   0.000000e+00   0.000000e+00   1.468719e+02   1.449600e-08   6.112504e-03
8.110000e+01   -2.418291e+01   0.000000e+00   0.000000e+00   1.466527e+02   1.416174e-08   5.962648e-03
8.120000e+01   -2.455367e+01   0.000000e+00   0.000000e+00   1.464278e+02   1.383489e-08   5.816096e-03
8.130000e+01   -2.516094e+01   0.000000e+00   0.000000e+00   1.461992e+02   1.351516e-08   5.672812e-03
8.140000e+01   -2.577073e+01   0.000000e+00   0.000000e+00   1.459693e+02   1.320224e-08   5.532755e-03
8.150000e+01   -2.614904e+01   0.000000e+00   0.000000e+00   1.457403e+02   1.289588e-08   5.395888e-03
8.160000e+01   -2.599661e+01   0.000000e+00   0.000000e+00   1.455146e+02   1.259582e-08   5.262173e-03
8.170000e+01   -2.503108e+01   0.000000e+00   0.000000e+00   1.452942e+02   1.230182e-08   5.131570e-03
8.180000e+01   -2.349133e+01   0.000000e+00   0.000000e+00   1.450816e+02   1.201368e-08   5.004042e-03
8.190000e+01   -2.165899e+01   0.000000e+00   0.000000e+00   1.448790e+02   1.173119e-08   4.879549e-03
8.200000e+01   -1.981568e+01   0.000000e+00   0.000000e+00   1.446886e+02   1.145415e-08   4.758055e-03
8.210000e+01   -1.806484e+01   0.000000e+00   0.000000e+00   1.445127e+02   1.118239e-08   4.639519e-03
8.220000e+01   -1.589197e+01   0.000000e+00   0.000000e+00   1.443535e+02   1.091575e-08   4.523903e-03
8.230000e+01   -1.354880e+01   0.000000e+00   0.000000e+00   1.442133e+02   1.065408e-08   4.411170e-03
8.240000e+01   -1.139369e+01   0.000000e+00   0.000000e+00   1.440944e+02   1.039725e-08   4.301281e-03
8.250000e+01   -9.784971e+00   0.000000e+00   0.000000e+00   1.439990e+02   1.014511e-08   4.194197e-03
8.260000e+01   -8.926997e+00   0.000000e+00   0.000000e+00   1.439294e+02   9.897567e-09   4.089879e-03
8.270000e+01   -8.256987e+00   0.000000e+00   0.000000e+00   1.438879e+02   9.654506e-09   3.988290e-03
8.280000e+01   -7.743485e+00   0.000000e+00   0.000000e+00   1.438764e+02   9.415850e-09   3.889389e-03
8.290000e+01   -7.459092e+00   0.000000e+00   0.000000e+00   1.438952e+02   9.181606e-09   3.793126e-03
8.300000e+01   -7.475190e+00   0.000000e+00   0.000000e+00   1.439441e+02   8.951806e-09   3.699449e-03
8.310000e+01   -7.842582e+00   0.000000e+00   0.000000e+00   1.440230e+02   8.726474e-09   3.608304e-03
8.320000e+01   -8.459307e+00   0.000000e+00   0.000000e+00   1.441317e+02   8.505627e-09   3.519639e-03
8.330000e+01   -9.248707e+00   0.000000e+00   0.000000e+00   1.442699e+02   8.289276e-09   3.433401e-03
8.340000e+01   -1.014916e+01   0.000000e+00   0.000000e+00   1.444374e+02   8.077424e-09   3.349537e-03
8.350000e+01   -1.109905e+01   0.000000e+00   0.000000e+00   1.446340e+02   7.870068e-09   3.267994e-03
8.360000e+01   -1.206697e+01   0.000000e+00   0.000000e+00   1.448596e+02   7.667198e-09   3.188719e-03
8.370000e+01   -1.320099e+01   0.000000e+00   0.000000e+00   1.451139e+02   7.468799e-09   3.111659e-03
8.380000e+01   -1.448365e+01   0.000000e+00   0.000000e+00   1.453967e+02   7.274847e-09   3.036762e-03
8.390000e+01   -1.585822e+01   0.000000e+00   0.000000e+00   1.457078e+02   7.085315e-09   2.963974e-03
8.400000e+01   -1.726799e+01   0.000000e+00   0.000000e+00   1.460471e+02   6.900167e-09   2.893242e-03
8.410000e+01   -1.868195e+01   0.000000e+00   0.000000e+00   1.464142e+02   6.719364e-09   2.824514e-03
8.420000e+01   -2.023345e+01   0.000000e+00   0.000000e+00   1.468091e+02   6.542859e-09   2.757737e-03
8.430000e+01   -2.187107e+01   0.000000e+00   0.000000e+00   1.472315e+02   6.370602e-09   2.692858e-03
8.440000e+01   -2.349724e+01   0.000000e+00   0.000000e+00   1.476811e+02   6.202535e-09   2.629823e-03
8.450000e+01   -2.501440e+01   0.000000e+00   0.000000e+00   1.481579e+02   6.038598e-09   2.568581e-03
8.460000e+01   -2.635712e+01   0.000000e+00   0.000000e+00   1.486616e+02   5.878724e-09   2.509078e-03
8.470000e+01   -2.770640e+01   0.000000e+00   0.000000e+00   1.491919e+02   5.722843e-09   2.451261e-03
8.480000e+01   -2.898272e+01   0.000000e+00   0.000000e+00   1.497488e+02   5.570881e-09   2.395077e-03
8.490000e+01   -3.003400e+01   0.000000e+00   0.000000e+00   1.503315e+02   5.422780e-09   2.340477e-03
8.500000e+01   -3.071603e+01   0.000000e+00   0.000000e+00   1.509387e+02   5.278526e-09   2.287419e-03
8.510000e+01   -3.092167e+01   0.000000e+00   0.000000e+00   1.515687e+02   5.138105e-09   2.235861e-03
8.520000e+01   -3.093262e+01   0.000000e+00   0.000000e+00   1.522199e+02   5.001492e-09   2.185764e-03
8.530000e+01   -3.081285e+01   0.000000e+00   0.000000e+00   1.528907e+02   4.868653e-09   2.137087e-03
8.540000e+01   -3.052624e+01   0.000000e+00   0.000000e+00   1.535794e+02   4.739548e-09   2.089788e-03
8.550000e+01   -3.003669e+01   0.000000e+00   0.000000e+00   1.542845e+02   4.614127e-09   2.043827e-03
8.560000e+01   -2.921017e+01   0.000000e+00   0.000000e+00   1.550043e+02   4.492335e-09   1.999163e-03
8.570000e+01   -2.699614e+01   0.000000e+00   0.000000e+00   1.557373e+02   4.374112e-09   1.955756e-03
8.580000e+01   -2.377441e+01   0.000000e+00   0.000000e+00   1.564817e+02   4.259389e-09   1.913565e-03
8.590000e+01   -2.038106e+01   0.000000e+00   0.000000e+00   1.572360e+02   4.148094e-09   1.872548e-03
8.600000e+01   -1.765216e+01   0.000000e+00   0.000000e+00   1.579986e+02   4.040152e-09   1.832666e-03
8.610000e+01   -1.635424e+01   0.000000e+00   0.000000e+00   1.587679e+02   3.935480e-09   1.793877e-03
8.620000e+01   -1.594760e+01   0.000000e+00   0.000000e+00   1.595422e+02   3.833995e-09   1.756141e-03
8.630000e+01   -1.598078e+01   0.000000e+00   0.000000e+00   1.603199e+02   3.735609e-09   1.719417e-03
8.640000e+01   -1.629998e+01   0.000000e+00   0.000000e+00   1.610995e+02   3.640232e-09   1.683664e-03
8.650000e+01   -1.675144e+01   0.000000e+00   0.000000e+00   1.618792e+02   3.547771e-09   1.648842e-03
8.660000e+01   -1.720184e+01   0.000000e+00   0.000000e+00   1.626575e+02   3.458132e-09   1.614909e-03
8.670000e+01   -1.790488e+01   0.000000e+00   0.000000e+00   1.634328e+02   3.371219e-09   1.581825e-03
8.680000e+01   -1.888520e+01   0.000000e+00   0.000000e+00   1.642034e+02   3.286934e-09   1.549549e-03
8.690000e+01   -2.001490e+01   0.000000e+00   0.000000e+00   1.649677e+02   3.205178e-09   1.518041e-03
8.700000e+01   -2.116610e+01   0.000000e+00   0.000000e+00   1.657242e+02   3.125853e-09   1.487260e-03
8.710000e+01   -2.221874e+01   0.000000e+00   0.000000e+00   1.664712e+02   3.048857e-09   1.457164e-03
8.720000e+01   -2.326564e+01   0.000000e+00   0.000000e+00   1.672073e+02   2.974097e-09   1.427719e-03
8.730000e+01   -2.435113e+01   0.000000e+00   0.000000e+00   1.679320e+02   2.901504e-09   1.398907e-03
8.740000e+01   -2.544380e+01   0.000000e+00   0.000000e+00   1.686451e+02   2.831013e-09   1.370718e-03
8.750000e+01   -2.651228e+01   0.000000e+00   0.000000e+00   1.693464e+02   2.762562e-09   1.343137e-03
8.760000e+01   -2.753353e+01   0.000000e+00   0.000000e+00   1.700354e+02   2.696090e-09   1.316152e-03
8.770000e+01   -2.870716e+01   0.000000e+00   0.000000e+00   1.707120e+02   2.631539e-09   1.289752e-03
8.780000e+01   -2.997073e+01   0.000000e+00   0.000000e+00   1.713758e+02   2.568850e-09   1.263923e-03
8.790000e+01   -3.110881e+01   0.000000e+00   0.000000e+00   1.720266e+02   2.507966e-09   1.238653e-03
8.800000e+01   -3.190592e+01   0.000000e+00   0.000000e+00   1.726640e+02   2.448833e-09   1.213929e-03
8.810000e+01   -3.213550e+01   0.000000e+00   0.000000e+00   1.732879e+02   2.391395e-09   1.189740e-03
8.820000e+01   -3.126628e+01   0.000000e+00   0.000000e+00   1.738979e+02   2.335601e-09   1.166072e-03
8.830000e+01   -2.956507e+01   0.000000e+00   0.000000e+00   1.744937e+02   2.281398e-09   1.142913e-03
8.840000e+01   -2.767568e+01   0.000000e+00   0.000000e+00   1.750750e+02   2.228736e-09   1.120250e-03
8.850000e+01   -2.624195e+01   0.000000e+00   0.000000e+00   1.756417e+02   2.177564e-09   1.098072e-03
8.860000e+01   -2.589650e+01   0.000000e+00   0.000000e+00   1.761933e+02   2.127836e-09   1.076365e-03
8.870000e+01   -2.633441e+01   0.000000e+00   0.000000e+00   1.767296e+02   2.079502e-09   1.055118e-03
8.880000e+01   -2.702116e+01   0.000000e+00   0.000000e+00   1.772503e+02   2.032517e-09   1.034317e-03
8.890000e+01   -2.779500e+01   0.000000e+00   0.000000e+00   1.777552e+02   1.986835e-09   1.013950e-03
8.900000e+01   -2.849419e+01   0.000000e+00   0.000000e+00   1.782440e+02   1.942412e-09   9.940051e-04
8.910000e+01   -2.895324e+01   0.000000e+00   0.000000e+00   1.787163e+02   1.899204e-09   9.744691e-04
8.920000e+01   -2.866305e+01   0.000000e+00   0.000000e+00   1.791719e+02   1.857168e-09   9.553298e-04
8.930000e+01   -2.755574e+01   0.000000e+00   0.000000e+00   1.796105e+02   1.816261e-09   9.365748e-04
8.940000e+01   -2.592689e+01   0.000000e+00   0.000000e+00   1.800319e+02   1.776444e-09   9.181914e-04
8.950000e+01   -2.407212e+01   0.000000e+00   0.000000e+00   1.804357e+02   1.737675e-09   9.001673e-04
8.960000e+01   -2.228442e+01   0.000000e+00   0.000000e+00   1.808216e+02   1.699914e-09   8.824899e-04
8.970000e+01   -2.020991e+01   0.000000e+00   0.000000e+00   1.811898e+02   1.663124e-09   8.651486e-04
8.980000e+01   -1.767075e+01   0.000000e+00   0.000000e+00   1.815415e+02   1.627265e-09   8.481381e-04
8.990000e+01   -1.500457e+01   0.000000e+00   0.000000e+00   1.818780e+02   1.592302e-09   8.314536e-04
9.000000e+01   -1.254898e+01   0.000000e+00   0.000000e+00   1.822007e+02   1.558201e-09   8.150908e-04
9.010000e+01   -1.064137e+01   0.000000e+00   0.000000e+00   1.825110e+02   1.524930e-09   7.990451e-04
9.020000e+01   -9.314463e+00   0.000000e+00   0.000000e+00   1.828103e+02   1.492457e-09   7.833119e-04
9.030000e+01   -8.281873e+00   0.000000e+00   0.000000e+00   1.830999e+02   1.460753e-09   7.678868e-04
9.040000e+01   -7.363326e+00   0.000000e+00   0.000000e+00   1.833812e+02   1.429790e-09   7.527651e-04
9.050000e+01   -6.378545e+00   0.000000e+00   0.000000e+00   1.836556e+02   1.399542e-09   7.379424e-04
9.060000e+01   -5.147255e+00   0.000000e+00   0.000000e+00   1.839244e+02   1.369983e-09   7.234140e-04
9.070000e+01   -3.442008e+00   0.000000e+00   0.000000e+00   1.841891e+02   1.341089e-09   7.091756e-04
9.080000e+01   -1.346558e+00   0.000000e+00   0.000000e+00   1.844510e+02   1.312836e-09   6.952225e-04
9.090000e+01   8.525758e-01   0.000000e+00   0.000000e+00   1.847115e+02   1.285202e-09   6.815502e-04
9.100000e+01   2.868871e+00   0.000000e+00   0.000000e+00   1.849720e+02   1.258167e-09   6.681542e-04
9.110000e+01   4.415808e+00   0.000000e+00   0.000000e+00   1.852338e+02   1.231710e-09   6.550300e-04
9.120000e+01   5.605892e+00   0.000000e+00   0.000000e+00   1.854983e+02   1.205812e-09   6.421729e-04
9.130000e+01   6.717250e+00   0.000000e+00   0.000000e+00   1.857669e+02   1.180454e-09   6.295785e-04
9.140000e+01   7.634607e+00   0.000000e+00   0.000000e+00   1.860410e+02   1.155619e-09   6.172423e-04
9.150000e+01   8.242245e+00   0.000000e+00   0.000000e+00   1.863219e+02   1.131289e-09   6.051597e-04
9.160000e+01   8.424447e+00   0.000000e+00   0.000000e+00   1.866111e+02   1.107449e-09   5.933261e-04
9.170000e+01   8.298528e+00   0.000000e+00   0.000000e+00   1.869098e+02   1.084083e-09   5.817371e-04
9.180000e+01   8.108065e+00   0.000000e+00   0.000000e+00   1.872195e+02   1.061175e-09   5.703881e-04
9.190000e+01   7.832358e+00   0.000000e+00   0.000000e+00   1.875416e+02   1.038712e-09   5.592746e-04
9.200000e+01   7.449586e+00   0.000000e+00   0.000000e+00   1.878774e+02   1.016680e-09   5.483920e-04
9.210000e+01   6.937930e+00   0.000000e+00   0.000000e+00   1.882282e+02   9.950659e-10   5.377358e-04
9.220000e+01   5.619982e+00   0.000000e+00   0.000000e+00   1.885953e+02   9.738584e-10   5.273016e-04
9.230000e+01   2.940549e+00   0.000000e+00   0.000000e+00   1.889783e+02   9.530557e-10   5.170857e-04
9.240000e+01   -4.306014e-01   0.000000e+00   0.000000e+00   1.893762e+02   9.326584e-10   5.070845e-04
9.250000e+01   -3.814440e+00   0.000000e+00   0.000000e+00   1.897882e+02   9.126667e-10   4.972947e-04
9.260000e+01   -6.531937e+00   0.000000e+00   0.000000e+00   1.902134e+02   8.930802e-10   4.877126e-04
9.270000e+01   -8.542731e+00   0.000000e+00   0.000000e+00   1.906510e+02   8.738978e-10   4.783349e-04
9.280000e+01   -1.052152e+01   0.000000e+00   0.000000e+00   1.911000e+02   8.551181e-10   4.691580e-04
9.290000e+01   -1.233133e+01   0.000000e+00   0.000000e+00   1.915595e+02   8.367392e-10   4.601784e-04
9.300000e+01   -1.382162e+01   0.000000e+00   0.000000e+00   1.920288e+02   8.187586e-10   4.513927e-04
9.310000e+01   -1.484187e+01   0.000000e+00   0.000000e+00   1.925068e+02   8.011735e-10   4.427974e-04
9.320000e+01   -1.530179e+01   0.000000e+00   0.000000e+00   1.929928e+02   7.839806e-10   4.343890e-04
9.330000e+01   -1.531531e+01   0.000000e+00   0.000000e+00   1.934858e+02   7.671763e-10   4.261639e-04
9.340000e+01   -1.500733e+01   0.000000e+00   0.000000e+00   1.939850e+02   7.507567e-10   4.181188e-04
9.350000e+01   -1.450155e+01   0.000000e+00   0.000000e+00   1.944895e+02   7.347173e-10   4.102501e-04
9.360000e+01   -1.392172e+01   0.000000e+00   0.000000e+00   1.949983e+02   7.190537e-10   4.025544e-04
9.370000e+01   -1.308727e+01   0.000000e+00   0.000000e+00   1.955107e+02   7.037608e-10   3.950281e-04
9.380000e+01   -1.163963e+01   0.000000e+00   0.000000e+00   1.960257e+02   6.888335e-10   3.876677e-04
9.390000e+01   -9.950748e+00   0.000000e+00   0.000000e+00   1.965425e+02   6.742664e-10   3.804699e-04
9.400000e+01   -8.413407e+00   0.000000e+00   0.000000e+00   1.970601e+02   6.600537e-10   3.734311e-04
9.410000e+01   -7.420376e+00   0.000000e+00   0.000000e+00   1.975778e+02   6.461897e-10   3.665477e-04
9.420000e+01   -7.105105e+00   0.000000e+00   0.000000e+00   1.980945e+02   6.326683e-10   3.598164e-04
9.430000e+01   -7.005153e+00   0.000000e+00   0.000000e+00   1.986095e+02   6.194833e-10   3.532336e-04
9.440000e+01   -7.001264e+00   0.000000e+00   0.000000e+00   1.991219e+02   6.066282e-10   3.467959e-04
9.450000e+01   -6.993736e+00   0.000000e+00   0.000000e+00   1.996307e+02   5.940967e-10   3.404997e-04
9.460000e+01   -6.882866e+00   0.000000e+00   0.000000e+00   2.001351e+02   5.818819e-10   3.343416e-04
9.470000e+01   -6.590136e+00   0.000000e+00   0.000000e+00   2.006342e+02   5.699773e-10   3.283181e-04
9.480000e+01   -6.151810e+00   0.000000e+00   0.000000e+00   2.011272e+02   5.583759e-10   3.224258e-04
9.490000e+01   -5.632136e+00   0.000000e+00   0.000000e+00   2.016138e+02   5.470699e-10   3.166616e-04
9.500000e+01   -5.095485e+00   0.000000e+00   0.000000e+00   2.020945e+02   5.360511e-10   3.110233e-04
9.510000e+01   -4.606270e+00   0.000000e+00   0.000000e+00   2.025696e+02   5.253112e-10   3.055085e-04
9.520000e+01   -4.177572e+00   0.000000e+00   0.000000e+00   2.030397e+02   5.148421e-10   3.001148e-04
9.530000e+01   -3.720610e+00   0.000000e+00   0.000000e+00   2.035052e+02   5.046363e-10   2.948399e-04
9.540000e+01   -3.281280e+00   0.000000e+00   0.000000e+00   2.039665e+02   4.946860e-10   2.896815e-04
9.550000e+01   -2.914768e+00   0.000000e+00   0.000000e+00   2.044240e+02   4.849839e-10   2.846371e-04
9.560000e+01   -2.676262e+00   0.000000e+00   0.000000e+00   2.048781e+02   4.755228e-10   2.797044e-04
9.570000e+01   -2.570570e+00   0.000000e+00   0.000000e+00   2.053294e+02   4.662956e-10   2.748811e-04
9.580000e+01   -2.477956e+00   0.000000e+00   0.000000e+00   2.057783e+02   4.572955e-10   2.701648e-04
9.590000e+01   -2.417271e+00   0.000000e+00   0.000000e+00   2.062251e+02   4.485156e-10   2.655532e-04
9.600000e+01   -2.419513e+00   0.000000e+00   0.000000e+00   2.066704e+02   4.399496e-10   2.610439e-04
9.610000e+01   -2.515680e+00   0.000000e+00   0.000000e+00   2.071145e+02   4.315908e-10   2.566345e-04
9.620000e+01   -2.739222e+00   0.000000e+00   0.000000e+00   2.075579e+02   4.234330e-10   2.523227e-04
9.630000e+01   -3.103487e+00   0.000000e+00   0.000000e+00   2.080010e+02   4.154700e-10   2.481062e-04
9.640000e+01   -3.581802e+00   0.000000e+00   0.000000e+00   2.084443e+02   4.076958e-10   2.439825e-04
9.650000e+01   -4.145336e+00   0.000000e+00   0.000000e+00   2.088882e+02   4.001044e-10   2.399494e-04
9.660000e+01   -4.765253e+00   0.000000e+00   0.000000e+00   2.093332e+02   3.926899e-10   2.360045e-04
9.670000e+01   -5.491370e+00   0.000000e+00   0.000000e+00   2.097796e+02   3.854467e-10   2.321453e-04
9.680000e+01   -6.578723e+00   0.000000e+00   0.000000e+00   2.102280e+02   3.783691e-10   2.283697e-04
9.690000e+01   -7.943423e+00   0.000000e+00   0.000000e+00   2.106786e+02   3.714516e-10   2.246752e-04
9.700000e+01   -9.464160e+00   0.000000e+00   0.000000e+00   2.111321e+02   3.646888e-10   2.210595e-04
9.710000e+01   -1.101962e+01   0.000000e+00   0.000000e+00   2.115888e+02   3.580753e-10   2.175201e-04
9.720000e+01   -1.255167e+01   0.000000e+00   0.000000e+00   2.120492e+02   3.516059e-10   2.140548e-04
9.730000e+01   -1.424297e+01   0.000000e+00   0.000000e+00   2.125136e+02   3.452753e-10   2.106613e-04
9.740000e+01   -1.603437e+01   0.000000e+00   0.000000e+00   2.129826e+02   3.390786e-10   2.073371e-04
9.750000e+01   -1.783055e+01   0.000000e+00   0.000000e+00   2.134566e+02   3.330107e-10   2.040798e-04
9.760000e+01   -1.953623e+01   0.000000e+00   0.000000e+00   2.139360e+02   3.270666e-10   2.008872e-04
9.770000e+01   -2.113809e+01   0.000000e+00   0.000000e+00   2.144212e+02   3.212416e-10   1.977569e-04
9.780000e+01   -2.291023e+01   0.000000e+00   0.000000e+00   2.149126e+02   3.155311e-10   1.946867e-04
9.790000e+01   -2.466629e+01   0.000000e+00   0.000000e+00   2.154103e+02   3.099328e-10   1.916754e-04
9.800000e+01   -2.615108e+01   0.000000e+00   0.000000e+00   2.159141e+02   3.044449e-10   1.887218e-04
9.810000e+01   -2.710941e+01   0.000000e+00   0.000000e+00   2.164240e+02   2.990658e-10   1.858252e-04
9.820000e+01   -2.728204e+01   0.000000e+00   0.000000e+00   2.169399e+02   2.937938e-10   1.829845e-04
9.830000e+01   -2.664261e+01   0.000000e+00   0.000000e+00   2.174616e+02   2.886270e-10   1.801988e-04
9.840000e+01   -2.557894e+01   0.000000e+00   0.000000e+00   2.179891e+02   2.835638e-10   1.774672e-04
9.850000e+01   -2.451106e+01   0.000000e+00   0.000000e+00   2.185224e+02   2.786024e-10   1.747886e-04
9.860000e+01   -2.385899e+01   0.000000e+00   0.000000e+00   2.190612e+02   2.737411e-10   1.721622e-04
9.870000e+01   -2.393512e+01   0.000000e+00   0.000000e+00   2.196055e+02   2.689781e-10   1.695870e-04
9.880000e+01   -2.426342e+01   0.000000e+00   0.000000e+00   2.201553e+02   2.643115e-10   1.670620e-04
9.890000e+01   -2.470967e+01   0.000000e+00   0.000000e+00   2.207104e+02   2.597398e-10   1.645863e-04
9.900000e+01   -2.525966e+01   0.000000e+00   0.000000e+00   2.212707e+02   2.552610e-10   1.621589e-04
9.910000e+01   -2.589920e+01   0.000000e+00   0.000000e+00   2.218361e+02   2.508734e-10   1.597788e-04
9.920000e+01   -2.675077e+01   0.000000e+00   0.000000e+00   2.224066e+02   2.465752e-10   1.574452e-04
9.930000e+01   -2.872794e+01   0.000000e+00   0.000000e+00   2.229821e+02   2.423646e-10   1.551570e-04
9.940000e+01   -3.161446e+01   0.000000e+00   0.000000e+00   2.235624e+02   2.382399e-10   1.529134e-04
9.950000e+01   -3.493566e+01   0.000000e+00   0.000000e+00   2.241474e+02   2.341992e-10   1.507133e-04
9.960000e+01   -3.821689e+01   0.000000e+00   0.000000e+00   2.247372e+02   2.302408e-10   1.485558e-04
9.970000e+01   -4.106224e+01   0.000000e+00   0.000000e+00   2.253315e+02   2.263629e-10   1.464399e-04
9.980000e+01   -4.385371e+01   0.000000e+00   0.000000e+00   2.259303e+02   2.225637e-10   1.443648e-04
9.990000e+01   -4.666355e+01   0.000000e+00   0.000000e+00   2.265335e+02   2.188415e-10   1.423294e-04
1.000000e+02   -4.941046e+01   0.000000e+00   0.000000e+00   2.271410e+02   2.151945e-10   1.403327e-04
1.001000e+02   -5.201313e+01   0.000000e+00   0.000000e+00   2.277527e+02   2.116208e-10   1.383740e-04
1.002000e+02   -5.439445e+01   0.000000e+00   0.000000e+00   2.283686e+02   2.081188e-10   1.364520e-04
1.003000e+02   -5.656724e+01   0.000000e+00   0.000000e+00   2.289884e+02   2.046867e-10   1.345661e-04
1.004000e+02   -5.860846e+01   0.000000e+00   0.000000e+00   2.296122e+02   2.013227e-10   1.327150e-04
1.005000e+02   -6.059307e+01   0.000000e+00   0.000000e+00   2.302399e+02   1.980251e-10   1.308980e-04
1.006000e+02   -6.259601e+01   0.000000e+00   0.000000e+00   2.308712e+02   1.947922e-10   1.291141e-04
1.007000e+02   -6.469404e+01   0.000000e+00   0.000000e+00   2.315063e+02   1.916222e-10   1.273623e-04
1.008000e+02   -6.693172e+01   0.000000e+00   0.000000e+00   2.321449e+02   1.885134e-10   1.256416e-04
1.009000e+02   -6.922359e+01   0.000000e+00   0.000000e+00   2.327869e+02   1.854641e-10   1.239512e-04
1.010000e+02   -7.146361e+01   0.000000e+00   0.000000e+00   2.334324e+02   1.824725e-10   1.222900e-04
1.011000e+02   -7.354574e+01   0.000000e+00   0.000000e+00   2.340811e+02   1.795371e-10   1.206571e-04
1.012000e+02   -7.539307e+01   0.000000e+00   0.000000e+00   2.347330e+02   1.766561e-10   1.190516e-04
1.013000e+02   -7.731566e+01   0.000000e+00   0.000000e+00   2.353882e+02   1.738280e-10   1.174727e-04
1.014000e+02   -7.922483e+01   0.000000e+00   0.000000e+00   2.360473e+02   1.710516e-10   1.159200e-04
1.015000e+02   -8.086079e+01   0.000000e+00   0.000000e+00   2.367105e+02   1.683259e-10   1.143933e-04
1.016000e+02   -8.196377e+01   0.000000e+00   0.000000e+00   2.373784e+02   1.656496e-10   1.128922e-04
1.017000e+02   -8.229207e+01   0.000000e+00   0.000000e+00   2.380514e+02   1.630217e-10   1.114162e-04
1.018000e+02   -8.204438e+01   0.000000e+00   0.000000e+00   2.387299e+02   1.604411e-10   1.099650e-04
1.019000e+02   -8.145292e+01   0.000000e+00   0.000000e+00   2.394144e+02   1.579067e-10   1.085383e-04
1.020000e+02   -8.064800e+01   0.000000e+00   0.000000e+00   2.401053e+02   1.554176e-10   1.071357e-04
1.021000e+02   -7.975990e+01   0.000000e+00   0.000000e+00   2.408031e+02   1.529727e-10   1.057568e-04
1.022000e+02   -7.890901e+01   0.000000e+00   0.000000e+00   2.415082e+02   1.505711e-10   1.044013e-04
1.023000e+02   -7.796075e+01   0.000000e+00   0.000000e+00   2.422211e+02   1.482118e-10   1.030688e-04
1.024000e+02   -7.687698e+01   0.000000e+00   0.000000e+00   2.429422e+02   1.458939e-10   1.017589e-04
1.025000e+02   -7.572011e+01   0.000000e+00   0.000000e+00   2.436719e+02   1.436164e-10   1.004713e-04
1.026000e+02   -7.455258e+01   0.000000e+00   0.000000e+00   2.444108e+02   1.413785e-10   9.920556e-05
1.027000e+02   -7.343380e+01   0.000000e+00   0.000000e+00   2.451591e+02   1.391793e-10   9.796139e-05
1.028000e+02   -7.231879e+01   0.000000e+00   0.000000e+00   2.459174e+02   1.370179e-10   9.673840e-05
1.029000e+02   -7.118798e+01   0.000000e+00   0.000000e+00   2.466862e+02   1.348935e-10   9.553623e-05
1.030000e+02   -7.006531e+01   0.000000e+00   0.000000e+00   2.474658e+02   1.328052e-10   9.435450e-05
1.031000e+02   -6.897475e+01   0.000000e+00   0.000000e+00   2.482568e+02   1.307523e-10   9.319287e-05
1.032000e+02   -6.793885e+01   0.000000e+00   0.000000e+00   2.490595e+02   1.287339e-10   9.205095e-05
1.033000e+02   -6.691912e+01   0.000000e+00   0.000000e+00   2.498743e+02   1.267493e-10   9.092840e-05
1.034000e+02   -6.590944e+01   0.000000e+00   0.000000e+00   2.507019e+02   1.247977e-10   8.982484e-05
1.035000e+02   -6.493885e+01   0.000000e+00   0.000000e+00   2.515425e+02   1.228783e-10   8.873992e-05
1.036000e+02   -6.403638e+01   0.000000e+00   0.000000e+00   2.523966e+02   1.209905e-10   8.767326e-05
1.037000e+02   -6.322903e+01   0.000000e+00   0.000000e+00   2.532647e+02   1.191334e-10   8.662451e-05
1.038000e+02   -6.241685e+01   0.000000e+00   0.000000e+00   2.541473e+02   1.173065e-10   8.559330e-05
1.039000e+02   -6.159356e+01   0.000000e+00   0.000000e+00   2.550447e+02   1.155089e-10   8.457926e-05
1.040000e+02   -6.084644e+01   0.000000e+00   0.000000e+00   2.559574e+02   1.137399e-10   8.358203e-05
1.041000e+02   -6.026280e+01   0.000000e+00   0.000000e+00   2.568858e+02   1.119990e-10   8.260126e-05
1.042000e+02   -5.993406e+01   0.000000e+00   0.000000e+00   2.578305e+02   1.102854e-10   8.163657e-05
1.043000e+02   -6.033178e+01   0.000000e+00   0.000000e+00   2.587917e+02   1.085985e-10   8.068759e-05
1.044000e+02   -6.142740e+01   0.000000e+00   0.000000e+00   2.597701e+02   1.069377e-10   7.975398e-05
1.045000e+02   -6.278578e+01   0.000000e+00   0.000000e+00   2.607660e+02   1.053023e-10   7.883536e-05
1.046000e+02   -6.397177e+01   0.000000e+00   0.000000e+00   2.617798e+02   1.036916e-10   7.793136e-05
1.047000e+02   -6.455239e+01   0.000000e+00   0.000000e+00   2.628121e+02   1.021052e-10   7.704164e-05
1.048000e+02   -6.472341e+01   0.000000e+00   0.000000e+00   2.638632e+02   1.005423e-10   7.616581e-05
1.049000e+02   -6.482387e+01   0.000000e+00   0.000000e+00   2.649336e+02   9.900243e-11   7.530352e-05
1.050000e+02   -6.482186e+01   0.000000e+00   0.000000e+00   2.660238e+02   9.748495e-11   7.445440e-05
1.051000e+02   -6.468542e+01   0.000000e+00   0.000000e+00   2.671341e+02   9.598931e-11   7.361810e-05
1.052000e+02   -6.438256e+01   0.000000e+00   0.000000e+00   2.682651e+02   9.451494e-11   7.279423e-05
1.053000e+02   -6.382476e+01   0.000000e+00   0.000000e+00   2.694171e+02   9.306133e-11   7.198247e-05
1.054000e+02   -6.300622e+01   0.000000e+00   0.000000e+00   2.705900e+02   9.162833e-11   7.118259e-05
1.055000e+02   -6.200527e+01   0.000000e+00   0.000000e+00   2.717834e+02   9.021591e-11   7.039445e-05
1.056000e+02   -6.090025e+01   0.000000e+00   0.000000e+00   2.729971e+02   8.882406e-11   6.961791e-05
1.057000e+02   -5.976948e+01   0.000000e+00   0.000000e+00   2.742306e+02   8.745272e-11   6.885280e-05
1.058000e+02   -5.853166e+01   0.000000e+00   0.000000e+00   2.754836e+02   8.610185e-11   6.809899e-05
1.059000e+02   -5.710521e+01   0.000000e+00   0.000000e+00   2.767559e+02   8.477138e-11   6.735633e-05
1.060000e+02   -5.556807e+01   0.000000e+00   0.000000e+00   2.780469e+02   8.346120e-11   6.662467e-05
1.061000e+02   -5.399822e+01   0.000000e+00   0.000000e+00   2.793564e+02   8.217124e-11   6.590386e-05
1.062000e+02   -5.247360e+01   0.000000e+00   0.000000e+00   2.806841e+02   8.090136e-11   6.519376e-05
1.063000e+02   -5.086478e+01   0.000000e+00   0.000000e+00   2.820295e+02   7.965147e-11   6.449421e-05
1.064000e+02   -4.910159e+01   0.000000e+00   0.000000e+00   2.833924e+02   7.842140e-11   6.380508e-05
1.065000e+02   -4.739843e+01   0.000000e+00   0.000000e+00   2.847724e+02   7.721104e-11   6.312620e-05
1.066000e+02   -4.596996e+01   0.000000e+00   0.000000e+00   2.861692e+02   7.602020e-11   6.245745e-05
1.067000e+02   -4.503084e+01   0.000000e+00   0.000000e+00   2.875823e+02   7.484874e-11   6.179865e-05
1.068000e+02   -4.455721e+01   0.000000e+00   0.000000e+00   2.890115e+02   7.369648e-11   6.114968e-05
1.069000e+02   -4.425429e+01   0.000000e+00   0.000000e+00   2.904564e+02   7.256323e-11   6.051039e-05
1.070000e+02   -4.401227e+01   0.000000e+00   0.000000e+00   2.919167e+02   7.144880e-11   5.988061e-05
1.071000e+02   -4.372233e+01   0.000000e+00   0.000000e+00   2.933920e+02   7.035300e-11   5.926022e-05
1.072000e+02   -4.327563e+01   0.000000e+00   0.000000e+00   2.948820e+02   6.927561e-11   5.864905e-05
1.073000e+02   -4.260412e+01   0.000000e+00   0.000000e+00   2.963863e+02   6.821644e-11   5.804696e-05
1.074000e+02   -4.174722e+01   0.000000e+00   0.000000e+00   2.979046e+02   6.717526e-11   5.745381e-05
1.075000e+02   -4.074402e+01   0.000000e+00   0.000000e+00   2.994365e+02   6.615184e-11   5.686945e-05
1.076000e+02   -3.963340e+01   0.000000e+00   0.000000e+00   3.009817e+02   6.514597e-11   5.629373e-05
1.077000e+02   -3.845419e+01   0.000000e+00   0.000000e+00   3.025398e+02   6.415740e-11   5.572649e-05
1.078000e+02   -3.699396e+01   0.000000e+00   0.000000e+00   3.041106e+02   6.318591e-11   5.516761e-05
1.079000e+02   -3.499297e+01   0.000000e+00   0.000000e+00   3.056936e+02   6.223124e-11   5.461691e-05
1.080000e+02   -3.267859e+01   0.000000e+00   0.000000e+00   3.072885e+02   6.129316e-11   5.407427e-05
1.081000e+02   -3.028470e+01   0.000000e+00   0.000000e+00   3.088950e+02   6.037142e-11   5.353953e-05
1.082000e+02   -2.804521e+01   0.000000e+00   0.000000e+00   3.105126e+02   5.946576e-11   5.301254e-05
1.083000e+02   -2.600650e+01   0.000000e+00   0.000000e+00   3.121412e+02   5.857594e-11   5.249316e-05
1.084000e+02   -2.395987e+01   0.000000e+00   0.000000e+00   3.137802e+02   5.770171e-11   5.198124e-05
1.085000e+02   -2.195834e+01   0.000000e+00   0.000000e+00   3.154295e+02   5.684280e-11   5.147663e-05
1.086000e+02   -2.006165e+01   0.000000e+00   0.000000e+00   3.170885e+02   5.599896e-11   5.097918e-05
1.087000e+02   -1.832950e+01   0.000000e+00   0.000000e+00   3.187571e+02   5.516992e-11   5.048875e-05
1.088000e+02   -1.681859e+01   0.000000e+00   0.000000e+00   3.204348e+02   5.435544e-11   5.000518e-05
1.089000e+02   -1.549360e+01   0.000000e+00   0.000000e+00   3.221212e+02   5.355525e-11   4.952834e-05
1.090000e+02   -1.425072e+01   0.000000e+00   0.000000e+00   3.238162e+02   5.276909e-11   4.905807e-05
1.091000e+02   -1.298519e+01   0.000000e+00   0.000000e+00   3.255192e+02   5.199670e-11   4.859423e-05
1.092000e+02   -1.159230e+01   0.000000e+00   0.000000e+00   3.272299e+02   5.123782e-11   4.813667e-05
1.093000e+02   -9.805359e+00   0.000000e+00   0.000000e+00   3.289481e+02   5.049218e-11   4.768523e-05
1.094000e+02   -7.449655e+00   0.000000e+00   0.000000e+00   3.306733e+02   4.975954e-11   4.723978e-05
1.095000e+02   -4.984714e+00   0.000000e+00   0.000000e+00   3.324053e+02   4.903962e-11   4.680016e-05
1.096000e+02   -2.890368e+00   0.000000e+00   0.000000e+00   3.341436e+02   4.833218e-11   4.636624e-05
1.097000e+02   -1.646451e+00   0.000000e+00   0.000000e+00   3.358879e+02   4.763695e-11   4.593785e-05
1.098000e+02   -1.345456e+00   0.000000e+00   0.000000e+00   3.376379e+02   4.695367e-11   4.551485e-05
1.099000e+02   -1.216489e+00   0.000000e+00   0.000000e+00   3.393933e+02   4.628210e-11   4.509710e-05
1.100000e+02   -1.197254e+00   0.000000e+00   0.000000e+00   3.411536e+02   4.562198e-11   4.468445e-05
1.101000e+02   -1.270782e+00   0.000000e+00   0.000000e+00   3.429185e+02   4.497306e-11   4.427675e-05
1.102000e+02   -1.420086e+00   0.000000e+00   0.000000e+00   3.446878e+02   4.433508e-11   4.387385e-05
1.103000e+02   -1.714643e+00   0.000000e+00   0.000000e+00   3.464609e+02   4.370786e-11   4.347565e-05
1.104000e+02   -2.356622e+00   0.000000e+00   0.000000e+00   3.482376e+02   4.309123e-11   4.308211e-05
1.105000e+02   -3.278179e+00   0.000000e+00   0.000000e+00   3.500174e+02   4.248508e-11   4.269317e-05
1.106000e+02   -4.394462e+00   0.000000e+00   0.000000e+00   3.517998e+02   4.188925e-11   4.230878e-05
1.107000e+02   -5.620622e+00   0.000000e+00   0.000000e+00   3.535845e+02   4.130361e-11   4.192891e-05
1.108000e+02   -6.981157e+00   0.000000e+00   0.000000e+00   3.553711e+02   4.072801e-11   4.155351e-05
1.109000e+02   -8.709189e+00   0.000000e+00   0.000000e+00   3.571592e+02   4.016231e-11   4.118252e-05
1.110000e+02   -1.066789e+01   0.000000e+00   0.000000e+00   3.589483e+02   3.960639e-11   4.081591e-05
1.111000e+02   -1.269159e+01   0.000000e+00   0.000000e+00   3.607381e+02   3.906008e-11   4.045363e-05
1.112000e+02   -1.461462e+01   0.000000e+00   0.000000e+00   3.625281e+02   3.852326e-11   4.009563e-05
1.113000e+02   -1.634593e+01   0.000000e+00   0.000000e+00   3.643179e+02   3.799578e-11   3.974186e-05
1.114000e+02   -1.805113e+01   0.000000e+00   0.000000e+00   3.661071e+02   3.747750e-11   3.939229e-05
1.115000e+02   -1.971902e+01   0.000000e+00   0.000000e+00   3.678954e+02   3.696829e-11   3.904685e-05
1.116000e+02   -2.131637e+01   0.000000e+00   0.000000e+00   3.696822e+02   3.646800e-11   3.870552e-05
1.117000e+02   -2.280992e+01   0.000000e+00   0.000000e+00   3.714672e+02   3.597650e-11   3.836823e-05
1.118000e+02   -2.423477e+01   0.000000e+00   0.000000e+00   3.732500e+02   3.549365e-11   3.803495e-05
1.119000e+02   -2.577098e+01   0.000000e+00   0.000000e+00   3.750302e+02   3.501931e-11   3.770563e-05
1.120000e+02   -2.726143e+01   0.000000e+00   0.000000e+00   3.768073e+02   3.455335e-11   3.738022e-05
1.121000e+02   -2.851441e+01   0.000000e+00   0.000000e+00   3.785810e+02   3.409563e-11   3.705868e-05
1.122000e+02   -2.933822e+01   0.000000e+00   0.000000e+00   3.803508e+02   3.364602e-11   3.674095e-05
1.123000e+02   -2.964038e+01   0.000000e+00   0.000000e+00   3.821163e+02   3.320439e-11   3.642701e-05
1.124000e+02   -2.977830e+01   0.000000e+00   0.000000e+00   3.838772e+02   3.277060e-11   3.611678e-05
1.125000e+02   -2.982760e+01   0.000000e+00   0.000000e+00   3.856330e+02   3.234452e-11   3.581024e-05
1.126000e+02   -2.981265e+01   0.000000e+00   0.000000e+00   3.873833e+02   3.192603e-11   3.550734e-05
1.127000e+02   -2.975781e+01   0.000000e+00   0.000000e+00   3.891276e+02   3.151499e-11   3.520802e-05
1.128000e+02   -2.958842e+01   0.000000e+00   0.000000e+00   3.908657e+02   3.111128e-11   3.491225e-05
1.129000e+02   -2.892877e+01   0.000000e+00   0.000000e+00   3.925970e+02   3.071478e-11   3.461997e-05
1.130000e+02   -2.802553e+01   0.000000e+00   0.000000e+00   3.943212e+02   3.032535e-11   3.433115e-05
1.131000e+02   -2.721240e+01   0.000000e+00   0.000000e+00   3.960379e+02   2.994288e-11   3.404573e-05
1.132000e+02   -2.682307e+01   0.000000e+00   0.000000e+00   3.977465e+02   2.956724e-11   3.376366e-05
1.133000e+02   -2.717306e+01   0.000000e+00   0.000000e+00   3.994469e+02   2.919832e-11   3.348491e-05
1.134000e+02   -2.822932e+01   0.000000e+00   0.000000e+00   4.011384e+02   2.883599e-11   3.320943e-05
1.135000e+02   -2.964891e+01   0.000000e+00   0.000000e+00   4.028208e+02   2.848013e-11   3.293717e-05
1.136000e+02   -3.107846e+01   0.000000e+00   0.000000e+00   4.044936e+02   2.813064e-11   3.266808e-05
1.137000e+02   -3.216460e+01   0.000000e+00   0.000000e+00   4.061564e+02   2.778739e-11   3.240211e-05
1.138000e+02   -3.262394e+01   0.000000e+00   0.000000e+00   4.078087e+02   2.745027e-11   3.213923e-05
1.139000e+02   -3.275636e+01   0.000000e+00   0.000000e+00   4.094503e+02   2.711917e-11   3.187938e-05
1.140000e+02   -3.275671e+01   0.000000e+00   0.000000e+00   4.110806e+02   2.679398e-11   3.162253e-05
1.141000e+02   -3.275119e+01   0.000000e+00   0.000000e+00   4.126993e+02   2.647459e-11   3.136861e-05
1.142000e+02   -3.286596e+01   0.000000e+00   0.000000e+00   4.143059e+02   2.616089e-11   3.111759e-05
1.143000e+02   -3.328019e+01   0.000000e+00   0.000000e+00   4.159001e+02   2.585278e-11   3.086943e-05
1.144000e+02   -3.436713e+01   0.000000e+00   0.000000e+00   4.174814e+02   2.555014e-11   3.062406e-05
1.145000e+02   -3.586357e+01   0.000000e+00   0.000000e+00   4.190495e+02   2.525288e-11   3.038146e-05
1.146000e+02   -3.738853e+01   0.000000e+00   0.000000e+00   4.206038e+02   2.496090e-11   3.014157e-05
1.147000e+02   -3.856107e+01   0.000000e+00   0.000000e+00   4.221441e+02   2.467409e-11   2.990434e-05
1.148000e+02   -3.902248e+01   -0.000000e+00   -0.000000e+00   4.236698e+02   2.439236e-11   2.966973e-05
1.149000e+02   -3.880681e+01   -0.000000e+00   -0.000000e+00   4.251806e+02   2.411560e-11   2.943770e-05
1.150000e+02   -3.818423e+01   -0.000000e+00   -0.000000e+00   4.266762e+02   2.384372e-11   2.920819e-05
1.151000e+02   -3.741318e+01   -0.000000e+00   -0.000000e+00   4.281559e+02   2.357662e-11   2.898117e-05
1.152000e+02   -3.675207e+01   -0.000000e+00   -0.000000e+00   4.296196e+02   2.331421e-11   2.875658e-05
1.153000e+02   -3.642946e+01   -0.000000e+00   -0.000000e+00   4.310667e+02   2.305640e-11   2.853438e-05
1.154000e+02   -3.628324e+01   -0.000000e+00   -0.000000e+00   4.324968e+02   2.280310e-11   2.831452e-05
1.155000e+02   -3.619648e+01   -0.000000e+00   -0.000000e+00   4.339096e+02   2.255421e-11   2.809696e-05
1.156000e+02   -3.612080e+01   -0.000000e+00   -0.000000e+00   4.353045e+02   2.230965e-11   2.788165e-05
1.157000e+02   -3.600781e+01   -0.000000e+00   -0.000000e+00   4.366813e+02   2.206933e-11   2.766854e-05
1.158000e+02   -3.581237e+01   -0.000000e+00   -0.000000e+00   4.380395e+02   2.183317e-11   2.745759e-05
1.159000e+02   -3.554558e+01   -0.000000e+00   -0.000000e+00   4.393787e+02   2.160107e-11   2.724875e-05
1.160000e+02   -3.522670e+01   -0.000000e+00   -0.000000e+00   4.406985e+02   2.137296e-11   2.704198e-05
1.161000e+02   -3.486644e+01   -0.000000e+00   -0.000000e+00   4.419984e+02   2.114875e-11   2.683723e-05
1.162000e+02   -3.447550e+01   -0.000000e+00   -0.000000e+00   4.432781e+02   2.092835e-11   2.663445e-05
1.163000e+02   -3.405210e+01   -0.000000e+00   -0.000000e+00   4.445376e+02   2.071170e-11   2.643361e-05
1.164000e+02   -3.344823e+01   -0.000000e+00   -0.000000e+00   4.457771e+02   2.049868e-11   2.623470e-05
1.165000e+02   -3.274849e+01   -0.000000e+00   -0.000000e+00   4.469973e+02   2.028921e-11   2.603769e-05
1.166000e+02   -3.212047e+01   -0.000000e+00   -0.000000e+00   4.481984e+02   2.008320e-11   2.584257e-05
1.167000e+02   -3.173177e+01   -0.000000e+00   -0.000000e+00   4.493811e+02   1.988057e-11   2.564933e-05
1.168000e+02   -3.174973e+01   -0.000000e+00   -0.000000e+00   4.505456e+02   1.968123e-11   2.545794e-05
1.169000e+02   -3.224878e+01   -0.000000e+00   -0.000000e+00   4.516925e+02   1.948509e-11   2.526839e-05
1.170000e+02   -3.309274e+01   -0.000000e+00   -0.000000e+00   4.528222e+02   1.929208e-11   2.508067e-05
1.171000e+02   -3.411743e+01   -0.000000e+00   -0.000000e+00   4.539351e+02   1.910213e-11   2.489476e-05
1.172000e+02   -3.515868e+01   -0.000000e+00   -0.000000e+00   4.550317e+02   1.891516e-11   2.471064e-05
1.173000e+02   -3.606662e+01   -0.000000e+00   -0.000000e+00   4.561125e+02   1.873109e-11   2.452830e-05
1.174000e+02   -3.703852e+01   -0.000000e+00   -0.000000e+00   4.571778e+02   1.854987e-11   2.434772e-05
1.175000e+02   -3.808018e+01   -0.000000e+00   -0.000000e+00   4.582282e+02   1.837141e-11   2.416888e-05
1.176000e+02   -3.904442e+01   -0.000000e+00   -0.000000e+00   4.592640e+02   1.819565e-11   2.399178e-05
1.177000e+02   -3.978412e+01   -0.000000e+00   -0.000000e+00   4.602858e+02   1.802253e-11   2.381638e-05
1.178000e+02   -4.016049e+01   -0.000000e+00   -0.000000e+00   4.612939e+02   1.785199e-11   2.364268e-05
1.179000e+02   -4.034271e+01   -0.000000e+00   -0.000000e+00   4.622889e+02   1.768396e-11   2.347066e-05
1.180000e+02   -4.046626e+01   -0.000000e+00   -0.000000e+00   4.632710e+02   1.751838e-11   2.330030e-05
1.181000e+02   -4.055033e+01   -0.000000e+00   -0.000000e+00   4.642409e+02   1.735520e-11   2.313159e-05
1.182000e+02   -4.061412e+01   -0.000000e+00   -0.000000e+00   4.651990e+02   1.719436e-11   2.296451e-05
1.183000e+02   -4.067618e+01   -0.000000e+00   -0.000000e+00   4.661456e+02   1.703581e-11   2.279904e-05
1.184000e+02   -4.072388e+01   -0.000000e+00   -0.000000e+00   4.670812e+02   1.687948e-11   2.263518e-05
1.185000e+02   -4.075163e+01   -0.000000e+00   -0.000000e+00   4.680064e+02   1.672534e-11   2.247289e-05
1.186000e+02   -4.076883e+01   -0.000000e+00   -0.000000e+00   4.689214e+02   1.657332e-11   2.231217e-05
1.187000e+02   -4.078487e+01   -0.000000e+00   -0.000000e+00   4.698269e+02   1.642338e-11   2.215301e-05
1.188000e+02   -4.080979e+01   -0.000000e+00   -0.000000e+00   4.707231e+02   1.627547e-11   2.199537e-05
1.189000e+02   -4.088604e+01   -0.000000e+00   -0.000000e+00   4.716106e+02   1.612954e-11   2.183925e-05
1.190000e+02   -4.099816e+01   -0.000000e+00   -0.000000e+00   4.724898e+02   1.598554e-11   2.168464e-05
1.191000e+02   -4.109499e+01   -0.000000e+00   -0.000000e+00   4.733612e+02   1.584344e-11   2.153151e-05
1.192000e+02   -4.112541e+01   -0.000000e+00   -0.000000e+00   4.742251e+02   1.570318e-11   2.137985e-05
1.193000e+02   -4.103627e+01   -0.000000e+00   -0.000000e+00   4.750821e+02   1.556473e-11   2.122964e-05
1.194000e+02   -4.058102e+01   -0.000000e+00   -0.000000e+00   4.759326e+02   1.542803e-11   2.108087e-05
1.195000e+02   -3.972484e+01   -0.000000e+00   -0.000000e+00   4.767770e+02   1.529306e-11   2.093351e-05
1.196000e+02   -3.862364e+01   -0.000000e+00   -0.000000e+00   4.776158e+02   1.515977e-11   2.078756e-05
1.197000e+02   -3.743336e+01   -0.000000e+00   -0.000000e+00   4.784495e+02   1.502811e-11   2.064300e-05
1.198000e+02   -3.630831e+01   -0.000000e+00   -0.000000e+00   4.792784e+02   1.489806e-11   2.049982e-05
1.199000e+02   -3.501743e+01   -0.000000e+00   -0.000000e+00   4.801030e+02   1.476958e-11   2.035798e-05
1.200000e+02   -3.349872e+01   -0.000000e+00   -0.000000e+00   4.809237e+02   1.464262e-11   2.021749e-05
1.201000e+02   -3.202376e+01   -0.000000e+00   -0.000000e+00   4.817411e+02   1.451715e-11   2.007832e-05
1.202000e+02   -3.086413e+01   -0.000000e+00   -0.000000e+00   4.825555e+02   1.439314e-11   1.994045e-05
1.203000e+02   -3.029132e+01   -0.000000e+00   -0.000000e+00   4.833674e+02   1.427055e-11   1.980388e-05
1.204000e+02   -3.039585e+01   -0.000000e+00   -0.000000e+00   4.841773e+02   1.414934e-11   1.966858e-05
1.205000e+02   -3.094604e+01   -0.000000e+00   -0.000000e+00   4.849855e+02   1.402950e-11   1.953454e-05
1.206000e+02   -3.171299e+01   -0.000000e+00   -0.000000e+00   4.857926e+02   1.391097e-11   1.940174e-05
1.207000e+02   -3.246780e+01   -0.000000e+00   -0.000000e+00   4.865989e+02   1.379374e-11   1.927017e-05
1.208000e+02   -3.298159e+01   -0.000000e+00   -0.000000e+00   4.874050e+02   1.367777e-11   1.913981e-05
1.209000e+02   -3.331061e+01   -0.000000e+00   -0.000000e+00   4.882112e+02   1.356303e-11   1.901064e-05
1.210000e+02   -3.362638e+01   -0.000000e+00   -0.000000e+00   4.890180e+02   1.344948e-11   1.888265e-05
1.211000e+02   -3.387287e+01   -0.000000e+00   -0.000000e+00   4.898259e+02   1.333711e-11   1.875582e-05
1.212000e+02   -3.399405e+01   -0.000000e+00   -0.000000e+00   4.906353e+02   1.322588e-11   1.863013e-05
1.213000e+02   -3.393390e+01   -0.000000e+00   -0.000000e+00   4.914467e+02   1.311577e-11   1.850557e-05
1.214000e+02   -3.374911e+01   -0.000000e+00   -0.000000e+00   4.922604e+02   1.300674e-11   1.838213e-05
1.215000e+02   -3.354685e+01   -0.000000e+00   -0.000000e+00   4.930770e+02   1.289877e-11   1.825978e-05
1.216000e+02   -3.332517e+01   -0.000000e+00   -0.000000e+00   4.938968e+02   1.279184e-11   1.813851e-05
1.217000e+02   -3.308202e+01   -0.000000e+00   -0.000000e+00   4.947204e+02   1.268591e-11   1.801830e-05
1.218000e+02   -3.281532e+01   -0.000000e+00   -0.000000e+00   4.955482e+02   1.258097e-11   1.789915e-05
1.219000e+02   -3.235623e+01   -0.000000e+00   -0.000000e+00   4.963806e+02   1.247698e-11   1.778102e-05
1.220000e+02   -3.157597e+01   -0.000000e+00   -0.000000e+00   4.972180e+02   1.237393e-11   1.766391e-05
1.221000e+02   -3.061374e+01   -0.000000e+00   -0.000000e+00   4.980610e+02   1.227179e-11   1.754780e-05
1.222000e+02   -2.960970e+01   -0.000000e+00   -0.000000e+00   4.989099e+02   1.217053e-11   1.743267e-05
1.223000e+02   -2.870398e+01   -0.000000e+00   -0.000000e+00   4.997652e+02   1.207013e-11   1.731851e-05
1.224000e+02   -2.786870e+01   -0.000000e+00   -0.000000e+00   5.006273e+02   1.197058e-11   1.720529e-05
1.225000e+02   -2.697398e+01   -0.000000e+00   -0.000000e+00   5.014968e+02   1.187184e-11   1.709302e-05
1.226000e+02   -2.611610e+01   -0.000000e+00   -0.000000e+00   5.023739e+02   1.177391e-11   1.698166e-05
1.227000e+02   -2.539331e+01   -0.000000e+00   -0.000000e+00   5.032593e+02   1.167674e-11   1.687120e-05
1.228000e+02   -2.490388e+01   -0.000000e+00   -0.000000e+00   5.041533e+02   1.158034e-11   1.676163e-05
1.229000e+02   -2.460638e+01   -0.000000e+00   -0.000000e+00   5.050563e+02   1.148466e-11   1.665292e-05
1.230000e+02   -2.431282e+01   -0.000000e+00   -0.000000e+00   5.059689e+02   1.138971e-11   1.654507e-05
1.231000e+02   -2.401982e+01   -0.000000e+00   -0.000000e+00   5.068914e+02   1.129544e-11   1.643806e-05
1.232000e+02   -2.372698e+01   -0.000000e+00   -0.000000e+00   5.078244e+02   1.120186e-11   1.633187e-05
1.233000e+02   -2.343392e+01   -0.000000e+00   -0.000000e+00   5.087682e+02   1.110892e-11   1.622648e-05
1.234000e+02   -2.303620e+01   -0.000000e+00   -0.000000e+00   5.097232e+02   1.101664e-11   1.612188e-05
1.235000e+02   -2.240454e+01   -0.000000e+00   -0.000000e+00   5.106895e+02   1.092498e-11   1.601807e-05
1.236000e+02   -2.164561e+01   -0.000000e+00   -0.000000e+00   5.116669e+02   1.083397e-11   1.591503e-05
1.237000e+02   -2.087075e+01   -0.000000e+00   -0.000000e+00   5.126553e+02   1.074360e-11   1.581276e-05
1.238000e+02   -2.019131e+01   -0.000000e+00   -0.000000e+00   5.136543e+02   1.065388e-11   1.571126e-05
1.239000e+02   -1.965825e+01   -0.000000e+00   -0.000000e+00   5.146640e+02   1.056480e-11   1.561052e-05
1.240000e+02   -1.918058e+01   -0.000000e+00   -0.000000e+00   5.156840e+02   1.047638e-11   1.551055e-05
1.241000e+02   -1.872290e+01   -0.000000e+00   -0.000000e+00   5.167143e+02   1.038860e-11   1.541132e-05
1.242000e+02   -1.825259e+01   -0.000000e+00   -0.000000e+00   5.177546e+02   1.030148e-11   1.531285e-05
1.243000e+02   -1.773705e+01   -0.000000e+00   -0.000000e+00   5.188048e+02   1.021502e-11   1.521513e-05
1.244000e+02   -1.713387e+01   -0.000000e+00   -0.000000e+00   5.198647e+02   1.012922e-11   1.511815e-05
1.245000e+02   -1.642520e+01   -0.000000e+00   -0.000000e+00   5.209341e+02   1.004407e-11   1.502190e-05
1.246000e+02   -1.564871e+01   -0.000000e+00   -0.000000e+00   5.220128e+02   9.959583e-12   1.492639e-05
1.247000e+02   -1.484365e+01   -0.000000e+00   -0.000000e+00   5.231008e+02   9.875757e-12   1.483160e-05
1.248000e+02   -1.404923e+01   -0.000000e+00   -0.000000e+00   5.241977e+02   9.792591e-12   1.473754e-05
1.249000e+02   -1.328997e+01   -0.000000e+00   -0.000000e+00   5.253035e+02   9.710087e-12   1.464420e-05
1.250000e+02   -1.253996e+01   -0.000000e+00   -0.000000e+00   5.264179e+02   9.628245e-12   1.455158e-05
1.251000e+02   -1.178323e+01   -0.000000e+00   -0.000000e+00   5.275408e+02   9.547065e-12   1.445967e-05
1.252000e+02   -1.100508e+01   -0.000000e+00   -0.000000e+00   5.286720e+02   9.466547e-12   1.436846e-05
1.253000e+02   -1.019086e+01   -0.000000e+00   -0.000000e+00   5.298113e+02   9.386690e-12   1.427796e-05
1.254000e+02   -9.268685e+00   -0.000000e+00   -0.000000e+00   5.309586e+02   9.307494e-12   1.418815e-05
1.255000e+02   -8.148451e+00   -0.000000e+00   -0.000000e+00   5.321136e+02   9.228959e-12   1.409904e-05
1.256000e+02   -6.989616e+00   -0.000000e+00   -0.000000e+00   5.332763e+02   9.151083e-12   1.401061e-05
1.257000e+02   -5.964962e+00   -0.000000e+00   -0.000000e+00   5.344464e+02   9.073867e-12   1.392287e-05
1.258000e+02   -5.247269e+00   -0.000000e+00   -0.000000e+00   5.356237e+02   8.997309e-12   1.383582e-05
1.259000e+02   -4.888404e+00   -0.000000e+00   -0.000000e+00   5.368082e+02   8.921407e-12   1.374943e-05
1.260000e+02   -4.582545e+00   -0.000000e+00   -0.000000e+00   5.379995e+02   8.846161e-12   1.366372e-05
1.261000e+02   -4.290709e+00   -0.000000e+00   -0.000000e+00   5.391976e+02   8.771569e-12   1.357868e-05
1.262000e+02   -4.000716e+00   -0.000000e+00   -0.000000e+00   5.404022e+02   8.697629e-12   1.349430e-05
1.263000e+02   -3.700388e+00   -0.000000e+00   -0.000000e+00   5.416133e+02   8.624340e-12   1.341058e-05
1.264000e+02   -3.377724e+00   -0.000000e+00   -0.000000e+00   5.428305e+02   8.551700e-12   1.332751e-05
1.265000e+02   -3.027982e+00   -0.000000e+00   -0.000000e+00   5.440538e+02   8.479707e-12   1.324509e-05
1.266000e+02   -2.653952e+00   -0.000000e+00   -0.000000e+00   5.452829e+02   8.408359e-12   1.316332e-05
1.267000e+02   -2.258704e+00   -0.000000e+00   -0.000000e+00   5.465177e+02   8.337653e-12   1.308219e-05
1.268000e+02   -1.845310e+00   -0.000000e+00   -0.000000e+00   5.477581e+02   8.267588e-12   1.300170e-05
1.269000e+02   -1.383868e+00   -0.000000e+00   -0.000000e+00   5.490037e+02   8.198161e-12   1.292183e-05
1.270000e+02   -7.831572e-01   -0.000000e+00   -0.000000e+00   5.502546e+02   8.129370e-12   1.284260e-05
1.271000e+02   -1.257310e-01   -0.000000e+00   -0.000000e+00   5.515104e+02   8.061211e-12   1.276399e-05
1.272000e+02   4.886215e-01   -0.000000e+00   -0.000000e+00   5.527711e+02   7.993682e-12   1.268600e-05
1.273000e+02   9.601116e-01   -0.000000e+00   -0.000000e+00   5.540363e+02   7.926781e-12   1.260862e-05
1.274000e+02   1.201551e+00   -0.000000e+00   -0.000000e+00   5.553061e+02   7.860505e-12   1.253185e-05
1.275000e+02   1.242727e+00   -0.000000e+00   -0.000000e+00   5.565801e+02   7.794849e-12   1.245569e-05
1.276000e+02   1.159505e+00   -0.000000e+00   -0.000000e+00   5.578583e+02   7.729813e-12   1.238013e-05
1.277000e+02   1.025818e+00   -0.000000e+00   -0.000000e+00   5.591404e+02   7.665391e-12   1.230517e-05
1.278000e+02   9.155973e-01   -0.000000e+00   -0.000000e+00   5.604263e+02   7.601582e-12   1.223080e-05
1.279000e+02   8.823984e-01   -0.000000e+00   -0.000000e+00   5.617157e+02   7.538381e-12   1.215702e-05
1.280000e+02   8.651182e-01   -0.000000e+00   -0.000000e+00   5.630086e+02   7.475786e-12   1.208382e-05
1.281000e+02   8.538956e-01   -0.000000e+00   -0.000000e+00   5.643047e+02   7.413793e-12   1.201120e-05
1.282000e+02   8.519045e-01   -0.000000e+00   -0.000000e+00   5.656039e+02   7.352398e-12   1.193916e-05
1.283000e+02   8.623185e-01   -0.000000e+00   -0.000000e+00   5.669060e+02   7.291598e-12   1.186769e-05
1.284000e+02   8.921812e-01   -0.000000e+00   -0.000000e+00   5.682109e+02   7.231390e-12   1.179678e-05
1.285000e+02   9.567942e-01   -0.000000e+00   -0.000000e+00   5.695182e+02   7.171769e-12   1.172644e-05
1.286000e+02   1.034852e+00   -0.000000e+00   -0.000000e+00   5.708280e+02   7.112731e-12   1.165666e-05
1.287000e+02   1.099947e+00   -0.000000e+00   -0.000000e+00   5.721399e+02   7.054274e-12   1.158743e-05
1.288000e+02   1.125672e+00   -0.000000e+00   -0.000000e+00   5.734539e+02   6.996394e-12   1.151874e-05
1.289000e+02   1.069199e+00   -0.000000e+00   -0.000000e+00   5.747697e+02   6.939085e-12   1.145061e-05
1.290000e+02   8.340196e-01   -0.000000e+00   -0.000000e+00   5.760872e+02   6.882345e-12   1.138301e-05
1.291000e+02   4.860632e-01   -0.000000e+00   -0.000000e+00   5.774062e+02   6.826169e-12   1.131595e-05
1.292000e+02   1.183672e-01   -0.000000e+00   -0.000000e+00   5.787265e+02   6.770554e-12   1.124942e-05
1.293000e+02   -1.760309e-01   -0.000000e+00   -0.000000e+00   5.800480e+02   6.715495e-12   1.118341e-05
1.294000e+02   -3.231704e-01   -0.000000e+00   -0.000000e+00   5.813705e+02   6.660988e-12   1.111793e-05
1.295000e+02   -4.127904e-01   -0.000000e+00   -0.000000e+00   5.826937e+02   6.607030e-12   1.105297e-05
1.296000e+02   -4.709695e-01   -0.000000e+00   -0.000000e+00   5.840176e+02   6.553615e-12   1.098852e-05
1.297000e+02   -4.960546e-01   -0.000000e+00   -0.000000e+00   5.853419e+02   6.500740e-12   1.092458e-05
1.298000e+02   -4.863926e-01   -0.000000e+00   -0.000000e+00   5.866666e+02   6.448401e-12   1.086115e-05
1.299000e+02   -4.399542e-01   -0.000000e+00   -0.000000e+00   5.879913e+02   6.396593e-12   1.079822e-05
1.300000e+02   -3.576891e-01   -0.000000e+00   -0.000000e+00   5.893159e+02   6.345312e-12   1.073578e-05
