#% 0, Z0, m, 0.0
#% 1, Z, km
#% 2, U, m/s
#% 3, V, m/s
#% 4, W, m/s
#% 5, T, degK
#% 6, RHO, g/cm3
#% 7, P, mbar
0.000000e+00   -3.571006e+00   -0.000000e+00   -0.000000e+00   2.716662e+02   1.253289e-03   9.775053e+02
1.000000e-01   -4.146610e+00   -0.000000e+00   -0.000000e+00   2.706923e+02   1.242109e-03   9.653124e+02
2.000000e-01   -4.528446e+00   -0.000000e+00   -0.000000e+00   2.697319e+02   1.230968e-03   9.532600e+02
3.000000e-01   -4.789863e+00   -0.000000e+00   -0.000000e+00   2.687722e+02   1.219910e-03   9.413356e+02
4.000000e-01   -4.989184e+00   -0.000000e+00   -0.000000e+00   2.678109e+02   1.208932e-03   9.295278e+02
5.000000e-01   -5.122933e+00   -0.000000e+00   -0.000000e+00   2.668824e+02   1.197873e-03   9.178318e+02
6.000000e-01   -5.192353e+00   -0.000000e+00   -0.000000e+00   2.659737e+02   1.186792e-03   9.062455e+02
7.000000e-01   -5.214408e+00   -0.000000e+00   -0.000000e+00   2.650775e+02   1.175723e-03   8.947677e+02
8.000000e-01   -5.201002e+00   -0.000000e+00   -0.000000e+00   2.642247e+02   1.164529e-03   8.833972e+02
9.000000e-01   -5.149571e+00   -0.000000e+00   -0.000000e+00   2.634271e+02   1.153160e-03   8.721324e+02
1.000000e+00   -5.075114e+00   -0.000000e+00   -0.000000e+00   2.625978e+02   1.142000e-03   8.609726e+02
1.100000e+00   -4.974472e+00   -0.000000e+00   -0.000000e+00   2.617389e+02   1.131037e-03   8.499193e+02
1.200000e+00   -4.845761e+00   -0.000000e+00   -0.000000e+00   2.609361e+02   1.119911e-03   8.389770e+02
1.300000e+00   -4.706603e+00   -0.000000e+00   -0.000000e+00   2.602348e+02   1.108438e-03   8.281503e+02
1.400000e+00   -4.555553e+00   -0.000000e+00   -0.000000e+00   2.595153e+02   1.097134e-03   8.174384e+02
1.500000e+00   -4.387635e+00   -0.000000e+00   -0.000000e+00   2.588013e+02   1.085897e-03   8.068404e+02
1.600000e+00   -4.168470e+00   -0.000000e+00   -0.000000e+00   2.581940e+02   1.074311e-03   7.963581e+02
1.700000e+00   -3.837266e+00   -0.000000e+00   -0.000000e+00   2.577474e+02   1.062169e-03   7.859957e+02
1.800000e+00   -3.401520e+00   -0.000000e+00   -0.000000e+00   2.575014e+02   1.049328e-03   7.757530e+02
1.900000e+00   -2.890314e+00   -0.000000e+00   -0.000000e+00   2.574806e+02   1.035716e-03   7.656271e+02
2.000000e+00   -2.343592e+00   -0.000000e+00   -0.000000e+00   2.575587e+02   1.021862e-03   7.556155e+02
2.100000e+00   -1.829347e+00   -0.000000e+00   -0.000000e+00   2.574941e+02   1.008728e-03   7.457162e+02
2.200000e+00   -1.402930e+00   -0.000000e+00   -0.000000e+00   2.571590e+02   9.967849e-04   7.359283e+02
2.300000e+00   -1.051000e+00   -0.000000e+00   -0.000000e+00   2.567039e+02   9.854261e-04   7.262546e+02
2.400000e+00   -7.546366e-01   -0.000000e+00   -0.000000e+00   2.563051e+02   9.739723e-04   7.166979e+02
2.500000e+00   -4.817000e-01   -0.000000e+00   -0.000000e+00   2.559791e+02   9.623695e-04   7.072594e+02
2.600000e+00   -1.652720e-01   -0.000000e+00   -0.000000e+00   2.556455e+02   9.509264e-04   6.979388e+02
2.700000e+00   2.356594e-01   -0.000000e+00   -0.000000e+00   2.552508e+02   9.398375e-04   6.887352e+02
2.800000e+00   6.825193e-01   -0.000000e+00   -0.000000e+00   2.548227e+02   9.289921e-04   6.796457e+02
2.900000e+00   1.136227e+00   -0.000000e+00   -0.000000e+00   2.544020e+02   9.182355e-04   6.706670e+02
3.000000e+00   1.544206e+00   -0.000000e+00   -0.000000e+00   2.540051e+02   9.075062e-04   6.617964e+02
3.100000e+00   1.820281e+00   -0.000000e+00   -0.000000e+00   2.536219e+02   8.968402e-04   6.530317e+02
3.200000e+00   1.952193e+00   -0.000000e+00   -0.000000e+00   2.532411e+02   8.862768e-04   6.443709e+02
3.300000e+00   2.044882e+00   -0.000000e+00   -0.000000e+00   2.528537e+02   8.758446e-04   6.358121e+02
3.400000e+00   2.206345e+00   -0.000000e+00   -0.000000e+00   2.524608e+02   8.655389e-04   6.273545e+02
3.500000e+00   2.544753e+00   -0.000000e+00   -0.000000e+00   2.520657e+02   8.553473e-04   6.189972e+02
3.600000e+00   3.201340e+00   -0.000000e+00   -0.000000e+00   2.516718e+02   8.452577e-04   6.107395e+02
3.700000e+00   4.208498e+00   -0.000000e+00   -0.000000e+00   2.512823e+02   8.352586e-04   6.025808e+02
3.800000e+00   5.382142e+00   -0.000000e+00   -0.000000e+00   2.509016e+02   8.253351e-04   5.945196e+02
3.900000e+00   6.528854e+00   -0.000000e+00   -0.000000e+00   2.505343e+02   8.154711e-04   5.865542e+02
4.000000e+00   7.455167e+00   -0.000000e+00   -0.000000e+00   2.501851e+02   8.056509e-04   5.786830e+02
4.100000e+00   7.963106e+00   -0.000000e+00   -0.000000e+00   2.498587e+02   7.958595e-04   5.709042e+02
4.200000e+00   8.058544e+00   -0.000000e+00   -0.000000e+00   2.495591e+02   7.860847e-04   5.632161e+02
4.300000e+00   7.971967e+00   -0.000000e+00   -0.000000e+00   2.492881e+02   7.763211e-04   5.556168e+02
4.400000e+00   7.941514e+00   -0.000000e+00   -0.000000e+00   2.490474e+02   7.665645e-04   5.481042e+02
4.500000e+00   8.205323e+00   -0.000000e+00   -0.000000e+00   2.488387e+02   7.568108e-04   5.406765e+02
4.600000e+00   8.887843e+00   -0.000000e+00   -0.000000e+00   2.486632e+02   7.470567e-04   5.333318e+02
4.700000e+00   9.756616e+00   -0.000000e+00   -0.000000e+00   2.485132e+02   7.373279e-04   5.260688e+02
4.800000e+00   1.073469e+01   -0.000000e+00   -0.000000e+00   2.483644e+02   7.276983e-04   5.188874e+02
4.900000e+00   1.176051e+01   -0.000000e+00   -0.000000e+00   2.481911e+02   7.182431e-04   5.117878e+02
5.000000e+00   1.277251e+01   -0.000000e+00   -0.000000e+00   2.479673e+02   7.090339e-04   5.047702e+02
5.100000e+00   1.376340e+01   -0.000000e+00   -0.000000e+00   2.476672e+02   7.001387e-04   4.978345e+02
5.200000e+00   1.482650e+01   -0.000000e+00   -0.000000e+00   2.472741e+02   6.915980e-04   4.909810e+02
5.300000e+00   1.587156e+01   -0.000000e+00   -0.000000e+00   2.467918e+02   6.833924e-04   4.842093e+02
5.400000e+00   1.679461e+01   -0.000000e+00   -0.000000e+00   2.462273e+02   6.754956e-04   4.775196e+02
5.500000e+00   1.749172e+01   -0.000000e+00   -0.000000e+00   2.455878e+02   6.678826e-04   4.709115e+02
5.600000e+00   1.778232e+01   -0.000000e+00   -0.000000e+00   2.448802e+02   6.605294e-04   4.643849e+02
5.700000e+00   1.746485e+01   -0.000000e+00   -0.000000e+00   2.441124e+02   6.534106e-04   4.579397e+02
5.800000e+00   1.681414e+01   -0.000000e+00   -0.000000e+00   2.433009e+02   6.464777e-04   4.515747e+02
5.900000e+00   1.614239e+01   -0.000000e+00   -0.000000e+00   2.424666e+02   6.396712e-04   4.452881e+02
6.000000e+00   1.576182e+01   -0.000000e+00   -0.000000e+00   2.416305e+02   6.329330e-04   4.390782e+02
6.100000e+00   1.590202e+01   -0.000000e+00   -0.000000e+00   2.408137e+02   6.262065e-04   4.329433e+02
6.200000e+00   1.634060e+01   -0.000000e+00   -0.000000e+00   2.400370e+02   6.194367e-04   4.268817e+02
6.300000e+00   1.690902e+01   -0.000000e+00   -0.000000e+00   2.393174e+02   6.125813e-04   4.208917e+02
6.400000e+00   1.746677e+01   -0.000000e+00   -0.000000e+00   2.386480e+02   6.056593e-04   4.149718e+02
6.500000e+00   1.787458e+01   -0.000000e+00   -0.000000e+00   2.380139e+02   5.987099e-04   4.091204e+02
6.600000e+00   1.805055e+01   -0.000000e+00   -0.000000e+00   2.374003e+02   5.917709e-04   4.033362e+02
6.700000e+00   1.817720e+01   -0.000000e+00   -0.000000e+00   2.367921e+02   5.848790e-04   3.976176e+02
6.800000e+00   1.827985e+01   -0.000000e+00   -0.000000e+00   2.361745e+02   5.780693e-04   3.919631e+02
6.900000e+00   1.835413e+01   -0.000000e+00   -0.000000e+00   2.355331e+02   5.713742e-04   3.863713e+02
7.000000e+00   1.839068e+01   -0.000000e+00   -0.000000e+00   2.348624e+02   5.648043e-04   3.808412e+02
7.100000e+00   1.835526e+01   -0.000000e+00   -0.000000e+00   2.341637e+02   5.583542e-04   3.753718e+02
7.200000e+00   1.815364e+01   -0.000000e+00   -0.000000e+00   2.334382e+02   5.520182e-04   3.699625e+02
7.300000e+00   1.782976e+01   -0.000000e+00   -0.000000e+00   2.326873e+02   5.457909e-04   3.646123e+02
7.400000e+00   1.744641e+01   -0.000000e+00   -0.000000e+00   2.319124e+02   5.396670e-04   3.593206e+02
7.500000e+00   1.706640e+01   -0.000000e+00   -0.000000e+00   2.311148e+02   5.336411e-04   3.540866e+02
7.600000e+00   1.671513e+01   -0.000000e+00   -0.000000e+00   2.302966e+02   5.277070e-04   3.489094e+02
7.700000e+00   1.624902e+01   -0.000000e+00   -0.000000e+00   2.294635e+02   5.218500e-04   3.437887e+02
7.800000e+00   1.573636e+01   -0.000000e+00   -0.000000e+00   2.286232e+02   5.160523e-04   3.387243e+02
7.900000e+00   1.528436e+01   -0.000000e+00   -0.000000e+00   2.277833e+02   5.102966e-04   3.337159e+02
8.000000e+00   1.500024e+01   -0.000000e+00   -0.000000e+00   2.269513e+02   5.045663e-04   3.287632e+02
8.100000e+00   1.503353e+01   -0.000000e+00   -0.000000e+00   2.261348e+02   4.988450e-04   3.238661e+02
8.200000e+00   1.562585e+01   0.000000e+00   0.000000e+00   2.253414e+02   4.931173e-04   3.190242e+02
8.300000e+00   1.652344e+01   0.000000e+00   0.000000e+00   2.245787e+02   4.873679e-04   3.142373e+02
8.400000e+00   1.739659e+01   0.000000e+00   0.000000e+00   2.238541e+02   4.815823e-04   3.095052e+02
8.500000e+00   1.791929e+01   0.000000e+00   0.000000e+00   2.231722e+02   4.757538e-04   3.048280e+02
8.600000e+00   1.785180e+01   0.000000e+00   0.000000e+00   2.225321e+02   4.698887e-04   3.002065e+02
8.700000e+00   1.761767e+01   0.000000e+00   0.000000e+00   2.219321e+02   4.639947e-04   2.956416e+02
8.800000e+00   1.734105e+01   0.000000e+00   0.000000e+00   2.213707e+02   4.580795e-04   2.911342e+02
8.900000e+00   1.702752e+01   0.000000e+00   0.000000e+00   2.208463e+02   4.521505e-04   2.866853e+02
9.000000e+00   1.668268e+01   0.000000e+00   0.000000e+00   2.203573e+02   4.462153e-04   2.822957e+02
9.100000e+00   1.626082e+01   0.000000e+00   0.000000e+00   2.199022e+02   4.402812e-04   2.779663e+02
9.200000e+00   1.538375e+01   0.000000e+00   0.000000e+00   2.194794e+02   4.343556e-04   2.736979e+02
9.300000e+00   1.420264e+01   0.000000e+00   0.000000e+00   2.190873e+02   4.284456e-04   2.694916e+02
9.400000e+00   1.300072e+01   0.000000e+00   0.000000e+00   2.187244e+02   4.225583e-04   2.653482e+02
9.500000e+00   1.206020e+01   0.000000e+00   0.000000e+00   2.183905e+02   4.166974e-04   2.612684e+02
9.600000e+00   1.167002e+01   0.000000e+00   0.000000e+00   2.180908e+02   4.108555e-04   2.572520e+02
9.700000e+00   1.201837e+01   0.000000e+00   0.000000e+00   2.178319e+02   4.050229e-04   2.532990e+02
9.800000e+00   1.280225e+01   0.000000e+00   0.000000e+00   2.176201e+02   3.991907e-04   2.494089e+02
9.900000e+00   1.364338e+01   0.000000e+00   0.000000e+00   2.174621e+02   3.933505e-04   2.455815e+02
1.000000e+01   1.416349e+01   0.000000e+00   0.000000e+00   2.173641e+02   3.874948e-04   2.418166e+02
1.010000e+01   1.400376e+01   0.000000e+00   0.000000e+00   2.173328e+02   3.816164e-04   2.381138e+02
1.020000e+01   1.322978e+01   0.000000e+00   0.000000e+00   2.173745e+02   3.757094e-04   2.344731e+02
1.030000e+01   1.213741e+01   0.000000e+00   0.000000e+00   2.174958e+02   3.697681e-04   2.308940e+02
1.040000e+01   1.099239e+01   0.000000e+00   0.000000e+00   2.177030e+02   3.637879e-04   2.273763e+02
1.050000e+01   1.006067e+01   0.000000e+00   0.000000e+00   2.180019e+02   3.577664e-04   2.239197e+02
1.060000e+01   9.601887e+00   0.000000e+00   0.000000e+00   2.183868e+02   3.517190e-04   2.205233e+02
1.070000e+01   9.604842e+00   0.000000e+00   0.000000e+00   2.188440e+02   3.456723e-04   2.171859e+02
1.080000e+01   9.859778e+00   0.000000e+00   0.000000e+00   2.193599e+02   3.396513e-04   2.139060e+02
1.090000e+01   1.017087e+01   0.000000e+00   0.000000e+00   2.199209e+02   3.336794e-04   2.106824e+02
1.100000e+01   1.034230e+01   0.000000e+00   0.000000e+00   2.205133e+02   3.277781e-04   2.075138e+02
1.110000e+01   1.019197e+01   0.000000e+00   0.000000e+00   2.211233e+02   3.219671e-04   2.043988e+02
1.120000e+01   9.859395e+00   0.000000e+00   0.000000e+00   2.217374e+02   3.162647e-04   2.013362e+02
1.130000e+01   9.480340e+00   0.000000e+00   0.000000e+00   2.223418e+02   3.106872e-04   1.983247e+02
1.140000e+01   9.109216e+00   0.000000e+00   0.000000e+00   2.229228e+02   3.052496e-04   1.953628e+02
1.150000e+01   8.800436e+00   0.000000e+00   0.000000e+00   2.234668e+02   2.999655e-04   1.924494e+02
1.160000e+01   8.603581e+00   0.000000e+00   0.000000e+00   2.239631e+02   2.948430e-04   1.895831e+02
1.170000e+01   8.476215e+00   0.000000e+00   0.000000e+00   2.244131e+02   2.898748e-04   1.867631e+02
1.180000e+01   8.391386e+00   0.000000e+00   0.000000e+00   2.248213e+02   2.850500e-04   1.839886e+02
1.190000e+01   8.351757e+00   0.000000e+00   0.000000e+00   2.251919e+02   2.803584e-04   1.812587e+02
1.200000e+01   8.359994e+00   0.000000e+00   0.000000e+00   2.255294e+02   2.757904e-04   1.785725e+02
1.210000e+01   8.425086e+00   0.000000e+00   0.000000e+00   2.258381e+02   2.713369e-04   1.759294e+02
1.220000e+01   8.721885e+00   0.000000e+00   0.000000e+00   2.261223e+02   2.669893e-04   1.733283e+02
1.230000e+01   9.218326e+00   0.000000e+00   0.000000e+00   2.263865e+02   2.627394e-04   1.707686e+02
1.240000e+01   9.764927e+00   0.000000e+00   0.000000e+00   2.266350e+02   2.585796e-04   1.682494e+02
1.250000e+01   1.021221e+01   0.000000e+00   0.000000e+00   2.268721e+02   2.545024e-04   1.657698e+02
1.260000e+01   1.041484e+01   0.000000e+00   0.000000e+00   2.271023e+02   2.505011e-04   1.633291e+02
1.270000e+01   1.045098e+01   0.000000e+00   0.000000e+00   2.273288e+02   2.465701e-04   1.609264e+02
1.280000e+01   1.041657e+01   0.000000e+00   0.000000e+00   2.275519e+02   2.427078e-04   1.585610e+02
1.290000e+01   1.032207e+01   0.000000e+00   0.000000e+00   2.277715e+02   2.389128e-04   1.562324e+02
1.300000e+01   1.017796e+01   0.000000e+00   0.000000e+00   2.279874e+02   2.351841e-04   1.539398e+02
1.310000e+01   9.990460e+00   0.000000e+00   0.000000e+00   2.281994e+02   2.315203e-04   1.516827e+02
1.320000e+01   9.520803e+00   0.000000e+00   0.000000e+00   2.284075e+02   2.279203e-04   1.494603e+02
1.330000e+01   8.777925e+00   0.000000e+00   0.000000e+00   2.286114e+02   2.243829e-04   1.472719e+02
1.340000e+01   7.974576e+00   0.000000e+00   0.000000e+00   2.288110e+02   2.209068e-04   1.451170e+02
1.350000e+01   7.323508e+00   0.000000e+00   0.000000e+00   2.290061e+02   2.174909e-04   1.429949e+02
1.360000e+01   7.037052e+00   0.000000e+00   0.000000e+00   2.291966e+02   2.141339e-04   1.409049e+02
1.370000e+01   7.194326e+00   0.000000e+00   0.000000e+00   2.293824e+02   2.108346e-04   1.388463e+02
1.380000e+01   7.614103e+00   0.000000e+00   0.000000e+00   2.295635e+02   2.075917e-04   1.368186e+02
1.390000e+01   8.095463e+00   0.000000e+00   0.000000e+00   2.297407e+02   2.044034e-04   1.348213e+02
1.400000e+01   8.437939e+00   0.000000e+00   0.000000e+00   2.299151e+02   2.012680e-04   1.328540e+02
1.410000e+01   8.441336e+00   0.000000e+00   0.000000e+00   2.300877e+02   1.981836e-04   1.309162e+02
1.420000e+01   8.041857e+00   0.000000e+00   0.000000e+00   2.302592e+02   1.951486e-04   1.290075e+02
1.430000e+01   7.400777e+00   0.000000e+00   0.000000e+00   2.304308e+02   1.921615e-04   1.271274e+02
1.440000e+01   6.679059e+00   0.000000e+00   0.000000e+00   2.306034e+02   1.892206e-04   1.252756e+02
1.450000e+01   6.037667e+00   0.000000e+00   0.000000e+00   2.307779e+02   1.863245e-04   1.234516e+02
1.460000e+01   5.637712e+00   0.000000e+00   0.000000e+00   2.309553e+02   1.834718e-04   1.216549e+02
1.470000e+01   5.706362e+00   0.000000e+00   0.000000e+00   2.311365e+02   1.806610e-04   1.198851e+02
1.480000e+01   6.170892e+00   0.000000e+00   0.000000e+00   2.313226e+02   1.778908e-04   1.181419e+02
1.490000e+01   6.767616e+00   0.000000e+00   0.000000e+00   2.315137e+02   1.751604e-04   1.164247e+02
1.500000e+01   7.231078e+00   0.000000e+00   0.000000e+00   2.317079e+02   1.724709e-04   1.147332e+02
1.510000e+01   7.295454e+00   0.000000e+00   0.000000e+00   2.319026e+02   1.698235e-04   1.130670e+02
1.520000e+01   6.733795e+00   0.000000e+00   0.000000e+00   2.320953e+02   1.672194e-04   1.114257e+02
1.530000e+01   5.704046e+00   0.000000e+00   0.000000e+00   2.322835e+02   1.646597e-04   1.098090e+02
1.540000e+01   4.517730e+00   0.000000e+00   0.000000e+00   2.324647e+02   1.621453e-04   1.082166e+02
1.550000e+01   3.486368e+00   0.000000e+00   0.000000e+00   2.326363e+02   1.596771e-04   1.066480e+02
1.560000e+01   2.921485e+00   0.000000e+00   0.000000e+00   2.327958e+02   1.572558e-04   1.051028e+02
1.570000e+01   2.914301e+00   0.000000e+00   0.000000e+00   2.329408e+02   1.548820e-04   1.035807e+02
1.580000e+01   3.228300e+00   0.000000e+00   0.000000e+00   2.330687e+02   1.525564e-04   1.020814e+02
1.590000e+01   3.713961e+00   0.000000e+00   0.000000e+00   2.331769e+02   1.502793e-04   1.006044e+02
1.600000e+01   4.221930e+00   0.000000e+00   0.000000e+00   2.332636e+02   1.480508e-04   9.914941e+01
1.610000e+01   4.602818e+00   0.000000e+00   0.000000e+00   2.333304e+02   1.458688e-04   9.771607e+01
1.620000e+01   4.883094e+00   0.000000e+00   0.000000e+00   2.333797e+02   1.437306e-04   9.630405e+01
1.630000e+01   5.190812e+00   0.000000e+00   0.000000e+00   2.334139e+02   1.416338e-04   9.491302e+01
1.640000e+01   5.458377e+00   0.000000e+00   0.000000e+00   2.334355e+02   1.395759e-04   9.354265e+01
1.650000e+01   5.617360e+00   0.000000e+00   0.000000e+00   2.334469e+02   1.375547e-04   9.219260e+01
1.660000e+01   5.599327e+00   0.000000e+00   0.000000e+00   2.334507e+02   1.355680e-04   9.086254e+01
1.670000e+01   5.036131e+00   0.000000e+00   0.000000e+00   2.334493e+02   1.336137e-04   8.955214e+01
1.680000e+01   3.740110e+00   0.000000e+00   0.000000e+00   2.334451e+02   1.316898e-04   8.826108e+01
1.690000e+01   2.165777e+00   0.000000e+00   0.000000e+00   2.334407e+02   1.297943e-04   8.698902e+01
1.700000e+01   7.722261e-01   0.000000e+00   0.000000e+00   2.334384e+02   1.279254e-04   8.573562e+01
1.710000e+01   1.862704e-02   0.000000e+00   0.000000e+00   2.334405e+02   1.260814e-04   8.450056e+01
1.720000e+01   2.917347e-01   0.000000e+00   0.000000e+00   2.334481e+02   1.242615e-04   8.328357e+01
1.730000e+01   1.380280e+00   0.000000e+00   0.000000e+00   2.334610e+02   1.224655e-04   8.208438e+01
1.740000e+01   2.795558e+00   0.000000e+00   0.000000e+00   2.334795e+02   1.206930e-04   8.090273e+01
1.750000e+01   4.047778e+00   0.000000e+00   0.000000e+00   2.335038e+02   1.189436e-04   7.973837e+01
1.760000e+01   4.647148e+00   0.000000e+00   0.000000e+00   2.335338e+02   1.172171e-04   7.859104e+01
1.770000e+01   4.412360e+00   0.000000e+00   0.000000e+00   2.335698e+02   1.155131e-04   7.746049e+01
1.780000e+01   3.793275e+00   0.000000e+00   0.000000e+00   2.336119e+02   1.138313e-04   7.634645e+01
1.790000e+01   2.973510e+00   0.000000e+00   0.000000e+00   2.336602e+02   1.121713e-04   7.524867e+01
1.800000e+01   2.127415e+00   0.000000e+00   0.000000e+00   2.337148e+02   1.105329e-04   7.416688e+01
1.810000e+01   1.429344e+00   0.000000e+00   0.000000e+00   2.337759e+02   1.089157e-04   7.310085e+01
1.820000e+01   9.066586e-01   0.000000e+00   0.000000e+00   2.338435e+02   1.073193e-04   7.205030e+01
1.830000e+01   3.753093e-01   0.000000e+00   0.000000e+00   2.339172e+02   1.057440e-04   7.101499e+01
1.840000e+01   -1.017205e-01   0.000000e+00   0.000000e+00   2.339956e+02   1.041898e-04   6.999471e+01
1.850000e+01   -4.530138e-01   0.000000e+00   0.000000e+00   2.340775e+02   1.026572e-04   6.898923e+01
1.860000e+01   -6.071539e-01   0.000000e+00   0.000000e+00   2.341616e+02   1.011463e-04   6.799832e+01
1.870000e+01   -3.633412e-01   0.000000e+00   0.000000e+00   2.342466e+02   9.965755e-05   6.702178e+01
1.880000e+01   4.395669e-01   0.000000e+00   0.000000e+00   2.343314e+02   9.819098e-05   6.605937e+01
1.890000e+01   1.486550e+00   0.000000e+00   0.000000e+00   2.344145e+02   9.674681e-05   6.511087e+01
1.900000e+01   2.446955e+00   0.000000e+00   0.000000e+00   2.344948e+02   9.532515e-05   6.417606e+01
1.910000e+01   2.990130e+00   0.000000e+00   0.000000e+00   2.345709e+02   9.392613e-05   6.325472e+01
1.920000e+01   2.938911e+00   0.000000e+00   0.000000e+00   2.346417e+02   9.254981e-05   6.234663e+01
1.930000e+01   2.597524e+00   0.000000e+00   0.000000e+00   2.347057e+02   9.119624e-05   6.145156e+01
1.940000e+01   2.125798e+00   0.000000e+00   0.000000e+00   2.347622e+02   8.986531e-05   6.056931e+01
1.950000e+01   1.671872e+00   0.000000e+00   0.000000e+00   2.348117e+02   8.855640e-05   5.969969e+01
1.960000e+01   1.384528e+00   0.000000e+00   0.000000e+00   2.348552e+02   8.726879e-05   5.884255e+01
1.970000e+01   1.389205e+00   0.000000e+00   0.000000e+00   2.348934e+02   8.600183e-05   5.799771e+01
1.980000e+01   1.641037e+00   0.000000e+00   0.000000e+00   2.349273e+02   8.475484e-05   5.716501e+01
1.990000e+01   2.026840e+00   0.000000e+00   0.000000e+00   2.349577e+02   8.352719e-05   5.634428e+01
2.000000e+01   2.433795e+00   0.000000e+00   0.000000e+00   2.349855e+02   8.231826e-05   5.553536e+01
2.010000e+01   2.749081e+00   0.000000e+00   0.000000e+00   2.350115e+02   8.112747e-05   5.473807e+01
2.020000e+01   2.922794e+00   0.000000e+00   0.000000e+00   2.350368e+02   7.995423e-05   5.395226e+01
2.030000e+01   3.086364e+00   0.000000e+00   0.000000e+00   2.350620e+02   7.879799e-05   5.317776e+01
2.040000e+01   3.227027e+00   0.000000e+00   0.000000e+00   2.350882e+02   7.765820e-05   5.241439e+01
2.050000e+01   3.317829e+00   0.000000e+00   0.000000e+00   2.351161e+02   7.653435e-05   5.166200e+01
2.060000e+01   3.330415e+00   0.000000e+00   0.000000e+00   2.351461e+02   7.542613e-05   5.092042e+01
2.070000e+01   3.090299e+00   0.000000e+00   0.000000e+00   2.351780e+02   7.433340e-05   5.018953e+01
2.080000e+01   2.215561e+00   0.000000e+00   0.000000e+00   2.352116e+02   7.325606e-05   4.946917e+01
2.090000e+01   1.014828e+00   0.000000e+00   0.000000e+00   2.352466e+02   7.219399e-05   4.875921e+01
2.100000e+01   -1.459234e-01   0.000000e+00   0.000000e+00   2.352827e+02   7.114707e-05   4.805951e+01
2.110000e+01   -9.007179e-01   0.000000e+00   0.000000e+00   2.353197e+02   7.011518e-05   4.736993e+01
2.120000e+01   -1.061117e+00   0.000000e+00   0.000000e+00   2.353575e+02   6.909817e-05   4.669032e+01
2.130000e+01   -1.148180e+00   0.000000e+00   0.000000e+00   2.353956e+02   6.809591e-05   4.602055e+01
2.140000e+01   -1.233363e+00   0.000000e+00   0.000000e+00   2.354340e+02   6.710827e-05   4.536048e+01
2.150000e+01   -1.319037e+00   0.000000e+00   0.000000e+00   2.354724e+02   6.613509e-05   4.470996e+01
2.160000e+01   -1.407575e+00   0.000000e+00   0.000000e+00   2.355105e+02   6.517623e-05   4.406886e+01
2.170000e+01   -1.456480e+00   0.000000e+00   0.000000e+00   2.355481e+02   6.423152e-05   4.343703e+01
2.180000e+01   -1.309735e+00   0.000000e+00   0.000000e+00   2.355856e+02   6.330069e-05   4.281436e+01
2.190000e+01   -1.061385e+00   0.000000e+00   0.000000e+00   2.356234e+02   6.238342e-05   4.220073e+01
2.200000e+01   -8.354782e-01   0.000000e+00   0.000000e+00   2.356622e+02   6.147938e-05   4.159602e+01
2.210000e+01   -7.560614e-01   0.000000e+00   0.000000e+00   2.357025e+02   6.058826e-05   4.100011e+01
2.220000e+01   -8.975111e-01   0.000000e+00   0.000000e+00   2.357448e+02   5.970978e-05   4.041289e+01
2.230000e+01   -1.072814e+00   0.000000e+00   0.000000e+00   2.357897e+02   5.884363e-05   3.983425e+01
2.240000e+01   -1.246221e+00   0.000000e+00   0.000000e+00   2.358377e+02   5.798953e-05   3.926406e+01
2.250000e+01   -1.415424e+00   0.000000e+00   0.000000e+00   2.358894e+02   5.714720e-05   3.870221e+01
2.260000e+01   -1.578115e+00   0.000000e+00   0.000000e+00   2.359453e+02   5.631637e-05   3.814858e+01
2.270000e+01   -1.705391e+00   0.000000e+00   0.000000e+00   2.360061e+02   5.549678e-05   3.760307e+01
2.280000e+01   -1.669409e+00   0.000000e+00   0.000000e+00   2.360721e+02   5.468817e-05   3.706554e+01
2.290000e+01   -1.528647e+00   0.000000e+00   0.000000e+00   2.361438e+02   5.389032e-05   3.653589e+01
2.300000e+01   -1.374202e+00   0.000000e+00   0.000000e+00   2.362206e+02   5.310328e-05   3.601401e+01
2.310000e+01   -1.298014e+00   0.000000e+00   0.000000e+00   2.363014e+02   5.232714e-05   3.549978e+01
2.320000e+01   -1.379625e+00   0.000000e+00   0.000000e+00   2.363851e+02   5.156200e-05   3.499308e+01
2.330000e+01   -1.573666e+00   0.000000e+00   0.000000e+00   2.364707e+02   5.080794e-05   3.449382e+01
2.340000e+01   -1.817616e+00   0.000000e+00   0.000000e+00   2.365572e+02   5.006502e-05   3.400188e+01
2.350000e+01   -2.058268e+00   0.000000e+00   0.000000e+00   2.366435e+02   4.933330e-05   3.351714e+01
2.360000e+01   -2.242413e+00   0.000000e+00   0.000000e+00   2.367285e+02   4.861280e-05   3.303950e+01
2.370000e+01   -2.329876e+00   0.000000e+00   0.000000e+00   2.368112e+02   4.790357e-05   3.256885e+01
2.380000e+01   -2.390481e+00   0.000000e+00   0.000000e+00   2.368905e+02   4.720560e-05   3.210507e+01
2.390000e+01   -2.447274e+00   0.000000e+00   0.000000e+00   2.369655e+02   4.651891e-05   3.164805e+01
2.400000e+01   -2.504066e+00   0.000000e+00   0.000000e+00   2.370350e+02   4.584348e-05   3.119768e+01
2.410000e+01   -2.564524e+00   0.000000e+00   0.000000e+00   2.370981e+02   4.517926e-05   3.075386e+01
2.420000e+01   -2.655088e+00   0.000000e+00   0.000000e+00   2.371551e+02   4.452602e-05   3.031647e+01
2.430000e+01   -2.956642e+00   0.000000e+00   0.000000e+00   2.372068e+02   4.388340e-05   2.988545e+01
2.440000e+01   -3.401620e+00   0.000000e+00   0.000000e+00   2.372540e+02   4.325107e-05   2.946068e+01
2.450000e+01   -3.860602e+00   0.000000e+00   0.000000e+00   2.372976e+02   4.262870e-05   2.904209e+01
2.460000e+01   -4.204164e+00   0.000000e+00   0.000000e+00   2.373384e+02   4.201599e-05   2.862958e+01
2.470000e+01   -4.280371e+00   0.000000e+00   0.000000e+00   2.373772e+02   4.141263e-05   2.822306e+01
2.480000e+01   -3.842307e+00   0.000000e+00   0.000000e+00   2.374148e+02   4.081832e-05   2.782244e+01
2.490000e+01   -3.076327e+00   0.000000e+00   0.000000e+00   2.374521e+02   4.023278e-05   2.742764e+01
2.500000e+01   -2.263390e+00   0.000000e+00   0.000000e+00   2.374899e+02   3.965573e-05   2.703855e+01
2.510000e+01   -1.684456e+00   0.000000e+00   0.000000e+00   2.375290e+02   3.908690e-05   2.665509e+01
2.520000e+01   -1.648476e+00   0.000000e+00   0.000000e+00   2.375703e+02   3.852602e-05   2.627717e+01
2.530000e+01   -2.563610e+00   0.000000e+00   0.000000e+00   2.376146e+02   3.797285e-05   2.590470e+01
2.540000e+01   -4.083766e+00   0.000000e+00   0.000000e+00   2.376621e+02   3.742724e-05   2.553760e+01
2.550000e+01   -5.692597e+00   0.000000e+00   0.000000e+00   2.377124e+02   3.688917e-05   2.517579e+01
2.560000e+01   -6.873816e+00   0.000000e+00   0.000000e+00   2.377650e+02   3.635862e-05   2.481919e+01
2.570000e+01   -7.167741e+00   0.000000e+00   0.000000e+00   2.378193e+02   3.583557e-05   2.446774e+01
2.580000e+01   -7.100008e+00   0.000000e+00   0.000000e+00   2.378749e+02   3.532000e-05   2.412136e+01
2.590000e+01   -6.947781e+00   0.000000e+00   0.000000e+00   2.379313e+02   3.481187e-05   2.377997e+01
2.600000e+01   -6.723199e+00   0.000000e+00   0.000000e+00   2.379880e+02   3.431114e-05   2.344351e+01
2.610000e+01   -6.438401e+00   0.000000e+00   0.000000e+00   2.380444e+02   3.381779e-05   2.311189e+01
2.620000e+01   -6.058650e+00   0.000000e+00   0.000000e+00   2.381000e+02   3.333176e-05   2.278505e+01
2.630000e+01   -4.833058e+00   0.000000e+00   0.000000e+00   2.381543e+02   3.285302e-05   2.246291e+01
2.640000e+01   -2.943538e+00   0.000000e+00   0.000000e+00   2.382069e+02   3.238150e-05   2.214540e+01
2.650000e+01   -9.781267e-01   0.000000e+00   0.000000e+00   2.382572e+02   3.191715e-05   2.183245e+01
2.660000e+01   4.752352e-01   0.000000e+00   0.000000e+00   2.383048e+02   3.145990e-05   2.152398e+01
2.670000e+01   8.424449e-01   0.000000e+00   0.000000e+00   2.383503e+02   3.100956e-05   2.121992e+01
2.680000e+01   1.183302e-01   0.000000e+00   0.000000e+00   2.383949e+02   3.056589e-05   2.092022e+01
2.690000e+01   -1.232458e+00   0.000000e+00   0.000000e+00   2.384395e+02   3.012864e-05   2.062482e+01
2.700000e+01   -2.787405e+00   0.000000e+00   0.000000e+00   2.384854e+02   2.969760e-05   2.033365e+01
2.710000e+01   -4.123999e+00   0.000000e+00   0.000000e+00   2.385335e+02   2.927254e-05   2.004666e+01
2.720000e+01   -4.839363e+00   0.000000e+00   0.000000e+00   2.385849e+02   2.885326e-05   1.976379e+01
2.730000e+01   -5.254895e+00   0.000000e+00   0.000000e+00   2.386408e+02   2.843954e-05   1.948497e+01
2.740000e+01   -5.619105e+00   0.000000e+00   0.000000e+00   2.387022e+02   2.803121e-05   1.921014e+01
2.750000e+01   -5.908905e+00   0.000000e+00   0.000000e+00   2.387703e+02   2.762805e-05   1.893925e+01
2.760000e+01   -6.101207e+00   0.000000e+00   0.000000e+00   2.388460e+02   2.722990e-05   1.867224e+01
2.770000e+01   -6.163833e+00   0.000000e+00   0.000000e+00   2.389305e+02   2.683657e-05   1.840903e+01
2.780000e+01   -5.734120e+00   0.000000e+00   0.000000e+00   2.390249e+02   2.644790e-05   1.814959e+01
2.790000e+01   -4.867471e+00   0.000000e+00   0.000000e+00   2.391299e+02   2.606376e-05   1.789383e+01
2.800000e+01   -3.886420e+00   0.000000e+00   0.000000e+00   2.392448e+02   2.568421e-05   1.764172e+01
2.810000e+01   -3.113484e+00   0.000000e+00   0.000000e+00   2.393682e+02   2.530936e-05   1.739322e+01
2.820000e+01   -2.871917e+00   0.000000e+00   0.000000e+00   2.394989e+02   2.493932e-05   1.714827e+01
2.830000e+01   -3.387352e+00   0.000000e+00   0.000000e+00   2.396354e+02   2.457418e-05   1.690684e+01
2.840000e+01   -4.408882e+00   0.000000e+00   0.000000e+00   2.397764e+02   2.421405e-05   1.666887e+01
2.850000e+01   -5.567929e+00   0.000000e+00   0.000000e+00   2.399206e+02   2.385899e-05   1.643433e+01
2.860000e+01   -6.495916e+00   0.000000e+00   0.000000e+00   2.400667e+02   2.350908e-05   1.620317e+01
2.870000e+01   -6.823139e+00   0.000000e+00   0.000000e+00   2.402134e+02   2.316437e-05   1.597534e+01
2.880000e+01   -6.216793e+00   0.000000e+00   0.000000e+00   2.403592e+02   2.282493e-05   1.575080e+01
2.890000e+01   -4.940938e+00   0.000000e+00   0.000000e+00   2.405030e+02   2.249080e-05   1.552951e+01
2.900000e+01   -3.463919e+00   -0.000000e+00   -0.000000e+00   2.406433e+02   2.216202e-05   1.531142e+01
2.910000e+01   -2.254081e+00   -0.000000e+00   -0.000000e+00   2.407788e+02   2.183863e-05   1.509649e+01
2.920000e+01   -1.778671e+00   -0.000000e+00   -0.000000e+00   2.409083e+02   2.152063e-05   1.488467e+01
2.930000e+01   -2.073649e+00   -0.000000e+00   -0.000000e+00   2.410318e+02   2.120794e-05   1.467592e+01
2.940000e+01   -2.772175e+00   -0.000000e+00   -0.000000e+00   2.411495e+02   2.090045e-05   1.447019e+01
2.950000e+01   -3.636359e+00   -0.000000e+00   -0.000000e+00   2.412618e+02   2.059802e-05   1.426745e+01
2.960000e+01   -4.428314e+00   -0.000000e+00   -0.000000e+00   2.413692e+02   2.030054e-05   1.406766e+01
2.970000e+01   -4.910448e+00   -0.000000e+00   -0.000000e+00   2.414720e+02   2.000790e-05   1.387077e+01
2.980000e+01   -5.168357e+00   -0.000000e+00   -0.000000e+00   2.415706e+02   1.971997e-05   1.367675e+01
2.990000e+01   -5.395718e+00   -0.000000e+00   -0.000000e+00   2.416654e+02   1.943665e-05   1.348554e+01
3.000000e+01   -5.569150e+00   -0.000000e+00   -0.000000e+00   2.417567e+02   1.915783e-05   1.329711e+01
3.010000e+01   -5.665271e+00   -0.000000e+00   -0.000000e+00   2.418450e+02   1.888340e-05   1.311141e+01
3.020000e+01   -5.660701e+00   -0.000000e+00   -0.000000e+00   2.419305e+02   1.861325e-05   1.292842e+01
3.030000e+01   -5.174682e+00   -0.000000e+00   -0.000000e+00   2.420138e+02   1.834729e-05   1.274807e+01
3.040000e+01   -4.100953e+00   -0.000000e+00   -0.000000e+00   2.420951e+02   1.808542e-05   1.257034e+01
3.050000e+01   -2.827871e+00   -0.000000e+00   -0.000000e+00   2.421748e+02   1.782753e-05   1.239517e+01
3.060000e+01   -1.743647e+00   -0.000000e+00   -0.000000e+00   2.422535e+02   1.757353e-05   1.222254e+01
3.070000e+01   -1.236287e+00   -0.000000e+00   -0.000000e+00   2.423317e+02   1.732332e-05   1.205240e+01
3.080000e+01   -1.206638e+00   -0.000000e+00   -0.000000e+00   2.424101e+02   1.707679e-05   1.188473e+01
3.090000e+01   -1.230616e+00   -0.000000e+00   -0.000000e+00   2.424892e+02   1.683384e-05   1.171947e+01
3.100000e+01   -1.296781e+00   -0.000000e+00   -0.000000e+00   2.425698e+02   1.659440e-05   1.155661e+01
3.110000e+01   -1.394195e+00   -0.000000e+00   -0.000000e+00   2.426523e+02   1.635835e-05   1.139610e+01
3.120000e+01   -1.511922e+00   -0.000000e+00   -0.000000e+00   2.427375e+02   1.612562e-05   1.123792e+01
3.130000e+01   -1.729995e+00   -0.000000e+00   -0.000000e+00   2.428259e+02   1.589612e-05   1.108201e+01
3.140000e+01   -2.105375e+00   -0.000000e+00   -0.000000e+00   2.429183e+02   1.566976e-05   1.092836e+01
3.150000e+01   -2.548143e+00   -0.000000e+00   -0.000000e+00   2.430151e+02   1.544646e-05   1.077692e+01
3.160000e+01   -2.967856e+00   -0.000000e+00   -0.000000e+00   2.431170e+02   1.522614e-05   1.062765e+01
3.170000e+01   -3.274072e+00   -0.000000e+00   -0.000000e+00   2.432247e+02   1.500871e-05   1.048054e+01
3.180000e+01   -3.476685e+00   -0.000000e+00   -0.000000e+00   2.433387e+02   1.479411e-05   1.033553e+01
3.190000e+01   -3.673024e+00   -0.000000e+00   -0.000000e+00   2.434597e+02   1.458227e-05   1.019259e+01
3.200000e+01   -3.842781e+00   -0.000000e+00   -0.000000e+00   2.435877e+02   1.437314e-05   1.005170e+01
3.210000e+01   -3.964427e+00   -0.000000e+00   -0.000000e+00   2.437223e+02   1.416674e-05   9.912824e+00
3.220000e+01   -4.016430e+00   -0.000000e+00   -0.000000e+00   2.438632e+02   1.396304e-05   9.775941e+00
3.230000e+01   -4.014208e+00   -0.000000e+00   -0.000000e+00   2.440101e+02   1.376205e-05   9.641025e+00
3.240000e+01   -4.009425e+00   -0.000000e+00   -0.000000e+00   2.441626e+02   1.356375e-05   9.508048e+00
3.250000e+01   -4.003117e+00   -0.000000e+00   -0.000000e+00   2.443204e+02   1.336814e-05   9.376985e+00
3.260000e+01   -3.995511e+00   -0.000000e+00   -0.000000e+00   2.444832e+02   1.317521e-05   9.247810e+00
3.270000e+01   -3.986834e+00   -0.000000e+00   -0.000000e+00   2.446507e+02   1.298493e-05   9.120498e+00
3.280000e+01   -3.859144e+00   -0.000000e+00   -0.000000e+00   2.448224e+02   1.279731e-05   8.995020e+00
3.290000e+01   -3.466505e+00   -0.000000e+00   -0.000000e+00   2.449981e+02   1.261232e-05   8.871353e+00
3.300000e+01   -2.931057e+00   -0.000000e+00   -0.000000e+00   2.451774e+02   1.242994e-05   8.749470e+00
3.310000e+01   -2.380252e+00   -0.000000e+00   -0.000000e+00   2.453600e+02   1.225016e-05   8.629345e+00
3.320000e+01   -1.941543e+00   -0.000000e+00   -0.000000e+00   2.455456e+02   1.207296e-05   8.510951e+00
3.330000e+01   -1.636012e+00   -0.000000e+00   -0.000000e+00   2.457338e+02   1.189831e-05   8.394264e+00
3.340000e+01   -1.327667e+00   -0.000000e+00   -0.000000e+00   2.459245e+02   1.172620e-05   8.279258e+00
3.350000e+01   -1.056242e+00   -0.000000e+00   -0.000000e+00   2.461177e+02   1.155659e-05   8.165914e+00
3.360000e+01   -8.675713e-01   -0.000000e+00   -0.000000e+00   2.463134e+02   1.138944e-05   8.054208e+00
3.370000e+01   -8.074878e-01   -0.000000e+00   -0.000000e+00   2.465116e+02   1.122473e-05   7.944121e+00
3.380000e+01   -1.226786e+00   -0.000000e+00   -0.000000e+00   2.467125e+02   1.106243e-05   7.835629e+00
3.390000e+01   -2.568344e+00   -0.000000e+00   -0.000000e+00   2.469160e+02   1.090249e-05   7.728712e+00
3.400000e+01   -4.320621e+00   -0.000000e+00   -0.000000e+00   2.471220e+02   1.074489e-05   7.623348e+00
3.410000e+01   -5.938468e+00   -0.000000e+00   -0.000000e+00   2.473308e+02   1.058959e-05   7.519515e+00
3.420000e+01   -6.876735e+00   -0.000000e+00   -0.000000e+00   2.475422e+02   1.043657e-05   7.417192e+00
3.430000e+01   -6.792587e+00   -0.000000e+00   -0.000000e+00   2.477564e+02   1.028579e-05   7.316358e+00
3.440000e+01   -6.102704e+00   -0.000000e+00   -0.000000e+00   2.479733e+02   1.013722e-05   7.216990e+00
3.450000e+01   -5.153985e+00   -0.000000e+00   -0.000000e+00   2.481929e+02   9.990825e-06   7.119068e+00
3.460000e+01   -4.276958e+00   -0.000000e+00   -0.000000e+00   2.484154e+02   9.846575e-06   7.022569e+00
3.470000e+01   -3.802148e+00   -0.000000e+00   -0.000000e+00   2.486406e+02   9.704438e-06   6.927473e+00
3.480000e+01   -3.894130e+00   -0.000000e+00   -0.000000e+00   2.488687e+02   9.564381e-06   6.833757e+00
3.490000e+01   -4.193919e+00   -0.000000e+00   -0.000000e+00   2.490998e+02   9.426371e-06   6.741404e+00
3.500000e+01   -4.574959e+00   -0.000000e+00   -0.000000e+00   2.493341e+02   9.290375e-06   6.650392e+00
3.510000e+01   -4.934676e+00   -0.000000e+00   -0.000000e+00   2.495717e+02   9.156360e-06   6.560704e+00
3.520000e+01   -5.170498e+00   -0.000000e+00   -0.000000e+00   2.498127e+02   9.024294e-06   6.472321e+00
3.530000e+01   -5.205040e+00   -0.000000e+00   -0.000000e+00   2.500573e+02   8.894144e-06   6.385223e+00
3.540000e+01   -5.098230e+00   -0.000000e+00   -0.000000e+00   2.503058e+02   8.765878e-06   6.299392e+00
3.550000e+01   -4.924749e+00   -0.000000e+00   -0.000000e+00   2.505582e+02   8.639465e-06   6.214809e+00
3.560000e+01   -4.756205e+00   -0.000000e+00   -0.000000e+00   2.508147e+02   8.514873e-06   6.131454e+00
3.570000e+01   -4.664208e+00   -0.000000e+00   -0.000000e+00   2.510755e+02   8.392072e-06   6.049309e+00
3.580000e+01   -4.731054e+00   -0.000000e+00   -0.000000e+00   2.513407e+02   8.271029e-06   5.968355e+00
3.590000e+01   -5.002069e+00   -0.000000e+00   -0.000000e+00   2.516104e+02   8.151716e-06   5.888573e+00
3.600000e+01   -5.408876e+00   -0.000000e+00   -0.000000e+00   2.518850e+02   8.034100e-06   5.809943e+00
3.610000e+01   -5.876223e+00   -0.000000e+00   -0.000000e+00   2.521644e+02   7.918153e-06   5.732448e+00
3.620000e+01   -6.328859e+00   -0.000000e+00   -0.000000e+00   2.524490e+02   7.803844e-06   5.656067e+00
3.630000e+01   -6.748679e+00   -0.000000e+00   -0.000000e+00   2.527387e+02   7.691145e-06   5.580782e+00
3.640000e+01   -7.277693e+00   -0.000000e+00   -0.000000e+00   2.530336e+02   7.580036e-06   5.506577e+00
3.650000e+01   -7.825757e+00   -0.000000e+00   -0.000000e+00   2.533334e+02   7.470502e-06   5.433437e+00
3.660000e+01   -8.276231e+00   -0.000000e+00   -0.000000e+00   2.536380e+02   7.362532e-06   5.361346e+00
3.670000e+01   -8.512471e+00   -0.000000e+00   -0.000000e+00   2.539472e+02   7.256108e-06   5.290290e+00
3.680000e+01   -8.341572e+00   -0.000000e+00   -0.000000e+00   2.542607e+02   7.151217e-06   5.220252e+00
3.690000e+01   -7.470060e+00   -0.000000e+00   -0.000000e+00   2.545784e+02   7.047842e-06   5.151220e+00
3.700000e+01   -6.156566e+00   -0.000000e+00   -0.000000e+00   2.549001e+02   6.945969e-06   5.083176e+00
3.710000e+01   -4.717881e+00   -0.000000e+00   -0.000000e+00   2.552255e+02   6.845580e-06   5.016107e+00
3.720000e+01   -3.470801e+00   -0.000000e+00   -0.000000e+00   2.555546e+02   6.746660e-06   4.949996e+00
3.730000e+01   -2.622189e+00   -0.000000e+00   -0.000000e+00   2.558871e+02   6.649190e-06   4.884830e+00
3.740000e+01   -1.817634e+00   -0.000000e+00   -0.000000e+00   2.562227e+02   6.553154e-06   4.820592e+00
3.750000e+01   -1.062583e+00   -0.000000e+00   -0.000000e+00   2.565614e+02   6.458535e-06   4.757269e+00
3.760000e+01   -4.380906e-01   -0.000000e+00   -0.000000e+00   2.569029e+02   6.365314e-06   4.694844e+00
3.770000e+01   -2.521139e-02   -0.000000e+00   -0.000000e+00   2.572470e+02   6.273473e-06   4.633303e+00
3.780000e+01   1.119376e-01   -0.000000e+00   -0.000000e+00   2.575935e+02   6.182994e-06   4.572631e+00
3.790000e+01   4.664347e-02   -0.000000e+00   -0.000000e+00   2.579423e+02   6.093859e-06   4.512812e+00
3.800000e+01   -1.508141e-01   -0.000000e+00   -0.000000e+00   2.582930e+02   6.006053e-06   4.453836e+00
3.810000e+01   -4.214083e-01   -0.000000e+00   -0.000000e+00   2.586456e+02   5.919564e-06   4.395690e+00
3.820000e+01   -7.061128e-01   -0.000000e+00   -0.000000e+00   2.589996e+02   5.834378e-06   4.338365e+00
3.830000e+01   -9.600330e-01   -0.000000e+00   -0.000000e+00   2.593550e+02   5.750482e-06   4.281848e+00
3.840000e+01   -1.240743e+00   -0.000000e+00   -0.000000e+00   2.597114e+02   5.667862e-06   4.226129e+00
3.850000e+01   -1.559250e+00   -0.000000e+00   -0.000000e+00   2.600687e+02   5.586505e-06   4.171197e+00
3.860000e+01   -1.910673e+00   -0.000000e+00   -0.000000e+00   2.604266e+02   5.506396e-06   4.117041e+00
3.870000e+01   -2.290128e+00   -0.000000e+00   -0.000000e+00   2.607849e+02   5.427520e-06   4.063649e+00
3.880000e+01   -2.716924e+00   -0.000000e+00   -0.000000e+00   2.611433e+02   5.349863e-06   4.011012e+00
3.890000e+01   -3.326763e+00   -0.000000e+00   -0.000000e+00   2.615016e+02   5.273411e-06   3.959117e+00
3.900000e+01   -4.013738e+00   -0.000000e+00   -0.000000e+00   2.618596e+02   5.198147e-06   3.907955e+00
3.910000e+01   -4.622523e+00   -0.000000e+00   -0.000000e+00   2.622171e+02   5.124058e-06   3.857513e+00
3.920000e+01   -4.997791e+00   -0.000000e+00   -0.000000e+00   2.625737e+02   5.051127e-06   3.807781e+00
3.930000e+01   -5.015581e+00   -0.000000e+00   -0.000000e+00   2.629294e+02   4.979339e-06   3.758748e+00
3.940000e+01   -4.868653e+00   -0.000000e+00   -0.000000e+00   2.632838e+02   4.908679e-06   3.710403e+00
3.950000e+01   -4.639020e+00   -0.000000e+00   -0.000000e+00   2.636367e+02   4.839130e-06   3.662734e+00
3.960000e+01   -4.348183e+00   -0.000000e+00   -0.000000e+00   2.639879e+02   4.770677e-06   3.615733e+00
3.970000e+01   -4.016625e+00   -0.000000e+00   -0.000000e+00   2.643372e+02   4.703305e-06   3.569388e+00
3.980000e+01   -3.611193e+00   -0.000000e+00   -0.000000e+00   2.646845e+02   4.636998e-06   3.523690e+00
3.990000e+01   -2.678190e+00   -0.000000e+00   -0.000000e+00   2.650296e+02   4.571742e-06   3.478631e+00
4.000000e+01   -1.405215e+00   -0.000000e+00   -0.000000e+00   2.653723e+02   4.507521e-06   3.434201e+00
4.010000e+01   -1.630123e-01   -0.000000e+00   -0.000000e+00   2.657125e+02   4.444320e-06   3.390390e+00
4.020000e+01   6.776723e-01   -0.000000e+00   -0.000000e+00   2.660500e+02   4.382124e-06   3.347189e+00
4.030000e+01   7.278135e-01   -0.000000e+00   -0.000000e+00   2.663846e+02   4.320917e-06   3.304589e+00
4.040000e+01   -3.431597e-01   -0.000000e+00   -0.000000e+00   2.667162e+02   4.260684e-06   3.262580e+00
4.050000e+01   -2.110910e+00   -0.000000e+00   -0.000000e+00   2.670446e+02   4.201410e-06   3.221153e+00
4.060000e+01   -4.008521e+00   -0.000000e+00   -0.000000e+00   2.673697e+02   4.143080e-06   3.180298e+00
4.070000e+01   -5.469076e+00   -0.000000e+00   -0.000000e+00   2.676912e+02   4.085678e-06   3.140006e+00
4.080000e+01   -5.990937e+00   -0.000000e+00   -0.000000e+00   2.680090e+02   4.029188e-06   3.100268e+00
4.090000e+01   -6.196495e+00   -0.000000e+00   -0.000000e+00   2.683229e+02   3.973597e-06   3.061074e+00
4.100000e+01   -6.393713e+00   -0.000000e+00   -0.000000e+00   2.686328e+02   3.918888e-06   3.022415e+00
4.110000e+01   -6.581337e+00   -0.000000e+00   -0.000000e+00   2.689385e+02   3.865045e-06   2.984282e+00
4.120000e+01   -6.758111e+00   -0.000000e+00   -0.000000e+00   2.692398e+02   3.812055e-06   2.946665e+00
4.130000e+01   -6.916247e+00   -0.000000e+00   -0.000000e+00   2.695367e+02   3.759900e-06   2.909555e+00
4.140000e+01   -6.936816e+00   -0.000000e+00   -0.000000e+00   2.698294e+02   3.708564e-06   2.872945e+00
4.150000e+01   -6.801281e+00   -0.000000e+00   -0.000000e+00   2.701182e+02   3.658027e-06   2.836829e+00
4.160000e+01   -6.543295e+00   -0.000000e+00   -0.000000e+00   2.704035e+02   3.608274e-06   2.801200e+00
4.170000e+01   -6.196509e+00   -0.000000e+00   -0.000000e+00   2.706855e+02   3.559286e-06   2.766052e+00
4.180000e+01   -5.761170e+00   -0.000000e+00   -0.000000e+00   2.709647e+02   3.511046e-06   2.731377e+00
4.190000e+01   -4.571630e+00   -0.000000e+00   -0.000000e+00   2.712413e+02   3.463539e-06   2.697170e+00
4.200000e+01   -2.776969e+00   -0.000000e+00   -0.000000e+00   2.715157e+02   3.416749e-06   2.663424e+00
4.210000e+01   -9.386127e-01   -0.000000e+00   -0.000000e+00   2.717881e+02   3.370659e-06   2.630132e+00
4.220000e+01   3.820097e-01   -0.000000e+00   -0.000000e+00   2.720590e+02   3.325253e-06   2.597288e+00
4.230000e+01   6.523757e-01   -0.000000e+00   -0.000000e+00   2.723286e+02   3.280518e-06   2.564886e+00
4.240000e+01   4.051443e-01   -0.000000e+00   -0.000000e+00   2.725972e+02   3.236438e-06   2.532917e+00
4.250000e+01   6.331972e-02   -0.000000e+00   -0.000000e+00   2.728652e+02   3.192998e-06   2.501377e+00
4.260000e+01   -3.502486e-01   -0.000000e+00   -0.000000e+00   2.731329e+02   3.150185e-06   2.470259e+00
4.270000e+01   -8.127111e-01   -0.000000e+00   -0.000000e+00   2.734006e+02   3.107984e-06   2.439555e+00
4.280000e+01   -1.310937e+00   -0.000000e+00   -0.000000e+00   2.736687e+02   3.066381e-06   2.409259e+00
4.290000e+01   -2.201905e+00   -0.000000e+00   -0.000000e+00   2.739375e+02   3.025363e-06   2.379366e+00
4.300000e+01   -3.443656e+00   -0.000000e+00   -0.000000e+00   2.742072e+02   2.984916e-06   2.349867e+00
4.310000e+01   -4.717182e+00   -0.000000e+00   -0.000000e+00   2.744781e+02   2.945031e-06   2.320758e+00
4.320000e+01   -5.704146e+00   -0.000000e+00   -0.000000e+00   2.747495e+02   2.905705e-06   2.292033e+00
4.330000e+01   -6.083577e+00   -0.000000e+00   -0.000000e+00   2.750209e+02   2.866937e-06   2.263686e+00
4.340000e+01   -5.517957e+00   -0.000000e+00   -0.000000e+00   2.752915e+02   2.828727e-06   2.235714e+00
4.350000e+01   -4.274257e+00   -0.000000e+00   -0.000000e+00   2.755609e+02   2.791073e-06   2.208112e+00
4.360000e+01   -2.836414e+00   -0.000000e+00   -0.000000e+00   2.758282e+02   2.753973e-06   2.180874e+00
4.370000e+01   -1.688365e+00   -0.000000e+00   -0.000000e+00   2.760928e+02   2.717425e-06   2.153997e+00
4.380000e+01   -1.310813e+00   -0.000000e+00   -0.000000e+00   2.763542e+02   2.681426e-06   2.127474e+00
4.390000e+01   -1.665612e+00   -0.000000e+00   -0.000000e+00   2.766116e+02   2.645974e-06   2.101301e+00
4.400000e+01   -2.372297e+00   -0.000000e+00   -0.000000e+00   2.768644e+02   2.611066e-06   2.075474e+00
4.410000e+01   -3.218346e+00   -0.000000e+00   -0.000000e+00   2.771120e+02   2.576699e-06   2.049988e+00
4.420000e+01   -3.991237e+00   -0.000000e+00   -0.000000e+00   2.773536e+02   2.542868e-06   2.024837e+00
4.430000e+01   -4.479217e+00   -0.000000e+00   -0.000000e+00   2.775888e+02   2.509571e-06   2.000018e+00
4.440000e+01   -4.715573e+00   -0.000000e+00   -0.000000e+00   2.778168e+02   2.476803e-06   1.975524e+00
4.450000e+01   -4.869930e+00   -0.000000e+00   -0.000000e+00   2.780369e+02   2.444560e-06   1.951352e+00
4.460000e+01   -5.000583e+00   -0.000000e+00   -0.000000e+00   2.782486e+02   2.412838e-06   1.927496e+00
4.470000e+01   -5.165832e+00   -0.000000e+00   -0.000000e+00   2.784511e+02   2.381632e-06   1.903952e+00
4.480000e+01   -5.424451e+00   -0.000000e+00   -0.000000e+00   2.786439e+02   2.350937e-06   1.880715e+00
4.490000e+01   -6.216040e+00   -0.000000e+00   -0.000000e+00   2.788262e+02   2.320749e-06   1.857779e+00
4.500000e+01   -7.641231e+00   -0.000000e+00   -0.000000e+00   2.789980e+02   2.291058e-06   1.835142e+00
4.510000e+01   -9.333479e+00   -0.000000e+00   -0.000000e+00   2.791595e+02   2.261854e-06   1.812798e+00
4.520000e+01   -1.092625e+01   -0.000000e+00   -0.000000e+00   2.793112e+02   2.233123e-06   1.790743e+00
4.530000e+01   -1.205302e+01   -0.000000e+00   -0.000000e+00   2.794533e+02   2.204855e-06   1.768974e+00
4.540000e+01   -1.283336e+01   -0.000000e+00   -0.000000e+00   2.795862e+02   2.177037e-06   1.747487e+00
4.550000e+01   -1.357543e+01   -0.000000e+00   -0.000000e+00   2.797104e+02   2.149659e-06   1.726277e+00
4.560000e+01   -1.419547e+01   -0.000000e+00   -0.000000e+00   2.798261e+02   2.122709e-06   1.705340e+00
4.570000e+01   -1.460978e+01   -0.000000e+00   -0.000000e+00   2.799337e+02   2.096177e-06   1.684673e+00
4.580000e+01   -1.473462e+01   -0.000000e+00   -0.000000e+00   2.800337e+02   2.070053e-06   1.664271e+00
4.590000e+01   -1.441472e+01   -0.000000e+00   -0.000000e+00   2.801263e+02   2.044326e-06   1.644131e+00
4.600000e+01   -1.367299e+01   -0.000000e+00   -0.000000e+00   2.802119e+02   2.018987e-06   1.624248e+00
4.610000e+01   -1.271742e+01   -0.000000e+00   -0.000000e+00   2.802909e+02   1.994024e-06   1.604618e+00
4.620000e+01   -1.175612e+01   -0.000000e+00   -0.000000e+00   2.803636e+02   1.969430e-06   1.585238e+00
4.630000e+01   -1.099720e+01   -0.000000e+00   -0.000000e+00   2.804305e+02   1.945193e-06   1.566103e+00
4.640000e+01   -1.046727e+01   -0.000000e+00   -0.000000e+00   2.804918e+02   1.921306e-06   1.547210e+00
4.650000e+01   -9.998403e+00   -0.000000e+00   -0.000000e+00   2.805480e+02   1.897759e-06   1.528553e+00
4.660000e+01   -9.570411e+00   -0.000000e+00   -0.000000e+00   2.805994e+02   1.874542e-06   1.510130e+00
4.670000e+01   -9.163868e+00   -0.000000e+00   -0.000000e+00   2.806464e+02   1.851648e-06   1.491936e+00
4.680000e+01   -8.759347e+00   -0.000000e+00   -0.000000e+00   2.806892e+02   1.829068e-06   1.473968e+00
4.690000e+01   -8.386695e+00   -0.000000e+00   -0.000000e+00   2.807284e+02   1.806793e-06   1.456220e+00
4.700000e+01   -8.073228e+00   -0.000000e+00   -0.000000e+00   2.807639e+02   1.784819e-06   1.438692e+00
4.710000e+01   -7.758515e+00   -0.000000e+00   -0.000000e+00   2.807961e+02   1.763140e-06   1.421380e+00
4.720000e+01   -7.381443e+00   -0.000000e+00   -0.000000e+00   2.808250e+02   1.741750e-06   1.404281e+00
4.730000e+01   -6.880899e+00   -0.000000e+00   -0.000000e+00   2.808508e+02   1.720645e-06   1.387393e+00
4.740000e+01   -5.828356e+00   -0.000000e+00   -0.000000e+00   2.808737e+02   1.699821e-06   1.370713e+00
4.750000e+01   -3.898598e+00   -0.000000e+00   -0.000000e+00   2.808937e+02   1.679271e-06   1.354238e+00
4.760000e+01   -1.602297e+00   -0.000000e+00   -0.000000e+00   2.809112e+02   1.658991e-06   1.337967e+00
4.770000e+01   5.394536e-01   -0.000000e+00   -0.000000e+00   2.809261e+02   1.638977e-06   1.321896e+00
4.780000e+01   2.005561e+00   -0.000000e+00   -0.000000e+00   2.809388e+02   1.619223e-06   1.306022e+00
4.790000e+01   2.755754e+00   -0.000000e+00   -0.000000e+00   2.809493e+02   1.599724e-06   1.290344e+00
4.800000e+01   3.419839e+00   -0.000000e+00   -0.000000e+00   2.809577e+02   1.580478e-06   1.274858e+00
4.810000e+01   3.968921e+00   -0.000000e+00   -0.000000e+00   2.809644e+02   1.561478e-06   1.259561e+00
4.820000e+01   4.357073e+00   -0.000000e+00   -0.000000e+00   2.809693e+02   1.542720e-06   1.244452e+00
4.830000e+01   4.538370e+00   -0.000000e+00   -0.000000e+00   2.809727e+02   1.524199e-06   1.229528e+00
4.840000e+01   4.529980e+00   -0.000000e+00   -0.000000e+00   2.809747e+02   1.505912e-06   1.214785e+00
4.850000e+01   4.445394e+00   -0.000000e+00   -0.000000e+00   2.809755e+02   1.487854e-06   1.200221e+00
4.860000e+01   4.296498e+00   -0.000000e+00   -0.000000e+00   2.809752e+02   1.470021e-06   1.185834e+00
4.870000e+01   4.091593e+00   -0.000000e+00   -0.000000e+00   2.809740e+02   1.452408e-06   1.171621e+00
4.880000e+01   3.838985e+00   -0.000000e+00   -0.000000e+00   2.809721e+02   1.435011e-06   1.157579e+00
4.890000e+01   3.257111e+00   -0.000000e+00   -0.000000e+00   2.809695e+02   1.417827e-06   1.143707e+00
4.900000e+01   1.870042e+00   -0.000000e+00   -0.000000e+00   2.809662e+02   1.400852e-06   1.130001e+00
4.910000e+01   1.203986e-02   -0.000000e+00   -0.000000e+00   2.809622e+02   1.384085e-06   1.116459e+00
4.920000e+01   -1.952564e+00   -0.000000e+00   -0.000000e+00   2.809575e+02   1.367522e-06   1.103081e+00
4.930000e+01   -3.659437e+00   -0.000000e+00   -0.000000e+00   2.809520e+02   1.351162e-06   1.089863e+00
4.940000e+01   -5.026643e+00   -0.000000e+00   -0.000000e+00   2.809457e+02   1.335003e-06   1.076805e+00
4.950000e+01   -6.491327e+00   -0.000000e+00   -0.000000e+00   2.809386e+02   1.319040e-06   1.063903e+00
4.960000e+01   -7.866585e+00   -0.000000e+00   -0.000000e+00   2.809307e+02   1.303273e-06   1.051155e+00
4.970000e+01   -8.929852e+00   -0.000000e+00   -0.000000e+00   2.809218e+02   1.287698e-06   1.038561e+00
4.980000e+01   -9.458563e+00   -0.000000e+00   -0.000000e+00   2.809120e+02   1.272314e-06   1.026117e+00
4.990000e+01   -9.309065e+00   -0.000000e+00   -0.000000e+00   2.809013e+02   1.257117e-06   1.013822e+00
5.000000e+01   -8.711342e+00   -0.000000e+00   -0.000000e+00   2.808895e+02   1.242106e-06   1.001674e+00
5.010000e+01   -7.915135e+00   -0.000000e+00   -0.000000e+00   2.808767e+02   1.227277e-06   9.896707e-01
5.020000e+01   -7.162662e+00   -0.000000e+00   -0.000000e+00   2.808629e+02   1.212629e-06   9.778101e-01
5.030000e+01   -6.696140e+00   -0.000000e+00   -0.000000e+00   2.808479e+02   1.198158e-06   9.660901e-01
5.040000e+01   -6.628634e+00   -0.000000e+00   -0.000000e+00   2.808319e+02   1.183862e-06   9.545089e-01
5.050000e+01   -6.664487e+00   -0.000000e+00   -0.000000e+00   2.808147e+02   1.169740e-06   9.430644e-01
5.060000e+01   -6.763213e+00   -0.000000e+00   -0.000000e+00   2.807962e+02   1.155787e-06   9.317547e-01
5.070000e+01   -6.911886e+00   -0.000000e+00   -0.000000e+00   2.807766e+02   1.142003e-06   9.205776e-01
5.080000e+01   -7.097582e+00   -0.000000e+00   -0.000000e+00   2.807557e+02   1.128384e-06   9.095313e-01
5.090000e+01   -7.424743e+00   -0.000000e+00   -0.000000e+00   2.807335e+02   1.114927e-06   8.986137e-01
5.100000e+01   -8.189522e+00   -0.000000e+00   -0.000000e+00   2.807096e+02   1.101633e-06   8.878233e-01
5.110000e+01   -9.155738e+00   -0.000000e+00   -0.000000e+00   2.806835e+02   1.088501e-06   8.771588e-01
5.120000e+01   -1.004185e+01   -0.000000e+00   -0.000000e+00   2.806549e+02   1.075531e-06   8.666187e-01
5.130000e+01   -1.056632e+01   -0.000000e+00   -0.000000e+00   2.806233e+02   1.062723e-06   8.562016e-01
5.140000e+01   -1.059364e+01   -0.000000e+00   -0.000000e+00   2.805881e+02   1.050076e-06   8.459062e-01
5.150000e+01   -1.056277e+01   -0.000000e+00   -0.000000e+00   2.805490e+02   1.037589e-06   8.357311e-01
5.160000e+01   -1.053119e+01   -0.000000e+00   -0.000000e+00   2.805055e+02   1.025263e-06   8.256750e-01
5.170000e+01   -1.049901e+01   -0.000000e+00   -0.000000e+00   2.804571e+02   1.013097e-06   8.157363e-01
5.180000e+01   -1.046632e+01   -0.000000e+00   -0.000000e+00   2.804033e+02   1.001090e-06   8.059139e-01
5.190000e+01   -1.017589e+01   -0.000000e+00   -0.000000e+00   2.803437e+02   9.892415e-07   7.962062e-01
5.200000e+01   -8.703914e+00   -0.000000e+00   -0.000000e+00   2.802779e+02   9.775507e-07   7.866119e-01
5.210000e+01   -6.541917e+00   -0.000000e+00   -0.000000e+00   2.802053e+02   9.660169e-07   7.771296e-01
5.220000e+01   -4.352645e+00   -0.000000e+00   -0.000000e+00   2.801256e+02   9.546391e-07   7.677580e-01
5.230000e+01   -2.798844e+00   -0.000000e+00   -0.000000e+00   2.800382e+02   9.434165e-07   7.584957e-01
5.240000e+01   -2.318069e+00   -0.000000e+00   -0.000000e+00   2.799427e+02   9.323481e-07   7.493412e-01
5.250000e+01   -2.105981e+00   -0.000000e+00   -0.000000e+00   2.798387e+02   9.214328e-07   7.402932e-01
5.260000e+01   -1.961093e+00   -0.000000e+00   -0.000000e+00   2.797256e+02   9.106698e-07   7.313504e-01
5.270000e+01   -1.828273e+00   -0.000000e+00   -0.000000e+00   2.796030e+02   9.000578e-07   7.225112e-01
5.280000e+01   -1.652392e+00   -0.000000e+00   -0.000000e+00   2.794705e+02   8.895957e-07   7.137745e-01
5.290000e+01   -1.351750e+00   -0.000000e+00   -0.000000e+00   2.793276e+02   8.792823e-07   7.051387e-01
5.300000e+01   -7.905426e-01   -0.000000e+00   -0.000000e+00   2.791740e+02   8.691160e-07   6.966027e-01
5.310000e+01   -8.822217e-02   -0.000000e+00   -0.000000e+00   2.790102e+02   8.590933e-07   6.881652e-01
5.320000e+01   6.004657e-01   -0.000000e+00   -0.000000e+00   2.788364e+02   8.492107e-07   6.798253e-01
5.330000e+01   1.120775e+00   -0.000000e+00   -0.000000e+00   2.786533e+02   8.394647e-07   6.715820e-01
5.340000e+01   1.362744e+00   -0.000000e+00   -0.000000e+00   2.784613e+02   8.298520e-07   6.634343e-01
5.350000e+01   1.531267e+00   -0.000000e+00   -0.000000e+00   2.782609e+02   8.203692e-07   6.553811e-01
5.360000e+01   1.667295e+00   -0.000000e+00   -0.000000e+00   2.780525e+02   8.110131e-07   6.474213e-01
5.370000e+01   1.760115e+00   -0.000000e+00   -0.000000e+00   2.778366e+02   8.017806e-07   6.395541e-01
5.380000e+01   1.799014e+00   -0.000000e+00   -0.000000e+00   2.776136e+02   7.926686e-07   6.317783e-01
5.390000e+01   1.653902e+00   -0.000000e+00   -0.000000e+00   2.773840e+02   7.836740e-07   6.240930e-01
5.400000e+01   5.595291e-01   -0.000000e+00   -0.000000e+00   2.771484e+02   7.747940e-07   6.164970e-01
5.410000e+01   -1.164369e+00   -0.000000e+00   -0.000000e+00   2.769071e+02   7.660257e-07   6.089895e-01
5.420000e+01   -2.963690e+00   -0.000000e+00   -0.000000e+00   2.766606e+02   7.573662e-07   6.015693e-01
5.430000e+01   -4.284334e+00   -0.000000e+00   -0.000000e+00   2.764095e+02   7.488129e-07   5.942355e-01
5.440000e+01   -4.685690e+00   -0.000000e+00   -0.000000e+00   2.761541e+02   7.403629e-07   5.869870e-01
5.450000e+01   -4.843820e+00   -0.000000e+00   -0.000000e+00   2.758949e+02   7.320138e-07   5.798228e-01
5.460000e+01   -4.978976e+00   -0.000000e+00   -0.000000e+00   2.756324e+02   7.237629e-07   5.727419e-01
5.470000e+01   -5.089183e+00   -0.000000e+00   -0.000000e+00   2.753671e+02   7.156076e-07   5.657432e-01
5.480000e+01   -5.172465e+00   -0.000000e+00   -0.000000e+00   2.750994e+02   7.075456e-07   5.588258e-01
5.490000e+01   -5.159679e+00   -0.000000e+00   -0.000000e+00   2.748298e+02   6.995744e-07   5.519885e-01
5.500000e+01   -4.423075e+00   -0.000000e+00   -0.000000e+00   2.745587e+02   6.916916e-07   5.452305e-01
5.510000e+01   -3.077648e+00   -0.000000e+00   -0.000000e+00   2.742866e+02   6.838953e-07   5.385507e-01
5.520000e+01   -1.461634e+00   -0.000000e+00   -0.000000e+00   2.740133e+02   6.761846e-07   5.319481e-01
5.530000e+01   8.671470e-02   -0.000000e+00   -0.000000e+00   2.737388e+02   6.685585e-07   5.254219e-01
5.540000e+01   1.265636e+00   -0.000000e+00   -0.000000e+00   2.734631e+02   6.610164e-07   5.189712e-01
5.550000e+01   2.304269e+00   -0.000000e+00   -0.000000e+00   2.731860e+02   6.535573e-07   5.125951e-01
5.560000e+01   3.300946e+00   -0.000000e+00   -0.000000e+00   2.729075e+02   6.461804e-07   5.062926e-01
5.570000e+01   4.231284e+00   -0.000000e+00   -0.000000e+00   2.726275e+02   6.388848e-07   5.000628e-01
5.580000e+01   5.070900e+00   -0.000000e+00   -0.000000e+00   2.723460e+02   6.316698e-07   4.939050e-01
5.590000e+01   5.806952e+00   -0.000000e+00   -0.000000e+00   2.720628e+02   6.245344e-07   4.878181e-01
5.600000e+01   6.571876e+00   -0.000000e+00   -0.000000e+00   2.717779e+02   6.174778e-07   4.818012e-01
5.610000e+01   7.321644e+00   -0.000000e+00   -0.000000e+00   2.714913e+02   6.104990e-07   4.758535e-01
5.620000e+01   7.942051e+00   -0.000000e+00   -0.000000e+00   2.712028e+02   6.035973e-07   4.699740e-01
5.630000e+01   8.318893e+00   -0.000000e+00   -0.000000e+00   2.709124e+02   5.967716e-07   4.641618e-01
5.640000e+01   8.274009e+00   -0.000000e+00   -0.000000e+00   2.706200e+02   5.900211e-07   4.584161e-01
5.650000e+01   6.687367e+00   -0.000000e+00   -0.000000e+00   2.703256e+02   5.833448e-07   4.527359e-01
5.660000e+01   3.796106e+00   -0.000000e+00   -0.000000e+00   2.700291e+02   5.767419e-07   4.471203e-01
5.670000e+01   4.032235e-01   -0.000000e+00   -0.000000e+00   2.697303e+02   5.702113e-07   4.415684e-01
5.680000e+01   -2.688281e+00   -0.000000e+00   -0.000000e+00   2.694293e+02   5.637523e-07   4.360793e-01
5.690000e+01   -4.718831e+00   -0.000000e+00   -0.000000e+00   2.691260e+02   5.573637e-07   4.306522e-01
5.700000e+01   -6.175621e+00   -0.000000e+00   -0.000000e+00   2.688202e+02   5.510448e-07   4.252861e-01
5.710000e+01   -7.462131e+00   -0.000000e+00   -0.000000e+00   2.685120e+02   5.447944e-07   4.199800e-01
5.720000e+01   -8.593077e+00   -0.000000e+00   -0.000000e+00   2.682011e+02   5.386119e-07   4.147332e-01
5.730000e+01   -9.582838e+00   -0.000000e+00   -0.000000e+00   2.678869e+02   5.324977e-07   4.095450e-01
5.740000e+01   -1.044474e+01   -0.000000e+00   -0.000000e+00   2.675690e+02   5.264519e-07   4.044147e-01
5.750000e+01   -1.117093e+01   -0.000000e+00   -0.000000e+00   2.672466e+02   5.204751e-07   3.993416e-01
5.760000e+01   -1.179858e+01   -0.000000e+00   -0.000000e+00   2.669192e+02   5.145674e-07   3.943251e-01
5.770000e+01   -1.238527e+01   -0.000000e+00   -0.000000e+00   2.665861e+02   5.087292e-07   3.893646e-01
5.780000e+01   -1.298859e+01   -0.000000e+00   -0.000000e+00   2.662467e+02   5.029605e-07   3.844594e-01
5.790000e+01   -1.366897e+01   -0.000000e+00   -0.000000e+00   2.659005e+02   4.972615e-07   3.796088e-01
5.800000e+01   -1.456022e+01   -0.000000e+00   -0.000000e+00   2.655467e+02   4.916324e-07   3.748123e-01
5.810000e+01   -1.557693e+01   -0.000000e+00   -0.000000e+00   2.651849e+02   4.860732e-07   3.700690e-01
5.820000e+01   -1.653429e+01   -0.000000e+00   -0.000000e+00   2.648143e+02   4.805839e-07   3.653785e-01
5.830000e+01   -1.724753e+01   -0.000000e+00   -0.000000e+00   2.644343e+02   4.751646e-07   3.607400e-01
5.840000e+01   -1.753502e+01   -0.000000e+00   -0.000000e+00   2.640445e+02   4.698151e-07   3.561529e-01
5.850000e+01   -1.747790e+01   -0.000000e+00   -0.000000e+00   2.636440e+02   4.645355e-07   3.516165e-01
5.860000e+01   -1.721735e+01   -0.000000e+00   -0.000000e+00   2.632324e+02   4.593256e-07   3.471301e-01
5.870000e+01   -1.678850e+01   -0.000000e+00   -0.000000e+00   2.628090e+02   4.541852e-07   3.426932e-01
5.880000e+01   -1.622651e+01   -0.000000e+00   -0.000000e+00   2.623732e+02   4.491142e-07   3.383051e-01
5.890000e+01   -1.555789e+01   -0.000000e+00   -0.000000e+00   2.619243e+02   4.441124e-07   3.339651e-01
5.900000e+01   -1.393635e+01   -0.000000e+00   -0.000000e+00   2.614619e+02   4.391795e-07   3.296725e-01
5.910000e+01   -1.128742e+01   -0.000000e+00   -0.000000e+00   2.609852e+02   4.343153e-07   3.254268e-01
5.920000e+01   -8.328116e+00   -0.000000e+00   -0.000000e+00   2.604936e+02   4.295195e-07   3.212272e-01
5.930000e+01   -5.775622e+00   -0.000000e+00   -0.000000e+00   2.599870e+02   4.247912e-07   3.170732e-01
5.940000e+01   -4.343664e+00   -0.000000e+00   -0.000000e+00   2.594665e+02   4.201275e-07   3.129643e-01
5.950000e+01   -3.633465e+00   -0.000000e+00   -0.000000e+00   2.589334e+02   4.155256e-07   3.089002e-01
5.960000e+01   -3.016925e+00   -0.000000e+00   -0.000000e+00   2.583889e+02   4.109826e-07   3.048805e-01
5.970000e+01   -2.532476e+00   -0.000000e+00   -0.000000e+00   2.578344e+02   4.064958e-07   3.009048e-01
5.980000e+01   -2.218550e+00   -0.000000e+00   -0.000000e+00   2.572710e+02   4.020623e-07   2.969728e-01
5.990000e+01   -2.113818e+00   -0.000000e+00   -0.000000e+00   2.567002e+02   3.976796e-07   2.930839e-01
6.000000e+01   -2.432715e+00   -0.000000e+00   -0.000000e+00   2.561232e+02   3.933452e-07   2.892379e-01
6.010000e+01   -3.153242e+00   -0.000000e+00   -0.000000e+00   2.555413e+02   3.890566e-07   2.854343e-01
6.020000e+01   -4.001441e+00   -0.000000e+00   -0.000000e+00   2.549557e+02   3.848113e-07   2.816728e-01
6.030000e+01   -4.703351e+00   -0.000000e+00   -0.000000e+00   2.543678e+02   3.806071e-07   2.779530e-01
6.040000e+01   -4.985012e+00   -0.000000e+00   -0.000000e+00   2.537789e+02   3.764417e-07   2.742745e-01
6.050000e+01   -4.597122e+00   -0.000000e+00   -0.000000e+00   2.531901e+02   3.723128e-07   2.706369e-01
6.060000e+01   -3.696719e+00   -0.000000e+00   -0.000000e+00   2.526029e+02   3.682183e-07   2.670399e-01
6.070000e+01   -2.619350e+00   -0.000000e+00   -0.000000e+00   2.520186e+02   3.641562e-07   2.634830e-01
6.080000e+01   -1.700563e+00   -0.000000e+00   -0.000000e+00   2.514383e+02   3.601244e-07   2.599658e-01
6.090000e+01   -1.275907e+00   -0.000000e+00   -0.000000e+00   2.508634e+02   3.561210e-07   2.564881e-01
6.100000e+01   -1.317466e+00   -0.000000e+00   -0.000000e+00   2.502952e+02   3.521440e-07   2.530493e-01
6.110000e+01   -1.498901e+00   -0.000000e+00   -0.000000e+00   2.497349e+02   3.481917e-07   2.496491e-01
6.120000e+01   -1.770892e+00   -0.000000e+00   -0.000000e+00   2.491839e+02   3.442623e-07   2.462872e-01
6.130000e+01   -2.084482e+00   -0.000000e+00   -0.000000e+00   2.486433e+02   3.403542e-07   2.429630e-01
6.140000e+01   -2.390672e+00   -0.000000e+00   -0.000000e+00   2.481133e+02   3.364673e-07   2.396764e-01
6.150000e+01   -2.746423e+00   -0.000000e+00   -0.000000e+00   2.475932e+02   3.326029e-07   2.364270e-01
6.160000e+01   -3.210635e+00   -0.000000e+00   -0.000000e+00   2.470821e+02   3.287623e-07   2.332145e-01
6.170000e+01   -3.688484e+00   -0.000000e+00   -0.000000e+00   2.465792e+02   3.249465e-07   2.300386e-01
6.180000e+01   -4.084575e+00   -0.000000e+00   -0.000000e+00   2.460839e+02   3.211567e-07   2.268990e-01
6.190000e+01   -4.303509e+00   -0.000000e+00   -0.000000e+00   2.455953e+02   3.173939e-07   2.237954e-01
6.200000e+01   -4.358640e+00   -0.000000e+00   -0.000000e+00   2.451127e+02   3.136593e-07   2.207274e-01
6.210000e+01   -4.379141e+00   -0.000000e+00   -0.000000e+00   2.446353e+02   3.099538e-07   2.176949e-01
6.220000e+01   -4.380713e+00   -0.000000e+00   -0.000000e+00   2.441623e+02   3.062783e-07   2.146975e-01
6.230000e+01   -4.377898e+00   -0.000000e+00   -0.000000e+00   2.436929e+02   3.026337e-07   2.117350e-01
6.240000e+01   -4.385237e+00   -0.000000e+00   -0.000000e+00   2.432264e+02   2.990210e-07   2.088069e-01
6.250000e+01   -4.419435e+00   -0.000000e+00   -0.000000e+00   2.427620e+02   2.954409e-07   2.059130e-01
6.260000e+01   -4.476254e+00   -0.000000e+00   -0.000000e+00   2.422989e+02   2.918943e-07   2.030530e-01
6.270000e+01   -4.531950e+00   -0.000000e+00   -0.000000e+00   2.418364e+02   2.883818e-07   2.002266e-01
6.280000e+01   -4.562615e+00   -0.000000e+00   -0.000000e+00   2.413737e+02   2.849041e-07   1.974336e-01
6.290000e+01   -4.544338e+00   -0.000000e+00   -0.000000e+00   2.409100e+02   2.814620e-07   1.946735e-01
6.300000e+01   -4.338329e+00   -0.000000e+00   -0.000000e+00   2.404445e+02   2.780560e-07   1.919462e-01
6.310000e+01   -3.826532e+00   -0.000000e+00   -0.000000e+00   2.399765e+02   2.746868e-07   1.892513e-01
6.320000e+01   -3.188756e+00   -0.000000e+00   -0.000000e+00   2.395052e+02   2.713548e-07   1.865884e-01
6.330000e+01   -2.610396e+00   -0.000000e+00   -0.000000e+00   2.390298e+02   2.680606e-07   1.839574e-01
6.340000e+01   -2.277225e+00   -0.000000e+00   -0.000000e+00   2.385501e+02   2.648041e-07   1.813580e-01
6.350000e+01   -2.346838e+00   -0.000000e+00   -0.000000e+00   2.380660e+02   2.615850e-07   1.787897e-01
6.360000e+01   -2.755491e+00   -0.000000e+00   -0.000000e+00   2.375775e+02   2.584027e-07   1.762523e-01
6.370000e+01   -3.336039e+00   -0.000000e+00   -0.000000e+00   2.370849e+02   2.552570e-07   1.737456e-01
6.380000e+01   -3.920765e+00   -0.000000e+00   -0.000000e+00   2.365879e+02   2.521474e-07   1.712692e-01
6.390000e+01   -4.341947e+00   -0.000000e+00   -0.000000e+00   2.360868e+02   2.490734e-07   1.688229e-01
6.400000e+01   -4.525954e+00   -0.000000e+00   -0.000000e+00   2.355815e+02   2.460346e-07   1.664063e-01
6.410000e+01   -4.635271e+00   -0.000000e+00   -0.000000e+00   2.350722e+02   2.430307e-07   1.640192e-01
6.420000e+01   -4.725889e+00   -0.000000e+00   -0.000000e+00   2.345587e+02   2.400611e-07   1.616612e-01
6.430000e+01   -4.847053e+00   -0.000000e+00   -0.000000e+00   2.340412e+02   2.371256e-07   1.593321e-01
6.440000e+01   -5.048007e+00   -0.000000e+00   -0.000000e+00   2.335198e+02   2.342237e-07   1.570315e-01
6.450000e+01   -5.677637e+00   -0.000000e+00   -0.000000e+00   2.329944e+02   2.313550e-07   1.547593e-01
6.460000e+01   -7.246669e+00   -0.000000e+00   -0.000000e+00   2.324651e+02   2.285191e-07   1.525150e-01
6.470000e+01   -9.225062e+00   -0.000000e+00   -0.000000e+00   2.319319e+02   2.257155e-07   1.502984e-01
6.480000e+01   -1.103573e+01   -0.000000e+00   -0.000000e+00   2.313949e+02   2.229440e-07   1.481091e-01
6.490000e+01   -1.210160e+01   -0.000000e+00   -0.000000e+00   2.308541e+02   2.202041e-07   1.459470e-01
6.500000e+01   -1.218138e+01   -0.000000e+00   -0.000000e+00   2.303096e+02   2.174953e-07   1.438117e-01
6.510000e+01   -1.200039e+01   -0.000000e+00   -0.000000e+00   2.297613e+02   2.148174e-07   1.417029e-01
6.520000e+01   -1.171659e+01   -0.000000e+00   -0.000000e+00   2.292094e+02   2.121698e-07   1.396203e-01
6.530000e+01   -1.143621e+01   -0.000000e+00   -0.000000e+00   2.286539e+02   2.095524e-07   1.375636e-01
6.540000e+01   -1.126426e+01   -0.000000e+00   -0.000000e+00   2.280947e+02   2.069647e-07   1.355326e-01
6.550000e+01   -1.125893e+01   -0.000000e+00   -0.000000e+00   2.275317e+02   2.044065e-07   1.335270e-01
6.560000e+01   -1.131685e+01   -0.000000e+00   -0.000000e+00   2.269649e+02   2.018776e-07   1.315465e-01
6.570000e+01   -1.141017e+01   -0.000000e+00   -0.000000e+00   2.263941e+02   1.993779e-07   1.295909e-01
6.580000e+01   -1.152037e+01   -0.000000e+00   -0.000000e+00   2.258194e+02   1.969069e-07   1.276599e-01
6.590000e+01   -1.162895e+01   -0.000000e+00   -0.000000e+00   2.252406e+02   1.944645e-07   1.257533e-01
6.600000e+01   -1.170926e+01   -0.000000e+00   -0.000000e+00   2.246577e+02   1.920505e-07   1.238708e-01
6.610000e+01   -1.174216e+01   -0.000000e+00   -0.000000e+00   2.240706e+02   1.896645e-07   1.220122e-01
6.620000e+01   -1.177004e+01   -0.000000e+00   -0.000000e+00   2.234791e+02   1.873063e-07   1.201771e-01
6.630000e+01   -1.183949e+01   -0.000000e+00   -0.000000e+00   2.228834e+02   1.849758e-07   1.183654e-01
6.640000e+01   -1.199711e+01   -0.000000e+00   -0.000000e+00   2.222832e+02   1.826725e-07   1.165768e-01
6.650000e+01   -1.229712e+01   -0.000000e+00   -0.000000e+00   2.216785e+02   1.803963e-07   1.148110e-01
6.660000e+01   -1.277141e+01   -0.000000e+00   -0.000000e+00   2.210692e+02   1.781468e-07   1.130677e-01
6.670000e+01   -1.336484e+01   -0.000000e+00   -0.000000e+00   2.204553e+02   1.759239e-07   1.113468e-01
6.680000e+01   -1.401600e+01   -0.000000e+00   -0.000000e+00   2.198366e+02   1.737272e-07   1.096478e-01
6.690000e+01   -1.466348e+01   -0.000000e+00   -0.000000e+00   2.192132e+02   1.715564e-07   1.079707e-01
6.700000e+01   -1.525543e+01   -0.000000e+00   -0.000000e+00   2.185848e+02   1.694114e-07   1.063151e-01
6.710000e+01   -1.581459e+01   -0.000000e+00   -0.000000e+00   2.179516e+02   1.672918e-07   1.046808e-01
6.720000e+01   -1.637940e+01   -0.000000e+00   -0.000000e+00   2.173133e+02   1.651973e-07   1.030675e-01
6.730000e+01   -1.698640e+01   -0.000000e+00   -0.000000e+00   2.166705e+02   1.631273e-07   1.014749e-01
6.740000e+01   -1.767239e+01   -0.000000e+00   -0.000000e+00   2.160234e+02   1.610813e-07   9.990295e-02
6.750000e+01   -1.857967e+01   -0.000000e+00   -0.000000e+00   2.153726e+02   1.590586e-07   9.835126e-02
6.760000e+01   -2.012170e+01   -0.000000e+00   -0.000000e+00   2.147184e+02   1.570586e-07   9.681965e-02
6.770000e+01   -2.197615e+01   -0.000000e+00   -0.000000e+00   2.140614e+02   1.550808e-07   9.530788e-02
6.780000e+01   -2.372333e+01   -0.000000e+00   -0.000000e+00   2.134019e+02   1.531246e-07   9.381571e-02
6.790000e+01   -2.494353e+01   -0.000000e+00   -0.000000e+00   2.127403e+02   1.511894e-07   9.234293e-02
6.800000e+01   -2.523335e+01   -0.000000e+00   -0.000000e+00   2.120772e+02   1.492748e-07   9.088928e-02
6.810000e+01   -2.459942e+01   -0.000000e+00   -0.000000e+00   2.114129e+02   1.473800e-07   8.945455e-02
6.820000e+01   -2.347798e+01   -0.000000e+00   -0.000000e+00   2.107479e+02   1.455047e-07   8.803848e-02
6.830000e+01   -2.232547e+01   -0.000000e+00   -0.000000e+00   2.100826e+02   1.436483e-07   8.664086e-02
6.840000e+01   -2.159833e+01   -0.000000e+00   -0.000000e+00   2.094174e+02   1.418102e-07   8.526145e-02
6.850000e+01   -2.162929e+01   -0.000000e+00   -0.000000e+00   2.087529e+02   1.399901e-07   8.390001e-02
6.860000e+01   -2.185139e+01   -0.000000e+00   -0.000000e+00   2.080893e+02   1.381873e-07   8.255632e-02
6.870000e+01   -2.210114e+01   -0.000000e+00   -0.000000e+00   2.074272e+02   1.364015e-07   8.123013e-02
6.880000e+01   -2.235387e+01   -0.000000e+00   -0.000000e+00   2.067670e+02   1.346321e-07   7.992122e-02
6.890000e+01   -2.258488e+01   -0.000000e+00   -0.000000e+00   2.061091e+02   1.328786e-07   7.862935e-02
6.900000e+01   -2.275756e+01   -0.000000e+00   -0.000000e+00   2.054540e+02   1.311407e-07   7.735429e-02
6.910000e+01   -2.276919e+01   -0.000000e+00   -0.000000e+00   2.048017e+02   1.294181e-07   7.609582e-02
6.920000e+01   -2.262088e+01   -0.000000e+00   -0.000000e+00   2.041519e+02   1.277109e-07   7.485379e-02
6.930000e+01   -2.233674e+01   -0.000000e+00   -0.000000e+00   2.035039e+02   1.260196e-07   7.362802e-02
6.940000e+01   -2.194088e+01   -0.000000e+00   -0.000000e+00   2.028573e+02   1.243442e-07   7.241837e-02
6.950000e+01   -2.137333e+01   -0.000000e+00   -0.000000e+00   2.022115e+02   1.226852e-07   7.122466e-02
6.960000e+01   -2.002337e+01   -0.000000e+00   -0.000000e+00   2.015661e+02   1.210426e-07   7.004674e-02
6.970000e+01   -1.813707e+01   -0.000000e+00   -0.000000e+00   2.009204e+02   1.194166e-07   6.888444e-02
6.980000e+01   -1.617592e+01   -0.000000e+00   -0.000000e+00   2.002739e+02   1.178076e-07   6.773761e-02
6.990000e+01   -1.460144e+01   -0.000000e+00   -0.000000e+00   1.996261e+02   1.162155e-07   6.660607e-02
7.000000e+01   -1.381697e+01   -0.000000e+00   -0.000000e+00   1.989765e+02   1.146407e-07   6.548968e-02
7.010000e+01   -1.346270e+01   -0.000000e+00   -0.000000e+00   1.983246e+02   1.130831e-07   6.438827e-02
7.020000e+01   -1.326322e+01   -0.000000e+00   -0.000000e+00   1.976698e+02   1.115431e-07   6.330167e-02
7.030000e+01   -1.307625e+01   -0.000000e+00   -0.000000e+00   1.970115e+02   1.100206e-07   6.222974e-02
7.040000e+01   -1.275949e+01   -0.000000e+00   -0.000000e+00   1.963493e+02   1.085158e-07   6.117229e-02
7.050000e+01   -1.211086e+01   -0.000000e+00   -0.000000e+00   1.956827e+02   1.070288e-07   6.012918e-02
7.060000e+01   -1.045264e+01   -0.000000e+00   -0.000000e+00   1.950110e+02   1.055596e-07   5.910024e-02
7.070000e+01   -8.159289e+00   -0.000000e+00   -0.000000e+00   1.943338e+02   1.041084e-07   5.808532e-02
7.080000e+01   -5.904905e+00   -0.000000e+00   -0.000000e+00   1.936505e+02   1.026751e-07   5.708424e-02
7.090000e+01   -4.363640e+00   -0.000000e+00   -0.000000e+00   1.929608e+02   1.012598e-07   5.609685e-02
7.100000e+01   -4.155292e+00   -0.000000e+00   -0.000000e+00   1.922648e+02   9.986212e-08   5.512302e-02
7.110000e+01   -4.845546e+00   -0.000000e+00   -0.000000e+00   1.915636e+02   9.848140e-08   5.416260e-02
7.120000e+01   -6.016596e+00   -0.000000e+00   -0.000000e+00   1.908579e+02   9.711706e-08   5.321549e-02
7.130000e+01   -7.478762e+00   -0.000000e+00   -0.000000e+00   1.901486e+02   9.576852e-08   5.228154e-02
7.140000e+01   -9.042364e+00   -0.000000e+00   -0.000000e+00   1.894366e+02   9.443525e-08   5.136063e-02
7.150000e+01   -1.056063e+01   -0.000000e+00   -0.000000e+00   1.887227e+02   9.311668e-08   5.045264e-02
7.160000e+01   -1.259826e+01   -0.000000e+00   -0.000000e+00   1.880077e+02   9.181230e-08   4.955743e-02
7.170000e+01   -1.500057e+01   -0.000000e+00   -0.000000e+00   1.872925e+02   9.052160e-08   4.867489e-02
7.180000e+01   -1.725989e+01   -0.000000e+00   -0.000000e+00   1.865780e+02   8.924409e-08   4.780487e-02
7.190000e+01   -1.886854e+01   -0.000000e+00   -0.000000e+00   1.858649e+02   8.797930e-08   4.694726e-02
7.200000e+01   -1.932137e+01   -0.000000e+00   -0.000000e+00   1.851542e+02   8.672675e-08   4.610193e-02
7.210000e+01   -1.845637e+01   -0.000000e+00   -0.000000e+00   1.844468e+02   8.548602e-08   4.526875e-02
7.220000e+01   -1.680076e+01   -0.000000e+00   -0.000000e+00   1.837433e+02   8.425667e-08   4.444759e-02
7.230000e+01   -1.496418e+01   -0.000000e+00   -0.000000e+00   1.830448e+02   8.303828e-08   4.363832e-02
7.240000e+01   -1.355628e+01   -0.000000e+00   -0.000000e+00   1.823520e+02   8.183045e-08   4.284082e-02
7.250000e+01   -1.317738e+01   -0.000000e+00   -0.000000e+00   1.816658e+02   8.063280e-08   4.205497e-02
7.260000e+01   -1.389630e+01   -0.000000e+00   -0.000000e+00   1.809871e+02   7.944496e-08   4.128062e-02
7.270000e+01   -1.530680e+01   -0.000000e+00   -0.000000e+00   1.803166e+02   7.826656e-08   4.051766e-02
7.280000e+01   -1.704854e+01   -0.000000e+00   -0.000000e+00   1.796553e+02   7.709729e-08   3.976596e-02
7.290000e+01   -1.876105e+01   -0.000000e+00   -0.000000e+00   1.790030e+02   7.593721e-08   3.902540e-02
7.300000e+01   -2.009265e+01   -0.000000e+00   -0.000000e+00   1.783588e+02   7.478679e-08   3.829585e-02
7.310000e+01   -2.117215e+01   -0.000000e+00   -0.000000e+00   1.777215e+02   7.364648e-08   3.757720e-02
7.320000e+01   -2.218380e+01   -0.000000e+00   -0.000000e+00   1.770903e+02   7.251669e-08   3.686933e-02
7.330000e+01   -2.313346e+01   -0.000000e+00   -0.000000e+00   1.764641e+02   7.139784e-08   3.617211e-02
7.340000e+01   -2.402699e+01   -0.000000e+00   -0.000000e+00   1.758419e+02   7.029030e-08   3.548544e-02
7.350000e+01   -2.487217e+01   -0.000000e+00   -0.000000e+00   1.752227e+02   6.919444e-08   3.480919e-02
7.360000e+01   -2.577685e+01   -0.000000e+00   -0.000000e+00   1.746054e+02   6.811060e-08   3.414325e-02
7.370000e+01   -2.670807e+01   -0.000000e+00   -0.000000e+00   1.739891e+02   6.703909e-08   3.348748e-02
7.380000e+01   -2.753589e+01   -0.000000e+00   -0.000000e+00   1.733727e+02   6.598022e-08   3.284179e-02
7.390000e+01   -2.813037e+01   -0.000000e+00   -0.000000e+00   1.727552e+02   6.493424e-08   3.220604e-02
7.400000e+01   -2.836365e+01   -0.000000e+00   -0.000000e+00   1.721356e+02   6.390143e-08   3.158012e-02
7.410000e+01   -2.838320e+01   -0.000000e+00   -0.000000e+00   1.715129e+02   6.288202e-08   3.096390e-02
7.420000e+01   -2.836079e+01   -0.000000e+00   -0.000000e+00   1.708861e+02   6.187622e-08   3.035728e-02
7.430000e+01   -2.831965e+01   -0.000000e+00   -0.000000e+00   1.702541e+02   6.088423e-08   2.976013e-02
7.440000e+01   -2.828303e+01   -0.000000e+00   -0.000000e+00   1.696160e+02   5.990623e-08   2.917233e-02
7.450000e+01   -2.827462e+01   -0.000000e+00   -0.000000e+00   1.689707e+02   5.894238e-08   2.859377e-02
7.460000e+01   -2.840648e+01   -0.000000e+00   -0.000000e+00   1.683172e+02   5.799282e-08   2.802432e-02
7.470000e+01   -2.867435e+01   -0.000000e+00   -0.000000e+00   1.676545e+02   5.705768e-08   2.746386e-02
7.480000e+01   -2.896545e+01   -0.000000e+00   -0.000000e+00   1.669816e+02   5.613706e-08   2.691228e-02
7.490000e+01   -2.916696e+01   -0.000000e+00   -0.000000e+00   1.662974e+02   5.523107e-08   2.636946e-02
7.500000e+01   -2.916583e+01   -0.000000e+00   -0.000000e+00   1.656013e+02   5.433970e-08   2.583529e-02
7.510000e+01   -2.860338e+01   -0.000000e+00   -0.000000e+00   1.648939e+02   5.346254e-08   2.530967e-02
7.520000e+01   -2.739420e+01   -0.000000e+00   -0.000000e+00   1.641760e+02   5.259910e-08   2.479251e-02
7.530000e+01   -2.577930e+01   -0.000000e+00   -0.000000e+00   1.634488e+02   5.174890e-08   2.428373e-02
7.540000e+01   -2.399969e+01   -0.000000e+00   -0.000000e+00   1.627132e+02   5.091148e-08   2.378324e-02
7.550000e+01   -2.229637e+01   -0.000000e+00   -0.000000e+00   1.619702e+02   5.008639e-08   2.329095e-02
7.560000e+01   -2.035505e+01   -0.000000e+00   -0.000000e+00   1.612207e+02   4.927321e-08   2.280678e-02
7.570000e+01   -1.799489e+01   -0.000000e+00   -0.000000e+00   1.604657e+02   4.847152e-08   2.233065e-02
7.580000e+01   -1.565714e+01   -0.000000e+00   -0.000000e+00   1.597063e+02   4.768092e-08   2.186245e-02
7.590000e+01   -1.378304e+01   -0.000000e+00   -0.000000e+00   1.589433e+02   4.690102e-08   2.140212e-02
7.600000e+01   -1.281383e+01   -0.000000e+00   -0.000000e+00   1.581777e+02   4.613144e-08   2.094955e-02
7.610000e+01   -1.250170e+01   -0.000000e+00   -0.000000e+00   1.574106e+02   4.537184e-08   2.050467e-02
7.620000e+01   -1.222010e+01   -0.000000e+00   -0.000000e+00   1.566429e+02   4.462185e-08   2.006738e-02
7.630000e+01   -1.197076e+01   -0.000000e+00   -0.000000e+00   1.558756e+02   4.388115e-08   1.963761e-02
7.640000e+01   -1.175614e+01   -0.000000e+00   -0.000000e+00   1.551097e+02   4.314941e-08   1.921526e-02
7.650000e+01   -1.157869e+01   -0.000000e+00   -0.000000e+00   1.543461e+02   4.242632e-08   1.880024e-02
7.660000e+01   -1.160211e+01   -0.000000e+00   -0.000000e+00   1.535858e+02   4.171158e-08   1.839247e-02
7.670000e+01   -1.196491e+01   -0.000000e+00   -0.000000e+00   1.528298e+02   4.100490e-08   1.799187e-02
7.680000e+01   -1.255478e+01   -0.000000e+00   -0.000000e+00   1.520791e+02   4.030600e-08   1.759834e-02
7.690000e+01   -1.325848e+01   -0.000000e+00   -0.000000e+00   1.513347e+02   3.961462e-08   1.721180e-02
7.700000e+01   -1.396281e+01   -0.000000e+00   -0.000000e+00   1.505975e+02   3.893050e-08   1.683217e-02
7.710000e+01   -1.471780e+01   -0.000000e+00   -0.000000e+00   1.498685e+02   3.825339e-08   1.645935e-02
7.720000e+01   -1.565651e+01   -0.000000e+00   -0.000000e+00   1.491487e+02   3.758306e-08   1.609326e-02
7.730000e+01   -1.668175e+01   -0.000000e+00   -0.000000e+00   1.484390e+02   3.691929e-08   1.573381e-02
7.740000e+01   -1.769436e+01   -0.000000e+00   -0.000000e+00   1.477405e+02   3.626187e-08   1.538091e-02
7.750000e+01   -1.859518e+01   -0.000000e+00   -0.000000e+00   1.470541e+02   3.561058e-08   1.503449e-02
7.760000e+01   -1.933370e+01   -0.000000e+00   -0.000000e+00   1.463807e+02   3.496530e-08   1.469445e-02
7.770000e+01   -1.998242e+01   -0.000000e+00   -0.000000e+00   1.457198e+02   3.432614e-08   1.436071e-02
7.780000e+01   -2.060103e+01   -0.000000e+00   -0.000000e+00   1.450709e+02   3.369332e-08   1.403320e-02
7.790000e+01   -2.124854e+01   -0.000000e+00   -0.000000e+00   1.444335e+02   3.306705e-08   1.371184e-02
7.800000e+01   -2.198397e+01   -0.000000e+00   -0.000000e+00   1.438067e+02   3.244751e-08   1.339655e-02
7.810000e+01   -2.281452e+01   -0.000000e+00   -0.000000e+00   1.431901e+02   3.183489e-08   1.308726e-02
7.820000e+01   -2.369233e+01   -0.000000e+00   -0.000000e+00   1.425829e+02   3.122936e-08   1.278388e-02
7.830000e+01   -2.465379e+01   -0.000000e+00   -0.000000e+00   1.419845e+02   3.063108e-08   1.248636e-02
7.840000e+01   -2.573728e+01   -0.000000e+00   -0.000000e+00   1.413944e+02   3.004019e-08   1.219459e-02
7.850000e+01   -2.698117e+01   -0.000000e+00   -0.000000e+00   1.408119e+02   2.945683e-08   1.190852e-02
7.860000e+01   -2.874579e+01   -0.000000e+00   -0.000000e+00   1.402363e+02   2.888114e-08   1.162806e-02
7.870000e+01   -3.134968e+01   -0.000000e+00   -0.000000e+00   1.396670e+02   2.831322e-08   1.135313e-02
7.880000e+01   -3.414523e+01   -0.000000e+00   -0.000000e+00   1.391035e+02   2.775319e-08   1.108366e-02
7.890000e+01   -3.645996e+01   -0.000000e+00   -0.000000e+00   1.385449e+02   2.720114e-08   1.081957e-02
7.900000e+01   -3.762141e+01   -0.000000e+00   -0.000000e+00   1.379908e+02   2.665715e-08   1.056079e-02
7.910000e+01   -3.724474e+01   -0.000000e+00   -0.000000e+00   1.374406e+02   2.612131e-08   1.030724e-02
7.920000e+01   -3.585929e+01   -0.000000e+00   -0.000000e+00   1.368934e+02   2.559367e-08   1.005883e-02
7.930000e+01   -3.384282e+01   -0.000000e+00   -0.000000e+00   1.363488e+02   2.507430e-08   9.815502e-03
7.940000e+01   -3.155584e+01   -0.000000e+00   -0.000000e+00   1.358061e+02   2.456323e-08   9.577170e-03
7.950000e+01   -2.935883e+01   -0.000000e+00   -0.000000e+00   1.352647e+02   2.406050e-08   9.343758e-03
7.960000e+01   -2.747659e+01   -0.000000e+00   -0.000000e+00   1.347239e+02   2.356615e-08   9.115189e-03
7.970000e+01   -2.566847e+01   -0.000000e+00   -0.000000e+00   1.341834e+02   2.308014e-08   8.891388e-03
7.980000e+01   -2.378464e+01   -0.000000e+00   -0.000000e+00   1.336442e+02   2.260221e-08   8.672282e-03
7.990000e+01   -2.168785e+01   -0.000000e+00   -0.000000e+00   1.331082e+02   2.213199e-08   8.457803e-03
8.000000e+01   -1.924083e+01   -0.000000e+00   -0.000000e+00   1.325770e+02   2.166914e-08   8.247881e-03
8.010000e+01   -1.584345e+01   -0.000000e+00   -0.000000e+00   1.320526e+02   2.121333e-08   8.042447e-03
8.020000e+01   -1.068129e+01   -0.000000e+00   -0.000000e+00   1.315366e+02   2.076425e-08   7.841430e-03
8.030000e+01   -4.890516e+00   -0.000000e+00   -0.000000e+00   1.310309e+02   2.032160e-08   7.644762e-03
8.040000e+01   2.869809e-01   -0.000000e+00   -0.000000e+00   1.305371e+02   1.988511e-08   7.452372e-03
8.050000e+01   3.609321e+00   -0.000000e+00   -0.000000e+00   1.300572e+02   1.945452e-08   7.264193e-03
8.060000e+01   4.650154e+00   -0.000000e+00   -0.000000e+00   1.295928e+02   1.902959e-08   7.080153e-03
8.070000e+01   5.384429e+00   -0.000000e+00   -0.000000e+00   1.291458e+02   1.861008e-08   6.900184e-03
8.080000e+01   5.974821e+00   -0.000000e+00   -0.000000e+00   1.287178e+02   1.819578e-08   6.724216e-03
8.090000e+01   6.402774e+00   -0.000000e+00   -0.000000e+00   1.283108e+02   1.778649e-08   6.552180e-03
8.100000e+01   6.651340e+00   -0.000000e+00   -0.000000e+00   1.279263e+02   1.738206e-08   6.384008e-03
8.110000e+01   6.682998e+00   -0.000000e+00   -0.000000e+00   1.275654e+02   1.698243e-08   6.219637e-03
8.120000e+01   6.462539e+00   -0.000000e+00   -0.000000e+00   1.272292e+02   1.658756e-08   6.059008e-03
8.130000e+01   6.127945e+00   -0.000000e+00   -0.000000e+00   1.269187e+02   1.619742e-08   5.902059e-03
8.140000e+01   5.829668e+00   -0.000000e+00   -0.000000e+00   1.266348e+02   1.581199e-08   5.748730e-03
8.150000e+01   5.718158e+00   -0.000000e+00   -0.000000e+00   1.263786e+02   1.543126e-08   5.598961e-03
8.160000e+01   6.050951e+00   -0.000000e+00   -0.000000e+00   1.261511e+02   1.505523e-08   5.452691e-03
8.170000e+01   7.176664e+00   -0.000000e+00   -0.000000e+00   1.259534e+02   1.468388e-08   5.309858e-03
8.180000e+01   8.741107e+00   -0.000000e+00   -0.000000e+00   1.257863e+02   1.431722e-08   5.170404e-03
8.190000e+01   1.032737e+01   -0.000000e+00   -0.000000e+00   1.256510e+02   1.395526e-08   5.034266e-03
8.200000e+01   1.151853e+01   -0.000000e+00   -0.000000e+00   1.255483e+02   1.359801e-08   4.901385e-03
8.210000e+01   1.189061e+01   -0.000000e+00   -0.000000e+00   1.254795e+02   1.324549e-08   4.771699e-03
8.220000e+01   1.130852e+01   -0.000000e+00   -0.000000e+00   1.254454e+02   1.289771e-08   4.645149e-03
8.230000e+01   1.009625e+01   -0.000000e+00   -0.000000e+00   1.254470e+02   1.255471e-08   4.521674e-03
8.240000e+01   8.605993e+00   -0.000000e+00   -0.000000e+00   1.254854e+02   1.221650e-08   4.401212e-03
8.250000e+01   7.189943e+00   -0.000000e+00   -0.000000e+00   1.255616e+02   1.188311e-08   4.283704e-03
8.260000e+01   5.970602e+00   -0.000000e+00   -0.000000e+00   1.256766e+02   1.155459e-08   4.169089e-03
8.270000e+01   4.201254e+00   -0.000000e+00   -0.000000e+00   1.258313e+02   1.123095e-08   4.057305e-03
8.280000e+01   2.330117e+00   -0.000000e+00   -0.000000e+00   1.260269e+02   1.091224e-08   3.948294e-03
8.290000e+01   9.849066e-01   -0.000000e+00   -0.000000e+00   1.262630e+02   1.059861e-08   3.841998e-03
8.300000e+01   7.814326e-01   -0.000000e+00   -0.000000e+00   1.265374e+02   1.029038e-08   3.738372e-03
8.310000e+01   2.138078e+00   -0.000000e+00   -0.000000e+00   1.268474e+02   9.987884e-09   3.637369e-03
8.320000e+01   4.177041e+00   -0.000000e+00   -0.000000e+00   1.271904e+02   9.691405e-09   3.538942e-03
8.330000e+01   6.510960e+00   -0.000000e+00   -0.000000e+00   1.275639e+02   9.401188e-09   3.443047e-03
8.340000e+01   8.913625e+00   -0.000000e+00   -0.000000e+00   1.279653e+02   9.117446e-09   3.349637e-03
8.350000e+01   1.115882e+01   -0.000000e+00   -0.000000e+00   1.283919e+02   8.840355e-09   3.258666e-03
8.360000e+01   1.301996e+01   -0.000000e+00   -0.000000e+00   1.288413e+02   8.570060e-09   3.170088e-03
8.370000e+01   1.443222e+01   -0.000000e+00   -0.000000e+00   1.293107e+02   8.306676e-09   3.083857e-03
8.380000e+01   1.560465e+01   -0.000000e+00   -0.000000e+00   1.297977e+02   8.050287e-09   2.999927e-03
8.390000e+01   1.676849e+01   -0.000000e+00   -0.000000e+00   1.302996e+02   7.800950e-09   2.918252e-03
8.400000e+01   1.815497e+01   -0.000000e+00   -0.000000e+00   1.308138e+02   7.558696e-09   2.838787e-03
8.410000e+01   2.009909e+01   -0.000000e+00   -0.000000e+00   1.313377e+02   7.323533e-09   2.761484e-03
8.420000e+01   2.331962e+01   -0.000000e+00   -0.000000e+00   1.318689e+02   7.095446e-09   2.686299e-03
8.430000e+01   2.729516e+01   -0.000000e+00   -0.000000e+00   1.324045e+02   6.874400e-09   2.613184e-03
8.440000e+01   3.127429e+01   -0.000000e+00   -0.000000e+00   1.329422e+02   6.660343e-09   2.542095e-03
8.450000e+01   3.450556e+01   -0.000000e+00   -0.000000e+00   1.334793e+02   6.453204e-09   2.472985e-03
8.460000e+01   3.637078e+01   -0.000000e+00   -0.000000e+00   1.340131e+02   6.252899e-09   2.405808e-03
8.470000e+01   3.761741e+01   -0.000000e+00   -0.000000e+00   1.345414e+02   6.059323e-09   2.340520e-03
8.480000e+01   3.856595e+01   -0.000000e+00   -0.000000e+00   1.350624e+02   5.872336e-09   2.277078e-03
8.490000e+01   3.928803e+01   -0.000000e+00   -0.000000e+00   1.355750e+02   5.691786e-09   2.215442e-03
8.500000e+01   3.985531e+01   -0.000000e+00   -0.000000e+00   1.360776e+02   5.517519e-09   2.155573e-03
8.510000e+01   4.029777e+01   -0.000000e+00   -0.000000e+00   1.365689e+02   5.349379e-09   2.097429e-03
8.520000e+01   4.029546e+01   -0.000000e+00   -0.000000e+00   1.370475e+02   5.187207e-09   2.040972e-03
8.530000e+01   3.998214e+01   -0.000000e+00   -0.000000e+00   1.375121e+02   5.030846e-09   1.986160e-03
8.540000e+01   3.962920e+01   -0.000000e+00   -0.000000e+00   1.379613e+02   4.880135e-09   1.932953e-03
8.550000e+01   3.950805e+01   -0.000000e+00   -0.000000e+00   1.383937e+02   4.734914e-09   1.881311e-03
8.560000e+01   3.985040e+01   -0.000000e+00   -0.000000e+00   1.388079e+02   4.595024e-09   1.831194e-03
8.570000e+01   4.032078e+01   -0.000000e+00   -0.000000e+00   1.392027e+02   4.460306e-09   1.782562e-03
8.580000e+01   4.074747e+01   -0.000000e+00   -0.000000e+00   1.395765e+02   4.330602e-09   1.735373e-03
8.590000e+01   4.109471e+01   -0.000000e+00   -0.000000e+00   1.399281e+02   4.205754e-09   1.689589e-03
8.600000e+01   4.132676e+01   -0.000000e+00   -0.000000e+00   1.402560e+02   4.085606e-09   1.645168e-03
8.610000e+01   4.136640e+01   -0.000000e+00   -0.000000e+00   1.405589e+02   3.970004e-09   1.602071e-03
8.620000e+01   4.065484e+01   -0.000000e+00   -0.000000e+00   1.408355e+02   3.858795e-09   1.560257e-03
8.630000e+01   3.935842e+01   -0.000000e+00   -0.000000e+00   1.410843e+02   3.751827e-09   1.519686e-03
8.640000e+01   3.790722e+01   -0.000000e+00   -0.000000e+00   1.413040e+02   3.648951e-09   1.480317e-03
8.650000e+01   3.673143e+01   -0.000000e+00   -0.000000e+00   1.414932e+02   3.550019e-09   1.442111e-03
8.660000e+01   3.622381e+01   -0.000000e+00   -0.000000e+00   1.416540e+02   3.454820e-09   1.405034e-03
8.670000e+01   3.593198e+01   -0.000000e+00   -0.000000e+00   1.417921e+02   3.363083e-09   1.369059e-03
8.680000e+01   3.559007e+01   -0.000000e+00   -0.000000e+00   1.419134e+02   3.274552e-09   1.334159e-03
8.690000e+01   3.518946e+01   -0.000000e+00   -0.000000e+00   1.420238e+02   3.188988e-09   1.300309e-03
8.700000e+01   3.472152e+01   -0.000000e+00   -0.000000e+00   1.421294e+02   3.106171e-09   1.267481e-03
8.710000e+01   3.417560e+01   -0.000000e+00   -0.000000e+00   1.422360e+02   3.025895e-09   1.235651e-03
8.720000e+01   3.350423e+01   -0.000000e+00   -0.000000e+00   1.423497e+02   2.947969e-09   1.204791e-03
8.730000e+01   3.271726e+01   -0.000000e+00   -0.000000e+00   1.424764e+02   2.872214e-09   1.174876e-03
8.740000e+01   3.185061e+01   -0.000000e+00   -0.000000e+00   1.426220e+02   2.798465e-09   1.145879e-03
8.750000e+01   3.094020e+01   -0.000000e+00   -0.000000e+00   1.427925e+02   2.726565e-09   1.117773e-03
8.760000e+01   3.001886e+01   -0.000000e+00   -0.000000e+00   1.429938e+02   2.656373e-09   1.090533e-03
8.770000e+01   2.902792e+01   -0.000000e+00   -0.000000e+00   1.432320e+02   2.587754e-09   1.064132e-03
8.780000e+01   2.798145e+01   -0.000000e+00   -0.000000e+00   1.435130e+02   2.520586e-09   1.038544e-03
8.790000e+01   2.694628e+01   -0.000000e+00   -0.000000e+00   1.438426e+02   2.454753e-09   1.013743e-03
8.800000e+01   2.598923e+01   -0.000000e+00   -0.000000e+00   1.442270e+02   2.390153e-09   9.897023e-04
8.810000e+01   2.518404e+01   -0.000000e+00   -0.000000e+00   1.446720e+02   2.326688e-09   9.663957e-04
8.820000e+01   2.483669e+01   -0.000000e+00   -0.000000e+00   1.451836e+02   2.264273e-09   9.437970e-04
8.830000e+01   2.488032e+01   -0.000000e+00   -0.000000e+00   1.457677e+02   2.202829e-09   9.218800e-04
8.840000e+01   2.503529e+01   -0.000000e+00   -0.000000e+00   1.464303e+02   2.142286e-09   9.006183e-04
8.850000e+01   2.502195e+01   -0.000000e+00   -0.000000e+00   1.471774e+02   2.082582e-09   8.799857e-04
8.860000e+01   2.455674e+01   -0.000000e+00   -0.000000e+00   1.480113e+02   2.023721e-09   8.599590e-04
8.870000e+01   2.333222e+01   -0.000000e+00   -0.000000e+00   1.489268e+02   1.965819e-09   8.405215e-04
8.880000e+01   2.149612e+01   -0.000000e+00   -0.000000e+00   1.499182e+02   1.908991e-09   8.216571e-04
8.890000e+01   1.936344e+01   -0.000000e+00   -0.000000e+00   1.509793e+02   1.853339e-09   8.033499e-04
8.900000e+01   1.724921e+01   -0.000000e+00   -0.000000e+00   1.521043e+02   1.798948e-09   7.855837e-04
8.910000e+01   1.546564e+01   -0.000000e+00   -0.000000e+00   1.532870e+02   1.745891e-09   7.683427e-04
8.920000e+01   1.393518e+01   -0.000000e+00   -0.000000e+00   1.545217e+02   1.694226e-09   7.516109e-04
8.930000e+01   1.247294e+01   -0.000000e+00   -0.000000e+00   1.558021e+02   1.643998e-09   7.353721e-04
8.940000e+01   1.107683e+01   -0.000000e+00   -0.000000e+00   1.571225e+02   1.595242e-09   7.196105e-04
8.950000e+01   9.744746e+00   -0.000000e+00   -0.000000e+00   1.584768e+02   1.547981e-09   7.043100e-04
8.960000e+01   8.474094e+00   -0.000000e+00   -0.000000e+00   1.598590e+02   1.502229e-09   6.894546e-04
8.970000e+01   7.163345e+00   -0.000000e+00   -0.000000e+00   1.612632e+02   1.457989e-09   6.750283e-04
8.980000e+01   5.823969e+00   -0.000000e+00   -0.000000e+00   1.626834e+02   1.415258e-09   6.610151e-04
8.990000e+01   4.581850e+00   0.000000e+00   0.000000e+00   1.641136e+02   1.374026e-09   6.473990e-04
9.000000e+01   3.562872e+00   0.000000e+00   0.000000e+00   1.655478e+02   1.334276e-09   6.341640e-04
9.010000e+01   2.893103e+00   0.000000e+00   0.000000e+00   1.669801e+02   1.295986e-09   6.212940e-04
9.020000e+01   2.818239e+00   0.000000e+00   0.000000e+00   1.684044e+02   1.259128e-09   6.087732e-04
9.030000e+01   3.348959e+00   0.000000e+00   0.000000e+00   1.698148e+02   1.223671e-09   5.965855e-04
9.040000e+01   4.290833e+00   0.000000e+00   0.000000e+00   1.712054e+02   1.189582e-09   5.847149e-04
9.050000e+01   5.449431e+00   0.000000e+00   0.000000e+00   1.725701e+02   1.156823e-09   5.731453e-04
9.060000e+01   6.630323e+00   0.000000e+00   0.000000e+00   1.739029e+02   1.125355e-09   5.618608e-04
9.070000e+01   8.262335e+00   0.000000e+00   0.000000e+00   1.751980e+02   1.095137e-09   5.508454e-04
9.080000e+01   1.054483e+01   0.000000e+00   0.000000e+00   1.764492e+02   1.066126e-09   5.400830e-04
9.090000e+01   1.293917e+01   0.000000e+00   0.000000e+00   1.776511e+02   1.038278e-09   5.295583e-04
9.100000e+01   1.490663e+01   0.000000e+00   0.000000e+00   1.788026e+02   1.011535e-09   5.192626e-04
9.110000e+01   1.590846e+01   0.000000e+00   0.000000e+00   1.799057e+02   9.858341e-10   5.091914e-04
9.120000e+01   1.616490e+01   0.000000e+00   0.000000e+00   1.809624e+02   9.611165e-10   4.993405e-04
9.130000e+01   1.632883e+01   0.000000e+00   0.000000e+00   1.819749e+02   9.373275e-10   4.897057e-04
9.140000e+01   1.636960e+01   0.000000e+00   0.000000e+00   1.829450e+02   9.144162e-10   4.802826e-04
9.150000e+01   1.625574e+01   0.000000e+00   0.000000e+00   1.838749e+02   8.923348e-10   4.710670e-04
9.160000e+01   1.595577e+01   0.000000e+00   0.000000e+00   1.847666e+02   8.710388e-10   4.620545e-04
9.170000e+01   1.551699e+01   0.000000e+00   0.000000e+00   1.856220e+02   8.504863e-10   4.532410e-04
9.180000e+01   1.502990e+01   0.000000e+00   0.000000e+00   1.864433e+02   8.306382e-10   4.446221e-04
9.190000e+01   1.449595e+01   0.000000e+00   0.000000e+00   1.872325e+02   8.114574e-10   4.361936e-04
9.200000e+01   1.391625e+01   0.000000e+00   0.000000e+00   1.879916e+02   7.929092e-10   4.279511e-04
9.210000e+01   1.329187e+01   0.000000e+00   0.000000e+00   1.887226e+02   7.749610e-10   4.198905e-04
9.220000e+01   1.184776e+01   0.000000e+00   0.000000e+00   1.894275e+02   7.575817e-10   4.120073e-04
9.230000e+01   8.866532e+00   0.000000e+00   0.000000e+00   1.901085e+02   7.407422e-10   4.042974e-04
9.240000e+01   5.023730e+00   0.000000e+00   0.000000e+00   1.907675e+02   7.244148e-10   3.967565e-04
9.250000e+01   1.005600e+00   0.000000e+00   0.000000e+00   1.914066e+02   7.085732e-10   3.893803e-04
9.260000e+01   -2.501608e+00   0.000000e+00   0.000000e+00   1.920277e+02   6.931926e-10   3.821644e-04
9.270000e+01   -5.356610e+00   0.000000e+00   0.000000e+00   1.926330e+02   6.782494e-10   3.751047e-04
9.280000e+01   -8.138362e+00   0.000000e+00   0.000000e+00   1.932245e+02   6.637210e-10   3.681969e-04
9.290000e+01   -1.081213e+01   0.000000e+00   0.000000e+00   1.938041e+02   6.495861e-10   3.614366e-04
9.300000e+01   -1.333219e+01   0.000000e+00   0.000000e+00   1.943740e+02   6.358242e-10   3.548196e-04
9.310000e+01   -1.565280e+01   0.000000e+00   0.000000e+00   1.949361e+02   6.224159e-10   3.483416e-04
9.320000e+01   -1.790043e+01   0.000000e+00   0.000000e+00   1.954925e+02   6.093425e-10   3.419984e-04
9.330000e+01   -2.023876e+01   0.000000e+00   0.000000e+00   1.960453e+02   5.965864e-10   3.357856e-04
9.340000e+01   -2.243799e+01   0.000000e+00   0.000000e+00   1.965964e+02   5.841304e-10   3.296990e-04
9.350000e+01   -2.426055e+01   0.000000e+00   0.000000e+00   1.971478e+02   5.719583e-10   3.237343e-04
9.360000e+01   -2.546811e+01   0.000000e+00   0.000000e+00   1.977014e+02   5.600569e-10   3.178881e-04
9.370000e+01   -2.567265e+01   0.000000e+00   0.000000e+00   1.982582e+02   5.484180e-10   3.121585e-04
9.380000e+01   -2.480429e+01   0.000000e+00   0.000000e+00   1.988192e+02   5.370339e-10   3.065438e-04
9.390000e+01   -2.348929e+01   0.000000e+00   0.000000e+00   1.993857e+02   5.258974e-10   3.010422e-04
9.400000e+01   -2.236906e+01   0.000000e+00   0.000000e+00   1.999586e+02   5.150014e-10   2.956520e-04
9.410000e+01   -2.208500e+01   0.000000e+00   0.000000e+00   2.005390e+02   5.043392e-10   2.903715e-04
9.420000e+01   -2.298080e+01   0.000000e+00   0.000000e+00   2.011280e+02   4.939044e-10   2.851989e-04
9.430000e+01   -2.449885e+01   0.000000e+00   0.000000e+00   2.017267e+02   4.836906e-10   2.801324e-04
9.440000e+01   -2.627897e+01   0.000000e+00   0.000000e+00   2.023361e+02   4.736919e-10   2.751704e-04
9.450000e+01   -2.797965e+01   0.000000e+00   0.000000e+00   2.029574e+02   4.639025e-10   2.703111e-04
9.460000e+01   -2.925938e+01   0.000000e+00   0.000000e+00   2.035916e+02   4.543168e-10   2.655528e-04
9.470000e+01   -2.988136e+01   0.000000e+00   0.000000e+00   2.042397e+02   4.449294e-10   2.608937e-04
9.480000e+01   -3.000164e+01   0.000000e+00   0.000000e+00   2.049029e+02   4.357351e-10   2.563321e-04
9.490000e+01   -2.974000e+01   0.000000e+00   0.000000e+00   2.055822e+02   4.267289e-10   2.518663e-04
9.500000e+01   -2.920774e+01   0.000000e+00   0.000000e+00   2.062788e+02   4.179060e-10   2.474944e-04
9.510000e+01   -2.851615e+01   0.000000e+00   0.000000e+00   2.069936e+02   4.092615e-10   2.432149e-04
9.520000e+01   -2.749171e+01   0.000000e+00   0.000000e+00   2.077277e+02   4.007911e-10   2.390259e-04
9.530000e+01   -2.554218e+01   0.000000e+00   0.000000e+00   2.084823e+02   3.924902e-10   2.349257e-04
9.540000e+01   -2.297562e+01   0.000000e+00   0.000000e+00   2.092584e+02   3.843547e-10   2.309125e-04
9.550000e+01   -2.015619e+01   0.000000e+00   0.000000e+00   2.100571e+02   3.763803e-10   2.269847e-04
9.560000e+01   -1.744805e+01   0.000000e+00   0.000000e+00   2.108794e+02   3.685630e-10   2.231404e-04
9.570000e+01   -1.490906e+01   0.000000e+00   0.000000e+00   2.117265e+02   3.608989e-10   2.193781e-04
9.580000e+01   -1.195616e+01   0.000000e+00   0.000000e+00   2.125994e+02   3.533843e-10   2.156958e-04
9.590000e+01   -8.979137e+00   0.000000e+00   0.000000e+00   2.134991e+02   3.460155e-10   2.120919e-04
9.600000e+01   -6.446312e+00   0.000000e+00   0.000000e+00   2.144268e+02   3.387888e-10   2.085646e-04
9.610000e+01   -4.825991e+00   0.000000e+00   0.000000e+00   2.153836e+02   3.317008e-10   2.051122e-04
9.620000e+01   -4.269028e+00   0.000000e+00   0.000000e+00   2.163705e+02   3.247481e-10   2.017330e-04
9.630000e+01   -3.900546e+00   0.000000e+00   0.000000e+00   2.173885e+02   3.179274e-10   1.984252e-04
9.640000e+01   -3.677635e+00   0.000000e+00   0.000000e+00   2.184387e+02   3.112356e-10   1.951872e-04
9.650000e+01   -3.655822e+00   0.000000e+00   0.000000e+00   2.195206e+02   3.046723e-10   1.920174e-04
9.660000e+01   -3.891455e+00   0.000000e+00   0.000000e+00   2.206329e+02   2.982381e-10   1.889147e-04
9.670000e+01   -4.532238e+00   0.000000e+00   0.000000e+00   2.217744e+02   2.919337e-10   1.858780e-04
9.680000e+01   -5.843829e+00   0.000000e+00   0.000000e+00   2.229437e+02   2.857593e-10   1.829060e-04
9.690000e+01   -7.543989e+00   0.000000e+00   0.000000e+00   2.241395e+02   2.797149e-10   1.799975e-04
9.700000e+01   -9.299489e+00   0.000000e+00   0.000000e+00   2.253606e+02   2.738003e-10   1.771513e-04
9.710000e+01   -1.077710e+01   0.000000e+00   0.000000e+00   2.266056e+02   2.680151e-10   1.743662e-04
9.720000e+01   -1.174317e+01   0.000000e+00   0.000000e+00   2.278732e+02   2.623586e-10   1.716410e-04
9.730000e+01   -1.249632e+01   0.000000e+00   0.000000e+00   2.291622e+02   2.568300e-10   1.689745e-04
9.740000e+01   -1.316287e+01   0.000000e+00   0.000000e+00   2.304713e+02   2.514283e-10   1.663656e-04
9.750000e+01   -1.382391e+01   0.000000e+00   0.000000e+00   2.317991e+02   2.461523e-10   1.638129e-04
9.760000e+01   -1.456051e+01   0.000000e+00   0.000000e+00   2.331444e+02   2.410008e-10   1.613154e-04
9.770000e+01   -1.553658e+01   0.000000e+00   0.000000e+00   2.345058e+02   2.359721e-10   1.588718e-04
9.780000e+01   -1.708636e+01   0.000000e+00   0.000000e+00   2.358821e+02   2.310648e-10   1.564808e-04
9.790000e+01   -1.890438e+01   0.000000e+00   0.000000e+00   2.372720e+02   2.262771e-10   1.541415e-04
9.800000e+01   -2.060476e+01   0.000000e+00   0.000000e+00   2.386741e+02   2.216072e-10   1.518524e-04
9.810000e+01   -2.180164e+01   0.000000e+00   0.000000e+00   2.400873e+02   2.170532e-10   1.496124e-04
9.820000e+01   -2.222615e+01   0.000000e+00   0.000000e+00   2.415100e+02   2.126130e-10   1.474203e-04
9.830000e+01   -2.237202e+01   0.000000e+00   0.000000e+00   2.429412e+02   2.082847e-10   1.452750e-04
9.840000e+01   -2.242449e+01   0.000000e+00   0.000000e+00   2.443795e+02   2.040660e-10   1.431752e-04
9.850000e+01   -2.247154e+01   0.000000e+00   0.000000e+00   2.458235e+02   1.999547e-10   1.411196e-04
9.860000e+01   -2.260118e+01   0.000000e+00   0.000000e+00   2.472720e+02   1.959487e-10   1.391072e-04
9.870000e+01   -2.293104e+01   0.000000e+00   0.000000e+00   2.487238e+02   1.920455e-10   1.371367e-04
9.880000e+01   -2.366759e+01   0.000000e+00   0.000000e+00   2.501774e+02   1.882429e-10   1.352070e-04
9.890000e+01   -2.471048e+01   0.000000e+00   0.000000e+00   2.516316e+02   1.845385e-10   1.333167e-04
9.900000e+01   -2.590933e+01   0.000000e+00   0.000000e+00   2.530851e+02   1.809299e-10   1.314647e-04
9.910000e+01   -2.711379e+01   0.000000e+00   0.000000e+00   2.545367e+02   1.774146e-10   1.296499e-04
9.920000e+01   -2.822936e+01   0.000000e+00   0.000000e+00   2.559849e+02   1.739904e-10   1.278710e-04
9.930000e+01   -2.953056e+01   0.000000e+00   0.000000e+00   2.574285e+02   1.706546e-10   1.261267e-04
9.940000e+01   -3.091066e+01   0.000000e+00   0.000000e+00   2.588663e+02   1.674050e-10   1.244160e-04
9.950000e+01   -3.216444e+01   0.000000e+00   0.000000e+00   2.602969e+02   1.642391e-10   1.227376e-04
9.960000e+01   -3.308667e+01   0.000000e+00   0.000000e+00   2.617190e+02   1.611543e-10   1.210904e-04
9.970000e+01   -3.349369e+01   0.000000e+00   0.000000e+00   2.631313e+02   1.581484e-10   1.194730e-04
9.980000e+01   -3.349785e+01   0.000000e+00   0.000000e+00   2.645329e+02   1.552190e-10   1.178845e-04
9.990000e+01   -3.328252e+01   0.000000e+00   0.000000e+00   2.659237e+02   1.523638e-10   1.163245e-04
1.000000e+02   -3.300422e+01   0.000000e+00   0.000000e+00   2.673038e+02   1.495807e-10   1.147924e-04
1.001000e+02   -3.281949e+01   0.000000e+00   0.000000e+00   2.686732e+02   1.468677e-10   1.132878e-04
1.002000e+02   -3.286596e+01   0.000000e+00   0.000000e+00   2.700321e+02   1.442229e-10   1.118103e-04
1.003000e+02   -3.303540e+01   0.000000e+00   0.000000e+00   2.713804e+02   1.416442e-10   1.103595e-04
1.004000e+02   -3.325141e+01   0.000000e+00   0.000000e+00   2.727184e+02   1.391298e-10   1.089349e-04
1.005000e+02   -3.348128e+01   0.000000e+00   0.000000e+00   2.740460e+02   1.366779e-10   1.075361e-04
1.006000e+02   -3.369233e+01   0.000000e+00   0.000000e+00   2.753633e+02   1.342868e-10   1.061626e-04
1.007000e+02   -3.384426e+01   0.000000e+00   0.000000e+00   2.766704e+02   1.319546e-10   1.048141e-04
1.008000e+02   -3.384761e+01   0.000000e+00   0.000000e+00   2.779673e+02   1.296798e-10   1.034900e-04
1.009000e+02   -3.377129e+01   0.000000e+00   0.000000e+00   2.792542e+02   1.274607e-10   1.021900e-04
1.010000e+02   -3.372525e+01   0.000000e+00   0.000000e+00   2.805311e+02   1.252958e-10   1.009136e-04
1.011000e+02   -3.381943e+01   0.000000e+00   0.000000e+00   2.817981e+02   1.231834e-10   9.966041e-05
1.012000e+02   -3.420680e+01   0.000000e+00   0.000000e+00   2.830552e+02   1.211222e-10   9.842994e-05
1.013000e+02   -3.551628e+01   0.000000e+00   0.000000e+00   2.843026e+02   1.191106e-10   9.722179e-05
1.014000e+02   -3.757101e+01   0.000000e+00   0.000000e+00   2.855402e+02   1.171473e-10   9.603552e-05
1.015000e+02   -3.991352e+01   0.000000e+00   0.000000e+00   2.867683e+02   1.152308e-10   9.487068e-05
1.016000e+02   -4.208636e+01   0.000000e+00   0.000000e+00   2.879867e+02   1.133598e-10   9.372686e-05
1.017000e+02   -4.367049e+01   0.000000e+00   0.000000e+00   2.891957e+02   1.115331e-10   9.260361e-05
1.018000e+02   -4.505350e+01   0.000000e+00   0.000000e+00   2.903953e+02   1.097492e-10   9.150049e-05
1.019000e+02   -4.638610e+01   0.000000e+00   0.000000e+00   2.915855e+02   1.080071e-10   9.041708e-05
1.020000e+02   -4.755964e+01   0.000000e+00   0.000000e+00   2.927665e+02   1.063054e-10   8.935294e-05
1.021000e+02   -4.846548e+01   0.000000e+00   0.000000e+00   2.939383e+02   1.046429e-10   8.830764e-05
1.022000e+02   -4.898874e+01   0.000000e+00   0.000000e+00   2.951009e+02   1.030186e-10   8.728073e-05
1.023000e+02   -4.896517e+01   0.000000e+00   0.000000e+00   2.962545e+02   1.014312e-10   8.627180e-05
1.024000e+02   -4.857430e+01   0.000000e+00   0.000000e+00   2.973992e+02   9.987966e-11   8.528039e-05
1.025000e+02   -4.810158e+01   0.000000e+00   0.000000e+00   2.985349e+02   9.836292e-11   8.430608e-05
1.026000e+02   -4.783245e+01   0.000000e+00   0.000000e+00   2.996618e+02   9.687989e-11   8.334843e-05
1.027000e+02   -4.804052e+01   0.000000e+00   0.000000e+00   3.007800e+02   9.542955e-11   8.240700e-05
1.028000e+02   -4.853768e+01   0.000000e+00   0.000000e+00   3.018894e+02   9.401088e-11   8.148137e-05
1.029000e+02   -4.911139e+01   0.000000e+00   0.000000e+00   3.029903e+02   9.262288e-11   8.057110e-05
1.030000e+02   -4.970164e+01   0.000000e+00   0.000000e+00   3.040826e+02   9.126459e-11   7.967576e-05
1.031000e+02   -5.024845e+01   0.000000e+00   0.000000e+00   3.051664e+02   8.993505e-11   7.879490e-05
1.032000e+02   -5.065894e+01   0.000000e+00   0.000000e+00   3.062419e+02   8.863334e-11   7.792809e-05
1.033000e+02   -4.956593e+01   0.000000e+00   0.000000e+00   3.073090e+02   8.735855e-11   7.707491e-05
1.034000e+02   -4.688902e+01   0.000000e+00   0.000000e+00   3.083679e+02   8.610977e-11   7.623491e-05
1.035000e+02   -4.347496e+01   0.000000e+00   0.000000e+00   3.094186e+02   8.488613e-11   7.540766e-05
1.036000e+02   -4.017053e+01   0.000000e+00   0.000000e+00   3.104612e+02   8.368678e-11   7.459272e-05
1.037000e+02   -3.780905e+01   0.000000e+00   0.000000e+00   3.114957e+02   8.251086e-11   7.378967e-05
1.038000e+02   -3.611883e+01   0.000000e+00   0.000000e+00   3.125223e+02   8.135757e-11   7.299807e-05
1.039000e+02   -3.460963e+01   0.000000e+00   0.000000e+00   3.135411e+02   8.022608e-11   7.221748e-05
1.040000e+02   -3.324821e+01   0.000000e+00   0.000000e+00   3.145522e+02   7.911572e-11   7.144763e-05
1.041000e+02   -3.200096e+01   0.000000e+00   0.000000e+00   3.155561e+02   7.802596e-11   7.068839e-05
1.042000e+02   -3.083421e+01   0.000000e+00   0.000000e+00   3.165534e+02   7.695626e-11   6.993962e-05
1.043000e+02   -2.971665e+01   0.000000e+00   0.000000e+00   3.175444e+02   7.590612e-11   6.920120e-05
1.044000e+02   -2.865742e+01   0.000000e+00   0.000000e+00   3.185296e+02   7.487504e-11   6.847299e-05
1.045000e+02   -2.767960e+01   0.000000e+00   0.000000e+00   3.195095e+02   7.386255e-11   6.775487e-05
1.046000e+02   -2.680625e+01   0.000000e+00   0.000000e+00   3.204846e+02   7.286819e-11   6.704671e-05
1.047000e+02   -2.605973e+01   0.000000e+00   0.000000e+00   3.214552e+02   7.189149e-11   6.634837e-05
1.048000e+02   -2.530406e+01   0.000000e+00   0.000000e+00   3.224219e+02   7.093202e-11   6.565974e-05
1.049000e+02   -2.452204e+01   0.000000e+00   0.000000e+00   3.233850e+02   6.998935e-11   6.498068e-05
1.050000e+02   -2.385388e+01   0.000000e+00   0.000000e+00   3.243452e+02   6.906307e-11   6.431106e-05
1.051000e+02   -2.343980e+01   0.000000e+00   0.000000e+00   3.253027e+02   6.815276e-11   6.365075e-05
1.052000e+02   -2.342029e+01   0.000000e+00   0.000000e+00   3.262582e+02   6.725804e-11   6.299963e-05
1.053000e+02   -2.410898e+01   0.000000e+00   0.000000e+00   3.272119e+02   6.637852e-11   6.235756e-05
1.054000e+02   -2.548351e+01   0.000000e+00   0.000000e+00   3.281645e+02   6.551383e-11   6.172441e-05
1.055000e+02   -2.722658e+01   0.000000e+00   0.000000e+00   3.291163e+02   6.466360e-11   6.110006e-05
1.056000e+02   -2.902086e+01   0.000000e+00   0.000000e+00   3.300678e+02   6.382747e-11   6.048438e-05
1.057000e+02   -3.054904e+01   0.000000e+00   0.000000e+00   3.310195e+02   6.300511e-11   5.987723e-05
1.058000e+02   -3.186402e+01   0.000000e+00   0.000000e+00   3.319718e+02   6.219616e-11   5.927850e-05
1.059000e+02   -3.317929e+01   0.000000e+00   0.000000e+00   3.329252e+02   6.140031e-11   5.868804e-05
1.060000e+02   -3.441841e+01   0.000000e+00   0.000000e+00   3.338802e+02   6.061722e-11   5.810574e-05
1.061000e+02   -3.550493e+01   0.000000e+00   0.000000e+00   3.348371e+02   5.984658e-11   5.753145e-05
1.062000e+02   -3.636241e+01   0.000000e+00   0.000000e+00   3.357965e+02   5.908810e-11   5.696506e-05
1.063000e+02   -3.700601e+01   0.000000e+00   0.000000e+00   3.367589e+02   5.834145e-11   5.640643e-05
1.064000e+02   -3.752718e+01   0.000000e+00   0.000000e+00   3.377246e+02   5.760636e-11   5.585544e-05
1.065000e+02   -3.794820e+01   0.000000e+00   0.000000e+00   3.386941e+02   5.688254e-11   5.531195e-05
1.066000e+02   -3.829124e+01   0.000000e+00   0.000000e+00   3.396679e+02   5.616971e-11   5.477583e-05
1.067000e+02   -3.857846e+01   0.000000e+00   0.000000e+00   3.406465e+02   5.546758e-11   5.424697e-05
1.068000e+02   -3.881319e+01   0.000000e+00   0.000000e+00   3.416302e+02   5.477590e-11   5.372522e-05
1.069000e+02   -3.898208e+01   0.000000e+00   0.000000e+00   3.426197e+02   5.409441e-11   5.321046e-05
1.070000e+02   -3.908929e+01   0.000000e+00   0.000000e+00   3.436152e+02   5.342284e-11   5.270255e-05
1.071000e+02   -3.913903e+01   0.000000e+00   0.000000e+00   3.446173e+02   5.276094e-11   5.220138e-05
1.072000e+02   -3.913554e+01   0.000000e+00   0.000000e+00   3.456265e+02   5.210848e-11   5.170681e-05
1.073000e+02   -3.907106e+01   0.000000e+00   0.000000e+00   3.466432e+02   5.146520e-11   5.121871e-05
1.074000e+02   -3.893899e+01   0.000000e+00   0.000000e+00   3.476678e+02   5.083088e-11   5.073696e-05
1.075000e+02   -3.875446e+01   0.000000e+00   0.000000e+00   3.487008e+02   5.020528e-11   5.026142e-05
1.076000e+02   -3.853275e+01   0.000000e+00   0.000000e+00   3.497427e+02   4.958818e-11   4.979196e-05
1.077000e+02   -3.828914e+01   0.000000e+00   0.000000e+00   3.507939e+02   4.897936e-11   4.932846e-05
1.078000e+02   -3.807470e+01   0.000000e+00   0.000000e+00   3.518550e+02   4.837860e-11   4.887078e-05
1.079000e+02   -3.790194e+01   0.000000e+00   0.000000e+00   3.529262e+02   4.778568e-11   4.841881e-05
1.080000e+02   -3.768156e+01   0.000000e+00   0.000000e+00   3.540082e+02   4.720041e-11   4.797240e-05
1.081000e+02   -3.732310e+01   0.000000e+00   0.000000e+00   3.551013e+02   4.662257e-11   4.753143e-05
1.082000e+02   -3.673609e+01   0.000000e+00   0.000000e+00   3.562060e+02   4.605197e-11   4.709577e-05
1.083000e+02   -3.593362e+01   0.000000e+00   0.000000e+00   3.573228e+02   4.548842e-11   4.666529e-05
1.084000e+02   -3.506508e+01   0.000000e+00   0.000000e+00   3.584522e+02   4.493171e-11   4.623986e-05
1.085000e+02   -3.413179e+01   0.000000e+00   0.000000e+00   3.595945e+02   4.438166e-11   4.581935e-05
1.086000e+02   -3.313135e+01   0.000000e+00   0.000000e+00   3.607503e+02   4.383809e-11   4.540364e-05
1.087000e+02   -3.206134e+01   0.000000e+00   0.000000e+00   3.619200e+02   4.330082e-11   4.499259e-05
1.088000e+02   -3.072414e+01   0.000000e+00   0.000000e+00   3.631040e+02   4.276967e-11   4.458608e-05
1.089000e+02   -2.886590e+01   0.000000e+00   0.000000e+00   3.643029e+02   4.224446e-11   4.418398e-05
1.090000e+02   -2.675020e+01   0.000000e+00   0.000000e+00   3.655170e+02   4.172504e-11   4.378615e-05
1.091000e+02   -2.465651e+01   0.000000e+00   0.000000e+00   3.667465e+02   4.121134e-11   4.339253e-05
1.092000e+02   -2.286552e+01   0.000000e+00   0.000000e+00   3.679910e+02   4.070334e-11   4.300309e-05
1.093000e+02   -2.146250e+01   0.000000e+00   0.000000e+00   3.692505e+02   4.020105e-11   4.261779e-05
1.094000e+02   -2.012229e+01   0.000000e+00   0.000000e+00   3.705247e+02   3.970446e-11   4.223658e-05
1.095000e+02   -1.881333e+01   0.000000e+00   0.000000e+00   3.718134e+02   3.921355e-11   4.185945e-05
1.096000e+02   -1.751950e+01   0.000000e+00   0.000000e+00   3.731164e+02   3.872830e-11   4.148635e-05
1.097000e+02   -1.622467e+01   0.000000e+00   0.000000e+00   3.744336e+02   3.824871e-11   4.111724e-05
1.098000e+02   -1.509679e+01   0.000000e+00   0.000000e+00   3.757646e+02   3.777476e-11   4.075210e-05
1.099000e+02   -1.443633e+01   0.000000e+00   0.000000e+00   3.771094e+02   3.730642e-11   4.039088e-05
1.100000e+02   -1.393649e+01   0.000000e+00   0.000000e+00   3.784677e+02   3.684367e-11   4.003355e-05
1.101000e+02   -1.326237e+01   0.000000e+00   0.000000e+00   3.798394e+02   3.638650e-11   3.968008e-05
1.102000e+02   -1.207906e+01   0.000000e+00   0.000000e+00   3.812241e+02   3.593487e-11   3.933043e-05
1.103000e+02   -1.025280e+01   0.000000e+00   0.000000e+00   3.826218e+02   3.548875e-11   3.898457e-05
1.104000e+02   -8.212230e+00   0.000000e+00   0.000000e+00   3.840321e+02   3.504813e-11   3.864246e-05
1.105000e+02   -6.028592e+00   0.000000e+00   0.000000e+00   3.854550e+02   3.461296e-11   3.830406e-05
1.106000e+02   -3.741825e+00   0.000000e+00   0.000000e+00   3.868903e+02   3.418322e-11   3.796934e-05
1.107000e+02   -1.391862e+00   0.000000e+00   0.000000e+00   3.883376e+02   3.375887e-11   3.763827e-05
1.108000e+02   1.106408e+00   0.000000e+00   0.000000e+00   3.897969e+02   3.333987e-11   3.731081e-05
1.109000e+02   4.009798e+00   0.000000e+00   0.000000e+00   3.912679e+02   3.292620e-11   3.698692e-05
1.110000e+02   7.077163e+00   0.000000e+00   0.000000e+00   3.927504e+02   3.251781e-11   3.666657e-05
1.111000e+02   1.003171e+01   0.000000e+00   0.000000e+00   3.942442e+02   3.211467e-11   3.634973e-05
1.112000e+02   1.259665e+01   0.000000e+00   0.000000e+00   3.957492e+02   3.171673e-11   3.603635e-05
1.113000e+02   1.455539e+01   0.000000e+00   0.000000e+00   3.972651e+02   3.132396e-11   3.572641e-05
1.114000e+02   1.603785e+01   0.000000e+00   0.000000e+00   3.987917e+02   3.093631e-11   3.541987e-05
1.115000e+02   1.719843e+01   0.000000e+00   0.000000e+00   4.003288e+02   3.055374e-11   3.511669e-05
1.116000e+02   1.818077e+01   0.000000e+00   0.000000e+00   4.018763e+02   3.017620e-11   3.481683e-05
1.117000e+02   1.912851e+01   0.000000e+00   0.000000e+00   4.034338e+02   2.980366e-11   3.452028e-05
1.118000e+02   2.013837e+01   0.000000e+00   0.000000e+00   4.050013e+02   2.943606e-11   3.422697e-05
1.119000e+02   2.108144e+01   0.000000e+00   0.000000e+00   4.065786e+02   2.907336e-11   3.393689e-05
1.120000e+02   2.189890e+01   0.000000e+00   0.000000e+00   4.081653e+02   2.871552e-11   3.365000e-05
1.121000e+02   2.254780e+01   0.000000e+00   0.000000e+00   4.097614e+02   2.836248e-11   3.336626e-05
1.122000e+02   2.298521e+01   0.000000e+00   0.000000e+00   4.113666e+02   2.801420e-11   3.308564e-05
1.123000e+02   2.306195e+01   0.000000e+00   0.000000e+00   4.129807e+02   2.767062e-11   3.280810e-05
1.124000e+02   2.239973e+01   0.000000e+00   0.000000e+00   4.146036e+02   2.733171e-11   3.253361e-05
1.125000e+02   2.126733e+01   0.000000e+00   0.000000e+00   4.162350e+02   2.699740e-11   3.226212e-05
1.126000e+02   2.000774e+01   0.000000e+00   0.000000e+00   4.178747e+02   2.666766e-11   3.199361e-05
1.127000e+02   1.896394e+01   0.000000e+00   0.000000e+00   4.195225e+02   2.634242e-11   3.172805e-05
1.128000e+02   1.837250e+01   0.000000e+00   0.000000e+00   4.211783e+02   2.602165e-11   3.146539e-05
1.129000e+02   1.789815e+01   0.000000e+00   0.000000e+00   4.228418e+02   2.570528e-11   3.120560e-05
1.130000e+02   1.751241e+01   0.000000e+00   0.000000e+00   4.245128e+02   2.539326e-11   3.094864e-05
1.131000e+02   1.725731e+01   0.000000e+00   0.000000e+00   4.261911e+02   2.508555e-11   3.069449e-05
1.132000e+02   1.717488e+01   0.000000e+00   0.000000e+00   4.278766e+02   2.478209e-11   3.044310e-05
1.133000e+02   1.731009e+01   -0.000000e+00   -0.000000e+00   4.295690e+02   2.448283e-11   3.019444e-05
1.134000e+02   1.766140e+01   -0.000000e+00   -0.000000e+00   4.312681e+02   2.418772e-11   2.994847e-05
1.135000e+02   1.811786e+01   -0.000000e+00   -0.000000e+00   4.329738e+02   2.389670e-11   2.970516e-05
1.136000e+02   1.855884e+01   -0.000000e+00   -0.000000e+00   4.346858e+02   2.360973e-11   2.946448e-05
1.137000e+02   1.886371e+01   -0.000000e+00   -0.000000e+00   4.364039e+02   2.332674e-11   2.922639e-05
1.138000e+02   1.888653e+01   -0.000000e+00   -0.000000e+00   4.381280e+02   2.304770e-11   2.899084e-05
1.139000e+02   1.847483e+01   -0.000000e+00   -0.000000e+00   4.398578e+02   2.277254e-11   2.875782e-05
1.140000e+02   1.785256e+01   -0.000000e+00   -0.000000e+00   4.415931e+02   2.250121e-11   2.852728e-05
1.141000e+02   1.729550e+01   -0.000000e+00   -0.000000e+00   4.433337e+02   2.223366e-11   2.829919e-05
1.142000e+02   1.707942e+01   -0.000000e+00   -0.000000e+00   4.450795e+02   2.196984e-11   2.807351e-05
1.143000e+02   1.740004e+01   -0.000000e+00   -0.000000e+00   4.468302e+02   2.170969e-11   2.785021e-05
1.144000e+02   1.782425e+01   -0.000000e+00   -0.000000e+00   4.485857e+02   2.145317e-11   2.762926e-05
1.145000e+02   1.828894e+01   -0.000000e+00   -0.000000e+00   4.503456e+02   2.120022e-11   2.741060e-05
1.146000e+02   1.885650e+01   -0.000000e+00   -0.000000e+00   4.521099e+02   2.095078e-11   2.719422e-05
1.147000e+02   1.958933e+01   -0.000000e+00   -0.000000e+00   4.538784e+02   2.070482e-11   2.698008e-05
1.148000e+02   2.059236e+01   -0.000000e+00   -0.000000e+00   4.556507e+02   2.046227e-11   2.676814e-05
1.149000e+02   2.218114e+01   -0.000000e+00   -0.000000e+00   4.574268e+02   2.022308e-11   2.655837e-05
1.150000e+02   2.411125e+01   -0.000000e+00   -0.000000e+00   4.592064e+02   1.998722e-11   2.635074e-05
1.151000e+02   2.601779e+01   -0.000000e+00   -0.000000e+00   4.609892e+02   1.975465e-11   2.614523e-05
1.152000e+02   2.753592e+01   -0.000000e+00   -0.000000e+00   4.627748e+02   1.952534e-11   2.594183e-05
1.153000e+02   2.830134e+01   -0.000000e+00   -0.000000e+00   4.645631e+02   1.929924e-11   2.574052e-05
1.154000e+02   2.817100e+01   -0.000000e+00   -0.000000e+00   4.663536e+02   1.907633e-11   2.554128e-05
1.155000e+02   2.742745e+01   -0.000000e+00   -0.000000e+00   4.681462e+02   1.885657e-11   2.534409e-05
1.156000e+02   2.639772e+01   -0.000000e+00   -0.000000e+00   4.699405e+02   1.863992e-11   2.514892e-05
1.157000e+02   2.540886e+01   -0.000000e+00   -0.000000e+00   4.717363e+02   1.842635e-11   2.495578e-05
1.158000e+02   2.476001e+01   -0.000000e+00   -0.000000e+00   4.735333e+02   1.821583e-11   2.476462e-05
1.159000e+02   2.429736e+01   -0.000000e+00   -0.000000e+00   4.753311e+02   1.800830e-11   2.457544e-05
1.160000e+02   2.386778e+01   -0.000000e+00   -0.000000e+00   4.771295e+02   1.780375e-11   2.438822e-05
1.161000e+02   2.340032e+01   -0.000000e+00   -0.000000e+00   4.789282e+02   1.760214e-11   2.420294e-05
1.162000e+02   2.282406e+01   -0.000000e+00   -0.000000e+00   4.807269e+02   1.740342e-11   2.401958e-05
1.163000e+02   2.206515e+01   -0.000000e+00   -0.000000e+00   4.825254e+02   1.720756e-11   2.383812e-05
1.164000e+02   2.105630e+01   -0.000000e+00   -0.000000e+00   4.843232e+02   1.701454e-11   2.365854e-05
1.165000e+02   1.987214e+01   -0.000000e+00   -0.000000e+00   4.861203e+02   1.682431e-11   2.348082e-05
1.166000e+02   1.861744e+01   -0.000000e+00   -0.000000e+00   4.879161e+02   1.663683e-11   2.330495e-05
1.167000e+02   1.739701e+01   -0.000000e+00   -0.000000e+00   4.897106e+02   1.645208e-11   2.313091e-05
1.168000e+02   1.629998e+01   -0.000000e+00   -0.000000e+00   4.915033e+02   1.627002e-11   2.295867e-05
1.169000e+02   1.513608e+01   -0.000000e+00   -0.000000e+00   4.932940e+02   1.609060e-11   2.278823e-05
1.170000e+02   1.392969e+01   -0.000000e+00   -0.000000e+00   4.950825e+02   1.591381e-11   2.261955e-05
1.171000e+02   1.282732e+01   -0.000000e+00   -0.000000e+00   4.968683e+02   1.573959e-11   2.245263e-05
1.172000e+02   1.197547e+01   -0.000000e+00   -0.000000e+00   4.986513e+02   1.556793e-11   2.228744e-05
1.173000e+02   1.154168e+01   -0.000000e+00   -0.000000e+00   5.004311e+02   1.539878e-11   2.212397e-05
1.174000e+02   1.204767e+01   -0.000000e+00   -0.000000e+00   5.022075e+02   1.523211e-11   2.196219e-05
1.175000e+02   1.333493e+01   -0.000000e+00   -0.000000e+00   5.039801e+02   1.506789e-11   2.180209e-05
1.176000e+02   1.495996e+01   -0.000000e+00   -0.000000e+00   5.057487e+02   1.490607e-11   2.164365e-05
1.177000e+02   1.647927e+01   -0.000000e+00   -0.000000e+00   5.075130e+02   1.474664e-11   2.148684e-05
1.178000e+02   1.746751e+01   -0.000000e+00   -0.000000e+00   5.092727e+02   1.458955e-11   2.133167e-05
1.179000e+02   1.817403e+01   -0.000000e+00   -0.000000e+00   5.110275e+02   1.443478e-11   2.117809e-05
1.180000e+02   1.879523e+01   -0.000000e+00   -0.000000e+00   5.127771e+02   1.428228e-11   2.102610e-05
1.181000e+02   1.927885e+01   -0.000000e+00   -0.000000e+00   5.145213e+02   1.413204e-11   2.087567e-05
1.182000e+02   1.957264e+01   -0.000000e+00   -0.000000e+00   5.162597e+02   1.398400e-11   2.072680e-05
1.183000e+02   1.962726e+01   -0.000000e+00   -0.000000e+00   5.179921e+02   1.383816e-11   2.057945e-05
1.184000e+02   1.953507e+01   -0.000000e+00   -0.000000e+00   5.197181e+02   1.369446e-11   2.043361e-05
1.185000e+02   1.935800e+01   -0.000000e+00   -0.000000e+00   5.214376e+02   1.355288e-11   2.028926e-05
1.186000e+02   1.909051e+01   -0.000000e+00   -0.000000e+00   5.231501e+02   1.341339e-11   2.014638e-05
1.187000e+02   1.872709e+01   -0.000000e+00   -0.000000e+00   5.248554e+02   1.327595e-11   2.000496e-05
1.188000e+02   1.826302e+01   -0.000000e+00   -0.000000e+00   5.265532e+02   1.314055e-11   1.986498e-05
1.189000e+02   1.774702e+01   -0.000000e+00   -0.000000e+00   5.282433e+02   1.300714e-11   1.972641e-05
1.190000e+02   1.720042e+01   -0.000000e+00   -0.000000e+00   5.299253e+02   1.287569e-11   1.958924e-05
1.191000e+02   1.660927e+01   -0.000000e+00   -0.000000e+00   5.315990e+02   1.274618e-11   1.945345e-05
1.192000e+02   1.595962e+01   -0.000000e+00   -0.000000e+00   5.332640e+02   1.261858e-11   1.931902e-05
1.193000e+02   1.523787e+01   -0.000000e+00   -0.000000e+00   5.349201e+02   1.249285e-11   1.918593e-05
1.194000e+02   1.447205e+01   -0.000000e+00   -0.000000e+00   5.365670e+02   1.236897e-11   1.905417e-05
1.195000e+02   1.369238e+01   -0.000000e+00   -0.000000e+00   5.382044e+02   1.224691e-11   1.892371e-05
1.196000e+02   1.290600e+01   -0.000000e+00   -0.000000e+00   5.398321e+02   1.212664e-11   1.879454e-05
1.197000e+02   1.212006e+01   -0.000000e+00   -0.000000e+00   5.414496e+02   1.200814e-11   1.866663e-05
1.198000e+02   1.134270e+01   -0.000000e+00   -0.000000e+00   5.430568e+02   1.189136e-11   1.853998e-05
1.199000e+02   1.081033e+01   -0.000000e+00   -0.000000e+00   5.446533e+02   1.177630e-11   1.841456e-05
1.200000e+02   1.062245e+01   -0.000000e+00   -0.000000e+00   5.462389e+02   1.166291e-11   1.829035e-05
1.201000e+02   1.066577e+01   -0.000000e+00   -0.000000e+00   5.478132e+02   1.155118e-11   1.816733e-05
1.202000e+02   1.082700e+01   -0.000000e+00   -0.000000e+00   5.493761e+02   1.144106e-11   1.804548e-05
1.203000e+02   1.099302e+01   -0.000000e+00   -0.000000e+00   5.509271e+02   1.133255e-11   1.792480e-05
1.204000e+02   1.123660e+01   -0.000000e+00   -0.000000e+00   5.524660e+02   1.122561e-11   1.780525e-05
1.205000e+02   1.166103e+01   -0.000000e+00   -0.000000e+00   5.539926e+02   1.112022e-11   1.768682e-05
1.206000e+02   1.223039e+01   -0.000000e+00   -0.000000e+00   5.555065e+02   1.101635e-11   1.756949e-05
1.207000e+02   1.290877e+01   -0.000000e+00   -0.000000e+00   5.570074e+02   1.091397e-11   1.745324e-05
1.208000e+02   1.366027e+01   -0.000000e+00   -0.000000e+00   5.584951e+02   1.081306e-11   1.733805e-05
1.209000e+02   1.453875e+01   -0.000000e+00   -0.000000e+00   5.599693e+02   1.071359e-11   1.722391e-05
1.210000e+02   1.558877e+01   -0.000000e+00   -0.000000e+00   5.614296e+02   1.061555e-11   1.711079e-05
1.211000e+02   1.676042e+01   -0.000000e+00   -0.000000e+00   5.628758e+02   1.051890e-11   1.699868e-05
1.212000e+02   1.800380e+01   -0.000000e+00   -0.000000e+00   5.643076e+02   1.042362e-11   1.688756e-05
1.213000e+02   1.926898e+01   -0.000000e+00   -0.000000e+00   5.657248e+02   1.032970e-11   1.677741e-05
1.214000e+02   2.062803e+01   -0.000000e+00   -0.000000e+00   5.671269e+02   1.023709e-11   1.666822e-05
1.215000e+02   2.212948e+01   -0.000000e+00   -0.000000e+00   5.685138e+02   1.014578e-11   1.655995e-05
1.216000e+02   2.366074e+01   -0.000000e+00   -0.000000e+00   5.698852e+02   1.005576e-11   1.645260e-05
1.217000e+02   2.510909e+01   -0.000000e+00   -0.000000e+00   5.712407e+02   9.966984e-12   1.634614e-05
1.218000e+02   2.636180e+01   -0.000000e+00   -0.000000e+00   5.725800e+02   9.879443e-12   1.624056e-05
1.219000e+02   2.741949e+01   -0.000000e+00   -0.000000e+00   5.739030e+02   9.793112e-12   1.613584e-05
1.220000e+02   2.839308e+01   -0.000000e+00   -0.000000e+00   5.752096e+02   9.707968e-12   1.603197e-05
1.221000e+02   2.929425e+01   -0.000000e+00   -0.000000e+00   5.764999e+02   9.623990e-12   1.592894e-05
1.222000e+02   3.013418e+01   -0.000000e+00   -0.000000e+00   5.777741e+02   9.541159e-12   1.582674e-05
1.223000e+02   3.092405e+01   -0.000000e+00   -0.000000e+00   5.790324e+02   9.459453e-12   1.572538e-05
1.224000e+02   3.170425e+01   -0.000000e+00   -0.000000e+00   5.802749e+02   9.378853e-12   1.562485e-05
1.225000e+02   3.249000e+01   -0.000000e+00   -0.000000e+00   5.815018e+02   9.299339e-12   1.552514e-05
1.226000e+02   3.322899e+01   -0.000000e+00   -0.000000e+00   5.827132e+02   9.220893e-12   1.542625e-05
1.227000e+02   3.386842e+01   -0.000000e+00   -0.000000e+00   5.839094e+02   9.143496e-12   1.532816e-05
1.228000e+02   3.435551e+01   -0.000000e+00   -0.000000e+00   5.850904e+02   9.067130e-12   1.523089e-05
1.229000e+02   3.473044e+01   -0.000000e+00   -0.000000e+00   5.862564e+02   8.991778e-12   1.513441e-05
1.230000e+02   3.509743e+01   -0.000000e+00   -0.000000e+00   5.874077e+02   8.917421e-12   1.503873e-05
1.231000e+02   3.541377e+01   -0.000000e+00   -0.000000e+00   5.885443e+02   8.844043e-12   1.494384e-05
1.232000e+02   3.563460e+01   -0.000000e+00   -0.000000e+00   5.896664e+02   8.771627e-12   1.484974e-05
1.233000e+02   3.571504e+01   -0.000000e+00   -0.000000e+00   5.907742e+02   8.700158e-12   1.475642e-05
1.234000e+02   3.567635e+01   -0.000000e+00   -0.000000e+00   5.918678e+02   8.629619e-12   1.466387e-05
1.235000e+02   3.562967e+01   -0.000000e+00   -0.000000e+00   5.929475e+02   8.559994e-12   1.457210e-05
1.236000e+02   3.559374e+01   -0.000000e+00   -0.000000e+00   5.940133e+02   8.491269e-12   1.448108e-05
1.237000e+02   3.558497e+01   -0.000000e+00   -0.000000e+00   5.950654e+02   8.423428e-12   1.439083e-05
1.238000e+02   3.561972e+01   -0.000000e+00   -0.000000e+00   5.961040e+02   8.356457e-12   1.430134e-05
1.239000e+02   3.579662e+01   -0.000000e+00   -0.000000e+00   5.971293e+02   8.290341e-12   1.421259e-05
1.240000e+02   3.622642e+01   -0.000000e+00   -0.000000e+00   5.981413e+02   8.225067e-12   1.412458e-05
1.241000e+02   3.679237e+01   -0.000000e+00   -0.000000e+00   5.991403e+02   8.160620e-12   1.403732e-05
1.242000e+02   3.737164e+01   -0.000000e+00   -0.000000e+00   6.001265e+02   8.096988e-12   1.395078e-05
1.243000e+02   3.784140e+01   -0.000000e+00   -0.000000e+00   6.011000e+02   8.034155e-12   1.386498e-05
1.244000e+02   3.817032e+01   -0.000000e+00   -0.000000e+00   6.020609e+02   7.972111e-12   1.377990e-05
1.245000e+02   3.850073e+01   -0.000000e+00   -0.000000e+00   6.030094e+02   7.910842e-12   1.369554e-05
1.246000e+02   3.882089e+01   -0.000000e+00   -0.000000e+00   6.039457e+02   7.850335e-12   1.361189e-05
1.247000e+02   3.911153e+01   -0.000000e+00   -0.000000e+00   6.048699e+02   7.790578e-12   1.352895e-05
1.248000e+02   3.935334e+01   -0.000000e+00   -0.000000e+00   6.057823e+02   7.731560e-12   1.344671e-05
1.249000e+02   3.953702e+01   -0.000000e+00   -0.000000e+00   6.066829e+02   7.673267e-12   1.336517e-05
1.250000e+02   3.969146e+01   -0.000000e+00   -0.000000e+00   6.075719e+02   7.615690e-12   1.328432e-05
1.251000e+02   3.984290e+01   -0.000000e+00   -0.000000e+00   6.084495e+02   7.558815e-12   1.320416e-05
1.252000e+02   4.001683e+01   -0.000000e+00   -0.000000e+00   6.093159e+02   7.502633e-12   1.312467e-05
1.253000e+02   4.023872e+01   -0.000000e+00   -0.000000e+00   6.101711e+02   7.447132e-12   1.304587e-05
1.254000e+02   4.062373e+01   -0.000000e+00   -0.000000e+00   6.110154e+02   7.392301e-12   1.296774e-05
1.255000e+02   4.135264e+01   -0.000000e+00   -0.000000e+00   6.118490e+02   7.338130e-12   1.289027e-05
1.256000e+02   4.225343e+01   -0.000000e+00   -0.000000e+00   6.126719e+02   7.284609e-12   1.281346e-05
1.257000e+02   4.313434e+01   -0.000000e+00   -0.000000e+00   6.134844e+02   7.231726e-12   1.273731e-05
1.258000e+02   4.380359e+01   -0.000000e+00   -0.000000e+00   6.142866e+02   7.179472e-12   1.266181e-05
1.259000e+02   4.417523e+01   -0.000000e+00   -0.000000e+00   6.150787e+02   7.127837e-12   1.258696e-05
1.260000e+02   4.449371e+01   -0.000000e+00   -0.000000e+00   6.158608e+02   7.076812e-12   1.251274e-05
1.261000e+02   4.478960e+01   -0.000000e+00   -0.000000e+00   6.166332e+02   7.026386e-12   1.243917e-05
1.262000e+02   4.507070e+01   -0.000000e+00   -0.000000e+00   6.173958e+02   6.976551e-12   1.236622e-05
1.263000e+02   4.534481e+01   -0.000000e+00   -0.000000e+00   6.181490e+02   6.927297e-12   1.229389e-05
1.264000e+02   4.557994e+01   -0.000000e+00   -0.000000e+00   6.188929e+02   6.878615e-12   1.222218e-05
1.265000e+02   4.566757e+01   -0.000000e+00   -0.000000e+00   6.196276e+02   6.830495e-12   1.215109e-05
1.266000e+02   4.566591e+01   -0.000000e+00   -0.000000e+00   6.203534e+02   6.782931e-12   1.208061e-05
1.267000e+02   4.564797e+01   -0.000000e+00   -0.000000e+00   6.210702e+02   6.735911e-12   1.201073e-05
1.268000e+02   4.568676e+01   -0.000000e+00   -0.000000e+00   6.217785e+02   6.689429e-12   1.194145e-05
1.269000e+02   4.581400e+01   -0.000000e+00   -0.000000e+00   6.224782e+02   6.643475e-12   1.187276e-05
1.270000e+02   4.592621e+01   -0.000000e+00   -0.000000e+00   6.231695e+02   6.598042e-12   1.180466e-05
1.271000e+02   4.606251e+01   -0.000000e+00   -0.000000e+00   6.238527e+02   6.553121e-12   1.173715e-05
1.272000e+02   4.627996e+01   -0.000000e+00   -0.000000e+00   6.245278e+02   6.508704e-12   1.167021e-05
1.273000e+02   4.663562e+01   -0.000000e+00   -0.000000e+00   6.251951e+02   6.464783e-12   1.160384e-05
1.274000e+02   4.715545e+01   -0.000000e+00   -0.000000e+00   6.258547e+02   6.421351e-12   1.153805e-05
1.275000e+02   4.772692e+01   -0.000000e+00   -0.000000e+00   6.265067e+02   6.378399e-12   1.147281e-05
1.276000e+02   4.832921e+01   -0.000000e+00   -0.000000e+00   6.271514e+02   6.335921e-12   1.140813e-05
1.277000e+02   4.895773e+01   -0.000000e+00   -0.000000e+00   6.277888e+02   6.293909e-12   1.134400e-05
1.278000e+02   4.960791e+01   -0.000000e+00   -0.000000e+00   6.284192e+02   6.252354e-12   1.128042e-05
1.279000e+02   5.030773e+01   -0.000000e+00   -0.000000e+00   6.290426e+02   6.211252e-12   1.121738e-05
1.280000e+02   5.118319e+01   -0.000000e+00   -0.000000e+00   6.296594e+02   6.170593e-12   1.115488e-05
1.281000e+02   5.215433e+01   -0.000000e+00   -0.000000e+00   6.302695e+02   6.130371e-12   1.109291e-05
1.282000e+02   5.311246e+01   -0.000000e+00   -0.000000e+00   6.308733e+02   6.090579e-12   1.103146e-05
1.283000e+02   5.394893e+01   -0.000000e+00   -0.000000e+00   6.314708e+02   6.051210e-12   1.097054e-05
1.284000e+02   5.456678e+01   -0.000000e+00   -0.000000e+00   6.320622e+02   6.012257e-12   1.091013e-05
1.285000e+02   5.499406e+01   -0.000000e+00   -0.000000e+00   6.326477e+02   5.973715e-12   1.085023e-05
1.286000e+02   5.530348e+01   -0.000000e+00   -0.000000e+00   6.332274e+02   5.935575e-12   1.079083e-05
1.287000e+02   5.556347e+01   -0.000000e+00   -0.000000e+00   6.338015e+02   5.897832e-12   1.073193e-05
1.288000e+02   5.584240e+01   -0.000000e+00   -0.000000e+00   6.343702e+02   5.860479e-12   1.067353e-05
1.289000e+02   5.618515e+01   -0.000000e+00   -0.000000e+00   6.349335e+02   5.823510e-12   1.061562e-05
1.290000e+02   5.649479e+01   -0.000000e+00   -0.000000e+00   6.354918e+02   5.786919e-12   1.055820e-05
1.291000e+02   5.679969e+01   -0.000000e+00   -0.000000e+00   6.360451e+02   5.750699e-12   1.050125e-05
1.292000e+02   5.715846e+01   -0.000000e+00   -0.000000e+00   6.365936e+02   5.714844e-12   1.044477e-05
1.293000e+02   5.762972e+01   -0.000000e+00   -0.000000e+00   6.371374e+02   5.679349e-12   1.038877e-05
1.294000e+02   5.825442e+01   -0.000000e+00   -0.000000e+00   6.376768e+02   5.644207e-12   1.033323e-05
1.295000e+02   5.892731e+01   -0.000000e+00   -0.000000e+00   6.382119e+02   5.609412e-12   1.027814e-05
1.296000e+02   5.961224e+01   -0.000000e+00   -0.000000e+00   6.387428e+02   5.574959e-12   1.022351e-05
1.297000e+02   6.029968e+01   -0.000000e+00   -0.000000e+00   6.392697e+02   5.540841e-12   1.016933e-05
1.298000e+02   6.098008e+01   -0.000000e+00   -0.000000e+00   6.397928e+02   5.507054e-12   1.011559e-05
1.299000e+02   6.164498e+01   -0.000000e+00   -0.000000e+00   6.403123e+02   5.473592e-12   1.006228e-05
1.300000e+02   6.229831e+01   -0.000000e+00   -0.000000e+00   6.408282e+02   5.440448e-12   1.000941e-05
