#% 0, Z0, m, 0.0
#% 1, Z, km
#% 2, U, m/s
#% 3, V, m/s
#% 4, W, m/s
#% 5, T, degK
#% 6, RHO, g/cm3
#% 7, P, mbar
0.000000e+00   -3.427353e+00   -0.000000e+00   -0.000000e+00   2.703835e+02   1.260362e-03   9.783805e+02
1.000000e-01   -4.287812e+00   -0.000000e+00   -0.000000e+00   2.694508e+02   1.248814e-03   9.660725e+02
2.000000e-01   -4.827638e+00   -0.000000e+00   -0.000000e+00   2.685089e+02   1.237463e-03   9.539447e+02
3.000000e-01   -5.194271e+00   -0.000000e+00   -0.000000e+00   2.675691e+02   1.226213e-03   9.419634e+02
4.000000e-01   -5.505956e+00   -0.000000e+00   -0.000000e+00   2.666434e+02   1.214973e-03   9.301007e+02
5.000000e-01   -5.767241e+00   -0.000000e+00   -0.000000e+00   2.657480e+02   1.203669e-03   9.183527e+02
6.000000e-01   -5.993063e+00   -0.000000e+00   -0.000000e+00   2.648976e+02   1.192236e-03   9.067189e+02
7.000000e-01   -6.207657e+00   -0.000000e+00   -0.000000e+00   2.641094e+02   1.180601e-03   8.951984e+02
8.000000e-01   -6.421990e+00   -0.000000e+00   -0.000000e+00   2.633722e+02   1.168819e-03   8.837914e+02
9.000000e-01   -6.640836e+00   -0.000000e+00   -0.000000e+00   2.626318e+02   1.157136e-03   8.724972e+02
1.000000e+00   -6.862764e+00   -0.000000e+00   -0.000000e+00   2.618919e+02   1.145533e-03   8.613149e+02
1.100000e+00   -7.028969e+00   -0.000000e+00   -0.000000e+00   2.611485e+02   1.134027e-03   8.502433e+02
1.200000e+00   -7.073117e+00   -0.000000e+00   -0.000000e+00   2.604099e+02   1.122582e-03   8.392819e+02
1.300000e+00   -6.970315e+00   -0.000000e+00   -0.000000e+00   2.596823e+02   1.111170e-03   8.284293e+02
1.400000e+00   -6.736637e+00   -0.000000e+00   -0.000000e+00   2.588782e+02   1.100165e-03   8.176844e+02
1.500000e+00   -6.377847e+00   -0.000000e+00   -0.000000e+00   2.580420e+02   1.089370e-03   8.070457e+02
1.600000e+00   -5.884570e+00   -0.000000e+00   -0.000000e+00   2.574835e+02   1.077483e-03   7.965114e+02
1.700000e+00   -5.266248e+00   -0.000000e+00   -0.000000e+00   2.576630e+02   1.062631e-03   7.860802e+02
1.800000e+00   -4.580880e+00   -0.000000e+00   -0.000000e+00   2.582097e+02   1.046450e-03   7.757531e+02
1.900000e+00   -3.900410e+00   -0.000000e+00   -0.000000e+00   2.583911e+02   1.031939e-03   7.655331e+02
2.000000e+00   -3.297034e+00   -0.000000e+00   -0.000000e+00   2.580943e+02   1.019483e-03   7.554241e+02
2.100000e+00   -2.845044e+00   -0.000000e+00   -0.000000e+00   2.576123e+02   1.007879e-03   7.454311e+02
2.200000e+00   -2.558222e+00   -0.000000e+00   -0.000000e+00   2.571465e+02   9.963313e-04   7.355578e+02
2.300000e+00   -2.361324e+00   -0.000000e+00   -0.000000e+00   2.567139e+02   9.847787e-04   7.258057e+02
2.400000e+00   -2.176134e+00   -0.000000e+00   -0.000000e+00   2.563095e+02   9.732454e-04   7.161755e+02
2.500000e+00   -1.958327e+00   -0.000000e+00   -0.000000e+00   2.559176e+02   9.617908e-04   7.066643e+02
2.600000e+00   -1.678143e+00   -0.000000e+00   -0.000000e+00   2.555177e+02   9.504876e-04   6.972681e+02
2.700000e+00   -1.341402e+00   -0.000000e+00   -0.000000e+00   2.551013e+02   9.393611e-04   6.879829e+02
2.800000e+00   -9.858820e-01   -0.000000e+00   -0.000000e+00   2.546845e+02   9.283485e-04   6.788065e+02
2.900000e+00   -6.497547e-01   -0.000000e+00   -0.000000e+00   2.542844e+02   9.173857e-04   6.697366e+02
3.000000e+00   -3.664856e-01   -0.000000e+00   -0.000000e+00   2.538929e+02   9.065015e-04   6.607717e+02
3.100000e+00   -1.632455e-01   -0.000000e+00   -0.000000e+00   2.534837e+02   8.957890e-04   6.519108e+02
3.200000e+00   -2.430560e-02   -0.000000e+00   -0.000000e+00   2.530302e+02   8.853391e-04   6.431530e+02
3.300000e+00   8.921268e-02   -0.000000e+00   -0.000000e+00   2.525204e+02   8.751877e-04   6.344976e+02
3.400000e+00   2.064317e-01   -0.000000e+00   -0.000000e+00   2.519747e+02   8.652598e-04   6.259445e+02
3.500000e+00   3.551600e-01   -0.000000e+00   -0.000000e+00   2.514177e+02   8.554692e-04   6.174938e+02
3.600000e+00   5.424371e-01   -0.000000e+00   -0.000000e+00   2.508739e+02   8.457326e-04   6.091454e+02
3.700000e+00   7.227160e-01   -0.000000e+00   -0.000000e+00   2.503620e+02   8.359894e-04   6.008991e+02
3.800000e+00   8.843399e-01   -0.000000e+00   -0.000000e+00   2.498719e+02   8.262747e-04   5.927537e+02
3.900000e+00   1.021118e+00   -0.000000e+00   -0.000000e+00   2.493849e+02   8.166504e-04   5.847076e+02
4.000000e+00   1.126860e+00   -0.000000e+00   -0.000000e+00   2.488822e+02   8.071759e-04   5.767590e+02
4.100000e+00   1.203199e+00   -0.000000e+00   -0.000000e+00   2.483454e+02   7.979071e-04   5.689063e+02
4.200000e+00   1.268549e+00   -0.000000e+00   -0.000000e+00   2.477694e+02   7.888549e-04   5.611477e+02
4.300000e+00   1.324435e+00   -0.000000e+00   -0.000000e+00   2.471657e+02   7.799778e-04   5.534812e+02
4.400000e+00   1.371153e+00   -0.000000e+00   -0.000000e+00   2.465466e+02   7.712323e-04   5.459044e+02
4.500000e+00   1.409000e+00   -0.000000e+00   -0.000000e+00   2.459245e+02   7.625765e-04   5.384155e+02
4.600000e+00   1.455311e+00   -0.000000e+00   -0.000000e+00   2.453108e+02   7.539725e-04   5.310122e+02
4.700000e+00   1.545237e+00   -0.000000e+00   -0.000000e+00   2.447064e+02   7.454170e-04   5.236933e+02
4.800000e+00   1.652582e+00   -0.000000e+00   -0.000000e+00   2.441048e+02   7.369297e-04   5.164578e+02
4.900000e+00   1.747574e+00   -0.000000e+00   -0.000000e+00   2.434995e+02   7.285301e-04   5.093049e+02
5.000000e+00   1.800439e+00   -0.000000e+00   -0.000000e+00   2.428838e+02   7.202366e-04   5.022338e+02
5.100000e+00   1.777620e+00   -0.000000e+00   -0.000000e+00   2.422514e+02   7.120662e-04   4.952437e+02
5.200000e+00   1.673378e+00   0.000000e+00   0.000000e+00   2.416011e+02   7.040205e-04   4.883335e+02
5.300000e+00   1.533927e+00   0.000000e+00   0.000000e+00   2.409358e+02   6.960891e-04   4.815024e+02
5.400000e+00   1.407864e+00   0.000000e+00   0.000000e+00   2.402584e+02   6.882617e-04   4.747494e+02
5.500000e+00   1.343788e+00   0.000000e+00   0.000000e+00   2.395717e+02   6.805284e-04   4.680736e+02
5.600000e+00   1.363251e+00   0.000000e+00   0.000000e+00   2.388789e+02   6.728794e-04   4.614741e+02
5.700000e+00   1.394571e+00   0.000000e+00   0.000000e+00   2.381820e+02   6.653076e-04   4.549500e+02
5.800000e+00   1.430977e+00   0.000000e+00   0.000000e+00   2.374817e+02   6.578106e-04   4.485009e+02
5.900000e+00   1.473920e+00   0.000000e+00   0.000000e+00   2.367785e+02   6.503867e-04   4.421262e+02
6.000000e+00   1.524852e+00   0.000000e+00   0.000000e+00   2.360730e+02   6.430342e-04   4.358256e+02
6.100000e+00   1.604142e+00   0.000000e+00   0.000000e+00   2.353655e+02   6.357516e-04   4.295985e+02
6.200000e+00   1.771043e+00   0.000000e+00   0.000000e+00   2.346567e+02   6.285373e-04   4.234444e+02
6.300000e+00   1.988019e+00   0.000000e+00   0.000000e+00   2.339474e+02   6.213883e-04   4.173628e+02
6.400000e+00   2.205875e+00   0.000000e+00   0.000000e+00   2.332390e+02   6.143007e-04   4.113529e+02
6.500000e+00   2.375320e+00   0.000000e+00   0.000000e+00   2.325329e+02   6.072704e-04   4.054141e+02
6.600000e+00   2.434683e+00   0.000000e+00   0.000000e+00   2.318305e+02   6.002934e-04   3.995457e+02
6.700000e+00   2.331859e+00   0.000000e+00   0.000000e+00   2.311332e+02   5.933659e-04   3.937470e+02
6.800000e+00   2.139830e+00   0.000000e+00   0.000000e+00   2.304423e+02   5.864844e-04   3.880172e+02
6.900000e+00   1.944799e+00   0.000000e+00   0.000000e+00   2.297586e+02   5.796466e-04   3.823556e+02
7.000000e+00   1.835783e+00   0.000000e+00   0.000000e+00   2.290820e+02   5.728529e-04   3.767615e+02
7.100000e+00   1.874931e+00   0.000000e+00   0.000000e+00   2.284122e+02   5.661037e-04   3.712340e+02
7.200000e+00   1.970742e+00   0.000000e+00   0.000000e+00   2.277490e+02   5.593994e-04   3.657724e+02
7.300000e+00   2.098271e+00   0.000000e+00   0.000000e+00   2.270922e+02   5.527404e-04   3.603759e+02
7.400000e+00   2.249814e+00   0.000000e+00   0.000000e+00   2.264414e+02   5.461269e-04   3.550437e+02
7.500000e+00   2.417449e+00   0.000000e+00   0.000000e+00   2.257967e+02   5.395590e-04   3.497751e+02
7.600000e+00   2.608176e+00   0.000000e+00   0.000000e+00   2.251594e+02   5.330335e-04   3.445695e+02
7.700000e+00   2.893109e+00   0.000000e+00   0.000000e+00   2.245319e+02   5.265452e-04   3.394267e+02
7.800000e+00   3.223820e+00   0.000000e+00   0.000000e+00   2.239166e+02   5.200892e-04   3.343462e+02
7.900000e+00   3.532191e+00   0.000000e+00   0.000000e+00   2.233159e+02   5.136607e-04   3.293278e+02
8.000000e+00   3.750106e+00   0.000000e+00   0.000000e+00   2.227324e+02   5.072553e-04   3.243712e+02
8.100000e+00   3.798045e+00   0.000000e+00   0.000000e+00   2.221682e+02   5.008686e-04   3.194759e+02
8.200000e+00   3.599062e+00   0.000000e+00   0.000000e+00   2.216260e+02   4.944966e-04   3.146417e+02
8.300000e+00   3.255071e+00   0.000000e+00   0.000000e+00   2.211080e+02   4.881353e-04   3.098682e+02
8.400000e+00   2.893021e+00   0.000000e+00   0.000000e+00   2.206164e+02   4.817823e-04   3.051554e+02
8.500000e+00   2.641894e+00   0.000000e+00   0.000000e+00   2.201526e+02   4.754371e-04   3.005033e+02
8.600000e+00   2.630426e+00   0.000000e+00   0.000000e+00   2.197179e+02   4.690998e-04   2.959124e+02
8.700000e+00   2.891522e+00   0.000000e+00   0.000000e+00   2.193138e+02   4.627706e-04   2.913829e+02
8.800000e+00   3.298466e+00   0.000000e+00   0.000000e+00   2.189414e+02   4.564500e-04   2.869151e+02
8.900000e+00   3.710991e+00   0.000000e+00   0.000000e+00   2.186022e+02   4.501384e-04   2.825094e+02
9.000000e+00   3.988831e+00   0.000000e+00   0.000000e+00   2.182975e+02   4.438364e-04   2.781660e+02
9.100000e+00   3.998382e+00   0.000000e+00   0.000000e+00   2.180286e+02   4.375450e-04   2.738852e+02
9.200000e+00   3.747141e+00   0.000000e+00   0.000000e+00   2.177969e+02   4.312651e-04   2.696674e+02
9.300000e+00   3.357710e+00   0.000000e+00   0.000000e+00   2.176037e+02   4.249979e-04   2.655127e+02
9.400000e+00   2.953422e+00   0.000000e+00   0.000000e+00   2.174496e+02   4.187455e-04   2.614214e+02
9.500000e+00   2.657184e+00   0.000000e+00   0.000000e+00   2.173328e+02   4.125146e-04   2.573931e+02
9.600000e+00   2.574459e+00   0.000000e+00   0.000000e+00   2.172503e+02   4.063126e-04   2.534271e+02
9.700000e+00   2.592664e+00   0.000000e+00   0.000000e+00   2.171996e+02   4.001464e-04   2.495228e+02
9.800000e+00   2.643518e+00   0.000000e+00   0.000000e+00   2.171778e+02   3.940227e-04   2.456796e+02
9.900000e+00   2.700497e+00   0.000000e+00   0.000000e+00   2.171823e+02   3.879479e-04   2.418969e+02
1.000000e+01   2.737076e+00   0.000000e+00   0.000000e+00   2.172104e+02   3.819281e-04   2.381742e+02
1.010000e+01   2.721656e+00   0.000000e+00   0.000000e+00   2.172593e+02   3.759689e-04   2.345107e+02
1.020000e+01   2.589744e+00   0.000000e+00   0.000000e+00   2.173264e+02   3.700756e-04   2.309060e+02
1.030000e+01   2.382056e+00   0.000000e+00   0.000000e+00   2.174088e+02   3.642532e-04   2.273594e+02
1.040000e+01   2.166561e+00   0.000000e+00   0.000000e+00   2.175040e+02   3.585063e-04   2.238703e+02
1.050000e+01   2.010586e+00   0.000000e+00   0.000000e+00   2.176105e+02   3.528368e-04   2.204378e+02
1.060000e+01   1.973614e+00   0.000000e+00   0.000000e+00   2.177276e+02   3.472451e-04   2.170610e+02
1.070000e+01   1.986269e+00   0.000000e+00   0.000000e+00   2.178545e+02   3.417311e-04   2.137388e+02
1.080000e+01   2.011986e+00   0.000000e+00   0.000000e+00   2.179905e+02   3.362952e-04   2.104702e+02
1.090000e+01   2.048931e+00   0.000000e+00   0.000000e+00   2.181349e+02   3.309373e-04   2.072542e+02
1.100000e+01   2.095270e+00   0.000000e+00   0.000000e+00   2.182871e+02   3.256572e-04   2.040897e+02
1.110000e+01   2.156980e+00   0.000000e+00   0.000000e+00   2.184463e+02   3.204549e-04   2.009759e+02
1.120000e+01   2.359556e+00   0.000000e+00   0.000000e+00   2.186117e+02   3.153300e-04   1.979116e+02
1.130000e+01   2.673325e+00   0.000000e+00   0.000000e+00   2.187828e+02   3.102822e-04   1.948958e+02
1.140000e+01   3.000965e+00   0.000000e+00   0.000000e+00   2.189587e+02   3.053112e-04   1.919275e+02
1.150000e+01   3.245312e+00   0.000000e+00   0.000000e+00   2.191387e+02   3.004166e-04   1.890059e+02
1.160000e+01   3.315269e+00   0.000000e+00   0.000000e+00   2.193219e+02   2.955989e-04   1.861303e+02
1.170000e+01   3.285879e+00   0.000000e+00   0.000000e+00   2.195074e+02   2.908583e-04   1.833002e+02
1.180000e+01   3.227885e+00   0.000000e+00   0.000000e+00   2.196941e+02   2.861952e-04   1.805149e+02
1.190000e+01   3.162084e+00   0.000000e+00   0.000000e+00   2.198812e+02   2.816098e-04   1.777740e+02
1.200000e+01   3.109270e+00   0.000000e+00   0.000000e+00   2.200677e+02   2.771021e-04   1.750768e+02
1.210000e+01   3.089707e+00   0.000000e+00   0.000000e+00   2.202528e+02   2.726721e-04   1.724227e+02
1.220000e+01   3.098984e+00   0.000000e+00   0.000000e+00   2.204353e+02   2.683199e-04   1.698113e+02
1.230000e+01   3.120844e+00   0.000000e+00   0.000000e+00   2.206145e+02   2.640453e-04   1.672418e+02
1.240000e+01   3.144127e+00   0.000000e+00   0.000000e+00   2.207894e+02   2.598481e-04   1.647138e+02
1.250000e+01   3.157692e+00   0.000000e+00   0.000000e+00   2.209591e+02   2.557279e-04   1.622267e+02
1.260000e+01   3.149194e+00   0.000000e+00   0.000000e+00   2.211254e+02   2.516814e-04   1.597799e+02
1.270000e+01   3.051911e+00   0.000000e+00   0.000000e+00   2.212918e+02   2.477035e-04   1.573729e+02
1.280000e+01   2.865823e+00   0.000000e+00   0.000000e+00   2.214620e+02   2.437890e-04   1.550050e+02
1.290000e+01   2.634309e+00   0.000000e+00   0.000000e+00   2.216395e+02   2.399331e-04   1.526757e+02
1.300000e+01   2.400746e+00   0.000000e+00   0.000000e+00   2.218282e+02   2.361314e-04   1.503844e+02
1.310000e+01   2.207412e+00   0.000000e+00   0.000000e+00   2.220316e+02   2.323794e-04   1.481307e+02
1.320000e+01   2.018734e+00   0.000000e+00   0.000000e+00   2.222535e+02   2.286733e-04   1.459138e+02
1.330000e+01   1.820334e+00   0.000000e+00   0.000000e+00   2.224974e+02   2.250091e-04   1.437332e+02
1.340000e+01   1.642706e+00   0.000000e+00   0.000000e+00   2.227670e+02   2.213832e-04   1.415885e+02
1.350000e+01   1.516344e+00   0.000000e+00   0.000000e+00   2.230659e+02   2.177925e-04   1.394789e+02
1.360000e+01   1.472874e+00   0.000000e+00   0.000000e+00   2.233973e+02   2.142342e-04   1.374039e+02
1.370000e+01   1.650235e+00   0.000000e+00   0.000000e+00   2.237602e+02   2.107099e-04   1.353630e+02
1.380000e+01   2.028724e+00   0.000000e+00   0.000000e+00   2.241518e+02   2.072223e-04   1.333556e+02
1.390000e+01   2.467977e+00   0.000000e+00   0.000000e+00   2.245694e+02   2.037742e-04   1.313809e+02
1.400000e+01   2.827627e+00   0.000000e+00   0.000000e+00   2.250105e+02   2.003680e-04   1.294385e+02
1.410000e+01   2.967512e+00   0.000000e+00   0.000000e+00   2.254722e+02   1.970058e-04   1.275277e+02
1.420000e+01   2.845129e+00   0.000000e+00   0.000000e+00   2.259519e+02   1.936898e-04   1.256479e+02
1.430000e+01   2.570144e+00   0.000000e+00   0.000000e+00   2.264469e+02   1.904218e-04   1.237985e+02
1.440000e+01   2.248286e+00   0.000000e+00   0.000000e+00   2.269545e+02   1.872034e-04   1.219789e+02
1.450000e+01   1.985289e+00   0.000000e+00   0.000000e+00   2.274720e+02   1.840360e-04   1.201886e+02
1.460000e+01   1.886927e+00   0.000000e+00   0.000000e+00   2.279967e+02   1.809210e-04   1.184268e+02
1.470000e+01   2.057127e+00   0.000000e+00   0.000000e+00   2.285259e+02   1.778596e-04   1.166931e+02
1.480000e+01   2.431748e+00   0.000000e+00   0.000000e+00   2.290564e+02   1.748531e-04   1.149868e+02
1.490000e+01   2.871916e+00   0.000000e+00   0.000000e+00   2.295847e+02   1.719030e-04   1.133075e+02
1.500000e+01   3.238759e+00   0.000000e+00   0.000000e+00   2.301077e+02   1.690106e-04   1.116548e+02
1.510000e+01   3.393404e+00   0.000000e+00   0.000000e+00   2.306218e+02   1.661769e-04   1.100281e+02
1.520000e+01   3.381877e+00   0.000000e+00   0.000000e+00   2.311239e+02   1.634029e-04   1.084269e+02
1.530000e+01   3.345811e+00   0.000000e+00   0.000000e+00   2.316105e+02   1.606892e-04   1.068507e+02
1.540000e+01   3.289747e+00   0.000000e+00   0.000000e+00   2.320784e+02   1.580366e-04   1.052991e+02
1.550000e+01   3.218226e+00   0.000000e+00   0.000000e+00   2.325241e+02   1.554454e-04   1.037716e+02
1.560000e+01   3.135789e+00   0.000000e+00   0.000000e+00   2.329444e+02   1.529161e-04   1.022675e+02
1.570000e+01   3.004474e+00   0.000000e+00   0.000000e+00   2.333359e+02   1.504489e-04   1.007866e+02
1.580000e+01   2.807172e+00   0.000000e+00   0.000000e+00   2.336958e+02   1.480436e-04   9.932827e+01
1.590000e+01   2.590026e+00   0.000000e+00   0.000000e+00   2.340246e+02   1.456982e-04   9.789216e+01
1.600000e+01   2.399302e+00   0.000000e+00   0.000000e+00   2.343244e+02   1.434096e-04   9.647796e+01
1.610000e+01   2.281267e+00   0.000000e+00   0.000000e+00   2.345974e+02   1.411751e-04   9.508537e+01
1.620000e+01   2.227422e+00   0.000000e+00   0.000000e+00   2.348457e+02   1.389920e-04   9.371405e+01
1.630000e+01   2.178875e+00   0.000000e+00   0.000000e+00   2.350713e+02   1.368578e-04   9.236371e+01
1.640000e+01   2.126324e+00   0.000000e+00   0.000000e+00   2.352763e+02   1.347700e-04   9.103402e+01
1.650000e+01   2.060706e+00   0.000000e+00   0.000000e+00   2.354629e+02   1.327263e-04   8.972467e+01
1.660000e+01   1.972957e+00   0.000000e+00   0.000000e+00   2.356331e+02   1.307246e-04   8.843535e+01
1.670000e+01   1.832026e+00   0.000000e+00   0.000000e+00   2.357890e+02   1.287626e-04   8.716574e+01
1.680000e+01   1.623423e+00   0.000000e+00   0.000000e+00   2.359328e+02   1.268385e-04   8.591553e+01
1.690000e+01   1.382046e+00   0.000000e+00   0.000000e+00   2.360665e+02   1.249501e-04   8.468439e+01
1.700000e+01   1.144347e+00   0.000000e+00   0.000000e+00   2.361914e+02   1.230962e-04   8.347203e+01
1.710000e+01   9.476770e-01   0.000000e+00   0.000000e+00   2.363083e+02   1.212754e-04   8.227811e+01
1.720000e+01   9.491272e-01   0.000000e+00   0.000000e+00   2.364182e+02   1.194868e-04   8.110232e+01
1.730000e+01   1.252576e+00   0.000000e+00   0.000000e+00   2.365219e+02   1.177292e-04   7.994435e+01
1.740000e+01   1.675516e+00   0.000000e+00   0.000000e+00   2.366201e+02   1.160015e-04   7.880388e+01
1.750000e+01   2.031944e+00   0.000000e+00   0.000000e+00   2.367137e+02   1.143028e-04   7.768060e+01
1.760000e+01   2.135857e+00   0.000000e+00   0.000000e+00   2.368035e+02   1.126320e-04   7.657418e+01
1.770000e+01   1.880464e+00   0.000000e+00   0.000000e+00   2.368904e+02   1.109882e-04   7.548431e+01
1.780000e+01   1.395160e+00   0.000000e+00   0.000000e+00   2.369752e+02   1.093705e-04   7.441067e+01
1.790000e+01   7.985398e-01   0.000000e+00   0.000000e+00   2.370587e+02   1.077778e-04   7.335295e+01
1.800000e+01   2.074270e-01   0.000000e+00   0.000000e+00   2.371418e+02   1.062094e-04   7.231084e+01
1.810000e+01   -2.619305e-01   0.000000e+00   0.000000e+00   2.372248e+02   1.046646e-04   7.128402e+01
1.820000e+01   -5.854524e-01   0.000000e+00   0.000000e+00   2.373070e+02   1.031433e-04   7.027227e+01
1.830000e+01   -8.876659e-01   0.000000e+00   0.000000e+00   2.373877e+02   1.016455e-04   6.927532e+01
1.840000e+01   -1.154543e+00   0.000000e+00   0.000000e+00   2.374662e+02   1.001709e-04   6.829293e+01
1.850000e+01   -1.367007e+00   0.000000e+00   0.000000e+00   2.375416e+02   9.871960e-05   6.732486e+01
1.860000e+01   -1.505982e+00   0.000000e+00   0.000000e+00   2.376133e+02   9.729138e-05   6.637085e+01
1.870000e+01   -1.460049e+00   0.000000e+00   0.000000e+00   2.376804e+02   9.588610e-05   6.543067e+01
1.880000e+01   -1.100293e+00   0.000000e+00   0.000000e+00   2.377422e+02   9.450360e-05   6.450406e+01
1.890000e+01   -5.961810e-01   0.000000e+00   0.000000e+00   2.377980e+02   9.314372e-05   6.359077e+01
1.900000e+01   -1.275392e-01   0.000000e+00   0.000000e+00   2.378470e+02   9.180625e-05   6.269057e+01
1.910000e+01   1.258061e-01   0.000000e+00   0.000000e+00   2.378884e+02   9.049101e-05   6.180320e+01
1.920000e+01   3.215854e-02   0.000000e+00   0.000000e+00   2.379215e+02   8.919776e-05   6.092843e+01
1.930000e+01   -3.043359e-01   0.000000e+00   0.000000e+00   2.379466e+02   8.792597e-05   6.006605e+01
1.940000e+01   -7.424567e-01   0.000000e+00   0.000000e+00   2.379646e+02   8.667496e-05   5.921590e+01
1.950000e+01   -1.143575e+00   0.000000e+00   0.000000e+00   2.379762e+02   8.544407e-05   5.837782e+01
1.960000e+01   -1.369060e+00   0.000000e+00   0.000000e+00   2.379825e+02   8.423264e-05   5.755164e+01
1.970000e+01   -1.323067e+00   0.000000e+00   0.000000e+00   2.379841e+02   8.304005e-05   5.673720e+01
1.980000e+01   -1.092376e+00   0.000000e+00   0.000000e+00   2.379820e+02   8.186570e-05   5.593434e+01
1.990000e+01   -7.536417e-01   0.000000e+00   0.000000e+00   2.379771e+02   8.070900e-05   5.514290e+01
2.000000e+01   -3.788171e-01   0.000000e+00   0.000000e+00   2.379703e+02   7.956938e-05   5.436270e+01
2.010000e+01   -3.985575e-02   0.000000e+00   0.000000e+00   2.379623e+02   7.844628e-05   5.359359e+01
2.020000e+01   2.363102e-01   0.000000e+00   0.000000e+00   2.379541e+02   7.733918e-05   5.283541e+01
2.030000e+01   5.361378e-01   0.000000e+00   0.000000e+00   2.379464e+02   7.624755e-05   5.208798e+01
2.040000e+01   8.245773e-01   0.000000e+00   0.000000e+00   2.379402e+02   7.517093e-05   5.135115e+01
2.050000e+01   1.055899e+00   0.000000e+00   0.000000e+00   2.379357e+02   7.410904e-05   5.062478e+01
2.060000e+01   1.184404e+00   0.000000e+00   0.000000e+00   2.379329e+02   7.306166e-05   4.990872e+01
2.070000e+01   1.082373e+00   0.000000e+00   0.000000e+00   2.379321e+02   7.202857e-05   4.920284e+01
2.080000e+01   5.331185e-01   0.000000e+00   0.000000e+00   2.379333e+02   7.100957e-05   4.850701e+01
2.090000e+01   -2.540909e-01   0.000000e+00   0.000000e+00   2.379367e+02   7.000444e-05   4.782108e+01
2.100000e+01   -1.036020e+00   0.000000e+00   0.000000e+00   2.379424e+02   6.901297e-05   4.714491e+01
2.110000e+01   -1.569435e+00   0.000000e+00   0.000000e+00   2.379504e+02   6.803495e-05   4.647838e+01
2.120000e+01   -1.725363e+00   0.000000e+00   0.000000e+00   2.379611e+02   6.707018e-05   4.582133e+01
2.130000e+01   -1.833835e+00   0.000000e+00   0.000000e+00   2.379743e+02   6.611844e-05   4.517363e+01
2.140000e+01   -1.938559e+00   0.000000e+00   0.000000e+00   2.379903e+02   6.517954e-05   4.453515e+01
2.150000e+01   -2.038924e+00   0.000000e+00   0.000000e+00   2.380093e+02   6.425326e-05   4.390575e+01
2.160000e+01   -2.133925e+00   0.000000e+00   0.000000e+00   2.380312e+02   6.333942e-05   4.328529e+01
2.170000e+01   -2.220762e+00   0.000000e+00   0.000000e+00   2.380562e+02   6.243786e-05   4.267366e+01
2.180000e+01   -2.297498e+00   0.000000e+00   0.000000e+00   2.380844e+02   6.154844e-05   4.207075e+01
2.190000e+01   -2.365995e+00   0.000000e+00   0.000000e+00   2.381158e+02   6.067100e-05   4.147646e+01
2.200000e+01   -2.428409e+00   0.000000e+00   0.000000e+00   2.381504e+02   5.980541e-05   4.089067e+01
2.210000e+01   -2.486899e+00   0.000000e+00   0.000000e+00   2.381885e+02   5.895152e-05   4.031328e+01
2.220000e+01   -2.535200e+00   0.000000e+00   0.000000e+00   2.382300e+02   5.810918e-05   3.974417e+01
2.230000e+01   -2.535336e+00   0.000000e+00   0.000000e+00   2.382749e+02   5.727825e-05   3.918325e+01
2.240000e+01   -2.493370e+00   0.000000e+00   0.000000e+00   2.383235e+02   5.645860e-05   3.863041e+01
2.250000e+01   -2.422207e+00   0.000000e+00   0.000000e+00   2.383757e+02   5.565006e-05   3.808552e+01
2.260000e+01   -2.334747e+00   0.000000e+00   0.000000e+00   2.384316e+02   5.485250e-05   3.754850e+01
2.270000e+01   -2.223771e+00   0.000000e+00   0.000000e+00   2.384913e+02   5.406577e-05   3.701922e+01
2.280000e+01   -2.006916e+00   0.000000e+00   0.000000e+00   2.385547e+02   5.328975e-05   3.649758e+01
2.290000e+01   -1.742675e+00   0.000000e+00   0.000000e+00   2.386216e+02   5.252438e-05   3.598348e+01
2.300000e+01   -1.512748e+00   0.000000e+00   0.000000e+00   2.386916e+02   5.176962e-05   3.547680e+01
2.310000e+01   -1.398831e+00   0.000000e+00   0.000000e+00   2.387641e+02   5.102542e-05   3.497744e+01
2.320000e+01   -1.491277e+00   0.000000e+00   0.000000e+00   2.388389e+02   5.029172e-05   3.448529e+01
2.330000e+01   -1.850466e+00   0.000000e+00   0.000000e+00   2.389154e+02   4.956847e-05   3.400024e+01
2.340000e+01   -2.354630e+00   0.000000e+00   0.000000e+00   2.389933e+02   4.885561e-05   3.352219e+01
2.350000e+01   -2.860014e+00   0.000000e+00   0.000000e+00   2.390721e+02   4.815305e-05   3.305103e+01
2.360000e+01   -3.222859e+00   0.000000e+00   0.000000e+00   2.391514e+02   4.746074e-05   3.258665e+01
2.370000e+01   -3.326647e+00   0.000000e+00   0.000000e+00   2.392307e+02   4.677859e-05   3.212895e+01
2.380000e+01   -3.305897e+00   0.000000e+00   0.000000e+00   2.393098e+02   4.610652e-05   3.167781e+01
2.390000e+01   -3.234748e+00   0.000000e+00   0.000000e+00   2.393881e+02   4.544443e-05   3.123313e+01
2.400000e+01   -3.150491e+00   0.000000e+00   0.000000e+00   2.394652e+02   4.479223e-05   3.079481e+01
2.410000e+01   -3.090918e+00   0.000000e+00   0.000000e+00   2.395410e+02   4.414980e-05   3.036274e+01
2.420000e+01   -3.087275e+00   0.000000e+00   0.000000e+00   2.396152e+02   4.351702e-05   2.993684e+01
2.430000e+01   -3.100721e+00   0.000000e+00   0.000000e+00   2.396878e+02   4.289375e-05   2.951701e+01
2.440000e+01   -3.115115e+00   0.000000e+00   0.000000e+00   2.397587e+02   4.227986e-05   2.910317e+01
2.450000e+01   -3.127277e+00   0.000000e+00   0.000000e+00   2.398276e+02   4.167522e-05   2.869522e+01
2.460000e+01   -3.134027e+00   0.000000e+00   0.000000e+00   2.398947e+02   4.107969e-05   2.829307e+01
2.470000e+01   -3.125995e+00   0.000000e+00   0.000000e+00   2.399596e+02   4.049314e-05   2.789664e+01
2.480000e+01   -3.047661e+00   0.000000e+00   0.000000e+00   2.400223e+02   3.991543e-05   2.750583e+01
2.490000e+01   -2.922548e+00   0.000000e+00   0.000000e+00   2.400826e+02   3.934644e-05   2.712055e+01
2.500000e+01   -2.795881e+00   0.000000e+00   0.000000e+00   2.401405e+02   3.878601e-05   2.674071e+01
2.510000e+01   -2.712884e+00   0.000000e+00   0.000000e+00   2.401958e+02   3.823403e-05   2.636622e+01
2.520000e+01   -2.739270e+00   0.000000e+00   0.000000e+00   2.402485e+02   3.769034e-05   2.599699e+01
2.530000e+01   -3.112891e+00   0.000000e+00   0.000000e+00   2.402984e+02   3.715481e-05   2.563294e+01
2.540000e+01   -3.730275e+00   0.000000e+00   0.000000e+00   2.403460e+02   3.662727e-05   2.527399e+01
2.550000e+01   -4.387489e+00   0.000000e+00   0.000000e+00   2.403917e+02   3.610753e-05   2.492008e+01
2.560000e+01   -4.880601e+00   0.000000e+00   0.000000e+00   2.404357e+02   3.559543e-05   2.457116e+01
2.570000e+01   -5.018587e+00   0.000000e+00   0.000000e+00   2.404786e+02   3.509080e-05   2.422714e+01
2.580000e+01   -4.887100e+00   0.000000e+00   0.000000e+00   2.405208e+02   3.459349e-05   2.388797e+01
2.590000e+01   -4.632578e+00   0.000000e+00   0.000000e+00   2.405625e+02   3.410333e-05   2.355359e+01
2.600000e+01   -4.356087e+00   0.000000e+00   0.000000e+00   2.406042e+02   3.362017e-05   2.322392e+01
2.610000e+01   -4.158692e+00   0.000000e+00   0.000000e+00   2.406463e+02   3.314386e-05   2.289890e+01
2.620000e+01   -4.139054e+00   0.000000e+00   0.000000e+00   2.406891e+02   3.267425e-05   2.257847e+01
2.630000e+01   -4.302370e+00   0.000000e+00   0.000000e+00   2.407332e+02   3.221120e-05   2.226256e+01
2.640000e+01   -4.565181e+00   0.000000e+00   0.000000e+00   2.407788e+02   3.175455e-05   2.195111e+01
2.650000e+01   -4.845824e+00   0.000000e+00   0.000000e+00   2.408263e+02   3.130418e-05   2.164405e+01
2.660000e+01   -5.062787e+00   0.000000e+00   0.000000e+00   2.408761e+02   3.085996e-05   2.134132e+01
2.670000e+01   -5.130320e+00   0.000000e+00   0.000000e+00   2.409283e+02   3.042180e-05   2.104287e+01
2.680000e+01   -4.915961e+00   0.000000e+00   0.000000e+00   2.409830e+02   2.998962e-05   2.074865e+01
2.690000e+01   -4.501877e+00   0.000000e+00   0.000000e+00   2.410406e+02   2.956332e-05   2.045859e+01
2.700000e+01   -4.041046e+00   0.000000e+00   0.000000e+00   2.411011e+02   2.914281e-05   2.017265e+01
2.710000e+01   -3.686444e+00   0.000000e+00   0.000000e+00   2.411647e+02   2.872802e-05   1.989078e+01
2.720000e+01   -3.583598e+00   0.000000e+00   0.000000e+00   2.412316e+02   2.831885e-05   1.961292e+01
2.730000e+01   -3.601961e+00   0.000000e+00   0.000000e+00   2.413019e+02   2.791522e-05   1.933901e+01
2.740000e+01   -3.634962e+00   0.000000e+00   0.000000e+00   2.413759e+02   2.751705e-05   1.906901e+01
2.750000e+01   -3.678456e+00   0.000000e+00   0.000000e+00   2.414537e+02   2.712425e-05   1.880286e+01
2.760000e+01   -3.728297e+00   0.000000e+00   0.000000e+00   2.415355e+02   2.673673e-05   1.854051e+01
2.770000e+01   -3.780848e+00   0.000000e+00   0.000000e+00   2.416214e+02   2.635442e-05   1.828189e+01
2.780000e+01   -3.856190e+00   0.000000e+00   0.000000e+00   2.417116e+02   2.597724e-05   1.802697e+01
2.790000e+01   -3.966548e+00   0.000000e+00   0.000000e+00   2.418061e+02   2.560513e-05   1.777569e+01
2.800000e+01   -4.112363e+00   0.000000e+00   0.000000e+00   2.419047e+02   2.523806e-05   1.752801e+01
2.810000e+01   -4.294117e+00   0.000000e+00   0.000000e+00   2.420070e+02   2.487601e-05   1.728387e+01
2.820000e+01   -4.516747e+00   0.000000e+00   0.000000e+00   2.421129e+02   2.451896e-05   1.704324e+01
2.830000e+01   -5.038379e+00   0.000000e+00   0.000000e+00   2.422220e+02   2.416686e-05   1.680607e+01
2.840000e+01   -5.838723e+00   0.000000e+00   0.000000e+00   2.423341e+02   2.381970e-05   1.657231e+01
2.850000e+01   -6.679130e+00   0.000000e+00   0.000000e+00   2.424489e+02   2.347743e-05   1.634192e+01
2.860000e+01   -7.320950e+00   0.000000e+00   0.000000e+00   2.425661e+02   2.314003e-05   1.611486e+01
2.870000e+01   -7.526052e+00   0.000000e+00   0.000000e+00   2.426856e+02   2.280746e-05   1.589107e+01
2.880000e+01   -7.199032e+00   0.000000e+00   0.000000e+00   2.428069e+02   2.247968e-05   1.567052e+01
2.890000e+01   -6.495820e+00   0.000000e+00   0.000000e+00   2.429298e+02   2.215664e-05   1.545316e+01
2.900000e+01   -5.585511e+00   0.000000e+00   0.000000e+00   2.430542e+02   2.183831e-05   1.523893e+01
2.910000e+01   -4.637198e+00   0.000000e+00   0.000000e+00   2.431796e+02   2.152465e-05   1.502781e+01
2.920000e+01   -3.818415e+00   0.000000e+00   0.000000e+00   2.433059e+02   2.121561e-05   1.481974e+01
2.930000e+01   -2.979530e+00   0.000000e+00   0.000000e+00   2.434333e+02   2.091110e-05   1.461468e+01
2.940000e+01   -2.042282e+00   0.000000e+00   0.000000e+00   2.435618e+02   2.061106e-05   1.441259e+01
2.950000e+01   -1.174409e+00   0.000000e+00   0.000000e+00   2.436916e+02   2.031542e-05   1.421343e+01
2.960000e+01   -5.436478e-01   0.000000e+00   0.000000e+00   2.438228e+02   2.002410e-05   1.401715e+01
2.970000e+01   -3.174544e-01   0.000000e+00   0.000000e+00   2.439556e+02   1.973702e-05   1.382372e+01
2.980000e+01   -3.620365e-01   0.000000e+00   0.000000e+00   2.440901e+02   1.945412e-05   1.363309e+01
2.990000e+01   -4.604012e-01   0.000000e+00   0.000000e+00   2.442265e+02   1.917533e-05   1.344522e+01
3.000000e+01   -6.058366e-01   0.000000e+00   0.000000e+00   2.443648e+02   1.890056e-05   1.326007e+01
3.010000e+01   -7.916310e-01   0.000000e+00   0.000000e+00   2.445052e+02   1.862976e-05   1.307759e+01
3.020000e+01   -1.011072e+00   0.000000e+00   0.000000e+00   2.446479e+02   1.836286e-05   1.289776e+01
3.030000e+01   -1.688988e+00   0.000000e+00   0.000000e+00   2.447930e+02   1.809978e-05   1.272051e+01
3.040000e+01   -2.970749e+00   0.000000e+00   0.000000e+00   2.449407e+02   1.784045e-05   1.254582e+01
3.050000e+01   -4.430491e+00   0.000000e+00   0.000000e+00   2.450910e+02   1.758482e-05   1.237364e+01
3.060000e+01   -5.643090e+00   0.000000e+00   0.000000e+00   2.452438e+02   1.733282e-05   1.220393e+01
3.070000e+01   -6.184153e+00   0.000000e+00   0.000000e+00   2.453991e+02   1.708444e-05   1.203666e+01
3.080000e+01   -6.210754e+00   0.000000e+00   0.000000e+00   2.455563e+02   1.683964e-05   1.187179e+01
3.090000e+01   -6.235012e+00   0.000000e+00   0.000000e+00   2.457154e+02   1.659838e-05   1.170929e+01
3.100000e+01   -6.258477e+00   0.000000e+00   0.000000e+00   2.458759e+02   1.636064e-05   1.154911e+01
3.110000e+01   -6.282083e+00   0.000000e+00   0.000000e+00   2.460376e+02   1.612639e-05   1.139124e+01
3.120000e+01   -6.306767e+00   0.000000e+00   0.000000e+00   2.462003e+02   1.589558e-05   1.123563e+01
3.130000e+01   -5.943944e+00   0.000000e+00   0.000000e+00   2.463637e+02   1.566818e-05   1.108224e+01
3.140000e+01   -4.945252e+00   0.000000e+00   0.000000e+00   2.465274e+02   1.544416e-05   1.093105e+01
3.150000e+01   -3.716266e+00   0.000000e+00   0.000000e+00   2.466912e+02   1.522347e-05   1.078201e+01
3.160000e+01   -2.664852e+00   0.000000e+00   0.000000e+00   2.468549e+02   1.500608e-05   1.063509e+01
3.170000e+01   -2.198875e+00   0.000000e+00   0.000000e+00   2.470181e+02   1.479195e-05   1.049027e+01
3.180000e+01   -2.297829e+00   0.000000e+00   0.000000e+00   2.471806e+02   1.458103e-05   1.034749e+01
3.190000e+01   -2.476648e+00   0.000000e+00   0.000000e+00   2.473421e+02   1.437329e-05   1.020673e+01
3.200000e+01   -2.690447e+00   0.000000e+00   0.000000e+00   2.475027e+02   1.416867e-05   1.006796e+01
3.210000e+01   -2.897729e+00   0.000000e+00   0.000000e+00   2.476625e+02   1.396712e-05   9.931147e+00
3.220000e+01   -3.056957e+00   0.000000e+00   0.000000e+00   2.478220e+02   1.376856e-05   9.796270e+00
3.230000e+01   -3.123486e+00   0.000000e+00   0.000000e+00   2.479812e+02   1.357295e-05   9.663302e+00
3.240000e+01   -3.105170e+00   0.000000e+00   0.000000e+00   2.481406e+02   1.338023e-05   9.532216e+00
3.250000e+01   -3.053944e+00   0.000000e+00   0.000000e+00   2.483005e+02   1.319034e-05   9.402986e+00
3.260000e+01   -3.022094e+00   0.000000e+00   0.000000e+00   2.484609e+02   1.300322e-05   9.275587e+00
3.270000e+01   -3.061905e+00   0.000000e+00   0.000000e+00   2.486224e+02   1.281882e-05   9.149992e+00
3.280000e+01   -3.506268e+00   0.000000e+00   0.000000e+00   2.487850e+02   1.263709e-05   9.026175e+00
3.290000e+01   -4.662417e+00   0.000000e+00   0.000000e+00   2.489491e+02   1.245798e-05   8.904110e+00
3.300000e+01   -6.129451e+00   0.000000e+00   0.000000e+00   2.491151e+02   1.228142e-05   8.783771e+00
3.310000e+01   -7.493086e+00   0.000000e+00   0.000000e+00   2.492830e+02   1.210738e-05   8.665131e+00
3.320000e+01   -8.339037e+00   0.000000e+00   0.000000e+00   2.494533e+02   1.193579e-05   8.548165e+00
3.330000e+01   -8.601155e+00   0.000000e+00   0.000000e+00   2.496262e+02   1.176662e-05   8.432847e+00
3.340000e+01   -8.804399e+00   0.000000e+00   0.000000e+00   2.498018e+02   1.159982e-05   8.319152e+00
3.350000e+01   -8.964098e+00   0.000000e+00   0.000000e+00   2.499803e+02   1.143535e-05   8.207060e+00
3.360000e+01   -9.076747e+00   0.000000e+00   0.000000e+00   2.501617e+02   1.127319e-05   8.096550e+00
3.370000e+01   -9.138837e+00   0.000000e+00   0.000000e+00   2.503459e+02   1.111331e-05   7.987603e+00
3.380000e+01   -8.960785e+00   0.000000e+00   0.000000e+00   2.505330e+02   1.095569e-05   7.880198e+00
3.390000e+01   -8.267864e+00   0.000000e+00   0.000000e+00   2.507231e+02   1.080029e-05   7.774315e+00
3.400000e+01   -7.341496e+00   0.000000e+00   0.000000e+00   2.509161e+02   1.064708e-05   7.669933e+00
3.410000e+01   -6.483109e+00   0.000000e+00   0.000000e+00   2.511121e+02   1.049604e-05   7.567034e+00
3.420000e+01   -5.994130e+00   0.000000e+00   0.000000e+00   2.513111e+02   1.034714e-05   7.465596e+00
3.430000e+01   -5.993248e+00   0.000000e+00   0.000000e+00   2.515131e+02   1.020035e-05   7.365600e+00
3.440000e+01   -6.125408e+00   0.000000e+00   0.000000e+00   2.517182e+02   1.005564e-05   7.267026e+00
3.450000e+01   -6.305209e+00   0.000000e+00   0.000000e+00   2.519263e+02   9.912982e-06   7.169852e+00
3.460000e+01   -6.467060e+00   0.000000e+00   0.000000e+00   2.521375e+02   9.772348e-06   7.074060e+00
3.470000e+01   -6.545372e+00   0.000000e+00   0.000000e+00   2.523518e+02   9.633709e-06   6.979629e+00
3.480000e+01   -6.471661e+00   0.000000e+00   0.000000e+00   2.525693e+02   9.497037e-06   6.886539e+00
3.490000e+01   -6.227206e+00   0.000000e+00   0.000000e+00   2.527900e+02   9.362301e-06   6.794771e+00
3.500000e+01   -5.858684e+00   0.000000e+00   0.000000e+00   2.530141e+02   9.229471e-06   6.704307e+00
3.510000e+01   -5.414988e+00   0.000000e+00   0.000000e+00   2.532419e+02   9.098513e-06   6.615130e+00
3.520000e+01   -4.945012e+00   0.000000e+00   0.000000e+00   2.534736e+02   8.969398e-06   6.527222e+00
3.530000e+01   -4.405128e+00   0.000000e+00   0.000000e+00   2.537094e+02   8.842093e-06   6.440565e+00
3.540000e+01   -3.610719e+00   0.000000e+00   0.000000e+00   2.539495e+02   8.716569e-06   6.355142e+00
3.550000e+01   -2.729964e+00   0.000000e+00   0.000000e+00   2.541941e+02   8.592796e-06   6.270936e+00
3.560000e+01   -1.956863e+00   0.000000e+00   0.000000e+00   2.544435e+02   8.470744e-06   6.187928e+00
3.570000e+01   -1.485413e+00   -0.000000e+00   -0.000000e+00   2.546979e+02   8.350383e-06   6.106102e+00
3.580000e+01   -1.388083e+00   -0.000000e+00   -0.000000e+00   2.549575e+02   8.231684e-06   6.025440e+00
3.590000e+01   -1.328754e+00   -0.000000e+00   -0.000000e+00   2.552225e+02   8.114619e-06   5.945924e+00
3.600000e+01   -1.270672e+00   -0.000000e+00   -0.000000e+00   2.554931e+02   7.999159e-06   5.867537e+00
3.610000e+01   -1.213462e+00   -0.000000e+00   -0.000000e+00   2.557696e+02   7.885276e-06   5.790261e+00
3.620000e+01   -1.156748e+00   -0.000000e+00   -0.000000e+00   2.560521e+02   7.772943e-06   5.714079e+00
3.630000e+01   -1.198823e+00   -0.000000e+00   -0.000000e+00   2.563410e+02   7.662131e-06   5.638973e+00
3.640000e+01   -1.662663e+00   -0.000000e+00   -0.000000e+00   2.566363e+02   7.552818e-06   5.564926e+00
3.650000e+01   -2.404593e+00   -0.000000e+00   -0.000000e+00   2.569375e+02   7.444998e-06   5.491923e+00
3.660000e+01   -3.232174e+00   -0.000000e+00   -0.000000e+00   2.572440e+02   7.338674e-06   5.419949e+00
3.670000e+01   -3.952965e+00   -0.000000e+00   -0.000000e+00   2.575551e+02   7.233846e-06   5.348991e+00
3.680000e+01   -4.437457e+00   -0.000000e+00   -0.000000e+00   2.578703e+02   7.130513e-06   5.279034e+00
3.690000e+01   -4.861184e+00   -0.000000e+00   -0.000000e+00   2.581888e+02   7.028672e-06   5.210063e+00
3.700000e+01   -5.247899e+00   -0.000000e+00   -0.000000e+00   2.585099e+02   6.928320e-06   5.142065e+00
3.710000e+01   -5.590353e+00   -0.000000e+00   -0.000000e+00   2.588331e+02   6.829453e-06   5.075024e+00
3.720000e+01   -5.881293e+00   -0.000000e+00   -0.000000e+00   2.591577e+02   6.732064e-06   5.008928e+00
3.730000e+01   -6.128381e+00   -0.000000e+00   -0.000000e+00   2.594830e+02   6.636148e-06   4.943760e+00
3.740000e+01   -6.388360e+00   -0.000000e+00   -0.000000e+00   2.598084e+02   6.541697e-06   4.879508e+00
3.750000e+01   -6.629712e+00   -0.000000e+00   -0.000000e+00   2.601333e+02   6.448702e-06   4.816156e+00
3.760000e+01   -6.808156e+00   -0.000000e+00   -0.000000e+00   2.604569e+02   6.357155e-06   4.753691e+00
3.770000e+01   -6.879411e+00   -0.000000e+00   -0.000000e+00   2.607786e+02   6.267044e-06   4.692098e+00
3.780000e+01   -6.737497e+00   -0.000000e+00   -0.000000e+00   2.610978e+02   6.178360e-06   4.631363e+00
3.790000e+01   -6.089003e+00   -0.000000e+00   -0.000000e+00   2.614138e+02   6.091090e-06   4.571471e+00
3.800000e+01   -5.137203e+00   -0.000000e+00   -0.000000e+00   2.617261e+02   6.005220e-06   4.512408e+00
3.810000e+01   -4.159633e+00   -0.000000e+00   -0.000000e+00   2.620346e+02   5.920730e-06   4.454163e+00
3.820000e+01   -3.433468e+00   -0.000000e+00   -0.000000e+00   2.623393e+02   5.837593e-06   4.396727e+00
3.830000e+01   -3.160258e+00   -0.000000e+00   -0.000000e+00   2.626404e+02   5.755786e-06   4.340087e+00
3.840000e+01   -2.999027e+00   -0.000000e+00   -0.000000e+00   2.629380e+02   5.675284e-06   4.284235e+00
3.850000e+01   -2.867672e+00   -0.000000e+00   -0.000000e+00   2.632322e+02   5.596064e-06   4.229160e+00
3.860000e+01   -2.769903e+00   -0.000000e+00   -0.000000e+00   2.635232e+02   5.518103e-06   4.174851e+00
3.870000e+01   -2.709427e+00   -0.000000e+00   -0.000000e+00   2.638110e+02   5.441376e-06   4.121298e+00
3.880000e+01   -2.687663e+00   -0.000000e+00   -0.000000e+00   2.640959e+02   5.365862e-06   4.068492e+00
3.890000e+01   -2.687523e+00   -0.000000e+00   -0.000000e+00   2.643778e+02   5.291537e-06   4.016420e+00
3.900000e+01   -2.701545e+00   -0.000000e+00   -0.000000e+00   2.646569e+02   5.218381e-06   3.965074e+00
3.910000e+01   -2.725770e+00   -0.000000e+00   -0.000000e+00   2.649334e+02   5.146370e-06   3.914443e+00
3.920000e+01   -2.756238e+00   -0.000000e+00   -0.000000e+00   2.652072e+02   5.075484e-06   3.864517e+00
3.930000e+01   -2.789748e+00   -0.000000e+00   -0.000000e+00   2.654787e+02   5.005701e-06   3.815285e+00
3.940000e+01   -2.831492e+00   -0.000000e+00   -0.000000e+00   2.657478e+02   4.937001e-06   3.766737e+00
3.950000e+01   -2.885354e+00   -0.000000e+00   -0.000000e+00   2.660148e+02   4.869361e-06   3.718862e+00
3.960000e+01   -2.953904e+00   -0.000000e+00   -0.000000e+00   2.662796e+02   4.802763e-06   3.671651e+00
3.970000e+01   -3.039925e+00   -0.000000e+00   -0.000000e+00   2.665426e+02   4.737184e-06   3.625093e+00
3.980000e+01   -3.164083e+00   -0.000000e+00   -0.000000e+00   2.668041e+02   4.672600e-06   3.579180e+00
3.990000e+01   -3.477486e+00   -0.000000e+00   -0.000000e+00   2.670648e+02   4.608987e-06   3.533901e+00
4.000000e+01   -3.913843e+00   -0.000000e+00   -0.000000e+00   2.673251e+02   4.546319e-06   3.489249e+00
4.010000e+01   -4.346662e+00   -0.000000e+00   -0.000000e+00   2.675855e+02   4.484574e-06   3.445214e+00
4.020000e+01   -4.649450e+00   -0.000000e+00   -0.000000e+00   2.678467e+02   4.423728e-06   3.401786e+00
4.030000e+01   -4.696022e+00   -0.000000e+00   -0.000000e+00   2.681090e+02   4.363760e-06   3.358958e+00
4.040000e+01   -4.430910e+00   -0.000000e+00   -0.000000e+00   2.683731e+02   4.304647e-06   3.316720e+00
4.050000e+01   -3.938273e+00   -0.000000e+00   -0.000000e+00   2.686394e+02   4.246368e-06   3.275063e+00
4.060000e+01   -3.317793e+00   -0.000000e+00   -0.000000e+00   2.689085e+02   4.188902e-06   3.233978e+00
4.070000e+01   -2.669149e+00   -0.000000e+00   -0.000000e+00   2.691808e+02   4.132229e-06   3.193456e+00
4.080000e+01   -2.070809e+00   -0.000000e+00   -0.000000e+00   2.694570e+02   4.076329e-06   3.153487e+00
4.090000e+01   -1.310641e+00   -0.000000e+00   -0.000000e+00   2.697375e+02   4.021183e-06   3.114064e+00
4.100000e+01   -4.474200e-01   -0.000000e+00   -0.000000e+00   2.700229e+02   3.966771e-06   3.075177e+00
4.110000e+01   3.379553e-01   -0.000000e+00   -0.000000e+00   2.703137e+02   3.913075e-06   3.036816e+00
4.120000e+01   8.645853e-01   -0.000000e+00   -0.000000e+00   2.706103e+02   3.860076e-06   2.998973e+00
4.130000e+01   9.395062e-01   -0.000000e+00   -0.000000e+00   2.709134e+02   3.807758e-06   2.961640e+00
4.140000e+01   2.849302e-01   -0.000000e+00   -0.000000e+00   2.712234e+02   3.756103e-06   2.924806e+00
4.150000e+01   -8.972199e-01   -0.000000e+00   -0.000000e+00   2.715401e+02   3.705106e-06   2.888465e+00
4.160000e+01   -2.266813e+00   -0.000000e+00   -0.000000e+00   2.718631e+02   3.654769e-06   2.852610e+00
4.170000e+01   -3.483710e+00   -0.000000e+00   -0.000000e+00   2.721916e+02   3.605091e-06   2.817236e+00
4.180000e+01   -4.229094e+00   -0.000000e+00   -0.000000e+00   2.725252e+02   3.556073e-06   2.782337e+00
4.190000e+01   -4.770570e+00   -0.000000e+00   -0.000000e+00   2.728632e+02   3.507716e-06   2.747906e+00
4.200000e+01   -5.268766e+00   -0.000000e+00   -0.000000e+00   2.732052e+02   3.460019e-06   2.713937e+00
4.210000e+01   -5.683533e+00   -0.000000e+00   -0.000000e+00   2.735504e+02   3.412981e-06   2.680425e+00
4.220000e+01   -5.974720e+00   -0.000000e+00   -0.000000e+00   2.738984e+02   3.366601e-06   2.647363e+00
4.230000e+01   -6.100775e+00   -0.000000e+00   -0.000000e+00   2.742486e+02   3.320876e-06   2.614745e+00
4.240000e+01   -6.005843e+00   -0.000000e+00   -0.000000e+00   2.746003e+02   3.275804e-06   2.582565e+00
4.250000e+01   -5.741036e+00   -0.000000e+00   -0.000000e+00   2.749530e+02   3.231383e-06   2.550817e+00
4.260000e+01   -5.393469e+00   -0.000000e+00   -0.000000e+00   2.753062e+02   3.187610e-06   2.519496e+00
4.270000e+01   -5.050255e+00   -0.000000e+00   -0.000000e+00   2.756593e+02   3.144482e-06   2.488594e+00
4.280000e+01   -4.796432e+00   -0.000000e+00   -0.000000e+00   2.760116e+02   3.101993e-06   2.458106e+00
4.290000e+01   -4.602793e+00   -0.000000e+00   -0.000000e+00   2.763626e+02   3.060142e-06   2.428025e+00
4.300000e+01   -4.423289e+00   -0.000000e+00   -0.000000e+00   2.767118e+02   3.018923e-06   2.398347e+00
4.310000e+01   -4.253119e+00   -0.000000e+00   -0.000000e+00   2.770585e+02   2.978331e-06   2.369064e+00
4.320000e+01   -4.087496e+00   -0.000000e+00   -0.000000e+00   2.774022e+02   2.938362e-06   2.340170e+00
4.330000e+01   -3.922417e+00   -0.000000e+00   -0.000000e+00   2.777423e+02   2.899011e-06   2.311661e+00
4.340000e+01   -3.774150e+00   -0.000000e+00   -0.000000e+00   2.780782e+02   2.860273e-06   2.283530e+00
4.350000e+01   -3.640176e+00   -0.000000e+00   -0.000000e+00   2.784093e+02   2.822145e-06   2.255773e+00
4.360000e+01   -3.501953e+00   -0.000000e+00   -0.000000e+00   2.787351e+02   2.784622e-06   2.228385e+00
4.370000e+01   -3.340937e+00   -0.000000e+00   -0.000000e+00   2.790549e+02   2.747698e-06   2.201360e+00
4.380000e+01   -3.138352e+00   -0.000000e+00   -0.000000e+00   2.793681e+02   2.711369e-06   2.174693e+00
4.390000e+01   -2.858653e+00   -0.000000e+00   -0.000000e+00   2.796743e+02   2.675630e-06   2.148379e+00
4.400000e+01   -2.510124e+00   -0.000000e+00   -0.000000e+00   2.799727e+02   2.640474e-06   2.122413e+00
4.410000e+01   -2.127213e+00   -0.000000e+00   -0.000000e+00   2.802628e+02   2.605896e-06   2.096790e+00
4.420000e+01   -1.744363e+00   -0.000000e+00   -0.000000e+00   2.805441e+02   2.571890e-06   2.071505e+00
4.430000e+01   -1.395581e+00   -0.000000e+00   -0.000000e+00   2.808158e+02   2.538451e-06   2.046552e+00
4.440000e+01   -1.013596e+00   -0.000000e+00   -0.000000e+00   2.810775e+02   2.505572e-06   2.021927e+00
4.450000e+01   -5.898030e-01   -0.000000e+00   -0.000000e+00   2.813286e+02   2.473247e-06   1.997623e+00
4.460000e+01   -2.091442e-01   -0.000000e+00   -0.000000e+00   2.815684e+02   2.441469e-06   1.973638e+00
4.470000e+01   4.343737e-02   -0.000000e+00   -0.000000e+00   2.817963e+02   2.410232e-06   1.949964e+00
4.480000e+01   8.309322e-02   -0.000000e+00   -0.000000e+00   2.820119e+02   2.379529e-06   1.926597e+00
4.490000e+01   -6.620416e-02   -0.000000e+00   -0.000000e+00   2.822144e+02   2.349354e-06   1.903531e+00
4.500000e+01   -3.227928e-01   -0.000000e+00   -0.000000e+00   2.824034e+02   2.319700e-06   1.880763e+00
4.510000e+01   -6.684171e-01   -0.000000e+00   -0.000000e+00   2.825782e+02   2.290559e-06   1.858286e+00
4.520000e+01   -1.084224e+00   -0.000000e+00   -0.000000e+00   2.827388e+02   2.261921e-06   1.836095e+00
4.530000e+01   -1.550638e+00   -0.000000e+00   -0.000000e+00   2.828859e+02   2.233770e-06   1.814187e+00
4.540000e+01   -2.284152e+00   -0.000000e+00   -0.000000e+00   2.830203e+02   2.206090e-06   1.792558e+00
4.550000e+01   -3.402473e+00   -0.000000e+00   -0.000000e+00   2.831426e+02   2.178866e-06   1.771203e+00
4.560000e+01   -4.737812e+00   -0.000000e+00   -0.000000e+00   2.832537e+02   2.152084e-06   1.750117e+00
4.570000e+01   -6.122381e+00   -0.000000e+00   -0.000000e+00   2.833541e+02   2.125729e-06   1.729298e+00
4.580000e+01   -7.388389e+00   -0.000000e+00   -0.000000e+00   2.834447e+02   2.099787e-06   1.708740e+00
4.590000e+01   -8.667016e+00   -0.000000e+00   -0.000000e+00   2.835261e+02   2.074244e-06   1.688439e+00
4.600000e+01   -1.009348e+01   -0.000000e+00   -0.000000e+00   2.835991e+02   2.049088e-06   1.668391e+00
4.610000e+01   -1.144212e+01   -0.000000e+00   -0.000000e+00   2.836645e+02   2.024306e-06   1.648593e+00
4.620000e+01   -1.248688e+01   -0.000000e+00   -0.000000e+00   2.837228e+02   1.999884e-06   1.629039e+00
4.630000e+01   -1.300173e+01   -0.000000e+00   -0.000000e+00   2.837749e+02   1.975812e-06   1.609726e+00
4.640000e+01   -1.286007e+01   -0.000000e+00   -0.000000e+00   2.838215e+02   1.952076e-06   1.590649e+00
4.650000e+01   -1.225677e+01   -0.000000e+00   -0.000000e+00   2.838633e+02   1.928666e-06   1.571805e+00
4.660000e+01   -1.143547e+01   -0.000000e+00   -0.000000e+00   2.839010e+02   1.905569e-06   1.553188e+00
4.670000e+01   -1.063966e+01   -0.000000e+00   -0.000000e+00   2.839354e+02   1.882776e-06   1.534795e+00
4.680000e+01   -1.011283e+01   -0.000000e+00   -0.000000e+00   2.839671e+02   1.860274e-06   1.516622e+00
4.690000e+01   -9.850880e+00   -0.000000e+00   -0.000000e+00   2.839969e+02   1.838054e-06   1.498664e+00
4.700000e+01   -9.606889e+00   -0.000000e+00   -0.000000e+00   2.840256e+02   1.816105e-06   1.480918e+00
4.710000e+01   -9.406100e+00   -0.000000e+00   -0.000000e+00   2.840537e+02   1.794419e-06   1.463378e+00
4.720000e+01   -9.277111e+00   -0.000000e+00   -0.000000e+00   2.840813e+02   1.772990e-06   1.446043e+00
4.730000e+01   -9.248908e+00   -0.000000e+00   -0.000000e+00   2.841078e+02   1.751819e-06   1.428910e+00
4.740000e+01   -9.312827e+00   -0.000000e+00   -0.000000e+00   2.841329e+02   1.730907e-06   1.411977e+00
4.750000e+01   -9.406268e+00   -0.000000e+00   -0.000000e+00   2.841560e+02   1.710252e-06   1.395241e+00
4.760000e+01   -9.506048e+00   -0.000000e+00   -0.000000e+00   2.841767e+02   1.689855e-06   1.378702e+00
4.770000e+01   -9.589720e+00   -0.000000e+00   -0.000000e+00   2.841946e+02   1.669715e-06   1.362356e+00
4.780000e+01   -9.634838e+00   -0.000000e+00   -0.000000e+00   2.842092e+02   1.649832e-06   1.346202e+00
4.790000e+01   -9.527697e+00   -0.000000e+00   -0.000000e+00   2.842201e+02   1.630203e-06   1.330237e+00
4.800000e+01   -9.172297e+00   -0.000000e+00   -0.000000e+00   2.842267e+02   1.610830e-06   1.314459e+00
4.810000e+01   -8.710218e+00   -0.000000e+00   -0.000000e+00   2.842287e+02   1.591711e-06   1.298866e+00
4.820000e+01   -8.287468e+00   -0.000000e+00   -0.000000e+00   2.842255e+02   1.572844e-06   1.283456e+00
4.830000e+01   -8.050056e+00   -0.000000e+00   -0.000000e+00   2.842167e+02   1.554229e-06   1.268227e+00
4.840000e+01   -8.079257e+00   -0.000000e+00   -0.000000e+00   2.842019e+02   1.535865e-06   1.253177e+00
4.850000e+01   -8.277972e+00   -0.000000e+00   -0.000000e+00   2.841807e+02   1.517749e-06   1.238303e+00
4.860000e+01   -8.586572e+00   -0.000000e+00   -0.000000e+00   2.841524e+02   1.499882e-06   1.223604e+00
4.870000e+01   -8.948117e+00   -0.000000e+00   -0.000000e+00   2.841168e+02   1.482261e-06   1.209076e+00
4.880000e+01   -9.305670e+00   -0.000000e+00   -0.000000e+00   2.840732e+02   1.464884e-06   1.194720e+00
4.890000e+01   -9.696990e+00   -0.000000e+00   -0.000000e+00   2.840214e+02   1.447751e-06   1.180531e+00
4.900000e+01   -1.024166e+01   -0.000000e+00   -0.000000e+00   2.839608e+02   1.430859e-06   1.166508e+00
4.910000e+01   -1.081106e+01   -0.000000e+00   -0.000000e+00   2.838910e+02   1.414207e-06   1.152648e+00
4.920000e+01   -1.126718e+01   -0.000000e+00   -0.000000e+00   2.838121e+02   1.397790e-06   1.138951e+00
4.930000e+01   -1.147207e+01   -0.000000e+00   -0.000000e+00   2.837248e+02   1.381600e-06   1.125414e+00
4.940000e+01   -1.137942e+01   -0.000000e+00   -0.000000e+00   2.836300e+02   1.365632e-06   1.112034e+00
4.950000e+01   -1.116927e+01   -0.000000e+00   -0.000000e+00   2.835282e+02   1.349878e-06   1.098811e+00
4.960000e+01   -1.087560e+01   -0.000000e+00   -0.000000e+00   2.834202e+02   1.334332e-06   1.085743e+00
4.970000e+01   -1.052220e+01   -0.000000e+00   -0.000000e+00   2.833067e+02   1.318987e-06   1.072827e+00
4.980000e+01   -1.013284e+01   -0.000000e+00   -0.000000e+00   2.831885e+02   1.303838e-06   1.060062e+00
4.990000e+01   -9.642408e+00   -0.000000e+00   -0.000000e+00   2.830662e+02   1.288877e-06   1.047447e+00
5.000000e+01   -8.879815e+00   -0.000000e+00   -0.000000e+00   2.829406e+02   1.274100e-06   1.034978e+00
5.010000e+01   -7.980918e+00   -0.000000e+00   -0.000000e+00   2.828124e+02   1.259501e-06   1.022655e+00
5.020000e+01   -7.099859e+00   -0.000000e+00   -0.000000e+00   2.826822e+02   1.245074e-06   1.010476e+00
5.030000e+01   -6.390781e+00   -0.000000e+00   -0.000000e+00   2.825509e+02   1.230813e-06   9.984382e-01
5.040000e+01   -5.915836e+00   -0.000000e+00   -0.000000e+00   2.824192e+02   1.216714e-06   9.865405e-01
5.050000e+01   -5.474703e+00   -0.000000e+00   -0.000000e+00   2.822876e+02   1.202771e-06   9.747811e-01
5.060000e+01   -5.080865e+00   -0.000000e+00   -0.000000e+00   2.821571e+02   1.188979e-06   9.631579e-01
5.070000e+01   -4.768584e+00   -0.000000e+00   -0.000000e+00   2.820283e+02   1.175333e-06   9.516693e-01
5.080000e+01   -4.572120e+00   -0.000000e+00   -0.000000e+00   2.819018e+02   1.161830e-06   9.403135e-01
5.090000e+01   -4.615416e+00   -0.000000e+00   -0.000000e+00   2.817785e+02   1.148463e-06   9.290885e-01
5.100000e+01   -5.126873e+00   -0.000000e+00   -0.000000e+00   2.816590e+02   1.135228e-06   9.179925e-01
5.110000e+01   -5.877764e+00   -0.000000e+00   -0.000000e+00   2.815441e+02   1.122122e-06   9.070239e-01
5.120000e+01   -6.602414e+00   -0.000000e+00   -0.000000e+00   2.814342e+02   1.109140e-06   8.961807e-01
5.130000e+01   -7.034521e+00   -0.000000e+00   -0.000000e+00   2.813287e+02   1.096285e-06   8.854617e-01
5.140000e+01   -6.970770e+00   -0.000000e+00   -0.000000e+00   2.812267e+02   1.083558e-06   8.748654e-01
5.150000e+01   -6.586211e+00   -0.000000e+00   -0.000000e+00   2.811275e+02   1.070963e-06   8.643906e-01
5.160000e+01   -6.057505e+00   -0.000000e+00   -0.000000e+00   2.810302e+02   1.058500e-06   8.540359e-01
5.170000e+01   -5.544626e+00   -0.000000e+00   -0.000000e+00   2.809340e+02   1.046171e-06   8.437999e-01
5.180000e+01   -5.207547e+00   -0.000000e+00   -0.000000e+00   2.808380e+02   1.033979e-06   8.336813e-01
5.190000e+01   -5.178041e+00   -0.000000e+00   -0.000000e+00   2.807413e+02   1.021925e-06   8.236788e-01
5.200000e+01   -5.381743e+00   -0.000000e+00   -0.000000e+00   2.806433e+02   1.010011e-06   8.137911e-01
5.210000e+01   -5.717310e+00   -0.000000e+00   -0.000000e+00   2.805429e+02   9.982363e-07   8.040167e-01
5.220000e+01   -6.091985e+00   -0.000000e+00   -0.000000e+00   2.804395e+02   9.866037e-07   7.943544e-01
5.230000e+01   -6.413006e+00   -0.000000e+00   -0.000000e+00   2.803321e+02   9.751139e-07   7.848028e-01
5.240000e+01   -6.620334e+00   -0.000000e+00   -0.000000e+00   2.802199e+02   9.637677e-07   7.753606e-01
5.250000e+01   -6.818087e+00   -0.000000e+00   -0.000000e+00   2.801021e+02   9.525658e-07   7.660264e-01
5.260000e+01   -6.999067e+00   -0.000000e+00   -0.000000e+00   2.799779e+02   9.415089e-07   7.567990e-01
5.270000e+01   -7.133305e+00   -0.000000e+00   -0.000000e+00   2.798464e+02   9.305975e-07   7.476769e-01
5.280000e+01   -7.190830e+00   -0.000000e+00   -0.000000e+00   2.797067e+02   9.198322e-07   7.386588e-01
5.290000e+01   -7.082279e+00   -0.000000e+00   -0.000000e+00   2.795581e+02   9.092131e-07   7.297434e-01
5.300000e+01   -6.505316e+00   -0.000000e+00   -0.000000e+00   2.793997e+02   8.987406e-07   7.209294e-01
5.310000e+01   -5.585228e+00   -0.000000e+00   -0.000000e+00   2.792307e+02   8.884148e-07   7.122154e-01
5.320000e+01   -4.516031e+00   -0.000000e+00   -0.000000e+00   2.790503e+02   8.782356e-07   7.036000e-01
5.330000e+01   -3.492033e+00   -0.000000e+00   -0.000000e+00   2.788581e+02   8.682015e-07   6.950821e-01
5.340000e+01   -2.644875e+00   -0.000000e+00   -0.000000e+00   2.786549e+02   8.583078e-07   6.866606e-01
5.350000e+01   -1.717066e+00   -0.000000e+00   -0.000000e+00   2.784417e+02   8.485498e-07   6.783345e-01
5.360000e+01   -7.737961e-01   -0.000000e+00   -0.000000e+00   2.782192e+02   8.389228e-07   6.701028e-01
5.370000e+01   3.955050e-02   -0.000000e+00   -0.000000e+00   2.779884e+02   8.294225e-07   6.619646e-01
5.380000e+01   5.775899e-01   -0.000000e+00   -0.000000e+00   2.777500e+02   8.200444e-07   6.539188e-01
5.390000e+01   7.301897e-01   -0.000000e+00   -0.000000e+00   2.775051e+02   8.107843e-07   6.459644e-01
5.400000e+01   7.033785e-01   -0.000000e+00   -0.000000e+00   2.772544e+02   8.016380e-07   6.381005e-01
5.410000e+01   6.096579e-01   -0.000000e+00   -0.000000e+00   2.769988e+02   7.926017e-07   6.303259e-01
5.420000e+01   5.124206e-01   -0.000000e+00   -0.000000e+00   2.767392e+02   7.836713e-07   6.226399e-01
5.430000e+01   4.750593e-01   -0.000000e+00   -0.000000e+00   2.764764e+02   7.748431e-07   6.150412e-01
5.440000e+01   5.562485e-01   -0.000000e+00   -0.000000e+00   2.762113e+02   7.661135e-07   6.075289e-01
5.450000e+01   7.398234e-01   -0.000000e+00   -0.000000e+00   2.759448e+02   7.574789e-07   6.001021e-01
5.460000e+01   9.752168e-01   -0.000000e+00   -0.000000e+00   2.756778e+02   7.489357e-07   5.927597e-01
5.470000e+01   1.215881e+00   -0.000000e+00   -0.000000e+00   2.754111e+02   7.404806e-07   5.855008e-01
5.480000e+01   1.415270e+00   -0.000000e+00   -0.000000e+00   2.751456e+02   7.321103e-07   5.783243e-01
5.490000e+01   1.520749e+00   -0.000000e+00   -0.000000e+00   2.748821e+02   7.238217e-07   5.712292e-01
5.500000e+01   1.452106e+00   -0.000000e+00   -0.000000e+00   2.746215e+02   7.156115e-07   5.642145e-01
5.510000e+01   1.242408e+00   -0.000000e+00   -0.000000e+00   2.743647e+02   7.074769e-07   5.572793e-01
5.520000e+01   9.498776e-01   -0.000000e+00   -0.000000e+00   2.741126e+02   6.994148e-07   5.504225e-01
5.530000e+01   6.327386e-01   -0.000000e+00   -0.000000e+00   2.738660e+02   6.914224e-07   5.436431e-01
5.540000e+01   3.317970e-01   -0.000000e+00   -0.000000e+00   2.736251e+02   6.834987e-07   5.369403e-01
5.550000e+01   -1.006270e-01   -0.000000e+00   -0.000000e+00   2.733894e+02   6.756447e-07   5.303132e-01
5.560000e+01   -6.137266e-01   -0.000000e+00   -0.000000e+00   2.731583e+02   6.678615e-07   5.237611e-01
5.570000e+01   -1.082289e+00   -0.000000e+00   -0.000000e+00   2.729312e+02   6.601503e-07   5.172833e-01
5.580000e+01   -1.381103e+00   -0.000000e+00   -0.000000e+00   2.727075e+02   6.525119e-07   5.108789e-01
5.590000e+01   -1.392216e+00   -0.000000e+00   -0.000000e+00   2.724866e+02   6.449473e-07   5.045472e-01
5.600000e+01   -1.168341e+00   -0.000000e+00   -0.000000e+00   2.722679e+02   6.374574e-07   4.982874e-01
5.610000e+01   -8.303377e-01   -0.000000e+00   -0.000000e+00   2.720507e+02   6.300429e-07   4.920988e-01
5.620000e+01   -4.778992e-01   -0.000000e+00   -0.000000e+00   2.718344e+02   6.227046e-07   4.859806e-01
5.630000e+01   -2.107171e-01   -0.000000e+00   -0.000000e+00   2.716186e+02   6.154430e-07   4.799320e-01
5.640000e+01   -1.480073e-01   -0.000000e+00   -0.000000e+00   2.714024e+02   6.082589e-07   4.739522e-01
5.650000e+01   -6.658327e-01   -0.000000e+00   -0.000000e+00   2.711855e+02   6.011527e-07   4.680406e-01
5.660000e+01   -1.652134e+00   -0.000000e+00   -0.000000e+00   2.709670e+02   5.941248e-07   4.621963e-01
5.670000e+01   -2.811815e+00   -0.000000e+00   -0.000000e+00   2.707465e+02   5.871758e-07   4.564186e-01
5.680000e+01   -3.849782e+00   -0.000000e+00   -0.000000e+00   2.705233e+02   5.803059e-07   4.507067e-01
5.690000e+01   -4.487153e+00   -0.000000e+00   -0.000000e+00   2.702968e+02   5.735153e-07   4.450598e-01
5.700000e+01   -4.912001e+00   -0.000000e+00   -0.000000e+00   2.700664e+02   5.668045e-07   4.394771e-01
5.710000e+01   -5.284611e+00   -0.000000e+00   -0.000000e+00   2.698316e+02   5.601735e-07   4.339580e-01
5.720000e+01   -5.620658e+00   -0.000000e+00   -0.000000e+00   2.695916e+02   5.536224e-07   4.285016e-01
5.730000e+01   -5.935818e+00   -0.000000e+00   -0.000000e+00   2.693459e+02   5.471514e-07   4.231071e-01
5.740000e+01   -6.244077e+00   -0.000000e+00   -0.000000e+00   2.690940e+02   5.407605e-07   4.177739e-01
5.750000e+01   -6.512387e+00   -0.000000e+00   -0.000000e+00   2.688354e+02   5.344492e-07   4.125012e-01
5.760000e+01   -6.753700e+00   -0.000000e+00   -0.000000e+00   2.685702e+02   5.282164e-07   4.072885e-01
5.770000e+01   -7.010520e+00   -0.000000e+00   -0.000000e+00   2.682985e+02   5.220613e-07   4.021352e-01
5.780000e+01   -7.325350e+00   -0.000000e+00   -0.000000e+00   2.680202e+02   5.159828e-07   3.970408e-01
5.790000e+01   -7.756158e+00   -0.000000e+00   -0.000000e+00   2.677354e+02   5.099799e-07   3.920047e-01
5.800000e+01   -8.926645e+00   -0.000000e+00   -0.000000e+00   2.674441e+02   5.040518e-07   3.870264e-01
5.810000e+01   -1.075860e+01   -0.000000e+00   -0.000000e+00   2.671463e+02   4.981974e-07   3.821052e-01
5.820000e+01   -1.272082e+01   -0.000000e+00   -0.000000e+00   2.668420e+02   4.924158e-07   3.772407e-01
5.830000e+01   -1.428209e+01   -0.000000e+00   -0.000000e+00   2.665312e+02   4.867062e-07   3.724323e-01
5.840000e+01   -1.492333e+01   -0.000000e+00   -0.000000e+00   2.662140e+02   4.810674e-07   3.676794e-01
5.850000e+01   -1.506865e+01   -0.000000e+00   -0.000000e+00   2.658904e+02   4.754987e-07   3.629814e-01
5.860000e+01   -1.516807e+01   -0.000000e+00   -0.000000e+00   2.655604e+02   4.699992e-07   3.583379e-01
5.870000e+01   -1.522572e+01   -0.000000e+00   -0.000000e+00   2.652240e+02   4.645678e-07   3.537483e-01
5.880000e+01   -1.524571e+01   -0.000000e+00   -0.000000e+00   2.648813e+02   4.592038e-07   3.492119e-01
5.890000e+01   -1.522823e+01   -0.000000e+00   -0.000000e+00   2.645322e+02   4.539062e-07   3.447283e-01
5.900000e+01   -1.476205e+01   -0.000000e+00   -0.000000e+00   2.641767e+02   4.486742e-07   3.402969e-01
5.910000e+01   -1.374307e+01   -0.000000e+00   -0.000000e+00   2.638150e+02   4.435068e-07   3.359171e-01
5.920000e+01   -1.241891e+01   -0.000000e+00   -0.000000e+00   2.634470e+02   4.384032e-07   3.315884e-01
5.930000e+01   -1.103716e+01   -0.000000e+00   -0.000000e+00   2.630727e+02   4.333626e-07   3.273102e-01
5.940000e+01   -9.844089e+00   -0.000000e+00   -0.000000e+00   2.626921e+02   4.283840e-07   3.230819e-01
5.950000e+01   -8.720475e+00   -0.000000e+00   -0.000000e+00   2.623054e+02   4.234666e-07   3.189031e-01
5.960000e+01   -7.532551e+00   -0.000000e+00   -0.000000e+00   2.619125e+02   4.186094e-07   3.147731e-01
5.970000e+01   -6.390675e+00   -0.000000e+00   -0.000000e+00   2.615138e+02   4.138114e-07   3.106915e-01
5.980000e+01   -5.405205e+00   -0.000000e+00   -0.000000e+00   2.611093e+02   4.090714e-07   3.066577e-01
5.990000e+01   -4.686267e+00   -0.000000e+00   -0.000000e+00   2.606994e+02   4.043884e-07   3.026712e-01
6.000000e+01   -4.113890e+00   -0.000000e+00   -0.000000e+00   2.602842e+02   3.997615e-07   2.987316e-01
6.010000e+01   -3.570451e+00   -0.000000e+00   -0.000000e+00   2.598639e+02   3.951895e-07   2.948382e-01
6.020000e+01   -3.128832e+00   -0.000000e+00   -0.000000e+00   2.594387e+02   3.906716e-07   2.909906e-01
6.030000e+01   -2.861918e+00   -0.000000e+00   -0.000000e+00   2.590088e+02   3.862066e-07   2.871882e-01
6.040000e+01   -2.842591e+00   -0.000000e+00   -0.000000e+00   2.585745e+02   3.817937e-07   2.834306e-01
6.050000e+01   -3.367377e+00   -0.000000e+00   -0.000000e+00   2.581358e+02   3.774319e-07   2.797172e-01
6.060000e+01   -4.439414e+00   -0.000000e+00   -0.000000e+00   2.576930e+02   3.731202e-07   2.760475e-01
6.070000e+01   -5.691506e+00   -0.000000e+00   -0.000000e+00   2.572464e+02   3.688577e-07   2.724209e-01
6.080000e+01   -6.756462e+00   -0.000000e+00   -0.000000e+00   2.567960e+02   3.646434e-07   2.688370e-01
6.090000e+01   -7.267086e+00   -0.000000e+00   -0.000000e+00   2.563422e+02   3.604766e-07   2.652953e-01
6.100000e+01   -6.840870e+00   -0.000000e+00   -0.000000e+00   2.558850e+02   3.563562e-07   2.617951e-01
6.110000e+01   -5.587340e+00   -0.000000e+00   -0.000000e+00   2.554248e+02   3.522814e-07   2.583361e-01
6.120000e+01   -3.905723e+00   -0.000000e+00   -0.000000e+00   2.549617e+02   3.482513e-07   2.549177e-01
6.130000e+01   -2.195411e+00   -0.000000e+00   -0.000000e+00   2.544958e+02   3.442650e-07   2.515393e-01
6.140000e+01   -8.557914e-01   -0.000000e+00   -0.000000e+00   2.540275e+02   3.403216e-07   2.482005e-01
6.150000e+01   1.667624e-01   -0.000000e+00   -0.000000e+00   2.535568e+02   3.364204e-07   2.449007e-01
6.160000e+01   1.221368e+00   -0.000000e+00   -0.000000e+00   2.530841e+02   3.325605e-07   2.416394e-01
6.170000e+01   2.172956e+00   -0.000000e+00   -0.000000e+00   2.526091e+02   3.287416e-07   2.384163e-01
6.180000e+01   2.884158e+00   -0.000000e+00   -0.000000e+00   2.521319e+02   3.249633e-07   2.352310e-01
6.190000e+01   3.217604e+00   -0.000000e+00   -0.000000e+00   2.516525e+02   3.212254e-07   2.320831e-01
6.200000e+01   2.898049e+00   -0.000000e+00   -0.000000e+00   2.511706e+02   3.175276e-07   2.289722e-01
6.210000e+01   1.902186e+00   -0.000000e+00   -0.000000e+00   2.506864e+02   3.138695e-07   2.258979e-01
6.220000e+01   6.134720e-01   -0.000000e+00   -0.000000e+00   2.501997e+02   3.102508e-07   2.228600e-01
6.230000e+01   -5.820578e-01   -0.000000e+00   -0.000000e+00   2.497104e+02   3.066713e-07   2.198579e-01
6.240000e+01   -1.298370e+00   -0.000000e+00   -0.000000e+00   2.492185e+02   3.031306e-07   2.168914e-01
6.250000e+01   -1.494297e+00   -0.000000e+00   -0.000000e+00   2.487239e+02   2.996283e-07   2.139601e-01
6.260000e+01   -1.594567e+00   -0.000000e+00   -0.000000e+00   2.482266e+02   2.961642e-07   2.110635e-01
6.270000e+01   -1.642795e+00   -0.000000e+00   -0.000000e+00   2.477265e+02   2.927379e-07   2.082014e-01
6.280000e+01   -1.675688e+00   -0.000000e+00   -0.000000e+00   2.472235e+02   2.893491e-07   2.053734e-01
6.290000e+01   -1.729953e+00   -0.000000e+00   -0.000000e+00   2.467175e+02   2.859974e-07   2.025790e-01
6.300000e+01   -1.819097e+00   -0.000000e+00   -0.000000e+00   2.462086e+02   2.826825e-07   1.998180e-01
6.310000e+01   -1.916330e+00   -0.000000e+00   -0.000000e+00   2.456967e+02   2.794040e-07   1.970898e-01
6.320000e+01   -2.020451e+00   -0.000000e+00   -0.000000e+00   2.451816e+02   2.761616e-07   1.943943e-01
6.330000e+01   -2.131020e+00   -0.000000e+00   -0.000000e+00   2.446633e+02   2.729550e-07   1.917309e-01
6.340000e+01   -2.247592e+00   -0.000000e+00   -0.000000e+00   2.441417e+02   2.697837e-07   1.890994e-01
6.350000e+01   -2.367895e+00   -0.000000e+00   -0.000000e+00   2.436169e+02   2.666475e-07   1.864993e-01
6.360000e+01   -2.492029e+00   -0.000000e+00   -0.000000e+00   2.430887e+02   2.635459e-07   1.839303e-01
6.370000e+01   -2.627647e+00   -0.000000e+00   -0.000000e+00   2.425571e+02   2.604785e-07   1.813921e-01
6.380000e+01   -2.782797e+00   -0.000000e+00   -0.000000e+00   2.420225e+02   2.574447e-07   1.788842e-01
6.390000e+01   -2.965531e+00   -0.000000e+00   -0.000000e+00   2.414850e+02   2.544438e-07   1.764065e-01
6.400000e+01   -3.195988e+00   -0.000000e+00   -0.000000e+00   2.409449e+02   2.514755e-07   1.739585e-01
6.410000e+01   -3.490604e+00   -0.000000e+00   -0.000000e+00   2.404022e+02   2.485390e-07   1.715400e-01
6.420000e+01   -3.821341e+00   -0.000000e+00   -0.000000e+00   2.398572e+02   2.456340e-07   1.691506e-01
6.430000e+01   -4.158699e+00   -0.000000e+00   -0.000000e+00   2.393101e+02   2.427597e-07   1.667900e-01
6.440000e+01   -4.473180e+00   -0.000000e+00   -0.000000e+00   2.387611e+02   2.399157e-07   1.644579e-01
6.450000e+01   -4.762311e+00   -0.000000e+00   -0.000000e+00   2.382104e+02   2.371016e-07   1.621540e-01
6.460000e+01   -5.068498e+00   -0.000000e+00   -0.000000e+00   2.376583e+02   2.343166e-07   1.598779e-01
6.470000e+01   -5.369742e+00   -0.000000e+00   -0.000000e+00   2.371048e+02   2.315604e-07   1.576293e-01
6.480000e+01   -5.640520e+00   -0.000000e+00   -0.000000e+00   2.365502e+02   2.288324e-07   1.554079e-01
6.490000e+01   -5.855307e+00   -0.000000e+00   -0.000000e+00   2.359946e+02   2.261321e-07   1.532134e-01
6.500000e+01   -6.016744e+00   -0.000000e+00   -0.000000e+00   2.354384e+02   2.234590e-07   1.510454e-01
6.510000e+01   -6.184142e+00   -0.000000e+00   -0.000000e+00   2.348817e+02   2.208127e-07   1.489037e-01
6.520000e+01   -6.343720e+00   -0.000000e+00   -0.000000e+00   2.343246e+02   2.181926e-07   1.467879e-01
6.530000e+01   -6.476619e+00   -0.000000e+00   -0.000000e+00   2.337675e+02   2.155982e-07   1.446977e-01
6.540000e+01   -6.563983e+00   -0.000000e+00   -0.000000e+00   2.332104e+02   2.130291e-07   1.426327e-01
6.550000e+01   -6.538252e+00   -0.000000e+00   -0.000000e+00   2.326536e+02   2.104848e-07   1.405927e-01
6.560000e+01   -6.295067e+00   -0.000000e+00   -0.000000e+00   2.320973e+02   2.079648e-07   1.385773e-01
6.570000e+01   -5.956765e+00   -0.000000e+00   -0.000000e+00   2.315414e+02   2.054689e-07   1.365863e-01
6.580000e+01   -5.659802e+00   -0.000000e+00   -0.000000e+00   2.309857e+02   2.029972e-07   1.346193e-01
6.590000e+01   -5.540593e+00   -0.000000e+00   -0.000000e+00   2.304299e+02   2.005496e-07   1.326762e-01
6.600000e+01   -5.709328e+00   -0.000000e+00   -0.000000e+00   2.298738e+02   1.981262e-07   1.307566e-01
6.610000e+01   -6.115838e+00   -0.000000e+00   -0.000000e+00   2.293170e+02   1.957271e-07   1.288604e-01
6.620000e+01   -6.688029e+00   -0.000000e+00   -0.000000e+00   2.287595e+02   1.933521e-07   1.269873e-01
6.630000e+01   -7.358017e+00   -0.000000e+00   -0.000000e+00   2.282008e+02   1.910014e-07   1.251371e-01
6.640000e+01   -8.057922e+00   -0.000000e+00   -0.000000e+00   2.276407e+02   1.886747e-07   1.233094e-01
6.650000e+01   -8.791045e+00   -0.000000e+00   -0.000000e+00   2.270790e+02   1.863723e-07   1.215040e-01
6.660000e+01   -9.738514e+00   -0.000000e+00   -0.000000e+00   2.265154e+02   1.840939e-07   1.197208e-01
6.670000e+01   -1.076453e+01   -0.000000e+00   -0.000000e+00   2.259497e+02   1.818395e-07   1.179594e-01
6.680000e+01   -1.169894e+01   -0.000000e+00   -0.000000e+00   2.253815e+02   1.796092e-07   1.162195e-01
6.690000e+01   -1.237156e+01   -0.000000e+00   -0.000000e+00   2.248107e+02   1.774027e-07   1.145010e-01
6.700000e+01   -1.268050e+01   -0.000000e+00   -0.000000e+00   2.242369e+02   1.752200e-07   1.128037e-01
6.710000e+01   -1.285320e+01   -0.000000e+00   -0.000000e+00   2.236599e+02   1.730611e-07   1.111271e-01
6.720000e+01   -1.295055e+01   -0.000000e+00   -0.000000e+00   2.230795e+02   1.709258e-07   1.094711e-01
6.730000e+01   -1.299970e+01   -0.000000e+00   -0.000000e+00   2.224953e+02   1.688141e-07   1.078355e-01
6.740000e+01   -1.302779e+01   -0.000000e+00   -0.000000e+00   2.219072e+02   1.667257e-07   1.062200e-01
6.750000e+01   -1.305030e+01   -0.000000e+00   -0.000000e+00   2.213148e+02   1.646606e-07   1.046243e-01
6.760000e+01   -1.301743e+01   -0.000000e+00   -0.000000e+00   2.207181e+02   1.626186e-07   1.030482e-01
6.770000e+01   -1.290911e+01   -0.000000e+00   -0.000000e+00   2.201172e+02   1.605992e-07   1.014915e-01
6.780000e+01   -1.271276e+01   -0.000000e+00   -0.000000e+00   2.195127e+02   1.586019e-07   9.995405e-02
6.790000e+01   -1.241581e+01   -0.000000e+00   -0.000000e+00   2.189050e+02   1.566261e-07   9.843558e-02
6.800000e+01   -1.192516e+01   -0.000000e+00   -0.000000e+00   2.182946e+02   1.546712e-07   9.693592e-02
6.810000e+01   -1.086132e+01   -0.000000e+00   -0.000000e+00   2.176819e+02   1.527367e-07   9.545489e-02
6.820000e+01   -9.428074e+00   -0.000000e+00   -0.000000e+00   2.170674e+02   1.508222e-07   9.399229e-02
6.830000e+01   -7.922652e+00   -0.000000e+00   -0.000000e+00   2.164515e+02   1.489271e-07   9.254793e-02
6.840000e+01   -6.642277e+00   -0.000000e+00   -0.000000e+00   2.158347e+02   1.470510e-07   9.112162e-02
6.850000e+01   -5.801889e+00   -0.000000e+00   -0.000000e+00   2.152174e+02   1.451933e-07   8.971316e-02
6.860000e+01   -5.055220e+00   -0.000000e+00   -0.000000e+00   2.146001e+02   1.433536e-07   8.832236e-02
6.870000e+01   -4.385908e+00   -0.000000e+00   -0.000000e+00   2.139832e+02   1.415314e-07   8.694903e-02
6.880000e+01   -3.874810e+00   -0.000000e+00   -0.000000e+00   2.133672e+02   1.397263e-07   8.559298e-02
6.890000e+01   -3.602780e+00   -0.000000e+00   -0.000000e+00   2.127525e+02   1.379379e-07   8.425401e-02
6.900000e+01   -3.616886e+00   -0.000000e+00   -0.000000e+00   2.121396e+02   1.361657e-07   8.293193e-02
6.910000e+01   -3.704846e+00   -0.000000e+00   -0.000000e+00   2.115290e+02   1.344092e-07   8.162655e-02
6.920000e+01   -3.821115e+00   -0.000000e+00   -0.000000e+00   2.109211e+02   1.326682e-07   8.033767e-02
6.930000e+01   -3.974045e+00   -0.000000e+00   -0.000000e+00   2.103163e+02   1.309422e-07   7.906511e-02
6.940000e+01   -4.171988e+00   -0.000000e+00   -0.000000e+00   2.097151e+02   1.292308e-07   7.780866e-02
6.950000e+01   -4.514900e+00   -0.000000e+00   -0.000000e+00   2.091178e+02   1.275337e-07   7.656815e-02
6.960000e+01   -5.688708e+00   -0.000000e+00   -0.000000e+00   2.085241e+02   1.258510e-07   7.534343e-02
6.970000e+01   -7.420561e+00   -0.000000e+00   -0.000000e+00   2.079334e+02   1.241832e-07   7.413436e-02
6.980000e+01   -9.200548e+00   -0.000000e+00   -0.000000e+00   2.073452e+02   1.225305e-07   7.294081e-02
6.990000e+01   -1.051876e+01   -0.000000e+00   -0.000000e+00   2.067589e+02   1.208932e-07   7.176265e-02
7.000000e+01   -1.091385e+01   -0.000000e+00   -0.000000e+00   2.061738e+02   1.192717e-07   7.059975e-02
7.010000e+01   -1.063956e+01   -0.000000e+00   -0.000000e+00   2.055895e+02   1.176661e-07   6.945197e-02
7.020000e+01   -1.003393e+01   -0.000000e+00   -0.000000e+00   2.050054e+02   1.160767e-07   6.831918e-02
7.030000e+01   -9.340449e+00   -0.000000e+00   -0.000000e+00   2.044208e+02   1.145038e-07   6.720124e-02
7.040000e+01   -8.802616e+00   -0.000000e+00   -0.000000e+00   2.038352e+02   1.129476e-07   6.609804e-02
7.050000e+01   -8.631509e+00   -0.000000e+00   -0.000000e+00   2.032481e+02   1.114083e-07   6.500942e-02
7.060000e+01   -8.579775e+00   -0.000000e+00   -0.000000e+00   2.026588e+02   1.098860e-07   6.393526e-02
7.070000e+01   -8.543987e+00   -0.000000e+00   -0.000000e+00   2.020669e+02   1.083811e-07   6.287543e-02
7.080000e+01   -8.532975e+00   -0.000000e+00   -0.000000e+00   2.014717e+02   1.068935e-07   6.182980e-02
7.090000e+01   -8.555567e+00   -0.000000e+00   -0.000000e+00   2.008726e+02   1.054236e-07   6.079822e-02
7.100000e+01   -8.647568e+00   -0.000000e+00   -0.000000e+00   2.002691e+02   1.039714e-07   5.978057e-02
7.110000e+01   -9.189038e+00   -0.000000e+00   -0.000000e+00   1.996606e+02   1.025370e-07   5.877672e-02
7.120000e+01   -1.015821e+01   -0.000000e+00   -0.000000e+00   1.990466e+02   1.011206e-07   5.778653e-02
7.130000e+01   -1.137065e+01   -0.000000e+00   -0.000000e+00   1.984264e+02   9.972223e-08   5.680987e-02
7.140000e+01   -1.264206e+01   -0.000000e+00   -0.000000e+00   1.977997e+02   9.834196e-08   5.584660e-02
7.150000e+01   -1.380621e+01   -0.000000e+00   -0.000000e+00   1.971665e+02   9.697951e-08   5.489660e-02
7.160000e+01   -1.504787e+01   -0.000000e+00   -0.000000e+00   1.965272e+02   9.563451e-08   5.395973e-02
7.170000e+01   -1.640211e+01   -0.000000e+00   -0.000000e+00   1.958822e+02   9.430663e-08   5.303585e-02
7.180000e+01   -1.777987e+01   -0.000000e+00   -0.000000e+00   1.952317e+02   9.299553e-08   5.212483e-02
7.190000e+01   -1.909209e+01   -0.000000e+00   -0.000000e+00   1.945760e+02   9.170088e-08   5.122654e-02
7.200000e+01   -2.025474e+01   -0.000000e+00   -0.000000e+00   1.939154e+02   9.042236e-08   5.034085e-02
7.210000e+01   -2.132477e+01   -0.000000e+00   -0.000000e+00   1.932503e+02   8.915966e-08   4.946762e-02
7.220000e+01   -2.234073e+01   -0.000000e+00   -0.000000e+00   1.925810e+02   8.791247e-08   4.860671e-02
7.230000e+01   -2.329480e+01   -0.000000e+00   -0.000000e+00   1.919078e+02   8.668048e-08   4.775800e-02
7.240000e+01   -2.417920e+01   -0.000000e+00   -0.000000e+00   1.912309e+02   8.546339e-08   4.692135e-02
7.250000e+01   -2.498552e+01   -0.000000e+00   -0.000000e+00   1.905507e+02   8.426092e-08   4.609663e-02
7.260000e+01   -2.569757e+01   -0.000000e+00   -0.000000e+00   1.898676e+02   8.307278e-08   4.528370e-02
7.270000e+01   -2.633982e+01   -0.000000e+00   -0.000000e+00   1.891817e+02   8.189868e-08   4.448243e-02
7.280000e+01   -2.695125e+01   -0.000000e+00   -0.000000e+00   1.884935e+02   8.073835e-08   4.369268e-02
7.290000e+01   -2.757081e+01   -0.000000e+00   -0.000000e+00   1.878033e+02   7.959151e-08   4.291433e-02
7.300000e+01   -2.824138e+01   -0.000000e+00   -0.000000e+00   1.871113e+02   7.845790e-08   4.214723e-02
7.310000e+01   -2.912395e+01   -0.000000e+00   -0.000000e+00   1.864179e+02   7.733726e-08   4.139126e-02
7.320000e+01   -3.013329e+01   -0.000000e+00   -0.000000e+00   1.857233e+02   7.622932e-08   4.064628e-02
7.330000e+01   -3.105796e+01   -0.000000e+00   -0.000000e+00   1.850279e+02   7.513383e-08   3.991215e-02
7.340000e+01   -3.168624e+01   -0.000000e+00   -0.000000e+00   1.843319e+02   7.405060e-08   3.918876e-02
7.350000e+01   -3.180472e+01   -0.000000e+00   -0.000000e+00   1.836353e+02   7.297951e-08   3.847596e-02
7.360000e+01   -3.123360e+01   -0.000000e+00   -0.000000e+00   1.829381e+02   7.192046e-08   3.777364e-02
7.370000e+01   -3.019130e+01   -0.000000e+00   -0.000000e+00   1.822401e+02   7.087334e-08   3.708167e-02
7.380000e+01   -2.901772e+01   -0.000000e+00   -0.000000e+00   1.815416e+02   6.983804e-08   3.639993e-02
7.390000e+01   -2.805274e+01   -0.000000e+00   -0.000000e+00   1.808423e+02   6.881445e-08   3.572828e-02
7.400000e+01   -2.763200e+01   -0.000000e+00   -0.000000e+00   1.801424e+02   6.780246e-08   3.506660e-02
7.410000e+01   -2.752618e+01   -0.000000e+00   -0.000000e+00   1.794417e+02   6.680196e-08   3.441477e-02
7.420000e+01   -2.743643e+01   -0.000000e+00   -0.000000e+00   1.787403e+02   6.581283e-08   3.377267e-02
7.430000e+01   -2.736132e+01   -0.000000e+00   -0.000000e+00   1.780381e+02   6.483495e-08   3.314015e-02
7.440000e+01   -2.729942e+01   -0.000000e+00   -0.000000e+00   1.773352e+02   6.386820e-08   3.251711e-02
7.450000e+01   -2.725068e+01   -0.000000e+00   -0.000000e+00   1.766315e+02   6.291246e-08   3.190342e-02
7.460000e+01   -2.751458e+01   -0.000000e+00   -0.000000e+00   1.759270e+02   6.196762e-08   3.129894e-02
7.470000e+01   -2.813912e+01   -0.000000e+00   -0.000000e+00   1.752217e+02   6.103353e-08   3.070356e-02
7.480000e+01   -2.886338e+01   -0.000000e+00   -0.000000e+00   1.745156e+02   6.011008e-08   3.011714e-02
7.490000e+01   -2.942643e+01   -0.000000e+00   -0.000000e+00   1.738086e+02   5.919713e-08   2.953957e-02
7.500000e+01   -2.956759e+01   -0.000000e+00   -0.000000e+00   1.731007e+02   5.829455e-08   2.897071e-02
7.510000e+01   -2.930196e+01   -0.000000e+00   -0.000000e+00   1.723920e+02   5.740221e-08   2.841045e-02
7.520000e+01   -2.882702e+01   -0.000000e+00   -0.000000e+00   1.716824e+02   5.651998e-08   2.785865e-02
7.530000e+01   -2.819587e+01   -0.000000e+00   -0.000000e+00   1.709719e+02   5.564770e-08   2.731519e-02
7.540000e+01   -2.746160e+01   -0.000000e+00   -0.000000e+00   1.702604e+02   5.478525e-08   2.677995e-02
7.550000e+01   -2.667729e+01   -0.000000e+00   -0.000000e+00   1.695480e+02   5.393248e-08   2.625279e-02
7.560000e+01   -2.547911e+01   -0.000000e+00   -0.000000e+00   1.688348e+02   5.308922e-08   2.573362e-02
7.570000e+01   -2.375139e+01   -0.000000e+00   -0.000000e+00   1.681213e+02   5.225530e-08   2.522234e-02
7.580000e+01   -2.191951e+01   -0.000000e+00   -0.000000e+00   1.674078e+02   5.143051e-08   2.471889e-02
7.590000e+01   -2.040887e+01   -0.000000e+00   -0.000000e+00   1.666950e+02   5.061468e-08   2.422319e-02
7.600000e+01   -1.964485e+01   -0.000000e+00   -0.000000e+00   1.659832e+02   4.980763e-08   2.373518e-02
7.610000e+01   -1.943797e+01   -0.000000e+00   -0.000000e+00   1.652731e+02   4.900919e-08   2.325477e-02
7.620000e+01   -1.923921e+01   -0.000000e+00   -0.000000e+00   1.645651e+02   4.821919e-08   2.278190e-02
7.630000e+01   -1.904833e+01   -0.000000e+00   -0.000000e+00   1.638596e+02   4.743748e-08   2.231649e-02
7.640000e+01   -1.886571e+01   -0.000000e+00   -0.000000e+00   1.631572e+02   4.666391e-08   2.185847e-02
7.650000e+01   -1.869176e+01   -0.000000e+00   -0.000000e+00   1.624583e+02   4.589833e-08   2.140776e-02
7.660000e+01   -1.862337e+01   -0.000000e+00   -0.000000e+00   1.617635e+02   4.514060e-08   2.096430e-02
7.670000e+01   -1.871981e+01   -0.000000e+00   -0.000000e+00   1.610733e+02   4.439059e-08   2.052801e-02
7.680000e+01   -1.887664e+01   -0.000000e+00   -0.000000e+00   1.603881e+02   4.364816e-08   2.009881e-02
7.690000e+01   -1.898881e+01   -0.000000e+00   -0.000000e+00   1.597084e+02   4.291319e-08   1.967664e-02
7.700000e+01   -1.895129e+01   -0.000000e+00   -0.000000e+00   1.590347e+02   4.218557e-08   1.926142e-02
7.710000e+01   -1.871716e+01   -0.000000e+00   -0.000000e+00   1.583676e+02   4.146518e-08   1.885308e-02
7.720000e+01   -1.834562e+01   -0.000000e+00   -0.000000e+00   1.577074e+02   4.075192e-08   1.845154e-02
7.730000e+01   -1.786442e+01   -0.000000e+00   -0.000000e+00   1.570548e+02   4.004568e-08   1.805673e-02
7.740000e+01   -1.730082e+01   -0.000000e+00   -0.000000e+00   1.564101e+02   3.934637e-08   1.766858e-02
7.750000e+01   -1.668207e+01   -0.000000e+00   -0.000000e+00   1.557739e+02   3.865389e-08   1.728702e-02
7.760000e+01   -1.582004e+01   -0.000000e+00   -0.000000e+00   1.551466e+02   3.796816e-08   1.691197e-02
7.770000e+01   -1.450055e+01   -0.000000e+00   -0.000000e+00   1.545289e+02   3.728910e-08   1.654337e-02
7.780000e+01   -1.293722e+01   -0.000000e+00   -0.000000e+00   1.539210e+02   3.661662e-08   1.618112e-02
7.790000e+01   -1.134937e+01   -0.000000e+00   -0.000000e+00   1.533237e+02   3.595067e-08   1.582517e-02
7.800000e+01   -9.956308e+00   -0.000000e+00   -0.000000e+00   1.527372e+02   3.529117e-08   1.547545e-02
7.810000e+01   -8.749277e+00   -0.000000e+00   -0.000000e+00   1.521622e+02   3.463805e-08   1.513187e-02
7.820000e+01   -7.486838e+00   -0.000000e+00   -0.000000e+00   1.515990e+02   3.399128e-08   1.479436e-02
7.830000e+01   -6.306130e+00   -0.000000e+00   -0.000000e+00   1.510470e+02   3.335106e-08   1.446286e-02
7.840000e+01   -5.353101e+00   -0.000000e+00   -0.000000e+00   1.505049e+02   3.271775e-08   1.413730e-02
7.850000e+01   -4.773697e+00   -0.000000e+00   -0.000000e+00   1.499712e+02   3.209168e-08   1.381760e-02
7.860000e+01   -4.538457e+00   -0.000000e+00   -0.000000e+00   1.494445e+02   3.147319e-08   1.350371e-02
7.870000e+01   -4.343986e+00   -0.000000e+00   -0.000000e+00   1.489233e+02   3.086258e-08   1.319554e-02
7.880000e+01   -4.164194e+00   -0.000000e+00   -0.000000e+00   1.484063e+02   3.026011e-08   1.289304e-02
7.890000e+01   -3.982873e+00   -0.000000e+00   -0.000000e+00   1.478920e+02   2.966606e-08   1.259613e-02
7.900000e+01   -3.783816e+00   -0.000000e+00   -0.000000e+00   1.473791e+02   2.908067e-08   1.230474e-02
7.910000e+01   -3.466491e+00   -0.000000e+00   -0.000000e+00   1.468661e+02   2.850414e-08   1.201882e-02
7.920000e+01   -2.884364e+00   -0.000000e+00   -0.000000e+00   1.463515e+02   2.793669e-08   1.173828e-02
7.930000e+01   -2.136214e+00   -0.000000e+00   -0.000000e+00   1.458341e+02   2.737848e-08   1.146307e-02
7.940000e+01   -1.329755e+00   -0.000000e+00   -0.000000e+00   1.453123e+02   2.682970e-08   1.119310e-02
7.950000e+01   -5.726993e-01   -0.000000e+00   -0.000000e+00   1.447847e+02   2.629047e-08   1.092832e-02
7.960000e+01   1.016389e-01   -0.000000e+00   -0.000000e+00   1.442500e+02   2.576094e-08   1.066866e-02
7.970000e+01   8.073582e-01   -0.000000e+00   -0.000000e+00   1.437067e+02   2.524120e-08   1.041404e-02
7.980000e+01   1.504508e+00   -0.000000e+00   -0.000000e+00   1.431533e+02   2.473136e-08   1.016440e-02
7.990000e+01   2.143996e+00   -0.000000e+00   -0.000000e+00   1.425886e+02   2.423150e-08   9.919672e-03
8.000000e+01   2.676728e+00   -0.000000e+00   -0.000000e+00   1.420110e+02   2.374168e-08   9.679786e-03
8.010000e+01   3.075702e+00   -0.000000e+00   -0.000000e+00   1.414191e+02   2.326197e-08   9.444673e-03
8.020000e+01   3.396425e+00   -0.000000e+00   -0.000000e+00   1.408116e+02   2.279240e-08   9.214265e-03
8.030000e+01   3.676844e+00   -0.000000e+00   -0.000000e+00   1.401870e+02   2.233299e-08   8.988494e-03
8.040000e+01   3.952401e+00   -0.000000e+00   -0.000000e+00   1.395459e+02   2.188346e-08   8.767291e-03
8.050000e+01   4.258927e+00   -0.000000e+00   -0.000000e+00   1.388914e+02   2.144314e-08   8.550589e-03
8.060000e+01   4.659180e+00   -0.000000e+00   -0.000000e+00   1.382267e+02   2.101136e-08   8.338319e-03
8.070000e+01   5.205994e+00   -0.000000e+00   -0.000000e+00   1.375551e+02   2.058750e-08   8.130414e-03
8.080000e+01   5.792612e+00   -0.000000e+00   -0.000000e+00   1.368799e+02   2.017094e-08   7.926805e-03
8.090000e+01   6.302733e+00   -0.000000e+00   -0.000000e+00   1.362043e+02   1.976112e-08   7.727424e-03
8.100000e+01   6.620055e+00   -0.000000e+00   -0.000000e+00   1.355316e+02   1.935749e-08   7.532203e-03
8.110000e+01   6.653337e+00   -0.000000e+00   -0.000000e+00   1.348650e+02   1.895954e-08   7.341074e-03
8.120000e+01   6.457508e+00   -0.000000e+00   -0.000000e+00   1.342079e+02   1.856678e-08   7.153969e-03
8.130000e+01   6.099974e+00   -0.000000e+00   -0.000000e+00   1.335635e+02   1.817874e-08   6.970821e-03
8.140000e+01   5.643761e+00   -0.000000e+00   -0.000000e+00   1.329350e+02   1.779499e-08   6.791560e-03
8.150000e+01   5.151893e+00   -0.000000e+00   -0.000000e+00   1.323257e+02   1.741513e-08   6.616119e-03
8.160000e+01   4.627498e+00   -0.000000e+00   -0.000000e+00   1.317388e+02   1.703879e-08   6.444431e-03
8.170000e+01   3.909608e+00   -0.000000e+00   -0.000000e+00   1.311747e+02   1.666597e-08   6.276434e-03
8.180000e+01   3.085450e+00   -0.000000e+00   -0.000000e+00   1.306326e+02   1.629689e-08   6.112075e-03
8.190000e+01   2.270267e+00   -0.000000e+00   -0.000000e+00   1.301116e+02   1.593175e-08   5.951298e-03
8.200000e+01   1.579304e+00   -0.000000e+00   -0.000000e+00   1.296106e+02   1.557074e-08   5.794047e-03
8.210000e+01   1.069406e+00   -0.000000e+00   -0.000000e+00   1.291286e+02   1.521405e-08   5.640267e-03
8.220000e+01   5.737437e-01   -0.000000e+00   -0.000000e+00   1.286647e+02   1.486185e-08   5.489903e-03
8.230000e+01   1.475926e-01   -0.000000e+00   -0.000000e+00   1.282179e+02   1.451429e-08   5.342899e-03
8.240000e+01   -1.204567e-01   -0.000000e+00   -0.000000e+00   1.277873e+02   1.417153e-08   5.199201e-03
8.250000e+01   -1.418137e-01   -0.000000e+00   -0.000000e+00   1.273718e+02   1.383369e-08   5.058753e-03
8.260000e+01   1.315282e-01   -0.000000e+00   -0.000000e+00   1.269704e+02   1.350089e-08   4.921500e-03
8.270000e+01   5.316832e-01   -0.000000e+00   -0.000000e+00   1.265823e+02   1.317325e-08   4.787386e-03
8.280000e+01   1.010970e+00   -0.000000e+00   -0.000000e+00   1.262064e+02   1.285087e-08   4.656357e-03
8.290000e+01   1.548818e+00   -0.000000e+00   -0.000000e+00   1.258418e+02   1.253382e-08   4.528356e-03
8.300000e+01   2.124655e+00   -0.000000e+00   -0.000000e+00   1.254874e+02   1.222218e-08   4.403330e-03
8.310000e+01   2.610039e+00   -0.000000e+00   -0.000000e+00   1.251423e+02   1.191602e-08   4.281222e-03
8.320000e+01   2.495112e+00   -0.000000e+00   -0.000000e+00   1.248056e+02   1.161538e-08   4.161977e-03
8.330000e+01   2.055088e+00   -0.000000e+00   -0.000000e+00   1.244762e+02   1.132030e-08   4.045540e-03
8.340000e+01   1.690445e+00   -0.000000e+00   -0.000000e+00   1.241531e+02   1.103081e-08   3.931856e-03
8.350000e+01   1.795902e+00   -0.000000e+00   -0.000000e+00   1.238359e+02   1.074692e-08   3.820875e-03
8.360000e+01   2.647622e+00   -0.000000e+00   -0.000000e+00   1.235241e+02   1.046861e-08   3.712557e-03
8.370000e+01   3.724353e+00   -0.000000e+00   -0.000000e+00   1.232179e+02   1.019584e-08   3.606858e-03
8.380000e+01   4.888184e+00   -0.000000e+00   -0.000000e+00   1.229168e+02   9.928603e-09   3.503740e-03
8.390000e+01   6.127670e+00   -0.000000e+00   -0.000000e+00   1.226209e+02   9.666860e-09   3.403159e-03
8.400000e+01   7.431366e+00   -0.000000e+00   -0.000000e+00   1.223299e+02   9.410579e-09   3.305074e-03
8.410000e+01   8.893940e+00   -0.000000e+00   -0.000000e+00   1.220436e+02   9.159724e-09   3.209445e-03
8.420000e+01   1.118465e+01   -0.000000e+00   -0.000000e+00   1.217620e+02   8.914257e-09   3.116230e-03
8.430000e+01   1.402597e+01   -0.000000e+00   -0.000000e+00   1.214849e+02   8.674136e-09   3.025387e-03
8.440000e+01   1.693358e+01   -0.000000e+00   -0.000000e+00   1.212121e+02   8.439317e-09   2.936875e-03
8.450000e+01   1.942318e+01   -0.000000e+00   -0.000000e+00   1.209434e+02   8.209752e-09   2.850654e-03
8.460000e+01   2.110626e+01   -0.000000e+00   -0.000000e+00   1.206787e+02   7.985391e-09   2.766681e-03
8.470000e+01   2.253677e+01   -0.000000e+00   -0.000000e+00   1.204178e+02   7.766182e-09   2.684915e-03
8.480000e+01   2.388416e+01   -0.000000e+00   -0.000000e+00   1.201606e+02   7.552068e-09   2.605316e-03
8.490000e+01   2.513033e+01   -0.000000e+00   -0.000000e+00   1.199069e+02   7.342993e-09   2.527841e-03
8.500000e+01   2.625719e+01   -0.000000e+00   -0.000000e+00   1.196566e+02   7.138896e-09   2.452449e-03
8.510000e+01   2.713361e+01   -0.000000e+00   -0.000000e+00   1.194095e+02   6.939712e-09   2.379099e-03
8.520000e+01   2.671810e+01   -0.000000e+00   -0.000000e+00   1.191671e+02   6.745298e-09   2.307756e-03
8.530000e+01   2.527849e+01   -0.000000e+00   -0.000000e+00   1.189334e+02   6.555406e-09   2.238390e-03
8.540000e+01   2.346449e+01   -0.000000e+00   -0.000000e+00   1.187125e+02   6.369801e-09   2.170975e-03
8.550000e+01   2.192580e+01   -0.000000e+00   -0.000000e+00   1.185086e+02   6.188270e-09   2.105481e-03
8.560000e+01   2.123017e+01   -0.000000e+00   -0.000000e+00   1.183257e+02   6.010620e-09   2.041883e-03
8.570000e+01   2.078269e+01   -0.000000e+00   -0.000000e+00   1.181680e+02   5.836680e-09   1.980151e-03
8.580000e+01   2.034517e+01   -0.000000e+00   -0.000000e+00   1.180397e+02   5.666295e-09   1.920258e-03
8.590000e+01   1.996245e+01   -0.000000e+00   -0.000000e+00   1.179449e+02   5.499329e-09   1.862177e-03
8.600000e+01   1.967938e+01   -0.000000e+00   -0.000000e+00   1.178876e+02   5.335663e-09   1.805880e-03
8.610000e+01   1.953072e+01   -0.000000e+00   -0.000000e+00   1.178721e+02   5.175197e-09   1.751339e-03
8.620000e+01   1.937993e+01   -0.000000e+00   -0.000000e+00   1.179024e+02   5.017844e-09   1.698526e-03
8.630000e+01   1.914322e+01   -0.000000e+00   -0.000000e+00   1.179828e+02   4.863533e-09   1.647414e-03
8.640000e+01   1.878501e+01   -0.000000e+00   -0.000000e+00   1.181173e+02   4.712206e-09   1.597975e-03
8.650000e+01   1.826972e+01   -0.000000e+00   -0.000000e+00   1.183100e+02   4.563822e-09   1.550182e-03
8.660000e+01   1.754146e+01   -0.000000e+00   -0.000000e+00   1.185652e+02   4.418348e-09   1.504006e-03
8.670000e+01   1.623475e+01   -0.000000e+00   -0.000000e+00   1.188869e+02   4.275765e-09   1.459419e-03
8.680000e+01   1.439153e+01   -0.000000e+00   -0.000000e+00   1.192780e+02   4.136097e-09   1.416392e-03
8.690000e+01   1.223900e+01   -0.000000e+00   -0.000000e+00   1.197365e+02   3.999505e-09   1.374881e-03
8.700000e+01   1.000679e+01   -0.000000e+00   -0.000000e+00   1.202586e+02   3.866163e-09   1.334838e-03
8.710000e+01   7.913574e+00   -0.000000e+00   -0.000000e+00   1.208408e+02   3.736213e-09   1.296217e-03
8.720000e+01   5.858284e+00   -0.000000e+00   -0.000000e+00   1.214796e+02   3.609771e-09   1.258970e-03
8.730000e+01   3.749822e+00   -0.000000e+00   -0.000000e+00   1.221713e+02   3.486926e-09   1.223050e-03
8.740000e+01   1.593696e+00   -0.000000e+00   -0.000000e+00   1.229125e+02   3.367740e-09   1.188412e-03
8.750000e+01   -6.045873e-01   -0.000000e+00   -0.000000e+00   1.236995e+02   3.252251e-09   1.155006e-03
8.760000e+01   -2.842439e+00   -0.000000e+00   -0.000000e+00   1.245287e+02   3.140477e-09   1.122788e-03
8.770000e+01   -5.188940e+00   -0.000000e+00   -0.000000e+00   1.253967e+02   3.032411e-09   1.091708e-03
8.780000e+01   -7.604151e+00   -0.000000e+00   -0.000000e+00   1.262998e+02   2.928031e-09   1.061721e-03
8.790000e+01   -9.991703e+00   -0.000000e+00   -0.000000e+00   1.272344e+02   2.827294e-09   1.032780e-03
8.800000e+01   -1.225523e+01   -0.000000e+00   -0.000000e+00   1.281970e+02   2.730143e-09   1.004837e-03
8.810000e+01   -1.430073e+01   -0.000000e+00   -0.000000e+00   1.291840e+02   2.636508e-09   9.778451e-04
8.820000e+01   -1.616622e+01   -0.000000e+00   -0.000000e+00   1.301918e+02   2.546305e-09   9.517579e-04
8.830000e+01   -1.791370e+01   -0.000000e+00   -0.000000e+00   1.312169e+02   2.459441e-09   9.265280e-04
8.840000e+01   -1.955894e+01   -0.000000e+00   -0.000000e+00   1.322557e+02   2.375812e-09   9.021085e-04
8.850000e+01   -2.111771e+01   -0.000000e+00   -0.000000e+00   1.333046e+02   2.295307e-09   8.784524e-04
8.860000e+01   -2.259878e+01   -0.000000e+00   -0.000000e+00   1.343613e+02   2.217812e-09   8.555222e-04
8.870000e+01   -2.364821e+01   -0.000000e+00   -0.000000e+00   1.354258e+02   2.143219e-09   8.332977e-04
8.880000e+01   -2.419686e+01   -0.000000e+00   -0.000000e+00   1.364983e+02   2.071423e-09   8.117610e-04
8.890000e+01   -2.444802e+01   -0.000000e+00   -0.000000e+00   1.375790e+02   2.002321e-09   7.908938e-04
8.900000e+01   -2.460498e+01   -0.000000e+00   -0.000000e+00   1.386682e+02   1.935815e-09   7.706781e-04
8.910000e+01   -2.486886e+01   -0.000000e+00   -0.000000e+00   1.397660e+02   1.871808e-09   7.510956e-04
8.920000e+01   -2.515353e+01   -0.000000e+00   -0.000000e+00   1.408728e+02   1.810205e-09   7.321284e-04
8.930000e+01   -2.533237e+01   -0.000000e+00   -0.000000e+00   1.419888e+02   1.750914e-09   7.137582e-04
8.940000e+01   -2.542808e+01   -0.000000e+00   -0.000000e+00   1.431141e+02   1.693846e-09   6.959670e-04
8.950000e+01   -2.546335e+01   -0.000000e+00   -0.000000e+00   1.442490e+02   1.638913e-09   6.787366e-04
8.960000e+01   -2.546116e+01   -0.000000e+00   -0.000000e+00   1.453938e+02   1.586032e-09   6.620489e-04
8.970000e+01   -2.548377e+01   -0.000000e+00   -0.000000e+00   1.465486e+02   1.535117e-09   6.458858e-04
8.980000e+01   -2.547159e+01   0.000000e+00   0.000000e+00   1.477138e+02   1.486090e-09   6.302291e-04
8.990000e+01   -2.528778e+01   0.000000e+00   0.000000e+00   1.488894e+02   1.438871e-09   6.150607e-04
9.000000e+01   -2.479551e+01   0.000000e+00   0.000000e+00   1.500758e+02   1.393383e-09   6.003626e-04
9.010000e+01   -2.385766e+01   0.000000e+00   0.000000e+00   1.512732e+02   1.349552e-09   5.861165e-04
9.020000e+01   -2.212926e+01   0.000000e+00   0.000000e+00   1.524818e+02   1.307304e-09   5.723044e-04
9.030000e+01   -1.959160e+01   0.000000e+00   0.000000e+00   1.537019e+02   1.266569e-09   5.589082e-04
9.040000e+01   -1.654509e+01   0.000000e+00   0.000000e+00   1.549336e+02   1.227277e-09   5.459096e-04
9.050000e+01   -1.329026e+01   0.000000e+00   0.000000e+00   1.561772e+02   1.189362e-09   5.332907e-04
9.060000e+01   -1.013765e+01   0.000000e+00   0.000000e+00   1.574320e+02   1.152770e-09   5.210363e-04
9.070000e+01   -7.059976e+00   0.000000e+00   0.000000e+00   1.586957e+02   1.117474e-09   5.091375e-04
9.080000e+01   -3.844247e+00   0.000000e+00   0.000000e+00   1.599656e+02   1.083450e-09   4.975856e-04
9.090000e+01   -5.404439e-01   0.000000e+00   0.000000e+00   1.612392e+02   1.050668e-09   4.863721e-04
9.100000e+01   2.801449e+00   0.000000e+00   0.000000e+00   1.625139e+02   1.019101e-09   4.754885e-04
9.110000e+01   6.131449e+00   0.000000e+00   0.000000e+00   1.637872e+02   9.887165e-10   4.649264e-04
9.120000e+01   9.565378e+00   0.000000e+00   0.000000e+00   1.650565e+02   9.594849e-10   4.546771e-04
9.130000e+01   1.315329e+01   0.000000e+00   0.000000e+00   1.663192e+02   9.313738e-10   4.447323e-04
9.140000e+01   1.670762e+01   0.000000e+00   0.000000e+00   1.675727e+02   9.043506e-10   4.350834e-04
9.150000e+01   2.004057e+01   0.000000e+00   0.000000e+00   1.688145e+02   8.783827e-10   4.257218e-04
9.160000e+01   2.296435e+01   0.000000e+00   0.000000e+00   1.700420e+02   8.534370e-10   4.166391e-04
9.170000e+01   2.530884e+01   0.000000e+00   0.000000e+00   1.712526e+02   8.294803e-10   4.078268e-04
9.180000e+01   2.714228e+01   0.000000e+00   0.000000e+00   1.724438e+02   8.064798e-10   3.992763e-04
9.190000e+01   2.865101e+01   0.000000e+00   0.000000e+00   1.736130e+02   7.844024e-10   3.909791e-04
9.200000e+01   3.002156e+01   0.000000e+00   0.000000e+00   1.747577e+02   7.632156e-10   3.829268e-04
9.210000e+01   3.144046e+01   0.000000e+00   0.000000e+00   1.758751e+02   7.428871e-10   3.751109e-04
9.220000e+01   3.273515e+01   0.000000e+00   0.000000e+00   1.769629e+02   7.233851e-10   3.675227e-04
9.230000e+01   3.364932e+01   0.000000e+00   0.000000e+00   1.780184e+02   7.046782e-10   3.601538e-04
9.240000e+01   3.449836e+01   0.000000e+00   0.000000e+00   1.790390e+02   6.867355e-10   3.529957e-04
9.250000e+01   3.560232e+01   0.000000e+00   0.000000e+00   1.800222e+02   6.695266e-10   3.460400e-04
9.260000e+01   3.728124e+01   0.000000e+00   0.000000e+00   1.809654e+02   6.530219e-10   3.392779e-04
9.270000e+01   3.963760e+01   0.000000e+00   0.000000e+00   1.818660e+02   6.371921e-10   3.327012e-04
9.280000e+01   4.231394e+01   0.000000e+00   0.000000e+00   1.827216e+02   6.220088e-10   3.263012e-04
9.290000e+01   4.507682e+01   0.000000e+00   0.000000e+00   1.835300e+02   6.074429e-10   3.200700e-04
9.300000e+01   4.771261e+01   0.000000e+00   0.000000e+00   1.842938e+02   5.934584e-10   3.140026e-04
9.310000e+01   5.001382e+01   0.000000e+00   0.000000e+00   1.850165e+02   5.800190e-10   3.080953e-04
9.320000e+01   5.189321e+01   0.000000e+00   0.000000e+00   1.857022e+02   5.670908e-10   3.023444e-04
9.330000e+01   5.352209e+01   0.000000e+00   0.000000e+00   1.863545e+02   5.546420e-10   2.967462e-04
9.340000e+01   5.497779e+01   0.000000e+00   0.000000e+00   1.869774e+02   5.426430e-10   2.912968e-04
9.350000e+01   5.633417e+01   0.000000e+00   0.000000e+00   1.875747e+02   5.310657e-10   2.859926e-04
9.360000e+01   5.766506e+01   0.000000e+00   0.000000e+00   1.881501e+02   5.198840e-10   2.808298e-04
9.370000e+01   5.906516e+01   0.000000e+00   0.000000e+00   1.887075e+02   5.090731e-10   2.758047e-04
9.380000e+01   6.057331e+01   0.000000e+00   0.000000e+00   1.892508e+02   4.986098e-10   2.709136e-04
9.390000e+01   6.212119e+01   0.000000e+00   0.000000e+00   1.897837e+02   4.884720e-10   2.661527e-04
9.400000e+01   6.363818e+01   0.000000e+00   0.000000e+00   1.903100e+02   4.786388e-10   2.615182e-04
9.410000e+01   6.505370e+01   0.000000e+00   0.000000e+00   1.908337e+02   4.690905e-10   2.570065e-04
9.420000e+01   6.646994e+01   0.000000e+00   0.000000e+00   1.913585e+02   4.598084e-10   2.526138e-04
9.430000e+01   6.809665e+01   0.000000e+00   0.000000e+00   1.918883e+02   4.507747e-10   2.483364e-04
9.440000e+01   6.965292e+01   0.000000e+00   0.000000e+00   1.924268e+02   4.419724e-10   2.441705e-04
9.450000e+01   7.083976e+01   0.000000e+00   0.000000e+00   1.929780e+02   4.333856e-10   2.401124e-04
9.460000e+01   7.135818e+01   0.000000e+00   0.000000e+00   1.935455e+02   4.249988e-10   2.361583e-04
9.470000e+01   7.119371e+01   0.000000e+00   0.000000e+00   1.941333e+02   4.167977e-10   2.323046e-04
9.480000e+01   7.093621e+01   0.000000e+00   0.000000e+00   1.947452e+02   4.087683e-10   2.285474e-04
9.490000e+01   7.062600e+01   0.000000e+00   0.000000e+00   1.953850e+02   4.008974e-10   2.248831e-04
9.500000e+01   7.026937e+01   0.000000e+00   0.000000e+00   1.960565e+02   3.931727e-10   2.213079e-04
9.510000e+01   6.987264e+01   0.000000e+00   0.000000e+00   1.967636e+02   3.855821e-10   2.178181e-04
9.520000e+01   6.944345e+01   0.000000e+00   0.000000e+00   1.975100e+02   3.781146e-10   2.144099e-04
9.530000e+01   6.899209e+01   0.000000e+00   0.000000e+00   1.982996e+02   3.707593e-10   2.110796e-04
9.540000e+01   6.852520e+01   0.000000e+00   0.000000e+00   1.991363e+02   3.635063e-10   2.078235e-04
9.550000e+01   6.804918e+01   0.000000e+00   0.000000e+00   2.000238e+02   3.563460e-10   2.046378e-04
9.560000e+01   6.757045e+01   0.000000e+00   0.000000e+00   2.009660e+02   3.492695e-10   2.015188e-04
9.570000e+01   6.704096e+01   0.000000e+00   0.000000e+00   2.019666e+02   3.422686e-10   1.984627e-04
9.580000e+01   6.633963e+01   0.000000e+00   0.000000e+00   2.030294e+02   3.353359e-10   1.954660e-04
9.590000e+01   6.556009e+01   0.000000e+00   0.000000e+00   2.041545e+02   3.284728e-10   1.925266e-04
9.600000e+01   6.480871e+01   0.000000e+00   0.000000e+00   2.053401e+02   3.216857e-10   1.896435e-04
9.610000e+01   6.419176e+01   0.000000e+00   0.000000e+00   2.065843e+02   3.149807e-10   1.868158e-04
9.620000e+01   6.381474e+01   0.000000e+00   0.000000e+00   2.078850e+02   3.083633e-10   1.840425e-04
9.630000e+01   6.367750e+01   0.000000e+00   0.000000e+00   2.092403e+02   3.018384e-10   1.813227e-04
9.640000e+01   6.365822e+01   0.000000e+00   0.000000e+00   2.106482e+02   2.954106e-10   1.786554e-04
9.650000e+01   6.363014e+01   0.000000e+00   0.000000e+00   2.121069e+02   2.890838e-10   1.760398e-04
9.660000e+01   6.346650e+01   0.000000e+00   0.000000e+00   2.136142e+02   2.828615e-10   1.734748e-04
9.670000e+01   6.307205e+01   0.000000e+00   0.000000e+00   2.151684e+02   2.767467e-10   1.709595e-04
9.680000e+01   6.252720e+01   0.000000e+00   0.000000e+00   2.167673e+02   2.707421e-10   1.684930e-04
9.690000e+01   6.189621e+01   0.000000e+00   0.000000e+00   2.184091e+02   2.648496e-10   1.660744e-04
9.700000e+01   6.123421e+01   0.000000e+00   0.000000e+00   2.200918e+02   2.590712e-10   1.637026e-04
9.710000e+01   6.059629e+01   0.000000e+00   0.000000e+00   2.218135e+02   2.534081e-10   1.613767e-04
9.720000e+01   6.001242e+01   0.000000e+00   0.000000e+00   2.235721e+02   2.478614e-10   1.590958e-04
9.730000e+01   5.941146e+01   0.000000e+00   0.000000e+00   2.253657e+02   2.424317e-10   1.568590e-04
9.740000e+01   5.881134e+01   0.000000e+00   0.000000e+00   2.271924e+02   2.371192e-10   1.546653e-04
9.750000e+01   5.824398e+01   0.000000e+00   0.000000e+00   2.290502e+02   2.319242e-10   1.525138e-04
9.760000e+01   5.774129e+01   0.000000e+00   0.000000e+00   2.309371e+02   2.268463e-10   1.504034e-04
9.770000e+01   5.736537e+01   0.000000e+00   0.000000e+00   2.328512e+02   2.218851e-10   1.483334e-04
9.780000e+01   5.724184e+01   0.000000e+00   0.000000e+00   2.347905e+02   2.170397e-10   1.463026e-04
9.790000e+01   5.726527e+01   0.000000e+00   0.000000e+00   2.367531e+02   2.123094e-10   1.443103e-04
9.800000e+01   5.730109e+01   0.000000e+00   0.000000e+00   2.387370e+02   2.076930e-10   1.423554e-04
9.810000e+01   5.721475e+01   0.000000e+00   0.000000e+00   2.407403e+02   2.031891e-10   1.404370e-04
9.820000e+01   5.691213e+01   0.000000e+00   0.000000e+00   2.427609e+02   1.987963e-10   1.385541e-04
9.830000e+01   5.654904e+01   0.000000e+00   0.000000e+00   2.447970e+02   1.945131e-10   1.367059e-04
9.840000e+01   5.615286e+01   0.000000e+00   0.000000e+00   2.468465e+02   1.903376e-10   1.348913e-04
9.850000e+01   5.571581e+01   0.000000e+00   0.000000e+00   2.489076e+02   1.862680e-10   1.331094e-04
9.860000e+01   5.523011e+01   0.000000e+00   0.000000e+00   2.509782e+02   1.823025e-10   1.313593e-04
9.870000e+01   5.464441e+01   0.000000e+00   0.000000e+00   2.530563e+02   1.784389e-10   1.296400e-04
9.880000e+01   5.368523e+01   0.000000e+00   0.000000e+00   2.551402e+02   1.746752e-10   1.279507e-04
9.890000e+01   5.237787e+01   0.000000e+00   0.000000e+00   2.572277e+02   1.710093e-10   1.262902e-04
9.900000e+01   5.080899e+01   0.000000e+00   0.000000e+00   2.593169e+02   1.674388e-10   1.246578e-04
9.910000e+01   4.906527e+01   0.000000e+00   0.000000e+00   2.614059e+02   1.639617e-10   1.230524e-04
9.920000e+01   4.712594e+01   0.000000e+00   0.000000e+00   2.634927e+02   1.605755e-10   1.214731e-04
9.930000e+01   4.433456e+01   0.000000e+00   0.000000e+00   2.655753e+02   1.572780e-10   1.199190e-04
9.940000e+01   4.089838e+01   0.000000e+00   0.000000e+00   2.676520e+02   1.540668e-10   1.183892e-04
9.950000e+01   3.722711e+01   0.000000e+00   0.000000e+00   2.697222e+02   1.509396e-10   1.168832e-04
9.960000e+01   3.373099e+01   0.000000e+00   0.000000e+00   2.717855e+02   1.478938e-10   1.154007e-04
9.970000e+01   3.076920e+01   0.000000e+00   0.000000e+00   2.738419e+02   1.449271e-10   1.139415e-04
9.980000e+01   2.811403e+01   0.000000e+00   0.000000e+00   2.758910e+02   1.420373e-10   1.125051e-04
9.990000e+01   2.558481e+01   0.000000e+00   0.000000e+00   2.779328e+02   1.392221e-10   1.110914e-04
1.000000e+02   2.308546e+01   0.000000e+00   0.000000e+00   2.799668e+02   1.364795e-10   1.096999e-04
1.001000e+02   2.051988e+01   0.000000e+00   0.000000e+00   2.819930e+02   1.338073e-10   1.083305e-04
1.002000e+02   1.778873e+01   0.000000e+00   0.000000e+00   2.840112e+02   1.312036e-10   1.069827e-04
1.003000e+02   1.483428e+01   0.000000e+00   0.000000e+00   2.860210e+02   1.286664e-10   1.056563e-04
1.004000e+02   1.177210e+01   0.000000e+00   0.000000e+00   2.880223e+02   1.261938e-10   1.043509e-04
1.005000e+02   8.743315e+00   0.000000e+00   0.000000e+00   2.900148e+02   1.237839e-10   1.030663e-04
1.006000e+02   5.889041e+00   0.000000e+00   0.000000e+00   2.919984e+02   1.214351e-10   1.018022e-04
1.007000e+02   3.339216e+00   0.000000e+00   0.000000e+00   2.939728e+02   1.191455e-10   1.005582e-04
1.008000e+02   1.025744e+00   0.000000e+00   0.000000e+00   2.959379e+02   1.169136e-10   9.933400e-05
1.009000e+02   -1.154131e+00   0.000000e+00   0.000000e+00   2.978933e+02   1.147376e-10   9.812935e-05
1.010000e+02   -3.274319e+00   0.000000e+00   0.000000e+00   2.998389e+02   1.126160e-10   9.694392e-05
1.011000e+02   -5.408732e+00   0.000000e+00   0.000000e+00   3.017745e+02   1.105473e-10   9.577740e-05
1.012000e+02   -7.645126e+00   0.000000e+00   0.000000e+00   3.036997e+02   1.085300e-10   9.462948e-05
1.013000e+02   -1.017599e+01   0.000000e+00   0.000000e+00   3.056146e+02   1.065625e-10   9.349986e-05
1.014000e+02   -1.282508e+01   0.000000e+00   0.000000e+00   3.075187e+02   1.046436e-10   9.238823e-05
1.015000e+02   -1.531179e+01   0.000000e+00   0.000000e+00   3.094119e+02   1.027719e-10   9.129428e-05
1.016000e+02   -1.735557e+01   0.000000e+00   0.000000e+00   3.112939e+02   1.009459e-10   9.021770e-05
1.017000e+02   -1.870868e+01   0.000000e+00   0.000000e+00   3.131646e+02   9.916448e-11   8.915819e-05
1.018000e+02   -1.980764e+01   0.000000e+00   0.000000e+00   3.150238e+02   9.742631e-11   8.811543e-05
1.019000e+02   -2.087239e+01   0.000000e+00   0.000000e+00   3.168711e+02   9.573019e-11   8.708913e-05
1.020000e+02   -2.189909e+01   0.000000e+00   0.000000e+00   3.187065e+02   9.407491e-11   8.607897e-05
1.021000e+02   -2.288392e+01   0.000000e+00   0.000000e+00   3.205296e+02   9.245931e-11   8.508464e-05
1.022000e+02   -2.380264e+01   0.000000e+00   0.000000e+00   3.223403e+02   9.088228e-11   8.410585e-05
1.023000e+02   -2.420558e+01   0.000000e+00   0.000000e+00   3.241383e+02   8.934271e-11   8.314227e-05
1.024000e+02   -2.409272e+01   0.000000e+00   0.000000e+00   3.259235e+02   8.783954e-11   8.219361e-05
1.025000e+02   -2.370865e+01   0.000000e+00   0.000000e+00   3.276955e+02   8.637172e-11   8.125955e-05
1.026000e+02   -2.329795e+01   0.000000e+00   0.000000e+00   3.294543e+02   8.493823e-11   8.033979e-05
1.027000e+02   -2.309323e+01   0.000000e+00   0.000000e+00   3.311995e+02   8.353809e-11   7.943403e-05
1.028000e+02   -2.290998e+01   0.000000e+00   0.000000e+00   3.329310e+02   8.217034e-11   7.854194e-05
1.029000e+02   -2.267509e+01   0.000000e+00   0.000000e+00   3.346485e+02   8.083404e-11   7.766323e-05
1.030000e+02   -2.249201e+01   0.000000e+00   0.000000e+00   3.363518e+02   7.952827e-11   7.679759e-05
1.031000e+02   -2.246418e+01   0.000000e+00   0.000000e+00   3.380407e+02   7.825213e-11   7.594471e-05
1.032000e+02   -2.269176e+01   0.000000e+00   0.000000e+00   3.397150e+02   7.700477e-11   7.510429e-05
1.033000e+02   -2.309151e+01   0.000000e+00   0.000000e+00   3.413745e+02   7.578533e-11   7.427601e-05
1.034000e+02   -2.355092e+01   0.000000e+00   0.000000e+00   3.430189e+02   7.459298e-11   7.345957e-05
1.035000e+02   -2.402298e+01   0.000000e+00   0.000000e+00   3.446480e+02   7.342692e-11   7.265466e-05
1.036000e+02   -2.446088e+01   0.000000e+00   0.000000e+00   3.462618e+02   7.228636e-11   7.186099e-05
1.037000e+02   -2.481936e+01   0.000000e+00   0.000000e+00   3.478603e+02   7.117059e-11   7.107842e-05
1.038000e+02   -2.509983e+01   0.000000e+00   0.000000e+00   3.494440e+02   7.007893e-11   7.030681e-05
1.039000e+02   -2.532663e+01   0.000000e+00   0.000000e+00   3.510132e+02   6.901074e-11   6.954604e-05
1.040000e+02   -2.550969e+01   0.000000e+00   0.000000e+00   3.525681e+02   6.796537e-11   6.879599e-05
1.041000e+02   -2.565892e+01   0.000000e+00   0.000000e+00   3.541092e+02   6.694223e-11   6.805652e-05
1.042000e+02   -2.578453e+01   0.000000e+00   0.000000e+00   3.556368e+02   6.594071e-11   6.732752e-05
1.043000e+02   -2.591955e+01   0.000000e+00   0.000000e+00   3.571512e+02   6.496023e-11   6.660886e-05
1.044000e+02   -2.604953e+01   0.000000e+00   0.000000e+00   3.586526e+02   6.400026e-11   6.590041e-05
1.045000e+02   -2.612901e+01   0.000000e+00   0.000000e+00   3.601416e+02   6.306025e-11   6.520206e-05
1.046000e+02   -2.611252e+01   0.000000e+00   0.000000e+00   3.616183e+02   6.213967e-11   6.451366e-05
1.047000e+02   -2.595275e+01   0.000000e+00   0.000000e+00   3.630832e+02   6.123802e-11   6.383511e-05
1.048000e+02   -2.523051e+01   0.000000e+00   0.000000e+00   3.645365e+02   6.035482e-11   6.316628e-05
1.049000e+02   -2.395840e+01   0.000000e+00   0.000000e+00   3.659786e+02   5.948957e-11   6.250703e-05
1.050000e+02   -2.258201e+01   0.000000e+00   0.000000e+00   3.674098e+02   5.864184e-11   6.185725e-05
1.051000e+02   -2.154692e+01   0.000000e+00   0.000000e+00   3.688304e+02   5.781115e-11   6.121681e-05
1.052000e+02   -2.129801e+01   0.000000e+00   0.000000e+00   3.702408e+02   5.699709e-11   6.058559e-05
1.053000e+02   -2.154570e+01   0.000000e+00   0.000000e+00   3.716413e+02   5.619922e-11   5.996345e-05
1.054000e+02   -2.178402e+01   0.000000e+00   0.000000e+00   3.730323e+02   5.541714e-11   5.935029e-05
1.055000e+02   -2.201358e+01   0.000000e+00   0.000000e+00   3.744140e+02   5.465044e-11   5.874596e-05
1.056000e+02   -2.223500e+01   0.000000e+00   0.000000e+00   3.757868e+02   5.389873e-11   5.815035e-05
1.057000e+02   -2.244888e+01   0.000000e+00   0.000000e+00   3.771510e+02   5.316164e-11   5.756334e-05
1.058000e+02   -2.274571e+01   0.000000e+00   0.000000e+00   3.785070e+02   5.243879e-11   5.698479e-05
1.059000e+02   -2.316973e+01   0.000000e+00   0.000000e+00   3.798550e+02   5.172984e-11   5.641458e-05
1.060000e+02   -2.365214e+01   0.000000e+00   0.000000e+00   3.811955e+02   5.103442e-11   5.585259e-05
1.061000e+02   -2.412410e+01   0.000000e+00   0.000000e+00   3.825288e+02   5.035219e-11   5.529869e-05
1.062000e+02   -2.451683e+01   0.000000e+00   0.000000e+00   3.838551e+02   4.968283e-11   5.475275e-05
1.063000e+02   -2.484982e+01   0.000000e+00   0.000000e+00   3.851748e+02   4.902601e-11   5.421466e-05
1.064000e+02   -2.517785e+01   0.000000e+00   0.000000e+00   3.864882e+02   4.838142e-11   5.368429e-05
1.065000e+02   -2.546792e+01   0.000000e+00   0.000000e+00   3.877958e+02   4.774874e-11   5.316151e-05
1.066000e+02   -2.568690e+01   0.000000e+00   0.000000e+00   3.890977e+02   4.712767e-11   5.264620e-05
1.067000e+02   -2.580168e+01   0.000000e+00   0.000000e+00   3.903944e+02   4.651793e-11   5.213823e-05
1.068000e+02   -2.559252e+01   0.000000e+00   0.000000e+00   3.916861e+02   4.591922e-11   5.163748e-05
1.069000e+02   -2.494866e+01   0.000000e+00   0.000000e+00   3.929732e+02   4.533127e-11   5.114382e-05
1.070000e+02   -2.409790e+01   0.000000e+00   0.000000e+00   3.942560e+02   4.475379e-11   5.065713e-05
1.071000e+02   -2.326918e+01   0.000000e+00   0.000000e+00   3.955349e+02   4.418653e-11   5.017728e-05
1.072000e+02   -2.269146e+01   0.000000e+00   0.000000e+00   3.968102e+02   4.362922e-11   4.970415e-05
1.073000e+02   -2.236129e+01   0.000000e+00   0.000000e+00   3.980822e+02   4.308161e-11   4.923762e-05
1.074000e+02   -2.204461e+01   0.000000e+00   0.000000e+00   3.993512e+02   4.254344e-11   4.877755e-05
1.075000e+02   -2.176101e+01   0.000000e+00   0.000000e+00   4.006176e+02   4.201447e-11   4.832383e-05
1.076000e+02   -2.153260e+01   0.000000e+00   0.000000e+00   4.018817e+02   4.149446e-11   4.787632e-05
1.077000e+02   -2.138149e+01   0.000000e+00   0.000000e+00   4.031439e+02   4.098318e-11   4.743491e-05
1.078000e+02   -2.158595e+01   0.000000e+00   0.000000e+00   4.044044e+02   4.048040e-11   4.699947e-05
1.079000e+02   -2.237753e+01   0.000000e+00   0.000000e+00   4.056636e+02   3.998588e-11   4.656988e-05
1.080000e+02   -2.342315e+01   0.000000e+00   0.000000e+00   4.069219e+02   3.949942e-11   4.614600e-05
1.081000e+02   -2.438255e+01   0.000000e+00   0.000000e+00   4.081795e+02   3.902079e-11   4.572772e-05
1.082000e+02   -2.491551e+01   0.000000e+00   0.000000e+00   4.094368e+02   3.854978e-11   4.531491e-05
1.083000e+02   -2.498811e+01   0.000000e+00   0.000000e+00   4.106941e+02   3.808619e-11   4.490744e-05
1.084000e+02   -2.501004e+01   0.000000e+00   0.000000e+00   4.119518e+02   3.762980e-11   4.450520e-05
1.085000e+02   -2.498440e+01   0.000000e+00   0.000000e+00   4.132102e+02   3.718044e-11   4.410805e-05
1.086000e+02   -2.490352e+01   0.000000e+00   0.000000e+00   4.144695e+02   3.673789e-11   4.371587e-05
1.087000e+02   -2.475950e+01   0.000000e+00   0.000000e+00   4.157297e+02   3.630206e-11   4.332860e-05
1.088000e+02   -2.441172e+01   0.000000e+00   0.000000e+00   4.169906e+02   3.587286e-11   4.294619e-05
1.089000e+02   -2.369255e+01   0.000000e+00   0.000000e+00   4.182519e+02   3.545021e-11   4.256857e-05
1.090000e+02   -2.279515e+01   0.000000e+00   0.000000e+00   4.195135e+02   3.503402e-11   4.219570e-05
1.091000e+02   -2.192239e+01   0.000000e+00   0.000000e+00   4.207751e+02   3.462421e-11   4.182753e-05
1.092000e+02   -2.127713e+01   0.000000e+00   0.000000e+00   4.220364e+02   3.422070e-11   4.146400e-05
1.093000e+02   -2.090823e+01   0.000000e+00   0.000000e+00   4.232974e+02   3.382340e-11   4.110506e-05
1.094000e+02   -2.055924e+01   0.000000e+00   0.000000e+00   4.245578e+02   3.343223e-11   4.075065e-05
1.095000e+02   -2.022158e+01   0.000000e+00   0.000000e+00   4.258173e+02   3.304711e-11   4.040073e-05
1.096000e+02   -1.989911e+01   0.000000e+00   0.000000e+00   4.270757e+02   3.266796e-11   4.005524e-05
1.097000e+02   -1.959570e+01   0.000000e+00   0.000000e+00   4.283329e+02   3.229470e-11   3.971413e-05
1.098000e+02   -1.964697e+01   0.000000e+00   0.000000e+00   4.295886e+02   3.192724e-11   3.937734e-05
1.099000e+02   -2.069244e+01   0.000000e+00   0.000000e+00   4.308425e+02   3.156550e-11   3.904483e-05
1.100000e+02   -2.234074e+01   0.000000e+00   0.000000e+00   4.320946e+02   3.120940e-11   3.871654e-05
1.101000e+02   -2.415134e+01   0.000000e+00   0.000000e+00   4.333444e+02   3.085886e-11   3.839242e-05
1.102000e+02   -2.568375e+01   0.000000e+00   0.000000e+00   4.345920e+02   3.051380e-11   3.807241e-05
1.103000e+02   -2.679227e+01   0.000000e+00   0.000000e+00   4.358369e+02   3.017415e-11   3.775647e-05
1.104000e+02   -2.799169e+01   0.000000e+00   0.000000e+00   4.370790e+02   2.983981e-11   3.744453e-05
1.105000e+02   -2.910223e+01   0.000000e+00   0.000000e+00   4.383181e+02   2.951072e-11   3.713656e-05
1.106000e+02   -2.989307e+01   0.000000e+00   0.000000e+00   4.395540e+02   2.918680e-11   3.683249e-05
1.107000e+02   -3.013343e+01   0.000000e+00   0.000000e+00   4.407865e+02   2.886795e-11   3.653227e-05
1.108000e+02   -2.964977e+01   0.000000e+00   0.000000e+00   4.420152e+02   2.855412e-11   3.623585e-05
1.109000e+02   -2.861375e+01   0.000000e+00   0.000000e+00   4.432401e+02   2.824522e-11   3.594317e-05
1.110000e+02   -2.726744e+01   0.000000e+00   0.000000e+00   4.444609e+02   2.794118e-11   3.565420e-05
1.111000e+02   -2.584726e+01   0.000000e+00   0.000000e+00   4.456774e+02   2.764191e-11   3.536886e-05
1.112000e+02   -2.458962e+01   0.000000e+00   0.000000e+00   4.468893e+02   2.734735e-11   3.508711e-05
1.113000e+02   -2.364519e+01   0.000000e+00   0.000000e+00   4.480965e+02   2.705742e-11   3.480890e-05
1.114000e+02   -2.281132e+01   0.000000e+00   0.000000e+00   4.492988e+02   2.677204e-11   3.453417e-05
1.115000e+02   -2.201873e+01   0.000000e+00   0.000000e+00   4.504958e+02   2.649114e-11   3.426287e-05
1.116000e+02   -2.122052e+01   0.000000e+00   0.000000e+00   4.516874e+02   2.621465e-11   3.399495e-05
1.117000e+02   -2.036981e+01   -0.000000e+00   -0.000000e+00   4.528735e+02   2.594250e-11   3.373036e-05
1.118000e+02   -1.944338e+01   -0.000000e+00   -0.000000e+00   4.540536e+02   2.567460e-11   3.346904e-05
1.119000e+02   -1.849503e+01   -0.000000e+00   -0.000000e+00   4.552278e+02   2.541090e-11   3.321094e-05
1.120000e+02   -1.749603e+01   -0.000000e+00   -0.000000e+00   4.563956e+02   2.515132e-11   3.295601e-05
1.121000e+02   -1.640728e+01   -0.000000e+00   -0.000000e+00   4.575570e+02   2.489578e-11   3.270419e-05
1.122000e+02   -1.518970e+01   -0.000000e+00   -0.000000e+00   4.587117e+02   2.464423e-11   3.245543e-05
1.123000e+02   -1.372096e+01   -0.000000e+00   -0.000000e+00   4.598595e+02   2.439658e-11   3.220969e-05
1.124000e+02   -1.169610e+01   -0.000000e+00   -0.000000e+00   4.610001e+02   2.415278e-11   3.196690e-05
1.125000e+02   -9.313389e+00   -0.000000e+00   -0.000000e+00   4.621334e+02   2.391275e-11   3.172701e-05
1.126000e+02   -6.829032e+00   -0.000000e+00   -0.000000e+00   4.632591e+02   2.367642e-11   3.148998e-05
1.127000e+02   -4.499227e+00   -0.000000e+00   -0.000000e+00   4.643770e+02   2.344374e-11   3.125575e-05
1.128000e+02   -2.471524e+00   -0.000000e+00   -0.000000e+00   4.654869e+02   2.321462e-11   3.102426e-05
1.129000e+02   -3.964121e-01   -0.000000e+00   -0.000000e+00   4.665886e+02   2.298901e-11   3.079547e-05
1.130000e+02   1.635740e+00   -0.000000e+00   -0.000000e+00   4.676818e+02   2.276684e-11   3.056931e-05
1.131000e+02   3.454491e+00   -0.000000e+00   -0.000000e+00   4.687664e+02   2.254805e-11   3.034575e-05
1.132000e+02   4.889401e+00   -0.000000e+00   -0.000000e+00   4.698422e+02   2.233257e-11   3.012472e-05
1.133000e+02   5.850966e+00   -0.000000e+00   -0.000000e+00   4.709088e+02   2.212034e-11   2.990618e-05
1.134000e+02   6.715956e+00   -0.000000e+00   -0.000000e+00   4.719662e+02   2.191129e-11   2.969006e-05
1.135000e+02   7.552269e+00   -0.000000e+00   -0.000000e+00   4.730140e+02   2.170536e-11   2.947632e-05
1.136000e+02   8.353706e+00   -0.000000e+00   -0.000000e+00   4.740520e+02   2.150249e-11   2.926491e-05
1.137000e+02   9.114071e+00   -0.000000e+00   -0.000000e+00   4.750802e+02   2.130263e-11   2.905577e-05
1.138000e+02   9.784492e+00   -0.000000e+00   -0.000000e+00   4.760981e+02   2.110570e-11   2.884885e-05
1.139000e+02   1.013661e+01   -0.000000e+00   -0.000000e+00   4.771057e+02   2.091165e-11   2.864410e-05
1.140000e+02   1.029801e+01   -0.000000e+00   -0.000000e+00   4.781026e+02   2.072041e-11   2.844146e-05
1.141000e+02   1.046147e+01   -0.000000e+00   -0.000000e+00   4.790888e+02   2.053194e-11   2.824088e-05
1.142000e+02   1.081975e+01   -0.000000e+00   -0.000000e+00   4.800638e+02   2.034616e-11   2.804232e-05
1.143000e+02   1.156786e+01   -0.000000e+00   -0.000000e+00   4.810277e+02   2.016303e-11   2.784570e-05
1.144000e+02   1.278962e+01   -0.000000e+00   -0.000000e+00   4.819800e+02   1.998248e-11   2.765100e-05
1.145000e+02   1.433130e+01   -0.000000e+00   -0.000000e+00   4.829207e+02   1.980446e-11   2.745814e-05
1.146000e+02   1.601557e+01   -0.000000e+00   -0.000000e+00   4.838495e+02   1.962890e-11   2.726708e-05
1.147000e+02   1.766507e+01   -0.000000e+00   -0.000000e+00   4.847661e+02   1.945577e-11   2.707777e-05
1.148000e+02   1.914201e+01   -0.000000e+00   -0.000000e+00   4.856704e+02   1.928498e-11   2.689015e-05
1.149000e+02   2.065793e+01   -0.000000e+00   -0.000000e+00   4.865621e+02   1.911650e-11   2.670417e-05
1.150000e+02   2.219012e+01   -0.000000e+00   -0.000000e+00   4.874412e+02   1.895028e-11   2.651979e-05
1.151000e+02   2.363086e+01   -0.000000e+00   -0.000000e+00   4.883076e+02   1.878625e-11   2.633699e-05
1.152000e+02   2.487234e+01   -0.000000e+00   -0.000000e+00   4.891618e+02   1.862440e-11   2.615575e-05
1.153000e+02   2.581140e+01   -0.000000e+00   -0.000000e+00   4.900037e+02   1.846467e-11   2.597606e-05
1.154000e+02   2.645154e+01   -0.000000e+00   -0.000000e+00   4.908338e+02   1.830703e-11   2.579792e-05
1.155000e+02   2.688199e+01   -0.000000e+00   -0.000000e+00   4.916520e+02   1.815144e-11   2.562130e-05
1.156000e+02   2.719133e+01   -0.000000e+00   -0.000000e+00   4.924587e+02   1.799786e-11   2.544621e-05
1.157000e+02   2.746817e+01   -0.000000e+00   -0.000000e+00   4.932541e+02   1.784626e-11   2.527262e-05
1.158000e+02   2.779239e+01   -0.000000e+00   -0.000000e+00   4.940382e+02   1.769660e-11   2.510052e-05
1.159000e+02   2.810787e+01   -0.000000e+00   -0.000000e+00   4.948115e+02   1.754885e-11   2.492991e-05
1.160000e+02   2.836957e+01   -0.000000e+00   -0.000000e+00   4.955739e+02   1.740297e-11   2.476077e-05
1.161000e+02   2.855936e+01   -0.000000e+00   -0.000000e+00   4.963259e+02   1.725893e-11   2.459309e-05
1.162000e+02   2.865909e+01   -0.000000e+00   -0.000000e+00   4.970674e+02   1.711669e-11   2.442685e-05
1.163000e+02   2.862559e+01   -0.000000e+00   -0.000000e+00   4.977988e+02   1.697623e-11   2.426205e-05
1.164000e+02   2.813881e+01   -0.000000e+00   -0.000000e+00   4.985203e+02   1.683751e-11   2.409867e-05
1.165000e+02   2.734740e+01   -0.000000e+00   -0.000000e+00   4.992320e+02   1.670050e-11   2.393670e-05
1.166000e+02   2.656320e+01   -0.000000e+00   -0.000000e+00   4.999341e+02   1.656517e-11   2.377613e-05
1.167000e+02   2.609806e+01   -0.000000e+00   -0.000000e+00   5.006269e+02   1.643150e-11   2.361695e-05
1.168000e+02   2.623707e+01   -0.000000e+00   -0.000000e+00   5.013105e+02   1.629945e-11   2.345914e-05
1.169000e+02   2.668017e+01   -0.000000e+00   -0.000000e+00   5.019852e+02   1.616899e-11   2.330269e-05
1.170000e+02   2.723422e+01   -0.000000e+00   -0.000000e+00   5.026511e+02   1.604010e-11   2.314760e-05
1.171000e+02   2.787846e+01   -0.000000e+00   -0.000000e+00   5.033085e+02   1.591274e-11   2.299385e-05
1.172000e+02   2.859213e+01   -0.000000e+00   -0.000000e+00   5.039575e+02   1.578690e-11   2.284142e-05
1.173000e+02   2.935631e+01   -0.000000e+00   -0.000000e+00   5.045983e+02   1.566254e-11   2.269031e-05
1.174000e+02   3.019132e+01   -0.000000e+00   -0.000000e+00   5.052312e+02   1.553964e-11   2.254050e-05
1.175000e+02   3.107879e+01   -0.000000e+00   -0.000000e+00   5.058564e+02   1.541818e-11   2.239198e-05
1.176000e+02   3.197856e+01   -0.000000e+00   -0.000000e+00   5.064739e+02   1.529812e-11   2.224475e-05
1.177000e+02   3.285045e+01   -0.000000e+00   -0.000000e+00   5.070842e+02   1.517944e-11   2.209878e-05
1.178000e+02   3.365209e+01   -0.000000e+00   -0.000000e+00   5.076872e+02   1.506213e-11   2.195406e-05
1.179000e+02   3.429774e+01   -0.000000e+00   -0.000000e+00   5.082834e+02   1.494615e-11   2.181060e-05
1.180000e+02   3.481392e+01   -0.000000e+00   -0.000000e+00   5.088727e+02   1.483148e-11   2.166836e-05
1.181000e+02   3.527470e+01   -0.000000e+00   -0.000000e+00   5.094555e+02   1.471810e-11   2.152734e-05
1.182000e+02   3.575414e+01   -0.000000e+00   -0.000000e+00   5.100320e+02   1.460599e-11   2.138753e-05
1.183000e+02   3.632244e+01   -0.000000e+00   -0.000000e+00   5.106023e+02   1.449512e-11   2.124892e-05
1.184000e+02   3.687829e+01   -0.000000e+00   -0.000000e+00   5.111666e+02   1.438547e-11   2.111149e-05
1.185000e+02   3.741194e+01   -0.000000e+00   -0.000000e+00   5.117252e+02   1.427702e-11   2.097524e-05
1.186000e+02   3.801254e+01   -0.000000e+00   -0.000000e+00   5.122783e+02   1.416976e-11   2.084014e-05
1.187000e+02   3.876926e+01   -0.000000e+00   -0.000000e+00   5.128259e+02   1.406365e-11   2.070619e-05
1.188000e+02   3.977088e+01   -0.000000e+00   -0.000000e+00   5.133685e+02   1.395867e-11   2.057338e-05
1.189000e+02   4.104362e+01   -0.000000e+00   -0.000000e+00   5.139060e+02   1.385482e-11   2.044170e-05
1.190000e+02   4.251103e+01   -0.000000e+00   -0.000000e+00   5.144389e+02   1.375206e-11   2.031113e-05
1.191000e+02   4.409137e+01   -0.000000e+00   -0.000000e+00   5.149671e+02   1.365039e-11   2.018165e-05
1.192000e+02   4.570289e+01   -0.000000e+00   -0.000000e+00   5.154910e+02   1.354977e-11   2.005327e-05
1.193000e+02   4.726464e+01   -0.000000e+00   -0.000000e+00   5.160108e+02   1.345018e-11   1.992597e-05
1.194000e+02   4.880334e+01   -0.000000e+00   -0.000000e+00   5.165266e+02   1.335163e-11   1.979973e-05
1.195000e+02   5.036293e+01   -0.000000e+00   -0.000000e+00   5.170387e+02   1.325407e-11   1.967454e-05
1.196000e+02   5.193215e+01   -0.000000e+00   -0.000000e+00   5.175472e+02   1.315749e-11   1.955039e-05
1.197000e+02   5.349974e+01   -0.000000e+00   -0.000000e+00   5.180523e+02   1.306189e-11   1.942728e-05
1.198000e+02   5.505439e+01   -0.000000e+00   -0.000000e+00   5.185543e+02   1.296723e-11   1.930518e-05
1.199000e+02   5.658108e+01   -0.000000e+00   -0.000000e+00   5.190533e+02   1.287350e-11   1.918408e-05
1.200000e+02   5.808909e+01   -0.000000e+00   -0.000000e+00   5.195496e+02   1.278069e-11   1.906398e-05
1.201000e+02   5.960032e+01   -0.000000e+00   -0.000000e+00   5.200433e+02   1.268877e-11   1.894487e-05
1.202000e+02   6.113669e+01   -0.000000e+00   -0.000000e+00   5.205347e+02   1.259774e-11   1.882672e-05
1.203000e+02   6.272027e+01   -0.000000e+00   -0.000000e+00   5.210240e+02   1.250756e-11   1.870953e-05
1.204000e+02   6.448665e+01   -0.000000e+00   -0.000000e+00   5.215112e+02   1.241824e-11   1.859328e-05
1.205000e+02   6.641748e+01   -0.000000e+00   -0.000000e+00   5.219967e+02   1.232975e-11   1.847797e-05
1.206000e+02   6.833103e+01   -0.000000e+00   -0.000000e+00   5.224807e+02   1.224207e-11   1.836358e-05
1.207000e+02   7.004558e+01   -0.000000e+00   -0.000000e+00   5.229633e+02   1.215519e-11   1.825010e-05
1.208000e+02   7.137940e+01   -0.000000e+00   -0.000000e+00   5.234448e+02   1.206910e-11   1.813752e-05
1.209000e+02   7.242675e+01   -0.000000e+00   -0.000000e+00   5.239253e+02   1.198377e-11   1.802583e-05
1.210000e+02   7.342324e+01   -0.000000e+00   -0.000000e+00   5.244050e+02   1.189920e-11   1.791501e-05
1.211000e+02   7.439922e+01   -0.000000e+00   -0.000000e+00   5.248842e+02   1.181537e-11   1.780505e-05
1.212000e+02   7.538500e+01   -0.000000e+00   -0.000000e+00   5.253631e+02   1.173227e-11   1.769595e-05
1.213000e+02   7.641094e+01   -0.000000e+00   -0.000000e+00   5.258418e+02   1.164987e-11   1.758768e-05
1.214000e+02   7.748297e+01   -0.000000e+00   -0.000000e+00   5.263205e+02   1.156817e-11   1.748024e-05
1.215000e+02   7.857808e+01   -0.000000e+00   -0.000000e+00   5.267995e+02   1.148715e-11   1.737361e-05
1.216000e+02   7.968701e+01   -0.000000e+00   -0.000000e+00   5.272790e+02   1.140680e-11   1.726779e-05
1.217000e+02   8.080051e+01   -0.000000e+00   -0.000000e+00   5.277591e+02   1.132711e-11   1.716276e-05
1.218000e+02   8.190931e+01   -0.000000e+00   -0.000000e+00   5.282400e+02   1.124805e-11   1.705850e-05
1.219000e+02   8.303622e+01   -0.000000e+00   -0.000000e+00   5.287220e+02   1.116962e-11   1.695502e-05
1.220000e+02   8.419688e+01   -0.000000e+00   -0.000000e+00   5.292052e+02   1.109181e-11   1.685229e-05
1.221000e+02   8.535579e+01   -0.000000e+00   -0.000000e+00   5.296899e+02   1.101459e-11   1.675030e-05
1.222000e+02   8.647724e+01   -0.000000e+00   -0.000000e+00   5.301762e+02   1.093797e-11   1.664904e-05
1.223000e+02   8.752553e+01   -0.000000e+00   -0.000000e+00   5.306644e+02   1.086192e-11   1.654851e-05
1.224000e+02   8.839261e+01   -0.000000e+00   -0.000000e+00   5.311546e+02   1.078643e-11   1.644868e-05
1.225000e+02   8.902258e+01   -0.000000e+00   -0.000000e+00   5.316471e+02   1.071149e-11   1.634954e-05
1.226000e+02   8.952017e+01   -0.000000e+00   -0.000000e+00   5.321420e+02   1.063709e-11   1.625109e-05
1.227000e+02   8.999124e+01   -0.000000e+00   -0.000000e+00   5.326396e+02   1.056321e-11   1.615331e-05
1.228000e+02   9.054180e+01   -0.000000e+00   -0.000000e+00   5.331399e+02   1.048985e-11   1.605620e-05
1.229000e+02   9.120496e+01   -0.000000e+00   -0.000000e+00   5.336430e+02   1.041700e-11   1.595975e-05
1.230000e+02   9.189506e+01   -0.000000e+00   -0.000000e+00   5.341488e+02   1.034467e-11   1.586395e-05
1.231000e+02   9.259275e+01   -0.000000e+00   -0.000000e+00   5.346573e+02   1.027285e-11   1.576881e-05
1.232000e+02   9.328002e+01   -0.000000e+00   -0.000000e+00   5.351686e+02   1.020154e-11   1.567432e-05
1.233000e+02   9.393888e+01   -0.000000e+00   -0.000000e+00   5.356826e+02   1.013073e-11   1.558047e-05
1.234000e+02   9.455899e+01   -0.000000e+00   -0.000000e+00   5.361994e+02   1.006042e-11   1.548727e-05
1.235000e+02   9.515086e+01   -0.000000e+00   -0.000000e+00   5.367189e+02   9.990617e-12   1.539471e-05
1.236000e+02   9.572243e+01   -0.000000e+00   -0.000000e+00   5.372412e+02   9.921308e-12   1.530279e-05
1.237000e+02   9.628145e+01   -0.000000e+00   -0.000000e+00   5.377661e+02   9.852495e-12   1.521150e-05
1.238000e+02   9.683565e+01   -0.000000e+00   -0.000000e+00   5.382938e+02   9.784173e-12   1.512084e-05
1.239000e+02   9.738837e+01   -0.000000e+00   -0.000000e+00   5.388243e+02   9.716341e-12   1.503081e-05
1.240000e+02   9.793359e+01   -0.000000e+00   -0.000000e+00   5.393575e+02   9.648996e-12   1.494140e-05
1.241000e+02   9.847024e+01   -0.000000e+00   -0.000000e+00   5.398933e+02   9.582136e-12   1.485261e-05
1.242000e+02   9.899749e+01   -0.000000e+00   -0.000000e+00   5.404320e+02   9.515758e-12   1.476443e-05
1.243000e+02   9.951450e+01   -0.000000e+00   -0.000000e+00   5.409733e+02   9.449859e-12   1.467687e-05
1.244000e+02   1.000184e+02   -0.000000e+00   -0.000000e+00   5.415174e+02   9.384437e-12   1.458992e-05
1.245000e+02   1.005073e+02   -0.000000e+00   -0.000000e+00   5.420642e+02   9.319489e-12   1.450358e-05
1.246000e+02   1.009870e+02   -0.000000e+00   -0.000000e+00   5.426137e+02   9.255013e-12   1.441784e-05
1.247000e+02   1.014632e+02   -0.000000e+00   -0.000000e+00   5.431659e+02   9.191005e-12   1.433270e-05
1.248000e+02   1.019422e+02   -0.000000e+00   -0.000000e+00   5.437208e+02   9.127464e-12   1.424815e-05
1.249000e+02   1.024204e+02   -0.000000e+00   -0.000000e+00   5.442785e+02   9.064387e-12   1.416420e-05
1.250000e+02   1.028846e+02   -0.000000e+00   -0.000000e+00   5.448389e+02   9.001770e-12   1.408083e-05
1.251000e+02   1.033485e+02   -0.000000e+00   -0.000000e+00   5.454019e+02   8.939613e-12   1.399806e-05
1.252000e+02   1.038275e+02   -0.000000e+00   -0.000000e+00   5.459677e+02   8.877911e-12   1.391586e-05
1.253000e+02   1.043367e+02   -0.000000e+00   -0.000000e+00   5.465362e+02   8.816662e-12   1.383425e-05
1.254000e+02   1.048854e+02   -0.000000e+00   -0.000000e+00   5.471074e+02   8.755863e-12   1.375321e-05
1.255000e+02   1.054570e+02   -0.000000e+00   -0.000000e+00   5.476813e+02   8.695513e-12   1.367274e-05
1.256000e+02   1.060364e+02   -0.000000e+00   -0.000000e+00   5.482580e+02   8.635608e-12   1.359284e-05
1.257000e+02   1.066091e+02   -0.000000e+00   -0.000000e+00   5.488373e+02   8.576145e-12   1.351351e-05
1.258000e+02   1.071606e+02   -0.000000e+00   -0.000000e+00   5.494193e+02   8.517122e-12   1.343474e-05
1.259000e+02   1.076851e+02   -0.000000e+00   -0.000000e+00   5.500040e+02   8.458537e-12   1.335652e-05
1.260000e+02   1.081985e+02   -0.000000e+00   -0.000000e+00   5.505914e+02   8.400386e-12   1.327887e-05
1.261000e+02   1.086933e+02   -0.000000e+00   -0.000000e+00   5.511815e+02   8.342667e-12   1.320176e-05
1.262000e+02   1.091600e+02   -0.000000e+00   -0.000000e+00   5.517743e+02   8.285378e-12   1.312521e-05
1.263000e+02   1.095889e+02   -0.000000e+00   -0.000000e+00   5.523698e+02   8.228515e-12   1.304920e-05
1.264000e+02   1.099472e+02   -0.000000e+00   -0.000000e+00   5.529680e+02   8.172076e-12   1.297373e-05
1.265000e+02   1.101762e+02   -0.000000e+00   -0.000000e+00   5.535688e+02   8.116059e-12   1.289880e-05
1.266000e+02   1.103356e+02   -0.000000e+00   -0.000000e+00   5.541724e+02   8.060460e-12   1.282440e-05
1.267000e+02   1.104950e+02   -0.000000e+00   -0.000000e+00   5.547786e+02   8.005277e-12   1.275054e-05
1.268000e+02   1.107236e+02   -0.000000e+00   -0.000000e+00   5.553876e+02   7.950508e-12   1.267720e-05
1.269000e+02   1.110549e+02   -0.000000e+00   -0.000000e+00   5.559992e+02   7.896149e-12   1.260439e-05
1.270000e+02   1.113915e+02   -0.000000e+00   -0.000000e+00   5.566135e+02   7.842198e-12   1.253210e-05
1.271000e+02   1.117437e+02   -0.000000e+00   -0.000000e+00   5.572304e+02   7.788653e-12   1.246033e-05
1.272000e+02   1.121368e+02   -0.000000e+00   -0.000000e+00   5.578501e+02   7.735510e-12   1.238907e-05
1.273000e+02   1.125957e+02   -0.000000e+00   -0.000000e+00   5.584724e+02   7.682767e-12   1.231833e-05
1.274000e+02   1.131415e+02   -0.000000e+00   -0.000000e+00   5.590974e+02   7.630421e-12   1.224809e-05
1.275000e+02   1.137599e+02   -0.000000e+00   -0.000000e+00   5.597250e+02   7.578470e-12   1.217836e-05
1.276000e+02   1.144271e+02   -0.000000e+00   -0.000000e+00   5.603554e+02   7.526911e-12   1.210912e-05
1.277000e+02   1.151205e+02   -0.000000e+00   -0.000000e+00   5.609884e+02   7.475741e-12   1.204039e-05
1.278000e+02   1.158174e+02   -0.000000e+00   -0.000000e+00   5.616240e+02   7.424958e-12   1.197215e-05
1.279000e+02   1.165203e+02   -0.000000e+00   -0.000000e+00   5.622624e+02   7.374559e-12   1.190440e-05
1.280000e+02   1.173166e+02   -0.000000e+00   -0.000000e+00   5.629034e+02   7.324541e-12   1.183714e-05
1.281000e+02   1.181476e+02   -0.000000e+00   -0.000000e+00   5.635470e+02   7.274902e-12   1.177036e-05
1.282000e+02   1.189331e+02   -0.000000e+00   -0.000000e+00   5.641934e+02   7.225638e-12   1.170406e-05
1.283000e+02   1.195930e+02   -0.000000e+00   -0.000000e+00   5.648424e+02   7.176748e-12   1.163824e-05
1.284000e+02   1.200491e+02   -0.000000e+00   -0.000000e+00   5.654940e+02   7.128229e-12   1.157289e-05
1.285000e+02   1.202912e+02   -0.000000e+00   -0.000000e+00   5.661483e+02   7.080077e-12   1.150802e-05
1.286000e+02   1.203878e+02   -0.000000e+00   -0.000000e+00   5.668053e+02   7.032290e-12   1.144361e-05
1.287000e+02   1.204119e+02   -0.000000e+00   -0.000000e+00   5.674649e+02   6.984867e-12   1.137966e-05
1.288000e+02   1.204364e+02   -0.000000e+00   -0.000000e+00   5.681271e+02   6.937803e-12   1.131618e-05
1.289000e+02   1.205067e+02   -0.000000e+00   -0.000000e+00   5.687920e+02   6.891096e-12   1.125315e-05
1.290000e+02   1.205092e+02   -0.000000e+00   -0.000000e+00   5.694596e+02   6.844744e-12   1.119058e-05
1.291000e+02   1.204851e+02   -0.000000e+00   -0.000000e+00   5.701298e+02   6.798744e-12   1.112845e-05
1.292000e+02   1.205119e+02   -0.000000e+00   -0.000000e+00   5.708026e+02   6.753094e-12   1.106678e-05
1.293000e+02   1.206671e+02   -0.000000e+00   -0.000000e+00   5.714781e+02   6.707790e-12   1.100554e-05
1.294000e+02   1.210035e+02   -0.000000e+00   -0.000000e+00   5.721562e+02   6.662830e-12   1.094475e-05
1.295000e+02   1.213751e+02   -0.000000e+00   -0.000000e+00   5.728370e+02   6.618211e-12   1.088439e-05
1.296000e+02   1.217431e+02   -0.000000e+00   -0.000000e+00   5.735204e+02   6.573931e-12   1.082446e-05
1.297000e+02   1.221064e+02   -0.000000e+00   -0.000000e+00   5.742065e+02   6.529987e-12   1.076497e-05
1.298000e+02   1.224643e+02   -0.000000e+00   -0.000000e+00   5.748952e+02   6.486377e-12   1.070590e-05
1.299000e+02   1.228189e+02   -0.000000e+00   -0.000000e+00   5.755865e+02   6.443097e-12   1.064725e-05
1.300000e+02   1.231928e+02   -0.000000e+00   -0.000000e+00   5.762804e+02   6.400146e-12   1.058903e-05
