#% 0, Z0, m, 0.0
#% 1, Z, km
#% 2, U, m/s
#% 3, V, m/s
#% 4, W, m/s
#% 5, T, degK
#% 6, RHO, g/cm3
#% 7, P, mbar
0.000000e+00   -1.185339e+00   -0.000000e+00   -0.000000e+00   2.710191e+02   1.246931e-03   9.702297e+02
1.000000e-01   -1.241756e+00   -0.000000e+00   -0.000000e+00   2.701035e+02   1.235560e-03   9.581344e+02
2.000000e-01   -1.315386e+00   -0.000000e+00   -0.000000e+00   2.691441e+02   1.224450e-03   9.461463e+02
3.000000e-01   -1.296443e+00   -0.000000e+00   -0.000000e+00   2.682438e+02   1.213133e-03   9.342655e+02
4.000000e-01   -1.092795e+00   -0.000000e+00   -0.000000e+00   2.675144e+02   1.201110e-03   9.224917e+02
5.000000e-01   -7.099680e-01   -0.000000e+00   -0.000000e+00   2.670810e+02   1.187844e-03   9.108245e+02
6.000000e-01   -3.633815e-01   -0.000000e+00   -0.000000e+00   2.668823e+02   1.173640e-03   8.992639e+02
7.000000e-01   -1.245497e-01   -0.000000e+00   -0.000000e+00   2.666486e+02   1.159709e-03   8.878112e+02
8.000000e-01   9.598177e-02   -0.000000e+00   -0.000000e+00   2.661816e+02   1.146902e-03   8.764693e+02
9.000000e-01   2.938592e-01   -0.000000e+00   -0.000000e+00   2.655865e+02   1.134746e-03   8.652405e+02
1.000000e+00   4.792725e-01   -0.000000e+00   -0.000000e+00   2.649626e+02   1.122800e-03   8.541213e+02
1.100000e+00   6.733148e-01   -0.000000e+00   -0.000000e+00   2.643419e+02   1.110960e-03   8.431345e+02
1.200000e+00   8.571049e-01   -0.000000e+00   -0.000000e+00   2.637172e+02   1.099290e-03   8.323060e+02
1.300000e+00   9.734315e-01   -0.000000e+00   -0.000000e+00   2.630791e+02   1.087829e-03   8.216359e+02
1.400000e+00   1.004966e+00   -0.000000e+00   -0.000000e+00   2.624388e+02   1.076492e-03   8.110939e+02
1.500000e+00   9.991790e-01   -0.000000e+00   -0.000000e+00   2.618213e+02   1.065162e-03   8.006690e+02
1.600000e+00   9.858651e-01   -0.000000e+00   -0.000000e+00   2.612403e+02   1.053789e-03   7.903622e+02
1.700000e+00   9.408050e-01   -0.000000e+00   -0.000000e+00   2.606924e+02   1.042393e-03   7.801754e+02
1.800000e+00   8.871102e-01   -0.000000e+00   -0.000000e+00   2.602048e+02   1.030872e-03   7.701095e+02
1.900000e+00   8.666218e-01   -0.000000e+00   -0.000000e+00   2.598174e+02   1.019077e-03   7.601644e+02
2.000000e+00   8.744160e-01   -0.000000e+00   -0.000000e+00   2.595382e+02   1.006988e-03   7.503399e+02
2.100000e+00   8.660858e-01   -0.000000e+00   -0.000000e+00   2.593529e+02   9.946744e-04   7.406352e+02
2.200000e+00   8.091861e-01   -0.000000e+00   -0.000000e+00   2.592399e+02   9.822284e-04   7.310493e+02
2.300000e+00   7.098379e-01   -0.000000e+00   -0.000000e+00   2.591620e+02   9.697986e-04   7.215812e+02
2.400000e+00   5.787642e-01   -0.000000e+00   -0.000000e+00   2.590820e+02   9.575258e-04   7.122296e+02
2.500000e+00   4.438676e-01   0.000000e+00   0.000000e+00   2.589860e+02   9.454585e-04   7.029930e+02
2.600000e+00   3.627814e-01   0.000000e+00   0.000000e+00   2.588742e+02   9.335911e-04   6.938697e+02
2.700000e+00   3.757880e-01   0.000000e+00   0.000000e+00   2.587413e+02   9.219391e-04   6.848577e+02
2.800000e+00   4.524849e-01   0.000000e+00   0.000000e+00   2.585632e+02   9.105809e-04   6.759547e+02
2.900000e+00   5.587030e-01   0.000000e+00   0.000000e+00   2.583130e+02   8.996012e-04   6.671580e+02
3.000000e+00   6.510860e-01   0.000000e+00   0.000000e+00   2.579854e+02   8.890078e-04   6.584656e+02
3.100000e+00   6.902591e-01   0.000000e+00   0.000000e+00   2.576022e+02   8.787156e-04   6.498758e+02
3.200000e+00   6.896701e-01   0.000000e+00   0.000000e+00   2.571872e+02   8.686371e-04   6.413869e+02
3.300000e+00   6.643794e-01   0.000000e+00   0.000000e+00   2.567612e+02   8.586974e-04   6.329975e+02
3.400000e+00   6.391288e-01   0.000000e+00   0.000000e+00   2.563315e+02   8.488707e-04   6.247064e+02
3.500000e+00   6.418448e-01   0.000000e+00   0.000000e+00   2.559010e+02   8.391462e-04   6.165125e+02
3.600000e+00   6.784785e-01   0.000000e+00   0.000000e+00   2.554724e+02   8.295135e-04   6.084148e+02
3.700000e+00   7.117636e-01   0.000000e+00   0.000000e+00   2.550483e+02   8.199639e-04   6.004122e+02
3.800000e+00   7.399425e-01   0.000000e+00   0.000000e+00   2.546242e+02   8.105110e-04   5.925035e+02
3.900000e+00   7.628891e-01   0.000000e+00   0.000000e+00   2.541895e+02   8.011867e-04   5.846873e+02
4.000000e+00   7.804719e-01   0.000000e+00   0.000000e+00   2.537332e+02   7.920225e-04   5.769620e+02
4.100000e+00   8.576421e-01   0.000000e+00   0.000000e+00   2.532446e+02   7.830484e-04   5.693263e+02
4.200000e+00   1.108865e+00   0.000000e+00   0.000000e+00   2.527160e+02   7.742837e-04   5.617787e+02
4.300000e+00   1.436287e+00   0.000000e+00   0.000000e+00   2.521553e+02   7.656998e-04   5.543179e+02
4.400000e+00   1.732085e+00   0.000000e+00   0.000000e+00   2.515752e+02   7.572543e-04   5.469428e+02
4.500000e+00   1.888433e+00   0.000000e+00   0.000000e+00   2.509885e+02   7.489065e-04   5.396521e+02
4.600000e+00   1.720201e+00   0.000000e+00   0.000000e+00   2.504081e+02   7.406171e-04   5.324446e+02
4.700000e+00   1.076047e+00   0.000000e+00   0.000000e+00   2.498429e+02   7.323588e-04   5.253192e+02
4.800000e+00   2.035239e-01   0.000000e+00   0.000000e+00   2.492892e+02   7.241424e-04   5.182745e+02
4.900000e+00   -6.298648e-01   0.000000e+00   0.000000e+00   2.487405e+02   7.159862e-04   5.113092e+02
5.000000e+00   -1.156617e+00   0.000000e+00   0.000000e+00   2.481903e+02   7.079079e-04   5.044220e+02
5.100000e+00   -1.178595e+00   0.000000e+00   0.000000e+00   2.476321e+02   6.999244e-04   4.976115e+02
5.200000e+00   -8.593282e-01   0.000000e+00   0.000000e+00   2.470605e+02   6.920484e-04   4.908764e+02
5.300000e+00   -3.822722e-01   0.000000e+00   0.000000e+00   2.464780e+02   6.842712e-04   4.842157e+02
5.400000e+00   7.922075e-02   0.000000e+00   0.000000e+00   2.458896e+02   6.765772e-04   4.776282e+02
5.500000e+00   3.517995e-01   0.000000e+00   0.000000e+00   2.453004e+02   6.689509e-04   4.711127e+02
5.600000e+00   3.552091e-01   0.000000e+00   0.000000e+00   2.447154e+02   6.613775e-04   4.646683e+02
5.700000e+00   3.345430e-01   0.000000e+00   0.000000e+00   2.441395e+02   6.538430e-04   4.582938e+02
5.800000e+00   3.188444e-01   0.000000e+00   0.000000e+00   2.435732e+02   6.463466e-04   4.519884e+02
5.900000e+00   3.077631e-01   0.000000e+00   0.000000e+00   2.430100e+02   6.389051e-04   4.457515e+02
6.000000e+00   3.007925e-01   0.000000e+00   0.000000e+00   2.424434e+02   6.315358e-04   4.395829e+02
6.100000e+00   2.680642e-01   0.000000e+00   0.000000e+00   2.418667e+02   6.242557e-04   4.334819e+02
6.200000e+00   1.215878e-01   0.000000e+00   0.000000e+00   2.412733e+02   6.170807e-04   4.274482e+02
6.300000e+00   -7.649581e-02   0.000000e+00   0.000000e+00   2.406567e+02   6.100255e-04   4.214813e+02
6.400000e+00   -2.510147e-01   0.000000e+00   0.000000e+00   2.400191e+02   6.030831e-04   4.155807e+02
6.500000e+00   -3.287670e-01   0.000000e+00   0.000000e+00   2.393703e+02   5.962273e-04   4.097458e+02
6.600000e+00   -2.555942e-01   0.000000e+00   0.000000e+00   2.387204e+02   5.894318e-04   4.039760e+02
6.700000e+00   -9.359476e-02   0.000000e+00   0.000000e+00   2.380795e+02   5.826716e-04   3.982706e+02
6.800000e+00   1.076157e-01   0.000000e+00   0.000000e+00   2.374577e+02   5.759221e-04   3.926291e+02
6.900000e+00   3.059048e-01   0.000000e+00   0.000000e+00   2.368652e+02   5.691601e-04   3.870508e+02
7.000000e+00   4.590352e-01   0.000000e+00   0.000000e+00   2.363059e+02   5.623775e-04   3.815353e+02
7.100000e+00   5.241296e-01   0.000000e+00   0.000000e+00   2.357723e+02   5.555940e-04   3.760822e+02
7.200000e+00   4.893950e-01   0.000000e+00   0.000000e+00   2.352557e+02   5.488320e-04   3.706909e+02
7.300000e+00   3.931061e-01   0.000000e+00   0.000000e+00   2.347471e+02   5.421130e-04   3.653612e+02
7.400000e+00   2.769245e-01   0.000000e+00   0.000000e+00   2.342378e+02   5.354575e-04   3.600927e+02
7.500000e+00   1.825119e-01   0.000000e+00   0.000000e+00   2.337188e+02   5.288854e-04   3.548850e+02
7.600000e+00   1.400875e-01   0.000000e+00   0.000000e+00   2.331817e+02   5.224150e-04   3.497376e+02
7.700000e+00   1.072138e-01   0.000000e+00   0.000000e+00   2.326235e+02   5.160511e-04   3.446503e+02
7.800000e+00   7.464908e-02   0.000000e+00   0.000000e+00   2.320478e+02   5.097848e-04   3.396227e+02
7.900000e+00   4.287907e-02   0.000000e+00   0.000000e+00   2.314582e+02   5.036070e-04   3.346545e+02
8.000000e+00   1.238969e-02   0.000000e+00   0.000000e+00   2.308582e+02   4.975088e-04   3.297452e+02
8.100000e+00   2.419428e-03   0.000000e+00   0.000000e+00   2.302516e+02   4.914819e-04   3.248946e+02
8.200000e+00   1.149957e-01   0.000000e+00   0.000000e+00   2.296419e+02   4.855179e-04   3.201022e+02
8.300000e+00   3.022141e-01   0.000000e+00   0.000000e+00   2.290329e+02   4.796090e-04   3.153679e+02
8.400000e+00   4.880498e-01   0.000000e+00   0.000000e+00   2.284281e+02   4.737476e-04   3.106912e+02
8.500000e+00   5.956013e-01   0.000000e+00   0.000000e+00   2.278309e+02   4.679272e-04   3.060718e+02
8.600000e+00   5.635645e-01   0.000000e+00   0.000000e+00   2.272430e+02   4.621452e-04   3.015097e+02
8.700000e+00   4.999801e-01   0.000000e+00   0.000000e+00   2.266653e+02   4.564009e-04   2.970051e+02
8.800000e+00   4.346086e-01   0.000000e+00   0.000000e+00   2.260989e+02   4.506934e-04   2.925581e+02
8.900000e+00   3.664492e-01   0.000000e+00   0.000000e+00   2.255449e+02   4.450219e-04   2.881687e+02
9.000000e+00   2.945012e-01   0.000000e+00   0.000000e+00   2.250041e+02   4.393859e-04   2.838370e+02
9.100000e+00   1.685836e-01   0.000000e+00   0.000000e+00   2.244778e+02   4.337848e-04   2.795632e+02
9.200000e+00   -3.799621e-01   0.000000e+00   0.000000e+00   2.239668e+02   4.282180e-04   2.753474e+02
9.300000e+00   -1.211698e+00   0.000000e+00   0.000000e+00   2.234723e+02   4.226853e-04   2.711897e+02
9.400000e+00   -2.060502e+00   0.000000e+00   0.000000e+00   2.229952e+02   4.171862e-04   2.670901e+02
9.500000e+00   -2.660214e+00   0.000000e+00   0.000000e+00   2.225367e+02   4.117204e-04   2.630488e+02
9.600000e+00   -2.771252e+00   0.000000e+00   0.000000e+00   2.221006e+02   4.062826e-04   2.590659e+02
9.700000e+00   -2.543810e+00   0.000000e+00   0.000000e+00   2.216932e+02   4.008629e-04   2.551412e+02
9.800000e+00   -2.148831e+00   0.000000e+00   0.000000e+00   2.213210e+02   3.954520e-04   2.512747e+02
9.900000e+00   -1.700938e+00   0.000000e+00   0.000000e+00   2.209905e+02   3.900410e-04   2.474664e+02
1.000000e+01   -1.314753e+00   0.000000e+00   0.000000e+00   2.207082e+02   3.846216e-04   2.437162e+02
1.010000e+01   -1.094158e+00   0.000000e+00   0.000000e+00   2.204803e+02   3.791863e-04   2.400241e+02
1.020000e+01   -9.715048e-01   0.000000e+00   0.000000e+00   2.203135e+02   3.737279e-04   2.363900e+02
1.030000e+01   -8.851589e-01   0.000000e+00   0.000000e+00   2.202142e+02   3.682401e-04   2.328138e+02
1.040000e+01   -8.057818e-01   0.000000e+00   0.000000e+00   2.201889e+02   3.627171e-04   2.292956e+02
1.050000e+01   -7.040348e-01   0.000000e+00   0.000000e+00   2.202439e+02   3.571539e-04   2.258352e+02
1.060000e+01   -5.405190e-01   0.000000e+00   0.000000e+00   2.203830e+02   3.515505e-04   2.224325e+02
1.070000e+01   -1.761096e-01   0.000000e+00   0.000000e+00   2.206003e+02   3.459212e-04   2.190865e+02
1.080000e+01   3.167815e-01   0.000000e+00   0.000000e+00   2.208875e+02   3.402829e-04   2.157962e+02
1.090000e+01   7.975052e-01   0.000000e+00   0.000000e+00   2.212368e+02   3.346516e-04   2.125605e+02
1.100000e+01   1.125412e+00   0.000000e+00   0.000000e+00   2.216399e+02   3.290423e-04   2.093785e+02
1.110000e+01   1.149434e+00   0.000000e+00   0.000000e+00   2.220889e+02   3.234691e-04   2.062491e+02
1.120000e+01   6.399038e-01   0.000000e+00   0.000000e+00   2.225756e+02   3.179452e-04   2.031712e+02
1.130000e+01   -2.317438e-01   0.000000e+00   0.000000e+00   2.230920e+02   3.124828e-04   2.001439e+02
1.140000e+01   -1.176790e+00   0.000000e+00   0.000000e+00   2.236299e+02   3.070930e-04   1.971661e+02
1.150000e+01   -1.906516e+00   0.000000e+00   0.000000e+00   2.241815e+02   3.017861e-04   1.942367e+02
1.160000e+01   -2.152426e+00   0.000000e+00   0.000000e+00   2.247385e+02   2.965716e-04   1.913548e+02
1.170000e+01   -2.203115e+00   0.000000e+00   0.000000e+00   2.252944e+02   2.914562e-04   1.885194e+02
1.180000e+01   -2.247838e+00   0.000000e+00   0.000000e+00   2.258447e+02   2.864436e-04   1.857297e+02
1.190000e+01   -2.285712e+00   0.000000e+00   0.000000e+00   2.263849e+02   2.815371e-04   1.829850e+02
1.200000e+01   -2.315853e+00   0.000000e+00   0.000000e+00   2.269107e+02   2.767395e-04   1.802846e+02
1.210000e+01   -2.328872e+00   0.000000e+00   0.000000e+00   2.274177e+02   2.720532e-04   1.776276e+02
1.220000e+01   -2.083816e+00   0.000000e+00   0.000000e+00   2.279014e+02   2.674804e-04   1.750134e+02
1.230000e+01   -1.594680e+00   0.000000e+00   0.000000e+00   2.283575e+02   2.630228e-04   1.724412e+02
1.240000e+01   -1.029542e+00   0.000000e+00   0.000000e+00   2.287816e+02   2.586820e-04   1.699103e+02
1.250000e+01   -5.564784e-01   0.000000e+00   0.000000e+00   2.291692e+02   2.544592e-04   1.674198e+02
1.260000e+01   -3.379035e-01   0.000000e+00   0.000000e+00   2.295159e+02   2.503556e-04   1.649690e+02
1.270000e+01   -2.437323e-01   0.000000e+00   0.000000e+00   2.298176e+02   2.463717e-04   1.625573e+02
1.280000e+01   -1.547685e-01   0.000000e+00   0.000000e+00   2.300737e+02   2.425042e-04   1.601838e+02
1.290000e+01   -7.531942e-02   0.000000e+00   0.000000e+00   2.302881e+02   2.387455e-04   1.578480e+02
1.300000e+01   -9.749260e-03   0.000000e+00   0.000000e+00   2.304649e+02   2.350881e-04   1.555492e+02
1.310000e+01   3.333199e-02   0.000000e+00   0.000000e+00   2.306083e+02   2.315249e-04   1.532868e+02
1.320000e+01   -2.028618e-01   0.000000e+00   0.000000e+00   2.307221e+02   2.280492e-04   1.510602e+02
1.330000e+01   -7.320459e-01   0.000000e+00   0.000000e+00   2.308106e+02   2.246547e-04   1.488688e+02
1.340000e+01   -1.364211e+00   0.000000e+00   0.000000e+00   2.308778e+02   2.213353e-04   1.467118e+02
1.350000e+01   -1.909349e+00   0.000000e+00   0.000000e+00   2.309277e+02   2.180852e-04   1.445888e+02
1.360000e+01   -2.179534e+00   0.000000e+00   0.000000e+00   2.309645e+02   2.148989e-04   1.424990e+02
1.370000e+01   -2.270625e+00   0.000000e+00   0.000000e+00   2.309922e+02   2.117712e-04   1.404418e+02
1.380000e+01   -2.332170e+00   0.000000e+00   0.000000e+00   2.310149e+02   2.086970e-04   1.384167e+02
1.390000e+01   -2.370844e+00   0.000000e+00   0.000000e+00   2.310352e+02   2.056728e-04   1.364229e+02
1.400000e+01   -2.392438e+00   0.000000e+00   0.000000e+00   2.310533e+02   2.026975e-04   1.344599e+02
1.410000e+01   -2.402691e+00   0.000000e+00   0.000000e+00   2.310694e+02   1.997696e-04   1.325269e+02
1.420000e+01   -2.410079e+00   0.000000e+00   0.000000e+00   2.310838e+02   1.968880e-04   1.306235e+02
1.430000e+01   -2.413662e+00   0.000000e+00   0.000000e+00   2.310965e+02   1.940517e-04   1.287488e+02
1.440000e+01   -2.406735e+00   0.000000e+00   0.000000e+00   2.311078e+02   1.912593e-04   1.269023e+02
1.450000e+01   -2.382593e+00   0.000000e+00   0.000000e+00   2.311177e+02   1.885097e-04   1.250833e+02
1.460000e+01   -2.333947e+00   0.000000e+00   0.000000e+00   2.311265e+02   1.858019e-04   1.232912e+02
1.470000e+01   -1.772609e+00   0.000000e+00   0.000000e+00   2.311343e+02   1.831346e-04   1.215254e+02
1.480000e+01   -5.697188e-01   0.000000e+00   0.000000e+00   2.311413e+02   1.805067e-04   1.197852e+02
1.490000e+01   8.446381e-01   0.000000e+00   0.000000e+00   2.311476e+02   1.779172e-04   1.180700e+02
1.500000e+01   2.040163e+00   0.000000e+00   0.000000e+00   2.311533e+02   1.753649e-04   1.163792e+02
1.510000e+01   2.585928e+00   0.000000e+00   0.000000e+00   2.311584e+02   1.728495e-04   1.147123e+02
1.520000e+01   2.512542e+00   0.000000e+00   0.000000e+00   2.311628e+02   1.703703e-04   1.130691e+02
1.530000e+01   2.199102e+00   0.000000e+00   0.000000e+00   2.311663e+02   1.679268e-04   1.114492e+02
1.540000e+01   1.737303e+00   0.000000e+00   0.000000e+00   2.311688e+02   1.655186e-04   1.098521e+02
1.550000e+01   1.218840e+00   0.000000e+00   0.000000e+00   2.311703e+02   1.631451e-04   1.082776e+02
1.560000e+01   7.354083e-01   0.000000e+00   0.000000e+00   2.311706e+02   1.608059e-04   1.067252e+02
1.570000e+01   1.863421e-01   0.000000e+00   0.000000e+00   2.311697e+02   1.585004e-04   1.051946e+02
1.580000e+01   -5.109913e-01   0.000000e+00   0.000000e+00   2.311673e+02   1.562280e-04   1.036854e+02
1.590000e+01   -1.195650e+00   0.000000e+00   0.000000e+00   2.311635e+02   1.539884e-04   1.021973e+02
1.600000e+01   -1.706449e+00   0.000000e+00   0.000000e+00   2.311581e+02   1.517808e-04   1.007299e+02
1.610000e+01   -1.882156e+00   0.000000e+00   0.000000e+00   2.311510e+02   1.496049e-04   9.928278e+01
1.620000e+01   -1.647879e+00   0.000000e+00   0.000000e+00   2.311426e+02   1.474599e-04   9.785572e+01
1.630000e+01   -1.132290e+00   0.000000e+00   0.000000e+00   2.311330e+02   1.453453e-04   9.644845e+01
1.640000e+01   -4.604485e-01   0.000000e+00   0.000000e+00   2.311227e+02   1.432604e-04   9.506072e+01
1.650000e+01   2.428159e-01   0.000000e+00   0.000000e+00   2.311121e+02   1.412046e-04   9.369228e+01
1.660000e+01   8.526730e-01   0.000000e+00   0.000000e+00   2.311015e+02   1.391773e-04   9.234288e+01
1.670000e+01   1.392041e+00   0.000000e+00   0.000000e+00   2.310911e+02   1.371779e-04   9.101226e+01
1.680000e+01   1.976469e+00   0.000000e+00   0.000000e+00   2.310815e+02   1.352060e-04   8.970018e+01
1.690000e+01   2.524661e+00   0.000000e+00   0.000000e+00   2.310728e+02   1.332608e-04   8.840637e+01
1.700000e+01   2.953569e+00   0.000000e+00   0.000000e+00   2.310655e+02   1.313418e-04   8.713058e+01
1.710000e+01   3.180146e+00   0.000000e+00   0.000000e+00   2.310600e+02   1.294486e-04   8.587258e+01
1.720000e+01   3.203301e+00   0.000000e+00   0.000000e+00   2.310565e+02   1.275806e-04   8.463209e+01
1.730000e+01   3.134115e+00   0.000000e+00   0.000000e+00   2.310556e+02   1.257372e-04   8.340892e+01
1.740000e+01   2.994109e+00   0.000000e+00   0.000000e+00   2.310579e+02   1.239179e-04   8.220287e+01
1.750000e+01   2.803162e+00   0.000000e+00   0.000000e+00   2.310638e+02   1.221222e-04   8.101376e+01
1.760000e+01   2.581158e+00   0.000000e+00   0.000000e+00   2.310741e+02   1.203496e-04   7.984139e+01
1.770000e+01   2.203612e+00   0.000000e+00   0.000000e+00   2.310893e+02   1.185996e-04   7.868559e+01
1.780000e+01   1.530567e+00   0.000000e+00   0.000000e+00   2.311099e+02   1.168717e-04   7.754616e+01
1.790000e+01   7.641087e-01   0.000000e+00   0.000000e+00   2.311366e+02   1.151655e-04   7.642291e+01
1.800000e+01   1.129703e-01   0.000000e+00   0.000000e+00   2.311699e+02   1.134806e-04   7.531566e+01
1.810000e+01   -2.141136e-01   0.000000e+00   0.000000e+00   2.312105e+02   1.118165e-04   7.422422e+01
1.820000e+01   4.416125e-02   0.000000e+00   0.000000e+00   2.312588e+02   1.101727e-04   7.314840e+01
1.830000e+01   8.996877e-01   0.000000e+00   0.000000e+00   2.313155e+02   1.085490e-04   7.208802e+01
1.840000e+01   2.003231e+00   0.000000e+00   0.000000e+00   2.313804e+02   1.069453e-04   7.104288e+01
1.850000e+01   2.998841e+00   0.000000e+00   0.000000e+00   2.314524e+02   1.053618e-04   7.001279e+01
1.860000e+01   3.530587e+00   0.000000e+00   0.000000e+00   2.315306e+02   1.037990e-04   6.899756e+01
1.870000e+01   3.440002e+00   0.000000e+00   0.000000e+00   2.316137e+02   1.022570e-04   6.799699e+01
1.880000e+01   3.069235e+00   0.000000e+00   0.000000e+00   2.317008e+02   1.007362e-04   6.701089e+01
1.890000e+01   2.541519e+00   0.000000e+00   0.000000e+00   2.317907e+02   9.923677e-05   6.603907e+01
1.900000e+01   1.966020e+00   0.000000e+00   0.000000e+00   2.318824e+02   9.775888e-05   6.508134e+01
1.910000e+01   1.451903e+00   0.000000e+00   0.000000e+00   2.319749e+02   9.630273e-05   6.413749e+01
1.920000e+01   1.026616e+00   0.000000e+00   0.000000e+00   2.320670e+02   9.486843e-05   6.320734e+01
1.930000e+01   5.644496e-01   0.000000e+00   0.000000e+00   2.321578e+02   9.345609e-05   6.229070e+01
1.940000e+01   1.173979e-01   0.000000e+00   0.000000e+00   2.322460e+02   9.206581e-05   6.138736e+01
1.950000e+01   -2.524515e-01   0.000000e+00   0.000000e+00   2.323308e+02   9.069760e-05   6.049714e+01
1.960000e+01   -4.834443e-01   0.000000e+00   0.000000e+00   2.324114e+02   8.935137e-05   5.961986e+01
1.970000e+01   -5.658402e-01   0.000000e+00   0.000000e+00   2.324872e+02   8.802698e-05   5.875533e+01
1.980000e+01   -6.196965e-01   0.000000e+00   0.000000e+00   2.325576e+02   8.672431e-05   5.790336e+01
1.990000e+01   -6.571902e-01   0.000000e+00   0.000000e+00   2.326219e+02   8.544319e-05   5.706377e+01
2.000000e+01   -6.819551e-01   0.000000e+00   0.000000e+00   2.326795e+02   8.418347e-05   5.623638e+01
2.010000e+01   -6.976250e-01   0.000000e+00   0.000000e+00   2.327297e+02   8.294498e-05   5.542100e+01
2.020000e+01   -6.162251e-01   0.000000e+00   0.000000e+00   2.327719e+02   8.172753e-05   5.461744e+01
2.030000e+01   -2.320161e-01   0.000000e+00   0.000000e+00   2.328055e+02   8.053094e-05   5.382553e+01
2.040000e+01   2.869587e-01   0.000000e+00   0.000000e+00   2.328297e+02   7.935500e-05   5.304508e+01
2.050000e+01   7.462197e-01   0.000000e+00   0.000000e+00   2.328440e+02   7.819951e-05   5.227590e+01
2.060000e+01   9.514751e-01   0.000000e+00   0.000000e+00   2.328478e+02   7.706422e-05   5.151781e+01
2.070000e+01   7.646897e-01   0.000000e+00   0.000000e+00   2.328418e+02   7.594856e-05   5.077066e+01
2.080000e+01   3.328848e-01   0.000000e+00   0.000000e+00   2.328272e+02   7.485172e-05   5.003429e+01
2.090000e+01   -2.076767e-01   0.000000e+00   0.000000e+00   2.328055e+02   7.377293e-05   4.930859e+01
2.100000e+01   -7.317583e-01   0.000000e+00   0.000000e+00   2.327780e+02   7.271147e-05   4.859339e+01
2.110000e+01   -1.114124e+00   0.000000e+00   0.000000e+00   2.327462e+02   7.166663e-05   4.788857e+01
2.120000e+01   -1.235024e+00   0.000000e+00   0.000000e+00   2.327113e+02   7.063771e-05   4.719397e+01
2.130000e+01   -1.099034e+00   0.000000e+00   0.000000e+00   2.326749e+02   6.962407e-05   4.650947e+01
2.140000e+01   -8.280387e-01   0.000000e+00   0.000000e+00   2.326383e+02   6.862507e-05   4.583491e+01
2.150000e+01   -5.481839e-01   0.000000e+00   0.000000e+00   2.326029e+02   6.764010e-05   4.517017e+01
2.160000e+01   -3.856177e-01   0.000000e+00   0.000000e+00   2.325700e+02   6.666857e-05   4.451509e+01
2.170000e+01   -4.107735e-01   0.000000e+00   0.000000e+00   2.325411e+02   6.570993e-05   4.386954e+01
2.180000e+01   -4.394852e-01   0.000000e+00   0.000000e+00   2.325172e+02   6.476371e-05   4.323338e+01
2.190000e+01   -4.460199e-01   0.000000e+00   0.000000e+00   2.324987e+02   6.382972e-05   4.260649e+01
2.200000e+01   -4.341824e-01   0.000000e+00   0.000000e+00   2.324856e+02   6.290781e-05   4.198876e+01
2.210000e+01   -4.077774e-01   0.000000e+00   0.000000e+00   2.324781e+02   6.199786e-05   4.138006e+01
2.220000e+01   -4.070633e-01   0.000000e+00   0.000000e+00   2.324762e+02   6.109973e-05   4.078028e+01
2.230000e+01   -5.858963e-01   0.000000e+00   0.000000e+00   2.324801e+02   6.021328e-05   4.018930e+01
2.240000e+01   -8.729418e-01   0.000000e+00   0.000000e+00   2.324899e+02   5.933838e-05   3.960701e+01
2.250000e+01   -1.165074e+00   0.000000e+00   0.000000e+00   2.325056e+02   5.847488e-05   3.903328e+01
2.260000e+01   -1.359168e+00   0.000000e+00   0.000000e+00   2.325273e+02   5.762266e-05   3.846800e+01
2.270000e+01   -1.385922e+00   0.000000e+00   0.000000e+00   2.325552e+02   5.678157e-05   3.791106e+01
2.280000e+01   -1.384584e+00   0.000000e+00   0.000000e+00   2.325894e+02   5.595148e-05   3.736233e+01
2.290000e+01   -1.386571e+00   0.000000e+00   0.000000e+00   2.326300e+02   5.513225e-05   3.682169e+01
2.300000e+01   -1.392107e+00   0.000000e+00   0.000000e+00   2.326768e+02   5.432378e-05   3.628904e+01
2.310000e+01   -1.398592e+00   0.000000e+00   0.000000e+00   2.327296e+02   5.352605e-05   3.576426e+01
2.320000e+01   -1.372234e+00   0.000000e+00   0.000000e+00   2.327880e+02   5.273902e-05   3.524723e+01
2.330000e+01   -1.143903e+00   0.000000e+00   0.000000e+00   2.328516e+02   5.196266e-05   3.473785e+01
2.340000e+01   -7.938689e-01   0.000000e+00   0.000000e+00   2.329200e+02   5.119693e-05   3.423601e+01
2.350000e+01   -4.489571e-01   0.000000e+00   0.000000e+00   2.329929e+02   5.044178e-05   3.374159e+01
2.360000e+01   -2.359919e-01   0.000000e+00   0.000000e+00   2.330699e+02   4.969715e-05   3.325448e+01
2.370000e+01   -2.505585e-01   0.000000e+00   0.000000e+00   2.331507e+02   4.896299e-05   3.277457e+01
2.380000e+01   -3.276235e-01   0.000000e+00   0.000000e+00   2.332349e+02   4.823922e-05   3.230175e+01
2.390000e+01   -4.195418e-01   0.000000e+00   0.000000e+00   2.333220e+02   4.752578e-05   3.183591e+01
2.400000e+01   -5.252444e-01   0.000000e+00   0.000000e+00   2.334118e+02   4.682258e-05   3.137693e+01
2.410000e+01   -6.436666e-01   0.000000e+00   0.000000e+00   2.335038e+02   4.612955e-05   3.092471e+01
2.420000e+01   -8.560265e-01   0.000000e+00   0.000000e+00   2.335978e+02   4.544662e-05   3.047913e+01
2.430000e+01   -1.778657e+00   0.000000e+00   0.000000e+00   2.336931e+02   4.477373e-05   3.004011e+01
2.440000e+01   -3.185869e+00   0.000000e+00   0.000000e+00   2.337894e+02   4.411082e-05   2.960755e+01
2.450000e+01   -4.641105e+00   0.000000e+00   0.000000e+00   2.338863e+02   4.345784e-05   2.918134e+01
2.460000e+01   -5.707809e+00   0.000000e+00   0.000000e+00   2.339833e+02   4.281471e-05   2.876141e+01
2.470000e+01   -5.935630e+00   0.000000e+00   0.000000e+00   2.340798e+02   4.218136e-05   2.834764e+01
2.480000e+01   -5.050707e+00   0.000000e+00   0.000000e+00   2.341756e+02   4.155771e-05   2.793995e+01
2.490000e+01   -3.513460e+00   0.000000e+00   0.000000e+00   2.342701e+02   4.094368e-05   2.753824e+01
2.500000e+01   -1.892674e+00   0.000000e+00   0.000000e+00   2.343629e+02   4.033919e-05   2.714241e+01
2.510000e+01   -7.571317e-01   0.000000e+00   0.000000e+00   2.344536e+02   3.974414e-05   2.675237e+01
2.520000e+01   -6.191360e-01   0.000000e+00   0.000000e+00   2.345416e+02   3.915844e-05   2.636803e+01
2.530000e+01   -1.085538e+00   0.000000e+00   0.000000e+00   2.346266e+02   3.858199e-05   2.598928e+01
2.540000e+01   -1.787543e+00   0.000000e+00   0.000000e+00   2.347083e+02   3.801467e-05   2.561604e+01
2.550000e+01   -2.524885e+00   0.000000e+00   0.000000e+00   2.347866e+02   3.745634e-05   2.524823e+01
2.560000e+01   -3.097222e+00   -0.000000e+00   -0.000000e+00   2.348616e+02   3.690682e-05   2.488577e+01
2.570000e+01   -3.324311e+00   -0.000000e+00   -0.000000e+00   2.349334e+02   3.636596e-05   2.452857e+01
2.580000e+01   -3.387716e+00   -0.000000e+00   -0.000000e+00   2.350021e+02   3.583360e-05   2.417656e+01
2.590000e+01   -3.407721e+00   -0.000000e+00   -0.000000e+00   2.350677e+02   3.530959e-05   2.382967e+01
2.600000e+01   -3.413961e+00   -0.000000e+00   -0.000000e+00   2.351303e+02   3.479376e-05   2.348780e+01
2.610000e+01   -3.436067e+00   -0.000000e+00   -0.000000e+00   2.351900e+02   3.428597e-05   2.315089e+01
2.620000e+01   -3.524762e+00   -0.000000e+00   -0.000000e+00   2.352468e+02   3.378607e-05   2.281884e+01
2.630000e+01   -4.043072e+00   -0.000000e+00   -0.000000e+00   2.353007e+02   3.329390e-05   2.249160e+01
2.640000e+01   -4.910727e+00   -0.000000e+00   -0.000000e+00   2.353520e+02   3.280932e-05   2.216907e+01
2.650000e+01   -5.861465e+00   -0.000000e+00   -0.000000e+00   2.354006e+02   3.233217e-05   2.185117e+01
2.660000e+01   -6.629192e+00   -0.000000e+00   -0.000000e+00   2.354466e+02   3.186231e-05   2.153783e+01
2.670000e+01   -6.966901e+00   -0.000000e+00   -0.000000e+00   2.354904e+02   3.139957e-05   2.122899e+01
2.680000e+01   -7.111417e+00   -0.000000e+00   -0.000000e+00   2.355327e+02   3.094378e-05   2.092459e+01
2.690000e+01   -7.222099e+00   -0.000000e+00   -0.000000e+00   2.355739e+02   3.049476e-05   2.062456e+01
2.700000e+01   -7.295802e+00   -0.000000e+00   -0.000000e+00   2.356146e+02   3.005236e-05   2.032887e+01
2.710000e+01   -7.329376e+00   -0.000000e+00   -0.000000e+00   2.356555e+02   2.961641e-05   2.003744e+01
2.720000e+01   -7.292532e+00   -0.000000e+00   -0.000000e+00   2.356970e+02   2.918676e-05   1.975023e+01
2.730000e+01   -6.424615e+00   -0.000000e+00   -0.000000e+00   2.357398e+02   2.876325e-05   1.946718e+01
2.740000e+01   -4.802659e+00   -0.000000e+00   -0.000000e+00   2.357844e+02   2.834574e-05   1.918824e+01
2.750000e+01   -2.999417e+00   -0.000000e+00   -0.000000e+00   2.358313e+02   2.793408e-05   1.891334e+01
2.760000e+01   -1.587643e+00   -0.000000e+00   -0.000000e+00   2.358812e+02   2.752813e-05   1.864243e+01
2.770000e+01   -1.120141e+00   -0.000000e+00   -0.000000e+00   2.359346e+02   2.712777e-05   1.837546e+01
2.780000e+01   -1.119481e+00   -0.000000e+00   -0.000000e+00   2.359922e+02   2.673284e-05   1.811236e+01
2.790000e+01   -1.142225e+00   -0.000000e+00   -0.000000e+00   2.360542e+02   2.634326e-05   1.785309e+01
2.800000e+01   -1.173666e+00   -0.000000e+00   -0.000000e+00   2.361204e+02   2.595898e-05   1.759760e+01
2.810000e+01   -1.198592e+00   -0.000000e+00   -0.000000e+00   2.361905e+02   2.558001e-05   1.734584e+01
2.820000e+01   -1.197923e+00   -0.000000e+00   -0.000000e+00   2.362640e+02   2.520631e-05   1.709776e+01
2.830000e+01   -9.320384e-01   -0.000000e+00   -0.000000e+00   2.363407e+02   2.483787e-05   1.685331e+01
2.840000e+01   -4.000594e-01   -0.000000e+00   -0.000000e+00   2.364200e+02   2.447468e-05   1.661244e+01
2.850000e+01   2.099914e-01   -0.000000e+00   -0.000000e+00   2.365017e+02   2.411670e-05   1.637512e+01
2.860000e+01   7.100912e-01   -0.000000e+00   -0.000000e+00   2.365853e+02   2.376390e-05   1.614128e+01
2.870000e+01   9.107897e-01   -0.000000e+00   -0.000000e+00   2.366705e+02   2.341627e-05   1.591088e+01
2.880000e+01   5.402274e-01   -0.000000e+00   -0.000000e+00   2.367569e+02   2.307377e-05   1.568388e+01
2.890000e+01   -3.422141e-01   -0.000000e+00   -0.000000e+00   2.368441e+02   2.273636e-05   1.546023e+01
2.900000e+01   -1.504839e+00   -0.000000e+00   -0.000000e+00   2.369318e+02   2.240400e-05   1.523987e+01
2.910000e+01   -2.715954e+00   -0.000000e+00   -0.000000e+00   2.370194e+02   2.207667e-05   1.502276e+01
2.920000e+01   -3.746726e+00   -0.000000e+00   -0.000000e+00   2.371069e+02   2.175430e-05   1.480886e+01
2.930000e+01   -4.814398e+00   -0.000000e+00   -0.000000e+00   2.371944e+02   2.143681e-05   1.459812e+01
2.940000e+01   -6.025859e+00   -0.000000e+00   -0.000000e+00   2.372821e+02   2.112410e-05   1.439049e+01
2.950000e+01   -7.138985e+00   -0.000000e+00   -0.000000e+00   2.373702e+02   2.081610e-05   1.418593e+01
2.960000e+01   -7.911649e+00   -0.000000e+00   -0.000000e+00   2.374590e+02   2.051270e-05   1.398440e+01
2.970000e+01   -8.101829e+00   -0.000000e+00   -0.000000e+00   2.375487e+02   2.021382e-05   1.378585e+01
2.980000e+01   -7.640525e+00   -0.000000e+00   -0.000000e+00   2.376395e+02   1.991939e-05   1.359023e+01
2.990000e+01   -6.726187e+00   -0.000000e+00   -0.000000e+00   2.377317e+02   1.962930e-05   1.339752e+01
3.000000e+01   -5.536133e+00   -0.000000e+00   -0.000000e+00   2.378255e+02   1.934348e-05   1.320765e+01
3.010000e+01   -4.247684e+00   -0.000000e+00   -0.000000e+00   2.379212e+02   1.906184e-05   1.302058e+01
3.020000e+01   -3.038161e+00   -0.000000e+00   -0.000000e+00   2.380189e+02   1.878431e-05   1.283627e+01
3.030000e+01   -1.731538e+00   -0.000000e+00   -0.000000e+00   2.381189e+02   1.851080e-05   1.265469e+01
3.040000e+01   -2.035807e-01   -0.000000e+00   -0.000000e+00   2.382214e+02   1.824123e-05   1.247577e+01
3.050000e+01   1.291179e+00   -0.000000e+00   -0.000000e+00   2.383267e+02   1.797553e-05   1.229948e+01
3.060000e+01   2.500652e+00   -0.000000e+00   -0.000000e+00   2.384349e+02   1.771364e-05   1.212579e+01
3.070000e+01   3.173547e+00   -0.000000e+00   -0.000000e+00   2.385461e+02   1.745549e-05   1.195465e+01
3.080000e+01   3.445710e+00   -0.000000e+00   -0.000000e+00   2.386606e+02   1.720103e-05   1.178603e+01
3.090000e+01   3.664866e+00   -0.000000e+00   -0.000000e+00   2.387784e+02   1.695020e-05   1.161990e+01
3.100000e+01   3.825268e+00   -0.000000e+00   -0.000000e+00   2.388996e+02   1.670295e-05   1.145621e+01
3.110000e+01   3.920758e+00   -0.000000e+00   -0.000000e+00   2.390245e+02   1.645922e-05   1.129494e+01
3.120000e+01   3.945176e+00   -0.000000e+00   -0.000000e+00   2.391531e+02   1.621896e-05   1.113606e+01
3.130000e+01   3.219110e+00   -0.000000e+00   -0.000000e+00   2.392857e+02   1.598210e-05   1.097951e+01
3.140000e+01   1.286804e+00   -0.000000e+00   -0.000000e+00   2.394223e+02   1.574860e-05   1.082527e+01
3.150000e+01   -1.188529e+00   -0.000000e+00   -0.000000e+00   2.395630e+02   1.551841e-05   1.067331e+01
3.160000e+01   -3.539742e+00   -0.000000e+00   -0.000000e+00   2.397081e+02   1.529145e-05   1.052359e+01
3.170000e+01   -5.099688e+00   -0.000000e+00   -0.000000e+00   2.398576e+02   1.506769e-05   1.037607e+01
3.180000e+01   -5.850757e+00   -0.000000e+00   -0.000000e+00   2.400118e+02   1.484708e-05   1.023071e+01
3.190000e+01   -6.481173e+00   -0.000000e+00   -0.000000e+00   2.401706e+02   1.462955e-05   1.008749e+01
3.200000e+01   -7.010758e+00   -0.000000e+00   -0.000000e+00   2.403343e+02   1.441507e-05   9.946375e+00
3.210000e+01   -7.452457e+00   -0.000000e+00   -0.000000e+00   2.405028e+02   1.420360e-05   9.807335e+00
3.220000e+01   -7.819216e+00   -0.000000e+00   -0.000000e+00   2.406763e+02   1.399511e-05   9.670343e+00
3.230000e+01   -8.145418e+00   -0.000000e+00   -0.000000e+00   2.408548e+02   1.378954e-05   9.535369e+00
3.240000e+01   -8.458588e+00   -0.000000e+00   -0.000000e+00   2.410385e+02   1.358686e-05   9.402384e+00
3.250000e+01   -8.736880e+00   -0.000000e+00   -0.000000e+00   2.412273e+02   1.338704e-05   9.271359e+00
3.260000e+01   -8.957838e+00   -0.000000e+00   -0.000000e+00   2.414214e+02   1.319003e-05   9.142266e+00
3.270000e+01   -9.099004e+00   -0.000000e+00   -0.000000e+00   2.416209e+02   1.299578e-05   9.015074e+00
3.280000e+01   -8.551957e+00   -0.000000e+00   -0.000000e+00   2.418257e+02   1.280427e-05   8.889755e+00
3.290000e+01   -6.644230e+00   -0.000000e+00   -0.000000e+00   2.420361e+02   1.261545e-05   8.766279e+00
3.300000e+01   -4.090723e+00   -0.000000e+00   -0.000000e+00   2.422521e+02   1.242928e-05   8.644619e+00
3.310000e+01   -1.633312e+00   -0.000000e+00   -0.000000e+00   2.424737e+02   1.224572e-05   8.524745e+00
3.320000e+01   -1.388462e-02   -0.000000e+00   -0.000000e+00   2.427011e+02   1.206473e-05   8.406627e+00
3.330000e+01   6.252127e-01   -0.000000e+00   -0.000000e+00   2.429341e+02   1.188629e-05   8.290240e+00
3.340000e+01   1.160604e+00   -0.000000e+00   -0.000000e+00   2.431726e+02   1.171037e-05   8.175561e+00
3.350000e+01   1.589662e+00   -0.000000e+00   -0.000000e+00   2.434163e+02   1.153696e-05   8.062567e+00
3.360000e+01   1.876977e+00   -0.000000e+00   -0.000000e+00   2.436650e+02   1.136604e-05   7.951235e+00
3.370000e+01   1.987140e+00   -0.000000e+00   -0.000000e+00   2.439185e+02   1.119759e-05   7.841543e+00
3.380000e+01   1.789402e+00   -0.000000e+00   -0.000000e+00   2.441765e+02   1.103159e-05   7.733468e+00
3.390000e+01   1.130174e+00   -0.000000e+00   -0.000000e+00   2.444389e+02   1.086802e-05   7.626987e+00
3.400000e+01   1.596362e-01   -0.000000e+00   -0.000000e+00   2.447053e+02   1.070686e-05   7.522078e+00
3.410000e+01   -9.614213e-01   -0.000000e+00   -0.000000e+00   2.449755e+02   1.054809e-05   7.418717e+00
3.420000e+01   -2.072208e+00   -0.000000e+00   -0.000000e+00   2.452494e+02   1.039168e-05   7.316883e+00
3.430000e+01   -3.228448e+00   -0.000000e+00   -0.000000e+00   2.455267e+02   1.023761e-05   7.216552e+00
3.440000e+01   -4.745607e+00   -0.000000e+00   -0.000000e+00   2.458072e+02   1.008586e-05   7.117702e+00
3.450000e+01   -6.326114e+00   -0.000000e+00   -0.000000e+00   2.460906e+02   9.936397e-06   7.020309e+00
3.460000e+01   -7.641785e+00   -0.000000e+00   -0.000000e+00   2.463767e+02   9.789200e-06   6.924352e+00
3.470000e+01   -8.364367e+00   -0.000000e+00   -0.000000e+00   2.466653e+02   9.644244e-06   6.829808e+00
3.480000e+01   -8.395461e+00   -0.000000e+00   -0.000000e+00   2.469562e+02   9.501500e-06   6.736657e+00
3.490000e+01   -8.249165e+00   -0.000000e+00   -0.000000e+00   2.472493e+02   9.360942e-06   6.644877e+00
3.500000e+01   -7.998492e+00   -0.000000e+00   -0.000000e+00   2.475445e+02   9.222544e-06   6.554451e+00
3.510000e+01   -7.679657e+00   -0.000000e+00   -0.000000e+00   2.478416e+02   9.086277e-06   6.465356e+00
3.520000e+01   -7.328870e+00   -0.000000e+00   -0.000000e+00   2.481404e+02   8.952114e-06   6.377574e+00
3.530000e+01   -6.943671e+00   -0.000000e+00   -0.000000e+00   2.484409e+02   8.820028e-06   6.291084e+00
3.540000e+01   -6.431644e+00   -0.000000e+00   -0.000000e+00   2.487429e+02   8.689990e-06   6.205866e+00
3.550000e+01   -5.813101e+00   -0.000000e+00   -0.000000e+00   2.490463e+02   8.561972e-06   6.121900e+00
3.560000e+01   -5.117907e+00   -0.000000e+00   -0.000000e+00   2.493509e+02   8.435945e-06   6.039167e+00
3.570000e+01   -4.375926e+00   -0.000000e+00   -0.000000e+00   2.496566e+02   8.311881e-06   5.957646e+00
3.580000e+01   -3.516903e+00   -0.000000e+00   -0.000000e+00   2.499632e+02   8.189750e-06   5.877317e+00
3.590000e+01   -2.317031e+00   -0.000000e+00   -0.000000e+00   2.502706e+02   8.069524e-06   5.798160e+00
3.600000e+01   -1.018550e+00   -0.000000e+00   -0.000000e+00   2.505787e+02   7.951174e-06   5.720155e+00
3.610000e+01   9.710680e-02   -0.000000e+00   -0.000000e+00   2.508874e+02   7.834669e-06   5.643282e+00
3.620000e+01   7.485134e-01   -0.000000e+00   -0.000000e+00   2.511964e+02   7.719980e-06   5.567522e+00
3.630000e+01   7.912386e-01   -0.000000e+00   -0.000000e+00   2.515058e+02   7.607078e-06   5.492857e+00
3.640000e+01   6.407407e-01   -0.000000e+00   -0.000000e+00   2.518157e+02   7.495936e-06   5.419272e+00
3.650000e+01   3.818502e-01   -0.000000e+00   -0.000000e+00   2.521260e+02   7.386523e-06   5.346751e+00
3.660000e+01   4.690090e-02   -0.000000e+00   -0.000000e+00   2.524367e+02   7.278812e-06   5.275279e+00
3.670000e+01   -3.317732e-01   -0.000000e+00   -0.000000e+00   2.527480e+02   7.172775e-06   5.204838e+00
3.680000e+01   -8.229455e-01   -0.000000e+00   -0.000000e+00   2.530597e+02   7.068384e-06   5.135415e+00
3.690000e+01   -1.752347e+00   -0.000000e+00   -0.000000e+00   2.533720e+02   6.965610e-06   5.066992e+00
3.700000e+01   -2.882881e+00   -0.000000e+00   -0.000000e+00   2.536849e+02   6.864427e-06   4.999554e+00
3.710000e+01   -3.909801e+00   -0.000000e+00   -0.000000e+00   2.539983e+02   6.764806e-06   4.933085e+00
3.720000e+01   -4.528362e+00   -0.000000e+00   -0.000000e+00   2.543124e+02   6.666721e-06   4.867570e+00
3.730000e+01   -4.549305e+00   -0.000000e+00   -0.000000e+00   2.546271e+02   6.570144e-06   4.802992e+00
3.740000e+01   -4.399679e+00   -0.000000e+00   -0.000000e+00   2.549425e+02   6.475047e-06   4.739336e+00
3.750000e+01   -4.167330e+00   -0.000000e+00   -0.000000e+00   2.552585e+02   6.381405e-06   4.676586e+00
3.760000e+01   -3.863140e+00   -0.000000e+00   -0.000000e+00   2.555753e+02   6.289190e-06   4.614726e+00
3.770000e+01   -3.497992e+00   -0.000000e+00   -0.000000e+00   2.558928e+02   6.198375e-06   4.553741e+00
3.780000e+01   -2.936578e+00   -0.000000e+00   -0.000000e+00   2.562111e+02   6.108936e-06   4.493615e+00
3.790000e+01   -1.510772e+00   -0.000000e+00   -0.000000e+00   2.565302e+02   6.020852e-06   4.434338e+00
3.800000e+01   4.053221e-01   -0.000000e+00   -0.000000e+00   2.568501e+02   5.934102e-06   4.375896e+00
3.810000e+01   2.268964e+00   -0.000000e+00   -0.000000e+00   2.571709e+02   5.848666e-06   4.318281e+00
3.820000e+01   3.537415e+00   -0.000000e+00   -0.000000e+00   2.574925e+02   5.764523e-06   4.261480e+00
3.830000e+01   3.790500e+00   -0.000000e+00   -0.000000e+00   2.578152e+02   5.681655e-06   4.205481e+00
3.840000e+01   3.555272e+00   -0.000000e+00   -0.000000e+00   2.581388e+02   5.600042e-06   4.150275e+00
3.850000e+01   3.051820e+00   -0.000000e+00   -0.000000e+00   2.584634e+02   5.519662e-06   4.095848e+00
3.860000e+01   2.370147e+00   -0.000000e+00   -0.000000e+00   2.587890e+02   5.440498e-06   4.042191e+00
3.870000e+01   1.600254e+00   -0.000000e+00   -0.000000e+00   2.591158e+02   5.362529e-06   3.989292e+00
3.880000e+01   7.393771e-01   -0.000000e+00   -0.000000e+00   2.594436e+02   5.285737e-06   3.937140e+00
3.890000e+01   -7.332113e-01   -0.000000e+00   -0.000000e+00   2.597726e+02   5.210101e-06   3.885724e+00
3.900000e+01   -2.538083e+00   -0.000000e+00   -0.000000e+00   2.601028e+02   5.135603e-06   3.835031e+00
3.910000e+01   -4.217491e+00   -0.000000e+00   -0.000000e+00   2.604343e+02   5.062224e-06   3.785052e+00
3.920000e+01   -5.313689e+00   -0.000000e+00   -0.000000e+00   2.607669e+02   4.989945e-06   3.735774e+00
3.930000e+01   -5.450460e+00   -0.000000e+00   -0.000000e+00   2.611009e+02   4.918747e-06   3.687187e+00
3.940000e+01   -5.124528e+00   -0.000000e+00   -0.000000e+00   2.614362e+02   4.848612e-06   3.639280e+00
3.950000e+01   -4.637445e+00   -0.000000e+00   -0.000000e+00   2.617724e+02   4.779530e-06   3.592041e+00
3.960000e+01   -4.143765e+00   -0.000000e+00   -0.000000e+00   2.621091e+02   4.711494e-06   3.545464e+00
3.970000e+01   -3.798038e+00   -0.000000e+00   -0.000000e+00   2.624457e+02   4.644498e-06   3.499537e+00
3.980000e+01   -3.731806e+00   -0.000000e+00   -0.000000e+00   2.627818e+02   4.578534e-06   3.454252e+00
3.990000e+01   -3.797669e+00   -0.000000e+00   -0.000000e+00   2.631169e+02   4.513592e-06   3.409600e+00
4.000000e+01   -3.927703e+00   -0.000000e+00   -0.000000e+00   2.634505e+02   4.449666e-06   3.365572e+00
4.010000e+01   -4.111613e+00   -0.000000e+00   -0.000000e+00   2.637821e+02   4.386745e-06   3.322157e+00
4.020000e+01   -4.339103e+00   -0.000000e+00   -0.000000e+00   2.641112e+02   4.324821e-06   3.279347e+00
4.030000e+01   -4.626765e+00   -0.000000e+00   -0.000000e+00   2.644374e+02   4.263883e-06   3.237133e+00
4.040000e+01   -5.252556e+00   -0.000000e+00   -0.000000e+00   2.647600e+02   4.203923e-06   3.195505e+00
4.050000e+01   -6.122238e+00   -0.000000e+00   -0.000000e+00   2.650787e+02   4.144928e-06   3.154454e+00
4.060000e+01   -7.018706e+00   -0.000000e+00   -0.000000e+00   2.653929e+02   4.086889e-06   3.113971e+00
4.070000e+01   -7.724857e+00   -0.000000e+00   -0.000000e+00   2.657022e+02   4.029795e-06   3.074047e+00
4.080000e+01   -8.049580e+00   -0.000000e+00   -0.000000e+00   2.660061e+02   3.973634e-06   3.034672e+00
4.090000e+01   -8.246534e+00   -0.000000e+00   -0.000000e+00   2.663040e+02   3.918395e-06   2.995837e+00
4.100000e+01   -8.437862e+00   -0.000000e+00   -0.000000e+00   2.665954e+02   3.864067e-06   2.957533e+00
4.110000e+01   -8.621703e+00   -0.000000e+00   -0.000000e+00   2.668800e+02   3.810635e-06   2.919751e+00
4.120000e+01   -8.795605e+00   -0.000000e+00   -0.000000e+00   2.671579e+02   3.758084e-06   2.882484e+00
4.130000e+01   -8.914469e+00   -0.000000e+00   -0.000000e+00   2.674294e+02   3.706391e-06   2.845724e+00
4.140000e+01   -8.257076e+00   -0.000000e+00   -0.000000e+00   2.676950e+02   3.655536e-06   2.809465e+00
4.150000e+01   -6.874709e+00   -0.000000e+00   -0.000000e+00   2.679550e+02   3.605501e-06   2.773702e+00
4.160000e+01   -5.175749e+00   -0.000000e+00   -0.000000e+00   2.682098e+02   3.556266e-06   2.738427e+00
4.170000e+01   -3.568575e+00   -0.000000e+00   -0.000000e+00   2.684598e+02   3.507811e-06   2.703634e+00
4.180000e+01   -2.434678e+00   -0.000000e+00   -0.000000e+00   2.687054e+02   3.460120e-06   2.669316e+00
4.190000e+01   -1.443587e+00   -0.000000e+00   -0.000000e+00   2.689470e+02   3.413174e-06   2.635467e+00
4.200000e+01   -4.703626e-01   -0.000000e+00   -0.000000e+00   2.691850e+02   3.366956e-06   2.602080e+00
4.210000e+01   3.460519e-01   -0.000000e+00   -0.000000e+00   2.694197e+02   3.321448e-06   2.569149e+00
4.220000e+01   8.667125e-01   -0.000000e+00   -0.000000e+00   2.696516e+02   3.276635e-06   2.536667e+00
4.230000e+01   9.634812e-01   -0.000000e+00   -0.000000e+00   2.698811e+02   3.232499e-06   2.504628e+00
4.240000e+01   8.871725e-01   -0.000000e+00   -0.000000e+00   2.701085e+02   3.189025e-06   2.473025e+00
4.250000e+01   7.951975e-01   -0.000000e+00   -0.000000e+00   2.703342e+02   3.146197e-06   2.441852e+00
4.260000e+01   6.868172e-01   -0.000000e+00   -0.000000e+00   2.705587e+02   3.104001e-06   2.411102e+00
4.270000e+01   5.612927e-01   -0.000000e+00   -0.000000e+00   2.707823e+02   3.062420e-06   2.380769e+00
4.280000e+01   4.037453e-01   -0.000000e+00   -0.000000e+00   2.710053e+02   3.021440e-06   2.350846e+00
4.290000e+01   -3.500153e-01   -0.000000e+00   -0.000000e+00   2.712282e+02   2.981050e-06   2.321327e+00
4.300000e+01   -1.715239e+00   -0.000000e+00   -0.000000e+00   2.714507e+02   2.941240e-06   2.292206e+00
4.310000e+01   -3.309331e+00   -0.000000e+00   -0.000000e+00   2.716726e+02   2.902006e-06   2.263479e+00
4.320000e+01   -4.749696e+00   -0.000000e+00   -0.000000e+00   2.718938e+02   2.863340e-06   2.235139e+00
4.330000e+01   -5.660345e+00   -0.000000e+00   -0.000000e+00   2.721140e+02   2.825238e-06   2.207182e+00
4.340000e+01   -6.206124e+00   -0.000000e+00   -0.000000e+00   2.723330e+02   2.787691e-06   2.179603e+00
4.350000e+01   -6.651241e+00   -0.000000e+00   -0.000000e+00   2.725507e+02   2.750695e-06   2.152395e+00
4.360000e+01   -7.033427e+00   -0.000000e+00   -0.000000e+00   2.727667e+02   2.714241e-06   2.125554e+00
4.370000e+01   -7.390409e+00   -0.000000e+00   -0.000000e+00   2.729810e+02   2.678325e-06   2.099075e+00
4.380000e+01   -7.760178e+00   -0.000000e+00   -0.000000e+00   2.731933e+02   2.642938e-06   2.072952e+00
4.390000e+01   -8.189391e+00   -0.000000e+00   -0.000000e+00   2.734033e+02   2.608074e-06   2.047180e+00
4.400000e+01   -8.642863e+00   -0.000000e+00   -0.000000e+00   2.736110e+02   2.573727e-06   2.021754e+00
4.410000e+01   -9.049533e+00   -0.000000e+00   -0.000000e+00   2.738160e+02   2.539889e-06   1.996668e+00
4.420000e+01   -9.338343e+00   -0.000000e+00   -0.000000e+00   2.740182e+02   2.506553e-06   1.971917e+00
4.430000e+01   -9.436823e+00   -0.000000e+00   -0.000000e+00   2.742173e+02   2.473713e-06   1.947496e+00
4.440000e+01   -8.997554e+00   -0.000000e+00   -0.000000e+00   2.744132e+02   2.441362e-06   1.923400e+00
4.450000e+01   -8.035274e+00   -0.000000e+00   -0.000000e+00   2.746057e+02   2.409491e-06   1.899623e+00
4.460000e+01   -6.902563e+00   -0.000000e+00   -0.000000e+00   2.747945e+02   2.378096e-06   1.876159e+00
4.470000e+01   -5.952067e+00   -0.000000e+00   -0.000000e+00   2.749795e+02   2.347167e-06   1.853005e+00
4.480000e+01   -5.537613e+00   -0.000000e+00   -0.000000e+00   2.751604e+02   2.316699e-06   1.830155e+00
4.490000e+01   -6.138222e+00   -0.000000e+00   -0.000000e+00   2.753369e+02   2.286687e-06   1.807605e+00
4.500000e+01   -7.580653e+00   -0.000000e+00   -0.000000e+00   2.755090e+02   2.257124e-06   1.785350e+00
4.510000e+01   -9.293181e+00   -0.000000e+00   -0.000000e+00   2.756762e+02   2.228004e-06   1.763387e+00
4.520000e+01   -1.070408e+01   -0.000000e+00   -0.000000e+00   2.758385e+02   2.199323e-06   1.741712e+00
4.530000e+01   -1.124163e+01   -0.000000e+00   -0.000000e+00   2.759956e+02   2.171073e-06   1.720319e+00
4.540000e+01   -1.077804e+01   -0.000000e+00   -0.000000e+00   2.761473e+02   2.143249e-06   1.699205e+00
4.550000e+01   -9.772693e+00   -0.000000e+00   -0.000000e+00   2.762933e+02   2.115845e-06   1.678365e+00
4.560000e+01   -8.534624e+00   -0.000000e+00   -0.000000e+00   2.764335e+02   2.088855e-06   1.657796e+00
4.570000e+01   -7.372863e+00   -0.000000e+00   -0.000000e+00   2.765675e+02   2.062273e-06   1.637493e+00
4.580000e+01   -6.596440e+00   -0.000000e+00   -0.000000e+00   2.766952e+02   2.036093e-06   1.617452e+00
4.590000e+01   -6.149482e+00   -0.000000e+00   -0.000000e+00   2.768163e+02   2.010308e-06   1.597669e+00
4.600000e+01   -5.743235e+00   -0.000000e+00   -0.000000e+00   2.769307e+02   1.984914e-06   1.578139e+00
4.610000e+01   -5.403832e+00   -0.000000e+00   -0.000000e+00   2.770380e+02   1.959904e-06   1.558858e+00
4.620000e+01   -5.157787e+00   -0.000000e+00   -0.000000e+00   2.771382e+02   1.935271e-06   1.539822e+00
4.630000e+01   -5.031617e+00   -0.000000e+00   -0.000000e+00   2.772308e+02   1.911010e-06   1.521027e+00
4.640000e+01   -5.085433e+00   -0.000000e+00   -0.000000e+00   2.773158e+02   1.887115e-06   1.502468e+00
4.650000e+01   -5.310762e+00   -0.000000e+00   -0.000000e+00   2.773929e+02   1.863579e-06   1.484142e+00
4.660000e+01   -5.608539e+00   -0.000000e+00   -0.000000e+00   2.774618e+02   1.840396e-06   1.466043e+00
4.670000e+01   -5.878182e+00   -0.000000e+00   -0.000000e+00   2.775227e+02   1.817559e-06   1.448170e+00
4.680000e+01   -6.017955e+00   -0.000000e+00   -0.000000e+00   2.775758e+02   1.795062e-06   1.430518e+00
4.690000e+01   -5.759133e+00   -0.000000e+00   -0.000000e+00   2.776213e+02   1.772897e-06   1.413086e+00
4.700000e+01   -5.006118e+00   -0.000000e+00   -0.000000e+00   2.776595e+02   1.751057e-06   1.395871e+00
4.710000e+01   -4.068879e+00   -0.000000e+00   -0.000000e+00   2.776908e+02   1.729535e-06   1.378870e+00
4.720000e+01   -3.260139e+00   -0.000000e+00   -0.000000e+00   2.777153e+02   1.708325e-06   1.362080e+00
4.730000e+01   -2.892619e+00   -0.000000e+00   -0.000000e+00   2.777334e+02   1.687420e-06   1.345499e+00
4.740000e+01   -3.078604e+00   -0.000000e+00   -0.000000e+00   2.777453e+02   1.666813e-06   1.329125e+00
4.750000e+01   -3.529613e+00   -0.000000e+00   -0.000000e+00   2.777513e+02   1.646498e-06   1.312954e+00
4.760000e+01   -4.085479e+00   -0.000000e+00   -0.000000e+00   2.777517e+02   1.626469e-06   1.296984e+00
4.770000e+01   -4.589388e+00   -0.000000e+00   -0.000000e+00   2.777467e+02   1.606719e-06   1.281213e+00
4.780000e+01   -4.884525e+00   -0.000000e+00   -0.000000e+00   2.777367e+02   1.587244e-06   1.265637e+00
4.790000e+01   -4.958934e+00   -0.000000e+00   -0.000000e+00   2.777218e+02   1.568037e-06   1.250255e+00
4.800000e+01   -5.010224e+00   -0.000000e+00   -0.000000e+00   2.777024e+02   1.549091e-06   1.235063e+00
4.810000e+01   -5.043533e+00   -0.000000e+00   -0.000000e+00   2.776788e+02   1.530402e-06   1.220059e+00
4.820000e+01   -5.058932e+00   -0.000000e+00   -0.000000e+00   2.776512e+02   1.511965e-06   1.205240e+00
4.830000e+01   -5.056491e+00   -0.000000e+00   -0.000000e+00   2.776198e+02   1.493772e-06   1.190603e+00
4.840000e+01   -4.849109e+00   -0.000000e+00   -0.000000e+00   2.775851e+02   1.475819e-06   1.176147e+00
4.850000e+01   -4.197021e+00   -0.000000e+00   -0.000000e+00   2.775471e+02   1.458102e-06   1.161868e+00
4.860000e+01   -3.357689e+00   -0.000000e+00   -0.000000e+00   2.775063e+02   1.440613e-06   1.147764e+00
4.870000e+01   -2.602926e+00   -0.000000e+00   -0.000000e+00   2.774629e+02   1.423350e-06   1.133832e+00
4.880000e+01   -2.204858e+00   -0.000000e+00   -0.000000e+00   2.774171e+02   1.406307e-06   1.120071e+00
4.890000e+01   -2.455273e+00   -0.000000e+00   -0.000000e+00   2.773693e+02   1.389480e-06   1.106478e+00
4.900000e+01   -3.381526e+00   -0.000000e+00   -0.000000e+00   2.773198e+02   1.372864e-06   1.093052e+00
4.910000e+01   -4.704763e+00   -0.000000e+00   -0.000000e+00   2.772687e+02   1.356457e-06   1.079790e+00
4.920000e+01   -6.139248e+00   -0.000000e+00   -0.000000e+00   2.772165e+02   1.340252e-06   1.066689e+00
4.930000e+01   -7.399243e+00   -0.000000e+00   -0.000000e+00   2.771633e+02   1.324248e-06   1.053749e+00
4.940000e+01   -8.418427e+00   -0.000000e+00   -0.000000e+00   2.771095e+02   1.308438e-06   1.040967e+00
4.950000e+01   -9.532419e+00   -0.000000e+00   -0.000000e+00   2.770553e+02   1.292820e-06   1.028341e+00
4.960000e+01   -1.059062e+01   -0.000000e+00   -0.000000e+00   2.770010e+02   1.277390e-06   1.015868e+00
4.970000e+01   -1.141469e+01   -0.000000e+00   -0.000000e+00   2.769469e+02   1.262143e-06   1.003547e+00
4.980000e+01   -1.182629e+01   -0.000000e+00   -0.000000e+00   2.768933e+02   1.247077e-06   9.913752e-01
4.990000e+01   -1.164230e+01   -0.000000e+00   -0.000000e+00   2.768405e+02   1.232186e-06   9.793511e-01
5.000000e+01   -1.086076e+01   -0.000000e+00   -0.000000e+00   2.767887e+02   1.217469e-06   9.674724e-01
5.010000e+01   -9.691563e+00   -0.000000e+00   -0.000000e+00   2.767382e+02   1.202920e-06   9.557370e-01
5.020000e+01   -8.351368e+00   -0.000000e+00   -0.000000e+00   2.766894e+02   1.188537e-06   9.441427e-01
5.030000e+01   -7.056856e+00   -0.000000e+00   -0.000000e+00   2.766424e+02   1.174316e-06   9.326876e-01
5.040000e+01   -5.842836e+00   -0.000000e+00   -0.000000e+00   2.765975e+02   1.160254e-06   9.213694e-01
5.050000e+01   -4.363146e+00   -0.000000e+00   -0.000000e+00   2.765552e+02   1.146347e-06   9.101862e-01
5.060000e+01   -2.848860e+00   -0.000000e+00   -0.000000e+00   2.765154e+02   1.132592e-06   8.991358e-01
5.070000e+01   -1.577920e+00   -0.000000e+00   -0.000000e+00   2.764781e+02   1.118989e-06   8.882165e-01
5.080000e+01   -8.284164e-01   -0.000000e+00   -0.000000e+00   2.764427e+02   1.105537e-06   8.774267e-01
5.090000e+01   -6.957922e-01   -0.000000e+00   -0.000000e+00   2.764087e+02   1.092238e-06   8.667650e-01
5.100000e+01   -6.652436e-01   -0.000000e+00   -0.000000e+00   2.763755e+02   1.079092e-06   8.562296e-01
5.110000e+01   -6.764794e-01   -0.000000e+00   -0.000000e+00   2.763427e+02   1.066098e-06   8.458191e-01
5.120000e+01   -7.240753e-01   -0.000000e+00   -0.000000e+00   2.763097e+02   1.053258e-06   8.355319e-01
5.130000e+01   -8.026066e-01   -0.000000e+00   -0.000000e+00   2.762760e+02   1.040570e-06   8.253665e-01
5.140000e+01   -9.811262e-01   -0.000000e+00   -0.000000e+00   2.762410e+02   1.028036e-06   8.153212e-01
5.150000e+01   -1.507838e+00   -0.000000e+00   -0.000000e+00   2.762044e+02   1.015654e-06   8.053945e-01
5.160000e+01   -2.290528e+00   -0.000000e+00   -0.000000e+00   2.761655e+02   1.003425e-06   7.955848e-01
5.170000e+01   -3.200593e+00   -0.000000e+00   -0.000000e+00   2.761238e+02   9.913475e-07   7.858906e-01
5.180000e+01   -4.109433e+00   -0.000000e+00   -0.000000e+00   2.760788e+02   9.794221e-07   7.763103e-01
5.190000e+01   -4.934650e+00   -0.000000e+00   -0.000000e+00   2.760301e+02   9.676479e-07   7.668424e-01
5.200000e+01   -5.803676e+00   -0.000000e+00   -0.000000e+00   2.759770e+02   9.560243e-07   7.574852e-01
5.210000e+01   -6.713157e+00   -0.000000e+00   -0.000000e+00   2.759190e+02   9.445507e-07   7.482372e-01
5.220000e+01   -7.635891e+00   -0.000000e+00   -0.000000e+00   2.758557e+02   9.332263e-07   7.390969e-01
5.230000e+01   -8.544680e+00   -0.000000e+00   -0.000000e+00   2.757866e+02   9.220504e-07   7.300627e-01
5.240000e+01   -9.462949e+00   -0.000000e+00   -0.000000e+00   2.757110e+02   9.110220e-07   7.211330e-01
5.250000e+01   -1.056174e+01   -0.000000e+00   -0.000000e+00   2.756285e+02   9.001403e-07   7.123062e-01
5.260000e+01   -1.168456e+01   -0.000000e+00   -0.000000e+00   2.755386e+02   8.894042e-07   7.035808e-01
5.270000e+01   -1.262960e+01   -0.000000e+00   -0.000000e+00   2.754409e+02   8.788124e-07   6.949555e-01
5.280000e+01   -1.319468e+01   -0.000000e+00   -0.000000e+00   2.753354e+02   8.683631e-07   6.864292e-01
5.290000e+01   -1.319762e+01   -0.000000e+00   -0.000000e+00   2.752220e+02   8.580544e-07   6.780011e-01
5.300000e+01   -1.268821e+01   -0.000000e+00   -0.000000e+00   2.751008e+02   8.478845e-07   6.696700e-01
5.310000e+01   -1.182057e+01   -0.000000e+00   -0.000000e+00   2.749717e+02   8.378514e-07   6.614352e-01
5.320000e+01   -1.074339e+01   -0.000000e+00   -0.000000e+00   2.748346e+02   8.279535e-07   6.532956e-01
5.330000e+01   -9.605364e+00   -0.000000e+00   -0.000000e+00   2.746897e+02   8.181888e-07   6.452504e-01
5.340000e+01   -8.475039e+00   -0.000000e+00   -0.000000e+00   2.745368e+02   8.085556e-07   6.372985e-01
5.350000e+01   -6.990235e+00   -0.000000e+00   -0.000000e+00   2.743760e+02   7.990522e-07   6.294390e-01
5.360000e+01   -5.302101e+00   -0.000000e+00   -0.000000e+00   2.742072e+02   7.896767e-07   6.216709e-01
5.370000e+01   -3.671793e+00   -0.000000e+00   -0.000000e+00   2.740305e+02   7.804275e-07   6.139934e-01
5.380000e+01   -2.360469e+00   -0.000000e+00   -0.000000e+00   2.738457e+02   7.713027e-07   6.064055e-01
5.390000e+01   -1.573064e+00   -0.000000e+00   -0.000000e+00   2.736529e+02   7.623008e-07   5.989062e-01
5.400000e+01   -1.021478e+00   -0.000000e+00   -0.000000e+00   2.734521e+02   7.534200e-07   5.914945e-01
5.410000e+01   -5.865173e-01   -0.000000e+00   -0.000000e+00   2.732432e+02   7.446586e-07   5.841696e-01
5.420000e+01   -2.290577e-01   -0.000000e+00   -0.000000e+00   2.730262e+02   7.360150e-07   5.769304e-01
5.430000e+01   9.002392e-02   -0.000000e+00   -0.000000e+00   2.728012e+02   7.274876e-07   5.697761e-01
5.440000e+01   4.141105e-01   -0.000000e+00   -0.000000e+00   2.725681e+02   7.190746e-07   5.627056e-01
5.450000e+01   7.846866e-01   -0.000000e+00   -0.000000e+00   2.723268e+02   7.107744e-07   5.557181e-01
5.460000e+01   1.143873e+00   -0.000000e+00   -0.000000e+00   2.720774e+02   7.025855e-07   5.488125e-01
5.470000e+01   1.417430e+00   -0.000000e+00   -0.000000e+00   2.718199e+02   6.945062e-07   5.419880e-01
5.480000e+01   1.531450e+00   -0.000000e+00   -0.000000e+00   2.715547e+02   6.865338e-07   5.352437e-01
5.490000e+01   1.416479e+00   -0.000000e+00   -0.000000e+00   2.712824e+02   6.786653e-07   5.285787e-01
5.500000e+01   1.085640e+00   -0.000000e+00   -0.000000e+00   2.710039e+02   6.708974e-07   5.219921e-01
5.510000e+01   6.003301e-01   -0.000000e+00   -0.000000e+00   2.707197e+02   6.632272e-07   5.154832e-01
5.520000e+01   1.813848e-02   -0.000000e+00   -0.000000e+00   2.704306e+02   6.556516e-07   5.090510e-01
5.530000e+01   -6.033445e-01   -0.000000e+00   -0.000000e+00   2.701373e+02   6.481679e-07   5.026948e-01
5.540000e+01   -1.228741e+00   -0.000000e+00   -0.000000e+00   2.698405e+02   6.407731e-07   4.964138e-01
5.550000e+01   -2.054761e+00   -0.000000e+00   -0.000000e+00   2.695409e+02   6.334647e-07   4.902069e-01
5.560000e+01   -3.004967e+00   -0.000000e+00   -0.000000e+00   2.692392e+02   6.262399e-07   4.840736e-01
5.570000e+01   -3.905458e+00   -0.000000e+00   -0.000000e+00   2.689361e+02   6.190961e-07   4.780128e-01
5.580000e+01   -4.582330e+00   -0.000000e+00   -0.000000e+00   2.686323e+02   6.120307e-07   4.720237e-01
5.590000e+01   -4.825494e+00   -0.000000e+00   -0.000000e+00   2.683285e+02   6.050415e-07   4.661056e-01
5.600000e+01   -4.095170e+00   -0.000000e+00   -0.000000e+00   2.680254e+02   5.981258e-07   4.602575e-01
5.610000e+01   -2.689111e+00   -0.000000e+00   -0.000000e+00   2.677237e+02   5.912815e-07   4.544786e-01
5.620000e+01   -1.161558e+00   -0.000000e+00   -0.000000e+00   2.674241e+02   5.845062e-07   4.487681e-01
5.630000e+01   -6.675365e-02   -0.000000e+00   -0.000000e+00   2.671273e+02   5.777976e-07   4.431252e-01
5.640000e+01   7.919098e-02   -0.000000e+00   -0.000000e+00   2.668341e+02   5.711537e-07   4.375489e-01
5.650000e+01   -3.562607e-01   -0.000000e+00   -0.000000e+00   2.665450e+02   5.645723e-07   4.320385e-01
5.660000e+01   -1.040574e+00   -0.000000e+00   -0.000000e+00   2.662609e+02   5.580514e-07   4.265932e-01
5.670000e+01   -1.870660e+00   -0.000000e+00   -0.000000e+00   2.659823e+02   5.515890e-07   4.212120e-01
5.680000e+01   -2.743510e+00   -0.000000e+00   -0.000000e+00   2.657099e+02   5.451835e-07   4.158941e-01
5.690000e+01   -3.561014e+00   -0.000000e+00   -0.000000e+00   2.654426e+02   5.388365e-07   4.106388e-01
5.700000e+01   -4.362501e+00   -0.000000e+00   -0.000000e+00   2.651790e+02   5.325504e-07   4.054453e-01
5.710000e+01   -5.205459e+00   -0.000000e+00   -0.000000e+00   2.649176e+02   5.263276e-07   4.003127e-01
5.720000e+01   -6.111874e+00   -0.000000e+00   -0.000000e+00   2.646569e+02   5.201703e-07   3.952402e-01
5.730000e+01   -7.103735e+00   -0.000000e+00   -0.000000e+00   2.643954e+02   5.140806e-07   3.902271e-01
5.740000e+01   -8.208282e+00   -0.000000e+00   -0.000000e+00   2.641316e+02   5.080605e-07   3.852726e-01
5.750000e+01   -9.582841e+00   -0.000000e+00   -0.000000e+00   2.638641e+02   5.021117e-07   3.803759e-01
5.760000e+01   -1.119192e+01   -0.000000e+00   -0.000000e+00   2.635914e+02   4.962361e-07   3.755362e-01
5.770000e+01   -1.289907e+01   -0.000000e+00   -0.000000e+00   2.633119e+02   4.904351e-07   3.707527e-01
5.780000e+01   -1.456786e+01   -0.000000e+00   -0.000000e+00   2.630242e+02   4.847103e-07   3.660247e-01
5.790000e+01   -1.607093e+01   -0.000000e+00   -0.000000e+00   2.627269e+02   4.790631e-07   3.613512e-01
5.800000e+01   -1.766487e+01   -0.000000e+00   -0.000000e+00   2.624183e+02   4.734947e-07   3.567316e-01
5.810000e+01   -1.933856e+01   -0.000000e+00   -0.000000e+00   2.620971e+02   4.680062e-07   3.521650e-01
5.820000e+01   -2.083958e+01   -0.000000e+00   -0.000000e+00   2.617618e+02   4.625988e-07   3.476507e-01
5.830000e+01   -2.191551e+01   -0.000000e+00   -0.000000e+00   2.614108e+02   4.572734e-07   3.431878e-01
5.840000e+01   -2.231794e+01   -0.000000e+00   -0.000000e+00   2.610428e+02   4.520309e-07   3.387756e-01
5.850000e+01   -2.214566e+01   -0.000000e+00   -0.000000e+00   2.606561e+02   4.468722e-07   3.344133e-01
5.860000e+01   -2.161499e+01   -0.000000e+00   -0.000000e+00   2.602494e+02   4.417979e-07   3.301001e-01
5.870000e+01   -2.081545e+01   -0.000000e+00   -0.000000e+00   2.598211e+02   4.368087e-07   3.258352e-01
5.880000e+01   -1.983656e+01   -0.000000e+00   -0.000000e+00   2.593697e+02   4.319052e-07   3.216177e-01
5.890000e+01   -1.876049e+01   -0.000000e+00   -0.000000e+00   2.588945e+02   4.270869e-07   3.174471e-01
5.900000e+01   -1.690960e+01   -0.000000e+00   -0.000000e+00   2.583968e+02   4.223498e-07   3.133227e-01
5.910000e+01   -1.422201e+01   -0.000000e+00   -0.000000e+00   2.578788e+02   4.176894e-07   3.092442e-01
5.920000e+01   -1.130376e+01   -0.000000e+00   -0.000000e+00   2.573424e+02   4.131012e-07   3.052110e-01
5.930000e+01   -8.760902e+00   -0.000000e+00   -0.000000e+00   2.567896e+02   4.085808e-07   3.012228e-01
5.940000e+01   -7.196082e+00   -0.000000e+00   -0.000000e+00   2.562224e+02   4.041241e-07   2.972790e-01
5.950000e+01   -6.255196e+00   -0.000000e+00   -0.000000e+00   2.556428e+02   3.997269e-07   2.933792e-01
5.960000e+01   -5.421423e+00   -0.000000e+00   -0.000000e+00   2.550529e+02   3.953854e-07   2.895231e-01
5.970000e+01   -4.765373e+00   -0.000000e+00   -0.000000e+00   2.544545e+02   3.910956e-07   2.857100e-01
5.980000e+01   -4.357659e+00   -0.000000e+00   -0.000000e+00   2.538498e+02   3.868539e-07   2.819396e-01
5.990000e+01   -4.268929e+00   -0.000000e+00   -0.000000e+00   2.532407e+02   3.826567e-07   2.782115e-01
6.000000e+01   -4.560658e+00   -0.000000e+00   -0.000000e+00   2.526292e+02   3.785003e-07   2.745251e-01
6.010000e+01   -5.122680e+00   -0.000000e+00   -0.000000e+00   2.520173e+02   3.743815e-07   2.708801e-01
6.020000e+01   -5.774525e+00   -0.000000e+00   -0.000000e+00   2.514070e+02   3.702969e-07   2.672759e-01
6.030000e+01   -6.335721e+00   -0.000000e+00   -0.000000e+00   2.508004e+02   3.662432e-07   2.637121e-01
6.040000e+01   -6.625796e+00   -0.000000e+00   -0.000000e+00   2.501994e+02   3.622174e-07   2.601884e-01
6.050000e+01   -6.280136e+00   -0.000000e+00   -0.000000e+00   2.496060e+02   3.582164e-07   2.567041e-01
6.060000e+01   -5.324526e+00   -0.000000e+00   -0.000000e+00   2.490222e+02   3.542373e-07   2.532589e-01
6.070000e+01   -4.164091e+00   -0.000000e+00   -0.000000e+00   2.484501e+02   3.502773e-07   2.498523e-01
6.080000e+01   -3.203956e+00   -0.000000e+00   -0.000000e+00   2.478915e+02   3.463336e-07   2.464840e-01
6.090000e+01   -2.849229e+00   -0.000000e+00   -0.000000e+00   2.473486e+02   3.424037e-07   2.431533e-01
6.100000e+01   -3.465072e+00   -0.000000e+00   -0.000000e+00   2.468215e+02   3.384873e-07   2.398600e-01
6.110000e+01   -4.837253e+00   -0.000000e+00   -0.000000e+00   2.463094e+02   3.345864e-07   2.366038e-01
6.120000e+01   -6.480556e+00   -0.000000e+00   -0.000000e+00   2.458111e+02   3.307028e-07   2.333843e-01
6.130000e+01   -7.909645e+00   -0.000000e+00   -0.000000e+00   2.453256e+02   3.268382e-07   2.302014e-01
6.140000e+01   -8.639184e+00   -0.000000e+00   -0.000000e+00   2.448518e+02   3.229944e-07   2.270548e-01
6.150000e+01   -8.592675e+00   -0.000000e+00   -0.000000e+00   2.443887e+02   3.191730e-07   2.239441e-01
6.160000e+01   -8.236904e+00   -0.000000e+00   -0.000000e+00   2.439351e+02   3.153757e-07   2.208690e-01
6.170000e+01   -7.769354e+00   -0.000000e+00   -0.000000e+00   2.434900e+02   3.116040e-07   2.178294e-01
6.180000e+01   -7.385928e+00   -0.000000e+00   -0.000000e+00   2.430524e+02   3.078594e-07   2.148249e-01
6.190000e+01   -7.282526e+00   -0.000000e+00   -0.000000e+00   2.426211e+02   3.041433e-07   2.118552e-01
6.200000e+01   -7.443920e+00   -0.000000e+00   -0.000000e+00   2.421952e+02   3.004571e-07   2.089201e-01
6.210000e+01   -7.638463e+00   -0.000000e+00   -0.000000e+00   2.417734e+02   2.968021e-07   2.060193e-01
6.220000e+01   -7.860378e+00   -0.000000e+00   -0.000000e+00   2.413549e+02   2.931795e-07   2.031524e-01
6.230000e+01   -8.106162e+00   -0.000000e+00   -0.000000e+00   2.409384e+02   2.895906e-07   2.003193e-01
6.240000e+01   -8.372312e+00   -0.000000e+00   -0.000000e+00   2.405230e+02   2.860364e-07   1.975196e-01
6.250000e+01   -8.750021e+00   -0.000000e+00   -0.000000e+00   2.401076e+02   2.825180e-07   1.947531e-01
6.260000e+01   -9.364437e+00   -0.000000e+00   -0.000000e+00   2.396910e+02   2.790365e-07   1.920194e-01
6.270000e+01   -1.016870e+01   -0.000000e+00   -0.000000e+00   2.392723e+02   2.755929e-07   1.893184e-01
6.280000e+01   -1.111357e+01   -0.000000e+00   -0.000000e+00   2.388503e+02   2.721879e-07   1.866496e-01
6.290000e+01   -1.214980e+01   -0.000000e+00   -0.000000e+00   2.384241e+02   2.688226e-07   1.840129e-01
6.300000e+01   -1.342387e+01   -0.000000e+00   -0.000000e+00   2.379929e+02   2.654971e-07   1.814079e-01
6.310000e+01   -1.517148e+01   -0.000000e+00   -0.000000e+00   2.375564e+02   2.622114e-07   1.788343e-01
6.320000e+01   -1.721777e+01   -0.000000e+00   -0.000000e+00   2.371144e+02   2.589654e-07   1.762918e-01
6.330000e+01   -1.937941e+01   -0.000000e+00   -0.000000e+00   2.366665e+02   2.557589e-07   1.737800e-01
6.340000e+01   -2.147306e+01   -0.000000e+00   -0.000000e+00   2.362124e+02   2.525917e-07   1.712987e-01
6.350000e+01   -2.363585e+01   -0.000000e+00   -0.000000e+00   2.357519e+02   2.494636e-07   1.688475e-01
6.360000e+01   -2.619774e+01   -0.000000e+00   -0.000000e+00   2.352846e+02   2.463745e-07   1.664262e-01
6.370000e+01   -2.872385e+01   -0.000000e+00   -0.000000e+00   2.348102e+02   2.433241e-07   1.640343e-01
6.380000e+01   -3.075746e+01   -0.000000e+00   -0.000000e+00   2.343285e+02   2.403123e-07   1.616715e-01
6.390000e+01   -3.184186e+01   -0.000000e+00   -0.000000e+00   2.338390e+02   2.373389e-07   1.593376e-01
6.400000e+01   -3.188434e+01   -0.000000e+00   -0.000000e+00   2.333416e+02   2.344035e-07   1.570322e-01
6.410000e+01   -3.157732e+01   -0.000000e+00   -0.000000e+00   2.328359e+02   2.315060e-07   1.547549e-01
6.420000e+01   -3.108507e+01   -0.000000e+00   -0.000000e+00   2.323216e+02   2.286461e-07   1.525056e-01
6.430000e+01   -3.054354e+01   -0.000000e+00   -0.000000e+00   2.317984e+02   2.258235e-07   1.502837e-01
6.440000e+01   -3.008864e+01   -0.000000e+00   -0.000000e+00   2.312661e+02   2.230381e-07   1.480891e-01
6.450000e+01   -2.980926e+01   -0.000000e+00   -0.000000e+00   2.307242e+02   2.202894e-07   1.459214e-01
6.460000e+01   -2.961687e+01   -0.000000e+00   -0.000000e+00   2.301726e+02   2.175773e-07   1.437803e-01
6.470000e+01   -2.943860e+01   -0.000000e+00   -0.000000e+00   2.296108e+02   2.149014e-07   1.416655e-01
6.480000e+01   -2.920534e+01   -0.000000e+00   -0.000000e+00   2.290387e+02   2.122615e-07   1.395765e-01
6.490000e+01   -2.884807e+01   -0.000000e+00   -0.000000e+00   2.284560e+02   2.096570e-07   1.375132e-01
6.500000e+01   -2.807507e+01   -0.000000e+00   -0.000000e+00   2.278636e+02   2.070869e-07   1.354752e-01
6.510000e+01   -2.641473e+01   -0.000000e+00   -0.000000e+00   2.272621e+02   2.045498e-07   1.334623e-01
6.520000e+01   -2.425555e+01   -0.000000e+00   -0.000000e+00   2.266526e+02   2.020446e-07   1.314742e-01
6.530000e+01   -2.203458e+01   -0.000000e+00   -0.000000e+00   2.260359e+02   1.995700e-07   1.295105e-01
6.540000e+01   -2.018888e+01   -0.000000e+00   -0.000000e+00   2.254127e+02   1.971249e-07   1.275711e-01
6.550000e+01   -1.889736e+01   -0.000000e+00   -0.000000e+00   2.247841e+02   1.947080e-07   1.256556e-01
6.560000e+01   -1.762575e+01   -0.000000e+00   -0.000000e+00   2.241508e+02   1.923184e-07   1.237638e-01
6.570000e+01   -1.646596e+01   -0.000000e+00   -0.000000e+00   2.235138e+02   1.899549e-07   1.218953e-01
6.580000e+01   -1.556916e+01   -0.000000e+00   -0.000000e+00   2.228738e+02   1.876164e-07   1.200500e-01
6.590000e+01   -1.508652e+01   -0.000000e+00   -0.000000e+00   2.222318e+02   1.853020e-07   1.182275e-01
6.600000e+01   -1.511923e+01   -0.000000e+00   -0.000000e+00   2.215885e+02   1.830106e-07   1.164276e-01
6.610000e+01   -1.549012e+01   -0.000000e+00   -0.000000e+00   2.209450e+02   1.807413e-07   1.146499e-01
6.620000e+01   -1.601302e+01   -0.000000e+00   -0.000000e+00   2.203020e+02   1.784930e-07   1.128943e-01
6.630000e+01   -1.651117e+01   -0.000000e+00   -0.000000e+00   2.196603e+02   1.762649e-07   1.111603e-01
6.640000e+01   -1.680778e+01   -0.000000e+00   -0.000000e+00   2.190210e+02   1.740560e-07   1.094478e-01
6.650000e+01   -1.678076e+01   -0.000000e+00   -0.000000e+00   2.183847e+02   1.718655e-07   1.077565e-01
6.660000e+01   -1.658630e+01   -0.000000e+00   -0.000000e+00   2.177524e+02   1.696925e-07   1.060860e-01
6.670000e+01   -1.631862e+01   -0.000000e+00   -0.000000e+00   2.171250e+02   1.675362e-07   1.044361e-01
6.680000e+01   -1.605476e+01   -0.000000e+00   -0.000000e+00   2.165030e+02   1.653959e-07   1.028066e-01
6.690000e+01   -1.587277e+01   -0.000000e+00   -0.000000e+00   2.158860e+02   1.632721e-07   1.011973e-01
6.700000e+01   -1.590299e+01   -0.000000e+00   -0.000000e+00   2.152733e+02   1.611653e-07   9.960796e-02
6.710000e+01   -1.635740e+01   -0.000000e+00   -0.000000e+00   2.146642e+02   1.590759e-07   9.803846e-02
6.720000e+01   -1.708874e+01   -0.000000e+00   -0.000000e+00   2.140581e+02   1.570045e-07   9.648861e-02
6.730000e+01   -1.791098e+01   -0.000000e+00   -0.000000e+00   2.134543e+02   1.549514e-07   9.495827e-02
6.740000e+01   -1.863812e+01   -0.000000e+00   -0.000000e+00   2.128522e+02   1.529171e-07   9.344726e-02
6.750000e+01   -1.913039e+01   -0.000000e+00   -0.000000e+00   2.122510e+02   1.509020e-07   9.195541e-02
6.760000e+01   -1.953161e+01   -0.000000e+00   -0.000000e+00   2.116502e+02   1.489065e-07   9.048256e-02
6.770000e+01   -1.990371e+01   -0.000000e+00   -0.000000e+00   2.110491e+02   1.469310e-07   8.902854e-02
6.780000e+01   -2.028119e+01   -0.000000e+00   -0.000000e+00   2.104470e+02   1.449757e-07   8.759318e-02
6.790000e+01   -2.069858e+01   -0.000000e+00   -0.000000e+00   2.098432e+02   1.430410e-07   8.617631e-02
6.800000e+01   -2.117897e+01   -0.000000e+00   -0.000000e+00   2.092371e+02   1.411272e-07   8.477777e-02
6.810000e+01   -2.168491e+01   -0.000000e+00   -0.000000e+00   2.086281e+02   1.392347e-07   8.339739e-02
6.820000e+01   -2.223054e+01   -0.000000e+00   -0.000000e+00   2.080154e+02   1.373635e-07   8.203500e-02
6.830000e+01   -2.284102e+01   -0.000000e+00   -0.000000e+00   2.073984e+02   1.355141e-07   8.069044e-02
6.840000e+01   -2.354148e+01   -0.000000e+00   -0.000000e+00   2.067764e+02   1.336865e-07   7.936354e-02
6.850000e+01   -2.440647e+01   -0.000000e+00   -0.000000e+00   2.061488e+02   1.318811e-07   7.805413e-02
6.860000e+01   -2.568872e+01   -0.000000e+00   -0.000000e+00   2.055151e+02   1.300979e-07   7.676204e-02
6.870000e+01   -2.717864e+01   -0.000000e+00   -0.000000e+00   2.048761e+02   1.283362e-07   7.548711e-02
6.880000e+01   -2.858622e+01   -0.000000e+00   -0.000000e+00   2.042335e+02   1.265946e-07   7.422918e-02
6.890000e+01   -2.962143e+01   -0.000000e+00   -0.000000e+00   2.035891e+02   1.248720e-07   7.298808e-02
6.900000e+01   -2.997506e+01   -0.000000e+00   -0.000000e+00   2.029445e+02   1.231672e-07   7.176365e-02
6.910000e+01   -2.944739e+01   -0.000000e+00   -0.000000e+00   2.023014e+02   1.214790e-07   7.055573e-02
6.920000e+01   -2.838617e+01   -0.000000e+00   -0.000000e+00   2.016616e+02   1.198063e-07   6.936415e-02
6.930000e+01   -2.720990e+01   -0.000000e+00   -0.000000e+00   2.010267e+02   1.181480e-07   6.818875e-02
6.940000e+01   -2.633705e+01   -0.000000e+00   -0.000000e+00   2.003986e+02   1.165033e-07   6.702937e-02
6.950000e+01   -2.611734e+01   -0.000000e+00   -0.000000e+00   1.997787e+02   1.148710e-07   6.588584e-02
6.960000e+01   -2.617842e+01   -0.000000e+00   -0.000000e+00   1.991690e+02   1.132503e-07   6.475800e-02
6.970000e+01   -2.633936e+01   -0.000000e+00   -0.000000e+00   1.985710e+02   1.116402e-07   6.364569e-02
6.980000e+01   -2.654564e+01   -0.000000e+00   -0.000000e+00   1.979865e+02   1.100400e-07   6.254875e-02
6.990000e+01   -2.674271e+01   -0.000000e+00   -0.000000e+00   1.974173e+02   1.084488e-07   6.146700e-02
7.000000e+01   -2.688386e+01   -0.000000e+00   -0.000000e+00   1.968649e+02   1.068657e-07   6.040030e-02
7.010000e+01   -2.701104e+01   -0.000000e+00   -0.000000e+00   1.963311e+02   1.052902e-07   5.934846e-02
7.020000e+01   -2.712657e+01   -0.000000e+00   -0.000000e+00   1.958176e+02   1.037215e-07   5.831134e-02
7.030000e+01   -2.721184e+01   -0.000000e+00   -0.000000e+00   1.953261e+02   1.021590e-07   5.728877e-02
7.040000e+01   -2.724817e+01   -0.000000e+00   -0.000000e+00   1.948583e+02   1.006022e-07   5.628058e-02
7.050000e+01   -2.721227e+01   -0.000000e+00   -0.000000e+00   1.944133e+02   9.905162e-08   5.528661e-02
7.060000e+01   -2.705332e+01   -0.000000e+00   -0.000000e+00   1.939884e+02   9.750913e-08   5.430669e-02
7.070000e+01   -2.677932e+01   -0.000000e+00   -0.000000e+00   1.935804e+02   9.597643e-08   5.334065e-02
7.080000e+01   -2.641498e+01   -0.000000e+00   -0.000000e+00   1.931863e+02   9.445517e-08   5.238831e-02
7.090000e+01   -2.598501e+01   -0.000000e+00   -0.000000e+00   1.928031e+02   9.294690e-08   5.144952e-02
7.100000e+01   -2.551110e+01   -0.000000e+00   -0.000000e+00   1.924278e+02   9.145309e-08   5.052409e-02
7.110000e+01   -2.496201e+01   -0.000000e+00   -0.000000e+00   1.920573e+02   8.997512e-08   4.961187e-02
7.120000e+01   -2.431857e+01   -0.000000e+00   -0.000000e+00   1.916886e+02   8.851427e-08   4.871267e-02
7.130000e+01   -2.357559e+01   -0.000000e+00   -0.000000e+00   1.913187e+02   8.707177e-08   4.782633e-02
7.140000e+01   -2.272786e+01   -0.000000e+00   -0.000000e+00   1.909445e+02   8.564873e-08   4.695269e-02
7.150000e+01   -2.176818e+01   -0.000000e+00   -0.000000e+00   1.905630e+02   8.424621e-08   4.609156e-02
7.160000e+01   -2.065804e+01   -0.000000e+00   -0.000000e+00   1.901713e+02   8.286518e-08   4.524279e-02
7.170000e+01   -1.939724e+01   -0.000000e+00   -0.000000e+00   1.897661e+02   8.150654e-08   4.440619e-02
7.180000e+01   -1.800270e+01   -0.000000e+00   -0.000000e+00   1.893446e+02   8.017111e-08   4.358160e-02
7.190000e+01   -1.649135e+01   -0.000000e+00   -0.000000e+00   1.889037e+02   7.885965e-08   4.276886e-02
7.200000e+01   -1.485859e+01   -0.000000e+00   -0.000000e+00   1.884404e+02   7.757286e-08   4.196779e-02
7.210000e+01   -1.269691e+01   -0.000000e+00   -0.000000e+00   1.879515e+02   7.631138e-08   4.117822e-02
7.220000e+01   -1.018997e+01   -0.000000e+00   -0.000000e+00   1.874342e+02   7.507578e-08   4.039998e-02
7.230000e+01   -7.797491e+00   -0.000000e+00   -0.000000e+00   1.868856e+02   7.386652e-08   3.963290e-02
7.240000e+01   -5.984630e+00   -0.000000e+00   -0.000000e+00   1.863056e+02   7.268302e-08   3.887687e-02
7.250000e+01   -5.194125e+00   -0.000000e+00   -0.000000e+00   1.856959e+02   7.152409e-08   3.813178e-02
7.260000e+01   -4.921015e+00   -0.000000e+00   -0.000000e+00   1.850581e+02   7.038861e-08   3.739753e-02
7.270000e+01   -4.778323e+00   -0.000000e+00   -0.000000e+00   1.843940e+02   6.927547e-08   3.667403e-02
7.280000e+01   -4.741045e+00   -0.000000e+00   -0.000000e+00   1.837052e+02   6.818364e-08   3.596118e-02
7.290000e+01   -4.784176e+00   -0.000000e+00   -0.000000e+00   1.829934e+02   6.711210e-08   3.525888e-02
7.300000e+01   -4.899857e+00   -0.000000e+00   -0.000000e+00   1.822603e+02   6.605989e-08   3.456704e-02
7.310000e+01   -5.777248e+00   -0.000000e+00   -0.000000e+00   1.815075e+02   6.502608e-08   3.388555e-02
7.320000e+01   -7.529233e+00   -0.000000e+00   -0.000000e+00   1.807369e+02   6.400978e-08   3.321433e-02
7.330000e+01   -9.801956e+00   -0.000000e+00   -0.000000e+00   1.799500e+02   6.301014e-08   3.255327e-02
7.340000e+01   -1.224156e+01   -0.000000e+00   -0.000000e+00   1.791485e+02   6.202633e-08   3.190227e-02
7.350000e+01   -1.450682e+01   -0.000000e+00   -0.000000e+00   1.783341e+02   6.105755e-08   3.126124e-02
7.360000e+01   -1.709411e+01   -0.000000e+00   -0.000000e+00   1.775086e+02   6.010303e-08   3.063008e-02
7.370000e+01   -2.008497e+01   -0.000000e+00   -0.000000e+00   1.766735e+02   5.916205e-08   3.000869e-02
7.380000e+01   -2.301348e+01   -0.000000e+00   -0.000000e+00   1.758306e+02   5.823389e-08   2.939697e-02
7.390000e+01   -2.541375e+01   -0.000000e+00   -0.000000e+00   1.749816e+02   5.731785e-08   2.879484e-02
7.400000e+01   -2.682713e+01   -0.000000e+00   -0.000000e+00   1.741281e+02   5.641329e-08   2.820218e-02
7.410000e+01   -2.770888e+01   0.000000e+00   0.000000e+00   1.732719e+02   5.551957e-08   2.761891e-02
7.420000e+01   -2.847129e+01   0.000000e+00   0.000000e+00   1.724145e+02   5.463607e-08   2.704492e-02
7.430000e+01   -2.898685e+01   0.000000e+00   0.000000e+00   1.715578e+02   5.376220e-08   2.648011e-02
7.440000e+01   -2.912742e+01   0.000000e+00   0.000000e+00   1.707032e+02   5.289745e-08   2.592440e-02
7.450000e+01   -2.876111e+01   0.000000e+00   0.000000e+00   1.698511e+02   5.204172e-08   2.537770e-02
7.460000e+01   -2.809904e+01   0.000000e+00   0.000000e+00   1.690011e+02   5.119511e-08   2.483993e-02
7.470000e+01   -2.737737e+01   0.000000e+00   0.000000e+00   1.681529e+02   5.035772e-08   2.431101e-02
7.480000e+01   -2.660623e+01   0.000000e+00   0.000000e+00   1.673064e+02   4.952966e-08   2.379086e-02
7.490000e+01   -2.579573e+01   0.000000e+00   0.000000e+00   1.664611e+02   4.871100e-08   2.327942e-02
7.500000e+01   -2.495564e+01   0.000000e+00   0.000000e+00   1.656168e+02   4.790183e-08   2.277660e-02
7.510000e+01   -2.379808e+01   0.000000e+00   0.000000e+00   1.647732e+02   4.710224e-08   2.228233e-02
7.520000e+01   -2.219878e+01   0.000000e+00   0.000000e+00   1.639300e+02   4.631231e-08   2.179652e-02
7.530000e+01   -2.035275e+01   0.000000e+00   0.000000e+00   1.630868e+02   4.553210e-08   2.131910e-02
7.540000e+01   -1.845503e+01   0.000000e+00   0.000000e+00   1.622435e+02   4.476168e-08   2.085000e-02
7.550000e+01   -1.670062e+01   0.000000e+00   0.000000e+00   1.613997e+02   4.400113e-08   2.038914e-02
7.560000e+01   -1.505333e+01   0.000000e+00   0.000000e+00   1.605551e+02   4.325049e-08   1.993643e-02
7.570000e+01   -1.337687e+01   0.000000e+00   0.000000e+00   1.597094e+02   4.250983e-08   1.949181e-02
7.580000e+01   -1.171618e+01   0.000000e+00   0.000000e+00   1.588623e+02   4.177920e-08   1.905520e-02
7.590000e+01   -1.011616e+01   0.000000e+00   0.000000e+00   1.580136e+02   4.105865e-08   1.862651e-02
7.600000e+01   -8.621748e+00   0.000000e+00   0.000000e+00   1.571629e+02   4.034822e-08   1.820568e-02
7.610000e+01   -7.131013e+00   0.000000e+00   0.000000e+00   1.563100e+02   3.964796e-08   1.779262e-02
7.620000e+01   -5.580955e+00   0.000000e+00   0.000000e+00   1.554544e+02   3.895790e-08   1.738726e-02
7.630000e+01   -4.108370e+00   0.000000e+00   0.000000e+00   1.545961e+02   3.827808e-08   1.698952e-02
7.640000e+01   -2.850248e+00   0.000000e+00   0.000000e+00   1.537346e+02   3.760853e-08   1.659932e-02
7.650000e+01   -1.943575e+00   0.000000e+00   0.000000e+00   1.528696e+02   3.694927e-08   1.621659e-02
7.660000e+01   -2.146884e+00   0.000000e+00   0.000000e+00   1.520010e+02   3.630033e-08   1.584124e-02
7.670000e+01   -3.747927e+00   0.000000e+00   0.000000e+00   1.511283e+02   3.566174e-08   1.547321e-02
7.680000e+01   -5.841771e+00   0.000000e+00   0.000000e+00   1.502512e+02   3.503351e-08   1.511242e-02
7.690000e+01   -7.520165e+00   0.000000e+00   0.000000e+00   1.493697e+02   3.441563e-08   1.475878e-02
7.700000e+01   -7.881688e+00   0.000000e+00   0.000000e+00   1.484843e+02   3.380791e-08   1.441223e-02
7.710000e+01   -6.912717e+00   0.000000e+00   0.000000e+00   1.475964e+02   3.321003e-08   1.407270e-02
7.720000e+01   -5.593462e+00   0.000000e+00   0.000000e+00   1.467072e+02   3.262167e-08   1.374011e-02
7.730000e+01   -4.016899e+00   0.000000e+00   0.000000e+00   1.458181e+02   3.204254e-08   1.341438e-02
7.740000e+01   -2.266734e+00   0.000000e+00   0.000000e+00   1.449303e+02   3.147237e-08   1.309547e-02
7.750000e+01   -4.266708e-01   0.000000e+00   0.000000e+00   1.440451e+02   3.091089e-08   1.278328e-02
7.760000e+01   1.926433e+00   0.000000e+00   0.000000e+00   1.431637e+02   3.035784e-08   1.247775e-02
7.770000e+01   5.213775e+00   0.000000e+00   0.000000e+00   1.422876e+02   2.981299e-08   1.217881e-02
7.780000e+01   8.804217e+00   -0.000000e+00   -0.000000e+00   1.414179e+02   2.927609e-08   1.188639e-02
7.790000e+01   1.205296e+01   -0.000000e+00   -0.000000e+00   1.405560e+02   2.874695e-08   1.160041e-02
7.800000e+01   1.431522e+01   -0.000000e+00   -0.000000e+00   1.397031e+02   2.822535e-08   1.132081e-02
7.810000e+01   1.556455e+01   -0.000000e+00   -0.000000e+00   1.388605e+02   2.771110e-08   1.104752e-02
7.820000e+01   1.663450e+01   -0.000000e+00   -0.000000e+00   1.380296e+02   2.720401e-08   1.078046e-02
7.830000e+01   1.751016e+01   -0.000000e+00   -0.000000e+00   1.372115e+02   2.670391e-08   1.051956e-02
7.840000e+01   1.815468e+01   -0.000000e+00   -0.000000e+00   1.364076e+02   2.621065e-08   1.026476e-02
7.850000e+01   1.853123e+01   -0.000000e+00   -0.000000e+00   1.356192e+02   2.572407e-08   1.001598e-02
7.860000e+01   1.844283e+01   -0.000000e+00   -0.000000e+00   1.348476e+02   2.524404e-08   9.773144e-03
7.870000e+01   1.770785e+01   -0.000000e+00   -0.000000e+00   1.340940e+02   2.477042e-08   9.536190e-03
7.880000e+01   1.662062e+01   -0.000000e+00   -0.000000e+00   1.333597e+02   2.430310e-08   9.305045e-03
7.890000e+01   1.548777e+01   -0.000000e+00   -0.000000e+00   1.326460e+02   2.384196e-08   9.079638e-03
7.900000e+01   1.461964e+01   -0.000000e+00   -0.000000e+00   1.319539e+02   2.338696e-08   8.859888e-03
7.910000e+01   1.409261e+01   -0.000000e+00   -0.000000e+00   1.312825e+02   2.293823e-08   8.645677e-03
7.920000e+01   1.349024e+01   -0.000000e+00   -0.000000e+00   1.306306e+02   2.249596e-08   8.436878e-03
7.930000e+01   1.279592e+01   -0.000000e+00   -0.000000e+00   1.299970e+02   2.206030e-08   8.233362e-03
7.940000e+01   1.201319e+01   -0.000000e+00   -0.000000e+00   1.293805e+02   2.163140e-08   8.035000e-03
7.950000e+01   1.114559e+01   -0.000000e+00   -0.000000e+00   1.287799e+02   2.120936e-08   7.841664e-03
7.960000e+01   1.018326e+01   -0.000000e+00   -0.000000e+00   1.281940e+02   2.079430e-08   7.653226e-03
7.970000e+01   9.104359e+00   -0.000000e+00   -0.000000e+00   1.276216e+02   2.038630e-08   7.469558e-03
7.980000e+01   7.928935e+00   -0.000000e+00   -0.000000e+00   1.270614e+02   1.998542e-08   7.290532e-03
7.990000e+01   6.679036e+00   -0.000000e+00   -0.000000e+00   1.265122e+02   1.959170e-08   7.116018e-03
8.000000e+01   5.376708e+00   -0.000000e+00   -0.000000e+00   1.259729e+02   1.920518e-08   6.945889e-03
8.010000e+01   3.815352e+00   -0.000000e+00   -0.000000e+00   1.254421e+02   1.882587e-08   6.780017e-03
8.020000e+01   1.478289e+00   -0.000000e+00   -0.000000e+00   1.249188e+02   1.845375e-08   6.618274e-03
8.030000e+01   -1.401638e+00   -0.000000e+00   -0.000000e+00   1.244018e+02   1.808878e-08   6.460531e-03
8.040000e+01   -4.553367e+00   -0.000000e+00   -0.000000e+00   1.238920e+02   1.773066e-08   6.306678e-03
8.050000e+01   -7.711510e+00   -0.000000e+00   -0.000000e+00   1.233918e+02   1.737894e-08   6.156617e-03
8.060000e+01   -1.083533e+01   -0.000000e+00   -0.000000e+00   1.229037e+02   1.703316e-08   6.010248e-03
8.070000e+01   -1.437555e+01   -0.000000e+00   -0.000000e+00   1.224299e+02   1.669288e-08   5.867473e-03
8.080000e+01   -1.809405e+01   -0.000000e+00   -0.000000e+00   1.219729e+02   1.635768e-08   5.728193e-03
8.090000e+01   -2.169602e+01   -0.000000e+00   -0.000000e+00   1.215352e+02   1.602716e-08   5.592309e-03
8.100000e+01   -2.488666e+01   -0.000000e+00   -0.000000e+00   1.211191e+02   1.570093e-08   5.459724e-03
8.110000e+01   -2.759348e+01   -0.000000e+00   -0.000000e+00   1.207271e+02   1.537862e-08   5.330337e-03
8.120000e+01   -3.032720e+01   -0.000000e+00   -0.000000e+00   1.203615e+02   1.505988e-08   5.204050e-03
8.130000e+01   -3.285404e+01   -0.000000e+00   -0.000000e+00   1.200248e+02   1.474436e-08   5.080766e-03
8.140000e+01   -3.486537e+01   -0.000000e+00   -0.000000e+00   1.197193e+02   1.443174e-08   4.960384e-03
8.150000e+01   -3.605257e+01   -0.000000e+00   -0.000000e+00   1.194475e+02   1.412172e-08   4.842806e-03
8.160000e+01   -3.611964e+01   -0.000000e+00   -0.000000e+00   1.192118e+02   1.381401e-08   4.727934e-03
8.170000e+01   -3.512193e+01   -0.000000e+00   -0.000000e+00   1.190146e+02   1.350835e-08   4.615669e-03
8.180000e+01   -3.346849e+01   -0.000000e+00   -0.000000e+00   1.188582e+02   1.320448e-08   4.505913e-03
8.190000e+01   -3.158226e+01   -0.000000e+00   -0.000000e+00   1.187452e+02   1.290217e-08   4.398565e-03
8.200000e+01   -2.988618e+01   -0.000000e+00   -0.000000e+00   1.186778e+02   1.260121e-08   4.293529e-03
8.210000e+01   -2.867341e+01   -0.000000e+00   -0.000000e+00   1.186586e+02   1.230143e-08   4.190705e-03
8.220000e+01   -2.757833e+01   -0.000000e+00   -0.000000e+00   1.186899e+02   1.200263e-08   4.089994e-03
8.230000e+01   -2.650770e+01   -0.000000e+00   -0.000000e+00   1.187741e+02   1.170469e-08   3.991298e-03
8.240000e+01   -2.543009e+01   -0.000000e+00   -0.000000e+00   1.189134e+02   1.140753e-08   3.894528e-03
8.250000e+01   -2.431501e+01   -0.000000e+00   -0.000000e+00   1.191075e+02   1.111148e-08   3.799647e-03
8.260000e+01   -2.315838e+01   -0.000000e+00   -0.000000e+00   1.193557e+02   1.081696e-08   3.706643e-03
8.270000e+01   -2.204467e+01   -0.000000e+00   -0.000000e+00   1.196572e+02   1.052440e-08   3.615501e-03
8.280000e+01   -2.090822e+01   -0.000000e+00   -0.000000e+00   1.200111e+02   1.023420e-08   3.526205e-03
8.290000e+01   -1.966134e+01   -0.000000e+00   -0.000000e+00   1.204166e+02   9.946744e-09   3.438743e-03
8.300000e+01   -1.821635e+01   -0.000000e+00   -0.000000e+00   1.208729e+02   9.662405e-09   3.353099e-03
8.310000e+01   -1.640322e+01   -0.000000e+00   -0.000000e+00   1.213790e+02   9.381525e-09   3.269259e-03
8.320000e+01   -1.382615e+01   -0.000000e+00   -0.000000e+00   1.219342e+02   9.104427e-09   3.187209e-03
8.330000e+01   -1.079036e+01   -0.000000e+00   -0.000000e+00   1.225376e+02   8.831412e-09   3.106934e-03
8.340000e+01   -7.704086e+00   -0.000000e+00   -0.000000e+00   1.231885e+02   8.562758e-09   3.028420e-03
8.350000e+01   -4.975545e+00   -0.000000e+00   -0.000000e+00   1.238859e+02   8.298719e-09   2.951652e-03
8.360000e+01   -2.925176e+00   -0.000000e+00   -0.000000e+00   1.246290e+02   8.039530e-09   2.876617e-03
8.370000e+01   -1.168787e+00   -0.000000e+00   -0.000000e+00   1.254170e+02   7.785398e-09   2.803299e-03
8.380000e+01   5.012901e-01   -0.000000e+00   -0.000000e+00   1.262490e+02   7.536510e-09   2.731684e-03
8.390000e+01   2.203005e+00   -0.000000e+00   -0.000000e+00   1.271242e+02   7.293030e-09   2.661759e-03
8.400000e+01   4.054307e+00   -0.000000e+00   -0.000000e+00   1.280418e+02   7.055102e-09   2.593508e-03
8.410000e+01   6.175743e+00   -0.000000e+00   -0.000000e+00   1.290010e+02   6.822847e-09   2.526917e-03
8.420000e+01   8.630555e+00   -0.000000e+00   -0.000000e+00   1.300008e+02   6.596365e-09   2.461971e-03
8.430000e+01   1.133285e+01   -0.000000e+00   -0.000000e+00   1.310405e+02   6.375737e-09   2.398657e-03
8.440000e+01   1.417819e+01   -0.000000e+00   -0.000000e+00   1.321188e+02   6.161039e-09   2.336958e-03
8.450000e+01   1.705503e+01   -0.000000e+00   -0.000000e+00   1.332334e+02   5.952358e-09   2.276850e-03
8.460000e+01   1.990095e+01   -0.000000e+00   -0.000000e+00   1.343817e+02   5.749759e-09   2.218310e-03
8.470000e+01   2.300794e+01   -0.000000e+00   -0.000000e+00   1.355612e+02   5.553283e-09   2.161312e-03
8.480000e+01   2.620018e+01   -0.000000e+00   -0.000000e+00   1.367693e+02   5.362943e-09   2.105834e-03
8.490000e+01   2.917716e+01   -0.000000e+00   -0.000000e+00   1.380034e+02   5.178732e-09   2.051849e-03
8.500000e+01   3.163839e+01   -0.000000e+00   -0.000000e+00   1.392609e+02   5.000621e-09   1.999335e-03
8.510000e+01   3.332011e+01   -0.000000e+00   -0.000000e+00   1.405394e+02   4.828563e-09   1.948266e-03
8.520000e+01   3.445708e+01   -0.000000e+00   -0.000000e+00   1.418362e+02   4.662496e-09   1.898619e-03
8.530000e+01   3.526421e+01   -0.000000e+00   -0.000000e+00   1.431487e+02   4.502342e-09   1.850369e-03
8.540000e+01   3.587597e+01   -0.000000e+00   -0.000000e+00   1.444745e+02   4.348011e-09   1.803491e-03
8.550000e+01   3.642682e+01   -0.000000e+00   -0.000000e+00   1.458108e+02   4.199402e-09   1.757962e-03
8.560000e+01   3.704122e+01   -0.000000e+00   -0.000000e+00   1.471553e+02   4.056403e-09   1.713757e-03
8.570000e+01   3.766465e+01   -0.000000e+00   -0.000000e+00   1.485052e+02   3.918898e-09   1.670852e-03
8.580000e+01   3.820780e+01   -0.000000e+00   -0.000000e+00   1.498581e+02   3.786760e-09   1.629222e-03
8.590000e+01   3.860669e+01   -0.000000e+00   -0.000000e+00   1.512113e+02   3.659859e-09   1.588843e-03
8.600000e+01   3.879735e+01   -0.000000e+00   -0.000000e+00   1.525623e+02   3.538061e-09   1.549691e-03
8.610000e+01   3.868997e+01   -0.000000e+00   -0.000000e+00   1.539086e+02   3.421229e-09   1.511741e-03
8.620000e+01   3.793077e+01   -0.000000e+00   -0.000000e+00   1.552476e+02   3.309222e-09   1.474970e-03
8.630000e+01   3.670057e+01   -0.000000e+00   -0.000000e+00   1.565766e+02   3.201899e-09   1.439352e-03
8.640000e+01   3.536762e+01   -0.000000e+00   -0.000000e+00   1.578936e+02   3.099101e-09   1.404859e-03
8.650000e+01   3.431150e+01   -0.000000e+00   -0.000000e+00   1.591965e+02   3.000661e-09   1.371459e-03
8.660000e+01   3.387519e+01   -0.000000e+00   -0.000000e+00   1.604835e+02   2.906411e-09   1.339121e-03
8.670000e+01   3.361153e+01   -0.000000e+00   -0.000000e+00   1.617526e+02   2.816188e-09   1.307812e-03
8.680000e+01   3.326567e+01   -0.000000e+00   -0.000000e+00   1.630019e+02   2.729832e-09   1.277501e-03
8.690000e+01   3.282719e+01   -0.000000e+00   -0.000000e+00   1.642296e+02   2.647187e-09   1.248154e-03
8.700000e+01   3.228566e+01   -0.000000e+00   -0.000000e+00   1.654335e+02   2.568100e-09   1.219742e-03
8.710000e+01   3.161824e+01   -0.000000e+00   -0.000000e+00   1.666120e+02   2.492422e-09   1.192230e-03
8.720000e+01   3.055515e+01   -0.000000e+00   -0.000000e+00   1.677629e+02   2.420008e-09   1.165588e-03
8.730000e+01   2.912985e+01   -0.000000e+00   -0.000000e+00   1.688845e+02   2.350716e-09   1.139783e-03
8.740000e+01   2.752900e+01   0.000000e+00   0.000000e+00   1.699747e+02   2.284409e-09   1.114784e-03
8.750000e+01   2.593927e+01   0.000000e+00   0.000000e+00   1.710317e+02   2.220954e-09   1.090558e-03
8.760000e+01   2.453857e+01   0.000000e+00   0.000000e+00   1.720536e+02   2.160220e-09   1.067073e-03
8.770000e+01   2.320019e+01   0.000000e+00   0.000000e+00   1.730384e+02   2.102081e-09   1.044298e-03
8.780000e+01   2.188146e+01   0.000000e+00   0.000000e+00   1.739842e+02   2.046415e-09   1.022200e-03
8.790000e+01   2.066939e+01   0.000000e+00   0.000000e+00   1.748891e+02   1.993102e-09   1.000748e-03
8.800000e+01   1.965103e+01   0.000000e+00   0.000000e+00   1.757512e+02   1.942026e-09   9.799087e-04
8.810000e+01   1.890990e+01   0.000000e+00   0.000000e+00   1.765685e+02   1.893075e-09   9.596511e-04
8.820000e+01   1.835220e+01   0.000000e+00   0.000000e+00   1.773391e+02   1.846140e-09   9.399429e-04
8.830000e+01   1.790078e+01   0.000000e+00   0.000000e+00   1.780612e+02   1.801114e-09   9.207522e-04
8.840000e+01   1.755603e+01   0.000000e+00   0.000000e+00   1.787327e+02   1.757894e-09   9.020469e-04
8.850000e+01   1.731834e+01   0.000000e+00   0.000000e+00   1.793518e+02   1.716380e-09   8.837950e-04
8.860000e+01   1.718252e+01   0.000000e+00   0.000000e+00   1.799176e+02   1.676472e-09   8.659690e-04
8.870000e+01   1.708260e+01   0.000000e+00   0.000000e+00   1.804327e+02   1.638074e-09   8.485570e-04
8.880000e+01   1.699064e+01   0.000000e+00   0.000000e+00   1.809004e+02   1.601094e-09   8.315504e-04
8.890000e+01   1.691427e+01   0.000000e+00   0.000000e+00   1.813241e+02   1.565446e-09   8.149407e-04
8.900000e+01   1.686114e+01   0.000000e+00   0.000000e+00   1.817073e+02   1.531050e-09   7.987193e-04
8.910000e+01   1.683510e+01   0.000000e+00   0.000000e+00   1.820534e+02   1.497831e-09   7.828777e-04
8.920000e+01   1.646396e+01   0.000000e+00   0.000000e+00   1.823656e+02   1.465719e-09   7.674073e-04
8.930000e+01   1.572584e+01   0.000000e+00   0.000000e+00   1.826475e+02   1.434646e-09   7.522996e-04
8.940000e+01   1.494665e+01   0.000000e+00   0.000000e+00   1.829023e+02   1.404551e-09   7.375460e-04
8.950000e+01   1.445227e+01   0.000000e+00   0.000000e+00   1.831335e+02   1.375374e-09   7.231380e-04
8.960000e+01   1.456716e+01   0.000000e+00   0.000000e+00   1.833446e+02   1.347060e-09   7.090671e-04
8.970000e+01   1.517027e+01   0.000000e+00   0.000000e+00   1.835387e+02   1.319555e-09   6.953247e-04
8.980000e+01   1.595397e+01   0.000000e+00   0.000000e+00   1.837195e+02   1.292810e-09   6.819023e-04
8.990000e+01   1.683835e+01   0.000000e+00   0.000000e+00   1.838901e+02   1.266776e-09   6.687913e-04
9.000000e+01   1.774348e+01   0.000000e+00   0.000000e+00   1.840541e+02   1.241409e-09   6.559832e-04
9.010000e+01   1.858961e+01   0.000000e+00   0.000000e+00   1.842148e+02   1.216665e-09   6.434694e-04
9.020000e+01   1.943616e+01   0.000000e+00   0.000000e+00   1.843756e+02   1.192503e-09   6.312414e-04
9.030000e+01   2.032408e+01   0.000000e+00   0.000000e+00   1.845399e+02   1.168885e-09   6.192907e-04
9.040000e+01   2.117129e+01   0.000000e+00   0.000000e+00   1.847111e+02   1.145773e-09   6.076086e-04
9.050000e+01   2.189572e+01   0.000000e+00   0.000000e+00   1.848926e+02   1.123131e-09   5.961867e-04
9.060000e+01   2.241529e+01   0.000000e+00   0.000000e+00   1.850877e+02   1.100926e-09   5.850164e-04
9.070000e+01   2.279023e+01   0.000000e+00   0.000000e+00   1.852998e+02   1.079126e-09   5.740892e-04
9.080000e+01   2.306225e+01   0.000000e+00   0.000000e+00   1.855324e+02   1.057699e-09   5.633965e-04
9.090000e+01   2.312148e+01   0.000000e+00   0.000000e+00   1.857889e+02   1.036616e-09   5.529298e-04
9.100000e+01   2.285803e+01   0.000000e+00   0.000000e+00   1.860725e+02   1.015850e-09   5.426806e-04
9.110000e+01   2.216230e+01   0.000000e+00   0.000000e+00   1.863867e+02   9.953750e-10   5.326403e-04
9.120000e+01   2.061483e+01   0.000000e+00   0.000000e+00   1.867327e+02   9.751805e-10   5.228025e-04
9.130000e+01   1.812907e+01   0.000000e+00   0.000000e+00   1.871088e+02   9.552773e-10   5.131639e-04
9.140000e+01   1.518384e+01   0.000000e+00   0.000000e+00   1.875133e+02   9.356761e-10   5.037210e-04
9.150000e+01   1.225848e+01   0.000000e+00   0.000000e+00   1.879444e+02   9.163863e-10   4.944705e-04
9.160000e+01   9.832311e+00   0.000000e+00   0.000000e+00   1.884003e+02   8.974164e-10   4.854092e-04
9.170000e+01   7.885021e+00   0.000000e+00   0.000000e+00   1.888792e+02   8.787738e-10   4.765338e-04
9.180000e+01   5.925279e+00   0.000000e+00   0.000000e+00   1.893794e+02   8.604649e-10   4.678408e-04
9.190000e+01   3.907389e+00   0.000000e+00   0.000000e+00   1.898989e+02   8.424950e-10   4.593271e-04
9.200000e+01   1.787818e+00   0.000000e+00   0.000000e+00   1.904360e+02   8.248686e-10   4.509893e-04
9.210000e+01   -4.769673e-01   0.000000e+00   0.000000e+00   1.909890e+02   8.075893e-10   4.428240e-04
9.220000e+01   -3.301575e+00   0.000000e+00   0.000000e+00   1.915560e+02   7.906596e-10   4.348281e-04
9.230000e+01   -7.018483e+00   0.000000e+00   0.000000e+00   1.921352e+02   7.740815e-10   4.269981e-04
9.240000e+01   -1.125827e+01   0.000000e+00   0.000000e+00   1.927248e+02   7.578559e-10   4.193307e-04
9.250000e+01   -1.564624e+01   0.000000e+00   0.000000e+00   1.933232e+02   7.419832e-10   4.118227e-04
9.260000e+01   -1.980770e+01   0.000000e+00   0.000000e+00   1.939283e+02   7.264630e-10   4.044707e-04
9.270000e+01   -2.366296e+01   0.000000e+00   0.000000e+00   1.945385e+02   7.112944e-10   3.972715e-04
9.280000e+01   -2.750171e+01   0.000000e+00   0.000000e+00   1.951520e+02   6.964756e-10   3.902216e-04
9.290000e+01   -3.126662e+01   0.000000e+00   0.000000e+00   1.957670e+02   6.820045e-10   3.833178e-04
9.300000e+01   -3.489435e+01   0.000000e+00   0.000000e+00   1.963816e+02   6.678784e-10   3.765569e-04
9.310000e+01   -3.832151e+01   0.000000e+00   0.000000e+00   1.969941e+02   6.540941e-10   3.699354e-04
9.320000e+01   -4.163451e+01   0.000000e+00   0.000000e+00   1.976027e+02   6.406479e-10   3.634500e-04
9.330000e+01   -4.495516e+01   0.000000e+00   0.000000e+00   1.982056e+02   6.275359e-10   3.570975e-04
9.340000e+01   -4.806537e+01   0.000000e+00   0.000000e+00   1.988010e+02   6.147535e-10   3.508746e-04
9.350000e+01   -5.074033e+01   0.000000e+00   0.000000e+00   1.993871e+02   6.022960e-10   3.447779e-04
9.360000e+01   -5.275524e+01   0.000000e+00   0.000000e+00   1.999621e+02   5.901583e-10   3.388040e-04
9.370000e+01   -5.384607e+01   0.000000e+00   0.000000e+00   2.005242e+02   5.783351e-10   3.329498e-04
9.380000e+01   -5.405459e+01   0.000000e+00   0.000000e+00   2.010717e+02   5.668209e-10   3.272119e-04
9.390000e+01   -5.379378e+01   0.000000e+00   0.000000e+00   2.016028e+02   5.556094e-10   3.215871e-04
9.400000e+01   -5.349454e+01   0.000000e+00   0.000000e+00   2.021179e+02   5.446912e-10   3.160730e-04
9.410000e+01   -5.359466e+01   0.000000e+00   0.000000e+00   2.026180e+02   5.340549e-10   3.106679e-04
9.420000e+01   -5.423817e+01   0.000000e+00   0.000000e+00   2.031047e+02   5.236897e-10   3.053700e-04
9.430000e+01   -5.491485e+01   0.000000e+00   0.000000e+00   2.035791e+02   5.135854e-10   3.001776e-04
9.440000e+01   -5.552248e+01   0.000000e+00   0.000000e+00   2.040426e+02   5.037322e-10   2.950889e-04
9.450000e+01   -5.598138e+01   0.000000e+00   0.000000e+00   2.044964e+02   4.941204e-10   2.901021e-04
9.460000e+01   -5.621187e+01   0.000000e+00   0.000000e+00   2.049420e+02   4.847413e-10   2.852156e-04
9.470000e+01   -5.611296e+01   0.000000e+00   0.000000e+00   2.053805e+02   4.755860e-10   2.804276e-04
9.480000e+01   -5.563144e+01   0.000000e+00   0.000000e+00   2.058134e+02   4.666463e-10   2.757362e-04
9.490000e+01   -5.484569e+01   0.000000e+00   0.000000e+00   2.062418e+02   4.579143e-10   2.711398e-04
9.500000e+01   -5.383887e+01   0.000000e+00   0.000000e+00   2.066672e+02   4.493823e-10   2.666366e-04
9.510000e+01   -5.269409e+01   0.000000e+00   0.000000e+00   2.070907e+02   4.410429e-10   2.622249e-04
9.520000e+01   -5.142568e+01   0.000000e+00   0.000000e+00   2.075138e+02   4.328891e-10   2.579028e-04
9.530000e+01   -4.989226e+01   0.000000e+00   0.000000e+00   2.079377e+02   4.249142e-10   2.536687e-04
9.540000e+01   -4.811293e+01   0.000000e+00   0.000000e+00   2.083638e+02   4.171115e-10   2.495207e-04
9.550000e+01   -4.611865e+01   0.000000e+00   0.000000e+00   2.087932e+02   4.094747e-10   2.454572e-04
9.560000e+01   -4.394037e+01   0.000000e+00   0.000000e+00   2.092274e+02   4.019979e-10   2.414764e-04
9.570000e+01   -4.142977e+01   0.000000e+00   0.000000e+00   2.096677e+02   3.946750e-10   2.375765e-04
9.580000e+01   -3.822844e+01   0.000000e+00   0.000000e+00   2.101153e+02   3.875006e-10   2.337558e-04
9.590000e+01   -3.473238e+01   0.000000e+00   0.000000e+00   2.105715e+02   3.804691e-10   2.300124e-04
9.600000e+01   -3.139014e+01   0.000000e+00   0.000000e+00   2.110377e+02   3.735752e-10   2.263448e-04
9.610000e+01   -2.865029e+01   0.000000e+00   0.000000e+00   2.115152e+02   3.668139e-10   2.227510e-04
9.620000e+01   -2.670545e+01   0.000000e+00   0.000000e+00   2.120052e+02   3.601803e-10   2.192294e-04
9.630000e+01   -2.490155e+01   0.000000e+00   0.000000e+00   2.125091e+02   3.536695e-10   2.157782e-04
9.640000e+01   -2.323151e+01   0.000000e+00   0.000000e+00   2.130282e+02   3.472771e-10   2.123956e-04
9.650000e+01   -2.176556e+01   0.000000e+00   0.000000e+00   2.135638e+02   3.409985e-10   2.090800e-04
9.660000e+01   -2.057392e+01   0.000000e+00   0.000000e+00   2.141172e+02   3.348295e-10   2.058295e-04
9.670000e+01   -1.980217e+01   0.000000e+00   0.000000e+00   2.146896e+02   3.287659e-10   2.026423e-04
9.680000e+01   -1.970378e+01   0.000000e+00   0.000000e+00   2.152825e+02   3.228037e-10   1.995168e-04
9.690000e+01   -2.009395e+01   0.000000e+00   0.000000e+00   2.158970e+02   3.169390e-10   1.964512e-04
9.700000e+01   -2.074394e+01   0.000000e+00   0.000000e+00   2.165340e+02   3.111694e-10   1.934440e-04
9.710000e+01   -2.142082e+01   0.000000e+00   0.000000e+00   2.171929e+02   3.054948e-10   1.904942e-04
9.720000e+01   -2.201490e+01   0.000000e+00   0.000000e+00   2.178733e+02   2.999153e-10   1.876010e-04
9.730000e+01   -2.287323e+01   0.000000e+00   0.000000e+00   2.185748e+02   2.944308e-10   1.847633e-04
9.740000e+01   -2.384888e+01   0.000000e+00   0.000000e+00   2.192969e+02   2.890410e-10   1.819802e-04
9.750000e+01   -2.472302e+01   0.000000e+00   0.000000e+00   2.200391e+02   2.837456e-10   1.792509e-04
9.760000e+01   -2.527686e+01   0.000000e+00   0.000000e+00   2.208009e+02   2.785444e-10   1.765743e-04
9.770000e+01   -2.536696e+01   0.000000e+00   0.000000e+00   2.215819e+02   2.734367e-10   1.739496e-04
9.780000e+01   -2.528350e+01   0.000000e+00   0.000000e+00   2.223815e+02   2.684221e-10   1.713758e-04
9.790000e+01   -2.514086e+01   0.000000e+00   0.000000e+00   2.231994e+02   2.635000e-10   1.688519e-04
9.800000e+01   -2.500609e+01   0.000000e+00   0.000000e+00   2.240351e+02   2.586695e-10   1.663771e-04
9.810000e+01   -2.494624e+01   0.000000e+00   0.000000e+00   2.248880e+02   2.539299e-10   1.639504e-04
9.820000e+01   -2.504456e+01   0.000000e+00   0.000000e+00   2.257577e+02   2.492804e-10   1.615708e-04
9.830000e+01   -2.538065e+01   0.000000e+00   0.000000e+00   2.266437e+02   2.447199e-10   1.592375e-04
9.840000e+01   -2.582161e+01   0.000000e+00   0.000000e+00   2.275456e+02   2.402476e-10   1.569495e-04
9.850000e+01   -2.620890e+01   0.000000e+00   0.000000e+00   2.284629e+02   2.358624e-10   1.547058e-04
9.860000e+01   -2.638402e+01   0.000000e+00   0.000000e+00   2.293950e+02   2.315631e-10   1.525056e-04
9.870000e+01   -2.624370e+01   0.000000e+00   0.000000e+00   2.303417e+02   2.273487e-10   1.503479e-04
9.880000e+01   -2.606611e+01   0.000000e+00   0.000000e+00   2.313023e+02   2.232179e-10   1.482317e-04
9.890000e+01   -2.591545e+01   0.000000e+00   0.000000e+00   2.322763e+02   2.191694e-10   1.461562e-04
9.900000e+01   -2.579124e+01   0.000000e+00   0.000000e+00   2.332634e+02   2.152020e-10   1.441204e-04
9.910000e+01   -2.569302e+01   0.000000e+00   0.000000e+00   2.342631e+02   2.113144e-10   1.421233e-04
9.920000e+01   -2.554674e+01   0.000000e+00   0.000000e+00   2.352748e+02   2.075051e-10   1.401641e-04
9.930000e+01   -2.484719e+01   0.000000e+00   0.000000e+00   2.362982e+02   2.037729e-10   1.382417e-04
9.940000e+01   -2.368791e+01   0.000000e+00   0.000000e+00   2.373326e+02   2.001162e-10   1.363553e-04
9.950000e+01   -2.230069e+01   0.000000e+00   0.000000e+00   2.383778e+02   1.965337e-10   1.345040e-04
9.960000e+01   -2.091730e+01   0.000000e+00   0.000000e+00   2.394331e+02   1.930238e-10   1.326867e-04
9.970000e+01   -1.974036e+01   0.000000e+00   0.000000e+00   2.404981e+02   1.895851e-10   1.309026e-04
9.980000e+01   -1.864236e+01   0.000000e+00   0.000000e+00   2.415724e+02   1.862161e-10   1.291507e-04
9.990000e+01   -1.753205e+01   0.000000e+00   0.000000e+00   2.426555e+02   1.829152e-10   1.274302e-04
1.000000e+02   -1.636741e+01   0.000000e+00   0.000000e+00   2.437468e+02   1.796809e-10   1.257399e-04
1.001000e+02   -1.510641e+01   0.000000e+00   0.000000e+00   2.448460e+02   1.765117e-10   1.240791e-04
1.002000e+02   -1.365699e+01   0.000000e+00   0.000000e+00   2.459525e+02   1.734059e-10   1.224468e-04
1.003000e+02   -1.159521e+01   0.000000e+00   0.000000e+00   2.470659e+02   1.703621e-10   1.208421e-04
1.004000e+02   -9.218647e+00   0.000000e+00   0.000000e+00   2.481857e+02   1.673786e-10   1.192639e-04
1.005000e+02   -7.008986e+00   0.000000e+00   0.000000e+00   2.493117e+02   1.644541e-10   1.177117e-04
1.006000e+02   -5.447559e+00   0.000000e+00   0.000000e+00   2.504437e+02   1.615874e-10   1.161850e-04
1.007000e+02   -4.944260e+00   0.000000e+00   0.000000e+00   2.515819e+02   1.587774e-10   1.146834e-04
1.008000e+02   -4.887971e+00   0.000000e+00   0.000000e+00   2.527262e+02   1.560231e-10   1.132065e-04
1.009000e+02   -4.961398e+00   0.000000e+00   0.000000e+00   2.538767e+02   1.533234e-10   1.117542e-04
1.010000e+02   -5.091829e+00   0.000000e+00   0.000000e+00   2.550334e+02   1.506773e-10   1.103259e-04
1.011000e+02   -5.206552e+00   0.000000e+00   0.000000e+00   2.561963e+02   1.480838e-10   1.089213e-04
1.012000e+02   -5.241173e+00   0.000000e+00   0.000000e+00   2.573654e+02   1.455418e-10   1.075400e-04
1.013000e+02   -5.259779e+00   0.000000e+00   0.000000e+00   2.585409e+02   1.430502e-10   1.061818e-04
1.014000e+02   -5.252980e+00   0.000000e+00   0.000000e+00   2.597226e+02   1.406082e-10   1.048462e-04
1.015000e+02   -5.167692e+00   0.000000e+00   0.000000e+00   2.609106e+02   1.382148e-10   1.035330e-04
1.016000e+02   -4.950831e+00   0.000000e+00   0.000000e+00   2.621050e+02   1.358689e-10   1.022416e-04
1.017000e+02   -4.484197e+00   0.000000e+00   0.000000e+00   2.633057e+02   1.335696e-10   1.009718e-04
1.018000e+02   -2.665524e+00   0.000000e+00   0.000000e+00   2.645128e+02   1.313159e-10   9.972327e-05
1.019000e+02   2.858931e-01   0.000000e+00   0.000000e+00   2.657263e+02   1.291070e-10   9.849558e-05
1.020000e+02   3.583018e+00   0.000000e+00   0.000000e+00   2.669463e+02   1.269419e-10   9.728840e-05
1.021000e+02   6.438817e+00   0.000000e+00   0.000000e+00   2.681727e+02   1.248196e-10   9.610137e-05
1.022000e+02   8.117234e+00   0.000000e+00   0.000000e+00   2.694055e+02   1.227393e-10   9.493414e-05
1.023000e+02   9.273609e+00   0.000000e+00   0.000000e+00   2.706449e+02   1.207000e-10   9.378634e-05
1.024000e+02   1.027975e+01   0.000000e+00   0.000000e+00   2.718908e+02   1.187010e-10   9.265763e-05
1.025000e+02   1.102320e+01   0.000000e+00   0.000000e+00   2.731432e+02   1.167412e-10   9.154764e-05
1.026000e+02   1.139147e+01   0.000000e+00   0.000000e+00   2.744023e+02   1.148200e-10   9.045602e-05
1.027000e+02   1.128223e+01   0.000000e+00   0.000000e+00   2.756679e+02   1.129363e-10   8.938242e-05
1.028000e+02   1.095191e+01   0.000000e+00   0.000000e+00   2.769401e+02   1.110894e-10   8.832647e-05
1.029000e+02   1.057937e+01   0.000000e+00   0.000000e+00   2.782190e+02   1.092785e-10   8.728782e-05
1.030000e+02   1.019688e+01   0.000000e+00   0.000000e+00   2.795045e+02   1.075026e-10   8.626611e-05
1.031000e+02   9.836712e+00   0.000000e+00   0.000000e+00   2.807967e+02   1.057611e-10   8.526099e-05
1.032000e+02   9.533920e+00   0.000000e+00   0.000000e+00   2.820956e+02   1.040531e-10   8.427210e-05
1.033000e+02   9.413381e+00   0.000000e+00   0.000000e+00   2.834013e+02   1.023779e-10   8.329909e-05
1.034000e+02   9.440025e+00   0.000000e+00   0.000000e+00   2.847137e+02   1.007346e-10   8.234159e-05
1.035000e+02   9.491494e+00   0.000000e+00   0.000000e+00   2.860329e+02   9.912246e-11   8.139925e-05
1.036000e+02   9.445430e+00   0.000000e+00   0.000000e+00   2.873589e+02   9.754079e-11   8.047171e-05
1.037000e+02   9.173491e+00   0.000000e+00   0.000000e+00   2.886917e+02   9.598882e-11   7.955863e-05
1.038000e+02   8.253420e+00   0.000000e+00   0.000000e+00   2.900314e+02   9.446579e-11   7.865963e-05
1.039000e+02   6.778319e+00   0.000000e+00   0.000000e+00   2.913779e+02   9.297100e-11   7.777437e-05
1.040000e+02   5.161200e+00   0.000000e+00   0.000000e+00   2.927313e+02   9.150373e-11   7.690248e-05
1.041000e+02   3.815077e+00   0.000000e+00   0.000000e+00   2.940917e+02   9.006326e-11   7.604362e-05
1.042000e+02   3.148034e+00   0.000000e+00   0.000000e+00   2.954590e+02   8.864891e-11   7.519742e-05
1.043000e+02   2.903255e+00   0.000000e+00   0.000000e+00   2.968333e+02   8.725998e-11   7.436353e-05
1.044000e+02   2.715654e+00   0.000000e+00   0.000000e+00   2.982145e+02   8.589580e-11   7.354160e-05
1.045000e+02   2.560157e+00   0.000000e+00   0.000000e+00   2.996028e+02   8.455570e-11   7.273125e-05
1.046000e+02   2.411495e+00   0.000000e+00   0.000000e+00   3.009981e+02   8.323905e-11   7.193217e-05
1.047000e+02   2.241635e+00   0.000000e+00   0.000000e+00   3.024003e+02   8.194544e-11   7.114417e-05
1.048000e+02   1.675121e+00   0.000000e+00   0.000000e+00   3.038092e+02   8.067453e-11   7.036711e-05
1.049000e+02   5.692303e-01   0.000000e+00   0.000000e+00   3.052248e+02   7.942597e-11   6.960087e-05
1.050000e+02   -8.851472e-01   0.000000e+00   0.000000e+00   3.066468e+02   7.819943e-11   6.884532e-05
1.051000e+02   -2.497123e+00   0.000000e+00   0.000000e+00   3.080752e+02   7.699458e-11   6.810033e-05
1.052000e+02   -4.076221e+00   0.000000e+00   0.000000e+00   3.095097e+02   7.581107e-11   6.736576e-05
1.053000e+02   -5.825015e+00   0.000000e+00   0.000000e+00   3.109502e+02   7.464857e-11   6.664150e-05
1.054000e+02   -7.895186e+00   0.000000e+00   0.000000e+00   3.123966e+02   7.350675e-11   6.592740e-05
1.055000e+02   -1.009172e+01   0.000000e+00   0.000000e+00   3.138488e+02   7.238529e-11   6.522335e-05
1.056000e+02   -1.221959e+01   0.000000e+00   0.000000e+00   3.153065e+02   7.128384e-11   6.452921e-05
1.057000e+02   -1.408378e+01   0.000000e+00   0.000000e+00   3.167696e+02   7.020209e-11   6.384485e-05
1.058000e+02   -1.584115e+01   0.000000e+00   0.000000e+00   3.182380e+02   6.913970e-11   6.317014e-05
1.059000e+02   -1.764081e+01   0.000000e+00   0.000000e+00   3.197115e+02   6.809635e-11   6.250496e-05
1.060000e+02   -1.927617e+01   0.000000e+00   0.000000e+00   3.211900e+02   6.707173e-11   6.184917e-05
1.061000e+02   -2.054063e+01   0.000000e+00   0.000000e+00   3.226733e+02   6.606551e-11   6.120264e-05
1.062000e+02   -2.122757e+01   0.000000e+00   0.000000e+00   3.241613e+02   6.507737e-11   6.056526e-05
1.063000e+02   -2.147715e+01   0.000000e+00   0.000000e+00   3.256538e+02   6.410701e-11   5.993687e-05
1.064000e+02   -2.163464e+01   -0.000000e+00   -0.000000e+00   3.271507e+02   6.315411e-11   5.931737e-05
1.065000e+02   -2.173717e+01   -0.000000e+00   -0.000000e+00   3.286519e+02   6.221836e-11   5.870661e-05
1.066000e+02   -2.182151e+01   -0.000000e+00   -0.000000e+00   3.301571e+02   6.129945e-11   5.810447e-05
1.067000e+02   -2.192441e+01   -0.000000e+00   -0.000000e+00   3.316663e+02   6.039708e-11   5.751082e-05
1.068000e+02   -2.208069e+01   -0.000000e+00   -0.000000e+00   3.331792e+02   5.951095e-11   5.692553e-05
1.069000e+02   -2.227172e+01   -0.000000e+00   -0.000000e+00   3.346958e+02   5.864075e-11   5.634847e-05
1.070000e+02   -2.244941e+01   -0.000000e+00   -0.000000e+00   3.362158e+02   5.778621e-11   5.577951e-05
1.071000e+02   -2.256564e+01   -0.000000e+00   -0.000000e+00   3.377392e+02   5.694701e-11   5.521852e-05
1.072000e+02   -2.257228e+01   -0.000000e+00   -0.000000e+00   3.392658e+02   5.612287e-11   5.466537e-05
1.073000e+02   -2.231092e+01   -0.000000e+00   -0.000000e+00   3.407954e+02   5.531350e-11   5.411994e-05
1.074000e+02   -2.171350e+01   -0.000000e+00   -0.000000e+00   3.423279e+02   5.451863e-11   5.358208e-05
1.075000e+02   -2.096402e+01   -0.000000e+00   -0.000000e+00   3.438632e+02   5.373796e-11   5.305169e-05
1.076000e+02   -2.024824e+01   -0.000000e+00   -0.000000e+00   3.454010e+02   5.297122e-11   5.252861e-05
1.077000e+02   -1.975190e+01   -0.000000e+00   -0.000000e+00   3.469413e+02   5.221813e-11   5.201274e-05
1.078000e+02   -1.951529e+01   -0.000000e+00   -0.000000e+00   3.484839e+02   5.147843e-11   5.150392e-05
1.079000e+02   -1.935223e+01   -0.000000e+00   -0.000000e+00   3.500286e+02   5.075183e-11   5.100205e-05
1.080000e+02   -1.921582e+01   -0.000000e+00   -0.000000e+00   3.515753e+02   5.003808e-11   5.050698e-05
1.081000e+02   -1.906192e+01   -0.000000e+00   -0.000000e+00   3.531239e+02   4.933691e-11   5.001859e-05
1.082000e+02   -1.884641e+01   -0.000000e+00   -0.000000e+00   3.546742e+02   4.864806e-11   4.953675e-05
1.083000e+02   -1.775222e+01   -0.000000e+00   -0.000000e+00   3.562260e+02   4.797128e-11   4.906132e-05
1.084000e+02   -1.480147e+01   -0.000000e+00   -0.000000e+00   3.577792e+02   4.730630e-11   4.859219e-05
1.085000e+02   -1.078692e+01   -0.000000e+00   -0.000000e+00   3.593337e+02   4.665288e-11   4.812922e-05
1.086000e+02   -6.536284e+00   -0.000000e+00   -0.000000e+00   3.608893e+02   4.601077e-11   4.767227e-05
1.087000e+02   -2.877286e+00   -0.000000e+00   -0.000000e+00   3.624458e+02   4.537973e-11   4.722123e-05
1.088000e+02   3.143873e-02   -0.000000e+00   -0.000000e+00   3.640032e+02   4.475950e-11   4.677597e-05
1.089000e+02   3.021503e+00   -0.000000e+00   -0.000000e+00   3.655611e+02   4.414986e-11   4.633634e-05
1.090000e+02   5.820868e+00   -0.000000e+00   -0.000000e+00   3.671196e+02   4.355056e-11   4.590223e-05
1.091000e+02   8.119127e+00   -0.000000e+00   -0.000000e+00   3.686785e+02   4.296138e-11   4.547350e-05
1.092000e+02   9.605871e+00   -0.000000e+00   -0.000000e+00   3.702376e+02   4.238207e-11   4.505003e-05
1.093000e+02   1.031785e+01   -0.000000e+00   -0.000000e+00   3.717967e+02   4.181242e-11   4.463168e-05
1.094000e+02   1.088869e+01   -0.000000e+00   -0.000000e+00   3.733557e+02   4.125220e-11   4.421833e-05
1.095000e+02   1.131091e+01   -0.000000e+00   -0.000000e+00   3.749145e+02   4.070119e-11   4.380985e-05
1.096000e+02   1.154808e+01   -0.000000e+00   -0.000000e+00   3.764729e+02   4.015921e-11   4.340615e-05
1.097000e+02   1.156437e+01   -0.000000e+00   -0.000000e+00   3.780307e+02   3.962613e-11   4.300719e-05
1.098000e+02   1.102716e+01   -0.000000e+00   -0.000000e+00   3.795877e+02   3.910181e-11   4.261293e-05
1.099000e+02   9.377453e+00   -0.000000e+00   -0.000000e+00   3.811438e+02   3.858611e-11   4.222331e-05
1.100000e+02   7.022838e+00   -0.000000e+00   -0.000000e+00   3.826987e+02   3.807892e-11   4.183829e-05
1.101000e+02   4.415962e+00   -0.000000e+00   -0.000000e+00   3.842523e+02   3.758009e-11   4.145783e-05
1.102000e+02   2.009464e+00   -0.000000e+00   -0.000000e+00   3.858043e+02   3.708949e-11   4.108188e-05
1.103000e+02   4.095018e-02   -0.000000e+00   -0.000000e+00   3.873547e+02   3.660700e-11   4.071039e-05
1.104000e+02   -1.874991e+00   -0.000000e+00   -0.000000e+00   3.889031e+02   3.613249e-11   4.034332e-05
1.105000e+02   -3.764661e+00   -0.000000e+00   -0.000000e+00   3.904495e+02   3.566583e-11   3.998062e-05
1.106000e+02   -5.621561e+00   -0.000000e+00   -0.000000e+00   3.919937e+02   3.520690e-11   3.962225e-05
1.107000e+02   -7.439189e+00   -0.000000e+00   -0.000000e+00   3.935353e+02   3.475557e-11   3.926816e-05
1.108000e+02   -9.261061e+00   -0.000000e+00   -0.000000e+00   3.950744e+02   3.431173e-11   3.891830e-05
1.109000e+02   -1.118023e+01   -0.000000e+00   -0.000000e+00   3.966106e+02   3.387526e-11   3.857263e-05
1.110000e+02   -1.306911e+01   -0.000000e+00   -0.000000e+00   3.981438e+02   3.344603e-11   3.823111e-05
1.111000e+02   -1.478510e+01   -0.000000e+00   -0.000000e+00   3.996739e+02   3.302392e-11   3.789367e-05
1.112000e+02   -1.618562e+01   -0.000000e+00   -0.000000e+00   4.012005e+02   3.260882e-11   3.756029e-05
1.113000e+02   -1.723466e+01   -0.000000e+00   -0.000000e+00   4.027236e+02   3.220062e-11   3.723092e-05
1.114000e+02   -1.822031e+01   -0.000000e+00   -0.000000e+00   4.042430e+02   3.179921e-11   3.690550e-05
1.115000e+02   -1.912675e+01   -0.000000e+00   -0.000000e+00   4.057584e+02   3.140446e-11   3.658400e-05
1.116000e+02   -1.990453e+01   -0.000000e+00   -0.000000e+00   4.072697e+02   3.101627e-11   3.626636e-05
1.117000e+02   -2.050420e+01   -0.000000e+00   -0.000000e+00   4.087767e+02   3.063453e-11   3.595255e-05
1.118000e+02   -2.090537e+01   -0.000000e+00   -0.000000e+00   4.102793e+02   3.025912e-11   3.564251e-05
1.119000e+02   -2.121755e+01   -0.000000e+00   -0.000000e+00   4.117771e+02   2.988996e-11   3.533620e-05
1.120000e+02   -2.149418e+01   -0.000000e+00   -0.000000e+00   4.132701e+02   2.952692e-11   3.503358e-05
1.121000e+02   -2.177826e+01   -0.000000e+00   -0.000000e+00   4.147581e+02   2.916990e-11   3.473459e-05
1.122000e+02   -2.211281e+01   -0.000000e+00   -0.000000e+00   4.162408e+02   2.881880e-11   3.443919e-05
1.123000e+02   -2.256029e+01   -0.000000e+00   -0.000000e+00   4.177181e+02   2.847352e-11   3.414734e-05
1.124000e+02   -2.321980e+01   -0.000000e+00   -0.000000e+00   4.191899e+02   2.813396e-11   3.385899e-05
1.125000e+02   -2.406454e+01   -0.000000e+00   -0.000000e+00   4.206558e+02   2.780002e-11   3.357410e-05
1.126000e+02   -2.505374e+01   -0.000000e+00   -0.000000e+00   4.221158e+02   2.747160e-11   3.329261e-05
1.127000e+02   -2.614659e+01   -0.000000e+00   -0.000000e+00   4.235696e+02   2.714860e-11   3.301448e-05
1.128000e+02   -2.742819e+01   -0.000000e+00   -0.000000e+00   4.250171e+02   2.683093e-11   3.273968e-05
1.129000e+02   -2.942135e+01   -0.000000e+00   -0.000000e+00   4.264580e+02   2.651849e-11   3.246814e-05
1.130000e+02   -3.193755e+01   -0.000000e+00   -0.000000e+00   4.278922e+02   2.621119e-11   3.219983e-05
1.131000e+02   -3.468271e+01   -0.000000e+00   -0.000000e+00   4.293196e+02   2.590894e-11   3.193469e-05
1.132000e+02   -3.736274e+01   -0.000000e+00   -0.000000e+00   4.307398e+02   2.561165e-11   3.167269e-05
1.133000e+02   -3.977859e+01   -0.000000e+00   -0.000000e+00   4.321528e+02   2.531923e-11   3.141378e-05
1.134000e+02   -4.226219e+01   -0.000000e+00   -0.000000e+00   4.335584e+02   2.503159e-11   3.115791e-05
1.135000e+02   -4.475712e+01   -0.000000e+00   -0.000000e+00   4.349563e+02   2.474864e-11   3.090503e-05
1.136000e+02   -4.711813e+01   -0.000000e+00   -0.000000e+00   4.363464e+02   2.447029e-11   3.065511e-05
1.137000e+02   -4.919997e+01   -0.000000e+00   -0.000000e+00   4.377284e+02   2.419647e-11   3.040809e-05
1.138000e+02   -5.088857e+01   -0.000000e+00   -0.000000e+00   4.391023e+02   2.392708e-11   3.016392e-05
1.139000e+02   -5.233005e+01   -0.000000e+00   -0.000000e+00   4.404678e+02   2.366205e-11   2.992257e-05
1.140000e+02   -5.362409e+01   -0.000000e+00   -0.000000e+00   4.418248e+02   2.340129e-11   2.968398e-05
1.141000e+02   -5.483982e+01   -0.000000e+00   -0.000000e+00   4.431730e+02   2.314472e-11   2.944812e-05
1.142000e+02   -5.604636e+01   -0.000000e+00   -0.000000e+00   4.445122e+02   2.289226e-11   2.921493e-05
1.143000e+02   -5.733083e+01   -0.000000e+00   -0.000000e+00   4.458423e+02   2.264384e-11   2.898436e-05
1.144000e+02   -5.881039e+01   -0.000000e+00   -0.000000e+00   4.471632e+02   2.239937e-11   2.875638e-05
1.145000e+02   -6.032245e+01   -0.000000e+00   -0.000000e+00   4.484745e+02   2.215879e-11   2.853094e-05
1.146000e+02   -6.165878e+01   -0.000000e+00   -0.000000e+00   4.497762e+02   2.192200e-11   2.830799e-05
1.147000e+02   -6.261116e+01   -0.000000e+00   -0.000000e+00   4.510680e+02   2.168894e-11   2.808748e-05
1.148000e+02   -6.295263e+01   -0.000000e+00   -0.000000e+00   4.523497e+02   2.145954e-11   2.786937e-05
1.149000e+02   -6.246896e+01   -0.000000e+00   -0.000000e+00   4.536212e+02   2.123372e-11   2.765361e-05
1.150000e+02   -6.139127e+01   -0.000000e+00   -0.000000e+00   4.548823e+02   2.101142e-11   2.744017e-05
1.151000e+02   -6.002359e+01   -0.000000e+00   -0.000000e+00   4.561328e+02   2.079255e-11   2.722898e-05
1.152000e+02   -5.866992e+01   -0.000000e+00   -0.000000e+00   4.573725e+02   2.057705e-11   2.702001e-05
1.153000e+02   -5.757908e+01   -0.000000e+00   -0.000000e+00   4.586012e+02   2.036485e-11   2.681321e-05
1.154000e+02   -5.641333e+01   -0.000000e+00   -0.000000e+00   4.598188e+02   2.015588e-11   2.660853e-05
1.155000e+02   -5.519146e+01   -0.000000e+00   -0.000000e+00   4.610253e+02   1.995008e-11   2.640595e-05
1.156000e+02   -5.408868e+01   -0.000000e+00   -0.000000e+00   4.622209e+02   1.974738e-11   2.620544e-05
1.157000e+02   -5.328023e+01   -0.000000e+00   -0.000000e+00   4.634058e+02   1.954772e-11   2.600698e-05
1.158000e+02   -5.290866e+01   -0.000000e+00   -0.000000e+00   4.645803e+02   1.935104e-11   2.581056e-05
1.159000e+02   -5.267868e+01   -0.000000e+00   -0.000000e+00   4.657447e+02   1.915728e-11   2.561616e-05
1.160000e+02   -5.249126e+01   -0.000000e+00   -0.000000e+00   4.668991e+02   1.896638e-11   2.542376e-05
1.161000e+02   -5.236656e+01   -0.000000e+00   -0.000000e+00   4.680439e+02   1.877828e-11   2.523334e-05
1.162000e+02   -5.232473e+01   -0.000000e+00   -0.000000e+00   4.691792e+02   1.859294e-11   2.504489e-05
1.163000e+02   -5.238057e+01   -0.000000e+00   -0.000000e+00   4.703053e+02   1.841028e-11   2.485837e-05
1.164000e+02   -5.246456e+01   -0.000000e+00   -0.000000e+00   4.714225e+02   1.823027e-11   2.467379e-05
1.165000e+02   -5.254906e+01   -0.000000e+00   -0.000000e+00   4.725310e+02   1.805285e-11   2.449111e-05
1.166000e+02   -5.263375e+01   -0.000000e+00   -0.000000e+00   4.736309e+02   1.787797e-11   2.431032e-05
1.167000e+02   -5.271831e+01   -0.000000e+00   -0.000000e+00   4.747227e+02   1.770559e-11   2.413141e-05
1.168000e+02   -5.283176e+01   -0.000000e+00   -0.000000e+00   4.758065e+02   1.753564e-11   2.395434e-05
1.169000e+02   -5.347692e+01   -0.000000e+00   -0.000000e+00   4.768825e+02   1.736808e-11   2.377911e-05
1.170000e+02   -5.463313e+01   -0.000000e+00   -0.000000e+00   4.779510e+02   1.720288e-11   2.360570e-05
1.171000e+02   -5.603382e+01   -0.000000e+00   -0.000000e+00   4.790122e+02   1.703997e-11   2.343408e-05
1.172000e+02   -5.741243e+01   -0.000000e+00   -0.000000e+00   4.800665e+02   1.687933e-11   2.326424e-05
1.173000e+02   -5.852148e+01   -0.000000e+00   -0.000000e+00   4.811139e+02   1.672090e-11   2.309616e-05
1.174000e+02   -5.960199e+01   -0.000000e+00   -0.000000e+00   4.821548e+02   1.656464e-11   2.292983e-05
1.175000e+02   -6.070539e+01   -0.000000e+00   -0.000000e+00   4.831894e+02   1.641051e-11   2.276521e-05
1.176000e+02   -6.168915e+01   -0.000000e+00   -0.000000e+00   4.842179e+02   1.625846e-11   2.260231e-05
1.177000e+02   -6.241072e+01   -0.000000e+00   -0.000000e+00   4.852407e+02   1.610847e-11   2.244109e-05
1.178000e+02   -6.273518e+01   -0.000000e+00   -0.000000e+00   4.862578e+02   1.596049e-11   2.228153e-05
1.179000e+02   -6.281912e+01   -0.000000e+00   -0.000000e+00   4.872697e+02   1.581447e-11   2.212363e-05
1.180000e+02   -6.281954e+01   -0.000000e+00   -0.000000e+00   4.882764e+02   1.567039e-11   2.196736e-05
1.181000e+02   -6.279278e+01   -0.000000e+00   -0.000000e+00   4.892783e+02   1.552820e-11   2.181270e-05
1.182000e+02   -6.279517e+01   -0.000000e+00   -0.000000e+00   4.902755e+02   1.538788e-11   2.165964e-05
1.183000e+02   -6.289274e+01   -0.000000e+00   -0.000000e+00   4.912684e+02   1.524937e-11   2.150815e-05
1.184000e+02   -6.350413e+01   -0.000000e+00   -0.000000e+00   4.922572e+02   1.511265e-11   2.135823e-05
1.185000e+02   -6.460252e+01   -0.000000e+00   -0.000000e+00   4.932421e+02   1.497769e-11   2.120984e-05
1.186000e+02   -6.587627e+01   -0.000000e+00   -0.000000e+00   4.942234e+02   1.484444e-11   2.106297e-05
1.187000e+02   -6.701373e+01   -0.000000e+00   -0.000000e+00   4.952012e+02   1.471289e-11   2.091760e-05
1.188000e+02   -6.770966e+01   -0.000000e+00   -0.000000e+00   4.961759e+02   1.458298e-11   2.077372e-05
1.189000e+02   -6.815282e+01   -0.000000e+00   -0.000000e+00   4.971477e+02   1.445470e-11   2.063131e-05
1.190000e+02   -6.853461e+01   -0.000000e+00   -0.000000e+00   4.981168e+02   1.432800e-11   2.049034e-05
1.191000e+02   -6.880911e+01   -0.000000e+00   -0.000000e+00   4.990834e+02   1.420287e-11   2.035080e-05
1.192000e+02   -6.893042e+01   -0.000000e+00   -0.000000e+00   5.000479e+02   1.407926e-11   2.021267e-05
1.193000e+02   -6.885370e+01   -0.000000e+00   -0.000000e+00   5.010104e+02   1.395715e-11   2.007594e-05
1.194000e+02   -6.867277e+01   -0.000000e+00   -0.000000e+00   5.019712e+02   1.383651e-11   1.994057e-05
1.195000e+02   -6.846971e+01   -0.000000e+00   -0.000000e+00   5.029306e+02   1.371731e-11   1.980657e-05
1.196000e+02   -6.824278e+01   -0.000000e+00   -0.000000e+00   5.038887e+02   1.359951e-11   1.967390e-05
1.197000e+02   -6.799023e+01   -0.000000e+00   -0.000000e+00   5.048458e+02   1.348311e-11   1.954254e-05
1.198000e+02   -6.770953e+01   -0.000000e+00   -0.000000e+00   5.058022e+02   1.336806e-11   1.941249e-05
1.199000e+02   -6.721409e+01   -0.000000e+00   -0.000000e+00   5.067580e+02   1.325433e-11   1.928372e-05
1.200000e+02   -6.643240e+01   -0.000000e+00   -0.000000e+00   5.077136e+02   1.314191e-11   1.915621e-05
1.201000e+02   -6.546643e+01   -0.000000e+00   -0.000000e+00   5.086692e+02   1.303076e-11   1.902995e-05
1.202000e+02   -6.441812e+01   -0.000000e+00   -0.000000e+00   5.096250e+02   1.292087e-11   1.890492e-05
1.203000e+02   -6.338931e+01   -0.000000e+00   -0.000000e+00   5.105813e+02   1.281219e-11   1.878109e-05
1.204000e+02   -6.235035e+01   -0.000000e+00   -0.000000e+00   5.115383e+02   1.270472e-11   1.865845e-05
1.205000e+02   -6.122622e+01   -0.000000e+00   -0.000000e+00   5.124962e+02   1.259842e-11   1.853698e-05
1.206000e+02   -6.002963e+01   -0.000000e+00   -0.000000e+00   5.134553e+02   1.249327e-11   1.841667e-05
1.207000e+02   -5.877328e+01   -0.000000e+00   -0.000000e+00   5.144158e+02   1.238924e-11   1.829749e-05
1.208000e+02   -5.746989e+01   -0.000000e+00   -0.000000e+00   5.153780e+02   1.228632e-11   1.817943e-05
1.209000e+02   -5.610127e+01   -0.000000e+00   -0.000000e+00   5.163422e+02   1.218448e-11   1.806246e-05
1.210000e+02   -5.465043e+01   -0.000000e+00   -0.000000e+00   5.173084e+02   1.208369e-11   1.794657e-05
1.211000e+02   -5.313185e+01   -0.000000e+00   -0.000000e+00   5.182771e+02   1.198394e-11   1.783175e-05
1.212000e+02   -5.156000e+01   -0.000000e+00   -0.000000e+00   5.192484e+02   1.188519e-11   1.771796e-05
1.213000e+02   -4.994935e+01   -0.000000e+00   -0.000000e+00   5.202226e+02   1.178744e-11   1.760520e-05
1.214000e+02   -4.813614e+01   -0.000000e+00   -0.000000e+00   5.211999e+02   1.169065e-11   1.749345e-05
1.215000e+02   -4.608612e+01   -0.000000e+00   -0.000000e+00   5.221805e+02   1.159481e-11   1.738268e-05
1.216000e+02   -4.405282e+01   -0.000000e+00   -0.000000e+00   5.231648e+02   1.149989e-11   1.727288e-05
1.217000e+02   -4.229004e+01   -0.000000e+00   -0.000000e+00   5.241529e+02   1.140588e-11   1.716403e-05
1.218000e+02   -4.105158e+01   -0.000000e+00   -0.000000e+00   5.251451e+02   1.131275e-11   1.705611e-05
1.219000e+02   -4.028120e+01   -0.000000e+00   -0.000000e+00   5.261416e+02   1.122049e-11   1.694911e-05
1.220000e+02   -3.963049e+01   -0.000000e+00   -0.000000e+00   5.271426e+02   1.112907e-11   1.684300e-05
1.221000e+02   -3.902766e+01   -0.000000e+00   -0.000000e+00   5.281485e+02   1.103847e-11   1.673776e-05
1.222000e+02   -3.840229e+01   -0.000000e+00   -0.000000e+00   5.291595e+02   1.094868e-11   1.663339e-05
1.223000e+02   -3.768392e+01   -0.000000e+00   -0.000000e+00   5.301757e+02   1.085967e-11   1.652985e-05
1.224000e+02   -3.669815e+01   -0.000000e+00   -0.000000e+00   5.311975e+02   1.077144e-11   1.642714e-05
1.225000e+02   -3.539900e+01   -0.000000e+00   -0.000000e+00   5.322250e+02   1.068394e-11   1.632523e-05
1.226000e+02   -3.400669e+01   -0.000000e+00   -0.000000e+00   5.332585e+02   1.059718e-11   1.622410e-05
1.227000e+02   -3.274321e+01   -0.000000e+00   -0.000000e+00   5.342983e+02   1.051114e-11   1.612374e-05
1.228000e+02   -3.183045e+01   -0.000000e+00   -0.000000e+00   5.353443e+02   1.042580e-11   1.602414e-05
1.229000e+02   -3.124679e+01   -0.000000e+00   -0.000000e+00   5.363964e+02   1.034116e-11   1.592529e-05
1.230000e+02   -3.068835e+01   -0.000000e+00   -0.000000e+00   5.374544e+02   1.025723e-11   1.582720e-05
1.231000e+02   -3.015385e+01   -0.000000e+00   -0.000000e+00   5.385183e+02   1.017400e-11   1.572984e-05
1.232000e+02   -2.964713e+01   -0.000000e+00   -0.000000e+00   5.395879e+02   1.009147e-11   1.563323e-05
1.233000e+02   -2.917201e+01   -0.000000e+00   -0.000000e+00   5.406631e+02   1.000963e-11   1.553736e-05
1.234000e+02   -2.881615e+01   -0.000000e+00   -0.000000e+00   5.417438e+02   9.928493e-12   1.544222e-05
1.235000e+02   -2.866528e+01   -0.000000e+00   -0.000000e+00   5.428298e+02   9.848047e-12   1.534780e-05
1.236000e+02   -2.859800e+01   -0.000000e+00   -0.000000e+00   5.439210e+02   9.768293e-12   1.525411e-05
1.237000e+02   -2.848898e+01   -0.000000e+00   -0.000000e+00   5.450173e+02   9.689226e-12   1.516114e-05
1.238000e+02   -2.821289e+01   -0.000000e+00   -0.000000e+00   5.461186e+02   9.610846e-12   1.506888e-05
1.239000e+02   -2.743933e+01   -0.000000e+00   -0.000000e+00   5.472248e+02   9.533148e-12   1.497733e-05
1.240000e+02   -2.588462e+01   -0.000000e+00   -0.000000e+00   5.483356e+02   9.456130e-12   1.488649e-05
1.241000e+02   -2.389731e+01   -0.000000e+00   -0.000000e+00   5.494510e+02   9.379790e-12   1.479635e-05
1.242000e+02   -2.184201e+01   -0.000000e+00   -0.000000e+00   5.505709e+02   9.304125e-12   1.470690e-05
1.243000e+02   -2.008331e+01   -0.000000e+00   -0.000000e+00   5.516952e+02   9.229131e-12   1.461815e-05
1.244000e+02   -1.877712e+01   -0.000000e+00   -0.000000e+00   5.528237e+02   9.154806e-12   1.453009e-05
1.245000e+02   -1.759601e+01   -0.000000e+00   -0.000000e+00   5.539563e+02   9.081147e-12   1.444270e-05
1.246000e+02   -1.648545e+01   -0.000000e+00   -0.000000e+00   5.550928e+02   9.008150e-12   1.435600e-05
1.247000e+02   -1.540662e+01   -0.000000e+00   -0.000000e+00   5.562332e+02   8.935811e-12   1.426998e-05
1.248000e+02   -1.432066e+01   -0.000000e+00   -0.000000e+00   5.573773e+02   8.864129e-12   1.418462e-05
1.249000e+02   -1.321266e+01   -0.000000e+00   -0.000000e+00   5.585250e+02   8.793099e-12   1.409993e-05
1.250000e+02   -1.211990e+01   -0.000000e+00   -0.000000e+00   5.596762e+02   8.722718e-12   1.401590e-05
1.251000e+02   -1.103482e+01   -0.000000e+00   -0.000000e+00   5.608307e+02   8.652982e-12   1.393253e-05
1.252000e+02   -9.947052e+00   -0.000000e+00   -0.000000e+00   5.619885e+02   8.583888e-12   1.384981e-05
1.253000e+02   -8.846214e+00   -0.000000e+00   -0.000000e+00   5.631494e+02   8.515432e-12   1.376774e-05
1.254000e+02   -7.674905e+00   -0.000000e+00   -0.000000e+00   5.643132e+02   8.447611e-12   1.368631e-05
1.255000e+02   -6.361965e+00   -0.000000e+00   -0.000000e+00   5.654799e+02   8.380421e-12   1.360553e-05
1.256000e+02   -5.042776e+00   -0.000000e+00   -0.000000e+00   5.666493e+02   8.313857e-12   1.352537e-05
1.257000e+02   -3.863708e+00   -0.000000e+00   -0.000000e+00   5.678213e+02   8.247917e-12   1.344585e-05
1.258000e+02   -2.971135e+00   -0.000000e+00   -0.000000e+00   5.689958e+02   8.182597e-12   1.336696e-05
1.259000e+02   -2.399244e+00   -0.000000e+00   -0.000000e+00   5.701726e+02   8.117892e-12   1.328868e-05
1.260000e+02   -1.862367e+00   -0.000000e+00   -0.000000e+00   5.713517e+02   8.053798e-12   1.321103e-05
1.261000e+02   -1.335859e+00   -0.000000e+00   -0.000000e+00   5.725329e+02   7.990313e-12   1.313399e-05
1.262000e+02   -8.204237e-01   -0.000000e+00   -0.000000e+00   5.737160e+02   7.927430e-12   1.305755e-05
1.263000e+02   -3.167638e-01   -0.000000e+00   -0.000000e+00   5.749010e+02   7.865148e-12   1.298172e-05
1.264000e+02   1.493813e-01   -0.000000e+00   -0.000000e+00   5.760878e+02   7.803461e-12   1.290649e-05
1.265000e+02   5.018546e-01   -0.000000e+00   -0.000000e+00   5.772761e+02   7.742365e-12   1.283186e-05
1.266000e+02   7.666374e-01   -0.000000e+00   -0.000000e+00   5.784659e+02   7.681856e-12   1.275782e-05
1.267000e+02   9.789067e-01   -0.000000e+00   -0.000000e+00   5.796571e+02   7.621931e-12   1.268436e-05
1.268000e+02   1.173839e+00   -0.000000e+00   -0.000000e+00   5.808495e+02   7.562584e-12   1.261148e-05
1.269000e+02   1.355116e+00   -0.000000e+00   -0.000000e+00   5.820430e+02   7.503812e-12   1.253919e-05
1.270000e+02   1.437459e+00   -0.000000e+00   -0.000000e+00   5.832375e+02   7.445611e-12   1.246747e-05
1.271000e+02   1.462659e+00   -0.000000e+00   -0.000000e+00   5.844329e+02   7.387976e-12   1.239631e-05
1.272000e+02   1.487067e+00   -0.000000e+00   -0.000000e+00   5.856290e+02   7.330903e-12   1.232572e-05
1.273000e+02   1.567035e+00   -0.000000e+00   -0.000000e+00   5.868257e+02   7.274387e-12   1.225569e-05
1.274000e+02   1.730981e+00   -0.000000e+00   -0.000000e+00   5.880229e+02   7.218425e-12   1.218622e-05
1.275000e+02   1.896753e+00   -0.000000e+00   -0.000000e+00   5.892204e+02   7.163011e-12   1.211730e-05
1.276000e+02   2.083550e+00   -0.000000e+00   -0.000000e+00   5.904182e+02   7.108142e-12   1.204892e-05
1.277000e+02   2.326235e+00   -0.000000e+00   -0.000000e+00   5.916160e+02   7.053814e-12   1.198109e-05
1.278000e+02   2.659668e+00   -0.000000e+00   -0.000000e+00   5.928139e+02   7.000022e-12   1.191380e-05
1.279000e+02   3.100631e+00   -0.000000e+00   -0.000000e+00   5.940116e+02   6.946761e-12   1.184703e-05
1.280000e+02   3.571506e+00   -0.000000e+00   -0.000000e+00   5.952091e+02   6.894027e-12   1.178080e-05
1.281000e+02   4.050803e+00   -0.000000e+00   -0.000000e+00   5.964062e+02   6.841816e-12   1.171510e-05
1.282000e+02   4.529278e+00   -0.000000e+00   -0.000000e+00   5.976028e+02   6.790123e-12   1.164991e-05
1.283000e+02   4.997683e+00   -0.000000e+00   -0.000000e+00   5.987987e+02   6.738945e-12   1.158524e-05
1.284000e+02   5.416624e+00   -0.000000e+00   -0.000000e+00   5.999938e+02   6.688276e-12   1.152108e-05
1.285000e+02   5.634429e+00   -0.000000e+00   -0.000000e+00   6.011881e+02   6.638112e-12   1.145743e-05
1.286000e+02   5.709988e+00   -0.000000e+00   -0.000000e+00   6.023814e+02   6.588449e-12   1.139429e-05
1.287000e+02   5.736610e+00   -0.000000e+00   -0.000000e+00   6.035735e+02   6.539282e-12   1.133164e-05
1.288000e+02   5.807604e+00   -0.000000e+00   -0.000000e+00   6.047644e+02   6.490608e-12   1.126948e-05
1.289000e+02   5.989471e+00   -0.000000e+00   -0.000000e+00   6.059539e+02   6.442420e-12   1.120782e-05
1.290000e+02   6.172619e+00   -0.000000e+00   -0.000000e+00   6.071419e+02   6.394716e-12   1.114664e-05
1.291000e+02   6.366116e+00   -0.000000e+00   -0.000000e+00   6.083282e+02   6.347491e-12   1.108594e-05
1.292000e+02   6.611597e+00   -0.000000e+00   -0.000000e+00   6.095128e+02   6.300740e-12   1.102571e-05
1.293000e+02   6.950696e+00   -0.000000e+00   -0.000000e+00   6.106955e+02   6.254459e-12   1.096596e-05
1.294000e+02   7.414292e+00   -0.000000e+00   -0.000000e+00   6.118762e+02   6.208643e-12   1.090668e-05
1.295000e+02   7.936906e+00   -0.000000e+00   -0.000000e+00   6.130548e+02   6.163288e-12   1.084786e-05
1.296000e+02   8.481784e+00   -0.000000e+00   -0.000000e+00   6.142311e+02   6.118390e-12   1.078950e-05
1.297000e+02   9.027171e+00   -0.000000e+00   -0.000000e+00   6.154050e+02   6.073945e-12   1.073159e-05
1.298000e+02   9.551316e+00   -0.000000e+00   -0.000000e+00   6.165764e+02   6.029947e-12   1.067414e-05
1.299000e+02   1.003412e+01   -0.000000e+00   -0.000000e+00   6.177452e+02   5.986393e-12   1.061713e-05
1.300000e+02   1.047834e+01   -0.000000e+00   -0.000000e+00   6.189112e+02   5.943279e-12   1.056056e-05
