#% 0, Z0, m, 0.0
#% 1, Z, km
#% 2, U, m/s
#% 3, V, m/s
#% 4, W, m/s
#% 5, T, degK
#% 6, RHO, g/cm3
#% 7, P, mbar
0.000000e+00   -3.995457e+00   0.000000e+00   0.000000e+00   2.861833e+02   1.218396e-03   1.001071e+03
1.000000e-01   -4.076325e+00   0.000000e+00   0.000000e+00   2.857211e+02   1.205969e-03   9.892609e+02
2.000000e-01   -2.951128e+00   0.000000e+00   0.000000e+00   2.851245e+02   1.194237e-03   9.775918e+02
3.000000e-01   -1.369852e+00   0.000000e+00   0.000000e+00   2.846463e+02   1.182139e-03   9.660652e+02
4.000000e-01   -6.795727e-02   0.000000e+00   0.000000e+00   2.844885e+02   1.168857e-03   9.546814e+02
5.000000e-01   3.579995e-01   0.000000e+00   0.000000e+00   2.844597e+02   1.155198e-03   9.434299e+02
6.000000e-01   4.764642e-02   0.000000e+00   0.000000e+00   2.844337e+02   1.141675e-03   9.323000e+02
7.000000e-01   -3.344102e-01   0.000000e+00   0.000000e+00   2.845034e+02   1.127910e-03   9.212857e+02
8.000000e-01   -7.923361e-01   0.000000e+00   0.000000e+00   2.845723e+02   1.114288e-03   9.103793e+02
9.000000e-01   -1.317577e+00   0.000000e+00   0.000000e+00   2.845626e+02   1.101106e-03   8.995791e+02
1.000000e+00   -1.871341e+00   0.000000e+00   0.000000e+00   2.844590e+02   1.088413e-03   8.888856e+02
1.100000e+00   -2.418915e+00   0.000000e+00   0.000000e+00   2.842889e+02   1.076093e-03   8.782980e+02
1.200000e+00   -2.893276e+00   0.000000e+00   0.000000e+00   2.840575e+02   1.064114e-03   8.678145e+02
1.300000e+00   -3.307923e+00   0.000000e+00   0.000000e+00   2.837656e+02   1.052466e-03   8.574327e+02
1.400000e+00   -3.689185e+00   0.000000e+00   0.000000e+00   2.834122e+02   1.041141e-03   8.471499e+02
1.500000e+00   -4.071389e+00   0.000000e+00   0.000000e+00   2.829858e+02   1.030173e-03   8.369644e+02
1.600000e+00   -4.435358e+00   0.000000e+00   0.000000e+00   2.824794e+02   1.019579e-03   8.268751e+02
1.700000e+00   -4.698005e+00   0.000000e+00   0.000000e+00   2.818993e+02   1.009329e-03   8.168812e+02
1.800000e+00   -4.841196e+00   0.000000e+00   0.000000e+00   2.812728e+02   9.993188e-04   8.069825e+02
1.900000e+00   -4.862879e+00   0.000000e+00   0.000000e+00   2.806171e+02   9.894846e-04   7.971785e+02
2.000000e+00   -4.784285e+00   0.000000e+00   0.000000e+00   2.799310e+02   9.798284e-04   7.874688e+02
2.100000e+00   -4.637973e+00   0.000000e+00   0.000000e+00   2.792195e+02   9.703297e-04   7.778529e+02
2.200000e+00   -4.465490e+00   0.000000e+00   0.000000e+00   2.785130e+02   9.608825e-04   7.683307e+02
2.300000e+00   -4.295915e+00   0.000000e+00   0.000000e+00   2.778458e+02   9.513700e-04   7.589020e+02
2.400000e+00   -4.156315e+00   0.000000e+00   0.000000e+00   2.772278e+02   9.417616e-04   7.495665e+02
2.500000e+00   -4.071719e+00   0.000000e+00   0.000000e+00   2.766418e+02   9.321189e-04   7.403233e+02
2.600000e+00   -4.071544e+00   0.000000e+00   0.000000e+00   2.760715e+02   9.224981e-04   7.311717e+02
2.700000e+00   -4.183991e+00   0.000000e+00   0.000000e+00   2.755220e+02   9.128837e-04   7.221113e+02
2.800000e+00   -4.425126e+00   0.000000e+00   0.000000e+00   2.750087e+02   9.032272e-04   7.131416e+02
2.900000e+00   -4.806578e+00   0.000000e+00   0.000000e+00   2.745372e+02   8.935140e-04   7.042632e+02
3.000000e+00   -5.323145e+00   0.000000e+00   0.000000e+00   2.740745e+02   8.838596e-04   6.954793e+02
3.100000e+00   -5.970182e+00   0.000000e+00   0.000000e+00   2.735774e+02   8.744075e-04   6.867939e+02
3.200000e+00   -6.736381e+00   0.000000e+00   0.000000e+00   2.730204e+02   8.652397e-04   6.782096e+02
3.300000e+00   -7.583076e+00   0.000000e+00   0.000000e+00   2.724224e+02   8.562919e-04   6.697258e+02
3.400000e+00   -8.469355e+00   0.000000e+00   0.000000e+00   2.718092e+02   8.474793e-04   6.613413e+02
3.500000e+00   -9.354142e+00   0.000000e+00   0.000000e+00   2.712063e+02   8.387209e-04   6.530547e+02
3.600000e+00   -1.019528e+01   0.000000e+00   0.000000e+00   2.706264e+02   8.299765e-04   6.448643e+02
3.700000e+00   -1.095806e+01   0.000000e+00   0.000000e+00   2.700683e+02   8.212490e-04   6.367674e+02
3.800000e+00   -1.160688e+01   0.000000e+00   0.000000e+00   2.695299e+02   8.125437e-04   6.287615e+02
3.900000e+00   -1.210593e+01   0.000000e+00   0.000000e+00   2.690090e+02   8.038653e-04   6.208439e+02
4.000000e+00   -1.242535e+01   0.000000e+00   0.000000e+00   2.685037e+02   7.952187e-04   6.130123e+02
4.100000e+00   -1.256083e+01   0.000000e+00   0.000000e+00   2.680129e+02   7.866074e-04   6.052656e+02
4.200000e+00   -1.251326e+01   0.000000e+00   0.000000e+00   2.675357e+02   7.780348e-04   5.976035e+02
4.300000e+00   -1.234377e+01   0.000000e+00   0.000000e+00   2.670715e+02   7.695042e-04   5.900257e+02
4.400000e+00   -1.211627e+01   0.000000e+00   0.000000e+00   2.666195e+02   7.610187e-04   5.825317e+02
4.500000e+00   -1.189319e+01   0.000000e+00   0.000000e+00   2.661787e+02   7.525820e-04   5.751214e+02
4.600000e+00   -1.175428e+01   0.000000e+00   0.000000e+00   2.657471e+02   7.442005e-04   5.677941e+02
4.700000e+00   -1.176471e+01   0.000000e+00   0.000000e+00   2.653223e+02   7.358813e-04   5.605494e+02
4.800000e+00   -1.185599e+01   0.000000e+00   0.000000e+00   2.649020e+02   7.276312e-04   5.533869e+02
4.900000e+00   -1.195300e+01   0.000000e+00   0.000000e+00   2.644837e+02   7.194569e-04   5.463061e+02
5.000000e+00   -1.197951e+01   0.000000e+00   0.000000e+00   2.640646e+02   7.113659e-04   5.393063e+02
5.100000e+00   -1.186974e+01   0.000000e+00   0.000000e+00   2.636373e+02   7.033765e-04   5.323865e+02
5.200000e+00   -1.167415e+01   0.000000e+00   0.000000e+00   2.631918e+02   6.955133e-04   5.255452e+02
5.300000e+00   -1.145775e+01   0.000000e+00   0.000000e+00   2.627178e+02   6.877998e-04   5.187809e+02
5.400000e+00   -1.128285e+01   0.000000e+00   0.000000e+00   2.622054e+02   6.802586e-04   5.120920e+02
5.500000e+00   -1.121178e+01   0.000000e+00   0.000000e+00   2.616442e+02   6.729115e-04   5.054771e+02
5.600000e+00   -1.128272e+01   0.000000e+00   0.000000e+00   2.610295e+02   6.657661e-04   4.989347e+02
5.700000e+00   -1.143491e+01   0.000000e+00   0.000000e+00   2.603693e+02   6.587978e-04   4.924638e+02
5.800000e+00   -1.165046e+01   0.000000e+00   0.000000e+00   2.596734e+02   6.519779e-04   4.860631e+02
5.900000e+00   -1.191825e+01   0.000000e+00   0.000000e+00   2.589517e+02   6.452788e-04   4.797317e+02
6.000000e+00   -1.222714e+01   0.000000e+00   0.000000e+00   2.582140e+02   6.386734e-04   4.734684e+02
6.100000e+00   -1.259426e+01   0.000000e+00   0.000000e+00   2.574703e+02   6.321358e-04   4.672721e+02
6.200000e+00   -1.309636e+01   0.000000e+00   0.000000e+00   2.567272e+02   6.256483e-04   4.611418e+02
6.300000e+00   -1.366961e+01   0.000000e+00   0.000000e+00   2.559860e+02   6.192072e-04   4.550767e+02
6.400000e+00   -1.423568e+01   0.000000e+00   0.000000e+00   2.552475e+02   6.128101e-04   4.490760e+02
6.500000e+00   -1.471624e+01   0.000000e+00   0.000000e+00   2.545124e+02   6.064549e-04   4.431388e+02
6.600000e+00   -1.500520e+01   0.000000e+00   0.000000e+00   2.537814e+02   6.001393e-04   4.372645e+02
6.700000e+00   -1.499559e+01   0.000000e+00   0.000000e+00   2.530552e+02   5.938613e-04   4.314521e+02
6.800000e+00   -1.482991e+01   0.000000e+00   0.000000e+00   2.523342e+02   5.876195e-04   4.257010e+02
6.900000e+00   -1.467305e+01   0.000000e+00   0.000000e+00   2.516172e+02   5.814163e-04   4.200103e+02
7.000000e+00   -1.468959e+01   0.000000e+00   0.000000e+00   2.509028e+02   5.752547e-04   4.143792e+02
7.100000e+00   -1.498112e+01   0.000000e+00   0.000000e+00   2.501895e+02   5.691374e-04   4.088072e+02
7.200000e+00   -1.531454e+01   0.000000e+00   0.000000e+00   2.494757e+02   5.630674e-04   4.032934e+02
7.300000e+00   -1.564325e+01   0.000000e+00   0.000000e+00   2.487601e+02   5.570473e-04   3.978370e+02
7.400000e+00   -1.596277e+01   0.000000e+00   0.000000e+00   2.480412e+02   5.510795e-04   3.924374e+02
7.500000e+00   -1.627094e+01   0.000000e+00   0.000000e+00   2.473179e+02   5.451656e-04   3.870939e+02
7.600000e+00   -1.657632e+01   0.000000e+00   0.000000e+00   2.465903e+02   5.393052e-04   3.818061e+02
7.700000e+00   -1.691436e+01   0.000000e+00   0.000000e+00   2.458584e+02   5.334975e-04   3.765736e+02
7.800000e+00   -1.727875e+01   0.000000e+00   0.000000e+00   2.451224e+02   5.277422e-04   3.713960e+02
7.900000e+00   -1.765608e+01   0.000000e+00   0.000000e+00   2.443823e+02   5.220385e-04   3.662728e+02
8.000000e+00   -1.803289e+01   0.000000e+00   0.000000e+00   2.436382e+02   5.163859e-04   3.612037e+02
8.100000e+00   -1.840937e+01   0.000000e+00   0.000000e+00   2.428902e+02   5.107838e-04   3.561882e+02
8.200000e+00   -1.885045e+01   0.000000e+00   0.000000e+00   2.421384e+02   5.052316e-04   3.512259e+02
8.300000e+00   -1.931852e+01   0.000000e+00   0.000000e+00   2.413832e+02   4.997280e-04   3.463164e+02
8.400000e+00   -1.975575e+01   0.000000e+00   0.000000e+00   2.406249e+02   4.942719e-04   3.414592e+02
8.500000e+00   -2.010428e+01   0.000000e+00   0.000000e+00   2.398639e+02   4.888621e-04   3.366539e+02
8.600000e+00   -2.028179e+01   0.000000e+00   0.000000e+00   2.391007e+02   4.834972e-04   3.318999e+02
8.700000e+00   -2.011826e+01   0.000000e+00   0.000000e+00   2.383356e+02   4.781763e-04   3.271970e+02
8.800000e+00   -1.974144e+01   0.000000e+00   0.000000e+00   2.375690e+02   4.728981e-04   3.225445e+02
8.900000e+00   -1.933381e+01   0.000000e+00   0.000000e+00   2.368013e+02   4.676615e-04   3.179420e+02
9.000000e+00   -1.907786e+01   0.000000e+00   0.000000e+00   2.360328e+02   4.624654e-04   3.133892e+02
9.100000e+00   -1.915188e+01   0.000000e+00   0.000000e+00   2.352641e+02   4.573088e-04   3.088855e+02
9.200000e+00   -1.958191e+01   0.000000e+00   0.000000e+00   2.344954e+02   4.521912e-04   3.044310e+02
9.300000e+00   -2.020288e+01   0.000000e+00   0.000000e+00   2.337273e+02   4.471122e-04   3.000256e+02
9.400000e+00   -2.083764e+01   0.000000e+00   0.000000e+00   2.329602e+02   4.420715e-04   2.956695e+02
9.500000e+00   -2.130903e+01   0.000000e+00   0.000000e+00   2.321945e+02   4.370688e-04   2.913627e+02
9.600000e+00   -2.146944e+01   0.000000e+00   0.000000e+00   2.314306e+02   4.321038e-04   2.871053e+02
9.700000e+00   -2.151781e+01   0.000000e+00   0.000000e+00   2.306690e+02   4.271763e-04   2.828973e+02
9.800000e+00   -2.152781e+01   0.000000e+00   0.000000e+00   2.299101e+02   4.222861e-04   2.787387e+02
9.900000e+00   -2.149665e+01   0.000000e+00   0.000000e+00   2.291544e+02   4.174331e-04   2.746297e+02
1.000000e+01   -2.142152e+01   0.000000e+00   0.000000e+00   2.284023e+02   4.126171e-04   2.705703e+02
1.010000e+01   -2.125762e+01   0.000000e+00   0.000000e+00   2.276542e+02   4.078381e-04   2.665605e+02
1.020000e+01   -2.055288e+01   0.000000e+00   0.000000e+00   2.269109e+02   4.030953e-04   2.626005e+02
1.030000e+01   -1.943941e+01   0.000000e+00   0.000000e+00   2.261745e+02   3.983861e-04   2.586903e+02
1.040000e+01   -1.824183e+01   0.000000e+00   0.000000e+00   2.254473e+02   3.937070e-04   2.548300e+02
1.050000e+01   -1.728481e+01   0.000000e+00   0.000000e+00   2.247318e+02   3.890550e-04   2.510197e+02
1.060000e+01   -1.686324e+01   0.000000e+00   0.000000e+00   2.240304e+02   3.844270e-04   2.472596e+02
1.070000e+01   -1.672833e+01   0.000000e+00   0.000000e+00   2.233455e+02   3.798204e-04   2.435498e+02
1.080000e+01   -1.670286e+01   0.000000e+00   0.000000e+00   2.226794e+02   3.752323e-04   2.398903e+02
1.090000e+01   -1.674128e+01   0.000000e+00   0.000000e+00   2.220347e+02   3.706604e-04   2.362813e+02
1.100000e+01   -1.679802e+01   0.000000e+00   0.000000e+00   2.214137e+02   3.661022e-04   2.327229e+02
1.110000e+01   -1.683841e+01   0.000000e+00   0.000000e+00   2.208188e+02   3.615556e-04   2.292153e+02
1.120000e+01   -1.700792e+01   0.000000e+00   0.000000e+00   2.202524e+02   3.570185e-04   2.257584e+02
1.130000e+01   -1.726898e+01   0.000000e+00   0.000000e+00   2.197158e+02   3.524908e-04   2.223522e+02
1.140000e+01   -1.749293e+01   0.000000e+00   0.000000e+00   2.192076e+02   3.479754e-04   2.189962e+02
1.150000e+01   -1.755089e+01   0.000000e+00   0.000000e+00   2.187264e+02   3.434759e-04   2.156899e+02
1.160000e+01   -1.732031e+01   0.000000e+00   0.000000e+00   2.182705e+02   3.389955e-04   2.124326e+02
1.170000e+01   -1.688044e+01   0.000000e+00   0.000000e+00   2.178383e+02   3.345373e-04   2.092239e+02
1.180000e+01   -1.634859e+01   0.000000e+00   0.000000e+00   2.174284e+02   3.301046e-04   2.060630e+02
1.190000e+01   -1.579289e+01   0.000000e+00   0.000000e+00   2.170390e+02   3.257001e-04   2.029496e+02
1.200000e+01   -1.528146e+01   0.000000e+00   0.000000e+00   2.166688e+02   3.213268e-04   1.998829e+02
1.210000e+01   -1.488320e+01   0.000000e+00   0.000000e+00   2.163161e+02   3.169873e-04   1.968625e+02
1.220000e+01   -1.465428e+01   0.000000e+00   0.000000e+00   2.159792e+02   3.126842e-04   1.938877e+02
1.230000e+01   -1.453562e+01   0.000000e+00   0.000000e+00   2.156569e+02   3.084198e-04   1.909581e+02
1.240000e+01   -1.443871e+01   0.000000e+00   0.000000e+00   2.153495e+02   3.041934e-04   1.880728e+02
1.250000e+01   -1.427469e+01   0.000000e+00   0.000000e+00   2.150592e+02   3.000016e-04   1.852311e+02
1.260000e+01   -1.395036e+01   0.000000e+00   0.000000e+00   2.147883e+02   2.958413e-04   1.824323e+02
1.270000e+01   -1.324725e+01   0.000000e+00   0.000000e+00   2.145390e+02   2.917093e-04   1.796755e+02
1.280000e+01   -1.223919e+01   0.000000e+00   0.000000e+00   2.143136e+02   2.876027e-04   1.769600e+02
1.290000e+01   -1.114364e+01   0.000000e+00   0.000000e+00   2.141143e+02   2.835186e-04   1.742848e+02
1.300000e+01   -1.017809e+01   0.000000e+00   0.000000e+00   2.139435e+02   2.794543e-04   1.716494e+02
1.310000e+01   -9.560705e+00   0.000000e+00   0.000000e+00   2.138032e+02   2.754074e-04   1.690527e+02
1.320000e+01   -9.454584e+00   0.000000e+00   0.000000e+00   2.136959e+02   2.713754e-04   1.664942e+02
1.330000e+01   -9.689780e+00   0.000000e+00   0.000000e+00   2.136237e+02   2.673562e-04   1.639729e+02
1.340000e+01   -1.000864e+01   0.000000e+00   0.000000e+00   2.135884e+02   2.633483e-04   1.614881e+02
1.350000e+01   -1.015879e+01   0.000000e+00   0.000000e+00   2.135885e+02   2.593543e-04   1.590391e+02
1.360000e+01   -9.891618e+00   0.000000e+00   0.000000e+00   2.136218e+02   2.553782e-04   1.566252e+02
1.370000e+01   -9.248418e+00   0.000000e+00   0.000000e+00   2.136855e+02   2.514236e-04   1.542459e+02
1.380000e+01   -8.430563e+00   0.000000e+00   0.000000e+00   2.137774e+02   2.474941e-04   1.519004e+02
1.390000e+01   -7.533809e+00   0.000000e+00   0.000000e+00   2.138948e+02   2.435928e-04   1.495881e+02
1.400000e+01   -6.653910e+00   0.000000e+00   0.000000e+00   2.140353e+02   2.397230e-04   1.473084e+02
1.410000e+01   -5.886065e+00   0.000000e+00   0.000000e+00   2.141965e+02   2.358874e-04   1.450606e+02
1.420000e+01   -5.179689e+00   0.000000e+00   0.000000e+00   2.143759e+02   2.320887e-04   1.428441e+02
1.430000e+01   -4.495732e+00   0.000000e+00   0.000000e+00   2.145709e+02   2.283294e-04   1.406582e+02
1.440000e+01   -3.899623e+00   0.000000e+00   0.000000e+00   2.147791e+02   2.246117e-04   1.385022e+02
1.450000e+01   -3.453017e+00   0.000000e+00   0.000000e+00   2.149979e+02   2.209382e-04   1.363758e+02
1.460000e+01   -3.210912e+00   0.000000e+00   0.000000e+00   2.152241e+02   2.173119e-04   1.342786e+02
1.470000e+01   -3.195042e+00   0.000000e+00   0.000000e+00   2.154548e+02   2.137359e-04   1.322105e+02
1.480000e+01   -3.348968e+00   0.000000e+00   0.000000e+00   2.156868e+02   2.102128e-04   1.301713e+02
1.490000e+01   -3.607610e+00   0.000000e+00   0.000000e+00   2.159172e+02   2.067453e-04   1.281608e+02
1.500000e+01   -3.905892e+00   0.000000e+00   0.000000e+00   2.161427e+02   2.033356e-04   1.261788e+02
1.510000e+01   -4.178735e+00   0.000000e+00   0.000000e+00   2.163605e+02   1.999859e-04   1.242252e+02
1.520000e+01   -4.443244e+00   0.000000e+00   0.000000e+00   2.165673e+02   1.966981e-04   1.222997e+02
1.530000e+01   -4.739471e+00   0.000000e+00   0.000000e+00   2.167601e+02   1.934739e-04   1.204021e+02
1.540000e+01   -5.036763e+00   0.000000e+00   0.000000e+00   2.169360e+02   1.903150e-04   1.185324e+02
1.550000e+01   -5.304290e+00   0.000000e+00   0.000000e+00   2.170922e+02   1.872224e-04   1.166902e+02
1.560000e+01   -5.510121e+00   0.000000e+00   0.000000e+00   2.172296e+02   1.841941e-04   1.148754e+02
1.570000e+01   -5.326693e+00   0.000000e+00   0.000000e+00   2.173501e+02   1.812272e-04   1.130877e+02
1.580000e+01   -4.620216e+00   0.000000e+00   0.000000e+00   2.174557e+02   1.783188e-04   1.113269e+02
1.590000e+01   -3.722212e+00   0.000000e+00   0.000000e+00   2.175483e+02   1.754663e-04   1.095928e+02
1.600000e+01   -2.964620e+00   0.000000e+00   0.000000e+00   2.176300e+02   1.726672e-04   1.078850e+02
1.610000e+01   -2.679383e+00   0.000000e+00   0.000000e+00   2.177028e+02   1.699191e-04   1.062034e+02
1.620000e+01   -3.063629e+00   0.000000e+00   0.000000e+00   2.177686e+02   1.672196e-04   1.045478e+02
1.630000e+01   -3.908691e+00   0.000000e+00   0.000000e+00   2.178295e+02   1.645666e-04   1.029179e+02
1.640000e+01   -4.957794e+00   0.000000e+00   0.000000e+00   2.178873e+02   1.619580e-04   1.013134e+02
1.650000e+01   -5.954646e+00   0.000000e+00   0.000000e+00   2.179441e+02   1.593919e-04   9.973414e+01
1.660000e+01   -6.648360e+00   0.000000e+00   0.000000e+00   2.179999e+02   1.568676e-04   9.817978e+01
1.670000e+01   -7.048146e+00   0.000000e+00   0.000000e+00   2.180531e+02   1.543857e-04   9.664992e+01
1.680000e+01   -7.401511e+00   0.000000e+00   0.000000e+00   2.181017e+02   1.519465e-04   9.514414e+01
1.690000e+01   -7.668419e+00   0.000000e+00   0.000000e+00   2.181440e+02   1.495506e-04   9.366204e+01
1.700000e+01   -7.806022e+00   0.000000e+00   0.000000e+00   2.181781e+02   1.471982e-04   9.220320e+01
1.710000e+01   -7.771475e+00   0.000000e+00   0.000000e+00   2.182024e+02   1.448896e-04   9.076723e+01
1.720000e+01   -7.507380e+00   0.000000e+00   0.000000e+00   2.182149e+02   1.426251e-04   8.935370e+01
1.730000e+01   -7.034247e+00   0.000000e+00   0.000000e+00   2.182138e+02   1.404047e-04   8.796221e+01
1.740000e+01   -6.458613e+00   0.000000e+00   0.000000e+00   2.181975e+02   1.382285e-04   8.659236e+01
1.750000e+01   -5.887801e+00   0.000000e+00   0.000000e+00   2.181639e+02   1.360966e-04   8.524373e+01
1.760000e+01   -5.427558e+00   0.000000e+00   0.000000e+00   2.181132e+02   1.340079e-04   8.391597e+01
1.770000e+01   -5.114731e+00   0.000000e+00   0.000000e+00   2.180498e+02   1.319588e-04   8.260882e+01
1.780000e+01   -4.859592e+00   0.000000e+00   0.000000e+00   2.179789e+02   1.299457e-04   8.132208e+01
1.790000e+01   -4.633522e+00   0.000000e+00   0.000000e+00   2.179057e+02   1.279647e-04   8.005552e+01
1.800000e+01   -4.409903e+00   0.000000e+00   0.000000e+00   2.178356e+02   1.260127e-04   7.880893e+01
1.810000e+01   -4.162117e+00   0.000000e+00   0.000000e+00   2.177737e+02   1.240862e-04   7.758207e+01
1.820000e+01   -3.823333e+00   0.000000e+00   0.000000e+00   2.177253e+02   1.221824e-04   7.637474e+01
1.830000e+01   -3.355235e+00   0.000000e+00   0.000000e+00   2.176956e+02   1.202982e-04   7.518670e+01
1.840000e+01   -2.859748e+00   0.000000e+00   0.000000e+00   2.176898e+02   1.184310e-04   7.401775e+01
1.850000e+01   -2.442185e+00   0.000000e+00   0.000000e+00   2.177132e+02   1.165783e-04   7.286766e+01
1.860000e+01   -2.207795e+00   0.000000e+00   0.000000e+00   2.177703e+02   1.147380e-04   7.173620e+01
1.870000e+01   -2.323996e+00   0.000000e+00   0.000000e+00   2.178593e+02   1.129116e-04   7.062311e+01
1.880000e+01   -2.861405e+00   0.000000e+00   0.000000e+00   2.179746e+02   1.111020e-04   6.952808e+01
1.890000e+01   -3.589611e+00   0.000000e+00   0.000000e+00   2.181108e+02   1.093123e-04   6.845081e+01
1.900000e+01   -4.269268e+00   0.000000e+00   0.000000e+00   2.182625e+02   1.075451e-04   6.739101e+01
1.910000e+01   -4.661025e+00   0.000000e+00   0.000000e+00   2.184241e+02   1.058029e-04   6.634838e+01
1.920000e+01   -4.696183e+00   0.000000e+00   0.000000e+00   2.185902e+02   1.040880e-04   6.532262e+01
1.930000e+01   -4.695349e+00   0.000000e+00   0.000000e+00   2.187553e+02   1.024025e-04   6.431343e+01
1.940000e+01   -4.675659e+00   0.000000e+00   0.000000e+00   2.189139e+02   1.007485e-04   6.332052e+01
1.950000e+01   -4.634490e+00   0.000000e+00   0.000000e+00   2.190606e+02   9.912770e-05   6.234357e+01
1.960000e+01   -4.569219e+00   0.000000e+00   0.000000e+00   2.191899e+02   9.754171e-05   6.138230e+01
1.970000e+01   -4.155056e+00   0.000000e+00   0.000000e+00   2.192982e+02   9.599118e-05   6.043642e+01
1.980000e+01   -2.738208e+00   0.000000e+00   0.000000e+00   2.193874e+02   9.447442e-05   5.950565e+01
1.990000e+01   -8.367779e-01   0.000000e+00   0.000000e+00   2.194603e+02   9.298936e-05   5.858973e+01
2.000000e+01   9.630017e-01   0.000000e+00   0.000000e+00   2.195197e+02   9.153405e-05   5.768840e+01
2.010000e+01   2.074899e+00   0.000000e+00   0.000000e+00   2.195684e+02   9.010664e-05   5.680139e+01
2.020000e+01   1.883163e+00   0.000000e+00   0.000000e+00   2.196092e+02   8.870535e-05   5.592843e+01
2.030000e+01   3.252203e-01   0.000000e+00   0.000000e+00   2.196449e+02   8.732846e-05   5.506927e+01
2.040000e+01   -1.878978e+00   0.000000e+00   0.000000e+00   2.196783e+02   8.597436e-05   5.422363e+01
2.050000e+01   -3.977320e+00   0.000000e+00   0.000000e+00   2.197123e+02   8.464150e-05   5.339125e+01
2.060000e+01   -5.217691e+00   0.000000e+00   0.000000e+00   2.197496e+02   8.332839e-05   5.257187e+01
2.070000e+01   -5.031089e+00   0.000000e+00   0.000000e+00   2.197930e+02   8.203363e-05   5.176522e+01
2.080000e+01   -3.888839e+00   0.000000e+00   0.000000e+00   2.198437e+02   8.075649e-05   5.097108e+01
2.090000e+01   -2.319404e+00   0.000000e+00   0.000000e+00   2.199004e+02   7.949727e-05   5.018924e+01
2.100000e+01   -8.176666e-01   0.000000e+00   0.000000e+00   2.199616e+02   7.825635e-05   4.941956e+01
2.110000e+01   1.214922e-01   0.000000e+00   0.000000e+00   2.200257e+02   7.703404e-05   4.866183e+01
2.120000e+01   2.077990e-01   0.000000e+00   0.000000e+00   2.200911e+02   7.583064e-05   4.791589e+01
2.130000e+01   3.287688e-02   0.000000e+00   0.000000e+00   2.201563e+02   7.464640e-05   4.718157e+01
2.140000e+01   -2.475445e-01   0.000000e+00   0.000000e+00   2.202197e+02   7.348155e-05   4.645868e+01
2.150000e+01   -5.533394e-01   0.000000e+00   0.000000e+00   2.202798e+02   7.233626e-05   4.574705e+01
2.160000e+01   -8.043818e-01   0.000000e+00   0.000000e+00   2.203350e+02   7.121069e-05   4.504650e+01
2.170000e+01   -9.395093e-01   0.000000e+00   0.000000e+00   2.203837e+02   7.010498e-05   4.435685e+01
2.180000e+01   -1.011135e+00   0.000000e+00   0.000000e+00   2.204244e+02   6.901921e-05   4.367794e+01
2.190000e+01   -1.056656e+00   -0.000000e+00   -0.000000e+00   2.204569e+02   6.795309e-05   4.300958e+01
2.200000e+01   -1.107491e+00   -0.000000e+00   -0.000000e+00   2.204824e+02   6.690580e-05   4.235163e+01
2.210000e+01   -1.195200e+00   -0.000000e+00   -0.000000e+00   2.205028e+02   6.587650e-05   4.170393e+01
2.220000e+01   -1.440130e+00   -0.000000e+00   -0.000000e+00   2.205196e+02   6.486438e-05   4.106633e+01
2.230000e+01   -2.202681e+00   -0.000000e+00   -0.000000e+00   2.205345e+02   6.386868e-05   4.043866e+01
2.240000e+01   -3.241325e+00   -0.000000e+00   -0.000000e+00   2.205490e+02   6.288866e-05   3.982079e+01
2.250000e+01   -4.233709e+00   -0.000000e+00   -0.000000e+00   2.205649e+02   6.192360e-05   3.921254e+01
2.260000e+01   -4.857482e+00   -0.000000e+00   -0.000000e+00   2.205838e+02   6.097282e-05   3.861378e+01
2.270000e+01   -4.875661e+00   -0.000000e+00   -0.000000e+00   2.206073e+02   6.003568e-05   3.802433e+01
2.280000e+01   -4.618593e+00   -0.000000e+00   -0.000000e+00   2.206370e+02   5.911153e-05   3.744406e+01
2.290000e+01   -4.208326e+00   -0.000000e+00   -0.000000e+00   2.206746e+02   5.819979e-05   3.687280e+01
2.300000e+01   -3.696877e+00   -0.000000e+00   -0.000000e+00   2.207209e+02   5.730008e-05   3.631040e+01
2.310000e+01   -3.135670e+00   -0.000000e+00   -0.000000e+00   2.207752e+02   5.641249e-05   3.575674e+01
2.320000e+01   -2.504681e+00   -0.000000e+00   -0.000000e+00   2.208366e+02   5.553714e-05   3.521169e+01
2.330000e+01   -1.456819e+00   -0.000000e+00   -0.000000e+00   2.209040e+02   5.467414e-05   3.467511e+01
2.340000e+01   -1.958369e-01   -0.000000e+00   -0.000000e+00   2.209765e+02   5.382358e-05   3.414689e+01
2.350000e+01   9.690661e-01   -0.000000e+00   -0.000000e+00   2.210532e+02   5.298555e-05   3.362688e+01
2.360000e+01   1.728689e+00   -0.000000e+00   -0.000000e+00   2.211330e+02   5.216008e-05   3.311495e+01
2.370000e+01   1.797227e+00   -0.000000e+00   -0.000000e+00   2.212150e+02   5.134724e-05   3.261099e+01
2.380000e+01   1.255048e+00   -0.000000e+00   -0.000000e+00   2.212983e+02   5.054704e-05   3.211486e+01
2.390000e+01   3.963003e-01   -0.000000e+00   -0.000000e+00   2.213818e+02   4.975950e-05   3.162644e+01
2.400000e+01   -4.930202e-01   -0.000000e+00   -0.000000e+00   2.214647e+02   4.898461e-05   3.114558e+01
2.410000e+01   -1.126647e+00   -0.000000e+00   -0.000000e+00   2.215460e+02   4.822235e-05   3.067217e+01
2.420000e+01   -1.271401e+00   -0.000000e+00   -0.000000e+00   2.216255e+02   4.747253e-05   3.020609e+01
2.430000e+01   -1.243434e+00   -0.000000e+00   -0.000000e+00   2.217034e+02   4.673494e-05   2.974722e+01
2.440000e+01   -1.162635e+00   -0.000000e+00   -0.000000e+00   2.217796e+02   4.600937e-05   2.929546e+01
2.450000e+01   -1.044180e+00   -0.000000e+00   -0.000000e+00   2.218542e+02   4.529559e-05   2.885068e+01
2.460000e+01   -9.032453e-01   -0.000000e+00   -0.000000e+00   2.219273e+02   4.459340e-05   2.841277e+01
2.470000e+01   -7.413849e-01   -0.000000e+00   -0.000000e+00   2.219988e+02   4.390257e-05   2.798163e+01
2.480000e+01   -4.491561e-01   -0.000000e+00   -0.000000e+00   2.220688e+02   4.322291e-05   2.755713e+01
2.490000e+01   -7.234779e-02   -0.000000e+00   -0.000000e+00   2.221374e+02   4.255420e-05   2.713916e+01
2.500000e+01   2.975024e-01   -0.000000e+00   -0.000000e+00   2.222046e+02   4.189622e-05   2.672762e+01
2.510000e+01   5.688567e-01   -0.000000e+00   -0.000000e+00   2.222704e+02   4.124879e-05   2.632238e+01
2.520000e+01   5.677849e-01   -0.000000e+00   -0.000000e+00   2.223349e+02   4.061167e-05   2.592334e+01
2.530000e+01   -6.251299e-01   -0.000000e+00   -0.000000e+00   2.223984e+02   3.998465e-05   2.553039e+01
2.540000e+01   -2.670926e+00   -0.000000e+00   -0.000000e+00   2.224615e+02   3.936747e-05   2.514345e+01
2.550000e+01   -4.840266e+00   -0.000000e+00   -0.000000e+00   2.225250e+02   3.875987e-05   2.476244e+01
2.560000e+01   -6.403815e+00   -0.000000e+00   -0.000000e+00   2.225895e+02   3.816159e-05   2.438729e+01
2.570000e+01   -6.649476e+00   -0.000000e+00   -0.000000e+00   2.226558e+02   3.757239e-05   2.401791e+01
2.580000e+01   -5.505184e+00   -0.000000e+00   -0.000000e+00   2.227246e+02   3.699204e-05   2.365423e+01
2.590000e+01   -3.591480e+00   -0.000000e+00   -0.000000e+00   2.227966e+02   3.642032e-05   2.329617e+01
2.600000e+01   -1.546735e+00   -0.000000e+00   -0.000000e+00   2.228724e+02   3.585700e-05   2.294366e+01
2.610000e+01   -9.315397e-03   -0.000000e+00   -0.000000e+00   2.229529e+02   3.530186e-05   2.259660e+01
2.620000e+01   4.381125e-01   -0.000000e+00   -0.000000e+00   2.230387e+02   3.475470e-05   2.225492e+01
2.630000e+01   4.263182e-01   -0.000000e+00   -0.000000e+00   2.231304e+02   3.421532e-05   2.191855e+01
2.640000e+01   3.491784e-01   -0.000000e+00   -0.000000e+00   2.232290e+02   3.368353e-05   2.158741e+01
2.650000e+01   2.422330e-01   -0.000000e+00   -0.000000e+00   2.233348e+02   3.315915e-05   2.126141e+01
2.660000e+01   1.436233e-01   -0.000000e+00   -0.000000e+00   2.234484e+02   3.264207e-05   2.094051e+01
2.670000e+01   9.965372e-02   -0.000000e+00   -0.000000e+00   2.235703e+02   3.213214e-05   2.062463e+01
2.680000e+01   3.047585e-01   -0.000000e+00   -0.000000e+00   2.237010e+02   3.162924e-05   2.031371e+01
2.690000e+01   7.244486e-01   -0.000000e+00   -0.000000e+00   2.238410e+02   3.113326e-05   2.000767e+01
2.700000e+01   1.219826e+00   -0.000000e+00   -0.000000e+00   2.239908e+02   3.064406e-05   1.970647e+01
2.710000e+01   1.651993e+00   -0.000000e+00   -0.000000e+00   2.241507e+02   3.016153e-05   1.941002e+01
2.720000e+01   1.888544e+00   -0.000000e+00   -0.000000e+00   2.243214e+02   2.968557e-05   1.911827e+01
2.730000e+01   2.033574e+00   -0.000000e+00   -0.000000e+00   2.245034e+02   2.921604e-05   1.883114e+01
2.740000e+01   2.159167e+00   -0.000000e+00   -0.000000e+00   2.246970e+02   2.875286e-05   1.854858e+01
2.750000e+01   2.246336e+00   -0.000000e+00   -0.000000e+00   2.249028e+02   2.829590e-05   1.827052e+01
2.760000e+01   2.276048e+00   -0.000000e+00   -0.000000e+00   2.251213e+02   2.784507e-05   1.799689e+01
2.770000e+01   2.208776e+00   -0.000000e+00   -0.000000e+00   2.253521e+02   2.740037e-05   1.772762e+01
2.780000e+01   1.271973e+00   -0.000000e+00   -0.000000e+00   2.255940e+02   2.696188e-05   1.746265e+01
2.790000e+01   -4.913407e-01   -0.000000e+00   -0.000000e+00   2.258458e+02   2.652970e-05   1.720191e+01
2.800000e+01   -2.481403e+00   -0.000000e+00   -0.000000e+00   2.261062e+02   2.610390e-05   1.694534e+01
2.810000e+01   -4.098452e+00   -0.000000e+00   -0.000000e+00   2.263740e+02   2.568454e-05   1.669286e+01
2.820000e+01   -4.756053e+00   -0.000000e+00   -0.000000e+00   2.266480e+02   2.527167e-05   1.644440e+01
2.830000e+01   -4.905576e+00   -0.000000e+00   -0.000000e+00   2.269268e+02   2.486534e-05   1.619991e+01
2.840000e+01   -5.034403e+00   -0.000000e+00   -0.000000e+00   2.272094e+02   2.446559e-05   1.595931e+01
2.850000e+01   -5.141848e+00   -0.000000e+00   -0.000000e+00   2.274943e+02   2.407242e-05   1.572254e+01
2.860000e+01   -5.227231e+00   -0.000000e+00   -0.000000e+00   2.277804e+02   2.368586e-05   1.548952e+01
2.870000e+01   -5.279716e+00   -0.000000e+00   -0.000000e+00   2.280665e+02   2.330592e-05   1.526020e+01
2.880000e+01   -4.267729e+00   -0.000000e+00   -0.000000e+00   2.283513e+02   2.293258e-05   1.503449e+01
2.890000e+01   -2.083955e+00   -0.000000e+00   -0.000000e+00   2.286337e+02   2.256583e-05   1.481235e+01
2.900000e+01   4.454830e-01   -0.000000e+00   -0.000000e+00   2.289133e+02   2.220557e-05   1.459370e+01
2.910000e+01   2.494546e+00   -0.000000e+00   -0.000000e+00   2.291898e+02   2.185173e-05   1.437850e+01
2.920000e+01   3.241788e+00   -0.000000e+00   -0.000000e+00   2.294629e+02   2.150421e-05   1.416669e+01
2.930000e+01   3.180041e+00   -0.000000e+00   -0.000000e+00   2.297323e+02   2.116292e-05   1.395822e+01
2.940000e+01   3.091340e+00   -0.000000e+00   -0.000000e+00   2.299976e+02   2.082776e-05   1.375303e+01
2.950000e+01   2.977916e+00   -0.000000e+00   -0.000000e+00   2.302585e+02   2.049865e-05   1.355106e+01
2.960000e+01   2.842001e+00   -0.000000e+00   -0.000000e+00   2.305148e+02   2.017547e-05   1.335226e+01
2.970000e+01   2.685152e+00   -0.000000e+00   -0.000000e+00   2.307660e+02   1.985815e-05   1.315658e+01
2.980000e+01   1.945744e+00   -0.000000e+00   -0.000000e+00   2.310119e+02   1.954658e-05   1.296396e+01
2.990000e+01   4.522967e-01   -0.000000e+00   -0.000000e+00   2.312522e+02   1.924067e-05   1.277434e+01
3.000000e+01   -1.325997e+00   -0.000000e+00   -0.000000e+00   2.314866e+02   1.894031e-05   1.258767e+01
3.010000e+01   -2.919951e+00   -0.000000e+00   -0.000000e+00   2.317146e+02   1.864542e-05   1.240389e+01
3.020000e+01   -3.860765e+00   -0.000000e+00   -0.000000e+00   2.319367e+02   1.835585e-05   1.222296e+01
3.030000e+01   -4.239048e+00   -0.000000e+00   -0.000000e+00   2.321540e+02   1.807143e-05   1.204484e+01
3.040000e+01   -4.499476e+00   -0.000000e+00   -0.000000e+00   2.323676e+02   1.779195e-05   1.186948e+01
3.050000e+01   -4.704965e+00   -0.000000e+00   -0.000000e+00   2.325790e+02   1.751724e-05   1.169684e+01
3.060000e+01   -4.918434e+00   -0.000000e+00   -0.000000e+00   2.327893e+02   1.724713e-05   1.152689e+01
3.070000e+01   -5.202800e+00   -0.000000e+00   -0.000000e+00   2.329998e+02   1.698145e-05   1.135959e+01
3.080000e+01   -5.676869e+00   -0.000000e+00   -0.000000e+00   2.332117e+02   1.672003e-05   1.119489e+01
3.090000e+01   -6.324573e+00   -0.000000e+00   -0.000000e+00   2.334263e+02   1.646273e-05   1.103276e+01
3.100000e+01   -6.987644e+00   -0.000000e+00   -0.000000e+00   2.336449e+02   1.620939e-05   1.087315e+01
3.110000e+01   -7.507709e+00   -0.000000e+00   -0.000000e+00   2.338687e+02   1.595988e-05   1.071603e+01
3.120000e+01   -7.726392e+00   -0.000000e+00   -0.000000e+00   2.340990e+02   1.571405e-05   1.056137e+01
3.130000e+01   -7.252108e+00   -0.000000e+00   -0.000000e+00   2.343370e+02   1.547177e-05   1.040911e+01
3.140000e+01   -5.997012e+00   -0.000000e+00   -0.000000e+00   2.345840e+02   1.523292e-05   1.025921e+01
3.150000e+01   -4.397265e+00   -0.000000e+00   -0.000000e+00   2.348407e+02   1.499742e-05   1.011165e+01
3.160000e+01   -2.890000e+00   -0.000000e+00   -0.000000e+00   2.351061e+02   1.476527e-05   9.966385e+00
3.170000e+01   -1.912251e+00   -0.000000e+00   -0.000000e+00   2.353792e+02   1.453652e-05   9.823379e+00
3.180000e+01   -1.452066e+00   -0.000000e+00   -0.000000e+00   2.356589e+02   1.431119e-05   9.682598e+00
3.190000e+01   -1.045945e+00   -0.000000e+00   -0.000000e+00   2.359441e+02   1.408930e-05   9.544007e+00
3.200000e+01   -7.164419e-01   -0.000000e+00   -0.000000e+00   2.362338e+02   1.387085e-05   9.407572e+00
3.210000e+01   -4.909687e-01   -0.000000e+00   -0.000000e+00   2.365268e+02   1.365588e-05   9.273257e+00
3.220000e+01   -3.969390e-01   -0.000000e+00   -0.000000e+00   2.368221e+02   1.344437e-05   9.141028e+00
3.230000e+01   -3.982046e-01   -0.000000e+00   -0.000000e+00   2.371186e+02   1.323634e-05   9.010850e+00
3.240000e+01   -4.018695e-01   -0.000000e+00   -0.000000e+00   2.374152e+02   1.303177e-05   8.882688e+00
3.250000e+01   -4.061514e-01   -0.000000e+00   -0.000000e+00   2.377109e+02   1.283067e-05   8.756507e+00
3.260000e+01   -4.106906e-01   -0.000000e+00   -0.000000e+00   2.380046e+02   1.263303e-05   8.632272e+00
3.270000e+01   -4.151272e-01   -0.000000e+00   -0.000000e+00   2.382951e+02   1.243883e-05   8.509949e+00
3.280000e+01   -4.473223e-01   -0.000000e+00   -0.000000e+00   2.385814e+02   1.224806e-05   8.389502e+00
3.290000e+01   -5.494581e-01   -0.000000e+00   -0.000000e+00   2.388636e+02   1.206064e-05   8.270901e+00
3.300000e+01   -7.056384e-01   -0.000000e+00   -0.000000e+00   2.391423e+02   1.187649e-05   8.154118e+00
3.310000e+01   -8.987613e-01   -0.000000e+00   -0.000000e+00   2.394183e+02   1.169551e-05   8.039123e+00
3.320000e+01   -1.111725e+00   -0.000000e+00   -0.000000e+00   2.396924e+02   1.151759e-05   7.925890e+00
3.330000e+01   -1.401365e+00   -0.000000e+00   -0.000000e+00   2.399653e+02   1.134264e-05   7.814390e+00
3.340000e+01   -1.859605e+00   -0.000000e+00   -0.000000e+00   2.402379e+02   1.117059e-05   7.704595e+00
3.350000e+01   -2.394007e+00   -0.000000e+00   -0.000000e+00   2.405109e+02   1.100133e-05   7.596478e+00
3.360000e+01   -2.906973e+00   -0.000000e+00   -0.000000e+00   2.407851e+02   1.083479e-05   7.490009e+00
3.370000e+01   -3.300907e+00   -0.000000e+00   -0.000000e+00   2.410612e+02   1.067088e-05   7.385162e+00
3.380000e+01   -3.550410e+00   -0.000000e+00   -0.000000e+00   2.413401e+02   1.050953e-05   7.281907e+00
3.390000e+01   -3.769196e+00   -0.000000e+00   -0.000000e+00   2.416226e+02   1.035065e-05   7.180218e+00
3.400000e+01   -3.951192e+00   -0.000000e+00   -0.000000e+00   2.419093e+02   1.019418e-05   7.080065e+00
3.410000e+01   -4.084412e+00   -0.000000e+00   -0.000000e+00   2.422011e+02   1.004004e-05   6.981421e+00
3.420000e+01   -4.156877e+00   -0.000000e+00   -0.000000e+00   2.424987e+02   9.888156e-06   6.884258e+00
3.430000e+01   -4.175124e+00   -0.000000e+00   -0.000000e+00   2.428024e+02   9.738491e-06   6.788550e+00
3.440000e+01   -4.179082e+00   -0.000000e+00   -0.000000e+00   2.431115e+02   9.591041e-06   6.694277e+00
3.450000e+01   -4.168028e+00   -0.000000e+00   -0.000000e+00   2.434253e+02   9.445806e-06   6.601416e+00
3.460000e+01   -4.138933e+00   -0.000000e+00   -0.000000e+00   2.437430e+02   9.302782e-06   6.509946e+00
3.470000e+01   -4.088764e+00   -0.000000e+00   -0.000000e+00   2.440640e+02   9.161963e-06   6.419847e+00
3.480000e+01   -3.900121e+00   -0.000000e+00   -0.000000e+00   2.443876e+02   9.023342e-06   6.331097e+00
3.490000e+01   -3.318228e+00   -0.000000e+00   -0.000000e+00   2.447130e+02   8.886911e-06   6.243675e+00
3.500000e+01   -2.482014e+00   -0.000000e+00   -0.000000e+00   2.450396e+02   8.752659e-06   6.157559e+00
3.510000e+01   -1.553900e+00   -0.000000e+00   -0.000000e+00   2.453665e+02   8.620574e-06   6.072729e+00
3.520000e+01   -6.963031e-01   -0.000000e+00   -0.000000e+00   2.456932e+02   8.490643e-06   5.989162e+00
3.530000e+01   3.886602e-02   -0.000000e+00   -0.000000e+00   2.460189e+02   8.362851e-06   5.906839e+00
3.540000e+01   8.633618e-01   -0.000000e+00   -0.000000e+00   2.463428e+02   8.237182e-06   5.825738e+00
3.550000e+01   1.674237e+00   -0.000000e+00   -0.000000e+00   2.466644e+02   8.113617e-06   5.745837e+00
3.560000e+01   2.341520e+00   -0.000000e+00   -0.000000e+00   2.469828e+02   7.992139e-06   5.667115e+00
3.570000e+01   2.735231e+00   -0.000000e+00   -0.000000e+00   2.472974e+02   7.872726e-06   5.589552e+00
3.580000e+01   2.746544e+00   -0.000000e+00   -0.000000e+00   2.476082e+02   7.755338e-06   5.513128e+00
3.590000e+01   2.435194e+00   -0.000000e+00   -0.000000e+00   2.479158e+02   7.639923e-06   5.437829e+00
3.600000e+01   1.925172e+00   -0.000000e+00   -0.000000e+00   2.482208e+02   7.526425e-06   5.363636e+00
3.610000e+01   1.339011e+00   -0.000000e+00   -0.000000e+00   2.485239e+02   7.414795e-06   5.290536e+00
3.620000e+01   7.992470e-01   -0.000000e+00   -0.000000e+00   2.488257e+02   7.304981e-06   5.218511e+00
3.630000e+01   3.643948e-01   -0.000000e+00   -0.000000e+00   2.491268e+02   7.196934e-06   5.147546e+00
3.640000e+01   -1.240118e-01   -0.000000e+00   -0.000000e+00   2.494278e+02   7.090608e-06   5.077625e+00
3.650000e+01   -6.125201e-01   -0.000000e+00   -0.000000e+00   2.497293e+02   6.985957e-06   5.008732e+00
3.660000e+01   -1.020338e+00   -0.000000e+00   -0.000000e+00   2.500321e+02   6.882934e-06   4.940850e+00
3.670000e+01   -1.266673e+00   -0.000000e+00   -0.000000e+00   2.503366e+02   6.781497e-06   4.873964e+00
3.680000e+01   -1.224065e+00   -0.000000e+00   -0.000000e+00   2.506436e+02   6.681604e-06   4.808057e+00
3.690000e+01   -7.330174e-01   -0.000000e+00   -0.000000e+00   2.509536e+02   6.583212e-06   4.743114e+00
3.700000e+01   -1.225309e-02   -0.000000e+00   -0.000000e+00   2.512673e+02   6.486281e-06   4.679119e+00
3.710000e+01   6.816581e-01   -0.000000e+00   -0.000000e+00   2.515853e+02   6.390773e-06   4.616056e+00
3.720000e+01   1.092147e+00   -0.000000e+00   -0.000000e+00   2.519083e+02   6.296649e-06   4.553908e+00
3.730000e+01   9.495428e-01   -0.000000e+00   -0.000000e+00   2.522365e+02   6.203880e-06   4.492661e+00
3.740000e+01   1.214886e-01   -0.000000e+00   -0.000000e+00   2.525694e+02   6.112463e-06   4.432302e+00
3.750000e+01   -1.180118e+00   -0.000000e+00   -0.000000e+00   2.529064e+02   6.022395e-06   4.372818e+00
3.760000e+01   -2.715027e+00   -0.000000e+00   -0.000000e+00   2.532467e+02   5.933676e-06   4.314197e+00
3.770000e+01   -4.242992e+00   -0.000000e+00   -0.000000e+00   2.535897e+02   5.846301e-06   4.256427e+00
3.780000e+01   -5.636414e+00   -0.000000e+00   -0.000000e+00   2.539348e+02   5.760266e-06   4.199496e+00
3.790000e+01   -7.307130e+00   -0.000000e+00   -0.000000e+00   2.542812e+02   5.675567e-06   4.143390e+00
3.800000e+01   -9.066663e+00   -0.000000e+00   -0.000000e+00   2.546283e+02   5.592196e-06   4.088098e+00
3.810000e+01   -1.061124e+01   -0.000000e+00   -0.000000e+00   2.549753e+02   5.510147e-06   4.033608e+00
3.820000e+01   -1.163709e+01   -0.000000e+00   -0.000000e+00   2.553217e+02   5.429412e-06   3.979907e+00
3.830000e+01   -1.179920e+01   -0.000000e+00   -0.000000e+00   2.556667e+02   5.349983e-06   3.926983e+00
3.840000e+01   -1.080359e+01   -0.000000e+00   -0.000000e+00   2.560098e+02   5.271849e-06   3.874823e+00
3.850000e+01   -9.072260e+00   -0.000000e+00   -0.000000e+00   2.563501e+02   5.195001e-06   3.823415e+00
3.860000e+01   -7.119899e+00   -0.000000e+00   -0.000000e+00   2.566870e+02   5.119428e-06   3.772747e+00
3.870000e+01   -5.461185e+00   -0.000000e+00   -0.000000e+00   2.570199e+02   5.045118e-06   3.722806e+00
3.880000e+01   -4.523907e+00   -0.000000e+00   -0.000000e+00   2.573480e+02   4.972060e-06   3.673580e+00
3.890000e+01   -3.923809e+00   -0.000000e+00   -0.000000e+00   2.576709e+02   4.900238e-06   3.625057e+00
3.900000e+01   -3.449661e+00   -0.000000e+00   -0.000000e+00   2.579883e+02   4.829634e-06   3.577228e+00
3.910000e+01   -3.006255e+00   -0.000000e+00   -0.000000e+00   2.583003e+02   4.760225e-06   3.530082e+00
3.920000e+01   -2.498383e+00   -0.000000e+00   -0.000000e+00   2.586068e+02   4.691992e-06   3.483611e+00
3.930000e+01   -1.818626e+00   -0.000000e+00   -0.000000e+00   2.589077e+02   4.624913e-06   3.437803e+00
3.940000e+01   -8.534717e-01   -0.000000e+00   -0.000000e+00   2.592030e+02   4.558969e-06   3.392650e+00
3.950000e+01   2.473601e-01   -0.000000e+00   -0.000000e+00   2.594927e+02   4.494138e-06   3.348142e+00
3.960000e+01   1.289281e+00   -0.000000e+00   -0.000000e+00   2.597766e+02   4.430401e-06   3.304269e+00
3.970000e+01   2.077704e+00   -0.000000e+00   -0.000000e+00   2.600547e+02   4.367738e-06   3.261022e+00
3.980000e+01   2.456826e+00   -0.000000e+00   -0.000000e+00   2.603270e+02   4.306130e-06   3.218390e+00
3.990000e+01   2.708096e+00   -0.000000e+00   -0.000000e+00   2.605935e+02   4.245556e-06   3.176365e+00
4.000000e+01   2.913177e+00   -0.000000e+00   -0.000000e+00   2.608540e+02   4.185997e-06   3.134937e+00
4.010000e+01   3.049516e+00   -0.000000e+00   -0.000000e+00   2.611086e+02   4.127435e-06   3.094096e+00
4.020000e+01   3.094561e+00   -0.000000e+00   -0.000000e+00   2.613571e+02   4.069849e-06   3.053831e+00
4.030000e+01   2.951133e+00   -0.000000e+00   -0.000000e+00   2.615996e+02   4.013223e-06   3.014135e+00
4.040000e+01   1.771573e+00   -0.000000e+00   -0.000000e+00   2.618360e+02   3.957535e-06   2.974996e+00
4.050000e+01   -3.119923e-01   -0.000000e+00   -0.000000e+00   2.620661e+02   3.902769e-06   2.936406e+00
4.060000e+01   -2.832923e+00   -0.000000e+00   -0.000000e+00   2.622903e+02   3.848904e-06   2.898356e+00
4.070000e+01   -5.324971e+00   -0.000000e+00   -0.000000e+00   2.625089e+02   3.795916e-06   2.860836e+00
4.080000e+01   -7.380918e+00   -0.000000e+00   -0.000000e+00   2.627224e+02   3.743784e-06   2.823841e+00
4.090000e+01   -9.511238e+00   -0.000000e+00   -0.000000e+00   2.629314e+02   3.692484e-06   2.787362e+00
4.100000e+01   -1.172063e+01   -0.000000e+00   -0.000000e+00   2.631363e+02   3.641995e-06   2.751392e+00
4.110000e+01   -1.370594e+01   -0.000000e+00   -0.000000e+00   2.633376e+02   3.592296e-06   2.715922e+00
4.120000e+01   -1.516399e+01   -0.000000e+00   -0.000000e+00   2.635358e+02   3.543366e-06   2.680945e+00
4.130000e+01   -1.582809e+01   -0.000000e+00   -0.000000e+00   2.637314e+02   3.495185e-06   2.646454e+00
4.140000e+01   -1.618610e+01   -0.000000e+00   -0.000000e+00   2.639249e+02   3.447734e-06   2.612441e+00
4.150000e+01   -1.647634e+01   -0.000000e+00   -0.000000e+00   2.641168e+02   3.400993e-06   2.578898e+00
4.160000e+01   -1.668766e+01   -0.000000e+00   -0.000000e+00   2.643076e+02   3.354943e-06   2.545817e+00
4.170000e+01   -1.680891e+01   -0.000000e+00   -0.000000e+00   2.644978e+02   3.309566e-06   2.513190e+00
4.180000e+01   -1.677417e+01   -0.000000e+00   -0.000000e+00   2.646878e+02   3.264844e-06   2.481011e+00
4.190000e+01   -1.539463e+01   -0.000000e+00   -0.000000e+00   2.648782e+02   3.220759e-06   2.449271e+00
4.200000e+01   -1.273846e+01   -0.000000e+00   -0.000000e+00   2.650695e+02   3.177295e-06   2.417963e+00
4.210000e+01   -9.538147e+00   -0.000000e+00   -0.000000e+00   2.652621e+02   3.134434e-06   2.387079e+00
4.220000e+01   -6.526149e+00   -0.000000e+00   -0.000000e+00   2.654566e+02   3.092160e-06   2.356611e+00
4.230000e+01   -4.408720e+00   -0.000000e+00   -0.000000e+00   2.656533e+02   3.050458e-06   2.326551e+00
4.240000e+01   -2.864818e+00   -0.000000e+00   -0.000000e+00   2.658521e+02   3.009323e-06   2.296895e+00
4.250000e+01   -1.499935e+00   -0.000000e+00   -0.000000e+00   2.660523e+02   2.968752e-06   2.267636e+00
4.260000e+01   -2.533615e-01   -0.000000e+00   -0.000000e+00   2.662537e+02   2.928743e-06   2.238769e+00
4.270000e+01   9.356078e-01   -0.000000e+00   -0.000000e+00   2.664557e+02   2.889293e-06   2.210289e+00
4.280000e+01   2.131473e+00   -0.000000e+00   -0.000000e+00   2.666578e+02   2.850400e-06   2.182189e+00
4.290000e+01   3.504127e+00   -0.000000e+00   -0.000000e+00   2.668596e+02   2.812059e-06   2.154466e+00
4.300000e+01   4.954563e+00   -0.000000e+00   -0.000000e+00   2.670607e+02   2.774267e-06   2.127113e+00
4.310000e+01   6.255629e+00   -0.000000e+00   -0.000000e+00   2.672606e+02   2.737020e-06   2.100125e+00
4.320000e+01   7.180173e+00   -0.000000e+00   -0.000000e+00   2.674587e+02   2.700313e-06   2.073496e+00
4.330000e+01   7.497312e+00   -0.000000e+00   -0.000000e+00   2.676547e+02   2.664144e-06   2.047222e+00
4.340000e+01   6.852309e+00   -0.000000e+00   -0.000000e+00   2.678481e+02   2.628507e-06   2.021296e+00
4.350000e+01   5.394503e+00   -0.000000e+00   -0.000000e+00   2.680383e+02   2.593397e-06   1.995714e+00
4.360000e+01   3.507238e+00   -0.000000e+00   -0.000000e+00   2.682251e+02   2.558809e-06   1.970469e+00
4.370000e+01   1.573856e+00   -0.000000e+00   -0.000000e+00   2.684078e+02   2.524739e-06   1.945557e+00
4.380000e+01   -2.811059e-02   -0.000000e+00   -0.000000e+00   2.685861e+02   2.491181e-06   1.920972e+00
4.390000e+01   -1.616596e+00   -0.000000e+00   -0.000000e+00   2.687594e+02   2.458129e-06   1.896709e+00
4.400000e+01   -3.345783e+00   -0.000000e+00   -0.000000e+00   2.689274e+02   2.425578e-06   1.872762e+00
4.410000e+01   -4.909665e+00   -0.000000e+00   -0.000000e+00   2.690895e+02   2.393522e-06   1.849126e+00
4.420000e+01   -6.002721e+00   -0.000000e+00   -0.000000e+00   2.692460e+02   2.361951e-06   1.825797e+00
4.430000e+01   -6.321973e+00   -0.000000e+00   -0.000000e+00   2.693969e+02   2.330856e-06   1.802770e+00
4.440000e+01   -6.207718e+00   -0.000000e+00   -0.000000e+00   2.695427e+02   2.300226e-06   1.780043e+00
4.450000e+01   -6.072993e+00   -0.000000e+00   -0.000000e+00   2.696836e+02   2.270052e-06   1.757611e+00
4.460000e+01   -5.920717e+00   -0.000000e+00   -0.000000e+00   2.698199e+02   2.240323e-06   1.735470e+00
4.470000e+01   -5.753811e+00   -0.000000e+00   -0.000000e+00   2.699519e+02   2.211031e-06   1.713616e+00
4.480000e+01   -5.575053e+00   -0.000000e+00   -0.000000e+00   2.700798e+02   2.182166e-06   1.692046e+00
4.490000e+01   -5.271270e+00   -0.000000e+00   -0.000000e+00   2.702039e+02   2.153719e-06   1.670756e+00
4.500000e+01   -4.817385e+00   -0.000000e+00   -0.000000e+00   2.703246e+02   2.125682e-06   1.649742e+00
4.510000e+01   -4.323749e+00   -0.000000e+00   -0.000000e+00   2.704420e+02   2.098044e-06   1.629000e+00
4.520000e+01   -3.900714e+00   -0.000000e+00   -0.000000e+00   2.705565e+02   2.070799e-06   1.608527e+00
4.530000e+01   -3.658634e+00   -0.000000e+00   -0.000000e+00   2.706683e+02   2.043937e-06   1.588318e+00
4.540000e+01   -4.028394e+00   -0.000000e+00   -0.000000e+00   2.707778e+02   2.017451e-06   1.568369e+00
4.550000e+01   -5.072275e+00   -0.000000e+00   -0.000000e+00   2.708852e+02   1.991331e-06   1.548678e+00
4.560000e+01   -6.347726e+00   -0.000000e+00   -0.000000e+00   2.709907e+02   1.965570e-06   1.529239e+00
4.570000e+01   -7.412195e+00   -0.000000e+00   -0.000000e+00   2.710948e+02   1.940161e-06   1.510050e+00
4.580000e+01   -7.823128e+00   -0.000000e+00   -0.000000e+00   2.711975e+02   1.915095e-06   1.491106e+00
4.590000e+01   -7.442246e+00   -0.000000e+00   -0.000000e+00   2.712993e+02   1.890365e-06   1.472403e+00
4.600000e+01   -6.585023e+00   -0.000000e+00   -0.000000e+00   2.714002e+02   1.865965e-06   1.453938e+00
4.610000e+01   -5.447454e+00   -0.000000e+00   -0.000000e+00   2.714997e+02   1.841893e-06   1.435708e+00
4.620000e+01   -4.225307e+00   -0.000000e+00   -0.000000e+00   2.715975e+02   1.818147e-06   1.417710e+00
4.630000e+01   -3.114347e+00   -0.000000e+00   -0.000000e+00   2.716931e+02   1.794728e-06   1.399940e+00
4.640000e+01   -2.002339e+00   -0.000000e+00   -0.000000e+00   2.717859e+02   1.771632e-06   1.382397e+00
4.650000e+01   -7.108258e-01   -0.000000e+00   -0.000000e+00   2.718755e+02   1.748857e-06   1.365076e+00
4.660000e+01   5.285403e-01   -0.000000e+00   -0.000000e+00   2.719614e+02   1.726403e-06   1.347975e+00
4.670000e+01   1.482508e+00   -0.000000e+00   -0.000000e+00   2.720431e+02   1.704267e-06   1.331091e+00
4.680000e+01   1.917825e+00   -0.000000e+00   -0.000000e+00   2.721203e+02   1.682447e-06   1.314421e+00
4.690000e+01   1.469221e+00   -0.000000e+00   -0.000000e+00   2.721923e+02   1.660940e-06   1.297963e+00
4.700000e+01   1.468816e-01   -0.000000e+00   -0.000000e+00   2.722587e+02   1.639745e-06   1.281712e+00
4.710000e+01   -1.561016e+00   -0.000000e+00   -0.000000e+00   2.723190e+02   1.618858e-06   1.265666e+00
4.720000e+01   -3.163458e+00   -0.000000e+00   -0.000000e+00   2.723729e+02   1.598277e-06   1.249822e+00
4.730000e+01   -4.169431e+00   -0.000000e+00   -0.000000e+00   2.724197e+02   1.577999e-06   1.234177e+00
4.740000e+01   -4.565423e+00   -0.000000e+00   -0.000000e+00   2.724590e+02   1.558022e-06   1.218728e+00
4.750000e+01   -4.920483e+00   -0.000000e+00   -0.000000e+00   2.724903e+02   1.538342e-06   1.203473e+00
4.760000e+01   -5.231173e+00   -0.000000e+00   -0.000000e+00   2.725133e+02   1.518957e-06   1.188407e+00
4.770000e+01   -5.484172e+00   -0.000000e+00   -0.000000e+00   2.725273e+02   1.499863e-06   1.173529e+00
4.780000e+01   -5.666155e+00   -0.000000e+00   -0.000000e+00   2.725319e+02   1.481058e-06   1.158835e+00
4.790000e+01   -5.665054e+00   -0.000000e+00   -0.000000e+00   2.725268e+02   1.462537e-06   1.144322e+00
4.800000e+01   -5.358345e+00   -0.000000e+00   -0.000000e+00   2.725124e+02   1.444294e-06   1.129989e+00
4.810000e+01   -4.857309e+00   -0.000000e+00   -0.000000e+00   2.724890e+02   1.426322e-06   1.115832e+00
4.820000e+01   -4.277770e+00   -0.000000e+00   -0.000000e+00   2.724572e+02   1.408614e-06   1.101851e+00
4.830000e+01   -3.735551e+00   -0.000000e+00   -0.000000e+00   2.724173e+02   1.391165e-06   1.088042e+00
4.840000e+01   -3.177854e+00   -0.000000e+00   -0.000000e+00   2.723699e+02   1.373967e-06   1.074404e+00
4.850000e+01   -2.420101e+00   -0.000000e+00   -0.000000e+00   2.723152e+02   1.357014e-06   1.060935e+00
4.860000e+01   -1.654721e+00   -0.000000e+00   -0.000000e+00   2.722539e+02   1.340301e-06   1.047632e+00
4.870000e+01   -1.085268e+00   -0.000000e+00   -0.000000e+00   2.721862e+02   1.323822e-06   1.034494e+00
4.880000e+01   -9.152979e-01   -0.000000e+00   -0.000000e+00   2.721127e+02   1.307570e-06   1.021518e+00
4.890000e+01   -1.319849e+00   -0.000000e+00   -0.000000e+00   2.720338e+02   1.291541e-06   1.008703e+00
4.900000e+01   -2.216252e+00   -0.000000e+00   -0.000000e+00   2.719499e+02   1.275728e-06   9.960460e-01
4.910000e+01   -3.385660e+00   -0.000000e+00   -0.000000e+00   2.718615e+02   1.260126e-06   9.835450e-01
4.920000e+01   -4.608022e+00   -0.000000e+00   -0.000000e+00   2.717690e+02   1.244731e-06   9.711980e-01
4.930000e+01   -5.663290e+00   -0.000000e+00   -0.000000e+00   2.716728e+02   1.229536e-06   9.590029e-01
4.940000e+01   -6.481433e+00   -0.000000e+00   -0.000000e+00   2.715735e+02   1.214537e-06   9.469577e-01
4.950000e+01   -7.303461e+00   -0.000000e+00   -0.000000e+00   2.714713e+02   1.199729e-06   9.350602e-01
4.960000e+01   -8.073195e+00   -0.000000e+00   -0.000000e+00   2.713668e+02   1.185108e-06   9.233084e-01
4.970000e+01   -8.716344e+00   -0.000000e+00   -0.000000e+00   2.712604e+02   1.170667e-06   9.117002e-01
4.980000e+01   -9.158665e+00   -0.000000e+00   -0.000000e+00   2.711525e+02   1.156403e-06   9.002334e-01
4.990000e+01   -9.174961e+00   -0.000000e+00   -0.000000e+00   2.710432e+02   1.142313e-06   8.889063e-01
5.000000e+01   -8.483209e+00   -0.000000e+00   -0.000000e+00   2.709327e+02   1.128394e-06   8.777173e-01
5.010000e+01   -7.453611e+00   -0.000000e+00   -0.000000e+00   2.708207e+02   1.114646e-06   8.666650e-01
5.020000e+01   -6.491381e+00   -0.000000e+00   -0.000000e+00   2.707074e+02   1.101066e-06   8.557477e-01
5.030000e+01   -6.001736e+00   -0.000000e+00   -0.000000e+00   2.705926e+02   1.087652e-06   8.449638e-01
5.040000e+01   -6.234036e+00   -0.000000e+00   -0.000000e+00   2.704763e+02   1.074402e-06   8.343119e-01
5.050000e+01   -6.816816e+00   -0.000000e+00   -0.000000e+00   2.703585e+02   1.061315e-06   8.237904e-01
5.060000e+01   -7.543611e+00   -0.000000e+00   -0.000000e+00   2.702392e+02   1.048388e-06   8.133976e-01
5.070000e+01   -8.236113e+00   -0.000000e+00   -0.000000e+00   2.701183e+02   1.035621e-06   8.031322e-01
5.080000e+01   -8.716013e+00   -0.000000e+00   -0.000000e+00   2.699958e+02   1.023009e-06   7.929924e-01
5.090000e+01   -8.683155e+00   -0.000000e+00   -0.000000e+00   2.698717e+02   1.010553e-06   7.829768e-01
5.100000e+01   -7.804495e+00   -0.000000e+00   -0.000000e+00   2.697459e+02   9.982501e-07   7.730838e-01
5.110000e+01   -6.498778e+00   -0.000000e+00   -0.000000e+00   2.696184e+02   9.860980e-07   7.633118e-01
5.120000e+01   -5.240211e+00   -0.000000e+00   -0.000000e+00   2.694892e+02   9.740951e-07   7.536594e-01
5.130000e+01   -4.503003e+00   -0.000000e+00   -0.000000e+00   2.693583e+02   9.622394e-07   7.441248e-01
5.140000e+01   -4.622042e+00   -0.000000e+00   -0.000000e+00   2.692255e+02   9.505291e-07   7.347067e-01
5.150000e+01   -5.201630e+00   -0.000000e+00   -0.000000e+00   2.690909e+02   9.389623e-07   7.254033e-01
5.160000e+01   -5.976158e+00   -0.000000e+00   -0.000000e+00   2.689545e+02   9.275369e-07   7.162133e-01
5.170000e+01   -6.723363e+00   -0.000000e+00   -0.000000e+00   2.688162e+02   9.162511e-07   7.071349e-01
5.180000e+01   -7.221032e+00   -0.000000e+00   -0.000000e+00   2.686759e+02   9.051031e-07   6.981668e-01
5.190000e+01   -7.325303e+00   -0.000000e+00   -0.000000e+00   2.685336e+02   8.940918e-07   6.893075e-01
5.200000e+01   -7.284527e+00   -0.000000e+00   -0.000000e+00   2.683888e+02   8.832164e-07   6.805560e-01
5.210000e+01   -7.177376e+00   -0.000000e+00   -0.000000e+00   2.682414e+02   8.724761e-07   6.719109e-01
5.220000e+01   -7.045101e+00   -0.000000e+00   -0.000000e+00   2.680911e+02   8.618700e-07   6.633710e-01
5.230000e+01   -6.928949e+00   -0.000000e+00   -0.000000e+00   2.679377e+02   8.513971e-07   6.549352e-01
5.240000e+01   -6.855655e+00   -0.000000e+00   -0.000000e+00   2.677809e+02   8.410566e-07   6.466022e-01
5.250000e+01   -6.779099e+00   -0.000000e+00   -0.000000e+00   2.676205e+02   8.308474e-07   6.383708e-01
5.260000e+01   -6.702524e+00   -0.000000e+00   -0.000000e+00   2.674562e+02   8.207686e-07   6.302397e-01
5.270000e+01   -6.639276e+00   -0.000000e+00   -0.000000e+00   2.672878e+02   8.108191e-07   6.222078e-01
5.280000e+01   -6.602701e+00   -0.000000e+00   -0.000000e+00   2.671150e+02   8.009978e-07   6.142738e-01
5.290000e+01   -6.723325e+00   -0.000000e+00   -0.000000e+00   2.669376e+02   7.913038e-07   6.064365e-01
5.300000e+01   -7.554425e+00   -0.000000e+00   -0.000000e+00   2.667553e+02   7.817358e-07   5.986948e-01
5.310000e+01   -8.809551e+00   -0.000000e+00   -0.000000e+00   2.665679e+02   7.722927e-07   5.910473e-01
5.320000e+01   -1.006694e+01   -0.000000e+00   -0.000000e+00   2.663752e+02   7.629734e-07   5.834928e-01
5.330000e+01   -1.090483e+01   -0.000000e+00   -0.000000e+00   2.661768e+02   7.537767e-07   5.760302e-01
5.340000e+01   -1.097711e+01   -0.000000e+00   -0.000000e+00   2.659726e+02   7.447013e-07   5.686583e-01
5.350000e+01   -1.059936e+01   -0.000000e+00   -0.000000e+00   2.657623e+02   7.357460e-07   5.613757e-01
5.360000e+01   -1.002543e+01   -0.000000e+00   -0.000000e+00   2.655456e+02   7.269097e-07   5.541813e-01
5.370000e+01   -9.439064e+00   -0.000000e+00   -0.000000e+00   2.653222e+02   7.181909e-07   5.470738e-01
5.380000e+01   -9.024067e+00   -0.000000e+00   -0.000000e+00   2.650921e+02   7.095885e-07   5.400522e-01
5.390000e+01   -9.051253e+00   -0.000000e+00   -0.000000e+00   2.648552e+02   7.011005e-07   5.331153e-01
5.400000e+01   -1.013421e+01   -0.000000e+00   -0.000000e+00   2.646116e+02   6.927252e-07   5.262623e-01
5.410000e+01   -1.188970e+01   -0.000000e+00   -0.000000e+00   2.643615e+02   6.844607e-07   5.194922e-01
5.420000e+01   -1.374579e+01   -0.000000e+00   -0.000000e+00   2.641049e+02   6.763053e-07   5.128041e-01
5.430000e+01   -1.513056e+01   -0.000000e+00   -0.000000e+00   2.638419e+02   6.682571e-07   5.061971e-01
5.440000e+01   -1.558638e+01   -0.000000e+00   -0.000000e+00   2.635726e+02   6.603145e-07   4.996703e-01
5.450000e+01   -1.578354e+01   -0.000000e+00   -0.000000e+00   2.632973e+02   6.524756e-07   4.932226e-01
5.460000e+01   -1.593918e+01   -0.000000e+00   -0.000000e+00   2.630159e+02   6.447387e-07   4.868533e-01
5.470000e+01   -1.604726e+01   -0.000000e+00   -0.000000e+00   2.627285e+02   6.371022e-07   4.805613e-01
5.480000e+01   -1.610169e+01   -0.000000e+00   -0.000000e+00   2.624354e+02   6.295644e-07   4.743457e-01
5.490000e+01   -1.588993e+01   -0.000000e+00   -0.000000e+00   2.621366e+02   6.221236e-07   4.682056e-01
5.500000e+01   -1.356747e+01   -0.000000e+00   -0.000000e+00   2.618321e+02   6.147782e-07   4.621402e-01
5.510000e+01   -9.743280e+00   -0.000000e+00   -0.000000e+00   2.615222e+02   6.075265e-07   4.561483e-01
5.520000e+01   -5.730558e+00   -0.000000e+00   -0.000000e+00   2.612068e+02   6.003670e-07   4.502292e-01
5.530000e+01   -2.842511e+00   -0.000000e+00   -0.000000e+00   2.608862e+02   5.932980e-07   4.443819e-01
5.540000e+01   -2.204402e+00   -0.000000e+00   -0.000000e+00   2.605604e+02   5.863180e-07   4.386054e-01
5.550000e+01   -2.295719e+00   -0.000000e+00   -0.000000e+00   2.602296e+02   5.794254e-07   4.328989e-01
5.560000e+01   -2.457672e+00   -0.000000e+00   -0.000000e+00   2.598938e+02   5.726186e-07   4.272614e-01
5.570000e+01   -2.685620e+00   -0.000000e+00   -0.000000e+00   2.595531e+02   5.658961e-07   4.216920e-01
5.580000e+01   -2.974779e+00   -0.000000e+00   -0.000000e+00   2.592078e+02   5.592565e-07   4.161898e-01
5.590000e+01   -3.371706e+00   -0.000000e+00   -0.000000e+00   2.588580e+02   5.526976e-07   4.107538e-01
5.600000e+01   -4.583424e+00   -0.000000e+00   -0.000000e+00   2.585044e+02   5.462177e-07   4.053835e-01
5.610000e+01   -6.514453e+00   -0.000000e+00   -0.000000e+00   2.581472e+02   5.398147e-07   4.000779e-01
5.620000e+01   -8.750076e+00   -0.000000e+00   -0.000000e+00   2.577870e+02   5.334867e-07   3.948363e-01
5.630000e+01   -1.087558e+01   -0.000000e+00   -0.000000e+00   2.574242e+02   5.272318e-07   3.896579e-01
5.640000e+01   -1.251525e+01   -0.000000e+00   -0.000000e+00   2.570593e+02   5.210483e-07   3.845419e-01
5.650000e+01   -1.407473e+01   -0.000000e+00   -0.000000e+00   2.566926e+02   5.149342e-07   3.794875e-01
5.660000e+01   -1.562968e+01   -0.000000e+00   -0.000000e+00   2.563247e+02   5.088879e-07   3.744940e-01
5.670000e+01   -1.698007e+01   -0.000000e+00   -0.000000e+00   2.559559e+02   5.029075e-07   3.695605e-01
5.680000e+01   -1.792588e+01   -0.000000e+00   -0.000000e+00   2.555867e+02   4.969914e-07   3.646864e-01
5.690000e+01   -1.827205e+01   -0.000000e+00   -0.000000e+00   2.552176e+02   4.911379e-07   3.598707e-01
5.700000e+01   -1.803801e+01   -0.000000e+00   -0.000000e+00   2.548490e+02   4.853454e-07   3.551127e-01
5.710000e+01   -1.741494e+01   -0.000000e+00   -0.000000e+00   2.544813e+02   4.796123e-07   3.504117e-01
5.720000e+01   -1.657667e+01   -0.000000e+00   -0.000000e+00   2.541150e+02   4.739370e-07   3.457668e-01
5.730000e+01   -1.569707e+01   -0.000000e+00   -0.000000e+00   2.537506e+02   4.683179e-07   3.411773e-01
5.740000e+01   -1.493678e+01   -0.000000e+00   -0.000000e+00   2.533884e+02   4.627535e-07   3.366423e-01
5.750000e+01   -1.404454e+01   -0.000000e+00   -0.000000e+00   2.530289e+02   4.572423e-07   3.321612e-01
5.760000e+01   -1.302238e+01   -0.000000e+00   -0.000000e+00   2.526725e+02   4.517829e-07   3.277330e-01
5.770000e+01   -1.208827e+01   -0.000000e+00   -0.000000e+00   2.523198e+02   4.463738e-07   3.233571e-01
5.780000e+01   -1.146027e+01   -0.000000e+00   -0.000000e+00   2.519710e+02   4.410136e-07   3.190326e-01
5.790000e+01   -1.135908e+01   -0.000000e+00   -0.000000e+00   2.516261e+02   4.357024e-07   3.147589e-01
5.800000e+01   -1.196075e+01   -0.000000e+00   -0.000000e+00   2.512845e+02   4.304408e-07   3.105357e-01
5.810000e+01   -1.302796e+01   -0.000000e+00   -0.000000e+00   2.509456e+02   4.252295e-07   3.063623e-01
5.820000e+01   -1.421087e+01   -0.000000e+00   -0.000000e+00   2.506088e+02   4.200692e-07   3.022383e-01
5.830000e+01   -1.515966e+01   -0.000000e+00   -0.000000e+00   2.502736e+02   4.149604e-07   2.981632e-01
5.840000e+01   -1.552189e+01   -0.000000e+00   -0.000000e+00   2.499394e+02   4.099038e-07   2.941366e-01
5.850000e+01   -1.493615e+01   -0.000000e+00   -0.000000e+00   2.496057e+02   4.048998e-07   2.901579e-01
5.860000e+01   -1.363271e+01   -0.000000e+00   -0.000000e+00   2.492719e+02   3.999489e-07   2.862267e-01
5.870000e+01   -1.205072e+01   -0.000000e+00   -0.000000e+00   2.489374e+02   3.950515e-07   2.823425e-01
5.880000e+01   -1.062934e+01   -0.000000e+00   -0.000000e+00   2.486017e+02   3.902080e-07   2.785048e-01
5.890000e+01   -9.802738e+00   -0.000000e+00   -0.000000e+00   2.482642e+02   3.854188e-07   2.747131e-01
5.900000e+01   -9.340357e+00   -0.000000e+00   -0.000000e+00   2.479244e+02   3.806842e-07   2.709670e-01
5.910000e+01   -8.928959e+00   -0.000000e+00   -0.000000e+00   2.475816e+02   3.760044e-07   2.672659e-01
5.920000e+01   -8.604888e+00   -0.000000e+00   -0.000000e+00   2.472353e+02   3.713797e-07   2.636094e-01
5.930000e+01   -8.404489e+00   -0.000000e+00   -0.000000e+00   2.468850e+02   3.668102e-07   2.599970e-01
5.940000e+01   -8.364220e+00   -0.000000e+00   -0.000000e+00   2.465300e+02   3.622961e-07   2.564283e-01
5.950000e+01   -8.533690e+00   -0.000000e+00   -0.000000e+00   2.461699e+02   3.578376e-07   2.529026e-01
5.960000e+01   -8.899107e+00   -0.000000e+00   -0.000000e+00   2.458041e+02   3.534347e-07   2.494196e-01
5.970000e+01   -9.411483e+00   -0.000000e+00   -0.000000e+00   2.454319e+02   3.490875e-07   2.459788e-01
5.980000e+01   -1.002180e+01   -0.000000e+00   -0.000000e+00   2.450530e+02   3.447959e-07   2.425797e-01
5.990000e+01   -1.068102e+01   -0.000000e+00   -0.000000e+00   2.446671e+02   3.405593e-07   2.392218e-01
6.000000e+01   -1.153521e+01   -0.000000e+00   -0.000000e+00   2.442747e+02   3.363767e-07   2.359048e-01
6.010000e+01   -1.269149e+01   -0.000000e+00   -0.000000e+00   2.438759e+02   3.322470e-07   2.326282e-01
6.020000e+01   -1.407846e+01   -0.000000e+00   -0.000000e+00   2.434711e+02   3.281692e-07   2.293916e-01
6.030000e+01   -1.562475e+01   -0.000000e+00   -0.000000e+00   2.430604e+02   3.241423e-07   2.261946e-01
6.040000e+01   -1.725898e+01   -0.000000e+00   -0.000000e+00   2.426441e+02   3.201653e-07   2.230367e-01
6.050000e+01   -1.948207e+01   -0.000000e+00   -0.000000e+00   2.422225e+02   3.162374e-07   2.199177e-01
6.060000e+01   -2.239630e+01   -0.000000e+00   -0.000000e+00   2.417958e+02   3.123576e-07   2.168369e-01
6.070000e+01   -2.533237e+01   -0.000000e+00   -0.000000e+00   2.413644e+02   3.085249e-07   2.137941e-01
6.080000e+01   -2.762099e+01   -0.000000e+00   -0.000000e+00   2.409283e+02   3.047385e-07   2.107888e-01
6.090000e+01   -2.859284e+01   -0.000000e+00   -0.000000e+00   2.404880e+02   3.009975e-07   2.078207e-01
6.100000e+01   -2.848031e+01   -0.000000e+00   -0.000000e+00   2.400436e+02   2.973010e-07   2.048891e-01
6.110000e+01   -2.810548e+01   -0.000000e+00   -0.000000e+00   2.395955e+02   2.936481e-07   2.019939e-01
6.120000e+01   -2.752011e+01   -0.000000e+00   -0.000000e+00   2.391438e+02   2.900381e-07   1.991345e-01
6.130000e+01   -2.677504e+01   -0.000000e+00   -0.000000e+00   2.386889e+02   2.864700e-07   1.963106e-01
6.140000e+01   -2.592111e+01   -0.000000e+00   -0.000000e+00   2.382309e+02   2.829431e-07   1.935217e-01
6.150000e+01   -2.438132e+01   -0.000000e+00   -0.000000e+00   2.377702e+02   2.794565e-07   1.907673e-01
6.160000e+01   -2.176991e+01   -0.000000e+00   -0.000000e+00   2.373070e+02   2.760095e-07   1.880472e-01
6.170000e+01   -1.873411e+01   -0.000000e+00   -0.000000e+00   2.368416e+02   2.726012e-07   1.853609e-01
6.180000e+01   -1.592491e+01   -0.000000e+00   -0.000000e+00   2.363741e+02   2.692310e-07   1.827079e-01
6.190000e+01   -1.399356e+01   -0.000000e+00   -0.000000e+00   2.359049e+02   2.658984e-07   1.800881e-01
6.200000e+01   -1.288314e+01   -0.000000e+00   -0.000000e+00   2.354341e+02   2.626028e-07   1.775011e-01
6.210000e+01   -1.187130e+01   -0.000000e+00   -0.000000e+00   2.349619e+02   2.593440e-07   1.749468e-01
6.220000e+01   -1.103334e+01   -0.000000e+00   -0.000000e+00   2.344886e+02   2.561214e-07   1.724249e-01
6.230000e+01   -1.045240e+01   -0.000000e+00   -0.000000e+00   2.340144e+02   2.529346e-07   1.699352e-01
6.240000e+01   -1.021159e+01   -0.000000e+00   -0.000000e+00   2.335395e+02   2.497833e-07   1.674774e-01
6.250000e+01   -1.073739e+01   -0.000000e+00   -0.000000e+00   2.330641e+02   2.466671e-07   1.650513e-01
6.260000e+01   -1.234931e+01   -0.000000e+00   -0.000000e+00   2.325884e+02   2.435854e-07   1.626566e-01
6.270000e+01   -1.457825e+01   -0.000000e+00   -0.000000e+00   2.321126e+02   2.405381e-07   1.602931e-01
6.280000e+01   -1.694532e+01   -0.000000e+00   -0.000000e+00   2.316369e+02   2.375247e-07   1.579606e-01
6.290000e+01   -1.897163e+01   -0.000000e+00   -0.000000e+00   2.311616e+02   2.345448e-07   1.556589e-01
6.300000e+01   -2.064464e+01   -0.000000e+00   -0.000000e+00   2.306869e+02   2.315981e-07   1.533876e-01
6.310000e+01   -2.245943e+01   -0.000000e+00   -0.000000e+00   2.302129e+02   2.286842e-07   1.511466e-01
6.320000e+01   -2.416163e+01   -0.000000e+00   -0.000000e+00   2.297400e+02   2.258029e-07   1.489356e-01
6.330000e+01   -2.547918e+01   -0.000000e+00   -0.000000e+00   2.292682e+02   2.229537e-07   1.467543e-01
6.340000e+01   -2.614004e+01   -0.000000e+00   -0.000000e+00   2.287978e+02   2.201364e-07   1.446026e-01
6.350000e+01   -2.611059e+01   -0.000000e+00   -0.000000e+00   2.283291e+02   2.173506e-07   1.424802e-01
6.360000e+01   -2.579949e+01   -0.000000e+00   -0.000000e+00   2.278622e+02   2.145960e-07   1.403868e-01
6.370000e+01   -2.529716e+01   -0.000000e+00   -0.000000e+00   2.273974e+02   2.118723e-07   1.383222e-01
6.380000e+01   -2.468122e+01   -0.000000e+00   -0.000000e+00   2.269349e+02   2.091792e-07   1.362863e-01
6.390000e+01   -2.402914e+01   -0.000000e+00   -0.000000e+00   2.264751e+02   2.065163e-07   1.342787e-01
6.400000e+01   -2.328025e+01   -0.000000e+00   -0.000000e+00   2.260183e+02   2.038833e-07   1.322994e-01
6.410000e+01   -2.223621e+01   -0.000000e+00   -0.000000e+00   2.255650e+02   2.012798e-07   1.303480e-01
6.420000e+01   -2.104420e+01   -0.000000e+00   -0.000000e+00   2.251154e+02   1.987056e-07   1.284244e-01
6.430000e+01   -1.986497e+01   -0.000000e+00   -0.000000e+00   2.246699e+02   1.961603e-07   1.265285e-01
6.440000e+01   -1.885926e+01   -0.000000e+00   -0.000000e+00   2.242288e+02   1.936436e-07   1.246599e-01
6.450000e+01   -1.814183e+01   -0.000000e+00   -0.000000e+00   2.237925e+02   1.911552e-07   1.228185e-01
6.460000e+01   -1.761311e+01   -0.000000e+00   -0.000000e+00   2.233613e+02   1.886949e-07   1.210042e-01
6.470000e+01   -1.714868e+01   -0.000000e+00   -0.000000e+00   2.229356e+02   1.862624e-07   1.192166e-01
6.480000e+01   -1.662688e+01   -0.000000e+00   -0.000000e+00   2.225157e+02   1.838574e-07   1.174557e-01
6.490000e+01   -1.592604e+01   -0.000000e+00   -0.000000e+00   2.221021e+02   1.814796e-07   1.157212e-01
6.500000e+01   -1.465564e+01   -0.000000e+00   -0.000000e+00   2.216949e+02   1.791289e-07   1.140128e-01
6.510000e+01   -1.232886e+01   -0.000000e+00   -0.000000e+00   2.212946e+02   1.768050e-07   1.123305e-01
6.520000e+01   -9.621266e+00   -0.000000e+00   -0.000000e+00   2.209015e+02   1.745076e-07   1.106740e-01
6.530000e+01   -7.270650e+00   -0.000000e+00   -0.000000e+00   2.205160e+02   1.722366e-07   1.090431e-01
6.540000e+01   -6.014827e+00   -0.000000e+00   -0.000000e+00   2.201384e+02   1.699918e-07   1.074376e-01
6.550000e+01   -6.149918e+00   -0.000000e+00   -0.000000e+00   2.197691e+02   1.677729e-07   1.058573e-01
6.560000e+01   -6.616312e+00   -0.000000e+00   -0.000000e+00   2.194084e+02   1.655797e-07   1.043020e-01
6.570000e+01   -7.273894e+00   -0.000000e+00   -0.000000e+00   2.190563e+02   1.634122e-07   1.027715e-01
6.580000e+01   -8.077907e+00   -0.000000e+00   -0.000000e+00   2.187115e+02   1.612710e-07   1.012652e-01
6.590000e+01   -8.983497e+00   -0.000000e+00   -0.000000e+00   2.183728e+02   1.591565e-07   9.978273e-02
6.600000e+01   -1.011933e+01   -0.000000e+00   -0.000000e+00   2.180389e+02   1.570693e-07   9.832355e-02
6.610000e+01   -1.195540e+01   -0.000000e+00   -0.000000e+00   2.177084e+02   1.550096e-07   9.688718e-02
6.620000e+01   -1.424419e+01   -0.000000e+00   -0.000000e+00   2.173801e+02   1.529780e-07   9.547312e-02
6.630000e+01   -1.667401e+01   -0.000000e+00   -0.000000e+00   2.170525e+02   1.509747e-07   9.408087e-02
6.640000e+01   -1.893317e+01   -0.000000e+00   -0.000000e+00   2.167245e+02   1.489999e-07   9.270996e-02
6.650000e+01   -2.089893e+01   -0.000000e+00   -0.000000e+00   2.163946e+02   1.470540e-07   9.135989e-02
6.660000e+01   -2.303951e+01   -0.000000e+00   -0.000000e+00   2.160616e+02   1.451370e-07   9.003016e-02
6.670000e+01   -2.513470e+01   -0.000000e+00   -0.000000e+00   2.157241e+02   1.432491e-07   8.872029e-02
6.680000e+01   -2.688052e+01   -0.000000e+00   -0.000000e+00   2.153808e+02   1.413904e-07   8.742978e-02
6.690000e+01   -2.797299e+01   -0.000000e+00   -0.000000e+00   2.150304e+02   1.395610e-07   8.615815e-02
6.700000e+01   -2.827317e+01   -0.000000e+00   -0.000000e+00   2.146716e+02   1.377608e-07   8.490489e-02
6.710000e+01   -2.837589e+01   -0.000000e+00   -0.000000e+00   2.143030e+02   1.359899e-07   8.366953e-02
6.720000e+01   -2.838698e+01   -0.000000e+00   -0.000000e+00   2.139234e+02   1.342481e-07   8.245156e-02
6.730000e+01   -2.832592e+01   -0.000000e+00   -0.000000e+00   2.135314e+02   1.325354e-07   8.125050e-02
6.740000e+01   -2.821216e+01   -0.000000e+00   -0.000000e+00   2.131257e+02   1.308516e-07   8.006586e-02
6.750000e+01   -2.797335e+01   -0.000000e+00   -0.000000e+00   2.127050e+02   1.291966e-07   7.889714e-02
6.760000e+01   -2.725876e+01   -0.000000e+00   -0.000000e+00   2.122679e+02   1.275702e-07   7.774385e-02
6.770000e+01   -2.629579e+01   -0.000000e+00   -0.000000e+00   2.118139e+02   1.259718e-07   7.660555e-02
6.780000e+01   -2.539028e+01   -0.000000e+00   -0.000000e+00   2.113457e+02   1.243991e-07   7.548197e-02
6.790000e+01   -2.484743e+01   -0.000000e+00   -0.000000e+00   2.108672e+02   1.228495e-07   7.437292e-02
6.800000e+01   -2.486437e+01   -0.000000e+00   -0.000000e+00   2.103822e+02   1.213203e-07   7.327820e-02
6.810000e+01   -2.497685e+01   -0.000000e+00   -0.000000e+00   2.098944e+02   1.198090e-07   7.219762e-02
6.820000e+01   -2.507195e+01   -0.000000e+00   -0.000000e+00   2.094078e+02   1.183133e-07   7.113098e-02
6.830000e+01   -2.513133e+01   -0.000000e+00   -0.000000e+00   2.089261e+02   1.168308e-07   7.007809e-02
6.840000e+01   -2.513664e+01   -0.000000e+00   -0.000000e+00   2.084531e+02   1.153592e-07   6.903874e-02
6.850000e+01   -2.505721e+01   -0.000000e+00   -0.000000e+00   2.079928e+02   1.138963e-07   6.801274e-02
6.860000e+01   -2.480455e+01   -0.000000e+00   -0.000000e+00   2.075487e+02   1.124402e-07   6.699990e-02
6.870000e+01   -2.438279e+01   -0.000000e+00   -0.000000e+00   2.071249e+02   1.109888e-07   6.600002e-02
6.880000e+01   -2.381403e+01   -0.000000e+00   -0.000000e+00   2.067251e+02   1.095403e-07   6.501290e-02
6.890000e+01   -2.312035e+01   -0.000000e+00   -0.000000e+00   2.063532e+02   1.080927e-07   6.403835e-02
6.900000e+01   -2.224110e+01   -0.000000e+00   -0.000000e+00   2.060129e+02   1.066445e-07   6.307616e-02
6.910000e+01   -2.067456e+01   -0.000000e+00   -0.000000e+00   2.057081e+02   1.051940e-07   6.212615e-02
6.920000e+01   -1.867014e+01   -0.000000e+00   -0.000000e+00   2.054425e+02   1.037396e-07   6.118812e-02
6.930000e+01   -1.663964e+01   -0.000000e+00   -0.000000e+00   2.052201e+02   1.022799e-07   6.026186e-02
6.940000e+01   -1.499485e+01   -0.000000e+00   -0.000000e+00   2.050446e+02   1.008137e-07   5.934719e-02
6.950000e+01   -1.406913e+01   -0.000000e+00   -0.000000e+00   2.049199e+02   9.933970e-08   5.844391e-02
6.960000e+01   -1.338961e+01   -0.000000e+00   -0.000000e+00   2.048497e+02   9.785690e-08   5.755182e-02
6.970000e+01   -1.273409e+01   -0.000000e+00   -0.000000e+00   2.048378e+02   9.636430e-08   5.667072e-02
6.980000e+01   -1.203129e+01   -0.000000e+00   -0.000000e+00   2.048858e+02   9.486224e-08   5.580045e-02
6.990000e+01   -1.121946e+01   -0.000000e+00   -0.000000e+00   2.049888e+02   9.335409e-08   5.494091e-02
7.000000e+01   -1.024764e+01   -0.000000e+00   -0.000000e+00   2.051409e+02   9.184357e-08   5.409203e-02
7.010000e+01   -9.176819e+00   -0.000000e+00   -0.000000e+00   2.053362e+02   9.033422e-08   5.325374e-02
7.020000e+01   -8.037217e+00   -0.000000e+00   -0.000000e+00   2.055688e+02   8.882938e-08   5.242594e-02
7.030000e+01   -6.836116e+00   -0.000000e+00   -0.000000e+00   2.058329e+02   8.733224e-08   5.160856e-02
7.040000e+01   -5.580806e+00   -0.000000e+00   -0.000000e+00   2.061226e+02   8.584574e-08   5.080152e-02
7.050000e+01   -4.280979e+00   -0.000000e+00   -0.000000e+00   2.064320e+02   8.437269e-08   5.000475e-02
7.060000e+01   -2.970263e+00   -0.000000e+00   -0.000000e+00   2.067553e+02   8.291565e-08   4.921817e-02
7.070000e+01   -1.650117e+00   -0.000000e+00   -0.000000e+00   2.070865e+02   8.147702e-08   4.844169e-02
7.080000e+01   -3.111367e-01   -0.000000e+00   -0.000000e+00   2.074198e+02   8.005902e-08   4.767524e-02
7.090000e+01   1.056084e+00   -0.000000e+00   -0.000000e+00   2.077494e+02   7.866369e-08   4.691875e-02
7.100000e+01   2.458374e+00   -0.000000e+00   -0.000000e+00   2.080692e+02   7.729289e-08   4.617212e-02
7.110000e+01   3.858198e+00   -0.000000e+00   -0.000000e+00   2.083736e+02   7.594833e-08   4.543528e-02
7.120000e+01   5.230342e+00   -0.000000e+00   -0.000000e+00   2.086565e+02   7.463157e-08   4.470816e-02
7.130000e+01   6.561780e+00   -0.000000e+00   -0.000000e+00   2.089121e+02   7.334401e-08   4.399068e-02
7.140000e+01   7.839486e+00   -0.000000e+00   -0.000000e+00   2.091346e+02   7.208694e-08   4.328275e-02
7.150000e+01   9.054237e+00   -0.000000e+00   -0.000000e+00   2.093180e+02   7.086153e-08   4.258430e-02
7.160000e+01   1.026405e+01   -0.000000e+00   -0.000000e+00   2.094565e+02   6.966883e-08   4.189525e-02
7.170000e+01   1.147327e+01   -0.000000e+00   -0.000000e+00   2.095442e+02   6.850980e-08   4.121552e-02
7.180000e+01   1.265635e+01   -0.000000e+00   -0.000000e+00   2.095753e+02   6.738531e-08   4.054504e-02
7.190000e+01   1.378795e+01   -0.000000e+00   -0.000000e+00   2.095439e+02   6.629614e-08   3.988371e-02
7.200000e+01   1.486373e+01   -0.000000e+00   -0.000000e+00   2.094477e+02   6.524188e-08   3.923146e-02
7.210000e+01   1.616506e+01   -0.000000e+00   -0.000000e+00   2.092891e+02   6.422070e-08   3.858816e-02
7.220000e+01   1.766784e+01   -0.000000e+00   -0.000000e+00   2.090707e+02   6.323078e-08   3.795369e-02
7.230000e+01   1.918556e+01   -0.000000e+00   -0.000000e+00   2.087950e+02   6.227036e-08   3.732793e-02
7.240000e+01   2.053168e+01   -0.000000e+00   -0.000000e+00   2.084648e+02   6.133782e-08   3.671077e-02
7.250000e+01   2.153077e+01   -0.000000e+00   -0.000000e+00   2.080827e+02   6.043158e-08   3.610209e-02
7.260000e+01   2.238340e+01   -0.000000e+00   -0.000000e+00   2.076513e+02   5.955016e-08   3.550177e-02
7.270000e+01   2.315939e+01   -0.000000e+00   -0.000000e+00   2.071732e+02   5.869215e-08   3.490969e-02
7.280000e+01   2.376061e+01   -0.000000e+00   -0.000000e+00   2.066511e+02   5.785618e-08   3.432574e-02
7.290000e+01   2.408889e+01   -0.000000e+00   -0.000000e+00   2.060876e+02   5.704096e-08   3.374979e-02
7.300000e+01   2.402789e+01   -0.000000e+00   -0.000000e+00   2.054853e+02   5.624525e-08   3.318172e-02
7.310000e+01   2.278369e+01   -0.000000e+00   -0.000000e+00   2.048468e+02   5.546785e-08   3.262143e-02
7.320000e+01   2.035685e+01   -0.000000e+00   -0.000000e+00   2.041749e+02   5.470762e-08   3.206878e-02
7.330000e+01   1.727587e+01   -0.000000e+00   -0.000000e+00   2.034720e+02   5.396345e-08   3.152367e-02
7.340000e+01   1.406922e+01   -0.000000e+00   -0.000000e+00   2.027409e+02   5.323428e-08   3.098597e-02
7.350000e+01   1.125089e+01   -0.000000e+00   -0.000000e+00   2.019841e+02   5.251907e-08   3.045556e-02
7.360000e+01   8.328651e+00   -0.000000e+00   -0.000000e+00   2.012044e+02   5.181682e-08   2.993233e-02
7.370000e+01   5.156896e+00   -0.000000e+00   -0.000000e+00   2.004043e+02   5.112658e-08   2.941616e-02
7.380000e+01   2.195075e+00   -0.000000e+00   -0.000000e+00   1.995864e+02   5.044739e-08   2.890694e-02
7.390000e+01   -9.735583e-02   -0.000000e+00   -0.000000e+00   1.987534e+02   4.977836e-08   2.840453e-02
7.400000e+01   -1.268170e+00   -0.000000e+00   -0.000000e+00   1.979080e+02   4.911858e-08   2.790882e-02
7.410000e+01   -1.799168e+00   -0.000000e+00   -0.000000e+00   1.970527e+02   4.846721e-08   2.741971e-02
7.420000e+01   -2.195112e+00   -0.000000e+00   -0.000000e+00   1.961902e+02   4.782340e-08   2.693705e-02
7.430000e+01   -2.434358e+00   -0.000000e+00   -0.000000e+00   1.953231e+02   4.718633e-08   2.646075e-02
7.440000e+01   -2.496346e+00   -0.000000e+00   -0.000000e+00   1.944539e+02   4.655526e-08   2.599068e-02
7.450000e+01   -2.366964e+00   -0.000000e+00   -0.000000e+00   1.935837e+02   4.592984e-08   2.552678e-02
7.460000e+01   -1.488446e+00   -0.000000e+00   -0.000000e+00   1.927130e+02   4.530994e-08   2.506899e-02
7.470000e+01   2.823115e-01   -0.000000e+00   -0.000000e+00   1.918424e+02   4.469542e-08   2.461727e-02
7.480000e+01   2.541998e+00   -0.000000e+00   -0.000000e+00   1.909722e+02   4.408615e-08   2.417156e-02
7.490000e+01   4.887302e+00   -0.000000e+00   -0.000000e+00   1.901030e+02   4.348201e-08   2.373182e-02
7.500000e+01   6.915511e+00   -0.000000e+00   -0.000000e+00   1.892354e+02   4.288287e-08   2.329799e-02
7.510000e+01   8.824688e+00   -0.000000e+00   -0.000000e+00   1.883697e+02   4.228861e-08   2.287003e-02
7.520000e+01   1.085240e+01   -0.000000e+00   -0.000000e+00   1.875064e+02   4.169911e-08   2.244788e-02
7.530000e+01   1.275952e+01   -0.000000e+00   -0.000000e+00   1.866461e+02   4.111428e-08   2.203150e-02
7.540000e+01   1.430689e+01   -0.000000e+00   -0.000000e+00   1.857893e+02   4.053399e-08   2.162083e-02
7.550000e+01   1.525537e+01   -0.000000e+00   -0.000000e+00   1.849364e+02   3.995815e-08   2.121583e-02
7.560000e+01   1.581672e+01   -0.000000e+00   -0.000000e+00   1.840879e+02   3.938665e-08   2.081645e-02
7.570000e+01   1.636229e+01   -0.000000e+00   -0.000000e+00   1.832443e+02   3.881939e-08   2.042263e-02
7.580000e+01   1.689236e+01   -0.000000e+00   -0.000000e+00   1.824062e+02   3.825629e-08   2.003433e-02
7.590000e+01   1.740719e+01   -0.000000e+00   -0.000000e+00   1.815739e+02   3.769726e-08   1.965149e-02
7.600000e+01   1.790706e+01   -0.000000e+00   -0.000000e+00   1.807480e+02   3.714220e-08   1.927407e-02
7.610000e+01   1.843054e+01   -0.000000e+00   -0.000000e+00   1.799290e+02   3.659103e-08   1.890202e-02
7.620000e+01   1.900164e+01   -0.000000e+00   -0.000000e+00   1.791174e+02   3.604369e-08   1.853529e-02
7.630000e+01   1.958993e+01   -0.000000e+00   -0.000000e+00   1.783136e+02   3.550008e-08   1.817382e-02
7.640000e+01   2.016487e+01   -0.000000e+00   -0.000000e+00   1.775182e+02   3.496015e-08   1.781757e-02
7.650000e+01   2.069595e+01   -0.000000e+00   -0.000000e+00   1.767316e+02   3.442382e-08   1.746649e-02
7.660000e+01   2.118252e+01   -0.000000e+00   -0.000000e+00   1.759543e+02   3.389102e-08   1.712052e-02
7.670000e+01   2.165106e+01   -0.000000e+00   -0.000000e+00   1.751869e+02   3.336171e-08   1.677962e-02
7.680000e+01   2.210088e+01   -0.000000e+00   -0.000000e+00   1.744297e+02   3.283581e-08   1.644374e-02
7.690000e+01   2.253115e+01   -0.000000e+00   -0.000000e+00   1.736834e+02   3.231329e-08   1.611283e-02
7.700000e+01   2.294104e+01   -0.000000e+00   -0.000000e+00   1.729483e+02   3.179408e-08   1.578683e-02
7.710000e+01   2.344702e+01   -0.000000e+00   -0.000000e+00   1.722250e+02   3.127815e-08   1.546571e-02
7.720000e+01   2.412171e+01   -0.000000e+00   -0.000000e+00   1.715140e+02   3.076545e-08   1.514940e-02
7.730000e+01   2.480446e+01   -0.000000e+00   -0.000000e+00   1.708157e+02   3.025596e-08   1.483786e-02
7.740000e+01   2.534192e+01   -0.000000e+00   -0.000000e+00   1.701293e+02   2.974988e-08   1.453104e-02
7.750000e+01   2.558924e+01   -0.000000e+00   -0.000000e+00   1.694530e+02   2.924762e-08   1.422893e-02
7.760000e+01   2.550066e+01   -0.000000e+00   -0.000000e+00   1.687847e+02   2.874958e-08   1.393147e-02
7.770000e+01   2.522531e+01   -0.000000e+00   -0.000000e+00   1.681225e+02   2.825614e-08   1.363864e-02
7.780000e+01   2.484727e+01   -0.000000e+00   -0.000000e+00   1.674645e+02   2.776766e-08   1.335040e-02
7.790000e+01   2.444891e+01   -0.000000e+00   -0.000000e+00   1.668087e+02   2.728450e-08   1.306673e-02
7.800000e+01   2.411263e+01   -0.000000e+00   -0.000000e+00   1.661531e+02   2.680697e-08   1.278759e-02
7.810000e+01   2.402421e+01   -0.000000e+00   -0.000000e+00   1.654958e+02   2.633539e-08   1.251293e-02
7.820000e+01   2.426135e+01   -0.000000e+00   -0.000000e+00   1.648349e+02   2.587005e-08   1.224275e-02
7.830000e+01   2.456421e+01   -0.000000e+00   -0.000000e+00   1.641684e+02   2.541122e-08   1.197698e-02
7.840000e+01   2.466724e+01   -0.000000e+00   -0.000000e+00   1.634943e+02   2.495917e-08   1.171562e-02
7.850000e+01   2.430485e+01   -0.000000e+00   -0.000000e+00   1.628107e+02   2.451415e-08   1.145862e-02
7.860000e+01   2.307332e+01   -0.000000e+00   -0.000000e+00   1.621157e+02   2.407637e-08   1.120594e-02
7.870000e+01   2.086776e+01   -0.000000e+00   -0.000000e+00   1.614072e+02   2.364606e-08   1.095756e-02
7.880000e+01   1.823366e+01   -0.000000e+00   -0.000000e+00   1.606834e+02   2.322341e-08   1.071345e-02
7.890000e+01   1.573066e+01   -0.000000e+00   -0.000000e+00   1.599422e+02   2.280862e-08   1.047356e-02
7.900000e+01   1.391839e+01   -0.000000e+00   -0.000000e+00   1.591817e+02   2.240186e-08   1.023787e-02
7.910000e+01   1.298176e+01   -0.000000e+00   -0.000000e+00   1.584000e+02   2.200329e-08   1.000634e-02
7.920000e+01   1.230616e+01   -0.000000e+00   -0.000000e+00   1.575952e+02   2.161308e-08   9.778945e-03
7.930000e+01   1.182860e+01   -0.000000e+00   -0.000000e+00   1.567652e+02   2.123137e-08   9.555644e-03
7.940000e+01   1.151540e+01   -0.000000e+00   -0.000000e+00   1.559081e+02   2.085829e-08   9.336406e-03
7.950000e+01   1.133291e+01   -0.000000e+00   -0.000000e+00   1.550219e+02   2.049399e-08   9.121198e-03
7.960000e+01   1.128148e+01   -0.000000e+00   -0.000000e+00   1.541056e+02   2.013847e-08   8.909991e-03
7.970000e+01   1.140734e+01   -0.000000e+00   -0.000000e+00   1.531641e+02   1.979105e-08   8.702781e-03
7.980000e+01   1.166509e+01   -0.000000e+00   -0.000000e+00   1.522054e+02   1.945069e-08   8.499578e-03
7.990000e+01   1.200466e+01   -0.000000e+00   -0.000000e+00   1.512374e+02   1.911643e-08   8.300391e-03
8.000000e+01   1.237596e+01   -0.000000e+00   -0.000000e+00   1.502683e+02   1.878736e-08   8.105230e-03
8.010000e+01   1.272307e+01   -0.000000e+00   -0.000000e+00   1.493058e+02   1.846260e-08   7.914105e-03
8.020000e+01   1.299395e+01   -0.000000e+00   -0.000000e+00   1.483580e+02   1.814132e-08   7.727024e-03
8.030000e+01   1.316804e+01   0.000000e+00   0.000000e+00   1.474328e+02   1.782276e-08   7.543997e-03
8.040000e+01   1.322632e+01   0.000000e+00   0.000000e+00   1.465383e+02   1.750618e-08   7.365034e-03
8.050000e+01   1.314976e+01   0.000000e+00   0.000000e+00   1.456823e+02   1.719089e-08   7.190144e-03
8.060000e+01   1.275136e+01   0.000000e+00   0.000000e+00   1.448729e+02   1.687628e-08   7.019337e-03
8.070000e+01   1.162664e+01   0.000000e+00   0.000000e+00   1.441180e+02   1.656175e-08   6.852623e-03
8.080000e+01   1.005469e+01   0.000000e+00   0.000000e+00   1.434256e+02   1.624680e-08   6.690009e-03
8.090000e+01   8.363081e+00   0.000000e+00   0.000000e+00   1.428036e+02   1.593095e-08   6.531508e-03
8.100000e+01   6.883009e+00   0.000000e+00   0.000000e+00   1.422579e+02   1.561401e-08   6.377101e-03
8.110000e+01   5.730828e+00   0.000000e+00   0.000000e+00   1.417888e+02   1.529623e-08   6.226711e-03
8.120000e+01   4.401529e+00   0.000000e+00   0.000000e+00   1.413959e+02   1.497795e-08   6.080249e-03
8.130000e+01   3.098136e+00   0.000000e+00   0.000000e+00   1.410786e+02   1.465951e-08   5.937627e-03
8.140000e+01   2.097290e+00   0.000000e+00   0.000000e+00   1.408365e+02   1.434126e-08   5.798757e-03
8.150000e+01   1.675634e+00   0.000000e+00   0.000000e+00   1.406692e+02   1.402353e-08   5.663550e-03
8.160000e+01   2.506557e+00   0.000000e+00   0.000000e+00   1.405762e+02   1.370666e-08   5.531918e-03
8.170000e+01   5.797958e+00   0.000000e+00   0.000000e+00   1.405570e+02   1.339097e-08   5.403772e-03
8.180000e+01   1.040639e+01   0.000000e+00   0.000000e+00   1.406112e+02   1.307680e-08   5.279024e-03
8.190000e+01   1.496834e+01   0.000000e+00   0.000000e+00   1.407383e+02   1.276444e-08   5.157587e-03
8.200000e+01   1.812028e+01   0.000000e+00   0.000000e+00   1.409378e+02   1.245421e-08   5.039370e-03
8.210000e+01   1.904846e+01   0.000000e+00   0.000000e+00   1.412094e+02   1.214640e-08   4.924287e-03
8.220000e+01   1.948790e+01   0.000000e+00   0.000000e+00   1.415524e+02   1.184127e-08   4.812249e-03
8.230000e+01   1.968893e+01   0.000000e+00   0.000000e+00   1.419665e+02   1.153910e-08   4.703167e-03
8.240000e+01   1.962211e+01   0.000000e+00   0.000000e+00   1.424513e+02   1.124013e-08   4.596954e-03
8.250000e+01   1.925804e+01   0.000000e+00   0.000000e+00   1.430061e+02   1.094459e-08   4.493520e-03
8.260000e+01   1.857274e+01   0.000000e+00   0.000000e+00   1.436307e+02   1.065270e-08   4.392777e-03
8.270000e+01   1.760840e+01   0.000000e+00   0.000000e+00   1.443244e+02   1.036465e-08   4.294638e-03
8.280000e+01   1.644530e+01   0.000000e+00   0.000000e+00   1.450869e+02   1.008061e-08   4.199014e-03
8.290000e+01   1.516348e+01   0.000000e+00   0.000000e+00   1.459177e+02   9.800745e-09   4.105816e-03
8.300000e+01   1.384300e+01   0.000000e+00   0.000000e+00   1.468163e+02   9.525198e-09   4.014956e-03
8.310000e+01   1.262481e+01   0.000000e+00   0.000000e+00   1.477821e+02   9.254104e-09   3.926347e-03
8.320000e+01   1.181524e+01   0.000000e+00   0.000000e+00   1.488112e+02   8.987822e-09   3.839922e-03
8.330000e+01   1.120045e+01   0.000000e+00   0.000000e+00   1.498971e+02   8.726848e-09   3.755632e-03
8.340000e+01   1.049035e+01   0.000000e+00   0.000000e+00   1.510334e+02   8.471612e-09   3.673426e-03
8.350000e+01   9.394855e+00   0.000000e+00   0.000000e+00   1.522135e+02   8.222475e-09   3.593255e-03
8.360000e+01   7.644674e+00   0.000000e+00   0.000000e+00   1.534309e+02   7.979736e-09   3.515068e-03
8.370000e+01   5.255310e+00   0.000000e+00   0.000000e+00   1.546792e+02   7.743632e-09   3.438816e-03
8.380000e+01   2.395695e+00   0.000000e+00   0.000000e+00   1.559518e+02   7.514347e-09   3.364450e-03
8.390000e+01   -7.709130e-01   0.000000e+00   0.000000e+00   1.572423e+02   7.292011e-09   3.291918e-03
8.400000e+01   -4.081259e+00   0.000000e+00   0.000000e+00   1.585440e+02   7.076712e-09   3.221172e-03
8.410000e+01   -7.441228e+00   0.000000e+00   0.000000e+00   1.598507e+02   6.868494e-09   3.152161e-03
8.420000e+01   -1.121251e+01   0.000000e+00   0.000000e+00   1.611556e+02   6.667365e-09   3.084835e-03
8.430000e+01   -1.528345e+01   0.000000e+00   0.000000e+00   1.624523e+02   6.473299e-09   3.019145e-03
8.440000e+01   -1.942040e+01   0.000000e+00   0.000000e+00   1.637344e+02   6.286244e-09   2.955042e-03
8.450000e+01   -2.338970e+01   0.000000e+00   0.000000e+00   1.649953e+02   6.106122e-09   2.892474e-03
8.460000e+01   -2.697362e+01   0.000000e+00   0.000000e+00   1.662285e+02   5.932833e-09   2.831392e-03
8.470000e+01   -3.021167e+01   0.000000e+00   0.000000e+00   1.674275e+02   5.766262e-09   2.771747e-03
8.480000e+01   -3.326811e+01   0.000000e+00   0.000000e+00   1.685859e+02   5.606275e-09   2.713488e-03
8.490000e+01   -3.629446e+01   0.000000e+00   0.000000e+00   1.696970e+02   5.452731e-09   2.656566e-03
8.500000e+01   -3.944227e+01   0.000000e+00   0.000000e+00   1.707545e+02   5.305476e-09   2.600931e-03
8.510000e+01   -4.287403e+01   0.000000e+00   0.000000e+00   1.717517e+02   5.164351e-09   2.546532e-03
8.520000e+01   -4.675779e+01   0.000000e+00   0.000000e+00   1.726823e+02   5.029191e-09   2.493321e-03
8.530000e+01   -5.096924e+01   0.000000e+00   0.000000e+00   1.735396e+02   4.899827e-09   2.441247e-03
8.540000e+01   -5.532933e+01   0.000000e+00   0.000000e+00   1.743173e+02   4.776089e-09   2.390260e-03
8.550000e+01   -5.966310e+01   0.000000e+00   0.000000e+00   1.750126e+02   4.657728e-09   2.340322e-03
8.560000e+01   -6.386297e+01   0.000000e+00   0.000000e+00   1.756294e+02   4.544372e-09   2.291413e-03
8.570000e+01   -6.844827e+01   0.000000e+00   0.000000e+00   1.761722e+02   4.435668e-09   2.243514e-03
8.580000e+01   -7.319734e+01   0.000000e+00   0.000000e+00   1.766456e+02   4.331288e-09   2.196607e-03
8.590000e+01   -7.762471e+01   0.000000e+00   0.000000e+00   1.770543e+02   4.230930e-09   2.150674e-03
8.600000e+01   -8.124489e+01   0.000000e+00   0.000000e+00   1.774027e+02   4.134314e-09   2.105698e-03
8.610000e+01   -8.364096e+01   0.000000e+00   0.000000e+00   1.776954e+02   4.041182e-09   2.061659e-03
8.620000e+01   -8.552364e+01   0.000000e+00   0.000000e+00   1.779370e+02   3.951291e-09   2.018541e-03
8.630000e+01   -8.715481e+01   0.000000e+00   0.000000e+00   1.781320e+02   3.864416e-09   1.976324e-03
8.640000e+01   -8.845646e+01   0.000000e+00   0.000000e+00   1.782851e+02   3.780348e-09   1.934992e-03
8.650000e+01   -8.935061e+01   0.000000e+00   0.000000e+00   1.784007e+02   3.698890e-09   1.894525e-03
8.660000e+01   -8.976975e+01   0.000000e+00   0.000000e+00   1.784835e+02   3.619858e-09   1.854906e-03
8.670000e+01   -8.987136e+01   0.000000e+00   0.000000e+00   1.785380e+02   3.543078e-09   1.816117e-03
8.680000e+01   -8.975977e+01   0.000000e+00   0.000000e+00   1.785688e+02   3.468389e-09   1.778139e-03
8.690000e+01   -8.947015e+01   0.000000e+00   0.000000e+00   1.785804e+02   3.395638e-09   1.740955e-03
8.700000e+01   -8.903763e+01   0.000000e+00   0.000000e+00   1.785774e+02   3.324680e-09   1.704546e-03
8.710000e+01   -8.849116e+01   0.000000e+00   0.000000e+00   1.785644e+02   3.255380e-09   1.668895e-03
8.720000e+01   -8.770800e+01   0.000000e+00   0.000000e+00   1.785460e+02   3.187609e-09   1.633983e-03
8.730000e+01   -8.664586e+01   0.000000e+00   0.000000e+00   1.785266e+02   3.121247e-09   1.599792e-03
8.740000e+01   -8.532835e+01   0.000000e+00   0.000000e+00   1.785109e+02   3.056180e-09   1.566304e-03
8.750000e+01   -8.377914e+01   0.000000e+00   0.000000e+00   1.785035e+02   2.992300e-09   1.533502e-03
8.760000e+01   -8.200548e+01   0.000000e+00   0.000000e+00   1.785089e+02   2.929506e-09   1.501366e-03
8.770000e+01   -7.956633e+01   0.000000e+00   0.000000e+00   1.785316e+02   2.867703e-09   1.469879e-03
8.780000e+01   -7.650324e+01   0.000000e+00   0.000000e+00   1.785760e+02   2.806807e-09   1.439024e-03
8.790000e+01   -7.315354e+01   0.000000e+00   0.000000e+00   1.786431e+02   2.746797e-09   1.408786e-03
8.800000e+01   -6.985508e+01   0.000000e+00   0.000000e+00   1.787313e+02   2.687696e-09   1.379156e-03
8.810000e+01   -6.693942e+01   0.000000e+00   0.000000e+00   1.788394e+02   2.629526e-09   1.350122e-03
8.820000e+01   -6.435611e+01   0.000000e+00   0.000000e+00   1.789658e+02   2.572305e-09   1.321676e-03
8.830000e+01   -6.189509e+01   0.000000e+00   0.000000e+00   1.791091e+02   2.516049e-09   1.293806e-03
8.840000e+01   -5.945155e+01   0.000000e+00   0.000000e+00   1.792679e+02   2.460771e-09   1.266502e-03
8.850000e+01   -5.692069e+01   0.000000e+00   0.000000e+00   1.794406e+02   2.406482e-09   1.239754e-03
8.860000e+01   -5.419846e+01   0.000000e+00   0.000000e+00   1.796258e+02   2.353191e-09   1.213552e-03
8.870000e+01   -5.126756e+01   0.000000e+00   0.000000e+00   1.798221e+02   2.300906e-09   1.187884e-03
8.880000e+01   -4.819524e+01   0.000000e+00   0.000000e+00   1.800280e+02   2.249630e-09   1.162742e-03
8.890000e+01   -4.503612e+01   0.000000e+00   0.000000e+00   1.802421e+02   2.199366e-09   1.138115e-03
8.900000e+01   -4.184483e+01   0.000000e+00   0.000000e+00   1.804628e+02   2.150115e-09   1.113991e-03
8.910000e+01   -3.867548e+01   0.000000e+00   0.000000e+00   1.806889e+02   2.101875e-09   1.090362e-03
8.920000e+01   -3.551382e+01   0.000000e+00   0.000000e+00   1.809187e+02   2.054644e-09   1.067216e-03
8.930000e+01   -3.233625e+01   0.000000e+00   0.000000e+00   1.811509e+02   2.008417e-09   1.044544e-03
8.940000e+01   -2.915484e+01   0.000000e+00   0.000000e+00   1.813839e+02   1.963188e-09   1.022335e-03
8.950000e+01   -2.598161e+01   0.000000e+00   0.000000e+00   1.816164e+02   1.918949e-09   1.000578e-03
8.960000e+01   -2.282850e+01   0.000000e+00   0.000000e+00   1.818469e+02   1.875692e-09   9.792640e-04
8.970000e+01   -1.967663e+01   0.000000e+00   0.000000e+00   1.820740e+02   1.833405e-09   9.583822e-04
8.980000e+01   -1.652753e+01   0.000000e+00   0.000000e+00   1.822961e+02   1.792079e-09   9.379221e-04
8.990000e+01   -1.341218e+01   0.000000e+00   0.000000e+00   1.825118e+02   1.751699e-09   9.178736e-04
9.000000e+01   -1.036159e+01   0.000000e+00   0.000000e+00   1.827197e+02   1.712253e-09   8.982264e-04
9.010000e+01   -7.406739e+00   0.000000e+00   0.000000e+00   1.829184e+02   1.673726e-09   8.789700e-04
9.020000e+01   -4.579145e+00   0.000000e+00   0.000000e+00   1.831078e+02   1.636094e-09   8.600969e-04
9.030000e+01   -1.858611e+00   0.000000e+00   0.000000e+00   1.832907e+02   1.599319e-09   8.416038e-04
9.040000e+01   7.987872e-01   0.000000e+00   0.000000e+00   1.834697e+02   1.563365e-09   8.234876e-04
9.050000e+01   3.436974e+00   0.000000e+00   0.000000e+00   1.836479e+02   1.528198e-09   8.057456e-04
9.060000e+01   6.099875e+00   0.000000e+00   0.000000e+00   1.838281e+02   1.493787e-09   7.883750e-04
9.070000e+01   9.052763e+00   0.000000e+00   0.000000e+00   1.840131e+02   1.460102e-09   7.713727e-04
9.080000e+01   1.226135e+01   0.000000e+00   0.000000e+00   1.842057e+02   1.427117e-09   7.547360e-04
9.090000e+01   1.532023e+01   0.000000e+00   0.000000e+00   1.844089e+02   1.394806e-09   7.384619e-04
9.100000e+01   1.782398e+01   0.000000e+00   0.000000e+00   1.846254e+02   1.363147e-09   7.225476e-04
9.110000e+01   1.936718e+01   0.000000e+00   0.000000e+00   1.848583e+02   1.332116e-09   7.069902e-04
9.120000e+01   2.020110e+01   0.000000e+00   0.000000e+00   1.851102e+02   1.301696e-09   6.917868e-04
9.130000e+01   2.092444e+01   0.000000e+00   0.000000e+00   1.853840e+02   1.271868e-09   6.769346e-04
9.140000e+01   2.152972e+01   0.000000e+00   0.000000e+00   1.856827e+02   1.242615e-09   6.624307e-04
9.150000e+01   2.200878e+01   0.000000e+00   0.000000e+00   1.860090e+02   1.213923e-09   6.482722e-04
9.160000e+01   2.235345e+01   0.000000e+00   0.000000e+00   1.863659e+02   1.185776e-09   6.344562e-04
9.170000e+01   2.245072e+01   0.000000e+00   0.000000e+00   1.867562e+02   1.158164e-09   6.209799e-04
9.180000e+01   2.220614e+01   0.000000e+00   0.000000e+00   1.871827e+02   1.131075e-09   6.078403e-04
9.190000e+01   2.168963e+01   0.000000e+00   0.000000e+00   1.876483e+02   1.104499e-09   5.950346e-04
9.200000e+01   2.097167e+01   0.000000e+00   0.000000e+00   1.881558e+02   1.078427e-09   5.825599e-04
9.210000e+01   2.012277e+01   0.000000e+00   0.000000e+00   1.887081e+02   1.052851e-09   5.704134e-04
9.220000e+01   1.910339e+01   0.000000e+00   0.000000e+00   1.893081e+02   1.027763e-09   5.585922e-04
9.230000e+01   1.780440e+01   0.000000e+00   0.000000e+00   1.899587e+02   1.003159e-09   5.470933e-04
9.240000e+01   1.626295e+01   0.000000e+00   0.000000e+00   1.906626e+02   9.790327e-10   5.359139e-04
9.250000e+01   1.451991e+01   0.000000e+00   0.000000e+00   1.914213e+02   9.553846e-10   5.250503e-04
9.260000e+01   1.262441e+01   0.000000e+00   0.000000e+00   1.922316e+02   9.322325e-10   5.144952e-04
9.270000e+01   1.047518e+01   0.000000e+00   0.000000e+00   1.930891e+02   9.095951e-10   5.042411e-04
9.280000e+01   7.975027e+00   0.000000e+00   0.000000e+00   1.939896e+02   8.874878e-10   4.942801e-04
9.290000e+01   5.345230e+00   0.000000e+00   0.000000e+00   1.949287e+02   8.659231e-10   4.846045e-04
9.300000e+01   2.811175e+00   0.000000e+00   0.000000e+00   1.959021e+02   8.449109e-10   4.752066e-04
9.310000e+01   5.982506e-01   0.000000e+00   0.000000e+00   1.969057e+02   8.244581e-10   4.660786e-04
9.320000e+01   -1.290473e+00   0.000000e+00   0.000000e+00   1.979350e+02   8.045694e-10   4.572128e-04
9.330000e+01   -3.162697e+00   0.000000e+00   0.000000e+00   1.989857e+02   7.852473e-10   4.486015e-04
9.340000e+01   -5.022305e+00   0.000000e+00   0.000000e+00   2.000537e+02   7.664919e-10   4.402369e-04
9.350000e+01   -6.865310e+00   0.000000e+00   0.000000e+00   2.011345e+02   7.483017e-10   4.321114e-04
9.360000e+01   -8.687727e+00   0.000000e+00   0.000000e+00   2.022239e+02   7.306732e-10   4.242170e-04
9.370000e+01   -1.048546e+01   0.000000e+00   0.000000e+00   2.033176e+02   7.136015e-10   4.165462e-04
9.380000e+01   -1.226890e+01   0.000000e+00   0.000000e+00   2.044113e+02   6.970802e-10   4.090912e-04
9.390000e+01   -1.406097e+01   0.000000e+00   0.000000e+00   2.055008e+02   6.811015e-10   4.018441e-04
9.400000e+01   -1.588478e+01   0.000000e+00   0.000000e+00   2.065816e+02   6.656568e-10   3.947974e-04
9.410000e+01   -1.776343e+01   0.000000e+00   0.000000e+00   2.076495e+02   6.507363e-10   3.879433e-04
9.420000e+01   -1.984391e+01   0.000000e+00   0.000000e+00   2.087003e+02   6.363292e-10   3.812740e-04
9.430000e+01   -2.233148e+01   0.000000e+00   0.000000e+00   2.097295e+02   6.224243e-10   3.747818e-04
9.440000e+01   -2.506247e+01   0.000000e+00   0.000000e+00   2.107330e+02   6.090096e-10   3.684589e-04
9.450000e+01   -2.785997e+01   0.000000e+00   0.000000e+00   2.117065e+02   5.960725e-10   3.622977e-04
9.460000e+01   -3.054704e+01   0.000000e+00   0.000000e+00   2.126455e+02   5.836001e-10   3.562903e-04
9.470000e+01   -3.300578e+01   0.000000e+00   0.000000e+00   2.135459e+02   5.715792e-10   3.504291e-04
9.480000e+01   -3.533430e+01   0.000000e+00   0.000000e+00   2.144034e+02   5.599962e-10   3.447062e-04
9.490000e+01   -3.760483e+01   0.000000e+00   0.000000e+00   2.152136e+02   5.488374e-10   3.391141e-04
9.500000e+01   -3.988468e+01   0.000000e+00   0.000000e+00   2.159723e+02   5.380889e-10   3.336449e-04
9.510000e+01   -4.224117e+01   0.000000e+00   0.000000e+00   2.166751e+02   5.277367e-10   3.282908e-04
9.520000e+01   -4.479548e+01   0.000000e+00   0.000000e+00   2.173180e+02   5.177667e-10   3.230443e-04
9.530000e+01   -4.766038e+01   0.000000e+00   0.000000e+00   2.178998e+02   5.081616e-10   3.179003e-04
9.540000e+01   -5.068766e+01   0.000000e+00   0.000000e+00   2.184233e+02   4.989009e-10   3.128568e-04
9.550000e+01   -5.371589e+01   0.000000e+00   0.000000e+00   2.188913e+02   4.899654e-10   3.079117e-04
9.560000e+01   -5.658367e+01   0.000000e+00   0.000000e+00   2.193066e+02   4.813369e-10   3.030632e-04
9.570000e+01   -5.916520e+01   0.000000e+00   0.000000e+00   2.196721e+02   4.729984e-10   2.983093e-04
9.580000e+01   -6.153867e+01   0.000000e+00   0.000000e+00   2.199905e+02   4.649336e-10   2.936482e-04
9.590000e+01   -6.381416e+01   0.000000e+00   0.000000e+00   2.202648e+02   4.571272e-10   2.890777e-04
9.600000e+01   -6.609779e+01   0.000000e+00   0.000000e+00   2.204978e+02   4.495648e-10   2.845961e-04
9.610000e+01   -6.849567e+01   0.000000e+00   0.000000e+00   2.206923e+02   4.422327e-10   2.802014e-04
9.620000e+01   -7.117144e+01   0.000000e+00   0.000000e+00   2.208511e+02   4.351176e-10   2.758916e-04
9.630000e+01   -7.427588e+01   0.000000e+00   0.000000e+00   2.209771e+02   4.282072e-10   2.716649e-04
9.640000e+01   -7.757098e+01   0.000000e+00   0.000000e+00   2.210730e+02   4.214896e-10   2.675192e-04
9.650000e+01   -8.079110e+01   0.000000e+00   0.000000e+00   2.211419e+02   4.149535e-10   2.634527e-04
9.660000e+01   -8.367062e+01   0.000000e+00   0.000000e+00   2.211863e+02   4.085879e-10   2.594634e-04
9.670000e+01   -8.602245e+01   0.000000e+00   0.000000e+00   2.212093e+02   4.023825e-10   2.555494e-04
9.680000e+01   -8.805794e+01   0.000000e+00   0.000000e+00   2.212137e+02   3.963273e-10   2.517088e-04
9.690000e+01   -8.989787e+01   0.000000e+00   0.000000e+00   2.212022e+02   3.904127e-10   2.479395e-04
9.700000e+01   -9.163774e+01   0.000000e+00   0.000000e+00   2.211777e+02   3.846295e-10   2.442398e-04
9.710000e+01   -9.337305e+01   0.000000e+00   0.000000e+00   2.211431e+02   3.789688e-10   2.406076e-04
9.720000e+01   -9.517211e+01   0.000000e+00   0.000000e+00   2.211012e+02   3.734221e-10   2.370410e-04
9.730000e+01   -9.696440e+01   0.000000e+00   0.000000e+00   2.210548e+02   3.679810e-10   2.335380e-04
9.740000e+01   -9.873534e+01   0.000000e+00   0.000000e+00   2.210067e+02   3.626377e-10   2.300969e-04
9.750000e+01   -1.004832e+02   0.000000e+00   0.000000e+00   2.209598e+02   3.573844e-10   2.267155e-04
9.760000e+01   -1.022062e+02   0.000000e+00   0.000000e+00   2.209169e+02   3.522137e-10   2.233920e-04
9.770000e+01   -1.039976e+02   0.000000e+00   0.000000e+00   2.208809e+02   3.471185e-10   2.201245e-04
9.780000e+01   -1.061839e+02   0.000000e+00   0.000000e+00   2.208546e+02   3.420918e-10   2.169109e-04
9.790000e+01   -1.084148e+02   0.000000e+00   0.000000e+00   2.208408e+02   3.371269e-10   2.137495e-04
9.800000e+01   -1.102518e+02   0.000000e+00   0.000000e+00   2.208424e+02   3.322173e-10   2.106382e-04
9.810000e+01   -1.112562e+02   0.000000e+00   0.000000e+00   2.208621e+02   3.273569e-10   2.075750e-04
9.820000e+01   -1.110723e+02   0.000000e+00   0.000000e+00   2.209029e+02   3.225396e-10   2.045582e-04
9.830000e+01   -1.100644e+02   0.000000e+00   0.000000e+00   2.209676e+02   3.177597e-10   2.015857e-04
9.840000e+01   -1.086517e+02   0.000000e+00   0.000000e+00   2.210589e+02   3.130116e-10   1.986556e-04
9.850000e+01   -1.072037e+02   0.000000e+00   0.000000e+00   2.211796e+02   3.082902e-10   1.957660e-04
9.860000e+01   -1.060895e+02   0.000000e+00   0.000000e+00   2.213304e+02   3.035950e-10   1.929159e-04
9.870000e+01   -1.055775e+02   0.000000e+00   0.000000e+00   2.215097e+02   2.989291e-10   1.901049e-04
9.880000e+01   -1.052035e+02   0.000000e+00   0.000000e+00   2.217164e+02   2.942955e-10   1.873328e-04
9.890000e+01   -1.048299e+02   0.000000e+00   0.000000e+00   2.219490e+02   2.896971e-10   1.845991e-04
9.900000e+01   -1.044315e+02   0.000000e+00   0.000000e+00   2.222062e+02   2.851367e-10   1.819037e-04
9.910000e+01   -1.039833e+02   0.000000e+00   0.000000e+00   2.224866e+02   2.806168e-10   1.792462e-04
9.920000e+01   -1.034544e+02   0.000000e+00   0.000000e+00   2.227889e+02   2.761400e-10   1.766263e-04
9.930000e+01   -1.027844e+02   0.000000e+00   0.000000e+00   2.231117e+02   2.717086e-10   1.740436e-04
9.940000e+01   -1.019745e+02   0.000000e+00   0.000000e+00   2.234537e+02   2.673247e-10   1.714980e-04
9.950000e+01   -1.010381e+02   0.000000e+00   0.000000e+00   2.238134e+02   2.629904e-10   1.689890e-04
9.960000e+01   -9.998869e+01   0.000000e+00   0.000000e+00   2.241896e+02   2.587075e-10   1.665163e-04
9.970000e+01   -9.871469e+01   0.000000e+00   0.000000e+00   2.245808e+02   2.544778e-10   1.640797e-04
9.980000e+01   -9.623166e+01   0.000000e+00   0.000000e+00   2.249858e+02   2.503028e-10   1.616788e-04
9.990000e+01   -9.273110e+01   0.000000e+00   0.000000e+00   2.254031e+02   2.461841e-10   1.593134e-04
1.000000e+02   -8.871542e+01   0.000000e+00   0.000000e+00   2.258314e+02   2.421230e-10   1.569831e-04
1.001000e+02   -8.468700e+01   0.000000e+00   0.000000e+00   2.262694e+02   2.381207e-10   1.546876e-04
1.002000e+02   -8.104828e+01   0.000000e+00   0.000000e+00   2.267157e+02   2.341784e-10   1.524266e-04
1.003000e+02   -7.717318e+01   0.000000e+00   0.000000e+00   2.271688e+02   2.302969e-10   1.501997e-04
1.004000e+02   -7.314753e+01   0.000000e+00   0.000000e+00   2.276276e+02   2.264772e-10   1.480068e-04
1.005000e+02   -6.934699e+01   0.000000e+00   0.000000e+00   2.280905e+02   2.227200e-10   1.458474e-04
1.006000e+02   -6.614719e+01   0.000000e+00   0.000000e+00   2.285563e+02   2.190260e-10   1.437213e-04
1.007000e+02   -6.387618e+01   0.000000e+00   0.000000e+00   2.290236e+02   2.153957e-10   1.416282e-04
1.008000e+02   -6.213106e+01   0.000000e+00   0.000000e+00   2.294910e+02   2.118297e-10   1.395677e-04
1.009000e+02   -6.059841e+01   0.000000e+00   0.000000e+00   2.299572e+02   2.083282e-10   1.375395e-04
1.010000e+02   -5.911538e+01   0.000000e+00   0.000000e+00   2.304208e+02   2.048917e-10   1.355434e-04
1.011000e+02   -5.751911e+01   0.000000e+00   0.000000e+00   2.308805e+02   2.015202e-10   1.335790e-04
1.012000e+02   -5.565705e+01   0.000000e+00   0.000000e+00   2.313348e+02   1.982139e-10   1.316460e-04
1.013000e+02   -5.356744e+01   0.000000e+00   0.000000e+00   2.317825e+02   1.949729e-10   1.297440e-04
1.014000e+02   -5.126971e+01   0.000000e+00   0.000000e+00   2.322222e+02   1.917973e-10   1.278729e-04
1.015000e+02   -4.873851e+01   0.000000e+00   0.000000e+00   2.326525e+02   1.886869e-10   1.260323e-04
1.016000e+02   -4.594847e+01   0.000000e+00   0.000000e+00   2.330721e+02   1.856416e-10   1.242218e-04
1.017000e+02   -4.281885e+01   0.000000e+00   0.000000e+00   2.334796e+02   1.826612e-10   1.224412e-04
1.018000e+02   -3.846076e+01   0.000000e+00   0.000000e+00   2.338736e+02   1.797456e-10   1.206902e-04
1.019000e+02   -3.317836e+01   0.000000e+00   0.000000e+00   2.342529e+02   1.768945e-10   1.189684e-04
1.020000e+02   -2.776866e+01   0.000000e+00   0.000000e+00   2.346172e+02   1.741065e-10   1.172755e-04
1.021000e+02   -2.302901e+01   0.000000e+00   0.000000e+00   2.349679e+02   1.713793e-10   1.156110e-04
1.022000e+02   -1.971188e+01   0.000000e+00   0.000000e+00   2.353064e+02   1.687106e-10   1.139747e-04
1.023000e+02   -1.725159e+01   0.000000e+00   0.000000e+00   2.356339e+02   1.660982e-10   1.123660e-04
1.024000e+02   -1.509690e+01   0.000000e+00   0.000000e+00   2.359518e+02   1.635399e-10   1.107846e-04
1.025000e+02   -1.308778e+01   0.000000e+00   0.000000e+00   2.362615e+02   1.610337e-10   1.092301e-04
1.026000e+02   -1.106422e+01   0.000000e+00   0.000000e+00   2.365644e+02   1.585777e-10   1.077020e-04
1.027000e+02   -8.860841e+00   0.000000e+00   0.000000e+00   2.368617e+02   1.561699e-10   1.062000e-04
1.028000e+02   -6.260333e+00   0.000000e+00   0.000000e+00   2.371548e+02   1.538084e-10   1.047236e-04
1.029000e+02   -3.463031e+00   0.000000e+00   0.000000e+00   2.374451e+02   1.514917e-10   1.032724e-04
1.030000e+02   -8.084516e-01   0.000000e+00   0.000000e+00   2.377339e+02   1.492179e-10   1.018461e-04
1.031000e+02   1.363888e+00   0.000000e+00   0.000000e+00   2.380226e+02   1.469854e-10   1.004442e-04
1.032000e+02   2.729340e+00   0.000000e+00   0.000000e+00   2.383125e+02   1.447927e-10   9.906627e-05
1.033000e+02   3.710229e+00   0.000000e+00   0.000000e+00   2.386051e+02   1.426382e-10   9.771199e-05
1.034000e+02   4.642154e+00   0.000000e+00   0.000000e+00   2.389015e+02   1.405205e-10   9.638092e-05
1.035000e+02   5.528672e+00   0.000000e+00   0.000000e+00   2.392032e+02   1.384383e-10   9.507264e-05
1.036000e+02   6.373339e+00   0.000000e+00   0.000000e+00   2.395116e+02   1.363900e-10   9.378675e-05
1.037000e+02   7.172807e+00   0.000000e+00   0.000000e+00   2.398279e+02   1.343745e-10   9.252284e-05
1.038000e+02   7.523397e+00   0.000000e+00   0.000000e+00   2.401536e+02   1.323905e-10   9.128051e-05
1.039000e+02   7.427157e+00   0.000000e+00   0.000000e+00   2.404899e+02   1.304366e-10   9.005936e-05
1.040000e+02   7.219471e+00   0.000000e+00   0.000000e+00   2.408383e+02   1.285119e-10   8.885897e-05
1.041000e+02   7.235726e+00   0.000000e+00   0.000000e+00   2.412001e+02   1.266151e-10   8.767893e-05
1.042000e+02   7.812341e+00   0.000000e+00   0.000000e+00   2.415766e+02   1.247451e-10   8.651885e-05
1.043000e+02   9.266595e+00   0.000000e+00   0.000000e+00   2.419692e+02   1.229009e-10   8.537832e-05
1.044000e+02   1.141563e+01   0.000000e+00   0.000000e+00   2.423792e+02   1.210815e-10   8.425692e-05
1.045000e+02   1.389868e+01   0.000000e+00   0.000000e+00   2.428080e+02   1.192859e-10   8.315426e-05
1.046000e+02   1.635496e+01   0.000000e+00   0.000000e+00   2.432570e+02   1.175131e-10   8.206992e-05
1.047000e+02   1.842575e+01   0.000000e+00   0.000000e+00   2.437274e+02   1.157623e-10   8.100351e-05
1.048000e+02   2.030417e+01   0.000000e+00   0.000000e+00   2.442207e+02   1.140325e-10   7.995460e-05
1.049000e+02   2.219323e+01   0.000000e+00   0.000000e+00   2.447382e+02   1.123229e-10   7.892281e-05
1.050000e+02   2.392238e+01   0.000000e+00   0.000000e+00   2.452812e+02   1.106328e-10   7.790771e-05
1.051000e+02   2.532108e+01   0.000000e+00   0.000000e+00   2.458511e+02   1.089613e-10   7.690891e-05
1.052000e+02   2.621909e+01   0.000000e+00   0.000000e+00   2.464493e+02   1.073076e-10   7.592600e-05
1.053000e+02   2.676822e+01   0.000000e+00   0.000000e+00   2.470770e+02   1.056712e-10   7.495856e-05
1.054000e+02   2.720661e+01   0.000000e+00   0.000000e+00   2.477357e+02   1.040512e-10   7.400621e-05
1.055000e+02   2.754635e+01   0.000000e+00   0.000000e+00   2.484267e+02   1.024471e-10   7.306852e-05
1.056000e+02   2.779960e+01   0.000000e+00   0.000000e+00   2.491513e+02   1.008582e-10   7.214510e-05
1.057000e+02   2.797922e+01   0.000000e+00   0.000000e+00   2.499100e+02   9.928448e-11   7.123566e-05
1.058000e+02   2.791211e+01   0.000000e+00   0.000000e+00   2.507026e+02   9.772629e-11   7.034004e-05
1.059000e+02   2.749733e+01   0.000000e+00   0.000000e+00   2.515287e+02   9.618401e-11   6.945808e-05
1.060000e+02   2.685676e+01   0.000000e+00   0.000000e+00   2.523879e+02   9.465801e-11   6.858960e-05
1.061000e+02   2.611226e+01   0.000000e+00   0.000000e+00   2.532801e+02   9.314859e-11   6.773446e-05
1.062000e+02   2.538569e+01   0.000000e+00   0.000000e+00   2.542048e+02   9.165608e-11   6.689249e-05
1.063000e+02   2.463363e+01   0.000000e+00   0.000000e+00   2.551618e+02   9.018074e-11   6.606352e-05
1.064000e+02   2.376205e+01   0.000000e+00   0.000000e+00   2.561506e+02   8.872284e-11   6.524740e-05
1.065000e+02   2.284974e+01   0.000000e+00   0.000000e+00   2.571711e+02   8.728259e-11   6.444396e-05
1.066000e+02   2.197572e+01   0.000000e+00   0.000000e+00   2.582229e+02   8.586022e-11   6.365304e-05
1.067000e+02   2.121896e+01   0.000000e+00   0.000000e+00   2.593057e+02   8.445589e-11   6.287447e-05
1.068000e+02   2.058996e+01   0.000000e+00   0.000000e+00   2.604191e+02   8.306978e-11   6.210810e-05
1.069000e+02   2.001058e+01   0.000000e+00   0.000000e+00   2.615629e+02   8.170201e-11   6.135376e-05
1.070000e+02   1.944925e+01   0.000000e+00   0.000000e+00   2.627366e+02   8.035271e-11   6.061129e-05
1.071000e+02   1.887470e+01   0.000000e+00   0.000000e+00   2.639401e+02   7.902197e-11   5.988053e-05
1.072000e+02   1.825562e+01   0.000000e+00   0.000000e+00   2.651730e+02   7.770986e-11   5.916131e-05
1.073000e+02   1.751711e+01   0.000000e+00   0.000000e+00   2.664350e+02   7.641644e-11   5.845348e-05
1.074000e+02   1.665730e+01   0.000000e+00   0.000000e+00   2.677257e+02   7.514174e-11   5.775687e-05
1.075000e+02   1.579869e+01   0.000000e+00   0.000000e+00   2.690448e+02   7.388579e-11   5.707131e-05
1.076000e+02   1.506459e+01   0.000000e+00   0.000000e+00   2.703921e+02   7.264857e-11   5.639666e-05
1.077000e+02   1.457827e+01   0.000000e+00   0.000000e+00   2.717671e+02   7.143007e-11   5.573273e-05
1.078000e+02   1.440279e+01   0.000000e+00   0.000000e+00   2.731697e+02   7.023025e-11   5.507938e-05
1.079000e+02   1.446312e+01   0.000000e+00   0.000000e+00   2.745994e+02   6.904906e-11   5.443643e-05
1.080000e+02   1.471015e+01   0.000000e+00   0.000000e+00   2.760559e+02   6.788644e-11   5.380374e-05
1.081000e+02   1.509568e+01   0.000000e+00   0.000000e+00   2.775390e+02   6.674230e-11   5.318113e-05
1.082000e+02   1.557152e+01   0.000000e+00   0.000000e+00   2.790483e+02   6.561654e-11   5.256844e-05
1.083000e+02   1.670567e+01   0.000000e+00   0.000000e+00   2.805835e+02   6.450906e-11   5.196551e-05
1.084000e+02   1.915111e+01   0.000000e+00   0.000000e+00   2.821443e+02   6.341973e-11   5.137217e-05
1.085000e+02   2.211556e+01   0.000000e+00   0.000000e+00   2.837303e+02   6.234841e-11   5.078828e-05
1.086000e+02   2.477854e+01   0.000000e+00   0.000000e+00   2.853413e+02   6.129498e-11   5.021365e-05
1.087000e+02   2.631955e+01   0.000000e+00   0.000000e+00   2.869769e+02   6.025925e-11   4.964814e-05
1.088000e+02   2.653922e+01   0.000000e+00   0.000000e+00   2.886368e+02   5.924108e-11   4.909158e-05
1.089000e+02   2.642277e+01   0.000000e+00   0.000000e+00   2.903207e+02   5.824028e-11   4.854380e-05
1.090000e+02   2.615365e+01   0.000000e+00   0.000000e+00   2.920283e+02   5.725666e-11   4.800465e-05
1.091000e+02   2.588296e+01   0.000000e+00   0.000000e+00   2.937592e+02   5.629004e-11   4.747395e-05
1.092000e+02   2.576180e+01   0.000000e+00   0.000000e+00   2.955132e+02   5.534021e-11   4.695156e-05
1.093000e+02   2.619020e+01   0.000000e+00   0.000000e+00   2.972899e+02   5.440697e-11   4.643731e-05
1.094000e+02   2.749074e+01   0.000000e+00   0.000000e+00   2.990890e+02   5.349010e-11   4.593102e-05
1.095000e+02   2.906883e+01   0.000000e+00   0.000000e+00   3.009102e+02   5.258937e-11   4.543256e-05
1.096000e+02   3.029977e+01   0.000000e+00   0.000000e+00   3.027531e+02   5.170457e-11   4.494174e-05
1.097000e+02   3.055888e+01   0.000000e+00   0.000000e+00   3.046175e+02   5.083545e-11   4.445841e-05
1.098000e+02   2.965291e+01   0.000000e+00   0.000000e+00   3.065031e+02   4.998179e-11   4.398240e-05
1.099000e+02   2.842101e+01   0.000000e+00   0.000000e+00   3.084092e+02   4.914339e-11   4.351358e-05
1.100000e+02   2.698220e+01   0.000000e+00   0.000000e+00   3.103351e+02   4.832017e-11   4.305184e-05
1.101000e+02   2.540679e+01   0.000000e+00   0.000000e+00   3.122797e+02   4.751207e-11   4.259710e-05
1.102000e+02   2.376510e+01   0.000000e+00   0.000000e+00   3.142418e+02   4.671901e-11   4.214927e-05
1.103000e+02   2.202926e+01   0.000000e+00   0.000000e+00   3.162206e+02   4.594090e-11   4.170826e-05
1.104000e+02   2.001474e+01   0.000000e+00   0.000000e+00   3.182150e+02   4.517763e-11   4.127398e-05
1.105000e+02   1.783437e+01   0.000000e+00   0.000000e+00   3.202239e+02   4.442908e-11   4.084636e-05
1.106000e+02   1.561995e+01   0.000000e+00   0.000000e+00   3.222462e+02   4.369512e-11   4.042529e-05
1.107000e+02   1.350329e+01   0.000000e+00   0.000000e+00   3.242811e+02   4.297561e-11   4.001069e-05
1.108000e+02   1.159475e+01   0.000000e+00   0.000000e+00   3.263274e+02   4.227041e-11   3.960248e-05
1.109000e+02   9.840881e+00   0.000000e+00   0.000000e+00   3.283841e+02   4.157937e-11   3.920057e-05
1.110000e+02   8.123118e+00   0.000000e+00   0.000000e+00   3.304502e+02   4.090231e-11   3.880487e-05
1.111000e+02   6.323617e+00   0.000000e+00   0.000000e+00   3.325246e+02   4.023906e-11   3.841528e-05
1.112000e+02   4.324539e+00   0.000000e+00   0.000000e+00   3.346064e+02   3.958946e-11   3.803174e-05
1.113000e+02   1.882345e+00   0.000000e+00   0.000000e+00   3.366944e+02   3.895331e-11   3.765413e-05
1.114000e+02   -1.374263e+00   0.000000e+00   0.000000e+00   3.387877e+02   3.833044e-11   3.728239e-05
1.115000e+02   -5.153514e+00   0.000000e+00   0.000000e+00   3.408852e+02   3.772065e-11   3.691642e-05
1.116000e+02   -9.111152e+00   0.000000e+00   0.000000e+00   3.429859e+02   3.712374e-11   3.655614e-05
1.117000e+02   -1.290292e+01   0.000000e+00   0.000000e+00   3.450887e+02   3.653952e-11   3.620145e-05
1.118000e+02   -1.641675e+01   0.000000e+00   0.000000e+00   3.471927e+02   3.596779e-11   3.585227e-05
1.119000e+02   -2.022630e+01   0.000000e+00   0.000000e+00   3.492967e+02   3.540834e-11   3.550851e-05
1.120000e+02   -2.400698e+01   0.000000e+00   0.000000e+00   3.513998e+02   3.486097e-11   3.517008e-05
1.121000e+02   -2.732870e+01   0.000000e+00   0.000000e+00   3.535009e+02   3.432548e-11   3.483690e-05
1.122000e+02   -2.976139e+01   0.000000e+00   0.000000e+00   3.555990e+02   3.380165e-11   3.450888e-05
1.123000e+02   -3.109683e+01   -0.000000e+00   -0.000000e+00   3.576931e+02   3.328929e-11   3.418593e-05
1.124000e+02   -3.213523e+01   -0.000000e+00   -0.000000e+00   3.597821e+02   3.278817e-11   3.386797e-05
1.125000e+02   -3.305001e+01   -0.000000e+00   -0.000000e+00   3.618651e+02   3.229810e-11   3.355490e-05
1.126000e+02   -3.390016e+01   -0.000000e+00   -0.000000e+00   3.639408e+02   3.181886e-11   3.324664e-05
1.127000e+02   -3.474467e+01   -0.000000e+00   -0.000000e+00   3.660084e+02   3.135025e-11   3.294310e-05
1.128000e+02   -3.560573e+01   -0.000000e+00   -0.000000e+00   3.680669e+02   3.089206e-11   3.264419e-05
1.129000e+02   -3.636249e+01   -0.000000e+00   -0.000000e+00   3.701150e+02   3.044409e-11   3.234983e-05
1.130000e+02   -3.708008e+01   -0.000000e+00   -0.000000e+00   3.721520e+02   3.000613e-11   3.205993e-05
1.131000e+02   -3.785311e+01   -0.000000e+00   -0.000000e+00   3.741766e+02   2.957797e-11   3.177440e-05
1.132000e+02   -3.877619e+01   -0.000000e+00   -0.000000e+00   3.761879e+02   2.915943e-11   3.149316e-05
1.133000e+02   -3.999872e+01   -0.000000e+00   -0.000000e+00   3.781848e+02   2.875029e-11   3.121610e-05
1.134000e+02   -4.178702e+01   -0.000000e+00   -0.000000e+00   3.801664e+02   2.835036e-11   3.094316e-05
1.135000e+02   -4.388916e+01   -0.000000e+00   -0.000000e+00   3.821315e+02   2.795945e-11   3.067424e-05
1.136000e+02   -4.598095e+01   -0.000000e+00   -0.000000e+00   3.840792e+02   2.757735e-11   3.040925e-05
1.137000e+02   -4.773819e+01   -0.000000e+00   -0.000000e+00   3.860084e+02   2.720388e-11   3.014810e-05
1.138000e+02   -4.890000e+01   -0.000000e+00   -0.000000e+00   3.879181e+02   2.683885e-11   2.989072e-05
1.139000e+02   -4.973608e+01   -0.000000e+00   -0.000000e+00   3.898072e+02   2.648208e-11   2.963700e-05
1.140000e+02   -5.042633e+01   -0.000000e+00   -0.000000e+00   3.916748e+02   2.613337e-11   2.938687e-05
1.141000e+02   -5.108898e+01   -0.000000e+00   -0.000000e+00   3.935197e+02   2.579254e-11   2.914023e-05
1.142000e+02   -5.184225e+01   -0.000000e+00   -0.000000e+00   3.953410e+02   2.545942e-11   2.889700e-05
1.143000e+02   -5.290103e+01   -0.000000e+00   -0.000000e+00   3.971376e+02   2.513383e-11   2.865709e-05
1.144000e+02   -5.491574e+01   -0.000000e+00   -0.000000e+00   3.989085e+02   2.481560e-11   2.842041e-05
1.145000e+02   -5.751936e+01   -0.000000e+00   -0.000000e+00   4.006527e+02   2.450454e-11   2.818688e-05
1.146000e+02   -6.014278e+01   -0.000000e+00   -0.000000e+00   4.023691e+02   2.420050e-11   2.795640e-05
1.147000e+02   -6.221690e+01   -0.000000e+00   -0.000000e+00   4.040567e+02   2.390331e-11   2.772890e-05
1.148000e+02   -6.324315e+01   -0.000000e+00   -0.000000e+00   4.057144e+02   2.361280e-11   2.750428e-05
1.149000e+02   -6.354611e+01   -0.000000e+00   -0.000000e+00   4.073413e+02   2.332881e-11   2.728245e-05
1.150000e+02   -6.340966e+01   -0.000000e+00   -0.000000e+00   4.089363e+02   2.305118e-11   2.706333e-05
1.151000e+02   -6.300332e+01   -0.000000e+00   -0.000000e+00   4.104983e+02   2.277976e-11   2.684683e-05
1.152000e+02   -6.249662e+01   -0.000000e+00   -0.000000e+00   4.120264e+02   2.251440e-11   2.663286e-05
1.153000e+02   -6.199575e+01   -0.000000e+00   -0.000000e+00   4.135203e+02   2.225492e-11   2.642136e-05
1.154000e+02   -6.104302e+01   -0.000000e+00   -0.000000e+00   4.149805e+02   2.200114e-11   2.621231e-05
1.155000e+02   -5.982373e+01   -0.000000e+00   -0.000000e+00   4.164078e+02   2.175289e-11   2.600567e-05
1.156000e+02   -5.872876e+01   -0.000000e+00   -0.000000e+00   4.178029e+02   2.150998e-11   2.580143e-05
1.157000e+02   -5.814905e+01   -0.000000e+00   -0.000000e+00   4.191665e+02   2.127225e-11   2.559956e-05
1.158000e+02   -5.841434e+01   -0.000000e+00   -0.000000e+00   4.204994e+02   2.103955e-11   2.540003e-05
1.159000e+02   -5.898734e+01   -0.000000e+00   -0.000000e+00   4.218023e+02   2.081171e-11   2.520282e-05
1.160000e+02   -5.959831e+01   -0.000000e+00   -0.000000e+00   4.230758e+02   2.058859e-11   2.500790e-05
1.161000e+02   -6.018889e+01   -0.000000e+00   -0.000000e+00   4.243208e+02   2.037005e-11   2.481525e-05
1.162000e+02   -6.070073e+01   -0.000000e+00   -0.000000e+00   4.255378e+02   2.015594e-11   2.462485e-05
1.163000e+02   -6.103926e+01   -0.000000e+00   -0.000000e+00   4.267278e+02   1.994614e-11   2.443667e-05
1.164000e+02   -6.070330e+01   -0.000000e+00   -0.000000e+00   4.278912e+02   1.974050e-11   2.425068e-05
1.165000e+02   -5.985565e+01   -0.000000e+00   -0.000000e+00   4.290290e+02   1.953892e-11   2.406687e-05
1.166000e+02   -5.889339e+01   -0.000000e+00   -0.000000e+00   4.301417e+02   1.934127e-11   2.388520e-05
1.167000e+02   -5.821358e+01   -0.000000e+00   -0.000000e+00   4.312302e+02   1.914742e-11   2.370565e-05
1.168000e+02   -5.819874e+01   -0.000000e+00   -0.000000e+00   4.322951e+02   1.895728e-11   2.352819e-05
1.169000e+02   -5.881695e+01   -0.000000e+00   -0.000000e+00   4.333372e+02   1.877072e-11   2.335281e-05
1.170000e+02   -5.986361e+01   -0.000000e+00   -0.000000e+00   4.343571e+02   1.858764e-11   2.317948e-05
1.171000e+02   -6.119573e+01   -0.000000e+00   -0.000000e+00   4.353556e+02   1.840795e-11   2.300816e-05
1.172000e+02   -6.267033e+01   -0.000000e+00   -0.000000e+00   4.363334e+02   1.823154e-11   2.283884e-05
1.173000e+02   -6.417193e+01   -0.000000e+00   -0.000000e+00   4.372913e+02   1.805831e-11   2.267150e-05
1.174000e+02   -6.619155e+01   -0.000000e+00   -0.000000e+00   4.382299e+02   1.788817e-11   2.250610e-05
1.175000e+02   -6.869809e+01   -0.000000e+00   -0.000000e+00   4.391499e+02   1.772103e-11   2.234262e-05
1.176000e+02   -7.134331e+01   -0.000000e+00   -0.000000e+00   4.400522e+02   1.755680e-11   2.218104e-05
1.177000e+02   -7.377899e+01   -0.000000e+00   -0.000000e+00   4.409373e+02   1.739540e-11   2.202134e-05
1.178000e+02   -7.566615e+01   -0.000000e+00   -0.000000e+00   4.418061e+02   1.723674e-11   2.186348e-05
1.179000e+02   -7.708020e+01   -0.000000e+00   -0.000000e+00   4.426592e+02   1.708075e-11   2.170744e-05
1.180000e+02   -7.826477e+01   -0.000000e+00   -0.000000e+00   4.434973e+02   1.692733e-11   2.155321e-05
1.181000e+02   -7.936901e+01   -0.000000e+00   -0.000000e+00   4.443213e+02   1.677642e-11   2.140074e-05
1.182000e+02   -8.054210e+01   -0.000000e+00   -0.000000e+00   4.451317e+02   1.662795e-11   2.125003e-05
1.183000e+02   -8.193933e+01   -0.000000e+00   -0.000000e+00   4.459294e+02   1.648183e-11   2.110104e-05
1.184000e+02   -8.386945e+01   -0.000000e+00   -0.000000e+00   4.467149e+02   1.633800e-11   2.095375e-05
1.185000e+02   -8.615431e+01   -0.000000e+00   -0.000000e+00   4.474892e+02   1.619639e-11   2.080813e-05
1.186000e+02   -8.839896e+01   -0.000000e+00   -0.000000e+00   4.482527e+02   1.605693e-11   2.066416e-05
1.187000e+02   -9.020845e+01   -0.000000e+00   -0.000000e+00   4.490064e+02   1.591956e-11   2.052182e-05
1.188000e+02   -9.119788e+01   -0.000000e+00   -0.000000e+00   4.497509e+02   1.578420e-11   2.038108e-05
1.189000e+02   -9.174205e+01   -0.000000e+00   -0.000000e+00   4.504869e+02   1.565081e-11   2.024191e-05
1.190000e+02   -9.217212e+01   -0.000000e+00   -0.000000e+00   4.512152e+02   1.551932e-11   2.010429e-05
1.191000e+02   -9.243784e+01   -0.000000e+00   -0.000000e+00   4.519364e+02   1.538967e-11   1.996820e-05
1.192000e+02   -9.248892e+01   -0.000000e+00   -0.000000e+00   4.526513e+02   1.526179e-11   1.983361e-05
1.193000e+02   -9.227575e+01   -0.000000e+00   -0.000000e+00   4.533606e+02   1.513565e-11   1.970049e-05
1.194000e+02   -9.184301e+01   -0.000000e+00   -0.000000e+00   4.540650e+02   1.501117e-11   1.956883e-05
1.195000e+02   -9.126881e+01   -0.000000e+00   -0.000000e+00   4.547652e+02   1.488830e-11   1.943859e-05
1.196000e+02   -9.058986e+01   -0.000000e+00   -0.000000e+00   4.554620e+02   1.476700e-11   1.930975e-05
1.197000e+02   -8.984288e+01   -0.000000e+00   -0.000000e+00   4.561561e+02   1.464720e-11   1.918229e-05
1.198000e+02   -8.906393e+01   -0.000000e+00   -0.000000e+00   4.568482e+02   1.452887e-11   1.905619e-05
1.199000e+02   -8.813709e+01   -0.000000e+00   -0.000000e+00   4.575389e+02   1.441194e-11   1.893140e-05
1.200000e+02   -8.702477e+01   -0.000000e+00   -0.000000e+00   4.582291e+02   1.429637e-11   1.880793e-05
1.201000e+02   -8.582586e+01   -0.000000e+00   -0.000000e+00   4.589195e+02   1.418212e-11   1.868572e-05
1.202000e+02   -8.463920e+01   -0.000000e+00   -0.000000e+00   4.596107e+02   1.406913e-11   1.856478e-05
1.203000e+02   -8.356359e+01   -0.000000e+00   -0.000000e+00   4.603035e+02   1.395736e-11   1.844506e-05
1.204000e+02   -8.260303e+01   -0.000000e+00   -0.000000e+00   4.609986e+02   1.384677e-11   1.832654e-05
1.205000e+02   -8.168607e+01   -0.000000e+00   -0.000000e+00   4.616967e+02   1.373731e-11   1.820920e-05
1.206000e+02   -8.078502e+01   -0.000000e+00   -0.000000e+00   4.623986e+02   1.362894e-11   1.809301e-05
1.207000e+02   -7.987217e+01   -0.000000e+00   -0.000000e+00   4.631049e+02   1.352162e-11   1.797796e-05
1.208000e+02   -7.891986e+01   -0.000000e+00   -0.000000e+00   4.638164e+02   1.341530e-11   1.786400e-05
1.209000e+02   -7.792581e+01   -0.000000e+00   -0.000000e+00   4.645338e+02   1.330995e-11   1.775113e-05
1.210000e+02   -7.690852e+01   -0.000000e+00   -0.000000e+00   4.652578e+02   1.320552e-11   1.763931e-05
1.211000e+02   -7.587140e+01   -0.000000e+00   -0.000000e+00   4.659892e+02   1.310199e-11   1.752852e-05
1.212000e+02   -7.481786e+01   -0.000000e+00   -0.000000e+00   4.667285e+02   1.299930e-11   1.741874e-05
1.213000e+02   -7.375130e+01   -0.000000e+00   -0.000000e+00   4.674767e+02   1.289742e-11   1.730993e-05
1.214000e+02   -7.258271e+01   -0.000000e+00   -0.000000e+00   4.682344e+02   1.279633e-11   1.720208e-05
1.215000e+02   -7.129918e+01   -0.000000e+00   -0.000000e+00   4.690022e+02   1.269597e-11   1.709516e-05
1.216000e+02   -7.004205e+01   -0.000000e+00   -0.000000e+00   4.697810e+02   1.259632e-11   1.698914e-05
1.217000e+02   -6.895278e+01   -0.000000e+00   -0.000000e+00   4.705714e+02   1.249734e-11   1.688401e-05
1.218000e+02   -6.817283e+01   -0.000000e+00   -0.000000e+00   4.713742e+02   1.239901e-11   1.677973e-05
1.219000e+02   -6.762772e+01   -0.000000e+00   -0.000000e+00   4.721901e+02   1.230127e-11   1.667629e-05
1.220000e+02   -6.708934e+01   -0.000000e+00   -0.000000e+00   4.730197e+02   1.220412e-11   1.657364e-05
1.221000e+02   -6.655239e+01   -0.000000e+00   -0.000000e+00   4.738639e+02   1.210751e-11   1.647179e-05
1.222000e+02   -6.601257e+01   -0.000000e+00   -0.000000e+00   4.747233e+02   1.201141e-11   1.637068e-05
1.223000e+02   -6.546556e+01   -0.000000e+00   -0.000000e+00   4.755987e+02   1.191579e-11   1.627031e-05
1.224000e+02   -6.465316e+01   -0.000000e+00   -0.000000e+00   4.764908e+02   1.182063e-11   1.617065e-05
1.225000e+02   -6.335395e+01   -0.000000e+00   -0.000000e+00   4.773999e+02   1.172591e-11   1.607167e-05
1.226000e+02   -6.181379e+01   -0.000000e+00   -0.000000e+00   4.783258e+02   1.163164e-11   1.597339e-05
1.227000e+02   -6.028207e+01   -0.000000e+00   -0.000000e+00   4.792684e+02   1.153782e-11   1.587578e-05
1.228000e+02   -5.900820e+01   -0.000000e+00   -0.000000e+00   4.802275e+02   1.144448e-11   1.577885e-05
1.229000e+02   -5.800803e+01   -0.000000e+00   -0.000000e+00   4.812027e+02   1.135161e-11   1.568260e-05
1.230000e+02   -5.702877e+01   -0.000000e+00   -0.000000e+00   4.821938e+02   1.125924e-11   1.558701e-05
1.231000e+02   -5.610931e+01   -0.000000e+00   -0.000000e+00   4.832007e+02   1.116735e-11   1.549210e-05
1.232000e+02   -5.529345e+01   -0.000000e+00   -0.000000e+00   4.842232e+02   1.107598e-11   1.539785e-05
1.233000e+02   -5.462500e+01   -0.000000e+00   -0.000000e+00   4.852609e+02   1.098511e-11   1.530426e-05
1.234000e+02   -5.415228e+01   -0.000000e+00   -0.000000e+00   4.863136e+02   1.089477e-11   1.521132e-05
1.235000e+02   -5.384709e+01   -0.000000e+00   -0.000000e+00   4.873812e+02   1.080496e-11   1.511904e-05
1.236000e+02   -5.361067e+01   -0.000000e+00   -0.000000e+00   4.884634e+02   1.071568e-11   1.502741e-05
1.237000e+02   -5.334345e+01   -0.000000e+00   -0.000000e+00   4.895600e+02   1.062694e-11   1.493642e-05
1.238000e+02   -5.294581e+01   -0.000000e+00   -0.000000e+00   4.906707e+02   1.053875e-11   1.484608e-05
1.239000e+02   -5.220971e+01   -0.000000e+00   -0.000000e+00   4.917954e+02   1.045112e-11   1.475637e-05
1.240000e+02   -5.098004e+01   -0.000000e+00   -0.000000e+00   4.929337e+02   1.036405e-11   1.466730e-05
1.241000e+02   -4.945981e+01   -0.000000e+00   -0.000000e+00   4.940855e+02   1.027754e-11   1.457886e-05
1.242000e+02   -4.786093e+01   -0.000000e+00   -0.000000e+00   4.952506e+02   1.019161e-11   1.449105e-05
1.243000e+02   -4.639525e+01   -0.000000e+00   -0.000000e+00   4.964287e+02   1.010625e-11   1.440387e-05
1.244000e+02   -4.516713e+01   -0.000000e+00   -0.000000e+00   4.976195e+02   1.002147e-11   1.431730e-05
1.245000e+02   -4.401084e+01   -0.000000e+00   -0.000000e+00   4.988230e+02   9.937278e-12   1.423136e-05
1.246000e+02   -4.288221e+01   -0.000000e+00   -0.000000e+00   5.000388e+02   9.853676e-12   1.414602e-05
1.247000e+02   -4.174482e+01   -0.000000e+00   -0.000000e+00   5.012666e+02   9.770668e-12   1.406130e-05
1.248000e+02   -4.056221e+01   -0.000000e+00   -0.000000e+00   5.025064e+02   9.688256e-12   1.397718e-05
1.249000e+02   -3.928584e+01   -0.000000e+00   -0.000000e+00   5.037579e+02   9.606445e-12   1.389367e-05
1.250000e+02   -3.790331e+01   -0.000000e+00   -0.000000e+00   5.050207e+02   9.525236e-12   1.381075e-05
1.251000e+02   -3.648581e+01   -0.000000e+00   -0.000000e+00   5.062948e+02   9.444634e-12   1.372843e-05
1.252000e+02   -3.510743e+01   -0.000000e+00   -0.000000e+00   5.075798e+02   9.364641e-12   1.364671e-05
1.253000e+02   -3.384229e+01   -0.000000e+00   -0.000000e+00   5.088757e+02   9.285257e-12   1.356557e-05
1.254000e+02   -3.272562e+01   -0.000000e+00   -0.000000e+00   5.101820e+02   9.206487e-12   1.348501e-05
1.255000e+02   -3.167722e+01   -0.000000e+00   -0.000000e+00   5.114986e+02   9.128331e-12   1.340504e-05
1.256000e+02   -3.067883e+01   -0.000000e+00   -0.000000e+00   5.128253e+02   9.050792e-12   1.332565e-05
1.257000e+02   -2.971806e+01   -0.000000e+00   -0.000000e+00   5.141619e+02   8.973869e-12   1.324683e-05
1.258000e+02   -2.878250e+01   -0.000000e+00   -0.000000e+00   5.155080e+02   8.897566e-12   1.316858e-05
1.259000e+02   -2.787211e+01   -0.000000e+00   -0.000000e+00   5.168636e+02   8.821881e-12   1.309090e-05
1.260000e+02   -2.700792e+01   -0.000000e+00   -0.000000e+00   5.182283e+02   8.746816e-12   1.301378e-05
1.261000e+02   -2.616615e+01   -0.000000e+00   -0.000000e+00   5.196020e+02   8.672372e-12   1.293722e-05
1.262000e+02   -2.531966e+01   -0.000000e+00   -0.000000e+00   5.209844e+02   8.598549e-12   1.286122e-05
1.263000e+02   -2.444131e+01   -0.000000e+00   -0.000000e+00   5.223753e+02   8.525347e-12   1.278577e-05
1.264000e+02   -2.349942e+01   -0.000000e+00   -0.000000e+00   5.237744e+02   8.452765e-12   1.271087e-05
1.265000e+02   -2.248149e+01   -0.000000e+00   -0.000000e+00   5.251816e+02   8.380804e-12   1.263652e-05
1.266000e+02   -2.142753e+01   -0.000000e+00   -0.000000e+00   5.265966e+02   8.309462e-12   1.256271e-05
1.267000e+02   -2.038061e+01   -0.000000e+00   -0.000000e+00   5.280191e+02   8.238740e-12   1.248944e-05
1.268000e+02   -1.938384e+01   -0.000000e+00   -0.000000e+00   5.294490e+02   8.168637e-12   1.241670e-05
1.269000e+02   -1.844610e+01   -0.000000e+00   -0.000000e+00   5.308861e+02   8.099151e-12   1.234449e-05
1.270000e+02   -1.747968e+01   -0.000000e+00   -0.000000e+00   5.323300e+02   8.030281e-12   1.227281e-05
1.271000e+02   -1.653485e+01   -0.000000e+00   -0.000000e+00   5.337807e+02   7.962027e-12   1.220166e-05
1.272000e+02   -1.567773e+01   -0.000000e+00   -0.000000e+00   5.352377e+02   7.894386e-12   1.213102e-05
1.273000e+02   -1.497440e+01   -0.000000e+00   -0.000000e+00   5.367010e+02   7.827357e-12   1.206091e-05
1.274000e+02   -1.445540e+01   -0.000000e+00   -0.000000e+00   5.381703e+02   7.760938e-12   1.199130e-05
1.275000e+02   -1.398787e+01   -0.000000e+00   -0.000000e+00   5.396454e+02   7.695128e-12   1.192221e-05
1.276000e+02   -1.353736e+01   -0.000000e+00   -0.000000e+00   5.411260e+02   7.629925e-12   1.185362e-05
1.277000e+02   -1.308764e+01   -0.000000e+00   -0.000000e+00   5.426119e+02   7.565326e-12   1.178553e-05
1.278000e+02   -1.262251e+01   -0.000000e+00   -0.000000e+00   5.441029e+02   7.501329e-12   1.171795e-05
1.279000e+02   -1.212576e+01   -0.000000e+00   -0.000000e+00   5.455988e+02   7.437932e-12   1.165086e-05
1.280000e+02   -1.159491e+01   -0.000000e+00   -0.000000e+00   5.470993e+02   7.375132e-12   1.158426e-05
1.281000e+02   -1.104739e+01   -0.000000e+00   -0.000000e+00   5.486042e+02   7.312927e-12   1.151815e-05
1.282000e+02   -1.050192e+01   -0.000000e+00   -0.000000e+00   5.501133e+02   7.251314e-12   1.145252e-05
1.283000e+02   -9.977165e+00   -0.000000e+00   -0.000000e+00   5.516263e+02   7.190291e-12   1.138738e-05
1.284000e+02   -9.508290e+00   -0.000000e+00   -0.000000e+00   5.531431e+02   7.129854e-12   1.132271e-05
1.285000e+02   -9.188658e+00   -0.000000e+00   -0.000000e+00   5.546634e+02   7.070001e-12   1.125852e-05
1.286000e+02   -8.991969e+00   -0.000000e+00   -0.000000e+00   5.561870e+02   7.010728e-12   1.119480e-05
1.287000e+02   -8.872797e+00   -0.000000e+00   -0.000000e+00   5.577136e+02   6.952033e-12   1.113155e-05
1.288000e+02   -8.785714e+00   -0.000000e+00   -0.000000e+00   5.592431e+02   6.893912e-12   1.106875e-05
1.289000e+02   -8.711490e+00   -0.000000e+00   -0.000000e+00   5.607751e+02   6.836362e-12   1.100642e-05
1.290000e+02   -8.772469e+00   -0.000000e+00   -0.000000e+00   5.623095e+02   6.779379e-12   1.094455e-05
1.291000e+02   -8.924570e+00   -0.000000e+00   -0.000000e+00   5.638461e+02   6.722961e-12   1.088312e-05
1.292000e+02   -9.087863e+00   -0.000000e+00   -0.000000e+00   5.653846e+02   6.667103e-12   1.082215e-05
1.293000e+02   -9.182419e+00   -0.000000e+00   -0.000000e+00   5.669247e+02   6.611802e-12   1.076162e-05
1.294000e+02   -9.141240e+00   -0.000000e+00   -0.000000e+00   5.684664e+02   6.557055e-12   1.070153e-05
1.295000e+02   -9.022245e+00   -0.000000e+00   -0.000000e+00   5.700092e+02   6.502858e-12   1.064188e-05
1.296000e+02   -8.864815e+00   -0.000000e+00   -0.000000e+00   5.715531e+02   6.449206e-12   1.058267e-05
1.297000e+02   -8.691717e+00   -0.000000e+00   -0.000000e+00   5.730978e+02   6.396097e-12   1.052389e-05
1.298000e+02   -8.525714e+00   -0.000000e+00   -0.000000e+00   5.746430e+02   6.343526e-12   1.046553e-05
1.299000e+02   -8.385130e+00   -0.000000e+00   -0.000000e+00   5.761886e+02   6.291490e-12   1.040760e-05
1.300000e+02   -8.247279e+00   -0.000000e+00   -0.000000e+00   5.777343e+02   6.239985e-12   1.035009e-05
