#% 0, Z0, m, 0.0
#% 1, Z, km
#% 2, U, m/s
#% 3, V, m/s
#% 4, W, m/s
#% 5, T, degK
#% 6, RHO, g/cm3
#% 7, P, mbar
0.000000e+00   -5.453168e+00   -0.000000e+00   -0.000000e+00   2.713959e+02   1.254657e-03   9.775992e+02
1.000000e-01   -6.206615e+00   -0.000000e+00   -0.000000e+00   2.704287e+02   1.243486e-03   9.654415e+02
2.000000e-01   -6.674908e+00   -0.000000e+00   -0.000000e+00   2.694625e+02   1.232375e-03   9.533968e+02
3.000000e-01   -6.980014e+00   -0.000000e+00   -0.000000e+00   2.684980e+02   1.221322e-03   9.414633e+02
4.000000e-01   -7.223036e+00   -0.000000e+00   -0.000000e+00   2.675361e+02   1.210318e-03   9.296392e+02
5.000000e-01   -7.416400e+00   -0.000000e+00   -0.000000e+00   2.665793e+02   1.199356e-03   9.179246e+02
6.000000e-01   -7.559133e+00   -0.000000e+00   -0.000000e+00   2.656304e+02   1.188424e-03   9.063200e+02
7.000000e-01   -7.650188e+00   -0.000000e+00   -0.000000e+00   2.646996e+02   1.177478e-03   8.948260e+02
8.000000e-01   -7.690281e+00   -0.000000e+00   -0.000000e+00   2.637967e+02   1.166478e-03   8.834424e+02
9.000000e-01   -7.700523e+00   -0.000000e+00   -0.000000e+00   2.629195e+02   1.155436e-03   8.721699e+02
1.000000e+00   -7.723697e+00   -0.000000e+00   -0.000000e+00   2.620743e+02   1.144328e-03   8.610085e+02
1.100000e+00   -7.740540e+00   -0.000000e+00   -0.000000e+00   2.612831e+02   1.133061e-03   8.499575e+02
1.200000e+00   -7.688915e+00   -0.000000e+00   -0.000000e+00   2.605313e+02   1.121703e-03   8.390159e+02
1.300000e+00   -7.527316e+00   -0.000000e+00   -0.000000e+00   2.597622e+02   1.110498e-03   8.281828e+02
1.400000e+00   -7.259405e+00   -0.000000e+00   -0.000000e+00   2.589833e+02   1.099413e-03   8.174572e+02
1.500000e+00   -6.857694e+00   -0.000000e+00   -0.000000e+00   2.581698e+02   1.088550e-03   8.068377e+02
1.600000e+00   -6.290943e+00   -0.000000e+00   -0.000000e+00   2.575487e+02   1.076956e-03   7.963240e+02
1.700000e+00   -5.574847e+00   -0.000000e+00   -0.000000e+00   2.576751e+02   1.062363e-03   7.859186e+02
1.800000e+00   -4.810077e+00   -0.000000e+00   -0.000000e+00   2.582387e+02   1.046155e-03   7.756210e+02
1.900000e+00   -4.125039e+00   -0.000000e+00   -0.000000e+00   2.584867e+02   1.031418e-03   7.654297e+02
2.000000e+00   -3.563189e+00   -0.000000e+00   -0.000000e+00   2.582594e+02   1.018728e-03   7.553473e+02
2.100000e+00   -3.155000e+00   -0.000000e+00   -0.000000e+00   2.578321e+02   1.006951e-03   7.453796e+02
2.200000e+00   -2.922922e+00   -0.000000e+00   -0.000000e+00   2.574025e+02   9.953052e-04   7.355318e+02
2.300000e+00   -2.782590e+00   -0.000000e+00   -0.000000e+00   2.569833e+02   9.837486e-04   7.258074e+02
2.400000e+00   -2.648412e+00   -0.000000e+00   -0.000000e+00   2.565653e+02   9.723206e-04   7.162091e+02
2.500000e+00   -2.436229e+00   -0.000000e+00   -0.000000e+00   2.561584e+02   9.609804e-04   7.067333e+02
2.600000e+00   -2.058157e+00   -0.000000e+00   -0.000000e+00   2.557825e+02   9.496471e-04   6.973734e+02
2.700000e+00   -1.515138e+00   -0.000000e+00   -0.000000e+00   2.554487e+02   9.382766e-04   6.881244e+02
2.800000e+00   -9.031330e-01   -0.000000e+00   -0.000000e+00   2.551486e+02   9.269044e-04   6.789856e+02
2.900000e+00   -3.216663e-01   -0.000000e+00   -0.000000e+00   2.548708e+02   9.155762e-04   6.699569e+02
3.000000e+00   1.387051e-01   -0.000000e+00   -0.000000e+00   2.546014e+02   9.043425e-04   6.610375e+02
3.100000e+00   4.333510e-01   -0.000000e+00   -0.000000e+00   2.543250e+02   8.932576e-04   6.522261e+02
3.200000e+00   6.322515e-01   -0.000000e+00   -0.000000e+00   2.540259e+02   8.823737e-04   6.435212e+02
3.300000e+00   7.874217e-01   -0.000000e+00   -0.000000e+00   2.536913e+02   8.717299e-04   6.349212e+02
3.400000e+00   9.380324e-01   -0.000000e+00   -0.000000e+00   2.533169e+02   8.613353e-04   6.264245e+02
3.500000e+00   1.121299e+00   -0.000000e+00   -0.000000e+00   2.528997e+02   8.511934e-04   6.180291e+02
3.600000e+00   1.377857e+00   -0.000000e+00   -0.000000e+00   2.524368e+02   8.413078e-04   6.097333e+02
3.700000e+00   1.692985e+00   -0.000000e+00   -0.000000e+00   2.519279e+02   8.316724e-04   6.015351e+02
3.800000e+00   2.009977e+00   -0.000000e+00   -0.000000e+00   2.513923e+02   8.222189e-04   5.934332e+02
3.900000e+00   2.280346e+00   0.000000e+00   0.000000e+00   2.508574e+02   8.128547e-04   5.854264e+02
4.000000e+00   2.455640e+00   0.000000e+00   0.000000e+00   2.503507e+02   8.034906e-04   5.775132e+02
4.100000e+00   2.445584e+00   0.000000e+00   0.000000e+00   2.498993e+02   7.940413e-04   5.696924e+02
4.200000e+00   2.195533e+00   0.000000e+00   0.000000e+00   2.495119e+02   7.844836e-04   5.619627e+02
4.300000e+00   1.845083e+00   0.000000e+00   0.000000e+00   2.491642e+02   7.748986e-04   5.543229e+02
4.400000e+00   1.540306e+00   0.000000e+00   0.000000e+00   2.488282e+02   7.653746e-04   5.467718e+02
4.500000e+00   1.427274e+00   0.000000e+00   0.000000e+00   2.484762e+02   7.559962e-04   5.393079e+02
4.600000e+00   1.608548e+00   0.000000e+00   0.000000e+00   2.480809e+02   7.468424e-04   5.319301e+02
4.700000e+00   1.986076e+00   0.000000e+00   0.000000e+00   2.476304e+02   7.379430e-04   5.246374e+02
4.800000e+00   2.456892e+00   0.000000e+00   0.000000e+00   2.471292e+02   7.292799e-04   5.174288e+02
4.900000e+00   2.922393e+00   0.000000e+00   0.000000e+00   2.465821e+02   7.208332e-04   5.103037e+02
5.000000e+00   3.283976e+00   0.000000e+00   0.000000e+00   2.459943e+02   7.125840e-04   5.032612e+02
5.100000e+00   3.495518e+00   0.000000e+00   0.000000e+00   2.453706e+02   7.045142e-04   4.963004e+02
5.200000e+00   3.674320e+00   0.000000e+00   0.000000e+00   2.447159e+02   6.966068e-04   4.894206e+02
5.300000e+00   3.832349e+00   0.000000e+00   0.000000e+00   2.440346e+02   6.888458e-04   4.826204e+02
5.400000e+00   3.970501e+00   0.000000e+00   0.000000e+00   2.433311e+02   6.812159e-04   4.758990e+02
5.500000e+00   4.089667e+00   0.000000e+00   0.000000e+00   2.426099e+02   6.737024e-04   4.692551e+02
5.600000e+00   4.103611e+00   0.000000e+00   0.000000e+00   2.418755e+02   6.662908e-04   4.626877e+02
5.700000e+00   3.787574e+00   0.000000e+00   0.000000e+00   2.411321e+02   6.589672e-04   4.561957e+02
5.800000e+00   3.310318e+00   0.000000e+00   0.000000e+00   2.403841e+02   6.517189e-04   4.497781e+02
5.900000e+00   2.872371e+00   0.000000e+00   0.000000e+00   2.396355e+02   6.445333e-04   4.434340e+02
6.000000e+00   2.674262e+00   0.000000e+00   0.000000e+00   2.388906e+02   6.373987e-04   4.371623e+02
6.100000e+00   2.924906e+00   0.000000e+00   0.000000e+00   2.381536e+02   6.303033e-04   4.309620e+02
6.200000e+00   3.659782e+00   0.000000e+00   0.000000e+00   2.374285e+02   6.232358e-04   4.248323e+02
6.300000e+00   4.629539e+00   0.000000e+00   0.000000e+00   2.367176e+02   6.161906e-04   4.187723e+02
6.400000e+00   5.571858e+00   0.000000e+00   0.000000e+00   2.360191e+02   6.091730e-04   4.127815e+02
6.500000e+00   6.224816e+00   0.000000e+00   0.000000e+00   2.353309e+02   6.021894e-04   4.068594e+02
6.600000e+00   6.384000e+00   0.000000e+00   0.000000e+00   2.346506e+02   5.952459e-04   4.010055e+02
6.700000e+00   6.223061e+00   0.000000e+00   0.000000e+00   2.339760e+02   5.883485e-04   3.952194e+02
6.800000e+00   5.912744e+00   0.000000e+00   0.000000e+00   2.333049e+02   5.815031e-04   3.895006e+02
6.900000e+00   5.603885e+00   0.000000e+00   0.000000e+00   2.326346e+02   5.747159e-04   3.838486e+02
7.000000e+00   5.450227e+00   0.000000e+00   0.000000e+00   2.319612e+02   5.679961e-04   3.782623e+02
7.100000e+00   5.548996e+00   0.000000e+00   0.000000e+00   2.312805e+02   5.613527e-04   3.727409e+02
7.200000e+00   5.694606e+00   0.000000e+00   0.000000e+00   2.305880e+02   5.547946e-04   3.672834e+02
7.300000e+00   5.852532e+00   0.000000e+00   0.000000e+00   2.298797e+02   5.483304e-04   3.618889e+02
7.400000e+00   6.026542e+00   0.000000e+00   0.000000e+00   2.291511e+02   5.419681e-04   3.565563e+02
7.500000e+00   6.220315e+00   0.000000e+00   0.000000e+00   2.283982e+02   5.357154e-04   3.512846e+02
7.600000e+00   6.434947e+00   0.000000e+00   0.000000e+00   2.276205e+02   5.295712e-04   3.460734e+02
7.700000e+00   6.673465e+00   0.000000e+00   0.000000e+00   2.268232e+02   5.235227e-04   3.409223e+02
7.800000e+00   6.931682e+00   0.000000e+00   0.000000e+00   2.260118e+02   5.175564e-04   3.358313e+02
7.900000e+00   7.203994e+00   0.000000e+00   0.000000e+00   2.251916e+02   5.116596e-04   3.308002e+02
8.000000e+00   7.484795e+00   0.000000e+00   0.000000e+00   2.243682e+02   5.058197e-04   3.258288e+02
8.100000e+00   7.811351e+00   0.000000e+00   0.000000e+00   2.235471e+02   5.000247e-04   3.209171e+02
8.200000e+00   8.408149e+00   0.000000e+00   0.000000e+00   2.227338e+02   4.942628e-04   3.160649e+02
8.300000e+00   9.153470e+00   0.000000e+00   0.000000e+00   2.219336e+02   4.885227e-04   3.112721e+02
8.400000e+00   9.861736e+00   0.000000e+00   0.000000e+00   2.211520e+02   4.827940e-04   3.065386e+02
8.500000e+00   1.035117e+01   0.000000e+00   0.000000e+00   2.203938e+02   4.770685e-04   3.018648e+02
8.600000e+00   1.040793e+01   0.000000e+00   0.000000e+00   2.196633e+02   4.713395e-04   2.972512e+02
8.700000e+00   9.771137e+00   0.000000e+00   0.000000e+00   2.189651e+02   4.656004e-04   2.926985e+02
8.800000e+00   8.713315e+00   0.000000e+00   0.000000e+00   2.183036e+02   4.598449e-04   2.882072e+02
8.900000e+00   7.592848e+00   0.000000e+00   0.000000e+00   2.176835e+02   4.540675e-04   2.837777e+02
9.000000e+00   6.768126e+00   0.000000e+00   0.000000e+00   2.171092e+02   4.482627e-04   2.794108e+02
9.100000e+00   6.531296e+00   0.000000e+00   0.000000e+00   2.165851e+02   4.424258e-04   2.751069e+02
9.200000e+00   6.500273e+00   0.000000e+00   0.000000e+00   2.161159e+02   4.365524e-04   2.708666e+02
9.300000e+00   6.516884e+00   0.000000e+00   0.000000e+00   2.157059e+02   4.306387e-04   2.666904e+02
9.400000e+00   6.548944e+00   0.000000e+00   0.000000e+00   2.153593e+02   4.246819e-04   2.625789e+02
9.500000e+00   6.568377e+00   0.000000e+00   0.000000e+00   2.150767e+02   4.186857e-04   2.585318e+02
9.600000e+00   6.559642e+00   0.000000e+00   0.000000e+00   2.148564e+02   4.126576e-04   2.545485e+02
9.700000e+00   6.601427e+00   0.000000e+00   0.000000e+00   2.146968e+02   4.066049e-04   2.506285e+02
9.800000e+00   6.680627e+00   0.000000e+00   0.000000e+00   2.145961e+02   4.005349e-04   2.467712e+02
9.900000e+00   6.752683e+00   0.000000e+00   0.000000e+00   2.145527e+02   3.944545e-04   2.429759e+02
1.000000e+01   6.773038e+00   0.000000e+00   0.000000e+00   2.145650e+02   3.883707e-04   2.392422e+02
1.010000e+01   6.705448e+00   0.000000e+00   0.000000e+00   2.146313e+02   3.822903e-04   2.355693e+02
1.020000e+01   6.623927e+00   0.000000e+00   0.000000e+00   2.147499e+02   3.762198e-04   2.319567e+02
1.030000e+01   6.549978e+00   0.000000e+00   0.000000e+00   2.149191e+02   3.701655e-04   2.284038e+02
1.040000e+01   6.474400e+00   0.000000e+00   0.000000e+00   2.151373e+02   3.641335e-04   2.249100e+02
1.050000e+01   6.383954e+00   0.000000e+00   0.000000e+00   2.154009e+02   3.581326e-04   2.214745e+02
1.060000e+01   6.222840e+00   0.000000e+00   0.000000e+00   2.157032e+02   3.521756e-04   2.180962e+02
1.070000e+01   5.502533e+00   0.000000e+00   0.000000e+00   2.160374e+02   3.462745e-04   2.147740e+02
1.080000e+01   4.356081e+00   0.000000e+00   0.000000e+00   2.163968e+02   3.404404e-04   2.115068e+02
1.090000e+01   3.146819e+00   0.000000e+00   0.000000e+00   2.167746e+02   3.346839e-04   2.082934e+02
1.100000e+01   2.238076e+00   0.000000e+00   0.000000e+00   2.171639e+02   3.290145e-04   2.051328e+02
1.110000e+01   2.012042e+00   0.000000e+00   0.000000e+00   2.175580e+02   3.234409e-04   2.020237e+02
1.120000e+01   2.938881e+00   0.000000e+00   0.000000e+00   2.179501e+02   3.179710e-04   1.989652e+02
1.130000e+01   4.632387e+00   0.000000e+00   0.000000e+00   2.183334e+02   3.126122e-04   1.959560e+02
1.140000e+01   6.475914e+00   0.000000e+00   0.000000e+00   2.187011e+02   3.073710e-04   1.929950e+02
1.150000e+01   7.853417e+00   0.000000e+00   0.000000e+00   2.190472e+02   3.022519e-04   1.900812e+02
1.160000e+01   8.153914e+00   0.000000e+00   0.000000e+00   2.193724e+02   2.972511e-04   1.872138e+02
1.170000e+01   7.106396e+00   0.000000e+00   0.000000e+00   2.196796e+02   2.923613e-04   1.843920e+02
1.180000e+01   5.238881e+00   0.000000e+00   0.000000e+00   2.199721e+02   2.875756e-04   1.816151e+02
1.190000e+01   3.192487e+00   0.000000e+00   0.000000e+00   2.202531e+02   2.828874e-04   1.788826e+02
1.200000e+01   1.608332e+00   0.000000e+00   0.000000e+00   2.205257e+02   2.782906e-04   1.761936e+02
1.210000e+01   1.101663e+00   0.000000e+00   0.000000e+00   2.207931e+02   2.737792e-04   1.735475e+02
1.220000e+01   1.280842e+00   0.000000e+00   0.000000e+00   2.210584e+02   2.693478e-04   1.709435e+02
1.230000e+01   1.706736e+00   0.000000e+00   0.000000e+00   2.213248e+02   2.649909e-04   1.683811e+02
1.240000e+01   2.274596e+00   0.000000e+00   0.000000e+00   2.215955e+02   2.607036e-04   1.658595e+02
1.250000e+01   2.879668e+00   0.000000e+00   0.000000e+00   2.218736e+02   2.564812e-04   1.633780e+02
1.260000e+01   3.421059e+00   0.000000e+00   0.000000e+00   2.221616e+02   2.523200e-04   1.609359e+02
1.270000e+01   4.024945e+00   0.000000e+00   0.000000e+00   2.224593e+02   2.482194e-04   1.585327e+02
1.280000e+01   4.703702e+00   0.000000e+00   0.000000e+00   2.227666e+02   2.441794e-04   1.561677e+02
1.290000e+01   5.339768e+00   0.000000e+00   0.000000e+00   2.230829e+02   2.401995e-04   1.538405e+02
1.300000e+01   5.815578e+00   0.000000e+00   0.000000e+00   2.234080e+02   2.362795e-04   1.515504e+02
1.310000e+01   6.015620e+00   0.000000e+00   0.000000e+00   2.237414e+02   2.324192e-04   1.492968e+02
1.320000e+01   5.997628e+00   0.000000e+00   0.000000e+00   2.240827e+02   2.286181e-04   1.470792e+02
1.330000e+01   5.866584e+00   0.000000e+00   0.000000e+00   2.244318e+02   2.248759e-04   1.448970e+02
1.340000e+01   5.660250e+00   0.000000e+00   0.000000e+00   2.247880e+02   2.211921e-04   1.427497e+02
1.350000e+01   5.416390e+00   0.000000e+00   0.000000e+00   2.251511e+02   2.175664e-04   1.406366e+02
1.360000e+01   5.171527e+00   0.000000e+00   0.000000e+00   2.255208e+02   2.139981e-04   1.385571e+02
1.370000e+01   4.829348e+00   0.000000e+00   0.000000e+00   2.258968e+02   2.104866e-04   1.365108e+02
1.380000e+01   4.383867e+00   0.000000e+00   0.000000e+00   2.262795e+02   2.070309e-04   1.344970e+02
1.390000e+01   3.939413e+00   0.000000e+00   0.000000e+00   2.266693e+02   2.036297e-04   1.325153e+02
1.400000e+01   3.600318e+00   0.000000e+00   0.000000e+00   2.270664e+02   2.002819e-04   1.305651e+02
1.410000e+01   3.470780e+00   0.000000e+00   0.000000e+00   2.274712e+02   1.969866e-04   1.286458e+02
1.420000e+01   3.587091e+00   0.000000e+00   0.000000e+00   2.278842e+02   1.937426e-04   1.267569e+02
1.430000e+01   3.873650e+00   0.000000e+00   0.000000e+00   2.283055e+02   1.905489e-04   1.248979e+02
1.440000e+01   4.255067e+00   0.000000e+00   0.000000e+00   2.287357e+02   1.874044e-04   1.230682e+02
1.450000e+01   4.655951e+00   0.000000e+00   0.000000e+00   2.291749e+02   1.843081e-04   1.212674e+02
1.460000e+01   5.001055e+00   0.000000e+00   0.000000e+00   2.296237e+02   1.812591e-04   1.194948e+02
1.470000e+01   5.351024e+00   0.000000e+00   0.000000e+00   2.300823e+02   1.782563e-04   1.177499e+02
1.480000e+01   5.749963e+00   0.000000e+00   0.000000e+00   2.305492e+02   1.753003e-04   1.160322e+02
1.490000e+01   6.121287e+00   0.000000e+00   0.000000e+00   2.310198e+02   1.723937e-04   1.143413e+02
1.500000e+01   6.388236e+00   0.000000e+00   0.000000e+00   2.314892e+02   1.695394e-04   1.126766e+02
1.510000e+01   6.474048e+00   0.000000e+00   0.000000e+00   2.319525e+02   1.667399e-04   1.110378e+02
1.520000e+01   6.220890e+00   0.000000e+00   0.000000e+00   2.324047e+02   1.639974e-04   1.094244e+02
1.530000e+01   5.626256e+00   0.000000e+00   0.000000e+00   2.328409e+02   1.613139e-04   1.078359e+02
1.540000e+01   4.846386e+00   0.000000e+00   0.000000e+00   2.332562e+02   1.586912e-04   1.062719e+02
1.550000e+01   4.037516e+00   0.000000e+00   0.000000e+00   2.336457e+02   1.561310e-04   1.047319e+02
1.560000e+01   3.355885e+00   0.000000e+00   0.000000e+00   2.340044e+02   1.536345e-04   1.032155e+02
1.570000e+01   2.753149e+00   0.000000e+00   0.000000e+00   2.343273e+02   1.512031e-04   1.017223e+02
1.580000e+01   2.104227e+00   0.000000e+00   0.000000e+00   2.346096e+02   1.488378e-04   1.002516e+02
1.590000e+01   1.491030e+00   0.000000e+00   0.000000e+00   2.348488e+02   1.465381e-04   9.880325e+01
1.600000e+01   9.975984e-01   0.000000e+00   0.000000e+00   2.350478e+02   1.443001e-04   9.737677e+01
1.610000e+01   7.082445e-01   0.000000e+00   0.000000e+00   2.352108e+02   1.421197e-04   9.597188e+01
1.620000e+01   8.414798e-01   0.000000e+00   0.000000e+00   2.353416e+02   1.399929e-04   9.458825e+01
1.630000e+01   1.433173e+00   0.000000e+00   0.000000e+00   2.354441e+02   1.379160e-04   9.322555e+01
1.640000e+01   2.212753e+00   0.000000e+00   0.000000e+00   2.355223e+02   1.358854e-04   9.188345e+01
1.650000e+01   2.908704e+00   0.000000e+00   0.000000e+00   2.355801e+02   1.338977e-04   9.056164e+01
1.660000e+01   3.249507e+00   0.000000e+00   0.000000e+00   2.356215e+02   1.319498e-04   8.925979e+01
1.670000e+01   3.243283e+00   0.000000e+00   0.000000e+00   2.356503e+02   1.300384e-04   8.797758e+01
1.680000e+01   3.195211e+00   0.000000e+00   0.000000e+00   2.356705e+02   1.281607e-04   8.671467e+01
1.690000e+01   3.118182e+00   0.000000e+00   0.000000e+00   2.356861e+02   1.263139e-04   8.547075e+01
1.700000e+01   3.021980e+00   0.000000e+00   0.000000e+00   2.357004e+02   1.244956e-04   8.424549e+01
1.710000e+01   2.915871e+00   0.000000e+00   0.000000e+00   2.357150e+02   1.227045e-04   8.303861e+01
1.720000e+01   2.809685e+00   0.000000e+00   0.000000e+00   2.357306e+02   1.209398e-04   8.184980e+01
1.730000e+01   2.704891e+00   0.000000e+00   0.000000e+00   2.357482e+02   1.192006e-04   8.067877e+01
1.740000e+01   2.595499e+00   0.000000e+00   0.000000e+00   2.357685e+02   1.174862e-04   7.952523e+01
1.750000e+01   2.475461e+00   0.000000e+00   0.000000e+00   2.357925e+02   1.157956e-04   7.838889e+01
1.760000e+01   2.338727e+00   0.000000e+00   0.000000e+00   2.358210e+02   1.141282e-04   7.726945e+01
1.770000e+01   2.171486e+00   0.000000e+00   0.000000e+00   2.358549e+02   1.124832e-04   7.616663e+01
1.780000e+01   1.960517e+00   0.000000e+00   0.000000e+00   2.358950e+02   1.108598e-04   7.508013e+01
1.790000e+01   1.712093e+00   0.000000e+00   0.000000e+00   2.359422e+02   1.092573e-04   7.400966e+01
1.800000e+01   1.432855e+00   0.000000e+00   0.000000e+00   2.359974e+02   1.076751e-04   7.295492e+01
1.810000e+01   1.129436e+00   0.000000e+00   0.000000e+00   2.360612e+02   1.061124e-04   7.191564e+01
1.820000e+01   5.461019e-01   0.000000e+00   0.000000e+00   2.361331e+02   1.045695e-04   7.089153e+01
1.830000e+01   -6.426357e-01   0.000000e+00   0.000000e+00   2.362113e+02   1.030468e-04   6.988237e+01
1.840000e+01   -2.062392e+00   0.000000e+00   0.000000e+00   2.362940e+02   1.015449e-04   6.888792e+01
1.850000e+01   -3.319812e+00   0.000000e+00   0.000000e+00   2.363794e+02   1.000642e-04   6.790793e+01
1.860000e+01   -4.021542e+00   0.000000e+00   0.000000e+00   2.364657e+02   9.860507e-05   6.694217e+01
1.870000e+01   -3.860577e+00   0.000000e+00   0.000000e+00   2.365512e+02   9.716798e-05   6.599040e+01
1.880000e+01   -3.033508e+00   0.000000e+00   0.000000e+00   2.366342e+02   9.575320e-05   6.505237e+01
1.890000e+01   -1.898809e+00   0.000000e+00   0.000000e+00   2.367127e+02   9.436104e-05   6.412785e+01
1.900000e+01   -8.137680e-01   0.000000e+00   0.000000e+00   2.367851e+02   9.299173e-05   6.321659e+01
1.910000e+01   -1.356717e-01   0.000000e+00   0.000000e+00   2.368496e+02   9.164548e-05   6.231837e+01
1.920000e+01   3.091726e-02   0.000000e+00   0.000000e+00   2.369044e+02   9.032246e-05   6.143293e+01
1.930000e+01   1.595105e-01   0.000000e+00   0.000000e+00   2.369484e+02   8.902258e-05   6.056006e+01
1.940000e+01   2.743024e-01   0.000000e+00   0.000000e+00   2.369826e+02   8.774501e-05   5.969957e+01
1.950000e+01   3.698894e-01   0.000000e+00   0.000000e+00   2.370085e+02   8.648882e-05   5.885132e+01
1.960000e+01   4.408681e-01   0.000000e+00   0.000000e+00   2.370275e+02   8.525309e-05   5.801512e+01
1.970000e+01   3.754779e-01   0.000000e+00   0.000000e+00   2.370411e+02   8.403697e-05   5.719082e+01
1.980000e+01   -3.944713e-02   0.000000e+00   0.000000e+00   2.370507e+02   8.283961e-05   5.637825e+01
1.990000e+01   -6.234148e-01   0.000000e+00   0.000000e+00   2.370578e+02   8.166021e-05   5.557725e+01
2.000000e+01   -1.173269e+00   0.000000e+00   0.000000e+00   2.370638e+02   8.049799e-05   5.478766e+01
2.010000e+01   -1.485855e+00   0.000000e+00   0.000000e+00   2.370703e+02   7.935222e-05   5.400930e+01
2.020000e+01   -1.392882e+00   0.000000e+00   0.000000e+00   2.370786e+02   7.822216e-05   5.324202e+01
2.030000e+01   -9.744333e-01   0.000000e+00   0.000000e+00   2.370902e+02   7.710714e-05   5.248564e+01
2.040000e+01   -3.962824e-01   0.000000e+00   0.000000e+00   2.371065e+02   7.600649e-05   5.174001e+01
2.050000e+01   1.789964e-01   0.000000e+00   0.000000e+00   2.371281e+02   7.491990e-05   5.100498e+01
2.060000e+01   5.906220e-01   0.000000e+00   0.000000e+00   2.371542e+02   7.384747e-05   5.028040e+01
2.070000e+01   7.571114e-01   0.000000e+00   0.000000e+00   2.371837e+02   7.278935e-05   4.956614e+01
2.080000e+01   8.735876e-01   0.000000e+00   0.000000e+00   2.372160e+02   7.174564e-05   4.886206e+01
2.090000e+01   9.526866e-01   0.000000e+00   0.000000e+00   2.372499e+02   7.071645e-05   4.816803e+01
2.100000e+01   9.838740e-01   0.000000e+00   0.000000e+00   2.372847e+02   6.970185e-05   4.748391e+01
2.110000e+01   9.566155e-01   0.000000e+00   0.000000e+00   2.373195e+02   6.870190e-05   4.680955e+01
2.120000e+01   7.295437e-01   0.000000e+00   0.000000e+00   2.373533e+02   6.771665e-05   4.614484e+01
2.130000e+01   -9.478480e-02   0.000000e+00   0.000000e+00   2.373853e+02   6.674615e-05   4.548962e+01
2.140000e+01   -1.240675e+00   0.000000e+00   0.000000e+00   2.374145e+02   6.579041e-05   4.484377e+01
2.150000e+01   -2.364849e+00   0.000000e+00   0.000000e+00   2.374401e+02   6.484943e-05   4.420715e+01
2.160000e+01   -3.124018e+00   0.000000e+00   0.000000e+00   2.374611e+02   6.392319e-05   4.357961e+01
2.170000e+01   -3.218627e+00   0.000000e+00   0.000000e+00   2.374779e+02   6.301143e-05   4.296105e+01
2.180000e+01   -2.755558e+00   0.000000e+00   0.000000e+00   2.374914e+02   6.211363e-05   4.235134e+01
2.190000e+01   -2.000448e+00   0.000000e+00   0.000000e+00   2.375027e+02   6.122931e-05   4.175037e+01
2.200000e+01   -1.212081e+00   0.000000e+00   0.000000e+00   2.375130e+02   6.035799e-05   4.115803e+01
2.210000e+01   -6.492439e-01   0.000000e+00   0.000000e+00   2.375235e+02   5.949922e-05   4.057422e+01
2.220000e+01   -4.804918e-01   0.000000e+00   0.000000e+00   2.375351e+02   5.865255e-05   3.999881e+01
2.230000e+01   -3.924499e-01   0.000000e+00   0.000000e+00   2.375491e+02   5.781755e-05   3.943170e+01
2.240000e+01   -3.361434e-01   0.000000e+00   0.000000e+00   2.375666e+02   5.699383e-05   3.887278e+01
2.250000e+01   -3.226895e-01   0.000000e+00   0.000000e+00   2.375886e+02   5.618098e-05   3.832193e+01
2.260000e+01   -3.632055e-01   0.000000e+00   0.000000e+00   2.376164e+02   5.537862e-05   3.777904e+01
2.270000e+01   -4.936328e-01   0.000000e+00   0.000000e+00   2.376510e+02   5.458639e-05   3.724400e+01
2.280000e+01   -8.248792e-01   0.000000e+00   0.000000e+00   2.376934e+02   5.380395e-05   3.671671e+01
2.290000e+01   -1.268225e+00   0.000000e+00   0.000000e+00   2.377438e+02   5.303120e-05   3.619704e+01
2.300000e+01   -1.705627e+00   0.000000e+00   0.000000e+00   2.378011e+02   5.226827e-05   3.568489e+01
2.310000e+01   -2.019078e+00   0.000000e+00   0.000000e+00   2.378644e+02   5.151529e-05   3.518017e+01
2.320000e+01   -2.110555e+00   0.000000e+00   0.000000e+00   2.379325e+02   5.077237e-05   3.468275e+01
2.330000e+01   -2.062453e+00   0.000000e+00   0.000000e+00   2.380045e+02   5.003959e-05   3.419254e+01
2.340000e+01   -1.950186e+00   0.000000e+00   0.000000e+00   2.380794e+02   4.931705e-05   3.370942e+01
2.350000e+01   -1.831395e+00   0.000000e+00   0.000000e+00   2.381562e+02   4.860480e-05   3.323330e+01
2.360000e+01   -1.763724e+00   0.000000e+00   0.000000e+00   2.382339e+02   4.790291e-05   3.276406e+01
2.370000e+01   -1.803078e+00   0.000000e+00   0.000000e+00   2.383113e+02   4.721141e-05   3.230160e+01
2.380000e+01   -1.959628e+00   0.000000e+00   0.000000e+00   2.383877e+02   4.653034e-05   3.184581e+01
2.390000e+01   -2.194890e+00   0.000000e+00   0.000000e+00   2.384618e+02   4.585971e-05   3.139659e+01
2.400000e+01   -2.468070e+00   0.000000e+00   0.000000e+00   2.385328e+02   4.519953e-05   3.095383e+01
2.410000e+01   -2.737854e+00   0.000000e+00   0.000000e+00   2.386001e+02   4.454970e-05   3.051742e+01
2.420000e+01   -2.972935e+00   0.000000e+00   0.000000e+00   2.386645e+02   4.390994e-05   3.008728e+01
2.430000e+01   -3.232477e+00   0.000000e+00   0.000000e+00   2.387265e+02   4.327995e-05   2.966332e+01
2.440000e+01   -3.500962e+00   0.000000e+00   0.000000e+00   2.387869e+02   4.265946e-05   2.924544e+01
2.450000e+01   -3.738534e+00   0.000000e+00   0.000000e+00   2.388463e+02   4.204820e-05   2.883356e+01
2.460000e+01   -3.905337e+00   0.000000e+00   0.000000e+00   2.389054e+02   4.144591e-05   2.842759e+01
2.470000e+01   -3.968573e+00   0.000000e+00   0.000000e+00   2.389649e+02   4.085232e-05   2.802742e+01
2.480000e+01   -3.981685e+00   0.000000e+00   0.000000e+00   2.390254e+02   4.026719e-05   2.763298e+01
2.490000e+01   -3.975101e+00   0.000000e+00   0.000000e+00   2.390877e+02   3.969028e-05   2.724418e+01
2.500000e+01   -3.961720e+00   0.000000e+00   0.000000e+00   2.391524e+02   3.912134e-05   2.686091e+01
2.510000e+01   -3.954441e+00   0.000000e+00   0.000000e+00   2.392202e+02   3.856015e-05   2.648310e+01
2.520000e+01   -3.974193e+00   0.000000e+00   0.000000e+00   2.392917e+02   3.800648e-05   2.611065e+01
2.530000e+01   -4.112265e+00   0.000000e+00   0.000000e+00   2.393675e+02   3.746014e-05   2.574347e+01
2.540000e+01   -4.333208e+00   0.000000e+00   0.000000e+00   2.394473e+02   3.692111e-05   2.538149e+01
2.550000e+01   -4.563393e+00   0.000000e+00   0.000000e+00   2.395302e+02   3.638943e-05   2.502464e+01
2.560000e+01   -4.729191e+00   0.000000e+00   0.000000e+00   2.396154e+02   3.586512e-05   2.467285e+01
2.570000e+01   -4.728952e+00   0.000000e+00   0.000000e+00   2.397023e+02   3.534821e-05   2.432607e+01
2.580000e+01   -4.154557e+00   0.000000e+00   0.000000e+00   2.397899e+02   3.483872e-05   2.398421e+01
2.590000e+01   -3.130829e+00   0.000000e+00   0.000000e+00   2.398776e+02   3.433666e-05   2.364722e+01
2.600000e+01   -1.966384e+00   0.000000e+00   0.000000e+00   2.399646e+02   3.384203e-05   2.331503e+01
2.610000e+01   -9.698359e-01   0.000000e+00   0.000000e+00   2.400500e+02   3.335484e-05   2.298756e+01
2.620000e+01   -4.244226e-01   0.000000e+00   0.000000e+00   2.401332e+02   3.287506e-05   2.266476e+01
2.630000e+01   -6.725806e-02   0.000000e+00   0.000000e+00   2.402133e+02   3.240269e-05   2.234655e+01
2.640000e+01   2.405293e-01   0.000000e+00   0.000000e+00   2.402896e+02   3.193772e-05   2.203288e+01
2.650000e+01   4.710640e-01   0.000000e+00   0.000000e+00   2.403613e+02   3.148010e-05   2.172366e+01
2.660000e+01   5.970959e-01   0.000000e+00   0.000000e+00   2.404280e+02   3.102977e-05   2.141884e+01
2.670000e+01   5.748759e-01   0.000000e+00   0.000000e+00   2.404905e+02   3.058651e-05   2.111836e+01
2.680000e+01   -2.699804e-03   0.000000e+00   0.000000e+00   2.405497e+02   3.015009e-05   2.082216e+01
2.690000e+01   -1.097766e+00   0.000000e+00   0.000000e+00   2.406066e+02   2.972030e-05   2.053020e+01
2.700000e+01   -2.447256e+00   0.000000e+00   0.000000e+00   2.406621e+02   2.929693e-05   2.024241e+01
2.710000e+01   -3.788105e+00   0.000000e+00   0.000000e+00   2.407172e+02   2.887975e-05   1.995874e+01
2.720000e+01   -4.872024e+00   0.000000e+00   0.000000e+00   2.407729e+02   2.846859e-05   1.967913e+01
2.730000e+01   -5.945547e+00   0.000000e+00   0.000000e+00   2.408300e+02   2.806324e-05   1.940353e+01
2.740000e+01   -7.063720e+00   0.000000e+00   0.000000e+00   2.408895e+02   2.766352e-05   1.913188e+01
2.750000e+01   -8.054902e+00   0.000000e+00   0.000000e+00   2.409525e+02   2.726925e-05   1.886413e+01
2.760000e+01   -8.747452e+00   0.000000e+00   0.000000e+00   2.410197e+02   2.688025e-05   1.860023e+01
2.770000e+01   -8.953684e+00   0.000000e+00   0.000000e+00   2.410923e+02   2.649637e-05   1.834011e+01
2.780000e+01   -7.965455e+00   0.000000e+00   0.000000e+00   2.411710e+02   2.611743e-05   1.808372e+01
2.790000e+01   -5.996549e+00   0.000000e+00   0.000000e+00   2.412566e+02   2.574332e-05   1.783102e+01
2.800000e+01   -3.766411e+00   0.000000e+00   0.000000e+00   2.413486e+02   2.537405e-05   1.758194e+01
2.810000e+01   -1.994736e+00   0.000000e+00   0.000000e+00   2.414465e+02   2.500961e-05   1.733645e+01
2.820000e+01   -1.384892e+00   0.000000e+00   0.000000e+00   2.415497e+02   2.465001e-05   1.709449e+01
2.830000e+01   -1.372012e+00   0.000000e+00   0.000000e+00   2.416579e+02   2.429526e-05   1.685602e+01
2.840000e+01   -1.357304e+00   0.000000e+00   0.000000e+00   2.417704e+02   2.394535e-05   1.662098e+01
2.850000e+01   -1.341897e+00   0.000000e+00   0.000000e+00   2.418868e+02   2.360028e-05   1.638934e+01
2.860000e+01   -1.326917e+00   0.000000e+00   0.000000e+00   2.420064e+02   2.326003e-05   1.616105e+01
2.870000e+01   -1.315990e+00   0.000000e+00   0.000000e+00   2.421289e+02   2.292460e-05   1.593605e+01
2.880000e+01   -1.573509e+00   0.000000e+00   0.000000e+00   2.422537e+02   2.259397e-05   1.571430e+01
2.890000e+01   -2.168278e+00   0.000000e+00   0.000000e+00   2.423802e+02   2.226811e-05   1.549576e+01
2.900000e+01   -2.945846e+00   0.000000e+00   0.000000e+00   2.425079e+02   2.194701e-05   1.528037e+01
2.910000e+01   -3.751761e+00   0.000000e+00   0.000000e+00   2.426364e+02   2.163065e-05   1.506808e+01
2.920000e+01   -4.432386e+00   0.000000e+00   0.000000e+00   2.427652e+02   2.131898e-05   1.485886e+01
2.930000e+01   -5.100339e+00   0.000000e+00   0.000000e+00   2.428943e+02   2.101196e-05   1.465265e+01
2.940000e+01   -5.832341e+00   0.000000e+00   0.000000e+00   2.430236e+02   2.070949e-05   1.444941e+01
2.950000e+01   -6.507445e+00   0.000000e+00   0.000000e+00   2.431534e+02   2.041151e-05   1.424911e+01
2.960000e+01   -7.004706e+00   0.000000e+00   0.000000e+00   2.432837e+02   2.011795e-05   1.405171e+01
2.970000e+01   -7.202585e+00   0.000000e+00   0.000000e+00   2.434145e+02   1.982873e-05   1.385715e+01
2.980000e+01   -6.540571e+00   0.000000e+00   0.000000e+00   2.435461e+02   1.954379e-05   1.366540e+01
2.990000e+01   -5.001857e+00   0.000000e+00   0.000000e+00   2.436783e+02   1.926305e-05   1.347641e+01
3.000000e+01   -3.177700e+00   0.000000e+00   0.000000e+00   2.438114e+02   1.898644e-05   1.329016e+01
3.010000e+01   -1.659360e+00   0.000000e+00   0.000000e+00   2.439455e+02   1.871390e-05   1.310658e+01
3.020000e+01   -1.038095e+00   0.000000e+00   0.000000e+00   2.440805e+02   1.844535e-05   1.292565e+01
3.030000e+01   -1.438750e+00   0.000000e+00   0.000000e+00   2.442166e+02   1.818072e-05   1.274731e+01
3.040000e+01   -2.363550e+00   0.000000e+00   0.000000e+00   2.443539e+02   1.791995e-05   1.257154e+01
3.050000e+01   -3.469837e+00   0.000000e+00   0.000000e+00   2.444924e+02   1.766297e-05   1.239828e+01
3.060000e+01   -4.415409e+00   0.000000e+00   0.000000e+00   2.446321e+02   1.740972e-05   1.222750e+01
3.070000e+01   -4.858725e+00   0.000000e+00   0.000000e+00   2.447727e+02   1.716017e-05   1.205916e+01
3.080000e+01   -4.905464e+00   0.000000e+00   0.000000e+00   2.449140e+02   1.691430e-05   1.189323e+01
3.090000e+01   -4.943868e+00   0.000000e+00   0.000000e+00   2.450557e+02   1.667206e-05   1.172968e+01
3.100000e+01   -4.974750e+00   0.000000e+00   0.000000e+00   2.451974e+02   1.643342e-05   1.156848e+01
3.110000e+01   -4.998452e+00   0.000000e+00   0.000000e+00   2.453390e+02   1.619835e-05   1.140958e+01
3.120000e+01   -5.015320e+00   0.000000e+00   0.000000e+00   2.454801e+02   1.596681e-05   1.125297e+01
3.130000e+01   -4.873980e+00   0.000000e+00   0.000000e+00   2.456205e+02   1.573877e-05   1.109859e+01
3.140000e+01   -4.479671e+00   0.000000e+00   0.000000e+00   2.457599e+02   1.551419e-05   1.094642e+01
3.150000e+01   -3.993544e+00   0.000000e+00   0.000000e+00   2.458979e+02   1.529302e-05   1.079644e+01
3.160000e+01   -3.577641e+00   0.000000e+00   0.000000e+00   2.460344e+02   1.507523e-05   1.064859e+01
3.170000e+01   -3.394007e+00   0.000000e+00   0.000000e+00   2.461690e+02   1.486078e-05   1.050285e+01
3.180000e+01   -3.672205e+00   0.000000e+00   0.000000e+00   2.463015e+02   1.464962e-05   1.035919e+01
3.190000e+01   -4.423782e+00   0.000000e+00   0.000000e+00   2.464316e+02   1.444172e-05   1.021757e+01
3.200000e+01   -5.398114e+00   0.000000e+00   0.000000e+00   2.465594e+02   1.423701e-05   1.007796e+01
3.210000e+01   -6.342427e+00   0.000000e+00   0.000000e+00   2.466852e+02   1.403544e-05   9.940343e+00
3.220000e+01   -7.003918e+00   0.000000e+00   0.000000e+00   2.468093e+02   1.383692e-05   9.804680e+00
3.230000e+01   -7.366838e+00   0.000000e+00   0.000000e+00   2.469323e+02   1.364140e-05   9.670949e+00
3.240000e+01   -7.700446e+00   0.000000e+00   0.000000e+00   2.470544e+02   1.344880e-05   9.539123e+00
3.250000e+01   -7.986767e+00   0.000000e+00   0.000000e+00   2.471760e+02   1.325907e-05   9.409176e+00
3.260000e+01   -8.202900e+00   0.000000e+00   0.000000e+00   2.472976e+02   1.307213e-05   9.281081e+00
3.270000e+01   -8.325942e+00   0.000000e+00   0.000000e+00   2.474195e+02   1.288793e-05   9.154811e+00
3.280000e+01   -8.197531e+00   0.000000e+00   0.000000e+00   2.475421e+02   1.270640e-05   9.030339e+00
3.290000e+01   -7.640460e+00   0.000000e+00   0.000000e+00   2.476658e+02   1.252750e-05   8.907639e+00
3.300000e+01   -6.795098e+00   0.000000e+00   0.000000e+00   2.477909e+02   1.235115e-05   8.786684e+00
3.310000e+01   -5.808018e+00   -0.000000e+00   -0.000000e+00   2.479179e+02   1.217730e-05   8.667448e+00
3.320000e+01   -4.825793e+00   -0.000000e+00   -0.000000e+00   2.480471e+02   1.200590e-05   8.549903e+00
3.330000e+01   -3.744187e+00   -0.000000e+00   -0.000000e+00   2.481790e+02   1.183689e-05   8.434023e+00
3.340000e+01   -2.291859e+00   -0.000000e+00   -0.000000e+00   2.483139e+02   1.167021e-05   8.319783e+00
3.350000e+01   -7.829833e-01   -0.000000e+00   -0.000000e+00   2.484526e+02   1.150581e-05   8.207161e+00
3.360000e+01   4.512685e-01   -0.000000e+00   -0.000000e+00   2.485957e+02   1.134363e-05   8.096138e+00
3.370000e+01   1.079724e+00   -0.000000e+00   -0.000000e+00   2.487439e+02   1.118361e-05   7.986690e+00
3.380000e+01   7.474918e-01   -0.000000e+00   -0.000000e+00   2.488980e+02   1.102570e-05   7.878799e+00
3.390000e+01   -4.872538e-01   -0.000000e+00   -0.000000e+00   2.490586e+02   1.086985e-05   7.772442e+00
3.400000e+01   -2.111831e+00   -0.000000e+00   -0.000000e+00   2.492264e+02   1.071601e-05   7.667599e+00
3.410000e+01   -3.603613e+00   -0.000000e+00   -0.000000e+00   2.494021e+02   1.056412e-05   7.564249e+00
3.420000e+01   -4.439974e+00   -0.000000e+00   -0.000000e+00   2.495864e+02   1.041414e-05   7.462371e+00
3.430000e+01   -4.463860e+00   -0.000000e+00   -0.000000e+00   2.497800e+02   1.026603e-05   7.361945e+00
3.440000e+01   -4.378887e+00   -0.000000e+00   -0.000000e+00   2.499836e+02   1.011973e-05   7.262948e+00
3.450000e+01   -4.264457e+00   -0.000000e+00   -0.000000e+00   2.501979e+02   9.975211e-06   7.165361e+00
3.460000e+01   -4.158274e+00   -0.000000e+00   -0.000000e+00   2.504235e+02   9.832422e-06   7.069162e+00
3.470000e+01   -4.098041e+00   -0.000000e+00   -0.000000e+00   2.506612e+02   9.691324e-06   6.974330e+00
3.480000e+01   -4.345418e+00   -0.000000e+00   -0.000000e+00   2.509115e+02   9.551878e-06   6.880845e+00
3.490000e+01   -5.354323e+00   -0.000000e+00   -0.000000e+00   2.511746e+02   9.414076e-06   6.788688e+00
3.500000e+01   -6.727382e+00   -0.000000e+00   -0.000000e+00   2.514493e+02   9.277947e-06   6.697840e+00
3.510000e+01   -8.018808e+00   -0.000000e+00   -0.000000e+00   2.517346e+02   9.143520e-06   6.608284e+00
3.520000e+01   -8.782817e+00   -0.000000e+00   -0.000000e+00   2.520294e+02   9.010820e-06   6.520004e+00
3.530000e+01   -8.745246e+00   -0.000000e+00   -0.000000e+00   2.523326e+02   8.879870e-06   6.432983e+00
3.540000e+01   -8.314436e+00   -0.000000e+00   -0.000000e+00   2.526432e+02   8.750692e-06   6.347202e+00
3.550000e+01   -7.715768e+00   -0.000000e+00   -0.000000e+00   2.529600e+02   8.623302e-06   6.262645e+00
3.560000e+01   -7.143574e+00   -0.000000e+00   -0.000000e+00   2.532820e+02   8.497715e-06   6.179294e+00
3.570000e+01   -6.792184e+00   -0.000000e+00   -0.000000e+00   2.536082e+02   8.373945e-06   6.097133e+00
3.580000e+01   -6.753889e+00   -0.000000e+00   -0.000000e+00   2.539373e+02   8.252002e-06   6.016144e+00
3.590000e+01   -6.759431e+00   -0.000000e+00   -0.000000e+00   2.542685e+02   8.131894e-06   5.936309e+00
3.600000e+01   -6.768752e+00   -0.000000e+00   -0.000000e+00   2.546005e+02   8.013626e-06   5.857613e+00
3.610000e+01   -6.771406e+00   -0.000000e+00   -0.000000e+00   2.549323e+02   7.897203e-06   5.780036e+00
3.620000e+01   -6.756950e+00   -0.000000e+00   -0.000000e+00   2.552629e+02   7.782627e-06   5.703563e+00
3.630000e+01   -6.577143e+00   -0.000000e+00   -0.000000e+00   2.555911e+02   7.669898e-06   5.628176e+00
3.640000e+01   -5.805432e+00   -0.000000e+00   -0.000000e+00   2.559161e+02   7.559006e-06   5.553858e+00
3.650000e+01   -4.713717e+00   -0.000000e+00   -0.000000e+00   2.562380e+02   7.449922e-06   5.480594e+00
3.660000e+01   -3.644695e+00   -0.000000e+00   -0.000000e+00   2.565569e+02   7.342610e-06   5.408371e+00
3.670000e+01   -2.941063e+00   -0.000000e+00   -0.000000e+00   2.568729e+02   7.237035e-06   5.337174e+00
3.680000e+01   -2.801980e+00   -0.000000e+00   -0.000000e+00   2.571864e+02   7.133162e-06   5.266989e+00
3.690000e+01   -2.762347e+00   -0.000000e+00   -0.000000e+00   2.574973e+02   7.030959e-06   5.197801e+00
3.700000e+01   -2.746421e+00   -0.000000e+00   -0.000000e+00   2.578060e+02   6.930391e-06   5.129596e+00
3.710000e+01   -2.751588e+00   -0.000000e+00   -0.000000e+00   2.581127e+02   6.831427e-06   5.062361e+00
3.720000e+01   -2.775234e+00   -0.000000e+00   -0.000000e+00   2.584174e+02   6.734034e-06   4.996080e+00
3.730000e+01   -2.876122e+00   -0.000000e+00   -0.000000e+00   2.587204e+02   6.638181e-06   4.930740e+00
3.740000e+01   -3.307459e+00   -0.000000e+00   -0.000000e+00   2.590219e+02   6.543836e-06   4.866326e+00
3.750000e+01   -3.947958e+00   -0.000000e+00   -0.000000e+00   2.593220e+02   6.450969e-06   4.802824e+00
3.760000e+01   -4.623098e+00   -0.000000e+00   -0.000000e+00   2.596209e+02   6.359551e-06   4.740220e+00
3.770000e+01   -5.158362e+00   -0.000000e+00   -0.000000e+00   2.599189e+02   6.269550e-06   4.678499e+00
3.780000e+01   -5.433343e+00   -0.000000e+00   -0.000000e+00   2.602160e+02   6.180938e-06   4.617647e+00
3.790000e+01   -5.654227e+00   -0.000000e+00   -0.000000e+00   2.605125e+02   6.093686e-06   4.557650e+00
3.800000e+01   -5.843642e+00   -0.000000e+00   -0.000000e+00   2.608086e+02   6.007767e-06   4.498495e+00
3.810000e+01   -5.975817e+00   -0.000000e+00   -0.000000e+00   2.611042e+02   5.923159e-06   4.440170e+00
3.820000e+01   -6.024878e+00   -0.000000e+00   -0.000000e+00   2.613995e+02   5.839842e-06   4.382665e+00
3.830000e+01   -5.821392e+00   -0.000000e+00   -0.000000e+00   2.616945e+02   5.757797e-06   4.325968e+00
3.840000e+01   -4.553710e+00   -0.000000e+00   -0.000000e+00   2.619892e+02   5.677003e-06   4.270070e+00
3.850000e+01   -2.543978e+00   -0.000000e+00   -0.000000e+00   2.622838e+02   5.597441e-06   4.214959e+00
3.860000e+01   -3.284985e-01   -0.000000e+00   -0.000000e+00   2.625782e+02   5.519091e-06   4.160625e+00
3.870000e+01   1.556426e+00   -0.000000e+00   -0.000000e+00   2.628726e+02   5.441933e-06   4.107058e+00
3.880000e+01   2.693868e+00   -0.000000e+00   -0.000000e+00   2.631669e+02   5.365949e-06   4.054246e+00
3.890000e+01   3.649315e+00   -0.000000e+00   -0.000000e+00   2.634612e+02   5.291120e-06   4.002179e+00
3.900000e+01   4.515848e+00   -0.000000e+00   -0.000000e+00   2.637556e+02   5.217425e-06   3.950847e+00
3.910000e+01   5.206455e+00   -0.000000e+00   -0.000000e+00   2.640501e+02   5.144848e-06   3.900238e+00
3.920000e+01   5.634122e+00   -0.000000e+00   -0.000000e+00   2.643447e+02   5.073368e-06   3.850342e+00
3.930000e+01   5.638463e+00   -0.000000e+00   -0.000000e+00   2.646396e+02   5.002967e-06   3.801149e+00
3.940000e+01   4.629940e+00   -0.000000e+00   -0.000000e+00   2.649348e+02   4.933627e-06   3.752647e+00
3.950000e+01   2.863424e+00   -0.000000e+00   -0.000000e+00   2.652303e+02   4.865330e-06   3.704827e+00
3.960000e+01   7.912348e-01   -0.000000e+00   -0.000000e+00   2.655262e+02   4.798058e-06   3.657676e+00
3.970000e+01   -1.134404e+00   -0.000000e+00   -0.000000e+00   2.658225e+02   4.731793e-06   3.611186e+00
3.980000e+01   -2.539815e+00   -0.000000e+00   -0.000000e+00   2.661191e+02   4.666522e-06   3.565346e+00
3.990000e+01   -3.905917e+00   -0.000000e+00   -0.000000e+00   2.664161e+02   4.602228e-06   3.520148e+00
4.000000e+01   -5.250756e+00   -0.000000e+00   -0.000000e+00   2.667132e+02   4.538897e-06   3.475580e+00
4.010000e+01   -6.375325e+00   -0.000000e+00   -0.000000e+00   2.670106e+02   4.476515e-06   3.431634e+00
4.020000e+01   -7.080615e+00   -0.000000e+00   -0.000000e+00   2.673081e+02   4.415067e-06   3.388300e+00
4.030000e+01   -7.147561e+00   -0.000000e+00   -0.000000e+00   2.676058e+02   4.354537e-06   3.345568e+00
4.040000e+01   -6.315324e+00   -0.000000e+00   -0.000000e+00   2.679035e+02   4.294911e-06   3.303429e+00
4.050000e+01   -4.926283e+00   -0.000000e+00   -0.000000e+00   2.682012e+02   4.236175e-06   3.261873e+00
4.060000e+01   -3.452774e+00   -0.000000e+00   -0.000000e+00   2.684989e+02   4.178313e-06   3.220890e+00
4.070000e+01   -2.367137e+00   -0.000000e+00   -0.000000e+00   2.687965e+02   4.121312e-06   3.180471e+00
4.080000e+01   -2.087213e+00   -0.000000e+00   -0.000000e+00   2.690940e+02   4.065155e-06   3.140606e+00
4.090000e+01   -2.092289e+00   -0.000000e+00   -0.000000e+00   2.693913e+02   4.009829e-06   3.101285e+00
4.100000e+01   -2.123528e+00   -0.000000e+00   -0.000000e+00   2.696883e+02   3.955319e-06   3.062500e+00
4.110000e+01   -2.180140e+00   -0.000000e+00   -0.000000e+00   2.699851e+02   3.901611e-06   3.024239e+00
4.120000e+01   -2.261334e+00   -0.000000e+00   -0.000000e+00   2.702816e+02   3.848689e-06   2.986494e+00
4.130000e+01   -2.434443e+00   -0.000000e+00   -0.000000e+00   2.705777e+02   3.796540e-06   2.949255e+00
4.140000e+01   -3.815862e+00   -0.000000e+00   -0.000000e+00   2.708734e+02   3.745149e-06   2.912513e+00
4.150000e+01   -6.186557e+00   -0.000000e+00   -0.000000e+00   2.711688e+02   3.694504e-06   2.876260e+00
4.160000e+01   -8.740138e+00   -0.000000e+00   -0.000000e+00   2.714641e+02   3.644591e-06   2.840492e+00
4.170000e+01   -1.067022e+01   -0.000000e+00   -0.000000e+00   2.717594e+02   3.595399e-06   2.805201e+00
4.180000e+01   -1.121961e+01   -0.000000e+00   -0.000000e+00   2.720549e+02   3.546915e-06   2.770382e+00
4.190000e+01   -1.103058e+01   -0.000000e+00   -0.000000e+00   2.723506e+02   3.499129e-06   2.736029e+00
4.200000e+01   -1.061563e+01   -0.000000e+00   -0.000000e+00   2.726468e+02   3.452027e-06   2.702135e+00
4.210000e+01   -1.004154e+01   -0.000000e+00   -0.000000e+00   2.729436e+02   3.405599e-06   2.668694e+00
4.220000e+01   -9.375083e+00   -0.000000e+00   -0.000000e+00   2.732411e+02   3.359832e-06   2.635700e+00
4.230000e+01   -8.668217e+00   -0.000000e+00   -0.000000e+00   2.735395e+02   3.314716e-06   2.603147e+00
4.240000e+01   -7.554248e+00   -0.000000e+00   -0.000000e+00   2.738389e+02   3.270239e-06   2.571029e+00
4.250000e+01   -6.068789e+00   -0.000000e+00   -0.000000e+00   2.741395e+02   3.226390e-06   2.539340e+00
4.260000e+01   -4.509006e+00   -0.000000e+00   -0.000000e+00   2.744413e+02   3.183159e-06   2.508073e+00
4.270000e+01   -3.172063e+00   -0.000000e+00   -0.000000e+00   2.747446e+02   3.140534e-06   2.477223e+00
4.280000e+01   -2.346336e+00   -0.000000e+00   -0.000000e+00   2.750495e+02   3.098505e-06   2.446783e+00
4.290000e+01   -1.849796e+00   -0.000000e+00   -0.000000e+00   2.753562e+02   3.057060e-06   2.416747e+00
4.300000e+01   -1.468062e+00   -0.000000e+00   -0.000000e+00   2.756647e+02   3.016190e-06   2.387109e+00
4.310000e+01   -1.168303e+00   -0.000000e+00   -0.000000e+00   2.759752e+02   2.975885e-06   2.357863e+00
4.320000e+01   -9.175716e-01   -0.000000e+00   -0.000000e+00   2.762878e+02   2.936134e-06   2.329003e+00
4.330000e+01   -6.831179e-01   -0.000000e+00   -0.000000e+00   2.766020e+02   2.896937e-06   2.300524e+00
4.340000e+01   -4.990909e-01   -0.000000e+00   -0.000000e+00   2.769167e+02   2.858295e-06   2.272420e+00
4.350000e+01   -3.675074e-01   -0.000000e+00   -0.000000e+00   2.772312e+02   2.820209e-06   2.244687e+00
4.360000e+01   -2.468443e-01   -0.000000e+00   -0.000000e+00   2.775446e+02   2.782680e-06   2.217320e+00
4.370000e+01   -9.557869e-02   -0.000000e+00   -0.000000e+00   2.778562e+02   2.745707e-06   2.190315e+00
4.380000e+01   1.295223e-01   -0.000000e+00   -0.000000e+00   2.781649e+02   2.709290e-06   2.163666e+00
4.390000e+01   6.195547e-01   -0.000000e+00   -0.000000e+00   2.784699e+02   2.673429e-06   2.137368e+00
4.400000e+01   1.330656e+00   -0.000000e+00   -0.000000e+00   2.787705e+02   2.638121e-06   2.111416e+00
4.410000e+01   2.045518e+00   -0.000000e+00   -0.000000e+00   2.790657e+02   2.603366e-06   2.085807e+00
4.420000e+01   2.546833e+00   -0.000000e+00   -0.000000e+00   2.793547e+02   2.569162e-06   2.060534e+00
4.430000e+01   2.616347e+00   -0.000000e+00   -0.000000e+00   2.796366e+02   2.535506e-06   2.035593e+00
4.440000e+01   1.904797e+00   -0.000000e+00   -0.000000e+00   2.799106e+02   2.502395e-06   2.010979e+00
4.450000e+01   4.935893e-01   -0.000000e+00   -0.000000e+00   2.801758e+02   2.469828e-06   1.986688e+00
4.460000e+01   -1.268211e+00   -0.000000e+00   -0.000000e+00   2.804313e+02   2.437800e-06   1.962713e+00
4.470000e+01   -3.031541e+00   -0.000000e+00   -0.000000e+00   2.806764e+02   2.406307e-06   1.939051e+00
4.480000e+01   -4.447608e+00   -0.000000e+00   -0.000000e+00   2.809101e+02   2.375348e-06   1.915697e+00
4.490000e+01   -5.503780e+00   -0.000000e+00   -0.000000e+00   2.811316e+02   2.344916e-06   1.892646e+00
4.500000e+01   -6.439596e+00   -0.000000e+00   -0.000000e+00   2.813400e+02   2.315009e-06   1.869892e+00
4.510000e+01   -7.332318e+00   -0.000000e+00   -0.000000e+00   2.815347e+02   2.285620e-06   1.847431e+00
4.520000e+01   -8.259731e+00   -0.000000e+00   -0.000000e+00   2.817159e+02   2.256736e-06   1.825259e+00
4.530000e+01   -9.299792e+00   -0.000000e+00   -0.000000e+00   2.818842e+02   2.228343e-06   1.803371e+00
4.540000e+01   -1.070707e+01   -0.000000e+00   -0.000000e+00   2.820402e+02   2.200426e-06   1.781764e+00
4.550000e+01   -1.244790e+01   -0.000000e+00   -0.000000e+00   2.821845e+02   2.172970e-06   1.760432e+00
4.560000e+01   -1.416789e+01   -0.000000e+00   -0.000000e+00   2.823177e+02   2.145962e-06   1.739372e+00
4.570000e+01   -1.551266e+01   -0.000000e+00   -0.000000e+00   2.824404e+02   2.119388e-06   1.718580e+00
4.580000e+01   -1.612783e+01   -0.000000e+00   -0.000000e+00   2.825531e+02   2.093236e-06   1.698050e+00
4.590000e+01   -1.594548e+01   -0.000000e+00   -0.000000e+00   2.826565e+02   2.067491e-06   1.677780e+00
4.600000e+01   -1.528184e+01   -0.000000e+00   -0.000000e+00   2.827510e+02   2.042143e-06   1.657764e+00
4.610000e+01   -1.431687e+01   -0.000000e+00   -0.000000e+00   2.828374e+02   2.017179e-06   1.637999e+00
4.620000e+01   -1.323026e+01   -0.000000e+00   -0.000000e+00   2.829162e+02   1.992587e-06   1.618480e+00
4.630000e+01   -1.220172e+01   -0.000000e+00   -0.000000e+00   2.829879e+02   1.968355e-06   1.599203e+00
4.640000e+01   -1.112769e+01   -0.000000e+00   -0.000000e+00   2.830533e+02   1.944472e-06   1.580164e+00
4.650000e+01   -9.837739e+00   -0.000000e+00   -0.000000e+00   2.831127e+02   1.920927e-06   1.561358e+00
4.660000e+01   -8.535077e+00   -0.000000e+00   -0.000000e+00   2.831669e+02   1.897709e-06   1.542782e+00
4.670000e+01   -7.424361e+00   -0.000000e+00   -0.000000e+00   2.832165e+02   1.874807e-06   1.524430e+00
4.680000e+01   -6.710250e+00   -0.000000e+00   -0.000000e+00   2.832619e+02   1.852212e-06   1.506299e+00
4.690000e+01   -6.365239e+00   -0.000000e+00   -0.000000e+00   2.833039e+02   1.829913e-06   1.488385e+00
4.700000e+01   -6.108507e+00   -0.000000e+00   -0.000000e+00   2.833429e+02   1.807900e-06   1.470683e+00
4.710000e+01   -5.897653e+00   -0.000000e+00   -0.000000e+00   2.833793e+02   1.786166e-06   1.453190e+00
4.720000e+01   -5.693018e+00   -0.000000e+00   -0.000000e+00   2.834130e+02   1.764708e-06   1.435903e+00
4.730000e+01   -5.454971e+00   -0.000000e+00   -0.000000e+00   2.834436e+02   1.743525e-06   1.418820e+00
4.740000e+01   -5.138516e+00   -0.000000e+00   -0.000000e+00   2.834711e+02   1.722614e-06   1.401939e+00
4.750000e+01   -4.757187e+00   -0.000000e+00   -0.000000e+00   2.834950e+02   1.701973e-06   1.385257e+00
4.760000e+01   -4.377604e+00   -0.000000e+00   -0.000000e+00   2.835153e+02   1.681600e-06   1.368773e+00
4.770000e+01   -4.066833e+00   -0.000000e+00   -0.000000e+00   2.835318e+02   1.661492e-06   1.352484e+00
4.780000e+01   -3.891938e+00   -0.000000e+00   -0.000000e+00   2.835441e+02   1.641647e-06   1.336388e+00
4.790000e+01   -3.840781e+00   -0.000000e+00   -0.000000e+00   2.835520e+02   1.622063e-06   1.320483e+00
4.800000e+01   -3.796898e+00   -0.000000e+00   -0.000000e+00   2.835554e+02   1.602737e-06   1.304766e+00
4.810000e+01   -3.757027e+00   -0.000000e+00   -0.000000e+00   2.835541e+02   1.583667e-06   1.289235e+00
4.820000e+01   -3.720759e+00   -0.000000e+00   -0.000000e+00   2.835477e+02   1.564850e-06   1.273888e+00
4.830000e+01   -3.687689e+00   -0.000000e+00   -0.000000e+00   2.835361e+02   1.546284e-06   1.258723e+00
4.840000e+01   -3.729145e+00   -0.000000e+00   -0.000000e+00   2.835190e+02   1.527966e-06   1.243737e+00
4.850000e+01   -3.936143e+00   -0.000000e+00   -0.000000e+00   2.834963e+02   1.509894e-06   1.228928e+00
4.860000e+01   -4.208774e+00   -0.000000e+00   -0.000000e+00   2.834677e+02   1.492065e-06   1.214294e+00
4.870000e+01   -4.441948e+00   -0.000000e+00   -0.000000e+00   2.834330e+02   1.474476e-06   1.199832e+00
4.880000e+01   -4.530573e+00   -0.000000e+00   -0.000000e+00   2.833919e+02   1.457125e-06   1.185542e+00
4.890000e+01   -4.232704e+00   -0.000000e+00   -0.000000e+00   2.833443e+02   1.440009e-06   1.171419e+00
4.900000e+01   -3.358155e+00   -0.000000e+00   -0.000000e+00   2.832899e+02   1.423126e-06   1.157462e+00
4.910000e+01   -2.229231e+00   -0.000000e+00   -0.000000e+00   2.832287e+02   1.406471e-06   1.143669e+00
4.920000e+01   -1.184833e+00   -0.000000e+00   -0.000000e+00   2.831611e+02   1.390039e-06   1.130038e+00
4.930000e+01   -5.638475e-01   -0.000000e+00   -0.000000e+00   2.830877e+02   1.373825e-06   1.116567e+00
4.940000e+01   -7.778238e-01   -0.000000e+00   -0.000000e+00   2.830090e+02   1.357823e-06   1.103255e+00
4.950000e+01   -1.970160e+00   -0.000000e+00   -0.000000e+00   2.829254e+02   1.342028e-06   1.090099e+00
4.960000e+01   -3.732664e+00   -0.000000e+00   -0.000000e+00   2.828375e+02   1.326434e-06   1.077098e+00
4.970000e+01   -5.638457e+00   -0.000000e+00   -0.000000e+00   2.827458e+02   1.311037e-06   1.064249e+00
4.980000e+01   -7.260663e+00   -0.000000e+00   -0.000000e+00   2.826508e+02   1.295831e-06   1.051552e+00
4.990000e+01   -8.447750e+00   -0.000000e+00   -0.000000e+00   2.825529e+02   1.280812e-06   1.039005e+00
5.000000e+01   -9.688087e+00   -0.000000e+00   -0.000000e+00   2.824529e+02   1.265975e-06   1.026605e+00
5.010000e+01   -1.084527e+01   -0.000000e+00   -0.000000e+00   2.823510e+02   1.251314e-06   1.014351e+00
5.020000e+01   -1.173597e+01   -0.000000e+00   -0.000000e+00   2.822479e+02   1.236827e-06   1.002241e+00
5.030000e+01   -1.217685e+01   -0.000000e+00   -0.000000e+00   2.821440e+02   1.222507e-06   9.902725e-01
5.040000e+01   -1.210411e+01   -0.000000e+00   -0.000000e+00   2.820399e+02   1.208352e-06   9.784450e-01
5.050000e+01   -1.183063e+01   -0.000000e+00   -0.000000e+00   2.819361e+02   1.194356e-06   9.667560e-01
5.060000e+01   -1.143150e+01   -0.000000e+00   -0.000000e+00   2.818331e+02   1.180516e-06   9.552039e-01
5.070000e+01   -1.095625e+01   -0.000000e+00   -0.000000e+00   2.817313e+02   1.166827e-06   9.437868e-01
5.080000e+01   -1.045441e+01   -0.000000e+00   -0.000000e+00   2.816313e+02   1.153286e-06   9.325029e-01
5.090000e+01   -9.930308e+00   -0.000000e+00   -0.000000e+00   2.815337e+02   1.139888e-06   9.213504e-01
5.100000e+01   -9.271550e+00   -0.000000e+00   -0.000000e+00   2.814389e+02   1.126630e-06   9.103276e-01
5.110000e+01   -8.519405e+00   -0.000000e+00   -0.000000e+00   2.813473e+02   1.113508e-06   8.994326e-01
5.120000e+01   -7.730060e+00   -0.000000e+00   -0.000000e+00   2.812588e+02   1.100523e-06   8.886640e-01
5.130000e+01   -6.959492e+00   -0.000000e+00   -0.000000e+00   2.811726e+02   1.087675e-06   8.780203e-01
5.140000e+01   -6.221537e+00   -0.000000e+00   -0.000000e+00   2.810882e+02   1.074966e-06   8.675002e-01
5.150000e+01   -5.411886e+00   -0.000000e+00   -0.000000e+00   2.810049e+02   1.062396e-06   8.571021e-01
5.160000e+01   -4.597323e+00   -0.000000e+00   -0.000000e+00   2.809222e+02   1.049966e-06   8.468249e-01
5.170000e+01   -3.864167e+00   -0.000000e+00   -0.000000e+00   2.808393e+02   1.037677e-06   8.366670e-01
5.180000e+01   -3.298737e+00   -0.000000e+00   -0.000000e+00   2.807557e+02   1.025531e-06   8.266270e-01
5.190000e+01   -2.939742e+00   -0.000000e+00   -0.000000e+00   2.806707e+02   1.013526e-06   8.167036e-01
5.200000e+01   -2.625881e+00   -0.000000e+00   -0.000000e+00   2.805837e+02   1.001665e-06   8.068954e-01
5.210000e+01   -2.352805e+00   -0.000000e+00   -0.000000e+00   2.804940e+02   9.899468e-07   7.972010e-01
5.220000e+01   -2.141977e+00   -0.000000e+00   -0.000000e+00   2.804011e+02   9.783721e-07   7.876189e-01
5.230000e+01   -2.014857e+00   -0.000000e+00   -0.000000e+00   2.803043e+02   9.669410e-07   7.781478e-01
5.240000e+01   -2.102162e+00   -0.000000e+00   -0.000000e+00   2.802030e+02   9.556537e-07   7.687863e-01
5.250000e+01   -2.844756e+00   -0.000000e+00   -0.000000e+00   2.800965e+02   9.445102e-07   7.595330e-01
5.260000e+01   -3.964395e+00   -0.000000e+00   -0.000000e+00   2.799842e+02   9.335102e-07   7.503864e-01
5.270000e+01   -5.084747e+00   -0.000000e+00   -0.000000e+00   2.798655e+02   9.226538e-07   7.413453e-01
5.280000e+01   -5.829484e+00   -0.000000e+00   -0.000000e+00   2.797398e+02   9.119405e-07   7.324082e-01
5.290000e+01   -5.946063e+00   -0.000000e+00   -0.000000e+00   2.796065e+02   9.013702e-07   7.235736e-01
5.300000e+01   -5.941716e+00   -0.000000e+00   -0.000000e+00   2.794648e+02   8.909423e-07   7.148403e-01
5.310000e+01   -5.923810e+00   -0.000000e+00   -0.000000e+00   2.793142e+02   8.806565e-07   7.062068e-01
5.320000e+01   -5.891693e+00   -0.000000e+00   -0.000000e+00   2.791542e+02   8.705117e-07   6.976718e-01
5.330000e+01   -5.845244e+00   -0.000000e+00   -0.000000e+00   2.789850e+02   8.605052e-07   6.892341e-01
5.340000e+01   -5.699031e+00   -0.000000e+00   -0.000000e+00   2.788071e+02   8.506336e-07   6.808927e-01
5.350000e+01   -4.986240e+00   -0.000000e+00   -0.000000e+00   2.786207e+02   8.408938e-07   6.726466e-01
5.360000e+01   -3.916486e+00   -0.000000e+00   -0.000000e+00   2.784264e+02   8.312827e-07   6.644947e-01
5.370000e+01   -2.826984e+00   -0.000000e+00   -0.000000e+00   2.782244e+02   8.217972e-07   6.564359e-01
5.380000e+01   -2.054950e+00   -0.000000e+00   -0.000000e+00   2.780153e+02   8.124344e-07   6.484692e-01
5.390000e+01   -1.887176e+00   -0.000000e+00   -0.000000e+00   2.777993e+02   8.031912e-07   6.405935e-01
5.400000e+01   -2.117909e+00   -0.000000e+00   -0.000000e+00   2.775770e+02   7.940649e-07   6.328078e-01
5.410000e+01   -2.604028e+00   -0.000000e+00   -0.000000e+00   2.773486e+02   7.850527e-07   6.251110e-01
5.420000e+01   -3.266352e+00   -0.000000e+00   -0.000000e+00   2.771146e+02   7.761518e-07   6.175021e-01
5.430000e+01   -4.025701e+00   -0.000000e+00   -0.000000e+00   2.768754e+02   7.673596e-07   6.099800e-01
5.440000e+01   -4.862975e+00   -0.000000e+00   -0.000000e+00   2.766313e+02   7.586733e-07   6.025437e-01
5.450000e+01   -6.186566e+00   -0.000000e+00   -0.000000e+00   2.763828e+02   7.500906e-07   5.951921e-01
5.460000e+01   -7.856277e+00   -0.000000e+00   -0.000000e+00   2.761303e+02   7.416087e-07   5.879241e-01
5.470000e+01   -9.584208e+00   -0.000000e+00   -0.000000e+00   2.758742e+02   7.332252e-07   5.807387e-01
5.480000e+01   -1.108246e+01   -0.000000e+00   -0.000000e+00   2.756148e+02   7.249378e-07   5.736349e-01
5.490000e+01   -1.211718e+01   -0.000000e+00   -0.000000e+00   2.753525e+02   7.167439e-07   5.666116e-01
5.500000e+01   -1.304496e+01   -0.000000e+00   -0.000000e+00   2.750879e+02   7.086413e-07   5.596677e-01
5.510000e+01   -1.390625e+01   -0.000000e+00   -0.000000e+00   2.748211e+02   7.006277e-07   5.528022e-01
5.520000e+01   -1.459220e+01   -0.000000e+00   -0.000000e+00   2.745527e+02   6.927009e-07   5.460141e-01
5.530000e+01   -1.499398e+01   -0.000000e+00   -0.000000e+00   2.742830e+02   6.848587e-07   5.393022e-01
5.540000e+01   -1.500414e+01   -0.000000e+00   -0.000000e+00   2.740120e+02   6.771002e-07   5.326659e-01
5.550000e+01   -1.459612e+01   -0.000000e+00   -0.000000e+00   2.737399e+02   6.694244e-07   5.261044e-01
5.560000e+01   -1.386866e+01   -0.000000e+00   -0.000000e+00   2.734666e+02   6.618303e-07   5.196169e-01
5.570000e+01   -1.293128e+01   -0.000000e+00   -0.000000e+00   2.731922e+02   6.543170e-07   5.132026e-01
5.580000e+01   -1.189349e+01   -0.000000e+00   -0.000000e+00   2.729167e+02   6.468837e-07   5.068608e-01
5.590000e+01   -1.082915e+01   -0.000000e+00   -0.000000e+00   2.726403e+02   6.395294e-07   5.005908e-01
5.600000e+01   -9.340397e+00   -0.000000e+00   -0.000000e+00   2.723628e+02   6.322531e-07   4.943917e-01
5.610000e+01   -7.523089e+00   -0.000000e+00   -0.000000e+00   2.720845e+02   6.250540e-07   4.882628e-01
5.620000e+01   -5.683314e+00   -0.000000e+00   -0.000000e+00   2.718052e+02   6.179312e-07   4.822034e-01
5.630000e+01   -4.127162e+00   -0.000000e+00   -0.000000e+00   2.715251e+02   6.108837e-07   4.762126e-01
5.640000e+01   -3.138114e+00   -0.000000e+00   -0.000000e+00   2.712442e+02   6.039107e-07   4.702898e-01
5.650000e+01   -2.482330e+00   -0.000000e+00   -0.000000e+00   2.709626e+02   5.970112e-07   4.644341e-01
5.660000e+01   -1.962407e+00   -0.000000e+00   -0.000000e+00   2.706802e+02   5.901843e-07   4.586449e-01
5.670000e+01   -1.519170e+00   -0.000000e+00   -0.000000e+00   2.703972e+02   5.834292e-07   4.529213e-01
5.680000e+01   -1.093444e+00   -0.000000e+00   -0.000000e+00   2.701135e+02   5.767450e-07   4.472625e-01
5.690000e+01   -6.277870e-01   -0.000000e+00   -0.000000e+00   2.698293e+02   5.701307e-07   4.416679e-01
5.700000e+01   -1.278377e-01   -0.000000e+00   -0.000000e+00   2.695445e+02   5.635854e-07   4.361367e-01
5.710000e+01   3.700254e-01   -0.000000e+00   -0.000000e+00   2.692593e+02   5.571083e-07   4.306681e-01
5.720000e+01   8.397852e-01   -0.000000e+00   -0.000000e+00   2.689736e+02   5.506985e-07   4.252613e-01
5.730000e+01   1.255425e+00   -0.000000e+00   -0.000000e+00   2.686874e+02   5.443550e-07   4.199155e-01
5.740000e+01   1.594498e+00   -0.000000e+00   -0.000000e+00   2.684008e+02   5.380774e-07   4.146302e-01
5.750000e+01   1.929896e+00   -0.000000e+00   -0.000000e+00   2.681133e+02   5.318657e-07   4.094046e-01
5.760000e+01   2.256094e+00   -0.000000e+00   -0.000000e+00   2.678244e+02   5.257205e-07   4.042382e-01
5.770000e+01   2.512144e+00   -0.000000e+00   -0.000000e+00   2.675335e+02   5.196420e-07   3.991304e-01
5.780000e+01   2.637100e+00   -0.000000e+00   -0.000000e+00   2.672403e+02   5.136305e-07   3.940806e-01
5.790000e+01   2.557635e+00   -0.000000e+00   -0.000000e+00   2.669441e+02   5.076864e-07   3.890883e-01
5.800000e+01   1.734628e+00   -0.000000e+00   -0.000000e+00   2.666445e+02   5.018098e-07   3.841529e-01
5.810000e+01   1.534901e-01   -0.000000e+00   -0.000000e+00   2.663410e+02   4.960009e-07   3.792737e-01
5.820000e+01   -1.844299e+00   -0.000000e+00   -0.000000e+00   2.660331e+02   4.902598e-07   3.744503e-01
5.830000e+01   -3.917261e+00   -0.000000e+00   -0.000000e+00   2.657202e+02   4.845866e-07   3.696820e-01
5.840000e+01   -5.734399e+00   -0.000000e+00   -0.000000e+00   2.654020e+02   4.789815e-07   3.649683e-01
5.850000e+01   -7.675254e+00   -0.000000e+00   -0.000000e+00   2.650778e+02   4.734444e-07   3.603086e-01
5.860000e+01   -9.821411e+00   -0.000000e+00   -0.000000e+00   2.647472e+02   4.679754e-07   3.557023e-01
5.870000e+01   -1.180876e+01   -0.000000e+00   -0.000000e+00   2.644097e+02   4.625743e-07   3.511489e-01
5.880000e+01   -1.327320e+01   -0.000000e+00   -0.000000e+00   2.640648e+02   4.572413e-07   3.466477e-01
5.890000e+01   -1.385313e+01   -0.000000e+00   -0.000000e+00   2.637119e+02   4.519761e-07   3.421981e-01
5.900000e+01   -1.359745e+01   -0.000000e+00   -0.000000e+00   2.633507e+02   4.467787e-07   3.377997e-01
5.910000e+01   -1.284458e+01   -0.000000e+00   -0.000000e+00   2.629805e+02   4.416489e-07   3.334518e-01
5.920000e+01   -1.180712e+01   -0.000000e+00   -0.000000e+00   2.626010e+02   4.365865e-07   3.291539e-01
5.930000e+01   -1.069767e+01   -0.000000e+00   -0.000000e+00   2.622115e+02   4.315914e-07   3.249053e-01
5.940000e+01   -9.728250e+00   -0.000000e+00   -0.000000e+00   2.618116e+02   4.266633e-07   3.207056e-01
5.950000e+01   -8.912845e+00   -0.000000e+00   -0.000000e+00   2.614011e+02   4.218015e-07   3.165541e-01
5.960000e+01   -8.115853e+00   -0.000000e+00   -0.000000e+00   2.609806e+02   4.170042e-07   3.124503e-01
5.970000e+01   -7.275421e+00   -0.000000e+00   -0.000000e+00   2.605506e+02   4.122695e-07   3.083939e-01
5.980000e+01   -6.329696e+00   -0.000000e+00   -0.000000e+00   2.601118e+02   4.075958e-07   3.043842e-01
5.990000e+01   -5.216588e+00   -0.000000e+00   -0.000000e+00   2.596647e+02   4.029813e-07   3.004209e-01
6.000000e+01   -3.707138e+00   -0.000000e+00   -0.000000e+00   2.592099e+02   3.984243e-07   2.965034e-01
6.010000e+01   -1.814612e+00   -0.000000e+00   -0.000000e+00   2.587480e+02   3.939232e-07   2.926314e-01
6.020000e+01   2.004521e-01   -0.000000e+00   -0.000000e+00   2.582796e+02   3.894763e-07   2.888042e-01
6.030000e+01   2.077514e+00   -0.000000e+00   -0.000000e+00   2.578052e+02   3.850822e-07   2.850214e-01
6.040000e+01   3.556035e+00   -0.000000e+00   -0.000000e+00   2.573256e+02   3.807392e-07   2.812826e-01
6.050000e+01   4.788317e+00   -0.000000e+00   -0.000000e+00   2.568412e+02   3.764459e-07   2.775873e-01
6.060000e+01   6.008285e+00   -0.000000e+00   -0.000000e+00   2.563526e+02   3.722008e-07   2.739349e-01
6.070000e+01   7.077834e+00   -0.000000e+00   -0.000000e+00   2.558605e+02   3.680025e-07   2.703251e-01
6.080000e+01   7.858860e+00   -0.000000e+00   -0.000000e+00   2.553654e+02   3.638496e-07   2.667573e-01
6.090000e+01   8.213255e+00   -0.000000e+00   -0.000000e+00   2.548679e+02   3.597407e-07   2.632310e-01
6.100000e+01   7.896376e+00   -0.000000e+00   -0.000000e+00   2.543686e+02   3.556745e-07   2.597458e-01
6.110000e+01   6.952444e+00   -0.000000e+00   -0.000000e+00   2.538681e+02   3.516497e-07   2.563012e-01
6.120000e+01   5.714243e+00   -0.000000e+00   -0.000000e+00   2.533669e+02   3.476650e-07   2.528968e-01
6.130000e+01   4.514772e+00   -0.000000e+00   -0.000000e+00   2.528658e+02   3.437192e-07   2.495320e-01
6.140000e+01   3.687032e+00   -0.000000e+00   -0.000000e+00   2.523651e+02   3.398110e-07   2.462063e-01
6.150000e+01   3.199113e+00   -0.000000e+00   -0.000000e+00   2.518657e+02   3.359393e-07   2.429193e-01
6.160000e+01   2.743185e+00   -0.000000e+00   -0.000000e+00   2.513674e+02   3.321036e-07   2.396706e-01
6.170000e+01   2.377831e+00   -0.000000e+00   -0.000000e+00   2.508701e+02   3.283040e-07   2.364598e-01
6.180000e+01   2.163279e+00   -0.000000e+00   -0.000000e+00   2.503736e+02   3.245405e-07   2.332866e-01
6.190000e+01   2.159756e+00   -0.000000e+00   -0.000000e+00   2.498776e+02   3.208132e-07   2.301505e-01
6.200000e+01   2.579295e+00   -0.000000e+00   -0.000000e+00   2.493819e+02   3.171221e-07   2.270512e-01
6.210000e+01   3.484371e+00   -0.000000e+00   -0.000000e+00   2.488863e+02   3.134672e-07   2.239883e-01
6.220000e+01   4.573871e+00   -0.000000e+00   -0.000000e+00   2.483905e+02   3.098484e-07   2.209615e-01
6.230000e+01   5.544205e+00   -0.000000e+00   -0.000000e+00   2.478944e+02   3.062658e-07   2.179704e-01
6.240000e+01   6.091779e+00   -0.000000e+00   -0.000000e+00   2.473975e+02   3.027194e-07   2.150146e-01
6.250000e+01   6.159716e+00   -0.000000e+00   -0.000000e+00   2.468999e+02   2.992090e-07   2.120937e-01
6.260000e+01   6.038150e+00   -0.000000e+00   -0.000000e+00   2.464011e+02   2.957346e-07   2.092074e-01
6.270000e+01   5.754407e+00   -0.000000e+00   -0.000000e+00   2.459010e+02   2.922961e-07   2.063554e-01
6.280000e+01   5.330939e+00   -0.000000e+00   -0.000000e+00   2.453994e+02   2.888935e-07   2.035371e-01
6.290000e+01   4.790197e+00   -0.000000e+00   -0.000000e+00   2.448960e+02   2.855266e-07   2.007523e-01
6.300000e+01   3.633187e+00   -0.000000e+00   -0.000000e+00   2.443905e+02   2.821954e-07   1.980006e-01
6.310000e+01   1.222337e+00   -0.000000e+00   -0.000000e+00   2.438828e+02   2.788996e-07   1.952817e-01
6.320000e+01   -1.908689e+00   -0.000000e+00   -0.000000e+00   2.433726e+02   2.756393e-07   1.925951e-01
6.330000e+01   -5.202898e+00   -0.000000e+00   -0.000000e+00   2.428597e+02   2.724141e-07   1.899404e-01
6.340000e+01   -8.103293e+00   -0.000000e+00   -0.000000e+00   2.423438e+02   2.692241e-07   1.873174e-01
6.350000e+01   -1.059799e+01   -0.000000e+00   -0.000000e+00   2.418248e+02   2.660689e-07   1.847257e-01
6.360000e+01   -1.333242e+01   -0.000000e+00   -0.000000e+00   2.413024e+02   2.629484e-07   1.821648e-01
6.370000e+01   -1.592625e+01   -0.000000e+00   -0.000000e+00   2.407765e+02   2.598623e-07   1.796345e-01
6.380000e+01   -1.796584e+01   -0.000000e+00   -0.000000e+00   2.402471e+02   2.568103e-07   1.771345e-01
6.390000e+01   -1.903754e+01   -0.000000e+00   -0.000000e+00   2.397142e+02   2.537922e-07   1.746644e-01
6.400000e+01   -1.893367e+01   -0.000000e+00   -0.000000e+00   2.391775e+02   2.508077e-07   1.722239e-01
6.410000e+01   -1.812795e+01   -0.000000e+00   -0.000000e+00   2.386371e+02   2.478564e-07   1.698128e-01
6.420000e+01   -1.700990e+01   -0.000000e+00   -0.000000e+00   2.380929e+02   2.449380e-07   1.674307e-01
6.430000e+01   -1.595713e+01   -0.000000e+00   -0.000000e+00   2.375448e+02   2.420523e-07   1.650772e-01
6.440000e+01   -1.534724e+01   -0.000000e+00   -0.000000e+00   2.369927e+02   2.391990e-07   1.627522e-01
6.450000e+01   -1.530780e+01   -0.000000e+00   -0.000000e+00   2.364366e+02   2.363778e-07   1.604551e-01
6.460000e+01   -1.536479e+01   -0.000000e+00   -0.000000e+00   2.358763e+02   2.335882e-07   1.581859e-01
6.470000e+01   -1.545864e+01   -0.000000e+00   -0.000000e+00   2.353119e+02   2.308301e-07   1.559440e-01
6.480000e+01   -1.555800e+01   -0.000000e+00   -0.000000e+00   2.347432e+02   2.281032e-07   1.537293e-01
6.490000e+01   -1.563153e+01   -0.000000e+00   -0.000000e+00   2.341701e+02   2.254070e-07   1.515414e-01
6.500000e+01   -1.565452e+01   -0.000000e+00   -0.000000e+00   2.335926e+02   2.227413e-07   1.493799e-01
6.510000e+01   -1.563442e+01   -0.000000e+00   -0.000000e+00   2.330107e+02   2.201057e-07   1.472446e-01
6.520000e+01   -1.558098e+01   -0.000000e+00   -0.000000e+00   2.324241e+02   2.175000e-07   1.451352e-01
6.530000e+01   -1.550333e+01   -0.000000e+00   -0.000000e+00   2.318329e+02   2.149238e-07   1.430513e-01
6.540000e+01   -1.541059e+01   -0.000000e+00   -0.000000e+00   2.312370e+02   2.123767e-07   1.409927e-01
6.550000e+01   -1.530906e+01   -0.000000e+00   -0.000000e+00   2.306363e+02   2.098584e-07   1.389589e-01
6.560000e+01   -1.519126e+01   -0.000000e+00   -0.000000e+00   2.300310e+02   2.073685e-07   1.369498e-01
6.570000e+01   -1.505050e+01   -0.000000e+00   -0.000000e+00   2.294216e+02   2.049061e-07   1.349651e-01
6.580000e+01   -1.488061e+01   -0.000000e+00   -0.000000e+00   2.288086e+02   2.024704e-07   1.330045e-01
6.590000e+01   -1.467542e+01   -0.000000e+00   -0.000000e+00   2.281926e+02   2.000608e-07   1.310678e-01
6.600000e+01   -1.443178e+01   -0.000000e+00   -0.000000e+00   2.275742e+02   1.976765e-07   1.291547e-01
6.610000e+01   -1.415320e+01   -0.000000e+00   -0.000000e+00   2.269539e+02   1.953167e-07   1.272651e-01
6.620000e+01   -1.383154e+01   -0.000000e+00   -0.000000e+00   2.263323e+02   1.929808e-07   1.253987e-01
6.630000e+01   -1.345759e+01   -0.000000e+00   -0.000000e+00   2.257099e+02   1.906681e-07   1.235552e-01
6.640000e+01   -1.302214e+01   -0.000000e+00   -0.000000e+00   2.250873e+02   1.883779e-07   1.217344e-01
6.650000e+01   -1.248300e+01   -0.000000e+00   -0.000000e+00   2.244650e+02   1.861096e-07   1.199360e-01
6.660000e+01   -1.174364e+01   -0.000000e+00   -0.000000e+00   2.238437e+02   1.838625e-07   1.181599e-01
6.670000e+01   -1.089030e+01   -0.000000e+00   -0.000000e+00   2.232238e+02   1.816359e-07   1.164058e-01
6.680000e+01   -1.002685e+01   -0.000000e+00   -0.000000e+00   2.226059e+02   1.794294e-07   1.146734e-01
6.690000e+01   -9.257177e+00   -0.000000e+00   -0.000000e+00   2.219907e+02   1.772423e-07   1.129625e-01
6.700000e+01   -8.636638e+00   -0.000000e+00   -0.000000e+00   2.213785e+02   1.750740e-07   1.112729e-01
6.710000e+01   -8.025211e+00   -0.000000e+00   -0.000000e+00   2.207701e+02   1.729239e-07   1.096043e-01
6.720000e+01   -7.454553e+00   -0.000000e+00   -0.000000e+00   2.201659e+02   1.707915e-07   1.079565e-01
6.730000e+01   -6.983284e+00   -0.000000e+00   -0.000000e+00   2.195666e+02   1.686763e-07   1.063292e-01
6.740000e+01   -6.670025e+00   -0.000000e+00   -0.000000e+00   2.189726e+02   1.665777e-07   1.047223e-01
6.750000e+01   -6.540195e+00   -0.000000e+00   -0.000000e+00   2.183843e+02   1.644954e-07   1.031354e-01
6.760000e+01   -6.458213e+00   -0.000000e+00   -0.000000e+00   2.178016e+02   1.624295e-07   1.015683e-01
6.770000e+01   -6.409519e+00   -0.000000e+00   -0.000000e+00   2.172235e+02   1.603805e-07   1.000209e-01
6.780000e+01   -6.403159e+00   -0.000000e+00   -0.000000e+00   2.166497e+02   1.583488e-07   9.849294e-02
6.790000e+01   -6.448179e+00   -0.000000e+00   -0.000000e+00   2.160793e+02   1.563348e-07   9.698421e-02
6.800000e+01   -6.560389e+00   -0.000000e+00   -0.000000e+00   2.155117e+02   1.543388e-07   9.549450e-02
6.810000e+01   -6.774015e+00   -0.000000e+00   -0.000000e+00   2.149463e+02   1.523613e-07   9.402360e-02
6.820000e+01   -7.065531e+00   -0.000000e+00   -0.000000e+00   2.143824e+02   1.504025e-07   9.257132e-02
6.830000e+01   -7.402936e+00   -0.000000e+00   -0.000000e+00   2.138194e+02   1.484627e-07   9.113744e-02
6.840000e+01   -7.754230e+00   -0.000000e+00   -0.000000e+00   2.132566e+02   1.465423e-07   8.972175e-02
6.850000e+01   -8.103289e+00   -0.000000e+00   -0.000000e+00   2.126934e+02   1.446414e-07   8.832405e-02
6.860000e+01   -8.519303e+00   -0.000000e+00   -0.000000e+00   2.121291e+02   1.427604e-07   8.694412e-02
6.870000e+01   -8.969768e+00   -0.000000e+00   -0.000000e+00   2.115631e+02   1.408994e-07   8.558177e-02
6.880000e+01   -9.400391e+00   -0.000000e+00   -0.000000e+00   2.109947e+02   1.390586e-07   8.423679e-02
6.890000e+01   -9.756877e+00   -0.000000e+00   -0.000000e+00   2.104233e+02   1.372383e-07   8.290896e-02
6.900000e+01   -9.900170e+00   -0.000000e+00   -0.000000e+00   2.098482e+02   1.354386e-07   8.159808e-02
6.910000e+01   -9.278228e+00   -0.000000e+00   -0.000000e+00   2.092688e+02   1.336596e-07   8.030394e-02
6.920000e+01   -8.176434e+00   -0.000000e+00   -0.000000e+00   2.086844e+02   1.319015e-07   7.902634e-02
6.930000e+01   -7.052521e+00   -0.000000e+00   -0.000000e+00   2.080944e+02   1.301643e-07   7.776507e-02
6.940000e+01   -6.363878e+00   -0.000000e+00   -0.000000e+00   2.074982e+02   1.284481e-07   7.651992e-02
6.950000e+01   -6.543812e+00   -0.000000e+00   -0.000000e+00   2.068961e+02   1.267526e-07   7.529074e-02
6.960000e+01   -7.563778e+00   -0.000000e+00   -0.000000e+00   2.062884e+02   1.250773e-07   7.407738e-02
6.970000e+01   -9.031937e+00   -0.000000e+00   -0.000000e+00   2.056757e+02   1.234216e-07   7.287968e-02
6.980000e+01   -1.055591e+01   -0.000000e+00   -0.000000e+00   2.050582e+02   1.217852e-07   7.169748e-02
6.990000e+01   -1.174331e+01   -0.000000e+00   -0.000000e+00   2.044363e+02   1.201676e-07   7.053065e-02
7.000000e+01   -1.227081e+01   -0.000000e+00   -0.000000e+00   2.038106e+02   1.185684e-07   6.937903e-02
7.010000e+01   -1.261981e+01   -0.000000e+00   -0.000000e+00   2.031814e+02   1.169872e-07   6.824246e-02
7.020000e+01   -1.296825e+01   -0.000000e+00   -0.000000e+00   2.025491e+02   1.154236e-07   6.712080e-02
7.030000e+01   -1.331414e+01   -0.000000e+00   -0.000000e+00   2.019140e+02   1.138771e-07   6.601390e-02
7.040000e+01   -1.365548e+01   -0.000000e+00   -0.000000e+00   2.012768e+02   1.123475e-07   6.492160e-02
7.050000e+01   -1.398507e+01   -0.000000e+00   -0.000000e+00   2.006376e+02   1.108342e-07   6.384375e-02
7.060000e+01   -1.423657e+01   -0.000000e+00   -0.000000e+00   1.999970e+02   1.093369e-07   6.278020e-02
7.070000e+01   -1.439730e+01   -0.000000e+00   -0.000000e+00   1.993553e+02   1.078554e-07   6.173080e-02
7.080000e+01   -1.447625e+01   -0.000000e+00   -0.000000e+00   1.987130e+02   1.063891e-07   6.069541e-02
7.090000e+01   -1.448237e+01   -0.000000e+00   -0.000000e+00   1.980704e+02   1.049378e-07   5.967385e-02
7.100000e+01   -1.438656e+01   -0.000000e+00   -0.000000e+00   1.974280e+02   1.035012e-07   5.866600e-02
7.110000e+01   -1.367259e+01   -0.000000e+00   -0.000000e+00   1.967862e+02   1.020788e-07   5.767169e-02
7.120000e+01   -1.238871e+01   -0.000000e+00   -0.000000e+00   1.961453e+02   1.006704e-07   5.669077e-02
7.130000e+01   -1.081317e+01   -0.000000e+00   -0.000000e+00   1.955058e+02   9.927579e-08   5.572310e-02
7.140000e+01   -9.226470e+00   -0.000000e+00   -0.000000e+00   1.948673e+02   9.789488e-08   5.476856e-02
7.150000e+01   -7.889267e+00   -0.000000e+00   -0.000000e+00   1.942298e+02   9.652774e-08   5.382703e-02
7.160000e+01   -6.624203e+00   -0.000000e+00   -0.000000e+00   1.935931e+02   9.517442e-08   5.289839e-02
7.170000e+01   -5.346874e+00   -0.000000e+00   -0.000000e+00   1.929569e+02   9.383495e-08   5.198251e-02
7.180000e+01   -4.105029e+00   -0.000000e+00   -0.000000e+00   1.923211e+02   9.250935e-08   5.107930e-02
7.190000e+01   -2.946418e+00   -0.000000e+00   -0.000000e+00   1.916855e+02   9.119765e-08   5.018861e-02
7.200000e+01   -1.907911e+00   -0.000000e+00   -0.000000e+00   1.910498e+02   8.989986e-08   4.931034e-02
7.210000e+01   -7.997437e-01   -0.000000e+00   -0.000000e+00   1.904140e+02   8.861600e-08   4.844437e-02
7.220000e+01   3.276655e-01   -0.000000e+00   -0.000000e+00   1.897777e+02   8.734606e-08   4.759057e-02
7.230000e+01   1.293422e+00   -0.000000e+00   -0.000000e+00   1.891409e+02   8.609006e-08   4.674884e-02
7.240000e+01   1.916631e+00   -0.000000e+00   -0.000000e+00   1.885033e+02   8.484799e-08   4.591905e-02
7.250000e+01   2.006396e+00   -0.000000e+00   -0.000000e+00   1.878647e+02   8.361983e-08   4.510108e-02
7.260000e+01   1.174970e+00   -0.000000e+00   -0.000000e+00   1.872250e+02   8.240559e-08   4.429481e-02
7.270000e+01   -4.598674e-01   -0.000000e+00   -0.000000e+00   1.865839e+02   8.120523e-08   4.350013e-02
7.280000e+01   -2.565526e+00   -0.000000e+00   -0.000000e+00   1.859413e+02   8.001874e-08   4.271691e-02
7.290000e+01   -4.809413e+00   -0.000000e+00   -0.000000e+00   1.852969e+02   7.884609e-08   4.194505e-02
7.300000e+01   -6.870780e+00   -0.000000e+00   -0.000000e+00   1.846506e+02   7.768725e-08   4.118441e-02
7.310000e+01   -9.002822e+00   -0.000000e+00   -0.000000e+00   1.840022e+02   7.654218e-08   4.043489e-02
7.320000e+01   -1.132886e+01   -0.000000e+00   -0.000000e+00   1.833515e+02   7.541085e-08   3.969635e-02
7.330000e+01   -1.369551e+01   -0.000000e+00   -0.000000e+00   1.826984e+02   7.429315e-08   3.896869e-02
7.340000e+01   -1.594821e+01   -0.000000e+00   -0.000000e+00   1.820429e+02   7.318897e-08   3.825178e-02
7.350000e+01   -1.793927e+01   -0.000000e+00   -0.000000e+00   1.813850e+02   7.209816e-08   3.754550e-02
7.360000e+01   -1.996481e+01   -0.000000e+00   -0.000000e+00   1.807247e+02   7.102062e-08   3.684974e-02
7.370000e+01   -2.204425e+01   -0.000000e+00   -0.000000e+00   1.800621e+02   6.995620e-08   3.616436e-02
7.380000e+01   -2.388738e+01   -0.000000e+00   -0.000000e+00   1.793970e+02   6.890477e-08   3.548925e-02
7.390000e+01   -2.520395e+01   -0.000000e+00   -0.000000e+00   1.787295e+02   6.786621e-08   3.482429e-02
7.400000e+01   -2.570850e+01   -0.000000e+00   -0.000000e+00   1.780597e+02   6.684037e-08   3.416935e-02
7.410000e+01   -2.574120e+01   -0.000000e+00   -0.000000e+00   1.773874e+02   6.582713e-08   3.352432e-02
7.420000e+01   -2.569235e+01   -0.000000e+00   -0.000000e+00   1.767127e+02   6.482635e-08   3.288908e-02
7.430000e+01   -2.561279e+01   -0.000000e+00   -0.000000e+00   1.760356e+02   6.383790e-08   3.226350e-02
7.440000e+01   -2.555332e+01   -0.000000e+00   -0.000000e+00   1.753561e+02   6.286163e-08   3.164747e-02
7.450000e+01   -2.556741e+01   -0.000000e+00   -0.000000e+00   1.746742e+02   6.189742e-08   3.104086e-02
7.460000e+01   -2.626261e+01   -0.000000e+00   -0.000000e+00   1.739899e+02   6.094511e-08   3.044355e-02
7.470000e+01   -2.770967e+01   -0.000000e+00   -0.000000e+00   1.733032e+02   6.000457e-08   2.985542e-02
7.480000e+01   -2.937832e+01   -0.000000e+00   -0.000000e+00   1.726140e+02   5.907566e-08   2.927636e-02
7.490000e+01   -3.073828e+01   -0.000000e+00   -0.000000e+00   1.719225e+02   5.815823e-08   2.870623e-02
7.500000e+01   -3.125950e+01   -0.000000e+00   -0.000000e+00   1.712285e+02   5.725214e-08   2.814493e-02
7.510000e+01   -3.078144e+01   -0.000000e+00   -0.000000e+00   1.705321e+02   5.635725e-08   2.759232e-02
7.520000e+01   -2.966538e+01   -0.000000e+00   -0.000000e+00   1.698332e+02   5.547340e-08   2.704829e-02
7.530000e+01   -2.820513e+01   -0.000000e+00   -0.000000e+00   1.691320e+02   5.460044e-08   2.651272e-02
7.540000e+01   -2.669466e+01   -0.000000e+00   -0.000000e+00   1.684283e+02   5.373822e-08   2.598548e-02
7.550000e+01   -2.542993e+01   -0.000000e+00   -0.000000e+00   1.677227e+02   5.288651e-08   2.546649e-02
7.560000e+01   -2.429914e+01   -0.000000e+00   -0.000000e+00   1.670158e+02   5.204502e-08   2.495565e-02
7.570000e+01   -2.309489e+01   -0.000000e+00   -0.000000e+00   1.663082e+02   5.121348e-08   2.445289e-02
7.580000e+01   -2.197097e+01   -0.000000e+00   -0.000000e+00   1.656006e+02   5.039165e-08   2.395813e-02
7.590000e+01   -2.108114e+01   -0.000000e+00   -0.000000e+00   1.648937e+02   4.957926e-08   2.347127e-02
7.600000e+01   -2.057917e+01   -0.000000e+00   -0.000000e+00   1.641882e+02   4.877608e-08   2.299223e-02
7.610000e+01   -2.041878e+01   -0.000000e+00   -0.000000e+00   1.634846e+02   4.798188e-08   2.252094e-02
7.620000e+01   -2.038823e+01   -0.000000e+00   -0.000000e+00   1.627837e+02   4.719642e-08   2.205731e-02
7.630000e+01   -2.042760e+01   -0.000000e+00   -0.000000e+00   1.620862e+02   4.641950e-08   2.160125e-02
7.640000e+01   -2.047717e+01   -0.000000e+00   -0.000000e+00   1.613926e+02   4.565091e-08   2.115268e-02
7.650000e+01   -2.047722e+01   -0.000000e+00   -0.000000e+00   1.607037e+02   4.489044e-08   2.071153e-02
7.660000e+01   -2.045020e+01   -0.000000e+00   -0.000000e+00   1.600201e+02   4.413790e-08   2.027769e-02
7.670000e+01   -2.045102e+01   -0.000000e+00   -0.000000e+00   1.593425e+02   4.339311e-08   1.985111e-02
7.680000e+01   -2.043402e+01   -0.000000e+00   -0.000000e+00   1.586715e+02   4.265589e-08   1.943168e-02
7.690000e+01   -2.035314e+01   -0.000000e+00   -0.000000e+00   1.580078e+02   4.192608e-08   1.901932e-02
7.700000e+01   -2.016234e+01   -0.000000e+00   -0.000000e+00   1.573520e+02   4.120350e-08   1.861396e-02
7.710000e+01   -1.987717e+01   -0.000000e+00   -0.000000e+00   1.567049e+02   4.048800e-08   1.821551e-02
7.720000e+01   -1.957174e+01   -0.000000e+00   -0.000000e+00   1.560671e+02   3.977944e-08   1.782389e-02
7.730000e+01   -1.925123e+01   -0.000000e+00   -0.000000e+00   1.554392e+02   3.907768e-08   1.743900e-02
7.740000e+01   -1.892013e+01   -0.000000e+00   -0.000000e+00   1.548219e+02   3.838257e-08   1.706078e-02
7.750000e+01   -1.858295e+01   -0.000000e+00   -0.000000e+00   1.542159e+02   3.769400e-08   1.668914e-02
7.760000e+01   -1.813230e+01   -0.000000e+00   -0.000000e+00   1.536219e+02   3.701185e-08   1.632398e-02
7.770000e+01   -1.743149e+01   -0.000000e+00   -0.000000e+00   1.530404e+02   3.633599e-08   1.596524e-02
7.780000e+01   -1.655484e+01   -0.000000e+00   -0.000000e+00   1.524722e+02   3.566634e-08   1.561282e-02
7.790000e+01   -1.557952e+01   -0.000000e+00   -0.000000e+00   1.519179e+02   3.500278e-08   1.526665e-02
7.800000e+01   -1.458270e+01   -0.000000e+00   -0.000000e+00   1.513782e+02   3.434523e-08   1.492664e-02
7.810000e+01   -1.337132e+01   -0.000000e+00   -0.000000e+00   1.508530e+02   3.369377e-08   1.459271e-02
7.820000e+01   -1.170126e+01   -0.000000e+00   -0.000000e+00   1.503410e+02   3.304879e-08   1.426479e-02
7.830000e+01   -9.950265e+00   -0.000000e+00   -0.000000e+00   1.498404e+02   3.241072e-08   1.394280e-02
7.840000e+01   -8.508325e+00   -0.000000e+00   -0.000000e+00   1.493497e+02   3.177996e-08   1.362668e-02
7.850000e+01   -7.765413e+00   -0.000000e+00   -0.000000e+00   1.488673e+02   3.115687e-08   1.331636e-02
7.860000e+01   -7.760042e+00   -0.000000e+00   -0.000000e+00   1.483914e+02   3.054181e-08   1.301176e-02
7.870000e+01   -7.906955e+00   -0.000000e+00   -0.000000e+00   1.479206e+02   2.993510e-08   1.271281e-02
7.880000e+01   -8.113676e+00   -0.000000e+00   -0.000000e+00   1.474530e+02   2.933704e-08   1.241945e-02
7.890000e+01   -8.306608e+00   -0.000000e+00   -0.000000e+00   1.469872e+02   2.874789e-08   1.213160e-02
7.900000e+01   -8.412153e+00   -0.000000e+00   -0.000000e+00   1.465216e+02   2.816791e-08   1.184919e-02
7.910000e+01   -8.314548e+00   -0.000000e+00   -0.000000e+00   1.460543e+02   2.759733e-08   1.157214e-02
7.920000e+01   -7.946754e+00   -0.000000e+00   -0.000000e+00   1.455839e+02   2.703635e-08   1.130040e-02
7.930000e+01   -7.429302e+00   -0.000000e+00   -0.000000e+00   1.451088e+02   2.648515e-08   1.103388e-02
7.940000e+01   -6.888439e+00   -0.000000e+00   -0.000000e+00   1.446272e+02   2.594390e-08   1.077252e-02
7.950000e+01   -6.450413e+00   -0.000000e+00   -0.000000e+00   1.441375e+02   2.541274e-08   1.051625e-02
7.960000e+01   -6.155942e+00   -0.000000e+00   -0.000000e+00   1.436382e+02   2.489179e-08   1.026499e-02
7.970000e+01   -5.860465e+00   -0.000000e+00   -0.000000e+00   1.431276e+02   2.438116e-08   1.001867e-02
7.980000e+01   -5.581124e+00   -0.000000e+00   -0.000000e+00   1.426041e+02   2.388093e-08   9.777225e-03
7.990000e+01   -5.345197e+00   -0.000000e+00   -0.000000e+00   1.420660e+02   2.339119e-08   9.540580e-03
8.000000e+01   -5.179962e+00   -0.000000e+00   -0.000000e+00   1.415117e+02   2.291198e-08   9.308666e-03
8.010000e+01   -5.329038e+00   -0.000000e+00   -0.000000e+00   1.409396e+02   2.244335e-08   9.081410e-03
8.020000e+01   -6.275928e+00   -0.000000e+00   -0.000000e+00   1.403491e+02   2.198518e-08   8.858743e-03
8.030000e+01   -7.741320e+00   -0.000000e+00   -0.000000e+00   1.397438e+02   2.153667e-08   8.640594e-03
8.040000e+01   -9.401821e+00   -0.000000e+00   -0.000000e+00   1.391286e+02   2.109690e-08   8.426893e-03
8.050000e+01   -1.093404e+01   -0.000000e+00   -0.000000e+00   1.385084e+02   2.066498e-08   8.217571e-03
8.060000e+01   -1.222403e+01   -0.000000e+00   -0.000000e+00   1.378880e+02   2.024009e-08   8.012558e-03
8.070000e+01   -1.367821e+01   -0.000000e+00   -0.000000e+00   1.372722e+02   1.982145e-08   7.811784e-03
8.080000e+01   -1.512956e+01   -0.000000e+00   -0.000000e+00   1.366659e+02   1.940830e-08   7.615179e-03
8.090000e+01   -1.636066e+01   -0.000000e+00   -0.000000e+00   1.360740e+02   1.899997e-08   7.422674e-03
8.100000e+01   -1.715410e+01   -0.000000e+00   -0.000000e+00   1.355013e+02   1.859579e-08   7.234199e-03
8.110000e+01   -1.744318e+01   -0.000000e+00   -0.000000e+00   1.349527e+02   1.819516e-08   7.049684e-03
8.120000e+01   -1.765177e+01   -0.000000e+00   -0.000000e+00   1.344330e+02   1.779750e-08   6.869059e-03
8.130000e+01   -1.781299e+01   -0.000000e+00   -0.000000e+00   1.339470e+02   1.740231e-08   6.692255e-03
8.140000e+01   -1.791402e+01   -0.000000e+00   -0.000000e+00   1.334997e+02   1.700911e-08   6.519201e-03
8.150000e+01   -1.793857e+01   -0.000000e+00   -0.000000e+00   1.330936e+02   1.661777e-08   6.349834e-03
8.160000e+01   -1.788412e+01   -0.000000e+00   -0.000000e+00   1.327265e+02   1.622880e-08   6.184099e-03
8.170000e+01   -1.781973e+01   -0.000000e+00   -0.000000e+00   1.323956e+02   1.584276e-08   6.021944e-03
8.180000e+01   -1.774612e+01   -0.000000e+00   -0.000000e+00   1.320981e+02   1.546018e-08   5.863316e-03
8.190000e+01   -1.765509e+01   -0.000000e+00   -0.000000e+00   1.318312e+02   1.508155e-08   5.708163e-03
8.200000e+01   -1.753842e+01   -0.000000e+00   -0.000000e+00   1.315920e+02   1.470734e-08   5.556433e-03
8.210000e+01   -1.714389e+01   -0.000000e+00   -0.000000e+00   1.313778e+02   1.433799e-08   5.408072e-03
8.220000e+01   -1.558327e+01   -0.000000e+00   -0.000000e+00   1.311857e+02   1.397387e-08   5.263029e-03
8.230000e+01   -1.330512e+01   -0.000000e+00   -0.000000e+00   1.310131e+02   1.361536e-08   5.121250e-03
8.240000e+01   -1.092007e+01   -0.000000e+00   -0.000000e+00   1.308569e+02   1.326277e-08   4.982684e-03
8.250000e+01   -9.038760e+00   -0.000000e+00   -0.000000e+00   1.307145e+02   1.291641e-08   4.847278e-03
8.260000e+01   -8.059115e+00   -0.000000e+00   -0.000000e+00   1.305831e+02   1.257652e-08   4.714979e-03
8.270000e+01   -7.226013e+00   -0.000000e+00   -0.000000e+00   1.304597e+02   1.224334e-08   4.585735e-03
8.280000e+01   -6.382715e+00   -0.000000e+00   -0.000000e+00   1.303417e+02   1.191707e-08   4.459493e-03
8.290000e+01   -5.512556e+00   -0.000000e+00   -0.000000e+00   1.302263e+02   1.159788e-08   4.336201e-03
8.300000e+01   -4.598871e+00   -0.000000e+00   -0.000000e+00   1.301105e+02   1.128590e-08   4.215807e-03
8.310000e+01   -3.626091e+00   -0.000000e+00   -0.000000e+00   1.299916e+02   1.098124e-08   4.098257e-03
8.320000e+01   -2.577967e+00   -0.000000e+00   -0.000000e+00   1.298668e+02   1.068401e-08   3.983500e-03
8.330000e+01   -1.426775e+00   -0.000000e+00   -0.000000e+00   1.297338e+02   1.039423e-08   3.871485e-03
8.340000e+01   -1.595708e-01   -0.000000e+00   -0.000000e+00   1.295918e+02   1.011181e-08   3.762172e-03
8.350000e+01   1.231831e+00   -0.000000e+00   -0.000000e+00   1.294409e+02   9.836612e-09   3.655523e-03
8.360000e+01   2.807689e+00   -0.000000e+00   -0.000000e+00   1.292811e+02   9.568514e-09   3.551501e-03
8.370000e+01   4.886971e+00   -0.000000e+00   -0.000000e+00   1.291123e+02   9.307384e-09   3.450068e-03
8.380000e+01   7.420059e+00   -0.000000e+00   -0.000000e+00   1.289345e+02   9.053098e-09   3.351187e-03
8.390000e+01   1.028306e+01   -0.000000e+00   -0.000000e+00   1.287476e+02   8.805531e-09   3.254821e-03
8.400000e+01   1.335208e+01   -0.000000e+00   -0.000000e+00   1.285516e+02   8.564562e-09   3.160931e-03
8.410000e+01   1.666780e+01   -0.000000e+00   -0.000000e+00   1.283465e+02   8.330069e-09   3.069480e-03
8.420000e+01   2.118302e+01   -0.000000e+00   -0.000000e+00   1.281322e+02   8.101934e-09   2.980432e-03
8.430000e+01   2.641896e+01   -0.000000e+00   -0.000000e+00   1.279086e+02   7.880041e-09   2.893748e-03
8.440000e+01   3.157943e+01   -0.000000e+00   -0.000000e+00   1.276759e+02   7.664274e-09   2.809391e-03
8.450000e+01   3.586824e+01   -0.000000e+00   -0.000000e+00   1.274338e+02   7.454520e-09   2.727324e-03
8.460000e+01   3.865545e+01   -0.000000e+00   -0.000000e+00   1.271824e+02   7.250666e-09   2.647508e-03
8.470000e+01   4.091491e+01   -0.000000e+00   -0.000000e+00   1.269217e+02   7.052602e-09   2.569908e-03
8.480000e+01   4.289292e+01   -0.000000e+00   -0.000000e+00   1.266515e+02   6.860218e-09   2.494484e-03
8.490000e+01   4.450441e+01   -0.000000e+00   -0.000000e+00   1.263719e+02   6.673407e-09   2.421200e-03
8.500000e+01   4.566610e+01   -0.000000e+00   -0.000000e+00   1.260831e+02   6.492050e-09   2.350018e-03
8.510000e+01   4.618154e+01   -0.000000e+00   -0.000000e+00   1.257873e+02   6.315927e-09   2.280901e-03
8.520000e+01   4.490277e+01   -0.000000e+00   -0.000000e+00   1.254879e+02   6.144784e-09   2.213812e-03
8.530000e+01   4.230587e+01   -0.000000e+00   -0.000000e+00   1.251880e+02   5.978381e-09   2.148714e-03
8.540000e+01   3.931434e+01   -0.000000e+00   -0.000000e+00   1.248910e+02   5.816495e-09   2.085571e-03
8.550000e+01   3.685166e+01   -0.000000e+00   -0.000000e+00   1.246002e+02   5.658917e-09   2.024344e-03
8.560000e+01   3.572526e+01   -0.000000e+00   -0.000000e+00   1.243188e+02   5.505452e-09   1.964998e-03
8.570000e+01   3.506155e+01   -0.000000e+00   -0.000000e+00   1.240501e+02   5.355919e-09   1.907494e-03
8.580000e+01   3.441913e+01   -0.000000e+00   -0.000000e+00   1.237973e+02   5.210145e-09   1.851797e-03
8.590000e+01   3.374885e+01   -0.000000e+00   -0.000000e+00   1.235639e+02   5.067972e-09   1.797869e-03
8.600000e+01   3.300152e+01   -0.000000e+00   -0.000000e+00   1.233530e+02   4.929253e-09   1.745674e-03
8.610000e+01   3.213306e+01   -0.000000e+00   -0.000000e+00   1.231679e+02   4.793847e-09   1.695173e-03
8.620000e+01   3.118763e+01   -0.000000e+00   -0.000000e+00   1.230119e+02   4.661628e-09   1.646331e-03
8.630000e+01   3.018709e+01   -0.000000e+00   -0.000000e+00   1.228883e+02   4.532475e-09   1.599109e-03
8.640000e+01   2.912954e+01   -0.000000e+00   -0.000000e+00   1.228003e+02   4.406276e-09   1.553473e-03
8.650000e+01   2.801310e+01   -0.000000e+00   -0.000000e+00   1.227513e+02   4.282930e-09   1.509383e-03
8.660000e+01   2.683661e+01   -0.000000e+00   -0.000000e+00   1.227445e+02   4.162340e-09   1.466804e-03
8.670000e+01   2.561417e+01   -0.000000e+00   -0.000000e+00   1.227829e+02   4.044427e-09   1.425697e-03
8.680000e+01   2.435126e+01   -0.000000e+00   -0.000000e+00   1.228671e+02   3.929174e-09   1.386020e-03
8.690000e+01   2.304685e+01   -0.000000e+00   -0.000000e+00   1.229969e+02   3.816587e-09   1.347726e-03
8.700000e+01   2.169990e+01   -0.000000e+00   -0.000000e+00   1.231719e+02   3.706664e-09   1.310772e-03
8.710000e+01   2.031094e+01   -0.000000e+00   -0.000000e+00   1.233916e+02   3.599396e-09   1.275110e-03
8.720000e+01   1.891033e+01   -0.000000e+00   -0.000000e+00   1.236559e+02   3.494767e-09   1.240696e-03
8.730000e+01   1.748751e+01   -0.000000e+00   -0.000000e+00   1.239642e+02   3.392755e-09   1.207484e-03
8.740000e+01   1.601226e+01   -0.000000e+00   -0.000000e+00   1.243164e+02   3.293332e-09   1.175428e-03
8.750000e+01   1.445434e+01   -0.000000e+00   -0.000000e+00   1.247120e+02   3.196460e-09   1.144484e-03
8.760000e+01   1.277925e+01   -0.000000e+00   -0.000000e+00   1.251506e+02   3.102100e-09   1.114606e-03
8.770000e+01   1.084825e+01   -0.000000e+00   -0.000000e+00   1.256320e+02   3.010205e-09   1.085747e-03
8.780000e+01   8.684245e+00   -0.000000e+00   -0.000000e+00   1.261558e+02   2.920721e-09   1.057863e-03
8.790000e+01   6.393078e+00   -0.000000e+00   -0.000000e+00   1.267216e+02   2.833592e-09   1.030908e-03
8.800000e+01   4.080606e+00   -0.000000e+00   -0.000000e+00   1.273290e+02   2.748755e-09   1.004838e-03
8.810000e+01   1.844462e+00   -0.000000e+00   -0.000000e+00   1.279778e+02   2.666145e-09   9.796048e-04
8.820000e+01   -5.532168e-01   -0.000000e+00   -0.000000e+00   1.286676e+02   2.585691e-09   9.551647e-04
8.830000e+01   -3.077856e+00   -0.000000e+00   -0.000000e+00   1.293981e+02   2.507319e-09   9.314719e-04
8.840000e+01   -5.471789e+00   -0.000000e+00   -0.000000e+00   1.301688e+02   2.430953e-09   9.084808e-04
8.850000e+01   -7.477352e+00   -0.000000e+00   -0.000000e+00   1.309794e+02   2.356513e-09   8.861461e-04
8.860000e+01   -8.838283e+00   -0.000000e+00   -0.000000e+00   1.318296e+02   2.283931e-09   8.644264e-04
8.870000e+01   -9.520657e+00   -0.000000e+00   -0.000000e+00   1.327180e+02   2.213203e-09   8.433027e-04
8.880000e+01   -9.753174e+00   -0.000000e+00   -0.000000e+00   1.336435e+02   2.144343e-09   8.227623e-04
8.890000e+01   -9.747362e+00   -0.000000e+00   -0.000000e+00   1.346047e+02   2.077355e-09   8.027926e-04
8.900000e+01   -9.714744e+00   -0.000000e+00   -0.000000e+00   1.356003e+02   2.012241e-09   7.833809e-04
8.910000e+01   -9.864093e+00   -0.000000e+00   -0.000000e+00   1.366290e+02   1.948995e-09   7.645148e-04
8.920000e+01   -1.005747e+01   -0.000000e+00   -0.000000e+00   1.376894e+02   1.887607e-09   7.461817e-04
8.930000e+01   -1.017868e+01   -0.000000e+00   -0.000000e+00   1.387803e+02   1.828063e-09   7.283688e-04
8.940000e+01   -1.031835e+01   -0.000000e+00   -0.000000e+00   1.399004e+02   1.770343e-09   7.110637e-04
8.950000e+01   -1.056713e+01   -0.000000e+00   -0.000000e+00   1.410482e+02   1.714424e-09   6.942538e-04
8.960000e+01   -1.101543e+01   -0.000000e+00   -0.000000e+00   1.422226e+02   1.660281e-09   6.779264e-04
8.970000e+01   -1.166358e+01   -0.000000e+00   -0.000000e+00   1.434222e+02   1.607884e-09   6.620690e-04
8.980000e+01   -1.238572e+01   -0.000000e+00   -0.000000e+00   1.446456e+02   1.557200e-09   6.466690e-04
8.990000e+01   -1.306542e+01   -0.000000e+00   -0.000000e+00   1.458916e+02   1.508195e-09   6.317137e-04
9.000000e+01   -1.358630e+01   -0.000000e+00   -0.000000e+00   1.471589e+02   1.460832e-09   6.171907e-04
9.010000e+01   -1.383099e+01   -0.000000e+00   -0.000000e+00   1.484461e+02   1.415073e-09   6.030872e-04
9.020000e+01   -1.290944e+01   -0.000000e+00   -0.000000e+00   1.497520e+02   1.370877e-09   5.893908e-04
9.030000e+01   -1.051837e+01   -0.000000e+00   -0.000000e+00   1.510751e+02   1.328202e-09   5.760888e-04
9.040000e+01   -7.256923e+00   0.000000e+00   0.000000e+00   1.524143e+02   1.287006e-09   5.631686e-04
9.050000e+01   -3.724247e+00   0.000000e+00   0.000000e+00   1.537681e+02   1.247245e-09   5.506177e-04
9.060000e+01   -5.194805e-01   0.000000e+00   0.000000e+00   1.551353e+02   1.208874e-09   5.384234e-04
9.070000e+01   2.696597e+00   0.000000e+00   0.000000e+00   1.565144e+02   1.171851e-09   5.265737e-04
9.080000e+01   6.330498e+00   0.000000e+00   0.000000e+00   1.579033e+02   1.136145e-09   5.150592e-04
9.090000e+01   9.883508e+00   0.000000e+00   0.000000e+00   1.592995e+02   1.101726e-09   5.038718e-04
9.100000e+01   1.285691e+01   0.000000e+00   0.000000e+00   1.607005e+02   1.068564e-09   4.930036e-04
9.110000e+01   1.475196e+01   0.000000e+00   0.000000e+00   1.621039e+02   1.036629e-09   4.824464e-04
9.120000e+01   1.579648e+01   0.000000e+00   0.000000e+00   1.635072e+02   1.005888e-09   4.721921e-04
9.130000e+01   1.667967e+01   0.000000e+00   0.000000e+00   1.649080e+02   9.763075e-10   4.622327e-04
9.140000e+01   1.746259e+01   0.000000e+00   0.000000e+00   1.663037e+02   9.478549e-10   4.525600e-04
9.150000e+01   1.820549e+01   0.000000e+00   0.000000e+00   1.676919e+02   9.204958e-10   4.431659e-04
9.160000e+01   1.896868e+01   0.000000e+00   0.000000e+00   1.690702e+02   8.941960e-10   4.340425e-04
9.170000e+01   1.967127e+01   0.000000e+00   0.000000e+00   1.704361e+02   8.689213e-10   4.251816e-04
9.180000e+01   2.018349e+01   0.000000e+00   0.000000e+00   1.717871e+02   8.446374e-10   4.165750e-04
9.190000e+01   2.055228e+01   0.000000e+00   0.000000e+00   1.731208e+02   8.213103e-10   4.082148e-04
9.200000e+01   2.082527e+01   0.000000e+00   0.000000e+00   1.744346e+02   7.989063e-10   4.000929e-04
9.210000e+01   2.105010e+01   0.000000e+00   0.000000e+00   1.757262e+02   7.773920e-10   3.922011e-04
9.220000e+01   2.095285e+01   0.000000e+00   0.000000e+00   1.769930e+02   7.567343e-10   3.845314e-04
9.230000e+01   2.035631e+01   0.000000e+00   0.000000e+00   1.782326e+02   7.369008e-10   3.770757e-04
9.240000e+01   1.970841e+01   0.000000e+00   0.000000e+00   1.794425e+02   7.178596e-10   3.698259e-04
9.250000e+01   1.946172e+01   0.000000e+00   0.000000e+00   1.806203e+02   6.995794e-10   3.627739e-04
9.260000e+01   2.006882e+01   0.000000e+00   0.000000e+00   1.817636e+02   6.820293e-10   3.559116e-04
9.270000e+01   2.140945e+01   0.000000e+00   0.000000e+00   1.828697e+02   6.651793e-10   3.492310e-04
9.280000e+01   2.272967e+01   0.000000e+00   0.000000e+00   1.839363e+02   6.490000e-10   3.427240e-04
9.290000e+01   2.400900e+01   0.000000e+00   0.000000e+00   1.849609e+02   6.334626e-10   3.363825e-04
9.300000e+01   2.523917e+01   0.000000e+00   0.000000e+00   1.859411e+02   6.185391e-10   3.301983e-04
9.310000e+01   2.641193e+01   0.000000e+00   0.000000e+00   1.868743e+02   6.042019e-10   3.241635e-04
9.320000e+01   2.753189e+01   0.000000e+00   0.000000e+00   1.877600e+02   5.904216e-10   3.182714e-04
9.330000e+01   2.861650e+01   0.000000e+00   0.000000e+00   1.886011e+02   5.771641e-10   3.125186e-04
9.340000e+01   2.966539e+01   0.000000e+00   0.000000e+00   1.894014e+02   5.643967e-10   3.069023e-04
9.350000e+01   3.067781e+01   0.000000e+00   0.000000e+00   1.901645e+02   5.520891e-10   3.014193e-04
9.360000e+01   3.165298e+01   0.000000e+00   0.000000e+00   1.908941e+02   5.402129e-10   2.960668e-04
9.370000e+01   3.298247e+01   0.000000e+00   0.000000e+00   1.915936e+02   5.287416e-10   2.908419e-04
9.380000e+01   3.526130e+01   0.000000e+00   0.000000e+00   1.922669e+02   5.176502e-10   2.857414e-04
9.390000e+01   3.812072e+01   0.000000e+00   0.000000e+00   1.929175e+02   5.069152e-10   2.807626e-04
9.400000e+01   4.116483e+01   0.000000e+00   0.000000e+00   1.935490e+02   4.965148e-10   2.759024e-04
9.410000e+01   4.399770e+01   0.000000e+00   0.000000e+00   1.941651e+02   4.864281e-10   2.711578e-04
9.420000e+01   4.652144e+01   0.000000e+00   0.000000e+00   1.947694e+02   4.766355e-10   2.665259e-04
9.430000e+01   4.914793e+01   0.000000e+00   0.000000e+00   1.953655e+02   4.671188e-10   2.620038e-04
9.440000e+01   5.173631e+01   0.000000e+00   0.000000e+00   1.959571e+02   4.578603e-10   2.575885e-04
9.450000e+01   5.412019e+01   0.000000e+00   0.000000e+00   1.965479e+02   4.488436e-10   2.532769e-04
9.460000e+01   5.613318e+01   0.000000e+00   0.000000e+00   1.971413e+02   4.400530e-10   2.490663e-04
9.470000e+01   5.768352e+01   0.000000e+00   0.000000e+00   1.977411e+02   4.314737e-10   2.449535e-04
9.480000e+01   5.893830e+01   0.000000e+00   0.000000e+00   1.983509e+02   4.230917e-10   2.409357e-04
9.490000e+01   6.001823e+01   0.000000e+00   0.000000e+00   1.989744e+02   4.148937e-10   2.370098e-04
9.500000e+01   6.103746e+01   0.000000e+00   0.000000e+00   1.996151e+02   4.068671e-10   2.331730e-04
9.510000e+01   6.211015e+01   0.000000e+00   0.000000e+00   2.002767e+02   3.989999e-10   2.294222e-04
9.520000e+01   6.332060e+01   0.000000e+00   0.000000e+00   2.009628e+02   3.912807e-10   2.257545e-04
9.530000e+01   6.461631e+01   0.000000e+00   0.000000e+00   2.016771e+02   3.836990e-10   2.221670e-04
9.540000e+01   6.594202e+01   0.000000e+00   0.000000e+00   2.024231e+02   3.762444e-10   2.186566e-04
9.550000e+01   6.724547e+01   0.000000e+00   0.000000e+00   2.032046e+02   3.689076e-10   2.152204e-04
9.560000e+01   6.847440e+01   0.000000e+00   0.000000e+00   2.040251e+02   3.616794e-10   2.118555e-04
9.570000e+01   6.966567e+01   0.000000e+00   0.000000e+00   2.048883e+02   3.545513e-10   2.085589e-04
9.580000e+01   7.098885e+01   0.000000e+00   0.000000e+00   2.057978e+02   3.475155e-10   2.053276e-04
9.590000e+01   7.227019e+01   0.000000e+00   0.000000e+00   2.067573e+02   3.405643e-10   2.021587e-04
9.600000e+01   7.331096e+01   0.000000e+00   0.000000e+00   2.077703e+02   3.336910e-10   1.990491e-04
9.610000e+01   7.391235e+01   0.000000e+00   0.000000e+00   2.088405e+02   3.268891e-10   1.959961e-04
9.620000e+01   7.401577e+01   0.000000e+00   0.000000e+00   2.099688e+02   3.201583e-10   1.929976e-04
9.630000e+01   7.401847e+01   0.000000e+00   0.000000e+00   2.111536e+02   3.135042e-10   1.900528e-04
9.640000e+01   7.394634e+01   0.000000e+00   0.000000e+00   2.123931e+02   3.069322e-10   1.871609e-04
9.650000e+01   7.378189e+01   0.000000e+00   0.000000e+00   2.136853e+02   3.004472e-10   1.843211e-04
9.660000e+01   7.350766e+01   0.000000e+00   0.000000e+00   2.150285e+02   2.940536e-10   1.815327e-04
9.670000e+01   7.293731e+01   0.000000e+00   0.000000e+00   2.164207e+02   2.877556e-10   1.787948e-04
9.680000e+01   7.154139e+01   0.000000e+00   0.000000e+00   2.178601e+02   2.815566e-10   1.761067e-04
9.690000e+01   6.964303e+01   0.000000e+00   0.000000e+00   2.193449e+02   2.754599e-10   1.734676e-04
9.700000e+01   6.765181e+01   0.000000e+00   0.000000e+00   2.208732e+02   2.694680e-10   1.708766e-04
9.710000e+01   6.597729e+01   0.000000e+00   0.000000e+00   2.224432e+02   2.635834e-10   1.683331e-04
9.720000e+01   6.487069e+01   0.000000e+00   0.000000e+00   2.240530e+02   2.578080e-10   1.658362e-04
9.730000e+01   6.385684e+01   0.000000e+00   0.000000e+00   2.257007e+02   2.521433e-10   1.633852e-04
9.740000e+01   6.289897e+01   0.000000e+00   0.000000e+00   2.273845e+02   2.465906e-10   1.609792e-04
9.750000e+01   6.204152e+01   0.000000e+00   0.000000e+00   2.291025e+02   2.411508e-10   1.586174e-04
9.760000e+01   6.132890e+01   0.000000e+00   0.000000e+00   2.308529e+02   2.358245e-10   1.562992e-04
9.770000e+01   6.078737e+01   0.000000e+00   0.000000e+00   2.326339e+02   2.306121e-10   1.540237e-04
9.780000e+01   6.033607e+01   0.000000e+00   0.000000e+00   2.344435e+02   2.255136e-10   1.517900e-04
9.790000e+01   5.993252e+01   0.000000e+00   0.000000e+00   2.362800e+02   2.205287e-10   1.495975e-04
9.800000e+01   5.954540e+01   0.000000e+00   0.000000e+00   2.381414e+02   2.156572e-10   1.474454e-04
9.810000e+01   5.914339e+01   0.000000e+00   0.000000e+00   2.400259e+02   2.108983e-10   1.453328e-04
9.820000e+01   5.871345e+01   0.000000e+00   0.000000e+00   2.419317e+02   2.062513e-10   1.432590e-04
9.830000e+01   5.832416e+01   0.000000e+00   0.000000e+00   2.438569e+02   2.017151e-10   1.412232e-04
9.840000e+01   5.793743e+01   0.000000e+00   0.000000e+00   2.457997e+02   1.972886e-10   1.392245e-04
9.850000e+01   5.749575e+01   0.000000e+00   0.000000e+00   2.477581e+02   1.929706e-10   1.372623e-04
9.860000e+01   5.694165e+01   0.000000e+00   0.000000e+00   2.497304e+02   1.887595e-10   1.353358e-04
9.870000e+01   5.615669e+01   0.000000e+00   0.000000e+00   2.517147e+02   1.846538e-10   1.334440e-04
9.880000e+01   5.474250e+01   0.000000e+00   0.000000e+00   2.537092e+02   1.806519e-10   1.315864e-04
9.890000e+01   5.276966e+01   0.000000e+00   0.000000e+00   2.557119e+02   1.767520e-10   1.297620e-04
9.900000e+01   5.039868e+01   0.000000e+00   0.000000e+00   2.577210e+02   1.729523e-10   1.279701e-04
9.910000e+01   4.779006e+01   0.000000e+00   0.000000e+00   2.597347e+02   1.692510e-10   1.262099e-04
9.920000e+01   4.495513e+01   0.000000e+00   0.000000e+00   2.617512e+02   1.656460e-10   1.244807e-04
9.930000e+01   4.101507e+01   0.000000e+00   0.000000e+00   2.637685e+02   1.621354e-10   1.227816e-04
9.940000e+01   3.627714e+01   0.000000e+00   0.000000e+00   2.657848e+02   1.587172e-10   1.211118e-04
9.950000e+01   3.132644e+01   0.000000e+00   0.000000e+00   2.677983e+02   1.553892e-10   1.194706e-04
9.960000e+01   2.674866e+01   0.000000e+00   0.000000e+00   2.698075e+02   1.521493e-10   1.178573e-04
9.970000e+01   2.306181e+01   0.000000e+00   0.000000e+00   2.718116e+02   1.489953e-10   1.162714e-04
9.980000e+01   1.995003e+01   0.000000e+00   0.000000e+00   2.738103e+02   1.459247e-10   1.147126e-04
9.990000e+01   1.708692e+01   0.000000e+00   0.000000e+00   2.758031e+02   1.429355e-10   1.131805e-04
1.000000e+02   1.425329e+01   0.000000e+00   0.000000e+00   2.777894e+02   1.400253e-10   1.116747e-04
1.001000e+02   1.122996e+01   0.000000e+00   0.000000e+00   2.797688e+02   1.371921e-10   1.101947e-04
1.002000e+02   7.786939e+00   0.000000e+00   0.000000e+00   2.817408e+02   1.344338e-10   1.087403e-04
1.003000e+02   3.751418e+00   0.000000e+00   0.000000e+00   2.837049e+02   1.317484e-10   1.073110e-04
1.004000e+02   -6.367101e-01   0.000000e+00   0.000000e+00   2.856605e+02   1.291338e-10   1.059065e-04
1.005000e+02   -5.070165e+00   0.000000e+00   0.000000e+00   2.876073e+02   1.265882e-10   1.045263e-04
1.006000e+02   -9.241668e+00   0.000000e+00   0.000000e+00   2.895448e+02   1.241097e-10   1.031701e-04
1.007000e+02   -1.286433e+01   0.000000e+00   0.000000e+00   2.914724e+02   1.216964e-10   1.018374e-04
1.008000e+02   -1.603863e+01   0.000000e+00   0.000000e+00   2.933896e+02   1.193466e-10   1.005280e-04
1.009000e+02   -1.898450e+01   0.000000e+00   0.000000e+00   2.952960e+02   1.170584e-10   9.924131e-05
1.010000e+02   -2.187596e+01   0.000000e+00   0.000000e+00   2.971911e+02   1.148303e-10   9.797706e-05
1.011000e+02   -2.488700e+01   0.000000e+00   0.000000e+00   2.990743e+02   1.126604e-10   9.673484e-05
1.012000e+02   -2.822303e+01   0.000000e+00   0.000000e+00   3.009453e+02   1.105473e-10   9.551425e-05
1.013000e+02   -3.233183e+01   0.000000e+00   0.000000e+00   3.028034e+02   1.084894e-10   9.431492e-05
1.014000e+02   -3.683684e+01   0.000000e+00   0.000000e+00   3.046483e+02   1.064850e-10   9.313644e-05
1.015000e+02   -4.112655e+01   0.000000e+00   0.000000e+00   3.064795e+02   1.045327e-10   9.197844e-05
1.016000e+02   -4.458942e+01   0.000000e+00   0.000000e+00   3.082964e+02   1.026311e-10   9.084052e-05
1.017000e+02   -4.667987e+01   0.000000e+00   0.000000e+00   3.100985e+02   1.007786e-10   8.972230e-05
1.018000e+02   -4.823497e+01   0.000000e+00   0.000000e+00   3.118854e+02   9.897397e-11   8.862340e-05
1.019000e+02   -4.968301e+01   0.000000e+00   0.000000e+00   3.136566e+02   9.721576e-11   8.754341e-05
1.020000e+02   -5.100709e+01   0.000000e+00   0.000000e+00   3.154116e+02   9.550267e-11   8.648196e-05
1.021000e+02   -5.219025e+01   0.000000e+00   0.000000e+00   3.171499e+02   9.383341e-11   8.543865e-05
1.022000e+02   -5.318684e+01   0.000000e+00   0.000000e+00   3.188710e+02   9.220671e-11   8.441311e-05
1.023000e+02   -5.336326e+01   0.000000e+00   0.000000e+00   3.205744e+02   9.062135e-11   8.340493e-05
1.024000e+02   -5.274853e+01   0.000000e+00   0.000000e+00   3.222597e+02   8.907612e-11   8.241374e-05
1.025000e+02   -5.172063e+01   0.000000e+00   0.000000e+00   3.239263e+02   8.756985e-11   8.143914e-05
1.026000e+02   -5.065756e+01   0.000000e+00   0.000000e+00   3.255738e+02   8.610141e-11   8.048076e-05
1.027000e+02   -4.992229e+01   0.000000e+00   0.000000e+00   3.272017e+02   8.466966e-11   7.953819e-05
1.028000e+02   -4.931824e+01   0.000000e+00   0.000000e+00   3.288094e+02   8.327354e-11   7.861105e-05
1.029000e+02   -4.869025e+01   0.000000e+00   0.000000e+00   3.303965e+02   8.191196e-11   7.769896e-05
1.030000e+02   -4.808867e+01   0.000000e+00   0.000000e+00   3.319626e+02   8.058390e-11   7.680152e-05
1.031000e+02   -4.756385e+01   0.000000e+00   0.000000e+00   3.335071e+02   7.928835e-11   7.591835e-05
1.032000e+02   -4.716587e+01   0.000000e+00   0.000000e+00   3.350295e+02   7.802430e-11   7.504906e-05
1.033000e+02   -4.690401e+01   0.000000e+00   0.000000e+00   3.365293e+02   7.679081e-11   7.419327e-05
1.034000e+02   -4.671212e+01   0.000000e+00   0.000000e+00   3.380061e+02   7.558691e-11   7.335058e-05
1.035000e+02   -4.651681e+01   0.000000e+00   0.000000e+00   3.394594e+02   7.441170e-11   7.252060e-05
1.036000e+02   -4.624530e+01   0.000000e+00   0.000000e+00   3.408889e+02   7.326426e-11   7.170301e-05
1.037000e+02   -4.582695e+01   0.000000e+00   0.000000e+00   3.422954e+02   7.214368e-11   7.089763e-05
1.038000e+02   -4.523527e+01   0.000000e+00   0.000000e+00   3.436795e+02   7.104911e-11   7.010430e-05
1.039000e+02   -4.451617e+01   0.000000e+00   0.000000e+00   3.450421e+02   6.997971e-11   6.932288e-05
1.040000e+02   -4.371942e+01   0.000000e+00   0.000000e+00   3.463840e+02   6.893467e-11   6.855322e-05
1.041000e+02   -4.289479e+01   0.000000e+00   0.000000e+00   3.477059e+02   6.791322e-11   6.779517e-05
1.042000e+02   -4.209242e+01   0.000000e+00   0.000000e+00   3.490086e+02   6.691462e-11   6.704857e-05
1.043000e+02   -4.137624e+01   0.000000e+00   0.000000e+00   3.502929e+02   6.593815e-11   6.631328e-05
1.044000e+02   -4.069971e+01   0.000000e+00   0.000000e+00   3.515596e+02   6.498313e-11   6.558915e-05
1.045000e+02   -3.996668e+01   0.000000e+00   0.000000e+00   3.528095e+02   6.404889e-11   6.487602e-05
1.046000e+02   -3.908101e+01   0.000000e+00   0.000000e+00   3.540434e+02   6.313478e-11   6.417376e-05
1.047000e+02   -3.794422e+01   0.000000e+00   0.000000e+00   3.552619e+02   6.224020e-11   6.348220e-05
1.048000e+02   -3.600784e+01   0.000000e+00   0.000000e+00   3.564660e+02   6.136454e-11   6.280121e-05
1.049000e+02   -3.334304e+01   0.000000e+00   0.000000e+00   3.576564e+02   6.050724e-11   6.213062e-05
1.050000e+02   -3.058502e+01   0.000000e+00   0.000000e+00   3.588339e+02   5.966772e-11   6.147030e-05
1.051000e+02   -2.836899e+01   0.000000e+00   0.000000e+00   3.599993e+02   5.884546e-11   6.082008e-05
1.052000e+02   -2.732915e+01   0.000000e+00   0.000000e+00   3.611533e+02   5.803994e-11   6.017982e-05
1.053000e+02   -2.703358e+01   0.000000e+00   0.000000e+00   3.622968e+02   5.725065e-11   5.954938e-05
1.054000e+02   -2.674592e+01   0.000000e+00   0.000000e+00   3.634304e+02   5.647711e-11   5.892859e-05
1.055000e+02   -2.646942e+01   0.000000e+00   0.000000e+00   3.645551e+02   5.571883e-11   5.831732e-05
1.056000e+02   -2.620738e+01   0.000000e+00   0.000000e+00   3.656716e+02   5.497538e-11   5.771541e-05
1.057000e+02   -2.596307e+01   0.000000e+00   0.000000e+00   3.667806e+02   5.424629e-11   5.712271e-05
1.058000e+02   -2.599347e+01   0.000000e+00   0.000000e+00   3.678830e+02   5.353115e-11   5.653907e-05
1.059000e+02   -2.638532e+01   0.000000e+00   0.000000e+00   3.689796e+02   5.282953e-11   5.596435e-05
1.060000e+02   -2.688650e+01   0.000000e+00   0.000000e+00   3.700710e+02   5.214104e-11   5.539839e-05
1.061000e+02   -2.724487e+01   0.000000e+00   0.000000e+00   3.711582e+02   5.146527e-11   5.484104e-05
1.062000e+02   -2.720832e+01   0.000000e+00   0.000000e+00   3.722419e+02   5.080185e-11   5.429215e-05
1.063000e+02   -2.684768e+01   0.000000e+00   0.000000e+00   3.733228e+02   5.015040e-11   5.375158e-05
1.064000e+02   -2.644325e+01   0.000000e+00   0.000000e+00   3.744018e+02   4.951056e-11   5.321917e-05
1.065000e+02   -2.599855e+01   0.000000e+00   0.000000e+00   3.754796e+02   4.888199e-11   5.269478e-05
1.066000e+02   -2.551673e+01   0.000000e+00   0.000000e+00   3.765571e+02   4.826434e-11   5.217825e-05
1.067000e+02   -2.500097e+01   0.000000e+00   0.000000e+00   3.776349e+02   4.765728e-11   5.166943e-05
1.068000e+02   -2.416426e+01   0.000000e+00   0.000000e+00   3.787140e+02   4.706048e-11   5.116818e-05
1.069000e+02   -2.282516e+01   0.000000e+00   0.000000e+00   3.797950e+02   4.647363e-11   5.067435e-05
1.070000e+02   -2.129005e+01   0.000000e+00   0.000000e+00   3.808788e+02   4.589643e-11   5.018778e-05
1.071000e+02   -1.986702e+01   0.000000e+00   0.000000e+00   3.819661e+02   4.532857e-11   4.970833e-05
1.072000e+02   -1.886414e+01   0.000000e+00   0.000000e+00   3.830577e+02   4.476976e-11   4.923584e-05
1.073000e+02   -1.824988e+01   0.000000e+00   0.000000e+00   3.841545e+02   4.421972e-11   4.877017e-05
1.074000e+02   -1.765484e+01   0.000000e+00   0.000000e+00   3.852571e+02   4.367818e-11   4.831117e-05
1.075000e+02   -1.707975e+01   0.000000e+00   0.000000e+00   3.863664e+02   4.314485e-11   4.785868e-05
1.076000e+02   -1.652902e+01   0.000000e+00   0.000000e+00   3.874832e+02   4.261948e-11   4.741256e-05
1.077000e+02   -1.600707e+01   0.000000e+00   0.000000e+00   3.886082e+02   4.210182e-11   4.697266e-05
1.078000e+02   -1.594054e+01   0.000000e+00   0.000000e+00   3.897422e+02   4.159159e-11   4.653882e-05
1.079000e+02   -1.673849e+01   0.000000e+00   0.000000e+00   3.908861e+02   4.108858e-11   4.611091e-05
1.080000e+02   -1.792197e+01   0.000000e+00   0.000000e+00   3.920405e+02   4.059253e-11   4.568876e-05
1.081000e+02   -1.900056e+01   0.000000e+00   0.000000e+00   3.932063e+02   4.010320e-11   4.527223e-05
1.082000e+02   -1.948385e+01   0.000000e+00   0.000000e+00   3.943843e+02   3.962038e-11   4.486117e-05
1.083000e+02   -1.932171e+01   0.000000e+00   0.000000e+00   3.955752e+02   3.914384e-11   4.445543e-05
1.084000e+02   -1.910184e+01   0.000000e+00   0.000000e+00   3.967798e+02   3.867336e-11   4.405486e-05
1.085000e+02   -1.882738e+01   0.000000e+00   0.000000e+00   3.979987e+02   3.820876e-11   4.365932e-05
1.086000e+02   -1.848527e+01   0.000000e+00   0.000000e+00   3.992318e+02   3.774999e-11   4.326874e-05
1.087000e+02   -1.806221e+01   0.000000e+00   0.000000e+00   4.004783e+02   3.729706e-11   4.288308e-05
1.088000e+02   -1.739951e+01   0.000000e+00   0.000000e+00   4.017380e+02   3.684994e-11   4.250227e-05
1.089000e+02   -1.631370e+01   0.000000e+00   0.000000e+00   4.030103e+02   3.640863e-11   4.212626e-05
1.090000e+02   -1.502101e+01   0.000000e+00   0.000000e+00   4.042948e+02   3.597311e-11   4.175500e-05
1.091000e+02   -1.374834e+01   0.000000e+00   0.000000e+00   4.055909e+02   3.554336e-11   4.138844e-05
1.092000e+02   -1.272262e+01   0.000000e+00   0.000000e+00   4.068981e+02   3.511936e-11   4.102651e-05
1.093000e+02   -1.200416e+01   0.000000e+00   0.000000e+00   4.082160e+02   3.470108e-11   4.066918e-05
1.094000e+02   -1.132404e+01   0.000000e+00   0.000000e+00   4.095441e+02   3.428850e-11   4.031637e-05
1.095000e+02   -1.068238e+01   0.000000e+00   0.000000e+00   4.108819e+02   3.388158e-11   3.996805e-05
1.096000e+02   -1.009279e+01   0.000000e+00   0.000000e+00   4.122289e+02   3.348029e-11   3.962416e-05
1.097000e+02   -9.568882e+00   0.000000e+00   0.000000e+00   4.135847e+02   3.308460e-11   3.928463e-05
1.098000e+02   -9.577912e+00   0.000000e+00   0.000000e+00   4.149487e+02   3.269447e-11   3.894943e-05
1.099000e+02   -1.099340e+01   0.000000e+00   0.000000e+00   4.163204e+02   3.230987e-11   3.861849e-05
1.100000e+02   -1.327007e+01   0.000000e+00   0.000000e+00   4.176995e+02   3.193075e-11   3.829176e-05
1.101000e+02   -1.579526e+01   0.000000e+00   0.000000e+00   4.190853e+02   3.155706e-11   3.796919e-05
1.102000e+02   -1.795629e+01   0.000000e+00   0.000000e+00   4.204775e+02   3.118878e-11   3.765073e-05
1.103000e+02   -1.955467e+01   0.000000e+00   0.000000e+00   4.218754e+02   3.082584e-11   3.733632e-05
1.104000e+02   -2.131114e+01   0.000000e+00   0.000000e+00   4.232787e+02   3.046820e-11   3.702590e-05
1.105000e+02   -2.296119e+01   0.000000e+00   0.000000e+00   4.246869e+02   3.011582e-11   3.671943e-05
1.106000e+02   -2.416841e+01   0.000000e+00   0.000000e+00   4.260995e+02   2.976864e-11   3.641685e-05
1.107000e+02   -2.459637e+01   0.000000e+00   0.000000e+00   4.275159e+02   2.942662e-11   3.611810e-05
1.108000e+02   -2.392652e+01   0.000000e+00   0.000000e+00   4.289357e+02   2.908969e-11   3.582314e-05
1.109000e+02   -2.227086e+01   0.000000e+00   0.000000e+00   4.303584e+02   2.875781e-11   3.553191e-05
1.110000e+02   -2.012491e+01   0.000000e+00   0.000000e+00   4.317836e+02   2.843093e-11   3.524435e-05
1.111000e+02   -1.799534e+01   0.000000e+00   0.000000e+00   4.332107e+02   2.810898e-11   3.496041e-05
1.112000e+02   -1.638884e+01   0.000000e+00   0.000000e+00   4.346393e+02   2.779191e-11   3.468005e-05
1.113000e+02   -1.557019e+01   0.000000e+00   0.000000e+00   4.360688e+02   2.747966e-11   3.440319e-05
1.114000e+02   -1.491678e+01   0.000000e+00   0.000000e+00   4.374989e+02   2.717218e-11   3.412980e-05
1.115000e+02   -1.431313e+01   0.000000e+00   0.000000e+00   4.389289e+02   2.686940e-11   3.385982e-05
1.116000e+02   -1.371240e+01   0.000000e+00   0.000000e+00   4.403585e+02   2.657128e-11   3.359319e-05
1.117000e+02   -1.306777e+01   0.000000e+00   0.000000e+00   4.417871e+02   2.627774e-11   3.332985e-05
1.118000e+02   -1.234620e+01   0.000000e+00   0.000000e+00   4.432143e+02   2.598873e-11   3.306977e-05
1.119000e+02   -1.156860e+01   0.000000e+00   0.000000e+00   4.446395e+02   2.570419e-11   3.281288e-05
1.120000e+02   -1.071940e+01   -0.000000e+00   -0.000000e+00   4.460623e+02   2.542406e-11   3.255913e-05
1.121000e+02   -9.777605e+00   -0.000000e+00   -0.000000e+00   4.474822e+02   2.514827e-11   3.230846e-05
1.122000e+02   -8.722208e+00   -0.000000e+00   -0.000000e+00   4.488987e+02   2.487677e-11   3.206082e-05
1.123000e+02   -7.396195e+00   -0.000000e+00   -0.000000e+00   4.503114e+02   2.460949e-11   3.181617e-05
1.124000e+02   -5.297347e+00   -0.000000e+00   -0.000000e+00   4.517197e+02   2.434637e-11   3.157443e-05
1.125000e+02   -2.681196e+00   -0.000000e+00   -0.000000e+00   4.531231e+02   2.408735e-11   3.133557e-05
1.126000e+02   1.056857e-01   -0.000000e+00   -0.000000e+00   4.545212e+02   2.383237e-11   3.109953e-05
1.127000e+02   2.716724e+00   -0.000000e+00   -0.000000e+00   4.559135e+02   2.358137e-11   3.086625e-05
1.128000e+02   4.951060e+00   -0.000000e+00   -0.000000e+00   4.572996e+02   2.333428e-11   3.063568e-05
1.129000e+02   7.272848e+00   -0.000000e+00   -0.000000e+00   4.586788e+02   2.309104e-11   3.040776e-05
1.130000e+02   9.553972e+00   -0.000000e+00   -0.000000e+00   4.600507e+02   2.285159e-11   3.018245e-05
1.131000e+02   1.155878e+01   -0.000000e+00   -0.000000e+00   4.614150e+02   2.261587e-11   2.995969e-05
1.132000e+02   1.305163e+01   -0.000000e+00   -0.000000e+00   4.627709e+02   2.238382e-11   2.973943e-05
1.133000e+02   1.390689e+01   -0.000000e+00   -0.000000e+00   4.641182e+02   2.215537e-11   2.952160e-05
1.134000e+02   1.463628e+01   -0.000000e+00   -0.000000e+00   4.654562e+02   2.193046e-11   2.930616e-05
1.135000e+02   1.533681e+01   -0.000000e+00   -0.000000e+00   4.667846e+02   2.170904e-11   2.909306e-05
1.136000e+02   1.600515e+01   -0.000000e+00   -0.000000e+00   4.681028e+02   2.149104e-11   2.888224e-05
1.137000e+02   1.663795e+01   -0.000000e+00   -0.000000e+00   4.694103e+02   2.127639e-11   2.867365e-05
1.138000e+02   1.712400e+01   -0.000000e+00   -0.000000e+00   4.707067e+02   2.106505e-11   2.846723e-05
1.139000e+02   1.687717e+01   -0.000000e+00   -0.000000e+00   4.719914e+02   2.085695e-11   2.826293e-05
1.140000e+02   1.617592e+01   -0.000000e+00   -0.000000e+00   4.732640e+02   2.065202e-11   2.806070e-05
1.141000e+02   1.546067e+01   -0.000000e+00   -0.000000e+00   4.745241e+02   2.045022e-11   2.786047e-05
1.142000e+02   1.517181e+01   -0.000000e+00   -0.000000e+00   4.757710e+02   2.025147e-11   2.766221e-05
1.143000e+02   1.570480e+01   -0.000000e+00   -0.000000e+00   4.770044e+02   2.005573e-11   2.746586e-05
1.144000e+02   1.691963e+01   -0.000000e+00   -0.000000e+00   4.782237e+02   1.986293e-11   2.727135e-05
1.145000e+02   1.856238e+01   -0.000000e+00   -0.000000e+00   4.794285e+02   1.967301e-11   2.707865e-05
1.146000e+02   2.042105e+01   -0.000000e+00   -0.000000e+00   4.806182e+02   1.948592e-11   2.688769e-05
1.147000e+02   2.228365e+01   -0.000000e+00   -0.000000e+00   4.817925e+02   1.930159e-11   2.669842e-05
1.148000e+02   2.399853e+01   -0.000000e+00   -0.000000e+00   4.829509e+02   1.911998e-11   2.651079e-05
1.149000e+02   2.590317e+01   -0.000000e+00   -0.000000e+00   4.840936e+02   1.894102e-11   2.632479e-05
1.150000e+02   2.789532e+01   -0.000000e+00   -0.000000e+00   4.852209e+02   1.876465e-11   2.614041e-05
1.151000e+02   2.973518e+01   -0.000000e+00   -0.000000e+00   4.863331e+02   1.859084e-11   2.595764e-05
1.152000e+02   3.118292e+01   -0.000000e+00   -0.000000e+00   4.874304e+02   1.841951e-11   2.577645e-05
1.153000e+02   3.201648e+01   -0.000000e+00   -0.000000e+00   4.885130e+02   1.825063e-11   2.559684e-05
1.154000e+02   3.231227e+01   -0.000000e+00   -0.000000e+00   4.895812e+02   1.808414e-11   2.541880e-05
1.155000e+02   3.225171e+01   -0.000000e+00   -0.000000e+00   4.906353e+02   1.792000e-11   2.524231e-05
1.156000e+02   3.198965e+01   -0.000000e+00   -0.000000e+00   4.916756e+02   1.775815e-11   2.506736e-05
1.157000e+02   3.168092e+01   -0.000000e+00   -0.000000e+00   4.927022e+02   1.759855e-11   2.489395e-05
1.158000e+02   3.146694e+01   -0.000000e+00   -0.000000e+00   4.937156e+02   1.744116e-11   2.472205e-05
1.159000e+02   3.127074e+01   -0.000000e+00   -0.000000e+00   4.947158e+02   1.728592e-11   2.455165e-05
1.160000e+02   3.101450e+01   -0.000000e+00   -0.000000e+00   4.957033e+02   1.713281e-11   2.438275e-05
1.161000e+02   3.065976e+01   -0.000000e+00   -0.000000e+00   4.966781e+02   1.698177e-11   2.421533e-05
1.162000e+02   3.016806e+01   -0.000000e+00   -0.000000e+00   4.976407e+02   1.683276e-11   2.404937e-05
1.163000e+02   2.946486e+01   -0.000000e+00   -0.000000e+00   4.985913e+02   1.668575e-11   2.388487e-05
1.164000e+02   2.808404e+01   -0.000000e+00   -0.000000e+00   4.995300e+02   1.654070e-11   2.372181e-05
1.165000e+02   2.625321e+01   -0.000000e+00   -0.000000e+00   5.004573e+02   1.639756e-11   2.356018e-05
1.166000e+02   2.443766e+01   -0.000000e+00   -0.000000e+00   5.013733e+02   1.625630e-11   2.339997e-05
1.167000e+02   2.310266e+01   -0.000000e+00   -0.000000e+00   5.022783e+02   1.611689e-11   2.324117e-05
1.168000e+02   2.266785e+01   -0.000000e+00   -0.000000e+00   5.031725e+02   1.597928e-11   2.308376e-05
1.169000e+02   2.259768e+01   -0.000000e+00   -0.000000e+00   5.040563e+02   1.584345e-11   2.292773e-05
1.170000e+02   2.264463e+01   -0.000000e+00   -0.000000e+00   5.049299e+02   1.570935e-11   2.277307e-05
1.171000e+02   2.287019e+01   -0.000000e+00   -0.000000e+00   5.057935e+02   1.557695e-11   2.261977e-05
1.172000e+02   2.333582e+01   -0.000000e+00   -0.000000e+00   5.066475e+02   1.544623e-11   2.246781e-05
1.173000e+02   2.409452e+01   -0.000000e+00   -0.000000e+00   5.074919e+02   1.531715e-11   2.231718e-05
1.174000e+02   2.497673e+01   -0.000000e+00   -0.000000e+00   5.083273e+02   1.518967e-11   2.216787e-05
1.175000e+02   2.588300e+01   -0.000000e+00   -0.000000e+00   5.091537e+02   1.506377e-11   2.201987e-05
1.176000e+02   2.679786e+01   -0.000000e+00   -0.000000e+00   5.099714e+02   1.493941e-11   2.187317e-05
1.177000e+02   2.770588e+01   -0.000000e+00   -0.000000e+00   5.107808e+02   1.481657e-11   2.172774e-05
1.178000e+02   2.858223e+01   -0.000000e+00   -0.000000e+00   5.115820e+02   1.469522e-11   2.158359e-05
1.179000e+02   2.914480e+01   -0.000000e+00   -0.000000e+00   5.123753e+02   1.457532e-11   2.144069e-05
1.180000e+02   2.938607e+01   -0.000000e+00   -0.000000e+00   5.131611e+02   1.445686e-11   2.129904e-05
1.181000e+02   2.946723e+01   -0.000000e+00   -0.000000e+00   5.139395e+02   1.433980e-11   2.115862e-05
1.182000e+02   2.954943e+01   -0.000000e+00   -0.000000e+00   5.147108e+02   1.422412e-11   2.101943e-05
1.183000e+02   2.978741e+01   -0.000000e+00   -0.000000e+00   5.154752e+02   1.410978e-11   2.088144e-05
1.184000e+02   3.003453e+01   -0.000000e+00   -0.000000e+00   5.162331e+02   1.399677e-11   2.074465e-05
1.185000e+02   3.024650e+01   -0.000000e+00   -0.000000e+00   5.169847e+02   1.388506e-11   2.060904e-05
1.186000e+02   3.053435e+01   -0.000000e+00   -0.000000e+00   5.177302e+02   1.377462e-11   2.047460e-05
1.187000e+02   3.100908e+01   -0.000000e+00   -0.000000e+00   5.184699e+02   1.366543e-11   2.034132e-05
1.188000e+02   3.178251e+01   -0.000000e+00   -0.000000e+00   5.192041e+02   1.355746e-11   2.020919e-05
1.189000e+02   3.296506e+01   -0.000000e+00   -0.000000e+00   5.199331e+02   1.345070e-11   2.007819e-05
1.190000e+02   3.447704e+01   -0.000000e+00   -0.000000e+00   5.206570e+02   1.334511e-11   1.994832e-05
1.191000e+02   3.617371e+01   -0.000000e+00   -0.000000e+00   5.213762e+02   1.324068e-11   1.981955e-05
1.192000e+02   3.791033e+01   -0.000000e+00   -0.000000e+00   5.220908e+02   1.313738e-11   1.969188e-05
1.193000e+02   3.954338e+01   -0.000000e+00   -0.000000e+00   5.228013e+02   1.303519e-11   1.956530e-05
1.194000e+02   4.110348e+01   -0.000000e+00   -0.000000e+00   5.235078e+02   1.293409e-11   1.943979e-05
1.195000e+02   4.267123e+01   -0.000000e+00   -0.000000e+00   5.242105e+02   1.283406e-11   1.931534e-05
1.196000e+02   4.424638e+01   -0.000000e+00   -0.000000e+00   5.249098e+02   1.273508e-11   1.919193e-05
1.197000e+02   4.582867e+01   -0.000000e+00   -0.000000e+00   5.256060e+02   1.263712e-11   1.906956e-05
1.198000e+02   4.741774e+01   -0.000000e+00   -0.000000e+00   5.262992e+02   1.254017e-11   1.894822e-05
1.199000e+02   4.899070e+01   -0.000000e+00   -0.000000e+00   5.269897e+02   1.244420e-11   1.882789e-05
1.200000e+02   5.055169e+01   -0.000000e+00   -0.000000e+00   5.276778e+02   1.234920e-11   1.870855e-05
1.201000e+02   5.213145e+01   -0.000000e+00   -0.000000e+00   5.283638e+02   1.225515e-11   1.859020e-05
1.202000e+02   5.376070e+01   -0.000000e+00   -0.000000e+00   5.290479e+02   1.216203e-11   1.847283e-05
1.203000e+02   5.547037e+01   -0.000000e+00   -0.000000e+00   5.297303e+02   1.206982e-11   1.835641e-05
1.204000e+02   5.744646e+01   -0.000000e+00   -0.000000e+00   5.304114e+02   1.197850e-11   1.824095e-05
1.205000e+02   5.966828e+01   -0.000000e+00   -0.000000e+00   5.310914e+02   1.188805e-11   1.812642e-05
1.206000e+02   6.189378e+01   -0.000000e+00   -0.000000e+00   5.317705e+02   1.179845e-11   1.801282e-05
1.207000e+02   6.388091e+01   -0.000000e+00   -0.000000e+00   5.324491e+02   1.170970e-11   1.790013e-05
1.208000e+02   6.538760e+01   -0.000000e+00   -0.000000e+00   5.331273e+02   1.162177e-11   1.778834e-05
1.209000e+02   6.652021e+01   -0.000000e+00   -0.000000e+00   5.338054e+02   1.153464e-11   1.767744e-05
1.210000e+02   6.757465e+01   -0.000000e+00   -0.000000e+00   5.344838e+02   1.144829e-11   1.756741e-05
1.211000e+02   6.859326e+01   -0.000000e+00   -0.000000e+00   5.351626e+02   1.136272e-11   1.745824e-05
1.212000e+02   6.961838e+01   -0.000000e+00   -0.000000e+00   5.358421e+02   1.127791e-11   1.734993e-05
1.213000e+02   7.069233e+01   -0.000000e+00   -0.000000e+00   5.365225e+02   1.119383e-11   1.724245e-05
1.214000e+02   7.185140e+01   -0.000000e+00   -0.000000e+00   5.372043e+02   1.111047e-11   1.713580e-05
1.215000e+02   7.308307e+01   -0.000000e+00   -0.000000e+00   5.378875e+02   1.102782e-11   1.702996e-05
1.216000e+02   7.435522e+01   -0.000000e+00   -0.000000e+00   5.385724e+02   1.094587e-11   1.692492e-05
1.217000e+02   7.563573e+01   -0.000000e+00   -0.000000e+00   5.392594e+02   1.086459e-11   1.682068e-05
1.218000e+02   7.689250e+01   -0.000000e+00   -0.000000e+00   5.399487e+02   1.078397e-11   1.671720e-05
1.219000e+02   7.817032e+01   -0.000000e+00   -0.000000e+00   5.406404e+02   1.070400e-11   1.661450e-05
1.220000e+02   7.950468e+01   -0.000000e+00   -0.000000e+00   5.413350e+02   1.062467e-11   1.651254e-05
1.221000e+02   8.081312e+01   -0.000000e+00   -0.000000e+00   5.420327e+02   1.054595e-11   1.641132e-05
1.222000e+02   8.201274e+01   -0.000000e+00   -0.000000e+00   5.427336e+02   1.046784e-11   1.631083e-05
1.223000e+02   8.302065e+01   -0.000000e+00   -0.000000e+00   5.434381e+02   1.039032e-11   1.621106e-05
1.224000e+02   8.375547e+01   -0.000000e+00   -0.000000e+00   5.441465e+02   1.031338e-11   1.611199e-05
1.225000e+02   8.425021e+01   -0.000000e+00   -0.000000e+00   5.448586e+02   1.023701e-11   1.601361e-05
1.226000e+02   8.461064e+01   -0.000000e+00   -0.000000e+00   5.455745e+02   1.016122e-11   1.591593e-05
1.227000e+02   8.494282e+01   -0.000000e+00   -0.000000e+00   5.462941e+02   1.008599e-11   1.581895e-05
1.228000e+02   8.535280e+01   -0.000000e+00   -0.000000e+00   5.470173e+02   1.001134e-11   1.572264e-05
1.229000e+02   8.587683e+01   -0.000000e+00   -0.000000e+00   5.477442e+02   9.937248e-12   1.562702e-05
1.230000e+02   8.643250e+01   -0.000000e+00   -0.000000e+00   5.484746e+02   9.863722e-12   1.553208e-05
1.231000e+02   8.699716e+01   -0.000000e+00   -0.000000e+00   5.492085e+02   9.790758e-12   1.543782e-05
1.232000e+02   8.754939e+01   -0.000000e+00   -0.000000e+00   5.499459e+02   9.718353e-12   1.534423e-05
1.233000e+02   8.806780e+01   -0.000000e+00   -0.000000e+00   5.506866e+02   9.646505e-12   1.525130e-05
1.234000e+02   8.853479e+01   -0.000000e+00   -0.000000e+00   5.514307e+02   9.575212e-12   1.515904e-05
1.235000e+02   8.895746e+01   -0.000000e+00   -0.000000e+00   5.521781e+02   9.504472e-12   1.506744e-05
1.236000e+02   8.935283e+01   -0.000000e+00   -0.000000e+00   5.529287e+02   9.434281e-12   1.497650e-05
1.237000e+02   8.973790e+01   -0.000000e+00   -0.000000e+00   5.536825e+02   9.364638e-12   1.488621e-05
1.238000e+02   9.012973e+01   -0.000000e+00   -0.000000e+00   5.544394e+02   9.295540e-12   1.479657e-05
1.239000e+02   9.053811e+01   -0.000000e+00   -0.000000e+00   5.551994e+02   9.226984e-12   1.470758e-05
1.240000e+02   9.095184e+01   -0.000000e+00   -0.000000e+00   5.559624e+02   9.158968e-12   1.461922e-05
1.241000e+02   9.136294e+01   -0.000000e+00   -0.000000e+00   5.567284e+02   9.091489e-12   1.453151e-05
1.242000e+02   9.176373e+01   -0.000000e+00   -0.000000e+00   5.574973e+02   9.024546e-12   1.444443e-05
1.243000e+02   9.214653e+01   -0.000000e+00   -0.000000e+00   5.582691e+02   8.958134e-12   1.435798e-05
1.244000e+02   9.250391e+01   -0.000000e+00   -0.000000e+00   5.590437e+02   8.892252e-12   1.427216e-05
1.245000e+02   9.283742e+01   -0.000000e+00   -0.000000e+00   5.598210e+02   8.826896e-12   1.418697e-05
1.246000e+02   9.315575e+01   -0.000000e+00   -0.000000e+00   5.606011e+02   8.762065e-12   1.410239e-05
1.247000e+02   9.346772e+01   -0.000000e+00   -0.000000e+00   5.613838e+02   8.697755e-12   1.401843e-05
1.248000e+02   9.378212e+01   -0.000000e+00   -0.000000e+00   5.621691e+02   8.633963e-12   1.393508e-05
1.249000e+02   9.408909e+01   -0.000000e+00   -0.000000e+00   5.629570e+02   8.570687e-12   1.385234e-05
1.250000e+02   9.436295e+01   -0.000000e+00   -0.000000e+00   5.637474e+02   8.507924e-12   1.377021e-05
1.251000e+02   9.463732e+01   -0.000000e+00   -0.000000e+00   5.645402e+02   8.445672e-12   1.368868e-05
1.252000e+02   9.494861e+01   -0.000000e+00   -0.000000e+00   5.653355e+02   8.383926e-12   1.360774e-05
1.253000e+02   9.533326e+01   -0.000000e+00   -0.000000e+00   5.661330e+02   8.322685e-12   1.352740e-05
1.254000e+02   9.580992e+01   -0.000000e+00   -0.000000e+00   5.669329e+02   8.261946e-12   1.344765e-05
1.255000e+02   9.633419e+01   -0.000000e+00   -0.000000e+00   5.677350e+02   8.201705e-12   1.336848e-05
1.256000e+02   9.687918e+01   -0.000000e+00   -0.000000e+00   5.685392e+02   8.141960e-12   1.328990e-05
1.257000e+02   9.742032e+01   -0.000000e+00   -0.000000e+00   5.693457e+02   8.082708e-12   1.321190e-05
1.258000e+02   9.793305e+01   -0.000000e+00   -0.000000e+00   5.701541e+02   8.023945e-12   1.313447e-05
1.259000e+02   9.840479e+01   -0.000000e+00   -0.000000e+00   5.709647e+02   7.965670e-12   1.305762e-05
1.260000e+02   9.885647e+01   -0.000000e+00   -0.000000e+00   5.717771e+02   7.907878e-12   1.298133e-05
1.261000e+02   9.928040e+01   -0.000000e+00   -0.000000e+00   5.725916e+02   7.850567e-12   1.290560e-05
1.262000e+02   9.966617e+01   -0.000000e+00   -0.000000e+00   5.734078e+02   7.793734e-12   1.283044e-05
1.263000e+02   1.000034e+02   -0.000000e+00   -0.000000e+00   5.742259e+02   7.737376e-12   1.275583e-05
1.264000e+02   1.002458e+02   -0.000000e+00   -0.000000e+00   5.750458e+02   7.681490e-12   1.268178e-05
1.265000e+02   1.003019e+02   -0.000000e+00   -0.000000e+00   5.758674e+02   7.626073e-12   1.260828e-05
1.266000e+02   1.002582e+02   -0.000000e+00   -0.000000e+00   5.766906e+02   7.571121e-12   1.253532e-05
1.267000e+02   1.002154e+02   -0.000000e+00   -0.000000e+00   5.775155e+02   7.516631e-12   1.246290e-05
1.268000e+02   1.002745e+02   -0.000000e+00   -0.000000e+00   5.783419e+02   7.462602e-12   1.239103e-05
1.269000e+02   1.004834e+02   -0.000000e+00   -0.000000e+00   5.791698e+02   7.409028e-12   1.231968e-05
1.270000e+02   1.007002e+02   -0.000000e+00   -0.000000e+00   5.799991e+02   7.355909e-12   1.224887e-05
1.271000e+02   1.009460e+02   -0.000000e+00   -0.000000e+00   5.808299e+02   7.303239e-12   1.217858e-05
1.272000e+02   1.012641e+02   -0.000000e+00   -0.000000e+00   5.816620e+02   7.251016e-12   1.210882e-05
1.273000e+02   1.016974e+02   -0.000000e+00   -0.000000e+00   5.824954e+02   7.199238e-12   1.203958e-05
1.274000e+02   1.022772e+02   -0.000000e+00   -0.000000e+00   5.833300e+02   7.147900e-12   1.197085e-05
1.275000e+02   1.029606e+02   -0.000000e+00   -0.000000e+00   5.841658e+02   7.097000e-12   1.190264e-05
1.276000e+02   1.037139e+02   -0.000000e+00   -0.000000e+00   5.850028e+02   7.046534e-12   1.183493e-05
1.277000e+02   1.045082e+02   -0.000000e+00   -0.000000e+00   5.858408e+02   6.996500e-12   1.176773e-05
1.278000e+02   1.053143e+02   -0.000000e+00   -0.000000e+00   5.866799e+02   6.946895e-12   1.170103e-05
1.279000e+02   1.061394e+02   -0.000000e+00   -0.000000e+00   5.875199e+02   6.897714e-12   1.163483e-05
1.280000e+02   1.071102e+02   -0.000000e+00   -0.000000e+00   5.883609e+02   6.848955e-12   1.156912e-05
1.281000e+02   1.081406e+02   -0.000000e+00   -0.000000e+00   5.892027e+02   6.800616e-12   1.150391e-05
1.282000e+02   1.091135e+02   -0.000000e+00   -0.000000e+00   5.900454e+02   6.752691e-12   1.143917e-05
1.283000e+02   1.099119e+02   -0.000000e+00   -0.000000e+00   5.908888e+02   6.705180e-12   1.137492e-05
1.284000e+02   1.104208e+02   -0.000000e+00   -0.000000e+00   5.917329e+02   6.658077e-12   1.131115e-05
1.285000e+02   1.106199e+02   -0.000000e+00   -0.000000e+00   5.925777e+02   6.611381e-12   1.124786e-05
1.286000e+02   1.106097e+02   -0.000000e+00   -0.000000e+00   5.934232e+02   6.565087e-12   1.118503e-05
1.287000e+02   1.104982e+02   -0.000000e+00   -0.000000e+00   5.942691e+02   6.519193e-12   1.112268e-05
1.288000e+02   1.103933e+02   -0.000000e+00   -0.000000e+00   5.951156e+02   6.473696e-12   1.106079e-05
1.289000e+02   1.103627e+02   -0.000000e+00   -0.000000e+00   5.959625e+02   6.428593e-12   1.099935e-05
1.290000e+02   1.102394e+02   -0.000000e+00   -0.000000e+00   5.968099e+02   6.383879e-12   1.093838e-05
1.291000e+02   1.100831e+02   -0.000000e+00   -0.000000e+00   5.976575e+02   6.339553e-12   1.087786e-05
1.292000e+02   1.100065e+02   -0.000000e+00   -0.000000e+00   5.985055e+02   6.295610e-12   1.081778e-05
1.293000e+02   1.101220e+02   -0.000000e+00   -0.000000e+00   5.993537e+02   6.252048e-12   1.075816e-05
1.294000e+02   1.105054e+02   -0.000000e+00   -0.000000e+00   6.002021e+02   6.208864e-12   1.069897e-05
1.295000e+02   1.109389e+02   -0.000000e+00   -0.000000e+00   6.010507e+02   6.166054e-12   1.064022e-05
1.296000e+02   1.113656e+02   -0.000000e+00   -0.000000e+00   6.018993e+02   6.123615e-12   1.058191e-05
1.297000e+02   1.117855e+02   -0.000000e+00   -0.000000e+00   6.027480e+02   6.081544e-12   1.052403e-05
1.298000e+02   1.121985e+02   -0.000000e+00   -0.000000e+00   6.035966e+02   6.039838e-12   1.046657e-05
1.299000e+02   1.126093e+02   -0.000000e+00   -0.000000e+00   6.044452e+02   5.998494e-12   1.040954e-05
1.300000e+02   1.130532e+02   -0.000000e+00   -0.000000e+00   6.052936e+02   5.957508e-12   1.035293e-05
