#% 0, Z0, m, 0.0
#% 1, Z, km
#% 2, U, m/s
#% 3, V, m/s
#% 4, W, m/s
#% 5, T, degK
#% 6, RHO, g/cm3
#% 7, P, mbar
0.000000e+00   -5.852432e+00   0.000000e+00   0.000000e+00   2.808949e+02   1.207674e-03   9.739262e+02
1.000000e-01   -5.426100e+00   0.000000e+00   0.000000e+00   2.801487e+02   1.196341e-03   9.622231e+02
2.000000e-01   -4.998760e+00   0.000000e+00   0.000000e+00   2.793446e+02   1.185326e-03   9.506273e+02
3.000000e-01   -4.329962e+00   0.000000e+00   0.000000e+00   2.785224e+02   1.174461e-03   9.391421e+02
4.000000e-01   -3.238494e+00   0.000000e+00   0.000000e+00   2.777172e+02   1.163603e-03   9.277697e+02
5.000000e-01   -1.897356e+00   0.000000e+00   0.000000e+00   2.769375e+02   1.152715e-03   9.165073e+02
6.000000e-01   -6.660760e-01   0.000000e+00   0.000000e+00   2.762103e+02   1.141679e-03   9.053493e+02
7.000000e-01   1.872992e-01   0.000000e+00   0.000000e+00   2.755535e+02   1.130426e-03   8.942940e+02
8.000000e-01   6.685131e-01   0.000000e+00   0.000000e+00   2.749359e+02   1.119095e-03   8.833455e+02
9.000000e-01   9.719207e-01   0.000000e+00   0.000000e+00   2.743303e+02   1.107801e-03   8.725050e+02
1.000000e+00   1.165733e+00   0.000000e+00   0.000000e+00   2.736971e+02   1.096709e-03   8.617748e+02
1.100000e+00   1.223865e+00   0.000000e+00   0.000000e+00   2.730099e+02   1.085921e-03   8.511557e+02
1.200000e+00   1.166718e+00   0.000000e+00   0.000000e+00   2.722793e+02   1.075389e-03   8.406448e+02
1.300000e+00   1.034148e+00   0.000000e+00   0.000000e+00   2.715441e+02   1.064954e-03   8.302402e+02
1.400000e+00   8.758984e-01   0.000000e+00   0.000000e+00   2.710441e+02   1.053685e-03   8.199421e+02
1.500000e+00   7.328814e-01   0.000000e+00   0.000000e+00   2.709533e+02   1.040936e-03   8.097501e+02
1.600000e+00   6.028468e-01   0.000000e+00   0.000000e+00   2.709899e+02   1.027827e-03   7.996603e+02
1.700000e+00   4.701787e-01   0.000000e+00   0.000000e+00   2.708226e+02   1.015615e-03   7.896710e+02
1.800000e+00   3.220697e-01   0.000000e+00   0.000000e+00   2.702777e+02   1.004918e-03   7.797819e+02
1.900000e+00   1.607472e-01   0.000000e+00   0.000000e+00   2.696137e+02   9.947459e-04   7.699925e+02
2.000000e+00   -1.564545e-02   0.000000e+00   0.000000e+00   2.691062e+02   9.840791e-04   7.603019e+02
2.100000e+00   -2.258623e-01   0.000000e+00   0.000000e+00   2.687285e+02   9.730285e-04   7.507089e+02
2.200000e+00   -4.778737e-01   0.000000e+00   0.000000e+00   2.683577e+02   9.620462e-04   7.412118e+02
2.300000e+00   -7.699721e-01   0.000000e+00   0.000000e+00   2.679282e+02   9.513655e-04   7.318096e+02
2.400000e+00   -1.060742e+00   0.000000e+00   0.000000e+00   2.674466e+02   9.409565e-04   7.225019e+02
2.500000e+00   -1.312023e+00   0.000000e+00   0.000000e+00   2.669259e+02   9.307691e-04   7.132883e+02
2.600000e+00   -1.547796e+00   0.000000e+00   0.000000e+00   2.663888e+02   9.207215e-04   7.041686e+02
2.700000e+00   -1.805998e+00   0.000000e+00   0.000000e+00   2.658619e+02   9.107210e-04   6.951425e+02
2.800000e+00   -2.062349e+00   0.000000e+00   0.000000e+00   2.653671e+02   9.006939e-04   6.862093e+02
2.900000e+00   -2.284970e+00   0.000000e+00   0.000000e+00   2.649153e+02   8.906039e-04   6.773670e+02
3.000000e+00   -2.441039e+00   0.000000e+00   0.000000e+00   2.645156e+02   8.804233e-04   6.686136e+02
3.100000e+00   -2.507371e+00   0.000000e+00   0.000000e+00   2.641599e+02   8.701825e-04   6.599478e+02
3.200000e+00   -2.506191e+00   0.000000e+00   0.000000e+00   2.638222e+02   8.599704e-04   6.513691e+02
3.300000e+00   -2.467072e+00   0.000000e+00   0.000000e+00   2.634757e+02   8.498748e-04   6.428769e+02
3.400000e+00   -2.422087e+00   0.000000e+00   0.000000e+00   2.630975e+02   8.399676e-04   6.344707e+02
3.500000e+00   -2.415121e+00   0.000000e+00   0.000000e+00   2.626813e+02   8.302652e-04   6.261499e+02
3.600000e+00   -2.508428e+00   0.000000e+00   0.000000e+00   2.622254e+02   8.207689e-04   6.179139e+02
3.700000e+00   -2.738524e+00   0.000000e+00   0.000000e+00   2.617278e+02   8.114803e-04   6.097618e+02
3.800000e+00   -3.065691e+00   0.000000e+00   0.000000e+00   2.611872e+02   8.024001e-04   6.016932e+02
3.900000e+00   -3.429818e+00   0.000000e+00   0.000000e+00   2.606056e+02   7.935169e-04   5.937071e+02
4.000000e+00   -3.756784e+00   0.000000e+00   0.000000e+00   2.599882e+02   7.848111e-04   5.858024e+02
4.100000e+00   -3.959983e+00   0.000000e+00   0.000000e+00   2.593403e+02   7.762632e-04   5.779781e+02
4.200000e+00   -4.008526e+00   0.000000e+00   0.000000e+00   2.586671e+02   7.678543e-04   5.702330e+02
4.300000e+00   -3.977666e+00   0.000000e+00   0.000000e+00   2.579745e+02   7.595644e-04   5.625663e+02
4.400000e+00   -3.959197e+00   0.000000e+00   0.000000e+00   2.572711e+02   7.513666e-04   5.549773e+02
4.500000e+00   -4.048059e+00   0.000000e+00   0.000000e+00   2.565662e+02   7.432330e-04   5.474656e+02
4.600000e+00   -4.285462e+00   0.000000e+00   0.000000e+00   2.558692e+02   7.351368e-04   5.400308e+02
4.700000e+00   -4.563330e+00   0.000000e+00   0.000000e+00   2.551893e+02   7.270518e-04   5.326724e+02
4.800000e+00   -4.868569e+00   0.000000e+00   0.000000e+00   2.545305e+02   7.189680e-04   5.253899e+02
4.900000e+00   -5.193301e+00   0.000000e+00   0.000000e+00   2.538850e+02   7.109079e-04   5.181824e+02
5.000000e+00   -5.529216e+00   0.000000e+00   0.000000e+00   2.532435e+02   7.028979e-04   5.110494e+02
5.100000e+00   -5.888081e+00   0.000000e+00   0.000000e+00   2.525967e+02   6.949634e-04   5.039900e+02
5.200000e+00   -6.309857e+00   0.000000e+00   0.000000e+00   2.519352e+02   6.871288e-04   4.970034e+02
5.300000e+00   -6.754631e+00   0.000000e+00   0.000000e+00   2.512524e+02   6.794105e-04   4.900890e+02
5.400000e+00   -7.175010e+00   0.000000e+00   0.000000e+00   2.505487e+02   6.718059e-04   4.832460e+02
5.500000e+00   -7.523305e+00   0.000000e+00   0.000000e+00   2.498253e+02   6.643090e-04   4.764737e+02
5.600000e+00   -7.749795e+00   0.000000e+00   0.000000e+00   2.490839e+02   6.569141e-04   4.697715e+02
5.700000e+00   -7.846676e+00   0.000000e+00   0.000000e+00   2.483260e+02   6.496157e-04   4.631386e+02
5.800000e+00   -7.870397e+00   0.000000e+00   0.000000e+00   2.475528e+02   6.424088e-04   4.565745e+02
5.900000e+00   -7.886924e+00   0.000000e+00   0.000000e+00   2.467650e+02   6.352925e-04   4.500799e+02
6.000000e+00   -7.965266e+00   0.000000e+00   0.000000e+00   2.459628e+02   6.282677e-04   4.436562e+02
6.100000e+00   -8.161876e+00   0.000000e+00   0.000000e+00   2.451464e+02   6.213353e-04   4.373046e+02
6.200000e+00   -8.448918e+00   0.000000e+00   0.000000e+00   2.443161e+02   6.144965e-04   4.310264e+02
6.300000e+00   -8.786772e+00   0.000000e+00   0.000000e+00   2.434720e+02   6.077523e-04   4.248229e+02
6.400000e+00   -9.135882e+00   0.000000e+00   0.000000e+00   2.426163e+02   6.010989e-04   4.186954e+02
6.500000e+00   -9.448599e+00   0.000000e+00   0.000000e+00   2.417575e+02   5.945172e-04   4.126451e+02
6.600000e+00   -9.663662e+00   0.000000e+00   0.000000e+00   2.409049e+02   5.879862e-04   4.066728e+02
6.700000e+00   -9.727232e+00   0.000000e+00   0.000000e+00   2.400681e+02   5.814855e-04   4.007796e+02
6.800000e+00   -9.705077e+00   0.000000e+00   0.000000e+00   2.392565e+02   5.749954e-04   3.949667e+02
6.900000e+00   -9.673980e+00   0.000000e+00   0.000000e+00   2.384796e+02   5.684971e-04   3.892350e+02
7.000000e+00   -9.712245e+00   0.000000e+00   0.000000e+00   2.377451e+02   5.619763e-04   3.835853e+02
7.100000e+00   -9.915299e+00   0.000000e+00   0.000000e+00   2.370530e+02   5.554358e-04   3.780173e+02
7.200000e+00   -1.034337e+01   0.000000e+00   0.000000e+00   2.364011e+02   5.488830e-04   3.725304e+02
7.300000e+00   -1.088895e+01   0.000000e+00   0.000000e+00   2.357876e+02   5.423248e-04   3.671239e+02
7.400000e+00   -1.142875e+01   0.000000e+00   0.000000e+00   2.352101e+02   5.357683e-04   3.617974e+02
7.500000e+00   -1.183953e+01   0.000000e+00   0.000000e+00   2.346668e+02   5.292203e-04   3.565500e+02
7.600000e+00   -1.200056e+01   0.000000e+00   0.000000e+00   2.341555e+02   5.226873e-04   3.513814e+02
7.700000e+00   -1.190069e+01   0.000000e+00   0.000000e+00   2.336746e+02   5.161749e-04   3.462906e+02
7.800000e+00   -1.166556e+01   0.000000e+00   0.000000e+00   2.332227e+02   5.096866e-04   3.412765e+02
7.900000e+00   -1.142875e+01   0.000000e+00   0.000000e+00   2.327988e+02   5.032256e-04   3.363380e+02
8.000000e+00   -1.132385e+01   0.000000e+00   0.000000e+00   2.324019e+02   4.967951e-04   3.314739e+02
8.100000e+00   -1.145442e+01   0.000000e+00   0.000000e+00   2.320307e+02   4.903981e-04   3.266831e+02
8.200000e+00   -1.169268e+01   0.000000e+00   0.000000e+00   2.316843e+02   4.840373e-04   3.219644e+02
8.300000e+00   -1.198724e+01   0.000000e+00   0.000000e+00   2.313615e+02   4.777157e-04   3.173167e+02
8.400000e+00   -1.231865e+01   0.000000e+00   0.000000e+00   2.310611e+02   4.714357e-04   3.127388e+02
8.500000e+00   -1.266758e+01   0.000000e+00   0.000000e+00   2.307822e+02   4.651999e-04   3.082295e+02
8.600000e+00   -1.305830e+01   0.000000e+00   0.000000e+00   2.305241e+02   4.590095e-04   3.037879e+02
8.700000e+00   -1.373983e+01   0.000000e+00   0.000000e+00   2.302870e+02   4.528647e-04   2.994127e+02
8.800000e+00   -1.458499e+01   0.000000e+00   0.000000e+00   2.300709e+02   4.467656e-04   2.951031e+02
8.900000e+00   -1.538505e+01   0.000000e+00   0.000000e+00   2.298758e+02   4.407125e-04   2.908579e+02
9.000000e+00   -1.593127e+01   0.000000e+00   0.000000e+00   2.297018e+02   4.347053e-04   2.866762e+02
9.100000e+00   -1.597875e+01   0.000000e+00   0.000000e+00   2.295489e+02   4.287443e-04   2.825569e+02
9.200000e+00   -1.519793e+01   0.000000e+00   0.000000e+00   2.294172e+02   4.228293e-04   2.784989e+02
9.300000e+00   -1.391358e+01   0.000000e+00   0.000000e+00   2.293068e+02   4.169606e-04   2.745012e+02
9.400000e+00   -1.257108e+01   0.000000e+00   0.000000e+00   2.292177e+02   4.111381e-04   2.705629e+02
9.500000e+00   -1.161583e+01   0.000000e+00   0.000000e+00   2.291500e+02   4.053618e-04   2.666828e+02
9.600000e+00   -1.142657e+01   0.000000e+00   0.000000e+00   2.291035e+02   3.996319e-04   2.628599e+02
9.700000e+00   -1.156571e+01   0.000000e+00   0.000000e+00   2.290764e+02   3.939521e-04   2.590933e+02
9.800000e+00   -1.180762e+01   0.000000e+00   0.000000e+00   2.290654e+02   3.883280e-04   2.553821e+02
9.900000e+00   -1.209147e+01   0.000000e+00   0.000000e+00   2.290671e+02   3.827648e-04   2.517254e+02
1.000000e+01   -1.235647e+01   0.000000e+00   0.000000e+00   2.290782e+02   3.772677e-04   2.481223e+02
1.010000e+01   -1.254990e+01   0.000000e+00   0.000000e+00   2.290955e+02   3.718412e-04   2.445718e+02
1.020000e+01   -1.272750e+01   0.000000e+00   0.000000e+00   2.291157e+02   3.664896e-04   2.410732e+02
1.030000e+01   -1.289629e+01   0.000000e+00   0.000000e+00   2.291355e+02   3.612171e-04   2.376255e+02
1.040000e+01   -1.303374e+01   0.000000e+00   0.000000e+00   2.291515e+02   3.560273e-04   2.342278e+02
1.050000e+01   -1.311734e+01   0.000000e+00   0.000000e+00   2.291606e+02   3.509237e-04   2.308792e+02
1.060000e+01   -1.312819e+01   0.000000e+00   0.000000e+00   2.291593e+02   3.459093e-04   2.275789e+02
1.070000e+01   -1.310692e+01   0.000000e+00   0.000000e+00   2.291445e+02   3.409869e-04   2.243259e+02
1.080000e+01   -1.307045e+01   0.000000e+00   0.000000e+00   2.291154e+02   3.361554e-04   2.211194e+02
1.090000e+01   -1.301851e+01   0.000000e+00   0.000000e+00   2.290735e+02   3.314110e-04   2.179586e+02
1.100000e+01   -1.295088e+01   0.000000e+00   0.000000e+00   2.290202e+02   3.267495e-04   2.148429e+02
1.110000e+01   -1.286756e+01   0.000000e+00   0.000000e+00   2.289570e+02   3.221670e-04   2.117714e+02
1.120000e+01   -1.277336e+01   0.000000e+00   0.000000e+00   2.288854e+02   3.176598e-04   2.087434e+02
1.130000e+01   -1.267218e+01   0.000000e+00   0.000000e+00   2.288069e+02   3.132244e-04   2.057582e+02
1.140000e+01   -1.256652e+01   0.000000e+00   0.000000e+00   2.287230e+02   3.088571e-04   2.028149e+02
1.150000e+01   -1.245887e+01   0.000000e+00   0.000000e+00   2.286352e+02   3.045547e-04   1.999129e+02
1.160000e+01   -1.235008e+01   0.000000e+00   0.000000e+00   2.285449e+02   3.003139e-04   1.970514e+02
1.170000e+01   -1.220519e+01   0.000000e+00   0.000000e+00   2.284538e+02   2.961316e-04   1.942296e+02
1.180000e+01   -1.202089e+01   0.000000e+00   0.000000e+00   2.283631e+02   2.920047e-04   1.914468e+02
1.190000e+01   -1.181102e+01   0.000000e+00   0.000000e+00   2.282737e+02   2.879314e-04   1.887023e+02
1.200000e+01   -1.158687e+01   0.000000e+00   0.000000e+00   2.281851e+02   2.839115e-04   1.859956e+02
1.210000e+01   -1.135593e+01   0.000000e+00   0.000000e+00   2.280970e+02   2.799448e-04   1.833261e+02
1.220000e+01   -1.102892e+01   0.000000e+00   0.000000e+00   2.280088e+02   2.760311e-04   1.806933e+02
1.230000e+01   -1.062262e+01   0.000000e+00   0.000000e+00   2.279200e+02   2.721703e-04   1.780966e+02
1.240000e+01   -1.021808e+01   0.000000e+00   0.000000e+00   2.278303e+02   2.683619e-04   1.755354e+02
1.250000e+01   -9.896364e+00   0.000000e+00   0.000000e+00   2.277391e+02   2.646059e-04   1.730093e+02
1.260000e+01   -9.745119e+00   0.000000e+00   0.000000e+00   2.276460e+02   2.609018e-04   1.705177e+02
1.270000e+01   -1.006236e+01   0.000000e+00   0.000000e+00   2.275504e+02   2.572493e-04   1.680600e+02
1.280000e+01   -1.075877e+01   0.000000e+00   0.000000e+00   2.274521e+02   2.536481e-04   1.656357e+02
1.290000e+01   -1.153660e+01   0.000000e+00   0.000000e+00   2.273504e+02   2.500977e-04   1.632442e+02
1.300000e+01   -1.210087e+01   0.000000e+00   0.000000e+00   2.272458e+02   2.465968e-04   1.608851e+02
1.310000e+01   -1.216781e+01   0.000000e+00   0.000000e+00   2.271409e+02   2.431421e-04   1.585579e+02
1.320000e+01   -1.184475e+01   0.000000e+00   0.000000e+00   2.270385e+02   2.397300e-04   1.562623e+02
1.330000e+01   -1.138038e+01   0.000000e+00   0.000000e+00   2.269414e+02   2.363571e-04   1.539979e+02
1.340000e+01   -1.088413e+01   0.000000e+00   0.000000e+00   2.268526e+02   2.330203e-04   1.517644e+02
1.350000e+01   -1.046540e+01   0.000000e+00   0.000000e+00   2.267750e+02   2.297164e-04   1.495614e+02
1.360000e+01   -1.023263e+01   0.000000e+00   0.000000e+00   2.267112e+02   2.264425e-04   1.473884e+02
1.370000e+01   -1.015407e+01   0.000000e+00   0.000000e+00   2.266643e+02   2.231959e-04   1.452452e+02
1.380000e+01   -1.014943e+01   0.000000e+00   0.000000e+00   2.266371e+02   2.199740e-04   1.431314e+02
1.390000e+01   -1.020034e+01   0.000000e+00   0.000000e+00   2.266325e+02   2.167743e-04   1.410465e+02
1.400000e+01   -1.028845e+01   0.000000e+00   0.000000e+00   2.266532e+02   2.135946e-04   1.389903e+02
1.410000e+01   -1.039166e+01   0.000000e+00   0.000000e+00   2.267004e+02   2.104343e-04   1.369623e+02
1.420000e+01   -1.047645e+01   0.000000e+00   0.000000e+00   2.267686e+02   2.072991e-04   1.349624e+02
1.430000e+01   -1.054873e+01   0.000000e+00   0.000000e+00   2.268512e+02   2.041954e-04   1.329901e+02
1.440000e+01   -1.063115e+01   0.000000e+00   0.000000e+00   2.269416e+02   2.011291e-04   1.310453e+02
1.450000e+01   -1.074635e+01   0.000000e+00   0.000000e+00   2.270331e+02   1.981060e-04   1.291276e+02
1.460000e+01   -1.091699e+01   0.000000e+00   0.000000e+00   2.271192e+02   1.951312e-04   1.272369e+02
1.470000e+01   -1.116260e+01   0.000000e+00   0.000000e+00   2.271932e+02   1.922097e-04   1.253727e+02
1.480000e+01   -1.145729e+01   0.000000e+00   0.000000e+00   2.272484e+02   1.893461e-04   1.235349e+02
1.490000e+01   -1.175710e+01   0.000000e+00   0.000000e+00   2.272783e+02   1.865446e-04   1.217231e+02
1.500000e+01   -1.201806e+01   0.000000e+00   0.000000e+00   2.272761e+02   1.838093e-04   1.199371e+02
1.510000e+01   -1.219621e+01   0.000000e+00   0.000000e+00   2.272353e+02   1.811438e-04   1.181767e+02
1.520000e+01   -1.229611e+01   0.000000e+00   0.000000e+00   2.271516e+02   1.785498e-04   1.164414e+02
1.530000e+01   -1.234477e+01   0.000000e+00   0.000000e+00   2.270291e+02   1.760222e-04   1.147311e+02
1.540000e+01   -1.233193e+01   0.000000e+00   0.000000e+00   2.268738e+02   1.735546e-04   1.130454e+02
1.550000e+01   -1.224736e+01   0.000000e+00   0.000000e+00   2.266918e+02   1.711413e-04   1.113840e+02
1.560000e+01   -1.208080e+01   0.000000e+00   0.000000e+00   2.264888e+02   1.687765e-04   1.097466e+02
1.570000e+01   -1.178549e+01   0.000000e+00   0.000000e+00   2.262711e+02   1.664549e-04   1.081329e+02
1.580000e+01   -1.134743e+01   0.000000e+00   0.000000e+00   2.260444e+02   1.641712e-04   1.065426e+02
1.590000e+01   -1.081506e+01   0.000000e+00   0.000000e+00   2.258148e+02   1.619207e-04   1.049753e+02
1.600000e+01   -1.023686e+01   0.000000e+00   0.000000e+00   2.255884e+02   1.596984e-04   1.034308e+02
1.610000e+01   -9.661333e+00   0.000000e+00   0.000000e+00   2.253710e+02   1.575001e-04   1.019087e+02
1.620000e+01   -9.044071e+00   0.000000e+00   0.000000e+00   2.251686e+02   1.553214e-04   1.004087e+02
1.630000e+01   -8.341621e+00   0.000000e+00   0.000000e+00   2.249860e+02   1.531590e-04   9.893054e+01
1.640000e+01   -7.643534e+00   0.000000e+00   0.000000e+00   2.248240e+02   1.510126e-04   9.747389e+01
1.650000e+01   -7.039047e+00   0.000000e+00   0.000000e+00   2.246828e+02   1.488822e-04   9.603841e+01
1.660000e+01   -6.617398e+00   0.000000e+00   0.000000e+00   2.245622e+02   1.467680e-04   9.462378e+01
1.670000e+01   -6.388860e+00   0.000000e+00   0.000000e+00   2.244624e+02   1.446699e-04   9.322969e+01
1.680000e+01   -6.244728e+00   0.000000e+00   0.000000e+00   2.243834e+02   1.425882e-04   9.185582e+01
1.690000e+01   -6.135707e+00   0.000000e+00   0.000000e+00   2.243253e+02   1.405228e-04   9.050184e+01
1.700000e+01   -6.013244e+00   0.000000e+00   0.000000e+00   2.242881e+02   1.384738e-04   8.916744e+01
1.710000e+01   -5.828789e+00   0.000000e+00   0.000000e+00   2.242718e+02   1.364414e-04   8.785229e+01
1.720000e+01   -5.508661e+00   0.000000e+00   0.000000e+00   2.242765e+02   1.344254e-04   8.655607e+01
1.730000e+01   -5.044337e+00   0.000000e+00   0.000000e+00   2.243022e+02   1.324261e-04   8.527848e+01
1.740000e+01   -4.526000e+00   0.000000e+00   0.000000e+00   2.243483e+02   1.304438e-04   8.401919e+01
1.750000e+01   -4.044530e+00   0.000000e+00   0.000000e+00   2.244123e+02   1.284801e-04   8.277800e+01
1.760000e+01   -3.690758e+00   0.000000e+00   0.000000e+00   2.244914e+02   1.265368e-04   8.155466e+01
1.770000e+01   -3.758122e+00   0.000000e+00   0.000000e+00   2.245827e+02   1.246154e-04   8.034897e+01
1.780000e+01   -4.449339e+00   0.000000e+00   0.000000e+00   2.246834e+02   1.227174e-04   7.916069e+01
1.790000e+01   -5.399733e+00   0.000000e+00   0.000000e+00   2.247908e+02   1.208442e-04   7.798960e+01
1.800000e+01   -6.234370e+00   0.000000e+00   0.000000e+00   2.249019e+02   1.189971e-04   7.683549e+01
1.810000e+01   -6.578314e+00   0.000000e+00   0.000000e+00   2.250139e+02   1.171773e-04   7.569813e+01
1.820000e+01   -6.169365e+00   0.000000e+00   0.000000e+00   2.251241e+02   1.153858e-04   7.457730e+01
1.830000e+01   -5.232966e+00   0.000000e+00   0.000000e+00   2.252297e+02   1.136236e-04   7.347278e+01
1.840000e+01   -4.077921e+00   0.000000e+00   0.000000e+00   2.253277e+02   1.118917e-04   7.238433e+01
1.850000e+01   -3.011272e+00   0.000000e+00   0.000000e+00   2.254163e+02   1.101903e-04   7.131176e+01
1.860000e+01   -2.341904e+00   0.000000e+00   0.000000e+00   2.254960e+02   1.085188e-04   7.025486e+01
1.870000e+01   -2.215901e+00   0.000000e+00   0.000000e+00   2.255677e+02   1.068762e-04   6.921345e+01
1.880000e+01   -2.363549e+00   0.000000e+00   0.000000e+00   2.256322e+02   1.052617e-04   6.818734e+01
1.890000e+01   -2.693823e+00   0.000000e+00   0.000000e+00   2.256903e+02   1.036743e-04   6.717634e+01
1.900000e+01   -3.127276e+00   0.000000e+00   0.000000e+00   2.257429e+02   1.021132e-04   6.618026e+01
1.910000e+01   -3.584461e+00   0.000000e+00   0.000000e+00   2.257907e+02   1.005777e-04   6.519891e+01
1.920000e+01   -4.116176e+00   0.000000e+00   0.000000e+00   2.258348e+02   9.906698e-05   6.423210e+01
1.930000e+01   -4.915418e+00   0.000000e+00   0.000000e+00   2.258758e+02   9.758025e-05   6.327964e+01
1.940000e+01   -5.792760e+00   0.000000e+00   0.000000e+00   2.259147e+02   9.611682e-05   6.234135e+01
1.950000e+01   -6.540020e+00   0.000000e+00   0.000000e+00   2.259522e+02   9.467598e-05   6.141702e+01
1.960000e+01   -6.947707e+00   0.000000e+00   0.000000e+00   2.259891e+02   9.325716e-05   6.050649e+01
1.970000e+01   -6.434997e+00   0.000000e+00   0.000000e+00   2.260250e+02   9.186008e-05   5.960953e+01
1.980000e+01   -4.286338e+00   0.000000e+00   0.000000e+00   2.260598e+02   9.048454e-05   5.872595e+01
1.990000e+01   -1.371452e+00   0.000000e+00   0.000000e+00   2.260931e+02   8.913031e-05   5.785556e+01
2.000000e+01   1.354953e+00   0.000000e+00   0.000000e+00   2.261247e+02   8.779715e-05   5.699815e+01
2.010000e+01   2.938164e+00   0.000000e+00   0.000000e+00   2.261542e+02   8.648483e-05   5.615351e+01
2.020000e+01   2.815165e+00   0.000000e+00   0.000000e+00   2.261813e+02   8.519311e-05   5.532146e+01
2.030000e+01   1.909506e+00   0.000000e+00   0.000000e+00   2.262059e+02   8.392174e-05   5.450178e+01
2.040000e+01   6.475443e-01   0.000000e+00   0.000000e+00   2.262274e+02   8.267047e-05   5.369428e+01
2.050000e+01   -6.180740e-01   0.000000e+00   0.000000e+00   2.262457e+02   8.143905e-05   5.289875e+01
2.060000e+01   -1.534704e+00   0.000000e+00   0.000000e+00   2.262605e+02   8.022720e-05   5.211500e+01
2.070000e+01   -1.905561e+00   0.000000e+00   0.000000e+00   2.262716e+02   7.903464e-05   5.134283e+01
2.080000e+01   -2.123866e+00   0.000000e+00   0.000000e+00   2.262794e+02   7.786086e-05   5.058206e+01
2.090000e+01   -2.278732e+00   0.000000e+00   0.000000e+00   2.262847e+02   7.670531e-05   4.983253e+01
2.100000e+01   -2.416025e+00   0.000000e+00   0.000000e+00   2.262882e+02   7.556745e-05   4.909408e+01
2.110000e+01   -2.581610e+00   0.000000e+00   0.000000e+00   2.262907e+02   7.444677e-05   4.836654e+01
2.120000e+01   -2.846244e+00   0.000000e+00   0.000000e+00   2.262929e+02   7.334275e-05   4.764974e+01
2.130000e+01   -3.283266e+00   0.000000e+00   0.000000e+00   2.262955e+02   7.225490e-05   4.694352e+01
2.140000e+01   -3.778869e+00   0.000000e+00   0.000000e+00   2.262993e+02   7.118274e-05   4.624772e+01
2.150000e+01   -4.203505e+00   0.000000e+00   0.000000e+00   2.263049e+02   7.012582e-05   4.556216e+01
2.160000e+01   -4.427626e+00   0.000000e+00   0.000000e+00   2.263132e+02   6.908367e-05   4.488670e+01
2.170000e+01   -4.288619e+00   0.000000e+00   0.000000e+00   2.263248e+02   6.805586e-05   4.422115e+01
2.180000e+01   -3.663685e+00   0.000000e+00   0.000000e+00   2.263405e+02   6.704196e-05   4.356536e+01
2.190000e+01   -2.783715e+00   0.000000e+00   0.000000e+00   2.263606e+02   6.604171e-05   4.291918e+01
2.200000e+01   -1.911398e+00   0.000000e+00   0.000000e+00   2.263852e+02   6.505493e-05   4.228249e+01
2.210000e+01   -1.309432e+00   0.000000e+00   0.000000e+00   2.264143e+02   6.408148e-05   4.165515e+01
2.220000e+01   -1.226190e+00   0.000000e+00   0.000000e+00   2.264481e+02   6.312120e-05   4.103706e+01
2.230000e+01   -1.645156e+00   0.000000e+00   0.000000e+00   2.264865e+02   6.217394e-05   4.042807e+01
2.240000e+01   -2.316903e+00   0.000000e+00   0.000000e+00   2.265296e+02   6.123955e-05   3.982807e+01
2.250000e+01   -2.984094e+00   0.000000e+00   0.000000e+00   2.265775e+02   6.031787e-05   3.923693e+01
2.260000e+01   -3.389397e+00   0.000000e+00   0.000000e+00   2.266301e+02   5.940874e-05   3.865453e+01
2.270000e+01   -3.269766e+00   0.000000e+00   0.000000e+00   2.266877e+02   5.851201e-05   3.808074e+01
2.280000e+01   -2.548419e+00   0.000000e+00   0.000000e+00   2.267502e+02   5.762753e-05   3.751543e+01
2.290000e+01   -1.511272e+00   0.000000e+00   0.000000e+00   2.268176e+02   5.675512e-05   3.695848e+01
2.300000e+01   -4.739920e-01   0.000000e+00   0.000000e+00   2.268898e+02   5.589469e-05   3.640977e+01
2.310000e+01   2.471678e-01   -0.000000e+00   -0.000000e+00   2.269661e+02   5.504632e-05   3.586919e+01
2.320000e+01   3.893099e-01   -0.000000e+00   -0.000000e+00   2.270453e+02   5.421011e-05   3.533664e+01
2.330000e+01   1.696032e-01   -0.000000e+00   -0.000000e+00   2.271266e+02   5.338615e-05   3.481200e+01
2.340000e+01   -2.180473e-01   -0.000000e+00   -0.000000e+00   2.272090e+02   5.257450e-05   3.429518e+01
2.350000e+01   -6.276634e-01   -0.000000e+00   -0.000000e+00   2.272916e+02   5.177522e-05   3.378606e+01
2.360000e+01   -9.132667e-01   -0.000000e+00   -0.000000e+00   2.273733e+02   5.098835e-05   3.328455e+01
2.370000e+01   -9.419912e-01   -0.000000e+00   -0.000000e+00   2.274532e+02   5.021392e-05   3.279053e+01
2.380000e+01   -7.589312e-01   -0.000000e+00   -0.000000e+00   2.275303e+02   4.945196e-05   3.230391e+01
2.390000e+01   -4.808840e-01   -0.000000e+00   -0.000000e+00   2.276037e+02   4.870245e-05   3.182456e+01
2.400000e+01   -2.158149e-01   -0.000000e+00   -0.000000e+00   2.276723e+02   4.796541e-05   3.135240e+01
2.410000e+01   -7.161180e-02   -0.000000e+00   -0.000000e+00   2.277354e+02   4.724079e-05   3.088731e+01
2.420000e+01   -1.315622e-01   -0.000000e+00   -0.000000e+00   2.277925e+02   4.652844e-05   3.042919e+01
2.430000e+01   -2.588929e-01   -0.000000e+00   -0.000000e+00   2.278444e+02   4.582803e-05   2.997795e+01
2.440000e+01   -4.065179e-01   -0.000000e+00   -0.000000e+00   2.278916e+02   4.513922e-05   2.953349e+01
2.450000e+01   -5.707677e-01   -0.000000e+00   -0.000000e+00   2.279348e+02   4.446171e-05   2.909572e+01
2.460000e+01   -7.479725e-01   -0.000000e+00   -0.000000e+00   2.279746e+02   4.379518e-05   2.866455e+01
2.470000e+01   -9.538678e-01   -0.000000e+00   -0.000000e+00   2.280117e+02   4.313933e-05   2.823989e+01
2.480000e+01   -1.358273e+00   -0.000000e+00   -0.000000e+00   2.280468e+02   4.249387e-05   2.782163e+01
2.490000e+01   -1.901860e+00   -0.000000e+00   -0.000000e+00   2.280804e+02   4.185852e-05   2.740969e+01
2.500000e+01   -2.459269e+00   -0.000000e+00   -0.000000e+00   2.281132e+02   4.123300e-05   2.700397e+01
2.510000e+01   -2.905143e+00   -0.000000e+00   -0.000000e+00   2.281458e+02   4.061704e-05   2.660438e+01
2.520000e+01   -3.126582e+00   -0.000000e+00   -0.000000e+00   2.281789e+02   4.001039e-05   2.621082e+01
2.530000e+01   -3.208093e+00   -0.000000e+00   -0.000000e+00   2.282131e+02   3.941278e-05   2.582320e+01
2.540000e+01   -3.225326e+00   -0.000000e+00   -0.000000e+00   2.282489e+02   3.882401e-05   2.544143e+01
2.550000e+01   -3.217447e+00   -0.000000e+00   -0.000000e+00   2.282867e+02   3.824391e-05   2.506543e+01
2.560000e+01   -3.223665e+00   -0.000000e+00   -0.000000e+00   2.283267e+02   3.767230e-05   2.469512e+01
2.570000e+01   -3.288677e+00   -0.000000e+00   -0.000000e+00   2.283692e+02   3.710902e-05   2.433041e+01
2.580000e+01   -3.500834e+00   -0.000000e+00   -0.000000e+00   2.284147e+02   3.655389e-05   2.397121e+01
2.590000e+01   -3.807107e+00   -0.000000e+00   -0.000000e+00   2.284634e+02   3.600676e-05   2.361746e+01
2.600000e+01   -4.113724e+00   -0.000000e+00   -0.000000e+00   2.285157e+02   3.546747e-05   2.326905e+01
2.610000e+01   -4.326915e+00   -0.000000e+00   -0.000000e+00   2.285719e+02   3.493585e-05   2.292591e+01
2.620000e+01   -4.325467e+00   -0.000000e+00   -0.000000e+00   2.286324e+02   3.441176e-05   2.258796e+01
2.630000e+01   -3.615570e+00   -0.000000e+00   -0.000000e+00   2.286974e+02   3.389504e-05   2.225511e+01
2.640000e+01   -2.361545e+00   -0.000000e+00   -0.000000e+00   2.287673e+02   3.338553e-05   2.192727e+01
2.650000e+01   -9.811570e-01   -0.000000e+00   -0.000000e+00   2.288425e+02   3.288310e-05   2.160438e+01
2.660000e+01   1.058836e-01   -0.000000e+00   -0.000000e+00   2.289229e+02   3.238764e-05   2.128634e+01
2.670000e+01   4.748667e-01   -0.000000e+00   -0.000000e+00   2.290083e+02   3.189913e-05   2.097309e+01
2.680000e+01   -1.559819e-01   -0.000000e+00   -0.000000e+00   2.290983e+02   3.141753e-05   2.066457e+01
2.690000e+01   -1.477599e+00   -0.000000e+00   -0.000000e+00   2.291928e+02   3.094278e-05   2.036070e+01
2.700000e+01   -3.065829e+00   -0.000000e+00   -0.000000e+00   2.292913e+02   3.047485e-05   2.006142e+01
2.710000e+01   -4.496514e+00   -0.000000e+00   -0.000000e+00   2.293937e+02   3.001369e-05   1.976666e+01
2.720000e+01   -5.365276e+00   -0.000000e+00   -0.000000e+00   2.294996e+02   2.955924e-05   1.947635e+01
2.730000e+01   -5.985128e+00   -0.000000e+00   -0.000000e+00   2.296087e+02   2.911146e-05   1.919043e+01
2.740000e+01   -6.563116e+00   -0.000000e+00   -0.000000e+00   2.297207e+02   2.867028e-05   1.890882e+01
2.750000e+01   -7.027466e+00   -0.000000e+00   -0.000000e+00   2.298354e+02   2.823564e-05   1.863146e+01
2.760000e+01   -7.306402e+00   -0.000000e+00   -0.000000e+00   2.299524e+02   2.780749e-05   1.835828e+01
2.770000e+01   -7.330338e+00   -0.000000e+00   -0.000000e+00   2.300715e+02   2.738575e-05   1.808922e+01
2.780000e+01   -7.151551e+00   -0.000000e+00   -0.000000e+00   2.301924e+02   2.697036e-05   1.782420e+01
2.790000e+01   -6.843889e+00   -0.000000e+00   -0.000000e+00   2.303150e+02   2.656125e-05   1.756318e+01
2.800000e+01   -6.438338e+00   -0.000000e+00   -0.000000e+00   2.304394e+02   2.615832e-05   1.730609e+01
2.810000e+01   -5.965884e+00   -0.000000e+00   -0.000000e+00   2.305655e+02   2.576150e-05   1.705289e+01
2.820000e+01   -5.448160e+00   -0.000000e+00   -0.000000e+00   2.306933e+02   2.537071e-05   1.680351e+01
2.830000e+01   -4.363284e+00   -0.000000e+00   -0.000000e+00   2.308227e+02   2.498587e-05   1.655790e+01
2.840000e+01   -2.734969e+00   -0.000000e+00   -0.000000e+00   2.309537e+02   2.460690e-05   1.631601e+01
2.850000e+01   -1.037677e+00   -0.000000e+00   -0.000000e+00   2.310862e+02   2.423371e-05   1.607779e+01
2.860000e+01   2.541304e-01   -0.000000e+00   -0.000000e+00   2.312203e+02   2.386622e-05   1.584317e+01
2.870000e+01   6.706566e-01   -0.000000e+00   -0.000000e+00   2.313559e+02   2.350436e-05   1.561210e+01
2.880000e+01   4.154137e-01   -0.000000e+00   -0.000000e+00   2.314929e+02   2.314804e-05   1.538453e+01
2.890000e+01   -6.074825e-02   -0.000000e+00   -0.000000e+00   2.316313e+02   2.279717e-05   1.516040e+01
2.900000e+01   -5.993273e-01   -0.000000e+00   -0.000000e+00   2.317712e+02   2.245168e-05   1.493966e+01
2.910000e+01   -1.042813e+00   -0.000000e+00   -0.000000e+00   2.319126e+02   2.211146e-05   1.472225e+01
2.920000e+01   -1.235550e+00   -0.000000e+00   -0.000000e+00   2.320562e+02   2.177640e-05   1.450813e+01
2.930000e+01   -1.271327e+00   -0.000000e+00   -0.000000e+00   2.322023e+02   2.144638e-05   1.429726e+01
2.940000e+01   -1.298257e+00   -0.000000e+00   -0.000000e+00   2.323515e+02   2.112129e-05   1.408958e+01
2.950000e+01   -1.316244e+00   -0.000000e+00   -0.000000e+00   2.325042e+02   2.080102e-05   1.388506e+01
2.960000e+01   -1.325193e+00   -0.000000e+00   -0.000000e+00   2.326609e+02   2.048546e-05   1.368363e+01
2.970000e+01   -1.324144e+00   -0.000000e+00   -0.000000e+00   2.328221e+02   2.017451e-05   1.348527e+01
2.980000e+01   -5.948079e-01   -0.000000e+00   -0.000000e+00   2.329882e+02   1.986808e-05   1.328991e+01
2.990000e+01   1.063032e+00   -0.000000e+00   -0.000000e+00   2.331598e+02   1.956605e-05   1.309752e+01
3.000000e+01   3.023977e+00   -0.000000e+00   -0.000000e+00   2.333373e+02   1.926833e-05   1.290805e+01
3.010000e+01   4.662627e+00   -0.000000e+00   -0.000000e+00   2.335212e+02   1.897483e-05   1.272144e+01
3.020000e+01   5.353584e+00   -0.000000e+00   -0.000000e+00   2.337119e+02   1.868545e-05   1.253767e+01
3.030000e+01   5.037899e+00   -0.000000e+00   -0.000000e+00   2.339100e+02   1.840010e-05   1.235667e+01
3.040000e+01   4.203001e+00   -0.000000e+00   -0.000000e+00   2.341152e+02   1.811875e-05   1.217840e+01
3.050000e+01   3.042944e+00   -0.000000e+00   -0.000000e+00   2.343269e+02   1.784142e-05   1.200284e+01
3.060000e+01   1.751772e+00   -0.000000e+00   -0.000000e+00   2.345443e+02   1.756812e-05   1.182994e+01
3.070000e+01   5.235295e-01   -0.000000e+00   -0.000000e+00   2.347668e+02   1.729884e-05   1.165966e+01
3.080000e+01   -8.862283e-01   -0.000000e+00   -0.000000e+00   2.349936e+02   1.703359e-05   1.149198e+01
3.090000e+01   -2.659880e+00   -0.000000e+00   -0.000000e+00   2.352241e+02   1.677238e-05   1.132684e+01
3.100000e+01   -4.413018e+00   -0.000000e+00   -0.000000e+00   2.354575e+02   1.651518e-05   1.116421e+01
3.110000e+01   -5.760681e+00   -0.000000e+00   -0.000000e+00   2.356932e+02   1.626200e-05   1.100407e+01
3.120000e+01   -6.317904e+00   -0.000000e+00   -0.000000e+00   2.359304e+02   1.601282e-05   1.084636e+01
3.130000e+01   -6.265380e+00   -0.000000e+00   -0.000000e+00   2.361685e+02   1.576762e-05   1.069105e+01
3.140000e+01   -6.189169e+00   -0.000000e+00   -0.000000e+00   2.364067e+02   1.552639e-05   1.053811e+01
3.150000e+01   -6.093549e+00   -0.000000e+00   -0.000000e+00   2.366443e+02   1.528911e-05   1.038749e+01
3.160000e+01   -5.980202e+00   -0.000000e+00   -0.000000e+00   2.368808e+02   1.505575e-05   1.023917e+01
3.170000e+01   -5.850892e+00   -0.000000e+00   -0.000000e+00   2.371156e+02   1.482627e-05   1.009310e+01
3.180000e+01   -5.387814e+00   -0.000000e+00   -0.000000e+00   2.373490e+02   1.460060e-05   9.949250e+00
3.190000e+01   -4.349490e+00   -0.000000e+00   -0.000000e+00   2.375812e+02   1.437864e-05   9.807593e+00
3.200000e+01   -3.102822e+00   -0.000000e+00   -0.000000e+00   2.378126e+02   1.416034e-05   9.668096e+00
3.210000e+01   -2.019278e+00   -0.000000e+00   -0.000000e+00   2.380433e+02   1.394562e-05   9.530727e+00
3.220000e+01   -1.470323e+00   -0.000000e+00   -0.000000e+00   2.382735e+02   1.373440e-05   9.395454e+00
3.230000e+01   -1.459466e+00   -0.000000e+00   -0.000000e+00   2.385037e+02   1.352661e-05   9.262246e+00
3.240000e+01   -1.519248e+00   -0.000000e+00   -0.000000e+00   2.387339e+02   1.332218e-05   9.131071e+00
3.250000e+01   -1.607556e+00   -0.000000e+00   -0.000000e+00   2.389645e+02   1.312104e-05   9.001898e+00
3.260000e+01   -1.689784e+00   -0.000000e+00   -0.000000e+00   2.391956e+02   1.292313e-05   8.874694e+00
3.270000e+01   -1.731327e+00   -0.000000e+00   -0.000000e+00   2.394277e+02   1.272838e-05   8.749429e+00
3.280000e+01   -1.715929e+00   -0.000000e+00   -0.000000e+00   2.396608e+02   1.253671e-05   8.626070e+00
3.290000e+01   -1.665565e+00   -0.000000e+00   -0.000000e+00   2.398953e+02   1.234807e-05   8.504587e+00
3.300000e+01   -1.586845e+00   -0.000000e+00   -0.000000e+00   2.401313e+02   1.216240e-05   8.384946e+00
3.310000e+01   -1.485081e+00   -0.000000e+00   -0.000000e+00   2.403692e+02   1.197962e-05   8.267121e+00
3.320000e+01   -1.365003e+00   -0.000000e+00   -0.000000e+00   2.406089e+02   1.179971e-05   8.151084e+00
3.330000e+01   -1.037340e+00   -0.000000e+00   -0.000000e+00   2.408506e+02   1.162261e-05   8.036808e+00
3.340000e+01   -2.616940e-01   -0.000000e+00   -0.000000e+00   2.410943e+02   1.144827e-05   7.924268e+00
3.350000e+01   6.842542e-01   -0.000000e+00   -0.000000e+00   2.413403e+02   1.127664e-05   7.813435e+00
3.360000e+01   1.508787e+00   -0.000000e+00   -0.000000e+00   2.415886e+02   1.110768e-05   7.704284e+00
3.370000e+01   1.920187e+00   -0.000000e+00   -0.000000e+00   2.418393e+02   1.094135e-05   7.596788e+00
3.380000e+01   1.491009e+00   -0.000000e+00   -0.000000e+00   2.420926e+02   1.077758e-05   7.490920e+00
3.390000e+01   6.861043e-02   -0.000000e+00   -0.000000e+00   2.423484e+02   1.061635e-05   7.386654e+00
3.400000e+01   -1.789112e+00   -0.000000e+00   -0.000000e+00   2.426070e+02   1.045760e-05   7.283963e+00
3.410000e+01   -3.503794e+00   -0.000000e+00   -0.000000e+00   2.428685e+02   1.030129e-05   7.182821e+00
3.420000e+01   -4.497070e+00   -0.000000e+00   -0.000000e+00   2.431329e+02   1.014737e-05   7.083200e+00
3.430000e+01   -4.533158e+00   -0.000000e+00   -0.000000e+00   2.434004e+02   9.995797e-06   6.985074e+00
3.440000e+01   -4.278759e+00   -0.000000e+00   -0.000000e+00   2.436710e+02   9.846530e-06   6.888417e+00
3.450000e+01   -3.909108e+00   -0.000000e+00   -0.000000e+00   2.439449e+02   9.699527e-06   6.793204e+00
3.460000e+01   -3.562780e+00   -0.000000e+00   -0.000000e+00   2.442220e+02   9.554758e-06   6.699414e+00
3.470000e+01   -3.378365e+00   -0.000000e+00   -0.000000e+00   2.445023e+02   9.412193e-06   6.607027e+00
3.480000e+01   -3.402981e+00   -0.000000e+00   -0.000000e+00   2.447857e+02   9.271801e-06   6.516022e+00
3.490000e+01   -3.443255e+00   -0.000000e+00   -0.000000e+00   2.450723e+02   9.133552e-06   6.426379e+00
3.500000e+01   -3.484221e+00   -0.000000e+00   -0.000000e+00   2.453620e+02   8.997417e-06   6.338076e+00
3.510000e+01   -3.525632e+00   -0.000000e+00   -0.000000e+00   2.456548e+02   8.863363e-06   6.251095e+00
3.520000e+01   -3.567239e+00   -0.000000e+00   -0.000000e+00   2.459506e+02   8.731361e-06   6.165413e+00
3.530000e+01   -3.672605e+00   -0.000000e+00   -0.000000e+00   2.462494e+02   8.601381e-06   6.081010e+00
3.540000e+01   -3.989719e+00   -0.000000e+00   -0.000000e+00   2.465512e+02   8.473391e-06   5.997867e+00
3.550000e+01   -4.408879e+00   -0.000000e+00   -0.000000e+00   2.468561e+02   8.347360e-06   5.915961e+00
3.560000e+01   -4.802065e+00   -0.000000e+00   -0.000000e+00   2.471638e+02   8.223259e-06   5.835274e+00
3.570000e+01   -5.041259e+00   -0.000000e+00   -0.000000e+00   2.474745e+02   8.101056e-06   5.755783e+00
3.580000e+01   -4.927877e+00   -0.000000e+00   -0.000000e+00   2.477881e+02   7.980720e-06   5.677470e+00
3.590000e+01   -4.255236e+00   -0.000000e+00   -0.000000e+00   2.481045e+02   7.862221e-06   5.600312e+00
3.600000e+01   -3.265633e+00   -0.000000e+00   -0.000000e+00   2.484237e+02   7.745531e-06   5.524292e+00
3.610000e+01   -2.234684e+00   -0.000000e+00   -0.000000e+00   2.487456e+02   7.630629e-06   5.449393e+00
3.620000e+01   -1.438047e+00   -0.000000e+00   -0.000000e+00   2.490702e+02   7.517490e-06   5.375600e+00
3.630000e+01   -1.031299e+00   -0.000000e+00   -0.000000e+00   2.493971e+02   7.406094e-06   5.302895e+00
3.640000e+01   -6.887089e-01   -0.000000e+00   -0.000000e+00   2.497265e+02   7.296417e-06   5.231263e+00
3.650000e+01   -3.867932e-01   -0.000000e+00   -0.000000e+00   2.500580e+02   7.188435e-06   5.160687e+00
3.660000e+01   -1.487044e-01   -0.000000e+00   -0.000000e+00   2.503917e+02   7.082127e-06   5.091152e+00
3.670000e+01   2.405255e-03   -0.000000e+00   -0.000000e+00   2.507275e+02   6.977468e-06   5.022641e+00
3.680000e+01   -1.196599e-01   -0.000000e+00   -0.000000e+00   2.510651e+02   6.874435e-06   4.955138e+00
3.690000e+01   -1.085293e+00   -0.000000e+00   -0.000000e+00   2.514045e+02   6.773005e-06   4.888626e+00
3.700000e+01   -2.516016e+00   -0.000000e+00   -0.000000e+00   2.517456e+02   6.673154e-06   4.823091e+00
3.710000e+01   -3.921951e+00   -0.000000e+00   -0.000000e+00   2.520883e+02   6.574857e-06   4.758515e+00
3.720000e+01   -4.813221e+00   -0.000000e+00   -0.000000e+00   2.524325e+02   6.478091e-06   4.694882e+00
3.730000e+01   -4.883086e+00   -0.000000e+00   -0.000000e+00   2.527780e+02   6.382833e-06   4.632176e+00
3.740000e+01   -4.799336e+00   -0.000000e+00   -0.000000e+00   2.531247e+02   6.289057e-06   4.570382e+00
3.750000e+01   -4.687723e+00   -0.000000e+00   -0.000000e+00   2.534726e+02   6.196741e-06   4.509482e+00
3.760000e+01   -4.551295e+00   -0.000000e+00   -0.000000e+00   2.538213e+02   6.105865e-06   4.449464e+00
3.770000e+01   -4.392945e+00   -0.000000e+00   -0.000000e+00   2.541708e+02   6.016415e-06   4.390316e+00
3.780000e+01   -4.106251e+00   -0.000000e+00   -0.000000e+00   2.545206e+02   5.928372e-06   4.332023e+00
3.790000e+01   -3.184380e+00   -0.000000e+00   -0.000000e+00   2.548706e+02   5.841720e-06   4.274574e+00
3.800000e+01   -1.894441e+00   -0.000000e+00   -0.000000e+00   2.552206e+02   5.756441e-06   4.217956e+00
3.810000e+01   -6.290998e-01   -0.000000e+00   -0.000000e+00   2.555702e+02   5.672517e-06   4.162157e+00
3.820000e+01   2.189781e-01   -0.000000e+00   -0.000000e+00   2.559193e+02   5.589931e-06   4.107163e+00
3.830000e+01   3.400171e-01   -0.000000e+00   -0.000000e+00   2.562676e+02   5.508666e-06   4.052962e+00
3.840000e+01   1.000721e-01   -0.000000e+00   -0.000000e+00   2.566149e+02   5.428701e-06   3.999541e+00
3.850000e+01   -2.840324e-01   -0.000000e+00   -0.000000e+00   2.569609e+02   5.350020e-06   3.946888e+00
3.860000e+01   -6.787911e-01   -0.000000e+00   -0.000000e+00   2.573054e+02   5.272604e-06   3.894990e+00
3.870000e+01   -9.506992e-01   -0.000000e+00   -0.000000e+00   2.576481e+02   5.196433e-06   3.843834e+00
3.880000e+01   -9.793174e-01   -0.000000e+00   -0.000000e+00   2.579888e+02   5.121490e-06   3.793407e+00
3.890000e+01   -7.993304e-01   -0.000000e+00   -0.000000e+00   2.583272e+02   5.047755e-06   3.743698e+00
3.900000e+01   -4.776943e-01   -0.000000e+00   -0.000000e+00   2.586632e+02   4.975209e-06   3.694693e+00
3.910000e+01   -6.908106e-02   -0.000000e+00   -0.000000e+00   2.589965e+02   4.903833e-06   3.646380e+00
3.920000e+01   3.720037e-01   -0.000000e+00   -0.000000e+00   2.593268e+02   4.833610e-06   3.598747e+00
3.930000e+01   8.263638e-01   -0.000000e+00   -0.000000e+00   2.596539e+02   4.764524e-06   3.551786e+00
3.940000e+01   1.518643e+00   -0.000000e+00   -0.000000e+00   2.599777e+02   4.696560e-06   3.505487e+00
3.950000e+01   2.339902e+00   -0.000000e+00   -0.000000e+00   2.602980e+02   4.629700e-06   3.459840e+00
3.960000e+01   3.093486e+00   -0.000000e+00   -0.000000e+00   2.606144e+02   4.563930e-06   3.414835e+00
3.970000e+01   3.582744e+00   -0.000000e+00   -0.000000e+00   2.609269e+02   4.499232e-06   3.370464e+00
3.980000e+01   3.543070e+00   -0.000000e+00   -0.000000e+00   2.612352e+02   4.435592e-06   3.326716e+00
3.990000e+01   2.309161e+00   -0.000000e+00   -0.000000e+00   2.615392e+02   4.372993e-06   3.283582e+00
4.000000e+01   2.955819e-01   -0.000000e+00   -0.000000e+00   2.618385e+02   4.311419e-06   3.241053e+00
4.010000e+01   -1.822052e+00   -0.000000e+00   -0.000000e+00   2.621331e+02   4.250853e-06   3.199119e+00
4.020000e+01   -3.368126e+00   -0.000000e+00   -0.000000e+00   2.624227e+02   4.191280e-06   3.157770e+00
4.030000e+01   -3.755251e+00   -0.000000e+00   -0.000000e+00   2.627071e+02   4.132684e-06   3.116996e+00
4.040000e+01   -3.677885e+00   -0.000000e+00   -0.000000e+00   2.629860e+02   4.075048e-06   3.076789e+00
4.050000e+01   -3.510610e+00   -0.000000e+00   -0.000000e+00   2.632594e+02   4.018356e-06   3.037139e+00
4.060000e+01   -3.330890e+00   -0.000000e+00   -0.000000e+00   2.635269e+02   3.962593e-06   2.998036e+00
4.070000e+01   -3.216186e+00   -0.000000e+00   -0.000000e+00   2.637885e+02   3.907741e-06   2.959470e+00
4.080000e+01   -3.292040e+00   -0.000000e+00   -0.000000e+00   2.640438e+02   3.853786e-06   2.921433e+00
4.090000e+01   -4.224402e+00   -0.000000e+00   -0.000000e+00   2.642931e+02   3.800707e-06   2.883916e+00
4.100000e+01   -5.798066e+00   -0.000000e+00   -0.000000e+00   2.645366e+02   3.748486e-06   2.846912e+00
4.110000e+01   -7.486774e+00   -0.000000e+00   -0.000000e+00   2.647746e+02   3.697104e-06   2.810414e+00
4.120000e+01   -8.764270e+00   -0.000000e+00   -0.000000e+00   2.650074e+02   3.646540e-06   2.774415e+00
4.130000e+01   -9.121535e+00   -0.000000e+00   -0.000000e+00   2.652353e+02   3.596778e-06   2.738907e+00
4.140000e+01   -8.579238e+00   -0.000000e+00   -0.000000e+00   2.654586e+02   3.547799e-06   2.703885e+00
4.150000e+01   -7.455394e+00   -0.000000e+00   -0.000000e+00   2.656777e+02   3.499585e-06   2.669341e+00
4.160000e+01   -6.007943e+00   -0.000000e+00   -0.000000e+00   2.658927e+02   3.452120e-06   2.635267e+00
4.170000e+01   -4.494823e+00   -0.000000e+00   -0.000000e+00   2.661040e+02   3.405385e-06   2.601656e+00
4.180000e+01   -3.145247e+00   -0.000000e+00   -0.000000e+00   2.663118e+02   3.359365e-06   2.568502e+00
4.190000e+01   -1.529402e+00   -0.000000e+00   -0.000000e+00   2.665166e+02   3.314042e-06   2.535798e+00
4.200000e+01   3.029931e-01   -0.000000e+00   -0.000000e+00   2.667185e+02   3.269402e-06   2.503536e+00
4.210000e+01   1.981029e+00   -0.000000e+00   -0.000000e+00   2.669179e+02   3.225427e-06   2.471709e+00
4.220000e+01   3.133795e+00   -0.000000e+00   -0.000000e+00   2.671150e+02   3.182103e-06   2.440310e+00
4.230000e+01   3.385628e+00   -0.000000e+00   -0.000000e+00   2.673102e+02   3.139415e-06   2.409332e+00
4.240000e+01   2.440382e+00   -0.000000e+00   -0.000000e+00   2.675038e+02   3.097347e-06   2.378768e+00
4.250000e+01   7.133338e-01   -0.000000e+00   -0.000000e+00   2.676960e+02   3.055885e-06   2.348611e+00
4.260000e+01   -1.201163e+00   -0.000000e+00   -0.000000e+00   2.678870e+02   3.015015e-06   2.318855e+00
4.270000e+01   -2.708618e+00   -0.000000e+00   -0.000000e+00   2.680770e+02   2.974729e-06   2.289493e+00
4.280000e+01   -3.223393e+00   -0.000000e+00   -0.000000e+00   2.682658e+02   2.935018e-06   2.260521e+00
4.290000e+01   -2.776057e+00   -0.000000e+00   -0.000000e+00   2.684536e+02   2.895874e-06   2.231934e+00
4.300000e+01   -1.838932e+00   -0.000000e+00   -0.000000e+00   2.686403e+02   2.857289e-06   2.203726e+00
4.310000e+01   -7.730162e-01   -0.000000e+00   -0.000000e+00   2.688258e+02   2.819254e-06   2.175893e+00
4.320000e+01   6.069069e-02   -0.000000e+00   -0.000000e+00   2.690103e+02   2.781761e-06   2.148429e+00
4.330000e+01   3.076670e-01   -0.000000e+00   -0.000000e+00   2.691936e+02   2.744801e-06   2.121329e+00
4.340000e+01   1.418050e-01   -0.000000e+00   -0.000000e+00   2.693758e+02   2.708368e-06   2.094588e+00
4.350000e+01   -1.712230e-01   -0.000000e+00   -0.000000e+00   2.695570e+02   2.672451e-06   2.068201e+00
4.360000e+01   -5.888584e-01   -0.000000e+00   -0.000000e+00   2.697370e+02   2.637044e-06   2.042163e+00
4.370000e+01   -1.068543e+00   -0.000000e+00   -0.000000e+00   2.699160e+02   2.602139e-06   2.016468e+00
4.380000e+01   -1.570898e+00   -0.000000e+00   -0.000000e+00   2.700938e+02   2.567727e-06   1.991112e+00
4.390000e+01   -2.379262e+00   -0.000000e+00   -0.000000e+00   2.702705e+02   2.533800e-06   1.966090e+00
4.400000e+01   -3.496810e+00   -0.000000e+00   -0.000000e+00   2.704461e+02   2.500350e-06   1.941395e+00
4.410000e+01   -4.636028e+00   -0.000000e+00   -0.000000e+00   2.706207e+02   2.467369e-06   1.917024e+00
4.420000e+01   -5.509406e+00   -0.000000e+00   -0.000000e+00   2.707941e+02   2.434850e-06   1.892970e+00
4.430000e+01   -5.831193e+00   -0.000000e+00   -0.000000e+00   2.709664e+02   2.402785e-06   1.869230e+00
4.440000e+01   -5.815820e+00   -0.000000e+00   -0.000000e+00   2.711376e+02   2.371166e-06   1.845797e+00
4.450000e+01   -5.773272e+00   -0.000000e+00   -0.000000e+00   2.713074e+02   2.339988e-06   1.822669e+00
4.460000e+01   -5.710785e+00   -0.000000e+00   -0.000000e+00   2.714757e+02   2.309248e-06   1.799840e+00
4.470000e+01   -5.635593e+00   -0.000000e+00   -0.000000e+00   2.716421e+02   2.278941e-06   1.777308e+00
4.480000e+01   -5.554896e+00   -0.000000e+00   -0.000000e+00   2.718065e+02   2.249063e-06   1.755068e+00
4.490000e+01   -5.446679e+00   -0.000000e+00   -0.000000e+00   2.719686e+02   2.219610e-06   1.733117e+00
4.500000e+01   -5.306317e+00   -0.000000e+00   -0.000000e+00   2.721281e+02   2.190578e-06   1.711451e+00
4.510000e+01   -5.161134e+00   -0.000000e+00   -0.000000e+00   2.722848e+02   2.161961e-06   1.690066e+00
4.520000e+01   -5.038452e+00   -0.000000e+00   -0.000000e+00   2.724385e+02   2.133755e-06   1.668959e+00
4.530000e+01   -4.965595e+00   -0.000000e+00   -0.000000e+00   2.725890e+02   2.105957e-06   1.648125e+00
4.540000e+01   -5.175043e+00   -0.000000e+00   -0.000000e+00   2.727359e+02   2.078561e-06   1.627561e+00
4.550000e+01   -5.777389e+00   -0.000000e+00   -0.000000e+00   2.728790e+02   2.051562e-06   1.607263e+00
4.560000e+01   -6.617122e+00   -0.000000e+00   -0.000000e+00   2.730182e+02   2.024955e-06   1.587228e+00
4.570000e+01   -7.538732e+00   -0.000000e+00   -0.000000e+00   2.731530e+02   1.998737e-06   1.567451e+00
4.580000e+01   -8.386708e+00   -0.000000e+00   -0.000000e+00   2.732834e+02   1.972902e-06   1.547929e+00
4.590000e+01   -9.296774e+00   -0.000000e+00   -0.000000e+00   2.734091e+02   1.947445e-06   1.528659e+00
4.600000e+01   -1.040026e+01   -0.000000e+00   -0.000000e+00   2.735298e+02   1.922361e-06   1.509635e+00
4.610000e+01   -1.147233e+01   -0.000000e+00   -0.000000e+00   2.736453e+02   1.897645e-06   1.490855e+00
4.620000e+01   -1.228780e+01   -0.000000e+00   -0.000000e+00   2.737553e+02   1.873293e-06   1.472314e+00
4.630000e+01   -1.262141e+01   -0.000000e+00   -0.000000e+00   2.738596e+02   1.849299e-06   1.454010e+00
4.640000e+01   -1.212432e+01   -0.000000e+00   -0.000000e+00   2.739584e+02   1.825656e-06   1.435939e+00
4.650000e+01   -1.076925e+01   -0.000000e+00   -0.000000e+00   2.740515e+02   1.802361e-06   1.418098e+00
4.660000e+01   -8.903361e+00   -0.000000e+00   -0.000000e+00   2.741391e+02   1.779405e-06   1.400484e+00
4.670000e+01   -6.874901e+00   -0.000000e+00   -0.000000e+00   2.742212e+02   1.756785e-06   1.383095e+00
4.680000e+01   -5.032104e+00   -0.000000e+00   -0.000000e+00   2.742978e+02   1.734494e-06   1.365927e+00
4.690000e+01   -3.223395e+00   -0.000000e+00   -0.000000e+00   2.743690e+02   1.712526e-06   1.348977e+00
4.700000e+01   -1.097237e+00   -0.000000e+00   -0.000000e+00   2.744347e+02   1.690877e-06   1.332243e+00
4.710000e+01   9.572689e-01   -0.000000e+00   -0.000000e+00   2.744950e+02   1.669541e-06   1.315721e+00
4.720000e+01   2.544772e+00   -0.000000e+00   -0.000000e+00   2.745500e+02   1.648512e-06   1.299409e+00
4.730000e+01   3.269922e+00   -0.000000e+00   -0.000000e+00   2.745997e+02   1.627785e-06   1.283304e+00
4.740000e+01   3.147723e+00   -0.000000e+00   -0.000000e+00   2.746440e+02   1.607355e-06   1.267402e+00
4.750000e+01   2.745090e+00   -0.000000e+00   -0.000000e+00   2.746832e+02   1.587216e-06   1.251701e+00
4.760000e+01   2.173708e+00   -0.000000e+00   -0.000000e+00   2.747171e+02   1.567364e-06   1.236198e+00
4.770000e+01   1.537029e+00   -0.000000e+00   -0.000000e+00   2.747458e+02   1.547793e-06   1.220889e+00
4.780000e+01   9.385025e-01   -0.000000e+00   -0.000000e+00   2.747693e+02   1.528497e-06   1.205772e+00
4.790000e+01   4.241538e-01   -0.000000e+00   -0.000000e+00   2.747878e+02   1.509473e-06   1.190845e+00
4.800000e+01   -8.159372e-02   -0.000000e+00   -0.000000e+00   2.748012e+02   1.490714e-06   1.176103e+00
4.810000e+01   -6.079394e-01   -0.000000e+00   -0.000000e+00   2.748095e+02   1.472217e-06   1.161544e+00
4.820000e+01   -1.182304e+00   -0.000000e+00   -0.000000e+00   2.748128e+02   1.453975e-06   1.147166e+00
4.830000e+01   -1.831625e+00   -0.000000e+00   -0.000000e+00   2.748112e+02   1.435985e-06   1.132965e+00
4.840000e+01   -2.683357e+00   -0.000000e+00   -0.000000e+00   2.748048e+02   1.418241e-06   1.118940e+00
4.850000e+01   -3.832919e+00   -0.000000e+00   -0.000000e+00   2.747939e+02   1.400740e-06   1.105089e+00
4.860000e+01   -5.057647e+00   -0.000000e+00   -0.000000e+00   2.747785e+02   1.383478e-06   1.091408e+00
4.870000e+01   -6.126868e+00   -0.000000e+00   -0.000000e+00   2.747588e+02   1.366449e-06   1.077897e+00
4.880000e+01   -6.809909e+00   -0.000000e+00   -0.000000e+00   2.747349e+02   1.349651e-06   1.064553e+00
4.890000e+01   -7.083741e+00   -0.000000e+00   -0.000000e+00   2.747069e+02   1.333078e-06   1.051374e+00
4.900000e+01   -7.314580e+00   -0.000000e+00   -0.000000e+00   2.746751e+02   1.316726e-06   1.038358e+00
4.910000e+01   -7.514303e+00   -0.000000e+00   -0.000000e+00   2.746394e+02   1.300593e-06   1.025502e+00
4.920000e+01   -7.677600e+00   -0.000000e+00   -0.000000e+00   2.746002e+02   1.284672e-06   1.012804e+00
4.930000e+01   -7.799159e+00   -0.000000e+00   -0.000000e+00   2.745575e+02   1.268962e-06   1.000263e+00
4.940000e+01   -7.662208e+00   -0.000000e+00   -0.000000e+00   2.745115e+02   1.253457e-06   9.878757e-01
4.950000e+01   -6.900904e+00   -0.000000e+00   -0.000000e+00   2.744622e+02   1.238154e-06   9.756402e-01
4.960000e+01   -5.849959e+00   -0.000000e+00   -0.000000e+00   2.744099e+02   1.223050e-06   9.635543e-01
4.970000e+01   -4.876456e+00   -0.000000e+00   -0.000000e+00   2.743547e+02   1.208139e-06   9.516160e-01
4.980000e+01   -4.347482e+00   -0.000000e+00   -0.000000e+00   2.742967e+02   1.193419e-06   9.398230e-01
4.990000e+01   -4.412230e+00   -0.000000e+00   -0.000000e+00   2.742361e+02   1.178887e-06   9.281733e-01
5.000000e+01   -4.603590e+00   -0.000000e+00   -0.000000e+00   2.741730e+02   1.164537e-06   9.166645e-01
5.010000e+01   -4.834002e+00   -0.000000e+00   -0.000000e+00   2.741075e+02   1.150367e-06   9.052946e-01
5.020000e+01   -5.049900e+00   -0.000000e+00   -0.000000e+00   2.740398e+02   1.136374e-06   8.940616e-01
5.030000e+01   -5.198396e+00   -0.000000e+00   -0.000000e+00   2.739696e+02   1.122557e-06   8.829639e-01
5.040000e+01   -5.172453e+00   -0.000000e+00   -0.000000e+00   2.738967e+02   1.108913e-06   8.720002e-01
5.050000e+01   -4.846348e+00   -0.000000e+00   -0.000000e+00   2.738210e+02   1.095441e-06   8.611688e-01
5.060000e+01   -4.372900e+00   -0.000000e+00   -0.000000e+00   2.737423e+02   1.082141e-06   8.504685e-01
5.070000e+01   -3.922629e+00   -0.000000e+00   -0.000000e+00   2.736603e+02   1.069011e-06   8.398976e-01
5.080000e+01   -3.666054e+00   -0.000000e+00   -0.000000e+00   2.735750e+02   1.056049e-06   8.294549e-01
5.090000e+01   -3.766152e+00   -0.000000e+00   -0.000000e+00   2.734860e+02   1.043254e-06   8.191387e-01
5.100000e+01   -4.238280e+00   -0.000000e+00   -0.000000e+00   2.733933e+02   1.030624e-06   8.089476e-01
5.110000e+01   -4.969796e+00   -0.000000e+00   -0.000000e+00   2.732965e+02   1.018158e-06   7.988802e-01
5.120000e+01   -5.844154e+00   -0.000000e+00   -0.000000e+00   2.731956e+02   1.005854e-06   7.889350e-01
5.130000e+01   -6.744807e+00   -0.000000e+00   -0.000000e+00   2.730904e+02   9.937117e-07   7.791106e-01
5.140000e+01   -7.679856e+00   -0.000000e+00   -0.000000e+00   2.729805e+02   9.817282e-07   7.694055e-01
5.150000e+01   -8.968588e+00   -0.000000e+00   -0.000000e+00   2.728660e+02   9.699023e-07   7.598182e-01
5.160000e+01   -1.037510e+01   -0.000000e+00   -0.000000e+00   2.727464e+02   9.582324e-07   7.503473e-01
5.170000e+01   -1.160331e+01   -0.000000e+00   -0.000000e+00   2.726218e+02   9.467169e-07   7.409913e-01
5.180000e+01   -1.235711e+01   -0.000000e+00   -0.000000e+00   2.724919e+02   9.353542e-07   7.317487e-01
5.190000e+01   -1.237531e+01   -0.000000e+00   -0.000000e+00   2.723564e+02   9.241425e-07   7.226182e-01
5.200000e+01   -1.174908e+01   -0.000000e+00   -0.000000e+00   2.722152e+02   9.130802e-07   7.135982e-01
5.210000e+01   -1.073628e+01   -0.000000e+00   -0.000000e+00   2.720682e+02   9.021656e-07   7.046872e-01
5.220000e+01   -9.591461e+00   -0.000000e+00   -0.000000e+00   2.719151e+02   8.913970e-07   6.958839e-01
5.230000e+01   -8.568808e+00   -0.000000e+00   -0.000000e+00   2.717559e+02   8.807722e-07   6.871870e-01
5.240000e+01   -7.845683e+00   -0.000000e+00   -0.000000e+00   2.715906e+02   8.702894e-07   6.785952e-01
5.250000e+01   -7.185272e+00   -0.000000e+00   -0.000000e+00   2.714192e+02   8.599465e-07   6.701072e-01
5.260000e+01   -6.569519e+00   -0.000000e+00   -0.000000e+00   2.712416e+02   8.497416e-07   6.617219e-01
5.270000e+01   -6.031093e+00   -0.000000e+00   -0.000000e+00   2.710578e+02   8.396727e-07   6.534378e-01
5.280000e+01   -5.602664e+00   -0.000000e+00   -0.000000e+00   2.708678e+02   8.297378e-07   6.452538e-01
5.290000e+01   -5.308501e+00   -0.000000e+00   -0.000000e+00   2.706715e+02   8.199351e-07   6.371686e-01
5.300000e+01   -5.106429e+00   -0.000000e+00   -0.000000e+00   2.704689e+02   8.102626e-07   6.291809e-01
5.310000e+01   -4.958206e+00   -0.000000e+00   -0.000000e+00   2.702601e+02   8.007182e-07   6.212895e-01
5.320000e+01   -4.831274e+00   -0.000000e+00   -0.000000e+00   2.700449e+02   7.913002e-07   6.134930e-01
5.330000e+01   -4.693073e+00   -0.000000e+00   -0.000000e+00   2.698234e+02   7.820067e-07   6.057903e-01
5.340000e+01   -4.502549e+00   -0.000000e+00   -0.000000e+00   2.695954e+02   7.728356e-07   5.981801e-01
5.350000e+01   -4.212213e+00   -0.000000e+00   -0.000000e+00   2.693611e+02   7.637851e-07   5.906611e-01
5.360000e+01   -3.893978e+00   -0.000000e+00   -0.000000e+00   2.691203e+02   7.548533e-07   5.832320e-01
5.370000e+01   -3.636604e+00   -0.000000e+00   -0.000000e+00   2.688730e+02   7.460384e-07   5.758916e-01
5.380000e+01   -3.528848e+00   -0.000000e+00   -0.000000e+00   2.686192e+02   7.373384e-07   5.686385e-01
5.390000e+01   -3.651770e+00   -0.000000e+00   -0.000000e+00   2.683589e+02   7.287515e-07   5.614717e-01
5.400000e+01   -3.989117e+00   -0.000000e+00   -0.000000e+00   2.680921e+02   7.202758e-07   5.543897e-01
5.410000e+01   -4.495246e+00   -0.000000e+00   -0.000000e+00   2.678186e+02   7.119094e-07   5.473913e-01
5.420000e+01   -5.130814e+00   -0.000000e+00   -0.000000e+00   2.675387e+02   7.036505e-07   5.404753e-01
5.430000e+01   -5.856375e+00   -0.000000e+00   -0.000000e+00   2.672525e+02   6.954964e-07   5.336408e-01
5.440000e+01   -6.683388e+00   -0.000000e+00   -0.000000e+00   2.669606e+02   6.874445e-07   5.268867e-01
5.450000e+01   -7.988461e+00   -0.000000e+00   -0.000000e+00   2.666637e+02   6.794920e-07   5.202122e-01
5.460000e+01   -9.688145e+00   -0.000000e+00   -0.000000e+00   2.663620e+02   6.716365e-07   5.136165e-01
5.470000e+01   -1.157426e+01   -0.000000e+00   -0.000000e+00   2.660563e+02   6.638753e-07   5.070987e-01
5.480000e+01   -1.343860e+01   -0.000000e+00   -0.000000e+00   2.657470e+02   6.562061e-07   5.006577e-01
5.490000e+01   -1.511976e+01   -0.000000e+00   -0.000000e+00   2.654345e+02   6.486263e-07   4.942929e-01
5.500000e+01   -1.691945e+01   -0.000000e+00   -0.000000e+00   2.651195e+02   6.411336e-07   4.880032e-01
5.510000e+01   -1.877073e+01   -0.000000e+00   -0.000000e+00   2.648025e+02   6.337257e-07   4.817878e-01
5.520000e+01   -2.046733e+01   -0.000000e+00   -0.000000e+00   2.644839e+02   6.264004e-07   4.756458e-01
5.530000e+01   -2.180292e+01   -0.000000e+00   -0.000000e+00   2.641643e+02   6.191554e-07   4.695762e-01
5.540000e+01   -2.260936e+01   -0.000000e+00   -0.000000e+00   2.638441e+02   6.119886e-07   4.635783e-01
5.550000e+01   -2.323093e+01   -0.000000e+00   -0.000000e+00   2.635240e+02   6.048978e-07   4.576511e-01
5.560000e+01   -2.378466e+01   -0.000000e+00   -0.000000e+00   2.632044e+02   5.978810e-07   4.517938e-01
5.570000e+01   -2.424866e+01   -0.000000e+00   -0.000000e+00   2.628858e+02   5.909361e-07   4.460054e-01
5.580000e+01   -2.460103e+01   -0.000000e+00   -0.000000e+00   2.625688e+02   5.840613e-07   4.402850e-01
5.590000e+01   -2.482656e+01   -0.000000e+00   -0.000000e+00   2.622539e+02   5.772544e-07   4.346318e-01
5.600000e+01   -2.501494e+01   -0.000000e+00   -0.000000e+00   2.619415e+02   5.705137e-07   4.290449e-01
5.610000e+01   -2.520051e+01   -0.000000e+00   -0.000000e+00   2.616322e+02   5.638372e-07   4.235233e-01
5.620000e+01   -2.538300e+01   -0.000000e+00   -0.000000e+00   2.613265e+02   5.572233e-07   4.180662e-01
5.630000e+01   -2.556216e+01   -0.000000e+00   -0.000000e+00   2.610244e+02   5.506714e-07   4.126729e-01
5.640000e+01   -2.570197e+01   -0.000000e+00   -0.000000e+00   2.607250e+02   5.441828e-07   4.073426e-01
5.650000e+01   -2.519769e+01   -0.000000e+00   -0.000000e+00   2.604276e+02   5.377588e-07   4.020748e-01
5.660000e+01   -2.410355e+01   -0.000000e+00   -0.000000e+00   2.601314e+02   5.314004e-07   3.968688e-01
5.670000e+01   -2.277641e+01   -0.000000e+00   -0.000000e+00   2.598355e+02   5.251087e-07   3.917239e-01
5.680000e+01   -2.157312e+01   -0.000000e+00   -0.000000e+00   2.595393e+02   5.188847e-07   3.866396e-01
5.690000e+01   -2.083567e+01   -0.000000e+00   -0.000000e+00   2.592419e+02   5.127294e-07   3.816152e-01
5.700000e+01   -2.043381e+01   -0.000000e+00   -0.000000e+00   2.589424e+02   5.066435e-07   3.766501e-01
5.710000e+01   -2.014930e+01   -0.000000e+00   -0.000000e+00   2.586403e+02   5.006278e-07   3.717436e-01
5.720000e+01   -1.987929e+01   -0.000000e+00   -0.000000e+00   2.583345e+02   4.946831e-07   3.668950e-01
5.730000e+01   -1.952092e+01   -0.000000e+00   -0.000000e+00   2.580244e+02   4.888100e-07   3.621039e-01
5.740000e+01   -1.896284e+01   -0.000000e+00   -0.000000e+00   2.577091e+02   4.830091e-07   3.573695e-01
5.750000e+01   -1.791146e+01   -0.000000e+00   -0.000000e+00   2.573879e+02   4.772810e-07   3.526912e-01
5.760000e+01   -1.645903e+01   -0.000000e+00   -0.000000e+00   2.570599e+02   4.716260e-07   3.480683e-01
5.770000e+01   -1.487281e+01   -0.000000e+00   -0.000000e+00   2.567244e+02   4.660446e-07   3.435003e-01
5.780000e+01   -1.342009e+01   -0.000000e+00   -0.000000e+00   2.563806e+02   4.605372e-07   3.389864e-01
5.790000e+01   -1.235773e+01   -0.000000e+00   -0.000000e+00   2.560277e+02   4.551041e-07   3.345261e-01
5.800000e+01   -1.144136e+01   -0.000000e+00   -0.000000e+00   2.556649e+02   4.497455e-07   3.301187e-01
5.810000e+01   -1.055095e+01   -0.000000e+00   -0.000000e+00   2.552913e+02   4.444616e-07   3.257637e-01
5.820000e+01   -9.810167e+00   -0.000000e+00   -0.000000e+00   2.549063e+02   4.392526e-07   3.214602e-01
5.830000e+01   -9.342826e+00   -0.000000e+00   -0.000000e+00   2.545093e+02   4.341181e-07   3.172078e-01
5.840000e+01   -9.277399e+00   -0.000000e+00   -0.000000e+00   2.541011e+02   4.290558e-07   3.130060e-01
5.850000e+01   -9.924567e+00   -0.000000e+00   -0.000000e+00   2.536825e+02   4.240632e-07   3.088541e-01
5.860000e+01   -1.112839e+01   -0.000000e+00   -0.000000e+00   2.532543e+02   4.191378e-07   3.047517e-01
5.870000e+01   -1.248377e+01   -0.000000e+00   -0.000000e+00   2.528176e+02   4.142773e-07   3.006982e-01
5.880000e+01   -1.358560e+01   -0.000000e+00   -0.000000e+00   2.523732e+02   4.094795e-07   2.966933e-01
5.890000e+01   -1.403287e+01   -0.000000e+00   -0.000000e+00   2.519219e+02   4.047419e-07   2.927362e-01
5.900000e+01   -1.400147e+01   -0.000000e+00   -0.000000e+00   2.514647e+02   4.000625e-07   2.888266e-01
5.910000e+01   -1.384338e+01   -0.000000e+00   -0.000000e+00   2.510024e+02   3.954390e-07   2.849638e-01
5.920000e+01   -1.364659e+01   -0.000000e+00   -0.000000e+00   2.505359e+02   3.908695e-07   2.811475e-01
5.930000e+01   -1.349908e+01   -0.000000e+00   -0.000000e+00   2.500662e+02   3.863519e-07   2.773770e-01
5.940000e+01   -1.349055e+01   -0.000000e+00   -0.000000e+00   2.495940e+02   3.818843e-07   2.736519e-01
5.950000e+01   -1.404789e+01   -0.000000e+00   -0.000000e+00   2.491204e+02   3.774647e-07   2.699716e-01
5.960000e+01   -1.517905e+01   -0.000000e+00   -0.000000e+00   2.486461e+02   3.730914e-07   2.663356e-01
5.970000e+01   -1.648804e+01   -0.000000e+00   -0.000000e+00   2.481721e+02   3.687623e-07   2.627435e-01
5.980000e+01   -1.757890e+01   -0.000000e+00   -0.000000e+00   2.476993e+02   3.644759e-07   2.591946e-01
5.990000e+01   -1.805613e+01   -0.000000e+00   -0.000000e+00   2.472285e+02   3.602304e-07   2.556885e-01
6.000000e+01   -1.806327e+01   -0.000000e+00   -0.000000e+00   2.467606e+02   3.560242e-07   2.522247e-01
6.010000e+01   -1.796086e+01   -0.000000e+00   -0.000000e+00   2.462965e+02   3.518555e-07   2.488026e-01
6.020000e+01   -1.776409e+01   -0.000000e+00   -0.000000e+00   2.458372e+02   3.477229e-07   2.454218e-01
6.030000e+01   -1.748811e+01   -0.000000e+00   -0.000000e+00   2.453833e+02   3.436249e-07   2.420817e-01
6.040000e+01   -1.714794e+01   -0.000000e+00   -0.000000e+00   2.449348e+02   3.395615e-07   2.387819e-01
6.050000e+01   -1.601085e+01   -0.000000e+00   -0.000000e+00   2.444913e+02   3.355331e-07   2.355219e-01
6.060000e+01   -1.383159e+01   -0.000000e+00   -0.000000e+00   2.440526e+02   3.315400e-07   2.323013e-01
6.070000e+01   -1.135630e+01   -0.000000e+00   -0.000000e+00   2.436181e+02   3.275825e-07   2.291198e-01
6.080000e+01   -9.331133e+00   -0.000000e+00   -0.000000e+00   2.431876e+02   3.236608e-07   2.259768e-01
6.090000e+01   -8.502240e+00   -0.000000e+00   -0.000000e+00   2.427606e+02   3.197753e-07   2.228720e-01
6.100000e+01   -8.585730e+00   -0.000000e+00   -0.000000e+00   2.423369e+02   3.159261e-07   2.198049e-01
6.110000e+01   -8.673487e+00   -0.000000e+00   -0.000000e+00   2.419161e+02   3.121134e-07   2.167752e-01
6.120000e+01   -8.764520e+00   -0.000000e+00   -0.000000e+00   2.414977e+02   3.083375e-07   2.137823e-01
6.130000e+01   -8.858928e+00   -0.000000e+00   -0.000000e+00   2.410815e+02   3.045984e-07   2.108258e-01
6.140000e+01   -8.956806e+00   -0.000000e+00   -0.000000e+00   2.406670e+02   3.008964e-07   2.079055e-01
6.150000e+01   -9.478128e+00   -0.000000e+00   -0.000000e+00   2.402539e+02   2.972315e-07   2.050207e-01
6.160000e+01   -1.076368e+01   -0.000000e+00   -0.000000e+00   2.398418e+02   2.936039e-07   2.021711e-01
6.170000e+01   -1.249280e+01   -0.000000e+00   -0.000000e+00   2.394305e+02   2.900135e-07   1.993563e-01
6.180000e+01   -1.434247e+01   -0.000000e+00   -0.000000e+00   2.390194e+02   2.864604e-07   1.965758e-01
6.190000e+01   -1.598967e+01   -0.000000e+00   -0.000000e+00   2.386082e+02   2.829447e-07   1.938292e-01
6.200000e+01   -1.749979e+01   -0.000000e+00   -0.000000e+00   2.381966e+02   2.794663e-07   1.911162e-01
6.210000e+01   -1.917092e+01   -0.000000e+00   -0.000000e+00   2.377843e+02   2.760252e-07   1.884362e-01
6.220000e+01   -2.077645e+01   -0.000000e+00   -0.000000e+00   2.373708e+02   2.726214e-07   1.857888e-01
6.230000e+01   -2.208501e+01   -0.000000e+00   -0.000000e+00   2.369557e+02   2.692548e-07   1.831737e-01
6.240000e+01   -2.286431e+01   -0.000000e+00   -0.000000e+00   2.365389e+02   2.659254e-07   1.805904e-01
6.250000e+01   -2.319342e+01   -0.000000e+00   -0.000000e+00   2.361201e+02   2.626330e-07   1.780387e-01
6.260000e+01   -2.348236e+01   -0.000000e+00   -0.000000e+00   2.356990e+02   2.593775e-07   1.755183e-01
6.270000e+01   -2.373217e+01   -0.000000e+00   -0.000000e+00   2.352755e+02   2.561590e-07   1.730289e-01
6.280000e+01   -2.393718e+01   -0.000000e+00   -0.000000e+00   2.348492e+02   2.529772e-07   1.705700e-01
6.290000e+01   -2.409172e+01   -0.000000e+00   -0.000000e+00   2.344199e+02   2.498320e-07   1.681415e-01
6.300000e+01   -2.411814e+01   -0.000000e+00   -0.000000e+00   2.339875e+02   2.467233e-07   1.657430e-01
6.310000e+01   -2.391780e+01   -0.000000e+00   -0.000000e+00   2.335516e+02   2.436510e-07   1.633742e-01
6.320000e+01   -2.355231e+01   -0.000000e+00   -0.000000e+00   2.331120e+02   2.406149e-07   1.610347e-01
6.330000e+01   -2.308648e+01   -0.000000e+00   -0.000000e+00   2.326685e+02   2.376147e-07   1.587243e-01
6.340000e+01   -2.258512e+01   -0.000000e+00   -0.000000e+00   2.322209e+02   2.346505e-07   1.564426e-01
6.350000e+01   -2.196402e+01   -0.000000e+00   -0.000000e+00   2.317689e+02   2.317218e-07   1.541894e-01
6.360000e+01   -2.105175e+01   -0.000000e+00   -0.000000e+00   2.313122e+02   2.288287e-07   1.519642e-01
6.370000e+01   -2.003454e+01   -0.000000e+00   -0.000000e+00   2.308507e+02   2.259708e-07   1.497669e-01
6.380000e+01   -1.910882e+01   -0.000000e+00   -0.000000e+00   2.303841e+02   2.231479e-07   1.475971e-01
6.390000e+01   -1.847103e+01   -0.000000e+00   -0.000000e+00   2.299122e+02   2.203599e-07   1.454544e-01
6.400000e+01   -1.815783e+01   -0.000000e+00   -0.000000e+00   2.294346e+02   2.176064e-07   1.433385e-01
6.410000e+01   -1.789102e+01   -0.000000e+00   -0.000000e+00   2.289513e+02   2.148873e-07   1.412492e-01
6.420000e+01   -1.765112e+01   -0.000000e+00   -0.000000e+00   2.284619e+02   2.122022e-07   1.391862e-01
6.430000e+01   -1.743271e+01   -0.000000e+00   -0.000000e+00   2.279663e+02   2.095510e-07   1.371490e-01
6.440000e+01   -1.723286e+01   -0.000000e+00   -0.000000e+00   2.274647e+02   2.069330e-07   1.351376e-01
6.450000e+01   -1.704189e+01   -0.000000e+00   -0.000000e+00   2.269573e+02   2.043478e-07   1.331516e-01
6.460000e+01   -1.684493e+01   -0.000000e+00   -0.000000e+00   2.264441e+02   2.017950e-07   1.311909e-01
6.470000e+01   -1.665031e+01   -0.000000e+00   -0.000000e+00   2.259255e+02   1.992741e-07   1.292553e-01
6.480000e+01   -1.646742e+01   -0.000000e+00   -0.000000e+00   2.254014e+02   1.967845e-07   1.273444e-01
6.490000e+01   -1.630567e+01   -0.000000e+00   -0.000000e+00   2.248723e+02   1.943259e-07   1.254582e-01
6.500000e+01   -1.620882e+01   -0.000000e+00   -0.000000e+00   2.243381e+02   1.918978e-07   1.235963e-01
6.510000e+01   -1.626649e+01   -0.000000e+00   -0.000000e+00   2.237991e+02   1.894998e-07   1.217585e-01
6.520000e+01   -1.645486e+01   -0.000000e+00   -0.000000e+00   2.232554e+02   1.871315e-07   1.199447e-01
6.530000e+01   -1.674315e+01   -0.000000e+00   -0.000000e+00   2.227072e+02   1.847923e-07   1.181546e-01
6.540000e+01   -1.710061e+01   -0.000000e+00   -0.000000e+00   2.221548e+02   1.824820e-07   1.163880e-01
6.550000e+01   -1.757996e+01   -0.000000e+00   -0.000000e+00   2.215982e+02   1.802001e-07   1.146446e-01
6.560000e+01   -1.839748e+01   -0.000000e+00   -0.000000e+00   2.210376e+02   1.779462e-07   1.129242e-01
6.570000e+01   -1.949191e+01   -0.000000e+00   -0.000000e+00   2.204732e+02   1.757198e-07   1.112267e-01
6.580000e+01   -2.078017e+01   -0.000000e+00   -0.000000e+00   2.199052e+02   1.735207e-07   1.095517e-01
6.590000e+01   -2.217916e+01   -0.000000e+00   -0.000000e+00   2.193338e+02   1.713484e-07   1.078991e-01
6.600000e+01   -2.375573e+01   -0.000000e+00   -0.000000e+00   2.187591e+02   1.692025e-07   1.062687e-01
6.610000e+01   -2.585846e+01   -0.000000e+00   -0.000000e+00   2.181812e+02   1.670827e-07   1.046601e-01
6.620000e+01   -2.819911e+01   -0.000000e+00   -0.000000e+00   2.176005e+02   1.649886e-07   1.030733e-01
6.630000e+01   -3.042944e+01   -0.000000e+00   -0.000000e+00   2.170170e+02   1.629197e-07   1.015079e-01
6.640000e+01   -3.219990e+01   -0.000000e+00   -0.000000e+00   2.164309e+02   1.608757e-07   9.996364e-02
6.650000e+01   -3.331959e+01   -0.000000e+00   -0.000000e+00   2.158426e+02   1.588559e-07   9.844028e-02
6.660000e+01   -3.424670e+01   -0.000000e+00   -0.000000e+00   2.152520e+02   1.568601e-07   9.693754e-02
6.670000e+01   -3.505743e+01   -0.000000e+00   -0.000000e+00   2.146595e+02   1.548877e-07   9.545514e-02
6.680000e+01   -3.576721e+01   -0.000000e+00   -0.000000e+00   2.140653e+02   1.529383e-07   9.399283e-02
6.690000e+01   -3.639145e+01   -0.000000e+00   -0.000000e+00   2.134695e+02   1.510114e-07   9.255033e-02
6.700000e+01   -3.695868e+01   -0.000000e+00   -0.000000e+00   2.128723e+02   1.491067e-07   9.112736e-02
6.710000e+01   -3.752006e+01   -0.000000e+00   -0.000000e+00   2.122740e+02   1.472238e-07   8.972366e-02
6.720000e+01   -3.803926e+01   -0.000000e+00   -0.000000e+00   2.116746e+02   1.453621e-07   8.833896e-02
6.730000e+01   -3.847040e+01   -0.000000e+00   -0.000000e+00   2.110745e+02   1.435212e-07   8.697299e-02
6.740000e+01   -3.876760e+01   -0.000000e+00   -0.000000e+00   2.104739e+02   1.417008e-07   8.562547e-02
6.750000e+01   -3.875137e+01   -0.000000e+00   -0.000000e+00   2.098728e+02   1.399005e-07   8.429615e-02
6.760000e+01   -3.783455e+01   -0.000000e+00   -0.000000e+00   2.092716e+02   1.381197e-07   8.298473e-02
6.770000e+01   -3.626775e+01   -0.000000e+00   -0.000000e+00   2.086703e+02   1.363581e-07   8.169097e-02
6.780000e+01   -3.441887e+01   -0.000000e+00   -0.000000e+00   2.080693e+02   1.346153e-07   8.041458e-02
6.790000e+01   -3.265584e+01   -0.000000e+00   -0.000000e+00   2.074687e+02   1.328908e-07   7.915530e-02
6.800000e+01   -3.123851e+01   -0.000000e+00   -0.000000e+00   2.068687e+02   1.311844e-07   7.791285e-02
6.810000e+01   -2.979060e+01   -0.000000e+00   -0.000000e+00   2.062696e+02   1.294953e-07   7.668697e-02
6.820000e+01   -2.833010e+01   -0.000000e+00   -0.000000e+00   2.056728e+02   1.278227e-07   7.547744e-02
6.830000e+01   -2.697404e+01   -0.000000e+00   -0.000000e+00   2.050801e+02   1.261652e-07   7.428404e-02
6.840000e+01   -2.583945e+01   -0.000000e+00   -0.000000e+00   2.044933e+02   1.245217e-07   7.310658e-02
6.850000e+01   -2.501291e+01   -0.000000e+00   -0.000000e+00   2.039142e+02   1.228909e-07   7.194483e-02
6.860000e+01   -2.434249e+01   -0.000000e+00   -0.000000e+00   2.033447e+02   1.212717e-07   7.079859e-02
6.870000e+01   -2.374738e+01   -0.000000e+00   -0.000000e+00   2.027865e+02   1.196630e-07   6.966765e-02
6.880000e+01   -2.317874e+01   -0.000000e+00   -0.000000e+00   2.022414e+02   1.180637e-07   6.855181e-02
6.890000e+01   -2.258769e+01   -0.000000e+00   -0.000000e+00   2.017114e+02   1.164729e-07   6.745086e-02
6.900000e+01   -2.191818e+01   -0.000000e+00   -0.000000e+00   2.011981e+02   1.148895e-07   6.636458e-02
6.910000e+01   -2.111992e+01   -0.000000e+00   -0.000000e+00   2.007034e+02   1.133126e-07   6.529277e-02
6.920000e+01   -2.028560e+01   -0.000000e+00   -0.000000e+00   2.002291e+02   1.117413e-07   6.423522e-02
6.930000e+01   -1.952895e+01   -0.000000e+00   -0.000000e+00   1.997770e+02   1.101748e-07   6.319172e-02
6.940000e+01   -1.896365e+01   -0.000000e+00   -0.000000e+00   1.993489e+02   1.086124e-07   6.216206e-02
6.950000e+01   -1.868238e+01   -0.000000e+00   -0.000000e+00   1.989466e+02   1.070532e-07   6.114604e-02
6.960000e+01   -1.855135e+01   -0.000000e+00   -0.000000e+00   1.985720e+02   1.054965e-07   6.014345e-02
6.970000e+01   -1.848480e+01   -0.000000e+00   -0.000000e+00   1.982268e+02   1.039417e-07   5.915408e-02
6.980000e+01   -1.843461e+01   -0.000000e+00   -0.000000e+00   1.979129e+02   1.023882e-07   5.817771e-02
6.990000e+01   -1.835268e+01   -0.000000e+00   -0.000000e+00   1.976321e+02   1.008355e-07   5.721414e-02
7.000000e+01   -1.819750e+01   -0.000000e+00   -0.000000e+00   1.973860e+02   9.928316e-08   5.626318e-02
7.010000e+01   -1.801115e+01   -0.000000e+00   -0.000000e+00   1.971736e+02   9.773221e-08   5.532467e-02
7.020000e+01   -1.781747e+01   -0.000000e+00   -0.000000e+00   1.969917e+02   9.618498e-08   5.439858e-02
7.030000e+01   -1.762393e+01   -0.000000e+00   -0.000000e+00   1.968369e+02   9.464369e-08   5.348482e-02
7.040000e+01   -1.743802e+01   -0.000000e+00   -0.000000e+00   1.967058e+02   9.311049e-08   5.258334e-02
7.050000e+01   -1.728321e+01   -0.000000e+00   -0.000000e+00   1.965952e+02   9.158738e-08   5.169408e-02
7.060000e+01   -1.734807e+01   -0.000000e+00   -0.000000e+00   1.965015e+02   9.007629e-08   5.081698e-02
7.070000e+01   -1.762090e+01   -0.000000e+00   -0.000000e+00   1.964216e+02   8.857904e-08   4.995196e-02
7.080000e+01   -1.801942e+01   -0.000000e+00   -0.000000e+00   1.963520e+02   8.709732e-08   4.909898e-02
7.090000e+01   -1.846140e+01   -0.000000e+00   -0.000000e+00   1.962893e+02   8.563275e-08   4.825796e-02
7.100000e+01   -1.889981e+01   -0.000000e+00   -0.000000e+00   1.962303e+02   8.418681e-08   4.742884e-02
7.110000e+01   -1.972974e+01   -0.000000e+00   -0.000000e+00   1.961716e+02   8.276093e-08   4.661157e-02
7.120000e+01   -2.080436e+01   -0.000000e+00   -0.000000e+00   1.961097e+02   8.135639e-08   4.580608e-02
7.130000e+01   -2.176214e+01   -0.000000e+00   -0.000000e+00   1.960414e+02   7.997441e-08   4.501231e-02
7.140000e+01   -2.224157e+01   -0.000000e+00   -0.000000e+00   1.959634e+02   7.861611e-08   4.423019e-02
7.150000e+01   -2.191713e+01   -0.000000e+00   -0.000000e+00   1.958721e+02   7.728254e-08   4.345967e-02
7.160000e+01   -2.122907e+01   -0.000000e+00   -0.000000e+00   1.957644e+02   7.597464e-08   4.270067e-02
7.170000e+01   -2.041854e+01   -0.000000e+00   -0.000000e+00   1.956368e+02   7.469329e-08   4.195315e-02
7.180000e+01   -1.948679e+01   -0.000000e+00   -0.000000e+00   1.954860e+02   7.343932e-08   4.121703e-02
7.190000e+01   -1.843509e+01   -0.000000e+00   -0.000000e+00   1.953086e+02   7.221346e-08   4.049225e-02
7.200000e+01   -1.725841e+01   -0.000000e+00   -0.000000e+00   1.951014e+02   7.101636e-08   3.977876e-02
7.210000e+01   -1.581284e+01   -0.000000e+00   -0.000000e+00   1.948629e+02   6.984790e-08   3.907643e-02
7.220000e+01   -1.408472e+01   -0.000000e+00   -0.000000e+00   1.945933e+02   6.870727e-08   3.838512e-02
7.230000e+01   -1.213639e+01   -0.000000e+00   -0.000000e+00   1.942929e+02   6.759362e-08   3.770466e-02
7.240000e+01   -1.003017e+01   -0.000000e+00   -0.000000e+00   1.939621e+02   6.650618e-08   3.703490e-02
7.250000e+01   -7.811712e+00   -0.000000e+00   -0.000000e+00   1.936011e+02   6.544416e-08   3.637568e-02
7.260000e+01   -5.076472e+00   -0.000000e+00   -0.000000e+00   1.932104e+02   6.440683e-08   3.572685e-02
7.270000e+01   -1.933646e+00   -0.000000e+00   -0.000000e+00   1.927901e+02   6.339346e-08   3.508824e-02
7.280000e+01   1.202790e+00   -0.000000e+00   -0.000000e+00   1.923407e+02   6.240336e-08   3.445970e-02
7.290000e+01   3.918857e+00   -0.000000e+00   -0.000000e+00   1.918624e+02   6.143586e-08   3.384108e-02
7.300000e+01   5.817172e+00   -0.000000e+00   -0.000000e+00   1.913556e+02   6.049029e-08   3.323220e-02
7.310000e+01   7.339004e+00   -0.000000e+00   -0.000000e+00   1.908205e+02   5.956602e-08   3.263293e-02
7.320000e+01   8.843569e+00   -0.000000e+00   -0.000000e+00   1.902576e+02   5.866244e-08   3.204309e-02
7.330000e+01   1.032214e+01   -0.000000e+00   -0.000000e+00   1.896670e+02   5.777894e-08   3.146254e-02
7.340000e+01   1.176600e+01   -0.000000e+00   -0.000000e+00   1.890492e+02   5.691495e-08   3.089111e-02
7.350000e+01   1.315952e+01   -0.000000e+00   -0.000000e+00   1.884044e+02   5.606988e-08   3.032865e-02
7.360000e+01   1.408435e+01   -0.000000e+00   -0.000000e+00   1.877330e+02   5.524320e-08   2.977501e-02
7.370000e+01   1.451873e+01   -0.000000e+00   -0.000000e+00   1.870353e+02   5.443434e-08   2.923001e-02
7.380000e+01   1.477228e+01   -0.000000e+00   -0.000000e+00   1.863116e+02   5.364280e-08   2.869351e-02
7.390000e+01   1.515460e+01   -0.000000e+00   -0.000000e+00   1.855622e+02   5.286805e-08   2.816535e-02
7.400000e+01   1.597124e+01   -0.000000e+00   -0.000000e+00   1.847874e+02   5.210959e-08   2.764537e-02
7.410000e+01   1.699004e+01   -0.000000e+00   -0.000000e+00   1.839876e+02   5.136692e-08   2.713341e-02
7.420000e+01   1.791726e+01   -0.000000e+00   -0.000000e+00   1.831630e+02   5.063957e-08   2.662932e-02
7.430000e+01   1.874411e+01   -0.000000e+00   -0.000000e+00   1.823141e+02   4.992703e-08   2.613294e-02
7.440000e+01   1.946652e+01   -0.000000e+00   -0.000000e+00   1.814420e+02   4.922865e-08   2.564414e-02
7.450000e+01   2.009097e+01   -0.000000e+00   -0.000000e+00   1.805493e+02   4.854353e-08   2.516283e-02
7.460000e+01   2.171887e+01   -0.000000e+00   -0.000000e+00   1.796384e+02   4.787080e-08   2.468893e-02
7.470000e+01   2.455939e+01   -0.000000e+00   -0.000000e+00   1.787118e+02   4.720960e-08   2.422233e-02
7.480000e+01   2.770388e+01   -0.000000e+00   -0.000000e+00   1.777719e+02   4.655913e-08   2.376295e-02
7.490000e+01   3.024372e+01   -0.000000e+00   -0.000000e+00   1.768213e+02   4.591857e-08   2.331070e-02
7.500000e+01   3.127114e+01   -0.000000e+00   -0.000000e+00   1.758624e+02   4.528717e-08   2.286549e-02
7.510000e+01   3.092946e+01   -0.000000e+00   -0.000000e+00   1.748977e+02   4.466416e-08   2.242722e-02
7.520000e+01   3.005898e+01   -0.000000e+00   -0.000000e+00   1.739296e+02   4.404881e-08   2.199581e-02
7.530000e+01   2.895079e+01   -0.000000e+00   -0.000000e+00   1.729607e+02   4.344042e-08   2.157117e-02
7.540000e+01   2.789597e+01   -0.000000e+00   -0.000000e+00   1.719934e+02   4.283829e-08   2.115320e-02
7.550000e+01   2.718558e+01   -0.000000e+00   -0.000000e+00   1.710302e+02   4.224175e-08   2.074182e-02
7.560000e+01   2.674810e+01   -0.000000e+00   -0.000000e+00   1.700735e+02   4.165014e-08   2.033694e-02
7.570000e+01   2.628847e+01   -0.000000e+00   -0.000000e+00   1.691259e+02   4.106283e-08   1.993845e-02
7.580000e+01   2.576251e+01   -0.000000e+00   -0.000000e+00   1.681899e+02   4.047920e-08   1.954628e-02
7.590000e+01   2.512606e+01   -0.000000e+00   -0.000000e+00   1.672678e+02   3.989866e-08   1.916033e-02
7.600000e+01   2.433493e+01   -0.000000e+00   -0.000000e+00   1.663622e+02   3.932063e-08   1.878052e-02
7.610000e+01   2.318737e+01   -0.000000e+00   -0.000000e+00   1.654756e+02   3.874455e-08   1.840675e-02
7.620000e+01   2.162641e+01   -0.000000e+00   -0.000000e+00   1.646104e+02   3.816989e-08   1.803893e-02
7.630000e+01   1.986625e+01   -0.000000e+00   -0.000000e+00   1.637692e+02   3.759614e-08   1.767696e-02
7.640000e+01   1.812131e+01   -0.000000e+00   -0.000000e+00   1.629543e+02   3.702279e-08   1.732077e-02
7.650000e+01   1.660603e+01   -0.000000e+00   -0.000000e+00   1.621682e+02   3.644940e-08   1.697026e-02
7.660000e+01   1.550384e+01   -0.000000e+00   -0.000000e+00   1.614136e+02   3.587552e-08   1.662534e-02
7.670000e+01   1.475152e+01   -0.000000e+00   -0.000000e+00   1.606927e+02   3.530073e-08   1.628592e-02
7.680000e+01   1.418220e+01   -0.000000e+00   -0.000000e+00   1.600081e+02   3.472467e-08   1.595190e-02
7.690000e+01   1.362886e+01   -0.000000e+00   -0.000000e+00   1.593623e+02   3.414696e-08   1.562320e-02
7.700000e+01   1.292452e+01   -0.000000e+00   -0.000000e+00   1.587578e+02   3.356731e-08   1.529973e-02
7.710000e+01   1.215692e+01   -0.000000e+00   -0.000000e+00   1.581969e+02   3.298541e-08   1.498140e-02
7.720000e+01   1.150594e+01   -0.000000e+00   -0.000000e+00   1.576812e+02   3.240127e-08   1.466812e-02
7.730000e+01   1.077412e+01   0.000000e+00   0.000000e+00   1.572083e+02   3.181573e-08   1.435984e-02
7.740000e+01   9.762500e+00   0.000000e+00   0.000000e+00   1.567751e+02   3.122975e-08   1.405652e-02
7.750000e+01   8.272131e+00   0.000000e+00   0.000000e+00   1.563785e+02   3.064428e-08   1.375811e-02
7.760000e+01   6.234332e+00   0.000000e+00   0.000000e+00   1.560154e+02   3.006024e-08   1.346456e-02
7.770000e+01   3.894184e+00   0.000000e+00   0.000000e+00   1.556829e+02   2.947848e-08   1.317584e-02
7.780000e+01   1.451561e+00   0.000000e+00   0.000000e+00   1.553777e+02   2.889984e-08   1.289189e-02
7.790000e+01   -8.955660e-01   0.000000e+00   0.000000e+00   1.550968e+02   2.832510e-08   1.261266e-02
7.800000e+01   -2.949229e+00   0.000000e+00   0.000000e+00   1.548372e+02   2.775500e-08   1.233812e-02
7.810000e+01   -4.627505e+00   0.000000e+00   0.000000e+00   1.545957e+02   2.719024e-08   1.206821e-02
7.820000e+01   -6.093933e+00   0.000000e+00   0.000000e+00   1.543693e+02   2.663147e-08   1.180289e-02
7.830000e+01   -7.418140e+00   0.000000e+00   0.000000e+00   1.541549e+02   2.607930e-08   1.154212e-02
7.840000e+01   -8.666330e+00   0.000000e+00   0.000000e+00   1.539494e+02   2.553429e-08   1.128585e-02
7.850000e+01   -9.904708e+00   0.000000e+00   0.000000e+00   1.537497e+02   2.499696e-08   1.103402e-02
7.860000e+01   -1.131014e+01   0.000000e+00   0.000000e+00   1.535528e+02   2.446780e-08   1.078661e-02
7.870000e+01   -1.305404e+01   0.000000e+00   0.000000e+00   1.533555e+02   2.394723e-08   1.054355e-02
7.880000e+01   -1.498323e+01   0.000000e+00   0.000000e+00   1.531548e+02   2.343565e-08   1.030481e-02
7.890000e+01   -1.693611e+01   0.000000e+00   0.000000e+00   1.529476e+02   2.293343e-08   1.007034e-02
7.900000e+01   -1.875107e+01   0.000000e+00   0.000000e+00   1.527309e+02   2.244088e-08   9.840089e-03
7.910000e+01   -2.046906e+01   0.000000e+00   0.000000e+00   1.525015e+02   2.195829e-08   9.614018e-03
7.920000e+01   -2.236343e+01   0.000000e+00   0.000000e+00   1.522563e+02   2.148592e-08   9.392078e-03
7.930000e+01   -2.422851e+01   0.000000e+00   0.000000e+00   1.519924e+02   2.102399e-08   9.174223e-03
7.940000e+01   -2.584048e+01   0.000000e+00   0.000000e+00   1.517066e+02   2.057268e-08   8.960409e-03
7.950000e+01   -2.699817e+01   0.000000e+00   0.000000e+00   1.513984e+02   2.013187e-08   8.750600e-03
7.960000e+01   -2.763055e+01   0.000000e+00   0.000000e+00   1.510692e+02   1.970117e-08   8.544771e-03
7.970000e+01   -2.796180e+01   0.000000e+00   0.000000e+00   1.507204e+02   1.928024e-08   8.342896e-03
7.980000e+01   -2.806435e+01   0.000000e+00   0.000000e+00   1.503535e+02   1.886872e-08   8.144951e-03
7.990000e+01   -2.799899e+01   0.000000e+00   0.000000e+00   1.499700e+02   1.846631e-08   7.950909e-03
8.000000e+01   -2.782650e+01   0.000000e+00   0.000000e+00   1.495713e+02   1.807269e-08   7.760746e-03
8.010000e+01   -2.766985e+01   0.000000e+00   0.000000e+00   1.491590e+02   1.768759e-08   7.574437e-03
8.020000e+01   -2.765432e+01   0.000000e+00   0.000000e+00   1.487344e+02   1.731073e-08   7.391956e-03
8.030000e+01   -2.761550e+01   0.000000e+00   0.000000e+00   1.482992e+02   1.694188e-08   7.213278e-03
8.040000e+01   -2.737395e+01   0.000000e+00   0.000000e+00   1.478547e+02   1.658079e-08   7.038377e-03
8.050000e+01   -2.675024e+01   0.000000e+00   0.000000e+00   1.474024e+02   1.622724e-08   6.867229e-03
8.060000e+01   -2.563184e+01   0.000000e+00   0.000000e+00   1.469437e+02   1.588104e-08   6.699809e-03
8.070000e+01   -2.425236e+01   0.000000e+00   0.000000e+00   1.464803e+02   1.554198e-08   6.536090e-03
8.080000e+01   -2.285412e+01   0.000000e+00   0.000000e+00   1.460139e+02   1.520983e-08   6.376041e-03
8.090000e+01   -2.164443e+01   0.000000e+00   0.000000e+00   1.455477e+02   1.488420e-08   6.219612e-03
8.100000e+01   -2.082614e+01   0.000000e+00   0.000000e+00   1.450848e+02   1.456471e-08   6.066750e-03
8.110000e+01   -2.054074e+01   0.000000e+00   0.000000e+00   1.446286e+02   1.425097e-08   5.917401e-03
8.120000e+01   -2.062027e+01   0.000000e+00   0.000000e+00   1.441822e+02   1.394266e-08   5.771511e-03
8.130000e+01   -2.092437e+01   0.000000e+00   0.000000e+00   1.437490e+02   1.363943e-08   5.629029e-03
8.140000e+01   -2.132584e+01   0.000000e+00   0.000000e+00   1.433321e+02   1.334100e-08   5.489899e-03
8.150000e+01   -2.169751e+01   0.000000e+00   0.000000e+00   1.429349e+02   1.304708e-08   5.354070e-03
8.160000e+01   -2.181628e+01   0.000000e+00   0.000000e+00   1.425605e+02   1.275741e-08   5.221488e-03
8.170000e+01   -2.131153e+01   0.000000e+00   0.000000e+00   1.422123e+02   1.247174e-08   5.092098e-03
8.180000e+01   -2.035732e+01   0.000000e+00   0.000000e+00   1.418935e+02   1.218986e-08   4.965849e-03
8.190000e+01   -1.917977e+01   0.000000e+00   0.000000e+00   1.416073e+02   1.191155e-08   4.842687e-03
8.200000e+01   -1.800500e+01   0.000000e+00   0.000000e+00   1.413570e+02   1.163664e-08   4.722559e-03
8.210000e+01   -1.687594e+01   0.000000e+00   0.000000e+00   1.411459e+02   1.136495e-08   4.605410e-03
8.220000e+01   -1.524742e+01   0.000000e+00   0.000000e+00   1.409771e+02   1.109635e-08   4.491189e-03
8.230000e+01   -1.342649e+01   0.000000e+00   0.000000e+00   1.408540e+02   1.083070e-08   4.379841e-03
8.240000e+01   -1.183342e+01   0.000000e+00   0.000000e+00   1.407798e+02   1.056790e-08   4.271313e-03
8.250000e+01   -1.088846e+01   0.000000e+00   0.000000e+00   1.407578e+02   1.030784e-08   4.165553e-03
8.260000e+01   -1.082935e+01   0.000000e+00   0.000000e+00   1.407911e+02   1.005047e-08   4.062506e-03
8.270000e+01   -1.095736e+01   0.000000e+00   0.000000e+00   1.408831e+02   9.795717e-09   3.962119e-03
8.280000e+01   -1.116644e+01   0.000000e+00   0.000000e+00   1.410354e+02   9.543660e-09   3.864341e-03
8.290000e+01   -1.147964e+01   0.000000e+00   0.000000e+00   1.412456e+02   9.294644e-09   3.769120e-03
8.300000e+01   -1.192061e+01   0.000000e+00   0.000000e+00   1.415107e+02   9.049029e-09   3.676407e-03
8.310000e+01   -1.251728e+01   0.000000e+00   0.000000e+00   1.418277e+02   8.807144e-09   3.586151e-03
8.320000e+01   -1.329159e+01   0.000000e+00   0.000000e+00   1.421937e+02   8.569286e-09   3.498303e-03
8.330000e+01   -1.420154e+01   0.000000e+00   0.000000e+00   1.426057e+02   8.335720e-09   3.412813e-03
8.340000e+01   -1.519780e+01   0.000000e+00   0.000000e+00   1.430607e+02   8.106684e-09   3.329630e-03
8.350000e+01   -1.623106e+01   0.000000e+00   0.000000e+00   1.435557e+02   7.882381e-09   3.248705e-03
8.360000e+01   -1.730999e+01   0.000000e+00   0.000000e+00   1.440877e+02   7.662987e-09   3.169987e-03
8.370000e+01   -1.873361e+01   0.000000e+00   0.000000e+00   1.446538e+02   7.448650e-09   3.093427e-03
8.380000e+01   -2.039434e+01   0.000000e+00   0.000000e+00   1.452510e+02   7.239491e-09   3.018974e-03
8.390000e+01   -2.210224e+01   0.000000e+00   0.000000e+00   1.458762e+02   7.035604e-09   2.946579e-03
8.400000e+01   -2.366735e+01   0.000000e+00   0.000000e+00   1.465265e+02   6.837058e-09   2.876191e-03
8.410000e+01   -2.492790e+01   0.000000e+00   0.000000e+00   1.471989e+02   6.643901e-09   2.807761e-03
8.420000e+01   -2.599506e+01   0.000000e+00   0.000000e+00   1.478905e+02   6.456158e-09   2.741239e-03
8.430000e+01   -2.694066e+01   0.000000e+00   0.000000e+00   1.485982e+02   6.273836e-09   2.676573e-03
8.440000e+01   -2.780039e+01   0.000000e+00   0.000000e+00   1.493191e+02   6.096921e-09   2.613716e-03
8.450000e+01   -2.860995e+01   0.000000e+00   0.000000e+00   1.500502e+02   5.925383e-09   2.552615e-03
8.460000e+01   -2.942834e+01   0.000000e+00   0.000000e+00   1.507885e+02   5.759178e-09   2.493223e-03
8.470000e+01   -3.041804e+01   0.000000e+00   0.000000e+00   1.515310e+02   5.598247e-09   2.435487e-03
8.480000e+01   -3.141161e+01   0.000000e+00   0.000000e+00   1.522747e+02   5.442517e-09   2.379359e-03
8.490000e+01   -3.217683e+01   0.000000e+00   0.000000e+00   1.530179e+02   5.291878e-09   2.324794e-03
8.500000e+01   -3.248589e+01   0.000000e+00   0.000000e+00   1.537598e+02   5.146189e-09   2.271751e-03
8.510000e+01   -3.214556e+01   0.000000e+00   0.000000e+00   1.544997e+02   5.005306e-09   2.220193e-03
8.520000e+01   -3.139176e+01   0.000000e+00   0.000000e+00   1.552372e+02   4.869086e-09   2.170079e-03
8.530000e+01   -3.036849e+01   0.000000e+00   0.000000e+00   1.559715e+02   4.737388e-09   2.121370e-03
8.540000e+01   -2.913670e+01   0.000000e+00   0.000000e+00   1.567020e+02   4.610071e-09   2.074028e-03
8.550000e+01   -2.775732e+01   0.000000e+00   0.000000e+00   1.574281e+02   4.486996e-09   2.028012e-03
8.560000e+01   -2.621564e+01   0.000000e+00   0.000000e+00   1.581493e+02   4.368025e-09   1.983283e-03
8.570000e+01   -2.376136e+01   0.000000e+00   0.000000e+00   1.588648e+02   4.253021e-09   1.939803e-03
8.580000e+01   -2.069120e+01   0.000000e+00   0.000000e+00   1.595742e+02   4.141849e-09   1.897532e-03
8.590000e+01   -1.764758e+01   0.000000e+00   0.000000e+00   1.602766e+02   4.034375e-09   1.856431e-03
8.600000e+01   -1.527292e+01   0.000000e+00   0.000000e+00   1.609716e+02   3.930468e-09   1.816461e-03
8.610000e+01   -1.416735e+01   0.000000e+00   0.000000e+00   1.616586e+02   3.829997e-09   1.777581e-03
8.620000e+01   -1.405942e+01   0.000000e+00   0.000000e+00   1.623368e+02   3.732833e-09   1.739754e-03
8.630000e+01   -1.455602e+01   0.000000e+00   0.000000e+00   1.630057e+02   3.638850e-09   1.702940e-03
8.640000e+01   -1.542258e+01   0.000000e+00   0.000000e+00   1.636647e+02   3.547923e-09   1.667099e-03
8.650000e+01   -1.642447e+01   0.000000e+00   0.000000e+00   1.643131e+02   3.459927e-09   1.632193e-03
8.660000e+01   -1.735153e+01   0.000000e+00   0.000000e+00   1.649504e+02   3.374741e-09   1.598182e-03
8.670000e+01   -1.847528e+01   0.000000e+00   0.000000e+00   1.655759e+02   3.292246e-09   1.565026e-03
8.680000e+01   -1.984346e+01   0.000000e+00   0.000000e+00   1.661889e+02   3.212323e-09   1.532688e-03
8.690000e+01   -2.132886e+01   0.000000e+00   0.000000e+00   1.667890e+02   3.134855e-09   1.501126e-03
8.700000e+01   -2.280428e+01   0.000000e+00   0.000000e+00   1.673754e+02   3.059728e-09   1.470303e-03
8.710000e+01   -2.415475e+01   0.000000e+00   0.000000e+00   1.679476e+02   2.986829e-09   1.440180e-03
8.720000e+01   -2.556129e+01   0.000000e+00   0.000000e+00   1.685056e+02   2.916068e-09   1.410732e-03
8.730000e+01   -2.702331e+01   0.000000e+00   0.000000e+00   1.690498e+02   2.847368e-09   1.381945e-03
8.740000e+01   -2.840446e+01   0.000000e+00   0.000000e+00   1.695806e+02   2.780659e-09   1.353805e-03
8.750000e+01   -2.956841e+01   0.000000e+00   0.000000e+00   1.700984e+02   2.715869e-09   1.326299e-03
8.760000e+01   -3.038949e+01   0.000000e+00   0.000000e+00   1.706037e+02   2.652932e-09   1.299412e-03
8.770000e+01   -3.109797e+01   0.000000e+00   0.000000e+00   1.710968e+02   2.591783e-09   1.273131e-03
8.780000e+01   -3.178156e+01   0.000000e+00   0.000000e+00   1.715783e+02   2.532359e-09   1.247441e-03
8.790000e+01   -3.236349e+01   0.000000e+00   0.000000e+00   1.720485e+02   2.474598e-09   1.222328e-03
8.800000e+01   -3.276699e+01   0.000000e+00   0.000000e+00   1.725078e+02   2.418443e-09   1.197780e-03
8.810000e+01   -3.289745e+01   0.000000e+00   0.000000e+00   1.729567e+02   2.363836e-09   1.173781e-03
8.820000e+01   -3.201844e+01   0.000000e+00   0.000000e+00   1.733955e+02   2.310722e-09   1.150318e-03
8.830000e+01   -3.023752e+01   0.000000e+00   0.000000e+00   1.738248e+02   2.259046e-09   1.127377e-03
8.840000e+01   -2.819126e+01   0.000000e+00   0.000000e+00   1.742449e+02   2.208756e-09   1.104944e-03
8.850000e+01   -2.651619e+01   0.000000e+00   0.000000e+00   1.746563e+02   2.159802e-09   1.083005e-03
8.860000e+01   -2.583677e+01   0.000000e+00   0.000000e+00   1.750594e+02   2.112133e-09   1.061546e-03
8.870000e+01   -2.579542e+01   0.000000e+00   0.000000e+00   1.754545e+02   2.065702e-09   1.040554e-03
8.880000e+01   -2.588701e+01   0.000000e+00   0.000000e+00   1.758422e+02   2.020461e-09   1.020014e-03
8.890000e+01   -2.602896e+01   0.000000e+00   0.000000e+00   1.762228e+02   1.976365e-09   9.999120e-04
8.900000e+01   -2.613871e+01   0.000000e+00   0.000000e+00   1.765968e+02   1.933369e-09   9.802347e-04
8.910000e+01   -2.612775e+01   0.000000e+00   0.000000e+00   1.769646e+02   1.891429e-09   9.609680e-04
8.920000e+01   -2.530771e+01   0.000000e+00   0.000000e+00   1.773266e+02   1.850503e-09   9.420979e-04
8.930000e+01   -2.352142e+01   0.000000e+00   0.000000e+00   1.776833e+02   1.810548e-09   9.236106e-04
8.940000e+01   -2.115598e+01   0.000000e+00   0.000000e+00   1.780350e+02   1.771523e-09   9.054920e-04
8.950000e+01   -1.859851e+01   0.000000e+00   0.000000e+00   1.783822e+02   1.733390e-09   8.877283e-04
8.960000e+01   -1.623246e+01   0.000000e+00   0.000000e+00   1.787252e+02   1.696110e-09   8.703064e-04
8.970000e+01   -1.351720e+01   0.000000e+00   0.000000e+00   1.790645e+02   1.659658e-09   8.532191e-04
8.980000e+01   -1.029433e+01   0.000000e+00   0.000000e+00   1.794001e+02   1.624018e-09   8.364616e-04
8.990000e+01   -7.196443e+00   0.000000e+00   0.000000e+00   1.797324e+02   1.589171e-09   8.200292e-04
9.000000e+01   -4.856154e+00   0.000000e+00   0.000000e+00   1.800615e+02   1.555099e-09   8.039171e-04
9.010000e+01   -3.905098e+00   0.000000e+00   0.000000e+00   1.803877e+02   1.521785e-09   7.881206e-04
9.020000e+01   -3.920675e+00   0.000000e+00   0.000000e+00   1.807112e+02   1.489213e-09   7.726350e-04
9.030000e+01   -4.104463e+00   0.000000e+00   0.000000e+00   1.810322e+02   1.457367e-09   7.574555e-04
9.040000e+01   -4.355529e+00   0.000000e+00   0.000000e+00   1.813510e+02   1.426229e-09   7.425774e-04
9.050000e+01   -4.572942e+00   0.000000e+00   0.000000e+00   1.816678e+02   1.395785e-09   7.279959e-04
9.060000e+01   -4.655768e+00   0.000000e+00   0.000000e+00   1.819829e+02   1.366019e-09   7.137062e-04
9.070000e+01   -4.279117e+00   0.000000e+00   0.000000e+00   1.822963e+02   1.336915e-09   6.997037e-04
9.080000e+01   -3.376721e+00   0.000000e+00   0.000000e+00   1.826085e+02   1.308460e-09   6.859836e-04
9.090000e+01   -2.235580e+00   0.000000e+00   0.000000e+00   1.829195e+02   1.280638e-09   6.725412e-04
9.100000e+01   -1.142696e+00   0.000000e+00   0.000000e+00   1.832297e+02   1.253436e-09   6.593716e-04
9.110000e+01   -3.850700e-01   0.000000e+00   0.000000e+00   1.835393e+02   1.226838e-09   6.464702e-04
9.120000e+01   7.523532e-02   0.000000e+00   0.000000e+00   1.838484e+02   1.200832e-09   6.338323e-04
9.130000e+01   4.769033e-01   0.000000e+00   0.000000e+00   1.841573e+02   1.175403e-09   6.214530e-04
9.140000e+01   7.745624e-01   0.000000e+00   0.000000e+00   1.844663e+02   1.150539e-09   6.093277e-04
9.150000e+01   9.224989e-01   0.000000e+00   0.000000e+00   1.847756e+02   1.126226e-09   5.974515e-04
9.160000e+01   8.749996e-01   0.000000e+00   0.000000e+00   1.850854e+02   1.102452e-09   5.858198e-04
9.170000e+01   6.897461e-01   0.000000e+00   0.000000e+00   1.853959e+02   1.079203e-09   5.744278e-04
9.180000e+01   4.653419e-01   0.000000e+00   0.000000e+00   1.857074e+02   1.056467e-09   5.632707e-04
9.190000e+01   1.740101e-01   0.000000e+00   0.000000e+00   1.860200e+02   1.034231e-09   5.523439e-04
9.200000e+01   -2.125409e-01   0.000000e+00   0.000000e+00   1.863341e+02   1.012484e-09   5.416426e-04
9.210000e+01   -7.225841e-01   0.000000e+00   0.000000e+00   1.866498e+02   9.912133e-10   5.311620e-04
9.220000e+01   -2.028991e+00   0.000000e+00   0.000000e+00   1.869674e+02   9.704080e-10   5.208981e-04
9.230000e+01   -4.630064e+00   0.000000e+00   0.000000e+00   1.872875e+02   9.500579e-10   5.108474e-04
9.240000e+01   -7.783347e+00   0.000000e+00   0.000000e+00   1.876102e+02   9.301531e-10   5.010064e-04
9.250000e+01   -1.073712e+01   0.000000e+00   0.000000e+00   1.879361e+02   9.106839e-10   4.913718e-04
9.260000e+01   -1.273967e+01   0.000000e+00   0.000000e+00   1.882655e+02   8.916408e-10   4.819401e-04
9.270000e+01   -1.377969e+01   0.000000e+00   0.000000e+00   1.885988e+02   8.730144e-10   4.727078e-04
9.280000e+01   -1.474781e+01   0.000000e+00   0.000000e+00   1.889365e+02   8.547956e-10   4.636716e-04
9.290000e+01   -1.564596e+01   0.000000e+00   0.000000e+00   1.892788e+02   8.369754e-10   4.548279e-04
9.300000e+01   -1.646075e+01   0.000000e+00   0.000000e+00   1.896262e+02   8.195449e-10   4.461733e-04
9.310000e+01   -1.717875e+01   0.000000e+00   0.000000e+00   1.899792e+02   8.024954e-10   4.377043e-04
9.320000e+01   -1.759655e+01   0.000000e+00   0.000000e+00   1.903379e+02   7.858183e-10   4.294176e-04
9.330000e+01   -1.746058e+01   0.000000e+00   0.000000e+00   1.907030e+02   7.695053e-10   4.213097e-04
9.340000e+01   -1.694430e+01   0.000000e+00   0.000000e+00   1.910747e+02   7.535479e-10   4.133772e-04
9.350000e+01   -1.622967e+01   0.000000e+00   0.000000e+00   1.914535e+02   7.379381e-10   4.056165e-04
9.360000e+01   -1.549865e+01   0.000000e+00   0.000000e+00   1.918397e+02   7.226678e-10   3.980243e-04
9.370000e+01   -1.463119e+01   0.000000e+00   0.000000e+00   1.922338e+02   7.077289e-10   3.905971e-04
9.380000e+01   -1.328696e+01   0.000000e+00   0.000000e+00   1.926361e+02   6.931138e-10   3.833315e-04
9.390000e+01   -1.181407e+01   0.000000e+00   0.000000e+00   1.930470e+02   6.788145e-10   3.762240e-04
9.400000e+01   -1.058078e+01   0.000000e+00   0.000000e+00   1.934669e+02   6.648236e-10   3.692712e-04
9.410000e+01   -9.955337e+00   0.000000e+00   0.000000e+00   1.938962e+02   6.511333e-10   3.624696e-04
9.420000e+01   -1.001061e+01   0.000000e+00   0.000000e+00   1.943353e+02   6.377363e-10   3.558158e-04
9.430000e+01   -1.021644e+01   0.000000e+00   0.000000e+00   1.947847e+02   6.246252e-10   3.493064e-04
9.440000e+01   -1.050211e+01   0.000000e+00   0.000000e+00   1.952446e+02   6.117927e-10   3.429380e-04
9.450000e+01   -1.082051e+01   0.000000e+00   0.000000e+00   1.957154e+02   5.992315e-10   3.367069e-04
9.460000e+01   -1.112453e+01   0.000000e+00   0.000000e+00   1.961977e+02   5.869346e-10   3.306100e-04
9.470000e+01   -1.136688e+01   0.000000e+00   0.000000e+00   1.966917e+02   5.748949e-10   3.246436e-04
9.480000e+01   -1.155380e+01   0.000000e+00   0.000000e+00   1.971976e+02   5.631067e-10   3.188046e-04
9.490000e+01   -1.174450e+01   0.000000e+00   0.000000e+00   1.977149e+02   5.515673e-10   3.130908e-04
9.500000e+01   -1.199951e+01   0.000000e+00   0.000000e+00   1.982431e+02   5.402746e-10   3.074999e-04
9.510000e+01   -1.237938e+01   0.000000e+00   0.000000e+00   1.987816e+02   5.292262e-10   3.020298e-04
9.520000e+01   -1.298661e+01   0.000000e+00   0.000000e+00   1.993298e+02   5.184195e-10   2.966784e-04
9.530000e+01   -1.390730e+01   0.000000e+00   0.000000e+00   1.998870e+02   5.078519e-10   2.914433e-04
9.540000e+01   -1.501349e+01   0.000000e+00   0.000000e+00   2.004528e+02   4.975204e-10   2.863225e-04
9.550000e+01   -1.616649e+01   0.000000e+00   0.000000e+00   2.010266e+02   4.874221e-10   2.813138e-04
9.560000e+01   -1.722763e+01   0.000000e+00   0.000000e+00   2.016076e+02   4.775536e-10   2.764149e-04
9.570000e+01   -1.810618e+01   0.000000e+00   0.000000e+00   2.021955e+02   4.679118e-10   2.716238e-04
9.580000e+01   -1.890111e+01   0.000000e+00   0.000000e+00   2.027895e+02   4.584931e-10   2.669382e-04
9.590000e+01   -1.965916e+01   0.000000e+00   0.000000e+00   2.033892e+02   4.492941e-10   2.623560e-04
9.600000e+01   -2.041833e+01   0.000000e+00   0.000000e+00   2.039938e+02   4.403112e-10   2.578749e-04
9.610000e+01   -2.121663e+01   0.000000e+00   0.000000e+00   2.046029e+02   4.315405e-10   2.534929e-04
9.620000e+01   -2.207930e+01   0.000000e+00   0.000000e+00   2.052159e+02   4.229783e-10   2.492076e-04
9.630000e+01   -2.298790e+01   0.000000e+00   0.000000e+00   2.058321e+02   4.146206e-10   2.450171e-04
9.640000e+01   -2.395464e+01   0.000000e+00   0.000000e+00   2.064510e+02   4.064636e-10   2.409190e-04
9.650000e+01   -2.499551e+01   0.000000e+00   0.000000e+00   2.070720e+02   3.985032e-10   2.369112e-04
9.660000e+01   -2.612648e+01   0.000000e+00   0.000000e+00   2.076945e+02   3.907354e-10   2.329915e-04
9.670000e+01   -2.739911e+01   0.000000e+00   0.000000e+00   2.083179e+02   3.831559e-10   2.291578e-04
9.680000e+01   -2.893940e+01   0.000000e+00   0.000000e+00   2.089417e+02   3.757607e-10   2.254078e-04
9.690000e+01   -3.069664e+01   0.000000e+00   0.000000e+00   2.095653e+02   3.685455e-10   2.217394e-04
9.700000e+01   -3.260204e+01   0.000000e+00   0.000000e+00   2.101881e+02   3.615061e-10   2.181504e-04
9.710000e+01   -3.458682e+01   0.000000e+00   0.000000e+00   2.108094e+02   3.546383e-10   2.146387e-04
9.720000e+01   -3.664480e+01   0.000000e+00   0.000000e+00   2.114288e+02   3.479377e-10   2.112020e-04
9.730000e+01   -3.896866e+01   0.000000e+00   0.000000e+00   2.120456e+02   3.414002e-10   2.078381e-04
9.740000e+01   -4.145669e+01   0.000000e+00   0.000000e+00   2.126592e+02   3.350213e-10   2.045450e-04
9.750000e+01   -4.396830e+01   0.000000e+00   0.000000e+00   2.132691e+02   3.287968e-10   2.013204e-04
9.760000e+01   -4.636291e+01   0.000000e+00   0.000000e+00   2.138747e+02   3.227223e-10   1.981622e-04
9.770000e+01   -4.862507e+01   0.000000e+00   0.000000e+00   2.144754e+02   3.167936e-10   1.950682e-04
9.780000e+01   -5.116939e+01   0.000000e+00   0.000000e+00   2.150715e+02   3.110065e-10   1.920369e-04
9.790000e+01   -5.369620e+01   0.000000e+00   0.000000e+00   2.156633e+02   3.053570e-10   1.890674e-04
9.800000e+01   -5.580047e+01   0.000000e+00   0.000000e+00   2.162514e+02   2.998411e-10   1.861583e-04
9.810000e+01   -5.707718e+01   0.000000e+00   0.000000e+00   2.168362e+02   2.944550e-10   1.833087e-04
9.820000e+01   -5.719816e+01   0.000000e+00   0.000000e+00   2.174182e+02   2.891950e-10   1.805174e-04
9.830000e+01   -5.650594e+01   0.000000e+00   0.000000e+00   2.179978e+02   2.840574e-10   1.777832e-04
9.840000e+01   -5.540398e+01   0.000000e+00   0.000000e+00   2.185756e+02   2.790388e-10   1.751051e-04
9.850000e+01   -5.425066e+01   0.000000e+00   0.000000e+00   2.191520e+02   2.741358e-10   1.724819e-04
9.860000e+01   -5.340436e+01   0.000000e+00   0.000000e+00   2.197274e+02   2.693448e-10   1.699125e-04
9.870000e+01   -5.312546e+01   0.000000e+00   0.000000e+00   2.203024e+02   2.646628e-10   1.673957e-04
9.880000e+01   -5.297153e+01   0.000000e+00   0.000000e+00   2.208774e+02   2.600864e-10   1.649306e-04
9.890000e+01   -5.283632e+01   0.000000e+00   0.000000e+00   2.214528e+02   2.556125e-10   1.625158e-04
9.900000e+01   -5.272485e+01   0.000000e+00   0.000000e+00   2.220292e+02   2.512381e-10   1.601504e-04
9.910000e+01   -5.264213e+01   0.000000e+00   0.000000e+00   2.226071e+02   2.469601e-10   1.578331e-04
9.920000e+01   -5.267211e+01   0.000000e+00   0.000000e+00   2.231868e+02   2.427757e-10   1.555629e-04
9.930000e+01   -5.335519e+01   0.000000e+00   0.000000e+00   2.237689e+02   2.386820e-10   1.533387e-04
9.940000e+01   -5.457851e+01   0.000000e+00   0.000000e+00   2.243538e+02   2.346762e-10   1.511592e-04
9.950000e+01   -5.607994e+01   0.000000e+00   0.000000e+00   2.249420e+02   2.307554e-10   1.490235e-04
9.960000e+01   -5.759734e+01   0.000000e+00   0.000000e+00   2.255340e+02   2.269170e-10   1.469303e-04
9.970000e+01   -5.892112e+01   0.000000e+00   0.000000e+00   2.261302e+02   2.231584e-10   1.448786e-04
9.980000e+01   -6.032442e+01   0.000000e+00   0.000000e+00   2.267312e+02   2.194770e-10   1.428672e-04
9.990000e+01   -6.180507e+01   0.000000e+00   0.000000e+00   2.273374e+02   2.158701e-10   1.408951e-04
1.000000e+02   -6.325169e+01   0.000000e+00   0.000000e+00   2.279492e+02   2.123354e-10   1.389609e-04
1.001000e+02   -6.455295e+01   0.000000e+00   0.000000e+00   2.285671e+02   2.088703e-10   1.370638e-04
1.002000e+02   -6.560294e+01   0.000000e+00   0.000000e+00   2.291916e+02   2.054725e-10   1.352025e-04
1.003000e+02   -6.641966e+01   0.000000e+00   0.000000e+00   2.298232e+02   2.021395e-10   1.333759e-04
1.004000e+02   -6.711777e+01   0.000000e+00   0.000000e+00   2.304623e+02   1.988690e-10   1.315829e-04
1.005000e+02   -6.781072e+01   0.000000e+00   0.000000e+00   2.311095e+02   1.956588e-10   1.298223e-04
1.006000e+02   -6.861193e+01   0.000000e+00   0.000000e+00   2.317651e+02   1.925065e-10   1.280931e-04
1.007000e+02   -6.964772e+01   0.000000e+00   0.000000e+00   2.324297e+02   1.894101e-10   1.263942e-04
1.008000e+02   -7.110074e+01   0.000000e+00   0.000000e+00   2.331037e+02   1.863672e-10   1.247243e-04
1.009000e+02   -7.282820e+01   0.000000e+00   0.000000e+00   2.337876e+02   1.833759e-10   1.230824e-04
1.010000e+02   -7.461109e+01   0.000000e+00   0.000000e+00   2.344818e+02   1.804339e-10   1.214674e-04
1.011000e+02   -7.623041e+01   0.000000e+00   0.000000e+00   2.351869e+02   1.775391e-10   1.198780e-04
1.012000e+02   -7.749931e+01   0.000000e+00   0.000000e+00   2.359033e+02   1.746899e-10   1.183134e-04
1.013000e+02   -7.872488e+01   0.000000e+00   0.000000e+00   2.366309e+02   1.718854e-10   1.167731e-04
1.014000e+02   -7.991667e+01   0.000000e+00   0.000000e+00   2.373698e+02   1.691251e-10   1.152566e-04
1.015000e+02   -8.091279e+01   0.000000e+00   0.000000e+00   2.381200e+02   1.664086e-10   1.137638e-04
1.016000e+02   -8.155136e+01   0.000000e+00   0.000000e+00   2.388813e+02   1.637356e-10   1.122943e-04
1.017000e+02   -8.166274e+01   0.000000e+00   0.000000e+00   2.396538e+02   1.611055e-10   1.108478e-04
1.018000e+02   -8.104808e+01   0.000000e+00   0.000000e+00   2.404375e+02   1.585180e-10   1.094241e-04
1.019000e+02   -7.987716e+01   0.000000e+00   0.000000e+00   2.412321e+02   1.559725e-10   1.080228e-04
1.020000e+02   -7.841680e+01   0.000000e+00   0.000000e+00   2.420379e+02   1.534685e-10   1.066436e-04
1.021000e+02   -7.693384e+01   0.000000e+00   0.000000e+00   2.428546e+02   1.510056e-10   1.052863e-04
1.022000e+02   -7.568269e+01   0.000000e+00   0.000000e+00   2.436822e+02   1.485834e-10   1.039505e-04
1.023000e+02   -7.455109e+01   0.000000e+00   0.000000e+00   2.445208e+02   1.462012e-10   1.026359e-04
1.024000e+02   -7.342249e+01   0.000000e+00   0.000000e+00   2.453703e+02   1.438587e-10   1.013422e-04
1.025000e+02   -7.228698e+01   0.000000e+00   0.000000e+00   2.462305e+02   1.415553e-10   1.000692e-04
1.026000e+02   -7.113465e+01   0.000000e+00   0.000000e+00   2.471016e+02   1.392906e-10   9.881653e-05
1.027000e+02   -6.995459e+01   0.000000e+00   0.000000e+00   2.479834e+02   1.370639e-10   9.758388e-05
1.028000e+02   -6.871599e+01   0.000000e+00   0.000000e+00   2.488759e+02   1.348748e-10   9.637096e-05
1.029000e+02   -6.743705e+01   0.000000e+00   0.000000e+00   2.497791e+02   1.327229e-10   9.517748e-05
1.030000e+02   -6.615713e+01   0.000000e+00   0.000000e+00   2.506929e+02   1.306074e-10   9.400314e-05
1.031000e+02   -6.491558e+01   0.000000e+00   0.000000e+00   2.516173e+02   1.285281e-10   9.284762e-05
1.032000e+02   -6.374768e+01   0.000000e+00   0.000000e+00   2.525523e+02   1.264842e-10   9.171065e-05
1.033000e+02   -6.252711e+01   0.000000e+00   0.000000e+00   2.534977e+02   1.244753e-10   9.059191e-05
1.034000e+02   -6.127203e+01   0.000000e+00   0.000000e+00   2.544536e+02   1.225008e-10   8.949111e-05
1.035000e+02   -6.011234e+01   0.000000e+00   0.000000e+00   2.554199e+02   1.205603e-10   8.840795e-05
1.036000e+02   -5.917790e+01   0.000000e+00   0.000000e+00   2.563967e+02   1.186531e-10   8.734213e-05
1.037000e+02   -5.859451e+01   0.000000e+00   0.000000e+00   2.573837e+02   1.167788e-10   8.629335e-05
1.038000e+02   -5.818469e+01   0.000000e+00   0.000000e+00   2.583811e+02   1.149367e-10   8.526130e-05
1.039000e+02   -5.780399e+01   0.000000e+00   0.000000e+00   2.593887e+02   1.131265e-10   8.424570e-05
1.040000e+02   -5.746567e+01   0.000000e+00   0.000000e+00   2.604066e+02   1.113475e-10   8.324623e-05
1.041000e+02   -5.718298e+01   0.000000e+00   0.000000e+00   2.614346e+02   1.095991e-10   8.226261e-05
1.042000e+02   -5.697754e+01   0.000000e+00   0.000000e+00   2.624728e+02   1.078809e-10   8.129453e-05
1.043000e+02   -5.772747e+01   0.000000e+00   0.000000e+00   2.635210e+02   1.061924e-10   8.034169e-05
1.044000e+02   -5.959209e+01   0.000000e+00   0.000000e+00   2.645794e+02   1.045329e-10   7.940380e-05
1.045000e+02   -6.196863e+01   0.000000e+00   0.000000e+00   2.656477e+02   1.029019e-10   7.848055e-05
1.046000e+02   -6.425431e+01   0.000000e+00   0.000000e+00   2.667260e+02   1.012990e-10   7.757164e-05
1.047000e+02   -6.584952e+01   0.000000e+00   0.000000e+00   2.678143e+02   9.972354e-11   7.667677e-05
1.048000e+02   -6.703391e+01   0.000000e+00   0.000000e+00   2.689125e+02   9.817502e-11   7.579566e-05
1.049000e+02   -6.818483e+01   0.000000e+00   0.000000e+00   2.700205e+02   9.665291e-11   7.492798e-05
1.050000e+02   -6.911836e+01   0.000000e+00   0.000000e+00   2.711383e+02   9.515669e-11   7.407346e-05
1.051000e+02   -6.965058e+01   0.000000e+00   0.000000e+00   2.722659e+02   9.368582e-11   7.323177e-05
1.052000e+02   -6.959792e+01   0.000000e+00   0.000000e+00   2.734033e+02   9.223979e-11   7.240264e-05
1.053000e+02   -6.914772e+01   0.000000e+00   0.000000e+00   2.745504e+02   9.081812e-11   7.158580e-05
1.054000e+02   -6.858794e+01   0.000000e+00   0.000000e+00   2.757073e+02   8.942041e-11   7.078110e-05
1.055000e+02   -6.794692e+01   0.000000e+00   0.000000e+00   2.768742e+02   8.804631e-11   6.998838e-05
1.056000e+02   -6.725304e+01   0.000000e+00   0.000000e+00   2.780511e+02   8.669542e-11   6.920749e-05
1.057000e+02   -6.653465e+01   0.000000e+00   0.000000e+00   2.792381e+02   8.536739e-11   6.843827e-05
1.058000e+02   -6.578424e+01   0.000000e+00   0.000000e+00   2.804354e+02   8.406185e-11   6.768059e-05
1.059000e+02   -6.497164e+01   0.000000e+00   0.000000e+00   2.816430e+02   8.277844e-11   6.693428e-05
1.060000e+02   -6.409123e+01   0.000000e+00   0.000000e+00   2.828611e+02   8.151680e-11   6.619920e-05
1.061000e+02   -6.313737e+01   0.000000e+00   0.000000e+00   2.840898e+02   8.027658e-11   6.547519e-05
1.062000e+02   -6.210443e+01   0.000000e+00   0.000000e+00   2.853291e+02   7.905741e-11   6.476210e-05
1.063000e+02   -6.075719e+01   0.000000e+00   0.000000e+00   2.865791e+02   7.785896e-11   6.405978e-05
1.064000e+02   -5.902952e+01   0.000000e+00   0.000000e+00   2.878400e+02   7.668087e-11   6.336809e-05
1.065000e+02   -5.722732e+01   0.000000e+00   0.000000e+00   2.891119e+02   7.552281e-11   6.268685e-05
1.066000e+02   -5.565682e+01   0.000000e+00   0.000000e+00   2.903949e+02   7.438443e-11   6.201594e-05
1.067000e+02   -5.462425e+01   0.000000e+00   0.000000e+00   2.916890e+02   7.326539e-11   6.135518e-05
1.068000e+02   -5.421201e+01   0.000000e+00   0.000000e+00   2.929944e+02   7.216537e-11   6.070444e-05
1.069000e+02   -5.412833e+01   0.000000e+00   0.000000e+00   2.943112e+02   7.108403e-11   6.006357e-05
1.070000e+02   -5.418252e+01   0.000000e+00   0.000000e+00   2.956394e+02   7.002104e-11   5.943240e-05
1.071000e+02   -5.418464e+01   0.000000e+00   0.000000e+00   2.969792e+02   6.897609e-11   5.881079e-05
1.072000e+02   -5.394477e+01   0.000000e+00   0.000000e+00   2.983308e+02   6.794884e-11   5.819858e-05
1.073000e+02   -5.347227e+01   0.000000e+00   0.000000e+00   2.996941e+02   6.693898e-11   5.759563e-05
1.074000e+02   -5.297818e+01   0.000000e+00   0.000000e+00   3.010693e+02   6.594619e-11   5.700179e-05
1.075000e+02   -5.245870e+01   0.000000e+00   0.000000e+00   3.024564e+02   6.497017e-11   5.641689e-05
1.076000e+02   -5.190783e+01   0.000000e+00   0.000000e+00   3.038557e+02   6.401060e-11   5.584080e-05
1.077000e+02   -5.131961e+01   0.000000e+00   0.000000e+00   3.052672e+02   6.306717e-11   5.527336e-05
1.078000e+02   -5.037217e+01   0.000000e+00   0.000000e+00   3.066910e+02   6.213959e-11   5.471441e-05
1.079000e+02   -4.871992e+01   0.000000e+00   0.000000e+00   3.081272e+02   6.122755e-11   5.416381e-05
1.080000e+02   -4.665523e+01   0.000000e+00   0.000000e+00   3.095759e+02   6.033075e-11   5.362141e-05
1.081000e+02   -4.447888e+01   0.000000e+00   0.000000e+00   3.110372e+02   5.944891e-11   5.308704e-05
1.082000e+02   -4.249161e+01   0.000000e+00   0.000000e+00   3.125112e+02   5.858172e-11   5.256057e-05
1.083000e+02   -4.079670e+01   0.000000e+00   0.000000e+00   3.139980e+02   5.772891e-11   5.204184e-05
1.084000e+02   -3.915559e+01   0.000000e+00   0.000000e+00   3.154978e+02   5.689019e-11   5.153070e-05
1.085000e+02   -3.754851e+01   0.000000e+00   0.000000e+00   3.170106e+02   5.606527e-11   5.102699e-05
1.086000e+02   -3.596213e+01   0.000000e+00   0.000000e+00   3.185365e+02   5.525387e-11   5.053057e-05
1.087000e+02   -3.438314e+01   0.000000e+00   0.000000e+00   3.200756e+02   5.445573e-11   5.004129e-05
1.088000e+02   -3.282673e+01   0.000000e+00   0.000000e+00   3.216280e+02   5.367056e-11   4.955898e-05
1.089000e+02   -3.132280e+01   0.000000e+00   0.000000e+00   3.231939e+02   5.289810e-11   4.908351e-05
1.090000e+02   -2.983114e+01   0.000000e+00   0.000000e+00   3.247733e+02   5.213808e-11   4.861472e-05
1.091000e+02   -2.830956e+01   0.000000e+00   0.000000e+00   3.263664e+02   5.139023e-11   4.815245e-05
1.092000e+02   -2.671587e+01   0.000000e+00   0.000000e+00   3.279732e+02   5.065431e-11   4.769656e-05
1.093000e+02   -2.484891e+01   0.000000e+00   0.000000e+00   3.295938e+02   4.993003e-11   4.724690e-05
1.094000e+02   -2.253923e+01   0.000000e+00   0.000000e+00   3.312284e+02   4.921716e-11   4.680331e-05
1.095000e+02   -2.018719e+01   0.000000e+00   0.000000e+00   3.328771e+02   4.851544e-11   4.636564e-05
1.096000e+02   -1.821203e+01   0.000000e+00   0.000000e+00   3.345398e+02   4.782462e-11   4.593374e-05
1.097000e+02   -1.703301e+01   0.000000e+00   0.000000e+00   3.362169e+02   4.714446e-11   4.550746e-05
1.098000e+02   -1.672447e+01   0.000000e+00   0.000000e+00   3.379083e+02   4.647471e-11   4.508664e-05
1.099000e+02   -1.659418e+01   0.000000e+00   0.000000e+00   3.396142e+02   4.581513e-11   4.467115e-05
1.100000e+02   -1.658301e+01   0.000000e+00   0.000000e+00   3.413346e+02   4.516549e-11   4.426082e-05
1.101000e+02   -1.667224e+01   0.000000e+00   0.000000e+00   3.430697e+02   4.452556e-11   4.385550e-05
1.102000e+02   -1.684231e+01   0.000000e+00   0.000000e+00   3.448191e+02   4.389519e-11   4.345509e-05
1.103000e+02   -1.716417e+01   0.000000e+00   0.000000e+00   3.465823e+02   4.327436e-11   4.305954e-05
1.104000e+02   -1.784890e+01   0.000000e+00   0.000000e+00   3.483584e+02   4.266304e-11   4.266879e-05
1.105000e+02   -1.882443e+01   0.000000e+00   0.000000e+00   3.501467e+02   4.206117e-11   4.228280e-05
1.106000e+02   -2.000084e+01   0.000000e+00   0.000000e+00   3.519466e+02   4.146872e-11   4.190152e-05
1.107000e+02   -2.128824e+01   0.000000e+00   0.000000e+00   3.537574e+02   4.088562e-11   4.152489e-05
1.108000e+02   -2.272869e+01   0.000000e+00   0.000000e+00   3.555783e+02   4.031182e-11   4.115286e-05
1.109000e+02   -2.459585e+01   0.000000e+00   0.000000e+00   3.574086e+02   3.974726e-11   4.078538e-05
1.110000e+02   -2.669419e+01   0.000000e+00   0.000000e+00   3.592476e+02   3.919187e-11   4.042241e-05
1.111000e+02   -2.879255e+01   0.000000e+00   0.000000e+00   3.610946e+02   3.864557e-11   4.006389e-05
1.112000e+02   -3.065977e+01   0.000000e+00   0.000000e+00   3.629489e+02   3.810830e-11   3.970977e-05
1.113000e+02   -3.216555e+01   0.000000e+00   0.000000e+00   3.648097e+02   3.757996e-11   3.935999e-05
1.114000e+02   -3.355067e+01   0.000000e+00   0.000000e+00   3.666764e+02   3.706047e-11   3.901452e-05
1.115000e+02   -3.484598e+01   0.000000e+00   0.000000e+00   3.685483e+02   3.654975e-11   3.867329e-05
1.116000e+02   -3.605371e+01   0.000000e+00   0.000000e+00   3.704246e+02   3.604771e-11   3.833626e-05
1.117000e+02   -3.717614e+01   0.000000e+00   0.000000e+00   3.723046e+02   3.555425e-11   3.800338e-05
1.118000e+02   -3.825501e+01   0.000000e+00   0.000000e+00   3.741876e+02   3.506928e-11   3.767459e-05
1.119000e+02   -3.940023e+01   0.000000e+00   0.000000e+00   3.760729e+02   3.459270e-11   3.734985e-05
1.120000e+02   -4.050675e+01   0.000000e+00   0.000000e+00   3.779598e+02   3.412441e-11   3.702910e-05
1.121000e+02   -4.144856e+01   0.000000e+00   0.000000e+00   3.798476e+02   3.366431e-11   3.671230e-05
1.122000e+02   -4.209963e+01   0.000000e+00   0.000000e+00   3.817356e+02   3.321231e-11   3.639939e-05
1.123000e+02   -4.237202e+01   0.000000e+00   0.000000e+00   3.836230e+02   3.276828e-11   3.609032e-05
1.124000e+02   -4.239004e+01   0.000000e+00   0.000000e+00   3.855092e+02   3.233214e-11   3.578504e-05
1.125000e+02   -4.222389e+01   0.000000e+00   0.000000e+00   3.873934e+02   3.190376e-11   3.548350e-05
1.126000e+02   -4.192717e+01   0.000000e+00   0.000000e+00   3.892749e+02   3.148305e-11   3.518565e-05
1.127000e+02   -4.155344e+01   0.000000e+00   0.000000e+00   3.911531e+02   3.106990e-11   3.489145e-05
1.128000e+02   -4.099339e+01   0.000000e+00   0.000000e+00   3.930271e+02   3.066420e-11   3.460083e-05
1.129000e+02   -3.963758e+01   0.000000e+00   0.000000e+00   3.948963e+02   3.026584e-11   3.431374e-05
1.130000e+02   -3.789375e+01   0.000000e+00   0.000000e+00   3.967600e+02   2.987470e-11   3.403015e-05
1.131000e+02   -3.631242e+01   0.000000e+00   0.000000e+00   3.986175e+02   2.949069e-11   3.374999e-05
1.132000e+02   -3.544407e+01   0.000000e+00   0.000000e+00   4.004680e+02   2.911369e-11   3.347322e-05
1.133000e+02   -3.566876e+01   0.000000e+00   0.000000e+00   4.023109e+02   2.874359e-11   3.319978e-05
1.134000e+02   -3.626599e+01   0.000000e+00   0.000000e+00   4.041453e+02   2.838029e-11   3.292962e-05
1.135000e+02   -3.698119e+01   0.000000e+00   0.000000e+00   4.059708e+02   2.802367e-11   3.266270e-05
1.136000e+02   -3.770264e+01   0.000000e+00   0.000000e+00   4.077864e+02   2.767362e-11   3.239896e-05
1.137000e+02   -3.831863e+01   0.000000e+00   0.000000e+00   4.095915e+02   2.733005e-11   3.213836e-05
1.138000e+02   -3.864503e+01   0.000000e+00   0.000000e+00   4.113854e+02   2.699283e-11   3.188083e-05
1.139000e+02   -3.825417e+01   0.000000e+00   0.000000e+00   4.131674e+02   2.666186e-11   3.162633e-05
1.140000e+02   -3.742323e+01   0.000000e+00   0.000000e+00   4.149367e+02   2.633704e-11   3.137482e-05
1.141000e+02   -3.654801e+01   0.000000e+00   0.000000e+00   4.166927e+02   2.601826e-11   3.112623e-05
1.142000e+02   -3.602432e+01   0.000000e+00   0.000000e+00   4.184347e+02   2.570541e-11   3.088052e-05
1.143000e+02   -3.615754e+01   0.000000e+00   0.000000e+00   4.201618e+02   2.539840e-11   3.063764e-05
1.144000e+02   -3.647972e+01   0.000000e+00   0.000000e+00   4.218735e+02   2.509711e-11   3.039753e-05
1.145000e+02   -3.682975e+01   0.000000e+00   0.000000e+00   4.235690e+02   2.480145e-11   3.016015e-05
1.146000e+02   -3.717845e+01   0.000000e+00   0.000000e+00   4.252476e+02   2.451131e-11   2.992545e-05
1.147000e+02   -3.749663e+01   0.000000e+00   0.000000e+00   4.269085e+02   2.422659e-11   2.969337e-05
1.148000e+02   -3.767320e+01   0.000000e+00   0.000000e+00   4.285512e+02   2.394719e-11   2.946386e-05
1.149000e+02   -3.705712e+01   0.000000e+00   0.000000e+00   4.301748e+02   2.367302e-11   2.923688e-05
1.150000e+02   -3.582594e+01   0.000000e+00   0.000000e+00   4.317786e+02   2.340398e-11   2.901237e-05
1.151000e+02   -3.436646e+01   0.000000e+00   0.000000e+00   4.333620e+02   2.313996e-11   2.879028e-05
1.152000e+02   -3.306546e+01   -0.000000e+00   -0.000000e+00   4.349242e+02   2.288088e-11   2.857056e-05
1.153000e+02   -3.226231e+01   -0.000000e+00   -0.000000e+00   4.364646e+02   2.262664e-11   2.835316e-05
1.154000e+02   -3.169518e+01   -0.000000e+00   -0.000000e+00   4.379823e+02   2.237715e-11   2.813803e-05
1.155000e+02   -3.121489e+01   -0.000000e+00   -0.000000e+00   4.394767e+02   2.213231e-11   2.792512e-05
1.156000e+02   -3.078559e+01   -0.000000e+00   -0.000000e+00   4.409472e+02   2.189204e-11   2.771437e-05
1.157000e+02   -3.037144e+01   -0.000000e+00   -0.000000e+00   4.423928e+02   2.165624e-11   2.750575e-05
1.158000e+02   -2.993972e+01   -0.000000e+00   -0.000000e+00   4.438131e+02   2.142482e-11   2.729919e-05
1.159000e+02   -2.950598e+01   -0.000000e+00   -0.000000e+00   4.452072e+02   2.119771e-11   2.709464e-05
1.160000e+02   -2.908083e+01   -0.000000e+00   -0.000000e+00   4.465744e+02   2.097481e-11   2.689206e-05
1.161000e+02   -2.866512e+01   -0.000000e+00   -0.000000e+00   4.479140e+02   2.075603e-11   2.669140e-05
1.162000e+02   -2.825991e+01   -0.000000e+00   -0.000000e+00   4.492257e+02   2.054129e-11   2.649260e-05
1.163000e+02   -2.785804e+01   -0.000000e+00   -0.000000e+00   4.505098e+02   2.033047e-11   2.629566e-05
1.164000e+02   -2.735496e+01   -0.000000e+00   -0.000000e+00   4.517670e+02   2.012347e-11   2.610055e-05
1.165000e+02   -2.681317e+01   -0.000000e+00   -0.000000e+00   4.529979e+02   1.992017e-11   2.590727e-05
1.166000e+02   -2.635307e+01   -0.000000e+00   -0.000000e+00   4.542030e+02   1.972048e-11   2.571579e-05
1.167000e+02   -2.609505e+01   -0.000000e+00   -0.000000e+00   4.553831e+02   1.952429e-11   2.552611e-05
1.168000e+02   -2.616715e+01   -0.000000e+00   -0.000000e+00   4.565387e+02   1.933151e-11   2.533820e-05
1.169000e+02   -2.674903e+01   -0.000000e+00   -0.000000e+00   4.576704e+02   1.914204e-11   2.515205e-05
1.170000e+02   -2.771236e+01   -0.000000e+00   -0.000000e+00   4.587788e+02   1.895579e-11   2.496765e-05
1.171000e+02   -2.884096e+01   -0.000000e+00   -0.000000e+00   4.598646e+02   1.877268e-11   2.478498e-05
1.172000e+02   -2.991864e+01   -0.000000e+00   -0.000000e+00   4.609283e+02   1.859261e-11   2.460403e-05
1.173000e+02   -3.074197e+01   -0.000000e+00   -0.000000e+00   4.619706e+02   1.841552e-11   2.442477e-05
1.174000e+02   -3.145621e+01   -0.000000e+00   -0.000000e+00   4.629920e+02   1.824130e-11   2.424721e-05
1.175000e+02   -3.213847e+01   -0.000000e+00   -0.000000e+00   4.639933e+02   1.806990e-11   2.407131e-05
1.176000e+02   -3.274523e+01   -0.000000e+00   -0.000000e+00   4.649749e+02   1.790123e-11   2.389707e-05
1.177000e+02   -3.323299e+01   -0.000000e+00   -0.000000e+00   4.659375e+02   1.773522e-11   2.372447e-05
1.178000e+02   -3.356037e+01   -0.000000e+00   -0.000000e+00   4.668818e+02   1.757180e-11   2.355350e-05
1.179000e+02   -3.377201e+01   -0.000000e+00   -0.000000e+00   4.678082e+02   1.741089e-11   2.338413e-05
1.180000e+02   -3.392439e+01   -0.000000e+00   -0.000000e+00   4.687175e+02   1.725245e-11   2.321637e-05
1.181000e+02   -3.404769e+01   -0.000000e+00   -0.000000e+00   4.696102e+02   1.709639e-11   2.305018e-05
1.182000e+02   -3.417208e+01   -0.000000e+00   -0.000000e+00   4.704870e+02   1.694265e-11   2.288556e-05
1.183000e+02   -3.432768e+01   -0.000000e+00   -0.000000e+00   4.713485e+02   1.679118e-11   2.272248e-05
1.184000e+02   -3.453020e+01   -0.000000e+00   -0.000000e+00   4.721952e+02   1.664192e-11   2.256095e-05
1.185000e+02   -3.476220e+01   -0.000000e+00   -0.000000e+00   4.730278e+02   1.649480e-11   2.240093e-05
1.186000e+02   -3.500163e+01   -0.000000e+00   -0.000000e+00   4.738468e+02   1.634977e-11   2.224241e-05
1.187000e+02   -3.522647e+01   -0.000000e+00   -0.000000e+00   4.746530e+02   1.620677e-11   2.208539e-05
1.188000e+02   -3.541572e+01   -0.000000e+00   -0.000000e+00   4.754469e+02   1.606576e-11   2.192984e-05
1.189000e+02   -3.561572e+01   -0.000000e+00   -0.000000e+00   4.762291e+02   1.592667e-11   2.177575e-05
1.190000e+02   -3.582590e+01   -0.000000e+00   -0.000000e+00   4.770003e+02   1.578946e-11   2.162311e-05
1.191000e+02   -3.599700e+01   -0.000000e+00   -0.000000e+00   4.777610e+02   1.565407e-11   2.147190e-05
1.192000e+02   -3.607979e+01   -0.000000e+00   -0.000000e+00   4.785118e+02   1.552047e-11   2.132209e-05
1.193000e+02   -3.602314e+01   -0.000000e+00   -0.000000e+00   4.792534e+02   1.538860e-11   2.117369e-05
1.194000e+02   -3.559531e+01   -0.000000e+00   -0.000000e+00   4.799864e+02   1.525841e-11   2.102668e-05
1.195000e+02   -3.477060e+01   -0.000000e+00   -0.000000e+00   4.807113e+02   1.512987e-11   2.088103e-05
1.196000e+02   -3.370460e+01   -0.000000e+00   -0.000000e+00   4.814288e+02   1.500292e-11   2.073673e-05
1.197000e+02   -3.255288e+01   -0.000000e+00   -0.000000e+00   4.821396e+02   1.487753e-11   2.059378e-05
1.198000e+02   -3.146947e+01   -0.000000e+00   -0.000000e+00   4.828441e+02   1.475365e-11   2.045214e-05
1.199000e+02   -3.023255e+01   -0.000000e+00   -0.000000e+00   4.835431e+02   1.463125e-11   2.031182e-05
1.200000e+02   -2.877976e+01   -0.000000e+00   -0.000000e+00   4.842371e+02   1.451027e-11   2.017279e-05
1.201000e+02   -2.737177e+01   -0.000000e+00   -0.000000e+00   4.849267e+02   1.439069e-11   2.003504e-05
1.202000e+02   -2.626925e+01   -0.000000e+00   -0.000000e+00   4.856126e+02   1.427247e-11   1.989855e-05
1.203000e+02   -2.573275e+01   -0.000000e+00   -0.000000e+00   4.862954e+02   1.415556e-11   1.976331e-05
1.204000e+02   -2.583558e+01   -0.000000e+00   -0.000000e+00   4.869756e+02   1.403994e-11   1.962930e-05
1.205000e+02   -2.635376e+01   -0.000000e+00   -0.000000e+00   4.876539e+02   1.392557e-11   1.949651e-05
1.206000e+02   -2.708265e+01   -0.000000e+00   -0.000000e+00   4.883309e+02   1.381241e-11   1.936493e-05
1.207000e+02   -2.781762e+01   -0.000000e+00   -0.000000e+00   4.890072e+02   1.370042e-11   1.923453e-05
1.208000e+02   -2.835403e+01   -0.000000e+00   -0.000000e+00   4.896834e+02   1.358959e-11   1.910531e-05
1.209000e+02   -2.875473e+01   -0.000000e+00   -0.000000e+00   4.903601e+02   1.347986e-11   1.897724e-05
1.210000e+02   -2.916670e+01   -0.000000e+00   -0.000000e+00   4.910379e+02   1.337122e-11   1.885031e-05
1.211000e+02   -2.951146e+01   -0.000000e+00   -0.000000e+00   4.917175e+02   1.326363e-11   1.872452e-05
1.212000e+02   -2.971056e+01   -0.000000e+00   -0.000000e+00   4.923995e+02   1.315707e-11   1.859983e-05
1.213000e+02   -2.968552e+01   -0.000000e+00   -0.000000e+00   4.930844e+02   1.305149e-11   1.847624e-05
1.214000e+02   -2.950515e+01   -0.000000e+00   -0.000000e+00   4.937728e+02   1.294687e-11   1.835374e-05
1.215000e+02   -2.930861e+01   -0.000000e+00   -0.000000e+00   4.944655e+02   1.284320e-11   1.823230e-05
1.216000e+02   -2.909496e+01   -0.000000e+00   -0.000000e+00   4.951629e+02   1.274042e-11   1.811191e-05
1.217000e+02   -2.886308e+01   -0.000000e+00   -0.000000e+00   4.958658e+02   1.263853e-11   1.799256e-05
1.218000e+02   -2.861187e+01   -0.000000e+00   -0.000000e+00   4.965746e+02   1.253749e-11   1.787423e-05
1.219000e+02   -2.817100e+01   -0.000000e+00   -0.000000e+00   4.972901e+02   1.243728e-11   1.775691e-05
1.220000e+02   -2.740907e+01   -0.000000e+00   -0.000000e+00   4.980128e+02   1.233787e-11   1.764058e-05
1.221000e+02   -2.646556e+01   -0.000000e+00   -0.000000e+00   4.987433e+02   1.223924e-11   1.752523e-05
1.222000e+02   -2.548090e+01   -0.000000e+00   -0.000000e+00   4.994823e+02   1.214136e-11   1.741084e-05
1.223000e+02   -2.459551e+01   -0.000000e+00   -0.000000e+00   5.002303e+02   1.204421e-11   1.729739e-05
1.224000e+02   -2.378265e+01   -0.000000e+00   -0.000000e+00   5.009881e+02   1.194777e-11   1.718488e-05
1.225000e+02   -2.291241e+01   -0.000000e+00   -0.000000e+00   5.017560e+02   1.185201e-11   1.707328e-05
1.226000e+02   -2.207881e+01   -0.000000e+00   -0.000000e+00   5.025349e+02   1.175692e-11   1.696259e-05
1.227000e+02   -2.137783e+01   -0.000000e+00   -0.000000e+00   5.033253e+02   1.166246e-11   1.685278e-05
1.228000e+02   -2.090544e+01   -0.000000e+00   -0.000000e+00   5.041278e+02   1.156863e-11   1.674384e-05
1.229000e+02   -2.068763e+01   -0.000000e+00   -0.000000e+00   5.049430e+02   1.147540e-11   1.663575e-05
1.230000e+02   -2.060320e+01   -0.000000e+00   -0.000000e+00   5.057716e+02   1.138274e-11   1.652851e-05
1.231000e+02   -2.057067e+01   -0.000000e+00   -0.000000e+00   5.066140e+02   1.129065e-11   1.642209e-05
1.232000e+02   -2.050966e+01   -0.000000e+00   -0.000000e+00   5.074711e+02   1.119910e-11   1.631648e-05
1.233000e+02   -2.033983e+01   -0.000000e+00   -0.000000e+00   5.083433e+02   1.110806e-11   1.621167e-05
1.234000e+02   -2.000557e+01   -0.000000e+00   -0.000000e+00   5.092311e+02   1.101754e-11   1.610764e-05
1.235000e+02   -1.954783e+01   -0.000000e+00   -0.000000e+00   5.101346e+02   1.092753e-11   1.600439e-05
1.236000e+02   -1.902180e+01   -0.000000e+00   -0.000000e+00   5.110534e+02   1.083803e-11   1.590190e-05
1.237000e+02   -1.848233e+01   -0.000000e+00   -0.000000e+00   5.119874e+02   1.074906e-11   1.580019e-05
1.238000e+02   -1.798423e+01   -0.000000e+00   -0.000000e+00   5.129363e+02   1.066062e-11   1.569923e-05
1.239000e+02   -1.755678e+01   -0.000000e+00   -0.000000e+00   5.138999e+02   1.057272e-11   1.559903e-05
1.240000e+02   -1.716042e+01   -0.000000e+00   -0.000000e+00   5.148779e+02   1.048536e-11   1.549959e-05
1.241000e+02   -1.677171e+01   -0.000000e+00   -0.000000e+00   5.158701e+02   1.039856e-11   1.540089e-05
1.242000e+02   -1.636829e+01   -0.000000e+00   -0.000000e+00   5.168763e+02   1.031231e-11   1.530294e-05
1.243000e+02   -1.592780e+01   -0.000000e+00   -0.000000e+00   5.178962e+02   1.022662e-11   1.520573e-05
1.244000e+02   -1.540158e+01   -0.000000e+00   -0.000000e+00   5.189297e+02   1.014150e-11   1.510925e-05
1.245000e+02   -1.474426e+01   -0.000000e+00   -0.000000e+00   5.199763e+02   1.005695e-11   1.501351e-05
1.246000e+02   -1.400282e+01   -0.000000e+00   -0.000000e+00   5.210360e+02   9.972974e-12   1.491849e-05
1.247000e+02   -1.322738e+01   -0.000000e+00   -0.000000e+00   5.221085e+02   9.889582e-12   1.482419e-05
1.248000e+02   -1.246805e+01   -0.000000e+00   -0.000000e+00   5.231936e+02   9.806774e-12   1.473062e-05
1.249000e+02   -1.175428e+01   -0.000000e+00   -0.000000e+00   5.242910e+02   9.724555e-12   1.463776e-05
1.250000e+02   -1.105080e+01   -0.000000e+00   -0.000000e+00   5.254004e+02   9.642928e-12   1.454560e-05
1.251000e+02   -1.034183e+01   -0.000000e+00   -0.000000e+00   5.265218e+02   9.561897e-12   1.445416e-05
1.252000e+02   -9.613535e+00   -0.000000e+00   -0.000000e+00   5.276547e+02   9.481464e-12   1.436341e-05
1.253000e+02   -8.852111e+00   -0.000000e+00   -0.000000e+00   5.287990e+02   9.401632e-12   1.427336e-05
1.254000e+02   -7.987406e+00   -0.000000e+00   -0.000000e+00   5.299545e+02   9.322404e-12   1.418400e-05
1.255000e+02   -6.930913e+00   -0.000000e+00   -0.000000e+00   5.311209e+02   9.243781e-12   1.409533e-05
1.256000e+02   -5.839585e+00   -0.000000e+00   -0.000000e+00   5.322979e+02   9.165767e-12   1.400735e-05
1.257000e+02   -4.883478e+00   -0.000000e+00   -0.000000e+00   5.334854e+02   9.088363e-12   1.392004e-05
1.258000e+02   -4.232649e+00   -0.000000e+00   -0.000000e+00   5.346831e+02   9.011570e-12   1.383341e-05
1.259000e+02   -3.945089e+00   -0.000000e+00   -0.000000e+00   5.358908e+02   8.935390e-12   1.374745e-05
1.260000e+02   -3.734824e+00   -0.000000e+00   -0.000000e+00   5.371082e+02   8.859824e-12   1.366216e-05
1.261000e+02   -3.549254e+00   -0.000000e+00   -0.000000e+00   5.383352e+02   8.784873e-12   1.357752e-05
1.262000e+02   -3.360125e+00   -0.000000e+00   -0.000000e+00   5.395713e+02   8.710538e-12   1.349355e-05
1.263000e+02   -3.139180e+00   -0.000000e+00   -0.000000e+00   5.408166e+02   8.636819e-12   1.341023e-05
1.264000e+02   -2.872286e+00   -0.000000e+00   -0.000000e+00   5.420706e+02   8.563717e-12   1.332756e-05
1.265000e+02   -2.595554e+00   -0.000000e+00   -0.000000e+00   5.433332e+02   8.491231e-12   1.324553e-05
1.266000e+02   -2.313608e+00   -0.000000e+00   -0.000000e+00   5.446041e+02   8.419363e-12   1.316414e-05
1.267000e+02   -2.026987e+00   -0.000000e+00   -0.000000e+00   5.458831e+02   8.348110e-12   1.308339e-05
1.268000e+02   -1.736228e+00   -0.000000e+00   -0.000000e+00   5.471699e+02   8.277474e-12   1.300327e-05
1.269000e+02   -1.408986e+00   -0.000000e+00   -0.000000e+00   5.484644e+02   8.207454e-12   1.292377e-05
1.270000e+02   -9.457967e-01   -0.000000e+00   -0.000000e+00   5.497663e+02   8.138049e-12   1.284490e-05
1.271000e+02   -4.128729e-01   -0.000000e+00   -0.000000e+00   5.510753e+02   8.069257e-12   1.276665e-05
1.272000e+02   1.067596e-01   -0.000000e+00   -0.000000e+00   5.523912e+02   8.001079e-12   1.268901e-05
1.273000e+02   5.300741e-01   -0.000000e+00   -0.000000e+00   5.537138e+02   7.933513e-12   1.261198e-05
1.274000e+02   7.696823e-01   -0.000000e+00   -0.000000e+00   5.550429e+02   7.866557e-12   1.253556e-05
1.275000e+02   7.911408e-01   -0.000000e+00   -0.000000e+00   5.563781e+02   7.800210e-12   1.245973e-05
1.276000e+02   6.718858e-01   -0.000000e+00   -0.000000e+00   5.577194e+02   7.734471e-12   1.238451e-05
1.277000e+02   4.971710e-01   -0.000000e+00   -0.000000e+00   5.590664e+02   7.669337e-12   1.230987e-05
1.278000e+02   3.522502e-01   -0.000000e+00   -0.000000e+00   5.604189e+02   7.604807e-12   1.223583e-05
1.279000e+02   3.005996e-01   -0.000000e+00   -0.000000e+00   5.617766e+02   7.540879e-12   1.216236e-05
1.280000e+02   2.774592e-01   -0.000000e+00   -0.000000e+00   5.631394e+02   7.477550e-12   1.208948e-05
1.281000e+02   2.644878e-01   -0.000000e+00   -0.000000e+00   5.645070e+02   7.414819e-12   1.201717e-05
1.282000e+02   2.567439e-01   -0.000000e+00   -0.000000e+00   5.658792e+02   7.352683e-12   1.194543e-05
1.283000e+02   2.492859e-01   -0.000000e+00   -0.000000e+00   5.672557e+02   7.291140e-12   1.187426e-05
1.284000e+02   2.426933e-01   -0.000000e+00   -0.000000e+00   5.686363e+02   7.230187e-12   1.180365e-05
1.285000e+02   2.582670e-01   -0.000000e+00   -0.000000e+00   5.700207e+02   7.169821e-12   1.173360e-05
1.286000e+02   2.789945e-01   -0.000000e+00   -0.000000e+00   5.714088e+02   7.110039e-12   1.166410e-05
1.287000e+02   2.815769e-01   -0.000000e+00   -0.000000e+00   5.728003e+02   7.050840e-12   1.159515e-05
1.288000e+02   2.427158e-01   -0.000000e+00   -0.000000e+00   5.741949e+02   6.992219e-12   1.152675e-05
1.289000e+02   1.229614e-01   -0.000000e+00   -0.000000e+00   5.755925e+02   6.934173e-12   1.145888e-05
1.290000e+02   -1.684970e-01   -0.000000e+00   -0.000000e+00   5.769927e+02   6.876701e-12   1.139155e-05
1.291000e+02   -5.602931e-01   -0.000000e+00   -0.000000e+00   5.783954e+02   6.819798e-12   1.132475e-05
1.292000e+02   -9.542042e-01   -0.000000e+00   -0.000000e+00   5.798003e+02   6.763460e-12   1.125848e-05
1.293000e+02   -1.252008e+00   -0.000000e+00   -0.000000e+00   5.812072e+02   6.707686e-12   1.119273e-05
1.294000e+02   -1.376603e+00   -0.000000e+00   -0.000000e+00   5.826158e+02   6.652471e-12   1.112750e-05
1.295000e+02   -1.431837e+00   -0.000000e+00   -0.000000e+00   5.840259e+02   6.597812e-12   1.106278e-05
1.296000e+02   -1.450527e+00   -0.000000e+00   -0.000000e+00   5.854373e+02   6.543705e-12   1.099858e-05
1.297000e+02   -1.434738e+00   -0.000000e+00   -0.000000e+00   5.868498e+02   6.490147e-12   1.093487e-05
1.298000e+02   -1.386532e+00   -0.000000e+00   -0.000000e+00   5.882630e+02   6.437133e-12   1.087167e-05
1.299000e+02   -1.307187e+00   -0.000000e+00   -0.000000e+00   5.896769e+02   6.384661e-12   1.080897e-05
1.300000e+02   -1.195904e+00   -0.000000e+00   -0.000000e+00   5.910910e+02   6.332727e-12   1.074676e-05
