#% 0, Z0, m, 0.0
#% 1, Z, km
#% 2, U, m/s
#% 3, V, m/s
#% 4, W, m/s
#% 5, T, degK
#% 6, RHO, g/cm3
#% 7, P, mbar
0.000000e+00   -4.565831e+00   -0.000000e+00   -0.000000e+00   2.712957e+02   1.255704e-03   9.780533e+02
1.000000e-01   -5.332818e+00   -0.000000e+00   -0.000000e+00   2.703321e+02   1.244518e-03   9.658975e+02
2.000000e-01   -5.850497e+00   -0.000000e+00   -0.000000e+00   2.693672e+02   1.233404e-03   9.538552e+02
3.000000e-01   -6.216816e+00   -0.000000e+00   -0.000000e+00   2.684043e+02   1.222348e-03   9.419254e+02
4.000000e-01   -6.516280e+00   -0.000000e+00   -0.000000e+00   2.674467e+02   1.211333e-03   9.301073e+02
5.000000e-01   -6.772559e+00   -0.000000e+00   -0.000000e+00   2.664983e+02   1.200342e-03   9.183997e+02
6.000000e-01   -6.972447e+00   -0.000000e+00   -0.000000e+00   2.655705e+02   1.189325e-03   9.068023e+02
7.000000e-01   -7.111850e+00   -0.000000e+00   -0.000000e+00   2.646708e+02   1.178250e-03   8.953152e+02
8.000000e-01   -7.201606e+00   -0.000000e+00   -0.000000e+00   2.638135e+02   1.167059e-03   8.839390e+02
9.000000e-01   -7.247761e+00   -0.000000e+00   -0.000000e+00   2.630236e+02   1.155646e-03   8.726737e+02
1.000000e+00   -7.283273e+00   -0.000000e+00   -0.000000e+00   2.622464e+02   1.144255e-03   8.615186e+02
1.100000e+00   -7.320591e+00   -0.000000e+00   -0.000000e+00   2.614415e+02   1.133063e-03   8.504735e+02
1.200000e+00   -7.339893e+00   -0.000000e+00   -0.000000e+00   2.606426e+02   1.121921e-03   8.395377e+02
1.300000e+00   -7.314974e+00   -0.000000e+00   -0.000000e+00   2.598823e+02   1.110691e-03   8.287095e+02
1.400000e+00   -7.242108e+00   -0.000000e+00   -0.000000e+00   2.589935e+02   1.100082e-03   8.179869e+02
1.500000e+00   -7.104155e+00   -0.000000e+00   -0.000000e+00   2.583909e+02   1.088334e-03   8.073686e+02
1.600000e+00   -6.869675e+00   -0.000000e+00   -0.000000e+00   2.583426e+02   1.074361e-03   7.968537e+02
1.700000e+00   -6.504015e+00   -0.000000e+00   -0.000000e+00   2.583125e+02   1.060447e-03   7.864417e+02
1.800000e+00   -6.038721e+00   -0.000000e+00   -0.000000e+00   2.581488e+02   1.047212e-03   7.761342e+02
1.900000e+00   -5.529053e+00   -0.000000e+00   -0.000000e+00   2.579551e+02   1.034224e-03   7.659338e+02
2.000000e+00   -5.001675e+00   -0.000000e+00   -0.000000e+00   2.577569e+02   1.021386e-03   7.558445e+02
2.100000e+00   -4.448226e+00   -0.000000e+00   -0.000000e+00   2.575171e+02   1.008847e-03   7.458712e+02
2.200000e+00   -3.879368e+00   -0.000000e+00   -0.000000e+00   2.572138e+02   9.966937e-04   7.360179e+02
2.300000e+00   -3.333724e+00   -0.000000e+00   -0.000000e+00   2.568620e+02   9.848628e-04   7.262864e+02
2.400000e+00   -2.846419e+00   -0.000000e+00   -0.000000e+00   2.564813e+02   9.732759e-04   7.166780e+02
2.500000e+00   -2.438952e+00   -0.000000e+00   -0.000000e+00   2.560901e+02   9.618605e-04   7.071918e+02
2.600000e+00   -2.137560e+00   -0.000000e+00   -0.000000e+00   2.557057e+02   9.505485e-04   6.978258e+02
2.700000e+00   -1.925070e+00   -0.000000e+00   -0.000000e+00   2.553417e+02   9.392883e-04   6.885778e+02
2.800000e+00   -1.733040e+00   -0.000000e+00   -0.000000e+00   2.550024e+02   9.280646e-04   6.794459e+02
2.900000e+00   -1.495004e+00   -0.000000e+00   -0.000000e+00   2.546905e+02   9.168689e-04   6.704283e+02
3.000000e+00   -1.148807e+00   -0.000000e+00   -0.000000e+00   2.544006e+02   9.057207e-04   6.615228e+02
3.100000e+00   -6.962268e-01   -0.000000e+00   -0.000000e+00   2.541205e+02   8.946639e-04   6.527275e+02
3.200000e+00   -2.392742e-01   -0.000000e+00   -0.000000e+00   2.538373e+02   8.837415e-04   6.440402e+02
3.300000e+00   2.094664e-01   -0.000000e+00   -0.000000e+00   2.535418e+02   8.729830e-04   6.354592e+02
3.400000e+00   6.415178e-01   -0.000000e+00   -0.000000e+00   2.532351e+02   8.623811e-04   6.269826e+02
3.500000e+00   1.048558e+00   -0.000000e+00   -0.000000e+00   2.529204e+02   8.519220e-04   6.186088e+02
3.600000e+00   1.495104e+00   -0.000000e+00   -0.000000e+00   2.526008e+02   8.415927e-04   6.103362e+02
3.700000e+00   2.085760e+00   -0.000000e+00   -0.000000e+00   2.522787e+02   8.313832e-04   6.021631e+02
3.800000e+00   2.726324e+00   -0.000000e+00   -0.000000e+00   2.519492e+02   8.213070e-04   5.940880e+02
3.900000e+00   3.321846e+00   -0.000000e+00   -0.000000e+00   2.516044e+02   8.113878e-04   5.861098e+02
4.000000e+00   3.777421e+00   -0.000000e+00   -0.000000e+00   2.512361e+02   8.016486e-04   5.782271e+02
4.100000e+00   4.026288e+00   -0.000000e+00   -0.000000e+00   2.508364e+02   7.921109e-04   5.704386e+02
4.200000e+00   4.133318e+00   -0.000000e+00   -0.000000e+00   2.504037e+02   7.827753e-04   5.627432e+02
4.300000e+00   4.172005e+00   -0.000000e+00   -0.000000e+00   2.499505e+02   7.735991e-04   5.551397e+02
4.400000e+00   4.212686e+00   -0.000000e+00   -0.000000e+00   2.494911e+02   7.645357e-04   5.476274e+02
4.500000e+00   4.325696e+00   -0.000000e+00   -0.000000e+00   2.490398e+02   7.555403e-04   5.402052e+02
4.600000e+00   4.536140e+00   -0.000000e+00   -0.000000e+00   2.486107e+02   7.465706e-04   5.328721e+02
4.700000e+00   4.753466e+00   -0.000000e+00   -0.000000e+00   2.482047e+02   7.376246e-04   5.256271e+02
4.800000e+00   4.978597e+00   -0.000000e+00   -0.000000e+00   2.478049e+02   7.287522e-04   5.184683e+02
4.900000e+00   5.219810e+00   -0.000000e+00   -0.000000e+00   2.473934e+02   7.200047e-04   5.113942e+02
5.000000e+00   5.485386e+00   -0.000000e+00   -0.000000e+00   2.469520e+02   7.114312e-04   5.044032e+02
5.100000e+00   5.822421e+00   -0.000000e+00   -0.000000e+00   2.464627e+02   7.030785e-04   4.974935e+02
5.200000e+00   6.317165e+00   -0.000000e+00   -0.000000e+00   2.459149e+02   6.949705e-04   4.906634e+02
5.300000e+00   6.887229e+00   -0.000000e+00   -0.000000e+00   2.453124e+02   6.870903e-04   4.839112e+02
5.400000e+00   7.438968e+00   -0.000000e+00   -0.000000e+00   2.446604e+02   6.794171e-04   4.772352e+02
5.500000e+00   7.878741e+00   -0.000000e+00   -0.000000e+00   2.439642e+02   6.719306e-04   4.706336e+02
5.600000e+00   8.159050e+00   -0.000000e+00   -0.000000e+00   2.432292e+02   6.646115e-04   4.641046e+02
5.700000e+00   8.393573e+00   -0.000000e+00   -0.000000e+00   2.424614e+02   6.574388e-04   4.576467e+02
5.800000e+00   8.592316e+00   -0.000000e+00   -0.000000e+00   2.416732e+02   6.503767e-04   4.512589e+02
5.900000e+00   8.753241e+00   -0.000000e+00   -0.000000e+00   2.408797e+02   6.433836e-04   4.449410e+02
6.000000e+00   8.874318e+00   -0.000000e+00   -0.000000e+00   2.400959e+02   6.364191e-04   4.386926e+02
6.100000e+00   8.889435e+00   0.000000e+00   0.000000e+00   2.393371e+02   6.294441e-04   4.325134e+02
6.200000e+00   8.610603e+00   0.000000e+00   0.000000e+00   2.386183e+02   6.224208e-04   4.264029e+02
6.300000e+00   8.183474e+00   0.000000e+00   0.000000e+00   2.379497e+02   6.153252e-04   4.203609e+02
6.400000e+00   7.784567e+00   0.000000e+00   0.000000e+00   2.373217e+02   6.081854e-04   4.143868e+02
6.500000e+00   7.589768e+00   0.000000e+00   0.000000e+00   2.367195e+02   6.010418e-04   4.084802e+02
6.600000e+00   7.758648e+00   0.000000e+00   0.000000e+00   2.361281e+02   5.939334e-04   4.026407e+02
6.700000e+00   8.255820e+00   0.000000e+00   0.000000e+00   2.355327e+02   5.868977e-04   3.968678e+02
6.800000e+00   8.926729e+00   0.000000e+00   0.000000e+00   2.349184e+02   5.799710e-04   3.911611e+02
6.900000e+00   9.615391e+00   0.000000e+00   0.000000e+00   2.342719e+02   5.731845e-04   3.855201e+02
7.000000e+00   1.016090e+01   0.000000e+00   0.000000e+00   2.335913e+02   5.665400e-04   3.799440e+02
7.100000e+00   1.042102e+01   0.000000e+00   0.000000e+00   2.328803e+02   5.600254e-04   3.744318e+02
7.200000e+00   1.045181e+01   0.000000e+00   0.000000e+00   2.321427e+02   5.536285e-04   3.689826e+02
7.300000e+00   1.037235e+01   0.000000e+00   0.000000e+00   2.313825e+02   5.473378e-04   3.635954e+02
7.400000e+00   1.029561e+01   0.000000e+00   0.000000e+00   2.306035e+02   5.411421e-04   3.582692e+02
7.500000e+00   1.033455e+01   0.000000e+00   0.000000e+00   2.298094e+02   5.350304e-04   3.530032e+02
7.600000e+00   1.056968e+01   0.000000e+00   0.000000e+00   2.290041e+02   5.289926e-04   3.477964e+02
7.700000e+00   1.086638e+01   0.000000e+00   0.000000e+00   2.281905e+02   5.230207e-04   3.426485e+02
7.800000e+00   1.117482e+01   0.000000e+00   0.000000e+00   2.273718e+02   5.171074e-04   3.375591e+02
7.900000e+00   1.147240e+01   0.000000e+00   0.000000e+00   2.265511e+02   5.112456e-04   3.325278e+02
8.000000e+00   1.173657e+01   0.000000e+00   0.000000e+00   2.257312e+02   5.054283e-04   3.275544e+02
8.100000e+00   1.194833e+01   0.000000e+00   0.000000e+00   2.249152e+02   4.996488e-04   3.226385e+02
8.200000e+00   1.211949e+01   0.000000e+00   0.000000e+00   2.241063e+02   4.939008e-04   3.177797e+02
8.300000e+00   1.225803e+01   0.000000e+00   0.000000e+00   2.233073e+02   4.881777e-04   3.129776e+02
8.400000e+00   1.236859e+01   0.000000e+00   0.000000e+00   2.225214e+02   4.824738e-04   3.082321e+02
8.500000e+00   1.245676e+01   0.000000e+00   0.000000e+00   2.217518e+02   4.767834e-04   3.035433e+02
8.600000e+00   1.258314e+01   0.000000e+00   0.000000e+00   2.210020e+02   4.711016e-04   2.989118e+02
8.700000e+00   1.309450e+01   0.000000e+00   0.000000e+00   2.202755e+02   4.654238e-04   2.943385e+02
8.800000e+00   1.384155e+01   0.000000e+00   0.000000e+00   2.195757e+02   4.597456e-04   2.898240e+02
8.900000e+00   1.456830e+01   0.000000e+00   0.000000e+00   2.189062e+02   4.540631e-04   2.853689e+02
9.000000e+00   1.501877e+01   0.000000e+00   0.000000e+00   2.182704e+02   4.483725e-04   2.809740e+02
9.100000e+00   1.489779e+01   0.000000e+00   0.000000e+00   2.176718e+02   4.426704e-04   2.766401e+02
9.200000e+00   1.383137e+01   0.000000e+00   0.000000e+00   2.171140e+02   4.369538e-04   2.723677e+02
9.300000e+00   1.217880e+01   0.000000e+00   0.000000e+00   2.166002e+02   4.312200e-04   2.681577e+02
9.400000e+00   1.043248e+01   0.000000e+00   0.000000e+00   2.161342e+02   4.254666e-04   2.640106e+02
9.500000e+00   9.087312e+00   0.000000e+00   0.000000e+00   2.157192e+02   4.196913e-04   2.599269e+02
9.600000e+00   8.579629e+00   0.000000e+00   0.000000e+00   2.153585e+02   4.138916e-04   2.559064e+02
9.700000e+00   8.540817e+00   0.000000e+00   0.000000e+00   2.150554e+02   4.080654e-04   2.519489e+02
9.800000e+00   8.715851e+00   0.000000e+00   0.000000e+00   2.148131e+02   4.022107e-04   2.480543e+02
9.900000e+00   8.994679e+00   0.000000e+00   0.000000e+00   2.146348e+02   3.963264e-04   2.442224e+02
1.000000e+01   9.267251e+00   0.000000e+00   0.000000e+00   2.145239e+02   3.904112e-04   2.404530e+02
1.010000e+01   9.445138e+00   0.000000e+00   0.000000e+00   2.144835e+02   3.844647e-04   2.367460e+02
1.020000e+01   9.699359e+00   0.000000e+00   0.000000e+00   2.145168e+02   3.784867e-04   2.331011e+02
1.030000e+01   1.000632e+01   0.000000e+00   0.000000e+00   2.146272e+02   3.724774e-04   2.295182e+02
1.040000e+01   1.025592e+01   0.000000e+00   0.000000e+00   2.148179e+02   3.664376e-04   2.259971e+02
1.050000e+01   1.033684e+01   0.000000e+00   0.000000e+00   2.150894e+02   3.603726e-04   2.225375e+02
1.060000e+01   1.010042e+01   0.000000e+00   0.000000e+00   2.154322e+02   3.543031e-04   2.191381e+02
1.070000e+01   9.076793e+00   0.000000e+00   0.000000e+00   2.158347e+02   3.482517e-04   2.157978e+02
1.080000e+01   7.506327e+00   0.000000e+00   0.000000e+00   2.162853e+02   3.422398e-04   2.125152e+02
1.090000e+01   5.855583e+00   0.000000e+00   0.000000e+00   2.167724e+02   3.362869e-04   2.092890e+02
1.100000e+01   4.591122e+00   0.000000e+00   0.000000e+00   2.172844e+02   3.304114e-04   2.061180e+02
1.110000e+01   4.164001e+00   0.000000e+00   0.000000e+00   2.178095e+02   3.246299e-04   2.030008e+02
1.120000e+01   4.526417e+00   0.000000e+00   0.000000e+00   2.183363e+02   3.189577e-04   1.999362e+02
1.130000e+01   5.309022e+00   0.000000e+00   0.000000e+00   2.188530e+02   3.134088e-04   1.969228e+02
1.140000e+01   6.188942e+00   0.000000e+00   0.000000e+00   2.193481e+02   3.079958e-04   1.939594e+02
1.150000e+01   6.843324e+00   0.000000e+00   0.000000e+00   2.198102e+02   3.027297e-04   1.910448e+02
1.160000e+01   6.972200e+00   0.000000e+00   0.000000e+00   2.202357e+02   2.976103e-04   1.881777e+02
1.170000e+01   6.896086e+00   0.000000e+00   0.000000e+00   2.206291e+02   2.926271e-04   1.853573e+02
1.180000e+01   6.826598e+00   0.000000e+00   0.000000e+00   2.209950e+02   2.877696e-04   1.825827e+02
1.190000e+01   6.764165e+00   0.000000e+00   0.000000e+00   2.213381e+02   2.830279e-04   1.798531e+02
1.200000e+01   6.709220e+00   0.000000e+00   0.000000e+00   2.216632e+02   2.783927e-04   1.771674e+02
1.210000e+01   6.650764e+00   0.000000e+00   0.000000e+00   2.219750e+02   2.738551e-04   1.745248e+02
1.220000e+01   6.269440e+00   0.000000e+00   0.000000e+00   2.222781e+02   2.694069e-04   1.719245e+02
1.230000e+01   5.596548e+00   0.000000e+00   0.000000e+00   2.225774e+02   2.650401e-04   1.693655e+02
1.240000e+01   4.871806e+00   0.000000e+00   0.000000e+00   2.228775e+02   2.607472e-04   1.668469e+02
1.250000e+01   4.334927e+00   0.000000e+00   0.000000e+00   2.231831e+02   2.565212e-04   1.643679e+02
1.260000e+01   4.225276e+00   0.000000e+00   0.000000e+00   2.234986e+02   2.523559e-04   1.619275e+02
1.270000e+01   4.661996e+00   0.000000e+00   0.000000e+00   2.238253e+02   2.482490e-04   1.595251e+02
1.280000e+01   5.445364e+00   0.000000e+00   0.000000e+00   2.241623e+02   2.442009e-04   1.571601e+02
1.290000e+01   6.323241e+00   0.000000e+00   0.000000e+00   2.245090e+02   2.402118e-04   1.548319e+02
1.300000e+01   7.043491e+00   0.000000e+00   0.000000e+00   2.248648e+02   2.362817e-04   1.525401e+02
1.310000e+01   7.355938e+00   0.000000e+00   0.000000e+00   2.252288e+02   2.324108e-04   1.502839e+02
1.320000e+01   7.233865e+00   0.000000e+00   0.000000e+00   2.256004e+02   2.285989e-04   1.480629e+02
1.330000e+01   6.873531e+00   0.000000e+00   0.000000e+00   2.259788e+02   2.248460e-04   1.458765e+02
1.340000e+01   6.440517e+00   0.000000e+00   0.000000e+00   2.263635e+02   2.211521e-04   1.437241e+02
1.350000e+01   6.100405e+00   0.000000e+00   0.000000e+00   2.267536e+02   2.175168e-04   1.416052e+02
1.360000e+01   6.019580e+00   0.000000e+00   0.000000e+00   2.271484e+02   2.139399e-04   1.395192e+02
1.370000e+01   6.379962e+00   0.000000e+00   0.000000e+00   2.275472e+02   2.104213e-04   1.374655e+02
1.380000e+01   7.075700e+00   0.000000e+00   0.000000e+00   2.279486e+02   2.069613e-04   1.354436e+02
1.390000e+01   7.883712e+00   0.000000e+00   0.000000e+00   2.283510e+02   2.035605e-04   1.334531e+02
1.400000e+01   8.580920e+00   0.000000e+00   0.000000e+00   2.287526e+02   2.002193e-04   1.314935e+02
1.410000e+01   8.945395e+00   0.000000e+00   0.000000e+00   2.291518e+02   1.969382e-04   1.295643e+02
1.420000e+01   9.085861e+00   0.000000e+00   0.000000e+00   2.295469e+02   1.937172e-04   1.276651e+02
1.430000e+01   9.189111e+00   0.000000e+00   0.000000e+00   2.299364e+02   1.905567e-04   1.257953e+02
1.440000e+01   9.247948e+00   0.000000e+00   0.000000e+00   2.303185e+02   1.874567e-04   1.239545e+02
1.450000e+01   9.255174e+00   0.000000e+00   0.000000e+00   2.306916e+02   1.844172e-04   1.221422e+02
1.460000e+01   9.203029e+00   0.000000e+00   0.000000e+00   2.310541e+02   1.814382e-04   1.203579e+02
1.470000e+01   8.623062e+00   0.000000e+00   0.000000e+00   2.314042e+02   1.785194e-04   1.186012e+02
1.480000e+01   7.401671e+00   0.000000e+00   0.000000e+00   2.317404e+02   1.756608e-04   1.168716e+02
1.490000e+01   5.965018e+00   0.000000e+00   0.000000e+00   2.320613e+02   1.728619e-04   1.151686e+02
1.500000e+01   4.739016e+00   0.000000e+00   0.000000e+00   2.323656e+02   1.701220e-04   1.134919e+02
1.510000e+01   4.149579e+00   0.000000e+00   0.000000e+00   2.326522e+02   1.674407e-04   1.118409e+02
1.520000e+01   4.132636e+00   0.000000e+00   0.000000e+00   2.329198e+02   1.648172e-04   1.102152e+02
1.530000e+01   4.298108e+00   0.000000e+00   0.000000e+00   2.331672e+02   1.622511e-04   1.086144e+02
1.540000e+01   4.582902e+00   0.000000e+00   0.000000e+00   2.333931e+02   1.597415e-04   1.070380e+02
1.550000e+01   4.923921e+00   0.000000e+00   0.000000e+00   2.335963e+02   1.572879e-04   1.054857e+02
1.560000e+01   5.258072e+00   0.000000e+00   0.000000e+00   2.337757e+02   1.548895e-04   1.039569e+02
1.570000e+01   5.731284e+00   0.000000e+00   0.000000e+00   2.339298e+02   1.525456e-04   1.024513e+02
1.580000e+01   6.423559e+00   0.000000e+00   0.000000e+00   2.340576e+02   1.502555e-04   1.009684e+02
1.590000e+01   7.124792e+00   0.000000e+00   0.000000e+00   2.341580e+02   1.480183e-04   9.950771e+01
1.600000e+01   7.625612e+00   0.000000e+00   0.000000e+00   2.342331e+02   1.458313e-04   9.806894e+01
1.610000e+01   7.717260e+00   0.000000e+00   0.000000e+00   2.342867e+02   1.436911e-04   9.665176e+01
1.620000e+01   6.969254e+00   0.000000e+00   0.000000e+00   2.343225e+02   1.415942e-04   9.525586e+01
1.630000e+01   5.356798e+00   0.000000e+00   0.000000e+00   2.343444e+02   1.395373e-04   9.388092e+01
1.640000e+01   3.424185e+00   0.000000e+00   0.000000e+00   2.343563e+02   1.375174e-04   9.252662e+01
1.650000e+01   1.717399e+00   0.000000e+00   0.000000e+00   2.343620e+02   1.355315e-04   9.119265e+01
1.660000e+01   7.824240e-01   0.000000e+00   0.000000e+00   2.343652e+02   1.335769e-04   8.987870e+01
1.670000e+01   6.464478e-01   0.000000e+00   0.000000e+00   2.343698e+02   1.316508e-04   8.858445e+01
1.680000e+01   7.036892e-01   0.000000e+00   0.000000e+00   2.343796e+02   1.297507e-04   8.730958e+01
1.690000e+01   8.366710e-01   0.000000e+00   0.000000e+00   2.343985e+02   1.278742e-04   8.605379e+01
1.700000e+01   9.332018e-01   0.000000e+00   0.000000e+00   2.344301e+02   1.260190e-04   8.481675e+01
1.710000e+01   8.805927e-01   0.000000e+00   0.000000e+00   2.344755e+02   1.241844e-04   8.359818e+01
1.720000e+01   6.007388e-01   0.000000e+00   0.000000e+00   2.345331e+02   1.223712e-04   8.239778e+01
1.730000e+01   1.629068e-01   0.000000e+00   0.000000e+00   2.346010e+02   1.205801e-04   8.121529e+01
1.740000e+01   -3.307097e-01   0.000000e+00   0.000000e+00   2.346776e+02   1.188118e-04   8.005041e+01
1.750000e+01   -7.781095e-01   0.000000e+00   0.000000e+00   2.347611e+02   1.170670e-04   7.890288e+01
1.760000e+01   -1.077292e+00   0.000000e+00   0.000000e+00   2.348497e+02   1.153461e-04   7.777241e+01
1.770000e+01   -9.500943e-01   0.000000e+00   0.000000e+00   2.349418e+02   1.136498e-04   7.665871e+01
1.780000e+01   -2.163765e-01   0.000000e+00   0.000000e+00   2.350356e+02   1.119785e-04   7.556152e+01
1.790000e+01   7.958083e-01   0.000000e+00   0.000000e+00   2.351293e+02   1.103326e-04   7.448055e+01
1.800000e+01   1.749327e+00   0.000000e+00   0.000000e+00   2.352213e+02   1.087124e-04   7.341552e+01
1.810000e+01   2.307046e+00   0.000000e+00   0.000000e+00   2.353096e+02   1.071182e-04   7.236615e+01
1.820000e+01   2.413694e+00   0.000000e+00   0.000000e+00   2.353932e+02   1.055502e-04   7.133217e+01
1.830000e+01   2.492567e+00   0.000000e+00   0.000000e+00   2.354720e+02   1.040078e-04   7.031334e+01
1.840000e+01   2.553001e+00   0.000000e+00   0.000000e+00   2.355460e+02   1.024906e-04   6.930940e+01
1.850000e+01   2.588903e+00   0.000000e+00   0.000000e+00   2.356153e+02   1.009980e-04   6.832010e+01
1.860000e+01   2.594181e+00   0.000000e+00   0.000000e+00   2.356800e+02   9.952945e-05   6.734521e+01
1.870000e+01   2.401154e+00   0.000000e+00   0.000000e+00   2.357403e+02   9.808451e-05   6.638448e+01
1.880000e+01   1.770702e+00   0.000000e+00   0.000000e+00   2.357961e+02   9.666266e-05   6.543766e+01
1.890000e+01   9.489343e-01   0.000000e+00   0.000000e+00   2.358477e+02   9.526339e-05   6.450450e+01
1.900000e+01   1.993762e-01   0.000000e+00   0.000000e+00   2.358950e+02   9.388623e-05   6.358476e+01
1.910000e+01   -2.144482e-01   0.000000e+00   0.000000e+00   2.359383e+02   9.253068e-05   6.267819e+01
1.920000e+01   -1.331810e-01   0.000000e+00   0.000000e+00   2.359775e+02   9.119626e-05   6.178455e+01
1.930000e+01   2.383142e-01   0.000000e+00   0.000000e+00   2.360128e+02   8.988248e-05   6.090360e+01
1.940000e+01   7.571629e-01   0.000000e+00   0.000000e+00   2.360447e+02   8.858880e-05   6.003513e+01
1.950000e+01   1.289518e+00   0.000000e+00   0.000000e+00   2.360740e+02   8.731464e-05   5.917899e+01
1.960000e+01   1.701532e+00   0.000000e+00   0.000000e+00   2.361014e+02   8.605942e-05   5.833502e+01
1.970000e+01   1.938730e+00   0.000000e+00   0.000000e+00   2.361277e+02   8.482261e-05   5.750305e+01
1.980000e+01   2.152199e+00   0.000000e+00   0.000000e+00   2.361536e+02   8.360366e-05   5.668293e+01
1.990000e+01   2.334975e+00   0.000000e+00   0.000000e+00   2.361799e+02   8.240207e-05   5.587448e+01
2.000000e+01   2.467225e+00   0.000000e+00   0.000000e+00   2.362074e+02   8.121734e-05   5.507755e+01
2.010000e+01   2.529116e+00   0.000000e+00   0.000000e+00   2.362368e+02   8.004898e-05   5.429197e+01
2.020000e+01   2.371524e+00   0.000000e+00   0.000000e+00   2.362688e+02   7.889652e-05   5.351759e+01
2.030000e+01   1.699178e+00   0.000000e+00   0.000000e+00   2.363042e+02   7.775950e-05   5.275423e+01
2.040000e+01   7.668213e-01   0.000000e+00   0.000000e+00   2.363438e+02   7.663749e-05   5.200175e+01
2.050000e+01   -1.323600e-01   0.000000e+00   0.000000e+00   2.363881e+02   7.553018e-05   5.125997e+01
2.060000e+01   -7.039194e-01   0.000000e+00   0.000000e+00   2.364360e+02   7.443766e-05   5.052877e+01
2.070000e+01   -7.900120e-01   0.000000e+00   0.000000e+00   2.364866e+02   7.336016e-05   4.980801e+01
2.080000e+01   -7.494791e-01   0.000000e+00   0.000000e+00   2.365387e+02   7.229784e-05   4.909755e+01
2.090000e+01   -6.715605e-01   0.000000e+00   0.000000e+00   2.365911e+02   7.125087e-05   4.839727e+01
2.100000e+01   -6.073603e-01   0.000000e+00   0.000000e+00   2.366427e+02   7.021937e-05   4.770703e+01
2.110000e+01   -6.079824e-01   0.000000e+00   0.000000e+00   2.366924e+02   6.920346e-05   4.702670e+01
2.120000e+01   -7.274475e-01   0.000000e+00   0.000000e+00   2.367390e+02   6.820325e-05   4.635614e+01
2.130000e+01   -9.778338e-01   0.000000e+00   0.000000e+00   2.367814e+02   6.721881e-05   4.569522e+01
2.140000e+01   -1.295160e+00   0.000000e+00   0.000000e+00   2.368185e+02   6.625019e-05   4.504380e+01
2.150000e+01   -1.610961e+00   0.000000e+00   0.000000e+00   2.368490e+02   6.529746e-05   4.440177e+01
2.160000e+01   -1.856770e+00   0.000000e+00   0.000000e+00   2.368720e+02   6.436062e-05   4.376897e+01
2.170000e+01   -1.956237e+00   0.000000e+00   0.000000e+00   2.368871e+02   6.343949e-05   4.314529e+01
2.180000e+01   -1.857440e+00   0.000000e+00   0.000000e+00   2.368956e+02   6.253340e-05   4.253060e+01
2.190000e+01   -1.613432e+00   0.000000e+00   0.000000e+00   2.368994e+02   6.164169e-05   4.192479e+01
2.200000e+01   -1.285970e+00   0.000000e+00   0.000000e+00   2.369001e+02   6.076370e-05   4.132775e+01
2.210000e+01   -9.368141e-01   0.000000e+00   0.000000e+00   2.368992e+02   5.989880e-05   4.073936e+01
2.220000e+01   -5.705922e-01   0.000000e+00   0.000000e+00   2.368986e+02   5.904640e-05   4.015950e+01
2.230000e+01   7.683112e-03   0.000000e+00   0.000000e+00   2.368998e+02   5.820591e-05   3.958805e+01
2.240000e+01   6.715936e-01   0.000000e+00   0.000000e+00   2.369045e+02   5.737679e-05   3.902491e+01
2.250000e+01   1.246899e+00   0.000000e+00   0.000000e+00   2.369144e+02   5.655849e-05   3.846995e+01
2.260000e+01   1.559359e+00   0.000000e+00   0.000000e+00   2.369311e+02   5.575052e-05   3.792307e+01
2.270000e+01   1.331444e+00   0.000000e+00   0.000000e+00   2.369564e+02   5.495239e-05   3.738414e+01
2.280000e+01   5.542503e-02   0.000000e+00   0.000000e+00   2.369918e+02   5.416362e-05   3.685304e+01
2.290000e+01   -1.814911e+00   0.000000e+00   0.000000e+00   2.370381e+02   5.338398e-05   3.632967e+01
2.300000e+01   -3.691043e+00   0.000000e+00   0.000000e+00   2.370944e+02   5.261363e-05   3.581392e+01
2.310000e+01   -4.984488e+00   0.000000e+00   0.000000e+00   2.371594e+02   5.185274e-05   3.530567e+01
2.320000e+01   -5.252635e+00   0.000000e+00   0.000000e+00   2.372321e+02   5.110147e-05   3.480481e+01
2.330000e+01   -5.146272e+00   0.000000e+00   0.000000e+00   2.373114e+02   5.035998e-05   3.431125e+01
2.340000e+01   -4.894603e+00   0.000000e+00   0.000000e+00   2.373960e+02   4.962839e-05   3.382486e+01
2.350000e+01   -4.567518e+00   0.000000e+00   0.000000e+00   2.374849e+02   4.890681e-05   3.334554e+01
2.360000e+01   -4.234905e+00   0.000000e+00   0.000000e+00   2.375769e+02   4.819535e-05   3.287318e+01
2.370000e+01   -3.941176e+00   0.000000e+00   0.000000e+00   2.376708e+02   4.749408e-05   3.240766e+01
2.380000e+01   -3.561807e+00   0.000000e+00   0.000000e+00   2.377655e+02   4.680308e-05   3.194889e+01
2.390000e+01   -3.144971e+00   0.000000e+00   0.000000e+00   2.378600e+02   4.612241e-05   3.149675e+01
2.400000e+01   -2.783644e+00   0.000000e+00   0.000000e+00   2.379529e+02   4.545210e-05   3.105112e+01
2.410000e+01   -2.570779e+00   0.000000e+00   0.000000e+00   2.380435e+02   4.479214e-05   3.061192e+01
2.420000e+01   -2.574365e+00   0.000000e+00   0.000000e+00   2.381319e+02   4.414235e-05   3.017904e+01
2.430000e+01   -2.626393e+00   0.000000e+00   0.000000e+00   2.382182e+02   4.350253e-05   2.975239e+01
2.440000e+01   -2.675386e+00   0.000000e+00   0.000000e+00   2.383026e+02   4.287249e-05   2.933188e+01
2.450000e+01   -2.720217e+00   0.000000e+00   0.000000e+00   2.383855e+02   4.225202e-05   2.891743e+01
2.460000e+01   -2.759758e+00   0.000000e+00   0.000000e+00   2.384669e+02   4.164094e-05   2.850894e+01
2.470000e+01   -2.763302e+00   0.000000e+00   0.000000e+00   2.385472e+02   4.103905e-05   2.810632e+01
2.480000e+01   -2.465516e+00   0.000000e+00   0.000000e+00   2.386264e+02   4.044618e-05   2.770948e+01
2.490000e+01   -1.950849e+00   0.000000e+00   0.000000e+00   2.387050e+02   3.986213e-05   2.731834e+01
2.500000e+01   -1.404449e+00   0.000000e+00   0.000000e+00   2.387830e+02   3.928672e-05   2.693280e+01
2.510000e+01   -1.011465e+00   0.000000e+00   0.000000e+00   2.388607e+02   3.871978e-05   2.655277e+01
2.520000e+01   -9.857390e-01   0.000000e+00   0.000000e+00   2.389383e+02   3.816112e-05   2.617817e+01
2.530000e+01   -1.706890e+00   0.000000e+00   0.000000e+00   2.390160e+02   3.761059e-05   2.580890e+01
2.540000e+01   -2.917450e+00   0.000000e+00   0.000000e+00   2.390938e+02   3.706806e-05   2.544488e+01
2.550000e+01   -4.200937e+00   0.000000e+00   0.000000e+00   2.391714e+02   3.653346e-05   2.508606e+01
2.560000e+01   -5.140880e+00   0.000000e+00   0.000000e+00   2.392488e+02   3.600671e-05   2.473236e+01
2.570000e+01   -5.349277e+00   0.000000e+00   0.000000e+00   2.393256e+02   3.548774e-05   2.438371e+01
2.580000e+01   -5.010362e+00   0.000000e+00   0.000000e+00   2.394017e+02   3.497646e-05   2.404006e+01
2.590000e+01   -4.356675e+00   0.000000e+00   0.000000e+00   2.394769e+02   3.447280e-05   2.370132e+01
2.600000e+01   -3.509685e+00   0.000000e+00   0.000000e+00   2.395510e+02   3.397667e-05   2.336744e+01
2.610000e+01   -2.590860e+00   0.000000e+00   0.000000e+00   2.396238e+02   3.348798e-05   2.303835e+01
2.620000e+01   -1.693640e+00   0.000000e+00   0.000000e+00   2.396952e+02   3.300666e-05   2.271398e+01
2.630000e+01   -4.482570e-01   0.000000e+00   0.000000e+00   2.397648e+02   3.253262e-05   2.239426e+01
2.640000e+01   1.041429e+00   0.000000e+00   0.000000e+00   2.398325e+02   3.206576e-05   2.207913e+01
2.650000e+01   2.440452e+00   0.000000e+00   0.000000e+00   2.398982e+02   3.160601e-05   2.176852e+01
2.660000e+01   3.414105e+00   0.000000e+00   0.000000e+00   2.399616e+02   3.115325e-05   2.146236e+01
2.670000e+01   3.625434e+00   0.000000e+00   0.000000e+00   2.400231e+02   3.070737e-05   2.116060e+01
2.680000e+01   2.837347e+00   0.000000e+00   0.000000e+00   2.400828e+02   3.026822e-05   2.086317e+01
2.690000e+01   1.322109e+00   0.000000e+00   0.000000e+00   2.401410e+02   2.983568e-05   2.057002e+01
2.700000e+01   -5.418128e-01   0.000000e+00   0.000000e+00   2.401981e+02   2.940961e-05   2.028108e+01
2.710000e+01   -2.375953e+00   0.000000e+00   0.000000e+00   2.402542e+02   2.898988e-05   1.999630e+01
2.720000e+01   -3.822275e+00   0.000000e+00   0.000000e+00   2.403097e+02   2.857636e-05   1.971563e+01
2.730000e+01   -5.216049e+00   0.000000e+00   0.000000e+00   2.403648e+02   2.816893e-05   1.943899e+01
2.740000e+01   -6.653004e+00   0.000000e+00   0.000000e+00   2.404199e+02   2.776747e-05   1.916633e+01
2.750000e+01   -7.919597e+00   0.000000e+00   0.000000e+00   2.404751e+02   2.737185e-05   1.889760e+01
2.760000e+01   -8.802286e+00   0.000000e+00   0.000000e+00   2.405308e+02   2.698196e-05   1.863273e+01
2.770000e+01   -9.091867e+00   0.000000e+00   0.000000e+00   2.405872e+02   2.659768e-05   1.837167e+01
2.780000e+01   -8.850319e+00   0.000000e+00   0.000000e+00   2.406447e+02   2.621889e-05   1.811436e+01
2.790000e+01   -8.268407e+00   0.000000e+00   0.000000e+00   2.407035e+02   2.584548e-05   1.786073e+01
2.800000e+01   -7.467483e+00   0.000000e+00   0.000000e+00   2.407640e+02   2.547732e-05   1.761075e+01
2.810000e+01   -6.568990e+00   0.000000e+00   0.000000e+00   2.408268e+02   2.511432e-05   1.736435e+01
2.820000e+01   -5.686962e+00   0.000000e+00   0.000000e+00   2.408923e+02   2.475634e-05   1.712150e+01
2.830000e+01   -4.479041e+00   0.000000e+00   0.000000e+00   2.409610e+02   2.440328e-05   1.688214e+01
2.840000e+01   -2.954748e+00   0.000000e+00   0.000000e+00   2.410334e+02   2.405504e-05   1.664622e+01
2.850000e+01   -1.465362e+00   0.000000e+00   0.000000e+00   2.411099e+02   2.371150e-05   1.641370e+01
2.860000e+01   -3.621649e-01   0.000000e+00   0.000000e+00   2.411911e+02   2.337256e-05   1.618452e+01
2.870000e+01   5.232847e-03   0.000000e+00   0.000000e+00   2.412773e+02   2.303812e-05   1.595864e+01
2.880000e+01   -4.048738e-01   0.000000e+00   0.000000e+00   2.413691e+02   2.270809e-05   1.573601e+01
2.890000e+01   -1.324914e+00   0.000000e+00   0.000000e+00   2.414670e+02   2.238236e-05   1.551658e+01
2.900000e+01   -2.546900e+00   0.000000e+00   0.000000e+00   2.415713e+02   2.206084e-05   1.530029e+01
2.910000e+01   -3.862844e+00   0.000000e+00   0.000000e+00   2.416827e+02   2.174343e-05   1.508711e+01
2.920000e+01   -5.066839e+00   0.000000e+00   0.000000e+00   2.418014e+02   2.143007e-05   1.487698e+01
2.930000e+01   -6.441031e+00   0.000000e+00   0.000000e+00   2.419270e+02   2.112075e-05   1.466986e+01
2.940000e+01   -8.070521e+00   0.000000e+00   0.000000e+00   2.420586e+02   2.081550e-05   1.446571e+01
2.950000e+01   -9.625179e+00   0.000000e+00   0.000000e+00   2.421954e+02   2.051436e-05   1.426449e+01
2.960000e+01   -1.077488e+01   0.000000e+00   0.000000e+00   2.423366e+02   2.021735e-05   1.406616e+01
2.970000e+01   -1.118873e+01   0.000000e+00   0.000000e+00   2.424813e+02   1.992449e-05   1.387068e+01
2.980000e+01   -1.003809e+01   0.000000e+00   0.000000e+00   2.426288e+02   1.963579e-05   1.367802e+01
2.990000e+01   -7.418497e+00   0.000000e+00   0.000000e+00   2.427781e+02   1.935127e-05   1.348812e+01
3.000000e+01   -4.254616e+00   0.000000e+00   0.000000e+00   2.429285e+02   1.907093e-05   1.330095e+01
3.010000e+01   -1.471101e+00   0.000000e+00   0.000000e+00   2.430791e+02   1.879477e-05   1.311647e+01
3.020000e+01   7.392817e-03   0.000000e+00   0.000000e+00   2.432291e+02   1.852280e-05   1.293465e+01
3.030000e+01   4.927822e-01   0.000000e+00   0.000000e+00   2.433777e+02   1.825501e-05   1.275543e+01
3.040000e+01   9.037198e-01   0.000000e+00   0.000000e+00   2.435239e+02   1.799138e-05   1.257878e+01
3.050000e+01   1.225651e+00   0.000000e+00   0.000000e+00   2.436671e+02   1.773192e-05   1.240466e+01
3.060000e+01   1.444041e+00   0.000000e+00   0.000000e+00   2.438069e+02   1.747657e-05   1.223304e+01
3.070000e+01   1.544389e+00   0.000000e+00   0.000000e+00   2.439434e+02   1.722525e-05   1.206388e+01
3.080000e+01   1.290909e+00   0.000000e+00   0.000000e+00   2.440772e+02   1.697786e-05   1.189714e+01
3.090000e+01   5.590256e-01   0.000000e+00   0.000000e+00   2.442085e+02   1.673433e-05   1.173279e+01
3.100000e+01   -4.457941e-01   0.000000e+00   0.000000e+00   2.443378e+02   1.649456e-05   1.157081e+01
3.110000e+01   -1.517779e+00   0.000000e+00   0.000000e+00   2.444654e+02   1.625847e-05   1.141115e+01
3.120000e+01   -2.451157e+00   -0.000000e+00   -0.000000e+00   2.445917e+02   1.602599e-05   1.125379e+01
3.130000e+01   -3.285115e+00   -0.000000e+00   -0.000000e+00   2.447171e+02   1.579702e-05   1.109869e+01
3.140000e+01   -4.189635e+00   -0.000000e+00   -0.000000e+00   2.448420e+02   1.557149e-05   1.094582e+01
3.150000e+01   -5.055729e+00   -0.000000e+00   -0.000000e+00   2.449666e+02   1.534932e-05   1.079514e+01
3.160000e+01   -5.773230e+00   -0.000000e+00   -0.000000e+00   2.450915e+02   1.513044e-05   1.064663e+01
3.170000e+01   -6.231969e+00   -0.000000e+00   -0.000000e+00   2.452170e+02   1.491478e-05   1.050025e+01
3.180000e+01   -6.481599e+00   -0.000000e+00   -0.000000e+00   2.453434e+02   1.470225e-05   1.035596e+01
3.190000e+01   -6.703938e+00   -0.000000e+00   -0.000000e+00   2.454711e+02   1.449279e-05   1.021374e+01
3.200000e+01   -6.888585e+00   -0.000000e+00   -0.000000e+00   2.456003e+02   1.428635e-05   1.007355e+01
3.210000e+01   -7.022935e+00   -0.000000e+00   -0.000000e+00   2.457310e+02   1.408289e-05   9.935368e+00
3.220000e+01   -7.094369e+00   -0.000000e+00   -0.000000e+00   2.458631e+02   1.388236e-05   9.799165e+00
3.230000e+01   -7.110486e+00   -0.000000e+00   -0.000000e+00   2.459966e+02   1.368474e-05   9.664915e+00
3.240000e+01   -7.100905e+00   -0.000000e+00   -0.000000e+00   2.461316e+02   1.348998e-05   9.532589e+00
3.250000e+01   -7.069106e+00   -0.000000e+00   -0.000000e+00   2.462679e+02   1.329804e-05   9.402161e+00
3.260000e+01   -7.018134e+00   -0.000000e+00   -0.000000e+00   2.464056e+02   1.310888e-05   9.273604e+00
3.270000e+01   -6.951039e+00   -0.000000e+00   -0.000000e+00   2.465445e+02   1.292248e-05   9.146890e+00
3.280000e+01   -6.803739e+00   -0.000000e+00   -0.000000e+00   2.466848e+02   1.273878e-05   9.021993e+00
3.290000e+01   -6.474068e+00   -0.000000e+00   -0.000000e+00   2.468264e+02   1.255775e-05   8.898885e+00
3.300000e+01   -5.994906e+00   -0.000000e+00   -0.000000e+00   2.469691e+02   1.237935e-05   8.777538e+00
3.310000e+01   -5.401968e+00   -0.000000e+00   -0.000000e+00   2.471132e+02   1.220354e-05   8.657927e+00
3.320000e+01   -4.730970e+00   -0.000000e+00   -0.000000e+00   2.472584e+02   1.203028e-05   8.540023e+00
3.330000e+01   -3.718372e+00   -0.000000e+00   -0.000000e+00   2.474047e+02   1.185954e-05   8.423799e+00
3.340000e+01   -2.029363e+00   -0.000000e+00   -0.000000e+00   2.475525e+02   1.169126e-05   8.309231e+00
3.350000e+01   -1.349628e-01   -0.000000e+00   -0.000000e+00   2.477022e+02   1.152538e-05   8.196296e+00
3.360000e+01   1.472023e+00   -0.000000e+00   -0.000000e+00   2.478546e+02   1.136186e-05   8.084972e+00
3.370000e+01   2.298788e+00   -0.000000e+00   -0.000000e+00   2.480102e+02   1.120061e-05   7.975239e+00
3.380000e+01   1.871367e+00   -0.000000e+00   -0.000000e+00   2.481699e+02   1.104160e-05   7.867074e+00
3.390000e+01   2.889753e-01   -0.000000e+00   -0.000000e+00   2.483341e+02   1.088475e-05   7.760456e+00
3.400000e+01   -1.894583e+00   -0.000000e+00   -0.000000e+00   2.485036e+02   1.073002e-05   7.655363e+00
3.410000e+01   -4.117680e+00   -0.000000e+00   -0.000000e+00   2.486790e+02   1.057736e-05   7.551774e+00
3.420000e+01   -5.818691e+00   -0.000000e+00   -0.000000e+00   2.488610e+02   1.042672e-05   7.449667e+00
3.430000e+01   -6.806371e+00   -0.000000e+00   -0.000000e+00   2.490502e+02   1.027804e-05   7.349020e+00
3.440000e+01   -7.717710e+00   -0.000000e+00   -0.000000e+00   2.492473e+02   1.013127e-05   7.249812e+00
3.450000e+01   -8.514696e+00   -0.000000e+00   -0.000000e+00   2.494530e+02   9.986373e-06   7.152022e+00
3.460000e+01   -9.116031e+00   -0.000000e+00   -0.000000e+00   2.496678e+02   9.843299e-06   7.055627e+00
3.470000e+01   -9.440419e+00   -0.000000e+00   -0.000000e+00   2.498925e+02   9.702005e-06   6.960606e+00
3.480000e+01   -9.460658e+00   -0.000000e+00   -0.000000e+00   2.501276e+02   9.562448e-06   6.866938e+00
3.490000e+01   -9.310624e+00   -0.000000e+00   -0.000000e+00   2.503732e+02   9.424617e-06   6.774604e+00
3.500000e+01   -9.038324e+00   -0.000000e+00   -0.000000e+00   2.506285e+02   9.288525e-06   6.683586e+00
3.510000e+01   -8.683643e+00   -0.000000e+00   -0.000000e+00   2.508928e+02   9.154183e-06   6.593867e+00
3.520000e+01   -8.286466e+00   -0.000000e+00   -0.000000e+00   2.511655e+02   9.021601e-06   6.505430e+00
3.530000e+01   -7.787318e+00   -0.000000e+00   -0.000000e+00   2.514460e+02   8.890787e-06   6.418259e+00
3.540000e+01   -6.973371e+00   -0.000000e+00   -0.000000e+00   2.517334e+02   8.761748e-06   6.332336e+00
3.550000e+01   -6.008501e+00   -0.000000e+00   -0.000000e+00   2.520272e+02   8.634488e-06   6.247644e+00
3.560000e+01   -5.084232e+00   -0.000000e+00   -0.000000e+00   2.523266e+02   8.509009e-06   6.164167e+00
3.570000e+01   -4.392088e+00   -0.000000e+00   -0.000000e+00   2.526310e+02   8.385314e-06   6.081886e+00
3.580000e+01   -4.017929e+00   -0.000000e+00   -0.000000e+00   2.529397e+02   8.263401e-06   6.000786e+00
3.590000e+01   -3.693193e+00   -0.000000e+00   -0.000000e+00   2.532519e+02   8.143269e-06   5.920848e+00
3.600000e+01   -3.410591e+00   -0.000000e+00   -0.000000e+00   2.535672e+02   8.024914e-06   5.842057e+00
3.610000e+01   -3.194508e+00   -0.000000e+00   -0.000000e+00   2.538846e+02   7.908333e-06   5.764394e+00
3.620000e+01   -3.069324e+00   -0.000000e+00   -0.000000e+00   2.542037e+02   7.793518e-06   5.687844e+00
3.630000e+01   -3.138253e+00   -0.000000e+00   -0.000000e+00   2.545236e+02   7.680462e-06   5.612388e+00
3.640000e+01   -3.632793e+00   -0.000000e+00   -0.000000e+00   2.548438e+02   7.569153e-06   5.538011e+00
3.650000e+01   -4.345942e+00   -0.000000e+00   -0.000000e+00   2.551644e+02   7.459570e-06   5.464698e+00
3.660000e+01   -5.028444e+00   -0.000000e+00   -0.000000e+00   2.554850e+02   7.351689e-06   5.392434e+00
3.670000e+01   -5.431042e+00   -0.000000e+00   -0.000000e+00   2.558056e+02   7.245489e-06   5.321205e+00
3.680000e+01   -5.256766e+00   -0.000000e+00   -0.000000e+00   2.561260e+02   7.140945e-06   5.250996e+00
3.690000e+01   -4.308323e+00   -0.000000e+00   -0.000000e+00   2.564461e+02   7.038037e-06   5.181793e+00
3.700000e+01   -2.956288e+00   -0.000000e+00   -0.000000e+00   2.567659e+02   6.936741e-06   5.113581e+00
3.710000e+01   -1.620064e+00   -0.000000e+00   -0.000000e+00   2.570851e+02   6.837033e-06   5.046346e+00
3.720000e+01   -7.190562e-01   -0.000000e+00   -0.000000e+00   2.574037e+02   6.738891e-06   4.980072e+00
3.730000e+01   -5.129302e-01   -0.000000e+00   -0.000000e+00   2.577215e+02   6.642293e-06   4.914746e+00
3.740000e+01   -4.159619e-01   -0.000000e+00   -0.000000e+00   2.580384e+02   6.547214e-06   4.850353e+00
3.750000e+01   -3.218960e-01   -0.000000e+00   -0.000000e+00   2.583543e+02   6.453632e-06   4.786878e+00
3.760000e+01   -2.315842e-01   -0.000000e+00   -0.000000e+00   2.586691e+02   6.361524e-06   4.724306e+00
3.770000e+01   -1.458784e-01   -0.000000e+00   -0.000000e+00   2.589826e+02   6.270866e-06   4.662624e+00
3.780000e+01   -1.117082e-01   -0.000000e+00   -0.000000e+00   2.592947e+02   6.181635e-06   4.601817e+00
3.790000e+01   -3.734889e-01   -0.000000e+00   -0.000000e+00   2.596053e+02   6.093808e-06   4.541869e+00
3.800000e+01   -8.937454e-01   -0.000000e+00   -0.000000e+00   2.599144e+02   6.007360e-06   4.482769e+00
3.810000e+01   -1.584760e+00   -0.000000e+00   -0.000000e+00   2.602222e+02   5.922265e-06   4.424504e+00
3.820000e+01   -2.358772e+00   -0.000000e+00   -0.000000e+00   2.605290e+02   5.838497e-06   4.367063e+00
3.830000e+01   -3.209746e+00   -0.000000e+00   -0.000000e+00   2.608350e+02   5.756028e-06   4.310436e+00
3.840000e+01   -4.530537e+00   -0.000000e+00   -0.000000e+00   2.611406e+02   5.674833e-06   4.254611e+00
3.850000e+01   -6.123697e+00   -0.000000e+00   -0.000000e+00   2.614459e+02   5.594888e-06   4.199577e+00
3.860000e+01   -7.674261e+00   -0.000000e+00   -0.000000e+00   2.617511e+02   5.516168e-06   4.145323e+00
3.870000e+01   -8.867267e+00   -0.000000e+00   -0.000000e+00   2.620566e+02   5.438649e-06   4.091839e+00
3.880000e+01   -9.469258e+00   -0.000000e+00   -0.000000e+00   2.623626e+02   5.362306e-06   4.039113e+00
3.890000e+01   -9.909288e+00   -0.000000e+00   -0.000000e+00   2.626694e+02   5.287117e-06   3.987133e+00
3.900000e+01   -1.027926e+01   -0.000000e+00   -0.000000e+00   2.629771e+02   5.213058e-06   3.935889e+00
3.910000e+01   -1.054680e+01   -0.000000e+00   -0.000000e+00   2.632861e+02   5.140107e-06   3.885371e+00
3.920000e+01   -1.067955e+01   -0.000000e+00   -0.000000e+00   2.635966e+02   5.068241e-06   3.835565e+00
3.930000e+01   -1.055283e+01   -0.000000e+00   -0.000000e+00   2.639088e+02   4.997438e-06   3.786463e+00
3.940000e+01   -9.441582e+00   -0.000000e+00   -0.000000e+00   2.642231e+02   4.927677e-06   3.738052e+00
3.950000e+01   -7.569902e+00   -0.000000e+00   -0.000000e+00   2.645395e+02   4.858936e-06   3.690321e+00
3.960000e+01   -5.399220e+00   -0.000000e+00   -0.000000e+00   2.648585e+02   4.791196e-06   3.643260e+00
3.970000e+01   -3.390942e+00   -0.000000e+00   -0.000000e+00   2.651797e+02   4.724444e-06   3.596858e+00
3.980000e+01   -1.927353e+00   -0.000000e+00   -0.000000e+00   2.655027e+02   4.658674e-06   3.551106e+00
3.990000e+01   -5.239889e-01   -0.000000e+00   -0.000000e+00   2.658272e+02   4.593878e-06   3.505994e+00
4.000000e+01   8.461090e-01   -0.000000e+00   -0.000000e+00   2.661526e+02   4.530048e-06   3.461512e+00
4.010000e+01   1.991963e+00   -0.000000e+00   -0.000000e+00   2.664785e+02   4.467177e-06   3.417651e+00
4.020000e+01   2.722596e+00   -0.000000e+00   -0.000000e+00   2.668045e+02   4.405255e-06   3.374400e+00
4.030000e+01   2.872410e+00   -0.000000e+00   -0.000000e+00   2.671303e+02   4.344274e-06   3.331752e+00
4.040000e+01   2.666631e+00   -0.000000e+00   -0.000000e+00   2.674552e+02   4.284224e-06   3.289694e+00
4.050000e+01   2.285348e+00   -0.000000e+00   -0.000000e+00   2.677789e+02   4.225096e-06   3.248219e+00
4.060000e+01   1.828695e+00   -0.000000e+00   -0.000000e+00   2.681010e+02   4.166879e-06   3.207316e+00
4.070000e+01   1.396803e+00   -0.000000e+00   -0.000000e+00   2.684211e+02   4.109564e-06   3.166976e+00
4.080000e+01   1.083264e+00   -0.000000e+00   -0.000000e+00   2.687386e+02   4.053140e-06   3.127188e+00
4.090000e+01   8.489601e-01   -0.000000e+00   -0.000000e+00   2.690532e+02   3.997597e-06   3.087944e+00
4.100000e+01   6.408217e-01   -0.000000e+00   -0.000000e+00   2.693644e+02   3.942922e-06   3.049234e+00
4.110000e+01   4.309275e-01   -0.000000e+00   -0.000000e+00   2.696718e+02   3.889105e-06   3.011048e+00
4.120000e+01   1.913562e-01   -0.000000e+00   -0.000000e+00   2.699750e+02   3.836135e-06   2.973376e+00
4.130000e+01   -1.039039e-01   -0.000000e+00   -0.000000e+00   2.702735e+02   3.783999e-06   2.936208e+00
4.140000e+01   -4.429841e-01   -0.000000e+00   -0.000000e+00   2.705673e+02   3.732683e-06   2.899537e+00
4.150000e+01   -8.310732e-01   -0.000000e+00   -0.000000e+00   2.708567e+02   3.682166e-06   2.863356e+00
4.160000e+01   -1.286984e+00   -0.000000e+00   -0.000000e+00   2.711424e+02   3.632430e-06   2.827659e+00
4.170000e+01   -1.829531e+00   -0.000000e+00   -0.000000e+00   2.714247e+02   3.583454e-06   2.792438e+00
4.180000e+01   -2.500828e+00   -0.000000e+00   -0.000000e+00   2.717042e+02   3.535220e-06   2.757688e+00
4.190000e+01   -3.782019e+00   -0.000000e+00   -0.000000e+00   2.719814e+02   3.487710e-06   2.723403e+00
4.200000e+01   -5.520900e+00   -0.000000e+00   -0.000000e+00   2.722567e+02   3.440907e-06   2.689576e+00
4.210000e+01   -7.267818e+00   -0.000000e+00   -0.000000e+00   2.725307e+02   3.394792e-06   2.656201e+00
4.220000e+01   -8.573124e+00   -0.000000e+00   -0.000000e+00   2.728038e+02   3.349349e-06   2.623272e+00
4.230000e+01   -8.998140e+00   -0.000000e+00   -0.000000e+00   2.730766e+02   3.304562e-06   2.590782e+00
4.240000e+01   -8.609936e+00   -0.000000e+00   -0.000000e+00   2.733495e+02   3.260415e-06   2.558725e+00
4.250000e+01   -7.709737e+00   -0.000000e+00   -0.000000e+00   2.736231e+02   3.216891e-06   2.527094e+00
4.260000e+01   -6.491864e+00   -0.000000e+00   -0.000000e+00   2.738978e+02   3.173975e-06   2.495884e+00
4.270000e+01   -5.150637e+00   -0.000000e+00   -0.000000e+00   2.741741e+02   3.131654e-06   2.465088e+00
4.280000e+01   -3.863443e+00   -0.000000e+00   -0.000000e+00   2.744525e+02   3.089911e-06   2.434700e+00
4.290000e+01   -2.116510e+00   -0.000000e+00   -0.000000e+00   2.747335e+02   3.048732e-06   2.404713e+00
4.300000e+01   4.318415e-02   -0.000000e+00   -0.000000e+00   2.750176e+02   3.008104e-06   2.375121e+00
4.310000e+01   2.109232e+00   -0.000000e+00   -0.000000e+00   2.753053e+02   2.968014e-06   2.345918e+00
4.320000e+01   3.575594e+00   -0.000000e+00   -0.000000e+00   2.755967e+02   2.928452e-06   2.317098e+00
4.330000e+01   3.947428e+00   -0.000000e+00   -0.000000e+00   2.758909e+02   2.889421e-06   2.288656e+00
4.340000e+01   3.576890e+00   -0.000000e+00   -0.000000e+00   2.761872e+02   2.850923e-06   2.260588e+00
4.350000e+01   2.949682e+00   -0.000000e+00   -0.000000e+00   2.764846e+02   2.812960e-06   2.232888e+00
4.360000e+01   2.189233e+00   -0.000000e+00   -0.000000e+00   2.767823e+02   2.775534e-06   2.205552e+00
4.370000e+01   1.418968e+00   -0.000000e+00   -0.000000e+00   2.770794e+02   2.738647e-06   2.178576e+00
4.380000e+01   7.613771e-01   -0.000000e+00   -0.000000e+00   2.773749e+02   2.702299e-06   2.151954e+00
4.390000e+01   2.013796e-01   -0.000000e+00   -0.000000e+00   2.776681e+02   2.666489e-06   2.125681e+00
4.400000e+01   -3.331050e-01   -0.000000e+00   -0.000000e+00   2.779580e+02   2.631219e-06   2.099754e+00
4.410000e+01   -8.568748e-01   -0.000000e+00   -0.000000e+00   2.782438e+02   2.596486e-06   2.074168e+00
4.420000e+01   -1.384728e+00   -0.000000e+00   -0.000000e+00   2.785245e+02   2.562291e-06   2.048917e+00
4.430000e+01   -1.931422e+00   -0.000000e+00   -0.000000e+00   2.787994e+02   2.528632e-06   2.023997e+00
4.440000e+01   -2.497506e+00   -0.000000e+00   -0.000000e+00   2.790675e+02   2.495507e-06   1.999403e+00
4.450000e+01   -3.072709e+00   -0.000000e+00   -0.000000e+00   2.793279e+02   2.462913e-06   1.975130e+00
4.460000e+01   -3.652001e+00   -0.000000e+00   -0.000000e+00   2.795798e+02   2.430850e-06   1.951175e+00
4.470000e+01   -4.230357e+00   -0.000000e+00   -0.000000e+00   2.798223e+02   2.399313e-06   1.927532e+00
4.480000e+01   -4.802837e+00   -0.000000e+00   -0.000000e+00   2.800545e+02   2.368300e-06   1.904196e+00
4.490000e+01   -5.434734e+00   -0.000000e+00   -0.000000e+00   2.802755e+02   2.337808e-06   1.881162e+00
4.500000e+01   -6.121678e+00   -0.000000e+00   -0.000000e+00   2.804845e+02   2.307832e-06   1.858427e+00
4.510000e+01   -6.770462e+00   -0.000000e+00   -0.000000e+00   2.806811e+02   2.278366e-06   1.835985e+00
4.520000e+01   -7.288605e+00   -0.000000e+00   -0.000000e+00   2.808658e+02   2.249396e-06   1.813832e+00
4.530000e+01   -7.583672e+00   -0.000000e+00   -0.000000e+00   2.810390e+02   2.220908e-06   1.791965e+00
4.540000e+01   -7.725963e+00   -0.000000e+00   -0.000000e+00   2.812011e+02   2.192890e-06   1.770379e+00
4.550000e+01   -7.846540e+00   -0.000000e+00   -0.000000e+00   2.813525e+02   2.165329e-06   1.749069e+00
4.560000e+01   -7.944102e+00   -0.000000e+00   -0.000000e+00   2.814937e+02   2.138212e-06   1.728032e+00
4.570000e+01   -8.017349e+00   -0.000000e+00   -0.000000e+00   2.816250e+02   2.111529e-06   1.707264e+00
4.580000e+01   -8.064983e+00   -0.000000e+00   -0.000000e+00   2.817470e+02   2.085267e-06   1.686760e+00
4.590000e+01   -8.073307e+00   -0.000000e+00   -0.000000e+00   2.818601e+02   2.059415e-06   1.666517e+00
4.600000e+01   -8.041671e+00   -0.000000e+00   -0.000000e+00   2.819646e+02   2.033961e-06   1.646529e+00
4.610000e+01   -7.991671e+00   -0.000000e+00   -0.000000e+00   2.820610e+02   2.008895e-06   1.626794e+00
4.620000e+01   -7.944923e+00   -0.000000e+00   -0.000000e+00   2.821497e+02   1.984206e-06   1.607306e+00
4.630000e+01   -7.923041e+00   -0.000000e+00   -0.000000e+00   2.822312e+02   1.959883e-06   1.588063e+00
4.640000e+01   -8.300155e+00   -0.000000e+00   -0.000000e+00   2.823060e+02   1.935917e-06   1.569058e+00
4.650000e+01   -9.294124e+00   -0.000000e+00   -0.000000e+00   2.823743e+02   1.912297e-06   1.550289e+00
4.660000e+01   -1.051325e+01   -0.000000e+00   -0.000000e+00   2.824367e+02   1.889013e-06   1.531752e+00
4.670000e+01   -1.156375e+01   -0.000000e+00   -0.000000e+00   2.824935e+02   1.866056e-06   1.513441e+00
4.680000e+01   -1.205181e+01   -0.000000e+00   -0.000000e+00   2.825453e+02   1.843417e-06   1.495354e+00
4.690000e+01   -1.148626e+01   -0.000000e+00   -0.000000e+00   2.825924e+02   1.821085e-06   1.477485e+00
4.700000e+01   -9.935214e+00   -0.000000e+00   -0.000000e+00   2.826352e+02   1.799053e-06   1.459831e+00
4.710000e+01   -8.005313e+00   -0.000000e+00   -0.000000e+00   2.826738e+02   1.777315e-06   1.442389e+00
4.720000e+01   -6.306035e+00   -0.000000e+00   -0.000000e+00   2.827084e+02   1.755867e-06   1.425157e+00
4.730000e+01   -5.446850e+00   -0.000000e+00   -0.000000e+00   2.827389e+02   1.734704e-06   1.408132e+00
4.740000e+01   -5.397771e+00   -0.000000e+00   -0.000000e+00   2.827653e+02   1.713823e-06   1.391312e+00
4.750000e+01   -5.366241e+00   -0.000000e+00   -0.000000e+00   2.827878e+02   1.693218e-06   1.374694e+00
4.760000e+01   -5.338968e+00   -0.000000e+00   -0.000000e+00   2.828064e+02   1.672887e-06   1.358276e+00
4.770000e+01   -5.315994e+00   -0.000000e+00   -0.000000e+00   2.828210e+02   1.652824e-06   1.342056e+00
4.780000e+01   -5.297358e+00   -0.000000e+00   -0.000000e+00   2.828318e+02   1.633026e-06   1.326031e+00
4.790000e+01   -5.732195e+00   -0.000000e+00   -0.000000e+00   2.828388e+02   1.613489e-06   1.310199e+00
4.800000e+01   -7.151471e+00   -0.000000e+00   -0.000000e+00   2.828420e+02   1.594208e-06   1.294558e+00
4.810000e+01   -9.048284e+00   -0.000000e+00   -0.000000e+00   2.828415e+02   1.575180e-06   1.279104e+00
4.820000e+01   -1.089533e+01   -0.000000e+00   -0.000000e+00   2.828373e+02   1.556401e-06   1.263835e+00
4.830000e+01   -1.216529e+01   -0.000000e+00   -0.000000e+00   2.828295e+02   1.537866e-06   1.248750e+00
4.840000e+01   -1.275255e+01   -0.000000e+00   -0.000000e+00   2.828181e+02   1.519572e-06   1.233846e+00
4.850000e+01   -1.326171e+01   -0.000000e+00   -0.000000e+00   2.828032e+02   1.501515e-06   1.219120e+00
4.860000e+01   -1.367422e+01   -0.000000e+00   -0.000000e+00   2.827847e+02   1.483692e-06   1.204570e+00
4.870000e+01   -1.394839e+01   -0.000000e+00   -0.000000e+00   2.827627e+02   1.466097e-06   1.190193e+00
4.880000e+01   -1.404253e+01   -0.000000e+00   -0.000000e+00   2.827374e+02   1.448729e-06   1.175987e+00
4.890000e+01   -1.384264e+01   -0.000000e+00   -0.000000e+00   2.827086e+02   1.431581e-06   1.161950e+00
4.900000e+01   -1.325922e+01   -0.000000e+00   -0.000000e+00   2.826766e+02   1.414653e-06   1.148079e+00
4.910000e+01   -1.247104e+01   -0.000000e+00   -0.000000e+00   2.826413e+02   1.397938e-06   1.134373e+00
4.920000e+01   -1.166565e+01   -0.000000e+00   -0.000000e+00   2.826030e+02   1.381434e-06   1.120829e+00
4.930000e+01   -1.103062e+01   -0.000000e+00   -0.000000e+00   2.825619e+02   1.365138e-06   1.107446e+00
4.940000e+01   -1.066713e+01   -0.000000e+00   -0.000000e+00   2.825182e+02   1.349045e-06   1.094221e+00
4.950000e+01   -1.041249e+01   -0.000000e+00   -0.000000e+00   2.824719e+02   1.333152e-06   1.081154e+00
4.960000e+01   -1.019266e+01   -0.000000e+00   -0.000000e+00   2.824233e+02   1.317457e-06   1.068241e+00
4.970000e+01   -9.941988e+00   -0.000000e+00   -0.000000e+00   2.823726e+02   1.301955e-06   1.055482e+00
4.980000e+01   -9.594848e+00   -0.000000e+00   -0.000000e+00   2.823199e+02   1.286643e-06   1.042874e+00
4.990000e+01   -8.644479e+00   -0.000000e+00   -0.000000e+00   2.822654e+02   1.271518e-06   1.030416e+00
5.000000e+01   -6.217362e+00   -0.000000e+00   -0.000000e+00   2.822093e+02   1.256576e-06   1.018105e+00
5.010000e+01   -3.128948e+00   -0.000000e+00   -0.000000e+00   2.821517e+02   1.241816e-06   1.005940e+00
5.020000e+01   -2.903639e-01   -0.000000e+00   -0.000000e+00   2.820928e+02   1.227232e-06   9.939191e-01
5.030000e+01   1.387265e+00   -0.000000e+00   -0.000000e+00   2.820328e+02   1.212823e-06   9.820404e-01
5.040000e+01   1.498227e+00   -0.000000e+00   -0.000000e+00   2.819719e+02   1.198585e-06   9.703020e-01
5.050000e+01   1.224919e+00   -0.000000e+00   -0.000000e+00   2.819102e+02   1.184515e-06   9.587020e-01
5.060000e+01   7.385237e-01   -0.000000e+00   -0.000000e+00   2.818479e+02   1.170610e-06   9.472386e-01
5.070000e+01   1.019079e-01   -0.000000e+00   -0.000000e+00   2.817851e+02   1.156868e-06   9.359100e-01
5.080000e+01   -6.220618e-01   -0.000000e+00   -0.000000e+00   2.817221e+02   1.143284e-06   9.247142e-01
5.090000e+01   -1.598402e+00   -0.000000e+00   -0.000000e+00   2.816591e+02   1.129857e-06   9.136496e-01
5.100000e+01   -3.378092e+00   -0.000000e+00   -0.000000e+00   2.815961e+02   1.116583e-06   9.027141e-01
5.110000e+01   -5.494831e+00   -0.000000e+00   -0.000000e+00   2.815331e+02   1.103462e-06   8.919062e-01
5.120000e+01   -7.394728e+00   -0.000000e+00   -0.000000e+00   2.814696e+02   1.090493e-06   8.812244e-01
5.130000e+01   -8.523880e+00   -0.000000e+00   -0.000000e+00   2.814050e+02   1.077676e-06   8.706673e-01
5.140000e+01   -8.626749e+00   -0.000000e+00   -0.000000e+00   2.813389e+02   1.065011e-06   8.602335e-01
5.150000e+01   -8.612289e+00   -0.000000e+00   -0.000000e+00   2.812707e+02   1.052500e-06   8.499216e-01
5.160000e+01   -8.598116e+00   -0.000000e+00   -0.000000e+00   2.811999e+02   1.040141e-06   8.397302e-01
5.170000e+01   -8.584002e+00   -0.000000e+00   -0.000000e+00   2.811261e+02   1.027935e-06   8.296578e-01
5.180000e+01   -8.569718e+00   -0.000000e+00   -0.000000e+00   2.810487e+02   1.015881e-06   8.197031e-01
5.190000e+01   -8.498899e+00   -0.000000e+00   -0.000000e+00   2.809672e+02   1.003979e-06   8.098646e-01
5.200000e+01   -8.151004e+00   -0.000000e+00   -0.000000e+00   2.808811e+02   9.922283e-07   8.001409e-01
5.210000e+01   -7.588571e+00   -0.000000e+00   -0.000000e+00   2.807899e+02   9.806293e-07   7.905307e-01
5.220000e+01   -6.910057e+00   -0.000000e+00   -0.000000e+00   2.806931e+02   9.691812e-07   7.810324e-01
5.230000e+01   -6.213916e+00   -0.000000e+00   -0.000000e+00   2.805901e+02   9.578834e-07   7.716446e-01
5.240000e+01   -5.565276e+00   -0.000000e+00   -0.000000e+00   2.804805e+02   9.467352e-07   7.623661e-01
5.250000e+01   -4.857018e+00   -0.000000e+00   -0.000000e+00   2.803638e+02   9.357360e-07   7.531953e-01
5.260000e+01   -4.088091e+00   -0.000000e+00   -0.000000e+00   2.802394e+02   9.248850e-07   7.441308e-01
5.270000e+01   -3.280176e+00   -0.000000e+00   -0.000000e+00   2.801068e+02   9.141816e-07   7.351712e-01
5.280000e+01   -2.454952e+00   -0.000000e+00   -0.000000e+00   2.799656e+02   9.036247e-07   7.263151e-01
5.290000e+01   -1.587129e+00   -0.000000e+00   -0.000000e+00   2.798152e+02   8.932136e-07   7.175612e-01
5.300000e+01   -4.908286e-01   -0.000000e+00   -0.000000e+00   2.796550e+02   8.829473e-07   7.089078e-01
5.310000e+01   6.694606e-01   -0.000000e+00   -0.000000e+00   2.794848e+02   8.728246e-07   7.003538e-01
5.320000e+01   1.673844e+00   -0.000000e+00   -0.000000e+00   2.793044e+02   8.628431e-07   6.918979e-01
5.330000e+01   2.302303e+00   -0.000000e+00   -0.000000e+00   2.791144e+02   8.529992e-07   6.835389e-01
5.340000e+01   2.415148e+00   -0.000000e+00   -0.000000e+00   2.789152e+02   8.432895e-07   6.752758e-01
5.350000e+01   2.423729e+00   -0.000000e+00   -0.000000e+00   2.787071e+02   8.337108e-07   6.671076e-01
5.360000e+01   2.422603e+00   -0.000000e+00   -0.000000e+00   2.784907e+02   8.242598e-07   6.590332e-01
5.370000e+01   2.411843e+00   -0.000000e+00   -0.000000e+00   2.782664e+02   8.149334e-07   6.510514e-01
5.380000e+01   2.391521e+00   -0.000000e+00   -0.000000e+00   2.780346e+02   8.057283e-07   6.431612e-01
5.390000e+01   2.245121e+00   -0.000000e+00   -0.000000e+00   2.777957e+02   7.966417e-07   6.353616e-01
5.400000e+01   1.168422e+00   -0.000000e+00   -0.000000e+00   2.775502e+02   7.876705e-07   6.276514e-01
5.410000e+01   -7.020346e-01   -0.000000e+00   -0.000000e+00   2.772985e+02   7.788118e-07   6.200296e-01
5.420000e+01   -3.011345e+00   -0.000000e+00   -0.000000e+00   2.770410e+02   7.700628e-07   6.124951e-01
5.430000e+01   -5.404607e+00   -0.000000e+00   -0.000000e+00   2.767782e+02   7.614207e-07   6.050468e-01
5.440000e+01   -7.665816e+00   -0.000000e+00   -0.000000e+00   2.765105e+02   7.528828e-07   5.976837e-01
5.450000e+01   -1.061816e+01   -0.000000e+00   -0.000000e+00   2.762384e+02   7.444463e-07   5.904047e-01
5.460000e+01   -1.391219e+01   -0.000000e+00   -0.000000e+00   2.759622e+02   7.361087e-07   5.832086e-01
5.470000e+01   -1.686632e+01   -0.000000e+00   -0.000000e+00   2.756824e+02   7.278675e-07   5.760944e-01
5.480000e+01   -1.879897e+01   -0.000000e+00   -0.000000e+00   2.753994e+02   7.197199e-07   5.690611e-01
5.490000e+01   -1.915636e+01   -0.000000e+00   -0.000000e+00   2.751137e+02   7.116637e-07   5.621076e-01
5.500000e+01   -1.888419e+01   -0.000000e+00   -0.000000e+00   2.748257e+02   7.036964e-07   5.552328e-01
5.510000e+01   -1.838737e+01   -0.000000e+00   -0.000000e+00   2.745359e+02   6.958155e-07   5.484355e-01
5.520000e+01   -1.774006e+01   -0.000000e+00   -0.000000e+00   2.742446e+02   6.880189e-07   5.417148e-01
5.530000e+01   -1.701653e+01   -0.000000e+00   -0.000000e+00   2.739520e+02   6.803050e-07   5.350698e-01
5.540000e+01   -1.626934e+01   -0.000000e+00   -0.000000e+00   2.736582e+02   6.726727e-07   5.284996e-01
5.550000e+01   -1.529857e+01   -0.000000e+00   -0.000000e+00   2.733634e+02   6.651212e-07   5.220036e-01
5.560000e+01   -1.411795e+01   -0.000000e+00   -0.000000e+00   2.730675e+02   6.576493e-07   5.155808e-01
5.570000e+01   -1.283027e+01   -0.000000e+00   -0.000000e+00   2.727707e+02   6.502561e-07   5.092306e-01
5.580000e+01   -1.153835e+01   -0.000000e+00   -0.000000e+00   2.724730e+02   6.429405e-07   5.029521e-01
5.590000e+01   -1.033467e+01   -0.000000e+00   -0.000000e+00   2.721745e+02   6.357016e-07   4.967445e-01
5.600000e+01   -9.138612e+00   -0.000000e+00   -0.000000e+00   2.718752e+02   6.285385e-07   4.906072e-01
5.610000e+01   -7.930053e+00   -0.000000e+00   -0.000000e+00   2.715754e+02   6.214500e-07   4.845392e-01
5.620000e+01   -6.739152e+00   -0.000000e+00   -0.000000e+00   2.712749e+02   6.144353e-07   4.785398e-01
5.630000e+01   -5.596073e+00   -0.000000e+00   -0.000000e+00   2.709739e+02   6.074933e-07   4.726082e-01
5.640000e+01   -4.528991e+00   -0.000000e+00   -0.000000e+00   2.706724e+02   6.006231e-07   4.667437e-01
5.650000e+01   -3.520300e+00   -0.000000e+00   -0.000000e+00   2.703707e+02   5.938238e-07   4.609454e-01
5.660000e+01   -2.555076e+00   -0.000000e+00   -0.000000e+00   2.700686e+02   5.870943e-07   4.552126e-01
5.670000e+01   -1.630493e+00   -0.000000e+00   -0.000000e+00   2.697663e+02   5.804338e-07   4.495445e-01
5.680000e+01   -7.437261e-01   -0.000000e+00   -0.000000e+00   2.694638e+02   5.738412e-07   4.439403e-01
5.690000e+01   1.053342e-01   -0.000000e+00   -0.000000e+00   2.691613e+02   5.673156e-07   4.383992e-01
5.700000e+01   8.667426e-01   -0.000000e+00   -0.000000e+00   2.688588e+02   5.608560e-07   4.329204e-01
5.710000e+01   1.567201e+00   -0.000000e+00   -0.000000e+00   2.685564e+02   5.544616e-07   4.275032e-01
5.720000e+01   2.268504e+00   -0.000000e+00   -0.000000e+00   2.682541e+02   5.481313e-07   4.221467e-01
5.730000e+01   3.032516e+00   -0.000000e+00   -0.000000e+00   2.679521e+02   5.418644e-07   4.168502e-01
5.740000e+01   3.933167e+00   -0.000000e+00   -0.000000e+00   2.676499e+02   5.356607e-07   4.116131e-01
5.750000e+01   5.297903e+00   -0.000000e+00   -0.000000e+00   2.673471e+02   5.295207e-07   4.064347e-01
5.760000e+01   6.968752e+00   -0.000000e+00   -0.000000e+00   2.670432e+02   5.234449e-07   4.013144e-01
5.770000e+01   8.559339e+00   -0.000000e+00   -0.000000e+00   2.667376e+02   5.174335e-07   3.962517e-01
5.780000e+01   9.683289e+00   -0.000000e+00   -0.000000e+00   2.664299e+02   5.114870e-07   3.912460e-01
5.790000e+01   9.950857e+00   -0.000000e+00   -0.000000e+00   2.661195e+02   5.056056e-07   3.862966e-01
5.800000e+01   8.998576e+00   -0.000000e+00   -0.000000e+00   2.658059e+02   4.997896e-07   3.814030e-01
5.810000e+01   7.049630e+00   -0.000000e+00   -0.000000e+00   2.654885e+02   4.940391e-07   3.765646e-01
5.820000e+01   4.502312e+00   -0.000000e+00   -0.000000e+00   2.651670e+02   4.883544e-07   3.717807e-01
5.830000e+01   1.754915e+00   -0.000000e+00   -0.000000e+00   2.648407e+02   4.827355e-07   3.670509e-01
5.840000e+01   -8.118747e-01   -0.000000e+00   -0.000000e+00   2.645091e+02   4.771826e-07   3.623745e-01
5.850000e+01   -3.940671e+00   -0.000000e+00   -0.000000e+00   2.641718e+02   4.716957e-07   3.577509e-01
5.860000e+01   -7.656687e+00   -0.000000e+00   -0.000000e+00   2.638282e+02   4.662748e-07   3.531795e-01
5.870000e+01   -1.119537e+01   -0.000000e+00   -0.000000e+00   2.634777e+02   4.609200e-07   3.486598e-01
5.880000e+01   -1.379218e+01   -0.000000e+00   -0.000000e+00   2.631200e+02   4.556312e-07   3.441911e-01
5.890000e+01   -1.469298e+01   -0.000000e+00   -0.000000e+00   2.627543e+02   4.504083e-07   3.397728e-01
5.900000e+01   -1.453185e+01   -0.000000e+00   -0.000000e+00   2.623804e+02   4.452512e-07   3.354044e-01
5.910000e+01   -1.411214e+01   -0.000000e+00   -0.000000e+00   2.619975e+02   4.401598e-07   3.310853e-01
5.920000e+01   -1.350585e+01   -0.000000e+00   -0.000000e+00   2.616053e+02   4.351339e-07   3.268148e-01
5.930000e+01   -1.278501e+01   -0.000000e+00   -0.000000e+00   2.612031e+02   4.301733e-07   3.225924e-01
5.940000e+01   -1.202107e+01   -0.000000e+00   -0.000000e+00   2.607906e+02   4.252778e-07   3.184176e-01
5.950000e+01   -1.109791e+01   -0.000000e+00   -0.000000e+00   2.603680e+02   4.204459e-07   3.142897e-01
5.960000e+01   -9.933998e+00   -0.000000e+00   -0.000000e+00   2.599358e+02   4.156762e-07   3.102084e-01
5.970000e+01   -8.591013e+00   -0.000000e+00   -0.000000e+00   2.594944e+02   4.109670e-07   3.061733e-01
5.980000e+01   -7.130642e+00   -0.000000e+00   -0.000000e+00   2.590444e+02   4.063166e-07   3.021838e-01
5.990000e+01   -5.614098e+00   -0.000000e+00   -0.000000e+00   2.585863e+02   4.017237e-07   2.982396e-01
6.000000e+01   -3.714600e+00   -0.000000e+00   -0.000000e+00   2.581205e+02   3.971867e-07   2.943402e-01
6.010000e+01   -1.404036e+00   -0.000000e+00   -0.000000e+00   2.576476e+02   3.927041e-07   2.904851e-01
6.020000e+01   8.907747e-01   -0.000000e+00   -0.000000e+00   2.571681e+02   3.882745e-07   2.866740e-01
6.030000e+01   2.743009e+00   -0.000000e+00   -0.000000e+00   2.566824e+02   3.838965e-07   2.829063e-01
6.040000e+01   3.725845e+00   -0.000000e+00   -0.000000e+00   2.561910e+02   3.795688e-07   2.791816e-01
6.050000e+01   4.114962e+00   -0.000000e+00   -0.000000e+00   2.556945e+02   3.752900e-07   2.754995e-01
6.060000e+01   4.466895e+00   -0.000000e+00   -0.000000e+00   2.551934e+02   3.710589e-07   2.718595e-01
6.070000e+01   4.776108e+00   -0.000000e+00   -0.000000e+00   2.546880e+02   3.668741e-07   2.682613e-01
6.080000e+01   5.037067e+00   -0.000000e+00   -0.000000e+00   2.541791e+02   3.627344e-07   2.647042e-01
6.090000e+01   5.244236e+00   -0.000000e+00   -0.000000e+00   2.536669e+02   3.586386e-07   2.611880e-01
6.100000e+01   4.992051e+00   -0.000000e+00   -0.000000e+00   2.531521e+02   3.545855e-07   2.577122e-01
6.110000e+01   4.092459e+00   -0.000000e+00   -0.000000e+00   2.526351e+02   3.505739e-07   2.542762e-01
6.120000e+01   2.963119e+00   -0.000000e+00   -0.000000e+00   2.521165e+02   3.466027e-07   2.508797e-01
6.130000e+01   2.022248e+00   -0.000000e+00   -0.000000e+00   2.515967e+02   3.426708e-07   2.475223e-01
6.140000e+01   1.688059e+00   -0.000000e+00   -0.000000e+00   2.510762e+02   3.387770e-07   2.442034e-01
6.150000e+01   1.879911e+00   -0.000000e+00   -0.000000e+00   2.505554e+02   3.349204e-07   2.409227e-01
6.160000e+01   2.109264e+00   -0.000000e+00   -0.000000e+00   2.500345e+02   3.311006e-07   2.376799e-01
6.170000e+01   2.370157e+00   -0.000000e+00   -0.000000e+00   2.495138e+02   3.273171e-07   2.344745e-01
6.180000e+01   2.658860e+00   -0.000000e+00   -0.000000e+00   2.489933e+02   3.235694e-07   2.313063e-01
6.190000e+01   2.971644e+00   -0.000000e+00   -0.000000e+00   2.484732e+02   3.198570e-07   2.281749e-01
6.200000e+01   3.888465e+00   -0.000000e+00   -0.000000e+00   2.479538e+02   3.161796e-07   2.250800e-01
6.210000e+01   5.849410e+00   -0.000000e+00   -0.000000e+00   2.474352e+02   3.125366e-07   2.220213e-01
6.220000e+01   8.183477e+00   -0.000000e+00   -0.000000e+00   2.469175e+02   3.089276e-07   2.189984e-01
6.230000e+01   1.021133e+01   -0.000000e+00   -0.000000e+00   2.464010e+02   3.053523e-07   2.160110e-01
6.240000e+01   1.125365e+01   -0.000000e+00   -0.000000e+00   2.458858e+02   3.018101e-07   2.130588e-01
6.250000e+01   1.118193e+01   -0.000000e+00   -0.000000e+00   2.453720e+02   2.983007e-07   2.101414e-01
6.260000e+01   1.067037e+01   -0.000000e+00   -0.000000e+00   2.448600e+02   2.948236e-07   2.072585e-01
6.270000e+01   9.826390e+00   -0.000000e+00   -0.000000e+00   2.443497e+02   2.913785e-07   2.044098e-01
6.280000e+01   8.746672e+00   -0.000000e+00   -0.000000e+00   2.438415e+02   2.879649e-07   2.015949e-01
6.290000e+01   7.527896e+00   -0.000000e+00   -0.000000e+00   2.433355e+02   2.845825e-07   1.988135e-01
6.300000e+01   5.734889e+00   -0.000000e+00   -0.000000e+00   2.428318e+02   2.812308e-07   1.960653e-01
6.310000e+01   2.826623e+00   -0.000000e+00   -0.000000e+00   2.423306e+02   2.779094e-07   1.933499e-01
6.320000e+01   -5.157438e-01   -0.000000e+00   -0.000000e+00   2.418322e+02   2.746180e-07   1.906670e-01
6.330000e+01   -3.586965e+00   -0.000000e+00   -0.000000e+00   2.413366e+02   2.713563e-07   1.880163e-01
6.340000e+01   -5.681793e+00   -0.000000e+00   -0.000000e+00   2.408441e+02   2.681237e-07   1.853974e-01
6.350000e+01   -6.718779e+00   -0.000000e+00   -0.000000e+00   2.403547e+02   2.649201e-07   1.828100e-01
6.360000e+01   -7.638694e+00   -0.000000e+00   -0.000000e+00   2.398676e+02   2.617462e-07   1.802538e-01
6.370000e+01   -8.436210e+00   -0.000000e+00   -0.000000e+00   2.393821e+02   2.586026e-07   1.777284e-01
6.380000e+01   -9.071437e+00   -0.000000e+00   -0.000000e+00   2.388973e+02   2.554900e-07   1.752337e-01
6.390000e+01   -9.504483e+00   -0.000000e+00   -0.000000e+00   2.384124e+02   2.524090e-07   1.727691e-01
6.400000e+01   -9.776485e+00   -0.000000e+00   -0.000000e+00   2.379266e+02   2.493603e-07   1.703345e-01
6.410000e+01   -1.005470e+01   -0.000000e+00   -0.000000e+00   2.374391e+02   2.463444e-07   1.679296e-01
6.420000e+01   -1.034483e+01   -0.000000e+00   -0.000000e+00   2.369490e+02   2.433618e-07   1.655539e-01
6.430000e+01   -1.064538e+01   -0.000000e+00   -0.000000e+00   2.364554e+02   2.404130e-07   1.632073e-01
6.440000e+01   -1.095490e+01   -0.000000e+00   -0.000000e+00   2.359576e+02   2.374985e-07   1.608894e-01
6.450000e+01   -1.126975e+01   -0.000000e+00   -0.000000e+00   2.354548e+02   2.346187e-07   1.585998e-01
6.460000e+01   -1.158621e+01   -0.000000e+00   -0.000000e+00   2.349461e+02   2.317740e-07   1.563383e-01
6.470000e+01   -1.190912e+01   -0.000000e+00   -0.000000e+00   2.344306e+02   2.289648e-07   1.541045e-01
6.480000e+01   -1.224372e+01   -0.000000e+00   -0.000000e+00   2.339076e+02   2.261913e-07   1.518982e-01
6.490000e+01   -1.259521e+01   -0.000000e+00   -0.000000e+00   2.333762e+02   2.234540e-07   1.497190e-01
6.500000e+01   -1.304297e+01   -0.000000e+00   -0.000000e+00   2.328356e+02   2.207529e-07   1.475666e-01
6.510000e+01   -1.376464e+01   -0.000000e+00   -0.000000e+00   2.322849e+02   2.180885e-07   1.454408e-01
6.520000e+01   -1.469213e+01   -0.000000e+00   -0.000000e+00   2.317234e+02   2.154609e-07   1.433411e-01
6.530000e+01   -1.574237e+01   -0.000000e+00   -0.000000e+00   2.311502e+02   2.128702e-07   1.412673e-01
6.540000e+01   -1.683232e+01   -0.000000e+00   -0.000000e+00   2.305645e+02   2.103168e-07   1.392190e-01
6.550000e+01   -1.802784e+01   -0.000000e+00   -0.000000e+00   2.299659e+02   2.078001e-07   1.371961e-01
6.560000e+01   -1.962368e+01   -0.000000e+00   -0.000000e+00   2.293554e+02   2.053190e-07   1.351981e-01
6.570000e+01   -2.134903e+01   -0.000000e+00   -0.000000e+00   2.287341e+02   2.028718e-07   1.332248e-01
6.580000e+01   -2.289163e+01   -0.000000e+00   -0.000000e+00   2.281029e+02   2.004573e-07   1.312759e-01
6.590000e+01   -2.393922e+01   -0.000000e+00   -0.000000e+00   2.274631e+02   1.980739e-07   1.293512e-01
6.600000e+01   -2.415735e+01   -0.000000e+00   -0.000000e+00   2.268155e+02   1.957203e-07   1.274503e-01
6.610000e+01   -2.345331e+01   -0.000000e+00   -0.000000e+00   2.261614e+02   1.933952e-07   1.255731e-01
6.620000e+01   -2.216817e+01   -0.000000e+00   -0.000000e+00   2.255017e+02   1.910973e-07   1.237191e-01
6.630000e+01   -2.066557e+01   -0.000000e+00   -0.000000e+00   2.248375e+02   1.888253e-07   1.218881e-01
6.640000e+01   -1.930916e+01   -0.000000e+00   -0.000000e+00   2.241700e+02   1.865781e-07   1.200799e-01
6.650000e+01   -1.834790e+01   -0.000000e+00   -0.000000e+00   2.235001e+02   1.843544e-07   1.182942e-01
6.660000e+01   -1.750157e+01   -0.000000e+00   -0.000000e+00   2.228289e+02   1.821530e-07   1.165307e-01
6.670000e+01   -1.668962e+01   -0.000000e+00   -0.000000e+00   2.221576e+02   1.799728e-07   1.147890e-01
6.680000e+01   -1.587171e+01   -0.000000e+00   -0.000000e+00   2.214871e+02   1.778127e-07   1.130690e-01
6.690000e+01   -1.500748e+01   -0.000000e+00   -0.000000e+00   2.208186e+02   1.756717e-07   1.113704e-01
6.700000e+01   -1.404115e+01   -0.000000e+00   -0.000000e+00   2.201530e+02   1.735486e-07   1.096928e-01
6.710000e+01   -1.292258e+01   -0.000000e+00   -0.000000e+00   2.194915e+02   1.714424e-07   1.080360e-01
6.720000e+01   -1.174906e+01   -0.000000e+00   -0.000000e+00   2.188352e+02   1.693522e-07   1.063997e-01
6.730000e+01   -1.063167e+01   -0.000000e+00   -0.000000e+00   2.181850e+02   1.672770e-07   1.047836e-01
6.740000e+01   -9.681729e+00   -0.000000e+00   -0.000000e+00   2.175419e+02   1.652160e-07   1.031875e-01
6.750000e+01   -8.987010e+00   -0.000000e+00   -0.000000e+00   2.169055e+02   1.631694e-07   1.016112e-01
6.760000e+01   -8.455055e+00   -0.000000e+00   -0.000000e+00   2.162750e+02   1.611379e-07   1.000544e-01
6.770000e+01   -7.998307e+00   -0.000000e+00   -0.000000e+00   2.156494e+02   1.591221e-07   9.851702e-02
6.780000e+01   -7.541552e+00   -0.000000e+00   -0.000000e+00   2.150280e+02   1.571228e-07   9.699881e-02
6.790000e+01   -7.009575e+00   -0.000000e+00   -0.000000e+00   2.144097e+02   1.551403e-07   9.549959e-02
6.800000e+01   -6.309961e+00   -0.000000e+00   -0.000000e+00   2.137938e+02   1.531754e-07   9.401918e-02
6.810000e+01   -5.357237e+00   -0.000000e+00   -0.000000e+00   2.131795e+02   1.512284e-07   9.255740e-02
6.820000e+01   -4.296550e+00   -0.000000e+00   -0.000000e+00   2.125657e+02   1.493000e-07   9.111404e-02
6.830000e+01   -3.300574e+00   -0.000000e+00   -0.000000e+00   2.119517e+02   1.473906e-07   8.968894e-02
6.840000e+01   -2.541987e+00   -0.000000e+00   -0.000000e+00   2.113365e+02   1.455006e-07   8.828190e-02
6.850000e+01   -2.137385e+00   -0.000000e+00   -0.000000e+00   2.107194e+02   1.436304e-07   8.689273e-02
6.860000e+01   -1.819120e+00   -0.000000e+00   -0.000000e+00   2.100995e+02   1.417806e-07   8.552124e-02
6.870000e+01   -1.541476e+00   -0.000000e+00   -0.000000e+00   2.094758e+02   1.399513e-07   8.416724e-02
6.880000e+01   -1.324760e+00   -0.000000e+00   -0.000000e+00   2.088475e+02   1.381430e-07   8.283055e-02
6.890000e+01   -1.189279e+00   -0.000000e+00   -0.000000e+00   2.082137e+02   1.363561e-07   8.151099e-02
6.900000e+01   -1.291535e+00   -0.000000e+00   -0.000000e+00   2.075736e+02   1.345907e-07   8.020835e-02
6.910000e+01   -2.510254e+00   -0.000000e+00   -0.000000e+00   2.069263e+02   1.328472e-07   7.892246e-02
6.920000e+01   -4.481993e+00   -0.000000e+00   -0.000000e+00   2.062710e+02   1.311259e-07   7.765312e-02
6.930000e+01   -6.575484e+00   -0.000000e+00   -0.000000e+00   2.056070e+02   1.294267e-07   7.640016e-02
6.940000e+01   -8.159269e+00   -0.000000e+00   -0.000000e+00   2.049352e+02   1.277491e-07   7.516343e-02
6.950000e+01   -8.726791e+00   -0.000000e+00   -0.000000e+00   2.042565e+02   1.260920e-07   7.394277e-02
6.960000e+01   -9.005295e+00   -0.000000e+00   -0.000000e+00   2.035721e+02   1.244546e-07   7.273804e-02
6.970000e+01   -9.228450e+00   -0.000000e+00   -0.000000e+00   2.028829e+02   1.228362e-07   7.154911e-02
6.980000e+01   -9.386066e+00   -0.000000e+00   -0.000000e+00   2.021900e+02   1.212359e-07   7.037582e-02
6.990000e+01   -9.467955e+00   -0.000000e+00   -0.000000e+00   2.014946e+02   1.196530e-07   6.921802e-02
7.000000e+01   -9.437802e+00   -0.000000e+00   -0.000000e+00   2.007975e+02   1.180866e-07   6.807558e-02
7.010000e+01   -9.067716e+00   -0.000000e+00   -0.000000e+00   2.000999e+02   1.165362e-07   6.694835e-02
7.020000e+01   -8.469989e+00   -0.000000e+00   -0.000000e+00   1.994027e+02   1.150009e-07   6.583618e-02
7.030000e+01   -7.849212e+00   -0.000000e+00   -0.000000e+00   1.987072e+02   1.134801e-07   6.473893e-02
7.040000e+01   -7.409976e+00   -0.000000e+00   -0.000000e+00   1.980142e+02   1.119731e-07   6.365646e-02
7.050000e+01   -7.356671e+00   -0.000000e+00   -0.000000e+00   1.973248e+02   1.104794e-07   6.258861e-02
7.060000e+01   -7.775735e+00   -0.000000e+00   -0.000000e+00   1.966402e+02   1.089982e-07   6.153525e-02
7.070000e+01   -8.509891e+00   -0.000000e+00   -0.000000e+00   1.959613e+02   1.075290e-07   6.049623e-02
7.080000e+01   -9.373779e+00   -0.000000e+00   -0.000000e+00   1.952891e+02   1.060713e-07   5.947140e-02
7.090000e+01   -1.018204e+01   -0.000000e+00   -0.000000e+00   1.946248e+02   1.046244e-07   5.846061e-02
7.100000e+01   -1.076204e+01   -0.000000e+00   -0.000000e+00   1.939693e+02   1.031878e-07   5.746374e-02
7.110000e+01   -1.119633e+01   -0.000000e+00   -0.000000e+00   1.933238e+02   1.017611e-07   5.648062e-02
7.120000e+01   -1.158669e+01   -0.000000e+00   -0.000000e+00   1.926885e+02   1.003441e-07   5.551112e-02
7.130000e+01   -1.198394e+01   -0.000000e+00   -0.000000e+00   1.920628e+02   9.893721e-08   5.455508e-02
7.140000e+01   -1.243882e+01   -0.000000e+00   -0.000000e+00   1.914458e+02   9.754092e-08   5.361238e-02
7.150000e+01   -1.301383e+01   -0.000000e+00   -0.000000e+00   1.908368e+02   9.615566e-08   5.268287e-02
7.160000e+01   -1.391491e+01   -0.000000e+00   -0.000000e+00   1.902350e+02   9.478184e-08   5.176640e-02
7.170000e+01   -1.502508e+01   -0.000000e+00   -0.000000e+00   1.896395e+02   9.341987e-08   5.086283e-02
7.180000e+01   -1.611290e+01   -0.000000e+00   -0.000000e+00   1.890496e+02   9.207013e-08   4.997202e-02
7.190000e+01   -1.694693e+01   -0.000000e+00   -0.000000e+00   1.884644e+02   9.073297e-08   4.909383e-02
7.200000e+01   -1.728660e+01   -0.000000e+00   -0.000000e+00   1.878832e+02   8.940873e-08   4.822811e-02
7.210000e+01   -1.683734e+01   -0.000000e+00   -0.000000e+00   1.873051e+02   8.809772e-08   4.737472e-02
7.220000e+01   -1.585484e+01   -0.000000e+00   -0.000000e+00   1.867294e+02   8.680025e-08   4.653352e-02
7.230000e+01   -1.475699e+01   -0.000000e+00   -0.000000e+00   1.861551e+02   8.551658e-08   4.570437e-02
7.240000e+01   -1.396169e+01   -0.000000e+00   -0.000000e+00   1.855817e+02   8.424698e-08   4.488712e-02
7.250000e+01   -1.386672e+01   -0.000000e+00   -0.000000e+00   1.850081e+02   8.299169e-08   4.408163e-02
7.260000e+01   -1.411803e+01   -0.000000e+00   -0.000000e+00   1.844337e+02   8.175091e-08   4.328777e-02
7.270000e+01   -1.440958e+01   -0.000000e+00   -0.000000e+00   1.838576e+02   8.052486e-08   4.250537e-02
7.280000e+01   -1.470923e+01   -0.000000e+00   -0.000000e+00   1.832790e+02   7.931372e-08   4.173431e-02
7.290000e+01   -1.498484e+01   -0.000000e+00   -0.000000e+00   1.826971e+02   7.811764e-08   4.097445e-02
7.300000e+01   -1.519866e+01   -0.000000e+00   -0.000000e+00   1.821111e+02   7.693678e-08   4.022563e-02
7.310000e+01   -1.511142e+01   -0.000000e+00   -0.000000e+00   1.815204e+02   7.577122e-08   3.948772e-02
7.320000e+01   -1.475282e+01   -0.000000e+00   -0.000000e+00   1.809247e+02   7.462084e-08   3.876060e-02
7.330000e+01   -1.432000e+01   -0.000000e+00   -0.000000e+00   1.803243e+02   7.348543e-08   3.804415e-02
7.340000e+01   -1.401009e+01   -0.000000e+00   -0.000000e+00   1.797192e+02   7.236479e-08   3.733827e-02
7.350000e+01   -1.401715e+01   -0.000000e+00   -0.000000e+00   1.791096e+02   7.125872e-08   3.664284e-02
7.360000e+01   -1.427014e+01   -0.000000e+00   -0.000000e+00   1.784954e+02   7.016702e-08   3.595774e-02
7.370000e+01   -1.460738e+01   -0.000000e+00   -0.000000e+00   1.778769e+02   6.908949e-08   3.528287e-02
7.380000e+01   -1.496369e+01   -0.000000e+00   -0.000000e+00   1.772542e+02   6.802595e-08   3.461812e-02
7.390000e+01   -1.527390e+01   -0.000000e+00   -0.000000e+00   1.766273e+02   6.697619e-08   3.396335e-02
7.400000e+01   -1.546934e+01   -0.000000e+00   -0.000000e+00   1.759963e+02   6.594004e-08   3.331848e-02
7.410000e+01   -1.515632e+01   -0.000000e+00   -0.000000e+00   1.753614e+02   6.491729e-08   3.268337e-02
7.420000e+01   -1.434415e+01   -0.000000e+00   -0.000000e+00   1.747227e+02   6.390777e-08   3.205793e-02
7.430000e+01   -1.338050e+01   -0.000000e+00   -0.000000e+00   1.740803e+02   6.291129e-08   3.144203e-02
7.440000e+01   -1.261307e+01   -0.000000e+00   -0.000000e+00   1.734342e+02   6.192767e-08   3.083556e-02
7.450000e+01   -1.239311e+01   -0.000000e+00   -0.000000e+00   1.727846e+02   6.095671e-08   3.023841e-02
7.460000e+01   -1.371257e+01   -0.000000e+00   -0.000000e+00   1.721316e+02   5.999824e-08   2.965047e-02
7.470000e+01   -1.646766e+01   -0.000000e+00   -0.000000e+00   1.714753e+02   5.905209e-08   2.907162e-02
7.480000e+01   -1.966326e+01   -0.000000e+00   -0.000000e+00   1.708158e+02   5.811806e-08   2.850175e-02
7.490000e+01   -2.230427e+01   -0.000000e+00   -0.000000e+00   1.701532e+02   5.719599e-08   2.794074e-02
7.500000e+01   -2.339660e+01   -0.000000e+00   -0.000000e+00   1.694876e+02   5.628569e-08   2.738850e-02
7.510000e+01   -2.314873e+01   -0.000000e+00   -0.000000e+00   1.688191e+02   5.538698e-08   2.684489e-02
7.520000e+01   -2.249254e+01   -0.000000e+00   -0.000000e+00   1.681478e+02   5.449970e-08   2.630981e-02
7.530000e+01   -2.169813e+01   -0.000000e+00   -0.000000e+00   1.674740e+02   5.362364e-08   2.578315e-02
7.540000e+01   -2.103622e+01   -0.000000e+00   -0.000000e+00   1.667980e+02   5.275857e-08   2.526482e-02
7.550000e+01   -2.077766e+01   -0.000000e+00   -0.000000e+00   1.661205e+02   5.190425e-08   2.475475e-02
7.560000e+01   -2.098224e+01   -0.000000e+00   -0.000000e+00   1.654419e+02   5.106043e-08   2.425283e-02
7.570000e+01   -2.145989e+01   -0.000000e+00   -0.000000e+00   1.647629e+02   5.022690e-08   2.375899e-02
7.580000e+01   -2.210670e+01   -0.000000e+00   -0.000000e+00   1.640838e+02   4.940342e-08   2.327315e-02
7.590000e+01   -2.281875e+01   -0.000000e+00   -0.000000e+00   1.634054e+02   4.858979e-08   2.279522e-02
7.600000e+01   -2.349210e+01   -0.000000e+00   -0.000000e+00   1.627280e+02   4.778580e-08   2.232511e-02
7.610000e+01   -2.412655e+01   -0.000000e+00   -0.000000e+00   1.620523e+02   4.699124e-08   2.186274e-02
7.620000e+01   -2.480306e+01   -0.000000e+00   -0.000000e+00   1.613788e+02   4.620594e-08   2.140803e-02
7.630000e+01   -2.552138e+01   -0.000000e+00   -0.000000e+00   1.607080e+02   4.542969e-08   2.096089e-02
7.640000e+01   -2.628115e+01   -0.000000e+00   -0.000000e+00   1.600404e+02   4.466232e-08   2.052123e-02
7.650000e+01   -2.708203e+01   -0.000000e+00   -0.000000e+00   1.593767e+02   4.390366e-08   2.008898e-02
7.660000e+01   -2.808151e+01   -0.000000e+00   -0.000000e+00   1.587172e+02   4.315353e-08   1.966404e-02
7.670000e+01   -2.932565e+01   -0.000000e+00   -0.000000e+00   1.580626e+02   4.241178e-08   1.924634e-02
7.680000e+01   -3.056247e+01   -0.000000e+00   -0.000000e+00   1.574134e+02   4.167825e-08   1.883578e-02
7.690000e+01   -3.153902e+01   -0.000000e+00   -0.000000e+00   1.567702e+02   4.095279e-08   1.843229e-02
7.700000e+01   -3.200232e+01   -0.000000e+00   -0.000000e+00   1.561334e+02   4.023526e-08   1.803578e-02
7.710000e+01   -3.152357e+01   -0.000000e+00   -0.000000e+00   1.555036e+02   3.952551e-08   1.764616e-02
7.720000e+01   -3.002544e+01   -0.000000e+00   -0.000000e+00   1.548813e+02   3.882342e-08   1.726335e-02
7.730000e+01   -2.796925e+01   -0.000000e+00   -0.000000e+00   1.542671e+02   3.812885e-08   1.688727e-02
7.740000e+01   -2.581967e+01   -0.000000e+00   -0.000000e+00   1.536615e+02   3.744169e-08   1.651783e-02
7.750000e+01   -2.404140e+01   -0.000000e+00   -0.000000e+00   1.530651e+02   3.676181e-08   1.615494e-02
7.760000e+01   -2.261946e+01   -0.000000e+00   -0.000000e+00   1.524783e+02   3.608910e-08   1.579852e-02
7.770000e+01   -2.110283e+01   -0.000000e+00   -0.000000e+00   1.519018e+02   3.542346e-08   1.544850e-02
7.780000e+01   -1.972252e+01   -0.000000e+00   -0.000000e+00   1.513360e+02   3.476479e-08   1.510477e-02
7.790000e+01   -1.872007e+01   -0.000000e+00   -0.000000e+00   1.507814e+02   3.411300e-08   1.476726e-02
7.800000e+01   -1.833585e+01   -0.000000e+00   -0.000000e+00   1.502375e+02   3.346824e-08   1.443589e-02
7.810000e+01   -1.848026e+01   -0.000000e+00   -0.000000e+00   1.497034e+02   3.283078e-08   1.411059e-02
7.820000e+01   -1.865090e+01   -0.000000e+00   -0.000000e+00   1.491779e+02   3.220085e-08   1.379127e-02
7.830000e+01   -1.883202e+01   -0.000000e+00   -0.000000e+00   1.486600e+02   3.157870e-08   1.347785e-02
7.840000e+01   -1.901987e+01   -0.000000e+00   -0.000000e+00   1.481487e+02   3.096452e-08   1.317027e-02
7.850000e+01   -1.921074e+01   -0.000000e+00   -0.000000e+00   1.476430e+02   3.035853e-08   1.286844e-02
7.860000e+01   -1.939478e+01   -0.000000e+00   -0.000000e+00   1.471418e+02   2.976091e-08   1.257229e-02
7.870000e+01   -1.955804e+01   -0.000000e+00   -0.000000e+00   1.466440e+02   2.917180e-08   1.228174e-02
7.880000e+01   -1.970092e+01   -0.000000e+00   -0.000000e+00   1.461488e+02   2.859138e-08   1.199672e-02
7.890000e+01   -1.982423e+01   -0.000000e+00   -0.000000e+00   1.456549e+02   2.801976e-08   1.171714e-02
7.900000e+01   -1.992877e+01   -0.000000e+00   -0.000000e+00   1.451614e+02   2.745707e-08   1.144294e-02
7.910000e+01   -1.982130e+01   -0.000000e+00   -0.000000e+00   1.446672e+02   2.690341e-08   1.117403e-02
7.920000e+01   -1.921365e+01   -0.000000e+00   -0.000000e+00   1.441713e+02   2.635888e-08   1.091034e-02
7.930000e+01   -1.839205e+01   -0.000000e+00   -0.000000e+00   1.436727e+02   2.582354e-08   1.065178e-02
7.940000e+01   -1.766353e+01   -0.000000e+00   -0.000000e+00   1.431703e+02   2.529745e-08   1.039830e-02
7.950000e+01   -1.733507e+01   -0.000000e+00   -0.000000e+00   1.426631e+02   2.478068e-08   1.014980e-02
7.960000e+01   -1.752224e+01   -0.000000e+00   -0.000000e+00   1.421501e+02   2.427324e-08   9.906206e-03
7.970000e+01   -1.786984e+01   -0.000000e+00   -0.000000e+00   1.416302e+02   2.377518e-08   9.667450e-03
7.980000e+01   -1.833008e+01   -0.000000e+00   -0.000000e+00   1.411024e+02   2.328649e-08   9.433451e-03
7.990000e+01   -1.887657e+01   -0.000000e+00   -0.000000e+00   1.405656e+02   2.280718e-08   9.204132e-03
8.000000e+01   -1.948288e+01   -0.000000e+00   -0.000000e+00   1.400188e+02   2.233723e-08   8.979417e-03
8.010000e+01   -2.027323e+01   -0.000000e+00   -0.000000e+00   1.394630e+02   2.187634e-08   8.759234e-03
8.020000e+01   -2.158769e+01   -0.000000e+00   -0.000000e+00   1.389011e+02   2.142390e-08   8.543514e-03
8.030000e+01   -2.328283e+01   -0.000000e+00   -0.000000e+00   1.383362e+02   2.097930e-08   8.332191e-03
8.040000e+01   -2.518528e+01   -0.000000e+00   -0.000000e+00   1.377716e+02   2.054196e-08   8.125198e-03
8.050000e+01   -2.712167e+01   -0.000000e+00   -0.000000e+00   1.372103e+02   2.011136e-08   7.922468e-03
8.060000e+01   -2.914540e+01   -0.000000e+00   -0.000000e+00   1.366555e+02   1.968697e-08   7.723933e-03
8.070000e+01   -3.169561e+01   -0.000000e+00   -0.000000e+00   1.361104e+02   1.926833e-08   7.529528e-03
8.080000e+01   -3.439180e+01   -0.000000e+00   -0.000000e+00   1.355781e+02   1.885497e-08   7.339184e-03
8.090000e+01   -3.679179e+01   -0.000000e+00   -0.000000e+00   1.350617e+02   1.844648e-08   7.152835e-03
8.100000e+01   -3.845342e+01   -0.000000e+00   -0.000000e+00   1.345645e+02   1.804246e-08   6.970414e-03
8.110000e+01   -3.920235e+01   -0.000000e+00   -0.000000e+00   1.340894e+02   1.764255e-08   6.791853e-03
8.120000e+01   -3.975020e+01   -0.000000e+00   -0.000000e+00   1.336398e+02   1.724640e-08   6.617086e-03
8.130000e+01   -4.013128e+01   -0.000000e+00   -0.000000e+00   1.332185e+02   1.685375e-08   6.446046e-03
8.140000e+01   -4.029830e+01   -0.000000e+00   -0.000000e+00   1.328259e+02   1.646466e-08   6.278675e-03
8.150000e+01   -4.020355e+01   -0.000000e+00   -0.000000e+00   1.324606e+02   1.607947e-08   6.114922e-03
8.160000e+01   -3.964158e+01   -0.000000e+00   -0.000000e+00   1.321212e+02   1.569847e-08   5.954734e-03
8.170000e+01   -3.810914e+01   -0.000000e+00   -0.000000e+00   1.318063e+02   1.532195e-08   5.798058e-03
8.180000e+01   -3.592839e+01   -0.000000e+00   -0.000000e+00   1.315145e+02   1.495016e-08   5.644843e-03
8.190000e+01   -3.350366e+01   -0.000000e+00   -0.000000e+00   1.312443e+02   1.458337e-08   5.495037e-03
8.200000e+01   -3.123927e+01   -0.000000e+00   -0.000000e+00   1.309944e+02   1.422178e-08   5.348587e-03
8.210000e+01   -2.937066e+01   -0.000000e+00   -0.000000e+00   1.307633e+02   1.386563e-08   5.205442e-03
8.220000e+01   -2.741868e+01   -0.000000e+00   -0.000000e+00   1.305496e+02   1.351508e-08   5.065549e-03
8.230000e+01   -2.545369e+01   -0.000000e+00   -0.000000e+00   1.303519e+02   1.317032e-08   4.928856e-03
8.240000e+01   -2.363720e+01   -0.000000e+00   -0.000000e+00   1.301688e+02   1.283150e-08   4.795311e-03
8.250000e+01   -2.213074e+01   -0.000000e+00   -0.000000e+00   1.299990e+02   1.249875e-08   4.664862e-03
8.260000e+01   -2.106333e+01   -0.000000e+00   -0.000000e+00   1.298408e+02   1.217219e-08   4.537456e-03
8.270000e+01   -2.028820e+01   -0.000000e+00   -0.000000e+00   1.296931e+02   1.185193e-08   4.413042e-03
8.280000e+01   -1.960462e+01   -0.000000e+00   -0.000000e+00   1.295542e+02   1.153804e-08   4.291568e-03
8.290000e+01   -1.882401e+01   -0.000000e+00   -0.000000e+00   1.294229e+02   1.123060e-08   4.172980e-03
8.300000e+01   -1.775777e+01   -0.000000e+00   -0.000000e+00   1.292977e+02   1.092965e-08   4.057228e-03
8.310000e+01   -1.618007e+01   -0.000000e+00   -0.000000e+00   1.291773e+02   1.063523e-08   3.944260e-03
8.320000e+01   -1.383846e+01   -0.000000e+00   -0.000000e+00   1.290604e+02   1.034737e-08   3.834028e-03
8.330000e+01   -1.091727e+01   -0.000000e+00   -0.000000e+00   1.289465e+02   1.006605e-08   3.726498e-03
8.340000e+01   -7.656306e+00   -0.000000e+00   -0.000000e+00   1.288350e+02   9.791258e-09   3.621634e-03
8.350000e+01   -4.295402e+00   -0.000000e+00   -0.000000e+00   1.287253e+02   9.522977e-09   3.519402e-03
8.360000e+01   -1.027401e+00   -0.000000e+00   -0.000000e+00   1.286168e+02   9.261181e-09   3.419767e-03
8.370000e+01   2.314638e+00   -0.000000e+00   -0.000000e+00   1.285091e+02   9.005841e-09   3.322695e-03
8.380000e+01   5.774659e+00   -0.000000e+00   -0.000000e+00   1.284014e+02   8.756921e-09   3.228150e-03
8.390000e+01   9.346330e+00   -0.000000e+00   -0.000000e+00   1.282933e+02   8.514381e-09   3.136097e-03
8.400000e+01   1.302331e+01   -0.000000e+00   -0.000000e+00   1.281842e+02   8.278178e-09   3.046502e-03
8.410000e+01   1.687371e+01   -0.000000e+00   -0.000000e+00   1.280734e+02   8.048263e-09   2.959331e-03
8.420000e+01   2.131386e+01   -0.000000e+00   -0.000000e+00   1.279605e+02   7.824584e-09   2.874547e-03
8.430000e+01   2.599918e+01   -0.000000e+00   -0.000000e+00   1.278448e+02   7.607086e-09   2.792117e-03
8.440000e+01   3.043147e+01   -0.000000e+00   -0.000000e+00   1.277257e+02   7.395710e-09   2.712006e-03
8.450000e+01   3.411251e+01   -0.000000e+00   -0.000000e+00   1.276028e+02   7.190393e-09   2.634178e-03
8.460000e+01   3.665725e+01   -0.000000e+00   -0.000000e+00   1.274754e+02   6.991071e-09   2.558600e-03
8.470000e+01   3.875055e+01   -0.000000e+00   -0.000000e+00   1.273429e+02   6.797676e-09   2.485236e-03
8.480000e+01   4.054163e+01   -0.000000e+00   -0.000000e+00   1.272048e+02   6.610137e-09   2.414051e-03
8.490000e+01   4.195304e+01   -0.000000e+00   -0.000000e+00   1.270609e+02   6.428360e-09   2.345009e-03
8.500000e+01   4.292440e+01   -0.000000e+00   -0.000000e+00   1.269134e+02   6.252104e-09   2.278065e-03
8.510000e+01   4.336049e+01   -0.000000e+00   -0.000000e+00   1.267654e+02   6.081095e-09   2.213170e-03
8.520000e+01   4.290731e+01   -0.000000e+00   -0.000000e+00   1.266199e+02   5.915069e-09   2.150275e-03
8.530000e+01   4.183257e+01   -0.000000e+00   -0.000000e+00   1.264800e+02   5.753779e-09   2.089331e-03
8.540000e+01   4.055858e+01   -0.000000e+00   -0.000000e+00   1.263488e+02   5.596992e-09   2.030290e-03
8.550000e+01   3.950765e+01   -0.000000e+00   -0.000000e+00   1.262293e+02   5.444486e-09   1.973102e-03
8.560000e+01   3.907270e+01   -0.000000e+00   -0.000000e+00   1.261247e+02   5.296054e-09   1.917719e-03
8.570000e+01   3.910983e+01   -0.000000e+00   -0.000000e+00   1.260381e+02   5.151495e-09   1.864092e-03
8.580000e+01   3.934923e+01   -0.000000e+00   -0.000000e+00   1.259724e+02   5.010624e-09   1.812173e-03
8.590000e+01   3.959275e+01   -0.000000e+00   -0.000000e+00   1.259308e+02   4.873262e-09   1.761911e-03
8.600000e+01   3.964224e+01   -0.000000e+00   -0.000000e+00   1.259163e+02   4.739240e-09   1.713259e-03
8.610000e+01   3.931624e+01   -0.000000e+00   -0.000000e+00   1.259321e+02   4.608398e-09   1.666168e-03
8.620000e+01   3.875270e+01   -0.000000e+00   -0.000000e+00   1.259812e+02   4.480586e-09   1.620589e-03
8.630000e+01   3.808234e+01   -0.000000e+00   -0.000000e+00   1.260666e+02   4.355660e-09   1.576473e-03
8.640000e+01   3.736629e+01   -0.000000e+00   -0.000000e+00   1.261915e+02   4.233484e-09   1.533771e-03
8.650000e+01   3.666566e+01   -0.000000e+00   -0.000000e+00   1.263590e+02   4.113929e-09   1.492435e-03
8.660000e+01   3.605396e+01   -0.000000e+00   -0.000000e+00   1.265720e+02   3.996875e-09   1.452415e-03
8.670000e+01   3.578004e+01   -0.000000e+00   -0.000000e+00   1.268325e+02   3.882254e-09   1.413666e-03
8.680000e+01   3.581103e+01   -0.000000e+00   -0.000000e+00   1.271391e+02   3.770117e-09   1.376152e-03
8.690000e+01   3.600161e+01   -0.000000e+00   -0.000000e+00   1.274901e+02   3.660525e-09   1.339838e-03
8.700000e+01   3.620644e+01   -0.000000e+00   -0.000000e+00   1.278837e+02   3.553522e-09   1.304688e-03
8.710000e+01   3.629721e+01   -0.000000e+00   -0.000000e+00   1.283180e+02   3.449146e-09   1.270666e-03
8.720000e+01   3.653249e+01   -0.000000e+00   -0.000000e+00   1.287914e+02   3.347419e-09   1.237739e-03
8.730000e+01   3.688002e+01   -0.000000e+00   -0.000000e+00   1.293019e+02   3.248354e-09   1.205870e-03
8.740000e+01   3.711650e+01   -0.000000e+00   -0.000000e+00   1.298478e+02   3.151955e-09   1.175025e-03
8.750000e+01   3.701860e+01   -0.000000e+00   -0.000000e+00   1.304274e+02   3.058215e-09   1.145168e-03
8.760000e+01   3.636834e+01   -0.000000e+00   -0.000000e+00   1.310388e+02   2.967116e-09   1.116264e-03
8.770000e+01   3.519718e+01   -0.000000e+00   -0.000000e+00   1.316803e+02   2.878635e-09   1.088277e-03
8.780000e+01   3.366098e+01   -0.000000e+00   -0.000000e+00   1.323500e+02   2.792738e-09   1.061174e-03
8.790000e+01   3.186542e+01   -0.000000e+00   -0.000000e+00   1.330461e+02   2.709387e-09   1.034917e-03
8.800000e+01   2.991617e+01   -0.000000e+00   -0.000000e+00   1.337670e+02   2.628533e-09   1.009473e-03
8.810000e+01   2.789692e+01   -0.000000e+00   -0.000000e+00   1.345107e+02   2.550124e-09   9.848054e-04
8.820000e+01   2.502738e+01   -0.000000e+00   -0.000000e+00   1.352755e+02   2.474101e-09   9.608797e-04
8.830000e+01   2.135396e+01   -0.000000e+00   -0.000000e+00   1.360597e+02   2.400401e-09   9.376605e-04
8.840000e+01   1.753722e+01   -0.000000e+00   -0.000000e+00   1.368613e+02   2.328957e-09   9.151126e-04
8.850000e+01   1.423770e+01   -0.000000e+00   -0.000000e+00   1.376787e+02   2.259696e-09   8.932008e-04
8.860000e+01   1.210338e+01   -0.000000e+00   -0.000000e+00   1.385101e+02   2.192544e-09   8.718907e-04
8.870000e+01   1.076946e+01   -0.000000e+00   -0.000000e+00   1.393547e+02   2.127440e-09   8.511602e-04
8.880000e+01   9.703168e+00   -0.000000e+00   -0.000000e+00   1.402125e+02   2.064334e-09   8.309965e-04
8.890000e+01   8.801466e+00   -0.000000e+00   -0.000000e+00   1.410835e+02   2.003178e-09   8.113874e-04
8.900000e+01   7.961331e+00   -0.000000e+00   -0.000000e+00   1.419677e+02   1.943922e-09   7.923203e-04
8.910000e+01   7.081220e+00   -0.000000e+00   -0.000000e+00   1.428650e+02   1.886517e-09   7.737829e-04
8.920000e+01   6.238427e+00   -0.000000e+00   -0.000000e+00   1.437755e+02   1.830915e-09   7.557627e-04
8.930000e+01   5.473259e+00   -0.000000e+00   -0.000000e+00   1.446991e+02   1.777067e-09   7.382473e-04
8.940000e+01   4.709611e+00   -0.000000e+00   -0.000000e+00   1.456358e+02   1.724924e-09   7.212243e-04
8.950000e+01   3.871373e+00   -0.000000e+00   -0.000000e+00   1.465856e+02   1.674438e-09   7.046813e-04
8.960000e+01   2.879566e+00   -0.000000e+00   -0.000000e+00   1.475484e+02   1.625563e-09   6.886058e-04
8.970000e+01   1.080927e+00   -0.000000e+00   -0.000000e+00   1.485243e+02   1.578250e-09   6.729854e-04
8.980000e+01   -1.489908e+00   -0.000000e+00   -0.000000e+00   1.495133e+02   1.532452e-09   6.578077e-04
8.990000e+01   -4.121000e+00   -0.000000e+00   -0.000000e+00   1.505153e+02   1.488123e-09   6.430604e-04
9.000000e+01   -6.100408e+00   -0.000000e+00   -0.000000e+00   1.515303e+02   1.445217e-09   6.287308e-04
9.010000e+01   -6.717046e+00   -0.000000e+00   -0.000000e+00   1.525583e+02   1.403688e-09   6.148068e-04
9.020000e+01   -6.227886e+00   -0.000000e+00   -0.000000e+00   1.535993e+02   1.363490e-09   6.012757e-04
9.030000e+01   -5.347077e+00   -0.000000e+00   -0.000000e+00   1.546532e+02   1.324581e-09   5.881253e-04
9.040000e+01   -4.199139e+00   -0.000000e+00   -0.000000e+00   1.557202e+02   1.286914e-09   5.753430e-04
9.050000e+01   -2.908590e+00   -0.000000e+00   -0.000000e+00   1.568000e+02   1.250448e-09   5.629165e-04
9.060000e+01   -1.599951e+00   -0.000000e+00   -0.000000e+00   1.578928e+02   1.215138e-09   5.508333e-04
9.070000e+01   -1.992749e-02   0.000000e+00   0.000000e+00   1.589984e+02   1.180943e-09   5.390810e-04
9.080000e+01   1.938098e+00   0.000000e+00   0.000000e+00   1.601169e+02   1.147822e-09   5.276477e-04
9.090000e+01   3.928573e+00   0.000000e+00   0.000000e+00   1.612472e+02   1.115748e-09   5.165243e-04
9.100000e+01   5.605434e+00   0.000000e+00   0.000000e+00   1.623882e+02   1.084699e-09   5.057035e-04
9.110000e+01   6.622610e+00   0.000000e+00   0.000000e+00   1.635383e+02   1.054652e-09   4.951778e-04
9.120000e+01   6.230134e+00   0.000000e+00   0.000000e+00   1.646965e+02   1.025584e-09   4.849399e-04
9.130000e+01   4.395740e+00   0.000000e+00   0.000000e+00   1.658614e+02   9.974697e-10   4.749822e-04
9.140000e+01   1.973187e+00   0.000000e+00   0.000000e+00   1.670316e+02   9.702856e-10   4.652975e-04
9.150000e+01   -1.830661e-01   0.000000e+00   0.000000e+00   1.682060e+02   9.440065e-10   4.558782e-04
9.160000e+01   -1.218559e+00   0.000000e+00   0.000000e+00   1.693831e+02   9.186073e-10   4.467169e-04
9.170000e+01   -1.167969e+00   0.000000e+00   0.000000e+00   1.705617e+02   8.940627e-10   4.378063e-04
9.180000e+01   -9.255403e-01   0.000000e+00   0.000000e+00   1.717406e+02   8.703473e-10   4.291389e-04
9.190000e+01   -6.053684e-01   0.000000e+00   0.000000e+00   1.729183e+02   8.474355e-10   4.207072e-04
9.200000e+01   -3.177272e-01   0.000000e+00   0.000000e+00   1.740936e+02   8.253020e-10   4.125040e-04
9.210000e+01   -1.728905e-01   0.000000e+00   0.000000e+00   1.752652e+02   8.039214e-10   4.045217e-04
9.220000e+01   -2.984581e-01   0.000000e+00   0.000000e+00   1.764319e+02   7.832685e-10   3.967529e-04
9.230000e+01   -7.135777e-01   0.000000e+00   0.000000e+00   1.775922e+02   7.633182e-10   3.891902e-04
9.240000e+01   -1.335652e+00   0.000000e+00   0.000000e+00   1.787450e+02   7.440457e-10   3.818263e-04
9.250000e+01   -2.081547e+00   0.000000e+00   0.000000e+00   1.798889e+02   7.254263e-10   3.746536e-04
9.260000e+01   -2.868129e+00   0.000000e+00   0.000000e+00   1.810225e+02   7.074358e-10   3.676648e-04
9.270000e+01   -3.759275e+00   0.000000e+00   0.000000e+00   1.821447e+02   6.900501e-10   3.608524e-04
9.280000e+01   -4.879648e+00   0.000000e+00   0.000000e+00   1.832542e+02   6.732455e-10   3.542091e-04
9.290000e+01   -6.092666e+00   0.000000e+00   0.000000e+00   1.843495e+02   6.569986e-10   3.477273e-04
9.300000e+01   -7.258097e+00   0.000000e+00   0.000000e+00   1.854295e+02   6.412864e-10   3.413998e-04
9.310000e+01   -8.235711e+00   0.000000e+00   0.000000e+00   1.864928e+02   6.260863e-10   3.352190e-04
9.320000e+01   -9.079855e+00   0.000000e+00   0.000000e+00   1.875381e+02   6.113758e-10   3.291775e-04
9.330000e+01   -1.000067e+01   0.000000e+00   0.000000e+00   1.885642e+02   5.971331e-10   3.232680e-04
9.340000e+01   -1.085040e+01   0.000000e+00   0.000000e+00   1.895709e+02   5.833369e-10   3.174851e-04
9.350000e+01   -1.147099e+01   0.000000e+00   0.000000e+00   1.905595e+02   5.699671e-10   3.118263e-04
9.360000e+01   -1.170418e+01   0.000000e+00   0.000000e+00   1.915316e+02   5.570047e-10   3.062893e-04
9.370000e+01   -1.115305e+01   0.000000e+00   0.000000e+00   1.924888e+02   5.444317e-10   3.008716e-04
9.380000e+01   -9.508187e+00   0.000000e+00   0.000000e+00   1.934324e+02   5.322311e-10   2.955711e-04
9.390000e+01   -7.223856e+00   0.000000e+00   0.000000e+00   1.943641e+02   5.203867e-10   2.903853e-04
9.400000e+01   -4.773458e+00   0.000000e+00   0.000000e+00   1.952853e+02   5.088832e-10   2.853120e-04
9.410000e+01   -2.630394e+00   0.000000e+00   0.000000e+00   1.961976e+02   4.977058e-10   2.803488e-04
9.420000e+01   -1.030577e+00   0.000000e+00   0.000000e+00   1.971024e+02   4.868409e-10   2.754935e-04
9.430000e+01   3.922586e-01   0.000000e+00   0.000000e+00   1.980013e+02   4.762751e-10   2.707437e-04
9.440000e+01   1.741177e+00   0.000000e+00   0.000000e+00   1.988958e+02   4.659959e-10   2.660970e-04
9.450000e+01   3.102322e+00   0.000000e+00   0.000000e+00   1.997874e+02   4.559911e-10   2.615512e-04
9.460000e+01   4.561840e+00   0.000000e+00   0.000000e+00   2.006776e+02   4.462494e-10   2.571040e-04
9.470000e+01   6.169114e+00   0.000000e+00   0.000000e+00   2.015679e+02   4.367597e-10   2.527530e-04
9.480000e+01   7.874115e+00   0.000000e+00   0.000000e+00   2.024599e+02   4.275116e-10   2.484959e-04
9.490000e+01   9.677039e+00   0.000000e+00   0.000000e+00   2.033549e+02   4.184951e-10   2.443304e-04
9.500000e+01   1.158197e+01   0.000000e+00   0.000000e+00   2.042547e+02   4.097004e-10   2.402541e-04
9.510000e+01   1.359300e+01   0.000000e+00   0.000000e+00   2.051606e+02   4.011185e-10   2.362648e-04
9.520000e+01   1.574905e+01   0.000000e+00   0.000000e+00   2.060742e+02   3.927404e-10   2.323601e-04
9.530000e+01   1.811915e+01   0.000000e+00   0.000000e+00   2.069971e+02   3.845576e-10   2.285378e-04
9.540000e+01   2.064009e+01   0.000000e+00   0.000000e+00   2.079306e+02   3.765622e-10   2.247954e-04
9.550000e+01   2.324112e+01   0.000000e+00   0.000000e+00   2.088763e+02   3.687461e-10   2.211307e-04
9.560000e+01   2.585150e+01   0.000000e+00   0.000000e+00   2.098358e+02   3.611019e-10   2.175413e-04
9.570000e+01   2.867230e+01   0.000000e+00   0.000000e+00   2.108105e+02   3.536225e-10   2.140249e-04
9.580000e+01   3.220537e+01   0.000000e+00   0.000000e+00   2.118019e+02   3.463007e-10   2.105793e-04
9.590000e+01   3.578911e+01   0.000000e+00   0.000000e+00   2.128117e+02   3.391301e-10   2.072021e-04
9.600000e+01   3.868156e+01   0.000000e+00   0.000000e+00   2.138412e+02   3.321040e-10   2.038909e-04
9.610000e+01   4.014075e+01   0.000000e+00   0.000000e+00   2.148920e+02   3.252164e-10   2.006434e-04
9.620000e+01   3.989739e+01   0.000000e+00   0.000000e+00   2.159656e+02   3.184613e-10   1.974574e-04
9.630000e+01   3.928389e+01   0.000000e+00   0.000000e+00   2.170632e+02   3.118337e-10   1.943308e-04
9.640000e+01   3.848217e+01   0.000000e+00   0.000000e+00   2.181846e+02   3.053325e-10   1.912623e-04
9.650000e+01   3.753295e+01   0.000000e+00   0.000000e+00   2.193292e+02   2.989571e-10   1.882512e-04
9.660000e+01   3.647692e+01   0.000000e+00   0.000000e+00   2.204966e+02   2.927070e-10   1.852966e-04
9.670000e+01   3.508996e+01   0.000000e+00   0.000000e+00   2.216861e+02   2.865815e-10   1.823976e-04
9.680000e+01   3.259327e+01   0.000000e+00   0.000000e+00   2.228973e+02   2.805799e-10   1.795534e-04
9.690000e+01   2.952403e+01   0.000000e+00   0.000000e+00   2.241294e+02   2.747010e-10   1.767631e-04
9.700000e+01   2.655396e+01   0.000000e+00   0.000000e+00   2.253821e+02   2.689440e-10   1.740258e-04
9.710000e+01   2.435476e+01   0.000000e+00   0.000000e+00   2.266547e+02   2.633077e-10   1.713408e-04
9.720000e+01   2.332662e+01   0.000000e+00   0.000000e+00   2.279467e+02   2.577909e-10   1.687071e-04
9.730000e+01   2.258254e+01   0.000000e+00   0.000000e+00   2.292576e+02   2.523922e-10   1.661238e-04
9.740000e+01   2.192992e+01   0.000000e+00   0.000000e+00   2.305867e+02   2.471102e-10   1.635902e-04
9.750000e+01   2.131216e+01   0.000000e+00   0.000000e+00   2.319335e+02   2.419435e-10   1.611053e-04
9.760000e+01   2.067267e+01   0.000000e+00   0.000000e+00   2.332975e+02   2.368905e-10   1.586683e-04
9.770000e+01   1.995272e+01   0.000000e+00   0.000000e+00   2.346782e+02   2.319496e-10   1.562783e-04
9.780000e+01   1.913745e+01   0.000000e+00   0.000000e+00   2.360749e+02   2.271192e-10   1.539345e-04
9.790000e+01   1.829887e+01   0.000000e+00   0.000000e+00   2.374871e+02   2.223975e-10   1.516360e-04
9.800000e+01   1.751547e+01   0.000000e+00   0.000000e+00   2.389143e+02   2.177828e-10   1.493820e-04
9.810000e+01   1.686580e+01   0.000000e+00   0.000000e+00   2.403559e+02   2.132733e-10   1.471715e-04
9.820000e+01   1.644108e+01   0.000000e+00   0.000000e+00   2.418114e+02   2.088672e-10   1.450038e-04
9.830000e+01   1.630635e+01   0.000000e+00   0.000000e+00   2.432801e+02   2.045626e-10   1.428779e-04
9.840000e+01   1.632338e+01   0.000000e+00   0.000000e+00   2.447616e+02   2.003575e-10   1.407931e-04
9.850000e+01   1.633121e+01   0.000000e+00   0.000000e+00   2.462553e+02   1.962501e-10   1.387484e-04
9.860000e+01   1.616890e+01   0.000000e+00   0.000000e+00   2.477607e+02   1.922385e-10   1.367430e-04
9.870000e+01   1.566025e+01   0.000000e+00   0.000000e+00   2.492771e+02   1.883206e-10   1.347760e-04
9.880000e+01   1.464862e+01   0.000000e+00   0.000000e+00   2.508041e+02   1.844945e-10   1.328466e-04
9.890000e+01   1.324320e+01   0.000000e+00   0.000000e+00   2.523411e+02   1.807582e-10   1.309539e-04
9.900000e+01   1.158757e+01   0.000000e+00   0.000000e+00   2.538875e+02   1.771098e-10   1.290970e-04
9.910000e+01   9.825283e+00   0.000000e+00   0.000000e+00   2.554428e+02   1.735472e-10   1.272752e-04
9.920000e+01   8.005409e+00   0.000000e+00   0.000000e+00   2.570064e+02   1.700685e-10   1.254874e-04
9.930000e+01   5.616661e+00   0.000000e+00   0.000000e+00   2.585778e+02   1.666717e-10   1.237329e-04
9.940000e+01   2.904968e+00   0.000000e+00   0.000000e+00   2.601563e+02   1.633548e-10   1.220109e-04
9.950000e+01   2.927718e-01   0.000000e+00   0.000000e+00   2.617416e+02   1.601157e-10   1.203204e-04
9.960000e+01   -1.797420e+00   0.000000e+00   0.000000e+00   2.633330e+02   1.569527e-10   1.186605e-04
9.970000e+01   -3.028907e+00   0.000000e+00   0.000000e+00   2.649300e+02   1.538639e-10   1.170308e-04
9.980000e+01   -3.943885e+00   0.000000e+00   0.000000e+00   2.665320e+02   1.508481e-10   1.154307e-04
9.990000e+01   -4.786871e+00   0.000000e+00   0.000000e+00   2.681386e+02   1.479036e-10   1.138598e-04
1.000000e+02   -5.637624e+00   0.000000e+00   0.000000e+00   2.697493e+02   1.450291e-10   1.123176e-04
1.001000e+02   -6.575901e+00   0.000000e+00   0.000000e+00   2.713635e+02   1.422231e-10   1.108036e-04
1.002000e+02   -7.766344e+00   0.000000e+00   0.000000e+00   2.729808e+02   1.394843e-10   1.093175e-04
1.003000e+02   -1.002925e+01   0.000000e+00   0.000000e+00   2.746006e+02   1.368111e-10   1.078587e-04
1.004000e+02   -1.314587e+01   0.000000e+00   0.000000e+00   2.762225e+02   1.342022e-10   1.064268e-04
1.005000e+02   -1.660467e+01   0.000000e+00   0.000000e+00   2.778459e+02   1.316562e-10   1.050213e-04
1.006000e+02   -1.989410e+01   0.000000e+00   0.000000e+00   2.794702e+02   1.291717e-10   1.036419e-04
1.007000e+02   -2.253960e+01   0.000000e+00   0.000000e+00   2.810951e+02   1.267473e-10   1.022879e-04
1.008000e+02   -2.471963e+01   0.000000e+00   0.000000e+00   2.827200e+02   1.243816e-10   1.009590e-04
1.009000e+02   -2.672503e+01   0.000000e+00   0.000000e+00   2.843444e+02   1.220734e-10   9.965473e-05
1.010000e+02   -2.875116e+01   0.000000e+00   0.000000e+00   2.859677e+02   1.198212e-10   9.837461e-05
1.011000e+02   -3.099334e+01   0.000000e+00   0.000000e+00   2.875895e+02   1.176238e-10   9.711818e-05
1.012000e+02   -3.370091e+01   0.000000e+00   0.000000e+00   2.892093e+02   1.154798e-10   9.588500e-05
1.013000e+02   -3.763858e+01   0.000000e+00   0.000000e+00   2.908265e+02   1.133880e-10   9.467461e-05
1.014000e+02   -4.237489e+01   0.000000e+00   0.000000e+00   2.924407e+02   1.113471e-10   9.348655e-05
1.015000e+02   -4.710256e+01   0.000000e+00   0.000000e+00   2.940513e+02   1.093559e-10   9.232037e-05
1.016000e+02   -5.101431e+01   0.000000e+00   0.000000e+00   2.956578e+02   1.074130e-10   9.117560e-05
1.017000e+02   -5.338091e+01   0.000000e+00   0.000000e+00   2.972598e+02   1.055174e-10   9.005180e-05
1.018000e+02   -5.512550e+01   0.000000e+00   0.000000e+00   2.988567e+02   1.036677e-10   8.894851e-05
1.019000e+02   -5.672474e+01   0.000000e+00   0.000000e+00   3.004479e+02   1.018628e-10   8.786527e-05
1.020000e+02   -5.813343e+01   0.000000e+00   0.000000e+00   3.020331e+02   1.001016e-10   8.680162e-05
1.021000e+02   -5.930637e+01   0.000000e+00   0.000000e+00   3.036116e+02   9.838285e-11   8.575711e-05
1.022000e+02   -6.018353e+01   0.000000e+00   0.000000e+00   3.051830e+02   9.670548e-11   8.473129e-05
1.023000e+02   -6.043094e+01   0.000000e+00   0.000000e+00   3.067468e+02   9.506835e-11   8.372369e-05
1.024000e+02   -6.013159e+01   0.000000e+00   0.000000e+00   3.083024e+02   9.347037e-11   8.273386e-05
1.025000e+02   -5.955989e+01   0.000000e+00   0.000000e+00   3.098494e+02   9.191047e-11   8.176135e-05
1.026000e+02   -5.899024e+01   0.000000e+00   0.000000e+00   3.113872e+02   9.038759e-11   8.080570e-05
1.027000e+02   -5.868965e+01   0.000000e+00   0.000000e+00   3.129154e+02   8.890067e-11   7.986645e-05
1.028000e+02   -5.860474e+01   0.000000e+00   0.000000e+00   3.144334e+02   8.744870e-11   7.894314e-05
1.029000e+02   -5.857956e+01   0.000000e+00   0.000000e+00   3.159407e+02   8.603068e-11   7.803533e-05
1.030000e+02   -5.853913e+01   0.000000e+00   0.000000e+00   3.174368e+02   8.464559e-11   7.714255e-05
1.031000e+02   -5.840850e+01   0.000000e+00   0.000000e+00   3.189212e+02   8.329248e-11   7.626435e-05
1.032000e+02   -5.811219e+01   0.000000e+00   0.000000e+00   3.203934e+02   8.197038e-11   7.540027e-05
1.033000e+02   -5.758362e+01   0.000000e+00   0.000000e+00   3.218529e+02   8.067836e-11   7.454986e-05
1.034000e+02   -5.685606e+01   0.000000e+00   0.000000e+00   3.232991e+02   7.941548e-11   7.371265e-05
1.035000e+02   -5.599079e+01   0.000000e+00   0.000000e+00   3.247316e+02   7.818083e-11   7.288821e-05
1.036000e+02   -5.504914e+01   0.000000e+00   0.000000e+00   3.261500e+02   7.697353e-11   7.207607e-05
1.037000e+02   -5.409033e+01   0.000000e+00   0.000000e+00   3.275542e+02   7.579275e-11   7.127598e-05
1.038000e+02   -5.301432e+01   0.000000e+00   0.000000e+00   3.289448e+02   7.463774e-11   7.048779e-05
1.039000e+02   -5.181092e+01   0.000000e+00   0.000000e+00   3.303223e+02   7.350775e-11   6.971135e-05
1.040000e+02   -5.057797e+01   0.000000e+00   0.000000e+00   3.316872e+02   7.240209e-11   6.894650e-05
1.041000e+02   -4.941332e+01   0.000000e+00   0.000000e+00   3.330400e+02   7.132006e-11   6.819310e-05
1.042000e+02   -4.841459e+01   0.000000e+00   0.000000e+00   3.343811e+02   7.026100e-11   6.745100e-05
1.043000e+02   -4.761732e+01   0.000000e+00   0.000000e+00   3.357110e+02   6.922427e-11   6.672005e-05
1.044000e+02   -4.693471e+01   0.000000e+00   0.000000e+00   3.370303e+02   6.820925e-11   6.600010e-05
1.045000e+02   -4.626940e+01   0.000000e+00   0.000000e+00   3.383394e+02   6.721535e-11   6.529100e-05
1.046000e+02   -4.552402e+01   0.000000e+00   0.000000e+00   3.396388e+02   6.624197e-11   6.459261e-05
1.047000e+02   -4.459989e+01   0.000000e+00   0.000000e+00   3.409289e+02   6.528855e-11   6.390476e-05
1.048000e+02   -4.316910e+01   0.000000e+00   0.000000e+00   3.422104e+02   6.435455e-11   6.322733e-05
1.049000e+02   -4.133224e+01   0.000000e+00   0.000000e+00   3.434836e+02   6.343944e-11   6.256014e-05
1.050000e+02   -3.952387e+01   0.000000e+00   0.000000e+00   3.447491e+02   6.254270e-11   6.190306e-05
1.051000e+02   -3.817854e+01   0.000000e+00   0.000000e+00   3.460073e+02   6.166384e-11   6.125594e-05
1.052000e+02   -3.773009e+01   0.000000e+00   0.000000e+00   3.472588e+02   6.080237e-11   6.061863e-05
1.053000e+02   -3.783721e+01   0.000000e+00   0.000000e+00   3.485040e+02   5.995782e-11   5.999097e-05
1.054000e+02   -3.795612e+01   0.000000e+00   0.000000e+00   3.497434e+02   5.912973e-11   5.937282e-05
1.055000e+02   -3.808942e+01   0.000000e+00   0.000000e+00   3.509775e+02   5.831765e-11   5.876404e-05
1.056000e+02   -3.823968e+01   0.000000e+00   0.000000e+00   3.522068e+02   5.752116e-11   5.816446e-05
1.057000e+02   -3.840947e+01   0.000000e+00   0.000000e+00   3.534317e+02   5.673984e-11   5.757394e-05
1.058000e+02   -3.896968e+01   0.000000e+00   0.000000e+00   3.546528e+02   5.597327e-11   5.699234e-05
1.059000e+02   -4.004975e+01   0.000000e+00   0.000000e+00   3.558706e+02   5.522106e-11   5.641950e-05
1.060000e+02   -4.129012e+01   0.000000e+00   0.000000e+00   3.570855e+02   5.448281e-11   5.585527e-05
1.061000e+02   -4.233126e+01   0.000000e+00   0.000000e+00   3.582981e+02   5.375816e-11   5.529951e-05
1.062000e+02   -4.281359e+01   0.000000e+00   0.000000e+00   3.595088e+02   5.304673e-11   5.475206e-05
1.063000e+02   -4.257273e+01   0.000000e+00   0.000000e+00   3.607181e+02   5.234816e-11   5.421278e-05
1.064000e+02   -4.186158e+01   0.000000e+00   0.000000e+00   3.619264e+02   5.166210e-11   5.368151e-05
1.065000e+02   -4.092596e+01   0.000000e+00   0.000000e+00   3.631344e+02   5.098822e-11   5.315811e-05
1.066000e+02   -4.001158e+01   0.000000e+00   0.000000e+00   3.643424e+02   5.032617e-11   5.264243e-05
1.067000e+02   -3.936414e+01   0.000000e+00   0.000000e+00   3.655510e+02   4.967563e-11   5.213432e-05
1.068000e+02   -3.895910e+01   0.000000e+00   0.000000e+00   3.667607e+02   4.903629e-11   5.163363e-05
1.069000e+02   -3.855413e+01   0.000000e+00   0.000000e+00   3.679718e+02   4.840783e-11   5.114021e-05
1.070000e+02   -3.817019e+01   0.000000e+00   0.000000e+00   3.691850e+02   4.778995e-11   5.065392e-05
1.071000e+02   -3.782949e+01   0.000000e+00   0.000000e+00   3.704008e+02   4.718235e-11   5.017459e-05
1.072000e+02   -3.755421e+01   0.000000e+00   0.000000e+00   3.716195e+02   4.658475e-11   4.970209e-05
1.073000e+02   -3.741161e+01   0.000000e+00   0.000000e+00   3.728417e+02   4.599686e-11   4.923626e-05
1.074000e+02   -3.744018e+01   0.000000e+00   0.000000e+00   3.740679e+02   4.541841e-11   4.877696e-05
1.075000e+02   -3.758085e+01   0.000000e+00   0.000000e+00   3.752986e+02   4.484911e-11   4.832403e-05
1.076000e+02   -3.777385e+01   0.000000e+00   0.000000e+00   3.765342e+02   4.428872e-11   4.787733e-05
1.077000e+02   -3.795942e+01   0.000000e+00   0.000000e+00   3.777753e+02   4.373696e-11   4.743670e-05
1.078000e+02   -3.825011e+01   0.000000e+00   0.000000e+00   3.790223e+02   4.319359e-11   4.700201e-05
1.079000e+02   -3.878575e+01   0.000000e+00   0.000000e+00   3.802757e+02   4.265836e-11   4.657309e-05
1.080000e+02   -3.936843e+01   0.000000e+00   0.000000e+00   3.815360e+02   4.213102e-11   4.614980e-05
1.081000e+02   -3.979573e+01   0.000000e+00   0.000000e+00   3.828037e+02   4.161133e-11   4.573199e-05
1.082000e+02   -3.986523e+01   0.000000e+00   0.000000e+00   3.840794e+02   4.109907e-11   4.531952e-05
1.083000e+02   -3.958015e+01   0.000000e+00   0.000000e+00   3.853634e+02   4.059400e-11   4.491223e-05
1.084000e+02   -3.922316e+01   0.000000e+00   0.000000e+00   3.866562e+02   4.009589e-11   4.450996e-05
1.085000e+02   -3.878959e+01   0.000000e+00   0.000000e+00   3.879584e+02   3.960454e-11   4.411259e-05
1.086000e+02   -3.826753e+01   0.000000e+00   0.000000e+00   3.892704e+02   3.911974e-11   4.371995e-05
1.087000e+02   -3.764583e+01   0.000000e+00   0.000000e+00   3.905921e+02   3.864140e-11   4.333199e-05
1.088000e+02   -3.686217e+01   0.000000e+00   0.000000e+00   3.919230e+02   3.816949e-11   4.294864e-05
1.089000e+02   -3.585599e+01   0.000000e+00   0.000000e+00   3.932630e+02   3.770395e-11   4.256987e-05
1.090000e+02   -3.471708e+01   0.000000e+00   0.000000e+00   3.946117e+02   3.724476e-11   4.219562e-05
1.091000e+02   -3.353912e+01   0.000000e+00   0.000000e+00   3.959687e+02   3.679185e-11   4.182585e-05
1.092000e+02   -3.241579e+01   0.000000e+00   0.000000e+00   3.973337e+02   3.634519e-11   4.146051e-05
1.093000e+02   -3.137307e+01   0.000000e+00   0.000000e+00   3.987064e+02   3.590472e-11   4.109955e-05
1.094000e+02   -3.031054e+01   0.000000e+00   0.000000e+00   4.000864e+02   3.547040e-11   4.074293e-05
1.095000e+02   -2.924389e+01   0.000000e+00   0.000000e+00   4.014735e+02   3.504216e-11   4.039059e-05
1.096000e+02   -2.819445e+01   0.000000e+00   0.000000e+00   4.028674e+02   3.461997e-11   4.004249e-05
1.097000e+02   -2.718356e+01   0.000000e+00   0.000000e+00   4.042675e+02   3.420375e-11   3.969858e-05
1.098000e+02   -2.650318e+01   0.000000e+00   0.000000e+00   4.056738e+02   3.379347e-11   3.935881e-05
1.099000e+02   -2.667604e+01   0.000000e+00   0.000000e+00   4.070857e+02   3.338905e-11   3.902314e-05
1.100000e+02   -2.736702e+01   0.000000e+00   0.000000e+00   4.085030e+02   3.299044e-11   3.869152e-05
1.101000e+02   -2.820052e+01   0.000000e+00   0.000000e+00   4.099254e+02   3.259759e-11   3.836390e-05
1.102000e+02   -2.880092e+01   0.000000e+00   0.000000e+00   4.113526e+02   3.221043e-11   3.804022e-05
1.103000e+02   -2.905252e+01   0.000000e+00   0.000000e+00   4.127841e+02   3.182890e-11   3.772046e-05
1.104000e+02   -2.940584e+01   0.000000e+00   0.000000e+00   4.142197e+02   3.145294e-11   3.740454e-05
1.105000e+02   -2.968214e+01   0.000000e+00   0.000000e+00   4.156591e+02   3.108249e-11   3.709244e-05
1.106000e+02   -2.965721e+01   0.000000e+00   0.000000e+00   4.171018e+02   3.071749e-11   3.678410e-05
1.107000e+02   -2.910685e+01   0.000000e+00   0.000000e+00   4.185477e+02   3.035787e-11   3.647947e-05
1.108000e+02   -2.773369e+01   0.000000e+00   0.000000e+00   4.199963e+02   3.000356e-11   3.617851e-05
1.109000e+02   -2.542002e+01   0.000000e+00   0.000000e+00   4.214474e+02   2.965451e-11   3.588116e-05
1.110000e+02   -2.265326e+01   0.000000e+00   0.000000e+00   4.229005e+02   2.931066e-11   3.558739e-05
1.111000e+02   -1.995286e+01   0.000000e+00   0.000000e+00   4.243555e+02   2.897192e-11   3.529713e-05
1.112000e+02   -1.783828e+01   0.000000e+00   0.000000e+00   4.258119e+02   2.863825e-11   3.501036e-05
1.113000e+02   -1.664478e+01   0.000000e+00   0.000000e+00   4.272694e+02   2.830957e-11   3.472700e-05
1.114000e+02   -1.591442e+01   0.000000e+00   0.000000e+00   4.287276e+02   2.798581e-11   3.444703e-05
1.115000e+02   -1.543457e+01   0.000000e+00   0.000000e+00   4.301864e+02   2.766692e-11   3.417039e-05
1.116000e+02   -1.503897e+01   0.000000e+00   0.000000e+00   4.316453e+02   2.735283e-11   3.389703e-05
1.117000e+02   -1.456138e+01   0.000000e+00   0.000000e+00   4.331040e+02   2.704347e-11   3.362691e-05
1.118000e+02   -1.392093e+01   0.000000e+00   0.000000e+00   4.345621e+02   2.673877e-11   3.335997e-05
1.119000e+02   -1.332911e+01   0.000000e+00   0.000000e+00   4.360194e+02   2.643867e-11   3.309618e-05
1.120000e+02   -1.271859e+01   0.000000e+00   0.000000e+00   4.374756e+02   2.614310e-11   3.283547e-05
1.121000e+02   -1.198578e+01   0.000000e+00   0.000000e+00   4.389302e+02   2.585200e-11   3.257781e-05
1.122000e+02   -1.102710e+01   0.000000e+00   0.000000e+00   4.403830e+02   2.556530e-11   3.232315e-05
1.123000e+02   -9.779315e+00   0.000000e+00   0.000000e+00   4.418336e+02   2.528293e-11   3.207144e-05
1.124000e+02   -8.384497e+00   -0.000000e+00   -0.000000e+00   4.432817e+02   2.500483e-11   3.182263e-05
1.125000e+02   -6.900377e+00   -0.000000e+00   -0.000000e+00   4.447270e+02   2.473093e-11   3.157667e-05
1.126000e+02   -5.365525e+00   -0.000000e+00   -0.000000e+00   4.461691e+02   2.446117e-11   3.133352e-05
1.127000e+02   -3.818510e+00   -0.000000e+00   -0.000000e+00   4.476078e+02   2.419549e-11   3.109313e-05
1.128000e+02   -2.262023e+00   -0.000000e+00   -0.000000e+00   4.490427e+02   2.393381e-11   3.085545e-05
1.129000e+02   -5.743452e-01   -0.000000e+00   -0.000000e+00   4.504734e+02   2.367608e-11   3.062043e-05
1.130000e+02   1.162988e+00   -0.000000e+00   -0.000000e+00   4.518996e+02   2.342222e-11   3.038802e-05
1.131000e+02   2.838314e+00   -0.000000e+00   -0.000000e+00   4.533211e+02   2.317218e-11   3.015818e-05
1.132000e+02   4.339975e+00   -0.000000e+00   -0.000000e+00   4.547374e+02   2.292589e-11   2.993086e-05
1.133000e+02   5.593564e+00   -0.000000e+00   -0.000000e+00   4.561483e+02   2.268329e-11   2.970601e-05
1.134000e+02   6.754298e+00   -0.000000e+00   -0.000000e+00   4.575533e+02   2.244431e-11   2.948359e-05
1.135000e+02   7.858542e+00   -0.000000e+00   -0.000000e+00   4.589523e+02   2.220890e-11   2.926354e-05
1.136000e+02   8.910220e+00   -0.000000e+00   -0.000000e+00   4.603449e+02   2.197698e-11   2.904582e-05
1.137000e+02   9.913255e+00   -0.000000e+00   -0.000000e+00   4.617306e+02   2.174850e-11   2.883039e-05
1.138000e+02   1.074360e+01   -0.000000e+00   -0.000000e+00   4.631093e+02   2.152340e-11   2.861718e-05
1.139000e+02   1.071266e+01   -0.000000e+00   -0.000000e+00   4.644806e+02   2.130162e-11   2.840616e-05
1.140000e+02   1.015569e+01   -0.000000e+00   -0.000000e+00   4.658441e+02   2.108309e-11   2.819728e-05
1.141000e+02   9.599889e+00   -0.000000e+00   -0.000000e+00   4.671995e+02   2.086775e-11   2.799048e-05
1.142000e+02   9.572466e+00   -0.000000e+00   -0.000000e+00   4.685465e+02   2.065555e-11   2.778573e-05
1.143000e+02   1.050340e+01   -0.000000e+00   -0.000000e+00   4.698848e+02   2.044642e-11   2.758297e-05
1.144000e+02   1.193140e+01   -0.000000e+00   -0.000000e+00   4.712140e+02   2.024031e-11   2.738216e-05
1.145000e+02   1.361927e+01   -0.000000e+00   -0.000000e+00   4.725338e+02   2.003716e-11   2.718325e-05
1.146000e+02   1.546220e+01   -0.000000e+00   -0.000000e+00   4.738439e+02   1.983690e-11   2.698618e-05
1.147000e+02   1.735541e+01   -0.000000e+00   -0.000000e+00   4.751439e+02   1.963949e-11   2.679092e-05
1.148000e+02   1.926105e+01   -0.000000e+00   -0.000000e+00   4.764336e+02   1.944486e-11   2.659742e-05
1.149000e+02   2.160543e+01   -0.000000e+00   -0.000000e+00   4.777128e+02   1.925296e-11   2.640565e-05
1.150000e+02   2.418156e+01   -0.000000e+00   -0.000000e+00   4.789818e+02   1.906374e-11   2.621559e-05
1.151000e+02   2.661579e+01   -0.000000e+00   -0.000000e+00   4.802406e+02   1.887716e-11   2.602723e-05
1.152000e+02   2.853445e+01   -0.000000e+00   -0.000000e+00   4.814895e+02   1.869316e-11   2.584056e-05
1.153000e+02   2.959342e+01   -0.000000e+00   -0.000000e+00   4.827285e+02   1.851170e-11   2.565556e-05
1.154000e+02   2.992458e+01   -0.000000e+00   -0.000000e+00   4.839579e+02   1.833273e-11   2.547223e-05
1.155000e+02   2.979314e+01   -0.000000e+00   -0.000000e+00   4.851777e+02   1.815621e-11   2.529055e-05
1.156000e+02   2.941564e+01   -0.000000e+00   -0.000000e+00   4.863881e+02   1.798209e-11   2.511050e-05
1.157000e+02   2.900864e+01   -0.000000e+00   -0.000000e+00   4.875893e+02   1.781033e-11   2.493207e-05
1.158000e+02   2.877173e+01   -0.000000e+00   -0.000000e+00   4.887813e+02   1.764089e-11   2.475526e-05
1.159000e+02   2.862132e+01   -0.000000e+00   -0.000000e+00   4.899645e+02   1.747373e-11   2.458004e-05
1.160000e+02   2.845715e+01   -0.000000e+00   -0.000000e+00   4.911388e+02   1.730881e-11   2.440640e-05
1.161000e+02   2.822684e+01   -0.000000e+00   -0.000000e+00   4.923045e+02   1.714608e-11   2.423433e-05
1.162000e+02   2.787802e+01   -0.000000e+00   -0.000000e+00   4.934617e+02   1.698552e-11   2.406382e-05
1.163000e+02   2.733334e+01   -0.000000e+00   -0.000000e+00   4.946106e+02   1.682708e-11   2.389485e-05
1.164000e+02   2.626455e+01   -0.000000e+00   -0.000000e+00   4.957512e+02   1.667072e-11   2.372742e-05
1.165000e+02   2.486805e+01   -0.000000e+00   -0.000000e+00   4.968838e+02   1.651641e-11   2.356150e-05
1.166000e+02   2.351037e+01   -0.000000e+00   -0.000000e+00   4.980085e+02   1.636411e-11   2.339708e-05
1.167000e+02   2.255806e+01   -0.000000e+00   -0.000000e+00   4.991254e+02   1.621380e-11   2.323415e-05
1.168000e+02   2.234059e+01   -0.000000e+00   -0.000000e+00   5.002348e+02   1.606543e-11   2.307270e-05
1.169000e+02   2.241031e+01   -0.000000e+00   -0.000000e+00   5.013366e+02   1.591896e-11   2.291272e-05
1.170000e+02   2.254861e+01   -0.000000e+00   -0.000000e+00   5.024312e+02   1.577438e-11   2.275418e-05
1.171000e+02   2.278700e+01   -0.000000e+00   -0.000000e+00   5.035186e+02   1.563164e-11   2.259709e-05
1.172000e+02   2.315697e+01   -0.000000e+00   -0.000000e+00   5.045989e+02   1.549072e-11   2.244141e-05
1.173000e+02   2.370722e+01   -0.000000e+00   -0.000000e+00   5.056725e+02   1.535157e-11   2.228715e-05
1.174000e+02   2.480354e+01   -0.000000e+00   -0.000000e+00   5.067392e+02   1.521418e-11   2.213429e-05
1.175000e+02   2.632667e+01   -0.000000e+00   -0.000000e+00   5.077995e+02   1.507852e-11   2.198281e-05
1.176000e+02   2.793511e+01   -0.000000e+00   -0.000000e+00   5.088533e+02   1.494454e-11   2.183270e-05
1.177000e+02   2.928738e+01   -0.000000e+00   -0.000000e+00   5.099008e+02   1.481223e-11   2.168396e-05
1.178000e+02   3.005844e+01   -0.000000e+00   -0.000000e+00   5.109422e+02   1.468156e-11   2.153655e-05
1.179000e+02   3.053422e+01   -0.000000e+00   -0.000000e+00   5.119776e+02   1.455249e-11   2.139048e-05
1.180000e+02   3.095564e+01   -0.000000e+00   -0.000000e+00   5.130072e+02   1.442500e-11   2.124573e-05
1.181000e+02   3.133924e+01   -0.000000e+00   -0.000000e+00   5.140311e+02   1.429907e-11   2.110228e-05
1.182000e+02   3.170157e+01   -0.000000e+00   -0.000000e+00   5.150495e+02   1.417466e-11   2.096013e-05
1.183000e+02   3.205767e+01   -0.000000e+00   -0.000000e+00   5.160625e+02   1.405175e-11   2.081925e-05
1.184000e+02   3.236124e+01   -0.000000e+00   -0.000000e+00   5.170702e+02   1.393032e-11   2.067965e-05
1.185000e+02   3.261727e+01   -0.000000e+00   -0.000000e+00   5.180729e+02   1.381034e-11   2.054129e-05
1.186000e+02   3.287204e+01   -0.000000e+00   -0.000000e+00   5.190706e+02   1.369179e-11   2.040417e-05
1.187000e+02   3.317179e+01   -0.000000e+00   -0.000000e+00   5.200636e+02   1.357464e-11   2.026828e-05
1.188000e+02   3.356620e+01   -0.000000e+00   -0.000000e+00   5.210519e+02   1.345886e-11   2.013361e-05
1.189000e+02   3.429236e+01   -0.000000e+00   -0.000000e+00   5.220357e+02   1.334444e-11   2.000013e-05
1.190000e+02   3.535574e+01   -0.000000e+00   -0.000000e+00   5.230151e+02   1.323135e-11   1.986784e-05
1.191000e+02   3.659135e+01   -0.000000e+00   -0.000000e+00   5.239904e+02   1.311957e-11   1.973673e-05
1.192000e+02   3.783418e+01   -0.000000e+00   -0.000000e+00   5.249616e+02   1.300907e-11   1.960677e-05
1.193000e+02   3.892038e+01   -0.000000e+00   -0.000000e+00   5.259289e+02   1.289983e-11   1.947796e-05
1.194000e+02   3.986048e+01   -0.000000e+00   -0.000000e+00   5.268925e+02   1.279184e-11   1.935029e-05
1.195000e+02   4.075570e+01   -0.000000e+00   -0.000000e+00   5.278524e+02   1.268507e-11   1.922374e-05
1.196000e+02   4.164167e+01   -0.000000e+00   -0.000000e+00   5.288089e+02   1.257950e-11   1.909829e-05
1.197000e+02   4.255397e+01   -0.000000e+00   -0.000000e+00   5.297621e+02   1.247511e-11   1.897394e-05
1.198000e+02   4.352810e+01   -0.000000e+00   -0.000000e+00   5.307122e+02   1.237187e-11   1.885067e-05
1.199000e+02   4.456380e+01   -0.000000e+00   -0.000000e+00   5.316592e+02   1.226978e-11   1.872847e-05
1.200000e+02   4.564947e+01   -0.000000e+00   -0.000000e+00   5.326033e+02   1.216880e-11   1.860732e-05
1.201000e+02   4.679325e+01   -0.000000e+00   -0.000000e+00   5.335448e+02   1.206892e-11   1.848722e-05
1.202000e+02   4.800330e+01   -0.000000e+00   -0.000000e+00   5.344837e+02   1.197012e-11   1.836814e-05
1.203000e+02   4.928795e+01   -0.000000e+00   -0.000000e+00   5.354201e+02   1.187238e-11   1.825008e-05
1.204000e+02   5.078646e+01   -0.000000e+00   -0.000000e+00   5.363543e+02   1.177568e-11   1.813302e-05
1.205000e+02   5.250332e+01   -0.000000e+00   -0.000000e+00   5.372864e+02   1.168001e-11   1.801695e-05
1.206000e+02   5.427405e+01   -0.000000e+00   -0.000000e+00   5.382165e+02   1.158534e-11   1.790186e-05
1.207000e+02   5.593418e+01   -0.000000e+00   -0.000000e+00   5.391448e+02   1.149166e-11   1.778772e-05
1.208000e+02   5.731921e+01   -0.000000e+00   -0.000000e+00   5.400713e+02   1.139894e-11   1.767454e-05
1.209000e+02   5.842346e+01   -0.000000e+00   -0.000000e+00   5.409964e+02   1.130718e-11   1.756229e-05
1.210000e+02   5.939809e+01   -0.000000e+00   -0.000000e+00   5.419201e+02   1.121636e-11   1.745097e-05
1.211000e+02   6.031400e+01   -0.000000e+00   -0.000000e+00   5.428426e+02   1.112645e-11   1.734055e-05
1.212000e+02   6.124204e+01   -0.000000e+00   -0.000000e+00   5.437639e+02   1.103745e-11   1.723104e-05
1.213000e+02   6.225309e+01   -0.000000e+00   -0.000000e+00   5.446844e+02   1.094933e-11   1.712240e-05
1.214000e+02   6.338988e+01   -0.000000e+00   -0.000000e+00   5.456040e+02   1.086207e-11   1.701464e-05
1.215000e+02   6.461324e+01   -0.000000e+00   -0.000000e+00   5.465230e+02   1.077567e-11   1.690773e-05
1.216000e+02   6.587307e+01   -0.000000e+00   -0.000000e+00   5.474416e+02   1.069011e-11   1.680167e-05
1.217000e+02   6.711927e+01   -0.000000e+00   -0.000000e+00   5.483598e+02   1.060537e-11   1.669643e-05
1.218000e+02   6.830173e+01   -0.000000e+00   -0.000000e+00   5.492777e+02   1.052143e-11   1.659202e-05
1.219000e+02   6.950214e+01   -0.000000e+00   -0.000000e+00   5.501957e+02   1.043828e-11   1.648840e-05
1.220000e+02   7.078292e+01   -0.000000e+00   -0.000000e+00   5.511137e+02   1.035591e-11   1.638558e-05
1.221000e+02   7.200230e+01   -0.000000e+00   -0.000000e+00   5.520320e+02   1.027430e-11   1.628354e-05
1.222000e+02   7.301772e+01   -0.000000e+00   -0.000000e+00   5.529507e+02   1.019343e-11   1.618226e-05
1.223000e+02   7.368653e+01   -0.000000e+00   -0.000000e+00   5.538699e+02   1.011330e-11   1.608173e-05
1.224000e+02   7.407569e+01   -0.000000e+00   -0.000000e+00   5.547896e+02   1.003389e-11   1.598196e-05
1.225000e+02   7.443914e+01   -0.000000e+00   -0.000000e+00   5.557097e+02   9.955203e-12   1.588293e-05
1.226000e+02   7.478767e+01   -0.000000e+00   -0.000000e+00   5.566303e+02   9.877234e-12   1.578463e-05
1.227000e+02   7.512973e+01   -0.000000e+00   -0.000000e+00   5.575512e+02   9.799975e-12   1.568708e-05
1.228000e+02   7.547377e+01   -0.000000e+00   -0.000000e+00   5.584724e+02   9.723421e-12   1.559025e-05
1.229000e+02   7.582158e+01   -0.000000e+00   -0.000000e+00   5.593940e+02   9.647568e-12   1.549416e-05
1.230000e+02   7.616345e+01   -0.000000e+00   -0.000000e+00   5.603158e+02   9.572409e-12   1.539878e-05
1.231000e+02   7.649528e+01   -0.000000e+00   -0.000000e+00   5.612378e+02   9.497939e-12   1.530413e-05
1.232000e+02   7.681306e+01   -0.000000e+00   -0.000000e+00   5.621601e+02   9.424153e-12   1.521019e-05
1.233000e+02   7.711282e+01   -0.000000e+00   -0.000000e+00   5.630825e+02   9.351045e-12   1.511696e-05
1.234000e+02   7.736110e+01   -0.000000e+00   -0.000000e+00   5.640051e+02   9.278611e-12   1.502444e-05
1.235000e+02   7.752452e+01   -0.000000e+00   -0.000000e+00   5.649277e+02   9.206845e-12   1.493262e-05
1.236000e+02   7.764203e+01   -0.000000e+00   -0.000000e+00   5.658504e+02   9.135741e-12   1.484150e-05
1.237000e+02   7.775396e+01   -0.000000e+00   -0.000000e+00   5.667732e+02   9.065294e-12   1.475107e-05
1.238000e+02   7.790064e+01   -0.000000e+00   -0.000000e+00   5.676959e+02   8.995500e-12   1.466133e-05
1.239000e+02   7.810348e+01   -0.000000e+00   -0.000000e+00   5.686186e+02   8.926353e-12   1.457228e-05
1.240000e+02   7.833358e+01   -0.000000e+00   -0.000000e+00   5.695412e+02   8.857847e-12   1.448391e-05
1.241000e+02   7.857443e+01   -0.000000e+00   -0.000000e+00   5.704637e+02   8.789977e-12   1.439621e-05
1.242000e+02   7.881035e+01   -0.000000e+00   -0.000000e+00   5.713861e+02   8.722739e-12   1.430919e-05
1.243000e+02   7.902565e+01   -0.000000e+00   -0.000000e+00   5.723083e+02   8.656128e-12   1.422283e-05
1.244000e+02   7.920747e+01   -0.000000e+00   -0.000000e+00   5.732303e+02   8.590137e-12   1.413714e-05
1.245000e+02   7.935979e+01   -0.000000e+00   -0.000000e+00   5.741520e+02   8.524762e-12   1.405211e-05
1.246000e+02   7.949223e+01   -0.000000e+00   -0.000000e+00   5.750734e+02   8.459997e-12   1.396773e-05
1.247000e+02   7.961439e+01   -0.000000e+00   -0.000000e+00   5.759946e+02   8.395839e-12   1.388401e-05
1.248000e+02   7.973585e+01   -0.000000e+00   -0.000000e+00   5.769153e+02   8.332281e-12   1.380093e-05
1.249000e+02   7.983303e+01   -0.000000e+00   -0.000000e+00   5.778357e+02   8.269319e-12   1.371849e-05
1.250000e+02   7.986119e+01   -0.000000e+00   -0.000000e+00   5.787557e+02   8.206947e-12   1.363670e-05
1.251000e+02   7.988769e+01   -0.000000e+00   -0.000000e+00   5.796752e+02   8.145160e-12   1.355554e-05
1.252000e+02   7.998502e+01   -0.000000e+00   -0.000000e+00   5.805942e+02   8.083955e-12   1.347500e-05
1.253000e+02   8.022566e+01   -0.000000e+00   -0.000000e+00   5.815127e+02   8.023324e-12   1.339510e-05
1.254000e+02   8.062884e+01   -0.000000e+00   -0.000000e+00   5.824306e+02   7.963265e-12   1.331581e-05
1.255000e+02   8.107035e+01   -0.000000e+00   -0.000000e+00   5.833479e+02   7.903771e-12   1.323715e-05
1.256000e+02   8.152617e+01   -0.000000e+00   -0.000000e+00   5.842646e+02   7.844838e-12   1.315909e-05
1.257000e+02   8.198077e+01   -0.000000e+00   -0.000000e+00   5.851807e+02   7.786461e-12   1.308165e-05
1.258000e+02   8.241862e+01   -0.000000e+00   -0.000000e+00   5.860960e+02   7.728635e-12   1.300481e-05
1.259000e+02   8.281297e+01   -0.000000e+00   -0.000000e+00   5.870106e+02   7.671355e-12   1.292857e-05
1.260000e+02   8.312659e+01   -0.000000e+00   -0.000000e+00   5.879244e+02   7.614616e-12   1.285292e-05
1.261000e+02   8.337236e+01   -0.000000e+00   -0.000000e+00   5.888375e+02   7.558414e-12   1.277787e-05
1.262000e+02   8.356653e+01   -0.000000e+00   -0.000000e+00   5.897497e+02   7.502744e-12   1.270341e-05
1.263000e+02   8.372535e+01   -0.000000e+00   -0.000000e+00   5.906610e+02   7.447600e-12   1.262953e-05
1.264000e+02   8.381624e+01   -0.000000e+00   -0.000000e+00   5.915714e+02   7.392979e-12   1.255622e-05
1.265000e+02   8.371687e+01   -0.000000e+00   -0.000000e+00   5.924809e+02   7.338876e-12   1.248350e-05
1.266000e+02   8.351425e+01   -0.000000e+00   -0.000000e+00   5.933894e+02   7.285285e-12   1.241134e-05
1.267000e+02   8.331377e+01   -0.000000e+00   -0.000000e+00   5.942969e+02   7.232203e-12   1.233975e-05
1.268000e+02   8.322083e+01   -0.000000e+00   -0.000000e+00   5.952033e+02   7.179624e-12   1.226872e-05
1.269000e+02   8.328554e+01   -0.000000e+00   -0.000000e+00   5.961087e+02   7.127544e-12   1.219826e-05
1.270000e+02   8.336116e+01   -0.000000e+00   -0.000000e+00   5.970130e+02   7.075958e-12   1.212834e-05
1.271000e+02   8.347180e+01   -0.000000e+00   -0.000000e+00   5.979161e+02   7.024862e-12   1.205897e-05
1.272000e+02   8.366456e+01   -0.000000e+00   -0.000000e+00   5.988180e+02   6.974251e-12   1.199015e-05
1.273000e+02   8.398656e+01   -0.000000e+00   -0.000000e+00   5.997187e+02   6.924120e-12   1.192187e-05
1.274000e+02   8.446945e+01   -0.000000e+00   -0.000000e+00   6.006182e+02   6.874466e-12   1.185413e-05
1.275000e+02   8.505853e+01   -0.000000e+00   -0.000000e+00   6.015163e+02   6.825283e-12   1.178692e-05
1.276000e+02   8.572042e+01   -0.000000e+00   -0.000000e+00   6.024132e+02   6.776567e-12   1.172024e-05
1.277000e+02   8.642850e+01   -0.000000e+00   -0.000000e+00   6.033086e+02   6.728313e-12   1.165408e-05
1.278000e+02   8.715614e+01   -0.000000e+00   -0.000000e+00   6.042027e+02   6.680518e-12   1.158845e-05
1.279000e+02   8.791555e+01   -0.000000e+00   -0.000000e+00   6.050954e+02   6.633176e-12   1.152332e-05
1.280000e+02   8.884497e+01   -0.000000e+00   -0.000000e+00   6.059866e+02   6.586284e-12   1.145871e-05
1.281000e+02   8.984963e+01   -0.000000e+00   -0.000000e+00   6.068763e+02   6.539836e-12   1.139461e-05
1.282000e+02   9.080130e+01   -0.000000e+00   -0.000000e+00   6.077645e+02   6.493830e-12   1.133101e-05
1.283000e+02   9.157177e+01   -0.000000e+00   -0.000000e+00   6.086511e+02   6.448259e-12   1.126791e-05
1.284000e+02   9.203904e+01   -0.000000e+00   -0.000000e+00   6.095362e+02   6.403120e-12   1.120530e-05
1.285000e+02   9.220038e+01   -0.000000e+00   -0.000000e+00   6.104195e+02   6.358409e-12   1.114318e-05
1.286000e+02   9.215898e+01   -0.000000e+00   -0.000000e+00   6.113013e+02   6.314121e-12   1.108155e-05
1.287000e+02   9.202159e+01   -0.000000e+00   -0.000000e+00   6.121813e+02   6.270252e-12   1.102040e-05
1.288000e+02   9.189496e+01   -0.000000e+00   -0.000000e+00   6.130596e+02   6.226799e-12   1.095973e-05
1.289000e+02   9.184596e+01   -0.000000e+00   -0.000000e+00   6.139361e+02   6.183755e-12   1.089953e-05
1.290000e+02   9.170888e+01   -0.000000e+00   -0.000000e+00   6.148108e+02   6.141119e-12   1.083980e-05
1.291000e+02   9.154312e+01   -0.000000e+00   -0.000000e+00   6.156836e+02   6.098884e-12   1.078054e-05
1.292000e+02   9.146043e+01   -0.000000e+00   -0.000000e+00   6.165546e+02   6.057048e-12   1.072173e-05
1.293000e+02   9.157253e+01   -0.000000e+00   -0.000000e+00   6.174237e+02   6.015606e-12   1.066338e-05
1.294000e+02   9.195507e+01   -0.000000e+00   -0.000000e+00   6.182908e+02   5.974554e-12   1.060549e-05
1.295000e+02   9.239471e+01   -0.000000e+00   -0.000000e+00   6.191560e+02   5.933888e-12   1.054804e-05
1.296000e+02   9.283485e+01   -0.000000e+00   -0.000000e+00   6.200191e+02   5.893603e-12   1.049103e-05
1.297000e+02   9.327459e+01   -0.000000e+00   -0.000000e+00   6.208802e+02   5.853696e-12   1.043447e-05
1.298000e+02   9.371303e+01   -0.000000e+00   -0.000000e+00   6.217392e+02   5.814163e-12   1.037834e-05
1.299000e+02   9.415227e+01   -0.000000e+00   -0.000000e+00   6.225961e+02   5.775000e-12   1.032264e-05
1.300000e+02   9.461388e+01   -0.000000e+00   -0.000000e+00   6.234508e+02   5.736203e-12   1.026737e-05
