#% 0, Z0, m, 0.0
#% 1, Z, km
#% 2, U, m/s
#% 3, V, m/s
#% 4, W, m/s
#% 5, T, degK
#% 6, RHO, g/cm3
#% 7, P, mbar
0.000000e+00   -9.849151e-01   -0.000000e+00   -0.000000e+00   2.715702e+02   1.237207e-03   9.646212e+02
1.000000e-01   -2.326641e+00   -0.000000e+00   -0.000000e+00   2.705811e+02   1.226382e-03   9.526985e+02
2.000000e-01   -3.229966e+00   -0.000000e+00   -0.000000e+00   2.696049e+02   1.215555e-03   9.408813e+02
3.000000e-01   -3.898890e+00   -0.000000e+00   -0.000000e+00   2.686409e+02   1.204737e-03   9.291730e+02
4.000000e-01   -4.514528e+00   -0.000000e+00   -0.000000e+00   2.676874e+02   1.193939e-03   9.175770e+02
5.000000e-01   -5.156223e+00   -0.000000e+00   -0.000000e+00   2.667435e+02   1.183174e-03   9.060970e+02
6.000000e-01   -5.863897e+00   -0.000000e+00   -0.000000e+00   2.658499e+02   1.172265e-03   8.947357e+02
7.000000e-01   -6.630991e+00   -0.000000e+00   -0.000000e+00   2.650136e+02   1.161192e-03   8.834957e+02
8.000000e-01   -7.343902e+00   -0.000000e+00   -0.000000e+00   2.642885e+02   1.149728e-03   8.723799e+02
9.000000e-01   -7.750275e+00   -0.000000e+00   -0.000000e+00   2.639501e+02   1.136699e-03   8.613899e+02
1.000000e+00   -7.614153e+00   -0.000000e+00   -0.000000e+00   2.642850e+02   1.120941e-03   8.505260e+02
1.100000e+00   -7.206798e+00   -0.000000e+00   -0.000000e+00   2.650300e+02   1.103679e-03   8.397886e+02
1.200000e+00   -6.878466e+00   -0.000000e+00   -0.000000e+00   2.656081e+02   1.087365e-03   8.291802e+02
1.300000e+00   -6.598115e+00   -0.000000e+00   -0.000000e+00   2.657006e+02   1.073254e-03   8.187049e+02
1.400000e+00   -6.373233e+00   -0.000000e+00   -0.000000e+00   2.656628e+02   1.059845e-03   8.083613e+02
1.500000e+00   -6.234532e+00   -0.000000e+00   -0.000000e+00   2.656096e+02   1.046659e-03   7.981444e+02
1.600000e+00   -6.216046e+00   -0.000000e+00   -0.000000e+00   2.654394e+02   1.034083e-03   7.880486e+02
1.700000e+00   -6.299565e+00   -0.000000e+00   -0.000000e+00   2.652042e+02   1.021895e-03   7.780709e+02
1.800000e+00   -6.436318e+00   -0.000000e+00   -0.000000e+00   2.649352e+02   1.009967e-03   7.682083e+02
1.900000e+00   -6.577867e+00   -0.000000e+00   -0.000000e+00   2.646325e+02   9.982882e-04   7.584580e+02
2.000000e+00   -6.665976e+00   -0.000000e+00   -0.000000e+00   2.643039e+02   9.868243e-04   7.488170e+02
2.100000e+00   -6.678357e+00   -0.000000e+00   -0.000000e+00   2.639663e+02   9.755052e-04   7.392826e+02
2.200000e+00   -6.661142e+00   -0.000000e+00   -0.000000e+00   2.636351e+02   9.642717e-04   7.298524e+02
2.300000e+00   -6.614167e+00   -0.000000e+00   -0.000000e+00   2.633136e+02   9.531116e-04   7.205256e+02
2.400000e+00   -6.537533e+00   -0.000000e+00   -0.000000e+00   2.630017e+02   9.420266e-04   7.113021e+02
2.500000e+00   -6.434668e+00   -0.000000e+00   -0.000000e+00   2.626921e+02   9.310441e-04   7.021819e+02
2.600000e+00   -6.284139e+00   -0.000000e+00   -0.000000e+00   2.623685e+02   9.202220e-04   6.931651e+02
2.700000e+00   -6.059565e+00   -0.000000e+00   -0.000000e+00   2.620163e+02   9.096100e-04   6.842517e+02
2.800000e+00   -5.806204e+00   -0.000000e+00   -0.000000e+00   2.616369e+02   8.991989e-04   6.754406e+02
2.900000e+00   -5.572891e+00   -0.000000e+00   -0.000000e+00   2.612391e+02   8.889542e-04   6.667299e+02
3.000000e+00   -5.408582e+00   -0.000000e+00   -0.000000e+00   2.608315e+02   8.788430e-04   6.581179e+02
3.100000e+00   -5.391394e+00   -0.000000e+00   -0.000000e+00   2.604218e+02   8.688364e-04   6.496026e+02
3.200000e+00   -5.555406e+00   -0.000000e+00   -0.000000e+00   2.600180e+02   8.589067e-04   6.411825e+02
3.300000e+00   -5.813506e+00   0.000000e+00   0.000000e+00   2.596272e+02   8.490286e-04   6.328559e+02
3.400000e+00   -6.064581e+00   0.000000e+00   0.000000e+00   2.592507e+02   8.391983e-04   6.246215e+02
3.500000e+00   -6.198842e+00   0.000000e+00   0.000000e+00   2.588852e+02   8.294274e-04   6.164785e+02
3.600000e+00   -6.174876e+00   0.000000e+00   0.000000e+00   2.585272e+02   8.197275e-04   6.084264e+02
3.700000e+00   -6.096191e+00   0.000000e+00   0.000000e+00   2.581731e+02   8.101098e-04   6.004643e+02
3.800000e+00   -5.970694e+00   0.000000e+00   0.000000e+00   2.578181e+02   8.005889e-04   5.925913e+02
3.900000e+00   -5.815339e+00   0.000000e+00   0.000000e+00   2.574546e+02   7.911868e-04   5.848063e+02
4.000000e+00   -5.648953e+00   0.000000e+00   0.000000e+00   2.570748e+02   7.819257e-04   5.771082e+02
4.100000e+00   -5.460228e+00   0.000000e+00   0.000000e+00   2.566706e+02   7.728268e-04   5.694958e+02
4.200000e+00   -5.213015e+00   0.000000e+00   0.000000e+00   2.562346e+02   7.639087e-04   5.619680e+02
4.300000e+00   -4.961758e+00   0.000000e+00   0.000000e+00   2.557672e+02   7.551661e-04   5.545232e+02
4.400000e+00   -4.760680e+00   0.000000e+00   0.000000e+00   2.552747e+02   7.465762e-04   5.471599e+02
4.500000e+00   -4.663881e+00   0.000000e+00   0.000000e+00   2.547636e+02   7.381162e-04   5.398766e+02
4.600000e+00   -4.694653e+00   0.000000e+00   0.000000e+00   2.542404e+02   7.297642e-04   5.326715e+02
4.700000e+00   -4.785805e+00   0.000000e+00   0.000000e+00   2.537108e+02   7.215015e-04   5.255433e+02
4.800000e+00   -4.920226e+00   0.000000e+00   0.000000e+00   2.531723e+02   7.133334e-04   5.184909e+02
4.900000e+00   -5.085420e+00   0.000000e+00   0.000000e+00   2.526182e+02   7.052777e-04   5.115135e+02
5.000000e+00   -5.268890e+00   0.000000e+00   0.000000e+00   2.520416e+02   6.973514e-04   5.046105e+02
5.100000e+00   -5.476470e+00   0.000000e+00   0.000000e+00   2.514358e+02   6.895711e-04   4.977812e+02
5.200000e+00   -5.743169e+00   0.000000e+00   0.000000e+00   2.507945e+02   6.819507e-04   4.910247e+02
5.300000e+00   -6.034883e+00   0.000000e+00   0.000000e+00   2.501231e+02   6.744735e-04   4.843407e+02
5.400000e+00   -6.311927e+00   0.000000e+00   0.000000e+00   2.494357e+02   6.670993e-04   4.777289e+02
5.500000e+00   -6.534601e+00   0.000000e+00   0.000000e+00   2.487470e+02   6.597885e-04   4.711888e+02
5.600000e+00   -6.686241e+00   0.000000e+00   0.000000e+00   2.480715e+02   6.525029e-04   4.647203e+02
5.700000e+00   -6.828214e+00   0.000000e+00   0.000000e+00   2.474236e+02   6.452056e-04   4.583229e+02
5.800000e+00   -6.967096e+00   0.000000e+00   0.000000e+00   2.468114e+02   6.378774e-04   4.519963e+02
5.900000e+00   -7.105995e+00   0.000000e+00   0.000000e+00   2.462257e+02   6.305445e-04   4.457398e+02
6.000000e+00   -7.248583e+00   0.000000e+00   0.000000e+00   2.456541e+02   6.232390e-04   4.395527e+02
6.100000e+00   -7.393514e+00   0.000000e+00   0.000000e+00   2.450844e+02   6.159922e-04   4.334343e+02
6.200000e+00   -7.528572e+00   0.000000e+00   0.000000e+00   2.445044e+02   6.088341e-04   4.273838e+02
6.300000e+00   -7.665975e+00   0.000000e+00   0.000000e+00   2.439020e+02   6.017933e-04   4.214005e+02
6.400000e+00   -7.817829e+00   0.000000e+00   0.000000e+00   2.432697e+02   5.948859e-04   4.154838e+02
6.500000e+00   -7.992062e+00   0.000000e+00   0.000000e+00   2.426079e+02   5.881087e-04   4.096329e+02
6.600000e+00   -8.191367e+00   0.000000e+00   0.000000e+00   2.419173e+02   5.814571e-04   4.038471e+02
6.700000e+00   -8.396585e+00   0.000000e+00   0.000000e+00   2.411990e+02   5.749267e-04   3.981257e+02
6.800000e+00   -8.602699e+00   0.000000e+00   0.000000e+00   2.404537e+02   5.685132e-04   3.924681e+02
6.900000e+00   -8.807226e+00   0.000000e+00   0.000000e+00   2.396824e+02   5.622123e-04   3.868734e+02
7.000000e+00   -9.008208e+00   0.000000e+00   0.000000e+00   2.388874e+02   5.560171e-04   3.813412e+02
7.100000e+00   -9.217868e+00   0.000000e+00   0.000000e+00   2.380749e+02   5.499119e-04   3.758713e+02
7.200000e+00   -9.485629e+00   0.000000e+00   0.000000e+00   2.372520e+02   5.438799e-04   3.704634e+02
7.300000e+00   -9.779330e+00   0.000000e+00   0.000000e+00   2.364258e+02   5.379049e-04   3.651175e+02
7.400000e+00   -1.005557e+01   0.000000e+00   0.000000e+00   2.356032e+02   5.319712e-04   3.598335e+02
7.500000e+00   -1.027094e+01   0.000000e+00   0.000000e+00   2.347913e+02   5.260634e-04   3.546112e+02
7.600000e+00   -1.039552e+01   0.000000e+00   0.000000e+00   2.339970e+02   5.201672e-04   3.494505e+02
7.700000e+00   -1.048271e+01   0.000000e+00   0.000000e+00   2.332229e+02   5.142784e-04   3.443514e+02
7.800000e+00   -1.054344e+01   0.000000e+00   0.000000e+00   2.324655e+02   5.084062e-04   3.393140e+02
7.900000e+00   -1.057695e+01   0.000000e+00   0.000000e+00   2.317211e+02   5.025604e-04   3.343384e+02
8.000000e+00   -1.058244e+01   0.000000e+00   0.000000e+00   2.309861e+02   4.967505e-04   3.294249e+02
8.100000e+00   -1.057072e+01   0.000000e+00   0.000000e+00   2.302565e+02   4.909857e-04   3.245735e+02
8.200000e+00   -1.060335e+01   0.000000e+00   0.000000e+00   2.295286e+02   4.852752e-04   3.197845e+02
8.300000e+00   -1.064920e+01   0.000000e+00   0.000000e+00   2.287988e+02   4.796276e-04   3.150579e+02
8.400000e+00   -1.065978e+01   0.000000e+00   0.000000e+00   2.280633e+02   4.740514e-04   3.103939e+02
8.500000e+00   -1.058741e+01   0.000000e+00   0.000000e+00   2.273197e+02   4.685518e-04   3.057927e+02
8.600000e+00   -1.036084e+01   0.000000e+00   0.000000e+00   2.265750e+02   4.631148e-04   3.012541e+02
8.700000e+00   -9.788344e+00   0.000000e+00   0.000000e+00   2.258400e+02   4.577188e-04   2.967781e+02
8.800000e+00   -8.997390e+00   0.000000e+00   0.000000e+00   2.251253e+02   4.523433e-04   2.923646e+02
8.900000e+00   -8.177297e+00   0.000000e+00   0.000000e+00   2.244417e+02   4.469685e-04   2.880134e+02
9.000000e+00   -7.517380e+00   0.000000e+00   0.000000e+00   2.237998e+02   4.415752e-04   2.837245e+02
9.100000e+00   -7.190798e+00   0.000000e+00   0.000000e+00   2.232105e+02   4.361452e-04   2.794977e+02
9.200000e+00   -7.138951e+00   0.000000e+00   0.000000e+00   2.226845e+02   4.306612e-04   2.753329e+02
9.300000e+00   -7.231524e+00   0.000000e+00   0.000000e+00   2.222324e+02   4.251067e-04   2.712300e+02
9.400000e+00   -7.356476e+00   0.000000e+00   0.000000e+00   2.218649e+02   4.194665e-04   2.671889e+02
9.500000e+00   -7.401644e+00   0.000000e+00   0.000000e+00   2.215926e+02   4.137268e-04   2.632094e+02
9.600000e+00   -7.244479e+00   0.000000e+00   0.000000e+00   2.214168e+02   4.078917e-04   2.592912e+02
9.700000e+00   -6.786960e+00   0.000000e+00   0.000000e+00   2.213272e+02   4.019857e-04   2.554335e+02
9.800000e+00   -6.155978e+00   0.000000e+00   0.000000e+00   2.213132e+02   3.960338e-04   2.516355e+02
9.900000e+00   -5.515379e+00   0.000000e+00   0.000000e+00   2.213638e+02   3.900599e-04   2.478964e+02
1.000000e+01   -5.029008e+00   0.000000e+00   0.000000e+00   2.214681e+02   3.840869e-04   2.442154e+02
1.010000e+01   -4.866337e+00   0.000000e+00   0.000000e+00   2.216155e+02   3.781362e-04   2.405918e+02
1.020000e+01   -5.147882e+00   0.000000e+00   0.000000e+00   2.217950e+02   3.722283e-04   2.370247e+02
1.030000e+01   -5.696043e+00   0.000000e+00   0.000000e+00   2.219959e+02   3.663823e-04   2.335134e+02
1.040000e+01   -6.281602e+00   0.000000e+00   0.000000e+00   2.222071e+02   3.606160e-04   2.300570e+02
1.050000e+01   -6.675341e+00   0.000000e+00   0.000000e+00   2.224181e+02   3.549462e-04   2.266548e+02
1.060000e+01   -6.672099e+00   0.000000e+00   0.000000e+00   2.226189e+02   3.493864e-04   2.233060e+02
1.070000e+01   -6.486457e+00   0.000000e+00   0.000000e+00   2.228086e+02   3.439358e-04   2.200096e+02
1.080000e+01   -6.244453e+00   0.000000e+00   0.000000e+00   2.229903e+02   3.385871e-04   2.167648e+02
1.090000e+01   -5.963512e+00   0.000000e+00   0.000000e+00   2.231673e+02   3.333330e-04   2.135705e+02
1.100000e+01   -5.661061e+00   0.000000e+00   0.000000e+00   2.233428e+02   3.281669e-04   2.104258e+02
1.110000e+01   -5.347657e+00   0.000000e+00   0.000000e+00   2.235199e+02   3.230823e-04   2.073298e+02
1.120000e+01   -4.926083e+00   0.000000e+00   0.000000e+00   2.237019e+02   3.180730e-04   2.042814e+02
1.130000e+01   -4.429128e+00   0.000000e+00   0.000000e+00   2.238919e+02   3.131332e-04   2.012797e+02
1.140000e+01   -3.948168e+00   0.000000e+00   0.000000e+00   2.240932e+02   3.082574e-04   1.983237e+02
1.150000e+01   -3.574581e+00   0.000000e+00   0.000000e+00   2.243091e+02   3.034403e-04   1.954125e+02
1.160000e+01   -3.405130e+00   0.000000e+00   0.000000e+00   2.245426e+02   2.986769e-04   1.925452e+02
1.170000e+01   -3.595080e+00   0.000000e+00   0.000000e+00   2.247963e+02   2.939635e-04   1.897208e+02
1.180000e+01   -4.042825e+00   0.000000e+00   0.000000e+00   2.250697e+02   2.893007e-04   1.869386e+02
1.190000e+01   -4.561155e+00   0.000000e+00   0.000000e+00   2.253615e+02   2.846905e-04   1.841981e+02
1.200000e+01   -4.962859e+00   0.000000e+00   0.000000e+00   2.256703e+02   2.801346e-04   1.814987e+02
1.210000e+01   -5.068905e+00   0.000000e+00   0.000000e+00   2.259946e+02   2.756346e-04   1.788398e+02
1.220000e+01   -5.010451e+00   0.000000e+00   0.000000e+00   2.263332e+02   2.711919e-04   1.762208e+02
1.230000e+01   -4.911698e+00   0.000000e+00   0.000000e+00   2.266845e+02   2.668077e-04   1.736412e+02
1.240000e+01   -4.787567e+00   0.000000e+00   0.000000e+00   2.270474e+02   2.624834e-04   1.711003e+02
1.250000e+01   -4.652979e+00   0.000000e+00   0.000000e+00   2.274203e+02   2.582199e-04   1.685975e+02
1.260000e+01   -4.517382e+00   0.000000e+00   0.000000e+00   2.278019e+02   2.540180e-04   1.661324e+02
1.270000e+01   -4.181448e+00   0.000000e+00   0.000000e+00   2.281908e+02   2.498787e-04   1.637042e+02
1.280000e+01   -3.668333e+00   0.000000e+00   0.000000e+00   2.285851e+02   2.458032e-04   1.613124e+02
1.290000e+01   -3.151484e+00   0.000000e+00   0.000000e+00   2.289804e+02   2.417954e-04   1.589567e+02
1.300000e+01   -2.802833e+00   0.000000e+00   0.000000e+00   2.293718e+02   2.378595e-04   1.566365e+02
1.310000e+01   -2.794122e+00   0.000000e+00   0.000000e+00   2.297544e+02   2.339993e-04   1.543514e+02
1.320000e+01   -3.210957e+00   0.000000e+00   0.000000e+00   2.301231e+02   2.302183e-04   1.521012e+02
1.330000e+01   -3.918931e+00   0.000000e+00   0.000000e+00   2.304731e+02   2.265198e-04   1.498852e+02
1.340000e+01   -4.749120e+00   0.000000e+00   0.000000e+00   2.307993e+02   2.229066e-04   1.477031e+02
1.350000e+01   -5.532598e+00   0.000000e+00   0.000000e+00   2.310968e+02   2.193813e-04   1.455546e+02
1.360000e+01   -6.102416e+00   0.000000e+00   0.000000e+00   2.313606e+02   2.159463e-04   1.434391e+02
1.370000e+01   -6.543075e+00   0.000000e+00   0.000000e+00   2.315859e+02   2.126037e-04   1.413563e+02
1.380000e+01   -6.933012e+00   0.000000e+00   0.000000e+00   2.317675e+02   2.093555e-04   1.393058e+02
1.390000e+01   -7.206279e+00   0.000000e+00   0.000000e+00   2.319018e+02   2.062022e-04   1.372871e+02
1.400000e+01   -7.307277e+00   0.000000e+00   0.000000e+00   2.319909e+02   2.031390e-04   1.352997e+02
1.410000e+01   -7.183197e+00   0.000000e+00   0.000000e+00   2.320392e+02   2.001596e-04   1.333429e+02
1.420000e+01   -6.666343e+00   0.000000e+00   0.000000e+00   2.320507e+02   1.972578e-04   1.314163e+02
1.430000e+01   -5.783330e+00   0.000000e+00   0.000000e+00   2.320298e+02   1.944277e-04   1.295193e+02
1.440000e+01   -4.719709e+00   0.000000e+00   0.000000e+00   2.319807e+02   1.916640e-04   1.276512e+02
1.450000e+01   -3.661033e+00   0.000000e+00   0.000000e+00   2.319077e+02   1.889613e-04   1.258115e+02
1.460000e+01   -2.792623e+00   0.000000e+00   0.000000e+00   2.318149e+02   1.863145e-04   1.239996e+02
1.470000e+01   -2.056344e+00   0.000000e+00   0.000000e+00   2.317066e+02   1.837188e-04   1.222150e+02
1.480000e+01   -1.334846e+00   0.000000e+00   0.000000e+00   2.315871e+02   1.811695e-04   1.204570e+02
1.490000e+01   -6.843578e-01   0.000000e+00   0.000000e+00   2.314606e+02   1.786623e-04   1.187250e+02
1.500000e+01   -1.605050e-01   0.000000e+00   0.000000e+00   2.313310e+02   1.761930e-04   1.170186e+02
1.510000e+01   1.868260e-01   0.000000e+00   0.000000e+00   2.312004e+02   1.737594e-04   1.153372e+02
1.520000e+01   -4.121745e-02   0.000000e+00   0.000000e+00   2.310695e+02   1.713603e-04   1.136803e+02
1.530000e+01   -9.304370e-01   0.000000e+00   0.000000e+00   2.309390e+02   1.689944e-04   1.120475e+02
1.540000e+01   -2.057979e+00   0.000000e+00   0.000000e+00   2.308097e+02   1.666606e-04   1.104383e+02
1.550000e+01   -3.000988e+00   0.000000e+00   0.000000e+00   2.306824e+02   1.643577e-04   1.088521e+02
1.560000e+01   -3.336612e+00   0.000000e+00   0.000000e+00   2.305576e+02   1.620846e-04   1.072886e+02
1.570000e+01   -2.789719e+00   0.000000e+00   0.000000e+00   2.304363e+02   1.598401e-04   1.057473e+02
1.580000e+01   -1.635659e+00   0.000000e+00   0.000000e+00   2.303192e+02   1.576233e-04   1.042276e+02
1.590000e+01   -2.736644e-01   0.000000e+00   0.000000e+00   2.302070e+02   1.554330e-04   1.027292e+02
1.600000e+01   8.970564e-01   0.000000e+00   0.000000e+00   2.301004e+02   1.532682e-04   1.012515e+02
1.610000e+01   1.477272e+00   0.000000e+00   0.000000e+00   2.300002e+02   1.511279e-04   9.979416e+01
1.620000e+01   1.185418e+00   0.000000e+00   0.000000e+00   2.299070e+02   1.490114e-04   9.835671e+01
1.630000e+01   2.670123e-01   0.000000e+00   0.000000e+00   2.298211e+02   1.469184e-04   9.693897e+01
1.640000e+01   -8.864608e-01   0.000000e+00   0.000000e+00   2.297429e+02   1.448485e-04   9.554073e+01
1.650000e+01   -1.883533e+00   0.000000e+00   0.000000e+00   2.296729e+02   1.428014e-04   9.416176e+01
1.660000e+01   -2.332736e+00   0.000000e+00   0.000000e+00   2.296113e+02   1.407768e-04   9.280185e+01
1.670000e+01   -2.218367e+00   0.000000e+00   0.000000e+00   2.295586e+02   1.387743e-04   9.146079e+01
1.680000e+01   -1.964787e+00   0.000000e+00   0.000000e+00   2.295152e+02   1.367936e-04   9.013835e+01
1.690000e+01   -1.630545e+00   0.000000e+00   0.000000e+00   2.294813e+02   1.348345e-04   8.883431e+01
1.700000e+01   -1.270293e+00   0.000000e+00   0.000000e+00   2.294575e+02   1.328966e-04   8.754847e+01
1.710000e+01   -9.386856e-01   0.000000e+00   0.000000e+00   2.294441e+02   1.309797e-04   8.628059e+01
1.720000e+01   -6.406547e-01   0.000000e+00   0.000000e+00   2.294414e+02   1.290834e-04   8.503047e+01
1.730000e+01   -3.271334e-01   0.000000e+00   0.000000e+00   2.294494e+02   1.272078e-04   8.379788e+01
1.740000e+01   -1.350209e-02   0.000000e+00   0.000000e+00   2.294673e+02   1.253533e-04   8.258265e+01
1.750000e+01   2.837857e-01   0.000000e+00   0.000000e+00   2.294941e+02   1.235203e-04   8.138456e+01
1.760000e+01   5.482767e-01   0.000000e+00   0.000000e+00   2.295289e+02   1.217091e-04   8.020342e+01
1.770000e+01   7.841994e-01   0.000000e+00   0.000000e+00   2.295709e+02   1.199202e-04   7.903904e+01
1.780000e+01   1.015239e+00   0.000000e+00   0.000000e+00   2.296192e+02   1.181539e-04   7.789121e+01
1.790000e+01   1.229473e+00   0.000000e+00   0.000000e+00   2.296728e+02   1.164103e-04   7.675975e+01
1.800000e+01   1.414166e+00   0.000000e+00   0.000000e+00   2.297310e+02   1.146899e-04   7.564445e+01
1.810000e+01   1.556586e+00   0.000000e+00   0.000000e+00   2.297927e+02   1.129928e-04   7.454512e+01
1.820000e+01   1.653042e+00   0.000000e+00   0.000000e+00   2.298571e+02   1.113191e-04   7.346156e+01
1.830000e+01   1.725356e+00   0.000000e+00   0.000000e+00   2.299233e+02   1.096692e-04   7.239358e+01
1.840000e+01   1.790318e+00   0.000000e+00   0.000000e+00   2.299906e+02   1.080430e-04   7.134097e+01
1.850000e+01   1.863592e+00   0.000000e+00   0.000000e+00   2.300583e+02   1.064405e-04   7.030354e+01
1.860000e+01   1.960725e+00   0.000000e+00   0.000000e+00   2.301262e+02   1.048615e-04   6.928108e+01
1.870000e+01   2.208396e+00   0.000000e+00   0.000000e+00   2.301936e+02   1.033061e-04   6.827339e+01
1.880000e+01   2.768083e+00   0.000000e+00   0.000000e+00   2.302603e+02   1.017739e-04   6.728027e+01
1.890000e+01   3.454589e+00   0.000000e+00   0.000000e+00   2.303257e+02   1.002649e-04   6.630152e+01
1.900000e+01   4.070492e+00   0.000000e+00   0.000000e+00   2.303893e+02   9.877888e-05   6.533694e+01
1.910000e+01   4.418369e+00   0.000000e+00   0.000000e+00   2.304508e+02   9.731572e-05   6.438632e+01
1.920000e+01   4.118863e+00   0.000000e+00   0.000000e+00   2.305096e+02   9.587524e-05   6.344946e+01
1.930000e+01   2.875195e+00   0.000000e+00   0.000000e+00   2.305654e+02   9.445724e-05   6.252616e+01
1.940000e+01   1.198531e+00   0.000000e+00   0.000000e+00   2.306177e+02   9.306151e-05   6.161622e+01
1.950000e+01   -3.670182e-01   0.000000e+00   0.000000e+00   2.306660e+02   9.168784e-05   6.071944e+01
1.960000e+01   -1.276743e+00   0.000000e+00   0.000000e+00   2.307106e+02   9.033581e-05   5.983563e+01
1.970000e+01   -1.328047e+00   0.000000e+00   0.000000e+00   2.307518e+02   8.900494e-05   5.896463e+01
1.980000e+01   -1.244207e+00   0.000000e+00   0.000000e+00   2.307899e+02   8.769478e-05   5.810626e+01
1.990000e+01   -1.107844e+00   0.000000e+00   0.000000e+00   2.308252e+02   8.640488e-05   5.726033e+01
2.000000e+01   -9.472987e-01   0.000000e+00   0.000000e+00   2.308581e+02   8.513479e-05   5.642668e+01
2.010000e+01   -7.909116e-01   0.000000e+00   0.000000e+00   2.308889e+02   8.388409e-05   5.560514e+01
2.020000e+01   -6.327676e-01   0.000000e+00   0.000000e+00   2.309179e+02   8.265234e-05   5.479552e+01
2.030000e+01   -4.065862e-01   0.000000e+00   0.000000e+00   2.309454e+02   8.143914e-05   5.399765e+01
2.040000e+01   -1.675710e-01   0.000000e+00   0.000000e+00   2.309718e+02   8.024408e-05   5.321136e+01
2.050000e+01   1.984193e-02   0.000000e+00   0.000000e+00   2.309974e+02   7.906675e-05   5.243647e+01
2.060000e+01   9.124374e-02   0.000000e+00   0.000000e+00   2.310226e+02   7.790677e-05   5.167280e+01
2.070000e+01   -9.414721e-02   0.000000e+00   0.000000e+00   2.310473e+02   7.676385e-05   5.092020e+01
2.080000e+01   -7.369765e-01   0.000000e+00   0.000000e+00   2.310715e+02   7.563784e-05   5.017852e+01
2.090000e+01   -1.609612e+00   0.000000e+00   0.000000e+00   2.310948e+02   7.452857e-05   4.944761e+01
2.100000e+01   -2.451312e+00   0.000000e+00   0.000000e+00   2.311170e+02   7.343588e-05   4.872733e+01
2.110000e+01   -3.001334e+00   0.000000e+00   0.000000e+00   2.311380e+02   7.235960e-05   4.801753e+01
2.120000e+01   -2.933176e+00   0.000000e+00   0.000000e+00   2.311574e+02   7.129956e-05   4.731807e+01
2.130000e+01   -2.022998e+00   0.000000e+00   0.000000e+00   2.311751e+02   7.025558e-05   4.662880e+01
2.140000e+01   -6.817268e-01   0.000000e+00   0.000000e+00   2.311908e+02   6.922749e-05   4.594958e+01
2.150000e+01   6.312800e-01   0.000000e+00   0.000000e+00   2.312044e+02   6.821510e-05   4.528026e+01
2.160000e+01   1.456666e+00   0.000000e+00   0.000000e+00   2.312155e+02   6.721823e-05   4.462070e+01
2.170000e+01   1.382119e+00   0.000000e+00   0.000000e+00   2.312240e+02   6.623669e-05   4.397076e+01
2.180000e+01   5.225586e-01   0.000000e+00   0.000000e+00   2.312299e+02   6.527024e-05   4.333028e+01
2.190000e+01   -7.139679e-01   0.000000e+00   0.000000e+00   2.312339e+02   6.431841e-05   4.269914e+01
2.200000e+01   -1.920850e+00   0.000000e+00   0.000000e+00   2.312374e+02   6.338066e-05   4.207723e+01
2.210000e+01   -2.691476e+00   0.000000e+00   0.000000e+00   2.312416e+02   6.245646e-05   4.146442e+01
2.220000e+01   -2.771852e+00   0.000000e+00   0.000000e+00   2.312476e+02   6.154533e-05   4.086060e+01
2.230000e+01   -2.720473e+00   0.000000e+00   0.000000e+00   2.312568e+02   6.064677e-05   4.026563e+01
2.240000e+01   -2.644741e+00   0.000000e+00   0.000000e+00   2.312702e+02   5.976033e-05   3.967940e+01
2.250000e+01   -2.550172e+00   0.000000e+00   0.000000e+00   2.312893e+02   5.888555e-05   3.910179e+01
2.260000e+01   -2.442279e+00   0.000000e+00   0.000000e+00   2.313151e+02   5.802202e-05   3.853268e+01
2.270000e+01   -2.163578e+00   0.000000e+00   0.000000e+00   2.313489e+02   5.716932e-05   3.797194e+01
2.280000e+01   -9.570049e-01   0.000000e+00   0.000000e+00   2.313919e+02   5.632705e-05   3.741946e+01
2.290000e+01   7.844045e-01   0.000000e+00   0.000000e+00   2.314454e+02   5.549483e-05   3.687512e+01
2.300000e+01   2.482532e+00   0.000000e+00   0.000000e+00   2.315096e+02   5.467253e-05   3.633879e+01
2.310000e+01   3.563202e+00   0.000000e+00   0.000000e+00   2.315830e+02   5.386042e-05   3.581037e+01
2.320000e+01   3.522749e+00   0.000000e+00   0.000000e+00   2.316639e+02   5.305885e-05   3.528975e+01
2.330000e+01   2.616048e+00   0.000000e+00   0.000000e+00   2.317505e+02   5.226812e-05   3.477681e+01
2.340000e+01   1.283153e+00   0.000000e+00   0.000000e+00   2.318409e+02   5.148850e-05   3.427146e+01
2.350000e+01   -8.141547e-02   0.000000e+00   0.000000e+00   2.319334e+02   5.072025e-05   3.377358e+01
2.360000e+01   -1.083134e+00   0.000000e+00   0.000000e+00   2.320263e+02   4.996359e-05   3.328305e+01
2.370000e+01   -1.407628e+00   0.000000e+00   0.000000e+00   2.321177e+02   4.921873e-05   3.279978e+01
2.380000e+01   -1.458259e+00   0.000000e+00   0.000000e+00   2.322058e+02   4.848584e-05   3.232365e+01
2.390000e+01   -1.423831e+00   0.000000e+00   0.000000e+00   2.322890e+02   4.776509e-05   3.185455e+01
2.400000e+01   -1.381322e+00   0.000000e+00   0.000000e+00   2.323653e+02   4.705661e-05   3.139238e+01
2.410000e+01   -1.407722e+00   0.000000e+00   0.000000e+00   2.324331e+02   4.636051e-05   3.093702e+01
2.420000e+01   -1.631773e+00   0.000000e+00   0.000000e+00   2.324917e+02   4.567667e-05   3.048837e+01
2.430000e+01   -2.462879e+00   0.000000e+00   0.000000e+00   2.325423e+02   4.500461e-05   3.004633e+01
2.440000e+01   -3.683991e+00   0.000000e+00   0.000000e+00   2.325865e+02   4.434385e-05   2.961081e+01
2.450000e+01   -4.936597e+00   -0.000000e+00   -0.000000e+00   2.326254e+02   4.369393e-05   2.918171e+01
2.460000e+01   -5.862184e+00   -0.000000e+00   -0.000000e+00   2.326606e+02   4.305441e-05   2.875894e+01
2.470000e+01   -6.106723e+00   -0.000000e+00   -0.000000e+00   2.326934e+02   4.242484e-05   2.834240e+01
2.480000e+01   -5.585632e+00   -0.000000e+00   -0.000000e+00   2.327251e+02   4.180482e-05   2.793199e+01
2.490000e+01   -4.628530e+00   -0.000000e+00   -0.000000e+00   2.327571e+02   4.119394e-05   2.752763e+01
2.500000e+01   -3.600006e+00   -0.000000e+00   -0.000000e+00   2.327909e+02   4.059183e-05   2.712920e+01
2.510000e+01   -2.864644e+00   -0.000000e+00   -0.000000e+00   2.328278e+02   3.999811e-05   2.673663e+01
2.520000e+01   -2.736183e+00   -0.000000e+00   -0.000000e+00   2.328692e+02   3.941242e-05   2.634981e+01
2.530000e+01   -2.807991e+00   -0.000000e+00   -0.000000e+00   2.329164e+02   3.883443e-05   2.596865e+01
2.540000e+01   -2.897890e+00   -0.000000e+00   -0.000000e+00   2.329702e+02   3.826392e-05   2.559305e+01
2.550000e+01   -3.001615e+00   -0.000000e+00   -0.000000e+00   2.330297e+02   3.770093e-05   2.522295e+01
2.560000e+01   -3.115173e+00   -0.000000e+00   -0.000000e+00   2.330942e+02   3.714555e-05   2.485825e+01
2.570000e+01   -3.258118e+00   -0.000000e+00   -0.000000e+00   2.331625e+02   3.659783e-05   2.449889e+01
2.580000e+01   -3.733181e+00   -0.000000e+00   -0.000000e+00   2.332338e+02   3.605781e-05   2.414478e+01
2.590000e+01   -4.453189e+00   -0.000000e+00   -0.000000e+00   2.333071e+02   3.552555e-05   2.379585e+01
2.600000e+01   -5.183958e+00   -0.000000e+00   -0.000000e+00   2.333815e+02   3.500108e-05   2.345202e+01
2.610000e+01   -5.691303e+00   -0.000000e+00   -0.000000e+00   2.334560e+02   3.448442e-05   2.311321e+01
2.620000e+01   -5.721675e+00   -0.000000e+00   -0.000000e+00   2.335297e+02   3.397558e-05   2.277935e+01
2.630000e+01   -4.856511e+00   -0.000000e+00   -0.000000e+00   2.336017e+02   3.347457e-05   2.245036e+01
2.640000e+01   -3.377088e+00   -0.000000e+00   -0.000000e+00   2.336709e+02   3.298139e-05   2.212616e+01
2.650000e+01   -1.776288e+00   -0.000000e+00   -0.000000e+00   2.337365e+02   3.249603e-05   2.180667e+01
2.660000e+01   -5.468023e-01   -0.000000e+00   -0.000000e+00   2.337977e+02   3.201847e-05   2.149182e+01
2.670000e+01   -1.630996e-01   -0.000000e+00   -0.000000e+00   2.338548e+02   3.154851e-05   2.118154e+01
2.680000e+01   -5.149505e-01   -0.000000e+00   -0.000000e+00   2.339086e+02   3.108595e-05   2.087578e+01
2.690000e+01   -1.283251e+00   -0.000000e+00   -0.000000e+00   2.339599e+02   3.063056e-05   2.057448e+01
2.700000e+01   -2.265044e+00   -0.000000e+00   -0.000000e+00   2.340094e+02   3.018216e-05   2.027757e+01
2.710000e+01   -3.257370e+00   -0.000000e+00   -0.000000e+00   2.340579e+02   2.974054e-05   1.998501e+01
2.720000e+01   -4.069571e+00   -0.000000e+00   -0.000000e+00   2.341062e+02   2.930550e-05   1.969674e+01
2.730000e+01   -4.914807e+00   -0.000000e+00   -0.000000e+00   2.341550e+02   2.887686e-05   1.941269e+01
2.740000e+01   -5.825143e+00   -0.000000e+00   -0.000000e+00   2.342052e+02   2.845444e-05   1.913282e+01
2.750000e+01   -6.640443e+00   -0.000000e+00   -0.000000e+00   2.342574e+02   2.803807e-05   1.885705e+01
2.760000e+01   -7.200571e+00   -0.000000e+00   -0.000000e+00   2.343125e+02   2.762757e-05   1.858534e+01
2.770000e+01   -7.350493e+00   -0.000000e+00   -0.000000e+00   2.343712e+02   2.722278e-05   1.831762e+01
2.780000e+01   -7.210546e+00   -0.000000e+00   -0.000000e+00   2.344342e+02   2.682354e-05   1.805384e+01
2.790000e+01   -6.925617e+00   -0.000000e+00   -0.000000e+00   2.345021e+02   2.642974e-05   1.779394e+01
2.800000e+01   -6.535259e+00   -0.000000e+00   -0.000000e+00   2.345744e+02   2.604136e-05   1.753786e+01
2.810000e+01   -6.078915e+00   -0.000000e+00   -0.000000e+00   2.346509e+02   2.565838e-05   1.728557e+01
2.820000e+01   -5.590957e+00   -0.000000e+00   -0.000000e+00   2.347312e+02   2.528076e-05   1.703701e+01
2.830000e+01   -4.801844e+00   -0.000000e+00   -0.000000e+00   2.348148e+02   2.490850e-05   1.679212e+01
2.840000e+01   -3.709983e+00   -0.000000e+00   -0.000000e+00   2.349014e+02   2.454157e-05   1.655085e+01
2.850000e+01   -2.552989e+00   -0.000000e+00   -0.000000e+00   2.349908e+02   2.417992e-05   1.631316e+01
2.860000e+01   -1.568472e+00   -0.000000e+00   -0.000000e+00   2.350824e+02   2.382353e-05   1.607898e+01
2.870000e+01   -9.909629e-01   -0.000000e+00   -0.000000e+00   2.351760e+02   2.347236e-05   1.584828e+01
2.880000e+01   -6.497901e-01   -0.000000e+00   -0.000000e+00   2.352711e+02   2.312638e-05   1.562100e+01
2.890000e+01   -3.415941e-01   -0.000000e+00   -0.000000e+00   2.353675e+02   2.278555e-05   1.539708e+01
2.900000e+01   -8.279975e-02   -0.000000e+00   -0.000000e+00   2.354647e+02   2.244982e-05   1.517648e+01
2.910000e+01   1.101244e-01   -0.000000e+00   -0.000000e+00   2.355624e+02   2.211914e-05   1.495914e+01
2.920000e+01   2.157466e-01   -0.000000e+00   -0.000000e+00   2.356605e+02   2.179345e-05   1.474502e+01
2.930000e+01   -5.278137e-01   -0.000000e+00   -0.000000e+00   2.357594e+02   2.147265e-05   1.453407e+01
2.940000e+01   -2.230883e+00   -0.000000e+00   -0.000000e+00   2.358595e+02   2.115664e-05   1.432624e+01
2.950000e+01   -4.229026e+00   -0.000000e+00   -0.000000e+00   2.359609e+02   2.084531e-05   1.412150e+01
2.960000e+01   -5.857810e+00   -0.000000e+00   -0.000000e+00   2.360642e+02   2.053858e-05   1.391980e+01
2.970000e+01   -6.453180e+00   -0.000000e+00   -0.000000e+00   2.361696e+02   2.023635e-05   1.372109e+01
2.980000e+01   -5.888873e+00   -0.000000e+00   -0.000000e+00   2.362775e+02   1.993853e-05   1.352533e+01
2.990000e+01   -4.647426e+00   -0.000000e+00   -0.000000e+00   2.363883e+02   1.964502e-05   1.333247e+01
3.000000e+01   -3.044777e+00   -0.000000e+00   -0.000000e+00   2.365022e+02   1.935574e-05   1.314248e+01
3.010000e+01   -1.396864e+00   -0.000000e+00   -0.000000e+00   2.366197e+02   1.907060e-05   1.295530e+01
3.020000e+01   -1.962469e-02   -0.000000e+00   -0.000000e+00   2.367410e+02   1.878951e-05   1.277089e+01
3.030000e+01   1.231881e+00   -0.000000e+00   -0.000000e+00   2.368666e+02   1.851239e-05   1.258921e+01
3.040000e+01   2.572091e+00   -0.000000e+00   -0.000000e+00   2.369967e+02   1.823915e-05   1.241022e+01
3.050000e+01   3.790283e+00   -0.000000e+00   -0.000000e+00   2.371316e+02   1.796974e-05   1.223386e+01
3.060000e+01   4.677480e+00   -0.000000e+00   -0.000000e+00   2.372711e+02   1.770411e-05   1.206011e+01
3.070000e+01   5.024884e+00   -0.000000e+00   -0.000000e+00   2.374150e+02   1.744225e-05   1.188893e+01
3.080000e+01   4.917622e+00   -0.000000e+00   -0.000000e+00   2.375631e+02   1.718411e-05   1.172029e+01
3.090000e+01   4.635786e+00   -0.000000e+00   -0.000000e+00   2.377153e+02   1.692967e-05   1.155415e+01
3.100000e+01   4.209900e+00   -0.000000e+00   -0.000000e+00   2.378715e+02   1.667889e-05   1.139048e+01
3.110000e+01   3.670184e+00   -0.000000e+00   -0.000000e+00   2.380313e+02   1.643175e-05   1.122923e+01
3.120000e+01   3.046857e+00   -0.000000e+00   -0.000000e+00   2.381947e+02   1.618820e-05   1.107039e+01
3.130000e+01   1.891760e+00   -0.000000e+00   -0.000000e+00   2.383615e+02   1.594820e-05   1.091391e+01
3.140000e+01   -8.280327e-02   -0.000000e+00   -0.000000e+00   2.385315e+02   1.571173e-05   1.075975e+01
3.150000e+01   -2.368506e+00   -0.000000e+00   -0.000000e+00   2.387045e+02   1.547875e-05   1.060788e+01
3.160000e+01   -4.454223e+00   -0.000000e+00   -0.000000e+00   2.388803e+02   1.524921e-05   1.045828e+01
3.170000e+01   -5.828831e+00   -0.000000e+00   -0.000000e+00   2.390589e+02   1.502308e-05   1.031089e+01
3.180000e+01   -6.540680e+00   -0.000000e+00   -0.000000e+00   2.392400e+02   1.480032e-05   1.016569e+01
3.190000e+01   -7.180571e+00   -0.000000e+00   -0.000000e+00   2.394236e+02   1.458087e-05   1.002265e+01
3.200000e+01   -7.720312e+00   -0.000000e+00   -0.000000e+00   2.396098e+02   1.436469e-05   9.881738e+00
3.210000e+01   -8.125597e+00   -0.000000e+00   -0.000000e+00   2.397987e+02   1.415174e-05   9.742919e+00
3.220000e+01   -8.362122e+00   -0.000000e+00   -0.000000e+00   2.399905e+02   1.394196e-05   9.606167e+00
3.230000e+01   -7.927404e+00   -0.000000e+00   -0.000000e+00   2.401850e+02   1.373530e-05   9.471449e+00
3.240000e+01   -6.420052e+00   -0.000000e+00   -0.000000e+00   2.403825e+02   1.353172e-05   9.338738e+00
3.250000e+01   -4.481896e+00   -0.000000e+00   -0.000000e+00   2.405830e+02   1.333116e-05   9.208001e+00
3.260000e+01   -2.767889e+00   -0.000000e+00   -0.000000e+00   2.407866e+02   1.313359e-05   9.079210e+00
3.270000e+01   -1.932986e+00   -0.000000e+00   -0.000000e+00   2.409933e+02   1.293895e-05   8.952335e+00
3.280000e+01   -2.064947e+00   -0.000000e+00   -0.000000e+00   2.412033e+02   1.274719e-05   8.827344e+00
3.290000e+01   -2.357332e+00   -0.000000e+00   -0.000000e+00   2.414167e+02   1.255826e-05   8.704207e+00
3.300000e+01   -2.700106e+00   -0.000000e+00   -0.000000e+00   2.416334e+02   1.237213e-05   8.582896e+00
3.310000e+01   -3.002471e+00   -0.000000e+00   -0.000000e+00   2.418536e+02   1.218874e-05   8.463379e+00
3.320000e+01   -3.173940e+00   -0.000000e+00   -0.000000e+00   2.420773e+02   1.200805e-05   8.345627e+00
3.330000e+01   -3.177514e+00   -0.000000e+00   -0.000000e+00   2.423044e+02   1.183003e-05   8.229616e+00
3.340000e+01   -3.095386e+00   -0.000000e+00   -0.000000e+00   2.425349e+02   1.165465e-05   8.115321e+00
3.350000e+01   -2.959088e+00   -0.000000e+00   -0.000000e+00   2.427685e+02   1.148188e-05   8.002719e+00
3.360000e+01   -2.797686e+00   -0.000000e+00   -0.000000e+00   2.430051e+02   1.131169e-05   7.891786e+00
3.370000e+01   -2.640249e+00   -0.000000e+00   -0.000000e+00   2.432447e+02   1.114406e-05   7.782499e+00
3.380000e+01   -2.488323e+00   -0.000000e+00   -0.000000e+00   2.434870e+02   1.097895e-05   7.674833e+00
3.390000e+01   -2.307148e+00   -0.000000e+00   -0.000000e+00   2.437319e+02   1.081634e-05   7.568766e+00
3.400000e+01   -2.122763e+00   -0.000000e+00   -0.000000e+00   2.439793e+02   1.065620e-05   7.464272e+00
3.410000e+01   -1.963750e+00   -0.000000e+00   -0.000000e+00   2.442290e+02   1.049848e-05   7.361330e+00
3.420000e+01   -1.858692e+00   -0.000000e+00   -0.000000e+00   2.444810e+02   1.034318e-05   7.259915e+00
3.430000e+01   -2.044906e+00   -0.000000e+00   -0.000000e+00   2.447351e+02   1.019024e-05   7.160003e+00
3.440000e+01   -2.898174e+00   -0.000000e+00   -0.000000e+00   2.449911e+02   1.003965e-05   7.061571e+00
3.450000e+01   -4.094305e+00   -0.000000e+00   -0.000000e+00   2.452490e+02   9.891366e-06   6.964594e+00
3.460000e+01   -5.276922e+00   -0.000000e+00   -0.000000e+00   2.455085e+02   9.745359e-06   6.869050e+00
3.470000e+01   -6.089166e+00   -0.000000e+00   -0.000000e+00   2.457698e+02   9.601589e-06   6.774917e+00
3.480000e+01   -6.392194e+00   -0.000000e+00   -0.000000e+00   2.460331e+02   9.460016e-06   6.682174e+00
3.490000e+01   -6.626045e+00   -0.000000e+00   -0.000000e+00   2.462987e+02   9.320598e-06   6.590802e+00
3.500000e+01   -6.809381e+00   -0.000000e+00   -0.000000e+00   2.465669e+02   9.183292e-06   6.500782e+00
3.510000e+01   -6.925850e+00   -0.000000e+00   -0.000000e+00   2.468380e+02   9.048059e-06   6.412092e+00
3.520000e+01   -6.959101e+00   -0.000000e+00   -0.000000e+00   2.471121e+02   8.914859e-06   6.324714e+00
3.530000e+01   -6.739815e+00   -0.000000e+00   -0.000000e+00   2.473897e+02   8.783653e-06   6.238628e+00
3.540000e+01   -5.912996e+00   -0.000000e+00   -0.000000e+00   2.476709e+02   8.654401e-06   6.153813e+00
3.550000e+01   -4.760074e+00   -0.000000e+00   -0.000000e+00   2.479560e+02   8.527066e-06   6.070251e+00
3.560000e+01   -3.607058e+00   -0.000000e+00   -0.000000e+00   2.482454e+02   8.401610e-06   5.987920e+00
3.570000e+01   -2.779958e+00   -0.000000e+00   -0.000000e+00   2.485392e+02   8.277996e-06   5.906802e+00
3.580000e+01   -2.459180e+00   -0.000000e+00   -0.000000e+00   2.488377e+02   8.156187e-06   5.826876e+00
3.590000e+01   -2.271709e+00   -0.000000e+00   -0.000000e+00   2.491413e+02   8.036148e-06   5.748123e+00
3.600000e+01   -2.126658e+00   -0.000000e+00   -0.000000e+00   2.494502e+02   7.917843e-06   5.670522e+00
3.610000e+01   -1.973503e+00   -0.000000e+00   -0.000000e+00   2.497646e+02   7.801238e-06   5.594055e+00
3.620000e+01   -1.761720e+00   -0.000000e+00   -0.000000e+00   2.500845e+02   7.686310e-06   5.518703e+00
3.630000e+01   -1.280496e+00   -0.000000e+00   -0.000000e+00   2.504095e+02   7.573049e-06   5.444449e+00
3.640000e+01   -4.098091e-02   -0.000000e+00   -0.000000e+00   2.507393e+02   7.461445e-06   5.371279e+00
3.650000e+01   1.575318e+00   -0.000000e+00   -0.000000e+00   2.510734e+02   7.351487e-06   5.299174e+00
3.660000e+01   3.101868e+00   -0.000000e+00   -0.000000e+00   2.514114e+02   7.243162e-06   5.228120e+00
3.670000e+01   4.072135e+00   -0.000000e+00   -0.000000e+00   2.517530e+02   7.136458e-06   5.158101e+00
3.680000e+01   4.202467e+00   -0.000000e+00   -0.000000e+00   2.520978e+02   7.031361e-06   5.089099e+00
3.690000e+01   4.079424e+00   -0.000000e+00   -0.000000e+00   2.524454e+02   6.927858e-06   5.021099e+00
3.700000e+01   3.826198e+00   -0.000000e+00   -0.000000e+00   2.527954e+02   6.825932e-06   4.954086e+00
3.710000e+01   3.474635e+00   -0.000000e+00   -0.000000e+00   2.531474e+02   6.725569e-06   4.888041e+00
3.720000e+01   3.056583e+00   -0.000000e+00   -0.000000e+00   2.535010e+02   6.626752e-06   4.822950e+00
3.730000e+01   2.482555e+00   -0.000000e+00   -0.000000e+00   2.538559e+02   6.529465e-06   4.758797e+00
3.740000e+01   1.287299e+00   -0.000000e+00   -0.000000e+00   2.542116e+02   6.433690e-06   4.695565e+00
3.750000e+01   -2.415107e-01   -0.000000e+00   -0.000000e+00   2.545678e+02   6.339409e-06   4.633238e+00
3.760000e+01   -1.710172e+00   -0.000000e+00   -0.000000e+00   2.549240e+02   6.246605e-06   4.571799e+00
3.770000e+01   -2.725058e+00   -0.000000e+00   -0.000000e+00   2.552800e+02   6.155258e-06   4.511234e+00
3.780000e+01   -3.027608e+00   -0.000000e+00   -0.000000e+00   2.556354e+02   6.065350e-06   4.451529e+00
3.790000e+01   -3.177548e+00   -0.000000e+00   -0.000000e+00   2.559902e+02   5.976861e-06   4.392673e+00
3.800000e+01   -3.287813e+00   -0.000000e+00   -0.000000e+00   2.563443e+02   5.889772e-06   4.334654e+00
3.810000e+01   -3.352921e+00   -0.000000e+00   -0.000000e+00   2.566974e+02   5.804064e-06   4.277461e+00
3.820000e+01   -3.367393e+00   -0.000000e+00   -0.000000e+00   2.570495e+02   5.719717e-06   4.221081e+00
3.830000e+01   -3.303635e+00   -0.000000e+00   -0.000000e+00   2.574004e+02   5.636713e-06   4.165504e+00
3.840000e+01   -3.027826e+00   -0.000000e+00   -0.000000e+00   2.577500e+02   5.555032e-06   4.110717e+00
3.850000e+01   -2.568671e+00   -0.000000e+00   -0.000000e+00   2.580981e+02   5.474655e-06   4.056709e+00
3.860000e+01   -1.986894e+00   -0.000000e+00   -0.000000e+00   2.584446e+02   5.395561e-06   4.003468e+00
3.870000e+01   -1.343219e+00   -0.000000e+00   -0.000000e+00   2.587893e+02   5.317732e-06   3.950983e+00
3.880000e+01   -6.237378e-01   -0.000000e+00   -0.000000e+00   2.591322e+02   5.241149e-06   3.899242e+00
3.890000e+01   5.960610e-01   -0.000000e+00   -0.000000e+00   2.594730e+02   5.165791e-06   3.848234e+00
3.900000e+01   2.086142e+00   -0.000000e+00   -0.000000e+00   2.598117e+02   5.091640e-06   3.797946e+00
3.910000e+01   3.472052e+00   -0.000000e+00   -0.000000e+00   2.601481e+02   5.018675e-06   3.748367e+00
3.920000e+01   4.379337e+00   -0.000000e+00   -0.000000e+00   2.604821e+02   4.946878e-06   3.699486e+00
3.930000e+01   4.450876e+00   -0.000000e+00   -0.000000e+00   2.608134e+02   4.876229e-06   3.651291e+00
3.940000e+01   3.709669e+00   -0.000000e+00   -0.000000e+00   2.611421e+02   4.806709e-06   3.603771e+00
3.950000e+01   2.502718e+00   -0.000000e+00   -0.000000e+00   2.614682e+02   4.738299e-06   3.556917e+00
3.960000e+01   1.181605e+00   -0.000000e+00   -0.000000e+00   2.617916e+02   4.670981e-06   3.510721e+00
3.970000e+01   9.791246e-02   -0.000000e+00   -0.000000e+00   2.621124e+02   4.604737e-06   3.465171e+00
3.980000e+01   -4.487277e-01   -0.000000e+00   -0.000000e+00   2.624304e+02   4.539548e-06   3.420261e+00
3.990000e+01   -7.897825e-01   -0.000000e+00   -0.000000e+00   2.627458e+02   4.475397e-06   3.375979e+00
4.000000e+01   -1.079911e+00   -0.000000e+00   -0.000000e+00   2.630585e+02   4.412265e-06   3.332317e+00
4.010000e+01   -1.343944e+00   -0.000000e+00   -0.000000e+00   2.633685e+02   4.350135e-06   3.289265e+00
4.020000e+01   -1.606713e+00   -0.000000e+00   -0.000000e+00   2.636758e+02   4.288989e-06   3.246815e+00
4.030000e+01   -1.887431e+00   -0.000000e+00   -0.000000e+00   2.639804e+02   4.228810e-06   3.204957e+00
4.040000e+01   -2.141024e+00   -0.000000e+00   -0.000000e+00   2.642822e+02   4.169580e-06   3.163681e+00
4.050000e+01   -2.379583e+00   -0.000000e+00   -0.000000e+00   2.645814e+02   4.111283e-06   3.122978e+00
4.060000e+01   -2.638445e+00   -0.000000e+00   -0.000000e+00   2.648778e+02   4.053901e-06   3.082840e+00
4.070000e+01   -2.952944e+00   -0.000000e+00   -0.000000e+00   2.651715e+02   3.997417e-06   3.043257e+00
4.080000e+01   -3.427649e+00   -0.000000e+00   -0.000000e+00   2.654624e+02   3.941815e-06   3.004218e+00
4.090000e+01   -5.003586e+00   -0.000000e+00   -0.000000e+00   2.657505e+02   3.887077e-06   2.965717e+00
4.100000e+01   -7.484511e+00   -0.000000e+00   -0.000000e+00   2.660359e+02   3.833188e-06   2.927742e+00
4.110000e+01   -1.024337e+01   -0.000000e+00   -0.000000e+00   2.663185e+02   3.780133e-06   2.890286e+00
4.120000e+01   -1.265335e+01   -0.000000e+00   -0.000000e+00   2.665982e+02   3.727902e-06   2.853343e+00
4.130000e+01   -1.414060e+01   -0.000000e+00   -0.000000e+00   2.668747e+02   3.676481e-06   2.816905e+00
4.140000e+01   -1.525981e+01   -0.000000e+00   -0.000000e+00   2.671481e+02   3.625861e-06   2.780966e+00
4.150000e+01   -1.627898e+01   -0.000000e+00   -0.000000e+00   2.674183e+02   3.576030e-06   2.745520e+00
4.160000e+01   -1.711414e+01   -0.000000e+00   -0.000000e+00   2.676850e+02   3.526975e-06   2.710559e+00
4.170000e+01   -1.768129e+01   -0.000000e+00   -0.000000e+00   2.679482e+02   3.478687e-06   2.676076e+00
4.180000e+01   -1.784267e+01   -0.000000e+00   -0.000000e+00   2.682078e+02   3.431152e-06   2.642066e+00
4.190000e+01   -1.641265e+01   -0.000000e+00   -0.000000e+00   2.684636e+02   3.384361e-06   2.608522e+00
4.200000e+01   -1.357993e+01   -0.000000e+00   -0.000000e+00   2.687156e+02   3.338301e-06   2.575436e+00
4.210000e+01   -1.020656e+01   -0.000000e+00   -0.000000e+00   2.689636e+02   3.292962e-06   2.542802e+00
4.220000e+01   -7.154630e+00   -0.000000e+00   -0.000000e+00   2.692075e+02   3.248332e-06   2.510613e+00
4.230000e+01   -5.246436e+00   -0.000000e+00   -0.000000e+00   2.694472e+02   3.204399e-06   2.478863e+00
4.240000e+01   -3.858805e+00   -0.000000e+00   -0.000000e+00   2.696826e+02   3.161153e-06   2.447546e+00
4.250000e+01   -2.573541e+00   -0.000000e+00   -0.000000e+00   2.699135e+02   3.118583e-06   2.416653e+00
4.260000e+01   -1.531773e+00   -0.000000e+00   -0.000000e+00   2.701399e+02   3.076676e-06   2.386178e+00
4.270000e+01   -8.746286e-01   -0.000000e+00   -0.000000e+00   2.703617e+02   3.035423e-06   2.356116e+00
4.280000e+01   -7.346038e-01   -0.000000e+00   -0.000000e+00   2.705786e+02   2.994812e-06   2.326459e+00
4.290000e+01   -8.210075e-01   -0.000000e+00   -0.000000e+00   2.707909e+02   2.954831e-06   2.297201e+00
4.300000e+01   -9.272962e-01   -0.000000e+00   -0.000000e+00   2.709986e+02   2.915468e-06   2.268338e+00
4.310000e+01   -1.046167e+00   -0.000000e+00   -0.000000e+00   2.712019e+02   2.876712e-06   2.239863e+00
4.320000e+01   -1.170318e+00   -0.000000e+00   -0.000000e+00   2.714008e+02   2.838552e-06   2.211772e+00
4.330000e+01   -1.292672e+00   -0.000000e+00   -0.000000e+00   2.715955e+02   2.800977e-06   2.184060e+00
4.340000e+01   -1.423329e+00   -0.000000e+00   -0.000000e+00   2.717861e+02   2.763974e-06   2.156719e+00
4.350000e+01   -1.571442e+00   -0.000000e+00   -0.000000e+00   2.719727e+02   2.727534e-06   2.129747e+00
4.360000e+01   -1.737558e+00   -0.000000e+00   -0.000000e+00   2.721555e+02   2.691646e-06   2.103136e+00
4.370000e+01   -1.922223e+00   -0.000000e+00   -0.000000e+00   2.723344e+02   2.656299e-06   2.076882e+00
4.380000e+01   -2.127184e+00   -0.000000e+00   -0.000000e+00   2.725098e+02   2.621482e-06   2.050980e+00
4.390000e+01   -2.469830e+00   -0.000000e+00   -0.000000e+00   2.726816e+02   2.587185e-06   2.025423e+00
4.400000e+01   -2.941417e+00   -0.000000e+00   -0.000000e+00   2.728500e+02   2.553399e-06   2.000207e+00
4.410000e+01   -3.419317e+00   -0.000000e+00   -0.000000e+00   2.730151e+02   2.520112e-06   1.975326e+00
4.420000e+01   -3.780901e+00   -0.000000e+00   -0.000000e+00   2.731770e+02   2.487314e-06   1.950775e+00
4.430000e+01   -3.898208e+00   -0.000000e+00   -0.000000e+00   2.733359e+02   2.454997e-06   1.926549e+00
4.440000e+01   -2.531387e+00   -0.000000e+00   -0.000000e+00   2.734919e+02   2.423149e-06   1.902641e+00
4.450000e+01   4.402896e-01   -0.000000e+00   -0.000000e+00   2.736450e+02   2.391762e-06   1.879048e+00
4.460000e+01   3.914110e+00   -0.000000e+00   -0.000000e+00   2.737954e+02   2.360826e-06   1.855763e+00
4.470000e+01   6.786983e+00   -0.000000e+00   -0.000000e+00   2.739431e+02   2.330333e-06   1.832781e+00
4.480000e+01   7.956280e+00   -0.000000e+00   -0.000000e+00   2.740879e+02   2.300277e-06   1.810100e+00
4.490000e+01   7.365077e+00   -0.000000e+00   -0.000000e+00   2.742298e+02   2.270654e-06   1.787713e+00
4.500000e+01   5.825499e+00   -0.000000e+00   -0.000000e+00   2.743686e+02   2.241456e-06   1.765618e+00
4.510000e+01   3.682941e+00   -0.000000e+00   -0.000000e+00   2.745041e+02   2.212677e-06   1.743811e+00
4.520000e+01   1.282801e+00   -0.000000e+00   -0.000000e+00   2.746363e+02   2.184313e-06   1.722286e+00
4.530000e+01   -1.029525e+00   -0.000000e+00   -0.000000e+00   2.747651e+02   2.156358e-06   1.701041e+00
4.540000e+01   -3.824660e+00   -0.000000e+00   -0.000000e+00   2.748902e+02   2.128804e-06   1.680070e+00
4.550000e+01   -7.378097e+00   -0.000000e+00   -0.000000e+00   2.750116e+02   2.101647e-06   1.659370e+00
4.560000e+01   -1.090174e+01   -0.000000e+00   -0.000000e+00   2.751291e+02   2.074881e-06   1.638937e+00
4.570000e+01   -1.360751e+01   -0.000000e+00   -0.000000e+00   2.752427e+02   2.048500e-06   1.618766e+00
4.580000e+01   -1.470730e+01   -0.000000e+00   -0.000000e+00   2.753522e+02   2.022497e-06   1.598854e+00
4.590000e+01   -1.459886e+01   -0.000000e+00   -0.000000e+00   2.754574e+02   1.996867e-06   1.579196e+00
4.600000e+01   -1.439441e+01   -0.000000e+00   -0.000000e+00   2.755583e+02   1.971604e-06   1.559788e+00
4.610000e+01   -1.415959e+01   -0.000000e+00   -0.000000e+00   2.756547e+02   1.946702e-06   1.540626e+00
4.620000e+01   -1.395878e+01   -0.000000e+00   -0.000000e+00   2.757464e+02   1.922156e-06   1.521706e+00
4.630000e+01   -1.385637e+01   -0.000000e+00   -0.000000e+00   2.758335e+02   1.897958e-06   1.503024e+00
4.640000e+01   -1.395312e+01   -0.000000e+00   -0.000000e+00   2.759157e+02   1.874104e-06   1.484576e+00
4.650000e+01   -1.424626e+01   -0.000000e+00   -0.000000e+00   2.759928e+02   1.850588e-06   1.466357e+00
4.660000e+01   -1.461677e+01   -0.000000e+00   -0.000000e+00   2.760650e+02   1.827403e-06   1.448365e+00
4.670000e+01   -1.494474e+01   -0.000000e+00   -0.000000e+00   2.761321e+02   1.804546e-06   1.430596e+00
4.680000e+01   -1.511024e+01   -0.000000e+00   -0.000000e+00   2.761941e+02   1.782011e-06   1.413049e+00
4.690000e+01   -1.470831e+01   -0.000000e+00   -0.000000e+00   2.762511e+02   1.759795e-06   1.395720e+00
4.700000e+01   -1.351916e+01   -0.000000e+00   -0.000000e+00   2.763030e+02   1.737891e-06   1.378607e+00
4.710000e+01   -1.194250e+01   -0.000000e+00   -0.000000e+00   2.763499e+02   1.716297e-06   1.361708e+00
4.720000e+01   -1.038248e+01   -0.000000e+00   -0.000000e+00   2.763917e+02   1.695006e-06   1.345020e+00
4.730000e+01   -9.243241e+00   -0.000000e+00   -0.000000e+00   2.764285e+02   1.674016e-06   1.328540e+00
4.740000e+01   -8.604297e+00   -0.000000e+00   -0.000000e+00   2.764602e+02   1.653320e-06   1.312266e+00
4.750000e+01   -8.084215e+00   -0.000000e+00   -0.000000e+00   2.764869e+02   1.632915e-06   1.296195e+00
4.760000e+01   -7.644188e+00   -0.000000e+00   -0.000000e+00   2.765085e+02   1.612796e-06   1.280325e+00
4.770000e+01   -7.251796e+00   -0.000000e+00   -0.000000e+00   2.765251e+02   1.592959e-06   1.264653e+00
4.780000e+01   -6.874622e+00   -0.000000e+00   -0.000000e+00   2.765366e+02   1.573400e-06   1.249177e+00
4.790000e+01   -6.509683e+00   -0.000000e+00   -0.000000e+00   2.765430e+02   1.554114e-06   1.233894e+00
4.800000e+01   -6.184819e+00   -0.000000e+00   -0.000000e+00   2.765445e+02   1.535097e-06   1.218802e+00
4.810000e+01   -5.879613e+00   -0.000000e+00   -0.000000e+00   2.765408e+02   1.516344e-06   1.203897e+00
4.820000e+01   -5.572522e+00   -0.000000e+00   -0.000000e+00   2.765322e+02   1.497852e-06   1.189178e+00
4.830000e+01   -5.242005e+00   -0.000000e+00   -0.000000e+00   2.765184e+02   1.479616e-06   1.174642e+00
4.840000e+01   -4.825275e+00   -0.000000e+00   -0.000000e+00   2.764996e+02   1.461632e-06   1.160286e+00
4.850000e+01   -4.291186e+00   -0.000000e+00   -0.000000e+00   2.764759e+02   1.443896e-06   1.146108e+00
4.860000e+01   -3.754596e+00   -0.000000e+00   -0.000000e+00   2.764474e+02   1.426403e-06   1.132106e+00
4.870000e+01   -3.333929e+00   -0.000000e+00   -0.000000e+00   2.764145e+02   1.409147e-06   1.118277e+00
4.880000e+01   -3.147607e+00   -0.000000e+00   -0.000000e+00   2.763775e+02   1.392123e-06   1.104619e+00
4.890000e+01   -3.206897e+00   -0.000000e+00   -0.000000e+00   2.763368e+02   1.375327e-06   1.091131e+00
4.900000e+01   -3.316796e+00   -0.000000e+00   -0.000000e+00   2.762927e+02   1.358754e-06   1.077810e+00
4.910000e+01   -3.460277e+00   -0.000000e+00   -0.000000e+00   2.762455e+02   1.342398e-06   1.064655e+00
4.920000e+01   -3.629089e+00   -0.000000e+00   -0.000000e+00   2.761955e+02   1.326256e-06   1.051662e+00
4.930000e+01   -3.814979e+00   -0.000000e+00   -0.000000e+00   2.761432e+02   1.310322e-06   1.038830e+00
4.940000e+01   -4.090139e+00   -0.000000e+00   -0.000000e+00   2.760887e+02   1.294592e-06   1.026158e+00
4.950000e+01   -4.584689e+00   -0.000000e+00   -0.000000e+00   2.760325e+02   1.279062e-06   1.013641e+00
4.960000e+01   -5.163451e+00   -0.000000e+00   -0.000000e+00   2.759749e+02   1.263728e-06   1.001280e+00
4.970000e+01   -5.678958e+00   -0.000000e+00   -0.000000e+00   2.759162e+02   1.248584e-06   9.890708e-01
4.980000e+01   -5.983743e+00   -0.000000e+00   -0.000000e+00   2.758567e+02   1.233628e-06   9.770121e-01
4.990000e+01   -5.641364e+00   -0.000000e+00   -0.000000e+00   2.757967e+02   1.218854e-06   9.651018e-01
5.000000e+01   -4.078283e+00   -0.000000e+00   -0.000000e+00   2.757367e+02   1.204259e-06   9.533377e-01
5.010000e+01   -1.935192e+00   -0.000000e+00   -0.000000e+00   2.756769e+02   1.189838e-06   9.417176e-01
5.020000e+01   8.132955e-02   -0.000000e+00   -0.000000e+00   2.756176e+02   1.175589e-06   9.302396e-01
5.030000e+01   1.264702e+00   -0.000000e+00   -0.000000e+00   2.755592e+02   1.161507e-06   9.189014e-01
5.040000e+01   1.330009e+00   -0.000000e+00   -0.000000e+00   2.755020e+02   1.147587e-06   9.077010e-01
5.050000e+01   1.270100e+00   -0.000000e+00   -0.000000e+00   2.754463e+02   1.133828e-06   8.966364e-01
5.060000e+01   1.181157e+00   -0.000000e+00   -0.000000e+00   2.753917e+02   1.120227e-06   8.857056e-01
5.070000e+01   1.067046e+00   -0.000000e+00   -0.000000e+00   2.753380e+02   1.106785e-06   8.749071e-01
5.080000e+01   9.316295e-01   -0.000000e+00   -0.000000e+00   2.752847e+02   1.093501e-06   8.642389e-01
5.090000e+01   7.201415e-01   -0.000000e+00   -0.000000e+00   2.752315e+02   1.080375e-06   8.536995e-01
5.100000e+01   2.500340e-01   -0.000000e+00   -0.000000e+00   2.751781e+02   1.067405e-06   8.432869e-01
5.110000e+01   -4.336879e-01   -0.000000e+00   -0.000000e+00   2.751240e+02   1.054591e-06   8.329996e-01
5.120000e+01   -1.264973e+00   -0.000000e+00   -0.000000e+00   2.750688e+02   1.041932e-06   8.228357e-01
5.130000e+01   -2.177771e+00   -0.000000e+00   -0.000000e+00   2.750123e+02   1.029427e-06   8.127934e-01
5.140000e+01   -3.223402e+00   -0.000000e+00   -0.000000e+00   2.749540e+02   1.017076e-06   8.028712e-01
5.150000e+01   -4.729610e+00   -0.000000e+00   -0.000000e+00   2.748936e+02   1.004877e-06   7.930671e-01
5.160000e+01   -6.480084e+00   -0.000000e+00   -0.000000e+00   2.748307e+02   9.928292e-07   7.833794e-01
5.170000e+01   -8.200801e+00   -0.000000e+00   -0.000000e+00   2.747649e+02   9.809316e-07   7.738065e-01
5.180000e+01   -9.617739e+00   -0.000000e+00   -0.000000e+00   2.746959e+02   9.691829e-07   7.643465e-01
5.190000e+01   -1.058275e+01   -0.000000e+00   -0.000000e+00   2.746233e+02   9.575819e-07   7.549978e-01
5.200000e+01   -1.148056e+01   -0.000000e+00   -0.000000e+00   2.745467e+02   9.461273e-07   7.457585e-01
5.210000e+01   -1.228665e+01   -0.000000e+00   -0.000000e+00   2.744658e+02   9.348178e-07   7.366269e-01
5.220000e+01   -1.290853e+01   -0.000000e+00   -0.000000e+00   2.743801e+02   9.236521e-07   7.276013e-01
5.230000e+01   -1.325375e+01   -0.000000e+00   -0.000000e+00   2.742894e+02   9.126286e-07   7.186799e-01
5.240000e+01   -1.315843e+01   -0.000000e+00   -0.000000e+00   2.741932e+02   9.017460e-07   7.098610e-01
5.250000e+01   -1.234650e+01   -0.000000e+00   -0.000000e+00   2.740912e+02   8.910026e-07   7.011428e-01
5.260000e+01   -1.114407e+01   -0.000000e+00   -0.000000e+00   2.739831e+02   8.803972e-07   6.925240e-01
5.270000e+01   -9.949781e+00   -0.000000e+00   -0.000000e+00   2.738687e+02   8.699286e-07   6.840036e-01
5.280000e+01   -9.162293e+00   -0.000000e+00   -0.000000e+00   2.737478e+02   8.595956e-07   6.755806e-01
5.290000e+01   -9.111705e+00   -0.000000e+00   -0.000000e+00   2.736202e+02   8.493969e-07   6.672539e-01
5.300000e+01   -9.552953e+00   -0.000000e+00   -0.000000e+00   2.734856e+02   8.393314e-07   6.590225e-01
5.310000e+01   -1.022213e+01   -0.000000e+00   -0.000000e+00   2.733439e+02   8.293978e-07   6.508855e-01
5.320000e+01   -1.089805e+01   -0.000000e+00   -0.000000e+00   2.731948e+02   8.195949e-07   6.428417e-01
5.330000e+01   -1.135953e+01   -0.000000e+00   -0.000000e+00   2.730382e+02   8.099213e-07   6.348903e-01
5.340000e+01   -1.135992e+01   -0.000000e+00   -0.000000e+00   2.728739e+02   8.003760e-07   6.270301e-01
5.350000e+01   -1.070772e+01   -0.000000e+00   -0.000000e+00   2.727016e+02   7.909574e-07   6.192601e-01
5.360000e+01   -9.692599e+00   -0.000000e+00   -0.000000e+00   2.725211e+02   7.816645e-07   6.115794e-01
5.370000e+01   -8.664594e+00   -0.000000e+00   -0.000000e+00   2.723322e+02   7.724958e-07   6.039869e-01
5.380000e+01   -7.973718e+00   -0.000000e+00   -0.000000e+00   2.721348e+02   7.634501e-07   5.964816e-01
5.390000e+01   -7.889888e+00   -0.000000e+00   -0.000000e+00   2.719285e+02   7.545261e-07   5.890625e-01
5.400000e+01   -8.001696e+00   -0.000000e+00   -0.000000e+00   2.717133e+02   7.457224e-07   5.817286e-01
5.410000e+01   -8.175740e+00   -0.000000e+00   -0.000000e+00   2.714889e+02   7.370376e-07   5.744789e-01
5.420000e+01   -8.396010e+00   -0.000000e+00   -0.000000e+00   2.712550e+02   7.284706e-07   5.673123e-01
5.430000e+01   -8.646499e+00   -0.000000e+00   -0.000000e+00   2.710116e+02   7.200199e-07   5.602279e-01
5.440000e+01   -8.933364e+00   -0.000000e+00   -0.000000e+00   2.707583e+02   7.116841e-07   5.532245e-01
5.450000e+01   -9.408301e+00   -0.000000e+00   -0.000000e+00   2.704950e+02   7.034620e-07   5.463013e-01
5.460000e+01   -9.997596e+00   -0.000000e+00   -0.000000e+00   2.702217e+02   6.953516e-07   5.394572e-01
5.470000e+01   -1.057023e+01   -0.000000e+00   -0.000000e+00   2.699392e+02   6.873494e-07   5.326916e-01
5.480000e+01   -1.099506e+01   -0.000000e+00   -0.000000e+00   2.696486e+02   6.794511e-07   5.260036e-01
5.490000e+01   -1.112879e+01   -0.000000e+00   -0.000000e+00   2.693511e+02   6.716529e-07   5.193928e-01
5.500000e+01   -1.080654e+01   -0.000000e+00   -0.000000e+00   2.690476e+02   6.639509e-07   5.128584e-01
5.510000e+01   -1.015545e+01   -0.000000e+00   -0.000000e+00   2.687393e+02   6.563415e-07   5.063997e-01
5.520000e+01   -9.359946e+00   -0.000000e+00   -0.000000e+00   2.684273e+02   6.488211e-07   5.000161e-01
5.530000e+01   -8.604428e+00   -0.000000e+00   -0.000000e+00   2.681126e+02   6.413862e-07   4.937069e-01
5.540000e+01   -8.054248e+00   -0.000000e+00   -0.000000e+00   2.677963e+02   6.340335e-07   4.874715e-01
5.550000e+01   -7.592119e+00   -0.000000e+00   -0.000000e+00   2.674796e+02   6.267597e-07   4.813091e-01
5.560000e+01   -7.157680e+00   -0.000000e+00   -0.000000e+00   2.671634e+02   6.195617e-07   4.752191e-01
5.570000e+01   -6.753317e+00   -0.000000e+00   -0.000000e+00   2.668489e+02   6.124364e-07   4.692008e-01
5.580000e+01   -6.381418e+00   -0.000000e+00   -0.000000e+00   2.665371e+02   6.053809e-07   4.632536e-01
5.590000e+01   -6.038013e+00   -0.000000e+00   -0.000000e+00   2.662292e+02   5.983923e-07   4.573768e-01
5.600000e+01   -5.647153e+00   -0.000000e+00   -0.000000e+00   2.659262e+02   5.914680e-07   4.515697e-01
5.610000e+01   -5.248411e+00   -0.000000e+00   -0.000000e+00   2.656292e+02   5.846052e-07   4.458316e-01
5.620000e+01   -4.922376e+00   -0.000000e+00   -0.000000e+00   2.653393e+02   5.778013e-07   4.401619e-01
5.630000e+01   -4.749637e+00   -0.000000e+00   -0.000000e+00   2.650576e+02   5.710540e-07   4.345600e-01
5.640000e+01   -4.887867e+00   -0.000000e+00   -0.000000e+00   2.647850e+02   5.643608e-07   4.290250e-01
5.650000e+01   -6.631753e+00   -0.000000e+00   -0.000000e+00   2.645229e+02   5.577194e-07   4.235565e-01
5.660000e+01   -9.644419e+00   -0.000000e+00   -0.000000e+00   2.642721e+02   5.511277e-07   4.181536e-01
5.670000e+01   -1.290799e+01   -0.000000e+00   -0.000000e+00   2.640324e+02   5.445863e-07   4.128158e-01
5.680000e+01   -1.540517e+01   -0.000000e+00   -0.000000e+00   2.638019e+02   5.380990e-07   4.075421e-01
5.690000e+01   -1.614658e+01   -0.000000e+00   -0.000000e+00   2.635787e+02   5.316693e-07   4.023317e-01
5.700000e+01   -1.522708e+01   -0.000000e+00   -0.000000e+00   2.633607e+02   5.253011e-07   3.971839e-01
5.710000e+01   -1.341060e+01   -0.000000e+00   -0.000000e+00   2.631460e+02   5.189975e-07   3.920978e-01
5.720000e+01   -1.132036e+01   -0.000000e+00   -0.000000e+00   2.629327e+02   5.127618e-07   3.870727e-01
5.730000e+01   -9.579589e+00   -0.000000e+00   -0.000000e+00   2.627186e+02   5.065969e-07   3.821077e-01
5.740000e+01   -8.782159e+00   -0.000000e+00   -0.000000e+00   2.625020e+02   5.005058e-07   3.772020e-01
5.750000e+01   -8.438117e+00   -0.000000e+00   -0.000000e+00   2.622806e+02   4.944911e-07   3.723549e-01
5.760000e+01   -8.163586e+00   -0.000000e+00   -0.000000e+00   2.620527e+02   4.885552e-07   3.675654e-01
5.770000e+01   -7.980257e+00   -0.000000e+00   -0.000000e+00   2.618162e+02   4.827005e-07   3.628328e-01
5.780000e+01   -7.909819e+00   -0.000000e+00   -0.000000e+00   2.615691e+02   4.769292e-07   3.581564e-01
5.790000e+01   -7.991864e+00   -0.000000e+00   -0.000000e+00   2.613095e+02   4.712432e-07   3.535352e-01
5.800000e+01   -8.934174e+00   -0.000000e+00   -0.000000e+00   2.610353e+02   4.656446e-07   3.489684e-01
5.810000e+01   -1.066998e+01   -0.000000e+00   -0.000000e+00   2.607446e+02   4.601350e-07   3.444554e-01
5.820000e+01   -1.261471e+01   -0.000000e+00   -0.000000e+00   2.604355e+02   4.547160e-07   3.399951e-01
5.830000e+01   -1.418382e+01   -0.000000e+00   -0.000000e+00   2.601058e+02   4.493892e-07   3.355870e-01
5.840000e+01   -1.479634e+01   -0.000000e+00   -0.000000e+00   2.597538e+02   4.441560e-07   3.312301e-01
5.850000e+01   -1.432135e+01   -0.000000e+00   -0.000000e+00   2.593773e+02   4.390176e-07   3.269236e-01
5.860000e+01   -1.315853e+01   -0.000000e+00   -0.000000e+00   2.589744e+02   4.339753e-07   3.226667e-01
5.870000e+01   -1.167392e+01   -0.000000e+00   -0.000000e+00   2.585435e+02   4.290295e-07   3.184587e-01
5.880000e+01   -1.023288e+01   -0.000000e+00   -0.000000e+00   2.580856e+02   4.241765e-07   3.142989e-01
5.890000e+01   -9.196004e+00   -0.000000e+00   -0.000000e+00   2.576033e+02   4.194108e-07   3.101868e-01
5.900000e+01   -8.352655e+00   -0.000000e+00   -0.000000e+00   2.570988e+02   4.147268e-07   3.061220e-01
5.910000e+01   -7.507203e+00   -0.000000e+00   -0.000000e+00   2.565745e+02   4.101194e-07   3.021038e-01
5.920000e+01   -6.796916e+00   -0.000000e+00   -0.000000e+00   2.560329e+02   4.055835e-07   2.981319e-01
5.930000e+01   -6.359061e+00   -0.000000e+00   -0.000000e+00   2.554763e+02   4.011141e-07   2.942056e-01
5.940000e+01   -6.331310e+00   -0.000000e+00   -0.000000e+00   2.549071e+02   3.967066e-07   2.903245e-01
5.950000e+01   -6.872202e+00   -0.000000e+00   -0.000000e+00   2.543277e+02   3.923562e-07   2.864881e-01
5.960000e+01   -7.833660e+00   -0.000000e+00   -0.000000e+00   2.537405e+02   3.880585e-07   2.826958e-01
5.970000e+01   -8.926594e+00   -0.000000e+00   -0.000000e+00   2.531478e+02   3.838092e-07   2.789471e-01
5.980000e+01   -9.861916e+00   -0.000000e+00   -0.000000e+00   2.525521e+02   3.796040e-07   2.752416e-01
5.990000e+01   -1.035043e+01   -0.000000e+00   -0.000000e+00   2.519556e+02   3.754389e-07   2.715787e-01
6.000000e+01   -1.011582e+01   -0.000000e+00   -0.000000e+00   2.513609e+02   3.713098e-07   2.679579e-01
6.010000e+01   -9.317606e+00   -0.000000e+00   -0.000000e+00   2.507703e+02   3.672128e-07   2.643786e-01
6.020000e+01   -8.302406e+00   -0.000000e+00   -0.000000e+00   2.501862e+02   3.631443e-07   2.608405e-01
6.030000e+01   -7.416846e+00   -0.000000e+00   -0.000000e+00   2.496109e+02   3.591006e-07   2.573429e-01
6.040000e+01   -7.007551e+00   -0.000000e+00   -0.000000e+00   2.490469e+02   3.550782e-07   2.538853e-01
6.050000e+01   -6.964240e+00   -0.000000e+00   -0.000000e+00   2.484966e+02   3.510737e-07   2.504673e-01
6.060000e+01   -6.951523e+00   -0.000000e+00   -0.000000e+00   2.479622e+02   3.470838e-07   2.470883e-01
6.070000e+01   -6.978361e+00   -0.000000e+00   -0.000000e+00   2.474463e+02   3.431054e-07   2.437478e-01
6.080000e+01   -7.053821e+00   -0.000000e+00   -0.000000e+00   2.469495e+02   3.391376e-07   2.404455e-01
6.090000e+01   -7.187123e+00   -0.000000e+00   -0.000000e+00   2.464707e+02   3.351829e-07   2.371808e-01
6.100000e+01   -8.154614e+00   -0.000000e+00   -0.000000e+00   2.460083e+02   3.312438e-07   2.339537e-01
6.110000e+01   -1.040234e+01   -0.000000e+00   -0.000000e+00   2.455608e+02   3.273227e-07   2.307637e-01
6.120000e+01   -1.326262e+01   -0.000000e+00   -0.000000e+00   2.451268e+02   3.234218e-07   2.276106e-01
6.130000e+01   -1.606674e+01   -0.000000e+00   -0.000000e+00   2.447047e+02   3.195436e-07   2.244940e-01
6.140000e+01   -1.814599e+01   -0.000000e+00   -0.000000e+00   2.442930e+02   3.156902e-07   2.214137e-01
6.150000e+01   -1.956481e+01   -0.000000e+00   -0.000000e+00   2.438903e+02   3.118637e-07   2.183693e-01
6.160000e+01   -2.093450e+01   -0.000000e+00   -0.000000e+00   2.434950e+02   3.080661e-07   2.153606e-01
6.170000e+01   -2.212518e+01   -0.000000e+00   -0.000000e+00   2.431056e+02   3.042993e-07   2.123872e-01
6.180000e+01   -2.300366e+01   -0.000000e+00   -0.000000e+00   2.427208e+02   3.005652e-07   2.094488e-01
6.190000e+01   -2.343673e+01   -0.000000e+00   -0.000000e+00   2.423389e+02   2.968654e-07   2.065452e-01
6.200000e+01   -2.332590e+01   -0.000000e+00   -0.000000e+00   2.419584e+02   2.932018e-07   2.036760e-01
6.210000e+01   -2.275938e+01   -0.000000e+00   -0.000000e+00   2.415780e+02   2.895759e-07   2.008409e-01
6.220000e+01   -2.188790e+01   -0.000000e+00   -0.000000e+00   2.411960e+02   2.859891e-07   1.980396e-01
6.230000e+01   -2.086220e+01   -0.000000e+00   -0.000000e+00   2.408110e+02   2.824430e-07   1.952718e-01
6.240000e+01   -1.983303e+01   -0.000000e+00   -0.000000e+00   2.404215e+02   2.789388e-07   1.925372e-01
6.250000e+01   -1.861745e+01   -0.000000e+00   -0.000000e+00   2.400260e+02   2.754779e-07   1.898355e-01
6.260000e+01   -1.695915e+01   -0.000000e+00   -0.000000e+00   2.396230e+02   2.720615e-07   1.871664e-01
6.270000e+01   -1.524113e+01   -0.000000e+00   -0.000000e+00   2.392111e+02   2.686906e-07   1.845296e-01
6.280000e+01   -1.385540e+01   -0.000000e+00   -0.000000e+00   2.387893e+02   2.653657e-07   1.819248e-01
6.290000e+01   -1.319454e+01   -0.000000e+00   -0.000000e+00   2.383579e+02   2.620857e-07   1.793516e-01
6.300000e+01   -1.321647e+01   -0.000000e+00   -0.000000e+00   2.379172e+02   2.588499e-07   1.768097e-01
6.310000e+01   -1.329156e+01   -0.000000e+00   -0.000000e+00   2.374675e+02   2.556571e-07   1.742988e-01
6.320000e+01   -1.339996e+01   -0.000000e+00   -0.000000e+00   2.370089e+02   2.525066e-07   1.718185e-01
6.330000e+01   -1.353735e+01   -0.000000e+00   -0.000000e+00   2.365419e+02   2.493975e-07   1.693685e-01
6.340000e+01   -1.369944e+01   -0.000000e+00   -0.000000e+00   2.360667e+02   2.463288e-07   1.669484e-01
6.350000e+01   -1.402068e+01   -0.000000e+00   -0.000000e+00   2.355835e+02   2.432997e-07   1.645579e-01
6.360000e+01   -1.471329e+01   -0.000000e+00   -0.000000e+00   2.350926e+02   2.403093e-07   1.621967e-01
6.370000e+01   -1.565341e+01   -0.000000e+00   -0.000000e+00   2.345944e+02   2.373569e-07   1.598644e-01
6.380000e+01   -1.670762e+01   -0.000000e+00   -0.000000e+00   2.340891e+02   2.344415e-07   1.575607e-01
6.390000e+01   -1.774252e+01   -0.000000e+00   -0.000000e+00   2.335769e+02   2.315624e-07   1.552853e-01
6.400000e+01   -1.870334e+01   -0.000000e+00   -0.000000e+00   2.330582e+02   2.287189e-07   1.530378e-01
6.410000e+01   -1.970924e+01   -0.000000e+00   -0.000000e+00   2.325332e+02   2.259100e-07   1.508179e-01
6.420000e+01   -2.076925e+01   -0.000000e+00   -0.000000e+00   2.320022e+02   2.231351e-07   1.486252e-01
6.430000e+01   -2.188634e+01   -0.000000e+00   -0.000000e+00   2.314655e+02   2.203934e-07   1.464594e-01
6.440000e+01   -2.306349e+01   -0.000000e+00   -0.000000e+00   2.309233e+02   2.176842e-07   1.443202e-01
6.450000e+01   -2.445239e+01   -0.000000e+00   -0.000000e+00   2.303760e+02   2.150067e-07   1.422072e-01
6.460000e+01   -2.625075e+01   -0.000000e+00   -0.000000e+00   2.298238e+02   2.123601e-07   1.401201e-01
6.470000e+01   -2.810627e+01   -0.000000e+00   -0.000000e+00   2.292669e+02   2.097440e-07   1.380585e-01
6.480000e+01   -2.964190e+01   -0.000000e+00   -0.000000e+00   2.287054e+02   2.071578e-07   1.360222e-01
6.490000e+01   -3.048032e+01   -0.000000e+00   -0.000000e+00   2.281389e+02   2.046014e-07   1.340109e-01
6.500000e+01   -3.055332e+01   -0.000000e+00   -0.000000e+00   2.275672e+02   2.020746e-07   1.320243e-01
6.510000e+01   -3.056154e+01   -0.000000e+00   -0.000000e+00   2.269902e+02   1.995774e-07   1.300621e-01
6.520000e+01   -3.055688e+01   -0.000000e+00   -0.000000e+00   2.264077e+02   1.971094e-07   1.281241e-01
6.530000e+01   -3.054012e+01   -0.000000e+00   -0.000000e+00   2.258193e+02   1.946705e-07   1.262100e-01
6.540000e+01   -3.051206e+01   -0.000000e+00   -0.000000e+00   2.252249e+02   1.922606e-07   1.243194e-01
6.550000e+01   -3.029103e+01   -0.000000e+00   -0.000000e+00   2.246242e+02   1.898792e-07   1.224522e-01
6.560000e+01   -2.944294e+01   -0.000000e+00   -0.000000e+00   2.240171e+02   1.875264e-07   1.206080e-01
6.570000e+01   -2.825828e+01   -0.000000e+00   -0.000000e+00   2.234033e+02   1.852018e-07   1.187865e-01
6.580000e+01   -2.707944e+01   -0.000000e+00   -0.000000e+00   2.227826e+02   1.829052e-07   1.169876e-01
6.590000e+01   -2.624883e+01   -0.000000e+00   -0.000000e+00   2.221548e+02   1.806364e-07   1.152108e-01
6.600000e+01   -2.595507e+01   -0.000000e+00   -0.000000e+00   2.215196e+02   1.783951e-07   1.134560e-01
6.610000e+01   -2.580662e+01   -0.000000e+00   -0.000000e+00   2.208769e+02   1.761811e-07   1.117229e-01
6.620000e+01   -2.571503e+01   -0.000000e+00   -0.000000e+00   2.202264e+02   1.739942e-07   1.100111e-01
6.630000e+01   -2.563473e+01   -0.000000e+00   -0.000000e+00   2.195679e+02   1.718340e-07   1.083204e-01
6.640000e+01   -2.552012e+01   -0.000000e+00   -0.000000e+00   2.189011e+02   1.697004e-07   1.066506e-01
6.650000e+01   -2.530599e+01   -0.000000e+00   -0.000000e+00   2.182260e+02   1.675929e-07   1.050012e-01
6.660000e+01   -2.493543e+01   -0.000000e+00   -0.000000e+00   2.175422e+02   1.655114e-07   1.033722e-01
6.670000e+01   -2.451250e+01   -0.000000e+00   -0.000000e+00   2.168506e+02   1.634550e-07   1.017633e-01
6.680000e+01   -2.415437e+01   -0.000000e+00   -0.000000e+00   2.161522e+02   1.614224e-07   1.001742e-01
6.690000e+01   -2.397826e+01   -0.000000e+00   -0.000000e+00   2.154482e+02   1.594128e-07   9.860487e-02
6.700000e+01   -2.409067e+01   -0.000000e+00   -0.000000e+00   2.147398e+02   1.574249e-07   9.705511e-02
6.710000e+01   -2.445810e+01   -0.000000e+00   -0.000000e+00   2.140281e+02   1.554578e-07   9.552474e-02
6.720000e+01   -2.495212e+01   -0.000000e+00   -0.000000e+00   2.133144e+02   1.535106e-07   9.401361e-02
6.730000e+01   -2.544281e+01   -0.000000e+00   -0.000000e+00   2.125997e+02   1.515821e-07   9.252154e-02
6.740000e+01   -2.580022e+01   -0.000000e+00   -0.000000e+00   2.118852e+02   1.496715e-07   9.104836e-02
6.750000e+01   -2.589945e+01   -0.000000e+00   -0.000000e+00   2.111721e+02   1.477780e-07   8.959391e-02
6.760000e+01   -2.574068e+01   -0.000000e+00   -0.000000e+00   2.104615e+02   1.459005e-07   8.815801e-02
6.770000e+01   -2.545303e+01   -0.000000e+00   -0.000000e+00   2.097546e+02   1.440384e-07   8.674051e-02
6.780000e+01   -2.517138e+01   -0.000000e+00   -0.000000e+00   2.090526e+02   1.421906e-07   8.534123e-02
6.790000e+01   -2.503062e+01   -0.000000e+00   -0.000000e+00   2.083566e+02   1.403566e-07   8.396000e-02
6.800000e+01   -2.513976e+01   -0.000000e+00   -0.000000e+00   2.076677e+02   1.385355e-07   8.259666e-02
6.810000e+01   -2.540320e+01   -0.000000e+00   -0.000000e+00   2.069872e+02   1.367266e-07   8.125104e-02
6.820000e+01   -2.573777e+01   -0.000000e+00   -0.000000e+00   2.063162e+02   1.349292e-07   7.992297e-02
6.830000e+01   -2.607778e+01   -0.000000e+00   -0.000000e+00   2.056559e+02   1.331426e-07   7.861228e-02
6.840000e+01   -2.635756e+01   -0.000000e+00   -0.000000e+00   2.050073e+02   1.313661e-07   7.731881e-02
6.850000e+01   -2.649052e+01   -0.000000e+00   -0.000000e+00   2.043713e+02   1.295995e-07   7.604239e-02
6.860000e+01   -2.632348e+01   -0.000000e+00   -0.000000e+00   2.037477e+02   1.278431e-07   7.478290e-02
6.870000e+01   -2.591172e+01   -0.000000e+00   -0.000000e+00   2.031363e+02   1.260970e-07   7.354020e-02
6.880000e+01   -2.534511e+01   -0.000000e+00   -0.000000e+00   2.025370e+02   1.243617e-07   7.231414e-02
6.890000e+01   -2.471348e+01   -0.000000e+00   -0.000000e+00   2.019494e+02   1.226374e-07   7.110461e-02
6.900000e+01   -2.407743e+01   -0.000000e+00   -0.000000e+00   2.013735e+02   1.209243e-07   6.991146e-02
6.910000e+01   -2.327830e+01   -0.000000e+00   -0.000000e+00   2.008091e+02   1.192228e-07   6.873456e-02
6.920000e+01   -2.231146e+01   -0.000000e+00   -0.000000e+00   2.002559e+02   1.175332e-07   6.757378e-02
6.930000e+01   -2.121986e+01   -0.000000e+00   -0.000000e+00   1.997137e+02   1.158557e-07   6.642898e-02
6.940000e+01   -2.004643e+01   -0.000000e+00   -0.000000e+00   1.991824e+02   1.141905e-07   6.530002e-02
6.950000e+01   -1.876505e+01   -0.000000e+00   -0.000000e+00   1.986618e+02   1.125379e-07   6.418678e-02
6.960000e+01   -1.692344e+01   -0.000000e+00   -0.000000e+00   1.981517e+02   1.108981e-07   6.308912e-02
6.970000e+01   -1.482190e+01   -0.000000e+00   -0.000000e+00   1.976519e+02   1.092715e-07   6.200689e-02
6.980000e+01   -1.294240e+01   -0.000000e+00   -0.000000e+00   1.971621e+02   1.076581e-07   6.093998e-02
6.990000e+01   -1.176692e+01   -0.000000e+00   -0.000000e+00   1.966822e+02   1.060582e-07   5.988825e-02
7.000000e+01   -1.172702e+01   -0.000000e+00   -0.000000e+00   1.962121e+02   1.044720e-07   5.885155e-02
7.010000e+01   -1.250952e+01   -0.000000e+00   -0.000000e+00   1.957514e+02   1.028997e-07   5.782976e-02
7.020000e+01   -1.370892e+01   -0.000000e+00   -0.000000e+00   1.953001e+02   1.013415e-07   5.682274e-02
7.030000e+01   -1.501668e+01   -0.000000e+00   -0.000000e+00   1.948577e+02   9.979765e-08   5.583035e-02
7.040000e+01   -1.612120e+01   -0.000000e+00   -0.000000e+00   1.944234e+02   9.826865e-08   5.485243e-02
7.050000e+01   -1.674315e+01   -0.000000e+00   -0.000000e+00   1.939959e+02   9.675506e-08   5.388882e-02
7.060000e+01   -1.711116e+01   -0.000000e+00   -0.000000e+00   1.935742e+02   9.525739e-08   5.293933e-02
7.070000e+01   -1.738935e+01   -0.000000e+00   -0.000000e+00   1.931570e+02   9.377615e-08   5.200380e-02
7.080000e+01   -1.763671e+01   -0.000000e+00   -0.000000e+00   1.927432e+02   9.231177e-08   5.108207e-02
7.090000e+01   -1.791225e+01   -0.000000e+00   -0.000000e+00   1.923317e+02   9.086469e-08   5.017396e-02
7.100000e+01   -1.830190e+01   -0.000000e+00   -0.000000e+00   1.919214e+02   8.943529e-08   4.927931e-02
7.110000e+01   -1.920846e+01   -0.000000e+00   -0.000000e+00   1.915110e+02   8.802394e-08   4.839794e-02
7.120000e+01   -2.057319e+01   -0.000000e+00   -0.000000e+00   1.910995e+02   8.663096e-08   4.752969e-02
7.130000e+01   -2.216728e+01   -0.000000e+00   -0.000000e+00   1.906857e+02   8.525664e-08   4.667439e-02
7.140000e+01   -2.376189e+01   -0.000000e+00   -0.000000e+00   1.902684e+02   8.390125e-08   4.583186e-02
7.150000e+01   -2.516600e+01   -0.000000e+00   -0.000000e+00   1.898466e+02   8.256504e-08   4.500195e-02
7.160000e+01   -2.683899e+01   -0.000000e+00   -0.000000e+00   1.894190e+02   8.124821e-08   4.418447e-02
7.170000e+01   -2.866327e+01   -0.000000e+00   -0.000000e+00   1.889845e+02   7.995095e-08   4.337926e-02
7.180000e+01   -3.021816e+01   -0.000000e+00   -0.000000e+00   1.885420e+02   7.867341e-08   4.258616e-02
7.190000e+01   -3.108300e+01   -0.000000e+00   -0.000000e+00   1.880904e+02   7.741574e-08   4.180499e-02
7.200000e+01   -3.086809e+01   -0.000000e+00   -0.000000e+00   1.876284e+02   7.617803e-08   4.103558e-02
7.210000e+01   -3.004301e+01   -0.000000e+00   -0.000000e+00   1.871549e+02   7.496039e-08   4.027777e-02
7.220000e+01   -2.894045e+01   -0.000000e+00   -0.000000e+00   1.866690e+02   7.376283e-08   3.953139e-02
7.230000e+01   -2.761276e+01   -0.000000e+00   -0.000000e+00   1.861702e+02   7.258517e-08   3.879631e-02
7.240000e+01   -2.611602e+01   -0.000000e+00   -0.000000e+00   1.856585e+02   7.142711e-08   3.807241e-02
7.250000e+01   -2.448587e+01   -0.000000e+00   -0.000000e+00   1.851340e+02   7.028835e-08   3.735957e-02
7.260000e+01   -2.220356e+01   -0.000000e+00   -0.000000e+00   1.845965e+02   6.916862e-08   3.665768e-02
7.270000e+01   -1.937564e+01   -0.000000e+00   -0.000000e+00   1.840461e+02   6.806763e-08   3.596663e-02
7.280000e+01   -1.648183e+01   -0.000000e+00   -0.000000e+00   1.834828e+02   6.698511e-08   3.528628e-02
7.290000e+01   -1.400187e+01   -0.000000e+00   -0.000000e+00   1.829064e+02   6.592078e-08   3.461654e-02
7.300000e+01   -1.239794e+01   -0.000000e+00   -0.000000e+00   1.823170e+02   6.487438e-08   3.395728e-02
7.310000e+01   -1.123137e+01   -0.000000e+00   -0.000000e+00   1.817146e+02   6.384564e-08   3.330837e-02
7.320000e+01   -1.011202e+01   -0.000000e+00   -0.000000e+00   1.810991e+02   6.283430e-08   3.266972e-02
7.330000e+01   -9.032422e+00   -0.000000e+00   -0.000000e+00   1.804705e+02   6.184009e-08   3.204119e-02
7.340000e+01   -7.985103e+00   -0.000000e+00   -0.000000e+00   1.798287e+02   6.086277e-08   3.142268e-02
7.350000e+01   -6.964170e+00   -0.000000e+00   -0.000000e+00   1.791738e+02   5.990208e-08   3.081406e-02
7.360000e+01   -6.058127e+00   -0.000000e+00   -0.000000e+00   1.785058e+02   5.895777e-08   3.021521e-02
7.370000e+01   -5.271292e+00   -0.000000e+00   -0.000000e+00   1.778245e+02   5.802960e-08   2.962603e-02
7.380000e+01   -4.533356e+00   -0.000000e+00   -0.000000e+00   1.771300e+02   5.711733e-08   2.904640e-02
7.390000e+01   -3.774011e+00   -0.000000e+00   -0.000000e+00   1.764222e+02   5.622071e-08   2.847619e-02
7.400000e+01   -2.922552e+00   -0.000000e+00   -0.000000e+00   1.757011e+02   5.533950e-08   2.791529e-02
7.410000e+01   -1.896776e+00   -0.000000e+00   -0.000000e+00   1.749667e+02   5.447348e-08   2.736358e-02
7.420000e+01   -7.433545e-01   -0.000000e+00   -0.000000e+00   1.742190e+02   5.362240e-08   2.682095e-02
7.430000e+01   4.357792e-01   -0.000000e+00   -0.000000e+00   1.734579e+02   5.278605e-08   2.628728e-02
7.440000e+01   1.541889e+00   -0.000000e+00   -0.000000e+00   1.726837e+02   5.196411e-08   2.576245e-02
7.450000e+01   2.485769e+00   -0.000000e+00   -0.000000e+00   1.718973e+02   5.115611e-08   2.524637e-02
7.460000e+01   3.321716e+00   -0.000000e+00   -0.000000e+00   1.710998e+02   5.036153e-08   2.473893e-02
7.470000e+01   4.103298e+00   -0.000000e+00   -0.000000e+00   1.702925e+02   4.957988e-08   2.424004e-02
7.480000e+01   4.786661e+00   -0.000000e+00   -0.000000e+00   1.694763e+02   4.881068e-08   2.374959e-02
7.490000e+01   5.327950e+00   -0.000000e+00   -0.000000e+00   1.686523e+02   4.805348e-08   2.326749e-02
7.500000e+01   5.683403e+00   -0.000000e+00   -0.000000e+00   1.678218e+02   4.730783e-08   2.279364e-02
7.510000e+01   5.901399e+00   -0.000000e+00   -0.000000e+00   1.669857e+02   4.657329e-08   2.232793e-02
7.520000e+01   6.039595e+00   -0.000000e+00   -0.000000e+00   1.661452e+02   4.584945e-08   2.187028e-02
7.530000e+01   6.083984e+00   -0.000000e+00   -0.000000e+00   1.653014e+02   4.513589e-08   2.142057e-02
7.540000e+01   6.020563e+00   -0.000000e+00   -0.000000e+00   1.644555e+02   4.443223e-08   2.097871e-02
7.550000e+01   5.835326e+00   -0.000000e+00   -0.000000e+00   1.636084e+02   4.373809e-08   2.054460e-02
7.560000e+01   5.472742e+00   -0.000000e+00   -0.000000e+00   1.627613e+02   4.305308e-08   2.011814e-02
7.570000e+01   4.944772e+00   -0.000000e+00   -0.000000e+00   1.619154e+02   4.237686e-08   1.969923e-02
7.580000e+01   4.338653e+00   -0.000000e+00   -0.000000e+00   1.610717e+02   4.170907e-08   1.928778e-02
7.590000e+01   3.741618e+00   -0.000000e+00   -0.000000e+00   1.602313e+02   4.104938e-08   1.888367e-02
7.600000e+01   3.240904e+00   -0.000000e+00   -0.000000e+00   1.593954e+02   4.039745e-08   1.848682e-02
7.610000e+01   2.817145e+00   -0.000000e+00   -0.000000e+00   1.585651e+02   3.975296e-08   1.809712e-02
7.620000e+01   2.382895e+00   -0.000000e+00   -0.000000e+00   1.577413e+02   3.911562e-08   1.771447e-02
7.630000e+01   1.942669e+00   -0.000000e+00   -0.000000e+00   1.569254e+02   3.848512e-08   1.733877e-02
7.640000e+01   1.501094e+00   -0.000000e+00   -0.000000e+00   1.561183e+02   3.786117e-08   1.696993e-02
7.650000e+01   1.062799e+00   -0.000000e+00   -0.000000e+00   1.553212e+02   3.724349e-08   1.660785e-02
7.660000e+01   9.884696e-01   0.000000e+00   0.000000e+00   1.545352e+02   3.663181e-08   1.625242e-02
7.670000e+01   1.575158e+00   0.000000e+00   0.000000e+00   1.537613e+02   3.602587e-08   1.590355e-02
7.680000e+01   2.561140e+00   0.000000e+00   0.000000e+00   1.530008e+02   3.542543e-08   1.556113e-02
7.690000e+01   3.682676e+00   0.000000e+00   0.000000e+00   1.522547e+02   3.483023e-08   1.522507e-02
7.700000e+01   4.676000e+00   0.000000e+00   0.000000e+00   1.515240e+02   3.424006e-08   1.489527e-02
7.710000e+01   5.652406e+00   0.000000e+00   0.000000e+00   1.508090e+02   3.365492e-08   1.457163e-02
7.720000e+01   6.879943e+00   0.000000e+00   0.000000e+00   1.501082e+02   3.307517e-08   1.425407e-02
7.730000e+01   8.073961e+00   0.000000e+00   0.000000e+00   1.494201e+02   3.250120e-08   1.394250e-02
7.740000e+01   8.945123e+00   0.000000e+00   0.000000e+00   1.487431e+02   3.193337e-08   1.363684e-02
7.750000e+01   9.204094e+00   0.000000e+00   0.000000e+00   1.480757e+02   3.137201e-08   1.333701e-02
7.760000e+01   8.865330e+00   0.000000e+00   0.000000e+00   1.474164e+02   3.081746e-08   1.304292e-02
7.770000e+01   8.332875e+00   0.000000e+00   0.000000e+00   1.467635e+02   3.027000e-08   1.275449e-02
7.780000e+01   7.660141e+00   0.000000e+00   0.000000e+00   1.461156e+02   2.972993e-08   1.247162e-02
7.790000e+01   6.894343e+00   0.000000e+00   0.000000e+00   1.454712e+02   2.919750e-08   1.219425e-02
7.800000e+01   6.082700e+00   0.000000e+00   0.000000e+00   1.448286e+02   2.867296e-08   1.192227e-02
7.810000e+01   4.905435e+00   0.000000e+00   0.000000e+00   1.441863e+02   2.815652e-08   1.165562e-02
7.820000e+01   3.000039e+00   0.000000e+00   0.000000e+00   1.435428e+02   2.764841e-08   1.139420e-02
7.830000e+01   8.708841e-01   0.000000e+00   0.000000e+00   1.428965e+02   2.714879e-08   1.113793e-02
7.840000e+01   -9.607812e-01   0.000000e+00   0.000000e+00   1.422460e+02   2.665784e-08   1.088673e-02
7.850000e+01   -1.973710e+00   0.000000e+00   0.000000e+00   1.415895e+02   2.617571e-08   1.064050e-02
7.860000e+01   -2.120320e+00   0.000000e+00   0.000000e+00   1.409257e+02   2.570255e-08   1.039917e-02
7.870000e+01   -2.155202e+00   0.000000e+00   0.000000e+00   1.402530e+02   2.523846e-08   1.016266e-02
7.880000e+01   -2.136547e+00   0.000000e+00   0.000000e+00   1.395697e+02   2.478356e-08   9.930873e-03
7.890000e+01   -2.096631e+00   0.000000e+00   0.000000e+00   1.388745e+02   2.433794e-08   9.703729e-03
7.900000e+01   -2.067729e+00   0.000000e+00   0.000000e+00   1.381656e+02   2.390168e-08   9.481144e-03
7.910000e+01   -2.238639e+00   0.000000e+00   0.000000e+00   1.374417e+02   2.347483e-08   9.263034e-03
7.920000e+01   -2.836796e+00   0.000000e+00   0.000000e+00   1.367011e+02   2.305746e-08   9.049314e-03
7.930000e+01   -3.592361e+00   0.000000e+00   0.000000e+00   1.359439e+02   2.264931e-08   8.839897e-03
7.940000e+01   -4.219182e+00   0.000000e+00   0.000000e+00   1.351751e+02   2.224937e-08   8.634687e-03
7.950000e+01   -4.431297e+00   0.000000e+00   0.000000e+00   1.344001e+02   2.185649e-08   8.433589e-03
7.960000e+01   -3.985427e+00   0.000000e+00   0.000000e+00   1.336246e+02   2.146961e-08   8.236504e-03
7.970000e+01   -2.996200e+00   0.000000e+00   0.000000e+00   1.328542e+02   2.108767e-08   8.043338e-03
7.980000e+01   -1.755916e+00   0.000000e+00   0.000000e+00   1.320945e+02   2.070968e-08   7.853993e-03
7.990000e+01   -5.580989e-01   0.000000e+00   0.000000e+00   1.313511e+02   2.033467e-08   7.668373e-03
8.000000e+01   3.037279e-01   0.000000e+00   0.000000e+00   1.306296e+02   1.996172e-08   7.486380e-03
8.010000e+01   4.247657e-01   0.000000e+00   0.000000e+00   1.299356e+02   1.958994e-08   7.307919e-03
8.020000e+01   -4.610656e-01   0.000000e+00   0.000000e+00   1.292748e+02   1.921850e-08   7.132893e-03
8.030000e+01   -1.952158e+00   0.000000e+00   0.000000e+00   1.286526e+02   1.884662e-08   6.961205e-03
8.040000e+01   -3.615568e+00   0.000000e+00   0.000000e+00   1.280748e+02   1.847354e-08   6.792759e-03
8.050000e+01   -5.018353e+00   0.000000e+00   0.000000e+00   1.275469e+02   1.809859e-08   6.627458e-03
8.060000e+01   -5.991485e+00   0.000000e+00   0.000000e+00   1.270743e+02   1.772117e-08   6.465208e-03
8.070000e+01   -7.052597e+00   0.000000e+00   0.000000e+00   1.266576e+02   1.734155e-08   6.305964e-03
8.080000e+01   -8.031496e+00   0.000000e+00   0.000000e+00   1.262935e+02   1.696063e-08   6.149721e-03
8.090000e+01   -8.695717e+00   0.000000e+00   0.000000e+00   1.259787e+02   1.657931e-08   5.996476e-03
8.100000e+01   -8.812792e+00   0.000000e+00   0.000000e+00   1.257098e+02   1.619847e-08   5.846225e-03
8.110000e+01   -7.975647e+00   0.000000e+00   0.000000e+00   1.254834e+02   1.581894e-08   5.698965e-03
8.120000e+01   -5.716190e+00   0.000000e+00   0.000000e+00   1.252961e+02   1.544153e-08   5.554693e-03
8.130000e+01   -2.627001e+00   0.000000e+00   0.000000e+00   1.251445e+02   1.506699e-08   5.413404e-03
8.140000e+01   6.205607e-01   0.000000e+00   0.000000e+00   1.250252e+02   1.469604e-08   5.275096e-03
8.150000e+01   3.355138e+00   0.000000e+00   0.000000e+00   1.249349e+02   1.432937e-08   5.139765e-03
8.160000e+01   5.160647e+00   0.000000e+00   0.000000e+00   1.248701e+02   1.396761e-08   5.007407e-03
8.170000e+01   6.720545e+00   0.000000e+00   0.000000e+00   1.248275e+02   1.361134e-08   4.878020e-03
8.180000e+01   8.173492e+00   0.000000e+00   0.000000e+00   1.248037e+02   1.326111e-08   4.751599e-03
8.190000e+01   9.563781e+00   0.000000e+00   0.000000e+00   1.247953e+02   1.291743e-08   4.628142e-03
8.200000e+01   1.093570e+01   0.000000e+00   0.000000e+00   1.247988e+02   1.258076e-08   4.507644e-03
8.210000e+01   1.234603e+01   0.000000e+00   0.000000e+00   1.248110e+02   1.225150e-08   4.390103e-03
8.220000e+01   1.384218e+01   0.000000e+00   0.000000e+00   1.248285e+02   1.193005e-08   4.275514e-03
8.230000e+01   1.534578e+01   0.000000e+00   0.000000e+00   1.248477e+02   1.161675e-08   4.163875e-03
8.240000e+01   1.676698e+01   0.000000e+00   0.000000e+00   1.248655e+02   1.131190e-08   4.055182e-03
8.250000e+01   1.801589e+01   0.000000e+00   0.000000e+00   1.248783e+02   1.101578e-08   3.949431e-03
8.260000e+01   1.904103e+01   0.000000e+00   0.000000e+00   1.248859e+02   1.072831e-08   3.846600e-03
8.270000e+01   2.000583e+01   0.000000e+00   0.000000e+00   1.248933e+02   1.044887e-08   3.746631e-03
8.280000e+01   2.094045e+01   0.000000e+00   0.000000e+00   1.249063e+02   1.017683e-08   3.649465e-03
8.290000e+01   2.184619e+01   0.000000e+00   0.000000e+00   1.249304e+02   9.911606e-09   3.555041e-03
8.300000e+01   2.272433e+01   0.000000e+00   0.000000e+00   1.249714e+02   9.652652e-09   3.463298e-03
8.310000e+01   2.356245e+01   0.000000e+00   0.000000e+00   1.250350e+02   9.399474e-09   3.374175e-03
8.320000e+01   2.428141e+01   0.000000e+00   0.000000e+00   1.251268e+02   9.151616e-09   3.287613e-03
8.330000e+01   2.487380e+01   0.000000e+00   0.000000e+00   1.252526e+02   8.908664e-09   3.203550e-03
8.340000e+01   2.534617e+01   0.000000e+00   0.000000e+00   1.254178e+02   8.670237e-09   3.121926e-03
8.350000e+01   2.570509e+01   0.000000e+00   0.000000e+00   1.256284e+02   8.435996e-09   3.042681e-03
8.360000e+01   2.590186e+01   0.000000e+00   0.000000e+00   1.258898e+02   8.205634e-09   2.965754e-03
8.370000e+01   2.565381e+01   0.000000e+00   0.000000e+00   1.262079e+02   7.978880e-09   2.891085e-03
8.380000e+01   2.513606e+01   0.000000e+00   0.000000e+00   1.265882e+02   7.755497e-09   2.818612e-03
8.390000e+01   2.460786e+01   0.000000e+00   0.000000e+00   1.270365e+02   7.535281e-09   2.748276e-03
8.400000e+01   2.432847e+01   0.000000e+00   0.000000e+00   1.275584e+02   7.318059e-09   2.680016e-03
8.410000e+01   2.453871e+01   0.000000e+00   0.000000e+00   1.281596e+02   7.103689e-09   2.613771e-03
8.420000e+01   2.519162e+01   0.000000e+00   0.000000e+00   1.288458e+02   6.892062e-09   2.549481e-03
8.430000e+01   2.607277e+01   0.000000e+00   0.000000e+00   1.296226e+02   6.683093e-09   2.487086e-03
8.440000e+01   2.697420e+01   0.000000e+00   0.000000e+00   1.304958e+02   6.476728e-09   2.426524e-03
8.450000e+01   2.768903e+01   0.000000e+00   0.000000e+00   1.314704e+02   6.272965e-09   2.367736e-03
8.460000e+01   2.805730e+01   0.000000e+00   0.000000e+00   1.325446e+02   6.072166e-09   2.310671e-03
8.470000e+01   2.825226e+01   0.000000e+00   0.000000e+00   1.337115e+02   5.874894e-09   2.255284e-03
8.480000e+01   2.831876e+01   0.000000e+00   0.000000e+00   1.349641e+02   5.681645e-09   2.201530e-03
8.490000e+01   2.823789e+01   0.000000e+00   0.000000e+00   1.362954e+02   5.492838e-09   2.149366e-03
8.500000e+01   2.799071e+01   0.000000e+00   0.000000e+00   1.376983e+02   5.308827e-09   2.098745e-03
8.510000e+01   2.757482e+01   0.000000e+00   0.000000e+00   1.391660e+02   5.129896e-09   2.049624e-03
8.520000e+01   2.712817e+01   0.000000e+00   0.000000e+00   1.406914e+02   4.956270e-09   2.001957e-03
8.530000e+01   2.661259e+01   0.000000e+00   0.000000e+00   1.422675e+02   4.788115e-09   1.955701e-03
8.540000e+01   2.593578e+01   0.000000e+00   0.000000e+00   1.438872e+02   4.625546e-09   1.910810e-03
8.550000e+01   2.500544e+01   0.000000e+00   0.000000e+00   1.455437e+02   4.468631e-09   1.867241e-03
8.560000e+01   2.374961e+01   0.000000e+00   0.000000e+00   1.472299e+02   4.317396e-09   1.824947e-03
8.570000e+01   2.237313e+01   0.000000e+00   0.000000e+00   1.489388e+02   4.171830e-09   1.783885e-03
8.580000e+01   2.096721e+01   0.000000e+00   0.000000e+00   1.506634e+02   4.031890e-09   1.744009e-03
8.590000e+01   1.954984e+01   0.000000e+00   0.000000e+00   1.523967e+02   3.897506e-09   1.705276e-03
8.600000e+01   1.813903e+01   0.000000e+00   0.000000e+00   1.541318e+02   3.768582e-09   1.667641e-03
8.610000e+01   1.671971e+01   0.000000e+00   0.000000e+00   1.558615e+02   3.645006e-09   1.631058e-03
8.620000e+01   1.484088e+01   0.000000e+00   0.000000e+00   1.575790e+02   3.526645e-09   1.595484e-03
8.630000e+01   1.251370e+01   0.000000e+00   0.000000e+00   1.592772e+02   3.413357e-09   1.560873e-03
8.640000e+01   9.944947e+00   0.000000e+00   0.000000e+00   1.609491e+02   3.304987e-09   1.527181e-03
8.650000e+01   7.341368e+00   0.000000e+00   0.000000e+00   1.625877e+02   3.201372e-09   1.494364e-03
8.660000e+01   4.886589e+00   0.000000e+00   0.000000e+00   1.641861e+02   3.102346e-09   1.462376e-03
8.670000e+01   2.316818e+00   0.000000e+00   0.000000e+00   1.657379e+02   3.007729e-09   1.431176e-03
8.680000e+01   -4.064055e-01   0.000000e+00   0.000000e+00   1.672416e+02   2.917301e-09   1.400741e-03
8.690000e+01   -3.157323e+00   0.000000e+00   0.000000e+00   1.686968e+02   2.830841e-09   1.371054e-03
8.700000e+01   -5.810180e+00   0.000000e+00   0.000000e+00   1.701035e+02   2.748141e-09   1.342099e-03
8.710000e+01   -8.260608e+00   0.000000e+00   0.000000e+00   1.714616e+02   2.669006e-09   1.313859e-03
8.720000e+01   -1.086345e+01   0.000000e+00   0.000000e+00   1.727710e+02   2.593254e-09   1.286318e-03
8.730000e+01   -1.353641e+01   0.000000e+00   0.000000e+00   1.740315e+02   2.520715e-09   1.259459e-03
8.740000e+01   -1.594600e+01   0.000000e+00   0.000000e+00   1.752430e+02   2.451225e-09   1.233264e-03
8.750000e+01   -1.775875e+01   0.000000e+00   0.000000e+00   1.764054e+02   2.384634e-09   1.207719e-03
8.760000e+01   -1.866338e+01   0.000000e+00   0.000000e+00   1.775185e+02   2.320798e-09   1.182806e-03
8.770000e+01   -1.912919e+01   0.000000e+00   0.000000e+00   1.785822e+02   2.259583e-09   1.158508e-03
8.780000e+01   -1.943742e+01   0.000000e+00   0.000000e+00   1.795965e+02   2.200861e-09   1.134809e-03
8.790000e+01   -1.954483e+01   0.000000e+00   0.000000e+00   1.805611e+02   2.144510e-09   1.111692e-03
8.800000e+01   -1.940818e+01   0.000000e+00   0.000000e+00   1.814760e+02   2.090416e-09   1.089141e-03
8.810000e+01   -1.898493e+01   0.000000e+00   0.000000e+00   1.823410e+02   2.038471e-09   1.067140e-03
8.820000e+01   -1.829504e+01   0.000000e+00   0.000000e+00   1.831560e+02   1.988572e-09   1.045670e-03
8.830000e+01   -1.742977e+01   0.000000e+00   0.000000e+00   1.839209e+02   1.940620e-09   1.024717e-03
8.840000e+01   -1.647749e+01   0.000000e+00   0.000000e+00   1.846356e+02   1.894522e-09   1.004263e-03
8.850000e+01   -1.552658e+01   0.000000e+00   0.000000e+00   1.852999e+02   1.850190e-09   9.842920e-04
8.860000e+01   -1.466293e+01   0.000000e+00   0.000000e+00   1.859137e+02   1.807539e-09   9.647869e-04
8.870000e+01   -1.380575e+01   0.000000e+00   0.000000e+00   1.864768e+02   1.766487e-09   9.457313e-04
8.880000e+01   -1.294546e+01   0.000000e+00   0.000000e+00   1.869893e+02   1.726957e-09   9.271088e-04
8.890000e+01   -1.217756e+01   0.000000e+00   0.000000e+00   1.874508e+02   1.688875e-09   9.089025e-04
8.900000e+01   -1.159753e+01   0.000000e+00   0.000000e+00   1.878614e+02   1.652169e-09   8.910960e-04
8.910000e+01   -1.129890e+01   0.000000e+00   0.000000e+00   1.882210e+02   1.616771e-09   8.736731e-04
8.920000e+01   -1.118217e+01   0.000000e+00   0.000000e+00   1.885310e+02   1.582612e-09   8.566227e-04
8.930000e+01   -1.113933e+01   0.000000e+00   0.000000e+00   1.887942e+02   1.549623e-09   8.399377e-04
8.940000e+01   -1.116764e+01   0.000000e+00   0.000000e+00   1.890131e+02   1.517742e-09   8.236108e-04
8.950000e+01   -1.126439e+01   0.000000e+00   0.000000e+00   1.891902e+02   1.486908e-09   8.076350e-04
8.960000e+01   -1.142086e+01   0.000000e+00   0.000000e+00   1.893284e+02   1.457065e-09   7.920030e-04
8.970000e+01   -1.032384e+01   0.000000e+00   0.000000e+00   1.894300e+02   1.428159e-09   7.767077e-04
8.980000e+01   -7.720461e+00   0.000000e+00   0.000000e+00   1.894978e+02   1.400139e-09   7.617419e-04
8.990000e+01   -4.688805e+00   0.000000e+00   0.000000e+00   1.895344e+02   1.372959e-09   7.470986e-04
9.000000e+01   -2.306944e+00   0.000000e+00   0.000000e+00   1.895423e+02   1.346571e-09   7.327704e-04
9.010000e+01   -1.651496e+00   0.000000e+00   0.000000e+00   1.895243e+02   1.320933e-09   7.187503e-04
9.020000e+01   -2.204334e+00   0.000000e+00   0.000000e+00   1.894828e+02   1.296003e-09   7.050311e-04
9.030000e+01   -2.868893e+00   0.000000e+00   0.000000e+00   1.894206e+02   1.271742e-09   6.916056e-04
9.040000e+01   -3.599200e+00   0.000000e+00   0.000000e+00   1.893401e+02   1.248112e-09   6.784666e-04
9.050000e+01   -4.349283e+00   0.000000e+00   0.000000e+00   1.892441e+02   1.225076e-09   6.656071e-04
9.060000e+01   -5.073170e+00   0.000000e+00   0.000000e+00   1.891352e+02   1.202601e-09   6.530199e-04
9.070000e+01   -5.708361e+00   0.000000e+00   0.000000e+00   1.890159e+02   1.180653e-09   6.406977e-04
9.080000e+01   -6.249765e+00   0.000000e+00   0.000000e+00   1.888889e+02   1.159201e-09   6.286334e-04
9.090000e+01   -6.737524e+00   0.000000e+00   0.000000e+00   1.887568e+02   1.138213e-09   6.168199e-04
9.100000e+01   -7.211781e+00   0.000000e+00   0.000000e+00   1.886221e+02   1.117660e-09   6.052500e-04
9.110000e+01   -7.712678e+00   0.000000e+00   0.000000e+00   1.884876e+02   1.097515e-09   5.939166e-04
9.120000e+01   -8.146686e+00   0.000000e+00   0.000000e+00   1.883558e+02   1.077749e-09   5.828124e-04
9.130000e+01   -8.459596e+00   0.000000e+00   0.000000e+00   1.882293e+02   1.058336e-09   5.719304e-04
9.140000e+01   -8.781227e+00   0.000000e+00   0.000000e+00   1.881108e+02   1.039251e-09   5.612633e-04
9.150000e+01   -9.241571e+00   0.000000e+00   0.000000e+00   1.880028e+02   1.020470e-09   5.508040e-04
9.160000e+01   -9.970620e+00   0.000000e+00   0.000000e+00   1.879080e+02   1.001970e-09   5.405454e-04
9.170000e+01   -1.090908e+01   0.000000e+00   0.000000e+00   1.878289e+02   9.837271e-10   5.304804e-04
9.180000e+01   -1.186076e+01   0.000000e+00   0.000000e+00   1.877663e+02   9.657347e-10   5.206045e-04
9.190000e+01   -1.282361e+01   0.000000e+00   0.000000e+00   1.877202e+02   9.479937e-10   5.109151e-04
9.200000e+01   -1.379645e+01   0.000000e+00   0.000000e+00   1.876901e+02   9.305054e-10   5.014095e-04
9.210000e+01   -1.477812e+01   0.000000e+00   0.000000e+00   1.876758e+02   9.132711e-10   4.920853e-04
9.220000e+01   -1.608347e+01   0.000000e+00   0.000000e+00   1.876771e+02   8.962916e-10   4.829397e-04
9.230000e+01   -1.802734e+01   0.000000e+00   0.000000e+00   1.876935e+02   8.795677e-10   4.739701e-04
9.240000e+01   -2.037300e+01   0.000000e+00   0.000000e+00   1.877250e+02   8.630998e-10   4.651741e-04
9.250000e+01   -2.287939e+01   0.000000e+00   0.000000e+00   1.877711e+02   8.468882e-10   4.565489e-04
9.260000e+01   -2.530547e+01   0.000000e+00   0.000000e+00   1.878317e+02   8.309329e-10   4.480919e-04
9.270000e+01   -2.769586e+01   0.000000e+00   0.000000e+00   1.879063e+02   8.152338e-10   4.398007e-04
9.280000e+01   -3.030151e+01   0.000000e+00   0.000000e+00   1.879948e+02   7.997903e-10   4.316725e-04
9.290000e+01   -3.292895e+01   0.000000e+00   0.000000e+00   1.880969e+02   7.846020e-10   4.237047e-04
9.300000e+01   -3.537807e+01   0.000000e+00   0.000000e+00   1.882122e+02   7.696681e-10   4.158949e-04
9.310000e+01   -3.744877e+01   0.000000e+00   0.000000e+00   1.883405e+02   7.549874e-10   4.082403e-04
9.320000e+01   -3.914359e+01   0.000000e+00   0.000000e+00   1.884816e+02   7.405590e-10   4.007384e-04
9.330000e+01   -4.073845e+01   0.000000e+00   0.000000e+00   1.886351e+02   7.263813e-10   3.933865e-04
9.340000e+01   -4.222455e+01   0.000000e+00   0.000000e+00   1.888007e+02   7.124529e-10   3.861821e-04
9.350000e+01   -4.358582e+01   0.000000e+00   0.000000e+00   1.889782e+02   6.987720e-10   3.791226e-04
9.360000e+01   -4.480620e+01   0.000000e+00   0.000000e+00   1.891674e+02   6.853368e-10   3.722053e-04
9.370000e+01   -4.588774e+01   0.000000e+00   0.000000e+00   1.893678e+02   6.721451e-10   3.654277e-04
9.380000e+01   -4.688407e+01   0.000000e+00   0.000000e+00   1.895793e+02   6.591947e-10   3.587872e-04
9.390000e+01   -4.783973e+01   0.000000e+00   0.000000e+00   1.898015e+02   6.464834e-10   3.522811e-04
9.400000e+01   -4.879855e+01   0.000000e+00   0.000000e+00   1.900342e+02   6.340086e-10   3.459069e-04
9.410000e+01   -4.980436e+01   0.000000e+00   0.000000e+00   1.902771e+02   6.217676e-10   3.396620e-04
9.420000e+01   -5.130673e+01   0.000000e+00   0.000000e+00   1.905299e+02   6.097577e-10   3.335437e-04
9.430000e+01   -5.390445e+01   0.000000e+00   0.000000e+00   1.907923e+02   5.979758e-10   3.275495e-04
9.440000e+01   -5.695069e+01   0.000000e+00   0.000000e+00   1.910642e+02   5.864190e-10   3.216768e-04
9.450000e+01   -5.975511e+01   0.000000e+00   0.000000e+00   1.913459e+02   5.750827e-10   3.159234e-04
9.460000e+01   -6.162796e+01   0.000000e+00   0.000000e+00   1.916385e+02   5.639614e-10   3.102876e-04
9.470000e+01   -6.231075e+01   0.000000e+00   0.000000e+00   1.919428e+02   5.530500e-10   3.047674e-04
9.480000e+01   -6.260944e+01   0.000000e+00   0.000000e+00   1.922598e+02   5.423435e-10   2.993611e-04
9.490000e+01   -6.264144e+01   0.000000e+00   0.000000e+00   1.925906e+02   5.318370e-10   2.940667e-04
9.500000e+01   -6.247610e+01   0.000000e+00   0.000000e+00   1.929359e+02   5.215258e-10   2.888825e-04
9.510000e+01   -6.218281e+01   0.000000e+00   0.000000e+00   1.932969e+02   5.114054e-10   2.838066e-04
9.520000e+01   -6.151887e+01   0.000000e+00   0.000000e+00   1.936744e+02   5.014714e-10   2.788372e-04
9.530000e+01   -5.989220e+01   0.000000e+00   0.000000e+00   1.940694e+02   4.917195e-10   2.739724e-04
9.540000e+01   -5.781153e+01   0.000000e+00   0.000000e+00   1.944828e+02   4.821455e-10   2.692104e-04
9.550000e+01   -5.585047e+01   0.000000e+00   0.000000e+00   1.949157e+02   4.727455e-10   2.645493e-04
9.560000e+01   -5.458264e+01   0.000000e+00   0.000000e+00   1.953689e+02   4.635155e-10   2.599873e-04
9.570000e+01   -5.423790e+01   0.000000e+00   0.000000e+00   1.958435e+02   4.544518e-10   2.555226e-04
9.580000e+01   -5.402824e+01   0.000000e+00   0.000000e+00   1.963403e+02   4.455506e-10   2.511533e-04
9.590000e+01   -5.392317e+01   0.000000e+00   0.000000e+00   1.968604e+02   4.368085e-10   2.468776e-04
9.600000e+01   -5.396833e+01   0.000000e+00   0.000000e+00   1.974046e+02   4.282218e-10   2.426936e-04
9.610000e+01   -5.420937e+01   0.000000e+00   0.000000e+00   1.979740e+02   4.197872e-10   2.385996e-04
9.620000e+01   -5.516350e+01   0.000000e+00   0.000000e+00   1.985694e+02   4.115014e-10   2.345936e-04
9.630000e+01   -5.806961e+01   0.000000e+00   0.000000e+00   1.991919e+02   4.033612e-10   2.306738e-04
9.640000e+01   -6.196973e+01   0.000000e+00   0.000000e+00   1.998424e+02   3.953634e-10   2.268384e-04
9.650000e+01   -6.572122e+01   0.000000e+00   0.000000e+00   2.005219e+02   3.875048e-10   2.230855e-04
9.660000e+01   -6.818144e+01   0.000000e+00   0.000000e+00   2.012313e+02   3.797827e-10   2.194133e-04
9.670000e+01   -6.876594e+01   0.000000e+00   0.000000e+00   2.019715e+02   3.721939e-10   2.158200e-04
9.680000e+01   -6.911461e+01   0.000000e+00   0.000000e+00   2.027436e+02   3.647356e-10   2.123037e-04
9.690000e+01   -6.944561e+01   0.000000e+00   0.000000e+00   2.035484e+02   3.574049e-10   2.088626e-04
9.700000e+01   -6.975946e+01   0.000000e+00   0.000000e+00   2.043870e+02   3.501993e-10   2.054948e-04
9.710000e+01   -7.005671e+01   0.000000e+00   0.000000e+00   2.052602e+02   3.431158e-10   2.021985e-04
9.720000e+01   -7.031631e+01   0.000000e+00   0.000000e+00   2.061691e+02   3.361520e-10   1.989719e-04
9.730000e+01   -7.046308e+01   0.000000e+00   0.000000e+00   2.071146e+02   3.293053e-10   1.958131e-04
9.740000e+01   -7.054300e+01   0.000000e+00   0.000000e+00   2.080962e+02   3.225756e-10   1.927206e-04
9.750000e+01   -7.061645e+01   0.000000e+00   0.000000e+00   2.091126e+02   3.159650e-10   1.896931e-04
9.760000e+01   -7.074379e+01   0.000000e+00   0.000000e+00   2.101623e+02   3.094754e-10   1.867296e-04
9.770000e+01   -7.111962e+01   0.000000e+00   0.000000e+00   2.112435e+02   3.031082e-10   1.838287e-04
9.780000e+01   -7.230156e+01   0.000000e+00   0.000000e+00   2.123549e+02   2.968646e-10   1.809894e-04
9.790000e+01   -7.393745e+01   0.000000e+00   0.000000e+00   2.134948e+02   2.907454e-10   1.782102e-04
9.800000e+01   -7.555296e+01   0.000000e+00   0.000000e+00   2.146618e+02   2.847514e-10   1.754902e-04
9.810000e+01   -7.667378e+01   0.000000e+00   0.000000e+00   2.158542e+02   2.788826e-10   1.728280e-04
9.820000e+01   -7.698078e+01   0.000000e+00   0.000000e+00   2.170704e+02   2.731391e-10   1.702225e-04
9.830000e+01   -7.710960e+01   0.000000e+00   0.000000e+00   2.183091e+02   2.675207e-10   1.676724e-04
9.840000e+01   -7.719756e+01   0.000000e+00   0.000000e+00   2.195685e+02   2.620270e-10   1.651766e-04
9.850000e+01   -7.724659e+01   0.000000e+00   0.000000e+00   2.208472e+02   2.566572e-10   1.627338e-04
9.860000e+01   -7.725861e+01   0.000000e+00   0.000000e+00   2.221436e+02   2.514105e-10   1.603429e-04
9.870000e+01   -7.715030e+01   0.000000e+00   0.000000e+00   2.234562e+02   2.462858e-10   1.580026e-04
9.880000e+01   -7.642500e+01   0.000000e+00   0.000000e+00   2.247834e+02   2.412819e-10   1.557117e-04
9.890000e+01   -7.520667e+01   0.000000e+00   0.000000e+00   2.261236e+02   2.363974e-10   1.534691e-04
9.900000e+01   -7.374225e+01   0.000000e+00   0.000000e+00   2.274754e+02   2.316307e-10   1.512735e-04
9.910000e+01   -7.227871e+01   0.000000e+00   0.000000e+00   2.288371e+02   2.269802e-10   1.491237e-04
9.920000e+01   -7.102646e+01   0.000000e+00   0.000000e+00   2.302072e+02   2.224441e-10   1.470186e-04
9.930000e+01   -6.984400e+01   0.000000e+00   0.000000e+00   2.315842e+02   2.180206e-10   1.449568e-04
9.940000e+01   -6.864406e+01   0.000000e+00   0.000000e+00   2.329664e+02   2.137075e-10   1.429373e-04
9.950000e+01   -6.738649e+01   0.000000e+00   0.000000e+00   2.343525e+02   2.095030e-10   1.409588e-04
9.960000e+01   -6.603115e+01   0.000000e+00   0.000000e+00   2.357408e+02   2.054047e-10   1.390200e-04
9.970000e+01   -6.454093e+01   0.000000e+00   0.000000e+00   2.371297e+02   2.014106e-10   1.371199e-04
9.980000e+01   -6.291748e+01   0.000000e+00   0.000000e+00   2.385177e+02   1.975183e-10   1.352572e-04
9.990000e+01   -6.116689e+01   0.000000e+00   0.000000e+00   2.399033e+02   1.937256e-10   1.334307e-04
1.000000e+02   -5.929096e+01   0.000000e+00   0.000000e+00   2.412850e+02   1.900301e-10   1.316391e-04
1.001000e+02   -5.729147e+01   0.000000e+00   0.000000e+00   2.426611e+02   1.864294e-10   1.298813e-04
1.002000e+02   -5.512201e+01   0.000000e+00   0.000000e+00   2.440301e+02   1.829211e-10   1.281562e-04
1.003000e+02   -5.239317e+01   0.000000e+00   0.000000e+00   2.453905e+02   1.795028e-10   1.264624e-04
1.004000e+02   -4.936428e+01   0.000000e+00   0.000000e+00   2.467407e+02   1.761721e-10   1.247987e-04
1.005000e+02   -4.646728e+01   0.000000e+00   0.000000e+00   2.480791e+02   1.729264e-10   1.231640e-04
1.006000e+02   -4.413408e+01   0.000000e+00   0.000000e+00   2.494043e+02   1.697634e-10   1.215571e-04
1.007000e+02   -4.274631e+01   0.000000e+00   0.000000e+00   2.507147e+02   1.666806e-10   1.199768e-04
1.008000e+02   -4.189984e+01   0.000000e+00   0.000000e+00   2.520089e+02   1.636755e-10   1.184219e-04
1.009000e+02   -4.125629e+01   0.000000e+00   0.000000e+00   2.532868e+02   1.607457e-10   1.168918e-04
1.010000e+02   -4.063298e+01   0.000000e+00   0.000000e+00   2.545488e+02   1.578886e-10   1.153863e-04
1.011000e+02   -3.984720e+01   0.000000e+00   0.000000e+00   2.557955e+02   1.551020e-10   1.139050e-04
1.012000e+02   -3.869527e+01   0.000000e+00   0.000000e+00   2.570271e+02   1.523836e-10   1.124475e-04
1.013000e+02   -3.677068e+01   0.000000e+00   0.000000e+00   2.582443e+02   1.497312e-10   1.110134e-04
1.014000e+02   -3.412628e+01   0.000000e+00   0.000000e+00   2.594472e+02   1.471428e-10   1.096025e-04
1.015000e+02   -3.096033e+01   0.000000e+00   0.000000e+00   2.606365e+02   1.446164e-10   1.082144e-04
1.016000e+02   -2.747107e+01   0.000000e+00   0.000000e+00   2.618125e+02   1.421499e-10   1.068487e-04
1.017000e+02   -2.378942e+01   0.000000e+00   0.000000e+00   2.629757e+02   1.397416e-10   1.055051e-04
1.018000e+02   -1.896188e+01   0.000000e+00   0.000000e+00   2.641265e+02   1.373896e-10   1.041833e-04
1.019000e+02   -1.324086e+01   0.000000e+00   0.000000e+00   2.652653e+02   1.350922e-10   1.028829e-04
1.020000e+02   -7.443439e+00   0.000000e+00   0.000000e+00   2.663926e+02   1.328478e-10   1.016035e-04
1.021000e+02   -2.386707e+00   0.000000e+00   0.000000e+00   2.675087e+02   1.306546e-10   1.003448e-04
1.022000e+02   1.160882e+00   0.000000e+00   0.000000e+00   2.686141e+02   1.285112e-10   9.910652e-05
1.023000e+02   3.824847e+00   0.000000e+00   0.000000e+00   2.697093e+02   1.264160e-10   9.788822e-05
1.024000e+02   6.130750e+00   0.000000e+00   0.000000e+00   2.707947e+02   1.243676e-10   9.668959e-05
1.025000e+02   8.167929e+00   0.000000e+00   0.000000e+00   2.718706e+02   1.223645e-10   9.551028e-05
1.026000e+02   1.002572e+01   0.000000e+00   0.000000e+00   2.729376e+02   1.204054e-10   9.434995e-05
1.027000e+02   1.179665e+01   0.000000e+00   0.000000e+00   2.739961e+02   1.184889e-10   9.320824e-05
1.028000e+02   1.361638e+01   0.000000e+00   0.000000e+00   2.750464e+02   1.166137e-10   9.208482e-05
1.029000e+02   1.540724e+01   0.000000e+00   0.000000e+00   2.760891e+02   1.147786e-10   9.097932e-05
1.030000e+02   1.701468e+01   0.000000e+00   0.000000e+00   2.771245e+02   1.129824e-10   8.989142e-05
1.031000e+02   1.828419e+01   0.000000e+00   0.000000e+00   2.781531e+02   1.112239e-10   8.882075e-05
1.032000e+02   1.906959e+01   0.000000e+00   0.000000e+00   2.791753e+02   1.095019e-10   8.776698e-05
1.033000e+02   1.963506e+01   0.000000e+00   0.000000e+00   2.801916e+02   1.078154e-10   8.672976e-05
1.034000e+02   2.016553e+01   0.000000e+00   0.000000e+00   2.812023e+02   1.061632e-10   8.570873e-05
1.035000e+02   2.065351e+01   0.000000e+00   0.000000e+00   2.822079e+02   1.045442e-10   8.470356e-05
1.036000e+02   2.109150e+01   0.000000e+00   0.000000e+00   2.832088e+02   1.029576e-10   8.371390e-05
1.037000e+02   2.145539e+01   0.000000e+00   0.000000e+00   2.842055e+02   1.014022e-10   8.273939e-05
1.038000e+02   2.073525e+01   0.000000e+00   0.000000e+00   2.851984e+02   9.987713e-11   8.177970e-05
1.039000e+02   1.882981e+01   0.000000e+00   0.000000e+00   2.861879e+02   9.838139e-11   8.083448e-05
1.040000e+02   1.642737e+01   0.000000e+00   0.000000e+00   2.871745e+02   9.691409e-11   7.990337e-05
1.041000e+02   1.421626e+01   0.000000e+00   0.000000e+00   2.881585e+02   9.547431e-11   7.898604e-05
1.042000e+02   1.287902e+01   0.000000e+00   0.000000e+00   2.891404e+02   9.406120e-11   7.808214e-05
1.043000e+02   1.225892e+01   0.000000e+00   0.000000e+00   2.901207e+02   9.267388e-11   7.719132e-05
1.044000e+02   1.186293e+01   0.000000e+00   0.000000e+00   2.910998e+02   9.131153e-11   7.631323e-05
1.045000e+02   1.155183e+01   0.000000e+00   0.000000e+00   2.920780e+02   8.997333e-11   7.544752e-05
1.046000e+02   1.118638e+01   0.000000e+00   0.000000e+00   2.930559e+02   8.865849e-11   7.459386e-05
1.047000e+02   1.062783e+01   0.000000e+00   0.000000e+00   2.940338e+02   8.736622e-11   7.375189e-05
1.048000e+02   9.878733e+00   0.000000e+00   0.000000e+00   2.950122e+02   8.609579e-11   7.292126e-05
1.049000e+02   8.986116e+00   0.000000e+00   0.000000e+00   2.959915e+02   8.484644e-11   7.210165e-05
1.050000e+02   7.918511e+00   0.000000e+00   0.000000e+00   2.969721e+02   8.361763e-11   7.129284e-05
1.051000e+02   6.644306e+00   0.000000e+00   0.000000e+00   2.979545e+02   8.240895e-11   7.049472e-05
1.052000e+02   5.131396e+00   0.000000e+00   0.000000e+00   2.989389e+02   8.121997e-11   6.970720e-05
1.053000e+02   2.955924e+00   0.000000e+00   0.000000e+00   2.999258e+02   8.005031e-11   6.893015e-05
1.054000e+02   4.664525e-02   0.000000e+00   0.000000e+00   3.009156e+02   7.889957e-11   6.816347e-05
1.055000e+02   -3.185180e+00   0.000000e+00   0.000000e+00   3.019087e+02   7.776737e-11   6.740706e-05
1.056000e+02   -6.328291e+00   0.000000e+00   0.000000e+00   3.029054e+02   7.665336e-11   6.666080e-05
1.057000e+02   -8.971429e+00   0.000000e+00   0.000000e+00   3.039061e+02   7.555717e-11   6.592459e-05
1.058000e+02   -1.123752e+01   0.000000e+00   0.000000e+00   3.049113e+02   7.447844e-11   6.519832e-05
1.059000e+02   -1.343750e+01   0.000000e+00   0.000000e+00   3.059212e+02   7.341685e-11   6.448189e-05
1.060000e+02   -1.544215e+01   0.000000e+00   0.000000e+00   3.069364e+02   7.237205e-11   6.377518e-05
1.061000e+02   -1.712224e+01   0.000000e+00   0.000000e+00   3.079572e+02   7.134373e-11   6.307809e-05
1.062000e+02   -1.834852e+01   0.000000e+00   0.000000e+00   3.089840e+02   7.033155e-11   6.239051e-05
1.063000e+02   -1.912605e+01   0.000000e+00   0.000000e+00   3.100171e+02   6.933523e-11   6.171233e-05
1.064000e+02   -1.965334e+01   0.000000e+00   0.000000e+00   3.110570e+02   6.835444e-11   6.104344e-05
1.065000e+02   -2.007243e+01   0.000000e+00   0.000000e+00   3.121040e+02   6.738890e-11   6.038374e-05
1.066000e+02   -2.052522e+01   0.000000e+00   0.000000e+00   3.131586e+02   6.643831e-11   5.973313e-05
1.067000e+02   -2.115363e+01   0.000000e+00   0.000000e+00   3.142210e+02   6.550240e-11   5.909148e-05
1.068000e+02   -2.206181e+01   0.000000e+00   0.000000e+00   3.152918e+02   6.458089e-11   5.845869e-05
1.069000e+02   -2.318752e+01   0.000000e+00   0.000000e+00   3.163713e+02   6.367351e-11   5.783467e-05
1.070000e+02   -2.442321e+01   0.000000e+00   0.000000e+00   3.174599e+02   6.277999e-11   5.721929e-05
1.071000e+02   -2.566137e+01   0.000000e+00   0.000000e+00   3.185579e+02   6.190007e-11   5.661245e-05
1.072000e+02   -2.679446e+01   0.000000e+00   0.000000e+00   3.196659e+02   6.103350e-11   5.601404e-05
1.073000e+02   -2.783273e+01   0.000000e+00   0.000000e+00   3.207840e+02   6.018004e-11   5.542396e-05
1.074000e+02   -2.887533e+01   0.000000e+00   0.000000e+00   3.219128e+02   5.933943e-11   5.484210e-05
1.075000e+02   -2.987447e+01   0.000000e+00   0.000000e+00   3.230527e+02   5.851145e-11   5.426834e-05
1.076000e+02   -3.078100e+01   0.000000e+00   0.000000e+00   3.242039e+02   5.769585e-11   5.370259e-05
1.077000e+02   -3.154576e+01   0.000000e+00   0.000000e+00   3.253670e+02   5.689241e-11   5.314473e-05
1.078000e+02   -3.224207e+01   0.000000e+00   0.000000e+00   3.265423e+02   5.610091e-11   5.259466e-05
1.079000e+02   -3.297678e+01   0.000000e+00   0.000000e+00   3.277301e+02   5.532112e-11   5.205227e-05
1.080000e+02   -3.362693e+01   0.000000e+00   0.000000e+00   3.289309e+02   5.455283e-11   5.151745e-05
1.081000e+02   -3.406641e+01   0.000000e+00   0.000000e+00   3.301451e+02   5.379582e-11   5.099009e-05
1.082000e+02   -3.416911e+01   0.000000e+00   0.000000e+00   3.313730e+02   5.304990e-11   5.047009e-05
1.083000e+02   -3.355379e+01   0.000000e+00   0.000000e+00   3.326151e+02   5.231485e-11   4.995733e-05
1.084000e+02   -3.195006e+01   0.000000e+00   0.000000e+00   3.338717e+02   5.159047e-11   4.945172e-05
1.085000e+02   -2.979934e+01   0.000000e+00   0.000000e+00   3.351432e+02   5.087657e-11   4.895314e-05
1.086000e+02   -2.755598e+01   0.000000e+00   0.000000e+00   3.364300e+02   5.017295e-11   4.846148e-05
1.087000e+02   -2.567431e+01   0.000000e+00   0.000000e+00   3.377325e+02   4.947943e-11   4.797664e-05
1.088000e+02   -2.422178e+01   0.000000e+00   0.000000e+00   3.390510e+02   4.879582e-11   4.749851e-05
1.089000e+02   -2.271853e+01   0.000000e+00   0.000000e+00   3.403861e+02   4.812193e-11   4.702699e-05
1.090000e+02   -2.134402e+01   0.000000e+00   0.000000e+00   3.417380e+02   4.745758e-11   4.656195e-05
1.091000e+02   -2.030024e+01   0.000000e+00   0.000000e+00   3.431071e+02   4.680260e-11   4.610331e-05
1.092000e+02   -1.978917e+01   0.000000e+00   0.000000e+00   3.444939e+02   4.615681e-11   4.565094e-05
1.093000e+02   -1.977763e+01   0.000000e+00   0.000000e+00   3.458987e+02   4.552005e-11   4.520474e-05
1.094000e+02   -1.981947e+01   0.000000e+00   0.000000e+00   3.473219e+02   4.489213e-11   4.476460e-05
1.095000e+02   -1.989505e+01   0.000000e+00   0.000000e+00   3.487639e+02   4.427291e-11   4.433042e-05
1.096000e+02   -2.000464e+01   0.000000e+00   0.000000e+00   3.502250e+02   4.366220e-11   4.390209e-05
1.097000e+02   -2.014808e+01   0.000000e+00   0.000000e+00   3.517054e+02   4.305993e-11   4.347952e-05
1.098000e+02   -2.057951e+01   0.000000e+00   0.000000e+00   3.532043e+02   4.246609e-11   4.306263e-05
1.099000e+02   -2.182728e+01   0.000000e+00   0.000000e+00   3.547210e+02   4.188068e-11   4.265137e-05
1.100000e+02   -2.366684e+01   0.000000e+00   0.000000e+00   3.562549e+02   4.130370e-11   4.224566e-05
1.101000e+02   -2.583680e+01   0.000000e+00   0.000000e+00   3.578052e+02   4.073514e-11   4.184545e-05
1.102000e+02   -2.807581e+01   0.000000e+00   0.000000e+00   3.593714e+02   4.017498e-11   4.145066e-05
1.103000e+02   -3.032943e+01   0.000000e+00   0.000000e+00   3.609526e+02   3.962320e-11   4.106124e-05
1.104000e+02   -3.297781e+01   0.000000e+00   0.000000e+00   3.625482e+02   3.907977e-11   4.067711e-05
1.105000e+02   -3.588308e+01   0.000000e+00   0.000000e+00   3.641575e+02   3.854465e-11   4.029822e-05
1.106000e+02   -3.887067e+01   0.000000e+00   0.000000e+00   3.657799e+02   3.801782e-11   3.992449e-05
1.107000e+02   -4.176599e+01   0.000000e+00   0.000000e+00   3.674146e+02   3.749921e-11   3.955586e-05
1.108000e+02   -4.449513e+01   0.000000e+00   0.000000e+00   3.690609e+02   3.698878e-11   3.919226e-05
1.109000e+02   -4.725356e+01   0.000000e+00   0.000000e+00   3.707182e+02   3.648647e-11   3.883364e-05
1.110000e+02   -4.998290e+01   0.000000e+00   0.000000e+00   3.723857e+02   3.599224e-11   3.847992e-05
1.111000e+02   -5.260131e+01   0.000000e+00   0.000000e+00   3.740628e+02   3.550600e-11   3.813105e-05
1.112000e+02   -5.502696e+01   0.000000e+00   0.000000e+00   3.757488e+02   3.502771e-11   3.778694e-05
1.113000e+02   -5.730599e+01   0.000000e+00   0.000000e+00   3.774430e+02   3.455728e-11   3.744755e-05
1.114000e+02   -5.973093e+01   0.000000e+00   0.000000e+00   3.791447e+02   3.409465e-11   3.711279e-05
1.115000e+02   -6.205878e+01   0.000000e+00   0.000000e+00   3.808533e+02   3.363974e-11   3.678262e-05
1.116000e+02   -6.399893e+01   0.000000e+00   0.000000e+00   3.825679e+02   3.319247e-11   3.645696e-05
1.117000e+02   -6.526078e+01   0.000000e+00   0.000000e+00   3.842880e+02   3.275276e-11   3.613575e-05
1.118000e+02   -6.575191e+01   0.000000e+00   0.000000e+00   3.860128e+02   3.232052e-11   3.581892e-05
1.119000e+02   -6.612363e+01   0.000000e+00   0.000000e+00   3.877418e+02   3.189567e-11   3.550641e-05
1.120000e+02   -6.646357e+01   0.000000e+00   0.000000e+00   3.894740e+02   3.147813e-11   3.519815e-05
1.121000e+02   -6.677923e+01   0.000000e+00   0.000000e+00   3.912090e+02   3.106780e-11   3.489407e-05
1.122000e+02   -6.707811e+01   0.000000e+00   0.000000e+00   3.929459e+02   3.066459e-11   3.459412e-05
1.123000e+02   -6.731240e+01   0.000000e+00   0.000000e+00   3.946842e+02   3.026840e-11   3.429822e-05
1.124000e+02   -6.729620e+01   0.000000e+00   0.000000e+00   3.964231e+02   2.987915e-11   3.400631e-05
1.125000e+02   -6.715482e+01   0.000000e+00   0.000000e+00   3.981619e+02   2.949674e-11   3.371833e-05
1.126000e+02   -6.705073e+01   0.000000e+00   0.000000e+00   3.998999e+02   2.912108e-11   3.343421e-05
1.127000e+02   -6.714642e+01   0.000000e+00   0.000000e+00   4.016365e+02   2.875205e-11   3.315389e-05
1.128000e+02   -6.753873e+01   -0.000000e+00   -0.000000e+00   4.033710e+02   2.838958e-11   3.287729e-05
1.129000e+02   -6.798060e+01   -0.000000e+00   -0.000000e+00   4.051026e+02   2.803356e-11   3.260436e-05
1.130000e+02   -6.842716e+01   -0.000000e+00   -0.000000e+00   4.068307e+02   2.768389e-11   3.233502e-05
1.131000e+02   -6.887789e+01   -0.000000e+00   -0.000000e+00   4.085546e+02   2.734047e-11   3.206922e-05
1.132000e+02   -6.933225e+01   -0.000000e+00   -0.000000e+00   4.102736e+02   2.700320e-11   3.180689e-05
1.133000e+02   -6.987338e+01   -0.000000e+00   -0.000000e+00   4.119870e+02   2.667199e-11   3.154796e-05
1.134000e+02   -7.089497e+01   -0.000000e+00   -0.000000e+00   4.136941e+02   2.634673e-11   3.129237e-05
1.135000e+02   -7.220490e+01   -0.000000e+00   -0.000000e+00   4.153942e+02   2.602733e-11   3.104005e-05
1.136000e+02   -7.351545e+01   -0.000000e+00   -0.000000e+00   4.170867e+02   2.571367e-11   3.079093e-05
1.137000e+02   -7.453887e+01   -0.000000e+00   -0.000000e+00   4.187709e+02   2.540567e-11   3.054496e-05
1.138000e+02   -7.505283e+01   -0.000000e+00   -0.000000e+00   4.204460e+02   2.510323e-11   3.030207e-05
1.139000e+02   -7.533460e+01   -0.000000e+00   -0.000000e+00   4.221114e+02   2.480625e-11   3.006218e-05
1.140000e+02   -7.548825e+01   -0.000000e+00   -0.000000e+00   4.237664e+02   2.451462e-11   2.982525e-05
1.141000e+02   -7.554769e+01   -0.000000e+00   -0.000000e+00   4.254103e+02   2.422825e-11   2.959119e-05
1.142000e+02   -7.554684e+01   -0.000000e+00   -0.000000e+00   4.270424e+02   2.394704e-11   2.935995e-05
1.143000e+02   -7.550469e+01   -0.000000e+00   -0.000000e+00   4.286621e+02   2.367090e-11   2.913145e-05
1.144000e+02   -7.532230e+01   -0.000000e+00   -0.000000e+00   4.302685e+02   2.339972e-11   2.890565e-05
1.145000e+02   -7.496826e+01   -0.000000e+00   -0.000000e+00   4.318611e+02   2.313342e-11   2.868246e-05
1.146000e+02   -7.443439e+01   -0.000000e+00   -0.000000e+00   4.334392e+02   2.287190e-11   2.846182e-05
1.147000e+02   -7.371251e+01   -0.000000e+00   -0.000000e+00   4.350020e+02   2.261505e-11   2.824368e-05
1.148000e+02   -7.271747e+01   -0.000000e+00   -0.000000e+00   4.365489e+02   2.236280e-11   2.802795e-05
1.149000e+02   -7.085485e+01   -0.000000e+00   -0.000000e+00   4.380792e+02   2.211504e-11   2.781459e-05
1.150000e+02   -6.830526e+01   -0.000000e+00   -0.000000e+00   4.395921e+02   2.187168e-11   2.760351e-05
1.151000e+02   -6.544565e+01   -0.000000e+00   -0.000000e+00   4.410871e+02   2.163263e-11   2.739467e-05
1.152000e+02   -6.265298e+01   -0.000000e+00   -0.000000e+00   4.425634e+02   2.139780e-11   2.718799e-05
1.153000e+02   -6.023649e+01   -0.000000e+00   -0.000000e+00   4.440204e+02   2.116710e-11   2.698340e-05
1.154000e+02   -5.778217e+01   -0.000000e+00   -0.000000e+00   4.454572e+02   2.094045e-11   2.678085e-05
1.155000e+02   -5.530450e+01   -0.000000e+00   -0.000000e+00   4.468734e+02   2.071774e-11   2.658026e-05
1.156000e+02   -5.300894e+01   -0.000000e+00   -0.000000e+00   4.482689e+02   2.049889e-11   2.638161e-05
1.157000e+02   -5.110133e+01   -0.000000e+00   -0.000000e+00   4.496441e+02   2.028380e-11   2.618487e-05
1.158000e+02   -4.975752e+01   -0.000000e+00   -0.000000e+00   4.509995e+02   2.007236e-11   2.599004e-05
1.159000e+02   -4.872002e+01   -0.000000e+00   -0.000000e+00   4.523355e+02   1.986450e-11   2.579709e-05
1.160000e+02   -4.784437e+01   -0.000000e+00   -0.000000e+00   4.536525e+02   1.966012e-11   2.560601e-05
1.161000e+02   -4.708751e+01   -0.000000e+00   -0.000000e+00   4.549510e+02   1.945914e-11   2.541678e-05
1.162000e+02   -4.640640e+01   -0.000000e+00   -0.000000e+00   4.562313e+02   1.926147e-11   2.522939e-05
1.163000e+02   -4.575216e+01   -0.000000e+00   -0.000000e+00   4.574941e+02   1.906702e-11   2.504382e-05
1.164000e+02   -4.503239e+01   -0.000000e+00   -0.000000e+00   4.587395e+02   1.887572e-11   2.486006e-05
1.165000e+02   -4.431226e+01   -0.000000e+00   -0.000000e+00   4.599682e+02   1.868750e-11   2.467808e-05
1.166000e+02   -4.370121e+01   -0.000000e+00   -0.000000e+00   4.611805e+02   1.850228e-11   2.449788e-05
1.167000e+02   -4.330872e+01   -0.000000e+00   -0.000000e+00   4.623769e+02   1.831998e-11   2.431943e-05
1.168000e+02   -4.325411e+01   -0.000000e+00   -0.000000e+00   4.635578e+02   1.814054e-11   2.414273e-05
1.169000e+02   -4.374725e+01   -0.000000e+00   -0.000000e+00   4.647236e+02   1.796388e-11   2.396775e-05
1.170000e+02   -4.465635e+01   -0.000000e+00   -0.000000e+00   4.658747e+02   1.778994e-11   2.379447e-05
1.171000e+02   -4.574386e+01   -0.000000e+00   -0.000000e+00   4.670117e+02   1.761866e-11   2.362289e-05
1.172000e+02   -4.677223e+01   -0.000000e+00   -0.000000e+00   4.681349e+02   1.744997e-11   2.345299e-05
1.173000e+02   -4.751759e+01   -0.000000e+00   -0.000000e+00   4.692447e+02   1.728382e-11   2.328474e-05
1.174000e+02   -4.813410e+01   -0.000000e+00   -0.000000e+00   4.703417e+02   1.712013e-11   2.311814e-05
1.175000e+02   -4.871078e+01   -0.000000e+00   -0.000000e+00   4.714262e+02   1.695886e-11   2.295317e-05
1.176000e+02   -4.920824e+01   -0.000000e+00   -0.000000e+00   4.724986e+02   1.679994e-11   2.278981e-05
1.177000e+02   -4.958711e+01   -0.000000e+00   -0.000000e+00   4.735594e+02   1.664332e-11   2.262804e-05
1.178000e+02   -4.980914e+01   -0.000000e+00   -0.000000e+00   4.746091e+02   1.648896e-11   2.246785e-05
1.179000e+02   -4.989478e+01   -0.000000e+00   -0.000000e+00   4.756480e+02   1.633678e-11   2.230923e-05
1.180000e+02   -4.990597e+01   -0.000000e+00   -0.000000e+00   4.766766e+02   1.618676e-11   2.215216e-05
1.181000e+02   -4.989640e+01   -0.000000e+00   -0.000000e+00   4.776954e+02   1.603882e-11   2.199661e-05
1.182000e+02   -4.991972e+01   -0.000000e+00   -0.000000e+00   4.787047e+02   1.589293e-11   2.184259e-05
1.183000e+02   -5.004016e+01   -0.000000e+00   -0.000000e+00   4.797050e+02   1.574904e-11   2.169006e-05
1.184000e+02   -5.070105e+01   -0.000000e+00   -0.000000e+00   4.806967e+02   1.560711e-11   2.153901e-05
1.185000e+02   -5.185140e+01   -0.000000e+00   -0.000000e+00   4.816802e+02   1.546707e-11   2.138944e-05
1.186000e+02   -5.312907e+01   -0.000000e+00   -0.000000e+00   4.826561e+02   1.532891e-11   2.124131e-05
1.187000e+02   -5.417190e+01   -0.000000e+00   -0.000000e+00   4.836247e+02   1.519256e-11   2.109462e-05
1.188000e+02   -5.462562e+01   -0.000000e+00   -0.000000e+00   4.845865e+02   1.505799e-11   2.094935e-05
1.189000e+02   -5.474783e+01   -0.000000e+00   -0.000000e+00   4.855418e+02   1.492515e-11   2.080548e-05
1.190000e+02   -5.481081e+01   -0.000000e+00   -0.000000e+00   4.864912e+02   1.479401e-11   2.066300e-05
1.191000e+02   -5.479684e+01   -0.000000e+00   -0.000000e+00   4.874350e+02   1.466453e-11   2.052188e-05
1.192000e+02   -5.468818e+01   -0.000000e+00   -0.000000e+00   4.883737e+02   1.453667e-11   2.038213e-05
1.193000e+02   -5.446672e+01   -0.000000e+00   -0.000000e+00   4.893077e+02   1.441039e-11   2.024371e-05
1.194000e+02   -5.408218e+01   -0.000000e+00   -0.000000e+00   4.902375e+02   1.428565e-11   2.010661e-05
1.195000e+02   -5.354038e+01   -0.000000e+00   -0.000000e+00   4.911635e+02   1.416242e-11   1.997082e-05
1.196000e+02   -5.288671e+01   -0.000000e+00   -0.000000e+00   4.920861e+02   1.404067e-11   1.983633e-05
1.197000e+02   -5.216657e+01   -0.000000e+00   -0.000000e+00   4.930057e+02   1.392035e-11   1.970310e-05
1.198000e+02   -5.142478e+01   -0.000000e+00   -0.000000e+00   4.939229e+02   1.380144e-11   1.957113e-05
1.199000e+02   -5.056473e+01   -0.000000e+00   -0.000000e+00   4.948379e+02   1.368391e-11   1.944041e-05
1.200000e+02   -4.954494e+01   -0.000000e+00   -0.000000e+00   4.957514e+02   1.356771e-11   1.931091e-05
1.201000e+02   -4.844349e+01   -0.000000e+00   -0.000000e+00   4.966636e+02   1.345282e-11   1.918263e-05
1.202000e+02   -4.733847e+01   -0.000000e+00   -0.000000e+00   4.975750e+02   1.333921e-11   1.905553e-05
1.203000e+02   -4.630790e+01   -0.000000e+00   -0.000000e+00   4.984861e+02   1.322685e-11   1.892962e-05
1.204000e+02   -4.535622e+01   -0.000000e+00   -0.000000e+00   4.993972e+02   1.311571e-11   1.880486e-05
1.205000e+02   -4.443110e+01   -0.000000e+00   -0.000000e+00   5.003089e+02   1.300575e-11   1.868125e-05
1.206000e+02   -4.351507e+01   -0.000000e+00   -0.000000e+00   5.012215e+02   1.289696e-11   1.855878e-05
1.207000e+02   -4.259063e+01   -0.000000e+00   -0.000000e+00   5.021356e+02   1.278930e-11   1.843741e-05
1.208000e+02   -4.164030e+01   -0.000000e+00   -0.000000e+00   5.030514e+02   1.268274e-11   1.831714e-05
1.209000e+02   -4.068001e+01   -0.000000e+00   -0.000000e+00   5.039695e+02   1.257726e-11   1.819796e-05
1.210000e+02   -3.972173e+01   -0.000000e+00   -0.000000e+00   5.048902e+02   1.247284e-11   1.807984e-05
1.211000e+02   -3.874197e+01   -0.000000e+00   -0.000000e+00   5.058141e+02   1.236944e-11   1.796277e-05
1.212000e+02   -3.771727e+01   -0.000000e+00   -0.000000e+00   5.067416e+02   1.226704e-11   1.784673e-05
1.213000e+02   -3.662415e+01   -0.000000e+00   -0.000000e+00   5.076730e+02   1.216562e-11   1.773171e-05
1.214000e+02   -3.533244e+01   -0.000000e+00   -0.000000e+00   5.086088e+02   1.206515e-11   1.761769e-05
1.215000e+02   -3.383197e+01   -0.000000e+00   -0.000000e+00   5.095495e+02   1.196561e-11   1.750466e-05
1.216000e+02   -3.230837e+01   -0.000000e+00   -0.000000e+00   5.104955e+02   1.186698e-11   1.739259e-05
1.217000e+02   -3.094744e+01   -0.000000e+00   -0.000000e+00   5.114472e+02   1.176922e-11   1.728148e-05
1.218000e+02   -2.993496e+01   -0.000000e+00   -0.000000e+00   5.124050e+02   1.167233e-11   1.717131e-05
1.219000e+02   -2.924575e+01   -0.000000e+00   -0.000000e+00   5.133694e+02   1.157628e-11   1.706205e-05
1.220000e+02   -2.864461e+01   -0.000000e+00   -0.000000e+00   5.143408e+02   1.148104e-11   1.695370e-05
1.221000e+02   -2.807768e+01   -0.000000e+00   -0.000000e+00   5.153197e+02   1.138660e-11   1.684624e-05
1.222000e+02   -2.749203e+01   -0.000000e+00   -0.000000e+00   5.163065e+02   1.129293e-11   1.673965e-05
1.223000e+02   -2.683472e+01   -0.000000e+00   -0.000000e+00   5.173015e+02   1.120001e-11   1.663392e-05
1.224000e+02   -2.594729e+01   -0.000000e+00   -0.000000e+00   5.183053e+02   1.110783e-11   1.652903e-05
1.225000e+02   -2.478064e+01   -0.000000e+00   -0.000000e+00   5.193183e+02   1.101637e-11   1.642496e-05
1.226000e+02   -2.354196e+01   -0.000000e+00   -0.000000e+00   5.203409e+02   1.092559e-11   1.632170e-05
1.227000e+02   -2.244018e+01   -0.000000e+00   -0.000000e+00   5.213736e+02   1.083550e-11   1.621923e-05
1.228000e+02   -2.168424e+01   -0.000000e+00   -0.000000e+00   5.224167e+02   1.074607e-11   1.611755e-05
1.229000e+02   -2.130257e+01   -0.000000e+00   -0.000000e+00   5.234701e+02   1.065729e-11   1.601663e-05
1.230000e+02   -2.106012e+01   -0.000000e+00   -0.000000e+00   5.245338e+02   1.056917e-11   1.591647e-05
1.231000e+02   -2.090701e+01   -0.000000e+00   -0.000000e+00   5.256075e+02   1.048171e-11   1.581708e-05
1.232000e+02   -2.079685e+01   -0.000000e+00   -0.000000e+00   5.266910e+02   1.039492e-11   1.571844e-05
1.233000e+02   -2.068326e+01   -0.000000e+00   -0.000000e+00   5.277842e+02   1.030879e-11   1.562055e-05
1.234000e+02   -2.060888e+01   -0.000000e+00   -0.000000e+00   5.288869e+02   1.022332e-11   1.552342e-05
1.235000e+02   -2.065543e+01   -0.000000e+00   -0.000000e+00   5.299988e+02   1.013853e-11   1.542702e-05
1.236000e+02   -2.071663e+01   -0.000000e+00   -0.000000e+00   5.311199e+02   1.005439e-11   1.533137e-05
1.237000e+02   -2.068235e+01   -0.000000e+00   -0.000000e+00   5.322498e+02   9.970931e-12   1.523644e-05
1.238000e+02   -2.044245e+01   -0.000000e+00   -0.000000e+00   5.333885e+02   9.888136e-12   1.514225e-05
1.239000e+02   -1.978036e+01   -0.000000e+00   -0.000000e+00   5.345357e+02   9.806009e-12   1.504878e-05
1.240000e+02   -1.856456e+01   -0.000000e+00   -0.000000e+00   5.356913e+02   9.724552e-12   1.495604e-05
1.241000e+02   -1.704284e+01   -0.000000e+00   -0.000000e+00   5.368550e+02   9.643763e-12   1.486401e-05
1.242000e+02   -1.547206e+01   -0.000000e+00   -0.000000e+00   5.380267e+02   9.563643e-12   1.477269e-05
1.243000e+02   -1.410912e+01   -0.000000e+00   -0.000000e+00   5.392063e+02   9.484191e-12   1.468208e-05
1.244000e+02   -1.306709e+01   -0.000000e+00   -0.000000e+00   5.403934e+02   9.405406e-12   1.459217e-05
1.245000e+02   -1.211941e+01   -0.000000e+00   -0.000000e+00   5.415879e+02   9.327288e-12   1.450296e-05
1.246000e+02   -1.122144e+01   -0.000000e+00   -0.000000e+00   5.427897e+02   9.249837e-12   1.441445e-05
1.247000e+02   -1.033920e+01   -0.000000e+00   -0.000000e+00   5.439985e+02   9.173050e-12   1.432662e-05
1.248000e+02   -9.438719e+00   -0.000000e+00   -0.000000e+00   5.452142e+02   9.096927e-12   1.423948e-05
1.249000e+02   -8.503580e+00   -0.000000e+00   -0.000000e+00   5.464365e+02   9.021466e-12   1.415302e-05
1.250000e+02   -7.562211e+00   -0.000000e+00   -0.000000e+00   5.476654e+02   8.946667e-12   1.406724e-05
1.251000e+02   -6.616516e+00   -0.000000e+00   -0.000000e+00   5.489006e+02   8.872527e-12   1.398213e-05
1.252000e+02   -5.666476e+00   -0.000000e+00   -0.000000e+00   5.501419e+02   8.799044e-12   1.389769e-05
1.253000e+02   -4.712074e+00   -0.000000e+00   -0.000000e+00   5.513891e+02   8.726217e-12   1.381391e-05
1.254000e+02   -3.708662e+00   -0.000000e+00   -0.000000e+00   5.526420e+02   8.654044e-12   1.373079e-05
1.255000e+02   -2.587626e+00   -0.000000e+00   -0.000000e+00   5.539006e+02   8.582523e-12   1.364832e-05
1.256000e+02   -1.464967e+00   -0.000000e+00   -0.000000e+00   5.551645e+02   8.511651e-12   1.356650e-05
1.257000e+02   -4.667787e-01   -0.000000e+00   -0.000000e+00   5.564336e+02   8.441426e-12   1.348533e-05
1.258000e+02   2.808484e-01   -0.000000e+00   -0.000000e+00   5.577077e+02   8.371846e-12   1.340480e-05
1.259000e+02   7.279549e-01   -0.000000e+00   -0.000000e+00   5.589866e+02   8.302908e-12   1.332490e-05
1.260000e+02   1.066219e+00   -0.000000e+00   -0.000000e+00   5.602701e+02   8.234610e-12   1.324564e-05
1.261000e+02   1.337701e+00   -0.000000e+00   -0.000000e+00   5.615581e+02   8.166948e-12   1.316700e-05
1.262000e+02   1.568239e+00   -0.000000e+00   -0.000000e+00   5.628504e+02   8.099920e-12   1.308899e-05
1.263000e+02   1.783673e+00   -0.000000e+00   -0.000000e+00   5.641467e+02   8.033523e-12   1.301159e-05
1.264000e+02   1.989597e+00   -0.000000e+00   -0.000000e+00   5.654469e+02   7.967754e-12   1.293481e-05
1.265000e+02   2.134956e+00   -0.000000e+00   -0.000000e+00   5.667508e+02   7.902611e-12   1.285864e-05
1.266000e+02   2.232265e+00   -0.000000e+00   -0.000000e+00   5.680583e+02   7.838088e-12   1.278308e-05
1.267000e+02   2.300673e+00   -0.000000e+00   -0.000000e+00   5.693691e+02   7.774184e-12   1.270811e-05
1.268000e+02   2.359332e+00   -0.000000e+00   -0.000000e+00   5.706830e+02   7.710895e-12   1.263374e-05
1.269000e+02   2.415606e+00   -0.000000e+00   -0.000000e+00   5.719998e+02   7.648218e-12   1.255997e-05
1.270000e+02   2.439509e+00   -0.000000e+00   -0.000000e+00   5.733195e+02   7.586149e-12   1.248678e-05
1.271000e+02   2.443370e+00   -0.000000e+00   -0.000000e+00   5.746417e+02   7.524685e-12   1.241417e-05
1.272000e+02   2.444711e+00   -0.000000e+00   -0.000000e+00   5.759663e+02   7.463821e-12   1.234215e-05
1.273000e+02   2.461056e+00   -0.000000e+00   -0.000000e+00   5.772932e+02   7.403555e-12   1.227069e-05
1.274000e+02   2.497739e+00   -0.000000e+00   -0.000000e+00   5.786221e+02   7.343882e-12   1.219981e-05
1.275000e+02   2.519956e+00   -0.000000e+00   -0.000000e+00   5.799528e+02   7.284799e-12   1.212949e-05
1.276000e+02   2.548204e+00   -0.000000e+00   -0.000000e+00   5.812852e+02   7.226303e-12   1.205973e-05
1.277000e+02   2.610437e+00   -0.000000e+00   -0.000000e+00   5.826190e+02   7.168388e-12   1.199053e-05
1.278000e+02   2.734608e+00   -0.000000e+00   -0.000000e+00   5.839541e+02   7.111051e-12   1.192188e-05
1.279000e+02   2.944304e+00   -0.000000e+00   -0.000000e+00   5.852904e+02   7.054289e-12   1.185378e-05
1.280000e+02   3.219655e+00   -0.000000e+00   -0.000000e+00   5.866275e+02   6.998096e-12   1.178622e-05
1.281000e+02   3.524206e+00   -0.000000e+00   -0.000000e+00   5.879654e+02   6.942470e-12   1.171920e-05
1.282000e+02   3.822545e+00   -0.000000e+00   -0.000000e+00   5.893038e+02   6.887405e-12   1.165272e-05
1.283000e+02   4.079261e+00   -0.000000e+00   -0.000000e+00   5.906425e+02   6.832899e-12   1.158676e-05
1.284000e+02   4.243643e+00   -0.000000e+00   -0.000000e+00   5.919815e+02   6.778946e-12   1.152133e-05
1.285000e+02   4.229272e+00   -0.000000e+00   -0.000000e+00   5.933204e+02   6.725542e-12   1.145642e-05
1.286000e+02   4.089690e+00   -0.000000e+00   -0.000000e+00   5.946591e+02   6.672684e-12   1.139203e-05
1.287000e+02   3.898275e+00   -0.000000e+00   -0.000000e+00   5.959974e+02   6.620367e-12   1.132814e-05
1.288000e+02   3.728400e+00   -0.000000e+00   -0.000000e+00   5.973351e+02   6.568586e-12   1.126477e-05
1.289000e+02   3.621255e+00   -0.000000e+00   -0.000000e+00   5.986721e+02   6.517337e-12   1.120190e-05
1.290000e+02   3.440140e+00   -0.000000e+00   -0.000000e+00   6.000082e+02   6.466617e-12   1.113952e-05
1.291000e+02   3.246364e+00   -0.000000e+00   -0.000000e+00   6.013431e+02   6.416420e-12   1.107765e-05
1.292000e+02   3.144766e+00   -0.000000e+00   -0.000000e+00   6.026767e+02   6.366743e-12   1.101626e-05
1.293000e+02   3.240184e+00   -0.000000e+00   -0.000000e+00   6.040087e+02   6.317581e-12   1.095535e-05
1.294000e+02   3.603149e+00   -0.000000e+00   -0.000000e+00   6.053391e+02   6.268929e-12   1.089493e-05
1.295000e+02   4.028340e+00   -0.000000e+00   -0.000000e+00   6.066676e+02   6.220783e-12   1.083498e-05
1.296000e+02   4.457665e+00   -0.000000e+00   -0.000000e+00   6.079941e+02   6.173139e-12   1.077551e-05
1.297000e+02   4.885805e+00   -0.000000e+00   -0.000000e+00   6.093183e+02   6.125992e-12   1.071650e-05
1.298000e+02   5.307442e+00   -0.000000e+00   -0.000000e+00   6.106401e+02   6.079338e-12   1.065796e-05
1.299000e+02   5.715615e+00   -0.000000e+00   -0.000000e+00   6.119592e+02   6.033172e-12   1.059987e-05
1.300000e+02   6.093835e+00   -0.000000e+00   -0.000000e+00   6.132755e+02   5.987490e-12   1.054224e-05
