#% 0, Z0, m, 0.0
#% 1, Z, km
#% 2, U, m/s
#% 3, V, m/s
#% 4, W, m/s
#% 5, T, degK
#% 6, RHO, g/cm3
#% 7, P, mbar
0.000000e+00   -1.480817e+00   0.000000e+00   0.000000e+00   2.829091e+02   1.212386e-03   9.847370e+02
1.000000e-01   -1.161595e+00   0.000000e+00   0.000000e+00   2.820203e+02   1.201718e-03   9.730055e+02
2.000000e-01   -1.008325e+00   0.000000e+00   0.000000e+00   2.811114e+02   1.191196e-03   9.613777e+02
3.000000e-01   -8.883860e-01   0.000000e+00   0.000000e+00   2.801901e+02   1.180787e-03   9.498537e+02
4.000000e-01   -6.844651e-01   0.000000e+00   0.000000e+00   2.792670e+02   1.170447e-03   9.384339e+02
5.000000e-01   -3.789253e-01   0.000000e+00   0.000000e+00   2.783691e+02   1.160063e-03   9.271183e+02
6.000000e-01   3.085340e-02   0.000000e+00   0.000000e+00   2.774921e+02   1.149657e-03   9.159067e+02
7.000000e-01   5.245408e-01   0.000000e+00   0.000000e+00   2.767230e+02   1.138870e-03   9.047982e+02
8.000000e-01   9.719105e-01   0.000000e+00   0.000000e+00   2.763527e+02   1.126525e-03   8.937929e+02
9.000000e-01   1.144957e+00   0.000000e+00   0.000000e+00   2.764565e+02   1.112367e-03   8.828913e+02
1.000000e+00   9.547292e-01   0.000000e+00   0.000000e+00   2.768231e+02   1.097307e-03   8.720928e+02
1.100000e+00   5.486533e-01   0.000000e+00   0.000000e+00   2.770988e+02   1.082769e-03   8.613961e+02
1.200000e+00   1.617173e-01   0.000000e+00   0.000000e+00   2.770262e+02   1.069731e-03   8.508010e+02
1.300000e+00   -1.895723e-01   0.000000e+00   0.000000e+00   2.766147e+02   1.058115e-03   8.403121e+02
1.400000e+00   -5.410600e-01   0.000000e+00   0.000000e+00   2.759780e+02   1.047459e-03   8.299344e+02
1.500000e+00   -9.266327e-01   0.000000e+00   0.000000e+00   2.752440e+02   1.037262e-03   8.196694e+02
1.600000e+00   -1.360618e+00   0.000000e+00   0.000000e+00   2.745526e+02   1.026989e-03   8.095127e+02
1.700000e+00   -1.799468e+00   0.000000e+00   0.000000e+00   2.738953e+02   1.016670e-03   7.994607e+02
1.800000e+00   -2.240980e+00   0.000000e+00   0.000000e+00   2.731778e+02   1.006655e-03   7.895112e+02
1.900000e+00   -2.678978e+00   0.000000e+00   0.000000e+00   2.724148e+02   9.968829e-04   7.796635e+02
2.000000e+00   -3.105726e+00   0.000000e+00   0.000000e+00   2.716523e+02   9.871842e-04   7.699171e+02
2.100000e+00   -3.545469e+00   0.000000e+00   0.000000e+00   2.709057e+02   9.775023e-04   7.602707e+02
2.200000e+00   -4.017581e+00   0.000000e+00   0.000000e+00   2.701724e+02   9.678457e-04   7.507226e+02
2.300000e+00   -4.463972e+00   0.000000e+00   0.000000e+00   2.694605e+02   9.581855e-04   7.412712e+02
2.400000e+00   -4.817358e+00   0.000000e+00   0.000000e+00   2.688045e+02   9.484006e-04   7.319150e+02
2.500000e+00   -5.010508e+00   0.000000e+00   0.000000e+00   2.682413e+02   9.383644e-04   7.226527e+02
2.600000e+00   -4.990760e+00   0.000000e+00   0.000000e+00   2.677867e+02   9.280310e-04   7.134833e+02
2.700000e+00   -4.780768e+00   0.000000e+00   0.000000e+00   2.674375e+02   9.174209e-04   7.044065e+02
2.800000e+00   -4.468984e+00   0.000000e+00   0.000000e+00   2.671845e+02   9.065768e-04   6.954217e+02
2.900000e+00   -4.154507e+00   0.000000e+00   0.000000e+00   2.669850e+02   8.956509e-04   6.865277e+02
3.000000e+00   -3.939866e+00   0.000000e+00   0.000000e+00   2.667848e+02   8.848278e-04   6.777229e+02
3.100000e+00   -3.912032e+00   0.000000e+00   0.000000e+00   2.665399e+02   8.742497e-04   6.690062e+02
3.200000e+00   -4.049732e+00   0.000000e+00   0.000000e+00   2.662351e+02   8.639616e-04   6.603773e+02
3.300000e+00   -4.276014e+00   0.000000e+00   0.000000e+00   2.658595e+02   8.539918e-04   6.518359e+02
3.400000e+00   -4.513500e+00   0.000000e+00   0.000000e+00   2.654032e+02   8.443650e-04   6.433818e+02
3.500000e+00   -4.686751e+00   0.000000e+00   0.000000e+00   2.648691e+02   8.350646e-04   6.350145e+02
3.600000e+00   -4.717250e+00   0.000000e+00   0.000000e+00   2.642701e+02   8.260429e-04   6.267335e+02
3.700000e+00   -4.610674e+00   0.000000e+00   0.000000e+00   2.636196e+02   8.172528e-04   6.185381e+02
3.800000e+00   -4.464604e+00   0.000000e+00   0.000000e+00   2.629309e+02   8.086491e-04   6.104276e+02
3.900000e+00   -4.378209e+00   0.000000e+00   0.000000e+00   2.622151e+02   8.001952e-04   6.024014e+02
4.000000e+00   -4.449579e+00   0.000000e+00   0.000000e+00   2.614768e+02   7.918741e-04   5.944587e+02
4.100000e+00   -4.790843e+00   0.000000e+00   0.000000e+00   2.607199e+02   7.836725e-04   5.865987e+02
4.200000e+00   -5.415613e+00   0.000000e+00   0.000000e+00   2.599480e+02   7.755775e-04   5.788207e+02
4.300000e+00   -6.184571e+00   0.000000e+00   0.000000e+00   2.591651e+02   7.675763e-04   5.711240e+02
4.400000e+00   -6.948960e+00   0.000000e+00   0.000000e+00   2.583745e+02   7.596576e-04   5.635078e+02
4.500000e+00   -7.555173e+00   0.000000e+00   0.000000e+00   2.575795e+02   7.518115e-04   5.559716e+02
4.600000e+00   -7.902451e+00   0.000000e+00   0.000000e+00   2.567833e+02   7.440280e-04   5.485149e+02
4.700000e+00   -8.089619e+00   0.000000e+00   0.000000e+00   2.559892e+02   7.362978e-04   5.411373e+02
4.800000e+00   -8.175316e+00   0.000000e+00   0.000000e+00   2.552006e+02   7.286106e-04   5.338381e+02
4.900000e+00   -8.220410e+00   0.000000e+00   0.000000e+00   2.544267e+02   7.209415e-04   5.266173e+02
5.000000e+00   -8.292795e+00   0.000000e+00   0.000000e+00   2.536809e+02   7.132549e-04   5.194753e+02
5.100000e+00   -8.423942e+00   0.000000e+00   0.000000e+00   2.529766e+02   7.055157e-04   5.124121e+02
5.200000e+00   -8.547334e+00   0.000000e+00   0.000000e+00   2.523274e+02   6.976903e-04   5.054282e+02
5.300000e+00   -8.688838e+00   0.000000e+00   0.000000e+00   2.517463e+02   6.897477e-04   4.985237e+02
5.400000e+00   -8.883174e+00   0.000000e+00   0.000000e+00   2.512308e+02   6.817007e-04   4.916986e+02
5.500000e+00   -9.165466e+00   0.000000e+00   0.000000e+00   2.507588e+02   6.736135e-04   4.849527e+02
5.600000e+00   -9.637849e+00   0.000000e+00   0.000000e+00   2.503070e+02   6.655518e-04   4.782855e+02
5.700000e+00   -1.048127e+01   0.000000e+00   0.000000e+00   2.498521e+02   6.575784e-04   4.716968e+02
5.800000e+00   -1.153617e+01   0.000000e+00   0.000000e+00   2.493707e+02   6.497538e-04   4.651860e+02
5.900000e+00   -1.261313e+01   0.000000e+00   0.000000e+00   2.488438e+02   6.421249e-04   4.587529e+02
6.000000e+00   -1.351013e+01   0.000000e+00   0.000000e+00   2.482739e+02   6.346812e-04   4.523963e+02
6.100000e+00   -1.409772e+01   0.000000e+00   0.000000e+00   2.476704e+02   6.273944e-04   4.461153e+02
6.200000e+00   -1.458106e+01   0.000000e+00   0.000000e+00   2.470429e+02   6.202371e-04   4.399087e+02
6.300000e+00   -1.500722e+01   0.000000e+00   0.000000e+00   2.464009e+02   6.131830e-04   4.337753e+02
6.400000e+00   -1.539515e+01   0.000000e+00   0.000000e+00   2.457539e+02   6.062067e-04   4.277141e+02
6.500000e+00   -1.576598e+01   0.000000e+00   0.000000e+00   2.451100e+02   5.992872e-04   4.217241e+02
6.600000e+00   -1.613101e+01   0.000000e+00   0.000000e+00   2.444718e+02   5.924190e-04   4.158053e+02
6.700000e+00   -1.644024e+01   0.000000e+00   0.000000e+00   2.438404e+02   5.856002e-04   4.099579e+02
6.800000e+00   -1.671766e+01   0.000000e+00   0.000000e+00   2.432173e+02   5.788287e-04   4.041819e+02
6.900000e+00   -1.699778e+01   0.000000e+00   0.000000e+00   2.426036e+02   5.721029e-04   3.984775e+02
7.000000e+00   -1.731511e+01   0.000000e+00   0.000000e+00   2.420008e+02   5.654212e-04   3.928449e+02
7.100000e+00   -1.769877e+01   0.000000e+00   0.000000e+00   2.414098e+02   5.587822e-04   3.872842e+02
7.200000e+00   -1.813067e+01   0.000000e+00   0.000000e+00   2.408300e+02   5.521885e-04   3.817951e+02
7.300000e+00   -1.858134e+01   0.000000e+00   0.000000e+00   2.402597e+02   5.456448e-04   3.763772e+02
7.400000e+00   -1.902320e+01   0.000000e+00   0.000000e+00   2.396970e+02   5.391556e-04   3.710301e+02
7.500000e+00   -1.942864e+01   0.000000e+00   0.000000e+00   2.391401e+02   5.327255e-04   3.657532e+02
7.600000e+00   -1.978042e+01   0.000000e+00   0.000000e+00   2.385871e+02   5.263585e-04   3.605463e+02
7.700000e+00   -2.011523e+01   0.000000e+00   0.000000e+00   2.380363e+02   5.200589e-04   3.554088e+02
7.800000e+00   -2.042193e+01   0.000000e+00   0.000000e+00   2.374862e+02   5.138298e-04   3.503402e+02
7.900000e+00   -2.068166e+01   0.000000e+00   0.000000e+00   2.369372e+02   5.076697e-04   3.453400e+02
8.000000e+00   -2.087677e+01   0.000000e+00   0.000000e+00   2.363913e+02   5.015743e-04   3.404074e+02
8.100000e+00   -2.094316e+01   0.000000e+00   0.000000e+00   2.358501e+02   4.955395e-04   3.355419e+02
8.200000e+00   -2.062764e+01   0.000000e+00   0.000000e+00   2.353154e+02   4.895616e-04   3.307425e+02
8.300000e+00   -2.007534e+01   0.000000e+00   0.000000e+00   2.347890e+02   4.836368e-04   3.260088e+02
8.400000e+00   -1.950318e+01   0.000000e+00   0.000000e+00   2.342725e+02   4.777613e-04   3.213399e+02
8.500000e+00   -1.912813e+01   0.000000e+00   0.000000e+00   2.337678e+02   4.719318e-04   3.167352e+02
8.600000e+00   -1.918660e+01   0.000000e+00   0.000000e+00   2.332767e+02   4.661448e-04   3.121940e+02
8.700000e+00   -1.986450e+01   0.000000e+00   0.000000e+00   2.328007e+02   4.603974e-04   3.077156e+02
8.800000e+00   -2.089513e+01   0.000000e+00   0.000000e+00   2.323408e+02   4.546879e-04   3.032993e+02
8.900000e+00   -2.194749e+01   0.000000e+00   0.000000e+00   2.318979e+02   4.490153e-04   2.989443e+02
9.000000e+00   -2.269061e+01   0.000000e+00   0.000000e+00   2.314726e+02   4.433785e-04   2.946501e+02
9.100000e+00   -2.281671e+01   0.000000e+00   0.000000e+00   2.310657e+02   4.377767e-04   2.904159e+02
9.200000e+00   -2.239510e+01   0.000000e+00   0.000000e+00   2.306779e+02   4.322088e-04   2.862411e+02
9.300000e+00   -2.168134e+01   0.000000e+00   0.000000e+00   2.303099e+02   4.266742e-04   2.821249e+02
9.400000e+00   -2.091290e+01   0.000000e+00   0.000000e+00   2.299625e+02   4.211719e-04   2.780666e+02
9.500000e+00   -2.032725e+01   0.000000e+00   0.000000e+00   2.296364e+02   4.157013e-04   2.740656e+02
9.600000e+00   -2.013593e+01   0.000000e+00   0.000000e+00   2.293323e+02   4.102616e-04   2.701211e+02
9.700000e+00   -2.018584e+01   0.000000e+00   0.000000e+00   2.290511e+02   4.048522e-04   2.662325e+02
9.800000e+00   -2.031474e+01   0.000000e+00   0.000000e+00   2.287930e+02   3.994728e-04   2.623991e+02
9.900000e+00   -2.042215e+01   0.000000e+00   0.000000e+00   2.285571e+02   3.941262e-04   2.586201e+02
1.000000e+01   -2.041024e+01   0.000000e+00   0.000000e+00   2.283416e+02   3.888155e-04   2.548948e+02
1.010000e+01   -2.015976e+01   0.000000e+00   0.000000e+00   2.281449e+02   3.835441e-04   2.512224e+02
1.020000e+01   -1.940670e+01   0.000000e+00   0.000000e+00   2.279653e+02   3.783148e-04   2.476021e+02
1.030000e+01   -1.831986e+01   0.000000e+00   0.000000e+00   2.278011e+02   3.731305e-04   2.440333e+02
1.040000e+01   -1.718202e+01   0.000000e+00   0.000000e+00   2.276507e+02   3.679940e-04   2.405150e+02
1.050000e+01   -1.627601e+01   0.000000e+00   0.000000e+00   2.275124e+02   3.629078e-04   2.370466e+02
1.060000e+01   -1.590927e+01   0.000000e+00   0.000000e+00   2.273845e+02   3.578742e-04   2.336273e+02
1.070000e+01   -1.652822e+01   0.000000e+00   0.000000e+00   2.272653e+02   3.528954e-04   2.302563e+02
1.080000e+01   -1.781485e+01   0.000000e+00   0.000000e+00   2.271533e+02   3.479736e-04   2.269330e+02
1.090000e+01   -1.925042e+01   0.000000e+00   0.000000e+00   2.270466e+02   3.431104e-04   2.236564e+02
1.100000e+01   -2.030781e+01   0.000000e+00   0.000000e+00   2.269440e+02   3.383075e-04   2.204260e+02
1.110000e+01   -2.046647e+01   0.000000e+00   0.000000e+00   2.268442e+02   3.335660e-04   2.172410e+02
1.120000e+01   -1.965775e+01   0.000000e+00   0.000000e+00   2.267459e+02   3.288868e-04   2.141008e+02
1.130000e+01   -1.831049e+01   0.000000e+00   0.000000e+00   2.266479e+02   3.242711e-04   2.110048e+02
1.140000e+01   -1.686159e+01   0.000000e+00   0.000000e+00   2.265488e+02   3.197196e-04   2.079521e+02
1.150000e+01   -1.574799e+01   0.000000e+00   0.000000e+00   2.264475e+02   3.152330e-04   2.049423e+02
1.160000e+01   -1.538290e+01   0.000000e+00   0.000000e+00   2.263425e+02   3.108121e-04   2.019745e+02
1.170000e+01   -1.547292e+01   0.000000e+00   0.000000e+00   2.262328e+02   3.064575e-04   1.990481e+02
1.180000e+01   -1.570231e+01   0.000000e+00   0.000000e+00   2.261169e+02   3.021695e-04   1.961625e+02
1.190000e+01   -1.595702e+01   0.000000e+00   0.000000e+00   2.259937e+02   2.979486e-04   1.933170e+02
1.200000e+01   -1.612348e+01   0.000000e+00   0.000000e+00   2.258620e+02   2.937949e-04   1.905109e+02
1.210000e+01   -1.609784e+01   0.000000e+00   0.000000e+00   2.257221e+02   2.897069e-04   1.877437e+02
1.220000e+01   -1.596782e+01   0.000000e+00   0.000000e+00   2.255751e+02   2.856819e-04   1.850147e+02
1.230000e+01   -1.580266e+01   0.000000e+00   0.000000e+00   2.254221e+02   2.817174e-04   1.823234e+02
1.240000e+01   -1.560100e+01   0.000000e+00   0.000000e+00   2.252642e+02   2.778111e-04   1.796694e+02
1.250000e+01   -1.536144e+01   0.000000e+00   0.000000e+00   2.251025e+02   2.739606e-04   1.770520e+02
1.260000e+01   -1.508118e+01   0.000000e+00   0.000000e+00   2.249382e+02   2.701637e-04   1.744707e+02
1.270000e+01   -1.470597e+01   0.000000e+00   0.000000e+00   2.247723e+02   2.664182e-04   1.719250e+02
1.280000e+01   -1.424705e+01   0.000000e+00   0.000000e+00   2.246060e+02   2.627220e-04   1.694143e+02
1.290000e+01   -1.375736e+01   0.000000e+00   0.000000e+00   2.244404e+02   2.590730e-04   1.669381e+02
1.300000e+01   -1.328985e+01   0.000000e+00   0.000000e+00   2.242765e+02   2.554694e-04   1.644959e+02
1.310000e+01   -1.289716e+01   0.000000e+00   0.000000e+00   2.241157e+02   2.519090e-04   1.620870e+02
1.320000e+01   -1.259300e+01   0.000000e+00   0.000000e+00   2.239599e+02   2.483891e-04   1.597111e+02
1.330000e+01   -1.233853e+01   0.000000e+00   0.000000e+00   2.238120e+02   2.449064e-04   1.573678e+02
1.340000e+01   -1.209557e+01   0.000000e+00   0.000000e+00   2.236746e+02   2.414576e-04   1.550565e+02
1.350000e+01   -1.182593e+01   0.000000e+00   0.000000e+00   2.235504e+02   2.380399e-04   1.527769e+02
1.360000e+01   -1.148966e+01   0.000000e+00   0.000000e+00   2.234423e+02   2.346503e-04   1.505285e+02
1.370000e+01   -1.088423e+01   0.000000e+00   0.000000e+00   2.233528e+02   2.312861e-04   1.483110e+02
1.380000e+01   -1.002146e+01   0.000000e+00   0.000000e+00   2.232849e+02   2.279448e-04   1.461239e+02
1.390000e+01   -9.087225e+00   0.000000e+00   0.000000e+00   2.232411e+02   2.246239e-04   1.439669e+02
1.400000e+01   -8.267395e+00   0.000000e+00   0.000000e+00   2.232242e+02   2.213212e-04   1.418394e+02
1.410000e+01   -7.750089e+00   0.000000e+00   0.000000e+00   2.232370e+02   2.180346e-04   1.397410e+02
1.420000e+01   -8.141547e+00   0.000000e+00   0.000000e+00   2.232816e+02   2.147625e-04   1.376715e+02
1.430000e+01   -9.404507e+00   0.000000e+00   0.000000e+00   2.233545e+02   2.115094e-04   1.356303e+02
1.440000e+01   -1.094974e+01   0.000000e+00   0.000000e+00   2.234485e+02   2.082825e-04   1.336172e+02
1.450000e+01   -1.218804e+01   0.000000e+00   0.000000e+00   2.235567e+02   2.050886e-04   1.316320e+02
1.460000e+01   -1.253014e+01   0.000000e+00   0.000000e+00   2.236719e+02   2.019344e-04   1.296744e+02
1.470000e+01   -1.157464e+01   0.000000e+00   0.000000e+00   2.237872e+02   1.988258e-04   1.277439e+02
1.480000e+01   -9.729592e+00   0.000000e+00   0.000000e+00   2.238954e+02   1.957685e-04   1.258405e+02
1.490000e+01   -7.615600e+00   0.000000e+00   0.000000e+00   2.239895e+02   1.927678e-04   1.239637e+02
1.500000e+01   -5.853270e+00   0.000000e+00   0.000000e+00   2.240624e+02   1.898285e-04   1.221132e+02
1.510000e+01   -5.063209e+00   0.000000e+00   0.000000e+00   2.241072e+02   1.869552e-04   1.202889e+02
1.520000e+01   -5.072920e+00   0.000000e+00   0.000000e+00   2.241166e+02   1.841521e-04   1.184904e+02
1.530000e+01   -5.264014e+00   0.000000e+00   0.000000e+00   2.240850e+02   1.814221e-04   1.167173e+02
1.540000e+01   -5.583180e+00   0.000000e+00   0.000000e+00   2.240148e+02   1.787614e-04   1.149696e+02
1.550000e+01   -5.975048e+00   0.000000e+00   0.000000e+00   2.239113e+02   1.761643e-04   1.132469e+02
1.560000e+01   -6.384246e+00   0.000000e+00   0.000000e+00   2.237800e+02   1.736250e-04   1.115490e+02
1.570000e+01   -6.888412e+00   0.000000e+00   0.000000e+00   2.236261e+02   1.711382e-04   1.098758e+02
1.580000e+01   -7.534458e+00   0.000000e+00   0.000000e+00   2.234552e+02   1.686990e-04   1.082269e+02
1.590000e+01   -8.190809e+00   0.000000e+00   0.000000e+00   2.232725e+02   1.663025e-04   1.066023e+02
1.600000e+01   -8.725716e+00   0.000000e+00   0.000000e+00   2.230835e+02   1.639442e-04   1.050016e+02
1.610000e+01   -9.007432e+00   0.000000e+00   0.000000e+00   2.228936e+02   1.616197e-04   1.034247e+02
1.620000e+01   -8.906560e+00   0.000000e+00   0.000000e+00   2.227080e+02   1.593248e-04   1.018713e+02
1.630000e+01   -8.488156e+00   0.000000e+00   0.000000e+00   2.225323e+02   1.570557e-04   1.003412e+02
1.640000e+01   -7.932754e+00   0.000000e+00   0.000000e+00   2.223706e+02   1.548093e-04   9.883413e+01
1.650000e+01   -7.425298e+00   0.000000e+00   0.000000e+00   2.222236e+02   1.525853e-04   9.734984e+01
1.660000e+01   -7.151468e+00   0.000000e+00   0.000000e+00   2.220914e+02   1.503834e-04   9.588795e+01
1.670000e+01   -7.092654e+00   0.000000e+00   0.000000e+00   2.219742e+02   1.482035e-04   9.444812e+01
1.680000e+01   -7.025970e+00   0.000000e+00   0.000000e+00   2.218719e+02   1.460455e-04   9.302999e+01
1.690000e+01   -6.950475e+00   0.000000e+00   0.000000e+00   2.217849e+02   1.439093e-04   9.163325e+01
1.700000e+01   -6.867446e+00   0.000000e+00   0.000000e+00   2.217131e+02   1.417946e-04   9.025753e+01
1.710000e+01   -6.778158e+00   0.000000e+00   0.000000e+00   2.216566e+02   1.397014e-04   8.890250e+01
1.720000e+01   -6.761749e+00   0.000000e+00   0.000000e+00   2.216157e+02   1.376295e-04   8.756782e+01
1.730000e+01   -6.889872e+00   0.000000e+00   0.000000e+00   2.215903e+02   1.355788e-04   8.625315e+01
1.740000e+01   -7.067363e+00   0.000000e+00   0.000000e+00   2.215807e+02   1.335490e-04   8.495814e+01
1.750000e+01   -7.197150e+00   0.000000e+00   0.000000e+00   2.215866e+02   1.315403e-04   8.368249e+01
1.760000e+01   -7.182480e+00   0.000000e+00   0.000000e+00   2.216075e+02   1.295528e-04   8.242590e+01
1.770000e+01   -6.853438e+00   0.000000e+00   0.000000e+00   2.216428e+02   1.275870e-04   8.118810e+01
1.780000e+01   -6.154717e+00   0.000000e+00   0.000000e+00   2.216920e+02   1.256430e-04   7.996881e+01
1.790000e+01   -5.299545e+00   0.000000e+00   0.000000e+00   2.217544e+02   1.237211e-04   7.876775e+01
1.800000e+01   -4.505532e+00   0.000000e+00   0.000000e+00   2.218297e+02   1.218215e-04   7.758464e+01
1.810000e+01   -3.990287e+00   0.000000e+00   0.000000e+00   2.219170e+02   1.199443e-04   7.641921e+01
1.820000e+01   -4.305386e+00   0.000000e+00   0.000000e+00   2.220160e+02   1.180897e-04   7.527117e+01
1.830000e+01   -5.845365e+00   0.000000e+00   0.000000e+00   2.221260e+02   1.162578e-04   7.414024e+01
1.840000e+01   -7.907104e+00   0.000000e+00   0.000000e+00   2.222465e+02   1.144488e-04   7.302616e+01
1.850000e+01   -9.760291e+00   0.000000e+00   0.000000e+00   2.223768e+02   1.126626e-04   7.192863e+01
1.860000e+01   -1.067462e+01   0.000000e+00   0.000000e+00   2.225153e+02   1.109001e-04   7.084742e+01
1.870000e+01   -1.028599e+01   0.000000e+00   0.000000e+00   2.226597e+02   1.091620e-04   6.978233e+01
1.880000e+01   -9.243215e+00   0.000000e+00   0.000000e+00   2.228073e+02   1.074495e-04   6.873313e+01
1.890000e+01   -7.865549e+00   0.000000e+00   0.000000e+00   2.229558e+02   1.057633e-04   6.769962e+01
1.900000e+01   -6.447631e+00   0.000000e+00   0.000000e+00   2.231026e+02   1.041044e-04   6.668160e+01
1.910000e+01   -5.284098e+00   0.000000e+00   0.000000e+00   2.232455e+02   1.024732e-04   6.567884e+01
1.920000e+01   -4.473934e+00   0.000000e+00   0.000000e+00   2.233817e+02   1.008707e-04   6.469115e+01
1.930000e+01   -3.692757e+00   0.000000e+00   0.000000e+00   2.235090e+02   9.929716e-05   6.371831e+01
1.940000e+01   -2.986522e+00   0.000000e+00   0.000000e+00   2.236248e+02   9.775327e-05   6.276011e+01
1.950000e+01   -2.424378e+00   0.000000e+00   0.000000e+00   2.237267e+02   9.623944e-05   6.181634e+01
1.960000e+01   -2.075396e+00   0.000000e+00   0.000000e+00   2.238124e+02   9.475598e-05   6.088680e+01
1.970000e+01   -2.110401e+00   0.000000e+00   0.000000e+00   2.238819e+02   9.330222e-05   5.997128e+01
1.980000e+01   -2.708995e+00   0.000000e+00   0.000000e+00   2.239367e+02   9.187689e-05   5.906958e+01
1.990000e+01   -3.577967e+00   0.000000e+00   0.000000e+00   2.239782e+02   9.047877e-05   5.818149e+01
2.000000e+01   -4.399457e+00   0.000000e+00   0.000000e+00   2.240081e+02   8.910669e-05   5.730683e+01
2.010000e+01   -4.855604e+00   0.000000e+00   0.000000e+00   2.240278e+02   8.775952e-05   5.644538e+01
2.020000e+01   -4.751041e+00   0.000000e+00   0.000000e+00   2.240388e+02   8.643616e-05   5.559695e+01
2.030000e+01   -4.364783e+00   0.000000e+00   0.000000e+00   2.240426e+02   8.513558e-05   5.476134e+01
2.040000e+01   -3.830964e+00   0.000000e+00   0.000000e+00   2.240408e+02   8.385677e-05   5.393835e+01
2.050000e+01   -3.261050e+00   0.000000e+00   0.000000e+00   2.240349e+02   8.259876e-05   5.312777e+01
2.060000e+01   -2.766503e+00   0.000000e+00   0.000000e+00   2.240264e+02   8.136063e-05   5.232941e+01
2.070000e+01   -2.400145e+00   0.000000e+00   0.000000e+00   2.240167e+02   8.014150e-05   5.154306e+01
2.080000e+01   -2.030424e+00   0.000000e+00   0.000000e+00   2.240069e+02   7.894072e-05   5.076855e+01
2.090000e+01   -1.685557e+00   0.000000e+00   0.000000e+00   2.239975e+02   7.775782e-05   5.000570e+01
2.100000e+01   -1.411960e+00   0.000000e+00   0.000000e+00   2.239891e+02   7.659235e-05   4.925436e+01
2.110000e+01   -1.256048e+00   0.000000e+00   0.000000e+00   2.239825e+02   7.544386e-05   4.851436e+01
2.120000e+01   -1.330422e+00   0.000000e+00   0.000000e+00   2.239780e+02   7.431193e-05   4.778552e+01
2.130000e+01   -1.830852e+00   0.000000e+00   0.000000e+00   2.239764e+02   7.319614e-05   4.706769e+01
2.140000e+01   -2.553163e+00   0.000000e+00   0.000000e+00   2.239783e+02   7.209607e-05   4.636069e+01
2.150000e+01   -3.256092e+00   0.000000e+00   0.000000e+00   2.239842e+02   7.101134e-05   4.566436e+01
2.160000e+01   -3.698378e+00   0.000000e+00   0.000000e+00   2.239947e+02   6.994155e-05   4.497853e+01
2.170000e+01   -3.672366e+00   0.000000e+00   0.000000e+00   2.240104e+02   6.888632e-05   4.430304e+01
2.180000e+01   -3.268752e+00   0.000000e+00   0.000000e+00   2.240320e+02   6.784530e-05   4.363772e+01
2.190000e+01   -2.682554e+00   0.000000e+00   0.000000e+00   2.240596e+02   6.681823e-05   4.298242e+01
2.200000e+01   -2.102712e+00   0.000000e+00   0.000000e+00   2.240930e+02   6.580506e-05   4.233699e+01
2.210000e+01   -1.718174e+00   0.000000e+00   0.000000e+00   2.241320e+02   6.480569e-05   4.170129e+01
2.220000e+01   -1.694905e+00   0.000000e+00   0.000000e+00   2.241764e+02   6.382005e-05   4.107518e+01
2.230000e+01   -1.968063e+00   -0.000000e+00   -0.000000e+00   2.242259e+02   6.284806e-05   4.045852e+01
2.240000e+01   -2.382496e+00   -0.000000e+00   -0.000000e+00   2.242803e+02   6.188961e-05   3.985118e+01
2.250000e+01   -2.788350e+00   -0.000000e+00   -0.000000e+00   2.243393e+02   6.094460e-05   3.925301e+01
2.260000e+01   -3.035773e+00   -0.000000e+00   -0.000000e+00   2.244027e+02   6.001294e-05   3.866387e+01
2.270000e+01   -2.843821e+00   -0.000000e+00   -0.000000e+00   2.244702e+02   5.909451e-05   3.808361e+01
2.280000e+01   -1.563337e+00   -0.000000e+00   -0.000000e+00   2.245416e+02   5.818919e-05   3.751211e+01
2.290000e+01   3.525845e-01   -0.000000e+00   -0.000000e+00   2.246167e+02   5.729687e-05   3.694922e+01
2.300000e+01   2.287140e+00   -0.000000e+00   -0.000000e+00   2.246950e+02   5.641745e-05   3.639480e+01
2.310000e+01   3.621291e+00   -0.000000e+00   -0.000000e+00   2.247759e+02   5.555098e-05   3.584873e+01
2.320000e+01   3.833596e+00   -0.000000e+00   -0.000000e+00   2.248583e+02   5.469751e-05   3.531091e+01
2.330000e+01   3.277570e+00   -0.000000e+00   -0.000000e+00   2.249415e+02   5.385708e-05   3.478121e+01
2.340000e+01   2.255480e+00   -0.000000e+00   -0.000000e+00   2.250244e+02   5.302972e-05   3.425952e+01
2.350000e+01   9.810393e-01   -0.000000e+00   -0.000000e+00   2.251063e+02   5.221542e-05   3.374573e+01
2.360000e+01   -3.320366e-01   -0.000000e+00   -0.000000e+00   2.251863e+02   5.141421e-05   3.323973e+01
2.370000e+01   -1.561421e+00   -0.000000e+00   -0.000000e+00   2.252634e+02   5.062606e-05   3.274139e+01
2.380000e+01   -3.167648e+00   -0.000000e+00   -0.000000e+00   2.253368e+02   4.985094e-05   3.225060e+01
2.390000e+01   -4.951088e+00   -0.000000e+00   -0.000000e+00   2.254056e+02   4.908882e-05   3.176725e+01
2.400000e+01   -6.547793e+00   -0.000000e+00   -0.000000e+00   2.254689e+02   4.833966e-05   3.129123e+01
2.410000e+01   -7.593621e+00   -0.000000e+00   -0.000000e+00   2.255259e+02   4.760340e-05   3.082242e+01
2.420000e+01   -7.737841e+00   -0.000000e+00   -0.000000e+00   2.255766e+02   4.687977e-05   3.036071e+01
2.430000e+01   -6.985355e+00   -0.000000e+00   -0.000000e+00   2.256219e+02   4.616840e-05   2.990601e+01
2.440000e+01   -5.637981e+00   -0.000000e+00   -0.000000e+00   2.256626e+02   4.546891e-05   2.945821e+01
2.450000e+01   -4.000430e+00   -0.000000e+00   -0.000000e+00   2.256994e+02   4.478094e-05   2.901723e+01
2.460000e+01   -2.377415e+00   -0.000000e+00   -0.000000e+00   2.257334e+02   4.410412e-05   2.858297e+01
2.470000e+01   -1.002578e+00   -0.000000e+00   -0.000000e+00   2.257652e+02   4.343813e-05   2.815532e+01
2.480000e+01   5.889405e-01   -0.000000e+00   -0.000000e+00   2.257958e+02   4.278263e-05   2.773420e+01
2.490000e+01   2.290832e+00   -0.000000e+00   -0.000000e+00   2.258259e+02   4.213729e-05   2.731950e+01
2.500000e+01   3.783778e+00   -0.000000e+00   -0.000000e+00   2.258564e+02   4.150181e-05   2.691112e+01
2.510000e+01   4.748462e+00   -0.000000e+00   -0.000000e+00   2.258881e+02   4.087589e-05   2.650898e+01
2.520000e+01   4.802572e+00   -0.000000e+00   -0.000000e+00   2.259220e+02   4.025923e-05   2.611297e+01
2.530000e+01   3.179734e+00   -0.000000e+00   -0.000000e+00   2.259586e+02   3.965156e-05   2.572299e+01
2.540000e+01   4.683854e-01   -0.000000e+00   -0.000000e+00   2.259985e+02   3.905269e-05   2.533896e+01
2.550000e+01   -2.399382e+00   -0.000000e+00   -0.000000e+00   2.260419e+02   3.846247e-05   2.496080e+01
2.560000e+01   -4.491480e+00   -0.000000e+00   -0.000000e+00   2.260891e+02   3.788074e-05   2.458841e+01
2.570000e+01   -4.982888e+00   -0.000000e+00   -0.000000e+00   2.261404e+02   3.730736e-05   2.422172e+01
2.580000e+01   -4.898877e+00   -0.000000e+00   -0.000000e+00   2.261960e+02   3.674217e-05   2.386064e+01
2.590000e+01   -4.764289e+00   -0.000000e+00   -0.000000e+00   2.262561e+02   3.618504e-05   2.350508e+01
2.600000e+01   -4.598770e+00   -0.000000e+00   -0.000000e+00   2.263212e+02   3.563580e-05   2.315496e+01
2.610000e+01   -4.421965e+00   -0.000000e+00   -0.000000e+00   2.263913e+02   3.509433e-05   2.281020e+01
2.620000e+01   -4.253094e+00   -0.000000e+00   -0.000000e+00   2.264668e+02   3.456048e-05   2.247071e+01
2.630000e+01   -4.094902e+00   -0.000000e+00   -0.000000e+00   2.265480e+02   3.403411e-05   2.213640e+01
2.640000e+01   -3.934613e+00   -0.000000e+00   -0.000000e+00   2.266351e+02   3.351508e-05   2.180720e+01
2.650000e+01   -3.759579e+00   -0.000000e+00   -0.000000e+00   2.267283e+02   3.300327e-05   2.148301e+01
2.660000e+01   -3.555839e+00   -0.000000e+00   -0.000000e+00   2.268276e+02   3.249861e-05   2.116377e+01
2.670000e+01   -3.295713e+00   -0.000000e+00   -0.000000e+00   2.269328e+02   3.200104e-05   2.084941e+01
2.680000e+01   -2.700219e+00   -0.000000e+00   -0.000000e+00   2.270437e+02   3.151052e-05   2.053986e+01
2.690000e+01   -1.843930e+00   -0.000000e+00   -0.000000e+00   2.271602e+02   3.102700e-05   2.023506e+01
2.700000e+01   -9.692922e-01   -0.000000e+00   -0.000000e+00   2.272821e+02   3.055043e-05   1.993494e+01
2.710000e+01   -3.187533e-01   -0.000000e+00   -0.000000e+00   2.274092e+02   3.008073e-05   1.963942e+01
2.720000e+01   -1.214976e-01   -0.000000e+00   -0.000000e+00   2.275413e+02   2.961787e-05   1.934846e+01
2.730000e+01   -1.240147e-01   -0.000000e+00   -0.000000e+00   2.276783e+02   2.916177e-05   1.906197e+01
2.740000e+01   -1.394775e-01   -0.000000e+00   -0.000000e+00   2.278199e+02   2.871236e-05   1.877989e+01
2.750000e+01   -1.673250e-01   -0.000000e+00   -0.000000e+00   2.279661e+02   2.826960e-05   1.850215e+01
2.760000e+01   -2.069961e-01   -0.000000e+00   -0.000000e+00   2.281167e+02   2.783340e-05   1.822870e+01
2.770000e+01   -2.629154e-01   -0.000000e+00   -0.000000e+00   2.282714e+02   2.740369e-05   1.795945e+01
2.780000e+01   -5.298926e-01   -0.000000e+00   -0.000000e+00   2.284301e+02   2.698043e-05   1.769435e+01
2.790000e+01   -9.983767e-01   -0.000000e+00   -0.000000e+00   2.285925e+02   2.656354e-05   1.743333e+01
2.800000e+01   -1.516431e+00   -0.000000e+00   -0.000000e+00   2.287584e+02   2.615298e-05   1.717634e+01
2.810000e+01   -1.932119e+00   -0.000000e+00   -0.000000e+00   2.289276e+02   2.574868e-05   1.692332e+01
2.820000e+01   -2.096673e+00   -0.000000e+00   -0.000000e+00   2.290997e+02   2.535058e-05   1.667420e+01
2.830000e+01   -2.110961e+00   -0.000000e+00   -0.000000e+00   2.292747e+02   2.495862e-05   1.642892e+01
2.840000e+01   -2.093369e+00   -0.000000e+00   -0.000000e+00   2.294521e+02   2.457273e-05   1.618743e+01
2.850000e+01   -2.047947e+00   -0.000000e+00   -0.000000e+00   2.296318e+02   2.419284e-05   1.594966e+01
2.860000e+01   -1.978745e+00   -0.000000e+00   -0.000000e+00   2.298136e+02   2.381889e-05   1.571555e+01
2.870000e+01   -1.886737e+00   -0.000000e+00   -0.000000e+00   2.299972e+02   2.345080e-05   1.548504e+01
2.880000e+01   -1.465983e+00   -0.000000e+00   -0.000000e+00   2.301823e+02   2.308849e-05   1.525808e+01
2.890000e+01   -6.979420e-01   -0.000000e+00   -0.000000e+00   2.303688e+02   2.273190e-05   1.503460e+01
2.900000e+01   1.516422e-01   -0.000000e+00   -0.000000e+00   2.305565e+02   2.238095e-05   1.481454e+01
2.910000e+01   8.172868e-01   -0.000000e+00   -0.000000e+00   2.307454e+02   2.203552e-05   1.459785e+01
2.920000e+01   1.034491e+00   -0.000000e+00   -0.000000e+00   2.309359e+02   2.169553e-05   1.438448e+01
2.930000e+01   8.375415e-01   -0.000000e+00   -0.000000e+00   2.311281e+02   2.136088e-05   1.417439e+01
2.940000e+01   4.353368e-01   -0.000000e+00   -0.000000e+00   2.313223e+02   2.103145e-05   1.396751e+01
2.950000e+01   -9.551089e-02   -0.000000e+00   -0.000000e+00   2.315185e+02   2.070717e-05   1.376381e+01
2.960000e+01   -6.783890e-01   -0.000000e+00   -0.000000e+00   2.317171e+02   2.038792e-05   1.356323e+01
2.970000e+01   -1.236842e+00   -0.000000e+00   -0.000000e+00   2.319182e+02   2.007361e-05   1.336573e+01
2.980000e+01   -1.843816e+00   -0.000000e+00   -0.000000e+00   2.321220e+02   1.976416e-05   1.317125e+01
2.990000e+01   -2.549497e+00   -0.000000e+00   -0.000000e+00   2.323287e+02   1.945946e-05   1.297974e+01
3.000000e+01   -3.270737e+00   -0.000000e+00   -0.000000e+00   2.325385e+02   1.915943e-05   1.279116e+01
3.010000e+01   -3.924390e+00   -0.000000e+00   -0.000000e+00   2.327517e+02   1.886397e-05   1.260545e+01
3.020000e+01   -4.427313e+00   -0.000000e+00   -0.000000e+00   2.329684e+02   1.857300e-05   1.242257e+01
3.030000e+01   -4.832691e+00   -0.000000e+00   -0.000000e+00   2.331886e+02   1.828644e-05   1.224246e+01
3.040000e+01   -5.219819e+00   -0.000000e+00   -0.000000e+00   2.334118e+02   1.800428e-05   1.206510e+01
3.050000e+01   -5.544796e+00   -0.000000e+00   -0.000000e+00   2.336373e+02   1.772651e-05   1.189044e+01
3.060000e+01   -5.763722e+00   -0.000000e+00   -0.000000e+00   2.338647e+02   1.745311e-05   1.171844e+01
3.070000e+01   -5.832699e+00   -0.000000e+00   -0.000000e+00   2.340933e+02   1.718407e-05   1.154908e+01
3.080000e+01   -5.648776e+00   -0.000000e+00   -0.000000e+00   2.343225e+02   1.691936e-05   1.138230e+01
3.090000e+01   -5.202677e+00   -0.000000e+00   -0.000000e+00   2.345518e+02   1.665895e-05   1.121809e+01
3.100000e+01   -4.608461e+00   -0.000000e+00   -0.000000e+00   2.347805e+02   1.640283e-05   1.105639e+01
3.110000e+01   -3.980286e+00   -0.000000e+00   -0.000000e+00   2.350081e+02   1.615096e-05   1.089717e+01
3.120000e+01   -3.432311e+00   -0.000000e+00   -0.000000e+00   2.352341e+02   1.590331e-05   1.074039e+01
3.130000e+01   -2.927647e+00   -0.000000e+00   -0.000000e+00   2.354577e+02   1.565986e-05   1.058603e+01
3.140000e+01   -2.369599e+00   -0.000000e+00   -0.000000e+00   2.356785e+02   1.542055e-05   1.043403e+01
3.150000e+01   -1.846089e+00   -0.000000e+00   -0.000000e+00   2.358958e+02   1.518536e-05   1.028437e+01
3.160000e+01   -1.445652e+00   -0.000000e+00   -0.000000e+00   2.361093e+02   1.495423e-05   1.013700e+01
3.170000e+01   -1.256294e+00   -0.000000e+00   -0.000000e+00   2.363196e+02   1.472705e-05   9.991893e+00
3.180000e+01   -1.621660e+00   -0.000000e+00   -0.000000e+00   2.365277e+02   1.450369e-05   9.849017e+00
3.190000e+01   -2.688095e+00   -0.000000e+00   -0.000000e+00   2.367343e+02   1.428405e-05   9.708337e+00
3.200000e+01   -4.025388e+00   -0.000000e+00   -0.000000e+00   2.369403e+02   1.406800e-05   9.569820e+00
3.210000e+01   -5.199301e+00   -0.000000e+00   -0.000000e+00   2.371466e+02   1.385544e-05   9.433432e+00
3.220000e+01   -5.775595e+00   -0.000000e+00   -0.000000e+00   2.373541e+02   1.364626e-05   9.299140e+00
3.230000e+01   -5.159971e+00   -0.000000e+00   -0.000000e+00   2.375637e+02   1.344035e-05   9.166911e+00
3.240000e+01   -3.336752e+00   -0.000000e+00   -0.000000e+00   2.377761e+02   1.323762e-05   9.036712e+00
3.250000e+01   -1.036930e+00   -0.000000e+00   -0.000000e+00   2.379923e+02   1.303796e-05   8.908509e+00
3.260000e+01   1.001244e+00   -0.000000e+00   -0.000000e+00   2.382132e+02   1.284129e-05   8.782269e+00
3.270000e+01   2.039517e+00   -0.000000e+00   -0.000000e+00   2.384396e+02   1.264750e-05   8.657959e+00
3.280000e+01   2.023904e+00   -0.000000e+00   -0.000000e+00   2.386723e+02   1.245652e-05   8.535545e+00
3.290000e+01   1.911822e+00   -0.000000e+00   -0.000000e+00   2.389123e+02   1.226826e-05   8.414994e+00
3.300000e+01   1.768439e+00   -0.000000e+00   -0.000000e+00   2.391598e+02   1.208266e-05   8.296276e+00
3.310000e+01   1.635540e+00   -0.000000e+00   -0.000000e+00   2.394145e+02   1.189972e-05   8.179363e+00
3.320000e+01   1.554942e+00   -0.000000e+00   -0.000000e+00   2.396758e+02   1.171943e-05   8.064229e+00
3.330000e+01   1.803785e+00   -0.000000e+00   -0.000000e+00   2.399432e+02   1.154178e-05   7.950848e+00
3.340000e+01   2.682999e+00   -0.000000e+00   -0.000000e+00   2.402162e+02   1.136676e-05   7.839193e+00
3.350000e+01   3.832925e+00   -0.000000e+00   -0.000000e+00   2.404943e+02   1.119437e-05   7.729238e+00
3.360000e+01   4.876401e+00   -0.000000e+00   -0.000000e+00   2.407770e+02   1.102458e-05   7.620956e+00
3.370000e+01   5.436265e+00   -0.000000e+00   -0.000000e+00   2.410637e+02   1.085739e-05   7.514320e+00
3.380000e+01   5.181114e+00   -0.000000e+00   -0.000000e+00   2.413541e+02   1.069278e-05   7.409305e+00
3.390000e+01   4.173875e+00   -0.000000e+00   -0.000000e+00   2.416475e+02   1.053072e-05   7.305883e+00
3.400000e+01   2.678625e+00   -0.000000e+00   -0.000000e+00   2.419435e+02   1.037120e-05   7.204029e+00
3.410000e+01   9.610376e-01   -0.000000e+00   -0.000000e+00   2.422416e+02   1.021420e-05   7.103715e+00
3.420000e+01   -7.132163e-01   -0.000000e+00   -0.000000e+00   2.425412e+02   1.005970e-05   7.004915e+00
3.430000e+01   -2.397972e+00   -0.000000e+00   -0.000000e+00   2.428418e+02   9.907669e-06   6.907602e+00
3.440000e+01   -4.557582e+00   -0.000000e+00   -0.000000e+00   2.431432e+02   9.758081e-06   6.811753e+00
3.450000e+01   -6.778730e+00   -0.000000e+00   -0.000000e+00   2.434453e+02   9.610895e-06   6.717344e+00
3.460000e+01   -8.603691e+00   -0.000000e+00   -0.000000e+00   2.437484e+02   9.466066e-06   6.624355e+00
3.470000e+01   -9.574739e+00   -0.000000e+00   -0.000000e+00   2.440526e+02   9.323551e-06   6.532766e+00
3.480000e+01   -9.418766e+00   -0.000000e+00   -0.000000e+00   2.443581e+02   9.183307e-06   6.442556e+00
3.490000e+01   -8.559593e+00   -0.000000e+00   -0.000000e+00   2.446651e+02   9.045293e-06   6.353705e+00
3.500000e+01   -7.282045e+00   -0.000000e+00   -0.000000e+00   2.449737e+02   8.909467e-06   6.266190e+00
3.510000e+01   -5.847829e+00   -0.000000e+00   -0.000000e+00   2.452842e+02   8.775787e-06   6.179992e+00
3.520000e+01   -4.518653e+00   -0.000000e+00   -0.000000e+00   2.455966e+02   8.644213e-06   6.095091e+00
3.530000e+01   -3.373615e+00   -0.000000e+00   -0.000000e+00   2.459112e+02   8.514705e-06   6.011464e+00
3.540000e+01   -2.063081e+00   -0.000000e+00   -0.000000e+00   2.462281e+02   8.387223e-06   5.929092e+00
3.550000e+01   -7.652379e-01   -0.000000e+00   -0.000000e+00   2.465476e+02   8.261728e-06   5.847954e+00
3.560000e+01   2.967909e-01   -0.000000e+00   -0.000000e+00   2.468697e+02   8.138182e-06   5.768029e+00
3.570000e+01   8.998816e-01   -0.000000e+00   -0.000000e+00   2.471946e+02   8.016545e-06   5.689297e+00
3.580000e+01   9.104068e-01   -0.000000e+00   -0.000000e+00   2.475226e+02   7.896780e-06   5.611736e+00
3.590000e+01   5.750502e-01   -0.000000e+00   -0.000000e+00   2.478536e+02   7.778855e-06   5.535328e+00
3.600000e+01   1.524998e-02   -0.000000e+00   -0.000000e+00   2.481875e+02   7.662751e-06   5.460054e+00
3.610000e+01   -6.703380e-01   -0.000000e+00   -0.000000e+00   2.485239e+02   7.548448e-06   5.385900e+00
3.620000e+01   -1.383058e+00   -0.000000e+00   -0.000000e+00   2.488627e+02   7.435927e-06   5.312847e+00
3.630000e+01   -2.128267e+00   -0.000000e+00   -0.000000e+00   2.492036e+02   7.325166e-06   5.240879e+00
3.640000e+01   -3.173446e+00   -0.000000e+00   -0.000000e+00   2.495463e+02   7.216146e-06   5.169980e+00
3.650000e+01   -4.325916e+00   -0.000000e+00   -0.000000e+00   2.498906e+02   7.108846e-06   5.100132e+00
3.660000e+01   -5.342932e+00   -0.000000e+00   -0.000000e+00   2.502363e+02   7.003244e-06   5.031319e+00
3.670000e+01   -5.981747e+00   -0.000000e+00   -0.000000e+00   2.505830e+02   6.899319e-06   4.963525e+00
3.680000e+01   -6.118023e+00   -0.000000e+00   -0.000000e+00   2.509306e+02   6.797048e-06   4.896732e+00
3.690000e+01   -6.164940e+00   -0.000000e+00   -0.000000e+00   2.512788e+02   6.696409e-06   4.830924e+00
3.700000e+01   -6.200203e+00   -0.000000e+00   -0.000000e+00   2.516273e+02   6.597380e-06   4.766084e+00
3.710000e+01   -6.240393e+00   -0.000000e+00   -0.000000e+00   2.519760e+02   6.499937e-06   4.702195e+00
3.720000e+01   -6.302091e+00   -0.000000e+00   -0.000000e+00   2.523245e+02   6.404057e-06   4.639241e+00
3.730000e+01   -6.428086e+00   -0.000000e+00   -0.000000e+00   2.526725e+02   6.309717e-06   4.577204e+00
3.740000e+01   -6.726228e+00   -0.000000e+00   -0.000000e+00   2.530200e+02   6.216893e-06   4.516069e+00
3.750000e+01   -7.117717e+00   -0.000000e+00   -0.000000e+00   2.533667e+02   6.125562e-06   4.455822e+00
3.760000e+01   -7.499071e+00   -0.000000e+00   -0.000000e+00   2.537124e+02   6.035703e-06   4.396448e+00
3.770000e+01   -7.766805e+00   -0.000000e+00   -0.000000e+00   2.540572e+02   5.947292e-06   4.337936e+00
3.780000e+01   -7.627506e+00   -0.000000e+00   -0.000000e+00   2.544008e+02   5.860308e-06   4.280271e+00
3.790000e+01   -6.139808e+00   -0.000000e+00   -0.000000e+00   2.547432e+02   5.774729e-06   4.223442e+00
3.800000e+01   -3.781291e+00   -0.000000e+00   -0.000000e+00   2.550842e+02   5.690532e-06   4.167434e+00
3.810000e+01   -1.252983e+00   -0.000000e+00   -0.000000e+00   2.554237e+02   5.607695e-06   4.112236e+00
3.820000e+01   7.440879e-01   -0.000000e+00   -0.000000e+00   2.557617e+02   5.526196e-06   4.057833e+00
3.830000e+01   1.691456e+00   -0.000000e+00   -0.000000e+00   2.560980e+02   5.446013e-06   4.004214e+00
3.840000e+01   2.376339e+00   -0.000000e+00   -0.000000e+00   2.564325e+02   5.367124e-06   3.951364e+00
3.850000e+01   2.954299e+00   -0.000000e+00   -0.000000e+00   2.567650e+02   5.289506e-06   3.899270e+00
3.860000e+01   3.373211e+00   -0.000000e+00   -0.000000e+00   2.570955e+02   5.213138e-06   3.847921e+00
3.870000e+01   3.580949e+00   -0.000000e+00   -0.000000e+00   2.574239e+02   5.137997e-06   3.797302e+00
3.880000e+01   3.464012e+00   -0.000000e+00   -0.000000e+00   2.577501e+02   5.064062e-06   3.747401e+00
3.890000e+01   2.615504e+00   -0.000000e+00   -0.000000e+00   2.580738e+02   4.991310e-06   3.698204e+00
3.900000e+01   1.244867e+00   -0.000000e+00   -0.000000e+00   2.583951e+02   4.919720e-06   3.649699e+00
3.910000e+01   -3.130710e-01   -0.000000e+00   -0.000000e+00   2.587138e+02   4.849273e-06   3.601874e+00
3.920000e+01   -1.723737e+00   -0.000000e+00   -0.000000e+00   2.590298e+02   4.779952e-06   3.554721e+00
3.930000e+01   -2.718775e+00   -0.000000e+00   -0.000000e+00   2.593430e+02   4.711740e-06   3.508230e+00
3.940000e+01   -3.649177e+00   -0.000000e+00   -0.000000e+00   2.596532e+02   4.644620e-06   3.462392e+00
3.950000e+01   -4.539794e+00   -0.000000e+00   -0.000000e+00   2.599605e+02   4.578576e-06   3.417198e+00
3.960000e+01   -5.279944e+00   -0.000000e+00   -0.000000e+00   2.602647e+02   4.513592e-06   3.372639e+00
3.970000e+01   -5.758942e+00   -0.000000e+00   -0.000000e+00   2.605656e+02   4.449650e-06   3.328705e+00
3.980000e+01   -5.872562e+00   -0.000000e+00   -0.000000e+00   2.608632e+02   4.386735e-06   3.285387e+00
3.990000e+01   -5.646854e+00   -0.000000e+00   -0.000000e+00   2.611574e+02   4.324829e-06   3.242677e+00
4.000000e+01   -5.189498e+00   -0.000000e+00   -0.000000e+00   2.614480e+02   4.263917e-06   3.200564e+00
4.010000e+01   -4.603182e+00   -0.000000e+00   -0.000000e+00   2.617350e+02   4.203982e-06   3.159039e+00
4.020000e+01   -3.990591e+00   -0.000000e+00   -0.000000e+00   2.620183e+02   4.145008e-06   3.118094e+00
4.030000e+01   -3.428745e+00   -0.000000e+00   -0.000000e+00   2.622976e+02   4.086978e-06   3.077720e+00
4.040000e+01   -2.707440e+00   -0.000000e+00   -0.000000e+00   2.625731e+02   4.029877e-06   3.037906e+00
4.050000e+01   -1.891644e+00   -0.000000e+00   -0.000000e+00   2.628444e+02   3.973688e-06   2.998644e+00
4.060000e+01   -1.154189e+00   -0.000000e+00   -0.000000e+00   2.631116e+02   3.918396e-06   2.959925e+00
4.070000e+01   -6.679231e-01   -0.000000e+00   -0.000000e+00   2.633745e+02   3.863984e-06   2.921740e+00
4.080000e+01   -6.090472e-01   -0.000000e+00   -0.000000e+00   2.636332e+02   3.810437e-06   2.884080e+00
4.090000e+01   -1.078705e+00   -0.000000e+00   -0.000000e+00   2.638876e+02   3.757739e-06   2.846938e+00
4.100000e+01   -1.867304e+00   -0.000000e+00   -0.000000e+00   2.641379e+02   3.705875e-06   2.810308e+00
4.110000e+01   -2.712120e+00   -0.000000e+00   -0.000000e+00   2.643841e+02   3.654830e-06   2.774182e+00
4.120000e+01   -3.350433e+00   -0.000000e+00   -0.000000e+00   2.646263e+02   3.604589e-06   2.738552e+00
4.130000e+01   -3.537369e+00   -0.000000e+00   -0.000000e+00   2.648645e+02   3.555137e-06   2.703413e+00
4.140000e+01   -3.448818e+00   -0.000000e+00   -0.000000e+00   2.650987e+02   3.506460e-06   2.668756e+00
4.150000e+01   -3.261493e+00   -0.000000e+00   -0.000000e+00   2.653291e+02   3.458544e-06   2.634574e+00
4.160000e+01   -3.047097e+00   -0.000000e+00   -0.000000e+00   2.655557e+02   3.411373e-06   2.600861e+00
4.170000e+01   -2.877329e+00   -0.000000e+00   -0.000000e+00   2.657785e+02   3.364935e-06   2.567609e+00
4.180000e+01   -2.819249e+00   -0.000000e+00   -0.000000e+00   2.659976e+02   3.319215e-06   2.534810e+00
4.190000e+01   -2.811144e+00   -0.000000e+00   -0.000000e+00   2.662131e+02   3.274199e-06   2.502458e+00
4.200000e+01   -2.811834e+00   -0.000000e+00   -0.000000e+00   2.664250e+02   3.229874e-06   2.470545e+00
4.210000e+01   -2.823444e+00   -0.000000e+00   -0.000000e+00   2.666334e+02   3.186226e-06   2.439065e+00
4.220000e+01   -2.848095e+00   -0.000000e+00   -0.000000e+00   2.668383e+02   3.143242e-06   2.408010e+00
4.230000e+01   -2.888864e+00   -0.000000e+00   -0.000000e+00   2.670398e+02   3.100908e-06   2.377372e+00
4.240000e+01   -2.975299e+00   -0.000000e+00   -0.000000e+00   2.672379e+02   3.059212e-06   2.347146e+00
4.250000e+01   -3.109428e+00   -0.000000e+00   -0.000000e+00   2.674328e+02   3.018142e-06   2.317323e+00
4.260000e+01   -3.275692e+00   -0.000000e+00   -0.000000e+00   2.676245e+02   2.977684e-06   2.287899e+00
4.270000e+01   -3.458459e+00   -0.000000e+00   -0.000000e+00   2.678132e+02   2.937830e-06   2.258868e+00
4.280000e+01   -3.643995e+00   -0.000000e+00   -0.000000e+00   2.679990e+02   2.898567e-06   2.230226e+00
4.290000e+01   -3.893743e+00   -0.000000e+00   -0.000000e+00   2.681819e+02   2.859886e-06   2.201966e+00
4.300000e+01   -4.199507e+00   -0.000000e+00   -0.000000e+00   2.683623e+02   2.821775e-06   2.174083e+00
4.310000e+01   -4.500377e+00   -0.000000e+00   -0.000000e+00   2.685400e+02   2.784224e-06   2.146572e+00
4.320000e+01   -4.735442e+00   -0.000000e+00   -0.000000e+00   2.687154e+02   2.747223e-06   2.119429e+00
4.330000e+01   -4.838968e+00   -0.000000e+00   -0.000000e+00   2.688885e+02   2.710761e-06   2.092646e+00
4.340000e+01   -4.491374e+00   -0.000000e+00   -0.000000e+00   2.690594e+02   2.674830e-06   2.066220e+00
4.350000e+01   -3.736430e+00   -0.000000e+00   -0.000000e+00   2.692283e+02   2.639417e-06   2.040145e+00
4.360000e+01   -2.865943e+00   -0.000000e+00   -0.000000e+00   2.693952e+02   2.604515e-06   2.014416e+00
4.370000e+01   -2.171721e+00   -0.000000e+00   -0.000000e+00   2.695604e+02   2.570113e-06   1.989027e+00
4.380000e+01   -1.944302e+00   -0.000000e+00   -0.000000e+00   2.697239e+02   2.536201e-06   1.963973e+00
4.390000e+01   -2.226887e+00   -0.000000e+00   -0.000000e+00   2.698858e+02   2.502770e-06   1.939249e+00
4.400000e+01   -2.784332e+00   -0.000000e+00   -0.000000e+00   2.700464e+02   2.469811e-06   1.914849e+00
4.410000e+01   -3.418054e+00   -0.000000e+00   -0.000000e+00   2.702056e+02   2.437314e-06   1.890768e+00
4.420000e+01   -3.929476e+00   -0.000000e+00   -0.000000e+00   2.703636e+02   2.405271e-06   1.867001e+00
4.430000e+01   -4.120748e+00   -0.000000e+00   -0.000000e+00   2.705206e+02   2.373672e-06   1.843543e+00
4.440000e+01   -3.992000e+00   -0.000000e+00   -0.000000e+00   2.706763e+02   2.342513e-06   1.820390e+00
4.450000e+01   -3.710490e+00   -0.000000e+00   -0.000000e+00   2.708305e+02   2.311790e-06   1.797538e+00
4.460000e+01   -3.377460e+00   -0.000000e+00   -0.000000e+00   2.709830e+02   2.281498e-06   1.774984e+00
4.470000e+01   -3.094153e+00   -0.000000e+00   -0.000000e+00   2.711335e+02   2.251633e-06   1.752722e+00
4.480000e+01   -2.962487e+00   -0.000000e+00   -0.000000e+00   2.712820e+02   2.222190e-06   1.730751e+00
4.490000e+01   -3.620071e+00   -0.000000e+00   -0.000000e+00   2.714282e+02   2.193165e-06   1.709065e+00
4.500000e+01   -5.206407e+00   -0.000000e+00   -0.000000e+00   2.715718e+02   2.164553e-06   1.687661e+00
4.510000e+01   -7.193985e+00   -0.000000e+00   -0.000000e+00   2.717127e+02   2.136350e-06   1.666536e+00
4.520000e+01   -9.055295e+00   -0.000000e+00   -0.000000e+00   2.718506e+02   2.108551e-06   1.645685e+00
4.530000e+01   -1.026283e+01   -0.000000e+00   -0.000000e+00   2.719853e+02   2.081151e-06   1.625105e+00
4.540000e+01   -1.095742e+01   -0.000000e+00   -0.000000e+00   2.721167e+02   2.054145e-06   1.604791e+00
4.550000e+01   -1.159129e+01   -0.000000e+00   -0.000000e+00   2.722445e+02   2.027528e-06   1.584741e+00
4.560000e+01   -1.210405e+01   -0.000000e+00   -0.000000e+00   2.723684e+02   2.001296e-06   1.564950e+00
4.570000e+01   -1.243528e+01   -0.000000e+00   -0.000000e+00   2.724884e+02   1.975443e-06   1.545414e+00
4.580000e+01   -1.252459e+01   -0.000000e+00   -0.000000e+00   2.726041e+02   1.949965e-06   1.526130e+00
4.590000e+01   -1.240225e+01   -0.000000e+00   -0.000000e+00   2.727154e+02   1.924857e-06   1.507094e+00
4.600000e+01   -1.215886e+01   -0.000000e+00   -0.000000e+00   2.728221e+02   1.900112e-06   1.488303e+00
4.610000e+01   -1.180809e+01   -0.000000e+00   -0.000000e+00   2.729239e+02   1.875728e-06   1.469751e+00
4.620000e+01   -1.136361e+01   -0.000000e+00   -0.000000e+00   2.730208e+02   1.851697e-06   1.451436e+00
4.630000e+01   -1.083920e+01   -0.000000e+00   -0.000000e+00   2.731126e+02   1.828015e-06   1.433355e+00
4.640000e+01   -9.420084e+00   -0.000000e+00   -0.000000e+00   2.731996e+02   1.804675e-06   1.415505e+00
4.650000e+01   -6.572808e+00   -0.000000e+00   -0.000000e+00   2.732817e+02   1.781672e-06   1.397882e+00
4.660000e+01   -3.144716e+00   -0.000000e+00   -0.000000e+00   2.733589e+02   1.759000e-06   1.380484e+00
4.670000e+01   1.199254e-02   -0.000000e+00   -0.000000e+00   2.734312e+02   1.736654e-06   1.363307e+00
4.680000e+01   2.045122e+00   -0.000000e+00   -0.000000e+00   2.734988e+02   1.714628e-06   1.346350e+00
4.690000e+01   3.008972e+00   -0.000000e+00   -0.000000e+00   2.735617e+02   1.692917e-06   1.329607e+00
4.700000e+01   3.853634e+00   -0.000000e+00   -0.000000e+00   2.736198e+02   1.671516e-06   1.313077e+00
4.710000e+01   4.537390e+00   -0.000000e+00   -0.000000e+00   2.736732e+02   1.650419e-06   1.296757e+00
4.720000e+01   5.008663e+00   -0.000000e+00   -0.000000e+00   2.737219e+02   1.629620e-06   1.280643e+00
4.730000e+01   5.215881e+00   -0.000000e+00   -0.000000e+00   2.737660e+02   1.609115e-06   1.264733e+00
4.740000e+01   5.060501e+00   -0.000000e+00   -0.000000e+00   2.738055e+02   1.588898e-06   1.249023e+00
4.750000e+01   4.523326e+00   -0.000000e+00   -0.000000e+00   2.738404e+02   1.568964e-06   1.233511e+00
4.760000e+01   3.739408e+00   -0.000000e+00   -0.000000e+00   2.738708e+02   1.549308e-06   1.218193e+00
4.770000e+01   2.845472e+00   -0.000000e+00   -0.000000e+00   2.738967e+02   1.529926e-06   1.203066e+00
4.780000e+01   1.978241e+00   -0.000000e+00   -0.000000e+00   2.739181e+02   1.510810e-06   1.188128e+00
4.790000e+01   1.175392e+00   -0.000000e+00   -0.000000e+00   2.739351e+02   1.491958e-06   1.173374e+00
4.800000e+01   3.172670e-01   -0.000000e+00   -0.000000e+00   2.739476e+02   1.473364e-06   1.158804e+00
4.810000e+01   -5.947966e-01   -0.000000e+00   -0.000000e+00   2.739558e+02   1.455022e-06   1.144412e+00
4.820000e+01   -1.555165e+00   -0.000000e+00   -0.000000e+00   2.739596e+02   1.436930e-06   1.130198e+00
4.830000e+01   -2.558016e+00   -0.000000e+00   -0.000000e+00   2.739590e+02   1.419084e-06   1.116159e+00
4.840000e+01   -3.726863e+00   -0.000000e+00   -0.000000e+00   2.739541e+02   1.401480e-06   1.102293e+00
4.850000e+01   -5.177398e+00   -0.000000e+00   -0.000000e+00   2.739448e+02   1.384115e-06   1.088598e+00
4.860000e+01   -6.644726e+00   -0.000000e+00   -0.000000e+00   2.739311e+02   1.366984e-06   1.075071e+00
4.870000e+01   -7.854075e+00   -0.000000e+00   -0.000000e+00   2.739131e+02   1.350086e-06   1.061712e+00
4.880000e+01   -8.530673e+00   -0.000000e+00   -0.000000e+00   2.738907e+02   1.333416e-06   1.048516e+00
4.890000e+01   -8.653856e+00   -0.000000e+00   -0.000000e+00   2.738640e+02   1.316970e-06   1.035483e+00
4.900000e+01   -8.691865e+00   -0.000000e+00   -0.000000e+00   2.738329e+02   1.300746e-06   1.022611e+00
4.910000e+01   -8.690666e+00   -0.000000e+00   -0.000000e+00   2.737974e+02   1.284740e-06   1.009897e+00
4.920000e+01   -8.675407e+00   -0.000000e+00   -0.000000e+00   2.737576e+02   1.268948e-06   9.973383e-01
4.930000e+01   -8.671240e+00   -0.000000e+00   -0.000000e+00   2.737135e+02   1.253368e-06   9.849339e-01
4.940000e+01   -8.696449e+00   -0.000000e+00   -0.000000e+00   2.736650e+02   1.237995e-06   9.726815e-01
4.950000e+01   -8.736861e+00   -0.000000e+00   -0.000000e+00   2.736122e+02   1.222827e-06   9.605787e-01
4.960000e+01   -8.774165e+00   -0.000000e+00   -0.000000e+00   2.735551e+02   1.207861e-06   9.486236e-01
4.970000e+01   -8.790450e+00   -0.000000e+00   -0.000000e+00   2.734936e+02   1.193092e-06   9.368140e-01
4.980000e+01   -8.767805e+00   -0.000000e+00   -0.000000e+00   2.734278e+02   1.178518e-06   9.251478e-01
4.990000e+01   -8.625067e+00   -0.000000e+00   -0.000000e+00   2.733577e+02   1.164135e-06   9.136229e-01
5.000000e+01   -8.232295e+00   -0.000000e+00   -0.000000e+00   2.732832e+02   1.149940e-06   9.022371e-01
5.010000e+01   -7.706109e+00   -0.000000e+00   -0.000000e+00   2.732045e+02   1.135931e-06   8.909887e-01
5.020000e+01   -7.177476e+00   -0.000000e+00   -0.000000e+00   2.731215e+02   1.122104e-06   8.798761e-01
5.030000e+01   -6.777390e+00   -0.000000e+00   -0.000000e+00   2.730343e+02   1.108458e-06   8.688978e-01
5.040000e+01   -6.584315e+00   -0.000000e+00   -0.000000e+00   2.729430e+02   1.094988e-06   8.580523e-01
5.050000e+01   -6.477961e+00   -0.000000e+00   -0.000000e+00   2.728475e+02   1.081694e-06   8.473381e-01
5.060000e+01   -6.405406e+00   -0.000000e+00   -0.000000e+00   2.727481e+02   1.068571e-06   8.367537e-01
5.070000e+01   -6.323637e+00   -0.000000e+00   -0.000000e+00   2.726446e+02   1.055619e-06   8.262975e-01
5.080000e+01   -6.189641e+00   -0.000000e+00   -0.000000e+00   2.725372e+02   1.042834e-06   8.159682e-01
5.090000e+01   -5.935867e+00   -0.000000e+00   -0.000000e+00   2.724259e+02   1.030213e-06   8.057641e-01
5.100000e+01   -5.495630e+00   -0.000000e+00   -0.000000e+00   2.723107e+02   1.017755e-06   7.956838e-01
5.110000e+01   -4.962625e+00   -0.000000e+00   -0.000000e+00   2.721918e+02   1.005457e-06   7.857258e-01
5.120000e+01   -4.442096e+00   -0.000000e+00   -0.000000e+00   2.720691e+02   9.933167e-07   7.758885e-01
5.130000e+01   -4.039287e+00   -0.000000e+00   -0.000000e+00   2.719427e+02   9.813312e-07   7.661704e-01
5.140000e+01   -3.806552e+00   -0.000000e+00   -0.000000e+00   2.718127e+02   9.694984e-07   7.565701e-01
5.150000e+01   -3.599090e+00   -0.000000e+00   -0.000000e+00   2.716791e+02   9.578160e-07   7.470861e-01
5.160000e+01   -3.424240e+00   -0.000000e+00   -0.000000e+00   2.715419e+02   9.462816e-07   7.377167e-01
5.170000e+01   -3.310813e+00   -0.000000e+00   -0.000000e+00   2.714013e+02   9.348929e-07   7.284606e-01
5.180000e+01   -3.287616e+00   -0.000000e+00   -0.000000e+00   2.712572e+02   9.236475e-07   7.193162e-01
5.190000e+01   -3.691772e+00   -0.000000e+00   -0.000000e+00   2.711097e+02   9.125432e-07   7.102821e-01
5.200000e+01   -5.610422e+00   -0.000000e+00   -0.000000e+00   2.709589e+02   9.015776e-07   7.013566e-01
5.210000e+01   -8.368537e+00   -0.000000e+00   -0.000000e+00   2.708046e+02   8.907493e-07   6.925385e-01
5.220000e+01   -1.108222e+01   -0.000000e+00   -0.000000e+00   2.706467e+02   8.800571e-07   6.838264e-01
5.230000e+01   -1.286757e+01   -0.000000e+00   -0.000000e+00   2.704848e+02   8.695001e-07   6.752193e-01
5.240000e+01   -1.303536e+01   -0.000000e+00   -0.000000e+00   2.703187e+02   8.590774e-07   6.667158e-01
5.250000e+01   -1.222174e+01   -0.000000e+00   -0.000000e+00   2.701482e+02   8.487877e-07   6.583146e-01
5.260000e+01   -1.090895e+01   -0.000000e+00   -0.000000e+00   2.699731e+02   8.386300e-07   6.500147e-01
5.270000e+01   -9.476048e+00   -0.000000e+00   -0.000000e+00   2.697930e+02   8.286033e-07   6.418147e-01
5.280000e+01   -8.302096e+00   -0.000000e+00   -0.000000e+00   2.696077e+02   8.187063e-07   6.337133e-01
5.290000e+01   -7.664335e+00   -0.000000e+00   -0.000000e+00   2.694171e+02   8.089380e-07   6.257095e-01
5.300000e+01   -7.189103e+00   -0.000000e+00   -0.000000e+00   2.692208e+02   7.992970e-07   6.178018e-01
5.310000e+01   -6.791092e+00   -0.000000e+00   -0.000000e+00   2.690186e+02   7.897824e-07   6.099892e-01
5.320000e+01   -6.471035e+00   -0.000000e+00   -0.000000e+00   2.688103e+02   7.803927e-07   6.022703e-01
5.330000e+01   -6.229664e+00   -0.000000e+00   -0.000000e+00   2.685956e+02   7.711268e-07   5.946439e-01
5.340000e+01   -6.061351e+00   -0.000000e+00   -0.000000e+00   2.683742e+02   7.619833e-07   5.871088e-01
5.350000e+01   -5.925330e+00   -0.000000e+00   -0.000000e+00   2.681460e+02   7.529610e-07   5.796638e-01
5.360000e+01   -5.820076e+00   -0.000000e+00   -0.000000e+00   2.679106e+02   7.440587e-07   5.723075e-01
5.370000e+01   -5.752675e+00   -0.000000e+00   -0.000000e+00   2.676679e+02   7.352748e-07   5.650389e-01
5.380000e+01   -5.730215e+00   -0.000000e+00   -0.000000e+00   2.674176e+02   7.266082e-07   5.578566e-01
5.390000e+01   -5.755032e+00   -0.000000e+00   -0.000000e+00   2.671594e+02   7.180574e-07   5.507594e-01
5.400000e+01   -5.795539e+00   -0.000000e+00   -0.000000e+00   2.668930e+02   7.096211e-07   5.437461e-01
5.410000e+01   -5.847958e+00   -0.000000e+00   -0.000000e+00   2.666186e+02   7.012974e-07   5.368156e-01
5.420000e+01   -5.916359e+00   -0.000000e+00   -0.000000e+00   2.663364e+02   6.930840e-07   5.299670e-01
5.430000e+01   -6.004802e+00   -0.000000e+00   -0.000000e+00   2.660468e+02   6.849783e-07   5.231994e-01
5.440000e+01   -6.116069e+00   -0.000000e+00   -0.000000e+00   2.657502e+02   6.769781e-07   5.165121e-01
5.450000e+01   -6.240856e+00   -0.000000e+00   -0.000000e+00   2.654468e+02   6.690810e-07   5.099041e-01
5.460000e+01   -6.375910e+00   -0.000000e+00   -0.000000e+00   2.651370e+02   6.612848e-07   5.033746e-01
5.470000e+01   -6.520575e+00   -0.000000e+00   -0.000000e+00   2.648213e+02   6.535873e-07   4.969227e-01
5.480000e+01   -6.674190e+00   -0.000000e+00   -0.000000e+00   2.644999e+02   6.459863e-07   4.905476e-01
5.490000e+01   -6.845923e+00   -0.000000e+00   -0.000000e+00   2.641732e+02   6.384796e-07   4.842484e-01
5.500000e+01   -7.133811e+00   -0.000000e+00   -0.000000e+00   2.638416e+02   6.310652e-07   4.780242e-01
5.510000e+01   -7.541580e+00   -0.000000e+00   -0.000000e+00   2.635054e+02   6.237410e-07   4.718742e-01
5.520000e+01   -8.041859e+00   -0.000000e+00   -0.000000e+00   2.631650e+02   6.165051e-07   4.657975e-01
5.530000e+01   -8.607276e+00   -0.000000e+00   -0.000000e+00   2.628207e+02   6.093554e-07   4.597934e-01
5.540000e+01   -9.250977e+00   -0.000000e+00   -0.000000e+00   2.624730e+02   6.022901e-07   4.538608e-01
5.550000e+01   -1.037708e+01   -0.000000e+00   -0.000000e+00   2.621220e+02   5.953072e-07   4.479990e-01
5.560000e+01   -1.182270e+01   -0.000000e+00   -0.000000e+00   2.617683e+02   5.884048e-07   4.422070e-01
5.570000e+01   -1.323906e+01   -0.000000e+00   -0.000000e+00   2.614121e+02   5.815812e-07   4.364841e-01
5.580000e+01   -1.427743e+01   -0.000000e+00   -0.000000e+00   2.610538e+02   5.748346e-07   4.308294e-01
5.590000e+01   -1.461780e+01   -0.000000e+00   -0.000000e+00   2.606938e+02   5.681631e-07   4.252420e-01
5.600000e+01   -1.450647e+01   -0.000000e+00   -0.000000e+00   2.603325e+02   5.615650e-07   4.197210e-01
5.610000e+01   -1.421112e+01   -0.000000e+00   -0.000000e+00   2.599700e+02   5.550389e-07   4.142657e-01
5.620000e+01   -1.388369e+01   -0.000000e+00   -0.000000e+00   2.596064e+02   5.485839e-07   4.088753e-01
5.630000e+01   -1.367611e+01   -0.000000e+00   -0.000000e+00   2.592419e+02   5.421993e-07   4.035492e-01
5.640000e+01   -1.375711e+01   -0.000000e+00   -0.000000e+00   2.588763e+02   5.358844e-07   3.982866e-01
5.650000e+01   -1.449224e+01   -0.000000e+00   -0.000000e+00   2.585097e+02   5.296384e-07   3.930870e-01
5.660000e+01   -1.576930e+01   -0.000000e+00   -0.000000e+00   2.581421e+02   5.234607e-07   3.879496e-01
5.670000e+01   -1.731060e+01   -0.000000e+00   -0.000000e+00   2.577735e+02   5.173504e-07   3.828736e-01
5.680000e+01   -1.883845e+01   -0.000000e+00   -0.000000e+00   2.574040e+02   5.113069e-07   3.778586e-01
5.690000e+01   -2.008441e+01   -0.000000e+00   -0.000000e+00   2.570335e+02   5.053294e-07   3.729037e-01
5.700000e+01   -2.109638e+01   -0.000000e+00   -0.000000e+00   2.566621e+02   4.994172e-07   3.680083e-01
5.710000e+01   -2.203378e+01   -0.000000e+00   -0.000000e+00   2.562897e+02   4.935696e-07   3.631717e-01
5.720000e+01   -2.299270e+01   -0.000000e+00   -0.000000e+00   2.559165e+02   4.877858e-07   3.583932e-01
5.730000e+01   -2.406922e+01   -0.000000e+00   -0.000000e+00   2.555423e+02   4.820651e-07   3.536722e-01
5.740000e+01   -2.537892e+01   -0.000000e+00   -0.000000e+00   2.551673e+02   4.764067e-07   3.490079e-01
5.750000e+01   -2.748945e+01   -0.000000e+00   -0.000000e+00   2.547914e+02   4.708099e-07   3.443997e-01
5.760000e+01   -3.017091e+01   -0.000000e+00   -0.000000e+00   2.544147e+02   4.652740e-07   3.398469e-01
5.770000e+01   -3.280553e+01   -0.000000e+00   -0.000000e+00   2.540371e+02   4.597982e-07   3.353488e-01
5.780000e+01   -3.477555e+01   -0.000000e+00   -0.000000e+00   2.536587e+02   4.543818e-07   3.309048e-01
5.790000e+01   -3.548408e+01   -0.000000e+00   -0.000000e+00   2.532795e+02   4.490240e-07   3.265141e-01
5.800000e+01   -3.542430e+01   -0.000000e+00   -0.000000e+00   2.528995e+02   4.437241e-07   3.221761e-01
5.810000e+01   -3.508796e+01   -0.000000e+00   -0.000000e+00   2.525187e+02   4.384813e-07   3.178901e-01
5.820000e+01   -3.452178e+01   -0.000000e+00   -0.000000e+00   2.521373e+02   4.332949e-07   3.136556e-01
5.830000e+01   -3.377241e+01   -0.000000e+00   -0.000000e+00   2.517552e+02   4.281642e-07   3.094719e-01
5.840000e+01   -3.286769e+01   -0.000000e+00   -0.000000e+00   2.513727e+02   4.230886e-07   3.053386e-01
5.850000e+01   -3.070588e+01   -0.000000e+00   -0.000000e+00   2.509897e+02   4.180674e-07   3.012552e-01
5.860000e+01   -2.717790e+01   -0.000000e+00   -0.000000e+00   2.506065e+02   4.130998e-07   2.972211e-01
5.870000e+01   -2.306264e+01   -0.000000e+00   -0.000000e+00   2.502231e+02   4.081853e-07   2.932358e-01
5.880000e+01   -1.913896e+01   -0.000000e+00   -0.000000e+00   2.498395e+02   4.033231e-07   2.892988e-01
5.890000e+01   -1.617548e+01   -0.000000e+00   -0.000000e+00   2.494560e+02   3.985126e-07   2.854094e-01
5.900000e+01   -1.365147e+01   -0.000000e+00   -0.000000e+00   2.490725e+02   3.937531e-07   2.815673e-01
5.910000e+01   -1.113756e+01   -0.000000e+00   -0.000000e+00   2.486893e+02   3.890440e-07   2.777718e-01
5.920000e+01   -8.977497e+00   -0.000000e+00   -0.000000e+00   2.483063e+02   3.843847e-07   2.740224e-01
5.930000e+01   -7.515032e+00   -0.000000e+00   -0.000000e+00   2.479237e+02   3.797744e-07   2.703187e-01
5.940000e+01   -7.091313e+00   -0.000000e+00   -0.000000e+00   2.475416e+02   3.752125e-07   2.666599e-01
5.950000e+01   -7.312480e+00   -0.000000e+00   -0.000000e+00   2.471601e+02   3.706984e-07   2.630458e-01
5.960000e+01   -7.649034e+00   -0.000000e+00   -0.000000e+00   2.467792e+02   3.662314e-07   2.594756e-01
5.970000e+01   -8.018367e+00   -0.000000e+00   -0.000000e+00   2.463991e+02   3.618109e-07   2.559488e-01
5.980000e+01   -8.337874e+00   -0.000000e+00   -0.000000e+00   2.460199e+02   3.574363e-07   2.524650e-01
5.990000e+01   -8.523934e+00   -0.000000e+00   -0.000000e+00   2.456417e+02   3.531068e-07   2.490236e-01
6.000000e+01   -7.684404e+00   -0.000000e+00   -0.000000e+00   2.452646e+02   3.488220e-07   2.456241e-01
6.010000e+01   -5.639360e+00   -0.000000e+00   -0.000000e+00   2.448885e+02   3.445812e-07   2.422659e-01
6.020000e+01   -3.197695e+00   -0.000000e+00   -0.000000e+00   2.445134e+02   3.403843e-07   2.389486e-01
6.030000e+01   -1.168321e+00   -0.000000e+00   -0.000000e+00   2.441389e+02   3.362313e-07   2.356718e-01
6.040000e+01   -3.601492e-01   -0.000000e+00   -0.000000e+00   2.437647e+02   3.321225e-07   2.324349e-01
6.050000e+01   -5.138022e-01   -0.000000e+00   -0.000000e+00   2.433904e+02   3.280577e-07   2.292377e-01
6.060000e+01   -8.160435e-01   -0.000000e+00   -0.000000e+00   2.430157e+02   3.240371e-07   2.260796e-01
6.070000e+01   -1.244998e+00   -0.000000e+00   -0.000000e+00   2.426402e+02   3.200605e-07   2.229602e-01
6.080000e+01   -1.778791e+00   -0.000000e+00   -0.000000e+00   2.422638e+02   3.161281e-07   2.198791e-01
6.090000e+01   -2.395547e+00   -0.000000e+00   -0.000000e+00   2.418859e+02   3.122397e-07   2.168358e-01
6.100000e+01   -3.968519e+00   -0.000000e+00   -0.000000e+00   2.415063e+02   3.083953e-07   2.138300e-01
6.110000e+01   -6.901228e+00   -0.000000e+00   -0.000000e+00   2.411247e+02   3.045948e-07   2.108611e-01
6.120000e+01   -1.025117e+01   -0.000000e+00   -0.000000e+00   2.407408e+02   3.008381e-07   2.079289e-01
6.130000e+01   -1.307459e+01   -0.000000e+00   -0.000000e+00   2.403541e+02   2.971250e-07   2.050327e-01
6.140000e+01   -1.442775e+01   -0.000000e+00   -0.000000e+00   2.399644e+02   2.934555e-07   2.021722e-01
6.150000e+01   -1.455888e+01   -0.000000e+00   -0.000000e+00   2.395713e+02   2.898294e-07   1.993470e-01
6.160000e+01   -1.464999e+01   -0.000000e+00   -0.000000e+00   2.391746e+02   2.862465e-07   1.965566e-01
6.170000e+01   -1.470525e+01   -0.000000e+00   -0.000000e+00   2.387738e+02   2.827067e-07   1.938006e-01
6.180000e+01   -1.472344e+01   -0.000000e+00   -0.000000e+00   2.383687e+02   2.792096e-07   1.910785e-01
6.190000e+01   -1.470336e+01   -0.000000e+00   -0.000000e+00   2.379589e+02   2.757551e-07   1.883900e-01
6.200000e+01   -1.436363e+01   -0.000000e+00   -0.000000e+00   2.375441e+02   2.723429e-07   1.857346e-01
6.210000e+01   -1.349171e+01   -0.000000e+00   -0.000000e+00   2.371240e+02   2.689728e-07   1.831118e-01
6.220000e+01   -1.240988e+01   -0.000000e+00   -0.000000e+00   2.366987e+02   2.656442e-07   1.805214e-01
6.230000e+01   -1.144461e+01   -0.000000e+00   -0.000000e+00   2.362683e+02   2.623564e-07   1.779629e-01
6.240000e+01   -1.092236e+01   -0.000000e+00   -0.000000e+00   2.358329e+02   2.591089e-07   1.754361e-01
6.250000e+01   -1.093045e+01   -0.000000e+00   -0.000000e+00   2.353927e+02   2.559009e-07   1.729407e-01
6.260000e+01   -1.117313e+01   -0.000000e+00   -0.000000e+00   2.349477e+02   2.527319e-07   1.704762e-01
6.270000e+01   -1.157595e+01   -0.000000e+00   -0.000000e+00   2.344983e+02   2.496013e-07   1.680424e-01
6.280000e+01   -1.206890e+01   -0.000000e+00   -0.000000e+00   2.340444e+02   2.465085e-07   1.656390e-01
6.290000e+01   -1.258202e+01   -0.000000e+00   -0.000000e+00   2.335863e+02   2.434529e-07   1.632655e-01
6.300000e+01   -1.325780e+01   -0.000000e+00   -0.000000e+00   2.331240e+02   2.404338e-07   1.609218e-01
6.310000e+01   -1.429257e+01   -0.000000e+00   -0.000000e+00   2.326577e+02   2.374508e-07   1.586074e-01
6.320000e+01   -1.540334e+01   -0.000000e+00   -0.000000e+00   2.321876e+02   2.345032e-07   1.563220e-01
6.330000e+01   -1.629759e+01   -0.000000e+00   -0.000000e+00   2.317138e+02   2.315905e-07   1.540654e-01
6.340000e+01   -1.668281e+01   -0.000000e+00   -0.000000e+00   2.312364e+02   2.287121e-07   1.518371e-01
6.350000e+01   -1.656261e+01   -0.000000e+00   -0.000000e+00   2.307556e+02   2.258675e-07   1.496368e-01
6.360000e+01   -1.641375e+01   -0.000000e+00   -0.000000e+00   2.302715e+02   2.230561e-07   1.474643e-01
6.370000e+01   -1.625382e+01   -0.000000e+00   -0.000000e+00   2.297843e+02   2.202774e-07   1.453191e-01
6.380000e+01   -1.608387e+01   -0.000000e+00   -0.000000e+00   2.292940e+02   2.175308e-07   1.432010e-01
6.390000e+01   -1.590495e+01   -0.000000e+00   -0.000000e+00   2.288009e+02   2.148159e-07   1.411096e-01
6.400000e+01   -1.555432e+01   -0.000000e+00   -0.000000e+00   2.283051e+02   2.121319e-07   1.390445e-01
6.410000e+01   -1.478717e+01   -0.000000e+00   -0.000000e+00   2.278067e+02   2.094786e-07   1.370057e-01
6.420000e+01   -1.384222e+01   -0.000000e+00   -0.000000e+00   2.273062e+02   2.068554e-07   1.349927e-01
6.430000e+01   -1.297573e+01   -0.000000e+00   -0.000000e+00   2.268038e+02   2.042618e-07   1.330056e-01
6.440000e+01   -1.244399e+01   -0.000000e+00   -0.000000e+00   2.262999e+02   2.016976e-07   1.310441e-01
6.450000e+01   -1.256031e+01   -0.000000e+00   -0.000000e+00   2.257950e+02   1.991622e-07   1.291081e-01
6.460000e+01   -1.343677e+01   -0.000000e+00   -0.000000e+00   2.252892e+02   1.966553e-07   1.271975e-01
6.470000e+01   -1.476150e+01   -0.000000e+00   -0.000000e+00   2.247830e+02   1.941765e-07   1.253120e-01
6.480000e+01   -1.620816e+01   -0.000000e+00   -0.000000e+00   2.242768e+02   1.917255e-07   1.234516e-01
6.490000e+01   -1.745039e+01   -0.000000e+00   -0.000000e+00   2.237708e+02   1.893019e-07   1.216160e-01
6.500000e+01   -1.829445e+01   -0.000000e+00   -0.000000e+00   2.232655e+02   1.869053e-07   1.198052e-01
6.510000e+01   -1.899641e+01   -0.000000e+00   -0.000000e+00   2.227611e+02   1.845354e-07   1.180189e-01
6.520000e+01   -1.965967e+01   -0.000000e+00   -0.000000e+00   2.222581e+02   1.821920e-07   1.162570e-01
6.530000e+01   -2.036944e+01   -0.000000e+00   -0.000000e+00   2.217567e+02   1.798747e-07   1.145194e-01
6.540000e+01   -2.121093e+01   -0.000000e+00   -0.000000e+00   2.212574e+02   1.775832e-07   1.128060e-01
6.550000e+01   -2.228156e+01   -0.000000e+00   -0.000000e+00   2.207605e+02   1.753172e-07   1.111164e-01
6.560000e+01   -2.361716e+01   -0.000000e+00   -0.000000e+00   2.202663e+02   1.730765e-07   1.094507e-01
6.570000e+01   -2.511729e+01   -0.000000e+00   -0.000000e+00   2.197752e+02   1.708608e-07   1.078086e-01
6.580000e+01   -2.667494e+01   -0.000000e+00   -0.000000e+00   2.192875e+02   1.686698e-07   1.061900e-01
6.590000e+01   -2.818308e+01   -0.000000e+00   -0.000000e+00   2.188036e+02   1.665033e-07   1.045947e-01
6.600000e+01   -2.964137e+01   -0.000000e+00   -0.000000e+00   2.183237e+02   1.643611e-07   1.030226e-01
6.610000e+01   -3.128152e+01   -0.000000e+00   -0.000000e+00   2.178473e+02   1.622434e-07   1.014733e-01
6.620000e+01   -3.291826e+01   -0.000000e+00   -0.000000e+00   2.173737e+02   1.601503e-07   9.994639e-02
6.630000e+01   -3.432780e+01   -0.000000e+00   -0.000000e+00   2.169023e+02   1.580819e-07   9.844160e-02
6.640000e+01   -3.528632e+01   -0.000000e+00   -0.000000e+00   2.164323e+02   1.560384e-07   9.695850e-02
6.650000e+01   -3.566538e+01   -0.000000e+00   -0.000000e+00   2.159631e+02   1.540199e-07   9.549674e-02
6.660000e+01   -3.578043e+01   -0.000000e+00   -0.000000e+00   2.154939e+02   1.520263e-07   9.405593e-02
6.670000e+01   -3.578583e+01   -0.000000e+00   -0.000000e+00   2.150242e+02   1.500578e-07   9.263570e-02
6.680000e+01   -3.580279e+01   -0.000000e+00   -0.000000e+00   2.145533e+02   1.481144e-07   9.123568e-02
6.690000e+01   -3.595250e+01   -0.000000e+00   -0.000000e+00   2.140803e+02   1.461960e-07   8.985549e-02
6.700000e+01   -3.633988e+01   -0.000000e+00   -0.000000e+00   2.136048e+02   1.443026e-07   8.849477e-02
6.710000e+01   -3.691721e+01   -0.000000e+00   -0.000000e+00   2.131259e+02   1.424343e-07   8.715314e-02
6.720000e+01   -3.757484e+01   -0.000000e+00   -0.000000e+00   2.126430e+02   1.405908e-07   8.583023e-02
6.730000e+01   -3.820550e+01   -0.000000e+00   -0.000000e+00   2.121555e+02   1.387720e-07   8.452567e-02
6.740000e+01   -3.870191e+01   -0.000000e+00   -0.000000e+00   2.116626e+02   1.369780e-07   8.323907e-02
6.750000e+01   -3.866193e+01   -0.000000e+00   -0.000000e+00   2.111636e+02   1.352085e-07   8.197008e-02
6.760000e+01   -3.677955e+01   -0.000000e+00   -0.000000e+00   2.106580e+02   1.334633e-07   8.071832e-02
6.770000e+01   -3.359201e+01   -0.000000e+00   -0.000000e+00   2.101449e+02   1.317423e-07   7.948341e-02
6.780000e+01   -2.989510e+01   -0.000000e+00   -0.000000e+00   2.096237e+02   1.300453e-07   7.826498e-02
6.790000e+01   -2.648472e+01   -0.000000e+00   -0.000000e+00   2.090939e+02   1.283720e-07   7.706266e-02
6.800000e+01   -2.389163e+01   -0.000000e+00   -0.000000e+00   2.085563e+02   1.267214e-07   7.587618e-02
6.810000e+01   -2.116089e+01   -0.000000e+00   -0.000000e+00   2.080134e+02   1.250915e-07   7.470534e-02
6.820000e+01   -1.844795e+01   -0.000000e+00   -0.000000e+00   2.074680e+02   1.234806e-07   7.354993e-02
6.830000e+01   -1.615994e+01   -0.000000e+00   -0.000000e+00   2.069225e+02   1.218869e-07   7.240978e-02
6.840000e+01   -1.470396e+01   -0.000000e+00   -0.000000e+00   2.063794e+02   1.203088e-07   7.128468e-02
6.850000e+01   -1.432622e+01   -0.000000e+00   -0.000000e+00   2.058415e+02   1.187446e-07   7.017445e-02
6.860000e+01   -1.417908e+01   -0.000000e+00   -0.000000e+00   2.053112e+02   1.171926e-07   6.907888e-02
6.870000e+01   -1.406620e+01   -0.000000e+00   -0.000000e+00   2.047911e+02   1.156515e-07   6.799780e-02
6.880000e+01   -1.398183e+01   -0.000000e+00   -0.000000e+00   2.042839e+02   1.141198e-07   6.693100e-02
6.890000e+01   -1.392025e+01   -0.000000e+00   -0.000000e+00   2.037920e+02   1.125960e-07   6.587829e-02
6.900000e+01   -1.402120e+01   -0.000000e+00   -0.000000e+00   2.033180e+02   1.110788e-07   6.483949e-02
6.910000e+01   -1.522955e+01   -0.000000e+00   -0.000000e+00   2.028646e+02   1.095670e-07   6.381439e-02
6.920000e+01   -1.722210e+01   -0.000000e+00   -0.000000e+00   2.024343e+02   1.080594e-07   6.280280e-02
6.930000e+01   -1.939483e+01   -0.000000e+00   -0.000000e+00   2.020297e+02   1.065548e-07   6.180453e-02
6.940000e+01   -2.114369e+01   -0.000000e+00   -0.000000e+00   2.016533e+02   1.050520e-07   6.081939e-02
6.950000e+01   -2.198247e+01   -0.000000e+00   -0.000000e+00   2.013077e+02   1.035502e-07   5.984719e-02
6.960000e+01   -2.255937e+01   -0.000000e+00   -0.000000e+00   2.009955e+02   1.020484e-07   5.888773e-02
6.970000e+01   -2.300347e+01   -0.000000e+00   -0.000000e+00   2.007193e+02   1.005456e-07   5.794082e-02
6.980000e+01   -2.320868e+01   -0.000000e+00   -0.000000e+00   2.004816e+02   9.904115e-08   5.700626e-02
6.990000e+01   -2.306893e+01   -0.000000e+00   -0.000000e+00   2.002845e+02   9.753450e-08   5.608388e-02
7.000000e+01   -2.251118e+01   -0.000000e+00   -0.000000e+00   2.001261e+02   9.602732e-08   5.517356e-02
7.010000e+01   -2.182034e+01   -0.000000e+00   -0.000000e+00   2.000025e+02   9.452223e-08   5.427524e-02
7.020000e+01   -2.108999e+01   -0.000000e+00   -0.000000e+00   1.999096e+02   9.302174e-08   5.338884e-02
7.030000e+01   -2.032324e+01   -0.000000e+00   -0.000000e+00   1.998436e+02   9.152823e-08   5.251431e-02
7.040000e+01   -1.952319e+01   -0.000000e+00   -0.000000e+00   1.998005e+02   9.004397e-08   5.165157e-02
7.050000e+01   -1.863839e+01   -0.000000e+00   -0.000000e+00   1.997763e+02   8.857110e-08   5.080055e-02
7.060000e+01   -1.706572e+01   -0.000000e+00   -0.000000e+00   1.997672e+02   8.711164e-08   4.996118e-02
7.070000e+01   -1.491355e+01   -0.000000e+00   -0.000000e+00   1.997691e+02   8.566749e-08   4.913339e-02
7.080000e+01   -1.253448e+01   -0.000000e+00   -0.000000e+00   1.997782e+02   8.424045e-08   4.831712e-02
7.090000e+01   -1.028114e+01   -0.000000e+00   -0.000000e+00   1.997904e+02   8.283217e-08   4.751229e-02
7.100000e+01   -8.466811e+00   -0.000000e+00   -0.000000e+00   1.998019e+02   8.144420e-08   4.671885e-02
7.110000e+01   -6.758948e+00   -0.000000e+00   -0.000000e+00   1.998087e+02   8.007799e-08   4.593671e-02
7.120000e+01   -5.085552e+00   -0.000000e+00   -0.000000e+00   1.998068e+02   7.873487e-08   4.516580e-02
7.130000e+01   -3.570066e+00   -0.000000e+00   -0.000000e+00   1.997923e+02   7.741608e-08   4.440607e-02
7.140000e+01   -2.335935e+00   -0.000000e+00   -0.000000e+00   1.997614e+02   7.612275e-08   4.365744e-02
7.150000e+01   -1.498266e+00   -0.000000e+00   -0.000000e+00   1.997099e+02   7.485593e-08   4.291985e-02
7.160000e+01   -9.561421e-01   -0.000000e+00   -0.000000e+00   1.996340e+02   7.361659e-08   4.219321e-02
7.170000e+01   -5.612417e-01   -0.000000e+00   -0.000000e+00   1.995298e+02   7.240562e-08   4.147747e-02
7.180000e+01   -2.077261e-01   -0.000000e+00   -0.000000e+00   1.993932e+02   7.122382e-08   4.077256e-02
7.190000e+01   2.102436e-01   -0.000000e+00   -0.000000e+00   1.992204e+02   7.007196e-08   4.007840e-02
7.200000e+01   7.936659e-01   -0.000000e+00   -0.000000e+00   1.990086e+02   6.895026e-08   3.939491e-02
7.210000e+01   1.486026e+00   -0.000000e+00   -0.000000e+00   1.987588e+02   6.785758e-08   3.872193e-02
7.220000e+01   2.207664e+00   -0.000000e+00   -0.000000e+00   1.984725e+02   6.679253e-08   3.805929e-02
7.230000e+01   2.919212e+00   -0.000000e+00   -0.000000e+00   1.981515e+02   6.575383e-08   3.740681e-02
7.240000e+01   3.581305e+00   -0.000000e+00   -0.000000e+00   1.977973e+02   6.474021e-08   3.676434e-02
7.250000e+01   4.148663e+00   -0.000000e+00   -0.000000e+00   1.974116e+02   6.375047e-08   3.613170e-02
7.260000e+01   4.434672e+00   -0.000000e+00   -0.000000e+00   1.969959e+02   6.278347e-08   3.550871e-02
7.270000e+01   4.483714e+00   -0.000000e+00   -0.000000e+00   1.965520e+02   6.183808e-08   3.489522e-02
7.280000e+01   4.456099e+00   -0.000000e+00   -0.000000e+00   1.960815e+02   6.091325e-08   3.429105e-02
7.290000e+01   4.512137e+00   -0.000000e+00   -0.000000e+00   1.955860e+02   6.000793e-08   3.369602e-02
7.300000e+01   4.816970e+00   -0.000000e+00   -0.000000e+00   1.950670e+02   5.912113e-08   3.310998e-02
7.310000e+01   5.646340e+00   -0.000000e+00   -0.000000e+00   1.945264e+02   5.825189e-08   3.253276e-02
7.320000e+01   6.864774e+00   -0.000000e+00   -0.000000e+00   1.939656e+02   5.739928e-08   3.196417e-02
7.330000e+01   8.161454e+00   -0.000000e+00   -0.000000e+00   1.933863e+02   5.656239e-08   3.140405e-02
7.340000e+01   9.225560e+00   -0.000000e+00   -0.000000e+00   1.927901e+02   5.574034e-08   3.085224e-02
7.350000e+01   9.748984e+00   -0.000000e+00   -0.000000e+00   1.921787e+02   5.493229e-08   3.030856e-02
7.360000e+01   9.717343e+00   -0.000000e+00   -0.000000e+00   1.915537e+02   5.413740e-08   2.977284e-02
7.370000e+01   9.378386e+00   -0.000000e+00   -0.000000e+00   1.909167e+02   5.335487e-08   2.924492e-02
7.380000e+01   8.928830e+00   -0.000000e+00   -0.000000e+00   1.902694e+02   5.258391e-08   2.872462e-02
7.390000e+01   8.565393e+00   -0.000000e+00   -0.000000e+00   1.896134e+02   5.182377e-08   2.821177e-02
7.400000e+01   8.486679e+00   -0.000000e+00   -0.000000e+00   1.889503e+02   5.107369e-08   2.770620e-02
7.410000e+01   9.019522e+00   -0.000000e+00   -0.000000e+00   1.882817e+02   5.033294e-08   2.720776e-02
7.420000e+01   1.011545e+01   -0.000000e+00   -0.000000e+00   1.876093e+02   4.960082e-08   2.671625e-02
7.430000e+01   1.151079e+01   -0.000000e+00   -0.000000e+00   1.869347e+02   4.887663e-08   2.623152e-02
7.440000e+01   1.294273e+01   -0.000000e+00   -0.000000e+00   1.862589e+02   4.815993e-08   2.575343e-02
7.450000e+01   1.415215e+01   -0.000000e+00   -0.000000e+00   1.855817e+02   4.745069e-08   2.528192e-02
7.460000e+01   1.539015e+01   -0.000000e+00   -0.000000e+00   1.849030e+02   4.674896e-08   2.481693e-02
7.470000e+01   1.677703e+01   -0.000000e+00   -0.000000e+00   1.842222e+02   4.605477e-08   2.435842e-02
7.480000e+01   1.803000e+01   -0.000000e+00   -0.000000e+00   1.835393e+02   4.536816e-08   2.390631e-02
7.490000e+01   1.886628e+01   -0.000000e+00   -0.000000e+00   1.828538e+02   4.468915e-08   2.346057e-02
7.500000e+01   1.900285e+01   -0.000000e+00   -0.000000e+00   1.821656e+02   4.401776e-08   2.302113e-02
7.510000e+01   1.807288e+01   -0.000000e+00   -0.000000e+00   1.814741e+02   4.335403e-08   2.258794e-02
7.520000e+01   1.627593e+01   -0.000000e+00   -0.000000e+00   1.807793e+02   4.269796e-08   2.216094e-02
7.530000e+01   1.413755e+01   -0.000000e+00   -0.000000e+00   1.800807e+02   4.204957e-08   2.174008e-02
7.540000e+01   1.218326e+01   -0.000000e+00   -0.000000e+00   1.793782e+02   4.140888e-08   2.132531e-02
7.550000e+01   1.093861e+01   -0.000000e+00   -0.000000e+00   1.786713e+02   4.077588e-08   2.091657e-02
7.560000e+01   1.027777e+01   -0.000000e+00   -0.000000e+00   1.779598e+02   4.015060e-08   2.051381e-02
7.570000e+01   9.690928e+00   -0.000000e+00   -0.000000e+00   1.772434e+02   3.953302e-08   2.011697e-02
7.580000e+01   9.127669e+00   -0.000000e+00   -0.000000e+00   1.765218e+02   3.892315e-08   1.972599e-02
7.590000e+01   8.537573e+00   -0.000000e+00   -0.000000e+00   1.757947e+02   3.832099e-08   1.934082e-02
7.600000e+01   7.870221e+00   -0.000000e+00   -0.000000e+00   1.750618e+02   3.772653e-08   1.896141e-02
7.610000e+01   7.086960e+00   -0.000000e+00   -0.000000e+00   1.743228e+02   3.713977e-08   1.858771e-02
7.620000e+01   6.198071e+00   -0.000000e+00   -0.000000e+00   1.735775e+02   3.656068e-08   1.821965e-02
7.630000e+01   5.226504e+00   -0.000000e+00   -0.000000e+00   1.728254e+02   3.598926e-08   1.785718e-02
7.640000e+01   4.195208e+00   -0.000000e+00   -0.000000e+00   1.720663e+02   3.542550e-08   1.750025e-02
7.650000e+01   3.127132e+00   -0.000000e+00   -0.000000e+00   1.713000e+02   3.486936e-08   1.714880e-02
7.660000e+01   2.002816e+00   -0.000000e+00   -0.000000e+00   1.705261e+02   3.432085e-08   1.680278e-02
7.670000e+01   7.880153e-01   -0.000000e+00   -0.000000e+00   1.697443e+02   3.377992e-08   1.646213e-02
7.680000e+01   -4.984686e-01   -0.000000e+00   -0.000000e+00   1.689543e+02   3.324656e-08   1.612680e-02
7.690000e+01   -1.837620e+00   -0.000000e+00   -0.000000e+00   1.681558e+02   3.272073e-08   1.579674e-02
7.700000e+01   -3.210425e+00   -0.000000e+00   -0.000000e+00   1.673486e+02   3.220242e-08   1.547188e-02
7.710000e+01   -4.622090e+00   -0.000000e+00   -0.000000e+00   1.665323e+02   3.169159e-08   1.515218e-02
7.720000e+01   -6.096404e+00   -0.000000e+00   -0.000000e+00   1.657067e+02   3.118820e-08   1.483757e-02
7.730000e+01   -7.628776e+00   -0.000000e+00   -0.000000e+00   1.648727e+02   3.069201e-08   1.452802e-02
7.740000e+01   -9.215957e+00   -0.000000e+00   -0.000000e+00   1.640321e+02   3.020262e-08   1.422348e-02
7.750000e+01   -1.085476e+01   -0.000000e+00   -0.000000e+00   1.631869e+02   2.971963e-08   1.392391e-02
7.760000e+01   -1.275807e+01   -0.000000e+00   -0.000000e+00   1.623391e+02   2.924266e-08   1.362926e-02
7.770000e+01   -1.505145e+01   -0.000000e+00   -0.000000e+00   1.614906e+02   2.877134e-08   1.333951e-02
7.780000e+01   -1.734988e+01   -0.000000e+00   -0.000000e+00   1.606434e+02   2.830532e-08   1.305459e-02
7.790000e+01   -1.926209e+01   -0.000000e+00   -0.000000e+00   1.597994e+02   2.784428e-08   1.277449e-02
7.800000e+01   -2.039679e+01   -0.000000e+00   -0.000000e+00   1.589606e+02   2.738789e-08   1.249915e-02
7.810000e+01   -2.064941e+01   -0.000000e+00   -0.000000e+00   1.581289e+02   2.693585e-08   1.222853e-02
7.820000e+01   -2.049349e+01   -0.000000e+00   -0.000000e+00   1.573063e+02   2.648786e-08   1.196259e-02
7.830000e+01   -2.014860e+01   -0.000000e+00   -0.000000e+00   1.564947e+02   2.604366e-08   1.170129e-02
7.840000e+01   -1.982558e+01   -0.000000e+00   -0.000000e+00   1.556961e+02   2.560298e-08   1.144460e-02
7.850000e+01   -1.973531e+01   -0.000000e+00   -0.000000e+00   1.549124e+02   2.516558e-08   1.119246e-02
7.860000e+01   -1.994693e+01   -0.000000e+00   -0.000000e+00   1.541457e+02   2.473123e-08   1.094484e-02
7.870000e+01   -2.024697e+01   -0.000000e+00   -0.000000e+00   1.533977e+02   2.429971e-08   1.070169e-02
7.880000e+01   -2.059452e+01   -0.000000e+00   -0.000000e+00   1.526706e+02   2.387084e-08   1.046298e-02
7.890000e+01   -2.095588e+01   -0.000000e+00   -0.000000e+00   1.519663e+02   2.344443e-08   1.022867e-02
7.900000e+01   -2.129737e+01   -0.000000e+00   -0.000000e+00   1.512866e+02   2.302030e-08   9.998708e-03
7.910000e+01   -2.160481e+01   -0.000000e+00   -0.000000e+00   1.506336e+02   2.259833e-08   9.773059e-03
7.920000e+01   -2.190065e+01   -0.000000e+00   -0.000000e+00   1.500092e+02   2.217836e-08   9.551681e-03
7.930000e+01   -2.217406e+01   -0.000000e+00   -0.000000e+00   1.494154e+02   2.176030e-08   9.334533e-03
7.940000e+01   -2.241258e+01   -0.000000e+00   -0.000000e+00   1.488541e+02   2.134404e-08   9.121573e-03
7.950000e+01   -2.260289e+01   -0.000000e+00   -0.000000e+00   1.483270e+02   2.092954e-08   8.912760e-03
7.960000e+01   -2.264679e+01   -0.000000e+00   -0.000000e+00   1.478338e+02   2.051703e-08   8.708039e-03
7.970000e+01   -2.238850e+01   -0.000000e+00   -0.000000e+00   1.473731e+02   2.010684e-08   8.507348e-03
7.980000e+01   -2.193146e+01   -0.000000e+00   -0.000000e+00   1.469436e+02   1.969930e-08   8.310626e-03
7.990000e+01   -2.139108e+01   -0.000000e+00   -0.000000e+00   1.465440e+02   1.929472e-08   8.117813e-03
8.000000e+01   -2.088279e+01   -0.000000e+00   -0.000000e+00   1.461730e+02   1.889342e-08   7.928847e-03
8.010000e+01   -2.037820e+01   -0.000000e+00   -0.000000e+00   1.458293e+02   1.849565e-08   7.743668e-03
8.020000e+01   -1.963225e+01   -0.000000e+00   -0.000000e+00   1.455114e+02   1.810171e-08   7.562214e-03
8.030000e+01   -1.884896e+01   -0.000000e+00   -0.000000e+00   1.452182e+02   1.771182e-08   7.384426e-03
8.040000e+01   -1.826047e+01   -0.000000e+00   -0.000000e+00   1.449483e+02   1.732624e-08   7.210241e-03
8.050000e+01   -1.809896e+01   -0.000000e+00   -0.000000e+00   1.447003e+02   1.694518e-08   7.039598e-03
8.060000e+01   -1.856902e+01   -0.000000e+00   -0.000000e+00   1.444730e+02   1.656883e-08   6.872438e-03
8.070000e+01   -1.955930e+01   -0.000000e+00   -0.000000e+00   1.442649e+02   1.619740e-08   6.708699e-03
8.080000e+01   -2.075670e+01   -0.000000e+00   -0.000000e+00   1.440749e+02   1.583103e-08   6.548320e-03
8.090000e+01   -2.184797e+01   -0.000000e+00   -0.000000e+00   1.439016e+02   1.546990e-08   6.391245e-03
8.100000e+01   -2.253058e+01   -0.000000e+00   -0.000000e+00   1.437440e+02   1.511416e-08   6.237434e-03
8.110000e+01   -2.266041e+01   -0.000000e+00   -0.000000e+00   1.436011e+02   1.476395e-08   6.086851e-03
8.120000e+01   -2.264104e+01   -0.000000e+00   -0.000000e+00   1.434719e+02   1.441942e-08   5.939461e-03
8.130000e+01   -2.251864e+01   -0.000000e+00   -0.000000e+00   1.433555e+02   1.408068e-08   5.795227e-03
8.140000e+01   -2.229381e+01   -0.000000e+00   -0.000000e+00   1.432509e+02   1.374785e-08   5.654114e-03
8.150000e+01   -2.196713e+01   -0.000000e+00   -0.000000e+00   1.431570e+02   1.342103e-08   5.516084e-03
8.160000e+01   -2.118367e+01   -0.000000e+00   -0.000000e+00   1.430730e+02   1.310030e-08   5.381103e-03
8.170000e+01   -1.879983e+01   -0.000000e+00   -0.000000e+00   1.429978e+02   1.278574e-08   5.249133e-03
8.180000e+01   -1.538221e+01   -0.000000e+00   -0.000000e+00   1.429304e+02   1.247742e-08   5.120140e-03
8.190000e+01   -1.167522e+01   -0.000000e+00   -0.000000e+00   1.428699e+02   1.217539e-08   4.994087e-03
8.200000e+01   -8.423275e+00   -0.000000e+00   -0.000000e+00   1.428153e+02   1.187970e-08   4.870938e-03
8.210000e+01   -6.079392e+00   -0.000000e+00   -0.000000e+00   1.427655e+02   1.159039e-08   4.750657e-03
8.220000e+01   -3.813956e+00   -0.000000e+00   -0.000000e+00   1.427197e+02   1.130747e-08   4.633208e-03
8.230000e+01   -1.678091e+00   -0.000000e+00   -0.000000e+00   1.426768e+02   1.103097e-08   4.518554e-03
8.240000e+01   1.235576e-01   -0.000000e+00   -0.000000e+00   1.426358e+02   1.076090e-08   4.406661e-03
8.250000e+01   1.386346e+00   -0.000000e+00   -0.000000e+00   1.425958e+02   1.049726e-08   4.297491e-03
8.260000e+01   1.940046e+00   -0.000000e+00   -0.000000e+00   1.425558e+02   1.024003e-08   4.191009e-03
8.270000e+01   1.911448e+00   -0.000000e+00   -0.000000e+00   1.425148e+02   9.989217e-09   4.087179e-03
8.280000e+01   1.491657e+00   -0.000000e+00   -0.000000e+00   1.424718e+02   9.744785e-09   3.985965e-03
8.290000e+01   8.605684e-01   -0.000000e+00   -0.000000e+00   1.424265e+02   9.506662e-09   3.887329e-03
8.300000e+01   2.042775e-01   -0.000000e+00   -0.000000e+00   1.423823e+02   9.274520e-09   3.791226e-03
8.310000e+01   -3.266633e-01   -0.000000e+00   -0.000000e+00   1.423435e+02   9.047977e-09   3.697612e-03
8.320000e+01   -8.499840e-01   -0.000000e+00   -0.000000e+00   1.423145e+02   8.826675e-09   3.606439e-03
8.330000e+01   -1.421668e+00   -0.000000e+00   -0.000000e+00   1.422997e+02   8.610283e-09   3.517660e-03
8.340000e+01   -2.069183e+00   -0.000000e+00   -0.000000e+00   1.423036e+02   8.398495e-09   3.431230e-03
8.350000e+01   -2.820001e+00   -0.000000e+00   -0.000000e+00   1.423306e+02   8.191025e-09   3.347102e-03
8.360000e+01   -3.715865e+00   -0.000000e+00   -0.000000e+00   1.423850e+02   7.987613e-09   3.265229e-03
8.370000e+01   -4.836550e+00   -0.000000e+00   -0.000000e+00   1.424713e+02   7.788015e-09   3.185565e-03
8.380000e+01   -6.106295e+00   0.000000e+00   0.000000e+00   1.425938e+02   7.592012e-09   3.108064e-03
8.390000e+01   -7.424630e+00   0.000000e+00   0.000000e+00   1.427571e+02   7.399401e-09   3.032680e-03
8.400000e+01   -8.691084e+00   0.000000e+00   0.000000e+00   1.429654e+02   7.210001e-09   2.959365e-03
8.410000e+01   -9.844739e+00   0.000000e+00   0.000000e+00   1.432232e+02   7.023646e-09   2.888073e-03
8.420000e+01   -1.108052e+01   0.000000e+00   0.000000e+00   1.435348e+02   6.840192e-09   2.818759e-03
8.430000e+01   -1.231400e+01   0.000000e+00   0.000000e+00   1.439048e+02   6.659507e-09   2.751375e-03
8.440000e+01   -1.339016e+01   0.000000e+00   0.000000e+00   1.443375e+02   6.481482e-09   2.685875e-03
8.450000e+01   -1.415403e+01   0.000000e+00   0.000000e+00   1.448373e+02   6.306019e-09   2.622213e-03
8.460000e+01   -1.448250e+01   0.000000e+00   0.000000e+00   1.454086e+02   6.133038e-09   2.560342e-03
8.470000e+01   -1.458886e+01   0.000000e+00   0.000000e+00   1.460558e+02   5.962473e-09   2.500217e-03
8.480000e+01   -1.460048e+01   0.000000e+00   0.000000e+00   1.467834e+02   5.794273e-09   2.441789e-03
8.490000e+01   -1.458644e+01   0.000000e+00   0.000000e+00   1.475956e+02   5.628403e-09   2.385014e-03
8.500000e+01   -1.461778e+01   0.000000e+00   0.000000e+00   1.484926e+02   5.464999e-09   2.329846e-03
8.510000e+01   -1.479828e+01   0.000000e+00   0.000000e+00   1.494683e+02   5.304417e-09   2.276246e-03
8.520000e+01   -1.541255e+01   0.000000e+00   0.000000e+00   1.505162e+02   5.146983e-09   2.224171e-03
8.530000e+01   -1.628249e+01   0.000000e+00   0.000000e+00   1.516295e+02   4.992982e-09   2.173582e-03
8.540000e+01   -1.711682e+01   0.000000e+00   0.000000e+00   1.528017e+02   4.842652e-09   2.124437e-03
8.550000e+01   -1.762423e+01   0.000000e+00   0.000000e+00   1.540262e+02   4.696192e-09   2.076695e-03
8.560000e+01   -1.754144e+01   0.000000e+00   0.000000e+00   1.552964e+02   4.553759e-09   2.030317e-03
8.570000e+01   -1.707122e+01   0.000000e+00   0.000000e+00   1.566057e+02   4.415476e-09   1.985261e-03
8.580000e+01   -1.644022e+01   0.000000e+00   0.000000e+00   1.579475e+02   4.281432e-09   1.941486e-03
8.590000e+01   -1.579554e+01   0.000000e+00   0.000000e+00   1.593152e+02   4.151684e-09   1.898951e-03
8.600000e+01   -1.528426e+01   0.000000e+00   0.000000e+00   1.607021e+02   4.026263e-09   1.857617e-03
8.610000e+01   -1.504062e+01   0.000000e+00   0.000000e+00   1.621017e+02   3.905173e-09   1.817441e-03
8.620000e+01   -1.496165e+01   0.000000e+00   0.000000e+00   1.635074e+02   3.788397e-09   1.778383e-03
8.630000e+01   -1.497003e+01   0.000000e+00   0.000000e+00   1.649126e+02   3.675900e-09   1.740403e-03
8.640000e+01   -1.504465e+01   0.000000e+00   0.000000e+00   1.663106e+02   3.567627e-09   1.703460e-03
8.650000e+01   -1.516437e+01   0.000000e+00   0.000000e+00   1.676949e+02   3.463512e-09   1.667512e-03
8.660000e+01   -1.530920e+01   0.000000e+00   0.000000e+00   1.690589e+02   3.363473e-09   1.632519e-03
8.670000e+01   -1.548998e+01   0.000000e+00   0.000000e+00   1.703959e+02   3.267421e-09   1.598441e-03
8.680000e+01   -1.572798e+01   0.000000e+00   0.000000e+00   1.716994e+02   3.175256e-09   1.565236e-03
8.690000e+01   -1.603932e+01   0.000000e+00   0.000000e+00   1.729627e+02   3.086873e-09   1.532864e-03
8.700000e+01   -1.644011e+01   0.000000e+00   0.000000e+00   1.741793e+02   3.002161e-09   1.501283e-03
8.710000e+01   -1.695063e+01   0.000000e+00   0.000000e+00   1.753425e+02   2.921003e-09   1.470454e-03
8.720000e+01   -1.767520e+01   0.000000e+00   0.000000e+00   1.764460e+02   2.843281e-09   1.440337e-03
8.730000e+01   -1.861557e+01   0.000000e+00   0.000000e+00   1.774882e+02   2.768826e-09   1.410905e-03
8.740000e+01   -1.972018e+01   0.000000e+00   0.000000e+00   1.784708e+02   2.697452e-09   1.382144e-03
8.750000e+01   -2.093741e+01   0.000000e+00   0.000000e+00   1.793955e+02   2.628980e-09   1.354039e-03
8.760000e+01   -2.222860e+01   0.000000e+00   0.000000e+00   1.802642e+02   2.563248e-09   1.326577e-03
8.770000e+01   -2.390295e+01   0.000000e+00   0.000000e+00   1.810788e+02   2.500100e-09   1.299743e-03
8.780000e+01   -2.586854e+01   0.000000e+00   0.000000e+00   1.818410e+02   2.439395e-09   1.273522e-03
8.790000e+01   -2.779673e+01   0.000000e+00   0.000000e+00   1.825527e+02   2.380997e-09   1.247900e-03
8.800000e+01   -2.935889e+01   0.000000e+00   0.000000e+00   1.832158e+02   2.324782e-09   1.222862e-03
8.810000e+01   -3.021459e+01   0.000000e+00   0.000000e+00   1.838319e+02   2.270631e-09   1.198394e-03
8.820000e+01   -2.973918e+01   0.000000e+00   0.000000e+00   1.844030e+02   2.218432e-09   1.174482e-03
8.830000e+01   -2.826788e+01   0.000000e+00   0.000000e+00   1.849309e+02   2.168081e-09   1.151111e-03
8.840000e+01   -2.655585e+01   0.000000e+00   0.000000e+00   1.854174e+02   2.119479e-09   1.128267e-03
8.850000e+01   -2.535824e+01   0.000000e+00   0.000000e+00   1.858643e+02   2.072532e-09   1.105935e-03
8.860000e+01   -2.541769e+01   0.000000e+00   0.000000e+00   1.862735e+02   2.027152e-09   1.084101e-03
8.870000e+01   -2.641338e+01   0.000000e+00   0.000000e+00   1.866468e+02   1.983255e-09   1.062751e-03
8.880000e+01   -2.772105e+01   0.000000e+00   0.000000e+00   1.869859e+02   1.940760e-09   1.041869e-03
8.890000e+01   -2.912440e+01   0.000000e+00   0.000000e+00   1.872928e+02   1.899591e-09   1.021442e-03
8.900000e+01   -3.040716e+01   0.000000e+00   0.000000e+00   1.875693e+02   1.859676e-09   1.001455e-03
8.910000e+01   -3.135508e+01   0.000000e+00   0.000000e+00   1.878171e+02   1.820946e-09   9.818939e-04
8.920000e+01   -3.204006e+01   0.000000e+00   0.000000e+00   1.880382e+02   1.783333e-09   9.627440e-04
8.930000e+01   -3.261203e+01   0.000000e+00   0.000000e+00   1.882343e+02   1.746774e-09   9.439908e-04
8.940000e+01   -3.308642e+01   0.000000e+00   0.000000e+00   1.884072e+02   1.711209e-09   9.256201e-04
8.950000e+01   -3.347869e+01   0.000000e+00   0.000000e+00   1.885588e+02   1.676577e-09   9.076173e-04
8.960000e+01   -3.380262e+01   0.000000e+00   0.000000e+00   1.886909e+02   1.642824e-09   8.899681e-04
8.970000e+01   -3.368075e+01   0.000000e+00   0.000000e+00   1.888054e+02   1.609895e-09   8.726584e-04
8.980000e+01   -3.294484e+01   0.000000e+00   0.000000e+00   1.889037e+02   1.577751e-09   8.556802e-04
8.990000e+01   -3.178093e+01   0.000000e+00   0.000000e+00   1.889876e+02   1.546361e-09   8.390284e-04
9.000000e+01   -3.037506e+01   0.000000e+00   0.000000e+00   1.890585e+02   1.515696e-09   8.226985e-04
9.010000e+01   -2.891289e+01   0.000000e+00   0.000000e+00   1.891180e+02   1.485727e-09   8.066855e-04
9.020000e+01   -2.721606e+01   0.000000e+00   0.000000e+00   1.891676e+02   1.456428e-09   7.909848e-04
9.030000e+01   -2.511277e+01   0.000000e+00   0.000000e+00   1.892089e+02   1.427773e-09   7.755914e-04
9.040000e+01   -2.273393e+01   0.000000e+00   0.000000e+00   1.892433e+02   1.399738e-09   7.605007e-04
9.050000e+01   -2.021044e+01   0.000000e+00   0.000000e+00   1.892725e+02   1.372300e-09   7.457078e-04
9.060000e+01   -1.767320e+01   0.000000e+00   0.000000e+00   1.892979e+02   1.345435e-09   7.312080e-04
9.070000e+01   -1.485418e+01   0.000000e+00   0.000000e+00   1.893211e+02   1.319124e-09   7.169965e-04
9.080000e+01   -1.165391e+01   0.000000e+00   0.000000e+00   1.893436e+02   1.293345e-09   7.030685e-04
9.090000e+01   -8.456128e+00   0.000000e+00   0.000000e+00   1.893671e+02   1.268080e-09   6.894191e-04
9.100000e+01   -5.644562e+00   0.000000e+00   0.000000e+00   1.893929e+02   1.243308e-09   6.760437e-04
9.110000e+01   -3.602948e+00   0.000000e+00   0.000000e+00   1.894227e+02   1.219012e-09   6.629375e-04
9.120000e+01   -2.078230e+00   0.000000e+00   0.000000e+00   1.894580e+02   1.195176e-09   6.500956e-04
9.130000e+01   -6.138491e-01   0.000000e+00   0.000000e+00   1.895003e+02   1.171782e-09   6.375133e-04
9.140000e+01   5.854550e-01   0.000000e+00   0.000000e+00   1.895512e+02   1.148815e-09   6.251857e-04
9.150000e+01   1.314217e+00   0.000000e+00   0.000000e+00   1.896122e+02   1.126260e-09   6.131082e-04
9.160000e+01   1.366973e+00   0.000000e+00   0.000000e+00   1.896849e+02   1.104101e-09   6.012759e-04
9.170000e+01   9.249853e-01   0.000000e+00   0.000000e+00   1.897707e+02   1.082326e-09   5.896841e-04
9.180000e+01   4.163749e-01   0.000000e+00   0.000000e+00   1.898712e+02   1.060920e-09   5.783279e-04
9.190000e+01   -1.467834e-01   0.000000e+00   0.000000e+00   1.899880e+02   1.039871e-09   5.672026e-04
9.200000e+01   -7.542281e-01   0.000000e+00   0.000000e+00   1.901226e+02   1.019167e-09   5.563033e-04
9.210000e+01   -1.395698e+00   0.000000e+00   0.000000e+00   1.902765e+02   9.987964e-10   5.456254e-04
9.220000e+01   -2.731214e+00   0.000000e+00   0.000000e+00   1.904514e+02   9.787470e-10   5.351640e-04
9.230000e+01   -5.360512e+00   0.000000e+00   0.000000e+00   1.906480e+02   9.590120e-10   5.249147e-04
9.240000e+01   -8.675640e+00   0.000000e+00   0.000000e+00   1.908662e+02   9.395929e-10   5.148741e-04
9.250000e+01   -1.205982e+01   0.000000e+00   0.000000e+00   1.911051e+02   9.204925e-10   5.050391e-04
9.260000e+01   -1.489626e+01   0.000000e+00   0.000000e+00   1.913642e+02   9.017133e-10   4.954063e-04
9.270000e+01   -1.723116e+01   0.000000e+00   0.000000e+00   1.916428e+02   8.832569e-10   4.859726e-04
9.280000e+01   -1.968801e+01   0.000000e+00   0.000000e+00   1.919401e+02   8.651247e-10   4.767348e-04
9.290000e+01   -2.192941e+01   0.000000e+00   0.000000e+00   1.922557e+02   8.473177e-10   4.676897e-04
9.300000e+01   -2.360309e+01   0.000000e+00   0.000000e+00   1.925887e+02   8.298363e-10   4.588340e-04
9.310000e+01   -2.435676e+01   0.000000e+00   0.000000e+00   1.929385e+02   8.126806e-10   4.501645e-04
9.320000e+01   -2.427026e+01   0.000000e+00   0.000000e+00   1.933045e+02   7.958502e-10   4.416780e-04
9.330000e+01   -2.400043e+01   0.000000e+00   0.000000e+00   1.936861e+02   7.793443e-10   4.333713e-04
9.340000e+01   -2.359255e+01   0.000000e+00   0.000000e+00   1.940824e+02   7.631619e-10   4.252411e-04
9.350000e+01   -2.307637e+01   0.000000e+00   0.000000e+00   1.944930e+02   7.473014e-10   4.172844e-04
9.360000e+01   -2.248163e+01   0.000000e+00   0.000000e+00   1.949171e+02   7.317611e-10   4.094977e-04
9.370000e+01   -2.150529e+01   0.000000e+00   0.000000e+00   1.953540e+02   7.165386e-10   4.018780e-04
9.380000e+01   -1.971890e+01   0.000000e+00   0.000000e+00   1.958031e+02   7.016317e-10   3.944221e-04
9.390000e+01   -1.755125e+01   0.000000e+00   0.000000e+00   1.962638e+02   6.870374e-10   3.871266e-04
9.400000e+01   -1.545475e+01   0.000000e+00   0.000000e+00   1.967354e+02   6.727527e-10   3.799884e-04
9.410000e+01   -1.388179e+01   0.000000e+00   0.000000e+00   1.972172e+02   6.587744e-10   3.730042e-04
9.420000e+01   -1.301947e+01   0.000000e+00   0.000000e+00   1.977085e+02   6.450987e-10   3.661709e-04
9.430000e+01   -1.241321e+01   0.000000e+00   0.000000e+00   1.982087e+02   6.317220e-10   3.594853e-04
9.440000e+01   -1.193051e+01   0.000000e+00   0.000000e+00   1.987172e+02   6.186402e-10   3.529440e-04
9.450000e+01   -1.145833e+01   0.000000e+00   0.000000e+00   1.992332e+02   6.058489e-10   3.465440e-04
9.460000e+01   -1.088361e+01   0.000000e+00   0.000000e+00   1.997561e+02   5.933439e-10   3.402820e-04
9.470000e+01   -1.011847e+01   0.000000e+00   0.000000e+00   2.002853e+02   5.811204e-10   3.341547e-04
9.480000e+01   -9.189273e+00   0.000000e+00   0.000000e+00   2.008201e+02   5.691737e-10   3.281590e-04
9.490000e+01   -8.132707e+00   0.000000e+00   0.000000e+00   2.013598e+02   5.574988e-10   3.222916e-04
9.500000e+01   -6.981598e+00   0.000000e+00   0.000000e+00   2.019039e+02   5.460913e-10   3.165500e-04
9.510000e+01   -5.766662e+00   0.000000e+00   0.000000e+00   2.024519e+02   5.349471e-10   3.109317e-04
9.520000e+01   -4.371905e+00   0.000000e+00   0.000000e+00   2.030034e+02   5.240620e-10   3.054347e-04
9.530000e+01   -2.545044e+00   0.000000e+00   0.000000e+00   2.035580e+02   5.134317e-10   3.000567e-04
9.540000e+01   -5.801832e-01   0.000000e+00   0.000000e+00   2.041152e+02   5.030521e-10   2.947954e-04
9.550000e+01   1.197219e+00   0.000000e+00   0.000000e+00   2.046746e+02   4.929186e-10   2.896486e-04
9.560000e+01   2.461702e+00   0.000000e+00   0.000000e+00   2.052357e+02   4.830269e-10   2.846142e-04
9.570000e+01   3.097356e+00   0.000000e+00   0.000000e+00   2.057981e+02   4.733725e-10   2.796899e-04
9.580000e+01   3.587130e+00   0.000000e+00   0.000000e+00   2.063613e+02   4.639509e-10   2.748734e-04
9.590000e+01   3.927997e+00   0.000000e+00   0.000000e+00   2.069250e+02   4.547575e-10   2.701626e-04
9.600000e+01   4.069633e+00   0.000000e+00   0.000000e+00   2.074886e+02   4.457878e-10   2.655552e-04
9.610000e+01   3.961718e+00   0.000000e+00   0.000000e+00   2.080517e+02   4.370370e-10   2.610490e-04
9.620000e+01   3.613602e+00   0.000000e+00   0.000000e+00   2.086140e+02   4.285007e-10   2.566417e-04
9.630000e+01   3.214628e+00   0.000000e+00   0.000000e+00   2.091748e+02   4.201740e-10   2.523312e-04
9.640000e+01   2.782423e+00   0.000000e+00   0.000000e+00   2.097339e+02   4.120524e-10   2.481152e-04
9.650000e+01   2.315708e+00   0.000000e+00   0.000000e+00   2.102907e+02   4.041312e-10   2.439915e-04
9.660000e+01   1.813205e+00   0.000000e+00   0.000000e+00   2.108448e+02   3.964056e-10   2.399579e-04
9.670000e+01   1.197278e+00   0.000000e+00   0.000000e+00   2.113959e+02   3.888710e-10   2.360122e-04
9.680000e+01   2.153008e-01   0.000000e+00   0.000000e+00   2.119433e+02   3.815228e-10   2.321520e-04
9.690000e+01   -1.025170e+00   0.000000e+00   0.000000e+00   2.124867e+02   3.743562e-10   2.283753e-04
9.700000e+01   -2.378728e+00   0.000000e+00   0.000000e+00   2.130257e+02   3.673665e-10   2.246797e-04
9.710000e+01   -3.699967e+00   0.000000e+00   0.000000e+00   2.135598e+02   3.605492e-10   2.210631e-04
9.720000e+01   -4.899558e+00   0.000000e+00   0.000000e+00   2.140885e+02   3.538995e-10   2.175233e-04
9.730000e+01   -6.129008e+00   0.000000e+00   0.000000e+00   2.146115e+02   3.474128e-10   2.140579e-04
9.740000e+01   -7.362188e+00   0.000000e+00   0.000000e+00   2.151283e+02   3.410846e-10   2.106648e-04
9.750000e+01   -8.542972e+00   0.000000e+00   0.000000e+00   2.156384e+02   3.349102e-10   2.073418e-04
9.760000e+01   -9.615232e+00   0.000000e+00   0.000000e+00   2.161414e+02   3.288851e-10   2.040865e-04
9.770000e+01   -1.055381e+01   0.000000e+00   0.000000e+00   2.166368e+02   3.230046e-10   2.008969e-04
9.780000e+01   -1.146811e+01   0.000000e+00   0.000000e+00   2.171243e+02   3.172644e-10   1.977707e-04
9.790000e+01   -1.233200e+01   0.000000e+00   0.000000e+00   2.176034e+02   3.116599e-10   1.947058e-04
9.800000e+01   -1.309677e+01   0.000000e+00   0.000000e+00   2.180743e+02   3.061873e-10   1.917009e-04
9.810000e+01   -1.371404e+01   0.000000e+00   0.000000e+00   2.185374e+02   3.008433e-10   1.887550e-04
9.820000e+01   -1.401988e+01   0.000000e+00   0.000000e+00   2.189929e+02   2.956242e-10   1.858670e-04
9.830000e+01   -1.347187e+01   0.000000e+00   0.000000e+00   2.194411e+02   2.905268e-10   1.830360e-04
9.840000e+01   -1.241541e+01   0.000000e+00   0.000000e+00   2.198824e+02   2.855478e-10   1.802610e-04
9.850000e+01   -1.133355e+01   0.000000e+00   0.000000e+00   2.203171e+02   2.806841e-10   1.775409e-04
9.860000e+01   -1.070937e+01   0.000000e+00   0.000000e+00   2.207456e+02   2.759324e-10   1.748748e-04
9.870000e+01   -1.093720e+01   0.000000e+00   0.000000e+00   2.211681e+02   2.712898e-10   1.722615e-04
9.880000e+01   -1.168894e+01   0.000000e+00   0.000000e+00   2.215849e+02   2.667533e-10   1.697002e-04
9.890000e+01   -1.279812e+01   0.000000e+00   0.000000e+00   2.219965e+02   2.623201e-10   1.671899e-04
9.900000e+01   -1.418759e+01   0.000000e+00   0.000000e+00   2.224030e+02   2.579871e-10   1.647294e-04
9.910000e+01   -1.578024e+01   0.000000e+00   0.000000e+00   2.228049e+02   2.537518e-10   1.623178e-04
9.920000e+01   -1.770032e+01   0.000000e+00   0.000000e+00   2.232024e+02   2.496112e-10   1.599541e-04
9.930000e+01   -2.123375e+01   0.000000e+00   0.000000e+00   2.235959e+02   2.455629e-10   1.576373e-04
9.940000e+01   -2.599485e+01   0.000000e+00   0.000000e+00   2.239857e+02   2.416040e-10   1.553663e-04
9.950000e+01   -3.121664e+01   0.000000e+00   0.000000e+00   2.243720e+02   2.377322e-10   1.531402e-04
9.960000e+01   -3.613210e+01   0.000000e+00   0.000000e+00   2.247554e+02   2.339448e-10   1.509579e-04
9.970000e+01   -4.008584e+01   0.000000e+00   0.000000e+00   2.251359e+02   2.302394e-10   1.488185e-04
9.980000e+01   -4.360367e+01   0.000000e+00   0.000000e+00   2.255141e+02   2.266135e-10   1.467208e-04
9.990000e+01   -4.691932e+01   0.000000e+00   0.000000e+00   2.258901e+02   2.230648e-10   1.446641e-04
1.000000e+02   -5.006328e+01   0.000000e+00   0.000000e+00   2.262643e+02   2.195909e-10   1.426471e-04
1.001000e+02   -5.306603e+01   0.000000e+00   0.000000e+00   2.266371e+02   2.161895e-10   1.406689e-04
1.002000e+02   -5.595581e+01   0.000000e+00   0.000000e+00   2.270087e+02   2.128583e-10   1.387285e-04
1.003000e+02   -5.872871e+01   0.000000e+00   0.000000e+00   2.273795e+02   2.095952e-10   1.368248e-04
1.004000e+02   -6.137900e+01   0.000000e+00   0.000000e+00   2.277498e+02   2.063977e-10   1.349570e-04
1.005000e+02   -6.390557e+01   0.000000e+00   0.000000e+00   2.281199e+02   2.032639e-10   1.331239e-04
1.006000e+02   -6.630731e+01   0.000000e+00   0.000000e+00   2.284902e+02   2.001916e-10   1.313245e-04
1.007000e+02   -6.858585e+01   0.000000e+00   0.000000e+00   2.288609e+02   1.971787e-10   1.295579e-04
1.008000e+02   -7.077008e+01   0.000000e+00   0.000000e+00   2.292324e+02   1.942231e-10   1.278230e-04
1.009000e+02   -7.285268e+01   0.000000e+00   0.000000e+00   2.296050e+02   1.913227e-10   1.261189e-04
1.010000e+02   -7.481400e+01   0.000000e+00   0.000000e+00   2.299790e+02   1.884755e-10   1.244444e-04
1.011000e+02   -7.663440e+01   0.000000e+00   0.000000e+00   2.303547e+02   1.856796e-10   1.227987e-04
1.012000e+02   -7.832091e+01   0.000000e+00   0.000000e+00   2.307325e+02   1.829330e-10   1.211806e-04
1.013000e+02   -8.018505e+01   0.000000e+00   0.000000e+00   2.311127e+02   1.802336e-10   1.195892e-04
1.014000e+02   -8.206133e+01   0.000000e+00   0.000000e+00   2.314958e+02   1.775799e-10   1.180237e-04
1.015000e+02   -8.361407e+01   0.000000e+00   0.000000e+00   2.318826e+02   1.749701e-10   1.164835e-04
1.016000e+02   -8.450775e+01   0.000000e+00   0.000000e+00   2.322742e+02   1.724030e-10   1.149683e-04
1.017000e+02   -8.443554e+01   0.000000e+00   0.000000e+00   2.326717e+02   1.698771e-10   1.134778e-04
1.018000e+02   -8.374186e+01   0.000000e+00   0.000000e+00   2.330759e+02   1.673913e-10   1.120115e-04
1.019000e+02   -8.271219e+01   0.000000e+00   0.000000e+00   2.334881e+02   1.649442e-10   1.105692e-04
1.020000e+02   -8.145484e+01   0.000000e+00   0.000000e+00   2.339091e+02   1.625347e-10   1.091505e-04
1.021000e+02   -8.007814e+01   0.000000e+00   0.000000e+00   2.343400e+02   1.601616e-10   1.077549e-04
1.022000e+02   -7.867675e+01   0.000000e+00   0.000000e+00   2.347819e+02   1.578238e-10   1.063823e-04
1.023000e+02   -7.702757e+01   0.000000e+00   0.000000e+00   2.352356e+02   1.555202e-10   1.050321e-04
1.024000e+02   -7.512169e+01   0.000000e+00   0.000000e+00   2.357024e+02   1.532497e-10   1.037041e-04
1.025000e+02   -7.310061e+01   0.000000e+00   0.000000e+00   2.361831e+02   1.510114e-10   1.023979e-04
1.026000e+02   -7.110580e+01   0.000000e+00   0.000000e+00   2.366788e+02   1.488043e-10   1.011131e-04
1.027000e+02   -6.927225e+01   0.000000e+00   0.000000e+00   2.371905e+02   1.466275e-10   9.984931e-05
1.028000e+02   -6.750286e+01   0.000000e+00   0.000000e+00   2.377193e+02   1.444800e-10   9.860626e-05
1.029000e+02   -6.574717e+01   0.000000e+00   0.000000e+00   2.382661e+02   1.423610e-10   9.738357e-05
1.030000e+02   -6.404846e+01   0.000000e+00   0.000000e+00   2.388320e+02   1.402697e-10   9.618087e-05
1.031000e+02   -6.245001e+01   0.000000e+00   0.000000e+00   2.394179e+02   1.382052e-10   9.499780e-05
1.032000e+02   -6.099449e+01   0.000000e+00   0.000000e+00   2.400250e+02   1.361668e-10   9.383400e-05
1.033000e+02   -5.967546e+01   0.000000e+00   0.000000e+00   2.406543e+02   1.341537e-10   9.268911e-05
1.034000e+02   -5.843918e+01   0.000000e+00   0.000000e+00   2.413067e+02   1.321653e-10   9.156279e-05
1.035000e+02   -5.723698e+01   0.000000e+00   0.000000e+00   2.419832e+02   1.302007e-10   9.045465e-05
1.036000e+02   -5.602018e+01   0.000000e+00   0.000000e+00   2.426850e+02   1.282594e-10   8.936436e-05
1.037000e+02   -5.473979e+01   0.000000e+00   0.000000e+00   2.434130e+02   1.263406e-10   8.829155e-05
1.038000e+02   -5.335315e+01   0.000000e+00   0.000000e+00   2.441682e+02   1.244439e-10   8.723585e-05
1.039000e+02   -5.190454e+01   0.000000e+00   0.000000e+00   2.449516e+02   1.225686e-10   8.619693e-05
1.040000e+02   -5.046525e+01   0.000000e+00   0.000000e+00   2.457643e+02   1.207141e-10   8.517440e-05
1.041000e+02   -4.910658e+01   0.000000e+00   0.000000e+00   2.466073e+02   1.188798e-10   8.416792e-05
1.042000e+02   -4.789954e+01   0.000000e+00   0.000000e+00   2.474817e+02   1.170654e-10   8.317713e-05
1.043000e+02   -4.685177e+01   0.000000e+00   0.000000e+00   2.483883e+02   1.152702e-10   8.220167e-05
1.044000e+02   -4.588971e+01   0.000000e+00   0.000000e+00   2.493284e+02   1.134938e-10   8.124117e-05
1.045000e+02   -4.494539e+01   0.000000e+00   0.000000e+00   2.503027e+02   1.117357e-10   8.029529e-05
1.046000e+02   -4.395082e+01   0.000000e+00   0.000000e+00   2.513125e+02   1.099956e-10   7.936366e-05
1.047000e+02   -4.283719e+01   0.000000e+00   0.000000e+00   2.523587e+02   1.082729e-10   7.844593e-05
1.048000e+02   -4.137606e+01   0.000000e+00   0.000000e+00   2.534423e+02   1.065673e-10   7.754173e-05
1.049000e+02   -3.956508e+01   0.000000e+00   0.000000e+00   2.545644e+02   1.048784e-10   7.665071e-05
1.050000e+02   -3.760461e+01   0.000000e+00   0.000000e+00   2.557259e+02   1.032059e-10   7.577251e-05
1.051000e+02   -3.569502e+01   0.000000e+00   0.000000e+00   2.569279e+02   1.015494e-10   7.490677e-05
1.052000e+02   -3.403652e+01   0.000000e+00   0.000000e+00   2.581714e+02   9.990859e-11   7.405313e-05
1.053000e+02   -3.265119e+01   0.000000e+00   0.000000e+00   2.594575e+02   9.828316e-11   7.321123e-05
1.054000e+02   -3.138972e+01   0.000000e+00   0.000000e+00   2.607871e+02   9.667284e-11   7.238072e-05
1.055000e+02   -3.017157e+01   0.000000e+00   0.000000e+00   2.621604e+02   9.507775e-11   7.156132e-05
1.056000e+02   -2.891597e+01   0.000000e+00   0.000000e+00   2.635760e+02   9.349877e-11   7.075289e-05
1.057000e+02   -2.754210e+01   0.000000e+00   0.000000e+00   2.650326e+02   9.193675e-11   6.995533e-05
1.058000e+02   -2.586941e+01   0.000000e+00   0.000000e+00   2.665285e+02   9.039250e-11   6.916851e-05
1.059000e+02   -2.392339e+01   0.000000e+00   0.000000e+00   2.680623e+02   8.886673e-11   6.839232e-05
1.060000e+02   -2.193222e+01   0.000000e+00   0.000000e+00   2.696325e+02   8.736011e-11   6.762664e-05
1.061000e+02   -2.012412e+01   0.000000e+00   0.000000e+00   2.712376e+02   8.587324e-11   6.687136e-05
1.062000e+02   -1.872727e+01   0.000000e+00   0.000000e+00   2.728761e+02   8.440665e-11   6.612636e-05
1.063000e+02   -1.765027e+01   0.000000e+00   0.000000e+00   2.745466e+02   8.296082e-11   6.539152e-05
1.064000e+02   -1.663499e+01   0.000000e+00   0.000000e+00   2.762474e+02   8.153616e-11   6.466672e-05
1.065000e+02   -1.571962e+01   0.000000e+00   0.000000e+00   2.779772e+02   8.013304e-11   6.395186e-05
1.066000e+02   -1.494269e+01   0.000000e+00   0.000000e+00   2.797344e+02   7.875177e-11   6.324680e-05
1.067000e+02   -1.434274e+01   0.000000e+00   0.000000e+00   2.815175e+02   7.739262e-11   6.255145e-05
1.068000e+02   -1.401007e+01   0.000000e+00   0.000000e+00   2.833251e+02   7.605579e-11   6.186567e-05
1.069000e+02   -1.393207e+01   0.000000e+00   0.000000e+00   2.851557e+02   7.474145e-11   6.118936e-05
1.070000e+02   -1.395828e+01   0.000000e+00   0.000000e+00   2.870077e+02   7.344974e-11   6.052240e-05
1.071000e+02   -1.393787e+01   0.000000e+00   0.000000e+00   2.888796e+02   7.218072e-11   5.986466e-05
1.072000e+02   -1.371999e+01   0.000000e+00   0.000000e+00   2.907701e+02   7.093447e-11   5.921604e-05
1.073000e+02   -1.322395e+01   0.000000e+00   0.000000e+00   2.926775e+02   6.971097e-11   5.857642e-05
1.074000e+02   -1.252498e+01   0.000000e+00   0.000000e+00   2.946004e+02   6.851022e-11   5.794568e-05
1.075000e+02   -1.167861e+01   0.000000e+00   0.000000e+00   2.965373e+02   6.733217e-11   5.732371e-05
1.076000e+02   -1.073984e+01   0.000000e+00   0.000000e+00   2.984867e+02   6.617672e-11   5.671038e-05
1.077000e+02   -9.763687e+00   0.000000e+00   0.000000e+00   3.004471e+02   6.504378e-11   5.610559e-05
1.078000e+02   -8.636667e+00   0.000000e+00   0.000000e+00   3.024170e+02   6.393321e-11   5.550921e-05
1.079000e+02   -7.180792e+00   0.000000e+00   0.000000e+00   3.043949e+02   6.284486e-11   5.492113e-05
1.080000e+02   -5.521156e+00   0.000000e+00   0.000000e+00   3.063793e+02   6.177854e-11   5.434124e-05
1.081000e+02   -3.787058e+00   0.000000e+00   0.000000e+00   3.083688e+02   6.073408e-11   5.376941e-05
1.082000e+02   -2.107800e+00   0.000000e+00   0.000000e+00   3.103618e+02   5.971124e-11   5.320553e-05
1.083000e+02   -3.445273e-01   0.000000e+00   0.000000e+00   3.123569e+02   5.870981e-11   5.264948e-05
1.084000e+02   1.732598e+00   0.000000e+00   0.000000e+00   3.143525e+02   5.772954e-11   5.210115e-05
1.085000e+02   3.766432e+00   0.000000e+00   0.000000e+00   3.163471e+02   5.677017e-11   5.156042e-05
1.086000e+02   5.387997e+00   0.000000e+00   0.000000e+00   3.183394e+02   5.583144e-11   5.102718e-05
1.087000e+02   6.228314e+00   0.000000e+00   0.000000e+00   3.203277e+02   5.491308e-11   5.050130e-05
1.088000e+02   6.311699e+00   0.000000e+00   0.000000e+00   3.223105e+02   5.401479e-11   4.998268e-05
1.089000e+02   6.295938e+00   0.000000e+00   0.000000e+00   3.242865e+02   5.313628e-11   4.947119e-05
1.090000e+02   6.233223e+00   0.000000e+00   0.000000e+00   3.262540e+02   5.227725e-11   4.896671e-05
1.091000e+02   6.153825e+00   0.000000e+00   0.000000e+00   3.282116e+02   5.143740e-11   4.846914e-05
1.092000e+02   6.088016e+00   0.000000e+00   0.000000e+00   3.301579e+02   5.061641e-11   4.797836e-05
1.093000e+02   6.505374e+00   0.000000e+00   0.000000e+00   3.320912e+02   4.981398e-11   4.749424e-05
1.094000e+02   8.072539e+00   0.000000e+00   0.000000e+00   3.340101e+02   4.902978e-11   4.701668e-05
1.095000e+02   1.013958e+01   0.000000e+00   0.000000e+00   3.359132e+02   4.826349e-11   4.654555e-05
1.096000e+02   1.200926e+01   0.000000e+00   0.000000e+00   3.377989e+02   4.751479e-11   4.608074e-05
1.097000e+02   1.298437e+01   0.000000e+00   0.000000e+00   3.396657e+02   4.678337e-11   4.562214e-05
1.098000e+02   1.288260e+01   0.000000e+00   0.000000e+00   3.415122e+02   4.606890e-11   4.516962e-05
1.099000e+02   1.268762e+01   0.000000e+00   0.000000e+00   3.433368e+02   4.537105e-11   4.472307e-05
1.100000e+02   1.245878e+01   0.000000e+00   0.000000e+00   3.451381e+02   4.468951e-11   4.428237e-05
1.101000e+02   1.219561e+01   0.000000e+00   0.000000e+00   3.469146e+02   4.402396e-11   4.384742e-05
1.102000e+02   1.189829e+01   0.000000e+00   0.000000e+00   3.486657e+02   4.337399e-11   4.341811e-05
1.103000e+02   1.141746e+01   0.000000e+00   0.000000e+00   3.503919e+02   4.273910e-11   4.299438e-05
1.104000e+02   1.039733e+01   0.000000e+00   0.000000e+00   3.520938e+02   4.211881e-11   4.257618e-05
1.105000e+02   8.972347e+00   0.000000e+00   0.000000e+00   3.537719e+02   4.151265e-11   4.216345e-05
1.106000e+02   7.307033e+00   0.000000e+00   0.000000e+00   3.554267e+02   4.092019e-11   4.175611e-05
1.107000e+02   5.565902e+00   0.000000e+00   0.000000e+00   3.570589e+02   4.034099e-11   4.135412e-05
1.108000e+02   3.804306e+00   0.000000e+00   0.000000e+00   3.586690e+02   3.977464e-11   4.095740e-05
1.109000e+02   1.786893e+00   0.000000e+00   0.000000e+00   3.602574e+02   3.922075e-11   4.056591e-05
1.110000e+02   -4.446841e-01   0.000000e+00   0.000000e+00   3.618249e+02   3.867894e-11   4.017957e-05
1.111000e+02   -2.823284e+00   0.000000e+00   0.000000e+00   3.633718e+02   3.814884e-11   3.979834e-05
1.112000e+02   -5.281765e+00   0.000000e+00   0.000000e+00   3.648987e+02   3.763011e-11   3.942214e-05
1.113000e+02   -7.826551e+00   0.000000e+00   0.000000e+00   3.664063e+02   3.712239e-11   3.905091e-05
1.114000e+02   -1.062177e+01   0.000000e+00   0.000000e+00   3.678950e+02   3.662536e-11   3.868460e-05
1.115000e+02   -1.354289e+01   0.000000e+00   0.000000e+00   3.693654e+02   3.613870e-11   3.832314e-05
1.116000e+02   -1.643887e+01   0.000000e+00   0.000000e+00   3.708180e+02   3.566212e-11   3.796648e-05
1.117000e+02   -1.915864e+01   0.000000e+00   0.000000e+00   3.722535e+02   3.519531e-11   3.761455e-05
1.118000e+02   -2.168993e+01   0.000000e+00   0.000000e+00   3.736722e+02   3.473799e-11   3.726729e-05
1.119000e+02   -2.438764e+01   0.000000e+00   0.000000e+00   3.750748e+02   3.428988e-11   3.692464e-05
1.120000e+02   -2.701494e+01   0.000000e+00   0.000000e+00   3.764619e+02   3.385073e-11   3.658654e-05
1.121000e+02   -2.926929e+01   0.000000e+00   0.000000e+00   3.778340e+02   3.342026e-11   3.625293e-05
1.122000e+02   -3.084812e+01   0.000000e+00   0.000000e+00   3.791915e+02   3.299824e-11   3.592375e-05
1.123000e+02   -3.163717e+01   0.000000e+00   0.000000e+00   3.805351e+02   3.258441e-11   3.559894e-05
1.124000e+02   -3.233151e+01   0.000000e+00   0.000000e+00   3.818654e+02   3.217856e-11   3.527843e-05
1.125000e+02   -3.303080e+01   0.000000e+00   0.000000e+00   3.831828e+02   3.178044e-11   3.496216e-05
1.126000e+02   -3.373404e+01   0.000000e+00   0.000000e+00   3.844879e+02   3.138985e-11   3.465008e-05
1.127000e+02   -3.444021e+01   0.000000e+00   0.000000e+00   3.857813e+02   3.100656e-11   3.434213e-05
1.128000e+02   -3.508762e+01   0.000000e+00   0.000000e+00   3.870635e+02   3.063038e-11   3.403823e-05
1.129000e+02   -3.542762e+01   0.000000e+00   0.000000e+00   3.883350e+02   3.026110e-11   3.373834e-05
1.130000e+02   -3.558956e+01   0.000000e+00   0.000000e+00   3.895965e+02   2.989853e-11   3.344239e-05
1.131000e+02   -3.575593e+01   -0.000000e+00   -0.000000e+00   3.908484e+02   2.954248e-11   3.315032e-05
1.132000e+02   -3.610918e+01   -0.000000e+00   -0.000000e+00   3.920913e+02   2.919277e-11   3.286207e-05
1.133000e+02   -3.688061e+01   -0.000000e+00   -0.000000e+00   3.933257e+02   2.884922e-11   3.257757e-05
1.134000e+02   -3.834459e+01   -0.000000e+00   -0.000000e+00   3.945522e+02   2.851165e-11   3.229677e-05
1.135000e+02   -4.021905e+01   -0.000000e+00   -0.000000e+00   3.957714e+02   2.817989e-11   3.201961e-05
1.136000e+02   -4.215077e+01   -0.000000e+00   -0.000000e+00   3.969837e+02   2.785379e-11   3.174603e-05
1.137000e+02   -4.378657e+01   -0.000000e+00   -0.000000e+00   3.981898e+02   2.753318e-11   3.147596e-05
1.138000e+02   -4.485468e+01   -0.000000e+00   -0.000000e+00   3.993901e+02   2.721792e-11   3.120934e-05
1.139000e+02   -4.570972e+01   -0.000000e+00   -0.000000e+00   4.005853e+02   2.690783e-11   3.094611e-05
1.140000e+02   -4.649742e+01   -0.000000e+00   -0.000000e+00   4.017759e+02   2.660279e-11   3.068622e-05
1.141000e+02   -4.727665e+01   -0.000000e+00   -0.000000e+00   4.029623e+02   2.630264e-11   3.042960e-05
1.142000e+02   -4.810629e+01   -0.000000e+00   -0.000000e+00   4.041453e+02   2.600725e-11   3.017619e-05
1.143000e+02   -4.918482e+01   -0.000000e+00   -0.000000e+00   4.053252e+02   2.571648e-11   2.992592e-05
1.144000e+02   -5.141213e+01   -0.000000e+00   -0.000000e+00   4.065027e+02   2.543020e-11   2.967875e-05
1.145000e+02   -5.434607e+01   -0.000000e+00   -0.000000e+00   4.076783e+02   2.514827e-11   2.943460e-05
1.146000e+02   -5.726396e+01   -0.000000e+00   -0.000000e+00   4.088526e+02   2.487057e-11   2.919342e-05
1.147000e+02   -5.944308e+01   -0.000000e+00   -0.000000e+00   4.100261e+02   2.459698e-11   2.895514e-05
1.148000e+02   -6.029978e+01   -0.000000e+00   -0.000000e+00   4.111993e+02   2.432738e-11   2.871971e-05
1.149000e+02   -6.065739e+01   -0.000000e+00   -0.000000e+00   4.123729e+02   2.406164e-11   2.848707e-05
1.150000e+02   -6.085361e+01   -0.000000e+00   -0.000000e+00   4.135473e+02   2.379966e-11   2.825714e-05
1.151000e+02   -6.096100e+01   -0.000000e+00   -0.000000e+00   4.147230e+02   2.354132e-11   2.802988e-05
1.152000e+02   -6.105211e+01   -0.000000e+00   -0.000000e+00   4.159007e+02   2.328650e-11   2.780522e-05
1.153000e+02   -6.119393e+01   -0.000000e+00   -0.000000e+00   4.170809e+02   2.303511e-11   2.758310e-05
1.154000e+02   -6.136539e+01   -0.000000e+00   -0.000000e+00   4.182642e+02   2.278704e-11   2.736346e-05
1.155000e+02   -6.152408e+01   -0.000000e+00   -0.000000e+00   4.194510e+02   2.254219e-11   2.714623e-05
1.156000e+02   -6.163721e+01   -0.000000e+00   -0.000000e+00   4.206419e+02   2.230044e-11   2.693137e-05
1.157000e+02   -6.167198e+01   -0.000000e+00   -0.000000e+00   4.218376e+02   2.206172e-11   2.671880e-05
1.158000e+02   -6.158950e+01   -0.000000e+00   -0.000000e+00   4.230383e+02   2.182593e-11   2.650847e-05
1.159000e+02   -6.130261e+01   -0.000000e+00   -0.000000e+00   4.242442e+02   2.159302e-11   2.630036e-05
1.160000e+02   -6.083764e+01   -0.000000e+00   -0.000000e+00   4.254550e+02   2.136299e-11   2.609444e-05
1.161000e+02   -6.025284e+01   -0.000000e+00   -0.000000e+00   4.266706e+02   2.113580e-11   2.589070e-05
1.162000e+02   -5.960643e+01   -0.000000e+00   -0.000000e+00   4.278910e+02   2.091142e-11   2.568910e-05
1.163000e+02   -5.893370e+01   -0.000000e+00   -0.000000e+00   4.291159e+02   2.068982e-11   2.548964e-05
1.164000e+02   -5.798580e+01   -0.000000e+00   -0.000000e+00   4.303452e+02   2.047099e-11   2.529229e-05
1.165000e+02   -5.687463e+01   -0.000000e+00   -0.000000e+00   4.315789e+02   2.025489e-11   2.509703e-05
1.166000e+02   -5.585282e+01   -0.000000e+00   -0.000000e+00   4.328166e+02   2.004149e-11   2.490384e-05
1.167000e+02   -5.517301e+01   -0.000000e+00   -0.000000e+00   4.340584e+02   1.983077e-11   2.471270e-05
1.168000e+02   -5.507863e+01   -0.000000e+00   -0.000000e+00   4.353041e+02   1.962271e-11   2.452359e-05
1.169000e+02   -5.553430e+01   -0.000000e+00   -0.000000e+00   4.365535e+02   1.941727e-11   2.433649e-05
1.170000e+02   -5.635543e+01   -0.000000e+00   -0.000000e+00   4.378064e+02   1.921442e-11   2.415138e-05
1.171000e+02   -5.739080e+01   -0.000000e+00   -0.000000e+00   4.390629e+02   1.901415e-11   2.396823e-05
1.172000e+02   -5.848923e+01   -0.000000e+00   -0.000000e+00   4.403227e+02   1.881641e-11   2.378703e-05
1.173000e+02   -5.952119e+01   -0.000000e+00   -0.000000e+00   4.415856e+02   1.862119e-11   2.360776e-05
1.174000e+02   -6.083689e+01   -0.000000e+00   -0.000000e+00   4.428516e+02   1.842846e-11   2.343039e-05
1.175000e+02   -6.237934e+01   -0.000000e+00   -0.000000e+00   4.441206e+02   1.823818e-11   2.325491e-05
1.176000e+02   -6.384230e+01   -0.000000e+00   -0.000000e+00   4.453923e+02   1.805033e-11   2.308130e-05
1.177000e+02   -6.491953e+01   -0.000000e+00   -0.000000e+00   4.466666e+02   1.786489e-11   2.290953e-05
1.178000e+02   -6.532184e+01   -0.000000e+00   -0.000000e+00   4.479435e+02   1.768182e-11   2.273958e-05
1.179000e+02   -6.538548e+01   -0.000000e+00   -0.000000e+00   4.492227e+02   1.750109e-11   2.257144e-05
1.180000e+02   -6.537360e+01   -0.000000e+00   -0.000000e+00   4.505041e+02   1.732269e-11   2.240508e-05
1.181000e+02   -6.531182e+01   -0.000000e+00   -0.000000e+00   4.517877e+02   1.714658e-11   2.224048e-05
1.182000e+02   -6.522581e+01   -0.000000e+00   -0.000000e+00   4.530731e+02   1.697273e-11   2.207762e-05
1.183000e+02   -6.514071e+01   -0.000000e+00   -0.000000e+00   4.543604e+02   1.680112e-11   2.191649e-05
1.184000e+02   -6.505346e+01   -0.000000e+00   -0.000000e+00   4.556494e+02   1.663171e-11   2.175706e-05
1.185000e+02   -6.495050e+01   -0.000000e+00   -0.000000e+00   4.569399e+02   1.646449e-11   2.159930e-05
1.186000e+02   -6.482650e+01   -0.000000e+00   -0.000000e+00   4.582319e+02   1.629942e-11   2.144321e-05
1.187000e+02   -6.467610e+01   -0.000000e+00   -0.000000e+00   4.595251e+02   1.613648e-11   2.128875e-05
1.188000e+02   -6.449430e+01   -0.000000e+00   -0.000000e+00   4.608194e+02   1.597563e-11   2.113592e-05
1.189000e+02   -6.429708e+01   -0.000000e+00   -0.000000e+00   4.621147e+02   1.581686e-11   2.098468e-05
1.190000e+02   -6.408620e+01   -0.000000e+00   -0.000000e+00   4.634109e+02   1.566013e-11   2.083502e-05
1.191000e+02   -6.384834e+01   -0.000000e+00   -0.000000e+00   4.647078e+02   1.550542e-11   2.068692e-05
1.192000e+02   -6.357019e+01   -0.000000e+00   -0.000000e+00   4.660053e+02   1.535270e-11   2.054035e-05
1.193000e+02   -6.323581e+01   -0.000000e+00   -0.000000e+00   4.673032e+02   1.520194e-11   2.039530e-05
1.194000e+02   -6.255760e+01   -0.000000e+00   -0.000000e+00   4.686014e+02   1.505312e-11   2.025175e-05
1.195000e+02   -6.146088e+01   -0.000000e+00   -0.000000e+00   4.698998e+02   1.490621e-11   2.010967e-05
1.196000e+02   -6.010706e+01   -0.000000e+00   -0.000000e+00   4.711983e+02   1.476119e-11   1.996905e-05
1.197000e+02   -5.865751e+01   -0.000000e+00   -0.000000e+00   4.724966e+02   1.461802e-11   1.982986e-05
1.198000e+02   -5.727195e+01   -0.000000e+00   -0.000000e+00   4.737947e+02   1.447668e-11   1.969208e-05
1.199000e+02   -5.570935e+01   -0.000000e+00   -0.000000e+00   4.750924e+02   1.433715e-11   1.955569e-05
1.200000e+02   -5.390596e+01   -0.000000e+00   -0.000000e+00   4.763896e+02   1.419940e-11   1.942068e-05
1.201000e+02   -5.214548e+01   -0.000000e+00   -0.000000e+00   4.776861e+02   1.406340e-11   1.928702e-05
1.202000e+02   -5.071161e+01   -0.000000e+00   -0.000000e+00   4.789819e+02   1.392912e-11   1.915470e-05
1.203000e+02   -4.988793e+01   -0.000000e+00   -0.000000e+00   4.802767e+02   1.379655e-11   1.902368e-05
1.204000e+02   -4.974090e+01   -0.000000e+00   -0.000000e+00   4.815705e+02   1.366566e-11   1.889395e-05
1.205000e+02   -5.000496e+01   -0.000000e+00   -0.000000e+00   4.828631e+02   1.353641e-11   1.876549e-05
1.206000e+02   -5.044271e+01   -0.000000e+00   -0.000000e+00   4.841543e+02   1.340880e-11   1.863828e-05
1.207000e+02   -5.081672e+01   -0.000000e+00   -0.000000e+00   4.854440e+02   1.328278e-11   1.851231e-05
1.208000e+02   -5.088958e+01   -0.000000e+00   -0.000000e+00   4.867322e+02   1.315834e-11   1.838753e-05
1.209000e+02   -5.072532e+01   -0.000000e+00   -0.000000e+00   4.880186e+02   1.303545e-11   1.826395e-05
1.210000e+02   -5.052956e+01   -0.000000e+00   -0.000000e+00   4.893031e+02   1.291409e-11   1.814153e-05
1.211000e+02   -5.027729e+01   -0.000000e+00   -0.000000e+00   4.905856e+02   1.279423e-11   1.802027e-05
1.212000e+02   -4.994347e+01   -0.000000e+00   -0.000000e+00   4.918659e+02   1.267584e-11   1.790012e-05
1.213000e+02   -4.950306e+01   -0.000000e+00   -0.000000e+00   4.931439e+02   1.255892e-11   1.778108e-05
1.214000e+02   -4.898534e+01   -0.000000e+00   -0.000000e+00   4.944195e+02   1.244342e-11   1.766313e-05
1.215000e+02   -4.844470e+01   -0.000000e+00   -0.000000e+00   4.956925e+02   1.232933e-11   1.754624e-05
1.216000e+02   -4.788349e+01   -0.000000e+00   -0.000000e+00   4.969628e+02   1.221662e-11   1.743040e-05
1.217000e+02   -4.730398e+01   -0.000000e+00   -0.000000e+00   4.982303e+02   1.210527e-11   1.731558e-05
1.218000e+02   -4.670844e+01   -0.000000e+00   -0.000000e+00   4.994948e+02   1.199526e-11   1.720176e-05
1.219000e+02   -4.596269e+01   -0.000000e+00   -0.000000e+00   5.007561e+02   1.188656e-11   1.708892e-05
1.220000e+02   -4.495911e+01   -0.000000e+00   -0.000000e+00   5.020142e+02   1.177915e-11   1.697705e-05
1.221000e+02   -4.380561e+01   -0.000000e+00   -0.000000e+00   5.032690e+02   1.167300e-11   1.686612e-05
1.222000e+02   -4.261087e+01   -0.000000e+00   -0.000000e+00   5.045201e+02   1.156811e-11   1.675611e-05
1.223000e+02   -4.148356e+01   -0.000000e+00   -0.000000e+00   5.057676e+02   1.146443e-11   1.664700e-05
1.224000e+02   -4.042654e+01   -0.000000e+00   -0.000000e+00   5.070113e+02   1.136195e-11   1.653877e-05
1.225000e+02   -3.934974e+01   -0.000000e+00   -0.000000e+00   5.082511e+02   1.126066e-11   1.643139e-05
1.226000e+02   -3.828658e+01   -0.000000e+00   -0.000000e+00   5.094868e+02   1.116051e-11   1.632486e-05
1.227000e+02   -3.727165e+01   -0.000000e+00   -0.000000e+00   5.107182e+02   1.106151e-11   1.621915e-05
1.228000e+02   -3.633951e+01   -0.000000e+00   -0.000000e+00   5.119453e+02   1.096361e-11   1.611423e-05
1.229000e+02   -3.551038e+01   -0.000000e+00   -0.000000e+00   5.131681e+02   1.086681e-11   1.601010e-05
1.230000e+02   -3.475131e+01   -0.000000e+00   -0.000000e+00   5.143866e+02   1.077110e-11   1.590677e-05
1.231000e+02   -3.402040e+01   -0.000000e+00   -0.000000e+00   5.156008e+02   1.067645e-11   1.580421e-05
1.232000e+02   -3.327586e+01   -0.000000e+00   -0.000000e+00   5.168107e+02   1.058286e-11   1.570243e-05
1.233000e+02   -3.247589e+01   -0.000000e+00   -0.000000e+00   5.180165e+02   1.049031e-11   1.560142e-05
1.234000e+02   -3.155942e+01   -0.000000e+00   -0.000000e+00   5.192181e+02   1.039879e-11   1.550118e-05
1.235000e+02   -3.051237e+01   -0.000000e+00   -0.000000e+00   5.204156e+02   1.030828e-11   1.540171e-05
1.236000e+02   -2.940452e+01   -0.000000e+00   -0.000000e+00   5.216090e+02   1.021878e-11   1.530299e-05
1.237000e+02   -2.830694e+01   -0.000000e+00   -0.000000e+00   5.227984e+02   1.013026e-11   1.520503e-05
1.238000e+02   -2.729070e+01   -0.000000e+00   -0.000000e+00   5.239837e+02   1.004273e-11   1.510782e-05
1.239000e+02   -2.639337e+01   -0.000000e+00   -0.000000e+00   5.251651e+02   9.956157e-12   1.501136e-05
1.240000e+02   -2.556007e+01   -0.000000e+00   -0.000000e+00   5.263426e+02   9.870539e-12   1.491564e-05
1.241000e+02   -2.475517e+01   -0.000000e+00   -0.000000e+00   5.275162e+02   9.785863e-12   1.482065e-05
1.242000e+02   -2.394444e+01   -0.000000e+00   -0.000000e+00   5.286859e+02   9.702116e-12   1.472640e-05
1.243000e+02   -2.309365e+01   -0.000000e+00   -0.000000e+00   5.298518e+02   9.619286e-12   1.463287e-05
1.244000e+02   -2.217674e+01   -0.000000e+00   -0.000000e+00   5.310139e+02   9.537363e-12   1.454007e-05
1.245000e+02   -2.120547e+01   -0.000000e+00   -0.000000e+00   5.321723e+02   9.456335e-12   1.444799e-05
1.246000e+02   -2.019805e+01   -0.000000e+00   -0.000000e+00   5.333269e+02   9.376191e-12   1.435662e-05
1.247000e+02   -1.917238e+01   -0.000000e+00   -0.000000e+00   5.344779e+02   9.296920e-12   1.426597e-05
1.248000e+02   -1.814638e+01   -0.000000e+00   -0.000000e+00   5.356253e+02   9.218511e-12   1.417602e-05
1.249000e+02   -1.713232e+01   -0.000000e+00   -0.000000e+00   5.367691e+02   9.140954e-12   1.408677e-05
1.250000e+02   -1.611945e+01   -0.000000e+00   -0.000000e+00   5.379093e+02   9.064238e-12   1.399822e-05
1.251000e+02   -1.509720e+01   -0.000000e+00   -0.000000e+00   5.390460e+02   8.988352e-12   1.391036e-05
1.252000e+02   -1.405541e+01   -0.000000e+00   -0.000000e+00   5.401793e+02   8.913287e-12   1.382319e-05
1.253000e+02   -1.298390e+01   -0.000000e+00   -0.000000e+00   5.413091e+02   8.839032e-12   1.373670e-05
1.254000e+02   -1.182918e+01   -0.000000e+00   -0.000000e+00   5.424355e+02   8.765577e-12   1.365089e-05
1.255000e+02   -1.052323e+01   -0.000000e+00   -0.000000e+00   5.435585e+02   8.692913e-12   1.356576e-05
1.256000e+02   -9.186396e+00   -0.000000e+00   -0.000000e+00   5.446782e+02   8.621031e-12   1.348129e-05
1.257000e+02   -7.949105e+00   -0.000000e+00   -0.000000e+00   5.457946e+02   8.549919e-12   1.339750e-05
1.258000e+02   -6.941777e+00   -0.000000e+00   -0.000000e+00   5.469078e+02   8.479569e-12   1.331436e-05
1.259000e+02   -6.221264e+00   -0.000000e+00   -0.000000e+00   5.480178e+02   8.409972e-12   1.323188e-05
1.260000e+02   -5.601609e+00   -0.000000e+00   -0.000000e+00   5.491245e+02   8.341118e-12   1.315005e-05
1.261000e+02   -5.031019e+00   -0.000000e+00   -0.000000e+00   5.502282e+02   8.272999e-12   1.306887e-05
1.262000e+02   -4.473006e+00   -0.000000e+00   -0.000000e+00   5.513287e+02   8.205605e-12   1.298834e-05
1.263000e+02   -3.891080e+00   -0.000000e+00   -0.000000e+00   5.524262e+02   8.138928e-12   1.290844e-05
1.264000e+02   -3.261105e+00   -0.000000e+00   -0.000000e+00   5.535206e+02   8.072958e-12   1.282918e-05
1.265000e+02   -2.607781e+00   -0.000000e+00   -0.000000e+00   5.546121e+02   8.007688e-12   1.275055e-05
1.266000e+02   -1.934120e+00   -0.000000e+00   -0.000000e+00   5.557006e+02   7.943109e-12   1.267254e-05
1.267000e+02   -1.239808e+00   -0.000000e+00   -0.000000e+00   5.567862e+02   7.879212e-12   1.259516e-05
1.268000e+02   -5.245271e-01   -0.000000e+00   -0.000000e+00   5.578690e+02   7.815988e-12   1.251839e-05
1.269000e+02   2.475642e-01   -0.000000e+00   -0.000000e+00   5.589489e+02   7.753431e-12   1.244223e-05
1.270000e+02   1.169096e+00   -0.000000e+00   -0.000000e+00   5.600260e+02   7.691532e-12   1.236669e-05
1.271000e+02   2.133583e+00   -0.000000e+00   -0.000000e+00   5.611003e+02   7.630282e-12   1.229174e-05
1.272000e+02   3.015387e+00   -0.000000e+00   -0.000000e+00   5.621719e+02   7.569674e-12   1.221740e-05
1.273000e+02   3.688874e+00   -0.000000e+00   -0.000000e+00   5.632409e+02   7.509700e-12   1.214365e-05
1.274000e+02   4.066876e+00   -0.000000e+00   -0.000000e+00   5.643072e+02   7.450352e-12   1.207049e-05
1.275000e+02   4.276448e+00   -0.000000e+00   -0.000000e+00   5.653708e+02   7.391623e-12   1.199791e-05
1.276000e+02   4.389825e+00   -0.000000e+00   -0.000000e+00   5.664320e+02   7.333506e-12   1.192592e-05
1.277000e+02   4.462411e+00   -0.000000e+00   -0.000000e+00   5.674905e+02   7.275992e-12   1.185450e-05
1.278000e+02   4.549611e+00   -0.000000e+00   -0.000000e+00   5.685466e+02   7.219075e-12   1.178365e-05
1.279000e+02   4.689808e+00   -0.000000e+00   -0.000000e+00   5.696002e+02   7.162746e-12   1.171338e-05
1.280000e+02   4.831300e+00   -0.000000e+00   -0.000000e+00   5.706514e+02   7.107000e-12   1.164366e-05
1.281000e+02   4.973480e+00   -0.000000e+00   -0.000000e+00   5.717003e+02   7.051828e-12   1.157451e-05
1.282000e+02   5.127156e+00   -0.000000e+00   -0.000000e+00   5.727467e+02   6.997225e-12   1.150591e-05
1.283000e+02   5.303134e+00   -0.000000e+00   -0.000000e+00   5.737909e+02   6.943182e-12   1.143785e-05
1.284000e+02   5.512695e+00   -0.000000e+00   -0.000000e+00   5.748328e+02   6.889693e-12   1.137035e-05
1.285000e+02   5.756889e+00   -0.000000e+00   -0.000000e+00   5.758725e+02   6.836752e-12   1.130338e-05
1.286000e+02   6.014835e+00   -0.000000e+00   -0.000000e+00   5.769099e+02   6.784351e-12   1.123696e-05
1.287000e+02   6.263782e+00   -0.000000e+00   -0.000000e+00   5.779452e+02   6.732484e-12   1.117106e-05
1.288000e+02   6.480978e+00   -0.000000e+00   -0.000000e+00   5.789784e+02   6.681145e-12   1.110569e-05
1.289000e+02   6.623988e+00   -0.000000e+00   -0.000000e+00   5.800096e+02   6.630326e-12   1.104085e-05
1.290000e+02   6.574856e+00   -0.000000e+00   -0.000000e+00   5.810386e+02   6.580022e-12   1.097652e-05
1.291000e+02   6.391868e+00   -0.000000e+00   -0.000000e+00   5.820657e+02   6.530225e-12   1.091271e-05
1.292000e+02   6.164328e+00   -0.000000e+00   -0.000000e+00   5.830908e+02   6.480931e-12   1.084941e-05
1.293000e+02   5.981544e+00   -0.000000e+00   -0.000000e+00   5.841140e+02   6.432132e-12   1.078661e-05
1.294000e+02   5.915562e+00   -0.000000e+00   -0.000000e+00   5.851353e+02   6.383823e-12   1.072431e-05
1.295000e+02   5.889874e+00   -0.000000e+00   -0.000000e+00   5.861547e+02   6.335997e-12   1.066251e-05
1.296000e+02   5.884781e+00   -0.000000e+00   -0.000000e+00   5.871723e+02   6.288649e-12   1.060121e-05
1.297000e+02   5.905600e+00   -0.000000e+00   -0.000000e+00   5.881882e+02   6.241772e-12   1.054039e-05
1.298000e+02   5.957653e+00   -0.000000e+00   -0.000000e+00   5.892023e+02   6.195360e-12   1.048005e-05
1.299000e+02   6.046609e+00   -0.000000e+00   -0.000000e+00   5.902146e+02   6.149408e-12   1.042019e-05
1.300000e+02   6.173197e+00   -0.000000e+00   -0.000000e+00   5.912254e+02   6.103910e-12   1.036081e-05
