#% 0, Z0, m, 0.0
#% 1, Z, km
#% 2, U, m/s
#% 3, V, m/s
#% 4, W, m/s
#% 5, T, degK
#% 6, RHO, g/cm3
#% 7, P, mbar
0.000000e+00   -7.857945e+00   0.000000e+00   0.000000e+00   2.868526e+02   1.217875e-03   1.002984e+03
1.000000e-01   -7.555458e+00   0.000000e+00   0.000000e+00   2.863265e+02   1.205761e-03   9.911863e+02
2.000000e-01   -6.310554e+00   0.000000e+00   0.000000e+00   2.857560e+02   1.193927e-03   9.795023e+02
3.000000e-01   -4.605130e+00   0.000000e+00   0.000000e+00   2.852575e+02   1.181900e-03   9.679435e+02
4.000000e-01   -2.948286e+00   0.000000e+00   0.000000e+00   2.849252e+02   1.169314e-03   9.565206e+02
5.000000e-01   -2.043035e+00   0.000000e+00   0.000000e+00   2.846817e+02   1.156507e-03   9.452362e+02
6.000000e-01   -1.960701e+00   0.000000e+00   0.000000e+00   2.845085e+02   1.143563e-03   9.340878e+02
7.000000e-01   -2.118588e+00   0.000000e+00   0.000000e+00   2.845226e+02   1.130019e-03   9.230707e+02
8.000000e-01   -2.434471e+00   0.000000e+00   0.000000e+00   2.847512e+02   1.115786e-03   9.121765e+02
9.000000e-01   -2.849138e+00   0.000000e+00   0.000000e+00   2.850801e+02   1.101330e-03   9.013985e+02
1.000000e+00   -3.298858e+00   0.000000e+00   0.000000e+00   2.853326e+02   1.087336e-03   8.907328e+02
1.100000e+00   -3.765306e+00   0.000000e+00   0.000000e+00   2.853807e+02   1.074269e-03   8.801767e+02
1.200000e+00   -4.188904e+00   0.000000e+00   0.000000e+00   2.852916e+02   1.061847e-03   8.697274e+02
1.300000e+00   -4.536000e+00   0.000000e+00   0.000000e+00   2.851117e+02   1.049879e-03   8.593826e+02
1.400000e+00   -4.808619e+00   0.000000e+00   0.000000e+00   2.848241e+02   1.038414e-03   8.491404e+02
1.500000e+00   -5.006990e+00   0.000000e+00   0.000000e+00   2.844690e+02   1.027292e-03   8.389988e+02
1.600000e+00   -5.140785e+00   0.000000e+00   0.000000e+00   2.840574e+02   1.016467e-03   8.289565e+02
1.700000e+00   -5.218494e+00   0.000000e+00   0.000000e+00   2.835753e+02   1.005980e-03   8.190119e+02
1.800000e+00   -5.225748e+00   0.000000e+00   0.000000e+00   2.830389e+02   9.957670e-04   8.091632e+02
1.900000e+00   -5.156991e+00   0.000000e+00   0.000000e+00   2.824675e+02   9.857525e-04   7.994085e+02
2.000000e+00   -5.028944e+00   0.000000e+00   0.000000e+00   2.818767e+02   9.758786e-04   7.897459e+02
2.100000e+00   -4.866290e+00   0.000000e+00   0.000000e+00   2.812798e+02   9.660965e-04   7.801738e+02
2.200000e+00   -4.704414e+00   0.000000e+00   0.000000e+00   2.806823e+02   9.563872e-04   7.706924e+02
2.300000e+00   -4.574490e+00   0.000000e+00   0.000000e+00   2.800879e+02   9.467393e-04   7.613021e+02
2.400000e+00   -4.501382e+00   0.000000e+00   0.000000e+00   2.794981e+02   9.371484e-04   7.520031e+02
2.500000e+00   -4.500517e+00   0.000000e+00   0.000000e+00   2.789116e+02   9.276202e-04   7.427953e+02
2.600000e+00   -4.561195e+00   0.000000e+00   0.000000e+00   2.783270e+02   9.181595e-04   7.336786e+02
2.700000e+00   -4.666633e+00   0.000000e+00   0.000000e+00   2.777488e+02   9.087529e-04   7.246534e+02
2.800000e+00   -4.856380e+00   0.000000e+00   0.000000e+00   2.771856e+02   8.993741e-04   7.157204e+02
2.900000e+00   -5.168948e+00   0.000000e+00   0.000000e+00   2.766441e+02   8.900044e-04   7.068804e+02
3.000000e+00   -5.629247e+00   0.000000e+00   0.000000e+00   2.761184e+02   8.806690e-04   6.981366e+02
3.100000e+00   -6.300089e+00   0.000000e+00   0.000000e+00   2.755973e+02   8.714094e-04   6.894926e+02
3.200000e+00   -7.211217e+00   0.000000e+00   0.000000e+00   2.750714e+02   8.622601e-04   6.809514e+02
3.300000e+00   -8.236068e+00   0.000000e+00   0.000000e+00   2.745388e+02   8.532264e-04   6.725125e+02
3.400000e+00   -9.243321e+00   0.000000e+00   0.000000e+00   2.739996e+02   8.443058e-04   6.641743e+02
3.500000e+00   -1.010165e+01   0.000000e+00   0.000000e+00   2.734540e+02   8.354961e-04   6.559353e+02
3.600000e+00   -1.068648e+01   0.000000e+00   0.000000e+00   2.729023e+02   8.267936e-04   6.477936e+02
3.700000e+00   -1.100005e+01   0.000000e+00   0.000000e+00   2.723453e+02   8.181929e-04   6.397466e+02
3.800000e+00   -1.113563e+01   0.000000e+00   0.000000e+00   2.717837e+02   8.096883e-04   6.317914e+02
3.900000e+00   -1.118789e+01   0.000000e+00   0.000000e+00   2.712184e+02   8.012741e-04   6.239253e+02
4.000000e+00   -1.125259e+01   0.000000e+00   0.000000e+00   2.706502e+02   7.929443e-04   6.161457e+02
4.100000e+00   -1.139267e+01   0.000000e+00   0.000000e+00   2.700826e+02   7.846868e-04   6.084506e+02
4.200000e+00   -1.152097e+01   0.000000e+00   0.000000e+00   2.695215e+02   7.764841e-04   6.008392e+02
4.300000e+00   -1.160939e+01   0.000000e+00   0.000000e+00   2.689728e+02   7.683186e-04   5.933106e+02
4.400000e+00   -1.163540e+01   0.000000e+00   0.000000e+00   2.684426e+02   7.601735e-04   5.858637e+02
4.500000e+00   -1.157623e+01   0.000000e+00   0.000000e+00   2.679365e+02   7.520339e-04   5.784978e+02
4.600000e+00   -1.143269e+01   0.000000e+00   0.000000e+00   2.674523e+02   7.439069e-04   5.712119e+02
4.700000e+00   -1.127075e+01   0.000000e+00   0.000000e+00   2.669809e+02   7.358184e-04   5.640054e+02
4.800000e+00   -1.109868e+01   0.000000e+00   0.000000e+00   2.665132e+02   7.277942e-04   5.568775e+02
4.900000e+00   -1.092016e+01   0.000000e+00   0.000000e+00   2.660398e+02   7.198591e-04   5.498275e+02
5.000000e+00   -1.073882e+01   0.000000e+00   0.000000e+00   2.655515e+02   7.120368e-04   5.428546e+02
5.100000e+00   -1.051509e+01   0.000000e+00   0.000000e+00   2.650420e+02   7.043424e-04   5.359581e+02
5.200000e+00   -1.016413e+01   0.000000e+00   0.000000e+00   2.645099e+02   6.967765e-04   5.291366e+02
5.300000e+00   -9.766126e+00   0.000000e+00   0.000000e+00   2.639545e+02   6.893384e-04   5.223889e+02
5.400000e+00   -9.412484e+00   0.000000e+00   0.000000e+00   2.633750e+02   6.820275e-04   5.157139e+02
5.500000e+00   -9.194617e+00   0.000000e+00   0.000000e+00   2.627706e+02   6.748428e-04   5.091102e+02
5.600000e+00   -9.211984e+00   0.000000e+00   0.000000e+00   2.621409e+02   6.677829e-04   5.025767e+02
5.700000e+00   -9.489261e+00   0.000000e+00   0.000000e+00   2.614879e+02   6.608395e-04   4.961122e+02
5.800000e+00   -9.909352e+00   0.000000e+00   0.000000e+00   2.608156e+02   6.540006e-04   4.897158e+02
5.900000e+00   -1.034763e+01   0.000000e+00   0.000000e+00   2.601278e+02   6.472546e-04   4.833862e+02
6.000000e+00   -1.067947e+01   0.000000e+00   0.000000e+00   2.594283e+02   6.405901e-04   4.771225e+02
6.100000e+00   -1.076501e+01   0.000000e+00   0.000000e+00   2.587210e+02   6.339960e-04   4.709237e+02
6.200000e+00   -1.055070e+01   0.000000e+00   0.000000e+00   2.580094e+02   6.274623e-04   4.647887e+02
6.300000e+00   -1.020505e+01   0.000000e+00   0.000000e+00   2.572948e+02   6.209850e-04   4.587166e+02
6.400000e+00   -9.908862e+00   0.000000e+00   0.000000e+00   2.565772e+02   6.145631e-04   4.527067e+02
6.500000e+00   -9.842901e+00   0.000000e+00   0.000000e+00   2.558569e+02   6.081955e-04   4.467584e+02
6.600000e+00   -1.015108e+01   0.000000e+00   0.000000e+00   2.551339e+02   6.018812e-04   4.408707e+02
6.700000e+00   -1.071797e+01   0.000000e+00   0.000000e+00   2.544084e+02   5.956190e-04   4.350431e+02
6.800000e+00   -1.140681e+01   0.000000e+00   0.000000e+00   2.536804e+02   5.894081e-04   4.292748e+02
6.900000e+00   -1.209370e+01   0.000000e+00   0.000000e+00   2.529501e+02   5.832475e-04   4.235651e+02
7.000000e+00   -1.265572e+01   0.000000e+00   0.000000e+00   2.522173e+02   5.771371e-04   4.179134e+02
7.100000e+00   -1.298141e+01   0.000000e+00   0.000000e+00   2.514820e+02   5.710766e-04   4.123193e+02
7.200000e+00   -1.309457e+01   0.000000e+00   0.000000e+00   2.507441e+02   5.650656e-04   4.067822e+02
7.300000e+00   -1.309406e+01   0.000000e+00   0.000000e+00   2.500034e+02   5.591038e-04   4.013015e+02
7.400000e+00   -1.307807e+01   0.000000e+00   0.000000e+00   2.492600e+02   5.531909e-04   3.958767e+02
7.500000e+00   -1.314523e+01   0.000000e+00   0.000000e+00   2.485136e+02   5.473266e-04   3.905072e+02
7.600000e+00   -1.340019e+01   0.000000e+00   0.000000e+00   2.477640e+02   5.415111e-04   3.851926e+02
7.700000e+00   -1.387366e+01   0.000000e+00   0.000000e+00   2.470109e+02   5.357450e-04   3.799327e+02
7.800000e+00   -1.445785e+01   0.000000e+00   0.000000e+00   2.462538e+02   5.300289e-04   3.747269e+02
7.900000e+00   -1.503409e+01   0.000000e+00   0.000000e+00   2.454924e+02   5.243631e-04   3.695749e+02
8.000000e+00   -1.548371e+01   0.000000e+00   0.000000e+00   2.447262e+02   5.187481e-04   3.644764e+02
8.100000e+00   -1.568106e+01   0.000000e+00   0.000000e+00   2.439549e+02   5.131845e-04   3.594310e+02
8.200000e+00   -1.556251e+01   0.000000e+00   0.000000e+00   2.431782e+02   5.076725e-04   3.544383e+02
8.300000e+00   -1.527141e+01   0.000000e+00   0.000000e+00   2.423960e+02   5.022117e-04   3.494980e+02
8.400000e+00   -1.497093e+01   0.000000e+00   0.000000e+00   2.416090e+02   4.968004e-04   3.446097e+02
8.500000e+00   -1.482410e+01   0.000000e+00   0.000000e+00   2.408178e+02   4.914371e-04   3.397731e+02
8.600000e+00   -1.499116e+01   0.000000e+00   0.000000e+00   2.400230e+02   4.861203e-04   3.349878e+02
8.700000e+00   -1.549869e+01   0.000000e+00   0.000000e+00   2.392251e+02   4.808483e-04   3.302534e+02
8.800000e+00   -1.618854e+01   0.000000e+00   0.000000e+00   2.384249e+02   4.756198e-04   3.255696e+02
8.900000e+00   -1.688943e+01   0.000000e+00   0.000000e+00   2.376228e+02   4.704333e-04   3.209361e+02
9.000000e+00   -1.743003e+01   0.000000e+00   0.000000e+00   2.368196e+02   4.652874e-04   3.163525e+02
9.100000e+00   -1.767229e+01   0.000000e+00   0.000000e+00   2.360157e+02   4.601807e-04   3.118184e+02
9.200000e+00   -1.781121e+01   0.000000e+00   0.000000e+00   2.352117e+02   4.551125e-04   3.073336e+02
9.300000e+00   -1.791978e+01   0.000000e+00   0.000000e+00   2.344075e+02   4.500831e-04   3.028981e+02
9.400000e+00   -1.800709e+01   0.000000e+00   0.000000e+00   2.336031e+02   4.450928e-04   2.985118e+02
9.500000e+00   -1.808222e+01   0.000000e+00   0.000000e+00   2.327984e+02   4.401422e-04   2.941748e+02
9.600000e+00   -1.816066e+01   0.000000e+00   0.000000e+00   2.319935e+02   4.352317e-04   2.898870e+02
9.700000e+00   -1.830201e+01   0.000000e+00   0.000000e+00   2.311884e+02   4.303617e-04   2.856485e+02
9.800000e+00   -1.847605e+01   0.000000e+00   0.000000e+00   2.303829e+02   4.255327e-04   2.814593e+02
9.900000e+00   -1.862925e+01   0.000000e+00   0.000000e+00   2.295771e+02   4.207451e-04   2.773193e+02
1.000000e+01   -1.870805e+01   0.000000e+00   0.000000e+00   2.287710e+02   4.159994e-04   2.732285e+02
1.010000e+01   -1.864771e+01   0.000000e+00   0.000000e+00   2.279645e+02   4.112960e-04   2.691869e+02
1.020000e+01   -1.830807e+01   0.000000e+00   0.000000e+00   2.271576e+02   4.066353e-04   2.651946e+02
1.030000e+01   -1.777514e+01   0.000000e+00   0.000000e+00   2.263516e+02   4.020156e-04   2.612515e+02
1.040000e+01   -1.719469e+01   0.000000e+00   0.000000e+00   2.255495e+02   3.974321e-04   2.573577e+02
1.050000e+01   -1.671254e+01   0.000000e+00   0.000000e+00   2.247545e+02   3.928799e-04   2.535131e+02
1.060000e+01   -1.647470e+01   0.000000e+00   0.000000e+00   2.239697e+02   3.883543e-04   2.497179e+02
1.070000e+01   -1.654414e+01   0.000000e+00   0.000000e+00   2.231983e+02   3.838507e-04   2.459719e+02
1.080000e+01   -1.678782e+01   0.000000e+00   0.000000e+00   2.224435e+02   3.793648e-04   2.422752e+02
1.090000e+01   -1.704678e+01   0.000000e+00   0.000000e+00   2.217084e+02   3.748925e-04   2.386279e+02
1.100000e+01   -1.716208e+01   0.000000e+00   0.000000e+00   2.209963e+02   3.704298e-04   2.350299e+02
1.110000e+01   -1.695540e+01   0.000000e+00   0.000000e+00   2.203102e+02   3.659729e-04   2.314813e+02
1.120000e+01   -1.603732e+01   0.000000e+00   0.000000e+00   2.196535e+02   3.615184e-04   2.279821e+02
1.130000e+01   -1.460735e+01   0.000000e+00   0.000000e+00   2.190290e+02   3.570630e-04   2.245323e+02
1.140000e+01   -1.306197e+01   0.000000e+00   0.000000e+00   2.184373e+02   3.526076e-04   2.211316e+02
1.150000e+01   -1.179837e+01   0.000000e+00   0.000000e+00   2.178770e+02   3.481557e-04   2.177797e+02
1.160000e+01   -1.119674e+01   0.000000e+00   0.000000e+00   2.173466e+02   3.437109e-04   2.144759e+02
1.170000e+01   -1.109455e+01   0.000000e+00   0.000000e+00   2.168447e+02   3.392767e-04   2.112201e+02
1.180000e+01   -1.122483e+01   0.000000e+00   0.000000e+00   2.163696e+02   3.348565e-04   2.080116e+02
1.190000e+01   -1.145237e+01   0.000000e+00   0.000000e+00   2.159201e+02   3.304537e-04   2.048500e+02
1.200000e+01   -1.164192e+01   0.000000e+00   0.000000e+00   2.154945e+02   3.260712e-04   2.017349e+02
1.210000e+01   -1.166488e+01   0.000000e+00   0.000000e+00   2.150914e+02   3.217124e-04   1.986659e+02
1.220000e+01   -1.162740e+01   0.000000e+00   0.000000e+00   2.147094e+02   3.173801e-04   1.956425e+02
1.230000e+01   -1.158384e+01   0.000000e+00   0.000000e+00   2.143469e+02   3.130772e-04   1.926642e+02
1.240000e+01   -1.149214e+01   0.000000e+00   0.000000e+00   2.140031e+02   3.088055e-04   1.897306e+02
1.250000e+01   -1.130922e+01   0.000000e+00   0.000000e+00   2.136800e+02   3.045622e-04   1.868411e+02
1.260000e+01   -1.099417e+01   0.000000e+00   0.000000e+00   2.133805e+02   3.003437e-04   1.839948e+02
1.270000e+01   -1.062706e+01   0.000000e+00   0.000000e+00   2.131073e+02   2.961462e-04   1.811911e+02
1.280000e+01   -1.026493e+01   0.000000e+00   0.000000e+00   2.128633e+02   2.919664e-04   1.784292e+02
1.290000e+01   -9.908232e+00   0.000000e+00   0.000000e+00   2.126512e+02   2.878011e-04   1.757084e+02
1.300000e+01   -9.557387e+00   0.000000e+00   0.000000e+00   2.124739e+02   2.836472e-04   1.730280e+02
1.310000e+01   -9.209761e+00   0.000000e+00   0.000000e+00   2.123342e+02   2.795020e-04   1.703873e+02
1.320000e+01   -8.678570e+00   0.000000e+00   0.000000e+00   2.122349e+02   2.753628e-04   1.677855e+02
1.330000e+01   -7.938497e+00   0.000000e+00   0.000000e+00   2.121788e+02   2.712272e-04   1.652219e+02
1.340000e+01   -7.108868e+00   0.000000e+00   0.000000e+00   2.121687e+02   2.670932e-04   1.626958e+02
1.350000e+01   -6.309348e+00   0.000000e+00   0.000000e+00   2.122039e+02   2.629630e-04   1.602066e+02
1.360000e+01   -5.658670e+00   0.000000e+00   0.000000e+00   2.122791e+02   2.588448e-04   1.577535e+02
1.370000e+01   -5.094774e+00   0.000000e+00   0.000000e+00   2.123887e+02   2.547467e-04   1.553361e+02
1.380000e+01   -4.549583e+00   0.000000e+00   0.000000e+00   2.125272e+02   2.506761e-04   1.529536e+02
1.390000e+01   -4.056337e+00   0.000000e+00   0.000000e+00   2.126889e+02   2.466403e-04   1.506056e+02
1.400000e+01   -3.648275e+00   0.000000e+00   0.000000e+00   2.128684e+02   2.426458e-04   1.482915e+02
1.410000e+01   -3.360739e+00   0.000000e+00   0.000000e+00   2.130599e+02   2.386988e-04   1.460105e+02
1.420000e+01   -3.670628e+00   0.000000e+00   0.000000e+00   2.132579e+02   2.348050e-04   1.437622e+02
1.430000e+01   -4.626155e+00   0.000000e+00   0.000000e+00   2.134568e+02   2.309698e-04   1.415459e+02
1.440000e+01   -5.796189e+00   0.000000e+00   0.000000e+00   2.136510e+02   2.271979e-04   1.393611e+02
1.450000e+01   -6.749582e+00   0.000000e+00   0.000000e+00   2.138358e+02   2.234930e-04   1.372071e+02
1.460000e+01   -7.055425e+00   0.000000e+00   0.000000e+00   2.140108e+02   2.198542e-04   1.350837e+02
1.470000e+01   -6.693459e+00   0.000000e+00   0.000000e+00   2.141775e+02   2.162790e-04   1.329905e+02
1.480000e+01   -6.013298e+00   0.000000e+00   0.000000e+00   2.143371e+02   2.127650e-04   1.309272e+02
1.490000e+01   -5.194217e+00   0.000000e+00   0.000000e+00   2.144910e+02   2.093099e-04   1.288935e+02
1.500000e+01   -4.415493e+00   0.000000e+00   0.000000e+00   2.146405e+02   2.059115e-04   1.268892e+02
1.510000e+01   -3.856404e+00   0.000000e+00   0.000000e+00   2.147870e+02   2.025679e-04   1.249140e+02
1.520000e+01   -3.467175e+00   0.000000e+00   0.000000e+00   2.149318e+02   1.992771e-04   1.229675e+02
1.530000e+01   -3.112198e+00   0.000000e+00   0.000000e+00   2.150763e+02   1.960372e-04   1.210496e+02
1.540000e+01   -2.841994e+00   0.000000e+00   0.000000e+00   2.152217e+02   1.928464e-04   1.191598e+02
1.550000e+01   -2.706881e+00   0.000000e+00   0.000000e+00   2.153693e+02   1.897030e-04   1.172979e+02
1.560000e+01   -2.752800e+00   0.000000e+00   0.000000e+00   2.155192e+02   1.866067e-04   1.154637e+02
1.570000e+01   -3.217192e+00   0.000000e+00   0.000000e+00   2.156697e+02   1.835582e-04   1.136567e+02
1.580000e+01   -4.145395e+00   0.000000e+00   0.000000e+00   2.158195e+02   1.805581e-04   1.118768e+02
1.590000e+01   -5.239267e+00   0.000000e+00   0.000000e+00   2.159672e+02   1.776072e-04   1.101237e+02
1.600000e+01   -6.200371e+00   0.000000e+00   0.000000e+00   2.161111e+02   1.747059e-04   1.083969e+02
1.610000e+01   -6.730271e+00   0.000000e+00   0.000000e+00   2.162499e+02   1.718546e-04   1.066963e+02
1.620000e+01   -6.834085e+00   0.000000e+00   0.000000e+00   2.163820e+02   1.690538e-04   1.050216e+02
1.630000e+01   -6.817033e+00   0.000000e+00   0.000000e+00   2.165061e+02   1.663037e-04   1.033724e+02
1.640000e+01   -6.721995e+00   0.000000e+00   0.000000e+00   2.166205e+02   1.636047e-04   1.017484e+02
1.650000e+01   -6.590583e+00   0.000000e+00   0.000000e+00   2.167240e+02   1.609568e-04   1.001495e+02
1.660000e+01   -6.468432e+00   0.000000e+00   0.000000e+00   2.168153e+02   1.583599e-04   9.857516e+01
1.670000e+01   -6.372456e+00   0.000000e+00   0.000000e+00   2.168945e+02   1.558131e-04   9.702528e+01
1.680000e+01   -6.264266e+00   0.000000e+00   0.000000e+00   2.169615e+02   1.533156e-04   9.549953e+01
1.690000e+01   -6.132906e+00   0.000000e+00   0.000000e+00   2.170162e+02   1.508664e-04   9.399766e+01
1.700000e+01   -5.967766e+00   0.000000e+00   0.000000e+00   2.170588e+02   1.484646e-04   9.251938e+01
1.710000e+01   -5.758237e+00   0.000000e+00   0.000000e+00   2.170891e+02   1.461095e-04   9.106443e+01
1.720000e+01   -5.356049e+00   0.000000e+00   0.000000e+00   2.171072e+02   1.438001e-04   8.963254e+01
1.730000e+01   -4.647732e+00   0.000000e+00   0.000000e+00   2.171131e+02   1.415356e-04   8.822344e+01
1.740000e+01   -3.830204e+00   0.000000e+00   0.000000e+00   2.171067e+02   1.393152e-04   8.683686e+01
1.750000e+01   -3.104263e+00   0.000000e+00   0.000000e+00   2.170881e+02   1.371381e-04   8.547253e+01
1.760000e+01   -2.669799e+00   0.000000e+00   0.000000e+00   2.170579e+02   1.350031e-04   8.413018e+01
1.770000e+01   -2.563714e+00   0.000000e+00   0.000000e+00   2.170193e+02   1.329075e-04   8.280952e+01
1.780000e+01   -2.565812e+00   0.000000e+00   0.000000e+00   2.169765e+02   1.308480e-04   8.151027e+01
1.790000e+01   -2.647066e+00   0.000000e+00   0.000000e+00   2.169335e+02   1.288218e-04   8.023214e+01
1.800000e+01   -2.783800e+00   0.000000e+00   0.000000e+00   2.168944e+02   1.268260e-04   7.897485e+01
1.810000e+01   -2.952338e+00   0.000000e+00   0.000000e+00   2.168631e+02   1.248579e-04   7.773811e+01
1.820000e+01   -3.248174e+00   0.000000e+00   0.000000e+00   2.168438e+02   1.229150e-04   7.652163e+01
1.830000e+01   -3.805686e+00   0.000000e+00   0.000000e+00   2.168405e+02   1.209949e-04   7.532513e+01
1.840000e+01   -4.447248e+00   0.000000e+00   0.000000e+00   2.168573e+02   1.190954e-04   7.414831e+01
1.850000e+01   -4.986700e+00   0.000000e+00   0.000000e+00   2.168981e+02   1.172143e-04   7.299091e+01
1.860000e+01   -5.237868e+00   0.000000e+00   0.000000e+00   2.169668e+02   1.153498e-04   7.185262e+01
1.870000e+01   -5.065816e+00   0.000000e+00   0.000000e+00   2.170622e+02   1.135027e-04   7.073312e+01
1.880000e+01   -4.590363e+00   0.000000e+00   0.000000e+00   2.171797e+02   1.116755e-04   6.963209e+01
1.890000e+01   -3.986887e+00   0.000000e+00   0.000000e+00   2.173145e+02   1.098705e-04   6.854917e+01
1.900000e+01   -3.429269e+00   0.000000e+00   0.000000e+00   2.174621e+02   1.080899e-04   6.748403e+01
1.910000e+01   -3.091391e+00   0.000000e+00   0.000000e+00   2.176178e+02   1.063357e-04   6.643634e+01
1.920000e+01   -3.109282e+00   0.000000e+00   0.000000e+00   2.177768e+02   1.046097e-04   6.540574e+01
1.930000e+01   -3.405573e+00   0.000000e+00   0.000000e+00   2.179345e+02   1.029137e-04   6.439191e+01
1.940000e+01   -3.846549e+00   0.000000e+00   0.000000e+00   2.180861e+02   1.012491e-04   6.339449e+01
1.950000e+01   -4.299874e+00   0.000000e+00   0.000000e+00   2.182270e+02   9.961741e-05   6.241316e+01
1.960000e+01   -4.633212e+00   0.000000e+00   0.000000e+00   2.183526e+02   9.801984e-05   6.144757e+01
1.970000e+01   -4.793167e+00   0.000000e+00   0.000000e+00   2.184595e+02   9.645694e-05   6.049740e+01
1.980000e+01   -4.930382e+00   0.000000e+00   0.000000e+00   2.185491e+02   9.492720e-05   5.956238e+01
1.990000e+01   -5.038295e+00   0.000000e+00   0.000000e+00   2.186240e+02   9.342876e-05   5.864227e+01
2.000000e+01   -5.097567e+00   0.000000e+00   0.000000e+00   2.186867e+02   9.195982e-05   5.773681e+01
2.010000e+01   -5.088856e+00   0.000000e+00   0.000000e+00   2.187396e+02   9.051868e-05   5.684576e+01
2.020000e+01   -4.986531e+00   0.000000e+00   0.000000e+00   2.187853e+02   8.910372e-05   5.596885e+01
2.030000e+01   -4.772211e+00   0.000000e+00   0.000000e+00   2.188263e+02   8.771338e-05   5.510584e+01
2.040000e+01   -4.470365e+00   0.000000e+00   0.000000e+00   2.188650e+02   8.634616e-05   5.425648e+01
2.050000e+01   -4.107895e+00   0.000000e+00   0.000000e+00   2.189039e+02   8.500066e-05   5.342052e+01
2.060000e+01   -3.711699e+00   0.000000e+00   0.000000e+00   2.189455e+02   8.367550e-05   5.259770e+01
2.070000e+01   -3.217836e+00   0.000000e+00   0.000000e+00   2.189924e+02   8.236939e-05   5.178778e+01
2.080000e+01   -2.407761e+00   0.000000e+00   0.000000e+00   2.190457e+02   8.108161e-05   5.099052e+01
2.090000e+01   -1.467386e+00   0.000000e+00   0.000000e+00   2.191044e+02   7.981230e-05   5.020573e+01
2.100000e+01   -6.173944e-01   0.000000e+00   0.000000e+00   2.191672e+02   7.856172e-05   4.943323e+01
2.110000e+01   -7.847044e-02   0.000000e+00   0.000000e+00   2.192330e+02   7.733005e-05   4.867282e+01
2.120000e+01   -5.101132e-02   0.000000e+00   0.000000e+00   2.193004e+02   7.611745e-05   4.792432e+01
2.130000e+01   -4.765909e-01   0.000000e+00   0.000000e+00   2.193681e+02   7.492408e-05   4.718754e+01
2.140000e+01   -1.120411e+00   0.000000e+00   0.000000e+00   2.194350e+02   7.375004e-05   4.646229e+01
2.150000e+01   -1.744460e+00   0.000000e+00   0.000000e+00   2.194998e+02   7.259542e-05   4.574839e+01
2.160000e+01   -2.110722e+00   0.000000e+00   0.000000e+00   2.195612e+02   7.146028e-05   4.504564e+01
2.170000e+01   -1.982024e+00   0.000000e+00   0.000000e+00   2.196180e+02   7.034464e-05   4.435385e+01
2.180000e+01   -1.333797e+00   -0.000000e+00   -0.000000e+00   2.196689e+02   6.924852e-05   4.367285e+01
2.190000e+01   -4.250901e-01   -0.000000e+00   -0.000000e+00   2.197137e+02   6.817163e-05   4.300245e+01
2.200000e+01   4.689865e-01   -0.000000e+00   -0.000000e+00   2.197533e+02   6.711332e-05   4.234250e+01
2.210000e+01   1.073280e+00   -0.000000e+00   -0.000000e+00   2.197889e+02   6.607292e-05   4.169286e+01
2.220000e+01   1.134530e+00   -0.000000e+00   -0.000000e+00   2.198217e+02   6.504978e-05   4.105337e+01
2.230000e+01   6.983831e-01   -0.000000e+00   -0.000000e+00   2.198529e+02   6.404327e-05   4.042388e+01
2.240000e+01   1.191650e-02   -0.000000e+00   -0.000000e+00   2.198835e+02   6.305280e-05   3.980424e+01
2.250000e+01   -6.755138e-01   -0.000000e+00   -0.000000e+00   2.199148e+02   6.207778e-05   3.919431e+01
2.260000e+01   -1.114553e+00   -0.000000e+00   -0.000000e+00   2.199479e+02   6.111767e-05   3.859394e+01
2.270000e+01   -1.088286e+00   -0.000000e+00   -0.000000e+00   2.199840e+02   6.017193e-05   3.800296e+01
2.280000e+01   -7.015502e-01   -0.000000e+00   -0.000000e+00   2.200243e+02   5.924003e-05   3.742124e+01
2.290000e+01   -1.451506e-01   -0.000000e+00   -0.000000e+00   2.200698e+02   5.832148e-05   3.684862e+01
2.300000e+01   4.051667e-01   -0.000000e+00   -0.000000e+00   2.201212e+02   5.741594e-05   3.628496e+01
2.310000e+01   7.743173e-01   -0.000000e+00   -0.000000e+00   2.201780e+02   5.652339e-05   3.573012e+01
2.320000e+01   7.399221e-01   -0.000000e+00   -0.000000e+00   2.202397e+02   5.564382e-05   3.518397e+01
2.330000e+01   1.179001e-03   -0.000000e+00   -0.000000e+00   2.203056e+02   5.477719e-05   3.464637e+01
2.340000e+01   -1.147400e+00   -0.000000e+00   -0.000000e+00   2.203753e+02   5.392349e-05   3.411718e+01
2.350000e+01   -2.322986e+00   -0.000000e+00   -0.000000e+00   2.204480e+02   5.308265e-05   3.359628e+01
2.360000e+01   -3.142750e+00   -0.000000e+00   -0.000000e+00   2.205233e+02   5.225464e-05   3.308353e+01
2.370000e+01   -3.318026e+00   -0.000000e+00   -0.000000e+00   2.206006e+02   5.143939e-05   3.257879e+01
2.380000e+01   -3.344987e+00   -0.000000e+00   -0.000000e+00   2.206793e+02   5.063683e-05   3.208192e+01
2.390000e+01   -3.364680e+00   -0.000000e+00   -0.000000e+00   2.207587e+02   4.984687e-05   3.159280e+01
2.400000e+01   -3.377646e+00   -0.000000e+00   -0.000000e+00   2.208384e+02   4.906943e-05   3.111129e+01
2.410000e+01   -3.384088e+00   -0.000000e+00   -0.000000e+00   2.209178e+02   4.830440e-05   3.063725e+01
2.420000e+01   -3.326760e+00   -0.000000e+00   -0.000000e+00   2.209969e+02   4.755158e-05   3.017057e+01
2.430000e+01   -2.782164e+00   -0.000000e+00   -0.000000e+00   2.210756e+02   4.681079e-05   2.971113e+01
2.440000e+01   -1.896987e+00   -0.000000e+00   -0.000000e+00   2.211540e+02   4.608181e-05   2.925881e+01
2.450000e+01   -9.611782e-01   -0.000000e+00   -0.000000e+00   2.212321e+02   4.536444e-05   2.881350e+01
2.460000e+01   -2.646888e-01   -0.000000e+00   -0.000000e+00   2.213099e+02   4.465848e-05   2.837508e+01
2.470000e+01   -4.767809e-02   -0.000000e+00   -0.000000e+00   2.213874e+02   4.396374e-05   2.794344e+01
2.480000e+01   3.233683e-02   -0.000000e+00   -0.000000e+00   2.214646e+02   4.328000e-05   2.751845e+01
2.490000e+01   1.040116e-01   -0.000000e+00   -0.000000e+00   2.215416e+02   4.260707e-05   2.710001e+01
2.500000e+01   1.668017e-01   -0.000000e+00   -0.000000e+00   2.216184e+02   4.194475e-05   2.668799e+01
2.510000e+01   2.201626e-01   -0.000000e+00   -0.000000e+00   2.216950e+02   4.129285e-05   2.628228e+01
2.520000e+01   2.185311e-01   -0.000000e+00   -0.000000e+00   2.217714e+02   4.065115e-05   2.588277e+01
2.530000e+01   -3.209642e-01   -0.000000e+00   -0.000000e+00   2.218478e+02   4.001947e-05   2.548935e+01
2.540000e+01   -1.257609e+00   -0.000000e+00   -0.000000e+00   2.219247e+02   3.939757e-05   2.510195e+01
2.550000e+01   -2.244960e+00   -0.000000e+00   -0.000000e+00   2.220026e+02   3.878525e-05   2.472048e+01
2.560000e+01   -2.936576e+00   -0.000000e+00   -0.000000e+00   2.220819e+02   3.818231e-05   2.434488e+01
2.570000e+01   -3.013321e+00   -0.000000e+00   -0.000000e+00   2.221632e+02   3.758853e-05   2.397507e+01
2.580000e+01   -2.694472e+00   -0.000000e+00   -0.000000e+00   2.222468e+02   3.700374e-05   2.361096e+01
2.590000e+01   -2.222065e+00   -0.000000e+00   -0.000000e+00   2.223334e+02   3.642773e-05   2.325247e+01
2.600000e+01   -1.728582e+00   -0.000000e+00   -0.000000e+00   2.224233e+02   3.586032e-05   2.289955e+01
2.610000e+01   -1.346504e+00   -0.000000e+00   -0.000000e+00   2.225171e+02   3.530133e-05   2.255209e+01
2.620000e+01   -1.212172e+00   -0.000000e+00   -0.000000e+00   2.226152e+02   3.475058e-05   2.221003e+01
2.630000e+01   -1.450377e+00   -0.000000e+00   -0.000000e+00   2.227180e+02   3.420790e-05   2.187330e+01
2.640000e+01   -1.939403e+00   -0.000000e+00   -0.000000e+00   2.228262e+02   3.367312e-05   2.154180e+01
2.650000e+01   -2.496897e+00   -0.000000e+00   -0.000000e+00   2.229400e+02   3.314610e-05   2.121548e+01
2.660000e+01   -2.938163e+00   -0.000000e+00   -0.000000e+00   2.230599e+02   3.262672e-05   2.089427e+01
2.670000e+01   -3.057624e+00   -0.000000e+00   -0.000000e+00   2.231862e+02   3.211484e-05   2.057811e+01
2.680000e+01   -2.324399e+00   -0.000000e+00   -0.000000e+00   2.233192e+02   3.161037e-05   2.026693e+01
2.690000e+01   -9.463870e-01   -0.000000e+00   -0.000000e+00   2.234593e+02   3.111316e-05   1.996067e+01
2.700000e+01   5.764477e-01   -0.000000e+00   -0.000000e+00   2.236070e+02   3.062313e-05   1.965926e+01
2.710000e+01   1.744142e+00   -0.000000e+00   -0.000000e+00   2.237625e+02   3.014014e-05   1.936265e+01
2.720000e+01   2.082137e+00   -0.000000e+00   -0.000000e+00   2.239262e+02   2.966409e-05   1.907077e+01
2.730000e+01   2.049167e+00   -0.000000e+00   -0.000000e+00   2.240985e+02   2.919487e-05   1.878355e+01
2.740000e+01   1.999828e+00   -0.000000e+00   -0.000000e+00   2.242797e+02   2.873237e-05   1.850094e+01
2.750000e+01   1.935770e+00   -0.000000e+00   -0.000000e+00   2.244702e+02   2.827649e-05   1.822286e+01
2.760000e+01   1.858562e+00   -0.000000e+00   -0.000000e+00   2.246703e+02   2.782713e-05   1.794925e+01
2.770000e+01   1.757487e+00   -0.000000e+00   -0.000000e+00   2.248798e+02   2.738425e-05   1.768006e+01
2.780000e+01   1.190943e+00   -0.000000e+00   -0.000000e+00   2.250982e+02   2.694785e-05   1.741520e+01
2.790000e+01   1.747038e-01   -0.000000e+00   -0.000000e+00   2.253248e+02   2.651792e-05   1.715461e+01
2.800000e+01   -9.551755e-01   -0.000000e+00   -0.000000e+00   2.255590e+02   2.609446e-05   1.689822e+01
2.810000e+01   -1.862640e+00   -0.000000e+00   -0.000000e+00   2.258003e+02   2.567744e-05   1.664595e+01
2.820000e+01   -2.218684e+00   -0.000000e+00   -0.000000e+00   2.260481e+02   2.526684e-05   1.639775e+01
2.830000e+01   -2.250131e+00   -0.000000e+00   -0.000000e+00   2.263018e+02   2.486264e-05   1.615354e+01
2.840000e+01   -2.223529e+00   -0.000000e+00   -0.000000e+00   2.265608e+02   2.446480e-05   1.591325e+01
2.850000e+01   -2.151101e+00   -0.000000e+00   -0.000000e+00   2.268245e+02   2.407329e-05   1.567681e+01
2.860000e+01   -2.045070e+00   -0.000000e+00   -0.000000e+00   2.270924e+02   2.368805e-05   1.544416e+01
2.870000e+01   -1.916119e+00   -0.000000e+00   -0.000000e+00   2.273638e+02   2.330904e-05   1.521521e+01
2.880000e+01   -1.620347e+00   -0.000000e+00   -0.000000e+00   2.276381e+02   2.293622e-05   1.498991e+01
2.890000e+01   -1.155210e+00   -0.000000e+00   -0.000000e+00   2.279148e+02   2.256953e-05   1.476819e+01
2.900000e+01   -6.605361e-01   -0.000000e+00   -0.000000e+00   2.281934e+02   2.220892e-05   1.454999e+01
2.910000e+01   -2.762150e-01   -0.000000e+00   -0.000000e+00   2.284731e+02   2.185435e-05   1.433526e+01
2.920000e+01   -1.426813e-01   -0.000000e+00   -0.000000e+00   2.287536e+02   2.150578e-05   1.412393e+01
2.930000e+01   -4.724914e-01   -0.000000e+00   -0.000000e+00   2.290341e+02   2.116314e-05   1.391594e+01
2.940000e+01   -1.216770e+00   -0.000000e+00   -0.000000e+00   2.293141e+02   2.082639e-05   1.371125e+01
2.950000e+01   -2.169232e+00   -0.000000e+00   -0.000000e+00   2.295930e+02   2.049546e-05   1.350979e+01
2.960000e+01   -3.123590e+00   -0.000000e+00   -0.000000e+00   2.298703e+02   2.017028e-05   1.331151e+01
2.970000e+01   -3.873854e+00   -0.000000e+00   -0.000000e+00   2.301454e+02   1.985081e-05   1.311635e+01
2.980000e+01   -4.514714e+00   -0.000000e+00   -0.000000e+00   2.304178e+02   1.953696e-05   1.292425e+01
2.990000e+01   -5.179166e+00   -0.000000e+00   -0.000000e+00   2.306867e+02   1.922866e-05   1.273515e+01
3.000000e+01   -5.770025e+00   -0.000000e+00   -0.000000e+00   2.309517e+02   1.892585e-05   1.254900e+01
3.010000e+01   -6.190103e+00   -0.000000e+00   -0.000000e+00   2.312123e+02   1.862845e-05   1.236574e+01
3.020000e+01   -6.342126e+00   -0.000000e+00   -0.000000e+00   2.314685e+02   1.833633e-05   1.218532e+01
3.030000e+01   -5.806594e+00   -0.000000e+00   -0.000000e+00   2.317214e+02   1.804934e-05   1.200770e+01
3.040000e+01   -4.497047e+00   -0.000000e+00   -0.000000e+00   2.319718e+02   1.776731e-05   1.183284e+01
3.050000e+01   -2.815695e+00   -0.000000e+00   -0.000000e+00   2.322205e+02   1.749008e-05   1.166071e+01
3.060000e+01   -1.164748e+00   -0.000000e+00   -0.000000e+00   2.324686e+02   1.721752e-05   1.149125e+01
3.070000e+01   5.358206e-02   -0.000000e+00   -0.000000e+00   2.327169e+02   1.694947e-05   1.132443e+01
3.080000e+01   9.145225e-01   -0.000000e+00   -0.000000e+00   2.329663e+02   1.668580e-05   1.116021e+01
3.090000e+01   1.757083e+00   -0.000000e+00   -0.000000e+00   2.332177e+02   1.642637e-05   1.099855e+01
3.100000e+01   2.485730e+00   -0.000000e+00   -0.000000e+00   2.334721e+02   1.617105e-05   1.083941e+01
3.110000e+01   3.004418e+00   -0.000000e+00   -0.000000e+00   2.337303e+02   1.591973e-05   1.068275e+01
3.120000e+01   3.217103e+00   -0.000000e+00   -0.000000e+00   2.339933e+02   1.567226e-05   1.052852e+01
3.130000e+01   3.012225e+00   -0.000000e+00   -0.000000e+00   2.342619e+02   1.542855e-05   1.037670e+01
3.140000e+01   2.420478e+00   -0.000000e+00   -0.000000e+00   2.345371e+02   1.518847e-05   1.022723e+01
3.150000e+01   1.581453e+00   -0.000000e+00   -0.000000e+00   2.348190e+02   1.495197e-05   1.008008e+01
3.160000e+01   6.354104e-01   -0.000000e+00   -0.000000e+00   2.351069e+02   1.471904e-05   9.935212e+00
3.170000e+01   -2.773644e-01   -0.000000e+00   -0.000000e+00   2.354001e+02   1.448968e-05   9.792598e+00
3.180000e+01   -1.284928e+00   -0.000000e+00   -0.000000e+00   2.356979e+02   1.426390e-05   9.652201e+00
3.190000e+01   -2.561053e+00   -0.000000e+00   -0.000000e+00   2.359994e+02   1.404169e-05   9.513986e+00
3.200000e+01   -3.841228e+00   -0.000000e+00   -0.000000e+00   2.363038e+02   1.382304e-05   9.377919e+00
3.210000e+01   -4.857420e+00   -0.000000e+00   -0.000000e+00   2.366104e+02   1.360793e-05   9.243966e+00
3.220000e+01   -5.341592e+00   -0.000000e+00   -0.000000e+00   2.369185e+02   1.339636e-05   9.112092e+00
3.230000e+01   -5.327837e+00   -0.000000e+00   -0.000000e+00   2.372272e+02   1.318831e-05   8.982263e+00
3.240000e+01   -5.212140e+00   -0.000000e+00   -0.000000e+00   2.375357e+02   1.298375e-05   8.854445e+00
3.250000e+01   -5.023447e+00   -0.000000e+00   -0.000000e+00   2.378434e+02   1.278266e-05   8.728603e+00
3.260000e+01   -4.784412e+00   -0.000000e+00   -0.000000e+00   2.381495e+02   1.258502e-05   8.604703e+00
3.270000e+01   -4.517691e+00   -0.000000e+00   -0.000000e+00   2.384531e+02   1.239080e-05   8.482712e+00
3.280000e+01   -4.106518e+00   -0.000000e+00   -0.000000e+00   2.387536e+02   1.219997e-05   8.362594e+00
3.290000e+01   -3.417154e+00   -0.000000e+00   -0.000000e+00   2.390511e+02   1.201246e-05   8.244320e+00
3.300000e+01   -2.644614e+00   -0.000000e+00   -0.000000e+00   2.393460e+02   1.182818e-05   8.127863e+00
3.310000e+01   -1.990318e+00   -0.000000e+00   -0.000000e+00   2.396388e+02   1.164706e-05   8.013193e+00
3.320000e+01   -1.655686e+00   -0.000000e+00   -0.000000e+00   2.399299e+02   1.146901e-05   7.900283e+00
3.330000e+01   -1.834707e+00   -0.000000e+00   -0.000000e+00   2.402198e+02   1.129396e-05   7.789104e+00
3.340000e+01   -2.472858e+00   -0.000000e+00   -0.000000e+00   2.405089e+02   1.112184e-05   7.679629e+00
3.350000e+01   -3.328475e+00   -0.000000e+00   -0.000000e+00   2.407977e+02   1.095257e-05   7.571829e+00
3.360000e+01   -4.157390e+00   -0.000000e+00   -0.000000e+00   2.410866e+02   1.078608e-05   7.465676e+00
3.370000e+01   -4.715433e+00   -0.000000e+00   -0.000000e+00   2.413761e+02   1.062230e-05   7.361142e+00
3.380000e+01   -4.938177e+00   -0.000000e+00   -0.000000e+00   2.416665e+02   1.046116e-05   7.258199e+00
3.390000e+01   -5.116967e+00   -0.000000e+00   -0.000000e+00   2.419585e+02   1.030260e-05   7.156818e+00
3.400000e+01   -5.253458e+00   -0.000000e+00   -0.000000e+00   2.422523e+02   1.014654e-05   7.056972e+00
3.410000e+01   -5.334757e+00   -0.000000e+00   -0.000000e+00   2.425485e+02   9.992931e-06   6.958632e+00
3.420000e+01   -5.348002e+00   -0.000000e+00   -0.000000e+00   2.428475e+02   9.841702e-06   6.861770e+00
3.430000e+01   -4.742775e+00   -0.000000e+00   -0.000000e+00   2.431491e+02   9.692821e-06   6.766363e+00
3.440000e+01   -2.580538e+00   -0.000000e+00   -0.000000e+00   2.434531e+02   9.546269e-06   6.672388e+00
3.450000e+01   3.037228e-01   -0.000000e+00   -0.000000e+00   2.437587e+02   9.402032e-06   6.579824e+00
3.460000e+01   2.992861e+00   -0.000000e+00   -0.000000e+00   2.440657e+02   9.260089e-06   6.488649e+00
3.470000e+01   4.569733e+00   -0.000000e+00   -0.000000e+00   2.443736e+02   9.120421e-06   6.398843e+00
3.480000e+01   4.623257e+00   -0.000000e+00   -0.000000e+00   2.446817e+02   8.983009e-06   6.310383e+00
3.490000e+01   4.216427e+00   -0.000000e+00   -0.000000e+00   2.449898e+02   8.847830e-06   6.223248e+00
3.500000e+01   3.575328e+00   -0.000000e+00   -0.000000e+00   2.452973e+02   8.714862e-06   6.137417e+00
3.510000e+01   2.849088e+00   -0.000000e+00   -0.000000e+00   2.456037e+02   8.584082e-06   6.052868e+00
3.520000e+01   2.186836e+00   -0.000000e+00   -0.000000e+00   2.459087e+02   8.455465e-06   5.969579e+00
3.530000e+01   1.688219e+00   -0.000000e+00   -0.000000e+00   2.462116e+02   8.328988e-06   5.887530e+00
3.540000e+01   1.252076e+00   -0.000000e+00   -0.000000e+00   2.465121e+02   8.204623e-06   5.806698e+00
3.550000e+01   8.254709e-01   -0.000000e+00   -0.000000e+00   2.468096e+02   8.082346e-06   5.727062e+00
3.560000e+01   3.642617e-01   -0.000000e+00   -0.000000e+00   2.471038e+02   7.962128e-06   5.648601e+00
3.570000e+01   -1.756891e-01   -0.000000e+00   -0.000000e+00   2.473941e+02   7.843940e-06   5.571294e+00
3.580000e+01   -9.189383e-01   -0.000000e+00   -0.000000e+00   2.476810e+02   7.727735e-06   5.495122e+00
3.590000e+01   -2.052433e+00   -0.000000e+00   -0.000000e+00   2.479651e+02   7.613459e-06   5.420071e+00
3.600000e+01   -3.315427e+00   -0.000000e+00   -0.000000e+00   2.482470e+02   7.501060e-06   5.346123e+00
3.610000e+01   -4.412600e+00   -0.000000e+00   -0.000000e+00   2.485272e+02   7.390486e-06   5.273262e+00
3.620000e+01   -5.048629e+00   -0.000000e+00   -0.000000e+00   2.488066e+02   7.281689e-06   5.201473e+00
3.630000e+01   -4.861004e+00   -0.000000e+00   -0.000000e+00   2.490857e+02   7.174620e-06   5.130740e+00
3.640000e+01   -3.646573e+00   -0.000000e+00   -0.000000e+00   2.493651e+02   7.069233e-06   5.061045e+00
3.650000e+01   -1.920560e+00   -0.000000e+00   -0.000000e+00   2.496454e+02   6.965481e-06   4.992374e+00
3.660000e+01   -2.510752e-01   -0.000000e+00   -0.000000e+00   2.499274e+02   6.863322e-06   4.924710e+00
3.670000e+01   7.937699e-01   -0.000000e+00   -0.000000e+00   2.502117e+02   6.762711e-06   4.858036e+00
3.680000e+01   8.654061e-01   -0.000000e+00   -0.000000e+00   2.504988e+02   6.663608e-06   4.792337e+00
3.690000e+01   6.768770e-01   -0.000000e+00   -0.000000e+00   2.507894e+02   6.565971e-06   4.727597e+00
3.700000e+01   4.081534e-01   -0.000000e+00   -0.000000e+00   2.510842e+02   6.469760e-06   4.663799e+00
3.710000e+01   1.308445e-01   -0.000000e+00   -0.000000e+00   2.513837e+02   6.374937e-06   4.600928e+00
3.720000e+01   -8.342797e-02   -0.000000e+00   -0.000000e+00   2.516887e+02   6.281465e-06   4.538967e+00
3.730000e+01   -1.527932e-01   -0.000000e+00   -0.000000e+00   2.519993e+02   6.189320e-06   4.477902e+00
3.740000e+01   -2.561589e-02   -0.000000e+00   -0.000000e+00   2.523148e+02   6.098500e-06   4.417720e+00
3.750000e+01   2.009024e-01   -0.000000e+00   -0.000000e+00   2.526349e+02   6.009001e-06   4.358408e+00
3.760000e+01   4.154748e-01   -0.000000e+00   -0.000000e+00   2.529588e+02   5.920821e-06   4.299956e+00
3.770000e+01   5.068142e-01   -0.000000e+00   -0.000000e+00   2.532860e+02   5.833954e-06   4.242350e+00
3.780000e+01   2.949002e-01   -0.000000e+00   -0.000000e+00   2.536159e+02   5.748395e-06   4.185579e+00
3.790000e+01   -5.886828e-01   -0.000000e+00   -0.000000e+00   2.539480e+02   5.664138e-06   4.129629e+00
3.800000e+01   -1.927150e+00   -0.000000e+00   -0.000000e+00   2.542817e+02   5.581176e-06   4.074489e+00
3.810000e+01   -3.417733e+00   -0.000000e+00   -0.000000e+00   2.546163e+02   5.499501e-06   4.020146e+00
3.820000e+01   -4.757659e+00   -0.000000e+00   -0.000000e+00   2.549514e+02   5.419103e-06   3.966589e+00
3.830000e+01   -5.724021e+00   -0.000000e+00   -0.000000e+00   2.552863e+02   5.339975e-06   3.913804e+00
3.840000e+01   -6.640707e+00   -0.000000e+00   -0.000000e+00   2.556205e+02   5.262106e-06   3.861780e+00
3.850000e+01   -7.514947e+00   -0.000000e+00   -0.000000e+00   2.559533e+02   5.185485e-06   3.810504e+00
3.860000e+01   -8.259895e+00   -0.000000e+00   -0.000000e+00   2.562843e+02   5.110101e-06   3.759965e+00
3.870000e+01   -8.788708e+00   -0.000000e+00   -0.000000e+00   2.566128e+02   5.035942e-06   3.710149e+00
3.880000e+01   -9.048038e+00   -0.000000e+00   -0.000000e+00   2.569382e+02   4.962997e-06   3.661045e+00
3.890000e+01   -9.246488e+00   -0.000000e+00   -0.000000e+00   2.572602e+02   4.891251e-06   3.612641e+00
3.900000e+01   -9.435932e+00   -0.000000e+00   -0.000000e+00   2.575784e+02   4.820687e-06   3.564928e+00
3.910000e+01   -9.615571e+00   -0.000000e+00   -0.000000e+00   2.578927e+02   4.751290e-06   3.517895e+00
3.920000e+01   -9.784605e+00   -0.000000e+00   -0.000000e+00   2.582029e+02   4.683042e-06   3.471534e+00
3.930000e+01   -9.866544e+00   -0.000000e+00   -0.000000e+00   2.585087e+02   4.615928e-06   3.425835e+00
3.940000e+01   -9.258565e+00   -0.000000e+00   -0.000000e+00   2.588099e+02   4.549931e-06   3.380788e+00
3.950000e+01   -8.071947e+00   -0.000000e+00   -0.000000e+00   2.591063e+02   4.485033e-06   3.336384e+00
3.960000e+01   -6.606299e+00   -0.000000e+00   -0.000000e+00   2.593977e+02   4.421220e-06   3.292613e+00
3.970000e+01   -5.161233e+00   -0.000000e+00   -0.000000e+00   2.596840e+02   4.358473e-06   3.249465e+00
3.980000e+01   -3.984431e+00   -0.000000e+00   -0.000000e+00   2.599647e+02   4.296777e-06   3.206931e+00
3.990000e+01   -2.762790e+00   -0.000000e+00   -0.000000e+00   2.602399e+02   4.236114e-06   3.165001e+00
4.000000e+01   -1.499840e+00   -0.000000e+00   -0.000000e+00   2.605092e+02   4.176468e-06   3.123666e+00
4.010000e+01   -3.439209e-01   -0.000000e+00   -0.000000e+00   2.607724e+02   4.117823e-06   3.082916e+00
4.020000e+01   5.566256e-01   -0.000000e+00   -0.000000e+00   2.610294e+02   4.060162e-06   3.042742e+00
4.030000e+01   1.081690e+00   -0.000000e+00   -0.000000e+00   2.612798e+02   4.003468e-06   3.003133e+00
4.040000e+01   1.484053e+00   -0.000000e+00   -0.000000e+00   2.615236e+02   3.947725e-06   2.964081e+00
4.050000e+01   1.834894e+00   -0.000000e+00   -0.000000e+00   2.617605e+02   3.892916e-06   2.925576e+00
4.060000e+01   2.100423e+00   -0.000000e+00   -0.000000e+00   2.619907e+02   3.839018e-06   2.887609e+00
4.070000e+01   2.246405e+00   -0.000000e+00   -0.000000e+00   2.622149e+02   3.786007e-06   2.850173e+00
4.080000e+01   2.117997e+00   -0.000000e+00   -0.000000e+00   2.624338e+02   3.733857e-06   2.813259e+00
4.090000e+01   1.053200e-01   -0.000000e+00   -0.000000e+00   2.626479e+02   3.682543e-06   2.776861e+00
4.100000e+01   -3.416010e+00   -0.000000e+00   -0.000000e+00   2.628580e+02   3.632042e-06   2.740970e+00
4.110000e+01   -7.318966e+00   -0.000000e+00   -0.000000e+00   2.630645e+02   3.582331e-06   2.705580e+00
4.120000e+01   -1.047652e+01   -0.000000e+00   -0.000000e+00   2.632682e+02   3.533387e-06   2.670681e+00
4.130000e+01   -1.185811e+01   -0.000000e+00   -0.000000e+00   2.634697e+02   3.485188e-06   2.636266e+00
4.140000e+01   -1.251815e+01   -0.000000e+00   -0.000000e+00   2.636697e+02   3.437713e-06   2.602329e+00
4.150000e+01   -1.306167e+01   -0.000000e+00   -0.000000e+00   2.638686e+02   3.390941e-06   2.568860e+00
4.160000e+01   -1.346291e+01   -0.000000e+00   -0.000000e+00   2.640673e+02   3.344853e-06   2.535852e+00
4.170000e+01   -1.369611e+01   -0.000000e+00   -0.000000e+00   2.642662e+02   3.299427e-06   2.503298e+00
4.180000e+01   -1.371758e+01   -0.000000e+00   -0.000000e+00   2.644662e+02   3.254646e-06   2.471190e+00
4.190000e+01   -1.312952e+01   -0.000000e+00   -0.000000e+00   2.646676e+02   3.210490e-06   2.439521e+00
4.200000e+01   -1.198284e+01   -0.000000e+00   -0.000000e+00   2.648713e+02   3.166940e-06   2.408281e+00
4.210000e+01   -1.055181e+01   -0.000000e+00   -0.000000e+00   2.650779e+02   3.123980e-06   2.377465e+00
4.220000e+01   -9.110693e+00   -0.000000e+00   -0.000000e+00   2.652879e+02   3.081591e-06   2.347063e+00
4.230000e+01   -7.923116e+00   -0.000000e+00   -0.000000e+00   2.655016e+02   3.039762e-06   2.317070e+00
4.240000e+01   -6.859171e+00   -0.000000e+00   -0.000000e+00   2.657186e+02   2.998491e-06   2.287478e+00
4.250000e+01   -5.803784e+00   -0.000000e+00   -0.000000e+00   2.659379e+02   2.957781e-06   2.258284e+00
4.260000e+01   -4.782113e+00   -0.000000e+00   -0.000000e+00   2.661591e+02   2.917630e-06   2.229482e+00
4.270000e+01   -3.819316e+00   -0.000000e+00   -0.000000e+00   2.663814e+02   2.878039e-06   2.201065e+00
4.280000e+01   -2.940486e+00   -0.000000e+00   -0.000000e+00   2.666041e+02   2.839008e-06   2.173030e+00
4.290000e+01   -2.153861e+00   -0.000000e+00   -0.000000e+00   2.668264e+02   2.800534e-06   2.145369e+00
4.300000e+01   -1.429112e+00   -0.000000e+00   -0.000000e+00   2.670478e+02   2.762618e-06   2.118079e+00
4.310000e+01   -7.305610e-01   -0.000000e+00   -0.000000e+00   2.672675e+02   2.725256e-06   2.091153e+00
4.320000e+01   -2.253011e-02   -0.000000e+00   -0.000000e+00   2.674848e+02   2.688447e-06   2.064587e+00
4.330000e+01   7.329022e-01   -0.000000e+00   -0.000000e+00   2.676991e+02   2.652189e-06   2.038374e+00
4.340000e+01   1.678316e+00   -0.000000e+00   -0.000000e+00   2.679096e+02   2.616478e-06   2.012509e+00
4.350000e+01   2.746012e+00   -0.000000e+00   -0.000000e+00   2.681157e+02   2.581312e-06   1.986987e+00
4.360000e+01   3.745124e+00   -0.000000e+00   -0.000000e+00   2.683166e+02   2.546686e-06   1.961803e+00
4.370000e+01   4.484782e+00   -0.000000e+00   -0.000000e+00   2.685117e+02   2.512598e-06   1.936951e+00
4.380000e+01   4.772768e+00   -0.000000e+00   -0.000000e+00   2.687003e+02   2.479043e-06   1.912425e+00
4.390000e+01   4.359932e+00   -0.000000e+00   -0.000000e+00   2.688816e+02   2.446016e-06   1.888221e+00
4.400000e+01   3.379192e+00   -0.000000e+00   -0.000000e+00   2.690550e+02   2.413515e-06   1.864333e+00
4.410000e+01   2.140190e+00   -0.000000e+00   -0.000000e+00   2.692201e+02   2.381530e-06   1.840755e+00
4.420000e+01   9.520913e-01   -0.000000e+00   -0.000000e+00   2.693772e+02   2.350052e-06   1.817484e+00
4.430000e+01   1.230333e-01   -0.000000e+00   -0.000000e+00   2.695267e+02   2.319067e-06   1.794517e+00
4.440000e+01   -3.554145e-01   -0.000000e+00   -0.000000e+00   2.696690e+02   2.288564e-06   1.771848e+00
4.450000e+01   -7.073865e-01   -0.000000e+00   -0.000000e+00   2.698045e+02   2.258531e-06   1.749475e+00
4.460000e+01   -1.029553e+00   -0.000000e+00   -0.000000e+00   2.699337e+02   2.228957e-06   1.727393e+00
4.470000e+01   -1.418584e+00   -0.000000e+00   -0.000000e+00   2.700570e+02   2.199830e-06   1.705599e+00
4.480000e+01   -1.971425e+00   -0.000000e+00   -0.000000e+00   2.701748e+02   2.171139e-06   1.684088e+00
4.490000e+01   -2.980067e+00   -0.000000e+00   -0.000000e+00   2.702874e+02   2.142874e-06   1.662857e+00
4.500000e+01   -4.446537e+00   -0.000000e+00   -0.000000e+00   2.703954e+02   2.115025e-06   1.641902e+00
4.510000e+01   -6.080741e+00   -0.000000e+00   -0.000000e+00   2.704991e+02   2.087582e-06   1.621219e+00
4.520000e+01   -7.592585e+00   -0.000000e+00   -0.000000e+00   2.705990e+02   2.060534e-06   1.600805e+00
4.530000e+01   -8.691975e+00   -0.000000e+00   -0.000000e+00   2.706955e+02   2.033872e-06   1.580655e+00
4.540000e+01   -9.504414e+00   -0.000000e+00   -0.000000e+00   2.707890e+02   2.007586e-06   1.560765e+00
4.550000e+01   -1.028592e+01   -0.000000e+00   -0.000000e+00   2.708799e+02   1.981667e-06   1.541132e+00
4.560000e+01   -1.094215e+01   -0.000000e+00   -0.000000e+00   2.709687e+02   1.956106e-06   1.521752e+00
4.570000e+01   -1.137880e+01   -0.000000e+00   -0.000000e+00   2.710557e+02   1.930894e-06   1.502621e+00
4.580000e+01   -1.150152e+01   -0.000000e+00   -0.000000e+00   2.711413e+02   1.906023e-06   1.483735e+00
4.590000e+01   -1.123897e+01   -0.000000e+00   -0.000000e+00   2.712261e+02   1.881484e-06   1.465090e+00
4.600000e+01   -1.068864e+01   -0.000000e+00   -0.000000e+00   2.713098e+02   1.857272e-06   1.446683e+00
4.610000e+01   -1.001311e+01   -0.000000e+00   -0.000000e+00   2.713921e+02   1.833386e-06   1.428511e+00
4.620000e+01   -9.374990e+00   -0.000000e+00   -0.000000e+00   2.714725e+02   1.809825e-06   1.410571e+00
4.630000e+01   -8.936900e+00   -0.000000e+00   -0.000000e+00   2.715506e+02   1.786587e-06   1.392859e+00
4.640000e+01   -8.712133e+00   -0.000000e+00   -0.000000e+00   2.716258e+02   1.763671e-06   1.375374e+00
4.650000e+01   -8.549023e+00   -0.000000e+00   -0.000000e+00   2.716978e+02   1.741073e-06   1.358112e+00
4.660000e+01   -8.414468e+00   -0.000000e+00   -0.000000e+00   2.717660e+02   1.718794e-06   1.341069e+00
4.670000e+01   -8.275984e+00   -0.000000e+00   -0.000000e+00   2.718300e+02   1.696829e-06   1.324244e+00
4.680000e+01   -8.101090e+00   -0.000000e+00   -0.000000e+00   2.718895e+02   1.675178e-06   1.307632e+00
4.690000e+01   -7.872553e+00   -0.000000e+00   -0.000000e+00   2.719438e+02   1.653837e-06   1.291232e+00
4.700000e+01   -7.589397e+00   -0.000000e+00   -0.000000e+00   2.719925e+02   1.632805e-06   1.275039e+00
4.710000e+01   -7.234741e+00   -0.000000e+00   -0.000000e+00   2.720353e+02   1.612078e-06   1.259052e+00
4.720000e+01   -6.791543e+00   -0.000000e+00   -0.000000e+00   2.720716e+02   1.591654e-06   1.243267e+00
4.730000e+01   -6.242759e+00   -0.000000e+00   -0.000000e+00   2.721009e+02   1.571531e-06   1.227680e+00
4.740000e+01   -5.157790e+00   -0.000000e+00   -0.000000e+00   2.721229e+02   1.551705e-06   1.212290e+00
4.750000e+01   -3.135363e+00   -0.000000e+00   -0.000000e+00   2.721371e+02   1.532173e-06   1.197093e+00
4.760000e+01   -6.527205e-01   -0.000000e+00   -0.000000e+00   2.721429e+02   1.512933e-06   1.182086e+00
4.770000e+01   1.801607e+00   -0.000000e+00   -0.000000e+00   2.721400e+02   1.493981e-06   1.167266e+00
4.780000e+01   3.739124e+00   -0.000000e+00   -0.000000e+00   2.721279e+02   1.475314e-06   1.152630e+00
4.790000e+01   5.134373e+00   -0.000000e+00   -0.000000e+00   2.721067e+02   1.456927e-06   1.138176e+00
4.800000e+01   6.520341e+00   -0.000000e+00   -0.000000e+00   2.720766e+02   1.438813e-06   1.123901e+00
4.810000e+01   7.729576e+00   -0.000000e+00   -0.000000e+00   2.720381e+02   1.420966e-06   1.109803e+00
4.820000e+01   8.577533e+00   -0.000000e+00   -0.000000e+00   2.719918e+02   1.403379e-06   1.095881e+00
4.830000e+01   8.879669e+00   -0.000000e+00   -0.000000e+00   2.719379e+02   1.386047e-06   1.082131e+00
4.840000e+01   8.568824e+00   -0.000000e+00   -0.000000e+00   2.718769e+02   1.368961e-06   1.068552e+00
4.850000e+01   7.863538e+00   -0.000000e+00   -0.000000e+00   2.718093e+02   1.352117e-06   1.055142e+00
4.860000e+01   6.882722e+00   -0.000000e+00   -0.000000e+00   2.717354e+02   1.335509e-06   1.041899e+00
4.870000e+01   5.739937e+00   -0.000000e+00   -0.000000e+00   2.716558e+02   1.319131e-06   1.028820e+00
4.880000e+01   4.548745e+00   -0.000000e+00   -0.000000e+00   2.715708e+02   1.302977e-06   1.015903e+00
4.890000e+01   3.218624e+00   -0.000000e+00   -0.000000e+00   2.714808e+02   1.287042e-06   1.003146e+00
4.900000e+01   1.474078e+00   -0.000000e+00   -0.000000e+00   2.713863e+02   1.271321e-06   9.905478e-01
4.910000e+01   -4.333118e-01   -0.000000e+00   -0.000000e+00   2.712878e+02   1.255807e-06   9.781049e-01
4.920000e+01   -2.231625e+00   -0.000000e+00   -0.000000e+00   2.711856e+02   1.240496e-06   9.658158e-01
4.930000e+01   -3.648941e+00   -0.000000e+00   -0.000000e+00   2.710801e+02   1.225383e-06   9.536781e-01
4.940000e+01   -4.623787e+00   -0.000000e+00   -0.000000e+00   2.709719e+02   1.210463e-06   9.416899e-01
4.950000e+01   -5.534058e+00   -0.000000e+00   -0.000000e+00   2.708612e+02   1.195730e-06   9.298489e-01
4.960000e+01   -6.343716e+00   -0.000000e+00   -0.000000e+00   2.707487e+02   1.181181e-06   9.181530e-01
4.970000e+01   -6.991388e+00   -0.000000e+00   -0.000000e+00   2.706346e+02   1.166810e-06   9.066001e-01
4.980000e+01   -7.415871e+00   -0.000000e+00   -0.000000e+00   2.705193e+02   1.152614e-06   8.951882e-01
4.990000e+01   -7.525642e+00   -0.000000e+00   -0.000000e+00   2.704028e+02   1.138589e-06   8.839155e-01
5.000000e+01   -7.291880e+00   -0.000000e+00   -0.000000e+00   2.702852e+02   1.124736e-06   8.727805e-01
5.010000e+01   -6.896211e+00   -0.000000e+00   -0.000000e+00   2.701662e+02   1.111051e-06   8.617817e-01
5.020000e+01   -6.529705e+00   -0.000000e+00   -0.000000e+00   2.700460e+02   1.097532e-06   8.509175e-01
5.030000e+01   -6.383432e+00   -0.000000e+00   -0.000000e+00   2.699245e+02   1.084179e-06   8.401863e-01
5.040000e+01   -6.634071e+00   -0.000000e+00   -0.000000e+00   2.698016e+02   1.070989e-06   8.295866e-01
5.050000e+01   -7.266902e+00   -0.000000e+00   -0.000000e+00   2.696772e+02   1.057960e-06   8.191168e-01
5.060000e+01   -8.132293e+00   -0.000000e+00   -0.000000e+00   2.695514e+02   1.045091e-06   8.087754e-01
5.070000e+01   -9.077847e+00   -0.000000e+00   -0.000000e+00   2.694240e+02   1.032379e-06   7.985607e-01
5.080000e+01   -9.951168e+00   -0.000000e+00   -0.000000e+00   2.692951e+02   1.019823e-06   7.884712e-01
5.090000e+01   -1.069120e+01   -0.000000e+00   -0.000000e+00   2.691646e+02   1.007422e-06   7.785054e-01
5.100000e+01   -1.149654e+01   -0.000000e+00   -0.000000e+00   2.690325e+02   9.951719e-07   7.686616e-01
5.110000e+01   -1.228384e+01   -0.000000e+00   -0.000000e+00   2.688987e+02   9.830725e-07   7.589384e-01
5.120000e+01   -1.294004e+01   -0.000000e+00   -0.000000e+00   2.687631e+02   9.711214e-07   7.493341e-01
5.130000e+01   -1.335207e+01   -0.000000e+00   -0.000000e+00   2.686258e+02   9.593168e-07   7.398473e-01
5.140000e+01   -1.343829e+01   -0.000000e+00   -0.000000e+00   2.684866e+02   9.476568e-07   7.304762e-01
5.150000e+01   -1.328328e+01   -0.000000e+00   -0.000000e+00   2.683456e+02   9.361395e-07   7.212194e-01
5.160000e+01   -1.294427e+01   -0.000000e+00   -0.000000e+00   2.682027e+02   9.247630e-07   7.120753e-01
5.170000e+01   -1.246881e+01   -0.000000e+00   -0.000000e+00   2.680578e+02   9.135255e-07   7.030423e-01
5.180000e+01   -1.190465e+01   -0.000000e+00   -0.000000e+00   2.679109e+02   9.024253e-07   6.941190e-01
5.190000e+01   -1.114121e+01   -0.000000e+00   -0.000000e+00   2.677618e+02   8.914613e-07   6.853042e-01
5.200000e+01   -9.660127e+00   -0.000000e+00   -0.000000e+00   2.676102e+02   8.806326e-07   6.765966e-01
5.210000e+01   -7.819900e+00   -0.000000e+00   -0.000000e+00   2.674561e+02   8.699381e-07   6.679950e-01
5.220000e+01   -6.084835e+00   -0.000000e+00   -0.000000e+00   2.672993e+02   8.593766e-07   6.594982e-01
5.230000e+01   -4.919236e+00   -0.000000e+00   -0.000000e+00   2.671395e+02   8.489471e-07   6.511050e-01
5.240000e+01   -4.601463e+00   -0.000000e+00   -0.000000e+00   2.669765e+02   8.386484e-07   6.428141e-01
5.250000e+01   -4.436459e+00   -0.000000e+00   -0.000000e+00   2.668103e+02   8.284794e-07   6.346243e-01
5.260000e+01   -4.302879e+00   -0.000000e+00   -0.000000e+00   2.666406e+02   8.184388e-07   6.265343e-01
5.270000e+01   -4.205042e+00   -0.000000e+00   -0.000000e+00   2.664673e+02   8.085255e-07   6.185431e-01
5.280000e+01   -4.147270e+00   -0.000000e+00   -0.000000e+00   2.662901e+02   7.987383e-07   6.106493e-01
5.290000e+01   -4.185855e+00   -0.000000e+00   -0.000000e+00   2.661088e+02   7.890759e-07   6.028516e-01
5.300000e+01   -4.573406e+00   -0.000000e+00   -0.000000e+00   2.659234e+02   7.795371e-07   5.951490e-01
5.310000e+01   -5.203842e+00   -0.000000e+00   -0.000000e+00   2.657336e+02   7.701206e-07   5.875402e-01
5.320000e+01   -5.912049e+00   -0.000000e+00   -0.000000e+00   2.655392e+02   7.608250e-07   5.800238e-01
5.330000e+01   -6.532915e+00   -0.000000e+00   -0.000000e+00   2.653401e+02   7.516492e-07   5.725988e-01
5.340000e+01   -6.924897e+00   -0.000000e+00   -0.000000e+00   2.651361e+02   7.425917e-07   5.652639e-01
5.350000e+01   -7.170754e+00   -0.000000e+00   -0.000000e+00   2.649269e+02   7.336512e-07   5.580179e-01
5.360000e+01   -7.364048e+00   -0.000000e+00   -0.000000e+00   2.647125e+02   7.248264e-07   5.508595e-01
5.370000e+01   -7.578904e+00   -0.000000e+00   -0.000000e+00   2.644926e+02   7.161159e-07   5.437875e-01
5.380000e+01   -7.889655e+00   -0.000000e+00   -0.000000e+00   2.642672e+02   7.075182e-07   5.368009e-01
5.390000e+01   -8.514716e+00   -0.000000e+00   -0.000000e+00   2.640362e+02   6.990318e-07   5.298986e-01
5.400000e+01   -1.037627e+01   -0.000000e+00   -0.000000e+00   2.637997e+02   6.906552e-07   5.230797e-01
5.410000e+01   -1.298178e+01   -0.000000e+00   -0.000000e+00   2.635577e+02   6.823868e-07   5.163434e-01
5.420000e+01   -1.554685e+01   -0.000000e+00   -0.000000e+00   2.633102e+02   6.742252e-07   5.096887e-01
5.430000e+01   -1.728712e+01   -0.000000e+00   -0.000000e+00   2.630572e+02   6.661688e-07   5.031146e-01
5.440000e+01   -1.758381e+01   -0.000000e+00   -0.000000e+00   2.627989e+02   6.582161e-07   4.966202e-01
5.450000e+01   -1.744500e+01   -0.000000e+00   -0.000000e+00   2.625351e+02   6.503657e-07   4.902046e-01
5.460000e+01   -1.720864e+01   -0.000000e+00   -0.000000e+00   2.622660e+02   6.426161e-07   4.838669e-01
5.470000e+01   -1.688793e+01   -0.000000e+00   -0.000000e+00   2.619915e+02   6.349658e-07   4.776062e-01
5.480000e+01   -1.649607e+01   -0.000000e+00   -0.000000e+00   2.617117e+02   6.274133e-07   4.714214e-01
5.490000e+01   -1.593855e+01   -0.000000e+00   -0.000000e+00   2.614266e+02   6.199573e-07   4.653117e-01
5.500000e+01   -1.424870e+01   -0.000000e+00   -0.000000e+00   2.611362e+02   6.125963e-07   4.592762e-01
5.510000e+01   -1.169716e+01   -0.000000e+00   -0.000000e+00   2.608406e+02   6.053289e-07   4.533138e-01
5.520000e+01   -8.917327e+00   -0.000000e+00   -0.000000e+00   2.605398e+02   5.981536e-07   4.474238e-01
5.530000e+01   -6.542572e+00   -0.000000e+00   -0.000000e+00   2.602337e+02   5.910690e-07   4.416051e-01
5.540000e+01   -5.121956e+00   -0.000000e+00   -0.000000e+00   2.599225e+02   5.840738e-07   4.358569e-01
5.550000e+01   -4.032619e+00   -0.000000e+00   -0.000000e+00   2.596061e+02   5.771664e-07   4.301782e-01
5.560000e+01   -3.070499e+00   -0.000000e+00   -0.000000e+00   2.592846e+02   5.703457e-07   4.245680e-01
5.570000e+01   -2.328806e+00   -0.000000e+00   -0.000000e+00   2.589580e+02   5.636100e-07   4.190255e-01
5.580000e+01   -1.900062e+00   -0.000000e+00   -0.000000e+00   2.586265e+02   5.569579e-07   4.135497e-01
5.590000e+01   -1.854971e+00   -0.000000e+00   -0.000000e+00   2.582905e+02   5.503871e-07   4.081399e-01
5.600000e+01   -1.935367e+00   -0.000000e+00   -0.000000e+00   2.579505e+02   5.438957e-07   4.027953e-01
5.610000e+01   -2.036280e+00   -0.000000e+00   -0.000000e+00   2.576070e+02   5.374816e-07   3.975151e-01
5.620000e+01   -2.156793e+00   -0.000000e+00   -0.000000e+00   2.572605e+02   5.311427e-07   3.922986e-01
5.630000e+01   -2.295988e+00   -0.000000e+00   -0.000000e+00   2.569115e+02   5.248771e-07   3.871450e-01
5.640000e+01   -2.518918e+00   -0.000000e+00   -0.000000e+00   2.565605e+02   5.186829e-07   3.820534e-01
5.650000e+01   -3.918223e+00   -0.000000e+00   -0.000000e+00   2.562079e+02   5.125581e-07   3.770231e-01
5.660000e+01   -6.321451e+00   -0.000000e+00   -0.000000e+00   2.558543e+02   5.065010e-07   3.720534e-01
5.670000e+01   -8.991270e+00   -0.000000e+00   -0.000000e+00   2.555000e+02   5.005097e-07   3.671435e-01
5.680000e+01   -1.119035e+01   -0.000000e+00   -0.000000e+00   2.551457e+02   4.945824e-07   3.622925e-01
5.690000e+01   -1.222983e+01   -0.000000e+00   -0.000000e+00   2.547918e+02   4.887175e-07   3.574997e-01
5.700000e+01   -1.276495e+01   -0.000000e+00   -0.000000e+00   2.544388e+02   4.829131e-07   3.527644e-01
5.710000e+01   -1.323479e+01   -0.000000e+00   -0.000000e+00   2.540872e+02   4.771677e-07   3.480857e-01
5.720000e+01   -1.362599e+01   -0.000000e+00   -0.000000e+00   2.537374e+02   4.714797e-07   3.434629e-01
5.730000e+01   -1.392518e+01   -0.000000e+00   -0.000000e+00   2.533900e+02   4.658473e-07   3.388952e-01
5.740000e+01   -1.411590e+01   -0.000000e+00   -0.000000e+00   2.530454e+02   4.602691e-07   3.343818e-01
5.750000e+01   -1.411162e+01   -0.000000e+00   -0.000000e+00   2.527042e+02   4.547435e-07   3.299220e-01
5.760000e+01   -1.395688e+01   -0.000000e+00   -0.000000e+00   2.523667e+02   4.492690e-07   3.255149e-01
5.770000e+01   -1.375853e+01   -0.000000e+00   -0.000000e+00   2.520336e+02   4.438441e-07   3.211599e-01
5.780000e+01   -1.362385e+01   -0.000000e+00   -0.000000e+00   2.517050e+02   4.384680e-07   3.168561e-01
5.790000e+01   -1.366914e+01   -0.000000e+00   -0.000000e+00   2.513803e+02   4.331413e-07   3.126031e-01
5.800000e+01   -1.425916e+01   -0.000000e+00   -0.000000e+00   2.510589e+02   4.278650e-07   3.084003e-01
5.810000e+01   -1.530034e+01   -0.000000e+00   -0.000000e+00   2.507402e+02   4.226399e-07   3.042473e-01
5.820000e+01   -1.645261e+01   -0.000000e+00   -0.000000e+00   2.504234e+02   4.174667e-07   3.001436e-01
5.830000e+01   -1.737594e+01   -0.000000e+00   -0.000000e+00   2.501079e+02   4.123462e-07   2.960887e-01
5.840000e+01   -1.773401e+01   -0.000000e+00   -0.000000e+00   2.497931e+02   4.072790e-07   2.920820e-01
5.850000e+01   -1.754223e+01   -0.000000e+00   -0.000000e+00   2.494782e+02   4.022659e-07   2.881231e-01
5.860000e+01   -1.701291e+01   -0.000000e+00   -0.000000e+00   2.491626e+02   3.973073e-07   2.842115e-01
5.870000e+01   -1.625673e+01   -0.000000e+00   -0.000000e+00   2.488456e+02   3.924037e-07   2.803467e-01
5.880000e+01   -1.538443e+01   -0.000000e+00   -0.000000e+00   2.485266e+02   3.875557e-07   2.765282e-01
5.890000e+01   -1.450194e+01   -0.000000e+00   -0.000000e+00   2.482050e+02   3.827637e-07   2.727555e-01
5.900000e+01   -1.321930e+01   -0.000000e+00   -0.000000e+00   2.478799e+02   3.780280e-07   2.690281e-01
5.910000e+01   -1.152509e+01   -0.000000e+00   -0.000000e+00   2.475509e+02   3.733489e-07   2.653455e-01
5.920000e+01   -9.834883e+00   -0.000000e+00   -0.000000e+00   2.472171e+02   3.687269e-07   2.617072e-01
5.930000e+01   -8.564283e+00   -0.000000e+00   -0.000000e+00   2.468780e+02   3.641620e-07   2.581127e-01
5.940000e+01   -8.127022e+00   -0.000000e+00   -0.000000e+00   2.465328e+02   3.596546e-07   2.545615e-01
5.950000e+01   -8.371601e+00   -0.000000e+00   -0.000000e+00   2.461810e+02   3.552047e-07   2.510531e-01
5.960000e+01   -8.917153e+00   -0.000000e+00   -0.000000e+00   2.458218e+02   3.508126e-07   2.475871e-01
5.970000e+01   -9.674782e+00   -0.000000e+00   -0.000000e+00   2.454546e+02   3.464783e-07   2.441629e-01
5.980000e+01   -1.055539e+01   -0.000000e+00   -0.000000e+00   2.450790e+02   3.422015e-07   2.407800e-01
5.990000e+01   -1.147007e+01   -0.000000e+00   -0.000000e+00   2.446952e+02   3.379812e-07   2.374381e-01
6.000000e+01   -1.282222e+01   -0.000000e+00   -0.000000e+00   2.443035e+02   3.338162e-07   2.341366e-01
6.010000e+01   -1.469560e+01   -0.000000e+00   -0.000000e+00   2.439041e+02   3.297054e-07   2.308753e-01
6.020000e+01   -1.662359e+01   -0.000000e+00   -0.000000e+00   2.434973e+02   3.256478e-07   2.276536e-01
6.030000e+01   -1.813953e+01   -0.000000e+00   -0.000000e+00   2.430834e+02   3.216423e-07   2.244713e-01
6.040000e+01   -1.877679e+01   -0.000000e+00   -0.000000e+00   2.426626e+02   3.176878e-07   2.213277e-01
6.050000e+01   -1.880208e+01   -0.000000e+00   -0.000000e+00   2.422353e+02   3.137834e-07   2.182226e-01
6.060000e+01   -1.879647e+01   -0.000000e+00   -0.000000e+00   2.418016e+02   3.099281e-07   2.151555e-01
6.070000e+01   -1.876485e+01   -0.000000e+00   -0.000000e+00   2.413619e+02   3.061208e-07   2.121260e-01
6.080000e+01   -1.871213e+01   -0.000000e+00   -0.000000e+00   2.409164e+02   3.023606e-07   2.091337e-01
6.090000e+01   -1.864322e+01   -0.000000e+00   -0.000000e+00   2.404655e+02   2.986465e-07   2.061781e-01
6.100000e+01   -1.851574e+01   -0.000000e+00   -0.000000e+00   2.400093e+02   2.949777e-07   2.032589e-01
6.110000e+01   -1.827875e+01   -0.000000e+00   -0.000000e+00   2.395481e+02   2.913532e-07   2.003756e-01
6.120000e+01   -1.793395e+01   -0.000000e+00   -0.000000e+00   2.390823e+02   2.877720e-07   1.975278e-01
6.130000e+01   -1.748311e+01   -0.000000e+00   -0.000000e+00   2.386120e+02   2.842334e-07   1.947151e-01
6.140000e+01   -1.692798e+01   -0.000000e+00   -0.000000e+00   2.381376e+02   2.807364e-07   1.919371e-01
6.150000e+01   -1.571107e+01   -0.000000e+00   -0.000000e+00   2.376593e+02   2.772802e-07   1.891934e-01
6.160000e+01   -1.349447e+01   -0.000000e+00   -0.000000e+00   2.371774e+02   2.738639e-07   1.864835e-01
6.170000e+01   -1.089025e+01   -0.000000e+00   -0.000000e+00   2.366921e+02   2.704868e-07   1.838071e-01
6.180000e+01   -8.514052e+00   -0.000000e+00   -0.000000e+00   2.362040e+02   2.671479e-07   1.811638e-01
6.190000e+01   -6.981753e+00   -0.000000e+00   -0.000000e+00   2.357133e+02   2.638467e-07   1.785534e-01
6.200000e+01   -6.241118e+00   -0.000000e+00   -0.000000e+00   2.352208e+02   2.605824e-07   1.759759e-01
6.210000e+01   -5.592001e+00   -0.000000e+00   -0.000000e+00   2.347268e+02   2.573544e-07   1.734309e-01
6.220000e+01   -5.073374e+00   -0.000000e+00   -0.000000e+00   2.342318e+02   2.541620e-07   1.709184e-01
6.230000e+01   -4.731507e+00   -0.000000e+00   -0.000000e+00   2.337363e+02   2.510046e-07   1.684380e-01
6.240000e+01   -4.612668e+00   -0.000000e+00   -0.000000e+00   2.332408e+02   2.478817e-07   1.659898e-01
6.250000e+01   -4.999234e+00   -0.000000e+00   -0.000000e+00   2.327459e+02   2.447925e-07   1.635733e-01
6.260000e+01   -6.135521e+00   -0.000000e+00   -0.000000e+00   2.322519e+02   2.417367e-07   1.611886e-01
6.270000e+01   -7.749000e+00   -0.000000e+00   -0.000000e+00   2.317594e+02   2.387136e-07   1.588353e-01
6.280000e+01   -9.560587e+00   -0.000000e+00   -0.000000e+00   2.312690e+02   2.357228e-07   1.565133e-01
6.290000e+01   -1.129120e+01   -0.000000e+00   -0.000000e+00   2.307809e+02   2.327637e-07   1.542224e-01
6.300000e+01   -1.291304e+01   -0.000000e+00   -0.000000e+00   2.302959e+02   2.298359e-07   1.519625e-01
6.310000e+01   -1.470078e+01   -0.000000e+00   -0.000000e+00   2.298143e+02   2.269389e-07   1.497333e-01
6.320000e+01   -1.654781e+01   -0.000000e+00   -0.000000e+00   2.293366e+02   2.240724e-07   1.475347e-01
6.330000e+01   -1.833823e+01   -0.000000e+00   -0.000000e+00   2.288634e+02   2.212357e-07   1.453664e-01
6.340000e+01   -1.995614e+01   -0.000000e+00   -0.000000e+00   2.283951e+02   2.184287e-07   1.432283e-01
6.350000e+01   -2.146845e+01   -0.000000e+00   -0.000000e+00   2.279323e+02   2.156508e-07   1.411202e-01
6.360000e+01   -2.308208e+01   -0.000000e+00   -0.000000e+00   2.274753e+02   2.129017e-07   1.390419e-01
6.370000e+01   -2.459242e+01   -0.000000e+00   -0.000000e+00   2.270246e+02   2.101813e-07   1.369933e-01
6.380000e+01   -2.578224e+01   -0.000000e+00   -0.000000e+00   2.265799e+02   2.074895e-07   1.349739e-01
6.390000e+01   -2.643421e+01   -0.000000e+00   -0.000000e+00   2.261414e+02   2.048265e-07   1.329838e-01
6.400000e+01   -2.658085e+01   -0.000000e+00   -0.000000e+00   2.257088e+02   2.021924e-07   1.310224e-01
6.410000e+01   -2.669628e+01   -0.000000e+00   -0.000000e+00   2.252820e+02   1.995873e-07   1.290897e-01
6.420000e+01   -2.680404e+01   -0.000000e+00   -0.000000e+00   2.248610e+02   1.970112e-07   1.271854e-01
6.430000e+01   -2.690650e+01   -0.000000e+00   -0.000000e+00   2.244457e+02   1.944642e-07   1.253092e-01
6.440000e+01   -2.700607e+01   -0.000000e+00   -0.000000e+00   2.240359e+02   1.919463e-07   1.234609e-01
6.450000e+01   -2.709956e+01   -0.000000e+00   -0.000000e+00   2.236315e+02   1.894576e-07   1.216403e-01
6.460000e+01   -2.716900e+01   -0.000000e+00   -0.000000e+00   2.232325e+02   1.869982e-07   1.198470e-01
6.470000e+01   -2.720437e+01   -0.000000e+00   -0.000000e+00   2.228388e+02   1.845680e-07   1.180809e-01
6.480000e+01   -2.719622e+01   -0.000000e+00   -0.000000e+00   2.224502e+02   1.821671e-07   1.163416e-01
6.490000e+01   -2.713514e+01   -0.000000e+00   -0.000000e+00   2.220667e+02   1.797955e-07   1.146290e-01
6.500000e+01   -2.649976e+01   -0.000000e+00   -0.000000e+00   2.216881e+02   1.774533e-07   1.129429e-01
6.510000e+01   -2.422714e+01   -0.000000e+00   -0.000000e+00   2.213144e+02   1.751403e-07   1.112828e-01
6.520000e+01   -2.109315e+01   -0.000000e+00   -0.000000e+00   2.209455e+02   1.728566e-07   1.096487e-01
6.530000e+01   -1.798106e+01   -0.000000e+00   -0.000000e+00   2.205812e+02   1.706022e-07   1.080402e-01
6.540000e+01   -1.577416e+01   -0.000000e+00   -0.000000e+00   2.202216e+02   1.683770e-07   1.064572e-01
6.550000e+01   -1.486323e+01   -0.000000e+00   -0.000000e+00   2.198663e+02   1.661811e-07   1.048993e-01
6.560000e+01   -1.414799e+01   -0.000000e+00   -0.000000e+00   2.195154e+02   1.640143e-07   1.033663e-01
6.570000e+01   -1.357678e+01   -0.000000e+00   -0.000000e+00   2.191682e+02   1.618767e-07   1.018578e-01
6.580000e+01   -1.320582e+01   -0.000000e+00   -0.000000e+00   2.188240e+02   1.597684e-07   1.003733e-01
6.590000e+01   -1.309131e+01   -0.000000e+00   -0.000000e+00   2.184820e+02   1.576892e-07   9.891219e-02
6.600000e+01   -1.332921e+01   -0.000000e+00   -0.000000e+00   2.181413e+02   1.556391e-07   9.747403e-02
6.610000e+01   -1.402350e+01   -0.000000e+00   -0.000000e+00   2.178012e+02   1.536181e-07   9.605830e-02
6.620000e+01   -1.502986e+01   -0.000000e+00   -0.000000e+00   2.174609e+02   1.516260e-07   9.466449e-02
6.630000e+01   -1.618571e+01   -0.000000e+00   -0.000000e+00   2.171196e+02   1.496626e-07   9.329207e-02
6.640000e+01   -1.732850e+01   -0.000000e+00   -0.000000e+00   2.167764e+02   1.477279e-07   9.194055e-02
6.650000e+01   -1.839514e+01   -0.000000e+00   -0.000000e+00   2.164307e+02   1.458216e-07   9.060940e-02
6.660000e+01   -1.963248e+01   -0.000000e+00   -0.000000e+00   2.160816e+02   1.439435e-07   8.929812e-02
6.670000e+01   -2.092312e+01   -0.000000e+00   -0.000000e+00   2.157284e+02   1.420933e-07   8.800619e-02
6.680000e+01   -2.210547e+01   -0.000000e+00   -0.000000e+00   2.153701e+02   1.402707e-07   8.673311e-02
6.690000e+01   -2.301794e+01   -0.000000e+00   -0.000000e+00   2.150061e+02   1.384755e-07   8.547835e-02
6.700000e+01   -2.358003e+01   -0.000000e+00   -0.000000e+00   2.146356e+02   1.367072e-07   8.424142e-02
6.710000e+01   -2.406184e+01   -0.000000e+00   -0.000000e+00   2.142577e+02   1.349656e-07   8.302179e-02
6.720000e+01   -2.447987e+01   -0.000000e+00   -0.000000e+00   2.138717e+02   1.332503e-07   8.181895e-02
6.730000e+01   -2.480738e+01   -0.000000e+00   -0.000000e+00   2.134768e+02   1.315608e-07   8.063240e-02
6.740000e+01   -2.501765e+01   -0.000000e+00   -0.000000e+00   2.130721e+02   1.298968e-07   7.946162e-02
6.750000e+01   -2.507888e+01   -0.000000e+00   -0.000000e+00   2.126569e+02   1.282578e-07   7.830610e-02
6.760000e+01   -2.497957e+01   -0.000000e+00   -0.000000e+00   2.122305e+02   1.266432e-07   7.716533e-02
6.770000e+01   -2.479060e+01   -0.000000e+00   -0.000000e+00   2.117939e+02   1.250519e-07   7.603896e-02
6.780000e+01   -2.458820e+01   -0.000000e+00   -0.000000e+00   2.113502e+02   1.234816e-07   7.492680e-02
6.790000e+01   -2.444850e+01   -0.000000e+00   -0.000000e+00   2.109027e+02   1.219300e-07   7.382869e-02
6.800000e+01   -2.447265e+01   -0.000000e+00   -0.000000e+00   2.104545e+02   1.203953e-07   7.274446e-02
6.810000e+01   -2.478982e+01   -0.000000e+00   -0.000000e+00   2.100088e+02   1.188752e-07   7.167393e-02
6.820000e+01   -2.525307e+01   -0.000000e+00   -0.000000e+00   2.095690e+02   1.173679e-07   7.061694e-02
6.830000e+01   -2.567965e+01   -0.000000e+00   -0.000000e+00   2.091382e+02   1.158716e-07   6.957331e-02
6.840000e+01   -2.588680e+01   -0.000000e+00   -0.000000e+00   2.087196e+02   1.143844e-07   6.854288e-02
6.850000e+01   -2.571862e+01   -0.000000e+00   -0.000000e+00   2.083165e+02   1.129046e-07   6.752547e-02
6.860000e+01   -2.526207e+01   -0.000000e+00   -0.000000e+00   2.079321e+02   1.114306e-07   6.652091e-02
6.870000e+01   -2.459511e+01   -0.000000e+00   -0.000000e+00   2.075695e+02   1.099608e-07   6.552904e-02
6.880000e+01   -2.377187e+01   -0.000000e+00   -0.000000e+00   2.072321e+02   1.084937e-07   6.454968e-02
6.890000e+01   -2.284644e+01   -0.000000e+00   -0.000000e+00   2.069230e+02   1.070280e-07   6.358266e-02
6.900000e+01   -2.184677e+01   -0.000000e+00   -0.000000e+00   2.066455e+02   1.055623e-07   6.262781e-02
6.910000e+01   -2.063018e+01   -0.000000e+00   -0.000000e+00   2.064027e+02   1.040954e-07   6.168496e-02
6.920000e+01   -1.923649e+01   -0.000000e+00   -0.000000e+00   2.061980e+02   1.026261e-07   6.075395e-02
6.930000e+01   -1.775203e+01   -0.000000e+00   -0.000000e+00   2.060344e+02   1.011533e-07   5.983459e-02
6.940000e+01   -1.626311e+01   -0.000000e+00   -0.000000e+00   2.059153e+02   9.967617e-08   5.892673e-02
6.950000e+01   -1.484634e+01   -0.000000e+00   -0.000000e+00   2.058439e+02   9.819371e-08   5.803018e-02
6.960000e+01   -1.345033e+01   -0.000000e+00   -0.000000e+00   2.058233e+02   9.670519e-08   5.714479e-02
6.970000e+01   -1.200236e+01   -0.000000e+00   -0.000000e+00   2.058565e+02   9.521007e-08   5.627037e-02
6.980000e+01   -1.045171e+01   -0.000000e+00   -0.000000e+00   2.059415e+02   9.371020e-08   5.540681e-02
6.990000e+01   -8.754547e+00   -0.000000e+00   -0.000000e+00   2.060728e+02   9.220909e-08   5.455402e-02
7.000000e+01   -6.858733e+00   -0.000000e+00   -0.000000e+00   2.062446e+02   9.071012e-08   5.371191e-02
7.010000e+01   -4.675857e+00   -0.000000e+00   -0.000000e+00   2.064511e+02   8.921651e-08   5.288039e-02
7.020000e+01   -2.280350e+00   -0.000000e+00   -0.000000e+00   2.066866e+02   8.773126e-08   5.205938e-02
7.030000e+01   2.177137e-01   -0.000000e+00   -0.000000e+00   2.069453e+02   8.625723e-08   5.124877e-02
7.040000e+01   2.708258e+00   -0.000000e+00   -0.000000e+00   2.072216e+02   8.479706e-08   5.044849e-02
7.050000e+01   5.089952e+00   -0.000000e+00   -0.000000e+00   2.075097e+02   8.335322e-08   4.965845e-02
7.060000e+01   7.400942e+00   -0.000000e+00   -0.000000e+00   2.078039e+02   8.192800e-08   4.887855e-02
7.070000e+01   9.674122e+00   -0.000000e+00   -0.000000e+00   2.080983e+02   8.052353e-08   4.810872e-02
7.080000e+01   1.191605e+01   -0.000000e+00   -0.000000e+00   2.083874e+02   7.914175e-08   4.734885e-02
7.090000e+01   1.413329e+01   -0.000000e+00   -0.000000e+00   2.086653e+02   7.778445e-08   4.659886e-02
7.100000e+01   1.634051e+01   -0.000000e+00   -0.000000e+00   2.089263e+02   7.645326e-08   4.585867e-02
7.110000e+01   1.862920e+01   -0.000000e+00   -0.000000e+00   2.091646e+02   7.514968e-08   4.512818e-02
7.120000e+01   2.090960e+01   -0.000000e+00   -0.000000e+00   2.093746e+02   7.387507e-08   4.440730e-02
7.130000e+01   2.303528e+01   -0.000000e+00   -0.000000e+00   2.095505e+02   7.263067e-08   4.369595e-02
7.140000e+01   2.485983e+01   -0.000000e+00   -0.000000e+00   2.096866e+02   7.141760e-08   4.299404e-02
7.150000e+01   2.624278e+01   -0.000000e+00   -0.000000e+00   2.097771e+02   7.023687e-08   4.230148e-02
7.160000e+01   2.722327e+01   -0.000000e+00   -0.000000e+00   2.098162e+02   6.908942e-08   4.161817e-02
7.170000e+01   2.793403e+01   -0.000000e+00   -0.000000e+00   2.097983e+02   6.797611e-08   4.094404e-02
7.180000e+01   2.848569e+01   -0.000000e+00   -0.000000e+00   2.097177e+02   6.689771e-08   4.027899e-02
7.190000e+01   2.899055e+01   -0.000000e+00   -0.000000e+00   2.095692e+02   6.585471e-08   3.962294e-02
7.200000e+01   2.957542e+01   -0.000000e+00   -0.000000e+00   2.093538e+02   6.484575e-08   3.897577e-02
7.210000e+01   3.035412e+01   -0.000000e+00   -0.000000e+00   2.090748e+02   6.386873e-08   3.833737e-02
7.220000e+01   3.126848e+01   -0.000000e+00   -0.000000e+00   2.087356e+02   6.292167e-08   3.770763e-02
7.230000e+01   3.222015e+01   -0.000000e+00   -0.000000e+00   2.083398e+02   6.200268e-08   3.708643e-02
7.240000e+01   3.311075e+01   -0.000000e+00   -0.000000e+00   2.078906e+02   6.110998e-08   3.647367e-02
7.250000e+01   3.385159e+01   -0.000000e+00   -0.000000e+00   2.073916e+02   6.024185e-08   3.586922e-02
7.260000e+01   3.464590e+01   -0.000000e+00   -0.000000e+00   2.068462e+02   5.939668e-08   3.527297e-02
7.270000e+01   3.548568e+01   -0.000000e+00   -0.000000e+00   2.062578e+02   5.857290e-08   3.468482e-02
7.280000e+01   3.620063e+01   -0.000000e+00   -0.000000e+00   2.056298e+02   5.776904e-08   3.410464e-02
7.290000e+01   3.662047e+01   -0.000000e+00   -0.000000e+00   2.049656e+02   5.698366e-08   3.353233e-02
7.300000e+01   3.656348e+01   -0.000000e+00   -0.000000e+00   2.042688e+02   5.621538e-08   3.296777e-02
7.310000e+01   3.546011e+01   -0.000000e+00   -0.000000e+00   2.035426e+02   5.546289e-08   3.241084e-02
7.320000e+01   3.334448e+01   -0.000000e+00   -0.000000e+00   2.027906e+02   5.472491e-08   3.186143e-02
7.330000e+01   3.060007e+01   -0.000000e+00   -0.000000e+00   2.020162e+02   5.400020e-08   3.131943e-02
7.340000e+01   2.761038e+01   -0.000000e+00   -0.000000e+00   2.012228e+02   5.328757e-08   3.078473e-02
7.350000e+01   2.474526e+01   -0.000000e+00   -0.000000e+00   2.004137e+02   5.258587e-08   3.025721e-02
7.360000e+01   2.147019e+01   -0.000000e+00   -0.000000e+00   1.995926e+02   5.189397e-08   2.973676e-02
7.370000e+01   1.769577e+01   -0.000000e+00   -0.000000e+00   1.987627e+02   5.121079e-08   2.922326e-02
7.380000e+01   1.392267e+01   -0.000000e+00   -0.000000e+00   1.979275e+02   5.053526e-08   2.871660e-02
7.390000e+01   1.065156e+01   -0.000000e+00   -0.000000e+00   1.970905e+02   4.986637e-08   2.821667e-02
7.400000e+01   8.375935e+00   -0.000000e+00   -0.000000e+00   1.962550e+02   4.920312e-08   2.772335e-02
7.410000e+01   6.679088e+00   -0.000000e+00   -0.000000e+00   1.954245e+02   4.854455e-08   2.723653e-02
7.420000e+01   5.167542e+00   -0.000000e+00   -0.000000e+00   1.946025e+02   4.788971e-08   2.675610e-02
7.430000e+01   3.978047e+00   -0.000000e+00   -0.000000e+00   1.937922e+02   4.723770e-08   2.628194e-02
7.440000e+01   3.243680e+00   -0.000000e+00   -0.000000e+00   1.929962e+02   4.658793e-08   2.581396e-02
7.450000e+01   3.088731e+00   -0.000000e+00   -0.000000e+00   1.922141e+02   4.594056e-08   2.535210e-02
7.460000e+01   3.754940e+00   -0.000000e+00   -0.000000e+00   1.914450e+02   4.529587e-08   2.489632e-02
7.470000e+01   5.144670e+00   -0.000000e+00   -0.000000e+00   1.906882e+02   4.465413e-08   2.444656e-02
7.480000e+01   6.938577e+00   -0.000000e+00   -0.000000e+00   1.899428e+02   4.401560e-08   2.400280e-02
7.490000e+01   8.817316e+00   -0.000000e+00   -0.000000e+00   1.892081e+02   4.338053e-08   2.356497e-02
7.500000e+01   1.046193e+01   -0.000000e+00   -0.000000e+00   1.884832e+02   4.274917e-08   2.313304e-02
7.510000e+01   1.195854e+01   -0.000000e+00   -0.000000e+00   1.877673e+02   4.212176e-08   2.270696e-02
7.520000e+01   1.349792e+01   -0.000000e+00   -0.000000e+00   1.870597e+02   4.149853e-08   2.228667e-02
7.530000e+01   1.498473e+01   -0.000000e+00   -0.000000e+00   1.863594e+02   4.087970e-08   2.187215e-02
7.540000e+01   1.632368e+01   -0.000000e+00   -0.000000e+00   1.856658e+02   4.026548e-08   2.146334e-02
7.550000e+01   1.741944e+01   -0.000000e+00   -0.000000e+00   1.849780e+02   3.965608e-08   2.106019e-02
7.560000e+01   1.827712e+01   -0.000000e+00   -0.000000e+00   1.842952e+02   3.905169e-08   2.066266e-02
7.570000e+01   1.901235e+01   -0.000000e+00   -0.000000e+00   1.836166e+02   3.845249e-08   2.027070e-02
7.580000e+01   1.969557e+01   -0.000000e+00   -0.000000e+00   1.829414e+02   3.785868e-08   1.988427e-02
7.590000e+01   2.039725e+01   -0.000000e+00   -0.000000e+00   1.822687e+02   3.727041e-08   1.950333e-02
7.600000e+01   2.118781e+01   -0.000000e+00   -0.000000e+00   1.815979e+02   3.668785e-08   1.912781e-02
7.610000e+01   2.230971e+01   -0.000000e+00   -0.000000e+00   1.809280e+02   3.611115e-08   1.875769e-02
7.620000e+01   2.378538e+01   -0.000000e+00   -0.000000e+00   1.802583e+02   3.554046e-08   1.839292e-02
7.630000e+01   2.530720e+01   -0.000000e+00   -0.000000e+00   1.795880e+02   3.497591e-08   1.803344e-02
7.640000e+01   2.656724e+01   -0.000000e+00   -0.000000e+00   1.789162e+02   3.441764e-08   1.767922e-02
7.650000e+01   2.725759e+01   -0.000000e+00   -0.000000e+00   1.782421e+02   3.386576e-08   1.733020e-02
7.660000e+01   2.745437e+01   -0.000000e+00   -0.000000e+00   1.775651e+02   3.332039e-08   1.698635e-02
7.670000e+01   2.754773e+01   -0.000000e+00   -0.000000e+00   1.768841e+02   3.278163e-08   1.664761e-02
7.680000e+01   2.755629e+01   -0.000000e+00   -0.000000e+00   1.761986e+02   3.224958e-08   1.631394e-02
7.690000e+01   2.749698e+01   -0.000000e+00   -0.000000e+00   1.755075e+02   3.172434e-08   1.598529e-02
7.700000e+01   2.738671e+01   -0.000000e+00   -0.000000e+00   1.748102e+02   3.120597e-08   1.566162e-02
7.710000e+01   2.751387e+01   -0.000000e+00   -0.000000e+00   1.741058e+02   3.069458e-08   1.534289e-02
7.720000e+01   2.815270e+01   -0.000000e+00   -0.000000e+00   1.733935e+02   3.019021e-08   1.502904e-02
7.730000e+01   2.909639e+01   -0.000000e+00   -0.000000e+00   1.726726e+02   2.969292e-08   1.472003e-02
7.740000e+01   3.014607e+01   -0.000000e+00   -0.000000e+00   1.719434e+02   2.920263e-08   1.441583e-02
7.750000e+01   3.110669e+01   -0.000000e+00   -0.000000e+00   1.712060e+02   2.871923e-08   1.411641e-02
7.760000e+01   3.215506e+01   -0.000000e+00   -0.000000e+00   1.704609e+02   2.824261e-08   1.382172e-02
7.770000e+01   3.360479e+01   -0.000000e+00   -0.000000e+00   1.697084e+02   2.777267e-08   1.353173e-02
7.780000e+01   3.509664e+01   -0.000000e+00   -0.000000e+00   1.689489e+02   2.730931e-08   1.324642e-02
7.790000e+01   3.626206e+01   -0.000000e+00   -0.000000e+00   1.681827e+02   2.685244e-08   1.296574e-02
7.800000e+01   3.673247e+01   -0.000000e+00   -0.000000e+00   1.674102e+02   2.640196e-08   1.268967e-02
7.810000e+01   3.654450e+01   -0.000000e+00   -0.000000e+00   1.666317e+02   2.595779e-08   1.241817e-02
7.820000e+01   3.626764e+01   -0.000000e+00   -0.000000e+00   1.658476e+02   2.551984e-08   1.215121e-02
7.830000e+01   3.589163e+01   -0.000000e+00   -0.000000e+00   1.650582e+02   2.508803e-08   1.188875e-02
7.840000e+01   3.539164e+01   -0.000000e+00   -0.000000e+00   1.642639e+02   2.466228e-08   1.163075e-02
7.850000e+01   3.474279e+01   -0.000000e+00   -0.000000e+00   1.634651e+02   2.424253e-08   1.137720e-02
7.860000e+01   3.350868e+01   -0.000000e+00   -0.000000e+00   1.626620e+02   2.382869e-08   1.112804e-02
7.870000e+01   3.118436e+01   -0.000000e+00   -0.000000e+00   1.618551e+02   2.342071e-08   1.088325e-02
7.880000e+01   2.839761e+01   -0.000000e+00   -0.000000e+00   1.610447e+02   2.301851e-08   1.064280e-02
7.890000e+01   2.580646e+01   -0.000000e+00   -0.000000e+00   1.602311e+02   2.262204e-08   1.040665e-02
7.900000e+01   2.406895e+01   -0.000000e+00   -0.000000e+00   1.594147e+02   2.223123e-08   1.017476e-02
7.910000e+01   2.337126e+01   -0.000000e+00   -0.000000e+00   1.585959e+02   2.184603e-08   9.947110e-03
7.920000e+01   2.292562e+01   -0.000000e+00   -0.000000e+00   1.577750e+02   2.146639e-08   9.723657e-03
7.930000e+01   2.266852e+01   -0.000000e+00   -0.000000e+00   1.569524e+02   2.109226e-08   9.504371e-03
7.940000e+01   2.257399e+01   -0.000000e+00   -0.000000e+00   1.561283e+02   2.072359e-08   9.289217e-03
7.950000e+01   2.261604e+01   -0.000000e+00   -0.000000e+00   1.553033e+02   2.036033e-08   9.078161e-03
7.960000e+01   2.279594e+01   -0.000000e+00   -0.000000e+00   1.544782e+02   2.000238e-08   8.871176e-03
7.970000e+01   2.314972e+01   -0.000000e+00   -0.000000e+00   1.536566e+02   1.964934e-08   8.668256e-03
7.980000e+01   2.363360e+01   -0.000000e+00   -0.000000e+00   1.528429e+02   1.930078e-08   8.469401e-03
7.990000e+01   2.419969e+01   -0.000000e+00   -0.000000e+00   1.520414e+02   1.895629e-08   8.274611e-03
8.000000e+01   2.480011e+01   -0.000000e+00   -0.000000e+00   1.512563e+02   1.861549e-08   8.083889e-03
8.010000e+01   2.533358e+01   -0.000000e+00   -0.000000e+00   1.504920e+02   1.827803e-08   7.897232e-03
8.020000e+01   2.563516e+01   -0.000000e+00   -0.000000e+00   1.497526e+02   1.794358e-08   7.714644e-03
8.030000e+01   2.572406e+01   -0.000000e+00   -0.000000e+00   1.490427e+02   1.761185e-08   7.536122e-03
8.040000e+01   2.563047e+01   -0.000000e+00   -0.000000e+00   1.483663e+02   1.728259e-08   7.361670e-03
8.050000e+01   2.538458e+01   -0.000000e+00   -0.000000e+00   1.477278e+02   1.695555e-08   7.191285e-03
8.060000e+01   2.482453e+01   0.000000e+00   0.000000e+00   1.471316e+02   1.663053e-08   7.024970e-03
8.070000e+01   2.347663e+01   0.000000e+00   0.000000e+00   1.465819e+02   1.630737e-08   6.862725e-03
8.080000e+01   2.157802e+01   0.000000e+00   0.000000e+00   1.460830e+02   1.598592e-08   6.704549e-03
8.090000e+01   1.941867e+01   0.000000e+00   0.000000e+00   1.456392e+02   1.566608e-08   6.550444e-03
8.100000e+01   1.729087e+01   0.000000e+00   0.000000e+00   1.452539e+02   1.534781e-08   6.400392e-03
8.110000e+01   1.518066e+01   0.000000e+00   0.000000e+00   1.449277e+02   1.503128e-08   6.254311e-03
8.120000e+01   1.240624e+01   0.000000e+00   0.000000e+00   1.446603e+02   1.471665e-08   6.112105e-03
8.130000e+01   9.525096e+00   0.000000e+00   0.000000e+00   1.444518e+02   1.440411e-08   5.973678e-03
8.140000e+01   7.208385e+00   0.000000e+00   0.000000e+00   1.443018e+02   1.409384e-08   5.838933e-03
8.150000e+01   6.127268e+00   0.000000e+00   0.000000e+00   1.442102e+02   1.378601e-08   5.707776e-03
8.160000e+01   7.011865e+00   0.000000e+00   0.000000e+00   1.441769e+02   1.348076e-08   5.580109e-03
8.170000e+01   9.987187e+00   0.000000e+00   0.000000e+00   1.442018e+02   1.317827e-08   5.455837e-03
8.180000e+01   1.395173e+01   0.000000e+00   0.000000e+00   1.442846e+02   1.287867e-08   5.334864e-03
8.190000e+01   1.772850e+01   0.000000e+00   0.000000e+00   1.444252e+02   1.258210e-08   5.217094e-03
8.200000e+01   2.014051e+01   0.000000e+00   0.000000e+00   1.446235e+02   1.228870e-08   5.102430e-03
8.210000e+01   2.051875e+01   0.000000e+00   0.000000e+00   1.448793e+02   1.199857e-08   4.990777e-03
8.220000e+01   2.052642e+01   0.000000e+00   0.000000e+00   1.451924e+02   1.171183e-08   4.882039e-03
8.230000e+01   2.042322e+01   0.000000e+00   0.000000e+00   1.455628e+02   1.142859e-08   4.776119e-03
8.240000e+01   2.020864e+01   0.000000e+00   0.000000e+00   1.459901e+02   1.114892e-08   4.672922e-03
8.250000e+01   1.988213e+01   0.000000e+00   0.000000e+00   1.464744e+02   1.087290e-08   4.572352e-03
8.260000e+01   1.945047e+01   0.000000e+00   0.000000e+00   1.470154e+02   1.060062e-08   4.474312e-03
8.270000e+01   1.894916e+01   0.000000e+00   0.000000e+00   1.476130e+02   1.033211e-08   4.378706e-03
8.280000e+01   1.837769e+01   0.000000e+00   0.000000e+00   1.482669e+02   1.006743e-08   4.285440e-03
8.290000e+01   1.772977e+01   0.000000e+00   0.000000e+00   1.489772e+02   9.806618e-09   4.194415e-03
8.300000e+01   1.699911e+01   0.000000e+00   0.000000e+00   1.497436e+02   9.549694e-09   4.105537e-03
8.310000e+01   1.639585e+01   0.000000e+00   0.000000e+00   1.505659e+02   9.296676e-09   4.018710e-03
8.320000e+01   1.692093e+01   0.000000e+00   0.000000e+00   1.514439e+02   9.047579e-09   3.933838e-03
8.330000e+01   1.804635e+01   0.000000e+00   0.000000e+00   1.523747e+02   8.802622e-09   3.850856e-03
8.340000e+01   1.900194e+01   0.000000e+00   0.000000e+00   1.533531e+02   8.562189e-09   3.769725e-03
8.350000e+01   1.901781e+01   0.000000e+00   0.000000e+00   1.543736e+02   8.326618e-09   3.690405e-03
8.360000e+01   1.751954e+01   0.000000e+00   0.000000e+00   1.554310e+02   8.096198e-09   3.612859e-03
8.370000e+01   1.538929e+01   0.000000e+00   0.000000e+00   1.565197e+02   7.871173e-09   3.537048e-03
8.380000e+01   1.293010e+01   0.000000e+00   0.000000e+00   1.576346e+02   7.651740e-09   3.462934e-03
8.390000e+01   1.023040e+01   0.000000e+00   0.000000e+00   1.587702e+02   7.438058e-09   3.390478e-03
8.400000e+01   7.378635e+00   0.000000e+00   0.000000e+00   1.599212e+02   7.230245e-09   3.319643e-03
8.410000e+01   4.410970e+00   0.000000e+00   0.000000e+00   1.610821e+02   7.028387e-09   3.250389e-03
8.420000e+01   1.033353e+00   0.000000e+00   0.000000e+00   1.622477e+02   6.832537e-09   3.182678e-03
8.430000e+01   -2.665512e+00   0.000000e+00   0.000000e+00   1.634125e+02   6.642718e-09   3.116473e-03
8.440000e+01   -6.502508e+00   0.000000e+00   0.000000e+00   1.645712e+02   6.458929e-09   3.051734e-03
8.450000e+01   -1.029452e+01   0.000000e+00   0.000000e+00   1.657184e+02   6.281148e-09   2.988423e-03
8.460000e+01   -1.386990e+01   0.000000e+00   0.000000e+00   1.668488e+02   6.109328e-09   2.926502e-03
8.470000e+01   -1.724473e+01   0.000000e+00   0.000000e+00   1.679570e+02   5.943408e-09   2.865933e-03
8.480000e+01   -2.052927e+01   0.000000e+00   0.000000e+00   1.690376e+02   5.783312e-09   2.806676e-03
8.490000e+01   -2.382502e+01   0.000000e+00   0.000000e+00   1.700853e+02   5.628950e-09   2.748695e-03
8.500000e+01   -2.723346e+01   0.000000e+00   0.000000e+00   1.710947e+02   5.480220e-09   2.691949e-03
8.510000e+01   -3.086355e+01   0.000000e+00   0.000000e+00   1.720604e+02   5.337013e-09   2.636402e-03
8.520000e+01   -3.482753e+01   0.000000e+00   0.000000e+00   1.729771e+02   5.199212e-09   2.582014e-03
8.530000e+01   -3.903792e+01   0.000000e+00   0.000000e+00   1.738394e+02   5.066695e-09   2.528747e-03
8.540000e+01   -4.336990e+01   0.000000e+00   0.000000e+00   1.746420e+02   4.939335e-09   2.476564e-03
8.550000e+01   -4.769864e+01   0.000000e+00   0.000000e+00   1.753794e+02   4.817001e-09   2.425424e-03
8.560000e+01   -5.195993e+01   0.000000e+00   0.000000e+00   1.760467e+02   4.699556e-09   2.375292e-03
8.570000e+01   -5.669045e+01   0.000000e+00   0.000000e+00   1.766436e+02   4.586757e-09   2.326141e-03
8.580000e+01   -6.161849e+01   0.000000e+00   0.000000e+00   1.771741e+02   4.478298e-09   2.277958e-03
8.590000e+01   -6.619971e+01   0.000000e+00   0.000000e+00   1.776421e+02   4.373893e-09   2.230727e-03
8.600000e+01   -6.988979e+01   0.000000e+00   0.000000e+00   1.780515e+02   4.273276e-09   2.184433e-03
8.610000e+01   -7.222012e+01   0.000000e+00   0.000000e+00   1.784062e+02   4.176201e-09   2.139064e-03
8.620000e+01   -7.398309e+01   0.000000e+00   0.000000e+00   1.787102e+02   4.082442e-09   2.094602e-03
8.630000e+01   -7.550953e+01   0.000000e+00   0.000000e+00   1.789674e+02   3.991783e-09   2.051035e-03
8.640000e+01   -7.675920e+01   0.000000e+00   0.000000e+00   1.791817e+02   3.904028e-09   2.008348e-03
8.650000e+01   -7.769186e+01   0.000000e+00   0.000000e+00   1.793571e+02   3.818990e-09   1.966525e-03
8.660000e+01   -7.826141e+01   0.000000e+00   0.000000e+00   1.794976e+02   3.736496e-09   1.925553e-03
8.670000e+01   -7.835468e+01   0.000000e+00   0.000000e+00   1.796070e+02   3.656384e-09   1.885417e-03
8.680000e+01   -7.802797e+01   0.000000e+00   0.000000e+00   1.796893e+02   3.578501e-09   1.846102e-03
8.690000e+01   -7.739560e+01   0.000000e+00   0.000000e+00   1.797484e+02   3.502703e-09   1.807593e-03
8.700000e+01   -7.657189e+01   0.000000e+00   0.000000e+00   1.797882e+02   3.428857e-09   1.769876e-03
8.710000e+01   -7.566194e+01   0.000000e+00   0.000000e+00   1.798127e+02   3.356835e-09   1.732937e-03
8.720000e+01   -7.452806e+01   0.000000e+00   0.000000e+00   1.798259e+02   3.286518e-09   1.696761e-03
8.730000e+01   -7.310878e+01   0.000000e+00   0.000000e+00   1.798316e+02   3.217793e-09   1.661333e-03
8.740000e+01   -7.143422e+01   0.000000e+00   0.000000e+00   1.798338e+02   3.150556e-09   1.626638e-03
8.750000e+01   -6.953452e+01   0.000000e+00   0.000000e+00   1.798365e+02   3.084705e-09   1.592663e-03
8.760000e+01   -6.743066e+01   0.000000e+00   0.000000e+00   1.798435e+02   3.020147e-09   1.559392e-03
8.770000e+01   -6.488944e+01   0.000000e+00   0.000000e+00   1.798588e+02   2.956794e-09   1.526811e-03
8.780000e+01   -6.193980e+01   0.000000e+00   0.000000e+00   1.798863e+02   2.894563e-09   1.494905e-03
8.790000e+01   -5.877461e+01   0.000000e+00   0.000000e+00   1.799300e+02   2.833375e-09   1.463660e-03
8.800000e+01   -5.558692e+01   0.000000e+00   0.000000e+00   1.799934e+02   2.773166e-09   1.433061e-03
8.810000e+01   -5.256707e+01   0.000000e+00   0.000000e+00   1.800765e+02   2.713926e-09   1.403096e-03
8.820000e+01   -4.968119e+01   0.000000e+00   0.000000e+00   1.801785e+02   2.655667e-09   1.373754e-03
8.830000e+01   -4.682485e+01   0.000000e+00   0.000000e+00   1.802981e+02   2.598399e-09   1.345022e-03
8.840000e+01   -4.396285e+01   0.000000e+00   0.000000e+00   1.804344e+02   2.542129e-09   1.316889e-03
8.850000e+01   -4.106003e+01   0.000000e+00   0.000000e+00   1.805861e+02   2.486862e-09   1.289343e-03
8.860000e+01   -3.808033e+01   0.000000e+00   0.000000e+00   1.807523e+02   2.432604e-09   1.262372e-03
8.870000e+01   -3.495877e+01   0.000000e+00   0.000000e+00   1.809318e+02   2.379355e-09   1.235966e-03
8.880000e+01   -3.174612e+01   0.000000e+00   0.000000e+00   1.811235e+02   2.327117e-09   1.210111e-03
8.890000e+01   -2.854714e+01   0.000000e+00   0.000000e+00   1.813264e+02   2.275886e-09   1.184797e-03
8.900000e+01   -2.546656e+01   0.000000e+00   0.000000e+00   1.815393e+02   2.225662e-09   1.160011e-03
8.910000e+01   -2.260859e+01   0.000000e+00   0.000000e+00   1.817612e+02   2.176438e-09   1.135743e-03
8.920000e+01   -1.997892e+01   0.000000e+00   0.000000e+00   1.819910e+02   2.128209e-09   1.111979e-03
8.930000e+01   -1.749017e+01   0.000000e+00   0.000000e+00   1.822276e+02   2.080968e-09   1.088709e-03
8.940000e+01   -1.507627e+01   0.000000e+00   0.000000e+00   1.824700e+02   2.034705e-09   1.065921e-03
8.950000e+01   -1.267115e+01   0.000000e+00   0.000000e+00   1.827169e+02   1.989411e-09   1.043604e-03
8.960000e+01   -1.020894e+01   0.000000e+00   0.000000e+00   1.829674e+02   1.945075e-09   1.021744e-03
8.970000e+01   -7.690397e+00   0.000000e+00   0.000000e+00   1.832203e+02   1.901683e-09   1.000332e-03
8.980000e+01   -5.163609e+00   0.000000e+00   0.000000e+00   1.834746e+02   1.859224e-09   9.793546e-04
8.990000e+01   -2.650623e+00   0.000000e+00   0.000000e+00   1.837291e+02   1.817682e-09   9.588006e-04
9.000000e+01   -1.734855e-01   0.000000e+00   0.000000e+00   1.839828e+02   1.777043e-09   9.386583e-04
9.010000e+01   2.245748e+00   0.000000e+00   0.000000e+00   1.842346e+02   1.737289e-09   9.189160e-04
9.020000e+01   4.584526e+00   0.000000e+00   0.000000e+00   1.844834e+02   1.698405e-09   8.995621e-04
9.030000e+01   6.853006e+00   0.000000e+00   0.000000e+00   1.847282e+02   1.660373e-09   8.805847e-04
9.040000e+01   9.076738e+00   0.000000e+00   0.000000e+00   1.849686e+02   1.623170e-09   8.619748e-04
9.050000e+01   1.128159e+01   0.000000e+00   0.000000e+00   1.852066e+02   1.586769e-09   8.437282e-04
9.060000e+01   1.349346e+01   0.000000e+00   0.000000e+00   1.854440e+02   1.551143e-09   8.258419e-04
9.070000e+01   1.596572e+01   0.000000e+00   0.000000e+00   1.856829e+02   1.516264e-09   8.083125e-04
9.080000e+01   1.867867e+01   0.000000e+00   0.000000e+00   1.859253e+02   1.482111e-09   7.911367e-04
9.090000e+01   2.124857e+01   0.000000e+00   0.000000e+00   1.861732e+02   1.448659e-09   7.743113e-04
9.100000e+01   2.329169e+01   0.000000e+00   0.000000e+00   1.864286e+02   1.415888e-09   7.578331e-04
9.110000e+01   2.442431e+01   0.000000e+00   0.000000e+00   1.866934e+02   1.383777e-09   7.416987e-04
9.120000e+01   2.485195e+01   0.000000e+00   0.000000e+00   1.869697e+02   1.352310e-09   7.259048e-04
9.130000e+01   2.511875e+01   0.000000e+00   0.000000e+00   1.872595e+02   1.321467e-09   7.104483e-04
9.140000e+01   2.523959e+01   0.000000e+00   0.000000e+00   1.875647e+02   1.291234e-09   6.953259e-04
9.150000e+01   2.522877e+01   0.000000e+00   0.000000e+00   1.878875e+02   1.261595e-09   6.805343e-04
9.160000e+01   2.510057e+01   0.000000e+00   0.000000e+00   1.882297e+02   1.232536e-09   6.660701e-04
9.170000e+01   2.471232e+01   0.000000e+00   0.000000e+00   1.885933e+02   1.204044e-09   6.519303e-04
9.180000e+01   2.392886e+01   0.000000e+00   0.000000e+00   1.889805e+02   1.176108e-09   6.381114e-04
9.190000e+01   2.284895e+01   0.000000e+00   0.000000e+00   1.893931e+02   1.148716e-09   6.246103e-04
9.200000e+01   2.157221e+01   0.000000e+00   0.000000e+00   1.898332e+02   1.121858e-09   6.114237e-04
9.210000e+01   2.019827e+01   0.000000e+00   0.000000e+00   1.903027e+02   1.095524e-09   5.985482e-04
9.220000e+01   1.872327e+01   0.000000e+00   0.000000e+00   1.908038e+02   1.069705e-09   5.859807e-04
9.230000e+01   1.704512e+01   0.000000e+00   0.000000e+00   1.913382e+02   1.044394e-09   5.737179e-04
9.240000e+01   1.517763e+01   0.000000e+00   0.000000e+00   1.919082e+02   1.019582e-09   5.617564e-04
9.250000e+01   1.313576e+01   0.000000e+00   0.000000e+00   1.925156e+02   9.952631e-10   5.500931e-04
9.260000e+01   1.093446e+01   0.000000e+00   0.000000e+00   1.931625e+02   9.714305e-10   5.387247e-04
9.270000e+01   8.482180e+00   0.000000e+00   0.000000e+00   1.938504e+02   9.480800e-10   5.276476e-04
9.280000e+01   5.713241e+00   0.000000e+00   0.000000e+00   1.945774e+02   9.252201e-10   5.168562e-04
9.290000e+01   2.801354e+00   0.000000e+00   0.000000e+00   1.953402e+02   9.028628e-10   5.063441e-04
9.300000e+01   -7.676073e-02   0.000000e+00   0.000000e+00   1.961354e+02   8.810182e-10   4.961045e-04
9.310000e+01   -2.744382e+00   0.000000e+00   0.000000e+00   1.969596e+02   8.596940e-10   4.861311e-04
9.320000e+01   -5.175383e+00   0.000000e+00   0.000000e+00   1.978095e+02   8.388957e-10   4.764172e-04
9.330000e+01   -7.564925e+00   0.000000e+00   0.000000e+00   1.986817e+02   8.186273e-10   4.669564e-04
9.340000e+01   -9.910744e+00   0.000000e+00   0.000000e+00   1.995728e+02   7.988905e-10   4.577422e-04
9.350000e+01   -1.220534e+01   0.000000e+00   0.000000e+00   2.004794e+02   7.796856e-10   4.487678e-04
9.360000e+01   -1.444120e+01   0.000000e+00   0.000000e+00   2.013983e+02   7.610115e-10   4.400270e-04
9.370000e+01   -1.659341e+01   0.000000e+00   0.000000e+00   2.023259e+02   7.428652e-10   4.315130e-04
9.380000e+01   -1.865961e+01   0.000000e+00   0.000000e+00   2.032590e+02   7.252428e-10   4.232194e-04
9.390000e+01   -2.070676e+01   0.000000e+00   0.000000e+00   2.041942e+02   7.081390e-10   4.151397e-04
9.400000e+01   -2.280341e+01   0.000000e+00   0.000000e+00   2.051281e+02   6.915476e-10   4.072673e-04
9.410000e+01   -2.501813e+01   0.000000e+00   0.000000e+00   2.060573e+02   6.754612e-10   3.995956e-04
9.420000e+01   -2.747613e+01   0.000000e+00   0.000000e+00   2.069784e+02   6.598718e-10   3.921182e-04
9.430000e+01   -3.025075e+01   0.000000e+00   0.000000e+00   2.078882e+02   6.447704e-10   3.848285e-04
9.440000e+01   -3.317552e+01   0.000000e+00   0.000000e+00   2.087831e+02   6.301474e-10   3.777199e-04
9.450000e+01   -3.607654e+01   0.000000e+00   0.000000e+00   2.096600e+02   6.159926e-10   3.707860e-04
9.460000e+01   -3.877988e+01   0.000000e+00   0.000000e+00   2.105153e+02   6.022954e-10   3.640202e-04
9.470000e+01   -4.118102e+01   0.000000e+00   0.000000e+00   2.113457e+02   5.890447e-10   3.574160e-04
9.480000e+01   -4.340498e+01   0.000000e+00   0.000000e+00   2.121478e+02   5.762290e-10   3.509668e-04
9.490000e+01   -4.552281e+01   0.000000e+00   0.000000e+00   2.129183e+02   5.638364e-10   3.446660e-04
9.500000e+01   -4.759924e+01   0.000000e+00   0.000000e+00   2.136538e+02   5.518550e-10   3.385073e-04
9.510000e+01   -4.969900e+01   0.000000e+00   0.000000e+00   2.143510e+02   5.402725e-10   3.324840e-04
9.520000e+01   -5.187317e+01   0.000000e+00   0.000000e+00   2.150064e+02   5.290766e-10   3.265896e-04
9.530000e+01   -5.409717e+01   0.000000e+00   0.000000e+00   2.156172e+02   5.182543e-10   3.208179e-04
9.540000e+01   -5.633634e+01   0.000000e+00   0.000000e+00   2.161840e+02   5.077884e-10   3.151655e-04
9.550000e+01   -5.855945e+01   0.000000e+00   0.000000e+00   2.167093e+02   4.976609e-10   3.096304e-04
9.560000e+01   -6.073529e+01   0.000000e+00   0.000000e+00   2.171954e+02   4.878550e-10   3.042102e-04
9.570000e+01   -6.282481e+01   0.000000e+00   0.000000e+00   2.176446e+02   4.783544e-10   2.989029e-04
9.580000e+01   -6.481996e+01   0.000000e+00   0.000000e+00   2.180593e+02   4.691441e-10   2.937063e-04
9.590000e+01   -6.679085e+01   0.000000e+00   0.000000e+00   2.184418e+02   4.602095e-10   2.886182e-04
9.600000e+01   -6.881151e+01   0.000000e+00   0.000000e+00   2.187944e+02   4.515371e-10   2.836365e-04
9.610000e+01   -7.095599e+01   0.000000e+00   0.000000e+00   2.191196e+02   4.431139e-10   2.787591e-04
9.620000e+01   -7.344607e+01   0.000000e+00   0.000000e+00   2.194196e+02   4.349275e-10   2.739837e-04
9.630000e+01   -7.665165e+01   0.000000e+00   0.000000e+00   2.196968e+02   4.269662e-10   2.693082e-04
9.640000e+01   -8.016070e+01   0.000000e+00   0.000000e+00   2.199536e+02   4.192186e-10   2.647305e-04
9.650000e+01   -8.349938e+01   0.000000e+00   0.000000e+00   2.201922e+02   4.116743e-10   2.602484e-04
9.660000e+01   -8.619387e+01   0.000000e+00   0.000000e+00   2.204151e+02   4.043228e-10   2.558597e-04
9.670000e+01   -8.795942e+01   0.000000e+00   0.000000e+00   2.206245e+02   3.971545e-10   2.515623e-04
9.680000e+01   -8.933794e+01   0.000000e+00   0.000000e+00   2.208229e+02   3.901599e-10   2.473541e-04
9.690000e+01   -9.048335e+01   0.000000e+00   0.000000e+00   2.210125e+02   3.833300e-10   2.432328e-04
9.700000e+01   -9.148043e+01   0.000000e+00   0.000000e+00   2.211958e+02   3.766563e-10   2.391963e-04
9.710000e+01   -9.241394e+01   0.000000e+00   0.000000e+00   2.213750e+02   3.701305e-10   2.352425e-04
9.720000e+01   -9.333288e+01   0.000000e+00   0.000000e+00   2.215526e+02   3.637445e-10   2.313692e-04
9.730000e+01   -9.414164e+01   0.000000e+00   0.000000e+00   2.217307e+02   3.574908e-10   2.275743e-04
9.740000e+01   -9.487030e+01   0.000000e+00   0.000000e+00   2.219119e+02   3.513620e-10   2.238555e-04
9.750000e+01   -9.556883e+01   0.000000e+00   0.000000e+00   2.220984e+02   3.453510e-10   2.202107e-04
9.760000e+01   -9.628717e+01   0.000000e+00   0.000000e+00   2.222926e+02   3.394509e-10   2.166379e-04
9.770000e+01   -9.713310e+01   0.000000e+00   0.000000e+00   2.224969e+02   3.336552e-10   2.131347e-04
9.780000e+01   -9.831830e+01   0.000000e+00   0.000000e+00   2.227135e+02   3.279576e-10   2.096991e-04
9.790000e+01   -9.958557e+01   0.000000e+00   0.000000e+00   2.229449e+02   3.223520e-10   2.063290e-04
9.800000e+01   -1.006202e+02   0.000000e+00   0.000000e+00   2.231933e+02   3.168324e-10   2.030220e-04
9.810000e+01   -1.011074e+02   0.000000e+00   0.000000e+00   2.234611e+02   3.113933e-10   1.997762e-04
9.820000e+01   -1.007833e+02   0.000000e+00   0.000000e+00   2.237507e+02   3.060293e-10   1.965892e-04
9.830000e+01   -9.983249e+01   0.000000e+00   0.000000e+00   2.240633e+02   3.007372e-10   1.934595e-04
9.840000e+01   -9.848690e+01   0.000000e+00   0.000000e+00   2.243978e+02   2.955184e-10   1.903862e-04
9.850000e+01   -9.694933e+01   0.000000e+00   0.000000e+00   2.247530e+02   2.903744e-10   1.873683e-04
9.860000e+01   -9.542253e+01   0.000000e+00   0.000000e+00   2.251277e+02   2.853067e-10   1.844052e-04
9.870000e+01   -9.407023e+01   0.000000e+00   0.000000e+00   2.255206e+02   2.803166e-10   1.814961e-04
9.880000e+01   -9.275116e+01   0.000000e+00   0.000000e+00   2.259304e+02   2.754051e-10   1.786401e-04
9.890000e+01   -9.141630e+01   0.000000e+00   0.000000e+00   2.263560e+02   2.705732e-10   1.758365e-04
9.900000e+01   -9.005759e+01   0.000000e+00   0.000000e+00   2.267960e+02   2.658218e-10   1.730845e-04
9.910000e+01   -8.866699e+01   0.000000e+00   0.000000e+00   2.272493e+02   2.611514e-10   1.703834e-04
9.920000e+01   -8.725072e+01   0.000000e+00   0.000000e+00   2.277145e+02   2.565626e-10   1.677322e-04
9.930000e+01   -8.588657e+01   0.000000e+00   0.000000e+00   2.281904e+02   2.520559e-10   1.651302e-04
9.940000e+01   -8.451519e+01   0.000000e+00   0.000000e+00   2.286758e+02   2.476314e-10   1.625767e-04
9.950000e+01   -8.304857e+01   0.000000e+00   0.000000e+00   2.291694e+02   2.432894e-10   1.600708e-04
9.960000e+01   -8.139873e+01   0.000000e+00   0.000000e+00   2.296700e+02   2.390298e-10   1.576118e-04
9.970000e+01   -7.943998e+01   0.000000e+00   0.000000e+00   2.301763e+02   2.348527e-10   1.551988e-04
9.980000e+01   -7.683446e+01   0.000000e+00   0.000000e+00   2.306870e+02   2.307578e-10   1.528311e-04
9.990000e+01   -7.369322e+01   0.000000e+00   0.000000e+00   2.312010e+02   2.267448e-10   1.505079e-04
1.000000e+02   -7.023018e+01   0.000000e+00   0.000000e+00   2.317169e+02   2.228134e-10   1.482284e-04
1.001000e+02   -6.665928e+01   0.000000e+00   0.000000e+00   2.322336e+02   2.189632e-10   1.459918e-04
1.002000e+02   -6.312042e+01   0.000000e+00   0.000000e+00   2.327497e+02   2.151935e-10   1.437973e-04
1.003000e+02   -5.909415e+01   0.000000e+00   0.000000e+00   2.332641e+02   2.115039e-10   1.416442e-04
1.004000e+02   -5.479145e+01   0.000000e+00   0.000000e+00   2.337754e+02   2.078936e-10   1.395316e-04
1.005000e+02   -5.065970e+01   0.000000e+00   0.000000e+00   2.342825e+02   2.043619e-10   1.374587e-04
1.006000e+02   -4.714627e+01   0.000000e+00   0.000000e+00   2.347840e+02   2.009080e-10   1.354248e-04
1.007000e+02   -4.464485e+01   0.000000e+00   0.000000e+00   2.352788e+02   1.975310e-10   1.334290e-04
1.008000e+02   -4.271748e+01   0.000000e+00   0.000000e+00   2.357655e+02   1.942300e-10   1.314707e-04
1.009000e+02   -4.101083e+01   0.000000e+00   0.000000e+00   2.362429e+02   1.910041e-10   1.295489e-04
1.010000e+02   -3.933941e+01   0.000000e+00   0.000000e+00   2.367099e+02   1.878521e-10   1.276630e-04
1.011000e+02   -3.751774e+01   0.000000e+00   0.000000e+00   2.371650e+02   1.847732e-10   1.258120e-04
1.012000e+02   -3.536048e+01   0.000000e+00   0.000000e+00   2.376072e+02   1.817663e-10   1.239953e-04
1.013000e+02   -3.275485e+01   0.000000e+00   0.000000e+00   2.380350e+02   1.788301e-10   1.222120e-04
1.014000e+02   -2.974494e+01   0.000000e+00   0.000000e+00   2.384473e+02   1.759636e-10   1.204613e-04
1.015000e+02   -2.639433e+01   0.000000e+00   0.000000e+00   2.388430e+02   1.731656e-10   1.187425e-04
1.016000e+02   -2.276702e+01   0.000000e+00   0.000000e+00   2.392220e+02   1.704341e-10   1.170550e-04
1.017000e+02   -1.886202e+01   0.000000e+00   0.000000e+00   2.395854e+02   1.677669e-10   1.153982e-04
1.018000e+02   -1.369777e+01   0.000000e+00   0.000000e+00   2.399343e+02   1.651616e-10   1.137716e-04
1.019000e+02   -7.634452e+00   0.000000e+00   0.000000e+00   2.402699e+02   1.626160e-10   1.121748e-04
1.020000e+02   -1.604033e+00   0.000000e+00   0.000000e+00   2.405932e+02   1.601281e-10   1.106072e-04
1.021000e+02   3.461513e+00   0.000000e+00   0.000000e+00   2.409054e+02   1.576957e-10   1.090683e-04
1.022000e+02   6.690884e+00   0.000000e+00   0.000000e+00   2.412075e+02   1.553168e-10   1.075577e-04
1.023000e+02   8.940042e+00   0.000000e+00   0.000000e+00   2.415007e+02   1.529896e-10   1.060749e-04
1.024000e+02   1.091009e+01   0.000000e+00   0.000000e+00   2.417861e+02   1.507121e-10   1.046193e-04
1.025000e+02   1.275338e+01   0.000000e+00   0.000000e+00   2.420647e+02   1.484827e-10   1.031905e-04
1.026000e+02   1.462222e+01   0.000000e+00   0.000000e+00   2.423377e+02   1.462996e-10   1.017880e-04
1.027000e+02   1.667335e+01   0.000000e+00   0.000000e+00   2.426062e+02   1.441610e-10   1.004112e-04
1.028000e+02   1.909660e+01   0.000000e+00   0.000000e+00   2.428713e+02   1.420654e-10   9.905969e-05
1.029000e+02   2.171581e+01   0.000000e+00   0.000000e+00   2.431341e+02   1.400112e-10   9.773297e-05
1.030000e+02   2.423707e+01   0.000000e+00   0.000000e+00   2.433957e+02   1.379969e-10   9.643052e-05
1.031000e+02   2.636650e+01   0.000000e+00   0.000000e+00   2.436571e+02   1.360209e-10   9.515185e-05
1.032000e+02   2.781970e+01   0.000000e+00   0.000000e+00   2.439196e+02   1.340819e-10   9.389647e-05
1.033000e+02   2.881661e+01   0.000000e+00   0.000000e+00   2.441842e+02   1.321784e-10   9.266388e-05
1.034000e+02   2.960145e+01   0.000000e+00   0.000000e+00   2.444521e+02   1.303091e-10   9.145358e-05
1.035000e+02   3.022053e+01   0.000000e+00   0.000000e+00   2.447242e+02   1.284726e-10   9.026508e-05
1.036000e+02   3.072013e+01   0.000000e+00   0.000000e+00   2.450018e+02   1.266676e-10   8.909787e-05
1.037000e+02   3.113623e+01   0.000000e+00   0.000000e+00   2.452859e+02   1.248930e-10   8.795147e-05
1.038000e+02   3.090424e+01   0.000000e+00   0.000000e+00   2.455777e+02   1.231474e-10   8.682537e-05
1.039000e+02   3.005442e+01   0.000000e+00   0.000000e+00   2.458782e+02   1.214298e-10   8.571909e-05
1.040000e+02   2.911233e+01   0.000000e+00   0.000000e+00   2.461886e+02   1.197388e-10   8.463211e-05
1.041000e+02   2.860353e+01   0.000000e+00   0.000000e+00   2.465099e+02   1.180734e-10   8.356396e-05
1.042000e+02   2.905084e+01   0.000000e+00   0.000000e+00   2.468433e+02   1.164326e-10   8.251412e-05
1.043000e+02   3.048935e+01   0.000000e+00   0.000000e+00   2.471899e+02   1.148151e-10   8.148210e-05
1.044000e+02   3.250089e+01   0.000000e+00   0.000000e+00   2.475507e+02   1.132201e-10   8.046741e-05
1.045000e+02   3.477562e+01   0.000000e+00   0.000000e+00   2.479270e+02   1.116464e-10   7.946955e-05
1.046000e+02   3.700364e+01   0.000000e+00   0.000000e+00   2.483197e+02   1.100931e-10   7.848802e-05
1.047000e+02   3.887680e+01   0.000000e+00   0.000000e+00   2.487300e+02   1.085591e-10   7.752233e-05
1.048000e+02   4.055082e+01   0.000000e+00   0.000000e+00   2.491590e+02   1.070437e-10   7.657198e-05
1.049000e+02   4.220558e+01   0.000000e+00   0.000000e+00   2.496078e+02   1.055457e-10   7.563647e-05
1.050000e+02   4.371347e+01   0.000000e+00   0.000000e+00   2.500775e+02   1.040645e-10   7.471531e-05
1.051000e+02   4.494690e+01   0.000000e+00   0.000000e+00   2.505693e+02   1.025990e-10   7.380799e-05
1.052000e+02   4.577840e+01   0.000000e+00   0.000000e+00   2.510841e+02   1.011485e-10   7.291403e-05
1.053000e+02   4.625127e+01   0.000000e+00   0.000000e+00   2.516232e+02   9.971218e-11   7.203295e-05
1.054000e+02   4.651112e+01   0.000000e+00   0.000000e+00   2.521868e+02   9.828978e-11   7.116446e-05
1.055000e+02   4.660971e+01   0.000000e+00   0.000000e+00   2.527752e+02   9.688143e-11   7.030843e-05
1.056000e+02   4.659879e+01   0.000000e+00   0.000000e+00   2.533884e+02   9.548722e-11   6.946473e-05
1.057000e+02   4.653015e+01   0.000000e+00   0.000000e+00   2.540264e+02   9.410725e-11   6.863321e-05
1.058000e+02   4.635373e+01   0.000000e+00   0.000000e+00   2.546893e+02   9.274161e-11   6.781374e-05
1.059000e+02   4.600541e+01   0.000000e+00   0.000000e+00   2.553772e+02   9.139037e-11   6.700619e-05
1.060000e+02   4.551580e+01   0.000000e+00   0.000000e+00   2.560902e+02   9.005360e-11   6.621042e-05
1.061000e+02   4.491551e+01   0.000000e+00   0.000000e+00   2.568282e+02   8.873137e-11   6.542629e-05
1.062000e+02   4.423517e+01   0.000000e+00   0.000000e+00   2.575914e+02   8.742374e-11   6.465366e-05
1.063000e+02   4.330891e+01   0.000000e+00   0.000000e+00   2.583799e+02   8.613073e-11   6.389240e-05
1.064000e+02   4.208120e+01   0.000000e+00   0.000000e+00   2.591936e+02   8.485241e-11   6.314237e-05
1.065000e+02   4.079590e+01   0.000000e+00   0.000000e+00   2.600328e+02   8.358879e-11   6.240344e-05
1.066000e+02   3.969716e+01   0.000000e+00   0.000000e+00   2.608974e+02   8.233991e-11   6.167546e-05
1.067000e+02   3.902912e+01   0.000000e+00   0.000000e+00   2.617874e+02   8.110577e-11   6.095831e-05
1.068000e+02   3.873665e+01   0.000000e+00   0.000000e+00   2.627031e+02   7.988639e-11   6.025184e-05
1.069000e+02   3.849557e+01   0.000000e+00   0.000000e+00   2.636444e+02   7.868176e-11   5.955592e-05
1.070000e+02   3.825652e+01   0.000000e+00   0.000000e+00   2.646114e+02   7.749189e-11   5.887041e-05
1.071000e+02   3.797146e+01   0.000000e+00   0.000000e+00   2.656041e+02   7.631675e-11   5.819518e-05
1.072000e+02   3.759235e+01   0.000000e+00   0.000000e+00   2.666227e+02   7.515632e-11   5.753008e-05
1.073000e+02   3.701612e+01   0.000000e+00   0.000000e+00   2.676672e+02   7.401059e-11   5.687499e-05
1.074000e+02   3.622808e+01   0.000000e+00   0.000000e+00   2.687376e+02   7.287951e-11   5.622977e-05
1.075000e+02   3.536795e+01   0.000000e+00   0.000000e+00   2.698341e+02   7.176304e-11   5.559427e-05
1.076000e+02   3.457640e+01   0.000000e+00   0.000000e+00   2.709567e+02   7.066113e-11   5.496837e-05
1.077000e+02   3.399413e+01   0.000000e+00   0.000000e+00   2.721054e+02   6.957373e-11   5.435192e-05
1.078000e+02   3.374487e+01   0.000000e+00   0.000000e+00   2.732804e+02   6.850078e-11   5.374479e-05
1.079000e+02   3.381819e+01   0.000000e+00   0.000000e+00   2.744817e+02   6.744221e-11   5.314684e-05
1.080000e+02   3.414256e+01   0.000000e+00   0.000000e+00   2.757093e+02   6.639794e-11   5.255794e-05
1.081000e+02   3.464626e+01   0.000000e+00   0.000000e+00   2.769634e+02   6.536790e-11   5.197795e-05
1.082000e+02   3.525753e+01   0.000000e+00   0.000000e+00   2.782439e+02   6.435200e-11   5.140674e-05
1.083000e+02   3.649061e+01   0.000000e+00   0.000000e+00   2.795510e+02   6.335015e-11   5.084416e-05
1.084000e+02   3.898429e+01   0.000000e+00   0.000000e+00   2.808847e+02   6.236226e-11   5.029008e-05
1.085000e+02   4.203702e+01   0.000000e+00   0.000000e+00   2.822452e+02   6.138822e-11   4.974436e-05
1.086000e+02   4.492080e+01   0.000000e+00   0.000000e+00   2.836323e+02   6.042792e-11   4.920687e-05
1.087000e+02   4.690759e+01   0.000000e+00   0.000000e+00   2.850463e+02   5.948127e-11   4.867748e-05
1.088000e+02   4.774679e+01   0.000000e+00   0.000000e+00   2.864872e+02   5.854813e-11   4.815603e-05
1.089000e+02   4.817946e+01   0.000000e+00   0.000000e+00   2.879551e+02   5.762840e-11   4.764240e-05
1.090000e+02   4.839861e+01   0.000000e+00   0.000000e+00   2.894499e+02   5.672195e-11   4.713646e-05
1.091000e+02   4.857334e+01   0.000000e+00   0.000000e+00   2.909719e+02   5.582864e-11   4.663805e-05
1.092000e+02   4.887280e+01   0.000000e+00   0.000000e+00   2.925210e+02   5.494835e-11   4.614706e-05
1.093000e+02   4.957292e+01   0.000000e+00   0.000000e+00   2.940973e+02   5.408094e-11   4.566333e-05
1.094000e+02   5.076184e+01   0.000000e+00   0.000000e+00   2.957009e+02   5.322627e-11   4.518674e-05
1.095000e+02   5.199428e+01   0.000000e+00   0.000000e+00   2.973319e+02   5.238420e-11   4.471715e-05
1.096000e+02   5.280937e+01   0.000000e+00   0.000000e+00   2.989902e+02   5.155458e-11   4.425442e-05
1.097000e+02   5.274622e+01   0.000000e+00   0.000000e+00   3.006761e+02   5.073728e-11   4.379842e-05
1.098000e+02   5.157340e+01   0.000000e+00   0.000000e+00   3.023888e+02   4.993227e-11   4.334903e-05
1.099000e+02   4.976170e+01   0.000000e+00   0.000000e+00   3.041274e+02   4.913964e-11   4.290619e-05
1.100000e+02   4.754930e+01   0.000000e+00   0.000000e+00   3.058908e+02   4.835946e-11   4.246980e-05
1.101000e+02   4.515215e+01   0.000000e+00   0.000000e+00   3.076779e+02   4.759178e-11   4.203980e-05
1.102000e+02   4.278617e+01   0.000000e+00   0.000000e+00   3.094877e+02   4.683664e-11   4.161611e-05
1.103000e+02   4.052309e+01   0.000000e+00   0.000000e+00   3.113190e+02   4.609405e-11   4.119864e-05
1.104000e+02   3.811564e+01   0.000000e+00   0.000000e+00   3.131708e+02   4.536401e-11   4.078731e-05
1.105000e+02   3.566068e+01   0.000000e+00   0.000000e+00   3.150421e+02   4.464651e-11   4.038206e-05
1.106000e+02   3.328018e+01   0.000000e+00   0.000000e+00   3.169317e+02   4.394152e-11   3.998279e-05
1.107000e+02   3.109607e+01   0.000000e+00   0.000000e+00   3.188385e+02   4.324901e-11   3.958943e-05
1.108000e+02   2.919543e+01   0.000000e+00   0.000000e+00   3.207616e+02   4.256891e-11   3.920191e-05
1.109000e+02   2.747707e+01   0.000000e+00   0.000000e+00   3.226998e+02   4.190116e-11   3.882014e-05
1.110000e+02   2.582143e+01   0.000000e+00   0.000000e+00   3.246520e+02   4.124569e-11   3.844404e-05
1.111000e+02   2.411326e+01   0.000000e+00   0.000000e+00   3.266172e+02   4.060241e-11   3.807354e-05
1.112000e+02   2.223732e+01   0.000000e+00   0.000000e+00   3.285943e+02   3.997123e-11   3.770855e-05
1.113000e+02   1.995470e+01   0.000000e+00   0.000000e+00   3.305822e+02   3.935204e-11   3.734901e-05
1.114000e+02   1.688758e+01   0.000000e+00   0.000000e+00   3.325799e+02   3.874472e-11   3.699482e-05
1.115000e+02   1.329476e+01   0.000000e+00   0.000000e+00   3.345862e+02   3.814917e-11   3.664591e-05
1.116000e+02   9.485988e+00   0.000000e+00   0.000000e+00   3.366002e+02   3.756525e-11   3.630221e-05
1.117000e+02   5.771034e+00   0.000000e+00   0.000000e+00   3.386207e+02   3.699283e-11   3.596362e-05
1.118000e+02   2.232260e+00   0.000000e+00   0.000000e+00   3.406466e+02   3.643178e-11   3.563009e-05
1.119000e+02   -1.689781e+00   0.000000e+00   0.000000e+00   3.426770e+02   3.588195e-11   3.530151e-05
1.120000e+02   -5.636610e+00   0.000000e+00   0.000000e+00   3.447106e+02   3.534320e-11   3.497783e-05
1.121000e+02   -9.144583e+00   0.000000e+00   0.000000e+00   3.467464e+02   3.481537e-11   3.465895e-05
1.122000e+02   -1.175005e+01   0.000000e+00   0.000000e+00   3.487835e+02   3.429832e-11   3.434480e-05
1.123000e+02   -1.322161e+01   0.000000e+00   0.000000e+00   3.508206e+02   3.379187e-11   3.403531e-05
1.124000e+02   -1.439191e+01   0.000000e+00   0.000000e+00   3.528567e+02   3.329589e-11   3.373038e-05
1.125000e+02   -1.544897e+01   0.000000e+00   0.000000e+00   3.548907e+02   3.281019e-11   3.342995e-05
1.126000e+02   -1.646168e+01   0.000000e+00   0.000000e+00   3.569216e+02   3.233462e-11   3.313393e-05
1.127000e+02   -1.749892e+01   0.000000e+00   0.000000e+00   3.589483e+02   3.186902e-11   3.284225e-05
1.128000e+02   -1.860243e+01   0.000000e+00   0.000000e+00   3.609697e+02   3.141321e-11   3.255483e-05
1.129000e+02   -1.968548e+01   -0.000000e+00   -0.000000e+00   3.629847e+02   3.096703e-11   3.227158e-05
1.130000e+02   -2.076511e+01   -0.000000e+00   -0.000000e+00   3.649923e+02   3.053031e-11   3.199243e-05
1.131000e+02   -2.187798e+01   -0.000000e+00   -0.000000e+00   3.669914e+02   3.010288e-11   3.171731e-05
1.132000e+02   -2.306075e+01   -0.000000e+00   -0.000000e+00   3.689809e+02   2.968458e-11   3.144613e-05
1.133000e+02   -2.446764e+01   -0.000000e+00   -0.000000e+00   3.709598e+02   2.927523e-11   3.117881e-05
1.134000e+02   -2.665341e+01   -0.000000e+00   -0.000000e+00   3.729269e+02   2.887467e-11   3.091527e-05
1.135000e+02   -2.929342e+01   -0.000000e+00   -0.000000e+00   3.748812e+02   2.848272e-11   3.065544e-05
1.136000e+02   -3.192460e+01   -0.000000e+00   -0.000000e+00   3.768216e+02   2.809924e-11   3.039924e-05
1.137000e+02   -3.408390e+01   -0.000000e+00   -0.000000e+00   3.787471e+02   2.772403e-11   3.014658e-05
1.138000e+02   -3.542079e+01   -0.000000e+00   -0.000000e+00   3.806565e+02   2.735696e-11   2.989740e-05
1.139000e+02   -3.644219e+01   -0.000000e+00   -0.000000e+00   3.825489e+02   2.699784e-11   2.965161e-05
1.140000e+02   -3.735300e+01   -0.000000e+00   -0.000000e+00   3.844230e+02   2.664651e-11   2.940913e-05
1.141000e+02   -3.823710e+01   -0.000000e+00   -0.000000e+00   3.862779e+02   2.630282e-11   2.916988e-05
1.142000e+02   -3.917838e+01   -0.000000e+00   -0.000000e+00   3.881125e+02   2.596661e-11   2.893379e-05
1.143000e+02   -4.035046e+01   -0.000000e+00   -0.000000e+00   3.899257e+02   2.563772e-11   2.870077e-05
1.144000e+02   -4.235021e+01   -0.000000e+00   -0.000000e+00   3.917164e+02   2.531599e-11   2.847075e-05
1.145000e+02   -4.486272e+01   -0.000000e+00   -0.000000e+00   3.934835e+02   2.500126e-11   2.824365e-05
1.146000e+02   -4.738838e+01   -0.000000e+00   -0.000000e+00   3.952260e+02   2.469339e-11   2.801939e-05
1.147000e+02   -4.942758e+01   -0.000000e+00   -0.000000e+00   3.969429e+02   2.439223e-11   2.779789e-05
1.148000e+02   -5.053120e+01   -0.000000e+00   -0.000000e+00   3.986329e+02   2.409762e-11   2.757907e-05
1.149000e+02   -5.089447e+01   -0.000000e+00   -0.000000e+00   4.002951e+02   2.380942e-11   2.736286e-05
1.150000e+02   -5.078671e+01   -0.000000e+00   -0.000000e+00   4.019284e+02   2.352749e-11   2.714917e-05
1.151000e+02   -5.040548e+01   -0.000000e+00   -0.000000e+00   4.035317e+02   2.325167e-11   2.693793e-05
1.152000e+02   -4.994832e+01   -0.000000e+00   -0.000000e+00   4.051039e+02   2.298184e-11   2.672906e-05
1.153000e+02   -4.955310e+01   -0.000000e+00   -0.000000e+00   4.066442e+02   2.271785e-11   2.652248e-05
1.154000e+02   -4.880819e+01   -0.000000e+00   -0.000000e+00   4.081528e+02   2.245951e-11   2.631816e-05
1.155000e+02   -4.785989e+01   -0.000000e+00   -0.000000e+00   4.096305e+02   2.220667e-11   2.611608e-05
1.156000e+02   -4.704225e+01   -0.000000e+00   -0.000000e+00   4.110777e+02   2.195915e-11   2.591623e-05
1.157000e+02   -4.668929e+01   -0.000000e+00   -0.000000e+00   4.124952e+02   2.171678e-11   2.571857e-05
1.158000e+02   -4.711568e+01   -0.000000e+00   -0.000000e+00   4.138836e+02   2.147942e-11   2.552308e-05
1.159000e+02   -4.821314e+01   -0.000000e+00   -0.000000e+00   4.152436e+02   2.124690e-11   2.532975e-05
1.160000e+02   -4.964314e+01   -0.000000e+00   -0.000000e+00   4.165756e+02   2.101909e-11   2.513855e-05
1.161000e+02   -5.109708e+01   -0.000000e+00   -0.000000e+00   4.178805e+02   2.079584e-11   2.494945e-05
1.162000e+02   -5.226632e+01   -0.000000e+00   -0.000000e+00   4.191588e+02   2.057703e-11   2.476245e-05
1.163000e+02   -5.285026e+01   -0.000000e+00   -0.000000e+00   4.204112e+02   2.036251e-11   2.457751e-05
1.164000e+02   -5.282719e+01   -0.000000e+00   -0.000000e+00   4.216382e+02   2.015216e-11   2.439461e-05
1.165000e+02   -5.245575e+01   -0.000000e+00   -0.000000e+00   4.228406e+02   1.994586e-11   2.421374e-05
1.166000e+02   -5.199753e+01   -0.000000e+00   -0.000000e+00   4.240190e+02   1.974349e-11   2.403486e-05
1.167000e+02   -5.171416e+01   -0.000000e+00   -0.000000e+00   4.251739e+02   1.954494e-11   2.385796e-05
1.168000e+02   -5.186384e+01   -0.000000e+00   -0.000000e+00   4.263061e+02   1.935010e-11   2.368302e-05
1.169000e+02   -5.253695e+01   -0.000000e+00   -0.000000e+00   4.274162e+02   1.915886e-11   2.351001e-05
1.170000e+02   -5.361346e+01   -0.000000e+00   -0.000000e+00   4.285047e+02   1.897111e-11   2.333892e-05
1.171000e+02   -5.496411e+01   -0.000000e+00   -0.000000e+00   4.295724e+02   1.878676e-11   2.316971e-05
1.172000e+02   -5.645964e+01   -0.000000e+00   -0.000000e+00   4.306199e+02   1.860571e-11   2.300238e-05
1.173000e+02   -5.799874e+01   -0.000000e+00   -0.000000e+00   4.316477e+02   1.842787e-11   2.283689e-05
1.174000e+02   -6.009326e+01   -0.000000e+00   -0.000000e+00   4.326566e+02   1.825314e-11   2.267322e-05
1.175000e+02   -6.271555e+01   -0.000000e+00   -0.000000e+00   4.336472e+02   1.808143e-11   2.251136e-05
1.176000e+02   -6.551431e+01   -0.000000e+00   -0.000000e+00   4.346201e+02   1.791267e-11   2.235128e-05
1.177000e+02   -6.813822e+01   -0.000000e+00   -0.000000e+00   4.355759e+02   1.774676e-11   2.219296e-05
1.178000e+02   -7.024495e+01   -0.000000e+00   -0.000000e+00   4.365153e+02   1.758362e-11   2.203637e-05
1.179000e+02   -7.189843e+01   -0.000000e+00   -0.000000e+00   4.374389e+02   1.742318e-11   2.188150e-05
1.180000e+02   -7.333332e+01   -0.000000e+00   -0.000000e+00   4.383474e+02   1.726536e-11   2.172833e-05
1.181000e+02   -7.469338e+01   -0.000000e+00   -0.000000e+00   4.392413e+02   1.711008e-11   2.157682e-05
1.182000e+02   -7.612235e+01   -0.000000e+00   -0.000000e+00   4.401214e+02   1.695727e-11   2.142697e-05
1.183000e+02   -7.777072e+01   -0.000000e+00   -0.000000e+00   4.409882e+02   1.680686e-11   2.127874e-05
1.184000e+02   -7.996395e+01   -0.000000e+00   -0.000000e+00   4.418424e+02   1.665879e-11   2.113212e-05
1.185000e+02   -8.251577e+01   -0.000000e+00   -0.000000e+00   4.426846e+02   1.651298e-11   2.098709e-05
1.186000e+02   -8.500647e+01   -0.000000e+00   -0.000000e+00   4.435155e+02   1.636937e-11   2.084361e-05
1.187000e+02   -8.701633e+01   -0.000000e+00   -0.000000e+00   4.443356e+02   1.622789e-11   2.070168e-05
1.188000e+02   -8.813645e+01   -0.000000e+00   -0.000000e+00   4.451457e+02   1.608849e-11   2.056126e-05
1.189000e+02   -8.877444e+01   -0.000000e+00   -0.000000e+00   4.459463e+02   1.595110e-11   2.042234e-05
1.190000e+02   -8.928972e+01   -0.000000e+00   -0.000000e+00   4.467381e+02   1.581567e-11   2.028490e-05
1.191000e+02   -8.963124e+01   -0.000000e+00   -0.000000e+00   4.475217e+02   1.568213e-11   2.014891e-05
1.192000e+02   -8.974793e+01   -0.000000e+00   -0.000000e+00   4.482978e+02   1.555043e-11   2.001435e-05
1.193000e+02   -8.958955e+01   -0.000000e+00   -0.000000e+00   4.490670e+02   1.542052e-11   1.988120e-05
1.194000e+02   -8.921641e+01   -0.000000e+00   -0.000000e+00   4.498299e+02   1.529234e-11   1.974943e-05
1.195000e+02   -8.871417e+01   -0.000000e+00   -0.000000e+00   4.505872e+02   1.516584e-11   1.961903e-05
1.196000e+02   -8.811468e+01   -0.000000e+00   -0.000000e+00   4.513395e+02   1.504096e-11   1.948998e-05
1.197000e+02   -8.744981e+01   -0.000000e+00   -0.000000e+00   4.520874e+02   1.491767e-11   1.936225e-05
1.198000e+02   -8.675089e+01   -0.000000e+00   -0.000000e+00   4.528316e+02   1.479590e-11   1.923581e-05
1.199000e+02   -8.592562e+01   -0.000000e+00   -0.000000e+00   4.535726e+02   1.467562e-11   1.911066e-05
1.200000e+02   -8.493404e+01   -0.000000e+00   -0.000000e+00   4.543112e+02   1.455677e-11   1.898675e-05
1.201000e+02   -8.384246e+01   -0.000000e+00   -0.000000e+00   4.550480e+02   1.443930e-11   1.886409e-05
1.202000e+02   -8.271720e+01   -0.000000e+00   -0.000000e+00   4.557835e+02   1.432319e-11   1.874263e-05
1.203000e+02   -8.162449e+01   -0.000000e+00   -0.000000e+00   4.565185e+02   1.420837e-11   1.862237e-05
1.204000e+02   -8.055149e+01   -0.000000e+00   -0.000000e+00   4.572536e+02   1.409481e-11   1.850328e-05
1.205000e+02   -7.945776e+01   -0.000000e+00   -0.000000e+00   4.579894e+02   1.398246e-11   1.838533e-05
1.206000e+02   -7.835547e+01   -0.000000e+00   -0.000000e+00   4.587265e+02   1.387129e-11   1.826850e-05
1.207000e+02   -7.725680e+01   -0.000000e+00   -0.000000e+00   4.594656e+02   1.376125e-11   1.815278e-05
1.208000e+02   -7.617393e+01   -0.000000e+00   -0.000000e+00   4.602073e+02   1.365230e-11   1.803814e-05
1.209000e+02   -7.511562e+01   -0.000000e+00   -0.000000e+00   4.609523e+02   1.354441e-11   1.792456e-05
1.210000e+02   -7.407361e+01   -0.000000e+00   -0.000000e+00   4.617011e+02   1.343754e-11   1.781202e-05
1.211000e+02   -7.303451e+01   -0.000000e+00   -0.000000e+00   4.624544e+02   1.333165e-11   1.770049e-05
1.212000e+02   -7.198494e+01   -0.000000e+00   -0.000000e+00   4.632129e+02   1.322671e-11   1.758995e-05
1.213000e+02   -7.091153e+01   -0.000000e+00   -0.000000e+00   4.639771e+02   1.312267e-11   1.748039e-05
1.214000e+02   -6.971780e+01   -0.000000e+00   -0.000000e+00   4.647478e+02   1.301951e-11   1.737178e-05
1.215000e+02   -6.840214e+01   -0.000000e+00   -0.000000e+00   4.655255e+02   1.291718e-11   1.726409e-05
1.216000e+02   -6.711609e+01   -0.000000e+00   -0.000000e+00   4.663109e+02   1.281567e-11   1.715731e-05
1.217000e+02   -6.601133e+01   -0.000000e+00   -0.000000e+00   4.671047e+02   1.271493e-11   1.705142e-05
1.218000e+02   -6.523951e+01   -0.000000e+00   -0.000000e+00   4.679073e+02   1.261493e-11   1.694638e-05
1.219000e+02   -6.473681e+01   -0.000000e+00   -0.000000e+00   4.687196e+02   1.251564e-11   1.684219e-05
1.220000e+02   -6.426839e+01   -0.000000e+00   -0.000000e+00   4.695421e+02   1.241703e-11   1.673881e-05
1.221000e+02   -6.381107e+01   -0.000000e+00   -0.000000e+00   4.703754e+02   1.231907e-11   1.663623e-05
1.222000e+02   -6.334264e+01   -0.000000e+00   -0.000000e+00   4.712202e+02   1.222174e-11   1.653443e-05
1.223000e+02   -6.284090e+01   -0.000000e+00   -0.000000e+00   4.720772e+02   1.212499e-11   1.643338e-05
1.224000e+02   -6.205713e+01   -0.000000e+00   -0.000000e+00   4.729469e+02   1.202881e-11   1.633306e-05
1.225000e+02   -6.080260e+01   -0.000000e+00   -0.000000e+00   4.738300e+02   1.193317e-11   1.623345e-05
1.226000e+02   -5.932338e+01   -0.000000e+00   -0.000000e+00   4.747271e+02   1.183804e-11   1.613452e-05
1.227000e+02   -5.786853e+01   -0.000000e+00   -0.000000e+00   4.756383e+02   1.174342e-11   1.603628e-05
1.228000e+02   -5.668693e+01   -0.000000e+00   -0.000000e+00   4.765634e+02   1.164931e-11   1.593871e-05
1.229000e+02   -5.579453e+01   -0.000000e+00   -0.000000e+00   4.775022e+02   1.155572e-11   1.584181e-05
1.230000e+02   -5.493094e+01   -0.000000e+00   -0.000000e+00   4.784547e+02   1.146266e-11   1.574558e-05
1.231000e+02   -5.412057e+01   -0.000000e+00   -0.000000e+00   4.794205e+02   1.137013e-11   1.565001e-05
1.232000e+02   -5.339272e+01   -0.000000e+00   -0.000000e+00   4.803995e+02   1.127815e-11   1.555510e-05
1.233000e+02   -5.277667e+01   -0.000000e+00   -0.000000e+00   4.813916e+02   1.118671e-11   1.546085e-05
1.234000e+02   -5.237525e+01   -0.000000e+00   -0.000000e+00   4.823965e+02   1.109582e-11   1.536725e-05
1.235000e+02   -5.224526e+01   -0.000000e+00   -0.000000e+00   4.834141e+02   1.100550e-11   1.527430e-05
1.236000e+02   -5.222748e+01   -0.000000e+00   -0.000000e+00   4.844442e+02   1.091573e-11   1.518200e-05
1.237000e+02   -5.215883e+01   -0.000000e+00   -0.000000e+00   4.854866e+02   1.082653e-11   1.509034e-05
1.238000e+02   -5.187625e+01   -0.000000e+00   -0.000000e+00   4.865412e+02   1.073790e-11   1.499932e-05
1.239000e+02   -5.117205e+01   -0.000000e+00   -0.000000e+00   4.876077e+02   1.064985e-11   1.490893e-05
1.240000e+02   -4.999040e+01   -0.000000e+00   -0.000000e+00   4.886860e+02   1.056238e-11   1.481918e-05
1.241000e+02   -4.853210e+01   -0.000000e+00   -0.000000e+00   4.897758e+02   1.047550e-11   1.473005e-05
1.242000e+02   -4.700316e+01   -0.000000e+00   -0.000000e+00   4.908771e+02   1.038920e-11   1.464156e-05
1.243000e+02   -4.560962e+01   -0.000000e+00   -0.000000e+00   4.919897e+02   1.030349e-11   1.455368e-05
1.244000e+02   -4.445332e+01   -0.000000e+00   -0.000000e+00   4.931133e+02   1.021838e-11   1.446642e-05
1.245000e+02   -4.337256e+01   -0.000000e+00   -0.000000e+00   4.942478e+02   1.013386e-11   1.437978e-05
1.246000e+02   -4.232163e+01   -0.000000e+00   -0.000000e+00   4.953930e+02   1.004995e-11   1.429374e-05
1.247000e+02   -4.126226e+01   -0.000000e+00   -0.000000e+00   4.965487e+02   9.966633e-12   1.420832e-05
1.248000e+02   -4.015617e+01   -0.000000e+00   -0.000000e+00   4.977148e+02   9.883923e-12   1.412350e-05
1.249000e+02   -3.894975e+01   -0.000000e+00   -0.000000e+00   4.988910e+02   9.801820e-12   1.403928e-05
1.250000e+02   -3.762620e+01   -0.000000e+00   -0.000000e+00   5.000772e+02   9.720325e-12   1.395565e-05
1.251000e+02   -3.626594e+01   -0.000000e+00   -0.000000e+00   5.012733e+02   9.639439e-12   1.387263e-05
1.252000e+02   -3.495288e+01   -0.000000e+00   -0.000000e+00   5.024789e+02   9.559164e-12   1.379019e-05
1.253000e+02   -3.377093e+01   -0.000000e+00   -0.000000e+00   5.036940e+02   9.479501e-12   1.370833e-05
1.254000e+02   -3.276096e+01   -0.000000e+00   -0.000000e+00   5.049184e+02   9.400452e-12   1.362706e-05
1.255000e+02   -3.183072e+01   -0.000000e+00   -0.000000e+00   5.061519e+02   9.322016e-12   1.354637e-05
1.256000e+02   -3.095116e+01   -0.000000e+00   -0.000000e+00   5.073943e+02   9.244195e-12   1.346626e-05
1.257000e+02   -3.009954e+01   -0.000000e+00   -0.000000e+00   5.086454e+02   9.166989e-12   1.338672e-05
1.258000e+02   -2.925310e+01   -0.000000e+00   -0.000000e+00   5.099051e+02   9.090398e-12   1.330775e-05
1.259000e+02   -2.840529e+01   -0.000000e+00   -0.000000e+00   5.111732e+02   9.014422e-12   1.322934e-05
1.260000e+02   -2.758662e+01   -0.000000e+00   -0.000000e+00   5.124494e+02   8.939061e-12   1.315150e-05
1.261000e+02   -2.677958e+01   -0.000000e+00   -0.000000e+00   5.137337e+02   8.864315e-12   1.307421e-05
1.262000e+02   -2.596267e+01   -0.000000e+00   -0.000000e+00   5.150258e+02   8.790183e-12   1.299748e-05
1.263000e+02   -2.511437e+01   -0.000000e+00   -0.000000e+00   5.163256e+02   8.716666e-12   1.292130e-05
1.264000e+02   -2.420272e+01   -0.000000e+00   -0.000000e+00   5.176328e+02   8.643761e-12   1.284567e-05
1.265000e+02   -2.320184e+01   -0.000000e+00   -0.000000e+00   5.189474e+02   8.571469e-12   1.277059e-05
1.266000e+02   -2.216112e+01   -0.000000e+00   -0.000000e+00   5.202690e+02   8.499788e-12   1.269604e-05
1.267000e+02   -2.113512e+01   -0.000000e+00   -0.000000e+00   5.215977e+02   8.428717e-12   1.262204e-05
1.268000e+02   -2.017841e+01   -0.000000e+00   -0.000000e+00   5.229331e+02   8.358254e-12   1.254856e-05
1.269000e+02   -1.930998e+01   -0.000000e+00   -0.000000e+00   5.242750e+02   8.288399e-12   1.247562e-05
1.270000e+02   -1.843585e+01   -0.000000e+00   -0.000000e+00   5.256234e+02   8.219150e-12   1.240321e-05
1.271000e+02   -1.758976e+01   -0.000000e+00   -0.000000e+00   5.269780e+02   8.150505e-12   1.233131e-05
1.272000e+02   -1.682118e+01   -0.000000e+00   -0.000000e+00   5.283387e+02   8.082463e-12   1.225994e-05
1.273000e+02   -1.617955e+01   -0.000000e+00   -0.000000e+00   5.297052e+02   8.015020e-12   1.218909e-05
1.274000e+02   -1.568260e+01   -0.000000e+00   -0.000000e+00   5.310774e+02   7.948177e-12   1.211875e-05
1.275000e+02   -1.521092e+01   -0.000000e+00   -0.000000e+00   5.324551e+02   7.881929e-12   1.204891e-05
1.276000e+02   -1.474413e+01   -0.000000e+00   -0.000000e+00   5.338382e+02   7.816276e-12   1.197959e-05
1.277000e+02   -1.427879e+01   -0.000000e+00   -0.000000e+00   5.352264e+02   7.751214e-12   1.191076e-05
1.278000e+02   -1.381140e+01   -0.000000e+00   -0.000000e+00   5.366196e+02   7.686742e-12   1.184244e-05
1.279000e+02   -1.333050e+01   -0.000000e+00   -0.000000e+00   5.380175e+02   7.622856e-12   1.177461e-05
1.280000e+02   -1.280279e+01   -0.000000e+00   -0.000000e+00   5.394201e+02   7.559555e-12   1.170727e-05
1.281000e+02   -1.224914e+01   -0.000000e+00   -0.000000e+00   5.408271e+02   7.496835e-12   1.164042e-05
1.282000e+02   -1.169766e+01   -0.000000e+00   -0.000000e+00   5.422384e+02   7.434694e-12   1.157406e-05
1.283000e+02   -1.117650e+01   -0.000000e+00   -0.000000e+00   5.436538e+02   7.373128e-12   1.150818e-05
1.284000e+02   -1.073243e+01   -0.000000e+00   -0.000000e+00   5.450731e+02   7.312136e-12   1.144277e-05
1.285000e+02   -1.047288e+01   -0.000000e+00   -0.000000e+00   5.464960e+02   7.251713e-12   1.137784e-05
1.286000e+02   -1.036127e+01   -0.000000e+00   -0.000000e+00   5.479226e+02   7.191857e-12   1.131339e-05
1.287000e+02   -1.033879e+01   -0.000000e+00   -0.000000e+00   5.493524e+02   7.132565e-12   1.124939e-05
1.288000e+02   -1.034658e+01   -0.000000e+00   -0.000000e+00   5.507855e+02   7.073833e-12   1.118587e-05
1.289000e+02   -1.035374e+01   -0.000000e+00   -0.000000e+00   5.522216e+02   7.015658e-12   1.112280e-05
1.290000e+02   -1.048618e+01   -0.000000e+00   -0.000000e+00   5.536605e+02   6.958037e-12   1.106019e-05
1.291000e+02   -1.070188e+01   -0.000000e+00   -0.000000e+00   5.551020e+02   6.900967e-12   1.099803e-05
1.292000e+02   -1.092138e+01   -0.000000e+00   -0.000000e+00   5.565460e+02   6.844443e-12   1.093633e-05
1.293000e+02   -1.106519e+01   -0.000000e+00   -0.000000e+00   5.579923e+02   6.788463e-12   1.087507e-05
1.294000e+02   -1.106656e+01   -0.000000e+00   -0.000000e+00   5.594407e+02   6.733022e-12   1.081425e-05
1.295000e+02   -1.098320e+01   -0.000000e+00   -0.000000e+00   5.608910e+02   6.678118e-12   1.075387e-05
1.296000e+02   -1.085754e+01   -0.000000e+00   -0.000000e+00   5.623431e+02   6.623747e-12   1.069393e-05
1.297000e+02   -1.071594e+01   -0.000000e+00   -0.000000e+00   5.637968e+02   6.569904e-12   1.063442e-05
1.298000e+02   -1.058476e+01   -0.000000e+00   -0.000000e+00   5.652518e+02   6.516587e-12   1.057534e-05
1.299000e+02   -1.048578e+01   -0.000000e+00   -0.000000e+00   5.667081e+02   6.463791e-12   1.051669e-05
1.300000e+02   -1.039646e+01   -0.000000e+00   -0.000000e+00   5.681654e+02   6.411513e-12   1.045846e-05
