#% 0, Z0, m, 0.0
#% 1, Z, km
#% 2, U, m/s
#% 3, V, m/s
#% 4, W, m/s
#% 5, T, degK
#% 6, RHO, g/cm3
#% 7, P, mbar
0.000000e+00   -2.693367e+00   0.000000e+00   0.000000e+00   2.822726e+02   1.210570e-03   9.810494e+02
1.000000e-01   -2.427578e+00   0.000000e+00   0.000000e+00   2.814588e+02   1.199565e-03   9.693285e+02
2.000000e-01   -2.250425e+00   0.000000e+00   0.000000e+00   2.805860e+02   1.188876e-03   9.577122e+02
3.000000e-01   -2.020335e+00   0.000000e+00   0.000000e+00   2.796861e+02   1.178365e-03   9.462000e+02
4.000000e-01   -1.609022e+00   0.000000e+00   0.000000e+00   2.787891e+02   1.167903e-03   9.347918e+02
5.000000e-01   -9.775902e-01   0.000000e+00   0.000000e+00   2.779145e+02   1.157411e-03   9.234879e+02
6.000000e-01   -2.050796e-01   0.000000e+00   0.000000e+00   2.770979e+02   1.146744e-03   9.122881e+02
7.000000e-01   5.463291e-01   0.000000e+00   0.000000e+00   2.763833e+02   1.135724e-03   9.011910e+02
8.000000e-01   1.110294e+00   0.000000e+00   0.000000e+00   2.758010e+02   1.124234e-03   8.901946e+02
9.000000e-01   1.409112e+00   0.000000e+00   0.000000e+00   2.753899e+02   1.112130e-03   8.792979e+02
1.000000e+00   1.407025e+00   0.000000e+00   0.000000e+00   2.751885e+02   1.099279e-03   8.685019e+02
1.100000e+00   1.202230e+00   0.000000e+00   0.000000e+00   2.751588e+02   1.085866e-03   8.578121e+02
1.200000e+00   9.944779e-01   0.000000e+00   0.000000e+00   2.751460e+02   1.072529e-03   8.472368e+02
1.300000e+00   8.111850e-01   0.000000e+00   0.000000e+00   2.750723e+02   1.059573e-03   8.367780e+02
1.400000e+00   6.011922e-01   0.000000e+00   0.000000e+00   2.748086e+02   1.047479e-03   8.264332e+02
1.500000e+00   2.971666e-01   0.000000e+00   0.000000e+00   2.742529e+02   1.036602e-03   8.161982e+02
1.600000e+00   -8.857741e-02   0.000000e+00   0.000000e+00   2.735751e+02   1.026274e-03   8.060690e+02
1.700000e+00   -5.224548e-01   0.000000e+00   0.000000e+00   2.728796e+02   1.016091e-03   7.960424e+02
1.800000e+00   -9.882643e-01   0.000000e+00   0.000000e+00   2.721924e+02   1.005954e-03   7.861157e+02
1.900000e+00   -1.453802e+00   0.000000e+00   0.000000e+00   2.714990e+02   9.959155e-04   7.762883e+02
2.000000e+00   -1.881712e+00   0.000000e+00   0.000000e+00   2.707798e+02   9.860465e-04   7.665597e+02
2.100000e+00   -2.265678e+00   0.000000e+00   0.000000e+00   2.700547e+02   9.762726e-04   7.569291e+02
2.200000e+00   -2.646359e+00   0.000000e+00   0.000000e+00   2.693618e+02   9.664556e-04   7.473951e+02
2.300000e+00   -3.010529e+00   0.000000e+00   0.000000e+00   2.687328e+02   9.564842e-04   7.379565e+02
2.400000e+00   -3.327396e+00   0.000000e+00   0.000000e+00   2.681871e+02   9.462942e-04   7.286122e+02
2.500000e+00   -3.566383e+00   0.000000e+00   0.000000e+00   2.677411e+02   9.358354e-04   7.193611e+02
2.600000e+00   -3.731132e+00   0.000000e+00   0.000000e+00   2.673905e+02   9.251325e-04   7.102026e+02
2.700000e+00   -3.837567e+00   0.000000e+00   0.000000e+00   2.671174e+02   9.142563e-04   7.011364e+02
2.800000e+00   -3.880418e+00   0.000000e+00   0.000000e+00   2.669004e+02   9.032880e-04   6.921621e+02
2.900000e+00   -3.874138e+00   0.000000e+00   0.000000e+00   2.667039e+02   8.923519e-04   6.832786e+02
3.000000e+00   -3.838072e+00   0.000000e+00   0.000000e+00   2.664887e+02   8.815778e-04   6.744843e+02
3.100000e+00   -3.769730e+00   0.000000e+00   0.000000e+00   2.662232e+02   8.710664e-04   6.657781e+02
3.200000e+00   -3.660258e+00   0.000000e+00   0.000000e+00   2.658890e+02   8.608713e-04   6.571596e+02
3.300000e+00   -3.540999e+00   0.000000e+00   0.000000e+00   2.654691e+02   8.510394e-04   6.486285e+02
3.400000e+00   -3.444038e+00   0.000000e+00   0.000000e+00   2.649493e+02   8.416079e-04   6.401841e+02
3.500000e+00   -3.399396e+00   0.000000e+00   0.000000e+00   2.643387e+02   8.325385e-04   6.318260e+02
3.600000e+00   -3.412461e+00   0.000000e+00   0.000000e+00   2.636593e+02   8.237551e-04   6.235532e+02
3.700000e+00   -3.448803e+00   0.000000e+00   0.000000e+00   2.629327e+02   8.151841e-04   6.153649e+02
3.800000e+00   -3.518015e+00   0.000000e+00   0.000000e+00   2.621809e+02   8.067545e-04   6.072602e+02
3.900000e+00   -3.630486e+00   0.000000e+00   0.000000e+00   2.614174e+02   7.984227e-04   5.992384e+02
4.000000e+00   -3.794650e+00   0.000000e+00   0.000000e+00   2.606422e+02   7.901866e-04   5.912984e+02
4.100000e+00   -4.043292e+00   0.000000e+00   0.000000e+00   2.598545e+02   7.820477e-04   5.834394e+02
4.200000e+00   -4.409916e+00   0.000000e+00   0.000000e+00   2.590532e+02   7.740073e-04   5.756604e+02
4.300000e+00   -4.831089e+00   0.000000e+00   0.000000e+00   2.582379e+02   7.660654e-04   5.679606e+02
4.400000e+00   -5.243870e+00   0.000000e+00   0.000000e+00   2.574127e+02   7.582086e-04   5.603392e+02
4.500000e+00   -5.588071e+00   0.000000e+00   0.000000e+00   2.565845e+02   7.504156e-04   5.527957e+02
4.600000e+00   -5.831052e+00   0.000000e+00   0.000000e+00   2.557603e+02   7.426658e-04   5.453295e+02
4.700000e+00   -6.035885e+00   0.000000e+00   0.000000e+00   2.549471e+02   7.349392e-04   5.379401e+02
4.800000e+00   -6.235411e+00   0.000000e+00   0.000000e+00   2.541516e+02   7.272172e-04   5.306269e+02
4.900000e+00   -6.452194e+00   0.000000e+00   0.000000e+00   2.533784e+02   7.194872e-04   5.233895e+02
5.000000e+00   -6.706177e+00   0.000000e+00   0.000000e+00   2.526316e+02   7.117395e-04   5.162273e+02
5.100000e+00   -7.047680e+00   0.000000e+00   0.000000e+00   2.519151e+02   7.039644e-04   5.091400e+02
5.200000e+00   -7.540343e+00   0.000000e+00   0.000000e+00   2.512329e+02   6.961529e-04   5.021269e+02
5.300000e+00   -8.095922e+00   0.000000e+00   0.000000e+00   2.505882e+02   6.882987e-04   4.951878e+02
5.400000e+00   -8.625011e+00   0.000000e+00   0.000000e+00   2.499762e+02   6.804188e-04   4.883233e+02
5.500000e+00   -9.042968e+00   0.000000e+00   0.000000e+00   2.493881e+02   6.725420e-04   4.815346e+02
5.600000e+00   -9.309434e+00   0.000000e+00   0.000000e+00   2.488147e+02   6.646965e-04   4.748231e+02
5.700000e+00   -9.544158e+00   0.000000e+00   0.000000e+00   2.482471e+02   6.569095e-04   4.681899e+02
5.800000e+00   -9.771552e+00   0.000000e+00   0.000000e+00   2.476762e+02   6.492073e-04   4.616363e+02
5.900000e+00   -1.000050e+01   0.000000e+00   0.000000e+00   2.470960e+02   6.416067e-04   4.551631e+02
6.000000e+00   -1.023511e+01   0.000000e+00   0.000000e+00   2.465058e+02   6.341094e-04   4.487698e+02
6.100000e+00   -1.043354e+01   0.000000e+00   0.000000e+00   2.459049e+02   6.267160e-04   4.424563e+02
6.200000e+00   -1.046203e+01   0.000000e+00   0.000000e+00   2.452931e+02   6.194267e-04   4.362220e+02
6.300000e+00   -1.041706e+01   0.000000e+00   0.000000e+00   2.446699e+02   6.122418e-04   4.300668e+02
6.400000e+00   -1.041837e+01   0.000000e+00   0.000000e+00   2.440350e+02   6.051615e-04   4.239901e+02
6.500000e+00   -1.058401e+01   0.000000e+00   0.000000e+00   2.433910e+02   5.981779e-04   4.179914e+02
6.600000e+00   -1.098928e+01   0.000000e+00   0.000000e+00   2.427437e+02   5.912758e-04   4.120694e+02
6.700000e+00   -1.150000e+01   0.000000e+00   0.000000e+00   2.420987e+02   5.844399e-04   4.062232e+02
6.800000e+00   -1.206650e+01   0.000000e+00   0.000000e+00   2.414619e+02   5.776558e-04   4.004516e+02
6.900000e+00   -1.265854e+01   0.000000e+00   0.000000e+00   2.408389e+02   5.709092e-04   3.947536e+02
7.000000e+00   -1.324584e+01   0.000000e+00   0.000000e+00   2.402356e+02   5.641866e-04   3.891280e+02
7.100000e+00   -1.381667e+01   0.000000e+00   0.000000e+00   2.396551e+02   5.574813e-04   3.835741e+02
7.200000e+00   -1.442771e+01   0.000000e+00   0.000000e+00   2.390953e+02   5.508000e-04   3.780918e+02
7.300000e+00   -1.503986e+01   0.000000e+00   0.000000e+00   2.385534e+02   5.441513e-04   3.726813e+02
7.400000e+00   -1.559922e+01   0.000000e+00   0.000000e+00   2.380266e+02   5.375431e-04   3.673424e+02
7.500000e+00   -1.605191e+01   0.000000e+00   0.000000e+00   2.375121e+02   5.309833e-04   3.620753e+02
7.600000e+00   -1.635249e+01   0.000000e+00   0.000000e+00   2.370071e+02   5.244795e-04   3.568801e+02
7.700000e+00   -1.653279e+01   0.000000e+00   0.000000e+00   2.365089e+02   5.180389e-04   3.517566e+02
7.800000e+00   -1.663874e+01   0.000000e+00   0.000000e+00   2.360163e+02   5.116647e-04   3.467047e+02
7.900000e+00   -1.671499e+01   0.000000e+00   0.000000e+00   2.355302e+02   5.053548e-04   3.417239e+02
8.000000e+00   -1.680642e+01   0.000000e+00   0.000000e+00   2.350518e+02   4.991068e-04   3.368134e+02
8.100000e+00   -1.695820e+01   0.000000e+00   0.000000e+00   2.345822e+02   4.929182e-04   3.319727e+02
8.200000e+00   -1.718478e+01   0.000000e+00   0.000000e+00   2.341226e+02   4.867870e-04   3.272011e+02
8.300000e+00   -1.744501e+01   0.000000e+00   0.000000e+00   2.336741e+02   4.807109e-04   3.224980e+02
8.400000e+00   -1.769303e+01   0.000000e+00   0.000000e+00   2.332379e+02   4.746879e-04   3.178628e+02
8.500000e+00   -1.788300e+01   0.000000e+00   0.000000e+00   2.328151e+02   4.687159e-04   3.132948e+02
8.600000e+00   -1.797596e+01   0.000000e+00   0.000000e+00   2.324068e+02   4.627932e-04   3.087935e+02
8.700000e+00   -1.799959e+01   0.000000e+00   0.000000e+00   2.320141e+02   4.569177e-04   3.043580e+02
8.800000e+00   -1.797148e+01   0.000000e+00   0.000000e+00   2.316381e+02   4.510875e-04   2.999874e+02
8.900000e+00   -1.790030e+01   0.000000e+00   0.000000e+00   2.312797e+02   4.453004e-04   2.956806e+02
9.000000e+00   -1.779476e+01   0.000000e+00   0.000000e+00   2.309399e+02   4.395546e-04   2.914367e+02
9.100000e+00   -1.763657e+01   0.000000e+00   0.000000e+00   2.306199e+02   4.338484e-04   2.872547e+02
9.200000e+00   -1.723360e+01   0.000000e+00   0.000000e+00   2.303206e+02   4.281798e-04   2.831335e+02
9.300000e+00   -1.667356e+01   0.000000e+00   0.000000e+00   2.300430e+02   4.225473e-04   2.790723e+02
9.400000e+00   -1.611369e+01   0.000000e+00   0.000000e+00   2.297881e+02   4.169492e-04   2.750699e+02
9.500000e+00   -1.571125e+01   0.000000e+00   0.000000e+00   2.295570e+02   4.113839e-04   2.711254e+02
9.600000e+00   -1.561753e+01   0.000000e+00   0.000000e+00   2.293507e+02   4.058500e-04   2.672379e+02
9.700000e+00   -1.583634e+01   0.000000e+00   0.000000e+00   2.291701e+02   4.003464e-04   2.634063e+02
9.800000e+00   -1.624370e+01   0.000000e+00   0.000000e+00   2.290140e+02   3.948755e-04   2.596298e+02
9.900000e+00   -1.671556e+01   0.000000e+00   0.000000e+00   2.288794e+02   3.894429e-04   2.559074e+02
1.000000e+01   -1.712795e+01   0.000000e+00   0.000000e+00   2.287634e+02   3.840540e-04   2.522384e+02
1.010000e+01   -1.737397e+01   0.000000e+00   0.000000e+00   2.286631e+02   3.787137e-04   2.486220e+02
1.020000e+01   -1.757737e+01   0.000000e+00   0.000000e+00   2.285756e+02   3.734268e-04   2.450573e+02
1.030000e+01   -1.776151e+01   0.000000e+00   0.000000e+00   2.284977e+02   3.681976e-04   2.415434e+02
1.040000e+01   -1.788761e+01   0.000000e+00   0.000000e+00   2.284267e+02   3.630304e-04   2.380796e+02
1.050000e+01   -1.791689e+01   0.000000e+00   0.000000e+00   2.283594e+02   3.579291e-04   2.346650e+02
1.060000e+01   -1.780016e+01   0.000000e+00   0.000000e+00   2.282931e+02   3.528972e-04   2.312988e+02
1.070000e+01   -1.739199e+01   0.000000e+00   0.000000e+00   2.282247e+02   3.479381e-04   2.279801e+02
1.080000e+01   -1.678503e+01   0.000000e+00   0.000000e+00   2.281513e+02   3.430548e-04   2.247081e+02
1.090000e+01   -1.614461e+01   0.000000e+00   0.000000e+00   2.280716e+02   3.382480e-04   2.214821e+02
1.100000e+01   -1.563516e+01   0.000000e+00   0.000000e+00   2.279858e+02   3.335157e-04   2.183014e+02
1.110000e+01   -1.541472e+01   0.000000e+00   0.000000e+00   2.278945e+02   3.288559e-04   2.151652e+02
1.120000e+01   -1.545185e+01   0.000000e+00   0.000000e+00   2.277982e+02   3.242668e-04   2.120728e+02
1.130000e+01   -1.561961e+01   0.000000e+00   0.000000e+00   2.276972e+02   3.197462e-04   2.090236e+02
1.140000e+01   -1.581520e+01   0.000000e+00   0.000000e+00   2.275920e+02   3.152925e-04   2.060169e+02
1.150000e+01   -1.593579e+01   0.000000e+00   0.000000e+00   2.274830e+02   3.109037e-04   2.030520e+02
1.160000e+01   -1.588265e+01   0.000000e+00   0.000000e+00   2.273708e+02   3.065781e-04   2.001281e+02
1.170000e+01   -1.568997e+01   0.000000e+00   0.000000e+00   2.272558e+02   3.023138e-04   1.972447e+02
1.180000e+01   -1.542461e+01   0.000000e+00   0.000000e+00   2.271384e+02   2.981092e-04   1.944009e+02
1.190000e+01   -1.512308e+01   0.000000e+00   0.000000e+00   2.270190e+02   2.939625e-04   1.915961e+02
1.200000e+01   -1.482088e+01   0.000000e+00   0.000000e+00   2.268981e+02   2.898724e-04   1.888296e+02
1.210000e+01   -1.454973e+01   0.000000e+00   0.000000e+00   2.267758e+02   2.858378e-04   1.861010e+02
1.220000e+01   -1.426758e+01   0.000000e+00   0.000000e+00   2.266523e+02   2.818577e-04   1.834098e+02
1.230000e+01   -1.396654e+01   0.000000e+00   0.000000e+00   2.265278e+02   2.779311e-04   1.807553e+02
1.240000e+01   -1.367409e+01   0.000000e+00   0.000000e+00   2.264024e+02   2.740572e-04   1.781372e+02
1.250000e+01   -1.341771e+01   0.000000e+00   0.000000e+00   2.262763e+02   2.702349e-04   1.755548e+02
1.260000e+01   -1.322931e+01   0.000000e+00   0.000000e+00   2.261497e+02   2.664632e-04   1.730078e+02
1.270000e+01   -1.329485e+01   0.000000e+00   0.000000e+00   2.260227e+02   2.627414e-04   1.704955e+02
1.280000e+01   -1.357330e+01   0.000000e+00   0.000000e+00   2.258956e+02   2.590684e-04   1.680175e+02
1.290000e+01   -1.388899e+01   0.000000e+00   0.000000e+00   2.257685e+02   2.554433e-04   1.655733e+02
1.300000e+01   -1.406624e+01   0.000000e+00   0.000000e+00   2.256416e+02   2.518652e-04   1.631623e+02
1.310000e+01   -1.393348e+01   0.000000e+00   0.000000e+00   2.255156e+02   2.483328e-04   1.607840e+02
1.320000e+01   -1.350587e+01   0.000000e+00   0.000000e+00   2.253924e+02   2.448432e-04   1.584381e+02
1.330000e+01   -1.292819e+01   0.000000e+00   0.000000e+00   2.252744e+02   2.413939e-04   1.561243e+02
1.340000e+01   -1.230218e+01   0.000000e+00   0.000000e+00   2.251634e+02   2.379823e-04   1.538420e+02
1.350000e+01   -1.172960e+01   0.000000e+00   0.000000e+00   2.250618e+02   2.346059e-04   1.515909e+02
1.360000e+01   -1.131152e+01   0.000000e+00   0.000000e+00   2.249717e+02   2.312625e-04   1.493707e+02
1.370000e+01   -1.104287e+01   0.000000e+00   0.000000e+00   2.248951e+02   2.279497e-04   1.471809e+02
1.380000e+01   -1.084873e+01   0.000000e+00   0.000000e+00   2.248343e+02   2.246656e-04   1.450212e+02
1.390000e+01   -1.068856e+01   0.000000e+00   0.000000e+00   2.247913e+02   2.214081e-04   1.428911e+02
1.400000e+01   -1.052187e+01   0.000000e+00   0.000000e+00   2.247683e+02   2.181752e-04   1.407903e+02
1.410000e+01   -1.030691e+01   0.000000e+00   0.000000e+00   2.247674e+02   2.149654e-04   1.387184e+02
1.420000e+01   -9.756353e+00   0.000000e+00   0.000000e+00   2.247886e+02   2.117789e-04   1.366751e+02
1.430000e+01   -8.852558e+00   0.000000e+00   0.000000e+00   2.248271e+02   2.086208e-04   1.346600e+02
1.440000e+01   -7.857354e+00   0.000000e+00   0.000000e+00   2.248773e+02   2.054963e-04   1.326728e+02
1.450000e+01   -7.032564e+00   0.000000e+00   0.000000e+00   2.249338e+02   2.024104e-04   1.307133e+02
1.460000e+01   -6.640153e+00   0.000000e+00   0.000000e+00   2.249908e+02   1.993678e-04   1.287811e+02
1.470000e+01   -6.962382e+00   0.000000e+00   0.000000e+00   2.250430e+02   1.963729e-04   1.268760e+02
1.480000e+01   -7.847273e+00   0.000000e+00   0.000000e+00   2.250848e+02   1.934297e-04   1.249976e+02
1.490000e+01   -8.929148e+00   0.000000e+00   0.000000e+00   2.251107e+02   1.905421e-04   1.231457e+02
1.500000e+01   -9.842326e+00   0.000000e+00   0.000000e+00   2.251150e+02   1.877135e-04   1.213200e+02
1.510000e+01   -1.022113e+01   0.000000e+00   0.000000e+00   2.250924e+02   1.849471e-04   1.195201e+02
1.520000e+01   -9.954850e+00   0.000000e+00   0.000000e+00   2.250372e+02   1.822462e-04   1.177457e+02
1.530000e+01   -9.336543e+00   0.000000e+00   0.000000e+00   2.249476e+02   1.796105e-04   1.159967e+02
1.540000e+01   -8.605325e+00   0.000000e+00   0.000000e+00   2.248277e+02   1.770354e-04   1.142726e+02
1.550000e+01   -8.000195e+00   0.000000e+00   0.000000e+00   2.246823e+02   1.745157e-04   1.125734e+02
1.560000e+01   -7.760153e+00   0.000000e+00   0.000000e+00   2.245163e+02   1.720464e-04   1.108986e+02
1.570000e+01   -8.059534e+00   0.000000e+00   0.000000e+00   2.243346e+02   1.696231e-04   1.092480e+02
1.580000e+01   -8.746275e+00   0.000000e+00   0.000000e+00   2.241419e+02   1.672413e-04   1.076215e+02
1.590000e+01   -9.567016e+00   0.000000e+00   0.000000e+00   2.239431e+02   1.648967e-04   1.060186e+02
1.600000e+01   -1.026838e+01   0.000000e+00   0.000000e+00   2.237431e+02   1.625854e-04   1.044392e+02
1.610000e+01   -1.059700e+01   0.000000e+00   0.000000e+00   2.235466e+02   1.603036e-04   1.028830e+02
1.620000e+01   -1.031176e+01   0.000000e+00   0.000000e+00   2.233586e+02   1.580475e-04   1.013497e+02
1.630000e+01   -9.522947e+00   0.000000e+00   0.000000e+00   2.231837e+02   1.558138e-04   9.983913e+01
1.640000e+01   -8.536768e+00   0.000000e+00   0.000000e+00   2.230248e+02   1.536006e-04   9.835090e+01
1.650000e+01   -7.661667e+00   0.000000e+00   0.000000e+00   2.228822e+02   1.514076e-04   9.688472e+01
1.660000e+01   -7.206190e+00   0.000000e+00   0.000000e+00   2.227563e+02   1.492346e-04   9.544028e+01
1.670000e+01   -7.354932e+00   0.000000e+00   0.000000e+00   2.226474e+02   1.470814e-04   9.401725e+01
1.680000e+01   -7.898116e+00   0.000000e+00   0.000000e+00   2.225558e+02   1.449478e-04   9.261531e+01
1.690000e+01   -8.582332e+00   0.000000e+00   0.000000e+00   2.224818e+02   1.428336e-04   9.123413e+01
1.700000e+01   -9.154762e+00   0.000000e+00   0.000000e+00   2.224258e+02   1.407387e-04   8.987338e+01
1.710000e+01   -9.362590e+00   0.000000e+00   0.000000e+00   2.223880e+02   1.386629e-04   8.853275e+01
1.720000e+01   -8.952227e+00   0.000000e+00   0.000000e+00   2.223688e+02   1.366059e-04   8.721191e+01
1.730000e+01   -8.002526e+00   0.000000e+00   0.000000e+00   2.223685e+02   1.345677e-04   8.591053e+01
1.740000e+01   -6.832260e+00   0.000000e+00   0.000000e+00   2.223873e+02   1.325480e-04   8.462830e+01
1.750000e+01   -5.762036e+00   0.000000e+00   0.000000e+00   2.224246e+02   1.305474e-04   8.336494e+01
1.760000e+01   -5.112543e+00   0.000000e+00   0.000000e+00   2.224788e+02   1.285668e-04   8.212019e+01
1.770000e+01   -4.908469e+00   0.000000e+00   0.000000e+00   2.225485e+02   1.266071e-04   8.089380e+01
1.780000e+01   -4.744031e+00   0.000000e+00   0.000000e+00   2.226324e+02   1.246690e-04   7.968552e+01
1.790000e+01   -4.605010e+00   0.000000e+00   0.000000e+00   2.227291e+02   1.227533e-04   7.849511e+01
1.800000e+01   -4.487521e+00   0.000000e+00   0.000000e+00   2.228370e+02   1.208607e-04   7.732230e+01
1.810000e+01   -4.387680e+00   0.000000e+00   0.000000e+00   2.229548e+02   1.189917e-04   7.616686e+01
1.820000e+01   -4.502815e+00   0.000000e+00   0.000000e+00   2.230810e+02   1.171470e-04   7.502852e+01
1.830000e+01   -5.083687e+00   0.000000e+00   0.000000e+00   2.232143e+02   1.153271e-04   7.390704e+01
1.840000e+01   -5.844013e+00   0.000000e+00   0.000000e+00   2.233532e+02   1.135324e-04   7.280216e+01
1.850000e+01   -6.483154e+00   0.000000e+00   0.000000e+00   2.234962e+02   1.117633e-04   7.171364e+01
1.860000e+01   -6.702059e+00   0.000000e+00   0.000000e+00   2.236415e+02   1.100205e-04   7.064126e+01
1.870000e+01   -6.392932e+00   0.000000e+00   0.000000e+00   2.237871e+02   1.083046e-04   6.958480e+01
1.880000e+01   -5.890939e+00   0.000000e+00   0.000000e+00   2.239310e+02   1.066162e-04   6.854404e+01
1.890000e+01   -5.283862e+00   0.000000e+00   0.000000e+00   2.240711e+02   1.049558e-04   6.751879e+01
1.900000e+01   -4.645212e+00   0.000000e+00   0.000000e+00   2.242056e+02   1.033238e-04   6.650882e+01
1.910000e+01   -4.048500e+00   0.000000e+00   0.000000e+00   2.243324e+02   1.017207e-04   6.551391e+01
1.920000e+01   -3.502562e+00   0.000000e+00   0.000000e+00   2.244494e+02   1.001468e-04   6.453387e+01
1.930000e+01   -2.915298e+00   0.000000e+00   0.000000e+00   2.245547e+02   9.860234e-05   6.356848e+01
1.940000e+01   -2.354994e+00   0.000000e+00   0.000000e+00   2.246463e+02   9.708768e-05   6.261751e+01
1.950000e+01   -1.898529e+00   0.000000e+00   0.000000e+00   2.247222e+02   9.560299e-05   6.168077e+01
1.960000e+01   -1.622182e+00   0.000000e+00   0.000000e+00   2.247807e+02   9.414830e-05   6.075804e+01
1.970000e+01   -1.753186e+00   0.000000e+00   0.000000e+00   2.248225e+02   9.272262e-05   5.984912e+01
1.980000e+01   -2.587041e+00   0.000000e+00   0.000000e+00   2.248495e+02   9.132457e-05   5.895382e+01
1.990000e+01   -3.762759e+00   0.000000e+00   0.000000e+00   2.248637e+02   8.995281e-05   5.807195e+01
2.000000e+01   -4.883820e+00   0.000000e+00   0.000000e+00   2.248667e+02   8.860607e-05   5.720330e+01
2.010000e+01   -5.553704e+00   0.000000e+00   0.000000e+00   2.248606e+02   8.728312e-05   5.634768e+01
2.020000e+01   -5.594293e+00   0.000000e+00   0.000000e+00   2.248472e+02   8.598280e-05   5.550491e+01
2.030000e+01   -5.508384e+00   0.000000e+00   0.000000e+00   2.248283e+02   8.470397e-05   5.467479e+01
2.040000e+01   -5.355814e+00   0.000000e+00   0.000000e+00   2.248058e+02   8.344555e-05   5.385712e+01
2.050000e+01   -5.149403e+00   0.000000e+00   0.000000e+00   2.247816e+02   8.220652e-05   5.305171e+01
2.060000e+01   -4.901969e+00   0.000000e+00   0.000000e+00   2.247575e+02   8.098587e-05   5.225837e+01
2.070000e+01   -4.529936e+00   0.000000e+00   0.000000e+00   2.247353e+02   7.978269e-05   5.147690e+01
2.080000e+01   -3.788427e+00   0.000000e+00   0.000000e+00   2.247159e+02   7.859643e-05   5.070713e+01
2.090000e+01   -2.865207e+00   0.000000e+00   0.000000e+00   2.246997e+02   7.742675e-05   4.994889e+01
2.100000e+01   -1.985106e+00   0.000000e+00   0.000000e+00   2.246869e+02   7.627336e-05   4.920202e+01
2.110000e+01   -1.372955e+00   0.000000e+00   0.000000e+00   2.246779e+02   7.513593e-05   4.846635e+01
2.120000e+01   -1.143216e+00   0.000000e+00   0.000000e+00   2.246730e+02   7.401415e-05   4.774171e+01
2.130000e+01   -9.733675e-01   0.000000e+00   0.000000e+00   2.246726e+02   7.290773e-05   4.702795e+01
2.140000e+01   -8.256124e-01   0.000000e+00   0.000000e+00   2.246770e+02   7.181636e-05   4.632489e+01
2.150000e+01   -7.053541e-01   0.000000e+00   0.000000e+00   2.246866e+02   7.073976e-05   4.563237e+01
2.160000e+01   -6.179959e-01   0.000000e+00   0.000000e+00   2.247016e+02   6.967763e-05   4.495023e+01
2.170000e+01   -6.255891e-01   0.000000e+00   0.000000e+00   2.247224e+02   6.862970e-05   4.427830e+01
2.180000e+01   -9.334975e-01   0.000000e+00   0.000000e+00   2.247494e+02   6.759568e-05   4.361641e+01
2.190000e+01   -1.430407e+00   0.000000e+00   0.000000e+00   2.247826e+02   6.657540e-05   4.296441e+01
2.200000e+01   -1.966515e+00   0.000000e+00   0.000000e+00   2.248218e+02   6.556878e-05   4.232216e+01
2.210000e+01   -2.391991e+00   0.000000e+00   0.000000e+00   2.248667e+02   6.457574e-05   4.168952e+01
2.220000e+01   -2.607955e+00   0.000000e+00   0.000000e+00   2.249172e+02   6.359620e-05   4.106636e+01
2.230000e+01   -2.783188e+00   0.000000e+00   0.000000e+00   2.249730e+02   6.263008e-05   4.045252e+01
2.240000e+01   -2.930588e+00   0.000000e+00   0.000000e+00   2.250338e+02   6.167727e-05   3.984788e+01
2.250000e+01   -3.028701e+00   -0.000000e+00   -0.000000e+00   2.250994e+02   6.073769e-05   3.925228e+01
2.260000e+01   -3.056073e+00   -0.000000e+00   -0.000000e+00   2.251696e+02   5.981122e-05   3.866560e+01
2.270000e+01   -2.921534e+00   -0.000000e+00   -0.000000e+00   2.252442e+02   5.889775e-05   3.808770e+01
2.280000e+01   -2.298956e+00   -0.000000e+00   -0.000000e+00   2.253229e+02   5.799717e-05   3.751842e+01
2.290000e+01   -1.387535e+00   -0.000000e+00   -0.000000e+00   2.254055e+02   5.710936e-05   3.695764e+01
2.300000e+01   -4.692508e-01   -0.000000e+00   -0.000000e+00   2.254916e+02   5.623424e-05   3.640521e+01
2.310000e+01   1.724279e-01   -0.000000e+00   -0.000000e+00   2.255802e+02   5.537190e-05   3.586103e+01
2.320000e+01   2.392633e-01   -0.000000e+00   -0.000000e+00   2.256703e+02   5.452244e-05   3.532499e+01
2.330000e+01   -4.164991e-01   -0.000000e+00   -0.000000e+00   2.257608e+02   5.368595e-05   3.479697e+01
2.340000e+01   -1.471824e+00   -0.000000e+00   -0.000000e+00   2.258506e+02   5.286249e-05   3.427687e+01
2.350000e+01   -2.553648e+00   -0.000000e+00   -0.000000e+00   2.259387e+02   5.205212e-05   3.376458e+01
2.360000e+01   -3.288907e+00   -0.000000e+00   -0.000000e+00   2.260240e+02   5.125487e-05   3.325998e+01
2.370000e+01   -3.342288e+00   -0.000000e+00   -0.000000e+00   2.261054e+02   5.047078e-05   3.276297e+01
2.380000e+01   -2.844026e+00   -0.000000e+00   -0.000000e+00   2.261819e+02   4.969985e-05   3.227344e+01
2.390000e+01   -2.048202e+00   -0.000000e+00   -0.000000e+00   2.262523e+02   4.894208e-05   3.179127e+01
2.400000e+01   -1.176148e+00   -0.000000e+00   -0.000000e+00   2.263157e+02   4.819746e-05   3.131636e+01
2.410000e+01   -4.490833e-01   -0.000000e+00   -0.000000e+00   2.263711e+02   4.746596e-05   3.084860e+01
2.420000e+01   -5.203794e-02   -0.000000e+00   -0.000000e+00   2.264183e+02   4.674731e-05   3.038789e+01
2.430000e+01   1.901633e-01   -0.000000e+00   -0.000000e+00   2.264585e+02   4.604110e-05   2.993413e+01
2.440000e+01   3.674524e-01   -0.000000e+00   -0.000000e+00   2.264927e+02   4.534689e-05   2.948724e+01
2.450000e+01   5.087207e-01   -0.000000e+00   -0.000000e+00   2.265220e+02   4.466426e-05   2.904711e+01
2.460000e+01   6.428595e-01   -0.000000e+00   -0.000000e+00   2.265474e+02   4.399283e-05   2.861365e+01
2.470000e+01   8.020814e-01   -0.000000e+00   -0.000000e+00   2.265699e+02   4.333221e-05   2.818678e+01
2.480000e+01   1.024263e+00   -0.000000e+00   -0.000000e+00   2.265907e+02   4.268202e-05   2.776639e+01
2.490000e+01   1.266696e+00   -0.000000e+00   -0.000000e+00   2.266108e+02   4.204192e-05   2.735240e+01
2.500000e+01   1.470924e+00   -0.000000e+00   -0.000000e+00   2.266312e+02   4.141155e-05   2.694471e+01
2.510000e+01   1.578490e+00   -0.000000e+00   -0.000000e+00   2.266530e+02   4.079058e-05   2.654323e+01
2.520000e+01   1.489546e+00   -0.000000e+00   -0.000000e+00   2.266773e+02   4.017869e-05   2.614786e+01
2.530000e+01   7.229547e-01   -0.000000e+00   -0.000000e+00   2.267050e+02   3.957559e-05   2.575852e+01
2.540000e+01   -5.864408e-01   -0.000000e+00   -0.000000e+00   2.267366e+02   3.898108e-05   2.537511e+01
2.550000e+01   -2.110534e+00   -0.000000e+00   -0.000000e+00   2.267723e+02   3.839504e-05   2.499755e+01
2.560000e+01   -3.521227e+00   -0.000000e+00   -0.000000e+00   2.268121e+02   3.781733e-05   2.462575e+01
2.570000e+01   -4.527340e+00   -0.000000e+00   -0.000000e+00   2.268562e+02   3.724784e-05   2.425963e+01
2.580000e+01   -5.441185e+00   -0.000000e+00   -0.000000e+00   2.269048e+02   3.668643e-05   2.389909e+01
2.590000e+01   -6.324664e+00   -0.000000e+00   -0.000000e+00   2.269580e+02   3.613297e-05   2.354407e+01
2.600000e+01   -7.055511e+00   -0.000000e+00   -0.000000e+00   2.270160e+02   3.558735e-05   2.319447e+01
2.610000e+01   -7.511460e+00   -0.000000e+00   -0.000000e+00   2.270788e+02   3.504942e-05   2.285019e+01
2.620000e+01   -7.556055e+00   -0.000000e+00   -0.000000e+00   2.271468e+02   3.451908e-05   2.251117e+01
2.630000e+01   -6.920229e+00   -0.000000e+00   -0.000000e+00   2.272199e+02   3.399619e-05   2.217731e+01
2.640000e+01   -5.819506e+00   -0.000000e+00   -0.000000e+00   2.272983e+02   3.348064e-05   2.184853e+01
2.650000e+01   -4.620579e+00   -0.000000e+00   -0.000000e+00   2.273822e+02   3.297229e-05   2.152474e+01
2.660000e+01   -3.690682e+00   -0.000000e+00   -0.000000e+00   2.274716e+02   3.247107e-05   2.120587e+01
2.670000e+01   -3.374715e+00   -0.000000e+00   -0.000000e+00   2.275663e+02   3.197693e-05   2.089185e+01
2.680000e+01   -3.370792e+00   -0.000000e+00   -0.000000e+00   2.276663e+02   3.148978e-05   2.058262e+01
2.690000e+01   -3.428475e+00   -0.000000e+00   -0.000000e+00   2.277714e+02   3.100957e-05   2.027810e+01
2.700000e+01   -3.501078e+00   -0.000000e+00   -0.000000e+00   2.278815e+02   3.053624e-05   1.997823e+01
2.710000e+01   -3.541913e+00   -0.000000e+00   -0.000000e+00   2.279967e+02   3.006970e-05   1.968294e+01
2.720000e+01   -3.488208e+00   -0.000000e+00   -0.000000e+00   2.281166e+02   2.960990e-05   1.939216e+01
2.730000e+01   -2.862884e+00   -0.000000e+00   -0.000000e+00   2.282414e+02   2.915675e-05   1.910583e+01
2.740000e+01   -1.735651e+00   -0.000000e+00   -0.000000e+00   2.283707e+02   2.871019e-05   1.882387e+01
2.750000e+01   -4.782084e-01   -0.000000e+00   -0.000000e+00   2.285047e+02   2.827014e-05   1.854622e+01
2.760000e+01   5.377460e-01   -0.000000e+00   -0.000000e+00   2.286431e+02   2.783653e-05   1.827282e+01
2.770000e+01   9.532167e-01   -0.000000e+00   -0.000000e+00   2.287858e+02   2.740928e-05   1.800359e+01
2.780000e+01   1.063701e+00   -0.000000e+00   -0.000000e+00   2.289328e+02   2.698831e-05   1.773847e+01
2.790000e+01   1.142202e+00   -0.000000e+00   -0.000000e+00   2.290838e+02   2.657358e-05   1.747740e+01
2.800000e+01   1.187871e+00   -0.000000e+00   -0.000000e+00   2.292386e+02   2.616504e-05   1.722033e+01
2.810000e+01   1.199860e+00   -0.000000e+00   -0.000000e+00   2.293971e+02   2.576261e-05   1.696720e+01
2.820000e+01   1.172521e+00   -0.000000e+00   -0.000000e+00   2.295589e+02   2.536625e-05   1.671794e+01
2.830000e+01   8.221360e-01   -0.000000e+00   -0.000000e+00   2.297240e+02   2.497588e-05   1.647251e+01
2.840000e+01   1.475706e-01   -0.000000e+00   -0.000000e+00   2.298922e+02   2.459146e-05   1.623083e+01
2.850000e+01   -6.205120e-01   -0.000000e+00   -0.000000e+00   2.300632e+02   2.421290e-05   1.599286e+01
2.860000e+01   -1.251448e+00   -0.000000e+00   -0.000000e+00   2.302368e+02   2.384015e-05   1.575854e+01
2.870000e+01   -1.517172e+00   -0.000000e+00   -0.000000e+00   2.304128e+02   2.347314e-05   1.552781e+01
2.880000e+01   -1.545202e+00   -0.000000e+00   -0.000000e+00   2.305911e+02   2.311180e-05   1.530061e+01
2.890000e+01   -1.536803e+00   -0.000000e+00   -0.000000e+00   2.307715e+02   2.275606e-05   1.507688e+01
2.900000e+01   -1.517426e+00   -0.000000e+00   -0.000000e+00   2.309537e+02   2.240584e-05   1.485657e+01
2.910000e+01   -1.512731e+00   -0.000000e+00   -0.000000e+00   2.311378e+02   2.206107e-05   1.463962e+01
2.920000e+01   -1.550282e+00   -0.000000e+00   -0.000000e+00   2.313238e+02   2.172166e-05   1.442599e+01
2.930000e+01   -2.045349e+00   -0.000000e+00   -0.000000e+00   2.315117e+02   2.138753e-05   1.421562e+01
2.940000e+01   -3.054281e+00   -0.000000e+00   -0.000000e+00   2.317015e+02   2.105861e-05   1.400848e+01
2.950000e+01   -4.219776e+00   -0.000000e+00   -0.000000e+00   2.318933e+02   2.073482e-05   1.380450e+01
2.960000e+01   -5.184530e+00   -0.000000e+00   -0.000000e+00   2.320870e+02   2.041606e-05   1.360364e+01
2.970000e+01   -5.590608e+00   -0.000000e+00   -0.000000e+00   2.322828e+02   2.010227e-05   1.340586e+01
2.980000e+01   -4.683419e+00   -0.000000e+00   -0.000000e+00   2.324807e+02   1.979336e-05   1.321109e+01
2.990000e+01   -2.562121e+00   -0.000000e+00   -0.000000e+00   2.326806e+02   1.948926e-05   1.301931e+01
3.000000e+01   -3.974086e-02   -0.000000e+00   -0.000000e+00   2.328827e+02   1.918987e-05   1.283044e+01
3.010000e+01   2.070691e+00   -0.000000e+00   -0.000000e+00   2.330869e+02   1.889513e-05   1.264446e+01
3.020000e+01   2.956145e+00   -0.000000e+00   -0.000000e+00   2.332932e+02   1.860496e-05   1.246130e+01
3.030000e+01   2.499998e+00   -0.000000e+00   -0.000000e+00   2.335017e+02   1.831928e-05   1.228092e+01
3.040000e+01   1.409672e+00   -0.000000e+00   -0.000000e+00   2.337121e+02   1.803804e-05   1.210328e+01
3.050000e+01   1.082113e-01   -0.000000e+00   -0.000000e+00   2.339243e+02   1.776121e-05   1.192834e+01
3.060000e+01   -9.813428e-01   -0.000000e+00   -0.000000e+00   2.341378e+02   1.748874e-05   1.175607e+01
3.070000e+01   -1.435947e+00   -0.000000e+00   -0.000000e+00   2.343525e+02   1.722058e-05   1.158643e+01
3.080000e+01   -1.213943e+00   -0.000000e+00   -0.000000e+00   2.345681e+02   1.695670e-05   1.141938e+01
3.090000e+01   -7.139918e-01   -0.000000e+00   -0.000000e+00   2.347843e+02   1.669705e-05   1.125489e+01
3.100000e+01   -1.141420e-01   -0.000000e+00   -0.000000e+00   2.350010e+02   1.644157e-05   1.109291e+01
3.110000e+01   4.078987e-01   -0.000000e+00   -0.000000e+00   2.352177e+02   1.619023e-05   1.093340e+01
3.120000e+01   6.744232e-01   -0.000000e+00   -0.000000e+00   2.354344e+02   1.594297e-05   1.077634e+01
3.130000e+01   4.187812e-01   -0.000000e+00   -0.000000e+00   2.356506e+02   1.569974e-05   1.062168e+01
3.140000e+01   -3.884935e-01   -0.000000e+00   -0.000000e+00   2.358662e+02   1.546049e-05   1.046939e+01
3.150000e+01   -1.503618e+00   -0.000000e+00   -0.000000e+00   2.360809e+02   1.522518e-05   1.031943e+01
3.160000e+01   -2.681972e+00   -0.000000e+00   -0.000000e+00   2.362945e+02   1.499374e-05   1.017175e+01
3.170000e+01   -3.678346e+00   -0.000000e+00   -0.000000e+00   2.365073e+02   1.476609e-05   1.002634e+01
3.180000e+01   -4.532576e+00   -0.000000e+00   -0.000000e+00   2.367197e+02   1.454215e-05   9.883148e+00
3.190000e+01   -5.471153e+00   -0.000000e+00   -0.000000e+00   2.369324e+02   1.432181e-05   9.742148e+00
3.200000e+01   -6.345551e+00   -0.000000e+00   -0.000000e+00   2.371458e+02   1.410500e-05   9.603307e+00
3.210000e+01   -7.003880e+00   -0.000000e+00   -0.000000e+00   2.373604e+02   1.389162e-05   9.466593e+00
3.220000e+01   -7.294248e+00   -0.000000e+00   -0.000000e+00   2.375769e+02   1.368160e-05   9.331972e+00
3.230000e+01   -6.581090e+00   -0.000000e+00   -0.000000e+00   2.377956e+02   1.347485e-05   9.199411e+00
3.240000e+01   -4.497151e+00   -0.000000e+00   -0.000000e+00   2.380171e+02   1.327129e-05   9.068879e+00
3.250000e+01   -1.870405e+00   -0.000000e+00   -0.000000e+00   2.382419e+02   1.307084e-05   8.940342e+00
3.260000e+01   4.567770e-01   -0.000000e+00   -0.000000e+00   2.384706e+02   1.287344e-05   8.813769e+00
3.270000e+01   1.642027e+00   -0.000000e+00   -0.000000e+00   2.387036e+02   1.267899e-05   8.689125e+00
3.280000e+01   1.647082e+00   -0.000000e+00   -0.000000e+00   2.389415e+02   1.248744e-05   8.566378e+00
3.290000e+01   1.588588e+00   -0.000000e+00   -0.000000e+00   2.391848e+02   1.229870e-05   8.445496e+00
3.300000e+01   1.508423e+00   -0.000000e+00   -0.000000e+00   2.394339e+02   1.211272e-05   8.326448e+00
3.310000e+01   1.420720e+00   -0.000000e+00   -0.000000e+00   2.396884e+02   1.192949e-05   8.209205e+00
3.320000e+01   1.339699e+00   -0.000000e+00   -0.000000e+00   2.399480e+02   1.174897e-05   8.093743e+00
3.330000e+01   1.274349e+00   -0.000000e+00   -0.000000e+00   2.402125e+02   1.157116e-05   7.980034e+00
3.340000e+01   1.216299e+00   -0.000000e+00   -0.000000e+00   2.404813e+02   1.139603e-05   7.868052e+00
3.350000e+01   1.157730e+00   -0.000000e+00   -0.000000e+00   2.407543e+02   1.122356e-05   7.757771e+00
3.360000e+01   1.091007e+00   -0.000000e+00   -0.000000e+00   2.410309e+02   1.105373e-05   7.649165e+00
3.370000e+01   1.008493e+00   -0.000000e+00   -0.000000e+00   2.413110e+02   1.088652e-05   7.542207e+00
3.380000e+01   7.378314e-01   -0.000000e+00   -0.000000e+00   2.415940e+02   1.072190e-05   7.436871e+00
3.390000e+01   1.831820e-03   -0.000000e+00   -0.000000e+00   2.418798e+02   1.055984e-05   7.333130e+00
3.400000e+01   -1.011044e+00   -0.000000e+00   -0.000000e+00   2.421678e+02   1.040033e-05   7.230959e+00
3.410000e+01   -2.095141e+00   -0.000000e+00   -0.000000e+00   2.424579e+02   1.024333e-05   7.130331e+00
3.420000e+01   -3.044804e+00   -0.000000e+00   -0.000000e+00   2.427495e+02   1.008881e-05   7.031219e+00
3.430000e+01   -3.809707e+00   -0.000000e+00   -0.000000e+00   2.430424e+02   9.936746e-06   6.933598e+00
3.440000e+01   -4.629041e+00   -0.000000e+00   -0.000000e+00   2.433363e+02   9.787107e-06   6.837441e+00
3.450000e+01   -5.402966e+00   -0.000000e+00   -0.000000e+00   2.436311e+02   9.639853e-06   6.742727e+00
3.460000e+01   -6.012281e+00   -0.000000e+00   -0.000000e+00   2.439270e+02   9.494945e-06   6.649435e+00
3.470000e+01   -6.337782e+00   -0.000000e+00   -0.000000e+00   2.442240e+02   9.352344e-06   6.557544e+00
3.480000e+01   -6.335503e+00   -0.000000e+00   -0.000000e+00   2.445223e+02   9.212008e-06   6.467035e+00
3.490000e+01   -6.177486e+00   -0.000000e+00   -0.000000e+00   2.448220e+02   9.073900e-06   6.377886e+00
3.500000e+01   -5.908073e+00   -0.000000e+00   -0.000000e+00   2.451231e+02   8.937980e-06   6.290078e+00
3.510000e+01   -5.560066e+00   -0.000000e+00   -0.000000e+00   2.454258e+02   8.804211e-06   6.203589e+00
3.520000e+01   -5.166268e+00   -0.000000e+00   -0.000000e+00   2.457302e+02   8.672554e-06   6.118400e+00
3.530000e+01   -4.629106e+00   -0.000000e+00   -0.000000e+00   2.460363e+02   8.542971e-06   6.034489e+00
3.540000e+01   -3.675613e+00   -0.000000e+00   -0.000000e+00   2.463443e+02   8.415425e-06   5.951837e+00
3.550000e+01   -2.556066e+00   -0.000000e+00   -0.000000e+00   2.466543e+02   8.289879e-06   5.870422e+00
3.560000e+01   -1.558055e+00   -0.000000e+00   -0.000000e+00   2.469664e+02   8.166296e-06   5.790225e+00
3.570000e+01   -9.691662e-01   -0.000000e+00   -0.000000e+00   2.472807e+02   8.044640e-06   5.711224e+00
3.580000e+01   -1.129065e+00   -0.000000e+00   -0.000000e+00   2.475973e+02   7.924874e-06   5.633400e+00
3.590000e+01   -2.170606e+00   -0.000000e+00   -0.000000e+00   2.479162e+02   7.806964e-06   5.556732e+00
3.600000e+01   -3.640798e+00   -0.000000e+00   -0.000000e+00   2.482375e+02   7.690883e-06   5.481204e+00
3.610000e+01   -5.051884e+00   -0.000000e+00   -0.000000e+00   2.485610e+02   7.576607e-06   5.406798e+00
3.620000e+01   -5.916110e+00   -0.000000e+00   -0.000000e+00   2.488867e+02   7.464110e-06   5.333498e+00
3.630000e+01   -5.849844e+00   -0.000000e+00   -0.000000e+00   2.492145e+02   7.353368e-06   5.261287e+00
3.640000e+01   -5.127760e+00   -0.000000e+00   -0.000000e+00   2.495443e+02   7.244354e-06   5.190148e+00
3.650000e+01   -4.071146e+00   -0.000000e+00   -0.000000e+00   2.498761e+02   7.137044e-06   5.120065e+00
3.660000e+01   -2.975911e+00   -0.000000e+00   -0.000000e+00   2.502097e+02   7.031413e-06   5.051021e+00
3.670000e+01   -2.137964e+00   -0.000000e+00   -0.000000e+00   2.505451e+02   6.927435e-06   4.982999e+00
3.680000e+01   -1.737973e+00   -0.000000e+00   -0.000000e+00   2.508823e+02   6.825084e-06   4.915983e+00
3.690000e+01   -1.423710e+00   -0.000000e+00   -0.000000e+00   2.512210e+02   6.724336e-06   4.849956e+00
3.700000e+01   -1.156074e+00   -0.000000e+00   -0.000000e+00   2.515614e+02   6.625163e-06   4.784901e+00
3.710000e+01   -9.547062e-01   -0.000000e+00   -0.000000e+00   2.519032e+02   6.527542e-06   4.720801e+00
3.720000e+01   -8.392496e-01   -0.000000e+00   -0.000000e+00   2.522465e+02   6.431445e-06   4.657641e+00
3.730000e+01   -8.963038e-01   -0.000000e+00   -0.000000e+00   2.525911e+02   6.336848e-06   4.595403e+00
3.740000e+01   -1.392404e+00   -0.000000e+00   -0.000000e+00   2.529369e+02   6.243724e-06   4.534070e+00
3.750000e+01   -2.138327e+00   -0.000000e+00   -0.000000e+00   2.532838e+02   6.152053e-06   4.473628e+00
3.760000e+01   -2.883535e+00   -0.000000e+00   -0.000000e+00   2.536316e+02   6.061818e-06   4.414063e+00
3.770000e+01   -3.377473e+00   -0.000000e+00   -0.000000e+00   2.539799e+02   5.973001e-06   4.355363e+00
3.780000e+01   -3.432813e+00   -0.000000e+00   -0.000000e+00   2.543286e+02   5.885587e-06   4.297514e+00
3.790000e+01   -3.298795e+00   -0.000000e+00   -0.000000e+00   2.546772e+02   5.799558e-06   4.240503e+00
3.800000e+01   -3.095918e+00   -0.000000e+00   -0.000000e+00   2.550256e+02   5.714897e-06   4.184317e+00
3.810000e+01   -2.894842e+00   -0.000000e+00   -0.000000e+00   2.553736e+02   5.631585e-06   4.128943e+00
3.820000e+01   -2.766225e+00   -0.000000e+00   -0.000000e+00   2.557207e+02   5.549604e-06   4.074369e+00
3.830000e+01   -2.762033e+00   -0.000000e+00   -0.000000e+00   2.560669e+02   5.468937e-06   4.020580e+00
3.840000e+01   -2.798419e+00   -0.000000e+00   -0.000000e+00   2.564117e+02   5.389564e-06   3.967563e+00
3.850000e+01   -2.852694e+00   -0.000000e+00   -0.000000e+00   2.567550e+02   5.311468e-06   3.915307e+00
3.860000e+01   -2.923153e+00   -0.000000e+00   -0.000000e+00   2.570964e+02   5.234630e-06   3.863797e+00
3.870000e+01   -3.008091e+00   -0.000000e+00   -0.000000e+00   2.574358e+02   5.159029e-06   3.813021e+00
3.880000e+01   -3.123712e+00   -0.000000e+00   -0.000000e+00   2.577727e+02   5.084648e-06   3.762965e+00
3.890000e+01   -3.393970e+00   -0.000000e+00   -0.000000e+00   2.581071e+02   5.011467e-06   3.713617e+00
3.900000e+01   -3.802042e+00   -0.000000e+00   -0.000000e+00   2.584385e+02   4.939466e-06   3.664963e+00
3.910000e+01   -4.297875e+00   -0.000000e+00   -0.000000e+00   2.587669e+02   4.868627e-06   3.616992e+00
3.920000e+01   -4.831386e+00   -0.000000e+00   -0.000000e+00   2.590920e+02   4.798932e-06   3.569694e+00
3.930000e+01   -5.386048e+00   -0.000000e+00   -0.000000e+00   2.594138e+02   4.730363e-06   3.523059e+00
3.940000e+01   -6.174917e+00   -0.000000e+00   -0.000000e+00   2.597322e+02   4.662901e-06   3.477078e+00
3.950000e+01   -7.087380e+00   -0.000000e+00   -0.000000e+00   2.600472e+02   4.596531e-06   3.431743e+00
3.960000e+01   -7.928633e+00   -0.000000e+00   -0.000000e+00   2.603586e+02   4.531234e-06   3.387043e+00
3.970000e+01   -8.503872e+00   -0.000000e+00   -0.000000e+00   2.606663e+02   4.466992e-06   3.342970e+00
3.980000e+01   -8.574155e+00   -0.000000e+00   -0.000000e+00   2.609703e+02   4.403789e-06   3.299514e+00
3.990000e+01   -7.653500e+00   -0.000000e+00   -0.000000e+00   2.612704e+02   4.341607e-06   3.256665e+00
4.000000e+01   -5.983768e+00   -0.000000e+00   -0.000000e+00   2.615667e+02   4.280429e-06   3.214416e+00
4.010000e+01   -3.979222e+00   -0.000000e+00   -0.000000e+00   2.618589e+02   4.220238e-06   3.172755e+00
4.020000e+01   -2.054125e+00   -0.000000e+00   -0.000000e+00   2.621470e+02   4.161017e-06   3.131675e+00
4.030000e+01   -5.583931e-01   -0.000000e+00   -0.000000e+00   2.624309e+02   4.102749e-06   3.091165e+00
4.040000e+01   9.771634e-01   -0.000000e+00   -0.000000e+00   2.627105e+02   4.045418e-06   3.051217e+00
4.050000e+01   2.542410e+00   -0.000000e+00   -0.000000e+00   2.629857e+02   3.989006e-06   3.011821e+00
4.060000e+01   3.881568e+00   -0.000000e+00   -0.000000e+00   2.632565e+02   3.933496e-06   2.972967e+00
4.070000e+01   4.738856e+00   -0.000000e+00   -0.000000e+00   2.635227e+02   3.878873e-06   2.934648e+00
4.080000e+01   4.821367e+00   -0.000000e+00   -0.000000e+00   2.637843e+02   3.825120e-06   2.896853e+00
4.090000e+01   3.566890e+00   -0.000000e+00   -0.000000e+00   2.640415e+02   3.772222e-06   2.859576e+00
4.100000e+01   1.423711e+00   -0.000000e+00   -0.000000e+00   2.642942e+02   3.720161e-06   2.822810e+00
4.110000e+01   -8.778079e-01   -0.000000e+00   -0.000000e+00   2.645426e+02   3.668924e-06   2.786548e+00
4.120000e+01   -2.607304e+00   -0.000000e+00   -0.000000e+00   2.647867e+02   3.618494e-06   2.750783e+00
4.130000e+01   -3.062557e+00   -0.000000e+00   -0.000000e+00   2.650266e+02   3.568857e-06   2.715508e+00
4.140000e+01   -2.381525e+00   -0.000000e+00   -0.000000e+00   2.652625e+02   3.519998e-06   2.680715e+00
4.150000e+01   -1.128646e+00   -0.000000e+00   -0.000000e+00   2.654943e+02   3.471902e-06   2.646397e+00
4.160000e+01   2.379373e-01   -0.000000e+00   -0.000000e+00   2.657222e+02   3.424555e-06   2.612548e+00
4.170000e+01   1.260079e+00   -0.000000e+00   -0.000000e+00   2.659462e+02   3.377942e-06   2.579160e+00
4.180000e+01   1.490828e+00   -0.000000e+00   -0.000000e+00   2.661665e+02   3.332049e-06   2.546227e+00
4.190000e+01   9.299220e-01   -0.000000e+00   -0.000000e+00   2.663831e+02   3.286862e-06   2.513741e+00
4.200000e+01   -1.239214e-01   -0.000000e+00   -0.000000e+00   2.665961e+02   3.242368e-06   2.481695e+00
4.210000e+01   -1.423742e+00   -0.000000e+00   -0.000000e+00   2.668055e+02   3.198552e-06   2.450082e+00
4.220000e+01   -2.722579e+00   -0.000000e+00   -0.000000e+00   2.670115e+02   3.155402e-06   2.418895e+00
4.230000e+01   -3.787837e+00   -0.000000e+00   -0.000000e+00   2.672141e+02   3.112903e-06   2.388127e+00
4.240000e+01   -4.863863e+00   -0.000000e+00   -0.000000e+00   2.674135e+02   3.071043e-06   2.357771e+00
4.250000e+01   -5.997891e+00   -0.000000e+00   -0.000000e+00   2.676096e+02   3.029809e-06   2.327820e+00
4.260000e+01   -7.014623e+00   -0.000000e+00   -0.000000e+00   2.678027e+02   2.989189e-06   2.298268e+00
4.270000e+01   -7.738589e+00   -0.000000e+00   -0.000000e+00   2.679928e+02   2.949171e-06   2.269110e+00
4.280000e+01   -7.995503e+00   -0.000000e+00   -0.000000e+00   2.681801e+02   2.909747e-06   2.240341e+00
4.290000e+01   -7.743575e+00   -0.000000e+00   -0.000000e+00   2.683648e+02   2.870903e-06   2.211956e+00
4.300000e+01   -7.146460e+00   -0.000000e+00   -0.000000e+00   2.685469e+02   2.832631e-06   2.183949e+00
4.310000e+01   -6.378856e+00   -0.000000e+00   -0.000000e+00   2.687266e+02   2.794919e-06   2.156315e+00
4.320000e+01   -5.615464e+00   -0.000000e+00   -0.000000e+00   2.689040e+02   2.757758e-06   2.129049e+00
4.330000e+01   -5.027274e+00   -0.000000e+00   -0.000000e+00   2.690792e+02   2.721137e-06   2.102146e+00
4.340000e+01   -4.508451e+00   -0.000000e+00   -0.000000e+00   2.692525e+02   2.685046e-06   2.075601e+00
4.350000e+01   -3.980196e+00   -0.000000e+00   -0.000000e+00   2.694239e+02   2.649475e-06   2.049408e+00
4.360000e+01   -3.506565e+00   -0.000000e+00   -0.000000e+00   2.695936e+02   2.614416e-06   2.023562e+00
4.370000e+01   -3.151618e+00   -0.000000e+00   -0.000000e+00   2.697616e+02   2.579857e-06   1.998058e+00
4.380000e+01   -2.978471e+00   -0.000000e+00   -0.000000e+00   2.699282e+02   2.545789e-06   1.972891e+00
4.390000e+01   -2.922686e+00   -0.000000e+00   -0.000000e+00   2.700935e+02   2.512204e-06   1.948055e+00
4.400000e+01   -2.896628e+00   -0.000000e+00   -0.000000e+00   2.702575e+02   2.479091e-06   1.923546e+00
4.410000e+01   -2.876977e+00   -0.000000e+00   -0.000000e+00   2.704205e+02   2.446442e-06   1.899358e+00
4.420000e+01   -2.840412e+00   -0.000000e+00   -0.000000e+00   2.705826e+02   2.414247e-06   1.875486e+00
4.430000e+01   -2.763297e+00   -0.000000e+00   -0.000000e+00   2.707438e+02   2.382497e-06   1.851924e+00
4.440000e+01   -2.554559e+00   -0.000000e+00   -0.000000e+00   2.709041e+02   2.351188e-06   1.828670e+00
4.450000e+01   -2.223171e+00   -0.000000e+00   -0.000000e+00   2.710633e+02   2.320314e-06   1.805717e+00
4.460000e+01   -1.865825e+00   -0.000000e+00   -0.000000e+00   2.712210e+02   2.289872e-06   1.783064e+00
4.470000e+01   -1.579216e+00   -0.000000e+00   -0.000000e+00   2.713770e+02   2.259859e-06   1.760705e+00
4.480000e+01   -1.460397e+00   -0.000000e+00   -0.000000e+00   2.715312e+02   2.230269e-06   1.738638e+00
4.490000e+01   -1.880294e+00   -0.000000e+00   -0.000000e+00   2.716832e+02   2.201099e-06   1.716859e+00
4.500000e+01   -2.905479e+00   -0.000000e+00   -0.000000e+00   2.718327e+02   2.172344e-06   1.695363e+00
4.510000e+01   -4.238959e+00   -0.000000e+00   -0.000000e+00   2.719797e+02   2.144000e-06   1.674147e+00
4.520000e+01   -5.583745e+00   -0.000000e+00   -0.000000e+00   2.721237e+02   2.116062e-06   1.653207e+00
4.530000e+01   -6.642845e+00   -0.000000e+00   -0.000000e+00   2.722645e+02   2.088527e-06   1.632539e+00
4.540000e+01   -7.438998e+00   -0.000000e+00   -0.000000e+00   2.724020e+02   2.061389e-06   1.612140e+00
4.550000e+01   -8.185612e+00   -0.000000e+00   -0.000000e+00   2.725358e+02   2.034644e-06   1.592005e+00
4.560000e+01   -8.871703e+00   -0.000000e+00   -0.000000e+00   2.726657e+02   2.008288e-06   1.572131e+00
4.570000e+01   -9.486289e+00   -0.000000e+00   -0.000000e+00   2.727915e+02   1.982314e-06   1.552514e+00
4.580000e+01   -1.001838e+01   -0.000000e+00   -0.000000e+00   2.729129e+02   1.956720e-06   1.533151e+00
4.590000e+01   -1.052810e+01   -0.000000e+00   -0.000000e+00   2.730296e+02   1.931499e-06   1.514037e+00
4.600000e+01   -1.104566e+01   -0.000000e+00   -0.000000e+00   2.731414e+02   1.906647e-06   1.495169e+00
4.610000e+01   -1.149852e+01   -0.000000e+00   -0.000000e+00   2.732482e+02   1.882159e-06   1.476542e+00
4.620000e+01   -1.181401e+01   -0.000000e+00   -0.000000e+00   2.733495e+02   1.858030e-06   1.458154e+00
4.630000e+01   -1.191956e+01   -0.000000e+00   -0.000000e+00   2.734455e+02   1.834255e-06   1.440001e+00
4.640000e+01   -1.132911e+01   -0.000000e+00   -0.000000e+00   2.735362e+02   1.810826e-06   1.422080e+00
4.650000e+01   -9.756064e+00   -0.000000e+00   -0.000000e+00   2.736215e+02   1.787740e-06   1.404388e+00
4.660000e+01   -7.638588e+00   -0.000000e+00   -0.000000e+00   2.737016e+02   1.764990e-06   1.386921e+00
4.670000e+01   -5.417342e+00   -0.000000e+00   -0.000000e+00   2.737763e+02   1.742570e-06   1.369678e+00
4.680000e+01   -3.532986e+00   -0.000000e+00   -0.000000e+00   2.738459e+02   1.720475e-06   1.352654e+00
4.690000e+01   -1.998318e+00   -0.000000e+00   -0.000000e+00   2.739102e+02   1.698699e-06   1.335848e+00
4.700000e+01   -4.394724e-01   -0.000000e+00   -0.000000e+00   2.739693e+02   1.677237e-06   1.319255e+00
4.710000e+01   1.025457e+00   -0.000000e+00   -0.000000e+00   2.740232e+02   1.656084e-06   1.302873e+00
4.720000e+01   2.273626e+00   -0.000000e+00   -0.000000e+00   2.740721e+02   1.635234e-06   1.286699e+00
4.730000e+01   3.182190e+00   -0.000000e+00   -0.000000e+00   2.741158e+02   1.614682e-06   1.270730e+00
4.740000e+01   3.811895e+00   -0.000000e+00   -0.000000e+00   2.741544e+02   1.594422e-06   1.254962e+00
4.750000e+01   4.384622e+00   -0.000000e+00   -0.000000e+00   2.741879e+02   1.574449e-06   1.239394e+00
4.760000e+01   4.857084e+00   -0.000000e+00   -0.000000e+00   2.742164e+02   1.554758e-06   1.224021e+00
4.770000e+01   5.181875e+00   -0.000000e+00   -0.000000e+00   2.742399e+02   1.535345e-06   1.208840e+00
4.780000e+01   5.311584e+00   -0.000000e+00   -0.000000e+00   2.742585e+02   1.516203e-06   1.193850e+00
4.790000e+01   4.935128e+00   -0.000000e+00   -0.000000e+00   2.742720e+02   1.497328e-06   1.179046e+00
4.800000e+01   3.747773e+00   -0.000000e+00   -0.000000e+00   2.742806e+02   1.478714e-06   1.164426e+00
4.810000e+01   2.096467e+00   -0.000000e+00   -0.000000e+00   2.742843e+02   1.460357e-06   1.149986e+00
4.820000e+01   3.412604e-01   -0.000000e+00   -0.000000e+00   2.742832e+02   1.442253e-06   1.135724e+00
4.830000e+01   -1.157397e+00   -0.000000e+00   -0.000000e+00   2.742774e+02   1.424396e-06   1.121639e+00
4.840000e+01   -2.335676e+00   -0.000000e+00   -0.000000e+00   2.742669e+02   1.406783e-06   1.107727e+00
4.850000e+01   -3.563035e+00   -0.000000e+00   -0.000000e+00   2.742519e+02   1.389410e-06   1.093988e+00
4.860000e+01   -4.714851e+00   -0.000000e+00   -0.000000e+00   2.742324e+02   1.372273e-06   1.080417e+00
4.870000e+01   -5.649418e+00   -0.000000e+00   -0.000000e+00   2.742086e+02   1.355367e-06   1.067015e+00
4.880000e+01   -6.225032e+00   -0.000000e+00   -0.000000e+00   2.741806e+02   1.338689e-06   1.053777e+00
4.890000e+01   -6.449274e+00   -0.000000e+00   -0.000000e+00   2.741485e+02   1.322235e-06   1.040703e+00
4.900000e+01   -6.613597e+00   -0.000000e+00   -0.000000e+00   2.741123e+02   1.306001e-06   1.027789e+00
4.910000e+01   -6.758335e+00   -0.000000e+00   -0.000000e+00   2.740721e+02   1.289982e-06   1.015035e+00
4.920000e+01   -6.911531e+00   -0.000000e+00   -0.000000e+00   2.740282e+02   1.274176e-06   1.002437e+00
4.930000e+01   -7.101230e+00   -0.000000e+00   -0.000000e+00   2.739805e+02   1.258579e-06   9.899937e-01
4.940000e+01   -7.456451e+00   -0.000000e+00   -0.000000e+00   2.739291e+02   1.243186e-06   9.777026e-01
4.950000e+01   -8.172204e+00   -0.000000e+00   -0.000000e+00   2.738742e+02   1.227995e-06   9.655618e-01
4.960000e+01   -9.103922e+00   -0.000000e+00   -0.000000e+00   2.738159e+02   1.213001e-06   9.535691e-01
4.970000e+01   -1.009146e+01   -0.000000e+00   -0.000000e+00   2.737542e+02   1.198201e-06   9.417222e-01
4.980000e+01   -1.097466e+01   -0.000000e+00   -0.000000e+00   2.736893e+02   1.183591e-06   9.300191e-01
4.990000e+01   -1.170755e+01   -0.000000e+00   -0.000000e+00   2.736213e+02   1.169168e-06   9.184576e-01
5.000000e+01   -1.248754e+01   -0.000000e+00   -0.000000e+00   2.735502e+02   1.154928e-06   9.070356e-01
5.010000e+01   -1.323026e+01   -0.000000e+00   -0.000000e+00   2.734762e+02   1.140868e-06   8.957509e-01
5.020000e+01   -1.383185e+01   -0.000000e+00   -0.000000e+00   2.733991e+02   1.126986e-06   8.846021e-01
5.030000e+01   -1.418860e+01   -0.000000e+00   -0.000000e+00   2.733188e+02   1.113280e-06   8.735876e-01
5.040000e+01   -1.396798e+01   -0.000000e+00   -0.000000e+00   2.732354e+02   1.099749e-06   8.627060e-01
5.050000e+01   -1.262805e+01   -0.000000e+00   -0.000000e+00   2.731487e+02   1.086389e-06   8.519557e-01
5.060000e+01   -1.065540e+01   -0.000000e+00   -0.000000e+00   2.730586e+02   1.073201e-06   8.413353e-01
5.070000e+01   -8.606087e+00   -0.000000e+00   -0.000000e+00   2.729650e+02   1.060180e-06   8.308433e-01
5.080000e+01   -7.036132e+00   -0.000000e+00   -0.000000e+00   2.728679e+02   1.047327e-06   8.204782e-01
5.090000e+01   -6.239633e+00   -0.000000e+00   -0.000000e+00   2.727671e+02   1.034638e-06   8.102384e-01
5.100000e+01   -5.585070e+00   -0.000000e+00   -0.000000e+00   2.726626e+02   1.022112e-06   8.001227e-01
5.110000e+01   -5.032327e+00   -0.000000e+00   -0.000000e+00   2.725543e+02   1.009747e-06   7.901293e-01
5.120000e+01   -4.617434e+00   -0.000000e+00   -0.000000e+00   2.724421e+02   9.975418e-07   7.802569e-01
5.130000e+01   -4.376419e+00   -0.000000e+00   -0.000000e+00   2.723258e+02   9.854933e-07   7.705040e-01
5.140000e+01   -4.306437e+00   -0.000000e+00   -0.000000e+00   2.722055e+02   9.736001e-07   7.608690e-01
5.150000e+01   -4.269948e+00   -0.000000e+00   -0.000000e+00   2.720811e+02   9.618602e-07   7.513505e-01
5.160000e+01   -4.254348e+00   -0.000000e+00   -0.000000e+00   2.719523e+02   9.502717e-07   7.419471e-01
5.170000e+01   -4.263446e+00   -0.000000e+00   -0.000000e+00   2.718193e+02   9.388327e-07   7.326571e-01
5.180000e+01   -4.301055e+00   -0.000000e+00   -0.000000e+00   2.716818e+02   9.275412e-07   7.234792e-01
5.190000e+01   -4.481188e+00   -0.000000e+00   -0.000000e+00   2.715397e+02   9.163954e-07   7.144118e-01
5.200000e+01   -5.191557e+00   -0.000000e+00   -0.000000e+00   2.713931e+02   9.053932e-07   7.054535e-01
5.210000e+01   -6.197667e+00   -0.000000e+00   -0.000000e+00   2.712418e+02   8.945328e-07   6.966028e-01
5.220000e+01   -7.190621e+00   -0.000000e+00   -0.000000e+00   2.710856e+02   8.838128e-07   6.878584e-01
5.230000e+01   -7.861483e+00   -0.000000e+00   -0.000000e+00   2.709244e+02   8.732318e-07   6.792192e-01
5.240000e+01   -7.861647e+00   -0.000000e+00   -0.000000e+00   2.707580e+02   8.627884e-07   6.706840e-01
5.250000e+01   -6.980584e+00   -0.000000e+00   -0.000000e+00   2.705862e+02   8.524812e-07   6.622514e-01
5.260000e+01   -5.634721e+00   -0.000000e+00   -0.000000e+00   2.704090e+02   8.423088e-07   6.539203e-01
5.270000e+01   -4.299321e+00   -0.000000e+00   -0.000000e+00   2.702261e+02   8.322698e-07   6.456895e-01
5.280000e+01   -3.449646e+00   -0.000000e+00   -0.000000e+00   2.700373e+02   8.223627e-07   6.375577e-01
5.290000e+01   -3.513624e+00   -0.000000e+00   -0.000000e+00   2.698425e+02   8.125860e-07   6.295237e-01
5.300000e+01   -4.361249e+00   -0.000000e+00   -0.000000e+00   2.696416e+02   8.029384e-07   6.215863e-01
5.310000e+01   -5.599453e+00   -0.000000e+00   -0.000000e+00   2.694343e+02   7.934183e-07   6.137444e-01
5.320000e+01   -6.846806e+00   -0.000000e+00   -0.000000e+00   2.692206e+02   7.840243e-07   6.059966e-01
5.330000e+01   -7.721881e+00   -0.000000e+00   -0.000000e+00   2.690002e+02   7.747548e-07   5.983417e-01
5.340000e+01   -7.915872e+00   -0.000000e+00   -0.000000e+00   2.687730e+02   7.656084e-07   5.907785e-01
5.350000e+01   -7.725014e+00   -0.000000e+00   -0.000000e+00   2.685388e+02   7.565836e-07   5.833059e-01
5.360000e+01   -7.336203e+00   -0.000000e+00   -0.000000e+00   2.682975e+02   7.476788e-07   5.759225e-01
5.370000e+01   -6.865038e+00   -0.000000e+00   -0.000000e+00   2.680489e+02   7.388926e-07   5.686272e-01
5.380000e+01   -6.427123e+00   -0.000000e+00   -0.000000e+00   2.677928e+02   7.302233e-07   5.614187e-01
5.390000e+01   -6.106775e+00   -0.000000e+00   -0.000000e+00   2.675291e+02   7.216695e-07   5.542959e-01
5.400000e+01   -5.758318e+00   -0.000000e+00   -0.000000e+00   2.672575e+02   7.132296e-07   5.472575e-01
5.410000e+01   -5.408247e+00   -0.000000e+00   -0.000000e+00   2.669781e+02   7.049019e-07   5.403022e-01
5.420000e+01   -5.134393e+00   -0.000000e+00   -0.000000e+00   2.666911e+02   6.966841e-07   5.334293e-01
5.430000e+01   -5.014529e+00   -0.000000e+00   -0.000000e+00   2.663970e+02   6.885735e-07   5.266377e-01
5.440000e+01   -5.173196e+00   -0.000000e+00   -0.000000e+00   2.660961e+02   6.805676e-07   5.199266e-01
5.450000e+01   -5.993832e+00   -0.000000e+00   -0.000000e+00   2.657889e+02   6.726638e-07   5.132952e-01
5.460000e+01   -7.294215e+00   -0.000000e+00   -0.000000e+00   2.654758e+02   6.648598e-07   5.067425e-01
5.470000e+01   -8.763590e+00   -0.000000e+00   -0.000000e+00   2.651573e+02   6.571530e-07   5.002677e-01
5.480000e+01   -1.009120e+01   -0.000000e+00   -0.000000e+00   2.648338e+02   6.495413e-07   4.938699e-01
5.490000e+01   -1.100138e+01   -0.000000e+00   -0.000000e+00   2.645058e+02   6.420223e-07   4.875482e-01
5.500000e+01   -1.168268e+01   -0.000000e+00   -0.000000e+00   2.641736e+02   6.345937e-07   4.813018e-01
5.510000e+01   -1.227998e+01   -0.000000e+00   -0.000000e+00   2.638377e+02   6.272534e-07   4.751298e-01
5.520000e+01   -1.285859e+01   -0.000000e+00   -0.000000e+00   2.634986e+02   6.199991e-07   4.690312e-01
5.530000e+01   -1.348382e+01   -0.000000e+00   -0.000000e+00   2.631566e+02   6.128289e-07   4.630053e-01
5.540000e+01   -1.423582e+01   -0.000000e+00   -0.000000e+00   2.628123e+02   6.057406e-07   4.570511e-01
5.550000e+01   -1.528573e+01   -0.000000e+00   -0.000000e+00   2.624660e+02   5.987323e-07   4.511678e-01
5.560000e+01   -1.648615e+01   -0.000000e+00   -0.000000e+00   2.621182e+02   5.918018e-07   4.453545e-01
5.570000e+01   -1.760853e+01   -0.000000e+00   -0.000000e+00   2.617693e+02   5.849473e-07   4.396103e-01
5.580000e+01   -1.842433e+01   -0.000000e+00   -0.000000e+00   2.614198e+02   5.781669e-07   4.339343e-01
5.590000e+01   -1.867399e+01   -0.000000e+00   -0.000000e+00   2.610700e+02   5.714587e-07   4.283257e-01
5.600000e+01   -1.786798e+01   -0.000000e+00   -0.000000e+00   2.607204e+02   5.648208e-07   4.227836e-01
5.610000e+01   -1.635332e+01   -0.000000e+00   -0.000000e+00   2.603715e+02   5.582516e-07   4.173072e-01
5.620000e+01   -1.471213e+01   -0.000000e+00   -0.000000e+00   2.600233e+02   5.517501e-07   4.118955e-01
5.630000e+01   -1.352660e+01   -0.000000e+00   -0.000000e+00   2.596756e+02   5.453163e-07   4.065481e-01
5.640000e+01   -1.338201e+01   -0.000000e+00   -0.000000e+00   2.593281e+02   5.389500e-07   4.012641e-01
5.650000e+01   -1.459924e+01   -0.000000e+00   -0.000000e+00   2.589806e+02   5.326511e-07   3.960430e-01
5.660000e+01   -1.668814e+01   -0.000000e+00   -0.000000e+00   2.586328e+02   5.264194e-07   3.908841e-01
5.670000e+01   -1.902729e+01   -0.000000e+00   -0.000000e+00   2.582847e+02   5.202548e-07   3.857866e-01
5.680000e+01   -2.099524e+01   -0.000000e+00   -0.000000e+00   2.579358e+02   5.141571e-07   3.807499e-01
5.690000e+01   -2.200714e+01   -0.000000e+00   -0.000000e+00   2.575860e+02   5.081259e-07   3.757733e-01
5.700000e+01   -2.252587e+01   -0.000000e+00   -0.000000e+00   2.572350e+02   5.021611e-07   3.708562e-01
5.710000e+01   -2.293911e+01   -0.000000e+00   -0.000000e+00   2.568827e+02   4.962624e-07   3.659978e-01
5.720000e+01   -2.330659e+01   -0.000000e+00   -0.000000e+00   2.565287e+02   4.904295e-07   3.611976e-01
5.730000e+01   -2.368809e+01   -0.000000e+00   -0.000000e+00   2.561728e+02   4.846620e-07   3.564547e-01
5.740000e+01   -2.414536e+01   -0.000000e+00   -0.000000e+00   2.558149e+02   4.789597e-07   3.517686e-01
5.750000e+01   -2.476129e+01   -0.000000e+00   -0.000000e+00   2.554546e+02   4.733221e-07   3.471386e-01
5.760000e+01   -2.546685e+01   -0.000000e+00   -0.000000e+00   2.550918e+02   4.677490e-07   3.425640e-01
5.770000e+01   -2.614161e+01   -0.000000e+00   -0.000000e+00   2.547262e+02   4.622399e-07   3.380441e-01
5.780000e+01   -2.666517e+01   -0.000000e+00   -0.000000e+00   2.543575e+02   4.567943e-07   3.335782e-01
5.790000e+01   -2.691818e+01   -0.000000e+00   -0.000000e+00   2.539856e+02   4.514120e-07   3.291657e-01
5.800000e+01   -2.687077e+01   -0.000000e+00   -0.000000e+00   2.536102e+02   4.460924e-07   3.248059e-01
5.810000e+01   -2.658603e+01   -0.000000e+00   -0.000000e+00   2.532311e+02   4.408350e-07   3.204981e-01
5.820000e+01   -2.612002e+01   -0.000000e+00   -0.000000e+00   2.528482e+02   4.356391e-07   3.162417e-01
5.830000e+01   -2.552884e+01   -0.000000e+00   -0.000000e+00   2.524619e+02   4.305036e-07   3.120362e-01
5.840000e+01   -2.486090e+01   -0.000000e+00   -0.000000e+00   2.520724e+02   4.254272e-07   3.078809e-01
5.850000e+01   -2.369392e+01   -0.000000e+00   -0.000000e+00   2.516800e+02   4.204087e-07   3.037755e-01
5.860000e+01   -2.197581e+01   -0.000000e+00   -0.000000e+00   2.512852e+02   4.154470e-07   2.997194e-01
5.870000e+01   -2.000949e+01   -0.000000e+00   -0.000000e+00   2.508881e+02   4.105409e-07   2.957120e-01
5.880000e+01   -1.809788e+01   -0.000000e+00   -0.000000e+00   2.504892e+02   4.056894e-07   2.917528e-01
5.890000e+01   -1.653913e+01   -0.000000e+00   -0.000000e+00   2.500887e+02   4.008913e-07   2.878413e-01
5.900000e+01   -1.506066e+01   -0.000000e+00   -0.000000e+00   2.496870e+02   3.961456e-07   2.839769e-01
5.910000e+01   -1.352684e+01   -0.000000e+00   -0.000000e+00   2.492843e+02   3.914511e-07   2.801592e-01
5.920000e+01   -1.218068e+01   -0.000000e+00   -0.000000e+00   2.488811e+02   3.868069e-07   2.763875e-01
5.930000e+01   -1.126521e+01   -0.000000e+00   -0.000000e+00   2.484776e+02   3.822119e-07   2.726615e-01
5.940000e+01   -1.102306e+01   -0.000000e+00   -0.000000e+00   2.480741e+02   3.776652e-07   2.689805e-01
5.950000e+01   -1.149574e+01   -0.000000e+00   -0.000000e+00   2.476710e+02   3.731657e-07   2.653440e-01
5.960000e+01   -1.239093e+01   -0.000000e+00   -0.000000e+00   2.472686e+02   3.687125e-07   2.617515e-01
5.970000e+01   -1.341600e+01   -0.000000e+00   -0.000000e+00   2.468672e+02   3.643046e-07   2.582024e-01
5.980000e+01   -1.427830e+01   -0.000000e+00   -0.000000e+00   2.464671e+02   3.599410e-07   2.546963e-01
5.990000e+01   -1.468436e+01   -0.000000e+00   -0.000000e+00   2.460686e+02   3.556210e-07   2.512326e-01
6.000000e+01   -1.372296e+01   -0.000000e+00   -0.000000e+00   2.456721e+02   3.513434e-07   2.478107e-01
6.010000e+01   -1.133479e+01   -0.000000e+00   -0.000000e+00   2.452779e+02   3.471076e-07   2.444302e-01
6.020000e+01   -8.355473e+00   -0.000000e+00   -0.000000e+00   2.448862e+02   3.429127e-07   2.410906e-01
6.030000e+01   -5.620504e+00   -0.000000e+00   -0.000000e+00   2.444966e+02   3.387590e-07   2.377913e-01
6.040000e+01   -3.965353e+00   -0.000000e+00   -0.000000e+00   2.441090e+02   3.346464e-07   2.345321e-01
6.050000e+01   -3.156166e+00   -0.000000e+00   -0.000000e+00   2.437230e+02   3.305752e-07   2.313125e-01
6.060000e+01   -2.440864e+00   -0.000000e+00   -0.000000e+00   2.433384e+02   3.265453e-07   2.281321e-01
6.070000e+01   -1.877576e+00   -0.000000e+00   -0.000000e+00   2.429548e+02   3.225570e-07   2.249905e-01
6.080000e+01   -1.524430e+00   -0.000000e+00   -0.000000e+00   2.425719e+02   3.186101e-07   2.218873e-01
6.090000e+01   -1.439555e+00   -0.000000e+00   -0.000000e+00   2.421896e+02   3.147048e-07   2.188221e-01
6.100000e+01   -2.542281e+00   -0.000000e+00   -0.000000e+00   2.418074e+02   3.108411e-07   2.157944e-01
6.110000e+01   -5.237042e+00   -0.000000e+00   -0.000000e+00   2.414250e+02   3.070189e-07   2.128040e-01
6.120000e+01   -8.598563e+00   -0.000000e+00   -0.000000e+00   2.410423e+02   3.032382e-07   2.098502e-01
6.130000e+01   -1.170037e+01   -0.000000e+00   -0.000000e+00   2.406589e+02   2.994989e-07   2.069329e-01
6.140000e+01   -1.361597e+01   -0.000000e+00   -0.000000e+00   2.402744e+02   2.958011e-07   2.040514e-01
6.150000e+01   -1.445743e+01   -0.000000e+00   -0.000000e+00   2.398887e+02   2.921446e-07   2.012055e-01
6.160000e+01   -1.519090e+01   -0.000000e+00   -0.000000e+00   2.395014e+02   2.885293e-07   1.983948e-01
6.170000e+01   -1.578072e+01   -0.000000e+00   -0.000000e+00   2.391122e+02   2.849551e-07   1.956188e-01
6.180000e+01   -1.618663e+01   -0.000000e+00   -0.000000e+00   2.387209e+02   2.814218e-07   1.928770e-01
6.190000e+01   -1.636832e+01   -0.000000e+00   -0.000000e+00   2.383271e+02   2.779294e-07   1.901692e-01
6.200000e+01   -1.626400e+01   -0.000000e+00   -0.000000e+00   2.379305e+02   2.744776e-07   1.874949e-01
6.210000e+01   -1.591504e+01   -0.000000e+00   -0.000000e+00   2.375309e+02   2.710663e-07   1.848537e-01
6.220000e+01   -1.546840e+01   -0.000000e+00   -0.000000e+00   2.371280e+02   2.676953e-07   1.822452e-01
6.230000e+01   -1.507172e+01   -0.000000e+00   -0.000000e+00   2.367215e+02   2.643645e-07   1.796690e-01
6.240000e+01   -1.487262e+01   -0.000000e+00   -0.000000e+00   2.363111e+02   2.610737e-07   1.771248e-01
6.250000e+01   -1.493764e+01   -0.000000e+00   -0.000000e+00   2.358964e+02   2.578227e-07   1.746123e-01
6.260000e+01   -1.516100e+01   -0.000000e+00   -0.000000e+00   2.354774e+02   2.546114e-07   1.721311e-01
6.270000e+01   -1.548154e+01   -0.000000e+00   -0.000000e+00   2.350535e+02   2.514396e-07   1.696808e-01
6.280000e+01   -1.583940e+01   -0.000000e+00   -0.000000e+00   2.346246e+02   2.483070e-07   1.672611e-01
6.290000e+01   -1.617473e+01   -0.000000e+00   -0.000000e+00   2.341904e+02   2.452136e-07   1.648717e-01
6.300000e+01   -1.651957e+01   -0.000000e+00   -0.000000e+00   2.337506e+02   2.421590e-07   1.625121e-01
6.310000e+01   -1.695940e+01   -0.000000e+00   -0.000000e+00   2.333050e+02   2.391430e-07   1.601821e-01
6.320000e+01   -1.739568e+01   -0.000000e+00   -0.000000e+00   2.328531e+02   2.361654e-07   1.578813e-01
6.330000e+01   -1.772604e+01   -0.000000e+00   -0.000000e+00   2.323948e+02   2.332259e-07   1.556093e-01
6.340000e+01   -1.784808e+01   -0.000000e+00   -0.000000e+00   2.319297e+02   2.303243e-07   1.533658e-01
6.350000e+01   -1.742071e+01   -0.000000e+00   -0.000000e+00   2.314576e+02   2.274602e-07   1.511504e-01
6.360000e+01   -1.616087e+01   -0.000000e+00   -0.000000e+00   2.309783e+02   2.246335e-07   1.489629e-01
6.370000e+01   -1.452451e+01   -0.000000e+00   -0.000000e+00   2.304913e+02   2.218438e-07   1.468027e-01
6.380000e+01   -1.298633e+01   -0.000000e+00   -0.000000e+00   2.299964e+02   2.190908e-07   1.446697e-01
6.390000e+01   -1.202106e+01   -0.000000e+00   -0.000000e+00   2.294934e+02   2.163742e-07   1.425634e-01
6.400000e+01   -1.173131e+01   -0.000000e+00   -0.000000e+00   2.289819e+02   2.136936e-07   1.404834e-01
6.410000e+01   -1.148651e+01   -0.000000e+00   -0.000000e+00   2.284618e+02   2.110488e-07   1.384296e-01
6.420000e+01   -1.126021e+01   -0.000000e+00   -0.000000e+00   2.279332e+02   2.084390e-07   1.364015e-01
6.430000e+01   -1.105738e+01   -0.000000e+00   -0.000000e+00   2.273971e+02   2.058632e-07   1.343990e-01
6.440000e+01   -1.088303e+01   -0.000000e+00   -0.000000e+00   2.268542e+02   2.033203e-07   1.324220e-01
6.450000e+01   -1.115289e+01   -0.000000e+00   -0.000000e+00   2.263054e+02   2.008095e-07   1.304703e-01
6.460000e+01   -1.264077e+01   -0.000000e+00   -0.000000e+00   2.257515e+02   1.983297e-07   1.285437e-01
6.470000e+01   -1.482663e+01   -0.000000e+00   -0.000000e+00   2.251933e+02   1.958801e-07   1.266421e-01
6.480000e+01   -1.712917e+01   -0.000000e+00   -0.000000e+00   2.246316e+02   1.934597e-07   1.247653e-01
6.490000e+01   -1.896706e+01   -0.000000e+00   -0.000000e+00   2.240672e+02   1.910679e-07   1.229131e-01
6.500000e+01   -2.001848e+01   -0.000000e+00   -0.000000e+00   2.235009e+02   1.887036e-07   1.210854e-01
6.510000e+01   -2.079877e+01   -0.000000e+00   -0.000000e+00   2.229336e+02   1.863662e-07   1.192821e-01
6.520000e+01   -2.147929e+01   -0.000000e+00   -0.000000e+00   2.223661e+02   1.840549e-07   1.175028e-01
6.530000e+01   -2.219448e+01   -0.000000e+00   -0.000000e+00   2.217991e+02   1.817690e-07   1.157476e-01
6.540000e+01   -2.307878e+01   -0.000000e+00   -0.000000e+00   2.212336e+02   1.795077e-07   1.140162e-01
6.550000e+01   -2.425629e+01   -0.000000e+00   -0.000000e+00   2.206703e+02   1.772703e-07   1.123084e-01
6.560000e+01   -2.572705e+01   -0.000000e+00   -0.000000e+00   2.201100e+02   1.750563e-07   1.106241e-01
6.570000e+01   -2.740930e+01   -0.000000e+00   -0.000000e+00   2.195535e+02   1.728650e-07   1.089632e-01
6.580000e+01   -2.921985e+01   -0.000000e+00   -0.000000e+00   2.190017e+02   1.706957e-07   1.073254e-01
6.590000e+01   -3.107549e+01   -0.000000e+00   -0.000000e+00   2.184554e+02   1.685479e-07   1.057106e-01
6.600000e+01   -3.304474e+01   -0.000000e+00   -0.000000e+00   2.179154e+02   1.664210e-07   1.041186e-01
6.610000e+01   -3.545491e+01   -0.000000e+00   -0.000000e+00   2.173821e+02   1.643148e-07   1.025493e-01
6.620000e+01   -3.795630e+01   -0.000000e+00   -0.000000e+00   2.168551e+02   1.622292e-07   1.010022e-01
6.630000e+01   -4.014073e+01   -0.000000e+00   -0.000000e+00   2.163339e+02   1.601646e-07   9.947713e-02
6.640000e+01   -4.159997e+01   -0.000000e+00   -0.000000e+00   2.158180e+02   1.581209e-07   9.797364e-02
6.650000e+01   -4.216598e+01   -0.000000e+00   -0.000000e+00   2.153070e+02   1.560983e-07   9.649142e-02
6.660000e+01   -4.259953e+01   -0.000000e+00   -0.000000e+00   2.148003e+02   1.540970e-07   9.503013e-02
6.670000e+01   -4.301357e+01   -0.000000e+00   -0.000000e+00   2.142976e+02   1.521168e-07   9.358944e-02
6.680000e+01   -4.342567e+01   -0.000000e+00   -0.000000e+00   2.137982e+02   1.501580e-07   9.216901e-02
6.690000e+01   -4.385339e+01   -0.000000e+00   -0.000000e+00   2.133018e+02   1.482205e-07   9.076850e-02
6.700000e+01   -4.432561e+01   -0.000000e+00   -0.000000e+00   2.128079e+02   1.463043e-07   8.938757e-02
6.710000e+01   -4.487706e+01   -0.000000e+00   -0.000000e+00   2.123159e+02   1.444094e-07   8.802588e-02
6.720000e+01   -4.544858e+01   -0.000000e+00   -0.000000e+00   2.118254e+02   1.425358e-07   8.668309e-02
6.730000e+01   -4.597166e+01   -0.000000e+00   -0.000000e+00   2.113359e+02   1.406835e-07   8.535887e-02
6.740000e+01   -4.637783e+01   -0.000000e+00   -0.000000e+00   2.108469e+02   1.388523e-07   8.405288e-02
6.750000e+01   -4.626670e+01   -0.000000e+00   -0.000000e+00   2.103580e+02   1.370421e-07   8.276477e-02
6.760000e+01   -4.417928e+01   -0.000000e+00   -0.000000e+00   2.098686e+02   1.352530e-07   8.149422e-02
6.770000e+01   -4.067146e+01   -0.000000e+00   -0.000000e+00   2.093784e+02   1.334847e-07   8.024088e-02
6.780000e+01   -3.658632e+01   -0.000000e+00   -0.000000e+00   2.088867e+02   1.317371e-07   7.900441e-02
6.790000e+01   -3.276695e+01   -0.000000e+00   -0.000000e+00   2.083931e+02   1.300101e-07   7.778448e-02
6.800000e+01   -2.983034e+01   -0.000000e+00   -0.000000e+00   2.078975e+02   1.283034e-07   7.658077e-02
6.810000e+01   -2.699763e+01   -0.000000e+00   -0.000000e+00   2.074008e+02   1.266160e-07   7.539303e-02
6.820000e+01   -2.421489e+01   -0.000000e+00   -0.000000e+00   2.069046e+02   1.249467e-07   7.422106e-02
6.830000e+01   -2.162594e+01   -0.000000e+00   -0.000000e+00   2.064104e+02   1.232944e-07   7.306467e-02
6.840000e+01   -1.937460e+01   -0.000000e+00   -0.000000e+00   2.059198e+02   1.216581e-07   7.192363e-02
6.850000e+01   -1.752920e+01   -0.000000e+00   -0.000000e+00   2.054342e+02   1.200368e-07   7.079774e-02
6.860000e+01   -1.571940e+01   -0.000000e+00   -0.000000e+00   2.049552e+02   1.184293e-07   6.968681e-02
6.870000e+01   -1.400385e+01   -0.000000e+00   -0.000000e+00   2.044843e+02   1.168348e-07   6.859062e-02
6.880000e+01   -1.254046e+01   -0.000000e+00   -0.000000e+00   2.040231e+02   1.152523e-07   6.750896e-02
6.890000e+01   -1.148715e+01   -0.000000e+00   -0.000000e+00   2.035730e+02   1.136810e-07   6.644163e-02
6.900000e+01   -1.102275e+01   -0.000000e+00   -0.000000e+00   2.031356e+02   1.121199e-07   6.538842e-02
6.910000e+01   -1.131562e+01   -0.000000e+00   -0.000000e+00   2.027123e+02   1.105682e-07   6.434913e-02
6.920000e+01   -1.212918e+01   -0.000000e+00   -0.000000e+00   2.023048e+02   1.090252e-07   6.332355e-02
6.930000e+01   -1.316676e+01   -0.000000e+00   -0.000000e+00   2.019145e+02   1.074900e-07   6.231148e-02
6.940000e+01   -1.413169e+01   -0.000000e+00   -0.000000e+00   2.015430e+02   1.059621e-07   6.131270e-02
6.950000e+01   -1.479663e+01   -0.000000e+00   -0.000000e+00   2.011918e+02   1.044406e-07   6.032702e-02
6.960000e+01   -1.553819e+01   -0.000000e+00   -0.000000e+00   2.008624e+02   1.029250e-07   5.935422e-02
6.970000e+01   -1.630706e+01   -0.000000e+00   -0.000000e+00   2.005562e+02   1.014146e-07   5.839410e-02
6.980000e+01   -1.690374e+01   -0.000000e+00   -0.000000e+00   2.002750e+02   9.990890e-08   5.744646e-02
6.990000e+01   -1.712871e+01   -0.000000e+00   -0.000000e+00   2.000201e+02   9.840737e-08   5.651108e-02
7.000000e+01   -1.682978e+01   -0.000000e+00   -0.000000e+00   1.997916e+02   9.691033e-08   5.558781e-02
7.010000e+01   -1.640737e+01   -0.000000e+00   -0.000000e+00   1.995870e+02   9.541943e-08   5.467659e-02
7.020000e+01   -1.599362e+01   -0.000000e+00   -0.000000e+00   1.994037e+02   9.393637e-08   5.377735e-02
7.030000e+01   -1.558550e+01   -0.000000e+00   -0.000000e+00   1.992391e+02   9.246277e-08   5.289003e-02
7.040000e+01   -1.517996e+01   -0.000000e+00   -0.000000e+00   1.990904e+02   9.100019e-08   5.201456e-02
7.050000e+01   -1.472942e+01   -0.000000e+00   -0.000000e+00   1.989550e+02   8.955010e-08   5.115089e-02
7.060000e+01   -1.373117e+01   -0.000000e+00   -0.000000e+00   1.988302e+02   8.811388e-08   5.029895e-02
7.070000e+01   -1.225144e+01   -0.000000e+00   -0.000000e+00   1.987133e+02   8.669284e-08   4.945868e-02
7.080000e+01   -1.055436e+01   -0.000000e+00   -0.000000e+00   1.986017e+02   8.528823e-08   4.863003e-02
7.090000e+01   -8.904063e+00   -0.000000e+00   -0.000000e+00   1.984928e+02   8.390121e-08   4.781292e-02
7.100000e+01   -7.532691e+00   -0.000000e+00   -0.000000e+00   1.983837e+02   8.253284e-08   4.700729e-02
7.110000e+01   -6.163533e+00   -0.000000e+00   -0.000000e+00   1.982720e+02   8.118416e-08   4.621309e-02
7.120000e+01   -4.768131e+00   -0.000000e+00   -0.000000e+00   1.981548e+02   7.985610e-08   4.543025e-02
7.130000e+01   -3.481570e+00   -0.000000e+00   -0.000000e+00   1.980296e+02   7.854954e-08   4.465871e-02
7.140000e+01   -2.438939e+00   -0.000000e+00   -0.000000e+00   1.978937e+02   7.726529e-08   4.389841e-02
7.150000e+01   -1.775033e+00   -0.000000e+00   -0.000000e+00   1.977444e+02   7.600412e-08   4.314928e-02
7.160000e+01   -1.530817e+00   -0.000000e+00   -0.000000e+00   1.975790e+02   7.476671e-08   4.241127e-02
7.170000e+01   -1.538255e+00   -0.000000e+00   -0.000000e+00   1.973948e+02   7.355370e-08   4.168431e-02
7.180000e+01   -1.601901e+00   -0.000000e+00   -0.000000e+00   1.971893e+02   7.236570e-08   4.096834e-02
7.190000e+01   -1.526307e+00   -0.000000e+00   -0.000000e+00   1.969597e+02   7.120324e-08   4.026330e-02
7.200000e+01   -1.126138e+00   -0.000000e+00   -0.000000e+00   1.967036e+02   7.006670e-08   3.956912e-02
7.210000e+01   -5.061895e-01   -0.000000e+00   -0.000000e+00   1.964211e+02   6.895549e-08   3.888566e-02
7.220000e+01   2.029462e-01   -0.000000e+00   -0.000000e+00   1.961130e+02   6.786868e-08   3.821274e-02
7.230000e+01   9.481303e-01   -0.000000e+00   -0.000000e+00   1.957802e+02   6.680538e-08   3.755022e-02
7.240000e+01   1.676224e+00   -0.000000e+00   -0.000000e+00   1.954234e+02   6.576470e-08   3.689792e-02
7.250000e+01   2.305896e+00   -0.000000e+00   -0.000000e+00   1.950437e+02   6.474581e-08   3.625567e-02
7.260000e+01   2.021434e+00   -0.000000e+00   -0.000000e+00   1.946418e+02   6.374789e-08   3.562332e-02
7.270000e+01   9.432787e-01   -0.000000e+00   -0.000000e+00   1.942187e+02   6.277015e-08   3.500068e-02
7.280000e+01   -2.824382e-01   -0.000000e+00   -0.000000e+00   1.937752e+02   6.181182e-08   3.438761e-02
7.290000e+01   -1.009585e+00   -0.000000e+00   -0.000000e+00   1.933121e+02   6.087217e-08   3.378393e-02
7.300000e+01   -6.139106e-01   -0.000000e+00   -0.000000e+00   1.928304e+02   5.995048e-08   3.318948e-02
7.310000e+01   3.824183e-01   -0.000000e+00   -0.000000e+00   1.923309e+02   5.904603e-08   3.260409e-02
7.320000e+01   1.447940e+00   -0.000000e+00   -0.000000e+00   1.918145e+02   5.815816e-08   3.202760e-02
7.330000e+01   2.515684e+00   -0.000000e+00   -0.000000e+00   1.912820e+02   5.728620e-08   3.145984e-02
7.340000e+01   3.518680e+00   -0.000000e+00   -0.000000e+00   1.907344e+02   5.642950e-08   3.090064e-02
7.350000e+01   4.390275e+00   -0.000000e+00   -0.000000e+00   1.901724e+02   5.558743e-08   3.034985e-02
7.360000e+01   5.109264e+00   -0.000000e+00   -0.000000e+00   1.895970e+02   5.475938e-08   2.980728e-02
7.370000e+01   5.719896e+00   -0.000000e+00   -0.000000e+00   1.890091e+02   5.394474e-08   2.927279e-02
7.380000e+01   6.267129e+00   -0.000000e+00   -0.000000e+00   1.884094e+02   5.314292e-08   2.874619e-02
7.390000e+01   6.795917e+00   -0.000000e+00   -0.000000e+00   1.877989e+02   5.235335e-08   2.822734e-02
7.400000e+01   7.354744e+00   -0.000000e+00   -0.000000e+00   1.871784e+02   5.157547e-08   2.771605e-02
7.410000e+01   8.346287e+00   -0.000000e+00   -0.000000e+00   1.865489e+02   5.080871e-08   2.721217e-02
7.420000e+01   9.850669e+00   -0.000000e+00   -0.000000e+00   1.859111e+02   5.005253e-08   2.671553e-02
7.430000e+01   1.162330e+01   -0.000000e+00   -0.000000e+00   1.852660e+02   4.930640e-08   2.622596e-02
7.440000e+01   1.342177e+01   -0.000000e+00   -0.000000e+00   1.846141e+02   4.856994e-08   2.574334e-02
7.450000e+01   1.501002e+01   -0.000000e+00   -0.000000e+00   1.839556e+02   4.784299e-08   2.526758e-02
7.460000e+01   1.667623e+01   -0.000000e+00   -0.000000e+00   1.832904e+02   4.712547e-08   2.479863e-02
7.470000e+01   1.852313e+01   -0.000000e+00   -0.000000e+00   1.826185e+02   4.641725e-08   2.433642e-02
7.480000e+01   2.021841e+01   -0.000000e+00   -0.000000e+00   1.819401e+02   4.571825e-08   2.388088e-02
7.490000e+01   2.142972e+01   -0.000000e+00   -0.000000e+00   1.812551e+02   4.502835e-08   2.343196e-02
7.500000e+01   2.182489e+01   -0.000000e+00   -0.000000e+00   1.805635e+02   4.434746e-08   2.298958e-02
7.510000e+01   2.132485e+01   -0.000000e+00   -0.000000e+00   1.798654e+02   4.367547e-08   2.255368e-02
7.520000e+01   2.025477e+01   -0.000000e+00   -0.000000e+00   1.791607e+02   4.301228e-08   2.212420e-02
7.530000e+01   1.891472e+01   -0.000000e+00   -0.000000e+00   1.784496e+02   4.235779e-08   2.170107e-02
7.540000e+01   1.760481e+01   -0.000000e+00   -0.000000e+00   1.777320e+02   4.171191e-08   2.128423e-02
7.550000e+01   1.662514e+01   -0.000000e+00   -0.000000e+00   1.770079e+02   4.107453e-08   2.087362e-02
7.560000e+01   1.593666e+01   -0.000000e+00   -0.000000e+00   1.762775e+02   4.044556e-08   2.046916e-02
7.570000e+01   1.527675e+01   -0.000000e+00   -0.000000e+00   1.755406e+02   3.982489e-08   2.007079e-02
7.580000e+01   1.461009e+01   -0.000000e+00   -0.000000e+00   1.747973e+02   3.921244e-08   1.967846e-02
7.590000e+01   1.390135e+01   -0.000000e+00   -0.000000e+00   1.740477e+02   3.860810e-08   1.929209e-02
7.600000e+01   1.311523e+01   -0.000000e+00   -0.000000e+00   1.732918e+02   3.801178e-08   1.891161e-02
7.610000e+01   1.220564e+01   -0.000000e+00   -0.000000e+00   1.725296e+02   3.742338e-08   1.853698e-02
7.620000e+01   1.119372e+01   -0.000000e+00   -0.000000e+00   1.717610e+02   3.684281e-08   1.816811e-02
7.630000e+01   1.015070e+01   -0.000000e+00   -0.000000e+00   1.709863e+02   3.626998e-08   1.780495e-02
7.640000e+01   9.147873e+00   -0.000000e+00   -0.000000e+00   1.702052e+02   3.570478e-08   1.744744e-02
7.650000e+01   8.256503e+00   -0.000000e+00   -0.000000e+00   1.694180e+02   3.514713e-08   1.709550e-02
7.660000e+01   7.452616e+00   -0.000000e+00   -0.000000e+00   1.686245e+02   3.459692e-08   1.674907e-02
7.670000e+01   6.635467e+00   -0.000000e+00   -0.000000e+00   1.678249e+02   3.405407e-08   1.640808e-02
7.680000e+01   5.797137e+00   -0.000000e+00   -0.000000e+00   1.670192e+02   3.351849e-08   1.607249e-02
7.690000e+01   4.930135e+00   -0.000000e+00   -0.000000e+00   1.662073e+02   3.299007e-08   1.574221e-02
7.700000e+01   4.026971e+00   -0.000000e+00   -0.000000e+00   1.653893e+02   3.246872e-08   1.541718e-02
7.710000e+01   2.948179e+00   -0.000000e+00   -0.000000e+00   1.645652e+02   3.195435e-08   1.509734e-02
7.720000e+01   1.568302e+00   -0.000000e+00   -0.000000e+00   1.637352e+02   3.144685e-08   1.478263e-02
7.730000e+01   2.539006e-03   -0.000000e+00   -0.000000e+00   1.629007e+02   3.094589e-08   1.447299e-02
7.740000e+01   -1.631413e+00   -0.000000e+00   -0.000000e+00   1.620639e+02   3.045101e-08   1.416839e-02
7.750000e+01   -3.215845e+00   -0.000000e+00   -0.000000e+00   1.612271e+02   2.996179e-08   1.386877e-02
7.760000e+01   -4.787755e+00   -0.000000e+00   -0.000000e+00   1.603924e+02   2.947781e-08   1.357411e-02
7.770000e+01   -6.470665e+00   -0.000000e+00   -0.000000e+00   1.595621e+02   2.899867e-08   1.328434e-02
7.780000e+01   -8.129347e+00   -0.000000e+00   -0.000000e+00   1.587383e+02   2.852401e-08   1.299944e-02
7.790000e+01   -9.624845e+00   -0.000000e+00   -0.000000e+00   1.579234e+02   2.805346e-08   1.271936e-02
7.800000e+01   -1.081821e+01   -0.000000e+00   -0.000000e+00   1.571196e+02   2.758668e-08   1.244406e-02
7.810000e+01   -1.151021e+01   -0.000000e+00   -0.000000e+00   1.563290e+02   2.712335e-08   1.217349e-02
7.820000e+01   -1.169185e+01   -0.000000e+00   -0.000000e+00   1.555538e+02   2.666316e-08   1.190761e-02
7.830000e+01   -1.164963e+01   -0.000000e+00   -0.000000e+00   1.547964e+02   2.620583e-08   1.164639e-02
7.840000e+01   -1.167449e+01   -0.000000e+00   -0.000000e+00   1.540589e+02   2.575109e-08   1.138977e-02
7.850000e+01   -1.205736e+01   -0.000000e+00   -0.000000e+00   1.533436e+02   2.529868e-08   1.113771e-02
7.860000e+01   -1.292442e+01   -0.000000e+00   -0.000000e+00   1.526527e+02   2.484839e-08   1.089018e-02
7.870000e+01   -1.401884e+01   -0.000000e+00   -0.000000e+00   1.519883e+02   2.440000e-08   1.064712e-02
7.880000e+01   -1.523866e+01   -0.000000e+00   -0.000000e+00   1.513527e+02   2.395332e-08   1.040851e-02
7.890000e+01   -1.648964e+01   -0.000000e+00   -0.000000e+00   1.507482e+02   2.350819e-08   1.017428e-02
7.900000e+01   -1.767756e+01   -0.000000e+00   -0.000000e+00   1.501770e+02   2.306446e-08   9.944412e-03
7.910000e+01   -1.883061e+01   -0.000000e+00   -0.000000e+00   1.496412e+02   2.262201e-08   9.718850e-03
7.920000e+01   -2.009927e+01   -0.000000e+00   -0.000000e+00   1.491432e+02   2.218074e-08   9.497554e-03
7.930000e+01   -2.132815e+01   -0.000000e+00   -0.000000e+00   1.486850e+02   2.174057e-08   9.280482e-03
7.940000e+01   -2.234985e+01   -0.000000e+00   -0.000000e+00   1.482690e+02   2.130145e-08   9.067592e-03
7.950000e+01   -2.299849e+01   -0.000000e+00   -0.000000e+00   1.478965e+02   2.086346e-08   8.858837e-03
7.960000e+01   -2.326180e+01   -0.000000e+00   -0.000000e+00   1.475656e+02   2.042713e-08   8.654161e-03
7.970000e+01   -2.344576e+01   -0.000000e+00   -0.000000e+00   1.472739e+02   1.999304e-08   8.453504e-03
7.980000e+01   -2.357245e+01   -0.000000e+00   -0.000000e+00   1.470186e+02   1.956174e-08   8.256807e-03
7.990000e+01   -2.364628e+01   -0.000000e+00   -0.000000e+00   1.467974e+02   1.913376e-08   8.064008e-03
8.000000e+01   -2.367167e+01   -0.000000e+00   -0.000000e+00   1.466076e+02   1.870960e-08   7.875049e-03
8.010000e+01   -2.354264e+01   -0.000000e+00   -0.000000e+00   1.464466e+02   1.828973e-08   7.689870e-03
8.020000e+01   -2.303977e+01   -0.000000e+00   -0.000000e+00   1.463120e+02   1.787457e-08   7.508412e-03
8.030000e+01   -2.234372e+01   -0.000000e+00   -0.000000e+00   1.462012e+02   1.746454e-08   7.330614e-03
8.040000e+01   -2.165845e+01   -0.000000e+00   -0.000000e+00   1.461116e+02   1.705998e-08   7.156416e-03
8.050000e+01   -2.118789e+01   -0.000000e+00   -0.000000e+00   1.460407e+02   1.666124e-08   6.985760e-03
8.060000e+01   -2.104523e+01   -0.000000e+00   -0.000000e+00   1.459859e+02   1.626863e-08   6.818585e-03
8.070000e+01   -2.102981e+01   -0.000000e+00   -0.000000e+00   1.459447e+02   1.588241e-08   6.654832e-03
8.080000e+01   -2.109034e+01   -0.000000e+00   -0.000000e+00   1.459145e+02   1.550283e-08   6.494440e-03
8.090000e+01   -2.119292e+01   -0.000000e+00   -0.000000e+00   1.458933e+02   1.513007e-08   6.337363e-03
8.100000e+01   -2.130248e+01   -0.000000e+00   -0.000000e+00   1.458797e+02   1.476426e-08   6.183566e-03
8.110000e+01   -2.143571e+01   -0.000000e+00   -0.000000e+00   1.458724e+02   1.440552e-08   6.033016e-03
8.120000e+01   -2.171187e+01   -0.000000e+00   -0.000000e+00   1.458700e+02   1.405395e-08   5.885682e-03
8.130000e+01   -2.203647e+01   -0.000000e+00   -0.000000e+00   1.458711e+02   1.370963e-08   5.741530e-03
8.140000e+01   -2.229592e+01   -0.000000e+00   -0.000000e+00   1.458745e+02   1.337264e-08   5.600528e-03
8.150000e+01   -2.237658e+01   -0.000000e+00   -0.000000e+00   1.458788e+02   1.304302e-08   5.462644e-03
8.160000e+01   -2.195749e+01   -0.000000e+00   -0.000000e+00   1.458826e+02   1.272084e-08   5.327845e-03
8.170000e+01   -2.033314e+01   -0.000000e+00   -0.000000e+00   1.458846e+02   1.240610e-08   5.196098e-03
8.180000e+01   -1.789234e+01   -0.000000e+00   -0.000000e+00   1.458835e+02   1.209885e-08   5.067371e-03
8.190000e+01   -1.513235e+01   -0.000000e+00   -0.000000e+00   1.458779e+02   1.179909e-08   4.941632e-03
8.200000e+01   -1.255044e+01   -0.000000e+00   -0.000000e+00   1.458665e+02   1.150682e-08   4.818847e-03
8.210000e+01   -1.040206e+01   -0.000000e+00   -0.000000e+00   1.458479e+02   1.122204e-08   4.698985e-03
8.220000e+01   -8.017964e+00   -0.000000e+00   -0.000000e+00   1.458207e+02   1.094472e-08   4.582013e-03
8.230000e+01   -5.650428e+00   -0.000000e+00   -0.000000e+00   1.457838e+02   1.067485e-08   4.467898e-03
8.240000e+01   -3.689780e+00   -0.000000e+00   -0.000000e+00   1.457356e+02   1.041239e-08   4.356608e-03
8.250000e+01   -2.526346e+00   -0.000000e+00   -0.000000e+00   1.456748e+02   1.015731e-08   4.248110e-03
8.260000e+01   -2.351947e+00   -0.000000e+00   -0.000000e+00   1.456002e+02   9.909565e-09   4.142371e-03
8.270000e+01   -2.359676e+00   -0.000000e+00   -0.000000e+00   1.455104e+02   9.669103e-09   4.039360e-03
8.280000e+01   -2.414023e+00   0.000000e+00   0.000000e+00   1.454041e+02   9.435868e-09   3.939043e-03
8.290000e+01   -2.514380e+00   0.000000e+00   0.000000e+00   1.452823e+02   9.209628e-09   3.841380e-03
8.300000e+01   -2.656178e+00   0.000000e+00   0.000000e+00   1.451496e+02   8.989934e-09   3.746319e-03
8.310000e+01   -2.891829e+00   0.000000e+00   0.000000e+00   1.450105e+02   8.776353e-09   3.653810e-03
8.320000e+01   -3.512383e+00   0.000000e+00   0.000000e+00   1.448695e+02   8.568479e-09   3.563798e-03
8.330000e+01   -4.448565e+00   0.000000e+00   0.000000e+00   1.447313e+02   8.365930e-09   3.476234e-03
8.340000e+01   -5.568558e+00   0.000000e+00   0.000000e+00   1.446004e+02   8.168349e-09   3.391065e-03
8.350000e+01   -6.740547e+00   0.000000e+00   0.000000e+00   1.444814e+02   7.975403e-09   3.308239e-03
8.360000e+01   -7.869010e+00   0.000000e+00   0.000000e+00   1.443788e+02   7.786778e-09   3.227704e-03
8.370000e+01   -9.103492e+00   0.000000e+00   0.000000e+00   1.442974e+02   7.602181e-09   3.149408e-03
8.380000e+01   -1.044390e+01   0.000000e+00   0.000000e+00   1.442415e+02   7.421340e-09   3.073300e-03
8.390000e+01   -1.184695e+01   0.000000e+00   0.000000e+00   1.442159e+02   7.243998e-09   2.999327e-03
8.400000e+01   -1.326934e+01   0.000000e+00   0.000000e+00   1.442251e+02   7.069921e-09   2.927439e-03
8.410000e+01   -1.469466e+01   0.000000e+00   0.000000e+00   1.442737e+02   6.898889e-09   2.857581e-03
8.420000e+01   -1.626020e+01   0.000000e+00   0.000000e+00   1.443662e+02   6.730701e-09   2.789704e-03
8.430000e+01   -1.787734e+01   0.000000e+00   0.000000e+00   1.445073e+02   6.565170e-09   2.723755e-03
8.440000e+01   -1.940632e+01   0.000000e+00   0.000000e+00   1.447015e+02   6.402129e-09   2.659682e-03
8.450000e+01   -2.070739e+01   0.000000e+00   0.000000e+00   1.449533e+02   6.241425e-09   2.597433e-03
8.460000e+01   -2.166260e+01   0.000000e+00   0.000000e+00   1.452675e+02   6.082920e-09   2.536956e-03
8.470000e+01   -2.238847e+01   0.000000e+00   0.000000e+00   1.456486e+02   5.926494e-09   2.478200e-03
8.480000e+01   -2.295086e+01   0.000000e+00   0.000000e+00   1.461010e+02   5.772041e-09   2.421113e-03
8.490000e+01   -2.337721e+01   0.000000e+00   0.000000e+00   1.466290e+02   5.619491e-09   2.365643e-03
8.500000e+01   -2.370148e+01   0.000000e+00   0.000000e+00   1.472309e+02   5.469008e-09   2.311745e-03
8.510000e+01   -2.397099e+01   0.000000e+00   0.000000e+00   1.479020e+02   5.320868e-09   2.259378e-03
8.520000e+01   -2.427936e+01   0.000000e+00   0.000000e+00   1.486376e+02   5.175315e-09   2.208502e-03
8.530000e+01   -2.454843e+01   0.000000e+00   0.000000e+00   1.494328e+02   5.032565e-09   2.159074e-03
8.540000e+01   -2.466124e+01   0.000000e+00   0.000000e+00   1.502828e+02   4.892803e-09   2.111055e-03
8.550000e+01   -2.450081e+01   0.000000e+00   0.000000e+00   1.511830e+02   4.756187e-09   2.064402e-03
8.560000e+01   -2.389918e+01   0.000000e+00   0.000000e+00   1.521284e+02   4.622847e-09   2.019074e-03
8.570000e+01   -2.228215e+01   0.000000e+00   0.000000e+00   1.531144e+02   4.492889e-09   1.975031e-03
8.580000e+01   -1.997102e+01   0.000000e+00   0.000000e+00   1.541360e+02   4.366391e-09   1.932231e-03
8.590000e+01   -1.754244e+01   0.000000e+00   0.000000e+00   1.551886e+02   4.243412e-09   1.890634e-03
8.600000e+01   -1.557304e+01   0.000000e+00   0.000000e+00   1.562673e+02   4.123988e-09   1.850197e-03
8.610000e+01   -1.459248e+01   0.000000e+00   0.000000e+00   1.573675e+02   4.008136e-09   1.810880e-03
8.620000e+01   -1.424154e+01   0.000000e+00   0.000000e+00   1.584842e+02   3.895856e-09   1.772642e-03
8.630000e+01   -1.420628e+01   0.000000e+00   0.000000e+00   1.596126e+02   3.787131e-09   1.735442e-03
8.640000e+01   -1.437206e+01   0.000000e+00   0.000000e+00   1.607481e+02   3.681932e-09   1.699237e-03
8.650000e+01   -1.462424e+01   0.000000e+00   0.000000e+00   1.618859e+02   3.580215e-09   1.663989e-03
8.660000e+01   -1.485880e+01   0.000000e+00   0.000000e+00   1.630210e+02   3.481925e-09   1.629654e-03
8.670000e+01   -1.519190e+01   0.000000e+00   0.000000e+00   1.641489e+02   3.386999e-09   1.596193e-03
8.680000e+01   -1.566833e+01   0.000000e+00   0.000000e+00   1.652646e+02   3.295363e-09   1.563563e-03
8.690000e+01   -1.626047e+01   0.000000e+00   0.000000e+00   1.663633e+02   3.206938e-09   1.531724e-03
8.700000e+01   -1.694068e+01   0.000000e+00   0.000000e+00   1.674404e+02   3.121636e-09   1.500635e-03
8.710000e+01   -1.768307e+01   0.000000e+00   0.000000e+00   1.684910e+02   3.039368e-09   1.470254e-03
8.720000e+01   -1.851121e+01   0.000000e+00   0.000000e+00   1.695105e+02   2.960034e-09   1.440541e-03
8.730000e+01   -1.944247e+01   0.000000e+00   0.000000e+00   1.704972e+02   2.883519e-09   1.411473e-03
8.740000e+01   -2.047575e+01   0.000000e+00   0.000000e+00   1.714515e+02   2.809697e-09   1.383035e-03
8.750000e+01   -2.160984e+01   0.000000e+00   0.000000e+00   1.723737e+02   2.738450e-09   1.355214e-03
8.760000e+01   -2.285543e+01   0.000000e+00   0.000000e+00   1.732643e+02   2.669663e-09   1.328000e-03
8.770000e+01   -2.451460e+01   0.000000e+00   0.000000e+00   1.741238e+02   2.603231e-09   1.301377e-03
8.780000e+01   -2.644940e+01   0.000000e+00   0.000000e+00   1.749526e+02   2.539051e-09   1.275334e-03
8.790000e+01   -2.829337e+01   0.000000e+00   0.000000e+00   1.757511e+02   2.477026e-09   1.249858e-03
8.800000e+01   -2.968002e+01   0.000000e+00   0.000000e+00   1.765197e+02   2.417064e-09   1.224937e-03
8.810000e+01   -3.023932e+01   0.000000e+00   0.000000e+00   1.772590e+02   2.359077e-09   1.200557e-03
8.820000e+01   -2.965726e+01   0.000000e+00   0.000000e+00   1.779693e+02   2.302981e-09   1.176706e-03
8.830000e+01   -2.832189e+01   0.000000e+00   0.000000e+00   1.786511e+02   2.248696e-09   1.153370e-03
8.840000e+01   -2.682077e+01   0.000000e+00   0.000000e+00   1.793048e+02   2.196145e-09   1.130538e-03
8.850000e+01   -2.574147e+01   0.000000e+00   0.000000e+00   1.799308e+02   2.145255e-09   1.108197e-03
8.860000e+01   -2.566508e+01   0.000000e+00   0.000000e+00   1.805297e+02   2.095956e-09   1.086333e-03
8.870000e+01   -2.653646e+01   0.000000e+00   0.000000e+00   1.811017e+02   2.048179e-09   1.064935e-03
8.880000e+01   -2.787687e+01   0.000000e+00   0.000000e+00   1.816474e+02   2.001862e-09   1.043988e-03
8.890000e+01   -2.936795e+01   0.000000e+00   0.000000e+00   1.821672e+02   1.956940e-09   1.023482e-03
8.900000e+01   -3.069132e+01   0.000000e+00   0.000000e+00   1.826616e+02   1.913354e-09   1.003402e-03
8.910000e+01   -3.153006e+01   0.000000e+00   0.000000e+00   1.831309e+02   1.871047e-09   9.837362e-04
8.920000e+01   -3.182059e+01   0.000000e+00   0.000000e+00   1.835756e+02   1.829963e-09   9.644718e-04
8.930000e+01   -3.172948e+01   0.000000e+00   0.000000e+00   1.839961e+02   1.790048e-09   9.455962e-04
8.940000e+01   -3.136509e+01   0.000000e+00   0.000000e+00   1.843929e+02   1.751251e-09   9.270964e-04
8.950000e+01   -3.083579e+01   0.000000e+00   0.000000e+00   1.847665e+02   1.713520e-09   9.089598e-04
8.960000e+01   -3.024822e+01   0.000000e+00   0.000000e+00   1.851171e+02   1.676808e-09   8.911736e-04
8.970000e+01   -2.929358e+01   0.000000e+00   0.000000e+00   1.854455e+02   1.641067e-09   8.737254e-04
8.980000e+01   -2.782188e+01   0.000000e+00   0.000000e+00   1.857526e+02   1.606256e-09   8.566075e-04
8.990000e+01   -2.603320e+01   0.000000e+00   0.000000e+00   1.860400e+02   1.572334e-09   8.398151e-04
9.000000e+01   -2.412764e+01   0.000000e+00   0.000000e+00   1.863095e+02   1.539266e-09   8.233438e-04
9.010000e+01   -2.230513e+01   0.000000e+00   0.000000e+00   1.865626e+02   1.507017e-09   8.071891e-04
9.020000e+01   -2.056275e+01   0.000000e+00   0.000000e+00   1.868010e+02   1.475554e-09   7.913465e-04
9.030000e+01   -1.876498e+01   0.000000e+00   0.000000e+00   1.870262e+02   1.444846e-09   7.758115e-04
9.040000e+01   -1.688318e+01   0.000000e+00   0.000000e+00   1.872399e+02   1.414862e-09   7.605796e-04
9.050000e+01   -1.488873e+01   0.000000e+00   0.000000e+00   1.874436e+02   1.385574e-09   7.456462e-04
9.060000e+01   -1.275299e+01   0.000000e+00   0.000000e+00   1.876391e+02   1.356956e-09   7.310070e-04
9.070000e+01   -1.022841e+01   0.000000e+00   0.000000e+00   1.878280e+02   1.328981e-09   7.166574e-04
9.080000e+01   -7.313819e+00   0.000000e+00   0.000000e+00   1.880118e+02   1.301626e-09   7.025928e-04
9.090000e+01   -4.350108e+00   0.000000e+00   0.000000e+00   1.881922e+02   1.274867e-09   6.888089e-04
9.100000e+01   -1.678188e+00   0.000000e+00   0.000000e+00   1.883708e+02   1.248681e-09   6.753010e-04
9.110000e+01   3.610380e-01   0.000000e+00   0.000000e+00   1.885491e+02   1.223048e-09   6.620647e-04
9.120000e+01   1.967220e+00   0.000000e+00   0.000000e+00   1.887290e+02   1.197947e-09   6.490955e-04
9.130000e+01   3.507090e+00   0.000000e+00   0.000000e+00   1.889119e+02   1.173359e-09   6.363889e-04
9.140000e+01   4.782894e+00   0.000000e+00   0.000000e+00   1.890994e+02   1.149266e-09   6.239403e-04
9.150000e+01   5.596259e+00   0.000000e+00   0.000000e+00   1.892933e+02   1.125649e-09   6.117454e-04
9.160000e+01   5.748813e+00   0.000000e+00   0.000000e+00   1.894951e+02   1.102493e-09   5.997995e-04
9.170000e+01   5.434927e+00   0.000000e+00   0.000000e+00   1.897064e+02   1.079781e-09   5.880982e-04
9.180000e+01   5.082510e+00   0.000000e+00   0.000000e+00   1.899288e+02   1.057497e-09   5.766370e-04
9.190000e+01   4.686594e+00   0.000000e+00   0.000000e+00   1.901641e+02   1.035628e-09   5.654113e-04
9.200000e+01   4.240352e+00   0.000000e+00   0.000000e+00   1.904137e+02   1.014158e-09   5.544167e-04
9.210000e+01   3.736956e+00   0.000000e+00   0.000000e+00   1.906793e+02   9.930759e-10   5.436487e-04
9.220000e+01   2.443347e+00   0.000000e+00   0.000000e+00   1.909626e+02   9.723673e-10   5.331028e-04
9.230000e+01   -2.950935e-01   0.000000e+00   0.000000e+00   1.912641e+02   9.520261e-10   5.227749e-04
9.240000e+01   -3.814165e+00   0.000000e+00   0.000000e+00   1.915831e+02   9.320542e-10   5.126615e-04
9.250000e+01   -7.439647e+00   0.000000e+00   0.000000e+00   1.919187e+02   9.124534e-10   5.027594e-04
9.260000e+01   -1.049732e+01   0.000000e+00   0.000000e+00   1.922698e+02   8.932252e-10   4.930653e-04
9.270000e+01   -1.299586e+01   0.000000e+00   0.000000e+00   1.926356e+02   8.743705e-10   4.835756e-04
9.280000e+01   -1.559084e+01   0.000000e+00   0.000000e+00   1.930151e+02   8.558895e-10   4.742871e-04
9.290000e+01   -1.798567e+01   0.000000e+00   0.000000e+00   1.934074e+02   8.377820e-10   4.651965e-04
9.300000e+01   -1.986865e+01   0.000000e+00   0.000000e+00   1.938115e+02   8.200473e-10   4.563004e-04
9.310000e+01   -2.092808e+01   0.000000e+00   0.000000e+00   1.942265e+02   8.026841e-10   4.475953e-04
9.320000e+01   -2.118006e+01   0.000000e+00   0.000000e+00   1.946515e+02   7.856907e-10   4.390781e-04
9.330000e+01   -2.112595e+01   0.000000e+00   0.000000e+00   1.950855e+02   7.690652e-10   4.307453e-04
9.340000e+01   -2.084012e+01   0.000000e+00   0.000000e+00   1.955276e+02   7.528049e-10   4.225936e-04
9.350000e+01   -2.038558e+01   0.000000e+00   0.000000e+00   1.959768e+02   7.369071e-10   4.146196e-04
9.360000e+01   -1.982533e+01   0.000000e+00   0.000000e+00   1.964323e+02   7.213683e-10   4.068200e-04
9.370000e+01   -1.889586e+01   0.000000e+00   0.000000e+00   1.968930e+02   7.061852e-10   3.991914e-04
9.380000e+01   -1.719047e+01   0.000000e+00   0.000000e+00   1.973580e+02   6.913537e-10   3.917304e-04
9.390000e+01   -1.512655e+01   0.000000e+00   0.000000e+00   1.978264e+02   6.768696e-10   3.844338e-04
9.400000e+01   -1.314439e+01   0.000000e+00   0.000000e+00   1.982972e+02   6.627286e-10   3.772982e-04
9.410000e+01   -1.168428e+01   0.000000e+00   0.000000e+00   1.987696e+02   6.489258e-10   3.703202e-04
9.420000e+01   -1.092581e+01   0.000000e+00   0.000000e+00   1.992425e+02   6.354564e-10   3.634964e-04
9.430000e+01   -1.041416e+01   0.000000e+00   0.000000e+00   1.997151e+02   6.223151e-10   3.568235e-04
9.440000e+01   -1.000753e+01   0.000000e+00   0.000000e+00   2.001863e+02   6.094966e-10   3.502983e-04
9.450000e+01   -9.583192e+00   0.000000e+00   0.000000e+00   2.006553e+02   5.969953e-10   3.439172e-04
9.460000e+01   -9.018396e+00   0.000000e+00   0.000000e+00   2.011211e+02   5.848055e-10   3.376770e-04
9.470000e+01   -8.220297e+00   0.000000e+00   0.000000e+00   2.015828e+02   5.729214e-10   3.315742e-04
9.480000e+01   -7.226860e+00   0.000000e+00   0.000000e+00   2.020394e+02   5.613370e-10   3.256057e-04
9.490000e+01   -6.083877e+00   0.000000e+00   0.000000e+00   2.024902e+02   5.500458e-10   3.197681e-04
9.500000e+01   -4.835386e+00   0.000000e+00   0.000000e+00   2.029353e+02   5.390399e-10   3.140588e-04
9.510000e+01   -3.525493e+00   0.000000e+00   0.000000e+00   2.033753e+02   5.283114e-10   3.084755e-04
9.520000e+01   -2.095128e+00   0.000000e+00   0.000000e+00   2.038105e+02   5.178524e-10   3.030156e-04
9.530000e+01   -3.736785e-01   0.000000e+00   0.000000e+00   2.042414e+02   5.076552e-10   2.976768e-04
9.540000e+01   1.441360e+00   0.000000e+00   0.000000e+00   2.046684e+02   4.977124e-10   2.924567e-04
9.550000e+01   3.130917e+00   0.000000e+00   0.000000e+00   2.050919e+02   4.880167e-10   2.873528e-04
9.560000e+01   4.475921e+00   0.000000e+00   0.000000e+00   2.055123e+02   4.785609e-10   2.823627e-04
9.570000e+01   5.416489e+00   0.000000e+00   0.000000e+00   2.059301e+02   4.693381e-10   2.774840e-04
9.580000e+01   6.306266e+00   0.000000e+00   0.000000e+00   2.063457e+02   4.603415e-10   2.727143e-04
9.590000e+01   7.083336e+00   0.000000e+00   0.000000e+00   2.067595e+02   4.515644e-10   2.680510e-04
9.600000e+01   7.648203e+00   0.000000e+00   0.000000e+00   2.071720e+02   4.430002e-10   2.634919e-04
9.610000e+01   7.901368e+00   0.000000e+00   0.000000e+00   2.075835e+02   4.346426e-10   2.590345e-04
9.620000e+01   7.832525e+00   0.000000e+00   0.000000e+00   2.079946e+02   4.264853e-10   2.546763e-04
9.630000e+01   7.712256e+00   0.000000e+00   0.000000e+00   2.084056e+02   4.185222e-10   2.504149e-04
9.640000e+01   7.568699e+00   0.000000e+00   0.000000e+00   2.088169e+02   4.107471e-10   2.462479e-04
9.650000e+01   7.402339e+00   0.000000e+00   0.000000e+00   2.092291e+02   4.031542e-10   2.421730e-04
9.660000e+01   7.213660e+00   0.000000e+00   0.000000e+00   2.096425e+02   3.957377e-10   2.381875e-04
9.670000e+01   6.907146e+00   0.000000e+00   0.000000e+00   2.100575e+02   3.884918e-10   2.342893e-04
9.680000e+01   6.159933e+00   0.000000e+00   0.000000e+00   2.104746e+02   3.814109e-10   2.304757e-04
9.690000e+01   5.092545e+00   0.000000e+00   0.000000e+00   2.108942e+02   3.744895e-10   2.267444e-04
9.700000e+01   3.872627e+00   0.000000e+00   0.000000e+00   2.113167e+02   3.677220e-10   2.230929e-04
9.710000e+01   2.667825e+00   0.000000e+00   0.000000e+00   2.117426e+02   3.611033e-10   2.195189e-04
9.720000e+01   1.581385e+00   0.000000e+00   0.000000e+00   2.121722e+02   3.546279e-10   2.160199e-04
9.730000e+01   4.363015e-01   0.000000e+00   0.000000e+00   2.126061e+02   3.482907e-10   2.125935e-04
9.740000e+01   -7.454009e-01   0.000000e+00   0.000000e+00   2.130446e+02   3.420866e-10   2.092373e-04
9.750000e+01   -1.907527e+00   0.000000e+00   0.000000e+00   2.134882e+02   3.360106e-10   2.059488e-04
9.760000e+01   -2.993880e+00   0.000000e+00   0.000000e+00   2.139373e+02   3.300575e-10   2.027255e-04
9.770000e+01   -3.991727e+00   0.000000e+00   0.000000e+00   2.143923e+02   3.242227e-10   1.995652e-04
9.780000e+01   -5.050759e+00   0.000000e+00   0.000000e+00   2.148536e+02   3.185012e-10   1.964654e-04
9.790000e+01   -6.090932e+00   0.000000e+00   0.000000e+00   2.153215e+02   3.128894e-10   1.934241e-04
9.800000e+01   -6.995646e+00   0.000000e+00   0.000000e+00   2.157957e+02   3.073858e-10   1.904404e-04
9.810000e+01   -7.648188e+00   0.000000e+00   0.000000e+00   2.162761e+02   3.019891e-10   1.875134e-04
9.820000e+01   -7.856343e+00   0.000000e+00   0.000000e+00   2.167625e+02   2.966978e-10   1.846421e-04
9.830000e+01   -7.263139e+00   0.000000e+00   0.000000e+00   2.172545e+02   2.915104e-10   1.818257e-04
9.840000e+01   -6.220111e+00   0.000000e+00   0.000000e+00   2.177520e+02   2.864255e-10   1.790632e-04
9.850000e+01   -5.177938e+00   0.000000e+00   0.000000e+00   2.182548e+02   2.814417e-10   1.763537e-04
9.860000e+01   -4.587301e+00   0.000000e+00   0.000000e+00   2.187626e+02   2.765574e-10   1.736963e-04
9.870000e+01   -4.801554e+00   0.000000e+00   0.000000e+00   2.192752e+02   2.717710e-10   1.710902e-04
9.880000e+01   -5.424546e+00   0.000000e+00   0.000000e+00   2.197925e+02   2.670811e-10   1.685343e-04
9.890000e+01   -6.308263e+00   0.000000e+00   0.000000e+00   2.203141e+02   2.624861e-10   1.660278e-04
9.900000e+01   -7.408343e+00   0.000000e+00   0.000000e+00   2.208399e+02   2.579843e-10   1.635698e-04
9.910000e+01   -8.680422e+00   0.000000e+00   0.000000e+00   2.213696e+02   2.535743e-10   1.611594e-04
9.920000e+01   -1.026181e+01   0.000000e+00   0.000000e+00   2.219031e+02   2.492543e-10   1.587956e-04
9.930000e+01   -1.334007e+01   0.000000e+00   0.000000e+00   2.224400e+02   2.450229e-10   1.564775e-04
9.940000e+01   -1.759915e+01   0.000000e+00   0.000000e+00   2.229803e+02   2.408783e-10   1.542043e-04
9.950000e+01   -2.237935e+01   0.000000e+00   0.000000e+00   2.235236e+02   2.368189e-10   1.519750e-04
9.960000e+01   -2.702100e+01   0.000000e+00   0.000000e+00   2.240697e+02   2.328431e-10   1.497887e-04
9.970000e+01   -3.096560e+01   0.000000e+00   0.000000e+00   2.246185e+02   2.289493e-10   1.476444e-04
9.980000e+01   -3.469117e+01   0.000000e+00   0.000000e+00   2.251697e+02   2.251357e-10   1.455414e-04
9.990000e+01   -3.834641e+01   0.000000e+00   0.000000e+00   2.257230e+02   2.214008e-10   1.434787e-04
1.000000e+02   -4.188944e+01   0.000000e+00   0.000000e+00   2.262783e+02   2.177429e-10   1.414553e-04
1.001000e+02   -4.527840e+01   0.000000e+00   0.000000e+00   2.268354e+02   2.141602e-10   1.394704e-04
1.002000e+02   -4.847608e+01   0.000000e+00   0.000000e+00   2.273940e+02   2.106513e-10   1.375230e-04
1.003000e+02   -5.151075e+01   0.000000e+00   0.000000e+00   2.279539e+02   2.072143e-10   1.356123e-04
1.004000e+02   -5.441175e+01   0.000000e+00   0.000000e+00   2.285148e+02   2.038476e-10   1.337373e-04
1.005000e+02   -5.719861e+01   0.000000e+00   0.000000e+00   2.290766e+02   2.005497e-10   1.318971e-04
1.006000e+02   -5.989081e+01   0.000000e+00   0.000000e+00   2.296391e+02   1.973187e-10   1.300907e-04
1.007000e+02   -6.251024e+01   0.000000e+00   0.000000e+00   2.302020e+02   1.941531e-10   1.283174e-04
1.008000e+02   -6.508815e+01   0.000000e+00   0.000000e+00   2.307651e+02   1.910512e-10   1.265762e-04
1.009000e+02   -6.759416e+01   0.000000e+00   0.000000e+00   2.313281e+02   1.880113e-10   1.248662e-04
1.010000e+02   -6.998365e+01   0.000000e+00   0.000000e+00   2.318910e+02   1.850318e-10   1.231864e-04
1.011000e+02   -7.221202e+01   0.000000e+00   0.000000e+00   2.324533e+02   1.821111e-10   1.215359e-04
1.012000e+02   -7.426262e+01   0.000000e+00   0.000000e+00   2.330150e+02   1.792476e-10   1.199139e-04
1.013000e+02   -7.645433e+01   0.000000e+00   0.000000e+00   2.335759e+02   1.764395e-10   1.183195e-04
1.014000e+02   -7.864178e+01   0.000000e+00   0.000000e+00   2.341366e+02   1.736853e-10   1.167522e-04
1.015000e+02   -8.050508e+01   0.000000e+00   0.000000e+00   2.346980e+02   1.709835e-10   1.152115e-04
1.016000e+02   -8.172435e+01   0.000000e+00   0.000000e+00   2.352607e+02   1.683324e-10   1.136971e-04
1.017000e+02   -8.201042e+01   0.000000e+00   0.000000e+00   2.358257e+02   1.657307e-10   1.122087e-04
1.018000e+02   -8.175116e+01   0.000000e+00   0.000000e+00   2.363938e+02   1.631768e-10   1.107457e-04
1.019000e+02   -8.122315e+01   0.000000e+00   0.000000e+00   2.369658e+02   1.606695e-10   1.093079e-04
1.020000e+02   -8.050654e+01   0.000000e+00   0.000000e+00   2.375425e+02   1.582074e-10   1.078948e-04
1.021000e+02   -7.968147e+01   0.000000e+00   0.000000e+00   2.381247e+02   1.557892e-10   1.065060e-04
1.022000e+02   -7.881591e+01   0.000000e+00   0.000000e+00   2.387133e+02   1.534136e-10   1.051412e-04
1.023000e+02   -7.769894e+01   0.000000e+00   0.000000e+00   2.393091e+02   1.510795e-10   1.038000e-04
1.024000e+02   -7.632516e+01   0.000000e+00   0.000000e+00   2.399129e+02   1.487857e-10   1.024819e-04
1.025000e+02   -7.482585e+01   0.000000e+00   0.000000e+00   2.405255e+02   1.465310e-10   1.011866e-04
1.026000e+02   -7.333225e+01   0.000000e+00   0.000000e+00   2.411477e+02   1.443143e-10   9.991362e-05
1.027000e+02   -7.197017e+01   0.000000e+00   0.000000e+00   2.417804e+02   1.421345e-10   9.866268e-05
1.028000e+02   -7.066535e+01   0.000000e+00   0.000000e+00   2.424243e+02   1.399906e-10   9.743334e-05
1.029000e+02   -6.936605e+01   0.000000e+00   0.000000e+00   2.430804e+02   1.378817e-10   9.622521e-05
1.030000e+02   -6.809628e+01   0.000000e+00   0.000000e+00   2.437494e+02   1.358066e-10   9.503791e-05
1.031000e+02   -6.688003e+01   0.000000e+00   0.000000e+00   2.444321e+02   1.337645e-10   9.387103e-05
1.032000e+02   -6.574088e+01   0.000000e+00   0.000000e+00   2.451294e+02   1.317544e-10   9.272419e-05
1.033000e+02   -6.467411e+01   0.000000e+00   0.000000e+00   2.458421e+02   1.297755e-10   9.159699e-05
1.034000e+02   -6.365402e+01   0.000000e+00   0.000000e+00   2.465709e+02   1.278268e-10   9.048905e-05
1.035000e+02   -6.265987e+01   0.000000e+00   0.000000e+00   2.473168e+02   1.259074e-10   8.939998e-05
1.036000e+02   -6.167088e+01   0.000000e+00   0.000000e+00   2.480806e+02   1.240167e-10   8.832938e-05
1.037000e+02   -6.066456e+01   0.000000e+00   0.000000e+00   2.488630e+02   1.221537e-10   8.727687e-05
1.038000e+02   -5.953480e+01   0.000000e+00   0.000000e+00   2.496648e+02   1.203176e-10   8.624205e-05
1.039000e+02   -5.832926e+01   0.000000e+00   0.000000e+00   2.504870e+02   1.185078e-10   8.522452e-05
1.040000e+02   -5.718909e+01   0.000000e+00   0.000000e+00   2.513303e+02   1.167235e-10   8.422391e-05
1.041000e+02   -5.625543e+01   0.000000e+00   0.000000e+00   2.521956e+02   1.149638e-10   8.323982e-05
1.042000e+02   -5.566915e+01   0.000000e+00   0.000000e+00   2.530836e+02   1.132283e-10   8.227186e-05
1.043000e+02   -5.547498e+01   0.000000e+00   0.000000e+00   2.539952e+02   1.115161e-10   8.131963e-05
1.044000e+02   -5.551834e+01   0.000000e+00   0.000000e+00   2.549312e+02   1.098266e-10   8.038275e-05
1.045000e+02   -5.562443e+01   0.000000e+00   0.000000e+00   2.558925e+02   1.081591e-10   7.946083e-05
1.046000e+02   -5.561846e+01   0.000000e+00   0.000000e+00   2.568797e+02   1.065131e-10   7.855347e-05
1.047000e+02   -5.532586e+01   0.000000e+00   0.000000e+00   2.578939e+02   1.048879e-10   7.766028e-05
1.048000e+02   -5.467777e+01   0.000000e+00   0.000000e+00   2.589357e+02   1.032830e-10   7.678088e-05
1.049000e+02   -5.377386e+01   0.000000e+00   0.000000e+00   2.600061e+02   1.016977e-10   7.591487e-05
1.050000e+02   -5.271109e+01   0.000000e+00   0.000000e+00   2.611057e+02   1.001315e-10   7.506186e-05
1.051000e+02   -5.158642e+01   0.000000e+00   0.000000e+00   2.622355e+02   9.858381e-11   7.422146e-05
1.052000e+02   -5.049676e+01   0.000000e+00   0.000000e+00   2.633963e+02   9.705418e-11   7.339328e-05
1.053000e+02   -4.945051e+01   0.000000e+00   0.000000e+00   2.645889e+02   9.554206e-11   7.257692e-05
1.054000e+02   -4.838119e+01   0.000000e+00   0.000000e+00   2.658138e+02   9.404714e-11   7.177206e-05
1.055000e+02   -4.726137e+01   0.000000e+00   0.000000e+00   2.670703e+02   9.256971e-11   7.097850e-05
1.056000e+02   -4.606366e+01   0.000000e+00   0.000000e+00   2.683577e+02   9.111016e-11   7.019613e-05
1.057000e+02   -4.476067e+01   0.000000e+00   0.000000e+00   2.696750e+02   8.966885e-11   6.942480e-05
1.058000e+02   -4.319023e+01   0.000000e+00   0.000000e+00   2.710214e+02   8.824610e-11   6.866438e-05
1.059000e+02   -4.133088e+01   0.000000e+00   0.000000e+00   2.723961e+02   8.684219e-11   6.791474e-05
1.060000e+02   -3.936633e+01   0.000000e+00   0.000000e+00   2.737982e+02   8.545736e-11   6.717573e-05
1.061000e+02   -3.748026e+01   0.000000e+00   0.000000e+00   2.752268e+02   8.409184e-11   6.644724e-05
1.062000e+02   -3.585640e+01   0.000000e+00   0.000000e+00   2.766811e+02   8.274579e-11   6.572912e-05
1.063000e+02   -3.440503e+01   0.000000e+00   0.000000e+00   2.781603e+02   8.141938e-11   6.502123e-05
1.064000e+02   -3.295335e+01   0.000000e+00   0.000000e+00   2.796633e+02   8.011271e-11   6.432345e-05
1.065000e+02   -3.161483e+01   0.000000e+00   0.000000e+00   2.811896e+02   7.882589e-11   6.363564e-05
1.066000e+02   -3.050329e+01   0.000000e+00   0.000000e+00   2.827380e+02   7.755897e-11   6.295767e-05
1.067000e+02   -2.973252e+01   0.000000e+00   0.000000e+00   2.843079e+02   7.631199e-11   6.228939e-05
1.068000e+02   -2.928808e+01   0.000000e+00   0.000000e+00   2.858983e+02   7.508497e-11   6.163068e-05
1.069000e+02   -2.899150e+01   0.000000e+00   0.000000e+00   2.875084e+02   7.387789e-11   6.098140e-05
1.070000e+02   -2.875266e+01   0.000000e+00   0.000000e+00   2.891373e+02   7.269072e-11   6.034142e-05
1.071000e+02   -2.848192e+01   0.000000e+00   0.000000e+00   2.907842e+02   7.152341e-11   5.971060e-05
1.072000e+02   -2.808966e+01   0.000000e+00   0.000000e+00   2.924482e+02   7.037588e-11   5.908881e-05
1.073000e+02   -2.745937e+01   0.000000e+00   0.000000e+00   2.941285e+02   6.924804e-11   5.847591e-05
1.074000e+02   -2.655925e+01   0.000000e+00   0.000000e+00   2.958242e+02   6.813978e-11   5.787177e-05
1.075000e+02   -2.546029e+01   0.000000e+00   0.000000e+00   2.975344e+02   6.705097e-11   5.727625e-05
1.076000e+02   -2.423411e+01   0.000000e+00   0.000000e+00   2.992583e+02   6.598146e-11   5.668923e-05
1.077000e+02   -2.295231e+01   0.000000e+00   0.000000e+00   3.009951e+02   6.493111e-11   5.611056e-05
1.078000e+02   -2.147331e+01   0.000000e+00   0.000000e+00   3.027438e+02   6.389975e-11   5.554011e-05
1.079000e+02   -1.958071e+01   0.000000e+00   0.000000e+00   3.045036e+02   6.288718e-11   5.497775e-05
1.080000e+02   -1.744644e+01   0.000000e+00   0.000000e+00   3.062737e+02   6.189322e-11   5.442334e-05
1.081000e+02   -1.524781e+01   0.000000e+00   0.000000e+00   3.080533e+02   6.091766e-11   5.387675e-05
1.082000e+02   -1.316213e+01   0.000000e+00   0.000000e+00   3.098413e+02   5.996029e-11   5.333784e-05
1.083000e+02   -1.115884e+01   0.000000e+00   0.000000e+00   3.116371e+02   5.902089e-11   5.280648e-05
1.084000e+02   -9.035139e+00   0.000000e+00   0.000000e+00   3.134397e+02   5.809922e-11   5.228253e-05
1.085000e+02   -6.964154e+00   0.000000e+00   0.000000e+00   3.152483e+02   5.719505e-11   5.176587e-05
1.086000e+02   -5.127356e+00   0.000000e+00   0.000000e+00   3.170620e+02   5.630814e-11   5.125635e-05
1.087000e+02   -3.706214e+00   0.000000e+00   0.000000e+00   3.188799e+02   5.543823e-11   5.075384e-05
1.088000e+02   -2.754237e+00   0.000000e+00   0.000000e+00   3.207013e+02   5.458507e-11   5.025821e-05
1.089000e+02   -2.027961e+00   0.000000e+00   0.000000e+00   3.225253e+02   5.374841e-11   4.976932e-05
1.090000e+02   -1.404666e+00   0.000000e+00   0.000000e+00   3.243509e+02   5.292797e-11   4.928703e-05
1.091000e+02   -7.676410e-01   0.000000e+00   0.000000e+00   3.261774e+02   5.212349e-11   4.881122e-05
1.092000e+02   -1.765329e-04   0.000000e+00   0.000000e+00   3.280038e+02   5.133471e-11   4.834175e-05
1.093000e+02   1.245425e+00   0.000000e+00   0.000000e+00   3.298294e+02   5.056135e-11   4.787849e-05
1.094000e+02   3.269554e+00   0.000000e+00   0.000000e+00   3.316533e+02   4.980314e-11   4.742129e-05
1.095000e+02   5.543770e+00   0.000000e+00   0.000000e+00   3.334745e+02   4.905980e-11   4.697003e-05
1.096000e+02   7.512134e+00   0.000000e+00   0.000000e+00   3.352924e+02   4.833105e-11   4.652456e-05
1.097000e+02   8.618705e+00   0.000000e+00   0.000000e+00   3.371059e+02   4.761663e-11   4.608477e-05
1.098000e+02   8.738283e+00   0.000000e+00   0.000000e+00   3.389143e+02   4.691626e-11   4.565050e-05
1.099000e+02   8.712055e+00   0.000000e+00   0.000000e+00   3.407167e+02   4.622965e-11   4.522164e-05
1.100000e+02   8.599290e+00   0.000000e+00   0.000000e+00   3.425122e+02   4.555653e-11   4.479804e-05
1.101000e+02   8.408998e+00   0.000000e+00   0.000000e+00   3.442999e+02   4.489662e-11   4.437956e-05
1.102000e+02   8.150190e+00   0.000000e+00   0.000000e+00   3.460791e+02   4.424966e-11   4.396608e-05
1.103000e+02   7.733679e+00   0.000000e+00   0.000000e+00   3.478491e+02   4.361536e-11   4.355748e-05
1.104000e+02   6.928258e+00   0.000000e+00   0.000000e+00   3.496099e+02   4.299343e-11   4.315371e-05
1.105000e+02   5.816721e+00   0.000000e+00   0.000000e+00   3.513613e+02   4.238359e-11   4.275472e-05
1.106000e+02   4.501349e+00   0.000000e+00   0.000000e+00   3.531035e+02   4.178557e-11   4.236046e-05
1.107000e+02   3.084428e+00   0.000000e+00   0.000000e+00   3.548365e+02   4.119908e-11   4.197089e-05
1.108000e+02   1.569402e+00   0.000000e+00   0.000000e+00   3.565602e+02   4.062388e-11   4.158596e-05
1.109000e+02   -2.581607e-01   0.000000e+00   0.000000e+00   3.582748e+02   4.005971e-11   4.120561e-05
1.110000e+02   -2.311133e+00   0.000000e+00   0.000000e+00   3.599801e+02   3.950632e-11   4.082981e-05
1.111000e+02   -4.477501e+00   0.000000e+00   0.000000e+00   3.616762e+02   3.896346e-11   4.045850e-05
1.112000e+02   -6.645247e+00   0.000000e+00   0.000000e+00   3.633631e+02   3.843091e-11   4.009164e-05
1.113000e+02   -8.769940e+00   0.000000e+00   0.000000e+00   3.650408e+02   3.790843e-11   3.972918e-05
1.114000e+02   -1.099743e+01   0.000000e+00   0.000000e+00   3.667093e+02   3.739581e-11   3.937107e-05
1.115000e+02   -1.326280e+01   0.000000e+00   0.000000e+00   3.683687e+02   3.689281e-11   3.901726e-05
1.116000e+02   -1.547905e+01   0.000000e+00   0.000000e+00   3.700189e+02   3.639923e-11   3.866771e-05
1.117000e+02   -1.755920e+01   0.000000e+00   0.000000e+00   3.716600e+02   3.591487e-11   3.832238e-05
1.118000e+02   -1.951897e+01   0.000000e+00   0.000000e+00   3.732919e+02   3.543951e-11   3.798120e-05
1.119000e+02   -2.162356e+01   0.000000e+00   0.000000e+00   3.749147e+02   3.497296e-11   3.764413e-05
1.120000e+02   -2.367154e+01   0.000000e+00   0.000000e+00   3.765284e+02   3.451504e-11   3.731114e-05
1.121000e+02   -2.541142e+01   0.000000e+00   0.000000e+00   3.781330e+02   3.406554e-11   3.698216e-05
1.122000e+02   -2.659171e+01   0.000000e+00   0.000000e+00   3.797285e+02   3.362430e-11   3.665715e-05
1.123000e+02   -2.711161e+01   0.000000e+00   0.000000e+00   3.813149e+02   3.319112e-11   3.633607e-05
1.124000e+02   -2.752387e+01   0.000000e+00   0.000000e+00   3.828922e+02   3.276583e-11   3.601886e-05
1.125000e+02   -2.791295e+01   0.000000e+00   0.000000e+00   3.844604e+02   3.234826e-11   3.570548e-05
1.126000e+02   -2.828317e+01   0.000000e+00   0.000000e+00   3.860196e+02   3.193825e-11   3.539588e-05
1.127000e+02   -2.863886e+01   0.000000e+00   0.000000e+00   3.875697e+02   3.153563e-11   3.509002e-05
1.128000e+02   -2.891893e+01   0.000000e+00   0.000000e+00   3.891107e+02   3.114024e-11   3.478784e-05
1.129000e+02   -2.886522e+01   0.000000e+00   0.000000e+00   3.906428e+02   3.075192e-11   3.448930e-05
1.130000e+02   -2.863386e+01   0.000000e+00   0.000000e+00   3.921658e+02   3.037052e-11   3.419435e-05
1.131000e+02   -2.843870e+01   0.000000e+00   0.000000e+00   3.936798e+02   2.999590e-11   3.390294e-05
1.132000e+02   -2.849359e+01   0.000000e+00   0.000000e+00   3.951848e+02   2.962791e-11   3.361503e-05
1.133000e+02   -2.906246e+01   0.000000e+00   0.000000e+00   3.966808e+02   2.926639e-11   3.333057e-05
1.134000e+02   -3.042364e+01   0.000000e+00   0.000000e+00   3.981678e+02   2.891123e-11   3.304951e-05
1.135000e+02   -3.223793e+01   0.000000e+00   0.000000e+00   3.996458e+02   2.856226e-11   3.277180e-05
1.136000e+02   -3.408981e+01   0.000000e+00   0.000000e+00   4.011149e+02   2.821937e-11   3.249739e-05
1.137000e+02   -3.556377e+01   0.000000e+00   0.000000e+00   4.025750e+02   2.788242e-11   3.222625e-05
1.138000e+02   -3.635299e+01   0.000000e+00   0.000000e+00   4.040262e+02   2.755129e-11   3.195831e-05
1.139000e+02   -3.695044e+01   0.000000e+00   0.000000e+00   4.054684e+02   2.722584e-11   3.169353e-05
1.140000e+02   -3.750992e+01   0.000000e+00   0.000000e+00   4.069017e+02   2.690596e-11   3.143187e-05
1.141000e+02   -3.806452e+01   -0.000000e+00   -0.000000e+00   4.083261e+02   2.659151e-11   3.117328e-05
1.142000e+02   -3.864734e+01   -0.000000e+00   -0.000000e+00   4.097415e+02   2.628240e-11   3.091771e-05
1.143000e+02   -3.941753e+01   -0.000000e+00   -0.000000e+00   4.111481e+02   2.597849e-11   3.066511e-05
1.144000e+02   -4.118605e+01   -0.000000e+00   -0.000000e+00   4.125457e+02   2.567968e-11   3.041543e-05
1.145000e+02   -4.358501e+01   -0.000000e+00   -0.000000e+00   4.139345e+02   2.538585e-11   3.016863e-05
1.146000e+02   -4.599604e+01   -0.000000e+00   -0.000000e+00   4.153144e+02   2.509689e-11   2.992466e-05
1.147000e+02   -4.780083e+01   -0.000000e+00   -0.000000e+00   4.166855e+02   2.481270e-11   2.968348e-05
1.148000e+02   -4.848198e+01   -0.000000e+00   -0.000000e+00   4.180477e+02   2.453317e-11   2.944502e-05
1.149000e+02   -4.860309e+01   -0.000000e+00   -0.000000e+00   4.194010e+02   2.425820e-11   2.920926e-05
1.150000e+02   -4.848709e+01   -0.000000e+00   -0.000000e+00   4.207455e+02   2.398769e-11   2.897613e-05
1.151000e+02   -4.827538e+01   -0.000000e+00   -0.000000e+00   4.220812e+02   2.372154e-11   2.874559e-05
1.152000e+02   -4.810937e+01   -0.000000e+00   -0.000000e+00   4.234081e+02   2.345964e-11   2.851760e-05
1.153000e+02   -4.811613e+01   -0.000000e+00   -0.000000e+00   4.247262e+02   2.320192e-11   2.829210e-05
1.154000e+02   -4.822339e+01   -0.000000e+00   -0.000000e+00   4.260354e+02   2.294826e-11   2.806906e-05
1.155000e+02   -4.835736e+01   -0.000000e+00   -0.000000e+00   4.273359e+02   2.269858e-11   2.784841e-05
1.156000e+02   -4.847467e+01   -0.000000e+00   -0.000000e+00   4.286276e+02   2.245279e-11   2.763012e-05
1.157000e+02   -4.853192e+01   -0.000000e+00   -0.000000e+00   4.299105e+02   2.221079e-11   2.741413e-05
1.158000e+02   -4.848332e+01   -0.000000e+00   -0.000000e+00   4.311847e+02   2.197251e-11   2.720040e-05
1.159000e+02   -4.827861e+01   -0.000000e+00   -0.000000e+00   4.324501e+02   2.173785e-11   2.698889e-05
1.160000e+02   -4.794114e+01   -0.000000e+00   -0.000000e+00   4.337068e+02   2.150673e-11   2.677953e-05
1.161000e+02   -4.751005e+01   -0.000000e+00   -0.000000e+00   4.349548e+02   2.127907e-11   2.657230e-05
1.162000e+02   -4.702521e+01   -0.000000e+00   -0.000000e+00   4.361941e+02   2.105479e-11   2.636715e-05
1.163000e+02   -4.650811e+01   -0.000000e+00   -0.000000e+00   4.374250e+02   2.083384e-11   2.616407e-05
1.164000e+02   -4.575139e+01   -0.000000e+00   -0.000000e+00   4.386477e+02   2.061614e-11   2.596304e-05
1.165000e+02   -4.485262e+01   -0.000000e+00   -0.000000e+00   4.398622e+02   2.040164e-11   2.576404e-05
1.166000e+02   -4.402589e+01   -0.000000e+00   -0.000000e+00   4.410688e+02   2.019027e-11   2.556706e-05
1.167000e+02   -4.348528e+01   -0.000000e+00   -0.000000e+00   4.422677e+02   1.998197e-11   2.537207e-05
1.168000e+02   -4.343904e+01   -0.000000e+00   -0.000000e+00   4.434590e+02   1.977670e-11   2.517907e-05
1.169000e+02   -4.389029e+01   -0.000000e+00   -0.000000e+00   4.446429e+02   1.957438e-11   2.498801e-05
1.170000e+02   -4.468079e+01   -0.000000e+00   -0.000000e+00   4.458195e+02   1.937497e-11   2.479890e-05
1.171000e+02   -4.566431e+01   -0.000000e+00   -0.000000e+00   4.469891e+02   1.917841e-11   2.461171e-05
1.172000e+02   -4.669463e+01   -0.000000e+00   -0.000000e+00   4.481518e+02   1.898464e-11   2.442643e-05
1.173000e+02   -4.764366e+01   -0.000000e+00   -0.000000e+00   4.493078e+02   1.879362e-11   2.424303e-05
1.174000e+02   -4.879351e+01   -0.000000e+00   -0.000000e+00   4.504572e+02   1.860530e-11   2.406149e-05
1.175000e+02   -5.010742e+01   -0.000000e+00   -0.000000e+00   4.516003e+02   1.841961e-11   2.388180e-05
1.176000e+02   -5.134329e+01   -0.000000e+00   -0.000000e+00   4.527372e+02   1.823653e-11   2.370394e-05
1.177000e+02   -5.225902e+01   -0.000000e+00   -0.000000e+00   4.538680e+02   1.805599e-11   2.352790e-05
1.178000e+02   -5.262652e+01   -0.000000e+00   -0.000000e+00   4.549930e+02   1.787794e-11   2.335364e-05
1.179000e+02   -5.272635e+01   -0.000000e+00   -0.000000e+00   4.561122e+02   1.770236e-11   2.318116e-05
1.180000e+02   -5.276705e+01   -0.000000e+00   -0.000000e+00   4.572260e+02   1.752918e-11   2.301043e-05
1.181000e+02   -5.276039e+01   -0.000000e+00   -0.000000e+00   4.583345e+02   1.735836e-11   2.284144e-05
1.182000e+02   -5.271809e+01   -0.000000e+00   -0.000000e+00   4.594377e+02   1.718986e-11   2.267417e-05
1.183000e+02   -5.265158e+01   -0.000000e+00   -0.000000e+00   4.605360e+02   1.702365e-11   2.250860e-05
1.184000e+02   -5.255659e+01   -0.000000e+00   -0.000000e+00   4.616294e+02   1.685966e-11   2.234471e-05
1.185000e+02   -5.243503e+01   -0.000000e+00   -0.000000e+00   4.627182e+02   1.669788e-11   2.218248e-05
1.186000e+02   -5.229711e+01   -0.000000e+00   -0.000000e+00   4.638025e+02   1.653824e-11   2.202190e-05
1.187000e+02   -5.215305e+01   -0.000000e+00   -0.000000e+00   4.648825e+02   1.638072e-11   2.186295e-05
1.188000e+02   -5.201359e+01   -0.000000e+00   -0.000000e+00   4.659584e+02   1.622528e-11   2.170560e-05
1.189000e+02   -5.191404e+01   -0.000000e+00   -0.000000e+00   4.670303e+02   1.607188e-11   2.154984e-05
1.190000e+02   -5.184321e+01   -0.000000e+00   -0.000000e+00   4.680984e+02   1.592047e-11   2.139565e-05
1.191000e+02   -5.176192e+01   -0.000000e+00   -0.000000e+00   4.691629e+02   1.577103e-11   2.124301e-05
1.192000e+02   -5.163104e+01   -0.000000e+00   -0.000000e+00   4.702240e+02   1.562352e-11   2.109191e-05
1.193000e+02   -5.140913e+01   -0.000000e+00   -0.000000e+00   4.712817e+02   1.547789e-11   2.094232e-05
1.194000e+02   -5.082876e+01   -0.000000e+00   -0.000000e+00   4.723364e+02   1.533413e-11   2.079423e-05
1.195000e+02   -4.983787e+01   -0.000000e+00   -0.000000e+00   4.733881e+02   1.519218e-11   2.064762e-05
1.196000e+02   -4.859520e+01   -0.000000e+00   -0.000000e+00   4.744371e+02   1.505203e-11   2.050246e-05
1.197000e+02   -4.725950e+01   -0.000000e+00   -0.000000e+00   4.754835e+02   1.491363e-11   2.035875e-05
1.198000e+02   -4.598785e+01   -0.000000e+00   -0.000000e+00   4.765275e+02   1.477695e-11   2.021646e-05
1.199000e+02   -4.454245e+01   -0.000000e+00   -0.000000e+00   4.775692e+02   1.464197e-11   2.007558e-05
1.200000e+02   -4.286051e+01   -0.000000e+00   -0.000000e+00   4.786089e+02   1.450864e-11   1.993608e-05
1.201000e+02   -4.122175e+01   -0.000000e+00   -0.000000e+00   4.796467e+02   1.437694e-11   1.979795e-05
1.202000e+02   -3.990591e+01   -0.000000e+00   -0.000000e+00   4.806827e+02   1.424684e-11   1.966117e-05
1.203000e+02   -3.919264e+01   -0.000000e+00   -0.000000e+00   4.817172e+02   1.411830e-11   1.952571e-05
1.204000e+02   -3.917075e+01   -0.000000e+00   -0.000000e+00   4.827503e+02   1.399130e-11   1.939157e-05
1.205000e+02   -3.959439e+01   -0.000000e+00   -0.000000e+00   4.837822e+02   1.386581e-11   1.925873e-05
1.206000e+02   -4.022302e+01   -0.000000e+00   -0.000000e+00   4.848131e+02   1.374180e-11   1.912716e-05
1.207000e+02   -4.081608e+01   -0.000000e+00   -0.000000e+00   4.858431e+02   1.361925e-11   1.899684e-05
1.208000e+02   -4.113300e+01   -0.000000e+00   -0.000000e+00   4.868724e+02   1.349811e-11   1.886777e-05
1.209000e+02   -4.123378e+01   -0.000000e+00   -0.000000e+00   4.879012e+02   1.337837e-11   1.873991e-05
1.210000e+02   -4.130965e+01   -0.000000e+00   -0.000000e+00   4.889296e+02   1.326000e-11   1.861325e-05
1.211000e+02   -4.131696e+01   -0.000000e+00   -0.000000e+00   4.899578e+02   1.314297e-11   1.848778e-05
1.212000e+02   -4.121203e+01   -0.000000e+00   -0.000000e+00   4.909861e+02   1.302726e-11   1.836347e-05
1.213000e+02   -4.095120e+01   -0.000000e+00   -0.000000e+00   4.920145e+02   1.291284e-11   1.824031e-05
1.214000e+02   -4.058708e+01   -0.000000e+00   -0.000000e+00   4.930433e+02   1.279969e-11   1.811827e-05
1.215000e+02   -4.021373e+01   -0.000000e+00   -0.000000e+00   4.940726e+02   1.268777e-11   1.799735e-05
1.216000e+02   -3.983114e+01   -0.000000e+00   -0.000000e+00   4.951025e+02   1.257707e-11   1.787751e-05
1.217000e+02   -3.943919e+01   -0.000000e+00   -0.000000e+00   4.961333e+02   1.246756e-11   1.775874e-05
1.218000e+02   -3.903778e+01   -0.000000e+00   -0.000000e+00   4.971652e+02   1.235922e-11   1.764103e-05
1.219000e+02   -3.845458e+01   -0.000000e+00   -0.000000e+00   4.981982e+02   1.225202e-11   1.752436e-05
1.220000e+02   -3.755302e+01   -0.000000e+00   -0.000000e+00   4.992327e+02   1.214593e-11   1.740870e-05
1.221000e+02   -3.646982e+01   -0.000000e+00   -0.000000e+00   5.002686e+02   1.204095e-11   1.729403e-05
1.222000e+02   -3.534266e+01   -0.000000e+00   -0.000000e+00   5.013063e+02   1.193704e-11   1.718035e-05
1.223000e+02   -3.430924e+01   -0.000000e+00   -0.000000e+00   5.023459e+02   1.183418e-11   1.706763e-05
1.224000e+02   -3.336820e+01   -0.000000e+00   -0.000000e+00   5.033875e+02   1.173234e-11   1.695585e-05
1.225000e+02   -3.240257e+01   -0.000000e+00   -0.000000e+00   5.044314e+02   1.163152e-11   1.684500e-05
1.226000e+02   -3.146187e+01   -0.000000e+00   -0.000000e+00   5.054776e+02   1.153168e-11   1.673505e-05
1.227000e+02   -3.059719e+01   -0.000000e+00   -0.000000e+00   5.065265e+02   1.143281e-11   1.662599e-05
1.228000e+02   -2.985962e+01   -0.000000e+00   -0.000000e+00   5.075781e+02   1.133488e-11   1.651779e-05
1.229000e+02   -2.925747e+01   -0.000000e+00   -0.000000e+00   5.086326e+02   1.123787e-11   1.641045e-05
1.230000e+02   -2.872034e+01   -0.000000e+00   -0.000000e+00   5.096902e+02   1.114176e-11   1.630394e-05
1.231000e+02   -2.821017e+01   -0.000000e+00   -0.000000e+00   5.107511e+02   1.104654e-11   1.619824e-05
1.232000e+02   -2.768954e+01   -0.000000e+00   -0.000000e+00   5.118154e+02   1.095218e-11   1.609334e-05
1.233000e+02   -2.712081e+01   -0.000000e+00   -0.000000e+00   5.128831e+02   1.085867e-11   1.598923e-05
1.234000e+02   -2.642145e+01   -0.000000e+00   -0.000000e+00   5.139540e+02   1.076602e-11   1.588591e-05
1.235000e+02   -2.554466e+01   -0.000000e+00   -0.000000e+00   5.150282e+02   1.067422e-11   1.578336e-05
1.236000e+02   -2.458138e+01   -0.000000e+00   -0.000000e+00   5.161056e+02   1.058326e-11   1.568160e-05
1.237000e+02   -2.362494e+01   -0.000000e+00   -0.000000e+00   5.171861e+02   1.049313e-11   1.558061e-05
1.238000e+02   -2.276867e+01   -0.000000e+00   -0.000000e+00   5.182696e+02   1.040384e-11   1.548038e-05
1.239000e+02   -2.205743e+01   -0.000000e+00   -0.000000e+00   5.193562e+02   1.031537e-11   1.538093e-05
1.240000e+02   -2.141421e+01   -0.000000e+00   -0.000000e+00   5.204457e+02   1.022772e-11   1.528223e-05
1.241000e+02   -2.079987e+01   -0.000000e+00   -0.000000e+00   5.215380e+02   1.014089e-11   1.518428e-05
1.242000e+02   -2.017746e+01   -0.000000e+00   -0.000000e+00   5.226332e+02   1.005486e-11   1.508709e-05
1.243000e+02   -1.951003e+01   -0.000000e+00   -0.000000e+00   5.237311e+02   9.969639e-12   1.499064e-05
1.244000e+02   -1.876260e+01   -0.000000e+00   -0.000000e+00   5.248317e+02   9.885216e-12   1.489493e-05
1.245000e+02   -1.793679e+01   -0.000000e+00   -0.000000e+00   5.259349e+02   9.801585e-12   1.479996e-05
1.246000e+02   -1.706053e+01   -0.000000e+00   -0.000000e+00   5.270406e+02   9.718742e-12   1.470573e-05
1.247000e+02   -1.616214e+01   -0.000000e+00   -0.000000e+00   5.281489e+02   9.636680e-12   1.461222e-05
1.248000e+02   -1.526997e+01   -0.000000e+00   -0.000000e+00   5.292595e+02   9.555394e-12   1.451943e-05
1.249000e+02   -1.440279e+01   -0.000000e+00   -0.000000e+00   5.303726e+02   9.474878e-12   1.442737e-05
1.250000e+02   -1.354314e+01   -0.000000e+00   -0.000000e+00   5.314880e+02   9.395127e-12   1.433602e-05
1.251000e+02   -1.267650e+01   -0.000000e+00   -0.000000e+00   5.326056e+02   9.316136e-12   1.424537e-05
1.252000e+02   -1.178913e+01   -0.000000e+00   -0.000000e+00   5.337254e+02   9.237898e-12   1.415544e-05
1.253000e+02   -1.086726e+01   -0.000000e+00   -0.000000e+00   5.348473e+02   9.160409e-12   1.406621e-05
1.254000e+02   -9.847227e+00   -0.000000e+00   -0.000000e+00   5.359712e+02   9.083661e-12   1.397767e-05
1.255000e+02   -8.650208e+00   -0.000000e+00   -0.000000e+00   5.370972e+02   9.007651e-12   1.388982e-05
1.256000e+02   -7.416154e+00   -0.000000e+00   -0.000000e+00   5.382251e+02   8.932371e-12   1.380267e-05
1.257000e+02   -6.296667e+00   -0.000000e+00   -0.000000e+00   5.393548e+02   8.857817e-12   1.371620e-05
1.258000e+02   -5.443346e+00   -0.000000e+00   -0.000000e+00   5.404864e+02   8.783983e-12   1.363040e-05
1.259000e+02   -4.913704e+00   -0.000000e+00   -0.000000e+00   5.416197e+02   8.710863e-12   1.354528e-05
1.260000e+02   -4.470212e+00   -0.000000e+00   -0.000000e+00   5.427547e+02   8.638452e-12   1.346083e-05
1.261000e+02   -4.064272e+00   -0.000000e+00   -0.000000e+00   5.438913e+02   8.566743e-12   1.337705e-05
1.262000e+02   -3.667477e+00   -0.000000e+00   -0.000000e+00   5.450295e+02   8.495732e-12   1.329392e-05
1.263000e+02   -3.251419e+00   -0.000000e+00   -0.000000e+00   5.461692e+02   8.425412e-12   1.321146e-05
1.264000e+02   -2.796723e+00   -0.000000e+00   -0.000000e+00   5.473103e+02   8.355778e-12   1.312964e-05
1.265000e+02   -2.320253e+00   -0.000000e+00   -0.000000e+00   5.484528e+02   8.286825e-12   1.304847e-05
1.266000e+02   -1.823640e+00   -0.000000e+00   -0.000000e+00   5.495966e+02   8.218546e-12   1.296795e-05
1.267000e+02   -1.306104e+00   -0.000000e+00   -0.000000e+00   5.507416e+02   8.150936e-12   1.288807e-05
1.268000e+02   -7.668678e-01   -0.000000e+00   -0.000000e+00   5.518878e+02   8.083990e-12   1.280881e-05
1.269000e+02   -1.711308e-01   -0.000000e+00   -0.000000e+00   5.530351e+02   8.017702e-12   1.273019e-05
1.270000e+02   5.719975e-01   -0.000000e+00   -0.000000e+00   5.541835e+02   7.952066e-12   1.265220e-05
1.271000e+02   1.364916e+00   -0.000000e+00   -0.000000e+00   5.553329e+02   7.887077e-12   1.257482e-05
1.272000e+02   2.091795e+00   -0.000000e+00   -0.000000e+00   5.564832e+02   7.822728e-12   1.249806e-05
1.273000e+02   2.636803e+00   -0.000000e+00   -0.000000e+00   5.576344e+02   7.759015e-12   1.242192e-05
1.274000e+02   2.911644e+00   -0.000000e+00   -0.000000e+00   5.587864e+02   7.695933e-12   1.234638e-05
1.275000e+02   3.001910e+00   -0.000000e+00   -0.000000e+00   5.599392e+02   7.633474e-12   1.227144e-05
1.276000e+02   2.982048e+00   -0.000000e+00   -0.000000e+00   5.610926e+02   7.571635e-12   1.219710e-05
1.277000e+02   2.916031e+00   -0.000000e+00   -0.000000e+00   5.622467e+02   7.510408e-12   1.212335e-05
1.278000e+02   2.867831e+00   -0.000000e+00   -0.000000e+00   5.634013e+02   7.449790e-12   1.205020e-05
1.279000e+02   2.882479e+00   -0.000000e+00   -0.000000e+00   5.645564e+02   7.389774e-12   1.197763e-05
1.280000e+02   2.902723e+00   -0.000000e+00   -0.000000e+00   5.657119e+02   7.330355e-12   1.190564e-05
1.281000e+02   2.925202e+00   -0.000000e+00   -0.000000e+00   5.668679e+02   7.271527e-12   1.183422e-05
1.282000e+02   2.959068e+00   -0.000000e+00   -0.000000e+00   5.680241e+02   7.213285e-12   1.176338e-05
1.283000e+02   3.013474e+00   -0.000000e+00   -0.000000e+00   5.691806e+02   7.155624e-12   1.169311e-05
1.284000e+02   3.099274e+00   -0.000000e+00   -0.000000e+00   5.703372e+02   7.098538e-12   1.162339e-05
1.285000e+02   3.222816e+00   -0.000000e+00   -0.000000e+00   5.714940e+02   7.042022e-12   1.155424e-05
1.286000e+02   3.361705e+00   -0.000000e+00   -0.000000e+00   5.726508e+02   6.986069e-12   1.148564e-05
1.287000e+02   3.490401e+00   -0.000000e+00   -0.000000e+00   5.738077e+02   6.930676e-12   1.141759e-05
1.288000e+02   3.583360e+00   -0.000000e+00   -0.000000e+00   5.749644e+02   6.875837e-12   1.135008e-05
1.289000e+02   3.597097e+00   -0.000000e+00   -0.000000e+00   5.761211e+02   6.821546e-12   1.128311e-05
1.290000e+02   3.424239e+00   -0.000000e+00   -0.000000e+00   5.772775e+02   6.767798e-12   1.121668e-05
1.291000e+02   3.126307e+00   -0.000000e+00   -0.000000e+00   5.784337e+02   6.714588e-12   1.115078e-05
1.292000e+02   2.793757e+00   -0.000000e+00   -0.000000e+00   5.795896e+02   6.661910e-12   1.108541e-05
1.293000e+02   2.517049e+00   -0.000000e+00   -0.000000e+00   5.807451e+02   6.609759e-12   1.102056e-05
1.294000e+02   2.368706e+00   -0.000000e+00   -0.000000e+00   5.819002e+02   6.558131e-12   1.095623e-05
1.295000e+02   2.267350e+00   -0.000000e+00   -0.000000e+00   5.830548e+02   6.507019e-12   1.089241e-05
1.296000e+02   2.191365e+00   -0.000000e+00   -0.000000e+00   5.842088e+02   6.456419e-12   1.082909e-05
1.297000e+02   2.145195e+00   -0.000000e+00   -0.000000e+00   5.853622e+02   6.406326e-12   1.076629e-05
1.298000e+02   2.133287e+00   -0.000000e+00   -0.000000e+00   5.865148e+02   6.356734e-12   1.070398e-05
1.299000e+02   2.160274e+00   -0.000000e+00   -0.000000e+00   5.876668e+02   6.307638e-12   1.064217e-05
1.300000e+02   2.225036e+00   -0.000000e+00   -0.000000e+00   5.888179e+02   6.259033e-12   1.058085e-05
