#% 0, Z0, m, 0.0
#% 1, Z, km
#% 2, U, m/s
#% 3, V, m/s
#% 4, W, m/s
#% 5, T, degK
#% 6, RHO, g/cm3
#% 7, P, mbar
0.000000e+00   -2.860795e+00   0.000000e+00   0.000000e+00   2.851164e+02   1.218519e-03   9.974398e+02
1.000000e-01   -1.977739e+00   0.000000e+00   0.000000e+00   2.846481e+02   1.206128e-03   9.856755e+02
2.000000e-01   -5.732094e-01   0.000000e+00   0.000000e+00   2.839678e+02   1.194732e-03   9.740292e+02
3.000000e-01   8.438649e-01   0.000000e+00   0.000000e+00   2.834146e+02   1.182897e-03   9.625018e+02
4.000000e-01   1.803128e+00   0.000000e+00   0.000000e+00   2.832689e+02   1.169478e-03   9.510937e+02
5.000000e-01   2.138226e+00   0.000000e+00   0.000000e+00   2.833582e+02   1.155230e-03   9.398025e+02
6.000000e-01   2.004605e+00   0.000000e+00   0.000000e+00   2.833752e+02   1.141420e-03   9.286239e+02
7.000000e-01   1.683424e+00   0.000000e+00   0.000000e+00   2.831785e+02   1.128597e-03   9.175537e+02
8.000000e-01   1.267689e+00   0.000000e+00   0.000000e+00   2.828480e+02   1.116415e-03   9.065907e+02
9.000000e-01   7.821936e-01   0.000000e+00   0.000000e+00   2.824507e+02   1.104598e-03   8.957341e+02
1.000000e+00   2.301213e-01   0.000000e+00   0.000000e+00   2.820292e+02   1.092970e-03   8.849827e+02
1.100000e+00   -3.621371e-01   0.000000e+00   0.000000e+00   2.816142e+02   1.081412e-03   8.743352e+02
1.200000e+00   -9.543345e-01   0.000000e+00   0.000000e+00   2.811978e+02   1.069952e-03   8.637909e+02
1.300000e+00   -1.546466e+00   0.000000e+00   0.000000e+00   2.807556e+02   1.058682e-03   8.533486e+02
1.400000e+00   -2.136333e+00   0.000000e+00   0.000000e+00   2.802672e+02   1.047676e-03   8.430075e+02
1.500000e+00   -2.707392e+00   0.000000e+00   0.000000e+00   2.797338e+02   1.036922e-03   8.327670e+02
1.600000e+00   -3.252412e+00   0.000000e+00   0.000000e+00   2.791717e+02   1.026358e-03   8.226265e+02
1.700000e+00   -3.736954e+00   0.000000e+00   0.000000e+00   2.785960e+02   1.015925e-03   8.125851e+02
1.800000e+00   -4.109351e+00   0.000000e+00   0.000000e+00   2.780100e+02   1.005607e-03   8.026410e+02
1.900000e+00   -4.342595e+00   0.000000e+00   0.000000e+00   2.774298e+02   9.953469e-04   7.927931e+02
2.000000e+00   -4.431944e+00   0.000000e+00   0.000000e+00   2.768827e+02   9.850450e-04   7.830406e+02
2.100000e+00   -4.391185e+00   0.000000e+00   0.000000e+00   2.763708e+02   9.746982e-04   7.733829e+02
2.200000e+00   -4.273151e+00   0.000000e+00   0.000000e+00   2.758484e+02   9.644689e-04   7.638200e+02
2.300000e+00   -4.126005e+00   0.000000e+00   0.000000e+00   2.752702e+02   9.545140e-04   7.543518e+02
2.400000e+00   -3.995544e+00   0.000000e+00   0.000000e+00   2.746482e+02   9.447890e-04   7.449788e+02
2.500000e+00   -3.926212e+00   0.000000e+00   0.000000e+00   2.740297e+02   9.351299e-04   7.357019e+02
2.600000e+00   -3.993385e+00   0.000000e+00   0.000000e+00   2.734506e+02   9.254172e-04   7.265220e+02
2.700000e+00   -4.240525e+00   0.000000e+00   0.000000e+00   2.729013e+02   9.156871e-04   7.174390e+02
2.800000e+00   -4.608439e+00   0.000000e+00   0.000000e+00   2.723613e+02   9.060102e-04   7.084527e+02
2.900000e+00   -5.037292e+00   0.000000e+00   0.000000e+00   2.718185e+02   8.964285e-04   6.995634e+02
3.000000e+00   -5.469298e+00   0.000000e+00   0.000000e+00   2.712752e+02   8.869360e-04   6.907720e+02
3.100000e+00   -5.880149e+00   0.000000e+00   0.000000e+00   2.707346e+02   8.775235e-04   6.820794e+02
3.200000e+00   -6.320373e+00   0.000000e+00   0.000000e+00   2.701892e+02   8.682162e-04   6.734854e+02
3.300000e+00   -6.804092e+00   0.000000e+00   0.000000e+00   2.696185e+02   8.590762e-04   6.649880e+02
3.400000e+00   -7.343444e+00   0.000000e+00   0.000000e+00   2.690019e+02   8.501655e-04   6.565854e+02
3.500000e+00   -7.948594e+00   0.000000e+00   0.000000e+00   2.683234e+02   8.415283e-04   6.482756e+02
3.600000e+00   -8.591592e+00   0.000000e+00   0.000000e+00   2.676038e+02   8.330928e-04   6.400562e+02
3.700000e+00   -9.207515e+00   0.000000e+00   0.000000e+00   2.668803e+02   8.247385e-04   6.319245e+02
3.800000e+00   -9.783924e+00   0.000000e+00   0.000000e+00   2.661902e+02   8.163479e-04   6.238781e+02
3.900000e+00   -1.031063e+01   0.000000e+00   0.000000e+00   2.655706e+02   8.078075e-04   6.159142e+02
4.000000e+00   -1.078964e+01   0.000000e+00   0.000000e+00   2.650444e+02   7.990518e-04   6.080312e+02
4.100000e+00   -1.127530e+01   0.000000e+00   0.000000e+00   2.646030e+02   7.901146e-04   6.002293e+02
4.200000e+00   -1.181378e+01   0.000000e+00   0.000000e+00   2.642337e+02   7.810420e-04   5.925089e+02
4.300000e+00   -1.233754e+01   0.000000e+00   0.000000e+00   2.639238e+02   7.718785e-04   5.848707e+02
4.400000e+00   -1.277455e+01   0.000000e+00   0.000000e+00   2.636606e+02   7.626677e-04   5.773151e+02
4.500000e+00   -1.305890e+01   0.000000e+00   0.000000e+00   2.634277e+02   7.534613e-04   5.698425e+02
4.600000e+00   -1.315249e+01   0.000000e+00   0.000000e+00   2.632045e+02   7.443219e-04   5.624534e+02
4.700000e+00   -1.312324e+01   0.000000e+00   0.000000e+00   2.629698e+02   7.353103e-04   5.551482e+02
4.800000e+00   -1.305748e+01   0.000000e+00   0.000000e+00   2.627024e+02   7.264847e-04   5.479273e+02
4.900000e+00   -1.303998e+01   0.000000e+00   0.000000e+00   2.623814e+02   7.179005e-04   5.407912e+02
5.000000e+00   -1.314499e+01   0.000000e+00   0.000000e+00   2.619954e+02   7.095833e-04   5.337396e+02
5.100000e+00   -1.344495e+01   0.000000e+00   0.000000e+00   2.615508e+02   7.015095e-04   5.267712e+02
5.200000e+00   -1.397029e+01   0.000000e+00   0.000000e+00   2.610555e+02   6.936517e-04   5.198843e+02
5.300000e+00   -1.461370e+01   0.000000e+00   0.000000e+00   2.605176e+02   6.859834e-04   5.130775e+02
5.400000e+00   -1.526052e+01   0.000000e+00   0.000000e+00   2.599450e+02   6.784790e-04   5.063492e+02
5.500000e+00   -1.579661e+01   0.000000e+00   0.000000e+00   2.593450e+02   6.711156e-04   4.996981e+02
5.600000e+00   -1.607483e+01   0.000000e+00   0.000000e+00   2.587211e+02   6.638819e-04   4.931228e+02
5.700000e+00   -1.599169e+01   0.000000e+00   0.000000e+00   2.580751e+02   6.567706e-04   4.866226e+02
5.800000e+00   -1.572923e+01   0.000000e+00   0.000000e+00   2.574089e+02   6.497749e-04   4.801963e+02
5.900000e+00   -1.548858e+01   0.000000e+00   0.000000e+00   2.567242e+02   6.428879e-04   4.738429e+02
6.000000e+00   -1.547084e+01   0.000000e+00   0.000000e+00   2.560230e+02   6.361031e-04   4.675616e+02
6.100000e+00   -1.582733e+01   0.000000e+00   0.000000e+00   2.553070e+02   6.294143e-04   4.613513e+02
6.200000e+00   -1.641717e+01   0.000000e+00   0.000000e+00   2.545781e+02   6.228157e-04   4.552112e+02
6.300000e+00   -1.711101e+01   0.000000e+00   0.000000e+00   2.538380e+02   6.163018e-04   4.491407e+02
6.400000e+00   -1.779359e+01   0.000000e+00   0.000000e+00   2.530884e+02   6.098675e-04   4.431390e+02
6.500000e+00   -1.834961e+01   0.000000e+00   0.000000e+00   2.523310e+02   6.035073e-04   4.372054e+02
6.600000e+00   -1.867300e+01   0.000000e+00   0.000000e+00   2.515676e+02   5.972164e-04   4.313391e+02
6.700000e+00   -1.878438e+01   0.000000e+00   0.000000e+00   2.508003e+02   5.909890e-04   4.255394e+02
6.800000e+00   -1.879210e+01   0.000000e+00   0.000000e+00   2.500324e+02   5.848160e-04   4.198053e+02
6.900000e+00   -1.880515e+01   0.000000e+00   0.000000e+00   2.492681e+02   5.786871e-04   4.141359e+02
7.000000e+00   -1.893252e+01   0.000000e+00   0.000000e+00   2.485113e+02   5.725923e-04   4.085301e+02
7.100000e+00   -1.931775e+01   0.000000e+00   0.000000e+00   2.477662e+02   5.665219e-04   4.029870e+02
7.200000e+00   -2.011671e+01   0.000000e+00   0.000000e+00   2.470366e+02   5.604665e-04   3.975056e+02
7.300000e+00   -2.113260e+01   0.000000e+00   0.000000e+00   2.463267e+02   5.544167e-04   3.920849e+02
7.400000e+00   -2.213082e+01   0.000000e+00   0.000000e+00   2.456376e+02   5.483702e-04   3.867240e+02
7.500000e+00   -2.287920e+01   0.000000e+00   0.000000e+00   2.449650e+02   5.423371e-04   3.814220e+02
7.600000e+00   -2.319596e+01   0.000000e+00   0.000000e+00   2.443037e+02   5.363289e-04   3.761783e+02
7.700000e+00   -2.327272e+01   0.000000e+00   0.000000e+00   2.436486e+02   5.303570e-04   3.709920e+02
7.800000e+00   -2.324228e+01   0.000000e+00   0.000000e+00   2.429944e+02   5.244320e-04   3.658624e+02
7.900000e+00   -2.320104e+01   0.000000e+00   0.000000e+00   2.423360e+02   5.185644e-04   3.607888e+02
8.000000e+00   -2.324541e+01   0.000000e+00   0.000000e+00   2.416683e+02   5.127642e-04   3.557703e+02
8.100000e+00   -2.344611e+01   0.000000e+00   0.000000e+00   2.409874e+02   5.070383e-04   3.508063e+02
8.200000e+00   -2.368609e+01   0.000000e+00   0.000000e+00   2.402944e+02   5.013831e-04   3.458962e+02
8.300000e+00   -2.392709e+01   0.000000e+00   0.000000e+00   2.395917e+02   4.957931e-04   3.410394e+02
8.400000e+00   -2.415905e+01   0.000000e+00   0.000000e+00   2.388814e+02   4.902627e-04   3.362354e+02
8.500000e+00   -2.437186e+01   0.000000e+00   0.000000e+00   2.381657e+02   4.847865e-04   3.314837e+02
8.600000e+00   -2.453132e+01   0.000000e+00   0.000000e+00   2.374470e+02   4.793594e-04   3.267836e+02
8.700000e+00   -2.447963e+01   0.000000e+00   0.000000e+00   2.367275e+02   4.739762e-04   3.221348e+02
8.800000e+00   -2.428675e+01   0.000000e+00   0.000000e+00   2.360094e+02   4.686320e-04   3.175365e+02
8.900000e+00   -2.407074e+01   0.000000e+00   0.000000e+00   2.352950e+02   4.633222e-04   3.129883e+02
9.000000e+00   -2.394936e+01   0.000000e+00   0.000000e+00   2.345863e+02   4.580426e-04   3.084898e+02
9.100000e+00   -2.401830e+01   0.000000e+00   0.000000e+00   2.338840e+02   4.527924e-04   3.040409e+02
9.200000e+00   -2.416215e+01   0.000000e+00   0.000000e+00   2.331884e+02   4.475719e-04   2.996417e+02
9.300000e+00   -2.433040e+01   0.000000e+00   0.000000e+00   2.324999e+02   4.423816e-04   2.952923e+02
9.400000e+00   -2.451091e+01   0.000000e+00   0.000000e+00   2.318187e+02   4.372216e-04   2.909930e+02
9.500000e+00   -2.469155e+01   0.000000e+00   0.000000e+00   2.311453e+02   4.320923e-04   2.867437e+02
9.600000e+00   -2.489311e+01   0.000000e+00   0.000000e+00   2.304798e+02   4.269943e-04   2.825447e+02
9.700000e+00   -2.539429e+01   0.000000e+00   0.000000e+00   2.298225e+02   4.219278e-04   2.783961e+02
9.800000e+00   -2.607851e+01   0.000000e+00   0.000000e+00   2.291739e+02   4.168933e-04   2.742979e+02
9.900000e+00   -2.671648e+01   0.000000e+00   0.000000e+00   2.285343e+02   4.118914e-04   2.702504e+02
1.000000e+01   -2.707894e+01   0.000000e+00   0.000000e+00   2.279038e+02   4.069224e-04   2.662537e+02
1.010000e+01   -2.693767e+01   0.000000e+00   0.000000e+00   2.272831e+02   4.019867e-04   2.623078e+02
1.020000e+01   -2.620900e+01   0.000000e+00   0.000000e+00   2.266733e+02   3.970832e-04   2.584129e+02
1.030000e+01   -2.512809e+01   0.000000e+00   0.000000e+00   2.260757e+02   3.922107e-04   2.545691e+02
1.040000e+01   -2.396949e+01   0.000000e+00   0.000000e+00   2.254916e+02   3.873684e-04   2.507765e+02
1.050000e+01   -2.300778e+01   0.000000e+00   0.000000e+00   2.249224e+02   3.825551e-04   2.470353e+02
1.060000e+01   -2.249377e+01   0.000000e+00   0.000000e+00   2.243693e+02   3.777700e-04   2.433455e+02
1.070000e+01   -2.223177e+01   0.000000e+00   0.000000e+00   2.238338e+02   3.730124e-04   2.397073e+02
1.080000e+01   -2.205515e+01   0.000000e+00   0.000000e+00   2.233170e+02   3.682815e-04   2.361207e+02
1.090000e+01   -2.189882e+01   0.000000e+00   0.000000e+00   2.228204e+02   3.635768e-04   2.325860e+02
1.100000e+01   -2.169767e+01   0.000000e+00   0.000000e+00   2.223453e+02   3.588978e-04   2.291031e+02
1.110000e+01   -2.137371e+01   0.000000e+00   0.000000e+00   2.218929e+02   3.542440e-04   2.256723e+02
1.120000e+01   -2.068603e+01   0.000000e+00   0.000000e+00   2.214639e+02   3.496160e-04   2.222934e+02
1.130000e+01   -1.973307e+01   0.000000e+00   0.000000e+00   2.210573e+02   3.450157e-04   2.189657e+02
1.140000e+01   -1.873658e+01   0.000000e+00   0.000000e+00   2.206721e+02   3.404453e-04   2.156886e+02
1.150000e+01   -1.791830e+01   0.000000e+00   0.000000e+00   2.203072e+02   3.359069e-04   2.124613e+02
1.160000e+01   -1.749219e+01   0.000000e+00   0.000000e+00   2.199614e+02   3.314024e-04   2.092833e+02
1.170000e+01   -1.740169e+01   0.000000e+00   0.000000e+00   2.196338e+02   3.269337e-04   2.061537e+02
1.180000e+01   -1.748612e+01   0.000000e+00   0.000000e+00   2.193232e+02   3.225025e-04   2.030720e+02
1.190000e+01   -1.763658e+01   0.000000e+00   0.000000e+00   2.190285e+02   3.181106e-04   2.000374e+02
1.200000e+01   -1.774418e+01   0.000000e+00   0.000000e+00   2.187487e+02   3.137594e-04   1.970491e+02
1.210000e+01   -1.770452e+01   0.000000e+00   0.000000e+00   2.184826e+02   3.094504e-04   1.941066e+02
1.220000e+01   -1.757903e+01   0.000000e+00   0.000000e+00   2.182293e+02   3.051851e-04   1.912092e+02
1.230000e+01   -1.741297e+01   0.000000e+00   0.000000e+00   2.179886e+02   3.009631e-04   1.883560e+02
1.240000e+01   -1.719114e+01   0.000000e+00   0.000000e+00   2.177617e+02   2.967823e-04   1.855462e+02
1.250000e+01   -1.689845e+01   0.000000e+00   0.000000e+00   2.175497e+02   2.926408e-04   1.827788e+02
1.260000e+01   -1.652076e+01   0.000000e+00   0.000000e+00   2.173538e+02   2.885365e-04   1.800530e+02
1.270000e+01   -1.608853e+01   0.000000e+00   0.000000e+00   2.171750e+02   2.844675e-04   1.773679e+02
1.280000e+01   -1.562040e+01   0.000000e+00   0.000000e+00   2.170146e+02   2.804320e-04   1.747225e+02
1.290000e+01   -1.511304e+01   0.000000e+00   0.000000e+00   2.168736e+02   2.764282e-04   1.721160e+02
1.300000e+01   -1.456313e+01   0.000000e+00   0.000000e+00   2.167532e+02   2.724543e-04   1.695476e+02
1.310000e+01   -1.396313e+01   0.000000e+00   0.000000e+00   2.166547e+02   2.685086e-04   1.670162e+02
1.320000e+01   -1.306027e+01   0.000000e+00   0.000000e+00   2.165790e+02   2.645896e-04   1.645210e+02
1.330000e+01   -1.185082e+01   0.000000e+00   0.000000e+00   2.165273e+02   2.606958e-04   1.620612e+02
1.340000e+01   -1.054151e+01   0.000000e+00   0.000000e+00   2.165001e+02   2.568267e-04   1.596359e+02
1.350000e+01   -9.343239e+00   0.000000e+00   0.000000e+00   2.164975e+02   2.529825e-04   1.572446e+02
1.360000e+01   -8.465185e+00   0.000000e+00   0.000000e+00   2.165195e+02   2.491633e-04   1.548865e+02
1.370000e+01   -7.858740e+00   0.000000e+00   0.000000e+00   2.165663e+02   2.453694e-04   1.525610e+02
1.380000e+01   -7.382896e+00   0.000000e+00   0.000000e+00   2.166380e+02   2.416007e-04   1.502676e+02
1.390000e+01   -7.009434e+00   0.000000e+00   0.000000e+00   2.167347e+02   2.378575e-04   1.480054e+02
1.400000e+01   -6.710134e+00   0.000000e+00   0.000000e+00   2.168563e+02   2.341400e-04   1.457740e+02
1.410000e+01   -6.457390e+00   0.000000e+00   0.000000e+00   2.170031e+02   2.304481e-04   1.435726e+02
1.420000e+01   -6.363264e+00   0.000000e+00   0.000000e+00   2.171751e+02   2.267820e-04   1.414005e+02
1.430000e+01   -6.453486e+00   0.000000e+00   0.000000e+00   2.173724e+02   2.231418e-04   1.392572e+02
1.440000e+01   -6.620111e+00   0.000000e+00   0.000000e+00   2.175941e+02   2.195286e-04   1.371421e+02
1.450000e+01   -6.743354e+00   0.000000e+00   0.000000e+00   2.178347e+02   2.159489e-04   1.350549e+02
1.460000e+01   -6.699662e+00   0.000000e+00   0.000000e+00   2.180873e+02   2.124100e-04   1.329957e+02
1.470000e+01   -6.279250e+00   0.000000e+00   0.000000e+00   2.183448e+02   2.089190e-04   1.309644e+02
1.480000e+01   -5.537063e+00   0.000000e+00   0.000000e+00   2.186004e+02   2.054824e-04   1.289608e+02
1.490000e+01   -4.719139e+00   0.000000e+00   0.000000e+00   2.188470e+02   2.021062e-04   1.269851e+02
1.500000e+01   -4.071511e+00   0.000000e+00   0.000000e+00   2.190778e+02   1.987962e-04   1.250370e+02
1.510000e+01   -3.840217e+00   0.000000e+00   0.000000e+00   2.192857e+02   1.955574e-04   1.231167e+02
1.520000e+01   -3.911381e+00   0.000000e+00   0.000000e+00   2.194638e+02   1.923946e-04   1.212238e+02
1.530000e+01   -4.002265e+00   0.000000e+00   0.000000e+00   2.196051e+02   1.893123e-04   1.193586e+02
1.540000e+01   -4.105646e+00   0.000000e+00   0.000000e+00   2.197028e+02   1.863146e-04   1.175208e+02
1.550000e+01   -4.215879e+00   0.000000e+00   0.000000e+00   2.197558e+02   1.834001e-04   1.157104e+02
1.560000e+01   -4.329373e+00   0.000000e+00   0.000000e+00   2.197702e+02   1.805618e-04   1.139271e+02
1.570000e+01   -4.649450e+00   0.000000e+00   0.000000e+00   2.197529e+02   1.777924e-04   1.121709e+02
1.580000e+01   -5.277876e+00   0.000000e+00   0.000000e+00   2.197103e+02   1.750851e-04   1.104414e+02
1.590000e+01   -6.009311e+00   0.000000e+00   0.000000e+00   2.196494e+02   1.724333e-04   1.087385e+02
1.600000e+01   -6.638130e+00   0.000000e+00   0.000000e+00   2.195767e+02   1.698310e-04   1.070621e+02
1.610000e+01   -6.958708e+00   0.000000e+00   0.000000e+00   2.194990e+02   1.672725e-04   1.054118e+02
1.620000e+01   -6.706818e+00   0.000000e+00   0.000000e+00   2.194229e+02   1.647522e-04   1.037876e+02
1.630000e+01   -5.926601e+00   0.000000e+00   0.000000e+00   2.193553e+02   1.622649e-04   1.021892e+02
1.640000e+01   -4.934118e+00   0.000000e+00   0.000000e+00   2.193027e+02   1.598059e-04   1.006164e+02
1.650000e+01   -4.047085e+00   0.000000e+00   0.000000e+00   2.192704e+02   1.573714e-04   9.906908e+01
1.660000e+01   -3.587953e+00   0.000000e+00   0.000000e+00   2.192565e+02   1.549628e-04   9.754663e+01
1.670000e+01   -3.623081e+00   0.000000e+00   0.000000e+00   2.192571e+02   1.525825e-04   9.604854e+01
1.680000e+01   -3.861767e+00   0.000000e+00   0.000000e+00   2.192680e+02   1.502330e-04   9.457426e+01
1.690000e+01   -4.227443e+00   0.000000e+00   0.000000e+00   2.192852e+02   1.479164e-04   9.312323e+01
1.700000e+01   -4.646063e+00   0.000000e+00   0.000000e+00   2.193046e+02   1.456348e-04   9.169490e+01
1.710000e+01   -5.043575e+00   0.000000e+00   0.000000e+00   2.193222e+02   1.433899e-04   9.028871e+01
1.720000e+01   -5.491779e+00   0.000000e+00   0.000000e+00   2.193340e+02   1.411834e-04   8.890412e+01
1.730000e+01   -6.107572e+00   0.000000e+00   0.000000e+00   2.193358e+02   1.390168e-04   8.754057e+01
1.740000e+01   -6.737773e+00   0.000000e+00   0.000000e+00   2.193238e+02   1.368915e-04   8.619750e+01
1.750000e+01   -7.225450e+00   0.000000e+00   0.000000e+00   2.192938e+02   1.348087e-04   8.487438e+01
1.760000e+01   -7.411882e+00   0.000000e+00   0.000000e+00   2.192462e+02   1.327670e-04   8.357079e+01
1.770000e+01   -7.185208e+00   0.000000e+00   0.000000e+00   2.191861e+02   1.307625e-04   8.228652e+01
1.780000e+01   -6.654927e+00   0.000000e+00   0.000000e+00   2.191189e+02   1.287916e-04   8.102137e+01
1.790000e+01   -5.982393e+00   0.000000e+00   0.000000e+00   2.190501e+02   1.268504e-04   7.977513e+01
1.800000e+01   -5.328491e+00   0.000000e+00   0.000000e+00   2.189852e+02   1.249355e-04   7.854760e+01
1.810000e+01   -4.854104e+00   0.000000e+00   0.000000e+00   2.189295e+02   1.230437e-04   7.733856e+01
1.820000e+01   -4.600435e+00   0.000000e+00   0.000000e+00   2.188886e+02   1.211719e-04   7.614782e+01
1.830000e+01   -4.391829e+00   0.000000e+00   0.000000e+00   2.188679e+02   1.193172e-04   7.497517e+01
1.840000e+01   -4.216696e+00   0.000000e+00   0.000000e+00   2.188728e+02   1.174768e-04   7.382040e+01
1.850000e+01   -4.069817e+00   0.000000e+00   0.000000e+00   2.189089e+02   1.156482e-04   7.268331e+01
1.860000e+01   -3.945779e+00   0.000000e+00   0.000000e+00   2.189802e+02   1.138297e-04   7.156369e+01
1.870000e+01   -3.833981e+00   0.000000e+00   0.000000e+00   2.190835e+02   1.120234e-04   7.046135e+01
1.880000e+01   -3.724910e+00   0.000000e+00   0.000000e+00   2.192132e+02   1.102328e-04   6.937610e+01
1.890000e+01   -3.624279e+00   0.000000e+00   0.000000e+00   2.193635e+02   1.084609e-04   6.830776e+01
1.900000e+01   -3.538300e+00   0.000000e+00   0.000000e+00   2.195287e+02   1.067108e-04   6.725614e+01
1.910000e+01   -3.473183e+00   0.000000e+00   0.000000e+00   2.197030e+02   1.049851e-04   6.622104e+01
1.920000e+01   -3.478322e+00   0.000000e+00   0.000000e+00   2.198807e+02   1.032864e-04   6.520228e+01
1.930000e+01   -3.636950e+00   0.000000e+00   0.000000e+00   2.200561e+02   1.016172e-04   6.419967e+01
1.940000e+01   -3.892563e+00   0.000000e+00   0.000000e+00   2.202234e+02   9.997946e-05   6.321303e+01
1.950000e+01   -4.182122e+00   0.000000e+00   0.000000e+00   2.203769e+02   9.837534e-05   6.224216e+01
1.960000e+01   -4.442602e+00   0.000000e+00   0.000000e+00   2.205109e+02   9.680663e-05   6.128687e+01
1.970000e+01   -4.672466e+00   0.000000e+00   0.000000e+00   2.206221e+02   9.527392e-05   6.034696e+01
1.980000e+01   -4.974768e+00   0.000000e+00   0.000000e+00   2.207127e+02   9.377537e-05   5.942215e+01
1.990000e+01   -5.277838e+00   0.000000e+00   0.000000e+00   2.207852e+02   9.230894e-05   5.851216e+01
2.000000e+01   -5.498647e+00   0.000000e+00   0.000000e+00   2.208426e+02   9.087269e-05   5.761672e+01
2.010000e+01   -5.554165e+00   0.000000e+00   0.000000e+00   2.208874e+02   8.946475e-05   5.673554e+01
2.020000e+01   -5.165097e+00   0.000000e+00   0.000000e+00   2.209223e+02   8.808335e-05   5.586835e+01
2.030000e+01   -3.889290e+00   0.000000e+00   0.000000e+00   2.209502e+02   8.672678e-05   5.501486e+01
2.040000e+01   -2.185561e+00   0.000000e+00   0.000000e+00   2.209737e+02   8.539342e-05   5.417481e+01
2.050000e+01   -5.729433e-01   0.000000e+00   0.000000e+00   2.209956e+02   8.408170e-05   5.334792e+01
2.060000e+01   4.295299e-01   0.000000e+00   0.000000e+00   2.210185e+02   8.279013e-05   5.253390e+01
2.070000e+01   4.320794e-01   0.000000e+00   0.000000e+00   2.210452e+02   8.151730e-05   5.173247e+01
2.080000e+01   -2.513016e-01   0.000000e+00   0.000000e+00   2.210769e+02   8.026241e-05   5.094341e+01
2.090000e+01   -1.301314e+00   0.000000e+00   0.000000e+00   2.211129e+02   7.902555e-05   5.016651e+01
2.100000e+01   -2.423588e+00   0.000000e+00   0.000000e+00   2.211521e+02   7.780683e-05   4.940161e+01
2.110000e+01   -3.323752e+00   0.000000e+00   0.000000e+00   2.211935e+02   7.660634e-05   4.864850e+01
2.120000e+01   -3.833995e+00   0.000000e+00   0.000000e+00   2.212363e+02   7.542414e-05   4.790703e+01
2.130000e+01   -4.287964e+00   0.000000e+00   0.000000e+00   2.212795e+02   7.426030e-05   4.717699e+01
2.140000e+01   -4.693287e+00   0.000000e+00   0.000000e+00   2.213220e+02   7.311484e-05   4.645822e+01
2.150000e+01   -5.008074e+00   0.000000e+00   0.000000e+00   2.213630e+02   7.198776e-05   4.575052e+01
2.160000e+01   -5.190436e+00   0.000000e+00   0.000000e+00   2.214014e+02   7.087905e-05   4.505372e+01
2.170000e+01   -5.004658e+00   0.000000e+00   0.000000e+00   2.214363e+02   6.978869e-05   4.436763e+01
2.180000e+01   -3.766535e+00   0.000000e+00   0.000000e+00   2.214667e+02   6.871663e-05   4.369207e+01
2.190000e+01   -1.932347e+00   0.000000e+00   0.000000e+00   2.214924e+02   6.766258e-05   4.302687e+01
2.200000e+01   -9.333761e-02   -0.000000e+00   -0.000000e+00   2.215144e+02   6.662595e-05   4.237189e+01
2.210000e+01   1.159083e+00   -0.000000e+00   -0.000000e+00   2.215339e+02   6.560613e-05   4.172698e+01
2.220000e+01   1.453203e+00   -0.000000e+00   -0.000000e+00   2.215519e+02   6.460253e-05   4.109201e+01
2.230000e+01   1.585477e+00   -0.000000e+00   -0.000000e+00   2.215695e+02   6.361458e-05   4.046681e+01
2.240000e+01   1.700809e+00   -0.000000e+00   -0.000000e+00   2.215879e+02   6.264173e-05   3.985126e+01
2.250000e+01   1.797293e+00   -0.000000e+00   -0.000000e+00   2.216081e+02   6.168346e-05   3.924521e+01
2.260000e+01   1.873020e+00   -0.000000e+00   -0.000000e+00   2.216312e+02   6.073926e-05   3.864851e+01
2.270000e+01   1.788516e+00   -0.000000e+00   -0.000000e+00   2.216584e+02   5.980863e-05   3.806102e+01
2.280000e+01   8.947033e-01   -0.000000e+00   -0.000000e+00   2.216907e+02   5.889111e-05   3.748259e+01
2.290000e+01   -4.924003e-01   -0.000000e+00   -0.000000e+00   2.217293e+02   5.798624e-05   3.691309e+01
2.300000e+01   -1.899729e+00   -0.000000e+00   -0.000000e+00   2.217749e+02   5.709368e-05   3.635237e+01
2.310000e+01   -2.855065e+00   -0.000000e+00   -0.000000e+00   2.218270e+02   5.621342e-05   3.580031e+01
2.320000e+01   -3.020584e+00   -0.000000e+00   -0.000000e+00   2.218850e+02   5.534548e-05   3.525677e+01
2.330000e+01   -3.017036e+00   -0.000000e+00   -0.000000e+00   2.219485e+02   5.448985e-05   3.472164e+01
2.340000e+01   -2.998050e+00   -0.000000e+00   -0.000000e+00   2.220168e+02   5.364654e-05   3.419478e+01
2.350000e+01   -2.964316e+00   -0.000000e+00   -0.000000e+00   2.220893e+02   5.281552e-05   3.367608e+01
2.360000e+01   -2.916526e+00   -0.000000e+00   -0.000000e+00   2.221655e+02   5.199676e-05   3.316541e+01
2.370000e+01   -2.800955e+00   -0.000000e+00   -0.000000e+00   2.222448e+02   5.119024e-05   3.266263e+01
2.380000e+01   -2.273044e+00   -0.000000e+00   -0.000000e+00   2.223266e+02   5.039590e-05   3.216763e+01
2.390000e+01   -1.480513e+00   -0.000000e+00   -0.000000e+00   2.224104e+02   4.961370e-05   3.168028e+01
2.400000e+01   -6.777110e-01   -0.000000e+00   -0.000000e+00   2.224955e+02   4.884356e-05   3.120045e+01
2.410000e+01   -1.186923e-01   -0.000000e+00   -0.000000e+00   2.225814e+02   4.808542e-05   3.072802e+01
2.420000e+01   -2.778147e-03   -0.000000e+00   -0.000000e+00   2.226675e+02   4.733921e-05   3.026288e+01
2.430000e+01   -1.387426e-02   -0.000000e+00   -0.000000e+00   2.227534e+02   4.660486e-05   2.980491e+01
2.440000e+01   -4.631883e-02   -0.000000e+00   -0.000000e+00   2.228383e+02   4.588231e-05   2.935402e+01
2.450000e+01   -9.687493e-02   -0.000000e+00   -0.000000e+00   2.229219e+02   4.517147e-05   2.891008e+01
2.460000e+01   -1.623056e-01   -0.000000e+00   -0.000000e+00   2.230035e+02   4.447226e-05   2.847299e+01
2.470000e+01   -2.793820e-01   -0.000000e+00   -0.000000e+00   2.230825e+02   4.378458e-05   2.804265e+01
2.480000e+01   -8.096741e-01   -0.000000e+00   -0.000000e+00   2.231586e+02   4.310834e-05   2.761895e+01
2.490000e+01   -1.656529e+00   -0.000000e+00   -0.000000e+00   2.232310e+02   4.244342e-05   2.720177e+01
2.500000e+01   -2.588688e+00   -0.000000e+00   -0.000000e+00   2.232992e+02   4.178973e-05   2.679101e+01
2.510000e+01   -3.374891e+00   -0.000000e+00   -0.000000e+00   2.233627e+02   4.114715e-05   2.638656e+01
2.520000e+01   -3.814090e+00   -0.000000e+00   -0.000000e+00   2.234210e+02   4.051555e-05   2.598832e+01
2.530000e+01   -4.127745e+00   -0.000000e+00   -0.000000e+00   2.234740e+02   3.989474e-05   2.559617e+01
2.540000e+01   -4.393527e+00   -0.000000e+00   -0.000000e+00   2.235229e+02   3.928431e-05   2.521004e+01
2.550000e+01   -4.583472e+00   -0.000000e+00   -0.000000e+00   2.235691e+02   3.868385e-05   2.482984e+01
2.560000e+01   -4.669618e+00   -0.000000e+00   -0.000000e+00   2.236141e+02   3.809297e-05   2.445549e+01
2.570000e+01   -4.597981e+00   -0.000000e+00   -0.000000e+00   2.236592e+02   3.751127e-05   2.408690e+01
2.580000e+01   -4.011486e+00   -0.000000e+00   -0.000000e+00   2.237059e+02   3.693839e-05   2.372400e+01
2.590000e+01   -3.005877e+00   -0.000000e+00   -0.000000e+00   2.237556e+02   3.637398e-05   2.336669e+01
2.600000e+01   -1.842147e+00   -0.000000e+00   -0.000000e+00   2.238098e+02   3.581770e-05   2.301490e+01
2.610000e+01   -7.812885e-01   -0.000000e+00   -0.000000e+00   2.238697e+02   3.526923e-05   2.266854e+01
2.620000e+01   -6.517871e-02   -0.000000e+00   -0.000000e+00   2.239369e+02   3.472824e-05   2.232753e+01
2.630000e+01   4.838817e-01   -0.000000e+00   -0.000000e+00   2.240128e+02   3.419444e-05   2.199179e+01
2.640000e+01   9.697888e-01   -0.000000e+00   -0.000000e+00   2.240987e+02   3.366755e-05   2.166123e+01
2.650000e+01   1.375129e+00   -0.000000e+00   -0.000000e+00   2.241957e+02   3.314736e-05   2.133578e+01
2.660000e+01   1.685137e+00   -0.000000e+00   -0.000000e+00   2.243039e+02   3.263382e-05   2.101537e+01
2.670000e+01   1.888242e+00   -0.000000e+00   -0.000000e+00   2.244234e+02   3.212685e-05   2.069992e+01
2.680000e+01   2.043507e+00   -0.000000e+00   -0.000000e+00   2.245545e+02   3.162642e-05   2.038939e+01
2.690000e+01   2.169162e+00   -0.000000e+00   -0.000000e+00   2.246972e+02   3.113247e-05   2.008369e+01
2.700000e+01   2.251822e+00   -0.000000e+00   -0.000000e+00   2.248516e+02   3.064493e-05   1.978277e+01
2.710000e+01   2.278100e+00   -0.000000e+00   -0.000000e+00   2.250179e+02   3.016376e-05   1.948655e+01
2.720000e+01   2.219293e+00   -0.000000e+00   -0.000000e+00   2.251962e+02   2.968890e-05   1.919497e+01
2.730000e+01   1.634546e+00   -0.000000e+00   -0.000000e+00   2.253866e+02   2.922028e-05   1.890797e+01
2.740000e+01   5.556031e-01   -0.000000e+00   -0.000000e+00   2.255894e+02   2.875784e-05   1.862547e+01
2.750000e+01   -7.060832e-01   -0.000000e+00   -0.000000e+00   2.258045e+02   2.830154e-05   1.834742e+01
2.760000e+01   -1.839064e+00   -0.000000e+00   -0.000000e+00   2.260321e+02   2.785130e-05   1.807374e+01
2.770000e+01   -2.542378e+00   -0.000000e+00   -0.000000e+00   2.262719e+02   2.740714e-05   1.780437e+01
2.780000e+01   -3.021747e+00   -0.000000e+00   -0.000000e+00   2.265222e+02   2.696918e-05   1.753924e+01
2.790000e+01   -3.458068e+00   -0.000000e+00   -0.000000e+00   2.267813e+02   2.653758e-05   1.727830e+01
2.800000e+01   -3.818337e+00   -0.000000e+00   -0.000000e+00   2.270474e+02   2.611247e-05   1.702146e+01
2.810000e+01   -4.069546e+00   -0.000000e+00   -0.000000e+00   2.273188e+02   2.569397e-05   1.676868e+01
2.820000e+01   -4.175857e+00   -0.000000e+00   -0.000000e+00   2.275938e+02   2.528216e-05   1.651989e+01
2.830000e+01   -3.957743e+00   -0.000000e+00   -0.000000e+00   2.278706e+02   2.487716e-05   1.627501e+01
2.840000e+01   -3.465407e+00   -0.000000e+00   -0.000000e+00   2.281473e+02   2.447901e-05   1.603399e+01
2.850000e+01   -2.897779e+00   -0.000000e+00   -0.000000e+00   2.284224e+02   2.408780e-05   1.579676e+01
2.860000e+01   -2.453783e+00   -0.000000e+00   -0.000000e+00   2.286939e+02   2.370356e-05   1.556326e+01
2.870000e+01   -2.331452e+00   -0.000000e+00   -0.000000e+00   2.289603e+02   2.332634e-05   1.533342e+01
2.880000e+01   -2.557488e+00   -0.000000e+00   -0.000000e+00   2.292196e+02   2.295617e-05   1.510718e+01
2.890000e+01   -2.972844e+00   -0.000000e+00   -0.000000e+00   2.294704e+02   2.259303e-05   1.488448e+01
2.900000e+01   -3.445609e+00   -0.000000e+00   -0.000000e+00   2.297125e+02   2.223680e-05   1.466524e+01
2.910000e+01   -3.843405e+00   -0.000000e+00   -0.000000e+00   2.299466e+02   2.188726e-05   1.444943e+01
2.920000e+01   -4.032519e+00   -0.000000e+00   -0.000000e+00   2.301735e+02   2.154421e-05   1.423700e+01
2.930000e+01   -3.639084e+00   -0.000000e+00   -0.000000e+00   2.303938e+02   2.120746e-05   1.402787e+01
2.940000e+01   -2.701819e+00   -0.000000e+00   -0.000000e+00   2.306082e+02   2.087680e-05   1.382201e+01
2.950000e+01   -1.594311e+00   -0.000000e+00   -0.000000e+00   2.308174e+02   2.055207e-05   1.361935e+01
2.960000e+01   -6.901490e-01   -0.000000e+00   -0.000000e+00   2.310222e+02   2.023307e-05   1.341985e+01
2.970000e+01   -3.627567e-01   -0.000000e+00   -0.000000e+00   2.312231e+02   1.991963e-05   1.322345e+01
2.980000e+01   -7.145085e-01   -0.000000e+00   -0.000000e+00   2.314210e+02   1.961158e-05   1.303010e+01
2.990000e+01   -1.445115e+00   -0.000000e+00   -0.000000e+00   2.316165e+02   1.930876e-05   1.283974e+01
3.000000e+01   -2.294780e+00   -0.000000e+00   -0.000000e+00   2.318103e+02   1.901101e-05   1.265232e+01
3.010000e+01   -3.003708e+00   -0.000000e+00   -0.000000e+00   2.320030e+02   1.871817e-05   1.246779e+01
3.020000e+01   -3.312329e+00   -0.000000e+00   -0.000000e+00   2.321955e+02   1.843009e-05   1.228609e+01
3.030000e+01   -2.732350e+00   -0.000000e+00   -0.000000e+00   2.323882e+02   1.814666e-05   1.210718e+01
3.040000e+01   -1.314003e+00   -0.000000e+00   -0.000000e+00   2.325818e+02   1.786775e-05   1.193103e+01
3.050000e+01   3.936224e-01   -0.000000e+00   -0.000000e+00   2.327768e+02   1.759328e-05   1.175760e+01
3.060000e+01   1.841438e+00   -0.000000e+00   -0.000000e+00   2.329738e+02   1.732312e-05   1.158686e+01
3.070000e+01   2.480354e+00   -0.000000e+00   -0.000000e+00   2.331733e+02   1.705719e-05   1.141875e+01
3.080000e+01   2.369252e+00   -0.000000e+00   -0.000000e+00   2.333759e+02   1.679537e-05   1.125325e+01
3.090000e+01   2.048530e+00   -0.000000e+00   -0.000000e+00   2.335822e+02   1.653757e-05   1.109032e+01
3.100000e+01   1.585475e+00   -0.000000e+00   -0.000000e+00   2.337928e+02   1.628371e-05   1.092992e+01
3.110000e+01   1.046764e+00   -0.000000e+00   -0.000000e+00   2.340082e+02   1.603368e-05   1.077201e+01
3.120000e+01   4.990724e-01   -0.000000e+00   -0.000000e+00   2.342291e+02   1.578739e-05   1.061655e+01
3.130000e+01   -1.420033e-01   -0.000000e+00   -0.000000e+00   2.344558e+02   1.554477e-05   1.046352e+01
3.140000e+01   -9.710457e-01   -0.000000e+00   -0.000000e+00   2.346891e+02   1.530572e-05   1.031286e+01
3.150000e+01   -1.867932e+00   -0.000000e+00   -0.000000e+00   2.349294e+02   1.507016e-05   1.016454e+01
3.160000e+01   -2.711250e+00   -0.000000e+00   -0.000000e+00   2.351764e+02   1.483809e-05   1.001853e+01
3.170000e+01   -3.379381e+00   -0.000000e+00   -0.000000e+00   2.354292e+02   1.460950e-05   9.874795e+00
3.180000e+01   -3.904035e+00   -0.000000e+00   -0.000000e+00   2.356873e+02   1.438439e-05   9.733295e+00
3.190000e+01   -4.422897e+00   -0.000000e+00   -0.000000e+00   2.359498e+02   1.416275e-05   9.593996e+00
3.200000e+01   -4.875859e+00   -0.000000e+00   -0.000000e+00   2.362162e+02   1.394457e-05   9.456865e+00
3.210000e+01   -5.201021e+00   -0.000000e+00   -0.000000e+00   2.364856e+02   1.372985e-05   9.321867e+00
3.220000e+01   -5.336483e+00   -0.000000e+00   -0.000000e+00   2.367574e+02   1.351857e-05   9.188967e+00
3.230000e+01   -5.049434e+00   -0.000000e+00   -0.000000e+00   2.370308e+02   1.331072e-05   9.058130e+00
3.240000e+01   -4.224757e+00   -0.000000e+00   -0.000000e+00   2.373051e+02   1.310627e-05   8.929322e+00
3.250000e+01   -3.186089e+00   -0.000000e+00   -0.000000e+00   2.375797e+02   1.290520e-05   8.802507e+00
3.260000e+01   -2.262271e+00   -0.000000e+00   -0.000000e+00   2.378538e+02   1.270749e-05   8.677651e+00
3.270000e+01   -1.782142e+00   -0.000000e+00   -0.000000e+00   2.381267e+02   1.251311e-05   8.554719e+00
3.280000e+01   -1.841385e+00   -0.000000e+00   -0.000000e+00   2.383976e+02   1.232204e-05   8.433677e+00
3.290000e+01   -2.118907e+00   -0.000000e+00   -0.000000e+00   2.386663e+02   1.213423e-05   8.314491e+00
3.300000e+01   -2.541584e+00   -0.000000e+00   -0.000000e+00   2.389333e+02   1.194959e-05   8.197132e+00
3.310000e+01   -3.043772e+00   -0.000000e+00   -0.000000e+00   2.391991e+02   1.176803e-05   8.081573e+00
3.320000e+01   -3.559827e+00   -0.000000e+00   -0.000000e+00   2.394645e+02   1.158948e-05   7.967786e+00
3.330000e+01   -4.178560e+00   -0.000000e+00   -0.000000e+00   2.397300e+02   1.141386e-05   7.855741e+00
3.340000e+01   -5.067260e+00   -0.000000e+00   -0.000000e+00   2.399963e+02   1.124107e-05   7.745410e+00
3.350000e+01   -6.012426e+00   -0.000000e+00   -0.000000e+00   2.402640e+02   1.107104e-05   7.636766e+00
3.360000e+01   -6.789850e+00   -0.000000e+00   -0.000000e+00   2.405337e+02   1.090370e-05   7.529780e+00
3.370000e+01   -7.175321e+00   -0.000000e+00   -0.000000e+00   2.408060e+02   1.073898e-05   7.424424e+00
3.380000e+01   -7.059023e+00   -0.000000e+00   -0.000000e+00   2.410817e+02   1.057680e-05   7.320670e+00
3.390000e+01   -6.628851e+00   -0.000000e+00   -0.000000e+00   2.413613e+02   1.041709e-05   7.218488e+00
3.400000e+01   -5.952844e+00   -0.000000e+00   -0.000000e+00   2.416454e+02   1.025978e-05   7.117852e+00
3.410000e+01   -5.091023e+00   -0.000000e+00   -0.000000e+00   2.419347e+02   1.010481e-05   7.018733e+00
3.420000e+01   -4.103410e+00   -0.000000e+00   -0.000000e+00   2.422298e+02   9.952114e-06   6.921102e+00
3.430000e+01   -2.555823e+00   -0.000000e+00   -0.000000e+00   2.425312e+02   9.801634e-06   6.824933e+00
3.440000e+01   3.449337e-01   -0.000000e+00   -0.000000e+00   2.428385e+02   9.653353e-06   6.730203e+00
3.450000e+01   3.765026e+00   -0.000000e+00   -0.000000e+00   2.431515e+02   9.507261e-06   6.636891e+00
3.460000e+01   6.795196e+00   -0.000000e+00   -0.000000e+00   2.434695e+02   9.363348e-06   6.544975e+00
3.470000e+01   8.526185e+00   -0.000000e+00   -0.000000e+00   2.437921e+02   9.221601e-06   6.454436e+00
3.480000e+01   8.628693e+00   -0.000000e+00   -0.000000e+00   2.441189e+02   9.082007e-06   6.365252e+00
3.490000e+01   8.347560e+00   -0.000000e+00   -0.000000e+00   2.444494e+02   8.944552e-06   6.277401e+00
3.500000e+01   7.848169e+00   -0.000000e+00   -0.000000e+00   2.447831e+02   8.809219e-06   6.190863e+00
3.510000e+01   7.204122e+00   -0.000000e+00   -0.000000e+00   2.451196e+02   8.675992e-06   6.105617e+00
3.520000e+01   6.489021e+00   -0.000000e+00   -0.000000e+00   2.454584e+02   8.544853e-06   6.021642e+00
3.530000e+01   5.662486e+00   -0.000000e+00   -0.000000e+00   2.457991e+02   8.415783e-06   5.938916e+00
3.540000e+01   4.464019e+00   -0.000000e+00   -0.000000e+00   2.461412e+02   8.288761e-06   5.857419e+00
3.550000e+01   3.015782e+00   -0.000000e+00   -0.000000e+00   2.464842e+02   8.163768e-06   5.777130e+00
3.560000e+01   1.469885e+00   -0.000000e+00   -0.000000e+00   2.468277e+02   8.040780e-06   5.698027e+00
3.570000e+01   -2.156005e-02   -0.000000e+00   -0.000000e+00   2.471712e+02   7.919777e-06   5.620089e+00
3.580000e+01   -1.458190e+00   -0.000000e+00   -0.000000e+00   2.475144e+02   7.800731e-06   5.543297e+00
3.590000e+01   -3.168100e+00   -0.000000e+00   -0.000000e+00   2.478573e+02   7.683612e-06   5.467635e+00
3.600000e+01   -4.888071e+00   -0.000000e+00   -0.000000e+00   2.482000e+02   7.568384e-06   5.393085e+00
3.610000e+01   -6.300333e+00   -0.000000e+00   -0.000000e+00   2.485425e+02   7.455017e-06   5.319633e+00
3.620000e+01   -7.087116e+00   -0.000000e+00   -0.000000e+00   2.488849e+02   7.343478e-06   5.247262e+00
3.630000e+01   -6.882763e+00   -0.000000e+00   -0.000000e+00   2.492273e+02   7.233734e-06   5.175956e+00
3.640000e+01   -5.568081e+00   -0.000000e+00   -0.000000e+00   2.495698e+02   7.125754e-06   5.105699e+00
3.650000e+01   -3.706112e+00   -0.000000e+00   -0.000000e+00   2.499124e+02   7.019507e-06   5.036476e+00
3.660000e+01   -1.905901e+00   -0.000000e+00   -0.000000e+00   2.502552e+02   6.914960e-06   4.968269e+00
3.670000e+01   -7.764877e-01   -0.000000e+00   -0.000000e+00   2.505982e+02   6.812084e-06   4.901064e+00
3.680000e+01   -7.272593e-01   -0.000000e+00   -0.000000e+00   2.509416e+02   6.710848e-06   4.834843e+00
3.690000e+01   -1.120775e+00   -0.000000e+00   -0.000000e+00   2.512854e+02   6.611221e-06   4.769592e+00
3.700000e+01   -1.693066e+00   -0.000000e+00   -0.000000e+00   2.516296e+02   6.513174e-06   4.705294e+00
3.710000e+01   -2.272484e+00   -0.000000e+00   -0.000000e+00   2.519744e+02   6.416676e-06   4.641933e+00
3.720000e+01   -2.687382e+00   -0.000000e+00   -0.000000e+00   2.523198e+02   6.321698e-06   4.579493e+00
3.730000e+01   -2.778482e+00   -0.000000e+00   -0.000000e+00   2.526658e+02   6.228211e-06   4.517958e+00
3.740000e+01   -2.569185e+00   -0.000000e+00   -0.000000e+00   2.530123e+02   6.136197e-06   4.457315e+00
3.750000e+01   -2.216519e+00   -0.000000e+00   -0.000000e+00   2.533589e+02   6.045641e-06   4.397551e+00
3.760000e+01   -1.880029e+00   -0.000000e+00   -0.000000e+00   2.537053e+02   5.956528e-06   4.338654e+00
3.770000e+01   -1.719259e+00   -0.000000e+00   -0.000000e+00   2.540510e+02   5.868844e-06   4.280612e+00
3.780000e+01   -1.878398e+00   -0.000000e+00   -0.000000e+00   2.543958e+02   5.782573e-06   4.223412e+00
3.790000e+01   -2.330594e+00   -0.000000e+00   -0.000000e+00   2.547393e+02   5.697699e-06   4.167041e+00
3.800000e+01   -2.979112e+00   -0.000000e+00   -0.000000e+00   2.550811e+02   5.614206e-06   4.111488e+00
3.810000e+01   -3.732099e+00   -0.000000e+00   -0.000000e+00   2.554209e+02   5.532079e-06   4.056740e+00
3.820000e+01   -4.497702e+00   -0.000000e+00   -0.000000e+00   2.557584e+02   5.451299e-06   4.002785e+00
3.830000e+01   -5.227634e+00   -0.000000e+00   -0.000000e+00   2.560932e+02   5.371851e-06   3.949610e+00
3.840000e+01   -6.108253e+00   -0.000000e+00   -0.000000e+00   2.564248e+02   5.293716e-06   3.897204e+00
3.850000e+01   -7.047656e+00   -0.000000e+00   -0.000000e+00   2.567531e+02   5.216878e-06   3.845552e+00
3.860000e+01   -7.894203e+00   -0.000000e+00   -0.000000e+00   2.570776e+02   5.141318e-06   3.794644e+00
3.870000e+01   -8.496252e+00   -0.000000e+00   -0.000000e+00   2.573980e+02   5.067018e-06   3.744467e+00
3.880000e+01   -8.681369e+00   -0.000000e+00   -0.000000e+00   2.577139e+02   4.993961e-06   3.695008e+00
3.890000e+01   -8.259917e+00   -0.000000e+00   -0.000000e+00   2.580251e+02   4.922128e-06   3.646256e+00
3.900000e+01   -7.396918e+00   -0.000000e+00   -0.000000e+00   2.583312e+02   4.851498e-06   3.598199e+00
3.910000e+01   -6.313521e+00   -0.000000e+00   -0.000000e+00   2.586325e+02   4.782050e-06   3.550828e+00
3.920000e+01   -5.230890e+00   -0.000000e+00   -0.000000e+00   2.589289e+02   4.713762e-06   3.504133e+00
3.930000e+01   -4.315540e+00   -0.000000e+00   -0.000000e+00   2.592205e+02   4.646613e-06   3.458105e+00
3.940000e+01   -3.270690e+00   -0.000000e+00   -0.000000e+00   2.595072e+02   4.580582e-06   3.412734e+00
3.950000e+01   -2.158680e+00   -0.000000e+00   -0.000000e+00   2.597892e+02   4.515648e-06   3.368010e+00
3.960000e+01   -1.162516e+00   -0.000000e+00   -0.000000e+00   2.600663e+02   4.451790e-06   3.323925e+00
3.970000e+01   -4.652061e-01   -0.000000e+00   -0.000000e+00   2.603387e+02   4.388990e-06   3.280467e+00
3.980000e+01   -2.095855e-01   -0.000000e+00   -0.000000e+00   2.606065e+02   4.327225e-06   3.237629e+00
3.990000e+01   -8.680081e-02   -0.000000e+00   -0.000000e+00   2.608695e+02   4.266478e-06   3.195399e+00
4.000000e+01   2.756102e-03   -0.000000e+00   -0.000000e+00   2.611279e+02   4.206727e-06   3.153769e+00
4.010000e+01   5.050608e-02   -0.000000e+00   -0.000000e+00   2.613816e+02   4.147954e-06   3.112729e+00
4.020000e+01   4.786998e-02   -0.000000e+00   -0.000000e+00   2.616307e+02   4.090140e-06   3.072270e+00
4.030000e+01   -5.197407e-02   -0.000000e+00   -0.000000e+00   2.618753e+02   4.033265e-06   3.032380e+00
4.040000e+01   -6.806931e-01   -0.000000e+00   -0.000000e+00   2.621153e+02   3.977311e-06   2.993053e+00
4.050000e+01   -1.768377e+00   -0.000000e+00   -0.000000e+00   2.623508e+02   3.922259e-06   2.954276e+00
4.060000e+01   -3.073637e+00   -0.000000e+00   -0.000000e+00   2.625819e+02   3.868091e-06   2.916042e+00
4.070000e+01   -4.355146e+00   -0.000000e+00   -0.000000e+00   2.628086e+02   3.814788e-06   2.878342e+00
4.080000e+01   -5.404436e+00   -0.000000e+00   -0.000000e+00   2.630312e+02   3.762333e-06   2.841168e+00
4.090000e+01   -6.513165e+00   -0.000000e+00   -0.000000e+00   2.632499e+02   3.710708e-06   2.804512e+00
4.100000e+01   -7.667488e+00   -0.000000e+00   -0.000000e+00   2.634649e+02   3.659895e-06   2.768368e+00
4.110000e+01   -8.679137e+00   -0.000000e+00   -0.000000e+00   2.636765e+02   3.609878e-06   2.732727e+00
4.120000e+01   -9.359845e+00   -0.000000e+00   -0.000000e+00   2.638848e+02   3.560639e-06   2.697582e+00
4.130000e+01   -9.534372e+00   -0.000000e+00   -0.000000e+00   2.640900e+02   3.512163e-06   2.662925e+00
4.140000e+01   -9.345714e+00   -0.000000e+00   -0.000000e+00   2.642923e+02   3.464433e-06   2.628748e+00
4.150000e+01   -8.964154e+00   -0.000000e+00   -0.000000e+00   2.644920e+02   3.417432e-06   2.595044e+00
4.160000e+01   -8.487038e+00   -0.000000e+00   -0.000000e+00   2.646892e+02   3.371146e-06   2.561806e+00
4.170000e+01   -8.011714e+00   -0.000000e+00   -0.000000e+00   2.648842e+02   3.325559e-06   2.529024e+00
4.180000e+01   -7.627879e+00   -0.000000e+00   -0.000000e+00   2.650772e+02   3.280655e-06   2.496693e+00
4.190000e+01   -7.234665e+00   -0.000000e+00   -0.000000e+00   2.652683e+02   3.236419e-06   2.464804e+00
4.200000e+01   -6.820311e+00   -0.000000e+00   -0.000000e+00   2.654578e+02   3.192836e-06   2.433349e+00
4.210000e+01   -6.452756e+00   -0.000000e+00   -0.000000e+00   2.656459e+02   3.149892e-06   2.402322e+00
4.220000e+01   -6.199934e+00   -0.000000e+00   -0.000000e+00   2.658328e+02   3.107573e-06   2.371713e+00
4.230000e+01   -6.135067e+00   -0.000000e+00   -0.000000e+00   2.660187e+02   3.065863e-06   2.341516e+00
4.240000e+01   -6.434426e+00   -0.000000e+00   -0.000000e+00   2.662037e+02   3.024752e-06   2.311725e+00
4.250000e+01   -7.004553e+00   -0.000000e+00   -0.000000e+00   2.663876e+02   2.984231e-06   2.282332e+00
4.260000e+01   -7.638046e+00   -0.000000e+00   -0.000000e+00   2.665705e+02   2.944293e-06   2.253333e+00
4.270000e+01   -8.127504e+00   -0.000000e+00   -0.000000e+00   2.667521e+02   2.904930e-06   2.224723e+00
4.280000e+01   -8.271158e+00   -0.000000e+00   -0.000000e+00   2.669325e+02   2.866135e-06   2.196496e+00
4.290000e+01   -8.179397e+00   -0.000000e+00   -0.000000e+00   2.671114e+02   2.827900e-06   2.168647e+00
4.300000e+01   -8.014372e+00   -0.000000e+00   -0.000000e+00   2.672888e+02   2.790216e-06   2.141169e+00
4.310000e+01   -7.827353e+00   -0.000000e+00   -0.000000e+00   2.674646e+02   2.753077e-06   2.114059e+00
4.320000e+01   -7.669609e+00   -0.000000e+00   -0.000000e+00   2.676387e+02   2.716474e-06   2.087310e+00
4.330000e+01   -7.594199e+00   -0.000000e+00   -0.000000e+00   2.678110e+02   2.680400e-06   2.060916e+00
4.340000e+01   -7.736365e+00   -0.000000e+00   -0.000000e+00   2.679813e+02   2.644847e-06   2.034873e+00
4.350000e+01   -8.059812e+00   -0.000000e+00   -0.000000e+00   2.681497e+02   2.609806e-06   2.009176e+00
4.360000e+01   -8.429308e+00   -0.000000e+00   -0.000000e+00   2.683159e+02   2.575271e-06   1.983817e+00
4.370000e+01   -8.709623e+00   -0.000000e+00   -0.000000e+00   2.684799e+02   2.541233e-06   1.958793e+00
4.380000e+01   -8.764980e+00   -0.000000e+00   -0.000000e+00   2.686416e+02   2.507685e-06   1.934098e+00
4.390000e+01   -8.446790e+00   -0.000000e+00   -0.000000e+00   2.688008e+02   2.474618e-06   1.909726e+00
4.400000e+01   -7.793902e+00   -0.000000e+00   -0.000000e+00   2.689575e+02   2.442025e-06   1.885672e+00
4.410000e+01   -6.923302e+00   -0.000000e+00   -0.000000e+00   2.691116e+02   2.409897e-06   1.861930e+00
4.420000e+01   -5.952283e+00   -0.000000e+00   -0.000000e+00   2.692631e+02   2.378228e-06   1.838496e+00
4.430000e+01   -4.997271e+00   -0.000000e+00   -0.000000e+00   2.694119e+02   2.347010e-06   1.815365e+00
4.440000e+01   -3.833537e+00   -0.000000e+00   -0.000000e+00   2.695582e+02   2.316235e-06   1.792534e+00
4.450000e+01   -2.407776e+00   -0.000000e+00   -0.000000e+00   2.697022e+02   2.285895e-06   1.769999e+00
4.460000e+01   -9.710302e-01   -0.000000e+00   -0.000000e+00   2.698437e+02   2.255985e-06   1.747757e+00
4.470000e+01   2.256584e-01   -0.000000e+00   -0.000000e+00   2.699830e+02   2.226497e-06   1.725802e+00
4.480000e+01   9.316407e-01   -0.000000e+00   -0.000000e+00   2.701202e+02   2.197423e-06   1.704131e+00
4.490000e+01   1.316120e+00   -0.000000e+00   -0.000000e+00   2.702552e+02   2.168757e-06   1.682742e+00
4.500000e+01   1.662661e+00   -0.000000e+00   -0.000000e+00   2.703883e+02   2.140493e-06   1.661629e+00
4.510000e+01   1.961037e+00   -0.000000e+00   -0.000000e+00   2.705194e+02   2.112622e-06   1.640788e+00
4.520000e+01   2.201017e+00   -0.000000e+00   -0.000000e+00   2.706487e+02   2.085138e-06   1.620217e+00
4.530000e+01   2.372375e+00   -0.000000e+00   -0.000000e+00   2.707763e+02   2.058035e-06   1.599911e+00
4.540000e+01   2.106052e+00   -0.000000e+00   -0.000000e+00   2.709022e+02   2.031306e-06   1.579867e+00
4.550000e+01   1.283605e+00   -0.000000e+00   -0.000000e+00   2.710266e+02   2.004945e-06   1.560079e+00
4.560000e+01   2.707200e-01   -0.000000e+00   -0.000000e+00   2.711494e+02   1.978944e-06   1.540546e+00
4.570000e+01   -5.669153e-01   -0.000000e+00   -0.000000e+00   2.712709e+02   1.953298e-06   1.521262e+00
4.580000e+01   -8.636136e-01   -0.000000e+00   -0.000000e+00   2.713910e+02   1.928000e-06   1.502225e+00
4.590000e+01   -6.075739e-01   -0.000000e+00   -0.000000e+00   2.715099e+02   1.903044e-06   1.483429e+00
4.600000e+01   -1.553483e-01   -0.000000e+00   -0.000000e+00   2.716277e+02   1.878423e-06   1.464872e+00
4.610000e+01   3.632345e-01   -0.000000e+00   -0.000000e+00   2.717440e+02   1.854134e-06   1.446550e+00
4.620000e+01   8.185554e-01   -0.000000e+00   -0.000000e+00   2.718586e+02   1.830175e-06   1.428460e+00
4.630000e+01   1.080992e+00   -0.000000e+00   -0.000000e+00   2.719710e+02   1.806545e-06   1.410599e+00
4.640000e+01   9.560226e-01   -0.000000e+00   -0.000000e+00   2.720806e+02   1.783241e-06   1.392964e+00
4.650000e+01   4.515642e-01   -0.000000e+00   -0.000000e+00   2.721873e+02   1.760261e-06   1.375552e+00
4.660000e+01   -2.073423e-01   -0.000000e+00   -0.000000e+00   2.722903e+02   1.737603e-06   1.358361e+00
4.670000e+01   -7.950619e-01   -0.000000e+00   -0.000000e+00   2.723895e+02   1.715265e-06   1.341387e+00
4.680000e+01   -1.085959e+00   -0.000000e+00   -0.000000e+00   2.724843e+02   1.693245e-06   1.324627e+00
4.690000e+01   -1.094244e+00   -0.000000e+00   -0.000000e+00   2.725742e+02   1.671539e-06   1.308078e+00
4.700000e+01   -1.088743e+00   -0.000000e+00   -0.000000e+00   2.726589e+02   1.650145e-06   1.291738e+00
4.710000e+01   -1.087473e+00   -0.000000e+00   -0.000000e+00   2.727380e+02   1.629061e-06   1.275603e+00
4.720000e+01   -1.105892e+00   -0.000000e+00   -0.000000e+00   2.728109e+02   1.608284e-06   1.259670e+00
4.730000e+01   -1.159460e+00   -0.000000e+00   -0.000000e+00   2.728773e+02   1.587810e-06   1.243937e+00
4.740000e+01   -1.392542e+00   -0.000000e+00   -0.000000e+00   2.729368e+02   1.567637e-06   1.228400e+00
4.750000e+01   -1.919927e+00   -0.000000e+00   -0.000000e+00   2.729888e+02   1.547761e-06   1.213057e+00
4.760000e+01   -2.567918e+00   -0.000000e+00   -0.000000e+00   2.730330e+02   1.528181e-06   1.197905e+00
4.770000e+01   -3.159199e+00   -0.000000e+00   -0.000000e+00   2.730690e+02   1.508891e-06   1.182940e+00
4.780000e+01   -3.516451e+00   -0.000000e+00   -0.000000e+00   2.730963e+02   1.489889e-06   1.168159e+00
4.790000e+01   -3.585674e+00   -0.000000e+00   -0.000000e+00   2.731145e+02   1.471172e-06   1.153561e+00
4.800000e+01   -3.539980e+00   -0.000000e+00   -0.000000e+00   2.731235e+02   1.452735e-06   1.139142e+00
4.810000e+01   -3.425985e+00   -0.000000e+00   -0.000000e+00   2.731236e+02   1.434571e-06   1.124899e+00
4.820000e+01   -3.286331e+00   -0.000000e+00   -0.000000e+00   2.731152e+02   1.416675e-06   1.110832e+00
4.830000e+01   -3.163658e+00   -0.000000e+00   -0.000000e+00   2.730987e+02   1.399040e-06   1.096938e+00
4.840000e+01   -3.022059e+00   -0.000000e+00   -0.000000e+00   2.730743e+02   1.381660e-06   1.083214e+00
4.850000e+01   -2.775260e+00   -0.000000e+00   -0.000000e+00   2.730424e+02   1.364531e-06   1.069660e+00
4.860000e+01   -2.521857e+00   -0.000000e+00   -0.000000e+00   2.730034e+02   1.347645e-06   1.056273e+00
4.870000e+01   -2.365766e+00   -0.000000e+00   -0.000000e+00   2.729577e+02   1.330998e-06   1.043050e+00
4.880000e+01   -2.410905e+00   -0.000000e+00   -0.000000e+00   2.729055e+02   1.314585e-06   1.029991e+00
4.890000e+01   -2.697940e+00   -0.000000e+00   -0.000000e+00   2.728472e+02   1.298399e-06   1.017092e+00
4.900000e+01   -3.099017e+00   -0.000000e+00   -0.000000e+00   2.727832e+02   1.282436e-06   1.004351e+00
4.910000e+01   -3.549011e+00   -0.000000e+00   -0.000000e+00   2.727137e+02   1.266691e-06   9.917680e-01
4.920000e+01   -3.987159e+00   -0.000000e+00   -0.000000e+00   2.726392e+02   1.251159e-06   9.793392e-01
4.930000e+01   -4.352701e+00   -0.000000e+00   -0.000000e+00   2.725601e+02   1.235834e-06   9.670631e-01
4.940000e+01   -4.609426e+00   -0.000000e+00   -0.000000e+00   2.724765e+02   1.220713e-06   9.549375e-01
4.950000e+01   -4.805742e+00   -0.000000e+00   -0.000000e+00   2.723889e+02   1.205790e-06   9.429606e-01
4.960000e+01   -4.974235e+00   -0.000000e+00   -0.000000e+00   2.722977e+02   1.191061e-06   9.311301e-01
4.970000e+01   -5.145325e+00   -0.000000e+00   -0.000000e+00   2.722032e+02   1.176521e-06   9.194441e-01
4.980000e+01   -5.349433e+00   -0.000000e+00   -0.000000e+00   2.721056e+02   1.162167e-06   9.079006e-01
4.990000e+01   -5.796632e+00   -0.000000e+00   -0.000000e+00   2.720054e+02   1.147993e-06   8.964975e-01
5.000000e+01   -6.850200e+00   -0.000000e+00   -0.000000e+00   2.719027e+02   1.133997e-06   8.852333e-01
5.010000e+01   -8.189814e+00   -0.000000e+00   -0.000000e+00   2.717974e+02   1.120177e-06   8.741063e-01
5.020000e+01   -9.456328e+00   -0.000000e+00   -0.000000e+00   2.716897e+02   1.106530e-06   8.631151e-01
5.030000e+01   -1.029059e+01   -0.000000e+00   -0.000000e+00   2.715796e+02   1.093054e-06   8.522580e-01
5.040000e+01   -1.021762e+01   -0.000000e+00   -0.000000e+00   2.714672e+02   1.079746e-06   8.415335e-01
5.050000e+01   -8.971746e+00   -0.000000e+00   -0.000000e+00   2.713525e+02   1.066605e-06   8.309400e-01
5.060000e+01   -7.161145e+00   -0.000000e+00   -0.000000e+00   2.712355e+02   1.053627e-06   8.204760e-01
5.070000e+01   -5.441763e+00   -0.000000e+00   -0.000000e+00   2.711164e+02   1.040811e-06   8.101399e-01
5.080000e+01   -4.469542e+00   -0.000000e+00   -0.000000e+00   2.709951e+02   1.028154e-06   7.999302e-01
5.090000e+01   -4.967844e+00   -0.000000e+00   -0.000000e+00   2.708718e+02   1.015654e-06   7.898453e-01
5.100000e+01   -7.139747e+00   -0.000000e+00   -0.000000e+00   2.707465e+02   1.003309e-06   7.798836e-01
5.110000e+01   -1.012690e+01   -0.000000e+00   -0.000000e+00   2.706192e+02   9.911157e-07   7.700437e-01
5.120000e+01   -1.301313e+01   -0.000000e+00   -0.000000e+00   2.704900e+02   9.790728e-07   7.603238e-01
5.130000e+01   -1.488226e+01   -0.000000e+00   -0.000000e+00   2.703590e+02   9.671777e-07   7.507226e-01
5.140000e+01   -1.525754e+01   -0.000000e+00   -0.000000e+00   2.702262e+02   9.554283e-07   7.412383e-01
5.150000e+01   -1.542650e+01   -0.000000e+00   -0.000000e+00   2.700916e+02   9.438222e-07   7.318696e-01
5.160000e+01   -1.557447e+01   -0.000000e+00   -0.000000e+00   2.699554e+02   9.323574e-07   7.226147e-01
5.170000e+01   -1.571627e+01   -0.000000e+00   -0.000000e+00   2.698175e+02   9.210316e-07   7.134721e-01
5.180000e+01   -1.586675e+01   -0.000000e+00   -0.000000e+00   2.696781e+02   9.098426e-07   7.044404e-01
5.190000e+01   -1.614836e+01   -0.000000e+00   -0.000000e+00   2.695370e+02   8.987886e-07   6.955180e-01
5.200000e+01   -1.694254e+01   -0.000000e+00   -0.000000e+00   2.693940e+02   8.878692e-07   6.867036e-01
5.210000e+01   -1.801227e+01   -0.000000e+00   -0.000000e+00   2.692488e+02   8.770839e-07   6.779961e-01
5.220000e+01   -1.904746e+01   -0.000000e+00   -0.000000e+00   2.691009e+02   8.664320e-07   6.693943e-01
5.230000e+01   -1.973799e+01   -0.000000e+00   -0.000000e+00   2.689501e+02   8.559131e-07   6.608969e-01
5.240000e+01   -1.972970e+01   -0.000000e+00   -0.000000e+00   2.687960e+02   8.455265e-07   6.525028e-01
5.250000e+01   -1.873863e+01   -0.000000e+00   -0.000000e+00   2.686383e+02   8.352715e-07   6.442106e-01
5.260000e+01   -1.705619e+01   -0.000000e+00   -0.000000e+00   2.684765e+02   8.251475e-07   6.360193e-01
5.270000e+01   -1.503146e+01   -0.000000e+00   -0.000000e+00   2.683105e+02   8.151537e-07   6.279276e-01
5.280000e+01   -1.301349e+01   -0.000000e+00   -0.000000e+00   2.681398e+02   8.052893e-07   6.199342e-01
5.290000e+01   -1.121082e+01   -0.000000e+00   -0.000000e+00   2.679642e+02   7.955534e-07   6.120381e-01
5.300000e+01   -9.115527e+00   -0.000000e+00   -0.000000e+00   2.677832e+02   7.859453e-07   6.042379e-01
5.310000e+01   -6.901423e+00   -0.000000e+00   -0.000000e+00   2.675965e+02   7.764640e-07   5.965324e-01
5.320000e+01   -4.881368e+00   -0.000000e+00   -0.000000e+00   2.674038e+02   7.671085e-07   5.889205e-01
5.330000e+01   -3.368222e+00   -0.000000e+00   -0.000000e+00   2.672047e+02   7.578780e-07   5.814009e-01
5.340000e+01   -2.567028e+00   -0.000000e+00   -0.000000e+00   2.669989e+02   7.487713e-07   5.739724e-01
5.350000e+01   -1.950659e+00   -0.000000e+00   -0.000000e+00   2.667861e+02   7.397875e-07   5.666339e-01
5.360000e+01   -1.429521e+00   -0.000000e+00   -0.000000e+00   2.665659e+02   7.309255e-07   5.593840e-01
5.370000e+01   -1.041823e+00   -0.000000e+00   -0.000000e+00   2.663380e+02   7.221842e-07   5.522216e-01
5.380000e+01   -8.257711e-01   -0.000000e+00   -0.000000e+00   2.661020e+02   7.135625e-07   5.451455e-01
5.390000e+01   -8.144424e-01   -0.000000e+00   -0.000000e+00   2.658577e+02   7.050589e-07   5.381545e-01
5.400000e+01   -9.820000e-01   -0.000000e+00   -0.000000e+00   2.656053e+02   6.966714e-07   5.312478e-01
5.410000e+01   -1.295082e+00   -0.000000e+00   -0.000000e+00   2.653450e+02   6.883977e-07   5.244243e-01
5.420000e+01   -1.725727e+00   -0.000000e+00   -0.000000e+00   2.650770e+02   6.802359e-07   5.176831e-01
5.430000e+01   -2.245972e+00   -0.000000e+00   -0.000000e+00   2.648015e+02   6.721838e-07   5.110234e-01
5.440000e+01   -2.934283e+00   -0.000000e+00   -0.000000e+00   2.645186e+02   6.642392e-07   5.044442e-01
5.450000e+01   -4.561559e+00   -0.000000e+00   -0.000000e+00   2.642286e+02   6.564004e-07   4.979446e-01
5.460000e+01   -6.805236e+00   -0.000000e+00   -0.000000e+00   2.639317e+02   6.486651e-07   4.915237e-01
5.470000e+01   -9.069197e+00   -0.000000e+00   -0.000000e+00   2.636281e+02   6.410315e-07   4.851805e-01
5.480000e+01   -1.075733e+01   -0.000000e+00   -0.000000e+00   2.633179e+02   6.334977e-07   4.789142e-01
5.490000e+01   -1.137210e+01   -0.000000e+00   -0.000000e+00   2.630014e+02   6.260617e-07   4.727239e-01
5.500000e+01   -1.159714e+01   -0.000000e+00   -0.000000e+00   2.626788e+02   6.187217e-07   4.666085e-01
5.510000e+01   -1.174777e+01   -0.000000e+00   -0.000000e+00   2.623502e+02   6.114758e-07   4.605673e-01
5.520000e+01   -1.188943e+01   -0.000000e+00   -0.000000e+00   2.620159e+02   6.043223e-07   4.545992e-01
5.530000e+01   -1.208754e+01   -0.000000e+00   -0.000000e+00   2.616761e+02   5.972593e-07   4.487034e-01
5.540000e+01   -1.242799e+01   -0.000000e+00   -0.000000e+00   2.613310e+02   5.902850e-07   4.428790e-01
5.550000e+01   -1.317495e+01   -0.000000e+00   -0.000000e+00   2.609807e+02   5.833978e-07   4.371249e-01
5.560000e+01   -1.426541e+01   -0.000000e+00   -0.000000e+00   2.606255e+02   5.765958e-07   4.314404e-01
5.570000e+01   -1.553772e+01   -0.000000e+00   -0.000000e+00   2.602656e+02   5.698775e-07   4.258245e-01
5.580000e+01   -1.683023e+01   -0.000000e+00   -0.000000e+00   2.599011e+02   5.632410e-07   4.202762e-01
5.590000e+01   -1.800324e+01   -0.000000e+00   -0.000000e+00   2.595324e+02   5.566848e-07   4.147947e-01
5.600000e+01   -1.925340e+01   -0.000000e+00   -0.000000e+00   2.591597e+02   5.502068e-07   4.093792e-01
5.610000e+01   -2.056867e+01   -0.000000e+00   -0.000000e+00   2.587836e+02   5.438053e-07   4.040290e-01
5.620000e+01   -2.181884e+01   -0.000000e+00   -0.000000e+00   2.584044e+02   5.374783e-07   3.987432e-01
5.630000e+01   -2.287371e+01   -0.000000e+00   -0.000000e+00   2.580227e+02   5.312240e-07   3.935211e-01
5.640000e+01   -2.361853e+01   -0.000000e+00   -0.000000e+00   2.576388e+02   5.250407e-07   3.883619e-01
5.650000e+01   -2.424877e+01   -0.000000e+00   -0.000000e+00   2.572532e+02   5.189265e-07   3.832649e-01
5.660000e+01   -2.483069e+01   -0.000000e+00   -0.000000e+00   2.568663e+02   5.128798e-07   3.782292e-01
5.670000e+01   -2.532158e+01   -0.000000e+00   -0.000000e+00   2.564785e+02   5.068989e-07   3.732542e-01
5.680000e+01   -2.567870e+01   -0.000000e+00   -0.000000e+00   2.560903e+02   5.009821e-07   3.683391e-01
5.690000e+01   -2.583949e+01   -0.000000e+00   -0.000000e+00   2.557022e+02   4.951279e-07   3.634830e-01
5.700000e+01   -2.535371e+01   -0.000000e+00   -0.000000e+00   2.553144e+02   4.893345e-07   3.586853e-01
5.710000e+01   -2.427384e+01   -0.000000e+00   -0.000000e+00   2.549276e+02   4.836005e-07   3.539451e-01
5.720000e+01   -2.289999e+01   -0.000000e+00   -0.000000e+00   2.545421e+02   4.779243e-07   3.492617e-01
5.730000e+01   -2.153230e+01   -0.000000e+00   -0.000000e+00   2.541583e+02   4.723044e-07   3.446344e-01
5.740000e+01   -2.045381e+01   -0.000000e+00   -0.000000e+00   2.537766e+02   4.667394e-07   3.400623e-01
5.750000e+01   -1.937771e+01   -0.000000e+00   -0.000000e+00   2.533976e+02   4.612277e-07   3.355447e-01
5.760000e+01   -1.824022e+01   -0.000000e+00   -0.000000e+00   2.530217e+02   4.557680e-07   3.310808e-01
5.770000e+01   -1.723935e+01   -0.000000e+00   -0.000000e+00   2.526492e+02   4.503589e-07   3.266698e-01
5.780000e+01   -1.657313e+01   -0.000000e+00   -0.000000e+00   2.522807e+02   4.449989e-07   3.223111e-01
5.790000e+01   -1.643005e+01   -0.000000e+00   -0.000000e+00   2.519164e+02   4.396870e-07   3.180038e-01
5.800000e+01   -1.651837e+01   -0.000000e+00   -0.000000e+00   2.515560e+02   4.344233e-07   3.137474e-01
5.810000e+01   -1.661312e+01   -0.000000e+00   -0.000000e+00   2.511991e+02   4.292085e-07   3.095415e-01
5.820000e+01   -1.670638e+01   -0.000000e+00   -0.000000e+00   2.508452e+02   4.240433e-07   3.053855e-01
5.830000e+01   -1.679025e+01   -0.000000e+00   -0.000000e+00   2.504937e+02   4.189281e-07   3.012789e-01
5.840000e+01   -1.683380e+01   -0.000000e+00   -0.000000e+00   2.501442e+02   4.138636e-07   2.972213e-01
5.850000e+01   -1.542542e+01   -0.000000e+00   -0.000000e+00   2.497961e+02   4.088502e-07   2.932123e-01
5.860000e+01   -1.235799e+01   -0.000000e+00   -0.000000e+00   2.494489e+02   4.038883e-07   2.892512e-01
5.870000e+01   -8.506704e+00   -0.000000e+00   -0.000000e+00   2.491022e+02   3.989783e-07   2.853377e-01
5.880000e+01   -4.746743e+00   -0.000000e+00   -0.000000e+00   2.487554e+02   3.941206e-07   2.814712e-01
5.890000e+01   -1.944252e+00   -0.000000e+00   -0.000000e+00   2.484080e+02   3.893156e-07   2.776513e-01
5.900000e+01   2.447496e-01   -0.000000e+00   -0.000000e+00   2.480595e+02   3.845635e-07   2.738775e-01
5.910000e+01   2.330523e+00   -0.000000e+00   -0.000000e+00   2.477095e+02   3.798646e-07   2.701493e-01
5.920000e+01   4.192885e+00   -0.000000e+00   -0.000000e+00   2.473574e+02   3.752192e-07   2.664663e-01
5.930000e+01   5.711652e+00   -0.000000e+00   -0.000000e+00   2.470027e+02   3.706273e-07   2.628278e-01
5.940000e+01   6.767909e+00   -0.000000e+00   -0.000000e+00   2.466448e+02   3.660892e-07   2.592336e-01
5.950000e+01   7.573071e+00   -0.000000e+00   -0.000000e+00   2.462834e+02   3.616049e-07   2.556830e-01
5.960000e+01   8.302612e+00   -0.000000e+00   -0.000000e+00   2.459179e+02   3.571746e-07   2.521757e-01
5.970000e+01   8.891110e+00   -0.000000e+00   -0.000000e+00   2.455478e+02   3.527984e-07   2.487110e-01
5.980000e+01   9.273144e+00   -0.000000e+00   -0.000000e+00   2.451726e+02   3.484762e-07   2.452886e-01
5.990000e+01   9.382819e+00   -0.000000e+00   -0.000000e+00   2.447919e+02   3.442079e-07   2.419080e-01
6.000000e+01   8.750109e+00   -0.000000e+00   -0.000000e+00   2.444056e+02   3.399929e-07   2.385686e-01
6.010000e+01   7.208032e+00   -0.000000e+00   -0.000000e+00   2.440141e+02   3.358301e-07   2.352702e-01
6.020000e+01   5.059866e+00   -0.000000e+00   -0.000000e+00   2.436175e+02   3.317187e-07   2.320122e-01
6.030000e+01   2.608893e+00   -0.000000e+00   -0.000000e+00   2.432160e+02   3.276577e-07   2.287942e-01
6.040000e+01   1.583943e-01   -0.000000e+00   -0.000000e+00   2.428099e+02   3.236463e-07   2.256157e-01
6.050000e+01   -3.055157e+00   -0.000000e+00   -0.000000e+00   2.423993e+02   3.196836e-07   2.224764e-01
6.060000e+01   -7.326865e+00   -0.000000e+00   -0.000000e+00   2.419844e+02   3.157687e-07   2.193758e-01
6.070000e+01   -1.165082e+01   -0.000000e+00   -0.000000e+00   2.415654e+02   3.119007e-07   2.163134e-01
6.080000e+01   -1.502111e+01   -0.000000e+00   -0.000000e+00   2.411426e+02   3.080788e-07   2.132888e-01
6.090000e+01   -1.643182e+01   -0.000000e+00   -0.000000e+00   2.407160e+02   3.043023e-07   2.103016e-01
6.100000e+01   -1.630089e+01   -0.000000e+00   -0.000000e+00   2.402861e+02   3.005702e-07   2.073513e-01
6.110000e+01   -1.597237e+01   -0.000000e+00   -0.000000e+00   2.398528e+02   2.968817e-07   2.044375e-01
6.120000e+01   -1.557126e+01   -0.000000e+00   -0.000000e+00   2.394165e+02   2.932361e-07   2.015598e-01
6.130000e+01   -1.522102e+01   -0.000000e+00   -0.000000e+00   2.389773e+02   2.896326e-07   1.987177e-01
6.140000e+01   -1.504516e+01   -0.000000e+00   -0.000000e+00   2.385355e+02   2.860703e-07   1.959107e-01
6.150000e+01   -1.512279e+01   -0.000000e+00   -0.000000e+00   2.380912e+02   2.825486e-07   1.931385e-01
6.160000e+01   -1.537323e+01   -0.000000e+00   -0.000000e+00   2.376447e+02   2.790666e-07   1.904006e-01
6.170000e+01   -1.568406e+01   -0.000000e+00   -0.000000e+00   2.371961e+02   2.756237e-07   1.876966e-01
6.180000e+01   -1.594291e+01   -0.000000e+00   -0.000000e+00   2.367457e+02   2.722189e-07   1.850260e-01
6.190000e+01   -1.603766e+01   -0.000000e+00   -0.000000e+00   2.362935e+02   2.688519e-07   1.823884e-01
6.200000e+01   -1.594550e+01   -0.000000e+00   -0.000000e+00   2.358398e+02   2.655221e-07   1.797836e-01
6.210000e+01   -1.577818e+01   -0.000000e+00   -0.000000e+00   2.353844e+02   2.622293e-07   1.772112e-01
6.220000e+01   -1.558111e+01   -0.000000e+00   -0.000000e+00   2.349276e+02   2.589732e-07   1.746712e-01
6.230000e+01   -1.539887e+01   -0.000000e+00   -0.000000e+00   2.344693e+02   2.557535e-07   1.721631e-01
6.240000e+01   -1.527604e+01   -0.000000e+00   -0.000000e+00   2.340096e+02   2.525700e-07   1.696867e-01
6.250000e+01   -1.566657e+01   -0.000000e+00   -0.000000e+00   2.335486e+02   2.494223e-07   1.672418e-01
6.260000e+01   -1.703224e+01   -0.000000e+00   -0.000000e+00   2.330863e+02   2.463101e-07   1.648281e-01
6.270000e+01   -1.899165e+01   -0.000000e+00   -0.000000e+00   2.326227e+02   2.432333e-07   1.624454e-01
6.280000e+01   -2.115242e+01   -0.000000e+00   -0.000000e+00   2.321580e+02   2.401915e-07   1.600934e-01
6.290000e+01   -2.312218e+01   -0.000000e+00   -0.000000e+00   2.316921e+02   2.371844e-07   1.577719e-01
6.300000e+01   -2.497500e+01   -0.000000e+00   -0.000000e+00   2.312251e+02   2.342118e-07   1.554806e-01
6.310000e+01   -2.716723e+01   -0.000000e+00   -0.000000e+00   2.307572e+02   2.312733e-07   1.532191e-01
6.320000e+01   -2.930813e+01   -0.000000e+00   -0.000000e+00   2.302882e+02   2.283688e-07   1.509874e-01
6.330000e+01   -3.098825e+01   -0.000000e+00   -0.000000e+00   2.298184e+02   2.254979e-07   1.487851e-01
6.340000e+01   -3.179813e+01   -0.000000e+00   -0.000000e+00   2.293477e+02   2.226603e-07   1.466120e-01
6.350000e+01   -3.131494e+01   -0.000000e+00   -0.000000e+00   2.288761e+02   2.198559e-07   1.444678e-01
6.360000e+01   -2.962715e+01   -0.000000e+00   -0.000000e+00   2.284039e+02   2.170843e-07   1.423522e-01
6.370000e+01   -2.729114e+01   -0.000000e+00   -0.000000e+00   2.279309e+02   2.143453e-07   1.402651e-01
6.380000e+01   -2.487058e+01   -0.000000e+00   -0.000000e+00   2.274574e+02   2.116386e-07   1.382061e-01
6.390000e+01   -2.292882e+01   -0.000000e+00   -0.000000e+00   2.269836e+02   2.089636e-07   1.361750e-01
6.400000e+01   -2.163029e+01   -0.000000e+00   -0.000000e+00   2.265102e+02   2.063196e-07   1.341716e-01
6.410000e+01   -2.038556e+01   -0.000000e+00   -0.000000e+00   2.260378e+02   2.037060e-07   1.321957e-01
6.420000e+01   -1.928005e+01   -0.000000e+00   -0.000000e+00   2.255670e+02   2.011221e-07   1.302470e-01
6.430000e+01   -1.843203e+01   -0.000000e+00   -0.000000e+00   2.250985e+02   1.985672e-07   1.283253e-01
6.440000e+01   -1.795980e+01   -0.000000e+00   -0.000000e+00   2.246327e+02   1.960407e-07   1.264304e-01
6.450000e+01   -1.785989e+01   -0.000000e+00   -0.000000e+00   2.241704e+02   1.935421e-07   1.245621e-01
6.460000e+01   -1.785703e+01   -0.000000e+00   -0.000000e+00   2.237121e+02   1.910707e-07   1.227202e-01
6.470000e+01   -1.789844e+01   -0.000000e+00   -0.000000e+00   2.232584e+02   1.886260e-07   1.209043e-01
6.480000e+01   -1.794558e+01   -0.000000e+00   -0.000000e+00   2.228100e+02   1.862075e-07   1.191144e-01
6.490000e+01   -1.795991e+01   -0.000000e+00   -0.000000e+00   2.223675e+02   1.838146e-07   1.173502e-01
6.500000e+01   -1.776404e+01   -0.000000e+00   -0.000000e+00   2.219313e+02   1.814469e-07   1.156114e-01
6.510000e+01   -1.708531e+01   -0.000000e+00   -0.000000e+00   2.215023e+02   1.791038e-07   1.138978e-01
6.520000e+01   -1.620374e+01   -0.000000e+00   -0.000000e+00   2.210809e+02   1.767848e-07   1.122092e-01
6.530000e+01   -1.543012e+01   -0.000000e+00   -0.000000e+00   2.206677e+02   1.744896e-07   1.105454e-01
6.540000e+01   -1.507523e+01   -0.000000e+00   -0.000000e+00   2.202635e+02   1.722177e-07   1.089062e-01
6.550000e+01   -1.537619e+01   -0.000000e+00   -0.000000e+00   2.198687e+02   1.699686e-07   1.072913e-01
6.560000e+01   -1.618045e+01   -0.000000e+00   -0.000000e+00   2.194840e+02   1.677420e-07   1.057005e-01
6.570000e+01   -1.730537e+01   -0.000000e+00   -0.000000e+00   2.191100e+02   1.655375e-07   1.041336e-01
6.580000e+01   -1.857726e+01   -0.000000e+00   -0.000000e+00   2.187465e+02   1.633551e-07   1.025903e-01
6.590000e+01   -1.982144e+01   -0.000000e+00   -0.000000e+00   2.183919e+02   1.611961e-07   1.010703e-01
6.600000e+01   -2.097744e+01   -0.000000e+00   -0.000000e+00   2.180443e+02   1.590615e-07   9.957314e-02
6.610000e+01   -2.229185e+01   -0.000000e+00   -0.000000e+00   2.177019e+02   1.569523e-07   9.809851e-02
6.620000e+01   -2.363687e+01   -0.000000e+00   -0.000000e+00   2.173629e+02   1.548696e-07   9.664602e-02
6.630000e+01   -2.484658e+01   -0.000000e+00   -0.000000e+00   2.170254e+02   1.528142e-07   9.521530e-02
6.640000e+01   -2.575507e+01   -0.000000e+00   -0.000000e+00   2.166876e+02   1.507870e-07   9.380597e-02
6.650000e+01   -2.629529e+01   -0.000000e+00   -0.000000e+00   2.163477e+02   1.487888e-07   9.241768e-02
6.660000e+01   -2.677618e+01   -0.000000e+00   -0.000000e+00   2.160039e+02   1.468203e-07   9.105004e-02
6.670000e+01   -2.723176e+01   -0.000000e+00   -0.000000e+00   2.156542e+02   1.448822e-07   8.970269e-02
6.680000e+01   -2.765635e+01   -0.000000e+00   -0.000000e+00   2.152970e+02   1.429751e-07   8.837524e-02
6.690000e+01   -2.804432e+01   -0.000000e+00   -0.000000e+00   2.149303e+02   1.410995e-07   8.706735e-02
6.700000e+01   -2.838240e+01   -0.000000e+00   -0.000000e+00   2.145523e+02   1.392559e-07   8.577862e-02
6.710000e+01   -2.863751e+01   -0.000000e+00   -0.000000e+00   2.141612e+02   1.374447e-07   8.450869e-02
6.720000e+01   -2.881811e+01   -0.000000e+00   -0.000000e+00   2.137552e+02   1.356665e-07   8.325720e-02
6.730000e+01   -2.893771e+01   -0.000000e+00   -0.000000e+00   2.133325e+02   1.339215e-07   8.202376e-02
6.740000e+01   -2.900982e+01   -0.000000e+00   -0.000000e+00   2.128911e+02   1.322101e-07   8.080800e-02
6.750000e+01   -2.897970e+01   -0.000000e+00   -0.000000e+00   2.124293e+02   1.305324e-07   7.960956e-02
6.760000e+01   -2.857160e+01   -0.000000e+00   -0.000000e+00   2.119453e+02   1.288889e-07   7.842807e-02
6.770000e+01   -2.791945e+01   -0.000000e+00   -0.000000e+00   2.114372e+02   1.272796e-07   7.726314e-02
6.780000e+01   -2.721509e+01   -0.000000e+00   -0.000000e+00   2.109056e+02   1.257033e-07   7.611448e-02
6.790000e+01   -2.664907e+01   -0.000000e+00   -0.000000e+00   2.103546e+02   1.241571e-07   7.498183e-02
6.800000e+01   -2.636758e+01   -0.000000e+00   -0.000000e+00   2.097883e+02   1.226379e-07   7.386496e-02
6.810000e+01   -2.620554e+01   -0.000000e+00   -0.000000e+00   2.092112e+02   1.211427e-07   7.276363e-02
6.820000e+01   -2.607998e+01   -0.000000e+00   -0.000000e+00   2.086274e+02   1.196685e-07   7.167762e-02
6.830000e+01   -2.594226e+01   -0.000000e+00   -0.000000e+00   2.080413e+02   1.182127e-07   7.060669e-02
6.840000e+01   -2.574373e+01   -0.000000e+00   -0.000000e+00   2.074571e+02   1.167724e-07   6.955060e-02
6.850000e+01   -2.545057e+01   -0.000000e+00   -0.000000e+00   2.068791e+02   1.153452e-07   6.850913e-02
6.860000e+01   -2.511787e+01   -0.000000e+00   -0.000000e+00   2.063116e+02   1.139284e-07   6.748202e-02
6.870000e+01   -2.472154e+01   -0.000000e+00   -0.000000e+00   2.057589e+02   1.125197e-07   6.646906e-02
6.880000e+01   -2.421839e+01   -0.000000e+00   -0.000000e+00   2.052253e+02   1.111167e-07   6.547001e-02
6.890000e+01   -2.356525e+01   -0.000000e+00   -0.000000e+00   2.047150e+02   1.097171e-07   6.448463e-02
6.900000e+01   -2.263786e+01   -0.000000e+00   -0.000000e+00   2.042323e+02   1.083188e-07   6.351268e-02
6.910000e+01   -2.093233e+01   -0.000000e+00   -0.000000e+00   2.037815e+02   1.069197e-07   6.255395e-02
6.920000e+01   -1.877332e+01   -0.000000e+00   -0.000000e+00   2.033669e+02   1.055178e-07   6.160818e-02
6.930000e+01   -1.665280e+01   -0.000000e+00   -0.000000e+00   2.029927e+02   1.041113e-07   6.067514e-02
6.940000e+01   -1.506274e+01   -0.000000e+00   -0.000000e+00   2.026633e+02   1.026985e-07   5.975461e-02
6.950000e+01   -1.439856e+01   -0.000000e+00   -0.000000e+00   2.023830e+02   1.012776e-07   5.884635e-02
6.960000e+01   -1.407972e+01   -0.000000e+00   -0.000000e+00   2.021559e+02   9.984712e-08   5.795012e-02
6.970000e+01   -1.386482e+01   -0.000000e+00   -0.000000e+00   2.019864e+02   9.840575e-08   5.706569e-02
6.980000e+01   -1.369740e+01   -0.000000e+00   -0.000000e+00   2.018783e+02   9.695245e-08   5.619283e-02
6.990000e+01   -1.352766e+01   -0.000000e+00   -0.000000e+00   2.018298e+02   9.548907e-08   5.533136e-02
7.000000e+01   -1.334313e+01   -0.000000e+00   -0.000000e+00   2.018358e+02   9.401904e-08   5.448117e-02
7.010000e+01   -1.342512e+01   -0.000000e+00   -0.000000e+00   2.018911e+02   9.254570e-08   5.364210e-02
7.020000e+01   -1.372132e+01   -0.000000e+00   -0.000000e+00   2.019906e+02   9.107222e-08   5.281404e-02
7.030000e+01   -1.407263e+01   -0.000000e+00   -0.000000e+00   2.021290e+02   8.960163e-08   5.199683e-02
7.040000e+01   -1.431992e+01   -0.000000e+00   -0.000000e+00   2.023012e+02   8.813680e-08   5.119036e-02
7.050000e+01   -1.432595e+01   -0.000000e+00   -0.000000e+00   2.025021e+02   8.668043e-08   5.039448e-02
7.060000e+01   -1.425013e+01   -0.000000e+00   -0.000000e+00   2.027265e+02   8.523505e-08   4.960906e-02
7.070000e+01   -1.412812e+01   -0.000000e+00   -0.000000e+00   2.029691e+02   8.380302e-08   4.883397e-02
7.080000e+01   -1.391671e+01   -0.000000e+00   -0.000000e+00   2.032250e+02   8.238656e-08   4.806907e-02
7.090000e+01   -1.357271e+01   -0.000000e+00   -0.000000e+00   2.034887e+02   8.098770e-08   4.731424e-02
7.100000e+01   -1.306453e+01   -0.000000e+00   -0.000000e+00   2.037553e+02   7.960834e-08   4.656932e-02
7.110000e+01   -1.252979e+01   -0.000000e+00   -0.000000e+00   2.040196e+02   7.825020e-08   4.583420e-02
7.120000e+01   -1.198038e+01   -0.000000e+00   -0.000000e+00   2.042763e+02   7.691488e-08   4.510874e-02
7.130000e+01   -1.136419e+01   -0.000000e+00   -0.000000e+00   2.045203e+02   7.560381e-08   4.439280e-02
7.140000e+01   -1.062912e+01   -0.000000e+00   -0.000000e+00   2.047465e+02   7.431833e-08   4.368625e-02
7.150000e+01   -9.717019e+00   -0.000000e+00   -0.000000e+00   2.049497e+02   7.305962e-08   4.298896e-02
7.160000e+01   -8.501108e+00   -0.000000e+00   -0.000000e+00   2.051246e+02   7.182876e-08   4.230079e-02
7.170000e+01   -7.032759e+00   -0.000000e+00   -0.000000e+00   2.052662e+02   7.062672e-08   4.162161e-02
7.180000e+01   -5.423856e+00   -0.000000e+00   -0.000000e+00   2.053692e+02   6.945439e-08   4.095128e-02
7.190000e+01   -3.786286e+00   -0.000000e+00   -0.000000e+00   2.054286e+02   6.831253e-08   4.028967e-02
7.200000e+01   -2.215969e+00   -0.000000e+00   -0.000000e+00   2.054396e+02   6.720171e-08   3.963664e-02
7.210000e+01   -4.569424e-01   -0.000000e+00   -0.000000e+00   2.054016e+02   6.612117e-08   3.899210e-02
7.220000e+01   1.501376e+00   -0.000000e+00   -0.000000e+00   2.053157e+02   6.506960e-08   3.835595e-02
7.230000e+01   3.502241e+00   -0.000000e+00   -0.000000e+00   2.051834e+02   6.404574e-08   3.772808e-02
7.240000e+01   5.388905e+00   -0.000000e+00   -0.000000e+00   2.050057e+02   6.304839e-08   3.710841e-02
7.250000e+01   7.018380e+00   -0.000000e+00   -0.000000e+00   2.047840e+02   6.207644e-08   3.649684e-02
7.260000e+01   8.668162e+00   -0.000000e+00   -0.000000e+00   2.045196e+02   6.112877e-08   3.589327e-02
7.270000e+01   1.032790e+01   -0.000000e+00   -0.000000e+00   2.042136e+02   6.020438e-08   3.529760e-02
7.280000e+01   1.175830e+01   -0.000000e+00   -0.000000e+00   2.038674e+02   5.930226e-08   3.470974e-02
7.290000e+01   1.272004e+01   -0.000000e+00   -0.000000e+00   2.034822e+02   5.842147e-08   3.412960e-02
7.300000e+01   1.296768e+01   -0.000000e+00   -0.000000e+00   2.030592e+02   5.756110e-08   3.355707e-02
7.310000e+01   1.212724e+01   -0.000000e+00   -0.000000e+00   2.025997e+02   5.672028e-08   3.299207e-02
7.320000e+01   1.038463e+01   -0.000000e+00   -0.000000e+00   2.021050e+02   5.589819e-08   3.243449e-02
7.330000e+01   8.155473e+00   -0.000000e+00   -0.000000e+00   2.015763e+02   5.509401e-08   3.188425e-02
7.340000e+01   5.855410e+00   -0.000000e+00   -0.000000e+00   2.010148e+02   5.430697e-08   3.134123e-02
7.350000e+01   3.888738e+00   -0.000000e+00   -0.000000e+00   2.004219e+02   5.353634e-08   3.080536e-02
7.360000e+01   1.872450e+00   -0.000000e+00   -0.000000e+00   1.997988e+02   5.278138e-08   3.027652e-02
7.370000e+01   -3.134144e-01   -0.000000e+00   -0.000000e+00   1.991467e+02   5.204142e-08   2.975464e-02
7.380000e+01   -2.318167e+00   -0.000000e+00   -0.000000e+00   1.984669e+02   5.131579e-08   2.923960e-02
7.390000e+01   -3.791123e+00   -0.000000e+00   -0.000000e+00   1.977607e+02   5.060382e-08   2.873132e-02
7.400000e+01   -4.387232e+00   -0.000000e+00   -0.000000e+00   1.970292e+02   4.990491e-08   2.822970e-02
7.410000e+01   -4.492305e+00   -0.000000e+00   -0.000000e+00   1.962738e+02   4.921843e-08   2.773464e-02
7.420000e+01   -4.517680e+00   -0.000000e+00   -0.000000e+00   1.954957e+02   4.854381e-08   2.724604e-02
7.430000e+01   -4.465650e+00   -0.000000e+00   -0.000000e+00   1.946962e+02   4.788046e-08   2.676382e-02
7.440000e+01   -4.338510e+00   -0.000000e+00   -0.000000e+00   1.938765e+02   4.722782e-08   2.628787e-02
7.450000e+01   -4.138536e+00   -0.000000e+00   -0.000000e+00   1.930380e+02   4.658535e-08   2.581811e-02
7.460000e+01   -3.449665e+00   -0.000000e+00   -0.000000e+00   1.921823e+02   4.595251e-08   2.535450e-02
7.470000e+01   -2.146084e+00   -0.000000e+00   -0.000000e+00   1.913111e+02   4.532877e-08   2.489697e-02
7.480000e+01   -5.113205e-01   -0.000000e+00   -0.000000e+00   1.904262e+02   4.471363e-08   2.444550e-02
7.490000e+01   1.171100e+00   -0.000000e+00   -0.000000e+00   1.895291e+02   4.410659e-08   2.400003e-02
7.500000e+01   2.618134e+00   -0.000000e+00   -0.000000e+00   1.886217e+02   4.350718e-08   2.356052e-02
7.510000e+01   4.017677e+00   -0.000000e+00   -0.000000e+00   1.877056e+02   4.291493e-08   2.312693e-02
7.520000e+01   5.533536e+00   -0.000000e+00   -0.000000e+00   1.867824e+02   4.232941e-08   2.269920e-02
7.530000e+01   6.930855e+00   -0.000000e+00   -0.000000e+00   1.858539e+02   4.175018e-08   2.227730e-02
7.540000e+01   7.974778e+00   -0.000000e+00   -0.000000e+00   1.849218e+02   4.117683e-08   2.186117e-02
7.550000e+01   8.430449e+00   -0.000000e+00   -0.000000e+00   1.839878e+02   4.060894e-08   2.145078e-02
7.560000e+01   8.466233e+00   -0.000000e+00   -0.000000e+00   1.830535e+02   4.004614e-08   2.104608e-02
7.570000e+01   8.413370e+00   -0.000000e+00   -0.000000e+00   1.821207e+02   3.948803e-08   2.064701e-02
7.580000e+01   8.281318e+00   -0.000000e+00   -0.000000e+00   1.811911e+02   3.893426e-08   2.025355e-02
7.590000e+01   8.079534e+00   -0.000000e+00   -0.000000e+00   1.802663e+02   3.838448e-08   1.986563e-02
7.600000e+01   7.817474e+00   -0.000000e+00   -0.000000e+00   1.793480e+02   3.783834e-08   1.948323e-02
7.610000e+01   7.114893e+00   -0.000000e+00   -0.000000e+00   1.784379e+02   3.729552e-08   1.910628e-02
7.620000e+01   5.782807e+00   -0.000000e+00   -0.000000e+00   1.775378e+02   3.675571e-08   1.873475e-02
7.630000e+01   4.210949e+00   -0.000000e+00   -0.000000e+00   1.766493e+02   3.621860e-08   1.836859e-02
7.640000e+01   2.789582e+00   -0.000000e+00   -0.000000e+00   1.757741e+02   3.568392e-08   1.800776e-02
7.650000e+01   1.908971e+00   -0.000000e+00   -0.000000e+00   1.749139e+02   3.515138e-08   1.765221e-02
7.660000e+01   1.490992e+00   -0.000000e+00   -0.000000e+00   1.740704e+02   3.462074e-08   1.730189e-02
7.670000e+01   1.084060e+00   -0.000000e+00   -0.000000e+00   1.732453e+02   3.409174e-08   1.695676e-02
7.680000e+01   6.955009e-01   -0.000000e+00   -0.000000e+00   1.724402e+02   3.356417e-08   1.661678e-02
7.690000e+01   3.347470e-01   -0.000000e+00   -0.000000e+00   1.716570e+02   3.303780e-08   1.628190e-02
7.700000e+01   1.123134e-02   -0.000000e+00   -0.000000e+00   1.708972e+02   3.251245e-08   1.595207e-02
7.710000e+01   -2.497032e-01   -0.000000e+00   -0.000000e+00   1.701626e+02   3.198792e-08   1.562724e-02
7.720000e+01   -4.604451e-01   -0.000000e+00   -0.000000e+00   1.694548e+02   3.146406e-08   1.530739e-02
7.730000e+01   -6.860315e-01   -0.000000e+00   -0.000000e+00   1.687756e+02   3.094073e-08   1.499245e-02
7.740000e+01   -9.903982e-01   -0.000000e+00   -0.000000e+00   1.681256e+02   3.041797e-08   1.468238e-02
7.750000e+01   -1.432187e+00   -0.000000e+00   -0.000000e+00   1.675020e+02   2.989651e-08   1.437715e-02
7.760000e+01   -2.699412e+00   -0.000000e+00   -0.000000e+00   1.669009e+02   2.937719e-08   1.407671e-02
7.770000e+01   -5.363508e+00   -0.000000e+00   -0.000000e+00   1.663184e+02   2.886084e-08   1.378103e-02
7.780000e+01   -8.604803e+00   -0.000000e+00   -0.000000e+00   1.657509e+02   2.834822e-08   1.349006e-02
7.790000e+01   -1.158605e+01   -0.000000e+00   -0.000000e+00   1.651945e+02   2.784006e-08   1.320377e-02
7.800000e+01   -1.346999e+01   -0.000000e+00   -0.000000e+00   1.646453e+02   2.733707e-08   1.292212e-02
7.810000e+01   -1.390172e+01   -0.000000e+00   -0.000000e+00   1.640997e+02   2.683990e-08   1.264506e-02
7.820000e+01   -1.363204e+01   -0.000000e+00   -0.000000e+00   1.635538e+02   2.634916e-08   1.237256e-02
7.830000e+01   -1.308786e+01   -0.000000e+00   -0.000000e+00   1.630037e+02   2.586545e-08   1.210459e-02
7.840000e+01   -1.268255e+01   -0.000000e+00   -0.000000e+00   1.624458e+02   2.538930e-08   1.184109e-02
7.850000e+01   -1.282951e+01   -0.000000e+00   -0.000000e+00   1.618761e+02   2.492123e-08   1.158203e-02
7.860000e+01   -1.366573e+01   -0.000000e+00   -0.000000e+00   1.612910e+02   2.446170e-08   1.132737e-02
7.870000e+01   -1.473650e+01   -0.000000e+00   -0.000000e+00   1.606865e+02   2.401116e-08   1.107707e-02
7.880000e+01   -1.588958e+01   -0.000000e+00   -0.000000e+00   1.600589e+02   2.357003e-08   1.083110e-02
7.890000e+01   -1.698633e+01   -0.000000e+00   -0.000000e+00   1.594044e+02   2.313869e-08   1.058940e-02
7.900000e+01   -1.788812e+01   -0.000000e+00   -0.000000e+00   1.587192e+02   2.271750e-08   1.035195e-02
7.910000e+01   -1.846007e+01   -0.000000e+00   -0.000000e+00   1.579994e+02   2.230680e-08   1.011871e-02
7.920000e+01   -1.869771e+01   -0.000000e+00   -0.000000e+00   1.572414e+02   2.190690e-08   9.889629e-03
7.930000e+01   -1.870185e+01   -0.000000e+00   -0.000000e+00   1.564412e+02   2.151809e-08   9.664673e-03
7.940000e+01   -1.857516e+01   -0.000000e+00   -0.000000e+00   1.555951e+02   2.114067e-08   9.443804e-03
7.950000e+01   -1.842029e+01   -0.000000e+00   -0.000000e+00   1.546992e+02   2.077491e-08   9.226980e-03
7.960000e+01   -1.821592e+01   -0.000000e+00   -0.000000e+00   1.537499e+02   2.042106e-08   9.014165e-03
7.970000e+01   -1.777913e+01   -0.000000e+00   -0.000000e+00   1.527480e+02   2.007879e-08   8.805326e-03
7.980000e+01   -1.726758e+01   0.000000e+00   0.000000e+00   1.517026e+02   1.974676e-08   8.600452e-03
7.990000e+01   -1.685651e+01   0.000000e+00   0.000000e+00   1.506236e+02   1.942360e-08   8.399532e-03
8.000000e+01   -1.672119e+01   0.000000e+00   0.000000e+00   1.495208e+02   1.910799e-08   8.202553e-03
8.010000e+01   -1.691671e+01   0.000000e+00   0.000000e+00   1.484041e+02   1.879869e-08   8.009505e-03
8.020000e+01   -1.717937e+01   0.000000e+00   0.000000e+00   1.472833e+02   1.849447e-08   7.820376e-03
8.030000e+01   -1.747676e+01   0.000000e+00   0.000000e+00   1.461683e+02   1.819418e-08   7.635156e-03
8.040000e+01   -1.779568e+01   0.000000e+00   0.000000e+00   1.450690e+02   1.789669e-08   7.453831e-03
8.050000e+01   -1.812294e+01   0.000000e+00   0.000000e+00   1.439952e+02   1.760094e-08   7.276393e-03
8.060000e+01   -1.861794e+01   0.000000e+00   0.000000e+00   1.429568e+02   1.730589e-08   7.102828e-03
8.070000e+01   -1.966161e+01   0.000000e+00   0.000000e+00   1.419637e+02   1.701059e-08   6.933126e-03
8.080000e+01   -2.093028e+01   0.000000e+00   0.000000e+00   1.410257e+02   1.671410e-08   6.767275e-03
8.090000e+01   -2.205049e+01   0.000000e+00   0.000000e+00   1.401527e+02   1.641558e-08   6.605264e-03
8.100000e+01   -2.264890e+01   0.000000e+00   0.000000e+00   1.393542e+02   1.611427e-08   6.447080e-03
8.110000e+01   -2.254199e+01   0.000000e+00   0.000000e+00   1.386346e+02   1.580999e-08   6.292677e-03
8.120000e+01   -2.222016e+01   0.000000e+00   0.000000e+00   1.379958e+02   1.550283e-08   6.141994e-03
8.130000e+01   -2.175668e+01   0.000000e+00   0.000000e+00   1.374396e+02   1.519297e-08   5.994969e-03
8.140000e+01   -2.117041e+01   0.000000e+00   0.000000e+00   1.369676e+02   1.488059e-08   5.851539e-03
8.150000e+01   -2.048019e+01   0.000000e+00   0.000000e+00   1.365816e+02   1.456588e-08   5.711643e-03
8.160000e+01   -1.924067e+01   0.000000e+00   0.000000e+00   1.362833e+02   1.424909e-08   5.575219e-03
8.170000e+01   -1.602744e+01   0.000000e+00   0.000000e+00   1.360745e+02   1.393047e-08   5.442204e-03
8.180000e+01   -1.171419e+01   0.000000e+00   0.000000e+00   1.359568e+02   1.361033e-08   5.312536e-03
8.190000e+01   -7.409944e+00   0.000000e+00   0.000000e+00   1.359321e+02   1.328896e-08   5.186154e-03
8.200000e+01   -4.223761e+00   0.000000e+00   0.000000e+00   1.360020e+02   1.296671e-08   5.062994e-03
8.210000e+01   -2.815515e+00   0.000000e+00   0.000000e+00   1.361684e+02   1.264392e-08   4.942995e-03
8.220000e+01   -1.778312e+00   0.000000e+00   0.000000e+00   1.364328e+02   1.232097e-08   4.826095e-03
8.230000e+01   -9.398854e-01   0.000000e+00   0.000000e+00   1.367971e+02   1.199824e-08   4.712232e-03
8.240000e+01   -3.577199e-01   0.000000e+00   0.000000e+00   1.372630e+02   1.167613e-08   4.601343e-03
8.250000e+01   -8.930209e-02   0.000000e+00   0.000000e+00   1.378322e+02   1.135505e-08   4.493367e-03
8.260000e+01   -2.789521e-01   0.000000e+00   0.000000e+00   1.385064e+02   1.103540e-08   4.388240e-03
8.270000e+01   -1.258507e+00   0.000000e+00   0.000000e+00   1.392874e+02   1.071761e-08   4.285902e-03
8.280000e+01   -2.702157e+00   0.000000e+00   0.000000e+00   1.401770e+02   1.040208e-08   4.186290e-03
8.290000e+01   -4.200670e+00   0.000000e+00   0.000000e+00   1.411767e+02   1.008923e-08   4.089342e-03
8.300000e+01   -5.344813e+00   0.000000e+00   0.000000e+00   1.422885e+02   9.779444e-09   3.994996e-03
8.310000e+01   -5.859602e+00   0.000000e+00   0.000000e+00   1.435129e+02   9.473195e-09   3.903190e-03
8.320000e+01   -6.300110e+00   0.000000e+00   0.000000e+00   1.448424e+02   9.171423e-09   3.813860e-03
8.330000e+01   -6.793834e+00   0.000000e+00   0.000000e+00   1.462664e+02   8.875159e-09   3.726947e-03
8.340000e+01   -7.351119e+00   0.000000e+00   0.000000e+00   1.477742e+02   8.585289e-09   3.642386e-03
8.350000e+01   -7.982314e+00   0.000000e+00   0.000000e+00   1.493551e+02   8.302559e-09   3.560117e-03
8.360000e+01   -8.767645e+00   0.000000e+00   0.000000e+00   1.509982e+02   8.027583e-09   3.480077e-03
8.370000e+01   -1.013130e+01   0.000000e+00   0.000000e+00   1.526928e+02   7.760850e-09   3.402203e-03
8.380000e+01   -1.199751e+01   0.000000e+00   0.000000e+00   1.544283e+02   7.502738e-09   3.326434e-03
8.390000e+01   -1.419037e+01   0.000000e+00   0.000000e+00   1.561938e+02   7.253521e-09   3.252707e-03
8.400000e+01   -1.653401e+01   0.000000e+00   0.000000e+00   1.579787e+02   7.013383e-09   3.180961e-03
8.410000e+01   -1.891529e+01   0.000000e+00   0.000000e+00   1.597721e+02   6.782427e-09   3.111133e-03
8.420000e+01   -2.166047e+01   0.000000e+00   0.000000e+00   1.615635e+02   6.560687e-09   3.043161e-03
8.430000e+01   -2.471156e+01   0.000000e+00   0.000000e+00   1.633420e+02   6.348134e-09   2.976982e-03
8.440000e+01   -2.790390e+01   0.000000e+00   0.000000e+00   1.650968e+02   6.144692e-09   2.912536e-03
8.450000e+01   -3.107279e+01   0.000000e+00   0.000000e+00   1.668174e+02   5.950239e-09   2.849758e-03
8.460000e+01   -3.405956e+01   0.000000e+00   0.000000e+00   1.684928e+02   5.764619e-09   2.788589e-03
8.470000e+01   -3.685492e+01   0.000000e+00   0.000000e+00   1.701125e+02   5.587651e-09   2.728964e-03
8.480000e+01   -3.959535e+01   0.000000e+00   0.000000e+00   1.716656e+02   5.419128e-09   2.670822e-03
8.490000e+01   -4.242219e+01   0.000000e+00   0.000000e+00   1.731414e+02   5.258830e-09   2.614102e-03
8.500000e+01   -4.547679e+01   0.000000e+00   0.000000e+00   1.745292e+02   5.106527e-09   2.558740e-03
8.510000e+01   -4.892503e+01   0.000000e+00   0.000000e+00   1.758183e+02   4.961979e-09   2.504674e-03
8.520000e+01   -5.303997e+01   0.000000e+00   0.000000e+00   1.769978e+02   4.824946e-09   2.451844e-03
8.530000e+01   -5.763040e+01   0.000000e+00   0.000000e+00   1.780572e+02   4.695187e-09   2.400185e-03
8.540000e+01   -6.240244e+01   0.000000e+00   0.000000e+00   1.789893e+02   4.572385e-09   2.349645e-03
8.550000e+01   -6.706096e+01   0.000000e+00   0.000000e+00   1.797988e+02   4.456006e-09   2.300197e-03
8.560000e+01   -7.139054e+01   0.000000e+00   0.000000e+00   1.804927e+02   4.345518e-09   2.251819e-03
8.570000e+01   -7.605054e+01   0.000000e+00   0.000000e+00   1.810776e+02   4.240439e-09   2.204490e-03
8.580000e+01   -8.080212e+01   0.000000e+00   0.000000e+00   1.815606e+02   4.140330e-09   2.158187e-03
8.590000e+01   -8.506575e+01   0.000000e+00   0.000000e+00   1.819485e+02   4.044788e-09   2.112889e-03
8.600000e+01   -8.826189e+01   0.000000e+00   0.000000e+00   1.822481e+02   3.953445e-09   2.068574e-03
8.610000e+01   -8.988698e+01   0.000000e+00   0.000000e+00   1.824664e+02   3.865959e-09   2.025221e-03
8.620000e+01   -9.075113e+01   0.000000e+00   0.000000e+00   1.826101e+02   3.782017e-09   1.982807e-03
8.630000e+01   -9.131047e+01   0.000000e+00   0.000000e+00   1.826861e+02   3.701327e-09   1.941312e-03
8.640000e+01   -9.166279e+01   0.000000e+00   0.000000e+00   1.827014e+02   3.623617e-09   1.900713e-03
8.650000e+01   -9.190584e+01   0.000000e+00   0.000000e+00   1.826628e+02   3.548635e-09   1.860988e-03
8.660000e+01   -9.212718e+01   0.000000e+00   0.000000e+00   1.825770e+02   3.476143e-09   1.822116e-03
8.670000e+01   -9.220885e+01   0.000000e+00   0.000000e+00   1.824512e+02   3.405919e-09   1.784076e-03
8.680000e+01   -9.211681e+01   0.000000e+00   0.000000e+00   1.822919e+02   3.337755e-09   1.746845e-03
8.690000e+01   -9.188883e+01   0.000000e+00   0.000000e+00   1.821063e+02   3.271453e-09   1.710401e-03
8.700000e+01   -9.156265e+01   0.000000e+00   0.000000e+00   1.819010e+02   3.206827e-09   1.674723e-03
8.710000e+01   -9.117742e+01   0.000000e+00   0.000000e+00   1.816830e+02   3.143703e-09   1.639790e-03
8.720000e+01   -9.077427e+01   0.000000e+00   0.000000e+00   1.814592e+02   3.081912e-09   1.605579e-03
8.730000e+01   -9.029488e+01   0.000000e+00   0.000000e+00   1.812363e+02   3.021299e-09   1.572068e-03
8.740000e+01   -8.965394e+01   0.000000e+00   0.000000e+00   1.810214e+02   2.961715e-09   1.539237e-03
8.750000e+01   -8.876612e+01   0.000000e+00   0.000000e+00   1.808212e+02   2.903018e-09   1.507063e-03
8.760000e+01   -8.753984e+01   0.000000e+00   0.000000e+00   1.806425e+02   2.845076e-09   1.475524e-03
8.770000e+01   -8.574109e+01   0.000000e+00   0.000000e+00   1.804923e+02   2.787767e-09   1.444600e-03
8.780000e+01   -8.340332e+01   0.000000e+00   0.000000e+00   1.803729e+02   2.731051e-09   1.414273e-03
8.790000e+01   -8.069002e+01   0.000000e+00   0.000000e+00   1.802822e+02   2.674971e-09   1.384536e-03
8.800000e+01   -7.776491e+01   0.000000e+00   0.000000e+00   1.802179e+02   2.619574e-09   1.355380e-03
8.810000e+01   -7.478198e+01   0.000000e+00   0.000000e+00   1.801775e+02   2.564902e-09   1.326794e-03
8.820000e+01   -7.147818e+01   0.000000e+00   0.000000e+00   1.801585e+02   2.510995e-09   1.298772e-03
8.830000e+01   -6.785231e+01   0.000000e+00   0.000000e+00   1.801586e+02   2.457888e-09   1.271304e-03
8.840000e+01   -6.415619e+01   0.000000e+00   0.000000e+00   1.801753e+02   2.405614e-09   1.244381e-03
8.850000e+01   -6.064162e+01   0.000000e+00   0.000000e+00   1.802061e+02   2.354201e-09   1.217995e-03
8.860000e+01   -5.755558e+01   0.000000e+00   0.000000e+00   1.802488e+02   2.303674e-09   1.192136e-03
8.870000e+01   -5.476025e+01   0.000000e+00   0.000000e+00   1.803008e+02   2.254058e-09   1.166797e-03
8.880000e+01   -5.207802e+01   0.000000e+00   0.000000e+00   1.803598e+02   2.205370e-09   1.141967e-03
8.890000e+01   -4.950315e+01   0.000000e+00   0.000000e+00   1.804233e+02   2.157629e-09   1.117639e-03
8.900000e+01   -4.702987e+01   0.000000e+00   0.000000e+00   1.804888e+02   2.110847e-09   1.093804e-03
8.910000e+01   -4.465299e+01   0.000000e+00   0.000000e+00   1.805541e+02   2.065037e-09   1.070453e-03
8.920000e+01   -4.241387e+01   0.000000e+00   0.000000e+00   1.806166e+02   2.020207e-09   1.047577e-03
8.930000e+01   -4.027592e+01   0.000000e+00   0.000000e+00   1.806739e+02   1.976364e-09   1.025167e-03
8.940000e+01   -3.814640e+01   0.000000e+00   0.000000e+00   1.807236e+02   1.933512e-09   1.003215e-03
8.950000e+01   -3.593259e+01   0.000000e+00   0.000000e+00   1.807633e+02   1.891653e-09   9.817119e-04
8.960000e+01   -3.354197e+01   0.000000e+00   0.000000e+00   1.807905e+02   1.850788e-09   9.606488e-04
8.970000e+01   -3.095958e+01   0.000000e+00   0.000000e+00   1.808029e+02   1.810915e-09   9.400170e-04
8.980000e+01   -2.823965e+01   0.000000e+00   0.000000e+00   1.807980e+02   1.772030e-09   9.198078e-04
8.990000e+01   -2.541198e+01   0.000000e+00   0.000000e+00   1.807734e+02   1.734130e-09   9.000123e-04
9.000000e+01   -2.250638e+01   0.000000e+00   0.000000e+00   1.807266e+02   1.697208e-09   8.806219e-04
9.010000e+01   -1.955391e+01   0.000000e+00   0.000000e+00   1.806573e+02   1.661240e-09   8.616291e-04
9.020000e+01   -1.653316e+01   0.000000e+00   0.000000e+00   1.805692e+02   1.626173e-09   8.430294e-04
9.030000e+01   -1.343461e+01   0.000000e+00   0.000000e+00   1.804665e+02   1.591950e-09   8.248188e-04
9.040000e+01   -1.029956e+01   0.000000e+00   0.000000e+00   1.803538e+02   1.558520e-09   8.069932e-04
9.050000e+01   -7.169314e+00   0.000000e+00   0.000000e+00   1.802352e+02   1.525833e-09   7.895485e-04
9.060000e+01   -4.085182e+00   0.000000e+00   0.000000e+00   1.801151e+02   1.493843e-09   7.724807e-04
9.070000e+01   -8.086058e-01   0.000000e+00   0.000000e+00   1.799980e+02   1.462509e-09   7.557856e-04
9.080000e+01   2.676863e+00   0.000000e+00   0.000000e+00   1.798880e+02   1.431791e-09   7.394592e-04
9.090000e+01   5.996760e+00   0.000000e+00   0.000000e+00   1.797895e+02   1.401652e-09   7.234974e-04
9.100000e+01   8.776620e+00   0.000000e+00   0.000000e+00   1.797070e+02   1.372058e-09   7.078962e-04
9.110000e+01   1.064198e+01   0.000000e+00   0.000000e+00   1.796446e+02   1.342976e-09   6.926515e-04
9.120000e+01   1.177623e+01   0.000000e+00   0.000000e+00   1.796068e+02   1.314378e-09   6.777591e-04
9.130000e+01   1.269631e+01   0.000000e+00   0.000000e+00   1.795978e+02   1.286237e-09   6.632151e-04
9.140000e+01   1.342537e+01   0.000000e+00   0.000000e+00   1.796221e+02   1.258528e-09   6.490153e-04
9.150000e+01   1.398596e+01   0.000000e+00   0.000000e+00   1.796840e+02   1.231228e-09   6.351557e-04
9.160000e+01   1.440063e+01   0.000000e+00   0.000000e+00   1.797877e+02   1.204318e-09   6.216321e-04
9.170000e+01   1.453644e+01   0.000000e+00   0.000000e+00   1.799376e+02   1.177779e-09   6.084406e-04
9.180000e+01   1.424658e+01   0.000000e+00   0.000000e+00   1.801382e+02   1.151595e-09   5.955771e-04
9.190000e+01   1.360317e+01   0.000000e+00   0.000000e+00   1.803936e+02   1.125753e-09   5.830374e-04
9.200000e+01   1.267917e+01   0.000000e+00   0.000000e+00   1.807082e+02   1.100239e-09   5.708174e-04
9.210000e+01   1.154750e+01   0.000000e+00   0.000000e+00   1.810865e+02   1.075044e-09   5.589133e-04
9.220000e+01   1.004929e+01   0.000000e+00   0.000000e+00   1.815326e+02   1.050159e-09   5.473207e-04
9.230000e+01   8.013263e+00   0.000000e+00   0.000000e+00   1.820510e+02   1.025577e-09   5.360357e-04
9.240000e+01   5.667737e+00   0.000000e+00   0.000000e+00   1.826442e+02   1.001303e-09   5.250537e-04
9.250000e+01   3.254776e+00   0.000000e+00   0.000000e+00   1.833085e+02   9.773704e-10   5.143683e-04
9.260000e+01   1.018768e+00   0.000000e+00   0.000000e+00   1.840389e+02   9.538164e-10   5.039725e-04
9.270000e+01   -1.106783e+00   0.000000e+00   0.000000e+00   1.848305e+02   9.306742e-10   4.938596e-04
9.280000e+01   -3.404699e+00   0.000000e+00   0.000000e+00   1.856780e+02   9.079731e-10   4.840228e-04
9.290000e+01   -5.668255e+00   0.000000e+00   0.000000e+00   1.865766e+02   8.857388e-10   4.744552e-04
9.300000e+01   -7.683457e+00   0.000000e+00   0.000000e+00   1.875212e+02   8.639932e-10   4.651500e-04
9.310000e+01   -9.236314e+00   0.000000e+00   0.000000e+00   1.885068e+02   8.427547e-10   4.561004e-04
9.320000e+01   -1.041264e+01   0.000000e+00   0.000000e+00   1.895283e+02   8.220383e-10   4.472995e-04
9.330000e+01   -1.166553e+01   0.000000e+00   0.000000e+00   1.905807e+02   8.018562e-10   4.387405e-04
9.340000e+01   -1.299809e+01   0.000000e+00   0.000000e+00   1.916590e+02   7.822174e-10   4.304166e-04
9.350000e+01   -1.440237e+01   0.000000e+00   0.000000e+00   1.927581e+02   7.631282e-10   4.223209e-04
9.360000e+01   -1.587044e+01   0.000000e+00   0.000000e+00   1.938731e+02   7.445924e-10   4.144466e-04
9.370000e+01   -1.727087e+01   0.000000e+00   0.000000e+00   1.949989e+02   7.266118e-10   4.067869e-04
9.380000e+01   -1.843374e+01   0.000000e+00   0.000000e+00   1.961305e+02   7.091856e-10   3.993350e-04
9.390000e+01   -1.951404e+01   0.000000e+00   0.000000e+00   1.972628e+02   6.923116e-10   3.920840e-04
9.400000e+01   -2.067560e+01   0.000000e+00   0.000000e+00   1.983908e+02   6.759855e-10   3.850271e-04
9.410000e+01   -2.208226e+01   0.000000e+00   0.000000e+00   1.995096e+02   6.602017e-10   3.781575e-04
9.420000e+01   -2.392198e+01   0.000000e+00   0.000000e+00   2.006140e+02   6.449533e-10   3.714683e-04
9.430000e+01   -2.623014e+01   0.000000e+00   0.000000e+00   2.016990e+02   6.302321e-10   3.649527e-04
9.440000e+01   -2.882200e+01   0.000000e+00   0.000000e+00   2.027596e+02   6.160291e-10   3.586039e-04
9.450000e+01   -3.150735e+01   0.000000e+00   0.000000e+00   2.037908e+02   6.023341e-10   3.524151e-04
9.460000e+01   -3.409599e+01   0.000000e+00   0.000000e+00   2.047876e+02   5.891365e-10   3.463793e-04
9.470000e+01   -3.646980e+01   0.000000e+00   0.000000e+00   2.057449e+02   5.764250e-10   3.404899e-04
9.480000e+01   -3.874512e+01   0.000000e+00   0.000000e+00   2.066577e+02   5.641876e-10   3.347399e-04
9.490000e+01   -4.097833e+01   0.000000e+00   0.000000e+00   2.075209e+02   5.524123e-10   3.291225e-04
9.500000e+01   -4.321917e+01   0.000000e+00   0.000000e+00   2.083297e+02   5.410864e-10   3.236310e-04
9.510000e+01   -4.552033e+01   0.000000e+00   0.000000e+00   2.090816e+02   5.301930e-10   3.182601e-04
9.520000e+01   -4.795758e+01   0.000000e+00   0.000000e+00   2.097787e+02   5.197091e-10   3.130070e-04
9.530000e+01   -5.058039e+01   0.000000e+00   0.000000e+00   2.104233e+02   5.096128e-10   3.078694e-04
9.540000e+01   -5.332353e+01   0.000000e+00   0.000000e+00   2.110177e+02   4.998833e-10   3.028446e-04
9.550000e+01   -5.611646e+01   0.000000e+00   0.000000e+00   2.115643e+02   4.905010e-10   2.979303e-04
9.560000e+01   -5.888863e+01   0.000000e+00   0.000000e+00   2.120653e+02   4.814475e-10   2.931237e-04
9.570000e+01   -6.162511e+01   0.000000e+00   0.000000e+00   2.125232e+02   4.727055e-10   2.884226e-04
9.580000e+01   -6.443581e+01   0.000000e+00   0.000000e+00   2.129402e+02   4.642583e-10   2.838244e-04
9.590000e+01   -6.726357e+01   0.000000e+00   0.000000e+00   2.133186e+02   4.560903e-10   2.793264e-04
9.600000e+01   -7.003730e+01   0.000000e+00   0.000000e+00   2.136609e+02   4.481868e-10   2.749264e-04
9.610000e+01   -7.268591e+01   0.000000e+00   0.000000e+00   2.139693e+02   4.405334e-10   2.706217e-04
9.620000e+01   -7.515574e+01   0.000000e+00   0.000000e+00   2.142461e+02   4.331168e-10   2.664099e-04
9.630000e+01   -7.748760e+01   0.000000e+00   0.000000e+00   2.144938e+02   4.259240e-10   2.622884e-04
9.640000e+01   -7.972240e+01   0.000000e+00   0.000000e+00   2.147145e+02   4.189427e-10   2.582548e-04
9.650000e+01   -8.189766e+01   0.000000e+00   0.000000e+00   2.149107e+02   4.121611e-10   2.543065e-04
9.660000e+01   -8.405090e+01   0.000000e+00   0.000000e+00   2.150847e+02   4.055680e-10   2.504411e-04
9.670000e+01   -8.619511e+01   0.000000e+00   0.000000e+00   2.152388e+02   3.991524e-10   2.466560e-04
9.680000e+01   -8.827043e+01   0.000000e+00   0.000000e+00   2.153753e+02   3.929039e-10   2.429487e-04
9.690000e+01   -9.031129e+01   0.000000e+00   0.000000e+00   2.154966e+02   3.868124e-10   2.393167e-04
9.700000e+01   -9.236325e+01   0.000000e+00   0.000000e+00   2.156049e+02   3.808682e-10   2.357576e-04
9.710000e+01   -9.447187e+01   0.000000e+00   0.000000e+00   2.157027e+02   3.750619e-10   2.322688e-04
9.720000e+01   -9.669561e+01   0.000000e+00   0.000000e+00   2.157923e+02   3.693844e-10   2.288478e-04
9.730000e+01   -9.908572e+01   0.000000e+00   0.000000e+00   2.158759e+02   3.638270e-10   2.254922e-04
9.740000e+01   -1.015668e+02   0.000000e+00   0.000000e+00   2.159559e+02   3.583812e-10   2.221993e-04
9.750000e+01   -1.040517e+02   0.000000e+00   0.000000e+00   2.160347e+02   3.530387e-10   2.189668e-04
9.760000e+01   -1.064532e+02   0.000000e+00   0.000000e+00   2.161146e+02   3.477915e-10   2.157920e-04
9.770000e+01   -1.088093e+02   0.000000e+00   0.000000e+00   2.161979e+02   3.426319e-10   2.126726e-04
9.780000e+01   -1.115380e+02   0.000000e+00   0.000000e+00   2.162868e+02   3.375523e-10   2.096059e-04
9.790000e+01   -1.142716e+02   0.000000e+00   0.000000e+00   2.163839e+02   3.325455e-10   2.065896e-04
9.800000e+01   -1.165324e+02   0.000000e+00   0.000000e+00   2.164913e+02   3.276044e-10   2.036210e-04
9.810000e+01   -1.178429e+02   0.000000e+00   0.000000e+00   2.166115e+02   3.227221e-10   2.006978e-04
9.820000e+01   -1.178176e+02   0.000000e+00   0.000000e+00   2.167467e+02   3.178918e-10   1.978173e-04
9.830000e+01   -1.168651e+02   0.000000e+00   0.000000e+00   2.168990e+02   3.131079e-10   1.949773e-04
9.840000e+01   -1.154497e+02   0.000000e+00   0.000000e+00   2.170684e+02   3.083701e-10   1.921769e-04
9.850000e+01   -1.139804e+02   0.000000e+00   0.000000e+00   2.172541e+02   3.036796e-10   1.894157e-04
9.860000e+01   -1.128664e+02   0.000000e+00   0.000000e+00   2.174554e+02   2.990379e-10   1.866933e-04
9.870000e+01   -1.125067e+02   0.000000e+00   0.000000e+00   2.176715e+02   2.944463e-10   1.840094e-04
9.880000e+01   -1.129859e+02   0.000000e+00   0.000000e+00   2.179017e+02   2.899060e-10   1.813637e-04
9.890000e+01   -1.140234e+02   0.000000e+00   0.000000e+00   2.181452e+02   2.854182e-10   1.787556e-04
9.900000e+01   -1.153179e+02   0.000000e+00   0.000000e+00   2.184013e+02   2.809837e-10   1.761850e-04
9.910000e+01   -1.165680e+02   0.000000e+00   0.000000e+00   2.186692e+02   2.766037e-10   1.736513e-04
9.920000e+01   -1.175786e+02   0.000000e+00   0.000000e+00   2.189482e+02   2.722789e-10   1.711542e-04
9.930000e+01   -1.188651e+02   0.000000e+00   0.000000e+00   2.192374e+02   2.680101e-10   1.686934e-04
9.940000e+01   -1.202395e+02   0.000000e+00   0.000000e+00   2.195362e+02   2.637980e-10   1.662685e-04
9.950000e+01   -1.213290e+02   0.000000e+00   0.000000e+00   2.198438e+02   2.596433e-10   1.638791e-04
9.960000e+01   -1.217605e+02   0.000000e+00   0.000000e+00   2.201594e+02   2.555465e-10   1.615249e-04
9.970000e+01   -1.211242e+02   0.000000e+00   0.000000e+00   2.204823e+02   2.515081e-10   1.592054e-04
9.980000e+01   -1.190116e+02   0.000000e+00   0.000000e+00   2.208117e+02   2.475284e-10   1.569204e-04
9.990000e+01   -1.158482e+02   0.000000e+00   0.000000e+00   2.211468e+02   2.436078e-10   1.546694e-04
1.000000e+02   -1.121987e+02   0.000000e+00   0.000000e+00   2.214870e+02   2.397467e-10   1.524520e-04
1.001000e+02   -1.086278e+02   0.000000e+00   0.000000e+00   2.218314e+02   2.359451e-10   1.502680e-04
1.002000e+02   -1.055965e+02   0.000000e+00   0.000000e+00   2.221793e+02   2.322033e-10   1.481168e-04
1.003000e+02   -1.024657e+02   0.000000e+00   0.000000e+00   2.225300e+02   2.285214e-10   1.459983e-04
1.004000e+02   -9.927549e+01   0.000000e+00   0.000000e+00   2.228826e+02   2.248993e-10   1.439119e-04
1.005000e+02   -9.636030e+01   0.000000e+00   0.000000e+00   2.232365e+02   2.213371e-10   1.418574e-04
1.006000e+02   -9.405468e+01   0.000000e+00   0.000000e+00   2.235909e+02   2.178347e-10   1.398343e-04
1.007000e+02   -9.263024e+01   0.000000e+00   0.000000e+00   2.239450e+02   2.143921e-10   1.378423e-04
1.008000e+02   -9.149626e+01   0.000000e+00   0.000000e+00   2.242980e+02   2.110089e-10   1.358809e-04
1.009000e+02   -9.040067e+01   0.000000e+00   0.000000e+00   2.246493e+02   2.076851e-10   1.339500e-04
1.010000e+02   -8.931633e+01   0.000000e+00   0.000000e+00   2.249980e+02   2.044203e-10   1.320490e-04
1.011000e+02   -8.821610e+01   0.000000e+00   0.000000e+00   2.253434e+02   2.012144e-10   1.301776e-04
1.012000e+02   -8.707712e+01   0.000000e+00   0.000000e+00   2.256848e+02   1.980670e-10   1.283355e-04
1.013000e+02   -8.593993e+01   0.000000e+00   0.000000e+00   2.260213e+02   1.949777e-10   1.265222e-04
1.014000e+02   -8.480046e+01   0.000000e+00   0.000000e+00   2.263523e+02   1.919461e-10   1.247374e-04
1.015000e+02   -8.363122e+01   0.000000e+00   0.000000e+00   2.266769e+02   1.889719e-10   1.229807e-04
1.016000e+02   -8.240473e+01   0.000000e+00   0.000000e+00   2.269945e+02   1.860546e-10   1.212518e-04
1.017000e+02   -8.102164e+01   0.000000e+00   0.000000e+00   2.273042e+02   1.831937e-10   1.195502e-04
1.018000e+02   -7.825205e+01   0.000000e+00   0.000000e+00   2.276060e+02   1.803883e-10   1.178757e-04
1.019000e+02   -7.421674e+01   0.000000e+00   0.000000e+00   2.279012e+02   1.776361e-10   1.162279e-04
1.020000e+02   -6.964794e+01   0.000000e+00   0.000000e+00   2.281919e+02   1.749348e-10   1.146064e-04
1.021000e+02   -6.527787e+01   0.000000e+00   0.000000e+00   2.284798e+02   1.722821e-10   1.130109e-04
1.022000e+02   -6.180567e+01   0.000000e+00   0.000000e+00   2.287668e+02   1.696758e-10   1.114411e-04
1.023000e+02   -5.892552e+01   0.000000e+00   0.000000e+00   2.290548e+02   1.671138e-10   1.098965e-04
1.024000e+02   -5.625538e+01   0.000000e+00   0.000000e+00   2.293456e+02   1.645941e-10   1.083770e-04
1.025000e+02   -5.368823e+01   0.000000e+00   0.000000e+00   2.296411e+02   1.621149e-10   1.068821e-04
1.026000e+02   -5.111707e+01   0.000000e+00   0.000000e+00   2.299431e+02   1.596743e-10   1.054115e-04
1.027000e+02   -4.843159e+01   0.000000e+00   0.000000e+00   2.302536e+02   1.572707e-10   1.039648e-04
1.028000e+02   -4.549380e+01   0.000000e+00   0.000000e+00   2.305743e+02   1.549022e-10   1.025418e-04
1.029000e+02   -4.243564e+01   0.000000e+00   0.000000e+00   2.309071e+02   1.525675e-10   1.011420e-04
1.030000e+02   -3.947695e+01   0.000000e+00   0.000000e+00   2.312539e+02   1.502650e-10   9.976522e-05
1.031000e+02   -3.683760e+01   0.000000e+00   0.000000e+00   2.316166e+02   1.479932e-10   9.841100e-05
1.032000e+02   -3.473018e+01   0.000000e+00   0.000000e+00   2.319969e+02   1.457508e-10   9.707904e-05
1.033000e+02   -3.297886e+01   0.000000e+00   0.000000e+00   2.323968e+02   1.435365e-10   9.576900e-05
1.034000e+02   -3.138174e+01   0.000000e+00   0.000000e+00   2.328182e+02   1.413491e-10   9.448053e-05
1.035000e+02   -2.988704e+01   0.000000e+00   0.000000e+00   2.332628e+02   1.391875e-10   9.321331e-05
1.036000e+02   -2.844301e+01   0.000000e+00   0.000000e+00   2.337325e+02   1.370504e-10   9.196698e-05
1.037000e+02   -2.699971e+01   0.000000e+00   0.000000e+00   2.342293e+02   1.349370e-10   9.074121e-05
1.038000e+02   -2.562893e+01   0.000000e+00   0.000000e+00   2.347549e+02   1.328462e-10   8.953565e-05
1.039000e+02   -2.433718e+01   0.000000e+00   0.000000e+00   2.353112e+02   1.307770e-10   8.834997e-05
1.040000e+02   -2.304972e+01   0.000000e+00   0.000000e+00   2.359001e+02   1.287287e-10   8.718383e-05
1.041000e+02   -2.169179e+01   0.000000e+00   0.000000e+00   2.365234e+02   1.267005e-10   8.603689e-05
1.042000e+02   -2.018566e+01   0.000000e+00   0.000000e+00   2.371831e+02   1.246915e-10   8.490881e-05
1.043000e+02   -1.817241e+01   0.000000e+00   0.000000e+00   2.378808e+02   1.227010e-10   8.379924e-05
1.044000e+02   -1.563436e+01   0.000000e+00   0.000000e+00   2.386186e+02   1.207286e-10   8.270785e-05
1.045000e+02   -1.284383e+01   0.000000e+00   0.000000e+00   2.393983e+02   1.187734e-10   8.163430e-05
1.046000e+02   -1.007309e+01   0.000000e+00   0.000000e+00   2.402217e+02   1.168351e-10   8.057825e-05
1.047000e+02   -7.592718e+00   0.000000e+00   0.000000e+00   2.410906e+02   1.149130e-10   7.953935e-05
1.048000e+02   -5.218981e+00   0.000000e+00   0.000000e+00   2.420071e+02   1.130069e-10   7.851727e-05
1.049000e+02   -2.811175e+00   0.000000e+00   0.000000e+00   2.429728e+02   1.111161e-10   7.751167e-05
1.050000e+02   -5.572333e-01   0.000000e+00   0.000000e+00   2.439897e+02   1.092405e-10   7.652220e-05
1.051000e+02   1.354915e+00   0.000000e+00   0.000000e+00   2.450596e+02   1.073796e-10   7.554854e-05
1.052000e+02   2.737699e+00   0.000000e+00   0.000000e+00   2.461844e+02   1.055333e-10   7.459033e-05
1.053000e+02   3.776773e+00   0.000000e+00   0.000000e+00   2.473660e+02   1.037013e-10   7.364723e-05
1.054000e+02   4.724918e+00   0.000000e+00   0.000000e+00   2.486061e+02   1.018834e-10   7.271892e-05
1.055000e+02   5.558202e+00   0.000000e+00   0.000000e+00   2.499063e+02   1.000796e-10   7.180506e-05
1.056000e+02   6.253390e+00   0.000000e+00   0.000000e+00   2.512654e+02   9.829116e-11   7.090544e-05
1.057000e+02   6.787493e+00   0.000000e+00   0.000000e+00   2.526817e+02   9.651956e-11   7.001989e-05
1.058000e+02   6.975332e+00   0.000000e+00   0.000000e+00   2.541530e+02   9.476619e-11   6.914823e-05
1.059000e+02   6.759327e+00   0.000000e+00   0.000000e+00   2.556776e+02   9.303231e-11   6.829027e-05
1.060000e+02   6.307885e+00   0.000000e+00   0.000000e+00   2.572535e+02   9.131911e-11   6.744586e-05
1.061000e+02   5.789414e+00   0.000000e+00   0.000000e+00   2.588787e+02   8.962764e-11   6.661480e-05
1.062000e+02   5.372322e+00   0.000000e+00   0.000000e+00   2.605515e+02   8.795888e-11   6.579692e-05
1.063000e+02   5.101442e+00   0.000000e+00   0.000000e+00   2.622697e+02   8.631369e-11   6.499205e-05
1.064000e+02   4.859768e+00   0.000000e+00   0.000000e+00   2.640316e+02   8.469285e-11   6.420000e-05
1.065000e+02   4.591222e+00   0.000000e+00   0.000000e+00   2.658352e+02   8.309704e-11   6.342061e-05
1.066000e+02   4.239828e+00   0.000000e+00   0.000000e+00   2.676786e+02   8.152685e-11   6.265369e-05
1.067000e+02   3.749610e+00   0.000000e+00   0.000000e+00   2.695599e+02   7.998280e-11   6.189908e-05
1.068000e+02   2.979356e+00   0.000000e+00   0.000000e+00   2.714771e+02   7.846531e-11   6.115658e-05
1.069000e+02   1.902234e+00   0.000000e+00   0.000000e+00   2.734283e+02   7.697474e-11   6.042603e-05
1.070000e+02   6.850715e-01   0.000000e+00   0.000000e+00   2.754116e+02   7.551138e-11   5.970724e-05
1.071000e+02   -5.047041e-01   0.000000e+00   0.000000e+00   2.774251e+02   7.407544e-11   5.900005e-05
1.072000e+02   -1.499665e+00   0.000000e+00   0.000000e+00   2.794669e+02   7.266707e-11   5.830427e-05
1.073000e+02   -2.347462e+00   0.000000e+00   0.000000e+00   2.815351e+02   7.128636e-11   5.761973e-05
1.074000e+02   -3.232188e+00   0.000000e+00   0.000000e+00   2.836276e+02   6.993335e-11   5.694626e-05
1.075000e+02   -4.052453e+00   0.000000e+00   0.000000e+00   2.857427e+02   6.860802e-11   5.628366e-05
1.076000e+02   -4.704313e+00   0.000000e+00   0.000000e+00   2.878784e+02   6.731031e-11   5.563178e-05
1.077000e+02   -5.083827e+00   0.000000e+00   0.000000e+00   2.900327e+02   6.604011e-11   5.499043e-05
1.078000e+02   -5.203719e+00   0.000000e+00   0.000000e+00   2.922038e+02   6.479726e-11   5.435943e-05
1.079000e+02   -5.222024e+00   0.000000e+00   0.000000e+00   2.943897e+02   6.358159e-11   5.373861e-05
1.080000e+02   -5.159035e+00   0.000000e+00   0.000000e+00   2.965886e+02   6.239288e-11   5.312780e-05
1.081000e+02   -5.032646e+00   0.000000e+00   0.000000e+00   2.987984e+02   6.123085e-11   5.252680e-05
1.082000e+02   -4.860751e+00   0.000000e+00   0.000000e+00   3.010173e+02   6.009524e-11   5.193546e-05
1.083000e+02   -4.121483e+00   0.000000e+00   0.000000e+00   3.032434e+02   5.898574e-11   5.135359e-05
1.084000e+02   -2.254941e+00   0.000000e+00   0.000000e+00   3.054747e+02   5.790202e-11   5.078101e-05
1.085000e+02   4.526872e-03   0.000000e+00   0.000000e+00   3.077094e+02   5.684372e-11   5.021755e-05
1.086000e+02   1.897549e+00   0.000000e+00   0.000000e+00   3.099454e+02   5.581048e-11   4.966303e-05
1.087000e+02   2.664753e+00   0.000000e+00   0.000000e+00   3.121809e+02   5.480191e-11   4.911728e-05
1.088000e+02   2.048798e+00   0.000000e+00   0.000000e+00   3.144139e+02   5.381761e-11   4.858012e-05
1.089000e+02   8.902395e-01   0.000000e+00   0.000000e+00   3.166427e+02   5.285718e-11   4.805137e-05
1.090000e+02   -5.005257e-01   0.000000e+00   0.000000e+00   3.188651e+02   5.192019e-11   4.753085e-05
1.091000e+02   -1.837510e+00   0.000000e+00   0.000000e+00   3.210793e+02   5.100621e-11   4.701839e-05
1.092000e+02   -2.834726e+00   0.000000e+00   0.000000e+00   3.232834e+02   5.011482e-11   4.651381e-05
1.093000e+02   -2.933325e+00   0.000000e+00   0.000000e+00   3.254755e+02   4.924556e-11   4.601694e-05
1.094000e+02   -1.731096e+00   0.000000e+00   0.000000e+00   3.276536e+02   4.839800e-11   4.552759e-05
1.095000e+02   1.039066e-01   0.000000e+00   0.000000e+00   3.298158e+02   4.757169e-11   4.504560e-05
1.096000e+02   1.869384e+00   0.000000e+00   0.000000e+00   3.319603e+02   4.676617e-11   4.457078e-05
1.097000e+02   2.863039e+00   0.000000e+00   0.000000e+00   3.340850e+02   4.598100e-11   4.410296e-05
1.098000e+02   2.854576e+00   0.000000e+00   0.000000e+00   3.361883e+02   4.521572e-11   4.364198e-05
1.099000e+02   2.697003e+00   0.000000e+00   0.000000e+00   3.382698e+02   4.446974e-11   4.318772e-05
1.100000e+02   2.410249e+00   0.000000e+00   0.000000e+00   3.403297e+02   4.374248e-11   4.274010e-05
1.101000e+02   1.959752e+00   0.000000e+00   0.000000e+00   3.423680e+02   4.303335e-11   4.229906e-05
1.102000e+02   1.310944e+00   0.000000e+00   0.000000e+00   3.443849e+02   4.234181e-11   4.186450e-05
1.103000e+02   3.313215e-01   0.000000e+00   0.000000e+00   3.463805e+02   4.166733e-11   4.143634e-05
1.104000e+02   -1.191284e+00   0.000000e+00   0.000000e+00   3.483548e+02   4.100939e-11   4.101450e-05
1.105000e+02   -3.092204e+00   0.000000e+00   0.000000e+00   3.503081e+02   4.036750e-11   4.059891e-05
1.106000e+02   -5.185472e+00   0.000000e+00   0.000000e+00   3.522405e+02   3.974118e-11   4.018948e-05
1.107000e+02   -7.285122e+00   0.000000e+00   0.000000e+00   3.541520e+02   3.912998e-11   3.978613e-05
1.108000e+02   -9.264938e+00   0.000000e+00   0.000000e+00   3.560428e+02   3.853345e-11   3.938878e-05
1.109000e+02   -1.125075e+01   0.000000e+00   0.000000e+00   3.579130e+02   3.795117e-11   3.899735e-05
1.110000e+02   -1.332086e+01   0.000000e+00   0.000000e+00   3.597628e+02   3.738272e-11   3.861176e-05
1.111000e+02   -1.554333e+01   0.000000e+00   0.000000e+00   3.615922e+02   3.682771e-11   3.823192e-05
1.112000e+02   -1.798623e+01   0.000000e+00   0.000000e+00   3.634013e+02   3.628574e-11   3.785776e-05
1.113000e+02   -2.084412e+01   0.000000e+00   0.000000e+00   3.651903e+02   3.575645e-11   3.748919e-05
1.114000e+02   -2.445609e+01   -0.000000e+00   -0.000000e+00   3.669594e+02   3.523948e-11   3.712614e-05
1.115000e+02   -2.851310e+01   -0.000000e+00   -0.000000e+00   3.687085e+02   3.473446e-11   3.676852e-05
1.116000e+02   -3.265410e+01   -0.000000e+00   -0.000000e+00   3.704379e+02   3.424108e-11   3.641625e-05
1.117000e+02   -3.651802e+01   -0.000000e+00   -0.000000e+00   3.721477e+02   3.375900e-11   3.606926e-05
1.118000e+02   -3.997803e+01   -0.000000e+00   -0.000000e+00   3.738379e+02   3.328790e-11   3.572745e-05
1.119000e+02   -4.362428e+01   -0.000000e+00   -0.000000e+00   3.755087e+02   3.282747e-11   3.539075e-05
1.120000e+02   -4.717310e+01   -0.000000e+00   -0.000000e+00   3.771603e+02   3.237742e-11   3.505909e-05
1.121000e+02   -5.023602e+01   -0.000000e+00   -0.000000e+00   3.787926e+02   3.193747e-11   3.473236e-05
1.122000e+02   -5.242456e+01   -0.000000e+00   -0.000000e+00   3.804060e+02   3.150732e-11   3.441051e-05
1.123000e+02   -5.356518e+01   -0.000000e+00   -0.000000e+00   3.820004e+02   3.108671e-11   3.409344e-05
1.124000e+02   -5.444204e+01   -0.000000e+00   -0.000000e+00   3.835760e+02   3.067537e-11   3.378108e-05
1.125000e+02   -5.520560e+01   -0.000000e+00   -0.000000e+00   3.851329e+02   3.027304e-11   3.347334e-05
1.126000e+02   -5.589399e+01   -0.000000e+00   -0.000000e+00   3.866712e+02   2.987949e-11   3.317014e-05
1.127000e+02   -5.654534e+01   -0.000000e+00   -0.000000e+00   3.881911e+02   2.949445e-11   3.287141e-05
1.128000e+02   -5.713759e+01   -0.000000e+00   -0.000000e+00   3.896927e+02   2.911771e-11   3.257706e-05
1.129000e+02   -5.745467e+01   -0.000000e+00   -0.000000e+00   3.911761e+02   2.874902e-11   3.228700e-05
1.130000e+02   -5.764278e+01   -0.000000e+00   -0.000000e+00   3.926413e+02   2.838817e-11   3.200117e-05
1.131000e+02   -5.790001e+01   -0.000000e+00   -0.000000e+00   3.940886e+02   2.803494e-11   3.171947e-05
1.132000e+02   -5.842444e+01   -0.000000e+00   -0.000000e+00   3.955181e+02   2.768912e-11   3.144183e-05
1.133000e+02   -5.937387e+01   -0.000000e+00   -0.000000e+00   3.969298e+02   2.735050e-11   3.116817e-05
1.134000e+02   -6.058430e+01   -0.000000e+00   -0.000000e+00   3.983239e+02   2.701888e-11   3.089840e-05
1.135000e+02   -6.190599e+01   -0.000000e+00   -0.000000e+00   3.997005e+02   2.669406e-11   3.063245e-05
1.136000e+02   -6.321614e+01   -0.000000e+00   -0.000000e+00   4.010597e+02   2.637587e-11   3.037023e-05
1.137000e+02   -6.439193e+01   -0.000000e+00   -0.000000e+00   4.024017e+02   2.606409e-11   3.011167e-05
1.138000e+02   -6.530976e+01   -0.000000e+00   -0.000000e+00   4.037265e+02   2.575857e-11   2.985667e-05
1.139000e+02   -6.593551e+01   -0.000000e+00   -0.000000e+00   4.050344e+02   2.545912e-11   2.960517e-05
1.140000e+02   -6.639554e+01   -0.000000e+00   -0.000000e+00   4.063253e+02   2.516556e-11   2.935708e-05
1.141000e+02   -6.682967e+01   -0.000000e+00   -0.000000e+00   4.075994e+02   2.487773e-11   2.911231e-05
1.142000e+02   -6.737775e+01   -0.000000e+00   -0.000000e+00   4.088569e+02   2.459547e-11   2.887080e-05
1.143000e+02   -6.830117e+01   -0.000000e+00   -0.000000e+00   4.100979e+02   2.431860e-11   2.863245e-05
1.144000e+02   -7.041578e+01   -0.000000e+00   -0.000000e+00   4.113224e+02   2.404698e-11   2.839719e-05
1.145000e+02   -7.326978e+01   -0.000000e+00   -0.000000e+00   4.125306e+02   2.378045e-11   2.816493e-05
1.146000e+02   -7.615832e+01   -0.000000e+00   -0.000000e+00   4.137226e+02   2.351886e-11   2.793560e-05
1.147000e+02   -7.837652e+01   -0.000000e+00   -0.000000e+00   4.148986e+02   2.326206e-11   2.770911e-05
1.148000e+02   -7.933334e+01   -0.000000e+00   -0.000000e+00   4.160586e+02   2.300991e-11   2.748538e-05
1.149000e+02   -7.964353e+01   -0.000000e+00   -0.000000e+00   4.172029e+02   2.276225e-11   2.726433e-05
1.150000e+02   -7.962634e+01   -0.000000e+00   -0.000000e+00   4.183314e+02   2.251897e-11   2.704589e-05
1.151000e+02   -7.939400e+01   -0.000000e+00   -0.000000e+00   4.194443e+02   2.227991e-11   2.682997e-05
1.152000e+02   -7.905873e+01   -0.000000e+00   -0.000000e+00   4.205417e+02   2.204495e-11   2.661648e-05
1.153000e+02   -7.869994e+01   -0.000000e+00   -0.000000e+00   4.216240e+02   2.181397e-11   2.640538e-05
1.154000e+02   -7.807741e+01   -0.000000e+00   -0.000000e+00   4.226914e+02   2.158688e-11   2.619664e-05
1.155000e+02   -7.723785e+01   -0.000000e+00   -0.000000e+00   4.237446e+02   2.136357e-11   2.599024e-05
1.156000e+02   -7.633024e+01   -0.000000e+00   -0.000000e+00   4.247838e+02   2.114396e-11   2.578615e-05
1.157000e+02   -7.550356e+01   -0.000000e+00   -0.000000e+00   4.258095e+02   2.092796e-11   2.558436e-05
1.158000e+02   -7.489693e+01   -0.000000e+00   -0.000000e+00   4.268222e+02   2.071548e-11   2.538483e-05
1.159000e+02   -7.446302e+01   -0.000000e+00   -0.000000e+00   4.278222e+02   2.050644e-11   2.518755e-05
1.160000e+02   -7.409819e+01   -0.000000e+00   -0.000000e+00   4.288100e+02   2.030075e-11   2.499248e-05
1.161000e+02   -7.372116e+01   -0.000000e+00   -0.000000e+00   4.297861e+02   2.009835e-11   2.479962e-05
1.162000e+02   -7.325067e+01   -0.000000e+00   -0.000000e+00   4.307508e+02   1.989914e-11   2.460893e-05
1.163000e+02   -7.258526e+01   -0.000000e+00   -0.000000e+00   4.317046e+02   1.970306e-11   2.442039e-05
1.164000e+02   -7.144721e+01   -0.000000e+00   -0.000000e+00   4.326480e+02   1.951002e-11   2.423398e-05
1.165000e+02   -7.004351e+01   -0.000000e+00   -0.000000e+00   4.335812e+02   1.931997e-11   2.404968e-05
1.166000e+02   -6.872650e+01   -0.000000e+00   -0.000000e+00   4.345049e+02   1.913283e-11   2.386746e-05
1.167000e+02   -6.784851e+01   -0.000000e+00   -0.000000e+00   4.354194e+02   1.894852e-11   2.368730e-05
1.168000e+02   -6.774727e+01   -0.000000e+00   -0.000000e+00   4.363251e+02   1.876700e-11   2.350917e-05
1.169000e+02   -6.834929e+01   -0.000000e+00   -0.000000e+00   4.372225e+02   1.858818e-11   2.333306e-05
1.170000e+02   -6.941817e+01   -0.000000e+00   -0.000000e+00   4.381120e+02   1.841200e-11   2.315893e-05
1.171000e+02   -7.078070e+01   -0.000000e+00   -0.000000e+00   4.389940e+02   1.823841e-11   2.298677e-05
1.172000e+02   -7.226367e+01   -0.000000e+00   -0.000000e+00   4.398690e+02   1.806735e-11   2.281656e-05
1.173000e+02   -7.372001e+01   -0.000000e+00   -0.000000e+00   4.407373e+02   1.789875e-11   2.264826e-05
1.174000e+02   -7.558661e+01   -0.000000e+00   -0.000000e+00   4.415995e+02   1.773255e-11   2.248186e-05
1.175000e+02   -7.782282e+01   -0.000000e+00   -0.000000e+00   4.424560e+02   1.756871e-11   2.231733e-05
1.176000e+02   -8.008943e+01   -0.000000e+00   -0.000000e+00   4.433071e+02   1.740716e-11   2.215466e-05
1.177000e+02   -8.204722e+01   -0.000000e+00   -0.000000e+00   4.441533e+02   1.724786e-11   2.199381e-05
1.178000e+02   -8.336850e+01   -0.000000e+00   -0.000000e+00   4.449951e+02   1.709074e-11   2.183476e-05
1.179000e+02   -8.420711e+01   -0.000000e+00   -0.000000e+00   4.458328e+02   1.693576e-11   2.167749e-05
1.180000e+02   -8.482844e+01   -0.000000e+00   -0.000000e+00   4.466670e+02   1.678287e-11   2.152198e-05
1.181000e+02   -8.536377e+01   -0.000000e+00   -0.000000e+00   4.474979e+02   1.663201e-11   2.136821e-05
1.182000e+02   -8.594436e+01   -0.000000e+00   -0.000000e+00   4.483261e+02   1.648314e-11   2.121614e-05
1.183000e+02   -8.670587e+01   -0.000000e+00   -0.000000e+00   4.491521e+02   1.633622e-11   2.106577e-05
1.184000e+02   -8.788480e+01   -0.000000e+00   -0.000000e+00   4.499761e+02   1.619119e-11   2.091705e-05
1.185000e+02   -8.934287e+01   -0.000000e+00   -0.000000e+00   4.507987e+02   1.604801e-11   2.076998e-05
1.186000e+02   -9.078203e+01   -0.000000e+00   -0.000000e+00   4.516202e+02   1.590663e-11   2.062453e-05
1.187000e+02   -9.190419e+01   -0.000000e+00   -0.000000e+00   4.524412e+02   1.576702e-11   2.048067e-05
1.188000e+02   -9.241870e+01   -0.000000e+00   -0.000000e+00   4.532620e+02   1.562913e-11   2.033838e-05
1.189000e+02   -9.259998e+01   -0.000000e+00   -0.000000e+00   4.540831e+02   1.549291e-11   2.019764e-05
1.190000e+02   -9.270280e+01   -0.000000e+00   -0.000000e+00   4.549049e+02   1.535833e-11   2.005843e-05
1.191000e+02   -9.270265e+01   -0.000000e+00   -0.000000e+00   4.557278e+02   1.522534e-11   1.992072e-05
1.192000e+02   -9.257499e+01   -0.000000e+00   -0.000000e+00   4.565522e+02   1.509391e-11   1.978448e-05
1.193000e+02   -9.229436e+01   -0.000000e+00   -0.000000e+00   4.573787e+02   1.496400e-11   1.964970e-05
1.194000e+02   -9.174931e+01   -0.000000e+00   -0.000000e+00   4.582075e+02   1.483557e-11   1.951636e-05
1.195000e+02   -9.093881e+01   -0.000000e+00   -0.000000e+00   4.590392e+02   1.470857e-11   1.938442e-05
1.196000e+02   -8.995286e+01   -0.000000e+00   -0.000000e+00   4.598742e+02   1.458299e-11   1.925387e-05
1.197000e+02   -8.888143e+01   -0.000000e+00   -0.000000e+00   4.607129e+02   1.445877e-11   1.912468e-05
1.198000e+02   -8.781326e+01   -0.000000e+00   -0.000000e+00   4.615558e+02   1.433588e-11   1.899683e-05
1.199000e+02   -8.654758e+01   -0.000000e+00   -0.000000e+00   4.624032e+02   1.421430e-11   1.887029e-05
1.200000e+02   -8.504758e+01   -0.000000e+00   -0.000000e+00   4.632556e+02   1.409398e-11   1.874505e-05
1.201000e+02   -8.354228e+01   -0.000000e+00   -0.000000e+00   4.641134e+02   1.397489e-11   1.862108e-05
1.202000e+02   -8.226072e+01   -0.000000e+00   -0.000000e+00   4.649771e+02   1.385700e-11   1.849835e-05
1.203000e+02   -8.143159e+01   -0.000000e+00   -0.000000e+00   4.658471e+02   1.374027e-11   1.837685e-05
1.204000e+02   -8.089870e+01   -0.000000e+00   -0.000000e+00   4.667238e+02   1.362468e-11   1.825655e-05
1.205000e+02   -8.038360e+01   -0.000000e+00   -0.000000e+00   4.676076e+02   1.351020e-11   1.813742e-05
1.206000e+02   -7.986920e+01   -0.000000e+00   -0.000000e+00   4.684990e+02   1.339678e-11   1.801945e-05
1.207000e+02   -7.933842e+01   -0.000000e+00   -0.000000e+00   4.693984e+02   1.328441e-11   1.790261e-05
1.208000e+02   -7.877417e+01   -0.000000e+00   -0.000000e+00   4.703063e+02   1.317306e-11   1.778688e-05
1.209000e+02   -7.809223e+01   -0.000000e+00   -0.000000e+00   4.712230e+02   1.306268e-11   1.767223e-05
1.210000e+02   -7.725729e+01   -0.000000e+00   -0.000000e+00   4.721490e+02   1.295327e-11   1.755864e-05
1.211000e+02   -7.632559e+01   -0.000000e+00   -0.000000e+00   4.730848e+02   1.284478e-11   1.744608e-05
1.212000e+02   -7.535336e+01   -0.000000e+00   -0.000000e+00   4.740307e+02   1.273719e-11   1.733455e-05
1.213000e+02   -7.439684e+01   -0.000000e+00   -0.000000e+00   4.749872e+02   1.263048e-11   1.722400e-05
1.214000e+02   -7.342811e+01   -0.000000e+00   -0.000000e+00   4.759547e+02   1.252461e-11   1.711442e-05
1.215000e+02   -7.240253e+01   -0.000000e+00   -0.000000e+00   4.769336e+02   1.241957e-11   1.700579e-05
1.216000e+02   -7.136855e+01   -0.000000e+00   -0.000000e+00   4.779244e+02   1.231532e-11   1.689807e-05
1.217000e+02   -7.037470e+01   -0.000000e+00   -0.000000e+00   4.789276e+02   1.221184e-11   1.679126e-05
1.218000e+02   -6.946952e+01   -0.000000e+00   -0.000000e+00   4.799434e+02   1.210911e-11   1.668532e-05
1.219000e+02   -6.867126e+01   -0.000000e+00   -0.000000e+00   4.809725e+02   1.200710e-11   1.658023e-05
1.220000e+02   -6.793196e+01   -0.000000e+00   -0.000000e+00   4.820151e+02   1.190579e-11   1.647597e-05
1.221000e+02   -6.720786e+01   -0.000000e+00   -0.000000e+00   4.830718e+02   1.180515e-11   1.637252e-05
1.222000e+02   -6.645531e+01   -0.000000e+00   -0.000000e+00   4.841429e+02   1.170517e-11   1.626985e-05
1.223000e+02   -6.563065e+01   -0.000000e+00   -0.000000e+00   4.852289e+02   1.160581e-11   1.616794e-05
1.224000e+02   -6.459688e+01   -0.000000e+00   -0.000000e+00   4.863299e+02   1.150708e-11   1.606677e-05
1.225000e+02   -6.328756e+01   -0.000000e+00   -0.000000e+00   4.874458e+02   1.140897e-11   1.596634e-05
1.226000e+02   -6.184554e+01   -0.000000e+00   -0.000000e+00   4.885764e+02   1.131150e-11   1.586664e-05
1.227000e+02   -6.041510e+01   -0.000000e+00   -0.000000e+00   4.897213e+02   1.121466e-11   1.576767e-05
1.228000e+02   -5.914056e+01   -0.000000e+00   -0.000000e+00   4.908804e+02   1.111847e-11   1.566943e-05
1.229000e+02   -5.803640e+01   -0.000000e+00   -0.000000e+00   4.920534e+02   1.102294e-11   1.557191e-05
1.230000e+02   -5.696215e+01   -0.000000e+00   -0.000000e+00   4.932401e+02   1.092806e-11   1.547511e-05
1.231000e+02   -5.593544e+01   -0.000000e+00   -0.000000e+00   4.944402e+02   1.083384e-11   1.537902e-05
1.232000e+02   -5.497661e+01   -0.000000e+00   -0.000000e+00   4.956536e+02   1.074029e-11   1.528364e-05
1.233000e+02   -5.410599e+01   -0.000000e+00   -0.000000e+00   4.968799e+02   1.064742e-11   1.518897e-05
1.234000e+02   -5.333140e+01   -0.000000e+00   -0.000000e+00   4.981191e+02   1.055522e-11   1.509499e-05
1.235000e+02   -5.261684e+01   -0.000000e+00   -0.000000e+00   4.993707e+02   1.046371e-11   1.500172e-05
1.236000e+02   -5.192291e+01   -0.000000e+00   -0.000000e+00   5.006346e+02   1.037288e-11   1.490914e-05
1.237000e+02   -5.121045e+01   -0.000000e+00   -0.000000e+00   5.019106e+02   1.028274e-11   1.481725e-05
1.238000e+02   -5.044027e+01   -0.000000e+00   -0.000000e+00   5.031983e+02   1.019329e-11   1.472604e-05
1.239000e+02   -4.949246e+01   -0.000000e+00   -0.000000e+00   5.044977e+02   1.010454e-11   1.463551e-05
1.240000e+02   -4.824918e+01   -0.000000e+00   -0.000000e+00   5.058084e+02   1.001648e-11   1.454566e-05
1.241000e+02   -4.682797e+01   -0.000000e+00   -0.000000e+00   5.071302e+02   9.929124e-12   1.445649e-05
1.242000e+02   -4.535251e+01   -0.000000e+00   -0.000000e+00   5.084629e+02   9.842470e-12   1.436798e-05
1.243000e+02   -4.394649e+01   -0.000000e+00   -0.000000e+00   5.098063e+02   9.756519e-12   1.428014e-05
1.244000e+02   -4.267249e+01   -0.000000e+00   -0.000000e+00   5.111600e+02   9.671273e-12   1.419296e-05
1.245000e+02   -4.143684e+01   -0.000000e+00   -0.000000e+00   5.125239e+02   9.586733e-12   1.410643e-05
1.246000e+02   -4.021233e+01   -0.000000e+00   -0.000000e+00   5.138978e+02   9.502901e-12   1.402056e-05
1.247000e+02   -3.897608e+01   -0.000000e+00   -0.000000e+00   5.152814e+02   9.419776e-12   1.393533e-05
1.248000e+02   -3.770523e+01   -0.000000e+00   -0.000000e+00   5.166745e+02   9.337360e-12   1.385076e-05
1.249000e+02   -3.637176e+01   -0.000000e+00   -0.000000e+00   5.180767e+02   9.255653e-12   1.376682e-05
1.250000e+02   -3.497120e+01   -0.000000e+00   -0.000000e+00   5.194881e+02   9.174654e-12   1.368351e-05
1.251000e+02   -3.354253e+01   -0.000000e+00   -0.000000e+00   5.209081e+02   9.094364e-12   1.360084e-05
1.252000e+02   -3.212617e+01   -0.000000e+00   -0.000000e+00   5.223367e+02   9.014782e-12   1.351880e-05
1.253000e+02   -3.076256e+01   -0.000000e+00   -0.000000e+00   5.237737e+02   8.935908e-12   1.343738e-05
1.254000e+02   -2.946239e+01   -0.000000e+00   -0.000000e+00   5.252186e+02   8.857740e-12   1.335658e-05
1.255000e+02   -2.817261e+01   -0.000000e+00   -0.000000e+00   5.266715e+02   8.780278e-12   1.327640e-05
1.256000e+02   -2.691310e+01   -0.000000e+00   -0.000000e+00   5.281319e+02   8.703520e-12   1.319683e-05
1.257000e+02   -2.570898e+01   -0.000000e+00   -0.000000e+00   5.295997e+02   8.627465e-12   1.311787e-05
1.258000e+02   -2.458536e+01   -0.000000e+00   -0.000000e+00   5.310746e+02   8.552112e-12   1.303951e-05
1.259000e+02   -2.356144e+01   -0.000000e+00   -0.000000e+00   5.325564e+02   8.477459e-12   1.296175e-05
1.260000e+02   -2.261463e+01   -0.000000e+00   -0.000000e+00   5.340449e+02   8.403504e-12   1.288459e-05
1.261000e+02   -2.170825e+01   -0.000000e+00   -0.000000e+00   5.355398e+02   8.330244e-12   1.280802e-05
1.262000e+02   -2.080599e+01   -0.000000e+00   -0.000000e+00   5.370409e+02   8.257678e-12   1.273203e-05
1.263000e+02   -1.987151e+01   -0.000000e+00   -0.000000e+00   5.385480e+02   8.185803e-12   1.265663e-05
1.264000e+02   -1.887416e+01   -0.000000e+00   -0.000000e+00   5.400608e+02   8.114617e-12   1.258181e-05
1.265000e+02   -1.782430e+01   -0.000000e+00   -0.000000e+00   5.415791e+02   8.044117e-12   1.250756e-05
1.266000e+02   -1.674468e+01   -0.000000e+00   -0.000000e+00   5.431027e+02   7.974301e-12   1.243389e-05
1.267000e+02   -1.565747e+01   -0.000000e+00   -0.000000e+00   5.446313e+02   7.905164e-12   1.236078e-05
1.268000e+02   -1.458481e+01   -0.000000e+00   -0.000000e+00   5.461647e+02   7.836705e-12   1.228823e-05
1.269000e+02   -1.351485e+01   -0.000000e+00   -0.000000e+00   5.477026e+02   7.768920e-12   1.221625e-05
1.270000e+02   -1.236288e+01   -0.000000e+00   -0.000000e+00   5.492448e+02   7.701806e-12   1.214482e-05
1.271000e+02   -1.121119e+01   -0.000000e+00   -0.000000e+00   5.507912e+02   7.635360e-12   1.207394e-05
1.272000e+02   -1.015924e+01   -0.000000e+00   -0.000000e+00   5.523414e+02   7.569578e-12   1.200360e-05
1.273000e+02   -9.306501e+00   -0.000000e+00   -0.000000e+00   5.538952e+02   7.504456e-12   1.193381e-05
1.274000e+02   -8.708547e+00   -0.000000e+00   -0.000000e+00   5.554524e+02   7.439991e-12   1.186456e-05
1.275000e+02   -8.206946e+00   -0.000000e+00   -0.000000e+00   5.570128e+02   7.376178e-12   1.179584e-05
1.276000e+02   -7.747428e+00   -0.000000e+00   -0.000000e+00   5.585761e+02   7.313015e-12   1.172765e-05
1.277000e+02   -7.297251e+00   -0.000000e+00   -0.000000e+00   5.601420e+02   7.250497e-12   1.165999e-05
1.278000e+02   -6.823676e+00   -0.000000e+00   -0.000000e+00   5.617105e+02   7.188620e-12   1.159286e-05
1.279000e+02   -6.302361e+00   -0.000000e+00   -0.000000e+00   5.632811e+02   7.127381e-12   1.152624e-05
1.280000e+02   -5.761172e+00   -0.000000e+00   -0.000000e+00   5.648537e+02   7.066774e-12   1.146013e-05
1.281000e+02   -5.214078e+00   -0.000000e+00   -0.000000e+00   5.664281e+02   7.006795e-12   1.139453e-05
1.282000e+02   -4.670130e+00   -0.000000e+00   -0.000000e+00   5.680040e+02   6.947441e-12   1.132944e-05
1.283000e+02   -4.138381e+00   -0.000000e+00   -0.000000e+00   5.695811e+02   6.888707e-12   1.126486e-05
1.284000e+02   -3.632332e+00   -0.000000e+00   -0.000000e+00   5.711593e+02   6.830589e-12   1.120077e-05
1.285000e+02   -3.181038e+00   -0.000000e+00   -0.000000e+00   5.727383e+02   6.773081e-12   1.113717e-05
1.286000e+02   -2.780921e+00   -0.000000e+00   -0.000000e+00   5.743179e+02   6.716181e-12   1.107407e-05
1.287000e+02   -2.423210e+00   -0.000000e+00   -0.000000e+00   5.758979e+02   6.659882e-12   1.101145e-05
1.288000e+02   -2.099136e+00   -0.000000e+00   -0.000000e+00   5.774779e+02   6.604180e-12   1.094931e-05
1.289000e+02   -1.821645e+00   -0.000000e+00   -0.000000e+00   5.790578e+02   6.549071e-12   1.088765e-05
1.290000e+02   -1.705266e+00   -0.000000e+00   -0.000000e+00   5.806374e+02   6.494550e-12   1.082646e-05
1.291000e+02   -1.700363e+00   -0.000000e+00   -0.000000e+00   5.822164e+02   6.440612e-12   1.076574e-05
1.292000e+02   -1.725495e+00   -0.000000e+00   -0.000000e+00   5.837945e+02   6.387253e-12   1.070549e-05
1.293000e+02   -1.699216e+00   -0.000000e+00   -0.000000e+00   5.853716e+02   6.334467e-12   1.064570e-05
1.294000e+02   -1.553863e+00   -0.000000e+00   -0.000000e+00   5.869474e+02   6.282251e-12   1.058636e-05
1.295000e+02   -1.349432e+00   -0.000000e+00   -0.000000e+00   5.885216e+02   6.230598e-12   1.052748e-05
1.296000e+02   -1.116549e+00   -0.000000e+00   -0.000000e+00   5.900941e+02   6.179504e-12   1.046905e-05
1.297000e+02   -8.672829e-01   -0.000000e+00   -0.000000e+00   5.916646e+02   6.128965e-12   1.041106e-05
1.298000e+02   -6.137005e-01   -0.000000e+00   -0.000000e+00   5.932329e+02   6.078975e-12   1.035352e-05
1.299000e+02   -3.643662e-01   -0.000000e+00   -0.000000e+00   5.947986e+02   6.029530e-12   1.029641e-05
1.300000e+02   -9.987518e-02   -0.000000e+00   -0.000000e+00   5.963617e+02   5.980624e-12   1.023973e-05
