#% 0, Z0, m, 0.0
#% 1, Z, km
#% 2, U, m/s
#% 3, V, m/s
#% 4, W, m/s
#% 5, T, degK
#% 6, RHO, g/cm3
#% 7, P, mbar
0.000000e+00   -6.286693e+00   -0.000000e+00   -0.000000e+00   2.713479e+02   1.255120e-03   9.777863e+02
1.000000e-01   -6.681521e+00   -0.000000e+00   -0.000000e+00   2.703780e+02   1.243963e-03   9.656310e+02
2.000000e-01   -6.861921e+00   -0.000000e+00   -0.000000e+00   2.694110e+02   1.232856e-03   9.535863e+02
3.000000e-01   -6.937344e+00   -0.000000e+00   -0.000000e+00   2.684468e+02   1.221799e-03   9.416517e+02
4.000000e-01   -6.999366e+00   -0.000000e+00   -0.000000e+00   2.674856e+02   1.210791e-03   9.298267e+02
5.000000e-01   -7.061580e+00   -0.000000e+00   -0.000000e+00   2.665299e+02   1.199823e-03   9.181115e+02
6.000000e-01   -7.110434e+00   -0.000000e+00   -0.000000e+00   2.655879e+02   1.188859e-03   9.065063e+02
7.000000e-01   -7.136570e+00   -0.000000e+00   -0.000000e+00   2.646684e+02   1.177861e-03   8.950118e+02
8.000000e-01   -7.138167e+00   -0.000000e+00   -0.000000e+00   2.637792e+02   1.166800e-03   8.836282e+02
9.000000e-01   -7.123714e+00   -0.000000e+00   -0.000000e+00   2.629241e+02   1.155663e-03   8.723562e+02
1.000000e+00   -7.142816e+00   -0.000000e+00   -0.000000e+00   2.620849e+02   1.144530e-03   8.611952e+02
1.100000e+00   -7.245893e+00   -0.000000e+00   -0.000000e+00   2.612435e+02   1.133483e-03   8.501446e+02
1.200000e+00   -7.414836e+00   -0.000000e+00   -0.000000e+00   2.604301e+02   1.122390e-03   8.392033e+02
1.300000e+00   -7.549124e+00   -0.000000e+00   -0.000000e+00   2.596561e+02   1.111204e-03   8.283707e+02
1.400000e+00   -7.591660e+00   -0.000000e+00   -0.000000e+00   2.587227e+02   1.100774e-03   8.176457e+02
1.500000e+00   -7.459384e+00   -0.000000e+00   -0.000000e+00   2.581222e+02   1.089006e-03   8.070269e+02
1.600000e+00   -7.061078e+00   -0.000000e+00   -0.000000e+00   2.581898e+02   1.074538e-03   7.965137e+02
1.700000e+00   -6.403887e+00   -0.000000e+00   -0.000000e+00   2.583798e+02   1.059720e-03   7.861078e+02
1.800000e+00   -5.607305e+00   -0.000000e+00   -0.000000e+00   2.584352e+02   1.045613e-03   7.758092e+02
1.900000e+00   -4.814572e+00   -0.000000e+00   -0.000000e+00   2.583050e+02   1.032397e-03   7.656175e+02
2.000000e+00   -4.129476e+00   -0.000000e+00   -0.000000e+00   2.580208e+02   1.019924e-03   7.555355e+02
2.100000e+00   -3.583762e+00   -0.000000e+00   -0.000000e+00   2.576735e+02   1.007826e-03   7.455687e+02
2.200000e+00   -3.131126e+00   -0.000000e+00   -0.000000e+00   2.573245e+02   9.958645e-04   7.357219e+02
2.300000e+00   -2.752022e+00   -0.000000e+00   -0.000000e+00   2.569673e+02   9.840682e-04   7.259979e+02
2.400000e+00   -2.424526e+00   -0.000000e+00   -0.000000e+00   2.565894e+02   9.724870e-04   7.163989e+02
2.500000e+00   -2.108990e+00   -0.000000e+00   -0.000000e+00   2.562014e+02   9.610764e-04   7.069225e+02
2.600000e+00   -1.773907e+00   -0.000000e+00   -0.000000e+00   2.558261e+02   9.497442e-04   6.975636e+02
2.700000e+00   -1.421584e+00   -0.000000e+00   -0.000000e+00   2.554790e+02   9.384299e-04   6.883183e+02
2.800000e+00   -1.051369e+00   -0.000000e+00   -0.000000e+00   2.551579e+02   9.271434e-04   6.791853e+02
2.900000e+00   -6.651598e-01   -0.000000e+00   -0.000000e+00   2.548579e+02   9.159043e-04   6.701633e+02
3.000000e+00   -2.679108e-01   -0.000000e+00   -0.000000e+00   2.545718e+02   9.047402e-04   6.612512e+02
3.100000e+00   1.705311e-01   -0.000000e+00   -0.000000e+00   2.542898e+02   8.936851e-04   6.524479e+02
3.200000e+00   6.886940e-01   -0.000000e+00   -0.000000e+00   2.540023e+02   8.827720e-04   6.437520e+02
3.300000e+00   1.222819e+00   -0.000000e+00   -0.000000e+00   2.537008e+02   8.720281e-04   6.351622e+02
3.400000e+00   1.706884e+00   -0.000000e+00   -0.000000e+00   2.533802e+02   8.614670e-04   6.266770e+02
3.500000e+00   2.074956e+00   -0.000000e+00   -0.000000e+00   2.530362e+02   8.510997e-04   6.182947e+02
3.600000e+00   2.236334e+00   -0.000000e+00   -0.000000e+00   2.526644e+02   8.409364e-04   6.100137e+02
3.700000e+00   2.155846e+00   -0.000000e+00   -0.000000e+00   2.522615e+02   8.309832e-04   6.018324e+02
3.800000e+00   1.949345e+00   -0.000000e+00   -0.000000e+00   2.518326e+02   8.212186e-04   5.937493e+02
3.900000e+00   1.744980e+00   -0.000000e+00   -0.000000e+00   2.513867e+02   8.116098e-04   5.857629e+02
4.000000e+00   1.670947e+00   -0.000000e+00   -0.000000e+00   2.509326e+02   8.021250e-04   5.778718e+02
4.100000e+00   1.777574e+00   -0.000000e+00   -0.000000e+00   2.504794e+02   7.927335e-04   5.700745e+02
4.200000e+00   1.929354e+00   -0.000000e+00   -0.000000e+00   2.500332e+02   7.834146e-04   5.623695e+02
4.300000e+00   2.112451e+00   -0.000000e+00   -0.000000e+00   2.495950e+02   7.741649e-04   5.547556e+02
4.400000e+00   2.320066e+00   -0.000000e+00   -0.000000e+00   2.491649e+02   7.649829e-04   5.472314e+02
4.500000e+00   2.545398e+00   -0.000000e+00   -0.000000e+00   2.487433e+02   7.558674e-04   5.397956e+02
4.600000e+00   2.850335e+00   -0.000000e+00   -0.000000e+00   2.483302e+02   7.468174e-04   5.324470e+02
4.700000e+00   3.367809e+00   -0.000000e+00   -0.000000e+00   2.479201e+02   7.378490e-04   5.251842e+02
4.800000e+00   3.982920e+00   -0.000000e+00   -0.000000e+00   2.475008e+02   7.289972e-04   5.180061e+02
4.900000e+00   4.566396e+00   -0.000000e+00   -0.000000e+00   2.470596e+02   7.202968e-04   5.109114e+02
5.000000e+00   4.988968e+00   0.000000e+00   0.000000e+00   2.465838e+02   7.117812e-04   5.038989e+02
5.100000e+00   5.132688e+00   0.000000e+00   0.000000e+00   2.460609e+02   7.034819e-04   4.969674e+02
5.200000e+00   5.026537e+00   0.000000e+00   0.000000e+00   2.454848e+02   6.954113e-04   4.901158e+02
5.300000e+00   4.802239e+00   0.000000e+00   0.000000e+00   2.448596e+02   6.875519e-04   4.833425e+02
5.400000e+00   4.593680e+00   0.000000e+00   0.000000e+00   2.441906e+02   6.798840e-04   4.766462e+02
5.500000e+00   4.534745e+00   0.000000e+00   0.000000e+00   2.434829e+02   6.723891e-04   4.700256e+02
5.600000e+00   4.731106e+00   0.000000e+00   0.000000e+00   2.427417e+02   6.650488e-04   4.634792e+02
5.700000e+00   5.111927e+00   0.000000e+00   0.000000e+00   2.419729e+02   6.578434e-04   4.570058e+02
5.800000e+00   5.576788e+00   0.000000e+00   0.000000e+00   2.411870e+02   6.507426e-04   4.506044e+02
5.900000e+00   6.029083e+00   0.000000e+00   0.000000e+00   2.403958e+02   6.437128e-04   4.442744e+02
6.000000e+00   6.372203e+00   0.000000e+00   0.000000e+00   2.396112e+02   6.367216e-04   4.380150e+02
6.100000e+00   6.514059e+00   0.000000e+00   0.000000e+00   2.388451e+02   6.297373e-04   4.318254e+02
6.200000e+00   6.460708e+00   0.000000e+00   0.000000e+00   2.381096e+02   6.227294e-04   4.257049e+02
6.300000e+00   6.310126e+00   0.000000e+00   0.000000e+00   2.374117e+02   6.156808e-04   4.196528e+02
6.400000e+00   6.165708e+00   0.000000e+00   0.000000e+00   2.367446e+02   6.086118e-04   4.136689e+02
6.500000e+00   6.131253e+00   0.000000e+00   0.000000e+00   2.360986e+02   6.015490e-04   4.077527e+02
6.600000e+00   6.322847e+00   0.000000e+00   0.000000e+00   2.354642e+02   5.945180e-04   4.019039e+02
6.700000e+00   6.798192e+00   0.000000e+00   0.000000e+00   2.348317e+02   5.875437e-04   3.961223e+02
6.800000e+00   7.424031e+00   0.000000e+00   0.000000e+00   2.341916e+02   5.806501e-04   3.904074e+02
6.900000e+00   8.051660e+00   0.000000e+00   0.000000e+00   2.335353e+02   5.738574e-04   3.847590e+02
7.000000e+00   8.530285e+00   0.000000e+00   0.000000e+00   2.328604e+02   5.671697e-04   3.791762e+02
7.100000e+00   8.730518e+00   0.000000e+00   0.000000e+00   2.321668e+02   5.605851e-04   3.736578e+02
7.200000e+00   8.708248e+00   0.000000e+00   0.000000e+00   2.314542e+02   5.541023e-04   3.682030e+02
7.300000e+00   8.552467e+00   0.000000e+00   0.000000e+00   2.307223e+02   5.477195e-04   3.628107e+02
7.400000e+00   8.343652e+00   0.000000e+00   0.000000e+00   2.299708e+02   5.414352e-04   3.574799e+02
7.500000e+00   8.162273e+00   0.000000e+00   0.000000e+00   2.291996e+02   5.352478e-04   3.522095e+02
7.600000e+00   8.057010e+00   0.000000e+00   0.000000e+00   2.284095e+02   5.291531e-04   3.469987e+02
7.700000e+00   7.913480e+00   0.000000e+00   0.000000e+00   2.276043e+02   5.231416e-04   3.418473e+02
7.800000e+00   7.761667e+00   0.000000e+00   0.000000e+00   2.267882e+02   5.172033e-04   3.367550e+02
7.900000e+00   7.661776e+00   0.000000e+00   0.000000e+00   2.259650e+02   5.113284e-04   3.317214e+02
8.000000e+00   7.674008e+00   0.000000e+00   0.000000e+00   2.251391e+02   5.055076e-04   3.267465e+02
8.100000e+00   7.926647e+00   0.000000e+00   0.000000e+00   2.243144e+02   4.997316e-04   3.218299e+02
8.200000e+00   8.795074e+00   0.000000e+00   0.000000e+00   2.234951e+02   4.939918e-04   3.169714e+02
8.300000e+00   1.002173e+01   0.000000e+00   0.000000e+00   2.226851e+02   4.882795e-04   3.121707e+02
8.400000e+00   1.124007e+01   0.000000e+00   0.000000e+00   2.218887e+02   4.825866e-04   3.074276e+02
8.500000e+00   1.208517e+01   0.000000e+00   0.000000e+00   2.211100e+02   4.769058e-04   3.027425e+02
8.600000e+00   1.219765e+01   0.000000e+00   0.000000e+00   2.203532e+02   4.712308e-04   2.981161e+02
8.700000e+00   1.150672e+01   0.000000e+00   0.000000e+00   2.196226e+02   4.655554e-04   2.935491e+02
8.800000e+00   1.036545e+01   0.000000e+00   0.000000e+00   2.189223e+02   4.598740e-04   2.890421e+02
8.900000e+00   9.159072e+00   0.000000e+00   0.000000e+00   2.182566e+02   4.541811e-04   2.845960e+02
9.000000e+00   8.272844e+00   0.000000e+00   0.000000e+00   2.176296e+02   4.484719e-04   2.802113e+02
9.100000e+00   8.065242e+00   0.000000e+00   0.000000e+00   2.170458e+02   4.427416e-04   2.758887e+02
9.200000e+00   8.459124e+00   0.000000e+00   0.000000e+00   2.165091e+02   4.369862e-04   2.716291e+02
9.300000e+00   9.161549e+00   0.000000e+00   0.000000e+00   2.160239e+02   4.312019e-04   2.674329e+02
9.400000e+00   9.900556e+00   0.000000e+00   0.000000e+00   2.155943e+02   4.253856e-04   2.633010e+02
9.500000e+00   1.040811e+01   0.000000e+00   0.000000e+00   2.152231e+02   4.195366e-04   2.592335e+02
9.600000e+00   1.046372e+01   0.000000e+00   0.000000e+00   2.149114e+02   4.136562e-04   2.552298e+02
9.700000e+00   1.036214e+01   0.000000e+00   0.000000e+00   2.146607e+02   4.077463e-04   2.512898e+02
9.800000e+00   1.021380e+01   0.000000e+00   0.000000e+00   2.144720e+02   4.018086e-04   2.474128e+02
9.900000e+00   1.001576e+01   0.000000e+00   0.000000e+00   2.143468e+02   3.958452e-04   2.435986e+02
1.000000e+01   9.765100e+00   0.000000e+00   0.000000e+00   2.142863e+02   3.898586e-04   2.398467e+02
1.010000e+01   9.429454e+00   0.000000e+00   0.000000e+00   2.142917e+02   3.838510e-04   2.361568e+02
1.020000e+01   8.700039e+00   0.000000e+00   0.000000e+00   2.143643e+02   3.778253e-04   2.325283e+02
1.030000e+01   7.695632e+00   0.000000e+00   0.000000e+00   2.145054e+02   3.717841e-04   2.289609e+02
1.040000e+01   6.671832e+00   0.000000e+00   0.000000e+00   2.147162e+02   3.657306e-04   2.254543e+02
1.050000e+01   5.881478e+00   0.000000e+00   0.000000e+00   2.149948e+02   3.596729e-04   2.220076e+02
1.060000e+01   5.542498e+00   0.000000e+00   0.000000e+00   2.153320e+02   3.536297e-04   2.186199e+02
1.070000e+01   5.378596e+00   0.000000e+00   0.000000e+00   2.157178e+02   3.476202e-04   2.152898e+02
1.080000e+01   5.250468e+00   0.000000e+00   0.000000e+00   2.161420e+02   3.416624e-04   2.120161e+02
1.090000e+01   5.154307e+00   0.000000e+00   0.000000e+00   2.165945e+02   3.357729e-04   2.087976e+02
1.100000e+01   5.086307e+00   0.000000e+00   0.000000e+00   2.170652e+02   3.299668e-04   2.056330e+02
1.110000e+01   5.070123e+00   0.000000e+00   0.000000e+00   2.175439e+02   3.242582e-04   2.025211e+02
1.120000e+01   5.551602e+00   0.000000e+00   0.000000e+00   2.180205e+02   3.186600e-04   1.994606e+02
1.130000e+01   6.436655e+00   0.000000e+00   0.000000e+00   2.184849e+02   3.131837e-04   1.964504e+02
1.140000e+01   7.394200e+00   0.000000e+00   0.000000e+00   2.189269e+02   3.078400e-04   1.934891e+02
1.150000e+01   8.093390e+00   0.000000e+00   0.000000e+00   2.193371e+02   3.026376e-04   1.905756e+02
1.160000e+01   8.199863e+00   0.000000e+00   0.000000e+00   2.197144e+02   2.975732e-04   1.877089e+02
1.170000e+01   7.417591e+00   0.000000e+00   0.000000e+00   2.200636e+02   2.926364e-04   1.848881e+02
1.180000e+01   6.029698e+00   0.000000e+00   0.000000e+00   2.203894e+02   2.878173e-04   1.821126e+02
1.190000e+01   4.462628e+00   0.000000e+00   0.000000e+00   2.206965e+02   2.831065e-04   1.793815e+02
1.200000e+01   3.142825e+00   0.000000e+00   0.000000e+00   2.209897e+02   2.784950e-04   1.766940e+02
1.210000e+01   2.476733e+00   0.000000e+00   0.000000e+00   2.212737e+02   2.739745e-04   1.740494e+02
1.220000e+01   2.132445e+00   0.000000e+00   0.000000e+00   2.215534e+02   2.695371e-04   1.714468e+02
1.230000e+01   1.850334e+00   0.000000e+00   0.000000e+00   2.218334e+02   2.651752e-04   1.688854e+02
1.240000e+01   1.647064e+00   0.000000e+00   0.000000e+00   2.221185e+02   2.608818e-04   1.663645e+02
1.250000e+01   1.539297e+00   0.000000e+00   0.000000e+00   2.224135e+02   2.566501e-04   1.638834e+02
1.260000e+01   1.559859e+00   0.000000e+00   0.000000e+00   2.227223e+02   2.524747e-04   1.614411e+02
1.270000e+01   2.371579e+00   0.000000e+00   0.000000e+00   2.230452e+02   2.483552e-04   1.590371e+02
1.280000e+01   3.920950e+00   0.000000e+00   0.000000e+00   2.233809e+02   2.442925e-04   1.566709e+02
1.290000e+01   5.669580e+00   0.000000e+00   0.000000e+00   2.237282e+02   2.402874e-04   1.543420e+02
1.300000e+01   7.079077e+00   0.000000e+00   0.000000e+00   2.240861e+02   2.363406e-04   1.520497e+02
1.310000e+01   7.621051e+00   0.000000e+00   0.000000e+00   2.244533e+02   2.324529e-04   1.497936e+02
1.320000e+01   7.580778e+00   0.000000e+00   0.000000e+00   2.248286e+02   2.286247e-04   1.475730e+02
1.330000e+01   7.377639e+00   0.000000e+00   0.000000e+00   2.252109e+02   2.248564e-04   1.453875e+02
1.340000e+01   7.084965e+00   0.000000e+00   0.000000e+00   2.255991e+02   2.211485e-04   1.432365e+02
1.350000e+01   6.776088e+00   0.000000e+00   0.000000e+00   2.259919e+02   2.175012e-04   1.411194e+02
1.360000e+01   6.523211e+00   0.000000e+00   0.000000e+00   2.263881e+02   2.139146e-04   1.390357e+02
1.370000e+01   6.263529e+00   0.000000e+00   0.000000e+00   2.267869e+02   2.103887e-04   1.369849e+02
1.380000e+01   5.965220e+00   0.000000e+00   0.000000e+00   2.271877e+02   2.069229e-04   1.349665e+02
1.390000e+01   5.685529e+00   0.000000e+00   0.000000e+00   2.275902e+02   2.035165e-04   1.329798e+02
1.400000e+01   5.481699e+00   0.000000e+00   0.000000e+00   2.279941e+02   2.001688e-04   1.310245e+02
1.410000e+01   5.412196e+00   0.000000e+00   0.000000e+00   2.283991e+02   1.968789e-04   1.290999e+02
1.420000e+01   5.775831e+00   0.000000e+00   0.000000e+00   2.288049e+02   1.936461e-04   1.272056e+02
1.430000e+01   6.564990e+00   0.000000e+00   0.000000e+00   2.292111e+02   1.904695e-04   1.253411e+02
1.440000e+01   7.480943e+00   0.000000e+00   0.000000e+00   2.296174e+02   1.873485e-04   1.235058e+02
1.450000e+01   8.224961e+00   0.000000e+00   0.000000e+00   2.300235e+02   1.842822e-04   1.216993e+02
1.460000e+01   8.498179e+00   0.000000e+00   0.000000e+00   2.304292e+02   1.812697e-04   1.199209e+02
1.470000e+01   7.997277e+00   0.000000e+00   0.000000e+00   2.308340e+02   1.783102e-04   1.181703e+02
1.480000e+01   6.893840e+00   0.000000e+00   0.000000e+00   2.312370e+02   1.754034e-04   1.164469e+02
1.490000e+01   5.577350e+00   0.000000e+00   0.000000e+00   2.316353e+02   1.725505e-04   1.147501e+02
1.500000e+01   4.436987e+00   0.000000e+00   0.000000e+00   2.320253e+02   1.697528e-04   1.130797e+02
1.510000e+01   3.861931e+00   0.000000e+00   0.000000e+00   2.324036e+02   1.670117e-04   1.114351e+02
1.520000e+01   3.702899e+00   0.000000e+00   0.000000e+00   2.327666e+02   1.643282e-04   1.098159e+02
1.530000e+01   3.551315e+00   0.000000e+00   0.000000e+00   2.331110e+02   1.617034e-04   1.082216e+02
1.540000e+01   3.407419e+00   0.000000e+00   0.000000e+00   2.334331e+02   1.591379e-04   1.066519e+02
1.550000e+01   3.271449e+00   0.000000e+00   0.000000e+00   2.337296e+02   1.566325e-04   1.051061e+02
1.560000e+01   3.143645e+00   0.000000e+00   0.000000e+00   2.339968e+02   1.541878e-04   1.035839e+02
1.570000e+01   3.242324e+00   0.000000e+00   0.000000e+00   2.342315e+02   1.518042e-04   1.020849e+02
1.580000e+01   3.671439e+00   0.000000e+00   0.000000e+00   2.344300e+02   1.494822e-04   1.006086e+02
1.590000e+01   4.207493e+00   0.000000e+00   0.000000e+00   2.345900e+02   1.472212e-04   9.915447e+01
1.600000e+01   4.628785e+00   0.000000e+00   0.000000e+00   2.347144e+02   1.450179e-04   9.772229e+01
1.610000e+01   4.714252e+00   0.000000e+00   0.000000e+00   2.348077e+02   1.428678e-04   9.631169e+01
1.620000e+01   4.465264e+00   0.000000e+00   0.000000e+00   2.348746e+02   1.407667e-04   9.492236e+01
1.630000e+01   4.120862e+00   0.000000e+00   0.000000e+00   2.349196e+02   1.387109e-04   9.355396e+01
1.640000e+01   3.738597e+00   0.000000e+00   0.000000e+00   2.349472e+02   1.366965e-04   9.220618e+01
1.650000e+01   3.375094e+00   0.000000e+00   0.000000e+00   2.349619e+02   1.347200e-04   9.087869e+01
1.660000e+01   3.086976e+00   0.000000e+00   0.000000e+00   2.349684e+02   1.327781e-04   8.957117e+01
1.670000e+01   2.894402e+00   0.000000e+00   0.000000e+00   2.349712e+02   1.308674e-04   8.828330e+01
1.680000e+01   2.755235e+00   0.000000e+00   0.000000e+00   2.349747e+02   1.289850e-04   8.701475e+01
1.690000e+01   2.649908e+00   0.000000e+00   0.000000e+00   2.349837e+02   1.271279e-04   8.576520e+01
1.700000e+01   2.559066e+00   0.000000e+00   0.000000e+00   2.350022e+02   1.252936e-04   8.453434e+01
1.710000e+01   2.462326e+00   0.000000e+00   0.000000e+00   2.350311e+02   1.234813e-04   8.332186e+01
1.720000e+01   2.349814e+00   0.000000e+00   0.000000e+00   2.350696e+02   1.216913e-04   8.212748e+01
1.730000e+01   2.236371e+00   0.000000e+00   0.000000e+00   2.351165e+02   1.199240e-04   8.095091e+01
1.740000e+01   2.131621e+00   0.000000e+00   0.000000e+00   2.351711e+02   1.181795e-04   7.979186e+01
1.750000e+01   2.045015e+00   0.000000e+00   0.000000e+00   2.352323e+02   1.164581e-04   7.865006e+01
1.760000e+01   1.986005e+00   0.000000e+00   0.000000e+00   2.352992e+02   1.147599e-04   7.752521e+01
1.770000e+01   1.999230e+00   0.000000e+00   0.000000e+00   2.353709e+02   1.130850e-04   7.641702e+01
1.780000e+01   2.114903e+00   0.000000e+00   0.000000e+00   2.354464e+02   1.114336e-04   7.532522e+01
1.790000e+01   2.265730e+00   0.000000e+00   0.000000e+00   2.355248e+02   1.098056e-04   7.424952e+01
1.800000e+01   2.382643e+00   0.000000e+00   0.000000e+00   2.356051e+02   1.082013e-04   7.318963e+01
1.810000e+01   2.396571e+00   0.000000e+00   0.000000e+00   2.356864e+02   1.066206e-04   7.214526e+01
1.820000e+01   1.966054e+00   0.000000e+00   0.000000e+00   2.357678e+02   1.050634e-04   7.111616e+01
1.830000e+01   7.535704e-01   0.000000e+00   0.000000e+00   2.358488e+02   1.035297e-04   7.010207e+01
1.840000e+01   -7.878283e-01   0.000000e+00   0.000000e+00   2.359286e+02   1.020194e-04   6.910277e+01
1.850000e+01   -2.184459e+00   0.000000e+00   0.000000e+00   2.360066e+02   1.005323e-04   6.811801e+01
1.860000e+01   -2.962640e+00   0.000000e+00   0.000000e+00   2.360822e+02   9.906829e-05   6.714756e+01
1.870000e+01   -2.693219e+00   0.000000e+00   0.000000e+00   2.361547e+02   9.762727e-05   6.619117e+01
1.880000e+01   -1.519288e+00   0.000000e+00   0.000000e+00   2.362235e+02   9.620905e-05   6.524862e+01
1.890000e+01   4.975633e-02   0.000000e+00   0.000000e+00   2.362879e+02   9.481344e-05   6.431966e+01
1.900000e+01   1.499675e+00   0.000000e+00   0.000000e+00   2.363473e+02   9.344026e-05   6.340405e+01
1.910000e+01   2.316229e+00   0.000000e+00   0.000000e+00   2.364010e+02   9.208930e-05   6.250156e+01
1.920000e+01   2.228520e+00   0.000000e+00   0.000000e+00   2.364484e+02   9.076035e-05   6.161194e+01
1.930000e+01   1.714017e+00   0.000000e+00   0.000000e+00   2.364890e+02   8.945312e-05   6.073498e+01
1.940000e+01   1.004619e+00   0.000000e+00   0.000000e+00   2.365235e+02   8.816699e-05   5.987048e+01
1.950000e+01   3.082348e-01   0.000000e+00   0.000000e+00   2.365529e+02   8.690123e-05   5.901827e+01
1.960000e+01   -1.672248e-01   0.000000e+00   0.000000e+00   2.365781e+02   8.565512e-05   5.817820e+01
1.970000e+01   -3.420957e-01   0.000000e+00   0.000000e+00   2.366003e+02   8.442799e-05   5.735009e+01
1.980000e+01   -4.765222e-01   0.000000e+00   0.000000e+00   2.366204e+02   8.321916e-05   5.653377e+01
1.990000e+01   -5.832963e-01   0.000000e+00   0.000000e+00   2.366396e+02   8.202802e-05   5.572909e+01
2.000000e+01   -6.546571e-01   0.000000e+00   0.000000e+00   2.366587e+02   8.085393e-05   5.493586e+01
2.010000e+01   -6.828435e-01   0.000000e+00   0.000000e+00   2.366788e+02   7.969631e-05   5.415393e+01
2.020000e+01   -6.523463e-01   0.000000e+00   0.000000e+00   2.367010e+02   7.855458e-05   5.338313e+01
2.030000e+01   -5.546146e-01   0.000000e+00   0.000000e+00   2.367264e+02   7.742818e-05   5.262329e+01
2.040000e+01   -4.316598e-01   0.000000e+00   0.000000e+00   2.367558e+02   7.631657e-05   5.187425e+01
2.050000e+01   -3.277380e-01   0.000000e+00   0.000000e+00   2.367898e+02   7.521944e-05   5.113584e+01
2.060000e+01   -2.855726e-01   0.000000e+00   0.000000e+00   2.368275e+02   7.413690e-05   5.040793e+01
2.070000e+01   -4.003634e-01   0.000000e+00   0.000000e+00   2.368679e+02   7.306912e-05   4.969039e+01
2.080000e+01   -8.145075e-01   0.000000e+00   0.000000e+00   2.369100e+02   7.201624e-05   4.898309e+01
2.090000e+01   -1.384836e+00   0.000000e+00   0.000000e+00   2.369527e+02   7.097840e-05   4.828589e+01
2.100000e+01   -1.945857e+00   0.000000e+00   0.000000e+00   2.369951e+02   6.995569e-05   4.759866e+01
2.110000e+01   -2.332080e+00   0.000000e+00   0.000000e+00   2.370360e+02   6.894821e-05   4.692126e+01
2.120000e+01   -2.278725e+00   0.000000e+00   0.000000e+00   2.370745e+02   6.795603e-05   4.625357e+01
2.130000e+01   -1.466588e+00   0.000000e+00   0.000000e+00   2.371096e+02   6.697921e-05   4.559545e+01
2.140000e+01   -2.665628e-01   0.000000e+00   0.000000e+00   2.371402e+02   6.601779e-05   4.494677e+01
2.150000e+01   8.904213e-01   0.000000e+00   0.000000e+00   2.371652e+02   6.507179e-05   4.430739e+01
2.160000e+01   1.573443e+00   0.000000e+00   0.000000e+00   2.371838e+02   6.414123e-05   4.367719e+01
2.170000e+01   1.538912e+00   0.000000e+00   0.000000e+00   2.371958e+02   6.322583e-05   4.305603e+01
2.180000e+01   1.401683e+00   0.000000e+00   0.000000e+00   2.372028e+02   6.232499e-05   4.244380e+01
2.190000e+01   1.258967e+00   0.000000e+00   0.000000e+00   2.372061e+02   6.143807e-05   4.184039e+01
2.200000e+01   1.112103e+00   0.000000e+00   0.000000e+00   2.372074e+02   6.056448e-05   4.124568e+01
2.210000e+01   9.624295e-01   0.000000e+00   0.000000e+00   2.372081e+02   5.970365e-05   4.065956e+01
2.220000e+01   7.576193e-01   0.000000e+00   0.000000e+00   2.372097e+02   5.885503e-05   4.008192e+01
2.230000e+01   2.676049e-01   0.000000e+00   0.000000e+00   2.372139e+02   5.801809e-05   3.951263e+01
2.240000e+01   -4.214862e-01   0.000000e+00   0.000000e+00   2.372220e+02   5.719233e-05   3.895158e+01
2.250000e+01   -1.177697e+00   0.000000e+00   0.000000e+00   2.372357e+02   5.637724e-05   3.839867e+01
2.260000e+01   -1.869070e+00   0.000000e+00   0.000000e+00   2.372563e+02   5.557237e-05   3.785376e+01
2.270000e+01   -2.406928e+00   0.000000e+00   0.000000e+00   2.372855e+02   5.477726e-05   3.731676e+01
2.280000e+01   -2.944692e+00   0.000000e+00   0.000000e+00   2.373247e+02   5.399150e-05   3.678754e+01
2.290000e+01   -3.460187e+00   0.000000e+00   0.000000e+00   2.373743e+02   5.321493e-05   3.626600e+01
2.300000e+01   -3.891965e+00   0.000000e+00   0.000000e+00   2.374332e+02   5.244775e-05   3.575202e+01
2.310000e+01   -4.178657e+00   0.000000e+00   0.000000e+00   2.374999e+02   5.169016e-05   3.524549e+01
2.320000e+01   -4.231758e+00   0.000000e+00   0.000000e+00   2.375732e+02   5.094235e-05   3.474632e+01
2.330000e+01   -3.894834e+00   0.000000e+00   0.000000e+00   2.376519e+02   5.020448e-05   3.425439e+01
2.340000e+01   -3.314344e+00   0.000000e+00   0.000000e+00   2.377347e+02   4.947671e-05   3.376959e+01
2.350000e+01   -2.684295e+00   0.000000e+00   0.000000e+00   2.378203e+02   4.875915e-05   3.329181e+01
2.360000e+01   -2.198694e+00   0.000000e+00   0.000000e+00   2.379074e+02   4.805194e-05   3.282096e+01
2.370000e+01   -2.011376e+00   0.000000e+00   0.000000e+00   2.379947e+02   4.735517e-05   3.235691e+01
2.380000e+01   -1.926104e+00   0.000000e+00   0.000000e+00   2.380810e+02   4.666892e-05   3.189957e+01
2.390000e+01   -1.871263e+00   0.000000e+00   0.000000e+00   2.381650e+02   4.599325e-05   3.144882e+01
2.400000e+01   -1.832800e+00   0.000000e+00   0.000000e+00   2.382453e+02   4.532824e-05   3.100456e+01
2.410000e+01   -1.796247e+00   0.000000e+00   0.000000e+00   2.383213e+02   4.467381e-05   3.056668e+01
2.420000e+01   -1.745692e+00   0.000000e+00   0.000000e+00   2.383936e+02   4.402969e-05   3.013510e+01
2.430000e+01   -1.672789e+00   0.000000e+00   0.000000e+00   2.384629e+02   4.339557e-05   2.970972e+01
2.440000e+01   -1.594791e+00   0.000000e+00   0.000000e+00   2.385299e+02   4.277114e-05   2.929045e+01
2.450000e+01   -1.532232e+00   0.000000e+00   0.000000e+00   2.385954e+02   4.215613e-05   2.887720e+01
2.460000e+01   -1.505649e+00   0.000000e+00   0.000000e+00   2.386601e+02   4.155024e-05   2.846989e+01
2.470000e+01   -1.624404e+00   0.000000e+00   0.000000e+00   2.387249e+02   4.095322e-05   2.806842e+01
2.480000e+01   -2.688291e+00   0.000000e+00   0.000000e+00   2.387904e+02   4.036478e-05   2.767271e+01
2.490000e+01   -4.418354e+00   0.000000e+00   0.000000e+00   2.388573e+02   3.978468e-05   2.728267e+01
2.500000e+01   -6.230175e+00   0.000000e+00   0.000000e+00   2.389266e+02   3.921267e-05   2.689820e+01
2.510000e+01   -7.539336e+00   0.000000e+00   0.000000e+00   2.389988e+02   3.864850e-05   2.651921e+01
2.520000e+01   -7.825509e+00   0.000000e+00   0.000000e+00   2.390748e+02   3.809193e-05   2.614563e+01
2.530000e+01   -7.542334e+00   0.000000e+00   0.000000e+00   2.391551e+02   3.754276e-05   2.577735e+01
2.540000e+01   -7.003048e+00   0.000000e+00   0.000000e+00   2.392395e+02   3.700096e-05   2.541431e+01
2.550000e+01   -6.316416e+00   0.000000e+00   0.000000e+00   2.393272e+02   3.646656e-05   2.505643e+01
2.560000e+01   -5.591209e+00   0.000000e+00   0.000000e+00   2.394171e+02   3.593962e-05   2.470365e+01
2.570000e+01   -4.918953e+00   0.000000e+00   0.000000e+00   2.395087e+02   3.542017e-05   2.435590e+01
2.580000e+01   -4.138387e+00   0.000000e+00   0.000000e+00   2.396008e+02   3.490824e-05   2.401312e+01
2.590000e+01   -3.271212e+00   0.000000e+00   0.000000e+00   2.396928e+02   3.440384e-05   2.367523e+01
2.600000e+01   -2.433638e+00   0.000000e+00   0.000000e+00   2.397838e+02   3.390699e-05   2.334218e+01
2.610000e+01   -1.741875e+00   0.000000e+00   0.000000e+00   2.398729e+02   3.341769e-05   2.301388e+01
2.620000e+01   -1.299830e+00   0.000000e+00   0.000000e+00   2.399592e+02   3.293595e-05   2.269029e+01
2.630000e+01   -9.594289e-01   0.000000e+00   0.000000e+00   2.400420e+02   3.246175e-05   2.237131e+01
2.640000e+01   -6.636063e-01   0.000000e+00   0.000000e+00   2.401203e+02   3.199508e-05   2.205690e+01
2.650000e+01   -4.404565e-01   0.000000e+00   0.000000e+00   2.401934e+02   3.153593e-05   2.174698e+01
2.660000e+01   -3.175282e-01   0.000000e+00   0.000000e+00   2.402607e+02   3.108422e-05   2.144149e+01
2.670000e+01   -3.209937e-01   0.000000e+00   0.000000e+00   2.403228e+02   3.063975e-05   2.114037e+01
2.680000e+01   -4.729939e-01   0.000000e+00   0.000000e+00   2.403807e+02   3.020229e-05   2.084356e+01
2.690000e+01   -7.466414e-01   0.000000e+00   0.000000e+00   2.404351e+02   2.977163e-05   2.055100e+01
2.700000e+01   -1.103073e+00   0.000000e+00   0.000000e+00   2.404871e+02   2.934754e-05   2.026264e+01
2.710000e+01   -1.503426e+00   0.000000e+00   0.000000e+00   2.405375e+02   2.892982e-05   1.997841e+01
2.720000e+01   -1.913800e+00   0.000000e+00   0.000000e+00   2.405872e+02   2.851828e-05   1.969827e+01
2.730000e+01   -2.446824e+00   0.000000e+00   0.000000e+00   2.406371e+02   2.811270e-05   1.942216e+01
2.740000e+01   -3.097211e+00   0.000000e+00   0.000000e+00   2.406880e+02   2.771292e-05   1.915001e+01
2.750000e+01   -3.774784e+00   0.000000e+00   0.000000e+00   2.407409e+02   2.731873e-05   1.888178e+01
2.760000e+01   -4.389363e+00   0.000000e+00   0.000000e+00   2.407967e+02   2.692998e-05   1.861740e+01
2.770000e+01   -4.854305e+00   0.000000e+00   0.000000e+00   2.408562e+02   2.654648e-05   1.835681e+01
2.780000e+01   -5.253627e+00   0.000000e+00   0.000000e+00   2.409203e+02   2.616808e-05   1.809996e+01
2.790000e+01   -5.630674e+00   0.000000e+00   0.000000e+00   2.409897e+02   2.579464e-05   1.784680e+01
2.800000e+01   -5.947389e+00   0.000000e+00   0.000000e+00   2.410644e+02   2.542610e-05   1.759727e+01
2.810000e+01   -6.165936e+00   0.000000e+00   0.000000e+00   2.411443e+02   2.506244e-05   1.735133e+01
2.820000e+01   -6.242493e+00   0.000000e+00   0.000000e+00   2.412291e+02   2.470362e-05   1.710892e+01
2.830000e+01   -5.799718e+00   0.000000e+00   0.000000e+00   2.413187e+02   2.434960e-05   1.687001e+01
2.840000e+01   -4.853389e+00   0.000000e+00   0.000000e+00   2.414131e+02   2.400035e-05   1.663454e+01
2.850000e+01   -3.716045e+00   0.000000e+00   0.000000e+00   2.415120e+02   2.365581e-05   1.640246e+01
2.860000e+01   -2.700222e+00   0.000000e+00   0.000000e+00   2.416153e+02   2.331596e-05   1.617373e+01
2.870000e+01   -2.114895e+00   0.000000e+00   0.000000e+00   2.417229e+02   2.298074e-05   1.594829e+01
2.880000e+01   -1.793389e+00   0.000000e+00   0.000000e+00   2.418346e+02   2.265012e-05   1.572611e+01
2.890000e+01   -1.507435e+00   0.000000e+00   0.000000e+00   2.419503e+02   2.232404e-05   1.550713e+01
2.900000e+01   -1.277987e+00   0.000000e+00   0.000000e+00   2.420698e+02   2.200247e-05   1.529130e+01
2.910000e+01   -1.126000e+00   0.000000e+00   0.000000e+00   2.421930e+02   2.168535e-05   1.507857e+01
2.920000e+01   -1.077048e+00   0.000000e+00   0.000000e+00   2.423197e+02   2.137264e-05   1.486891e+01
2.930000e+01   -2.156360e+00   0.000000e+00   0.000000e+00   2.424496e+02   2.106431e-05   1.466226e+01
2.940000e+01   -4.520529e+00   0.000000e+00   0.000000e+00   2.425823e+02   2.076033e-05   1.445858e+01
2.950000e+01   -7.282958e+00   0.000000e+00   0.000000e+00   2.427174e+02   2.046070e-05   1.425784e+01
2.960000e+01   -9.557049e+00   0.000000e+00   0.000000e+00   2.428547e+02   2.016537e-05   1.405999e+01
2.970000e+01   -1.045702e+01   0.000000e+00   0.000000e+00   2.429936e+02   1.987432e-05   1.386499e+01
2.980000e+01   -1.008362e+01   0.000000e+00   0.000000e+00   2.431338e+02   1.958753e-05   1.367280e+01
2.990000e+01   -9.214124e+00   0.000000e+00   0.000000e+00   2.432750e+02   1.930495e-05   1.348337e+01
3.000000e+01   -8.120440e+00   0.000000e+00   0.000000e+00   2.434167e+02   1.902656e-05   1.329668e+01
3.010000e+01   -7.074491e+00   0.000000e+00   0.000000e+00   2.435587e+02   1.875232e-05   1.311266e+01
3.020000e+01   -6.348194e+00   0.000000e+00   0.000000e+00   2.437004e+02   1.848219e-05   1.293130e+01
3.030000e+01   -5.949407e+00   0.000000e+00   0.000000e+00   2.438416e+02   1.821614e-05   1.275253e+01
3.040000e+01   -5.655862e+00   0.000000e+00   0.000000e+00   2.439818e+02   1.795412e-05   1.257633e+01
3.050000e+01   -5.394291e+00   0.000000e+00   0.000000e+00   2.441208e+02   1.769609e-05   1.240265e+01
3.060000e+01   -5.091445e+00   0.000000e+00   0.000000e+00   2.442582e+02   1.744201e-05   1.223145e+01
3.070000e+01   -4.674104e+00   0.000000e+00   0.000000e+00   2.443942e+02   1.719180e-05   1.206270e+01
3.080000e+01   -3.829101e+00   0.000000e+00   0.000000e+00   2.445288e+02   1.694540e-05   1.189636e+01
3.090000e+01   -2.500389e+00   0.000000e+00   0.000000e+00   2.446623e+02   1.670275e-05   1.173241e+01
3.100000e+01   -1.065027e+00   0.000000e+00   0.000000e+00   2.447946e+02   1.646378e-05   1.157081e+01
3.110000e+01   9.955390e-02   0.000000e+00   0.000000e+00   2.449259e+02   1.622844e-05   1.141153e+01
3.120000e+01   6.159251e-01   0.000000e+00   0.000000e+00   2.450562e+02   1.599665e-05   1.125452e+01
3.130000e+01   -3.901438e-02   0.000000e+00   0.000000e+00   2.451857e+02   1.576836e-05   1.109977e+01
3.140000e+01   -1.783267e+00   0.000000e+00   0.000000e+00   2.453145e+02   1.554351e-05   1.094724e+01
3.150000e+01   -3.956449e+00   0.000000e+00   0.000000e+00   2.454427e+02   1.532203e-05   1.079689e+01
3.160000e+01   -5.896663e+00   0.000000e+00   0.000000e+00   2.455703e+02   1.510387e-05   1.064869e+01
3.170000e+01   -6.942012e+00   0.000000e+00   0.000000e+00   2.456975e+02   1.488896e-05   1.050261e+01
3.180000e+01   -7.156405e+00   0.000000e+00   0.000000e+00   2.458244e+02   1.467725e-05   1.035862e+01
3.190000e+01   -7.331544e+00   -0.000000e+00   -0.000000e+00   2.459510e+02   1.446867e-05   1.021668e+01
3.200000e+01   -7.471745e+00   -0.000000e+00   -0.000000e+00   2.460775e+02   1.426318e-05   1.007676e+01
3.210000e+01   -7.573196e+00   -0.000000e+00   -0.000000e+00   2.462041e+02   1.406073e-05   9.938833e+00
3.220000e+01   -7.632070e+00   -0.000000e+00   -0.000000e+00   2.463308e+02   1.386125e-05   9.802877e+00
3.230000e+01   -7.638566e+00   -0.000000e+00   -0.000000e+00   2.464578e+02   1.366471e-05   9.668863e+00
3.240000e+01   -7.584225e+00   -0.000000e+00   -0.000000e+00   2.465852e+02   1.347106e-05   9.536763e+00
3.250000e+01   -7.473938e+00   -0.000000e+00   -0.000000e+00   2.467131e+02   1.328024e-05   9.406552e+00
3.260000e+01   -7.312766e+00   -0.000000e+00   -0.000000e+00   2.468417e+02   1.309221e-05   9.278203e+00
3.270000e+01   -7.105768e+00   -0.000000e+00   -0.000000e+00   2.469712e+02   1.290692e-05   9.151688e+00
3.280000e+01   -6.298359e+00   -0.000000e+00   -0.000000e+00   2.471015e+02   1.272432e-05   9.026981e+00
3.290000e+01   -4.289255e+00   -0.000000e+00   -0.000000e+00   2.472330e+02   1.254438e-05   8.904055e+00
3.300000e+01   -1.813466e+00   -0.000000e+00   -0.000000e+00   2.473656e+02   1.236703e-05   8.782884e+00
3.310000e+01   3.681147e-01   -0.000000e+00   -0.000000e+00   2.474996e+02   1.219224e-05   8.663440e+00
3.320000e+01   1.494593e+00   -0.000000e+00   -0.000000e+00   2.476351e+02   1.201996e-05   8.545697e+00
3.330000e+01   1.457464e+00   -0.000000e+00   -0.000000e+00   2.477721e+02   1.185015e-05   8.429628e+00
3.340000e+01   1.266527e+00   -0.000000e+00   -0.000000e+00   2.479111e+02   1.168274e-05   8.315208e+00
3.350000e+01   9.835089e-01   -0.000000e+00   -0.000000e+00   2.480527e+02   1.151769e-05   8.202415e+00
3.360000e+01   6.345728e-01   -0.000000e+00   -0.000000e+00   2.481977e+02   1.135493e-05   8.091228e+00
3.370000e+01   2.458814e-01   -0.000000e+00   -0.000000e+00   2.483469e+02   1.119439e-05   7.981625e+00
3.380000e+01   -2.517546e-01   -0.000000e+00   -0.000000e+00   2.485010e+02   1.103601e-05   7.873585e+00
3.390000e+01   -1.011806e+00   -0.000000e+00   -0.000000e+00   2.486609e+02   1.087974e-05   7.767087e+00
3.400000e+01   -1.939539e+00   -0.000000e+00   -0.000000e+00   2.488272e+02   1.072552e-05   7.662109e+00
3.410000e+01   -2.930679e+00   -0.000000e+00   -0.000000e+00   2.490007e+02   1.057329e-05   7.558630e+00
3.420000e+01   -3.880952e+00   -0.000000e+00   -0.000000e+00   2.491822e+02   1.042301e-05   7.456628e+00
3.430000e+01   -4.794791e+00   -0.000000e+00   -0.000000e+00   2.493725e+02   1.027462e-05   7.356082e+00
3.440000e+01   -5.830342e+00   -0.000000e+00   -0.000000e+00   2.495723e+02   1.012807e-05   7.256971e+00
3.450000e+01   -6.860649e+00   -0.000000e+00   -0.000000e+00   2.497824e+02   9.983313e-06   7.159273e+00
3.460000e+01   -7.743934e+00   -0.000000e+00   -0.000000e+00   2.500036e+02   9.840306e-06   7.062967e+00
3.470000e+01   -8.338417e+00   -0.000000e+00   -0.000000e+00   2.502366e+02   9.699000e-06   6.968031e+00
3.480000e+01   -8.620226e+00   -0.000000e+00   -0.000000e+00   2.504821e+02   9.559355e-06   6.874445e+00
3.490000e+01   -8.852671e+00   -0.000000e+00   -0.000000e+00   2.507401e+02   9.421361e-06   6.782188e+00
3.500000e+01   -9.045227e+00   -0.000000e+00   -0.000000e+00   2.510097e+02   9.285046e-06   6.691244e+00
3.510000e+01   -9.187676e+00   -0.000000e+00   -0.000000e+00   2.512897e+02   9.150436e-06   6.601596e+00
3.520000e+01   -9.269799e+00   -0.000000e+00   -0.000000e+00   2.515794e+02   9.017554e-06   6.513226e+00
3.530000e+01   -9.055109e+00   -0.000000e+00   -0.000000e+00   2.518775e+02   8.886420e-06   6.426117e+00
3.540000e+01   -8.008455e+00   -0.000000e+00   -0.000000e+00   2.521833e+02   8.757053e-06   6.340253e+00
3.550000e+01   -6.509190e+00   -0.000000e+00   -0.000000e+00   2.524955e+02   8.629469e-06   6.255616e+00
3.560000e+01   -5.001651e+00   -0.000000e+00   -0.000000e+00   2.528134e+02   8.503680e-06   6.172190e+00
3.570000e+01   -3.930177e+00   -0.000000e+00   -0.000000e+00   2.531358e+02   8.379697e-06   6.089956e+00
3.580000e+01   -3.516761e+00   -0.000000e+00   -0.000000e+00   2.534617e+02   8.257529e-06   6.008899e+00
3.590000e+01   -3.203333e+00   -0.000000e+00   -0.000000e+00   2.537903e+02   8.137184e-06   5.929000e+00
3.600000e+01   -2.940559e+00   -0.000000e+00   -0.000000e+00   2.541204e+02   8.018664e-06   5.850244e+00
3.610000e+01   -2.744028e+00   -0.000000e+00   -0.000000e+00   2.544511e+02   7.901974e-06   5.772612e+00
3.620000e+01   -2.629324e+00   -0.000000e+00   -0.000000e+00   2.547814e+02   7.787114e-06   5.696088e+00
3.630000e+01   -2.641391e+00   -0.000000e+00   -0.000000e+00   2.551104e+02   7.674082e-06   5.620654e+00
3.640000e+01   -2.870563e+00   -0.000000e+00   -0.000000e+00   2.554371e+02   7.562869e-06   5.546295e+00
3.650000e+01   -3.241106e+00   -0.000000e+00   -0.000000e+00   2.557617e+02   7.453448e-06   5.472996e+00
3.660000e+01   -3.661483e+00   -0.000000e+00   -0.000000e+00   2.560841e+02   7.345787e-06   5.400741e+00
3.670000e+01   -4.040157e+00   -0.000000e+00   -0.000000e+00   2.564045e+02   7.239857e-06   5.329518e+00
3.680000e+01   -4.309936e+00   -0.000000e+00   -0.000000e+00   2.567227e+02   7.135628e-06   5.259310e+00
3.690000e+01   -4.536274e+00   -0.000000e+00   -0.000000e+00   2.570389e+02   7.033069e-06   5.190105e+00
3.700000e+01   -4.745900e+00   -0.000000e+00   -0.000000e+00   2.573532e+02   6.932153e-06   5.121888e+00
3.710000e+01   -4.954670e+00   -0.000000e+00   -0.000000e+00   2.576655e+02   6.832850e-06   5.054643e+00
3.720000e+01   -5.178436e+00   -0.000000e+00   -0.000000e+00   2.579759e+02   6.735131e-06   4.988357e+00
3.730000e+01   -5.451541e+00   -0.000000e+00   -0.000000e+00   2.582845e+02   6.638968e-06   4.923016e+00
3.740000e+01   -5.841042e+00   -0.000000e+00   -0.000000e+00   2.585912e+02   6.544333e-06   4.858604e+00
3.750000e+01   -6.263486e+00   -0.000000e+00   -0.000000e+00   2.588963e+02   6.451197e-06   4.795109e+00
3.760000e+01   -6.616991e+00   -0.000000e+00   -0.000000e+00   2.591995e+02   6.359534e-06   4.732514e+00
3.770000e+01   -6.799675e+00   -0.000000e+00   -0.000000e+00   2.595012e+02   6.269316e-06   4.670806e+00
3.780000e+01   -6.508509e+00   -0.000000e+00   -0.000000e+00   2.598012e+02   6.180515e-06   4.609970e+00
3.790000e+01   -4.784574e+00   -0.000000e+00   -0.000000e+00   2.600996e+02   6.093105e-06   4.549992e+00
3.800000e+01   -2.218709e+00   -0.000000e+00   -0.000000e+00   2.603965e+02   6.007060e-06   4.490859e+00
3.810000e+01   3.586465e-01   -0.000000e+00   -0.000000e+00   2.606922e+02   5.922352e-06   4.432559e+00
3.820000e+01   2.117108e+00   -0.000000e+00   -0.000000e+00   2.609869e+02   5.838955e-06   4.375082e+00
3.830000e+01   2.448981e+00   -0.000000e+00   -0.000000e+00   2.612809e+02   5.756843e-06   4.318416e+00
3.840000e+01   2.368496e+00   -0.000000e+00   -0.000000e+00   2.615745e+02   5.675992e-06   4.262551e+00
3.850000e+01   2.167954e+00   -0.000000e+00   -0.000000e+00   2.618679e+02   5.596377e-06   4.207476e+00
3.860000e+01   1.890196e+00   -0.000000e+00   -0.000000e+00   2.621614e+02   5.517973e-06   4.153180e+00
3.870000e+01   1.578066e+00   -0.000000e+00   -0.000000e+00   2.624553e+02   5.440756e-06   4.099651e+00
3.880000e+01   1.258872e+00   -0.000000e+00   -0.000000e+00   2.627498e+02   5.364703e-06   4.046881e+00
3.890000e+01   8.486184e-01   -0.000000e+00   -0.000000e+00   2.630452e+02   5.289791e-06   3.994856e+00
3.900000e+01   3.539020e-01   -0.000000e+00   -0.000000e+00   2.633417e+02   5.215996e-06   3.943567e+00
3.910000e+01   -1.926657e-01   -0.000000e+00   -0.000000e+00   2.636396e+02   5.143298e-06   3.893003e+00
3.920000e+01   -7.584739e-01   -0.000000e+00   -0.000000e+00   2.639393e+02   5.071673e-06   3.843152e+00
3.930000e+01   -1.336816e+00   -0.000000e+00   -0.000000e+00   2.642408e+02   5.001100e-06   3.794005e+00
3.940000e+01   -2.090147e+00   -0.000000e+00   -0.000000e+00   2.645446e+02   4.931558e-06   3.745549e+00
3.950000e+01   -2.915947e+00   -0.000000e+00   -0.000000e+00   2.648509e+02   4.863026e-06   3.697775e+00
3.960000e+01   -3.645224e+00   -0.000000e+00   -0.000000e+00   2.651599e+02   4.795484e-06   3.650671e+00
3.970000e+01   -4.108957e+00   -0.000000e+00   -0.000000e+00   2.654715e+02   4.728918e-06   3.604226e+00
3.980000e+01   -4.152936e+00   -0.000000e+00   -0.000000e+00   2.657854e+02   4.663321e-06   3.558433e+00
3.990000e+01   -3.867124e+00   -0.000000e+00   -0.000000e+00   2.661010e+02   4.598687e-06   3.513280e+00
4.000000e+01   -3.418652e+00   -0.000000e+00   -0.000000e+00   2.664181e+02   4.535006e-06   3.468758e+00
4.010000e+01   -2.951287e+00   -0.000000e+00   -0.000000e+00   2.667362e+02   4.472271e-06   3.424857e+00
4.020000e+01   -2.608800e+00   -0.000000e+00   -0.000000e+00   2.670549e+02   4.410474e-06   3.381568e+00
4.030000e+01   -2.630205e+00   -0.000000e+00   -0.000000e+00   2.673737e+02   4.349605e-06   3.338880e+00
4.040000e+01   -4.097127e+00   -0.000000e+00   -0.000000e+00   2.676923e+02   4.289655e-06   3.296785e+00
4.050000e+01   -6.595823e+00   -0.000000e+00   -0.000000e+00   2.680103e+02   4.230615e-06   3.255272e+00
4.060000e+01   -9.256499e+00   -0.000000e+00   -0.000000e+00   2.683273e+02   4.172474e-06   3.214332e+00
4.070000e+01   -1.120936e+01   -0.000000e+00   -0.000000e+00   2.686427e+02   4.115223e-06   3.173956e+00
4.080000e+01   -1.166400e+01   -0.000000e+00   -0.000000e+00   2.689564e+02   4.058851e-06   3.134132e+00
4.090000e+01   -1.128829e+01   -0.000000e+00   -0.000000e+00   2.692677e+02   4.003347e-06   3.094852e+00
4.100000e+01   -1.057371e+01   -0.000000e+00   -0.000000e+00   2.695764e+02   3.948701e-06   3.056107e+00
4.110000e+01   -9.662060e+00   -0.000000e+00   -0.000000e+00   2.698820e+02   3.894902e-06   3.017885e+00
4.120000e+01   -8.695165e+00   -0.000000e+00   -0.000000e+00   2.701840e+02   3.841937e-06   2.980178e+00
4.130000e+01   -7.791484e+00   -0.000000e+00   -0.000000e+00   2.704822e+02   3.789795e-06   2.942976e+00
4.140000e+01   -6.663056e+00   -0.000000e+00   -0.000000e+00   2.707762e+02   3.738463e-06   2.906270e+00
4.150000e+01   -5.367261e+00   -0.000000e+00   -0.000000e+00   2.710666e+02   3.687922e-06   2.870054e+00
4.160000e+01   -4.147166e+00   -0.000000e+00   -0.000000e+00   2.713536e+02   3.638154e-06   2.834321e+00
4.170000e+01   -3.245837e+00   -0.000000e+00   -0.000000e+00   2.716378e+02   3.589140e-06   2.799065e+00
4.180000e+01   -2.887237e+00   -0.000000e+00   -0.000000e+00   2.719196e+02   3.540863e-06   2.764280e+00
4.190000e+01   -2.771992e+00   -0.000000e+00   -0.000000e+00   2.721994e+02   3.493306e-06   2.729959e+00
4.200000e+01   -2.702095e+00   -0.000000e+00   -0.000000e+00   2.724778e+02   3.446451e-06   2.696098e+00
4.210000e+01   -2.660284e+00   -0.000000e+00   -0.000000e+00   2.727552e+02   3.400282e-06   2.662688e+00
4.220000e+01   -2.629298e+00   -0.000000e+00   -0.000000e+00   2.730320e+02   3.354784e-06   2.629725e+00
4.230000e+01   -2.592851e+00   -0.000000e+00   -0.000000e+00   2.733086e+02   3.309939e-06   2.597202e+00
4.240000e+01   -2.567456e+00   -0.000000e+00   -0.000000e+00   2.735856e+02   3.265734e-06   2.565113e+00
4.250000e+01   -2.557249e+00   -0.000000e+00   -0.000000e+00   2.738634e+02   3.222153e-06   2.533451e+00
4.260000e+01   -2.551434e+00   -0.000000e+00   -0.000000e+00   2.741424e+02   3.179182e-06   2.502211e+00
4.270000e+01   -2.539216e+00   -0.000000e+00   -0.000000e+00   2.744231e+02   3.136805e-06   2.471386e+00
4.280000e+01   -2.509736e+00   -0.000000e+00   -0.000000e+00   2.747060e+02   3.095010e-06   2.440970e+00
4.290000e+01   -2.450801e+00   -0.000000e+00   -0.000000e+00   2.749914e+02   3.053782e-06   2.410957e+00
4.300000e+01   -2.355855e+00   -0.000000e+00   -0.000000e+00   2.752799e+02   3.013108e-06   2.381341e+00
4.310000e+01   -2.220671e+00   -0.000000e+00   -0.000000e+00   2.755718e+02   2.972975e-06   2.352115e+00
4.320000e+01   -2.040750e+00   -0.000000e+00   -0.000000e+00   2.758675e+02   2.933374e-06   2.323273e+00
4.330000e+01   -1.804457e+00   -0.000000e+00   -0.000000e+00   2.761662e+02   2.894304e-06   2.294812e+00
4.340000e+01   -1.156606e+00   -0.000000e+00   -0.000000e+00   2.764671e+02   2.855768e-06   2.266725e+00
4.350000e+01   -1.310396e-01   -0.000000e+00   -0.000000e+00   2.767692e+02   2.817769e-06   2.239007e+00
4.360000e+01   9.383374e-01   -0.000000e+00   -0.000000e+00   2.770717e+02   2.780308e-06   2.211655e+00
4.370000e+01   1.717620e+00   -0.000000e+00   -0.000000e+00   2.773737e+02   2.743386e-06   2.184664e+00
4.380000e+01   1.876781e+00   -0.000000e+00   -0.000000e+00   2.776742e+02   2.707005e-06   2.158027e+00
4.390000e+01   1.611979e+00   -0.000000e+00   -0.000000e+00   2.779724e+02   2.671164e-06   2.131742e+00
4.400000e+01   1.214681e+00   -0.000000e+00   -0.000000e+00   2.782675e+02   2.635863e-06   2.105802e+00
4.410000e+01   7.109142e-01   -0.000000e+00   -0.000000e+00   2.785584e+02   2.601101e-06   2.080204e+00
4.420000e+01   1.267032e-01   -0.000000e+00   -0.000000e+00   2.788443e+02   2.566878e-06   2.054942e+00
4.430000e+01   -5.141038e-01   -0.000000e+00   -0.000000e+00   2.791244e+02   2.533193e-06   2.030011e+00
4.440000e+01   -1.663687e+00   -0.000000e+00   -0.000000e+00   2.793977e+02   2.500042e-06   2.005407e+00
4.450000e+01   -3.394854e+00   -0.000000e+00   -0.000000e+00   2.796633e+02   2.467425e-06   1.981125e+00
4.460000e+01   -5.297864e+00   -0.000000e+00   -0.000000e+00   2.799204e+02   2.435338e-06   1.957160e+00
4.470000e+01   -6.962976e+00   -0.000000e+00   -0.000000e+00   2.801681e+02   2.403780e-06   1.933507e+00
4.480000e+01   -7.981008e+00   -0.000000e+00   -0.000000e+00   2.804054e+02   2.372747e-06   1.910162e+00
4.490000e+01   -8.546456e+00   -0.000000e+00   -0.000000e+00   2.806315e+02   2.342236e-06   1.887119e+00
4.500000e+01   -9.047030e+00   -0.000000e+00   -0.000000e+00   2.808454e+02   2.312243e-06   1.864375e+00
4.510000e+01   -9.461388e+00   -0.000000e+00   -0.000000e+00   2.810467e+02   2.282762e-06   1.841923e+00
4.520000e+01   -9.768993e+00   -0.000000e+00   -0.000000e+00   2.812357e+02   2.253780e-06   1.819761e+00
4.530000e+01   -9.949437e+00   -0.000000e+00   -0.000000e+00   2.814128e+02   2.225283e-06   1.797883e+00
4.540000e+01   -9.813339e+00   -0.000000e+00   -0.000000e+00   2.815785e+02   2.197258e-06   1.776286e+00
4.550000e+01   -9.332688e+00   -0.000000e+00   -0.000000e+00   2.817332e+02   2.169692e-06   1.754965e+00
4.560000e+01   -8.729136e+00   -0.000000e+00   -0.000000e+00   2.818774e+02   2.142572e-06   1.733916e+00
4.570000e+01   -8.224335e+00   -0.000000e+00   -0.000000e+00   2.820116e+02   2.115886e-06   1.713135e+00
4.580000e+01   -8.039936e+00   -0.000000e+00   -0.000000e+00   2.821362e+02   2.089623e-06   1.692618e+00
4.590000e+01   -8.336934e+00   -0.000000e+00   -0.000000e+00   2.822516e+02   2.063769e-06   1.672360e+00
4.600000e+01   -8.978558e+00   -0.000000e+00   -0.000000e+00   2.823584e+02   2.038314e-06   1.652358e+00
4.610000e+01   -9.737640e+00   -0.000000e+00   -0.000000e+00   2.824570e+02   2.013245e-06   1.632606e+00
4.620000e+01   -1.038700e+01   -0.000000e+00   -0.000000e+00   2.825479e+02   1.988554e-06   1.613102e+00
4.630000e+01   -1.069946e+01   -0.000000e+00   -0.000000e+00   2.826315e+02   1.964227e-06   1.593840e+00
4.640000e+01   -1.039840e+01   -0.000000e+00   -0.000000e+00   2.827082e+02   1.940256e-06   1.574816e+00
4.650000e+01   -9.495111e+00   -0.000000e+00   -0.000000e+00   2.827786e+02   1.916629e-06   1.556027e+00
4.660000e+01   -8.247072e+00   -0.000000e+00   -0.000000e+00   2.828431e+02   1.893337e-06   1.537467e+00
4.670000e+01   -6.912375e+00   -0.000000e+00   -0.000000e+00   2.829022e+02   1.870369e-06   1.519134e+00
4.680000e+01   -5.749114e+00   -0.000000e+00   -0.000000e+00   2.829563e+02   1.847716e-06   1.501022e+00
4.690000e+01   -4.699048e+00   -0.000000e+00   -0.000000e+00   2.830058e+02   1.825369e-06   1.483127e+00
4.700000e+01   -3.520926e+00   -0.000000e+00   -0.000000e+00   2.830513e+02   1.803317e-06   1.465445e+00
4.710000e+01   -2.405089e+00   -0.000000e+00   -0.000000e+00   2.830928e+02   1.781556e-06   1.447974e+00
4.720000e+01   -1.545730e+00   -0.000000e+00   -0.000000e+00   2.831304e+02   1.760082e-06   1.430710e+00
4.730000e+01   -1.137042e+00   -0.000000e+00   -0.000000e+00   2.831639e+02   1.738890e-06   1.413652e+00
4.740000e+01   -1.484966e+00   -0.000000e+00   -0.000000e+00   2.831934e+02   1.717979e-06   1.396797e+00
4.750000e+01   -2.638172e+00   -0.000000e+00   -0.000000e+00   2.832186e+02   1.697343e-06   1.380142e+00
4.760000e+01   -4.229207e+00   -0.000000e+00   -0.000000e+00   2.832396e+02   1.676981e-06   1.363686e+00
4.770000e+01   -5.886296e+00   -0.000000e+00   -0.000000e+00   2.832563e+02   1.656888e-06   1.347427e+00
4.780000e+01   -7.237663e+00   -0.000000e+00   -0.000000e+00   2.832686e+02   1.637062e-06   1.331361e+00
4.790000e+01   -8.207669e+00   -0.000000e+00   -0.000000e+00   2.832764e+02   1.617498e-06   1.315487e+00
4.800000e+01   -9.143792e+00   -0.000000e+00   -0.000000e+00   2.832798e+02   1.598193e-06   1.299802e+00
4.810000e+01   -9.995931e+00   -0.000000e+00   -0.000000e+00   2.832785e+02   1.579145e-06   1.284305e+00
4.820000e+01   -1.070358e+01   -0.000000e+00   -0.000000e+00   2.832726e+02   1.560349e-06   1.268992e+00
4.830000e+01   -1.120624e+01   -0.000000e+00   -0.000000e+00   2.832620e+02   1.541802e-06   1.253861e+00
4.840000e+01   -1.149922e+01   -0.000000e+00   -0.000000e+00   2.832466e+02   1.523501e-06   1.238911e+00
4.850000e+01   -1.169452e+01   -0.000000e+00   -0.000000e+00   2.832264e+02   1.505443e-06   1.224138e+00
4.860000e+01   -1.184055e+01   -0.000000e+00   -0.000000e+00   2.832012e+02   1.487624e-06   1.209541e+00
4.870000e+01   -1.198298e+01   -0.000000e+00   -0.000000e+00   2.831710e+02   1.470041e-06   1.195117e+00
4.880000e+01   -1.216746e+01   -0.000000e+00   -0.000000e+00   2.831358e+02   1.452690e-06   1.180864e+00
4.890000e+01   -1.246617e+01   -0.000000e+00   -0.000000e+00   2.830955e+02   1.435568e-06   1.166780e+00
4.900000e+01   -1.290205e+01   -0.000000e+00   -0.000000e+00   2.830499e+02   1.418672e-06   1.152862e+00
4.910000e+01   -1.336322e+01   -0.000000e+00   -0.000000e+00   2.829994e+02   1.401998e-06   1.139109e+00
4.920000e+01   -1.373382e+01   -0.000000e+00   -0.000000e+00   2.829441e+02   1.385541e-06   1.125518e+00
4.930000e+01   -1.389796e+01   -0.000000e+00   -0.000000e+00   2.828845e+02   1.369296e-06   1.112087e+00
4.940000e+01   -1.368549e+01   -0.000000e+00   -0.000000e+00   2.828209e+02   1.353259e-06   1.098815e+00
4.950000e+01   -1.298093e+01   -0.000000e+00   -0.000000e+00   2.827537e+02   1.337425e-06   1.085701e+00
4.960000e+01   -1.193921e+01   -0.000000e+00   -0.000000e+00   2.826832e+02   1.321790e-06   1.072741e+00
4.970000e+01   -1.072571e+01   -0.000000e+00   -0.000000e+00   2.826097e+02   1.306351e-06   1.059935e+00
4.980000e+01   -9.505872e+00   -0.000000e+00   -0.000000e+00   2.825336e+02   1.291102e-06   1.047280e+00
4.990000e+01   -8.318231e+00   -0.000000e+00   -0.000000e+00   2.824553e+02   1.276039e-06   1.034775e+00
5.000000e+01   -6.936515e+00   -0.000000e+00   -0.000000e+00   2.823751e+02   1.261159e-06   1.022418e+00
5.010000e+01   -5.453666e+00   -0.000000e+00   -0.000000e+00   2.822934e+02   1.246457e-06   1.010207e+00
5.020000e+01   -3.985175e+00   -0.000000e+00   -0.000000e+00   2.822105e+02   1.231930e-06   9.981402e-01
5.030000e+01   -2.646534e+00   -0.000000e+00   -0.000000e+00   2.821267e+02   1.217574e-06   9.862158e-01
5.040000e+01   -1.463720e+00   -0.000000e+00   -0.000000e+00   2.820425e+02   1.203385e-06   9.744319e-01
5.050000e+01   -2.582316e-01   -0.000000e+00   -0.000000e+00   2.819581e+02   1.189360e-06   9.627868e-01
5.060000e+01   8.833295e-01   -0.000000e+00   -0.000000e+00   2.818739e+02   1.175494e-06   9.512786e-01
5.070000e+01   1.852105e+00   -0.000000e+00   -0.000000e+00   2.817903e+02   1.161785e-06   9.399056e-01
5.080000e+01   2.539237e+00   -0.000000e+00   -0.000000e+00   2.817076e+02   1.148229e-06   9.286657e-01
5.090000e+01   2.920669e+00   -0.000000e+00   -0.000000e+00   2.816262e+02   1.134822e-06   9.175574e-01
5.100000e+01   3.238589e+00   -0.000000e+00   -0.000000e+00   2.815464e+02   1.121562e-06   9.065787e-01
5.110000e+01   3.503754e+00   -0.000000e+00   -0.000000e+00   2.814683e+02   1.108445e-06   8.957279e-01
5.120000e+01   3.700896e+00   -0.000000e+00   -0.000000e+00   2.813916e+02   1.095473e-06   8.850035e-01
5.130000e+01   3.814808e+00   -0.000000e+00   -0.000000e+00   2.813156e+02   1.082645e-06   8.744041e-01
5.140000e+01   3.690370e+00   -0.000000e+00   -0.000000e+00   2.812398e+02   1.069962e-06   8.639283e-01
5.150000e+01   2.866334e+00   -0.000000e+00   -0.000000e+00   2.811636e+02   1.057426e-06   8.535746e-01
5.160000e+01   1.559973e+00   -0.000000e+00   -0.000000e+00   2.810864e+02   1.045036e-06   8.433418e-01
5.170000e+01   5.881404e-02   -0.000000e+00   -0.000000e+00   2.810077e+02   1.032793e-06   8.332282e-01
5.180000e+01   -1.349612e+00   -0.000000e+00   -0.000000e+00   2.809267e+02   1.020698e-06   8.232326e-01
5.190000e+01   -2.477829e+00   -0.000000e+00   -0.000000e+00   2.808431e+02   1.008749e-06   8.133535e-01
5.200000e+01   -3.597115e+00   -0.000000e+00   -0.000000e+00   2.807562e+02   9.969481e-07   8.035895e-01
5.210000e+01   -4.701525e+00   -0.000000e+00   -0.000000e+00   2.806654e+02   9.852945e-07   7.939392e-01
5.220000e+01   -5.733810e+00   -0.000000e+00   -0.000000e+00   2.805701e+02   9.737881e-07   7.844011e-01
5.230000e+01   -6.636723e+00   -0.000000e+00   -0.000000e+00   2.804698e+02   9.624288e-07   7.749739e-01
5.240000e+01   -7.396500e+00   -0.000000e+00   -0.000000e+00   2.803639e+02   9.512164e-07   7.656562e-01
5.250000e+01   -8.168314e+00   -0.000000e+00   -0.000000e+00   2.802518e+02   9.401505e-07   7.564464e-01
5.260000e+01   -8.887467e+00   -0.000000e+00   -0.000000e+00   2.801329e+02   9.292308e-07   7.473432e-01
5.270000e+01   -9.454434e+00   -0.000000e+00   -0.000000e+00   2.800067e+02   9.184567e-07   7.383453e-01
5.280000e+01   -9.769690e+00   -0.000000e+00   -0.000000e+00   2.798726e+02   9.078278e-07   7.294510e-01
5.290000e+01   -9.670023e+00   -0.000000e+00   -0.000000e+00   2.797299e+02   8.973434e-07   7.206592e-01
5.300000e+01   -8.849100e+00   -0.000000e+00   -0.000000e+00   2.795782e+02   8.870029e-07   7.119683e-01
5.310000e+01   -7.591711e+00   -0.000000e+00   -0.000000e+00   2.794168e+02   8.768054e-07   7.033769e-01
5.320000e+01   -6.266024e+00   -0.000000e+00   -0.000000e+00   2.792455e+02   8.667494e-07   6.948837e-01
5.330000e+01   -5.240570e+00   -0.000000e+00   -0.000000e+00   2.790647e+02   8.568315e-07   6.864877e-01
5.340000e+01   -4.786137e+00   -0.000000e+00   -0.000000e+00   2.788749e+02   8.470484e-07   6.781877e-01
5.350000e+01   -4.471565e+00   -0.000000e+00   -0.000000e+00   2.786763e+02   8.373966e-07   6.699828e-01
5.360000e+01   -4.199618e+00   -0.000000e+00   -0.000000e+00   2.784696e+02   8.278731e-07   6.618717e-01
5.370000e+01   -3.983945e+00   -0.000000e+00   -0.000000e+00   2.782550e+02   8.184746e-07   6.538536e-01
5.380000e+01   -3.838198e+00   -0.000000e+00   -0.000000e+00   2.780330e+02   8.091981e-07   6.459272e-01
5.390000e+01   -3.818915e+00   -0.000000e+00   -0.000000e+00   2.778041e+02   8.000405e-07   6.380915e-01
5.400000e+01   -4.230652e+00   -0.000000e+00   -0.000000e+00   2.775686e+02   7.909990e-07   6.303454e-01
5.410000e+01   -5.023073e+00   -0.000000e+00   -0.000000e+00   2.773270e+02   7.820706e-07   6.226879e-01
5.420000e+01   -6.064732e+00   -0.000000e+00   -0.000000e+00   2.770797e+02   7.732524e-07   6.151180e-01
5.430000e+01   -7.224181e+00   -0.000000e+00   -0.000000e+00   2.768272e+02   7.645419e-07   6.076344e-01
5.440000e+01   -8.476861e+00   -0.000000e+00   -0.000000e+00   2.765698e+02   7.559361e-07   6.002362e-01
5.450000e+01   -1.052237e+01   -0.000000e+00   -0.000000e+00   2.763080e+02   7.474325e-07   5.929223e-01
5.460000e+01   -1.301606e+01   -0.000000e+00   -0.000000e+00   2.760422e+02   7.390284e-07   5.856916e-01
5.470000e+01   -1.534383e+01   -0.000000e+00   -0.000000e+00   2.757728e+02   7.307213e-07   5.785430e-01
5.480000e+01   -1.689159e+01   -0.000000e+00   -0.000000e+00   2.755003e+02   7.225088e-07   5.714755e-01
5.490000e+01   -1.716511e+01   -0.000000e+00   -0.000000e+00   2.752251e+02   7.143882e-07   5.644880e-01
5.500000e+01   -1.704962e+01   -0.000000e+00   -0.000000e+00   2.749476e+02   7.063573e-07   5.575794e-01
5.510000e+01   -1.686921e+01   -0.000000e+00   -0.000000e+00   2.746682e+02   6.984136e-07   5.507487e-01
5.520000e+01   -1.663196e+01   -0.000000e+00   -0.000000e+00   2.743874e+02   6.905548e-07   5.439948e-01
5.530000e+01   -1.634591e+01   -0.000000e+00   -0.000000e+00   2.741054e+02   6.827793e-07   5.373167e-01
5.540000e+01   -1.597279e+01   -0.000000e+00   -0.000000e+00   2.738224e+02   6.750858e-07   5.307136e-01
5.550000e+01   -1.499379e+01   -0.000000e+00   -0.000000e+00   2.735382e+02   6.674736e-07   5.241849e-01
5.560000e+01   -1.346629e+01   -0.000000e+00   -0.000000e+00   2.732531e+02   6.599416e-07   5.177296e-01
5.570000e+01   -1.165167e+01   -0.000000e+00   -0.000000e+00   2.729671e+02   6.524890e-07   5.113471e-01
5.580000e+01   -9.811284e+00   -0.000000e+00   -0.000000e+00   2.726802e+02   6.451147e-07   5.050366e-01
5.590000e+01   -8.172975e+00   -0.000000e+00   -0.000000e+00   2.723924e+02   6.378180e-07   4.987973e-01
5.600000e+01   -6.445505e+00   -0.000000e+00   -0.000000e+00   2.721039e+02   6.305978e-07   4.926285e-01
5.610000e+01   -4.630085e+00   -0.000000e+00   -0.000000e+00   2.718146e+02   6.234532e-07   4.865293e-01
5.620000e+01   -2.903478e+00   -0.000000e+00   -0.000000e+00   2.715246e+02   6.163834e-07   4.804991e-01
5.630000e+01   -1.442447e+00   -0.000000e+00   -0.000000e+00   2.712341e+02   6.093874e-07   4.745370e-01
5.640000e+01   -4.110638e-01   -0.000000e+00   -0.000000e+00   2.709429e+02   6.024642e-07   4.686423e-01
5.650000e+01   3.290772e-01   -0.000000e+00   -0.000000e+00   2.706513e+02   5.956131e-07   4.628142e-01
5.660000e+01   9.248809e-01   -0.000000e+00   -0.000000e+00   2.703591e+02   5.888330e-07   4.570519e-01
5.670000e+01   1.449685e+00   -0.000000e+00   -0.000000e+00   2.700666e+02   5.821231e-07   4.513548e-01
5.680000e+01   1.976825e+00   -0.000000e+00   -0.000000e+00   2.697737e+02   5.754824e-07   4.457219e-01
5.690000e+01   2.578469e+00   -0.000000e+00   -0.000000e+00   2.694805e+02   5.689101e-07   4.401526e-01
5.700000e+01   3.266791e+00   -0.000000e+00   -0.000000e+00   2.691870e+02   5.624053e-07   4.346461e-01
5.710000e+01   3.988663e+00   -0.000000e+00   -0.000000e+00   2.688933e+02   5.559671e-07   4.292016e-01
5.720000e+01   4.691222e+00   -0.000000e+00   -0.000000e+00   2.685994e+02   5.495945e-07   4.238184e-01
5.730000e+01   5.321613e+00   -0.000000e+00   -0.000000e+00   2.683055e+02   5.432867e-07   4.184956e-01
5.740000e+01   5.832311e+00   -0.000000e+00   -0.000000e+00   2.680113e+02   5.370433e-07   4.132327e-01
5.750000e+01   6.326596e+00   -0.000000e+00   -0.000000e+00   2.677163e+02   5.308646e-07   4.080289e-01
5.760000e+01   6.808994e+00   -0.000000e+00   -0.000000e+00   2.674201e+02   5.247512e-07   4.028838e-01
5.770000e+01   7.203429e+00   -0.000000e+00   -0.000000e+00   2.671222e+02   5.187031e-07   3.977967e-01
5.780000e+01   7.433824e+00   -0.000000e+00   -0.000000e+00   2.668221e+02   5.127209e-07   3.927671e-01
5.790000e+01   7.412232e+00   -0.000000e+00   -0.000000e+00   2.665193e+02   5.068047e-07   3.877945e-01
5.800000e+01   6.614437e+00   -0.000000e+00   -0.000000e+00   2.662133e+02   5.009547e-07   3.828781e-01
5.810000e+01   5.049229e+00   -0.000000e+00   -0.000000e+00   2.659036e+02   4.951711e-07   3.780174e-01
5.820000e+01   3.072113e+00   -0.000000e+00   -0.000000e+00   2.655898e+02   4.894540e-07   3.732120e-01
5.830000e+01   1.038593e+00   -0.000000e+00   -0.000000e+00   2.652713e+02   4.838035e-07   3.684611e-01
5.840000e+01   -7.060489e-01   -0.000000e+00   -0.000000e+00   2.649476e+02   4.782198e-07   3.637642e-01
5.850000e+01   -2.519623e+00   -0.000000e+00   -0.000000e+00   2.646184e+02   4.727028e-07   3.591208e-01
5.860000e+01   -4.500035e+00   -0.000000e+00   -0.000000e+00   2.642830e+02   4.672525e-07   3.545302e-01
5.870000e+01   -6.316250e+00   -0.000000e+00   -0.000000e+00   2.639410e+02   4.618690e-07   3.499919e-01
5.880000e+01   -7.637234e+00   -0.000000e+00   -0.000000e+00   2.635919e+02   4.565521e-07   3.455053e-01
5.890000e+01   -8.136681e+00   -0.000000e+00   -0.000000e+00   2.632352e+02   4.513017e-07   3.410698e-01
5.900000e+01   -8.117492e+00   -0.000000e+00   -0.000000e+00   2.628704e+02   4.461178e-07   3.366848e-01
5.910000e+01   -7.956982e+00   -0.000000e+00   -0.000000e+00   2.624970e+02   4.410002e-07   3.323498e-01
5.920000e+01   -7.700118e+00   -0.000000e+00   -0.000000e+00   2.621146e+02   4.359487e-07   3.280642e-01
5.930000e+01   -7.391866e+00   -0.000000e+00   -0.000000e+00   2.617226e+02   4.309631e-07   3.238275e-01
5.940000e+01   -7.077061e+00   -0.000000e+00   -0.000000e+00   2.613206e+02   4.260431e-07   3.196389e-01
5.950000e+01   -6.749762e+00   -0.000000e+00   -0.000000e+00   2.609086e+02   4.211879e-07   3.154981e-01
5.960000e+01   -6.369357e+00   -0.000000e+00   -0.000000e+00   2.604871e+02   4.163958e-07   3.114045e-01
5.970000e+01   -5.915785e+00   -0.000000e+00   -0.000000e+00   2.600565e+02   4.116651e-07   3.073577e-01
5.980000e+01   -5.368984e+00   -0.000000e+00   -0.000000e+00   2.596173e+02   4.069943e-07   3.033572e-01
5.990000e+01   -4.708579e+00   -0.000000e+00   -0.000000e+00   2.591700e+02   4.023819e-07   2.994026e-01
6.000000e+01   -3.668453e+00   -0.000000e+00   -0.000000e+00   2.587151e+02   3.978264e-07   2.954934e-01
6.010000e+01   -2.208691e+00   -0.000000e+00   -0.000000e+00   2.582530e+02   3.933263e-07   2.916291e-01
6.020000e+01   -5.943301e-01   -0.000000e+00   -0.000000e+00   2.577843e+02   3.888802e-07   2.878092e-01
6.030000e+01   9.095945e-01   -0.000000e+00   -0.000000e+00   2.573095e+02   3.844866e-07   2.840334e-01
6.040000e+01   2.038047e+00   -0.000000e+00   -0.000000e+00   2.568289e+02   3.801443e-07   2.803011e-01
6.050000e+01   2.905341e+00   -0.000000e+00   -0.000000e+00   2.563432e+02   3.758518e-07   2.766119e-01
6.060000e+01   3.748975e+00   -0.000000e+00   -0.000000e+00   2.558527e+02   3.716079e-07   2.729652e-01
6.070000e+01   4.488691e+00   -0.000000e+00   -0.000000e+00   2.553580e+02   3.674113e-07   2.693608e-01
6.080000e+01   5.044231e+00   -0.000000e+00   -0.000000e+00   2.548596e+02   3.632606e-07   2.657980e-01
6.090000e+01   5.335339e+00   -0.000000e+00   -0.000000e+00   2.543578e+02   3.591548e-07   2.622764e-01
6.100000e+01   4.947905e+00   -0.000000e+00   -0.000000e+00   2.538533e+02   3.550926e-07   2.587955e-01
6.110000e+01   3.774674e+00   -0.000000e+00   -0.000000e+00   2.533465e+02   3.510727e-07   2.553550e-01
6.120000e+01   2.282959e+00   -0.000000e+00   -0.000000e+00   2.528379e+02   3.470941e-07   2.519543e-01
6.130000e+01   9.405692e-01   -0.000000e+00   -0.000000e+00   2.523279e+02   3.431556e-07   2.485929e-01
6.140000e+01   2.153132e-01   -0.000000e+00   -0.000000e+00   2.518171e+02   3.392561e-07   2.452705e-01
6.150000e+01   4.636368e-02   -0.000000e+00   -0.000000e+00   2.513058e+02   3.353946e-07   2.419864e-01
6.160000e+01   -6.378006e-02   -0.000000e+00   -0.000000e+00   2.507943e+02   3.315706e-07   2.387405e-01
6.170000e+01   -1.038519e-01   -0.000000e+00   -0.000000e+00   2.502826e+02   3.277837e-07   2.355322e-01
6.180000e+01   -6.022515e-02   -0.000000e+00   -0.000000e+00   2.497707e+02   3.240335e-07   2.323613e-01
6.190000e+01   8.072691e-02   -0.000000e+00   -0.000000e+00   2.492588e+02   3.203197e-07   2.292274e-01
6.200000e+01   3.970462e-01   -0.000000e+00   -0.000000e+00   2.487469e+02   3.166420e-07   2.261302e-01
6.210000e+01   9.116196e-01   -0.000000e+00   -0.000000e+00   2.482351e+02   3.130000e-07   2.230693e-01
6.220000e+01   1.498528e+00   -0.000000e+00   -0.000000e+00   2.477233e+02   3.093932e-07   2.200443e-01
6.230000e+01   2.030823e+00   -0.000000e+00   -0.000000e+00   2.472118e+02   3.058215e-07   2.170549e-01
6.240000e+01   2.381556e+00   -0.000000e+00   -0.000000e+00   2.467006e+02   3.022843e-07   2.141007e-01
6.250000e+01   2.242610e+00   -0.000000e+00   -0.000000e+00   2.461896e+02   2.987814e-07   2.111814e-01
6.260000e+01   1.407080e+00   -0.000000e+00   -0.000000e+00   2.456791e+02   2.953124e-07   2.082967e-01
6.270000e+01   1.162576e-01   -0.000000e+00   -0.000000e+00   2.451690e+02   2.918770e-07   2.054461e-01
6.280000e+01   -1.383167e+00   -0.000000e+00   -0.000000e+00   2.446595e+02   2.884748e-07   2.026293e-01
6.290000e+01   -2.844506e+00   -0.000000e+00   -0.000000e+00   2.441505e+02   2.851054e-07   1.998460e-01
6.300000e+01   -4.286442e+00   -0.000000e+00   -0.000000e+00   2.436422e+02   2.817685e-07   1.970958e-01
6.310000e+01   -5.988069e+00   -0.000000e+00   -0.000000e+00   2.431346e+02   2.784638e-07   1.943784e-01
6.320000e+01   -7.779947e+00   -0.000000e+00   -0.000000e+00   2.426279e+02   2.751908e-07   1.916933e-01
6.330000e+01   -9.482331e+00   -0.000000e+00   -0.000000e+00   2.421219e+02   2.719493e-07   1.890403e-01
6.340000e+01   -1.091548e+01   -0.000000e+00   -0.000000e+00   2.416169e+02   2.687389e-07   1.864191e-01
6.350000e+01   -1.210518e+01   -0.000000e+00   -0.000000e+00   2.411129e+02   2.655593e-07   1.838291e-01
6.360000e+01   -1.332199e+01   -0.000000e+00   -0.000000e+00   2.406095e+02   2.624106e-07   1.812702e-01
6.370000e+01   -1.444721e+01   -0.000000e+00   -0.000000e+00   2.401060e+02   2.592932e-07   1.787420e-01
6.380000e+01   -1.534960e+01   -0.000000e+00   -0.000000e+00   2.396019e+02   2.562076e-07   1.762441e-01
6.390000e+01   -1.589795e+01   -0.000000e+00   -0.000000e+00   2.390966e+02   2.531542e-07   1.737764e-01
6.400000e+01   -1.573922e+01   -0.000000e+00   -0.000000e+00   2.385893e+02   2.501332e-07   1.713384e-01
6.410000e+01   -1.458160e+01   -0.000000e+00   -0.000000e+00   2.380794e+02   2.471451e-07   1.689298e-01
6.420000e+01   -1.294341e+01   -0.000000e+00   -0.000000e+00   2.375664e+02   2.441902e-07   1.665504e-01
6.430000e+01   -1.136966e+01   -0.000000e+00   -0.000000e+00   2.370496e+02   2.412687e-07   1.641998e-01
6.440000e+01   -1.040535e+01   -0.000000e+00   -0.000000e+00   2.365283e+02   2.383809e-07   1.618777e-01
6.450000e+01   -1.024801e+01   -0.000000e+00   -0.000000e+00   2.360019e+02   2.355271e-07   1.595838e-01
6.460000e+01   -1.025056e+01   -0.000000e+00   -0.000000e+00   2.354699e+02   2.327073e-07   1.573178e-01
6.470000e+01   -1.033344e+01   -0.000000e+00   -0.000000e+00   2.349314e+02   2.299219e-07   1.550793e-01
6.480000e+01   -1.045604e+01   -0.000000e+00   -0.000000e+00   2.343860e+02   2.271710e-07   1.528681e-01
6.490000e+01   -1.057779e+01   -0.000000e+00   -0.000000e+00   2.338329e+02   2.244546e-07   1.506838e-01
6.500000e+01   -1.065768e+01   -0.000000e+00   -0.000000e+00   2.332716e+02   2.217730e-07   1.485262e-01
6.510000e+01   -1.069698e+01   -0.000000e+00   -0.000000e+00   2.327015e+02   2.191262e-07   1.463948e-01
6.520000e+01   -1.074321e+01   -0.000000e+00   -0.000000e+00   2.321217e+02   2.165143e-07   1.442895e-01
6.530000e+01   -1.084529e+01   -0.000000e+00   -0.000000e+00   2.315319e+02   2.139373e-07   1.422099e-01
6.540000e+01   -1.105216e+01   -0.000000e+00   -0.000000e+00   2.309312e+02   2.113954e-07   1.401556e-01
6.550000e+01   -1.142231e+01   -0.000000e+00   -0.000000e+00   2.303192e+02   2.088883e-07   1.381264e-01
6.560000e+01   -1.196582e+01   -0.000000e+00   -0.000000e+00   2.296965e+02   2.064151e-07   1.361220e-01
6.570000e+01   -1.258585e+01   -0.000000e+00   -0.000000e+00   2.290641e+02   2.039744e-07   1.341421e-01
6.580000e+01   -1.318036e+01   -0.000000e+00   -0.000000e+00   2.284231e+02   2.015647e-07   1.321864e-01
6.590000e+01   -1.364731e+01   -0.000000e+00   -0.000000e+00   2.277748e+02   1.991846e-07   1.302548e-01
6.600000e+01   -1.380514e+01   -0.000000e+00   -0.000000e+00   2.271201e+02   1.968328e-07   1.283469e-01
6.610000e+01   -1.340374e+01   -0.000000e+00   -0.000000e+00   2.264603e+02   1.945080e-07   1.264625e-01
6.620000e+01   -1.262727e+01   -0.000000e+00   -0.000000e+00   2.257964e+02   1.922088e-07   1.246013e-01
6.630000e+01   -1.169372e+01   -0.000000e+00   -0.000000e+00   2.251296e+02   1.899341e-07   1.227631e-01
6.640000e+01   -1.082109e+01   -0.000000e+00   -0.000000e+00   2.244610e+02   1.876826e-07   1.209476e-01
6.650000e+01   -1.015929e+01   -0.000000e+00   -0.000000e+00   2.237918e+02   1.854532e-07   1.191546e-01
6.660000e+01   -9.543533e+00   -0.000000e+00   -0.000000e+00   2.231229e+02   1.832447e-07   1.173837e-01
6.670000e+01   -8.926894e+00   -0.000000e+00   -0.000000e+00   2.224557e+02   1.810559e-07   1.156348e-01
6.680000e+01   -8.286274e+00   -0.000000e+00   -0.000000e+00   2.217911e+02   1.788858e-07   1.139075e-01
6.690000e+01   -7.598576e+00   -0.000000e+00   -0.000000e+00   2.211304e+02   1.767334e-07   1.122017e-01
6.700000e+01   -6.788614e+00   -0.000000e+00   -0.000000e+00   2.204745e+02   1.745976e-07   1.105170e-01
6.710000e+01   -5.700180e+00   -0.000000e+00   -0.000000e+00   2.198248e+02   1.724774e-07   1.088532e-01
6.720000e+01   -4.537275e+00   -0.000000e+00   -0.000000e+00   2.191822e+02   1.703718e-07   1.072100e-01
6.730000e+01   -3.542683e+00   -0.000000e+00   -0.000000e+00   2.185479e+02   1.682799e-07   1.055872e-01
6.740000e+01   -2.959207e+00   -0.000000e+00   -0.000000e+00   2.179231e+02   1.662008e-07   1.039845e-01
6.750000e+01   -2.958938e+00   -0.000000e+00   -0.000000e+00   2.173079e+02   1.641342e-07   1.024017e-01
6.760000e+01   -3.265193e+00   -0.000000e+00   -0.000000e+00   2.167015e+02   1.620810e-07   1.008385e-01
6.770000e+01   -3.714598e+00   -0.000000e+00   -0.000000e+00   2.161029e+02   1.600419e-07   9.929487e-02
6.780000e+01   -4.185450e+00   -0.000000e+00   -0.000000e+00   2.155111e+02   1.580178e-07   9.777053e-02
6.790000e+01   -4.556048e+00   -0.000000e+00   -0.000000e+00   2.149249e+02   1.560094e-07   9.626529e-02
6.800000e+01   -4.736852e+00   -0.000000e+00   -0.000000e+00   2.143433e+02   1.540173e-07   9.477896e-02
6.810000e+01   -4.849941e+00   -0.000000e+00   -0.000000e+00   2.137654e+02   1.520424e-07   9.331137e-02
6.820000e+01   -4.935622e+00   -0.000000e+00   -0.000000e+00   2.131901e+02   1.500852e-07   9.186230e-02
6.830000e+01   -5.007683e+00   -0.000000e+00   -0.000000e+00   2.126164e+02   1.481464e-07   9.043158e-02
6.840000e+01   -5.079914e+00   -0.000000e+00   -0.000000e+00   2.120431e+02   1.462265e-07   8.901901e-02
6.850000e+01   -5.160903e+00   -0.000000e+00   -0.000000e+00   2.114694e+02   1.443262e-07   8.762439e-02
6.860000e+01   -5.231144e+00   -0.000000e+00   -0.000000e+00   2.108941e+02   1.424459e-07   8.624754e-02
6.870000e+01   -5.304195e+00   -0.000000e+00   -0.000000e+00   2.103163e+02   1.405861e-07   8.488827e-02
6.880000e+01   -5.400729e+00   -0.000000e+00   -0.000000e+00   2.097349e+02   1.387473e-07   8.354638e-02
6.890000e+01   -5.541419e+00   -0.000000e+00   -0.000000e+00   2.091488e+02   1.369300e-07   8.222168e-02
6.900000e+01   -5.767497e+00   -0.000000e+00   -0.000000e+00   2.085571e+02   1.351345e-07   8.091398e-02
6.910000e+01   -6.226246e+00   -0.000000e+00   -0.000000e+00   2.079586e+02   1.333613e-07   7.962309e-02
6.920000e+01   -6.872229e+00   -0.000000e+00   -0.000000e+00   2.073525e+02   1.316106e-07   7.834882e-02
6.930000e+01   -7.619053e+00   -0.000000e+00   -0.000000e+00   2.067376e+02   1.298828e-07   7.709098e-02
6.940000e+01   -8.378230e+00   -0.000000e+00   -0.000000e+00   2.061138e+02   1.281777e-07   7.584938e-02
6.950000e+01   -9.085999e+00   -0.000000e+00   -0.000000e+00   2.054820e+02   1.264946e-07   7.462389e-02
6.960000e+01   -9.893066e+00   -0.000000e+00   -0.000000e+00   2.048429e+02   1.248325e-07   7.341434e-02
6.970000e+01   -1.074525e+01   -0.000000e+00   -0.000000e+00   2.041975e+02   1.231908e-07   7.222059e-02
6.980000e+01   -1.152601e+01   -0.000000e+00   -0.000000e+00   2.035466e+02   1.215688e-07   7.104249e-02
6.990000e+01   -1.211882e+01   -0.000000e+00   -0.000000e+00   2.028910e+02   1.199657e-07   6.987987e-02
7.000000e+01   -1.241474e+01   -0.000000e+00   -0.000000e+00   2.022316e+02   1.183808e-07   6.873260e-02
7.010000e+01   -1.245314e+01   -0.000000e+00   -0.000000e+00   2.015693e+02   1.168136e-07   6.760051e-02
7.020000e+01   -1.236023e+01   -0.000000e+00   -0.000000e+00   2.009048e+02   1.152632e-07   6.648346e-02
7.030000e+01   -1.225534e+01   -0.000000e+00   -0.000000e+00   2.002392e+02   1.137292e-07   6.538129e-02
7.040000e+01   -1.225783e+01   -0.000000e+00   -0.000000e+00   1.995731e+02   1.122109e-07   6.429386e-02
7.050000e+01   -1.248499e+01   -0.000000e+00   -0.000000e+00   1.989075e+02   1.107077e-07   6.322100e-02
7.060000e+01   -1.295856e+01   -0.000000e+00   -0.000000e+00   1.982432e+02   1.092190e-07   6.216257e-02
7.070000e+01   -1.356859e+01   -0.000000e+00   -0.000000e+00   1.975811e+02   1.077443e-07   6.111842e-02
7.080000e+01   -1.419573e+01   -0.000000e+00   -0.000000e+00   1.969220e+02   1.062830e-07   6.008839e-02
7.090000e+01   -1.472064e+01   -0.000000e+00   -0.000000e+00   1.962668e+02   1.048347e-07   5.907233e-02
7.100000e+01   -1.501484e+01   -0.000000e+00   -0.000000e+00   1.956163e+02   1.033987e-07   5.807009e-02
7.110000e+01   -1.489254e+01   -0.000000e+00   -0.000000e+00   1.949714e+02   1.019747e-07   5.708152e-02
7.120000e+01   -1.443689e+01   -0.000000e+00   -0.000000e+00   1.943329e+02   1.005621e-07   5.610647e-02
7.130000e+01   -1.380482e+01   -0.000000e+00   -0.000000e+00   1.937006e+02   9.916106e-08   5.514479e-02
7.140000e+01   -1.315436e+01   -0.000000e+00   -0.000000e+00   1.930741e+02   9.777182e-08   5.419636e-02
7.150000e+01   -1.263616e+01   -0.000000e+00   -0.000000e+00   1.924529e+02   9.639465e-08   5.326105e-02
7.160000e+01   -1.221044e+01   -0.000000e+00   -0.000000e+00   1.918363e+02   9.502982e-08   5.233871e-02
7.170000e+01   -1.179613e+01   -0.000000e+00   -0.000000e+00   1.912239e+02   9.367756e-08   5.142923e-02
7.180000e+01   -1.134971e+01   -0.000000e+00   -0.000000e+00   1.906150e+02   9.233811e-08   5.053247e-02
7.190000e+01   -1.082771e+01   -0.000000e+00   -0.000000e+00   1.900093e+02   9.101168e-08   4.964830e-02
7.200000e+01   -1.017194e+01   -0.000000e+00   -0.000000e+00   1.894061e+02   8.969848e-08   4.877658e-02
7.210000e+01   -9.072953e+00   -0.000000e+00   -0.000000e+00   1.888048e+02   8.839870e-08   4.791719e-02
7.220000e+01   -7.684825e+00   -0.000000e+00   -0.000000e+00   1.882050e+02   8.711250e-08   4.706999e-02
7.230000e+01   -6.358731e+00   -0.000000e+00   -0.000000e+00   1.876061e+02   8.584006e-08   4.623485e-02
7.240000e+01   -5.445851e+00   -0.000000e+00   -0.000000e+00   1.870076e+02   8.458153e-08   4.541164e-02
7.250000e+01   -5.290800e+00   -0.000000e+00   -0.000000e+00   1.864089e+02   8.333704e-08   4.460023e-02
7.260000e+01   -5.882824e+00   -0.000000e+00   -0.000000e+00   1.858095e+02   8.210671e-08   4.380049e-02
7.270000e+01   -6.927157e+00   -0.000000e+00   -0.000000e+00   1.852089e+02   8.089066e-08   4.301229e-02
7.280000e+01   -8.169470e+00   -0.000000e+00   -0.000000e+00   1.846064e+02   7.968898e-08   4.223548e-02
7.290000e+01   -9.355435e+00   -0.000000e+00   -0.000000e+00   1.840017e+02   7.850177e-08   4.146995e-02
7.300000e+01   -1.023654e+01   -0.000000e+00   -0.000000e+00   1.833940e+02   7.732910e-08   4.071556e-02
7.310000e+01   -1.089352e+01   -0.000000e+00   -0.000000e+00   1.827830e+02   7.617103e-08   3.997218e-02
7.320000e+01   -1.148007e+01   -0.000000e+00   -0.000000e+00   1.821681e+02   7.502755e-08   3.923969e-02
7.330000e+01   -1.203763e+01   -0.000000e+00   -0.000000e+00   1.815495e+02   7.389853e-08   3.851795e-02
7.340000e+01   -1.260742e+01   -0.000000e+00   -0.000000e+00   1.809271e+02   7.278379e-08   3.780686e-02
7.350000e+01   -1.323218e+01   -0.000000e+00   -0.000000e+00   1.803010e+02   7.168319e-08   3.710631e-02
7.360000e+01   -1.401514e+01   -0.000000e+00   -0.000000e+00   1.796711e+02   7.059656e-08   3.641616e-02
7.370000e+01   -1.489692e+01   -0.000000e+00   -0.000000e+00   1.790376e+02   6.952375e-08   3.573632e-02
7.380000e+01   -1.573269e+01   -0.000000e+00   -0.000000e+00   1.784004e+02   6.846460e-08   3.506665e-02
7.390000e+01   -1.637765e+01   -0.000000e+00   -0.000000e+00   1.777596e+02   6.741895e-08   3.440705e-02
7.400000e+01   -1.668635e+01   -0.000000e+00   -0.000000e+00   1.771152e+02   6.638665e-08   3.375740e-02
7.410000e+01   -1.651536e+01   -0.000000e+00   -0.000000e+00   1.764673e+02   6.536753e-08   3.311758e-02
7.420000e+01   -1.599854e+01   -0.000000e+00   -0.000000e+00   1.758157e+02   6.436144e-08   3.248747e-02
7.430000e+01   -1.537329e+01   -0.000000e+00   -0.000000e+00   1.751607e+02   6.336823e-08   3.186696e-02
7.440000e+01   -1.487703e+01   -0.000000e+00   -0.000000e+00   1.745022e+02   6.238772e-08   3.125593e-02
7.450000e+01   -1.475049e+01   -0.000000e+00   -0.000000e+00   1.738402e+02   6.141978e-08   3.065426e-02
7.460000e+01   -1.586901e+01   -0.000000e+00   -0.000000e+00   1.731748e+02   6.046423e-08   3.006184e-02
7.470000e+01   -1.819767e+01   -0.000000e+00   -0.000000e+00   1.725060e+02   5.952092e-08   2.947855e-02
7.480000e+01   -2.089103e+01   -0.000000e+00   -0.000000e+00   1.718338e+02   5.858968e-08   2.890428e-02
7.490000e+01   -2.310366e+01   -0.000000e+00   -0.000000e+00   1.711583e+02   5.767037e-08   2.833890e-02
7.500000e+01   -2.399099e+01   -0.000000e+00   -0.000000e+00   1.704794e+02   5.676282e-08   2.778230e-02
7.510000e+01   -2.372126e+01   -0.000000e+00   -0.000000e+00   1.697973e+02   5.586686e-08   2.723437e-02
7.520000e+01   -2.308189e+01   -0.000000e+00   -0.000000e+00   1.691118e+02   5.498235e-08   2.669498e-02
7.530000e+01   -2.230728e+01   -0.000000e+00   -0.000000e+00   1.684232e+02   5.410910e-08   2.616403e-02
7.540000e+01   -2.163303e+01   -0.000000e+00   -0.000000e+00   1.677316e+02   5.324692e-08   2.564140e-02
7.550000e+01   -2.129653e+01   -0.000000e+00   -0.000000e+00   1.670376e+02   5.239552e-08   2.512701e-02
7.560000e+01   -2.130080e+01   -0.000000e+00   -0.000000e+00   1.663420e+02   5.155461e-08   2.462078e-02
7.570000e+01   -2.145309e+01   -0.000000e+00   -0.000000e+00   1.656453e+02   5.072393e-08   2.412262e-02
7.580000e+01   -2.169727e+01   -0.000000e+00   -0.000000e+00   1.649483e+02   4.990321e-08   2.363245e-02
7.590000e+01   -2.197720e+01   -0.000000e+00   -0.000000e+00   1.642516e+02   4.909220e-08   2.315018e-02
7.600000e+01   -2.223676e+01   -0.000000e+00   -0.000000e+00   1.635558e+02   4.829066e-08   2.267574e-02
7.610000e+01   -2.253230e+01   -0.000000e+00   -0.000000e+00   1.628616e+02   4.749834e-08   2.220903e-02
7.620000e+01   -2.292112e+01   -0.000000e+00   -0.000000e+00   1.621696e+02   4.671504e-08   2.174997e-02
7.630000e+01   -2.332442e+01   -0.000000e+00   -0.000000e+00   1.614806e+02   4.594051e-08   2.129848e-02
7.640000e+01   -2.366325e+01   -0.000000e+00   -0.000000e+00   1.607951e+02   4.517456e-08   2.085447e-02
7.650000e+01   -2.385865e+01   -0.000000e+00   -0.000000e+00   1.601138e+02   4.441697e-08   2.041786e-02
7.660000e+01   -2.394065e+01   -0.000000e+00   -0.000000e+00   1.594374e+02   4.366756e-08   1.998857e-02
7.670000e+01   -2.400828e+01   -0.000000e+00   -0.000000e+00   1.587666e+02   4.292613e-08   1.956650e-02
7.680000e+01   -2.404306e+01   -0.000000e+00   -0.000000e+00   1.581019e+02   4.219251e-08   1.915159e-02
7.690000e+01   -2.402601e+01   -0.000000e+00   -0.000000e+00   1.574440e+02   4.146651e-08   1.874373e-02
7.700000e+01   -2.393811e+01   -0.000000e+00   -0.000000e+00   1.567936e+02   4.074798e-08   1.834285e-02
7.710000e+01   -2.349327e+01   -0.000000e+00   -0.000000e+00   1.561514e+02   4.003676e-08   1.794887e-02
7.720000e+01   -2.245527e+01   -0.000000e+00   -0.000000e+00   1.555180e+02   3.933268e-08   1.756170e-02
7.730000e+01   -2.108700e+01   -0.000000e+00   -0.000000e+00   1.548940e+02   3.863561e-08   1.718125e-02
7.740000e+01   -1.965514e+01   -0.000000e+00   -0.000000e+00   1.542801e+02   3.794541e-08   1.680744e-02
7.750000e+01   -1.842636e+01   -0.000000e+00   -0.000000e+00   1.536770e+02   3.726195e-08   1.644020e-02
7.760000e+01   -1.746847e+01   -0.000000e+00   -0.000000e+00   1.530854e+02   3.658511e-08   1.607942e-02
7.770000e+01   -1.656906e+01   -0.000000e+00   -0.000000e+00   1.525058e+02   3.591476e-08   1.572503e-02
7.780000e+01   -1.572711e+01   -0.000000e+00   -0.000000e+00   1.519389e+02   3.525079e-08   1.537695e-02
7.790000e+01   -1.494554e+01   -0.000000e+00   -0.000000e+00   1.513854e+02   3.459311e-08   1.503509e-02
7.800000e+01   -1.422663e+01   -0.000000e+00   -0.000000e+00   1.508457e+02   3.394166e-08   1.469936e-02
7.810000e+01   -1.349699e+01   -0.000000e+00   -0.000000e+00   1.503190e+02   3.329671e-08   1.436970e-02
7.820000e+01   -1.270063e+01   -0.000000e+00   -0.000000e+00   1.498041e+02   3.265859e-08   1.404602e-02
7.830000e+01   -1.197328e+01   -0.000000e+00   -0.000000e+00   1.492996e+02   3.202761e-08   1.372826e-02
7.840000e+01   -1.145418e+01   -0.000000e+00   -0.000000e+00   1.488043e+02   3.140408e-08   1.341634e-02
7.850000e+01   -1.128259e+01   -0.000000e+00   -0.000000e+00   1.483171e+02   3.078827e-08   1.311018e-02
7.860000e+01   -1.147679e+01   -0.000000e+00   -0.000000e+00   1.478365e+02   3.018044e-08   1.280972e-02
7.870000e+01   -1.180958e+01   -0.000000e+00   -0.000000e+00   1.473615e+02   2.958083e-08   1.251488e-02
7.880000e+01   -1.219760e+01   -0.000000e+00   -0.000000e+00   1.468906e+02   2.898966e-08   1.222558e-02
7.890000e+01   -1.256363e+01   -0.000000e+00   -0.000000e+00   1.464228e+02   2.840712e-08   1.194176e-02
7.900000e+01   -1.283045e+01   -0.000000e+00   -0.000000e+00   1.459567e+02   2.783341e-08   1.166333e-02
7.910000e+01   -1.284959e+01   -0.000000e+00   -0.000000e+00   1.454910e+02   2.726868e-08   1.139023e-02
7.920000e+01   -1.252067e+01   -0.000000e+00   -0.000000e+00   1.450246e+02   2.671308e-08   1.112238e-02
7.930000e+01   -1.202920e+01   -0.000000e+00   -0.000000e+00   1.445561e+02   2.616673e-08   1.085971e-02
7.940000e+01   -1.156971e+01   -0.000000e+00   -0.000000e+00   1.440844e+02   2.562976e-08   1.060214e-02
7.950000e+01   -1.133677e+01   -0.000000e+00   -0.000000e+00   1.436081e+02   2.510224e-08   1.034961e-02
7.960000e+01   -1.140531e+01   -0.000000e+00   -0.000000e+00   1.431260e+02   2.458428e-08   1.010203e-02
7.970000e+01   -1.155627e+01   -0.000000e+00   -0.000000e+00   1.426370e+02   2.407592e-08   9.859329e-03
7.980000e+01   -1.176280e+01   -0.000000e+00   -0.000000e+00   1.421396e+02   2.357723e-08   9.621441e-03
7.990000e+01   -1.201138e+01   -0.000000e+00   -0.000000e+00   1.416327e+02   2.308823e-08   9.388288e-03
8.000000e+01   -1.228851e+01   -0.000000e+00   -0.000000e+00   1.411150e+02   2.260895e-08   9.159798e-03
8.010000e+01   -1.285037e+01   -0.000000e+00   -0.000000e+00   1.405855e+02   2.213938e-08   8.935897e-03
8.020000e+01   -1.430096e+01   -0.000000e+00   -0.000000e+00   1.400457e+02   2.167908e-08   8.716513e-03
8.030000e+01   -1.634109e+01   -0.000000e+00   -0.000000e+00   1.394991e+02   2.122735e-08   8.501578e-03
8.040000e+01   -1.861691e+01   -0.000000e+00   -0.000000e+00   1.389493e+02   2.078354e-08   8.291023e-03
8.050000e+01   -2.077458e+01   -0.000000e+00   -0.000000e+00   1.383997e+02   2.034701e-08   8.084780e-03
8.060000e+01   -2.273515e+01   -0.000000e+00   -0.000000e+00   1.378540e+02   1.991717e-08   7.882778e-03
8.070000e+01   -2.502649e+01   -0.000000e+00   -0.000000e+00   1.373156e+02   1.949346e-08   7.684950e-03
8.080000e+01   -2.733872e+01   -0.000000e+00   -0.000000e+00   1.367881e+02   1.907534e-08   7.491226e-03
8.090000e+01   -2.929279e+01   -0.000000e+00   -0.000000e+00   1.362749e+02   1.866234e-08   7.301537e-03
8.100000e+01   -3.050964e+01   -0.000000e+00   -0.000000e+00   1.357797e+02   1.825398e-08   7.115816e-03
8.110000e+01   -3.086204e+01   -0.000000e+00   -0.000000e+00   1.353059e+02   1.784984e-08   6.933991e-03
8.120000e+01   -3.104744e+01   -0.000000e+00   -0.000000e+00   1.348570e+02   1.744952e-08   6.755996e-03
8.130000e+01   -3.111652e+01   -0.000000e+00   -0.000000e+00   1.344367e+02   1.705265e-08   6.581760e-03
8.140000e+01   -3.104282e+01   -0.000000e+00   -0.000000e+00   1.340478e+02   1.665898e-08   6.411217e-03
8.150000e+01   -3.079582e+01   -0.000000e+00   -0.000000e+00   1.336897e+02   1.626876e-08   6.244311e-03
8.160000e+01   -3.030135e+01   -0.000000e+00   -0.000000e+00   1.333602e+02   1.588238e-08   6.080991e-03
8.170000e+01   -2.940925e+01   -0.000000e+00   -0.000000e+00   1.330574e+02   1.550025e-08   5.921205e-03
8.180000e+01   -2.819455e+01   -0.000000e+00   -0.000000e+00   1.327791e+02   1.512272e-08   5.764902e-03
8.190000e+01   -2.675446e+01   -0.000000e+00   -0.000000e+00   1.325232e+02   1.475013e-08   5.612031e-03
8.200000e+01   -2.518618e+01   -0.000000e+00   -0.000000e+00   1.322878e+02   1.438277e-08   5.462541e-03
8.210000e+01   -2.338851e+01   -0.000000e+00   -0.000000e+00   1.320707e+02   1.402095e-08   5.316380e-03
8.220000e+01   -2.073146e+01   -0.000000e+00   -0.000000e+00   1.318698e+02   1.366490e-08   5.173497e-03
8.230000e+01   -1.765576e+01   -0.000000e+00   -0.000000e+00   1.316831e+02   1.331488e-08   5.033841e-03
8.240000e+01   -1.473299e+01   -0.000000e+00   -0.000000e+00   1.315085e+02   1.297107e-08   4.897360e-03
8.250000e+01   -1.253475e+01   -0.000000e+00   -0.000000e+00   1.313439e+02   1.263368e-08   4.764003e-03
8.260000e+01   -1.140595e+01   -0.000000e+00   -0.000000e+00   1.311872e+02   1.230285e-08   4.633719e-03
8.270000e+01   -1.047988e+01   -0.000000e+00   -0.000000e+00   1.310365e+02   1.197872e-08   4.506456e-03
8.280000e+01   -9.552936e+00   -0.000000e+00   -0.000000e+00   1.308895e+02   1.166142e-08   4.382163e-03
8.290000e+01   -8.572422e+00   -0.000000e+00   -0.000000e+00   1.307443e+02   1.135102e-08   4.260790e-03
8.300000e+01   -7.485631e+00   -0.000000e+00   -0.000000e+00   1.305987e+02   1.104762e-08   4.142283e-03
8.310000e+01   -6.208212e+00   -0.000000e+00   -0.000000e+00   1.304507e+02   1.075125e-08   4.026593e-03
8.320000e+01   -4.550222e+00   -0.000000e+00   -0.000000e+00   1.302983e+02   1.046196e-08   3.913669e-03
8.330000e+01   -2.568640e+00   -0.000000e+00   -0.000000e+00   1.301407e+02   1.017968e-08   3.803467e-03
8.340000e+01   -3.640967e-01   -0.000000e+00   -0.000000e+00   1.299783e+02   9.904291e-09   3.695954e-03
8.350000e+01   1.962597e+00   -0.000000e+00   -0.000000e+00   1.298112e+02   9.635673e-09   3.591093e-03
8.360000e+01   4.333461e+00   -0.000000e+00   -0.000000e+00   1.296399e+02   9.373706e-09   3.488850e-03
8.370000e+01   6.844197e+00   -0.000000e+00   -0.000000e+00   1.294646e+02   9.118274e-09   3.389189e-03
8.380000e+01   9.528710e+00   -0.000000e+00   -0.000000e+00   1.292856e+02   8.869264e-09   3.292077e-03
8.390000e+01   1.239630e+01   -0.000000e+00   -0.000000e+00   1.291032e+02   8.626567e-09   3.197476e-03
8.400000e+01   1.545627e+01   -0.000000e+00   -0.000000e+00   1.289178e+02   8.390076e-09   3.105353e-03
8.410000e+01   1.883254e+01   -0.000000e+00   -0.000000e+00   1.287296e+02   8.159687e-09   3.015672e-03
8.420000e+01   2.320420e+01   -0.000000e+00   -0.000000e+00   1.285389e+02   7.935298e-09   2.928399e-03
8.430000e+01   2.811214e+01   -0.000000e+00   -0.000000e+00   1.283461e+02   7.716809e-09   2.843498e-03
8.440000e+01   3.286366e+01   -0.000000e+00   -0.000000e+00   1.281515e+02   7.504123e-09   2.760933e-03
8.450000e+01   3.676609e+01   -0.000000e+00   -0.000000e+00   1.279553e+02   7.297143e-09   2.680671e-03
8.460000e+01   3.927813e+01   -0.000000e+00   -0.000000e+00   1.277579e+02   7.095778e-09   2.602675e-03
8.470000e+01   4.130530e+01   -0.000000e+00   -0.000000e+00   1.275595e+02   6.899933e-09   2.526912e-03
8.480000e+01   4.306472e+01   -0.000000e+00   -0.000000e+00   1.273605e+02   6.709519e-09   2.453345e-03
8.490000e+01   4.446927e+01   -0.000000e+00   -0.000000e+00   1.271612e+02   6.524446e-09   2.381939e-03
8.500000e+01   4.543784e+01   -0.000000e+00   -0.000000e+00   1.269624e+02   6.344596e-09   2.312657e-03
8.510000e+01   4.580971e+01   -0.000000e+00   -0.000000e+00   1.267654e+02   6.169805e-09   2.245456e-03
8.520000e+01   4.479686e+01   -0.000000e+00   -0.000000e+00   1.265719e+02   5.999913e-09   2.180291e-03
8.530000e+01   4.282680e+01   -0.000000e+00   -0.000000e+00   1.263833e+02   5.834765e-09   2.117120e-03
8.540000e+01   4.064815e+01   -0.000000e+00   -0.000000e+00   1.262012e+02   5.674213e-09   2.055898e-03
8.550000e+01   3.900955e+01   -0.000000e+00   -0.000000e+00   1.260271e+02   5.518115e-09   1.996582e-03
8.560000e+01   3.856503e+01   -0.000000e+00   -0.000000e+00   1.258626e+02   5.366334e-09   1.939129e-03
8.570000e+01   3.858271e+01   -0.000000e+00   -0.000000e+00   1.257092e+02   5.218736e-09   1.883495e-03
8.580000e+01   3.864874e+01   -0.000000e+00   -0.000000e+00   1.255683e+02   5.075194e-09   1.829637e-03
8.590000e+01   3.866492e+01   -0.000000e+00   -0.000000e+00   1.254416e+02   4.935584e-09   1.777511e-03
8.600000e+01   3.853302e+01   -0.000000e+00   -0.000000e+00   1.253305e+02   4.799785e-09   1.727074e-03
8.610000e+01   3.816131e+01   -0.000000e+00   -0.000000e+00   1.252366e+02   4.667681e-09   1.678281e-03
8.620000e+01   3.759811e+01   -0.000000e+00   -0.000000e+00   1.251614e+02   4.539157e-09   1.631091e-03
8.630000e+01   3.692437e+01   -0.000000e+00   -0.000000e+00   1.251065e+02   4.414102e-09   1.585458e-03
8.640000e+01   3.619854e+01   -0.000000e+00   -0.000000e+00   1.250734e+02   4.292409e-09   1.541339e-03
8.650000e+01   3.547903e+01   -0.000000e+00   -0.000000e+00   1.250635e+02   4.173971e-09   1.498692e-03
8.660000e+01   3.483444e+01   -0.000000e+00   -0.000000e+00   1.250785e+02   4.058684e-09   1.457472e-03
8.670000e+01   3.446988e+01   -0.000000e+00   -0.000000e+00   1.251198e+02   3.946448e-09   1.417636e-03
8.680000e+01   3.434241e+01   -0.000000e+00   -0.000000e+00   1.251889e+02   3.837170e-09   1.379142e-03
8.690000e+01   3.431449e+01   -0.000000e+00   -0.000000e+00   1.252871e+02   3.730761e-09   1.341950e-03
8.700000e+01   3.424855e+01   -0.000000e+00   -0.000000e+00   1.254160e+02   3.627132e-09   1.306017e-03
8.710000e+01   3.401712e+01   -0.000000e+00   -0.000000e+00   1.255770e+02   3.526195e-09   1.271302e-03
8.720000e+01   3.375095e+01   -0.000000e+00   -0.000000e+00   1.257714e+02   3.427863e-09   1.237763e-03
8.730000e+01   3.348184e+01   -0.000000e+00   -0.000000e+00   1.260007e+02   3.332049e-09   1.205360e-03
8.740000e+01   3.313938e+01   -0.000000e+00   -0.000000e+00   1.262663e+02   3.238670e-09   1.174049e-03
8.750000e+01   3.265315e+01   -0.000000e+00   -0.000000e+00   1.265696e+02   3.147640e-09   1.143791e-03
8.760000e+01   3.194417e+01   -0.000000e+00   -0.000000e+00   1.269120e+02   3.058875e-09   1.114543e-03
8.770000e+01   3.071774e+01   -0.000000e+00   -0.000000e+00   1.272951e+02   2.972293e-09   1.086264e-03
8.780000e+01   2.898327e+01   -0.000000e+00   -0.000000e+00   1.277201e+02   2.887810e-09   1.058913e-03
8.790000e+01   2.691312e+01   -0.000000e+00   -0.000000e+00   1.281885e+02   2.805346e-09   1.032447e-03
8.800000e+01   2.467959e+01   -0.000000e+00   -0.000000e+00   1.287018e+02   2.724819e-09   1.006827e-03
8.810000e+01   2.243604e+01   -0.000000e+00   -0.000000e+00   1.292614e+02   2.646148e-09   9.820085e-04
8.820000e+01   1.957365e+01   -0.000000e+00   -0.000000e+00   1.298686e+02   2.569256e-09   9.579520e-04
8.830000e+01   1.614938e+01   -0.000000e+00   -0.000000e+00   1.305249e+02   2.494062e-09   9.346154e-04
8.840000e+01   1.274181e+01   -0.000000e+00   -0.000000e+00   1.312317e+02   2.420490e-09   9.119574e-04
8.850000e+01   9.929546e+00   -0.000000e+00   -0.000000e+00   1.319905e+02   2.348464e-09   8.899363e-04
8.860000e+01   8.277670e+00   -0.000000e+00   -0.000000e+00   1.328024e+02   2.277918e-09   8.685128e-04
8.870000e+01   7.289392e+00   -0.000000e+00   -0.000000e+00   1.336659e+02   2.208877e-09   8.476657e-04
8.880000e+01   6.418864e+00   -0.000000e+00   -0.000000e+00   1.345785e+02   2.141403e-09   8.273830e-04
8.890000e+01   5.615607e+00   -0.000000e+00   -0.000000e+00   1.355376e+02   2.075547e-09   8.076528e-04
8.900000e+01   4.829145e+00   -0.000000e+00   -0.000000e+00   1.365404e+02   2.011352e-09   7.884633e-04
8.910000e+01   4.009597e+00   -0.000000e+00   -0.000000e+00   1.375843e+02   1.948849e-09   7.698025e-04
8.920000e+01   3.182190e+00   -0.000000e+00   -0.000000e+00   1.386666e+02   1.888062e-09   7.516585e-04
8.930000e+01   2.367831e+00   -0.000000e+00   -0.000000e+00   1.397848e+02   1.829007e-09   7.340194e-04
8.940000e+01   1.542766e+00   -0.000000e+00   -0.000000e+00   1.409360e+02   1.771691e-09   7.168734e-04
8.950000e+01   6.832414e-01   -0.000000e+00   -0.000000e+00   1.421178e+02   1.716116e-09   7.002086e-04
8.960000e+01   -2.368450e-01   -0.000000e+00   -0.000000e+00   1.433274e+02   1.662275e-09   6.840131e-04
8.970000e+01   -1.731464e+00   -0.000000e+00   -0.000000e+00   1.445622e+02   1.610156e-09   6.682749e-04
8.980000e+01   -3.815878e+00   -0.000000e+00   -0.000000e+00   1.458195e+02   1.559744e-09   6.529822e-04
8.990000e+01   -5.965374e+00   -0.000000e+00   -0.000000e+00   1.470967e+02   1.511016e-09   6.381231e-04
9.000000e+01   -7.655241e+00   -0.000000e+00   -0.000000e+00   1.483911e+02   1.463948e-09   6.236858e-04
9.010000e+01   -8.360969e+00   -0.000000e+00   -0.000000e+00   1.497001e+02   1.418508e-09   6.096582e-04
9.020000e+01   -7.899957e+00   -0.000000e+00   -0.000000e+00   1.510210e+02   1.374666e-09   5.960285e-04
9.030000e+01   -6.617053e+00   -0.000000e+00   -0.000000e+00   1.523512e+02   1.332386e-09   5.827849e-04
9.040000e+01   -4.814877e+00   -0.000000e+00   -0.000000e+00   1.536879e+02   1.291631e-09   5.699154e-04
9.050000e+01   -2.796049e+00   0.000000e+00   0.000000e+00   1.550286e+02   1.252360e-09   5.574082e-04
9.060000e+01   -8.631894e-01   0.000000e+00   0.000000e+00   1.563707e+02   1.214532e-09   5.452513e-04
9.070000e+01   1.273814e+00   0.000000e+00   0.000000e+00   1.577113e+02   1.178106e-09   5.334329e-04
9.080000e+01   3.826888e+00   0.000000e+00   0.000000e+00   1.590485e+02   1.143038e-09   5.219424e-04
9.090000e+01   6.372310e+00   0.000000e+00   0.000000e+00   1.603811e+02   1.109280e-09   5.107717e-04
9.100000e+01   8.485792e+00   0.000000e+00   0.000000e+00   1.617080e+02   1.076789e-09   4.999131e-04
9.110000e+01   9.743048e+00   0.000000e+00   0.000000e+00   1.630281e+02   1.045521e-09   4.893588e-04
9.120000e+01   9.726857e+00   0.000000e+00   0.000000e+00   1.643404e+02   1.015431e-09   4.791010e-04
9.130000e+01   8.664862e+00   0.000000e+00   0.000000e+00   1.656440e+02   9.864769e-10   4.691318e-04
9.140000e+01   7.131432e+00   0.000000e+00   0.000000e+00   1.669376e+02   9.586183e-10   4.594435e-04
9.150000e+01   5.701116e+00   0.000000e+00   0.000000e+00   1.682202e+02   9.318141e-10   4.500284e-04
9.160000e+01   4.948462e+00   0.000000e+00   0.000000e+00   1.694909e+02   9.060248e-10   4.408785e-04
9.170000e+01   4.944056e+00   0.000000e+00   0.000000e+00   1.707486e+02   8.812120e-10   4.319861e-04
9.180000e+01   5.176141e+00   0.000000e+00   0.000000e+00   1.719921e+02   8.573379e-10   4.233434e-04
9.190000e+01   5.517681e+00   0.000000e+00   0.000000e+00   1.732205e+02   8.343659e-10   4.149427e-04
9.200000e+01   5.843690e+00   0.000000e+00   0.000000e+00   1.744326e+02   8.122603e-10   4.067760e-04
9.210000e+01   6.029182e+00   0.000000e+00   0.000000e+00   1.756276e+02   7.909864e-10   3.988357e-04
9.220000e+01   5.940222e+00   0.000000e+00   0.000000e+00   1.768042e+02   7.705102e-10   3.911139e-04
9.230000e+01   5.594233e+00   0.000000e+00   0.000000e+00   1.779614e+02   7.507989e-10   3.836029e-04
9.240000e+01   5.124050e+00   0.000000e+00   0.000000e+00   1.790983e+02   7.318202e-10   3.762948e-04
9.250000e+01   4.663052e+00   0.000000e+00   0.000000e+00   1.802137e+02   7.135431e-10   3.691818e-04
9.260000e+01   4.344614e+00   0.000000e+00   0.000000e+00   1.813065e+02   6.959371e-10   3.622562e-04
9.270000e+01   4.164223e+00   0.000000e+00   0.000000e+00   1.823758e+02   6.789727e-10   3.555102e-04
9.280000e+01   3.978441e+00   0.000000e+00   0.000000e+00   1.834205e+02   6.626212e-10   3.489359e-04
9.290000e+01   3.830161e+00   0.000000e+00   0.000000e+00   1.844396e+02   6.468544e-10   3.425256e-04
9.300000e+01   3.765281e+00   0.000000e+00   0.000000e+00   1.854319e+02   6.316453e-10   3.362714e-04
9.310000e+01   3.829697e+00   0.000000e+00   0.000000e+00   1.863964e+02   6.169671e-10   3.301657e-04
9.320000e+01   3.976976e+00   0.000000e+00   0.000000e+00   1.873321e+02   6.027942e-10   3.242005e-04
9.330000e+01   4.089759e+00   0.000000e+00   0.000000e+00   1.882390e+02   5.891010e-10   3.183696e-04
9.340000e+01   4.224827e+00   0.000000e+00   0.000000e+00   1.891190e+02   5.758622e-10   3.126700e-04
9.350000e+01   4.443259e+00   0.000000e+00   0.000000e+00   1.899748e+02   5.630538e-10   3.070989e-04
9.360000e+01   4.806135e+00   0.000000e+00   0.000000e+00   1.908086e+02   5.506535e-10   3.016537e-04
9.370000e+01   5.746011e+00   0.000000e+00   0.000000e+00   1.916229e+02   5.386400e-10   2.963319e-04
9.380000e+01   7.806372e+00   0.000000e+00   0.000000e+00   1.924201e+02   5.269934e-10   2.911307e-04
9.390000e+01   1.054953e+01   0.000000e+00   0.000000e+00   1.932026e+02   5.156949e-10   2.860475e-04
9.400000e+01   1.351108e+01   0.000000e+00   0.000000e+00   1.939727e+02   5.047268e-10   2.810796e-04
9.410000e+01   1.622662e+01   0.000000e+00   0.000000e+00   1.947330e+02   4.940720e-10   2.762245e-04
9.420000e+01   1.850443e+01   0.000000e+00   0.000000e+00   1.954859e+02   4.837148e-10   2.714795e-04
9.430000e+01   2.074234e+01   0.000000e+00   0.000000e+00   1.962336e+02   4.736400e-10   2.668420e-04
9.440000e+01   2.294379e+01   0.000000e+00   0.000000e+00   1.969787e+02   4.638333e-10   2.623092e-04
9.450000e+01   2.509100e+01   0.000000e+00   0.000000e+00   1.977235e+02   4.542810e-10   2.578786e-04
9.460000e+01   2.716621e+01   0.000000e+00   0.000000e+00   1.984705e+02   4.449703e-10   2.535476e-04
9.470000e+01   2.913554e+01   0.000000e+00   0.000000e+00   1.992221e+02   4.358888e-10   2.493134e-04
9.480000e+01   3.098375e+01   0.000000e+00   0.000000e+00   1.999807e+02   4.270247e-10   2.451734e-04
9.490000e+01   3.277807e+01   0.000000e+00   0.000000e+00   2.007486e+02   4.183671e-10   2.411251e-04
9.500000e+01   3.458892e+01   0.000000e+00   0.000000e+00   2.015283e+02   4.099052e-10   2.371657e-04
9.510000e+01   3.648670e+01   0.000000e+00   0.000000e+00   2.023223e+02   4.016289e-10   2.332926e-04
9.520000e+01   3.853704e+01   0.000000e+00   0.000000e+00   2.031328e+02   3.935286e-10   2.295032e-04
9.530000e+01   4.073384e+01   0.000000e+00   0.000000e+00   2.039624e+02   3.855952e-10   2.257949e-04
9.540000e+01   4.301851e+01   0.000000e+00   0.000000e+00   2.048134e+02   3.778198e-10   2.221649e-04
9.550000e+01   4.533138e+01   0.000000e+00   0.000000e+00   2.056882e+02   3.701941e-10   2.186107e-04
9.560000e+01   4.761277e+01   0.000000e+00   0.000000e+00   2.065894e+02   3.627103e-10   2.151296e-04
9.570000e+01   5.001407e+01   0.000000e+00   0.000000e+00   2.075191e+02   3.553606e-10   2.117189e-04
9.580000e+01   5.292469e+01   0.000000e+00   0.000000e+00   2.084799e+02   3.481379e-10   2.083761e-04
9.590000e+01   5.583565e+01   0.000000e+00   0.000000e+00   2.094743e+02   3.410355e-10   2.050985e-04
9.600000e+01   5.817576e+01   0.000000e+00   0.000000e+00   2.105045e+02   3.340466e-10   2.018835e-04
9.610000e+01   5.937383e+01   0.000000e+00   0.000000e+00   2.115729e+02   3.271653e-10   1.987283e-04
9.620000e+01   5.926205e+01   0.000000e+00   0.000000e+00   2.126820e+02   3.203859e-10   1.956305e-04
9.630000e+01   5.899613e+01   0.000000e+00   0.000000e+00   2.138321e+02   3.137073e-10   1.925883e-04
9.640000e+01   5.869869e+01   0.000000e+00   0.000000e+00   2.150221e+02   3.071322e-10   1.896011e-04
9.650000e+01   5.836995e+01   0.000000e+00   0.000000e+00   2.162507e+02   3.006629e-10   1.866679e-04
9.660000e+01   5.801012e+01   0.000000e+00   0.000000e+00   2.175166e+02   2.943015e-10   1.837881e-04
9.670000e+01   5.734513e+01   0.000000e+00   0.000000e+00   2.188188e+02   2.880496e-10   1.809607e-04
9.680000e+01   5.551135e+01   0.000000e+00   0.000000e+00   2.201559e+02   2.819088e-10   1.781851e-04
9.690000e+01   5.298900e+01   0.000000e+00   0.000000e+00   2.215268e+02   2.758802e-10   1.754604e-04
9.700000e+01   5.039668e+01   0.000000e+00   0.000000e+00   2.229302e+02   2.699647e-10   1.727859e-04
9.710000e+01   4.835302e+01   0.000000e+00   0.000000e+00   2.243650e+02   2.641629e-10   1.701607e-04
9.720000e+01   4.724361e+01   0.000000e+00   0.000000e+00   2.258298e+02   2.584753e-10   1.675840e-04
9.730000e+01   4.634626e+01   0.000000e+00   0.000000e+00   2.273235e+02   2.529021e-10   1.650552e-04
9.740000e+01   4.553055e+01   0.000000e+00   0.000000e+00   2.288449e+02   2.474433e-10   1.625733e-04
9.750000e+01   4.478254e+01   0.000000e+00   0.000000e+00   2.303927e+02   2.420986e-10   1.601376e-04
9.760000e+01   4.408826e+01   0.000000e+00   0.000000e+00   2.319658e+02   2.368677e-10   1.577474e-04
9.770000e+01   4.342688e+01   0.000000e+00   0.000000e+00   2.335628e+02   2.317500e-10   1.554017e-04
9.780000e+01   4.276017e+01   0.000000e+00   0.000000e+00   2.351827e+02   2.267447e-10   1.530999e-04
9.790000e+01   4.209860e+01   0.000000e+00   0.000000e+00   2.368241e+02   2.218510e-10   1.508411e-04
9.800000e+01   4.145903e+01   0.000000e+00   0.000000e+00   2.384859e+02   2.170678e-10   1.486245e-04
9.810000e+01   4.085834e+01   0.000000e+00   0.000000e+00   2.401669e+02   2.123940e-10   1.464494e-04
9.820000e+01   4.034094e+01   0.000000e+00   0.000000e+00   2.418657e+02   2.078283e-10   1.443150e-04
9.830000e+01   4.003339e+01   0.000000e+00   0.000000e+00   2.435813e+02   2.033694e-10   1.422204e-04
9.840000e+01   3.983803e+01   0.000000e+00   0.000000e+00   2.453123e+02   1.990158e-10   1.401649e-04
9.850000e+01   3.962347e+01   0.000000e+00   0.000000e+00   2.470576e+02   1.947660e-10   1.381477e-04
9.860000e+01   3.925834e+01   0.000000e+00   0.000000e+00   2.488160e+02   1.906183e-10   1.361680e-04
9.870000e+01   3.857558e+01   0.000000e+00   0.000000e+00   2.505862e+02   1.865710e-10   1.342251e-04
9.880000e+01   3.730156e+01   0.000000e+00   0.000000e+00   2.523670e+02   1.826224e-10   1.323180e-04
9.890000e+01   3.553205e+01   0.000000e+00   0.000000e+00   2.541572e+02   1.787707e-10   1.304461e-04
9.900000e+01   3.342304e+01   0.000000e+00   0.000000e+00   2.559556e+02   1.750140e-10   1.286085e-04
9.910000e+01   3.113050e+01   0.000000e+00   0.000000e+00   2.577610e+02   1.713504e-10   1.268045e-04
9.920000e+01   2.869097e+01   0.000000e+00   0.000000e+00   2.595721e+02   1.677781e-10   1.250332e-04
9.930000e+01   2.542565e+01   0.000000e+00   0.000000e+00   2.613877e+02   1.642950e-10   1.232940e-04
9.940000e+01   2.160045e+01   0.000000e+00   0.000000e+00   2.632066e+02   1.608992e-10   1.215859e-04
9.950000e+01   1.770331e+01   0.000000e+00   0.000000e+00   2.650277e+02   1.575887e-10   1.199082e-04
9.960000e+01   1.422242e+01   0.000000e+00   0.000000e+00   2.668496e+02   1.543616e-10   1.182601e-04
9.970000e+01   1.158446e+01   0.000000e+00   0.000000e+00   2.686719e+02   1.512158e-10   1.166412e-04
9.980000e+01   9.469661e+00   0.000000e+00   0.000000e+00   2.704939e+02   1.481496e-10   1.150509e-04
9.990000e+01   7.568419e+00   0.000000e+00   0.000000e+00   2.723151e+02   1.451609e-10   1.134890e-04
1.000000e+02   5.670441e+00   0.000000e+00   0.000000e+00   2.741350e+02   1.422480e-10   1.119549e-04
1.001000e+02   3.565430e+00   0.000000e+00   0.000000e+00   2.759531e+02   1.394091e-10   1.104482e-04
1.002000e+02   1.013206e+00   0.000000e+00   0.000000e+00   2.777689e+02   1.366423e-10   1.089686e-04
1.003000e+02   -2.338049e+00   0.000000e+00   0.000000e+00   2.795818e+02   1.339460e-10   1.075154e-04
1.004000e+02   -6.236209e+00   0.000000e+00   0.000000e+00   2.813913e+02   1.313183e-10   1.060885e-04
1.005000e+02   -1.030046e+01   0.000000e+00   0.000000e+00   2.831969e+02   1.287576e-10   1.046872e-04
1.006000e+02   -1.415001e+01   0.000000e+00   0.000000e+00   2.849980e+02   1.262622e-10   1.033112e-04
1.007000e+02   -1.742901e+01   0.000000e+00   0.000000e+00   2.867942e+02   1.238305e-10   1.019601e-04
1.008000e+02   -2.025166e+01   0.000000e+00   0.000000e+00   2.885848e+02   1.214608e-10   1.006334e-04
1.009000e+02   -2.286914e+01   0.000000e+00   0.000000e+00   2.903695e+02   1.191517e-10   9.933069e-05
1.010000e+02   -2.547530e+01   0.000000e+00   0.000000e+00   2.921477e+02   1.169014e-10   9.805155e-05
1.011000e+02   -2.826397e+01   0.000000e+00   0.000000e+00   2.939187e+02   1.147086e-10   9.679556e-05
1.012000e+02   -3.146953e+01   0.000000e+00   0.000000e+00   2.956822e+02   1.125716e-10   9.556228e-05
1.013000e+02   -3.567192e+01   0.000000e+00   0.000000e+00   2.974376e+02   1.104891e-10   9.435128e-05
1.014000e+02   -4.045931e+01   0.000000e+00   0.000000e+00   2.991844e+02   1.084597e-10   9.316215e-05
1.015000e+02   -4.512572e+01   0.000000e+00   0.000000e+00   3.009220e+02   1.064818e-10   9.199444e-05
1.016000e+02   -4.896515e+01   0.000000e+00   0.000000e+00   3.026499e+02   1.045541e-10   9.084773e-05
1.017000e+02   -5.134337e+01   0.000000e+00   0.000000e+00   3.043677e+02   1.026753e-10   8.972160e-05
1.018000e+02   -5.313817e+01   0.000000e+00   0.000000e+00   3.060747e+02   1.008441e-10   8.861561e-05
1.019000e+02   -5.479982e+01   0.000000e+00   0.000000e+00   3.077705e+02   9.905910e-11   8.752934e-05
1.020000e+02   -5.629638e+01   0.000000e+00   0.000000e+00   3.094545e+02   9.731908e-11   8.646236e-05
1.021000e+02   -5.759595e+01   0.000000e+00   0.000000e+00   3.111262e+02   9.562279e-11   8.541424e-05
1.022000e+02   -5.864482e+01   0.000000e+00   0.000000e+00   3.127851e+02   9.396900e-11   8.438455e-05
1.023000e+02   -5.895900e+01   0.000000e+00   0.000000e+00   3.144306e+02   9.235653e-11   8.337287e-05
1.024000e+02   -5.859570e+01   0.000000e+00   0.000000e+00   3.160623e+02   9.078420e-11   8.237877e-05
1.025000e+02   -5.788247e+01   0.000000e+00   0.000000e+00   3.176796e+02   8.925086e-11   8.140181e-05
1.026000e+02   -5.714689e+01   0.000000e+00   0.000000e+00   3.192820e+02   8.775540e-11   8.044158e-05
1.027000e+02   -5.670555e+01   0.000000e+00   0.000000e+00   3.208689e+02   8.629670e-11   7.949764e-05
1.028000e+02   -5.644019e+01   0.000000e+00   0.000000e+00   3.224399e+02   8.487370e-11   7.856956e-05
1.029000e+02   -5.619165e+01   0.000000e+00   0.000000e+00   3.239944e+02   8.348535e-11   7.765692e-05
1.030000e+02   -5.593926e+01   0.000000e+00   0.000000e+00   3.255320e+02   8.213060e-11   7.675929e-05
1.031000e+02   -5.566236e+01   0.000000e+00   0.000000e+00   3.270519e+02   8.080844e-11   7.587625e-05
1.032000e+02   -5.534146e+01   0.000000e+00   0.000000e+00   3.285539e+02   7.951789e-11   7.500735e-05
1.033000e+02   -5.500800e+01   0.000000e+00   0.000000e+00   3.300372e+02   7.825798e-11   7.415218e-05
1.034000e+02   -5.465910e+01   0.000000e+00   0.000000e+00   3.315015e+02   7.702774e-11   7.331030e-05
1.035000e+02   -5.426031e+01   0.000000e+00   0.000000e+00   3.329461e+02   7.582626e-11   7.248130e-05
1.036000e+02   -5.377767e+01   0.000000e+00   0.000000e+00   3.343709e+02   7.465262e-11   7.166480e-05
1.037000e+02   -5.317780e+01   0.000000e+00   0.000000e+00   3.357764e+02   7.350595e-11   7.086064e-05
1.038000e+02   -5.239928e+01   0.000000e+00   0.000000e+00   3.371633e+02   7.238542e-11   7.006865e-05
1.039000e+02   -5.147442e+01   0.000000e+00   0.000000e+00   3.385321e+02   7.129023e-11   6.928868e-05
1.040000e+02   -5.048150e+01   0.000000e+00   0.000000e+00   3.398837e+02   7.021959e-11   6.852058e-05
1.041000e+02   -4.949880e+01   0.000000e+00   0.000000e+00   3.412186e+02   6.917277e-11   6.776418e-05
1.042000e+02   -4.860474e+01   0.000000e+00   0.000000e+00   3.425374e+02   6.814905e-11   6.701935e-05
1.043000e+02   -4.785458e+01   0.000000e+00   0.000000e+00   3.438410e+02   6.714772e-11   6.628591e-05
1.044000e+02   -4.718015e+01   0.000000e+00   0.000000e+00   3.451298e+02   6.616812e-11   6.556373e-05
1.045000e+02   -4.647984e+01   0.000000e+00   0.000000e+00   3.464046e+02   6.520961e-11   6.485263e-05
1.046000e+02   -4.565206e+01   0.000000e+00   0.000000e+00   3.476660e+02   6.427156e-11   6.415248e-05
1.047000e+02   -4.459340e+01   0.000000e+00   0.000000e+00   3.489147e+02   6.335336e-11   6.346310e-05
1.048000e+02   -4.286487e+01   0.000000e+00   0.000000e+00   3.501514e+02   6.245444e-11   6.278436e-05
1.049000e+02   -4.056122e+01   0.000000e+00   0.000000e+00   3.513766e+02   6.157422e-11   6.211609e-05
1.050000e+02   -3.822744e+01   0.000000e+00   0.000000e+00   3.525911e+02   6.071216e-11   6.145814e-05
1.051000e+02   -3.640854e+01   0.000000e+00   0.000000e+00   3.537955e+02   5.986774e-11   6.081035e-05
1.052000e+02   -3.564860e+01   0.000000e+00   0.000000e+00   3.549905e+02   5.904043e-11   6.017258e-05
1.053000e+02   -3.555181e+01   0.000000e+00   0.000000e+00   3.561767e+02   5.822975e-11   5.954465e-05
1.054000e+02   -3.546447e+01   0.000000e+00   0.000000e+00   3.573548e+02   5.743520e-11   5.892643e-05
1.055000e+02   -3.538983e+01   0.000000e+00   0.000000e+00   3.585255e+02   5.665634e-11   5.831776e-05
1.056000e+02   -3.533111e+01   0.000000e+00   0.000000e+00   3.596893e+02   5.589269e-11   5.771848e-05
1.057000e+02   -3.529156e+01   0.000000e+00   0.000000e+00   3.608470e+02   5.514382e-11   5.712843e-05
1.058000e+02   -3.559769e+01   0.000000e+00   0.000000e+00   3.619993e+02   5.440930e-11   5.654747e-05
1.059000e+02   -3.636163e+01   0.000000e+00   0.000000e+00   3.631467e+02   5.368872e-11   5.597543e-05
1.060000e+02   -3.726501e+01   0.000000e+00   0.000000e+00   3.642899e+02   5.298167e-11   5.541217e-05
1.061000e+02   -3.798950e+01   0.000000e+00   0.000000e+00   3.654297e+02   5.228776e-11   5.485752e-05
1.062000e+02   -3.821675e+01   0.000000e+00   0.000000e+00   3.665666e+02   5.160661e-11   5.431134e-05
1.063000e+02   -3.792717e+01   0.000000e+00   0.000000e+00   3.677013e+02   5.093784e-11   5.377347e-05
1.064000e+02   -3.740029e+01   0.000000e+00   0.000000e+00   3.688345e+02   5.028110e-11   5.324375e-05
1.065000e+02   -3.671755e+01   0.000000e+00   0.000000e+00   3.699668e+02   4.963603e-11   5.272204e-05
1.066000e+02   -3.596010e+01   0.000000e+00   0.000000e+00   3.710989e+02   4.900229e-11   5.220816e-05
1.067000e+02   -3.520909e+01   0.000000e+00   0.000000e+00   3.722314e+02   4.837954e-11   5.170198e-05
1.068000e+02   -3.439085e+01   0.000000e+00   0.000000e+00   3.733651e+02   4.776746e-11   5.120333e-05
1.069000e+02   -3.342235e+01   0.000000e+00   0.000000e+00   3.745005e+02   4.716573e-11   5.071207e-05
1.070000e+02   -3.244122e+01   0.000000e+00   0.000000e+00   3.756383e+02   4.657404e-11   5.022803e-05
1.071000e+02   -3.158592e+01   0.000000e+00   0.000000e+00   3.767792e+02   4.599208e-11   4.975106e-05
1.072000e+02   -3.099491e+01   0.000000e+00   0.000000e+00   3.779238e+02   4.541956e-11   4.928101e-05
1.073000e+02   -3.064382e+01   0.000000e+00   0.000000e+00   3.790729e+02   4.485620e-11   4.881772e-05
1.074000e+02   -3.034517e+01   0.000000e+00   0.000000e+00   3.802269e+02   4.430170e-11   4.836104e-05
1.075000e+02   -3.008813e+01   0.000000e+00   0.000000e+00   3.813867e+02   4.375580e-11   4.791081e-05
1.076000e+02   -2.986364e+01   0.000000e+00   0.000000e+00   3.825529e+02   4.321822e-11   4.746689e-05
1.077000e+02   -2.966267e+01   0.000000e+00   0.000000e+00   3.837261e+02   4.268871e-11   4.702910e-05
1.078000e+02   -2.978006e+01   0.000000e+00   0.000000e+00   3.849069e+02   4.216700e-11   4.659731e-05
1.079000e+02   -3.049124e+01   0.000000e+00   0.000000e+00   3.860961e+02   4.165285e-11   4.617135e-05
1.080000e+02   -3.142748e+01   0.000000e+00   0.000000e+00   3.872943e+02   4.114601e-11   4.575107e-05
1.081000e+02   -3.221178e+01   0.000000e+00   0.000000e+00   3.885022e+02   4.064624e-11   4.533631e-05
1.082000e+02   -3.246714e+01   0.000000e+00   0.000000e+00   3.897204e+02   4.015330e-11   4.492693e-05
1.083000e+02   -3.217319e+01   0.000000e+00   0.000000e+00   3.909495e+02   3.966697e-11   4.452276e-05
1.084000e+02   -3.181608e+01   0.000000e+00   0.000000e+00   3.921903e+02   3.918702e-11   4.412365e-05
1.085000e+02   -3.140083e+01   0.000000e+00   0.000000e+00   3.934433e+02   3.871325e-11   4.372946e-05
1.086000e+02   -3.091980e+01   0.000000e+00   0.000000e+00   3.947083e+02   3.824559e-11   4.334011e-05
1.087000e+02   -3.036528e+01   0.000000e+00   0.000000e+00   3.959851e+02   3.778400e-11   4.295553e-05
1.088000e+02   -2.961154e+01   0.000000e+00   0.000000e+00   3.972731e+02   3.732847e-11   4.257569e-05
1.089000e+02   -2.850578e+01   0.000000e+00   0.000000e+00   3.985720e+02   3.687897e-11   4.220053e-05
1.090000e+02   -2.721380e+01   0.000000e+00   0.000000e+00   3.998812e+02   3.643548e-11   4.183000e-05
1.091000e+02   -2.591003e+01   0.000000e+00   0.000000e+00   4.012005e+02   3.599795e-11   4.146405e-05
1.092000e+02   -2.476885e+01   0.000000e+00   0.000000e+00   4.025294e+02   3.556637e-11   4.110262e-05
1.093000e+02   -2.383862e+01   0.000000e+00   0.000000e+00   4.038675e+02   3.514069e-11   4.074567e-05
1.094000e+02   -2.292222e+01   0.000000e+00   0.000000e+00   4.052143e+02   3.472087e-11   4.039315e-05
1.095000e+02   -2.202938e+01   0.000000e+00   0.000000e+00   4.065694e+02   3.430688e-11   4.004500e-05
1.096000e+02   -2.118014e+01   0.000000e+00   0.000000e+00   4.079325e+02   3.389867e-11   3.970117e-05
1.097000e+02   -2.039452e+01   0.000000e+00   0.000000e+00   4.093031e+02   3.349620e-11   3.936161e-05
1.098000e+02   -2.006441e+01   0.000000e+00   0.000000e+00   4.106807e+02   3.309943e-11   3.902628e-05
1.099000e+02   -2.090648e+01   0.000000e+00   0.000000e+00   4.120650e+02   3.270830e-11   3.869511e-05
1.100000e+02   -2.246651e+01   0.000000e+00   0.000000e+00   4.134556e+02   3.232278e-11   3.836807e-05
1.101000e+02   -2.423481e+01   0.000000e+00   0.000000e+00   4.148520e+02   3.194280e-11   3.804509e-05
1.102000e+02   -2.570170e+01   0.000000e+00   0.000000e+00   4.162538e+02   3.156833e-11   3.772612e-05
1.103000e+02   -2.670797e+01   0.000000e+00   0.000000e+00   4.176606e+02   3.119930e-11   3.741112e-05
1.104000e+02   -2.786101e+01   0.000000e+00   0.000000e+00   4.190720e+02   3.083567e-11   3.710004e-05
1.105000e+02   -2.892288e+01   0.000000e+00   0.000000e+00   4.204875e+02   3.047738e-11   3.679282e-05
1.106000e+02   -2.959441e+01   0.000000e+00   0.000000e+00   4.219068e+02   3.012437e-11   3.648941e-05
1.107000e+02   -2.957642e+01   0.000000e+00   0.000000e+00   4.233294e+02   2.977658e-11   3.618976e-05
1.108000e+02   -2.853907e+01   0.000000e+00   0.000000e+00   4.247549e+02   2.943397e-11   3.589382e-05
1.109000e+02   -2.648161e+01   0.000000e+00   0.000000e+00   4.261829e+02   2.909647e-11   3.560154e-05
1.110000e+02   -2.394124e+01   0.000000e+00   0.000000e+00   4.276130e+02   2.876402e-11   3.531286e-05
1.111000e+02   -2.147879e+01   0.000000e+00   0.000000e+00   4.290448e+02   2.843657e-11   3.502775e-05
1.112000e+02   -1.965507e+01   0.000000e+00   0.000000e+00   4.304777e+02   2.811405e-11   3.474613e-05
1.113000e+02   -1.876540e+01   0.000000e+00   0.000000e+00   4.319115e+02   2.779640e-11   3.446797e-05
1.114000e+02   -1.811259e+01   0.000000e+00   0.000000e+00   4.333457e+02   2.748357e-11   3.419322e-05
1.115000e+02   -1.753342e+01   0.000000e+00   0.000000e+00   4.347799e+02   2.717548e-11   3.392181e-05
1.116000e+02   -1.693915e+01   0.000000e+00   0.000000e+00   4.362136e+02   2.687208e-11   3.365371e-05
1.117000e+02   -1.624101e+01   0.000000e+00   0.000000e+00   4.376465e+02   2.657331e-11   3.338885e-05
1.118000e+02   -1.539240e+01   0.000000e+00   0.000000e+00   4.390781e+02   2.627910e-11   3.312719e-05
1.119000e+02   -1.451595e+01   0.000000e+00   0.000000e+00   4.405080e+02   2.598939e-11   3.286868e-05
1.120000e+02   -1.362844e+01   0.000000e+00   0.000000e+00   4.419358e+02   2.570412e-11   3.261327e-05
1.121000e+02   -1.273030e+01   0.000000e+00   0.000000e+00   4.433611e+02   2.542323e-11   3.236090e-05
1.122000e+02   -1.182195e+01   0.000000e+00   0.000000e+00   4.447835e+02   2.514664e-11   3.211153e-05
1.123000e+02   -1.075782e+01   0.000000e+00   0.000000e+00   4.462025e+02   2.487430e-11   3.186509e-05
1.124000e+02   -8.984600e+00   -0.000000e+00   -0.000000e+00   4.476177e+02   2.460615e-11   3.162155e-05
1.125000e+02   -6.711717e+00   -0.000000e+00   -0.000000e+00   4.490287e+02   2.434211e-11   3.138085e-05
1.126000e+02   -4.243476e+00   -0.000000e+00   -0.000000e+00   4.504351e+02   2.408214e-11   3.114294e-05
1.127000e+02   -1.884188e+00   -0.000000e+00   -0.000000e+00   4.518365e+02   2.382616e-11   3.090777e-05
1.128000e+02   1.859753e-01   -0.000000e+00   -0.000000e+00   4.532324e+02   2.357411e-11   3.067528e-05
1.129000e+02   2.356978e+00   -0.000000e+00   -0.000000e+00   4.546225e+02   2.332592e-11   3.044543e-05
1.130000e+02   4.519451e+00   -0.000000e+00   -0.000000e+00   4.560063e+02   2.308155e-11   3.021817e-05
1.131000e+02   6.472746e+00   -0.000000e+00   -0.000000e+00   4.573834e+02   2.284091e-11   2.999343e-05
1.132000e+02   8.016214e+00   -0.000000e+00   -0.000000e+00   4.587533e+02   2.260396e-11   2.977119e-05
1.133000e+02   9.041037e+00   -0.000000e+00   -0.000000e+00   4.601158e+02   2.237063e-11   2.955137e-05
1.134000e+02   9.972577e+00   -0.000000e+00   -0.000000e+00   4.614702e+02   2.214085e-11   2.933393e-05
1.135000e+02   1.089374e+01   -0.000000e+00   -0.000000e+00   4.628163e+02   2.191456e-11   2.911882e-05
1.136000e+02   1.180392e+01   -0.000000e+00   -0.000000e+00   4.641537e+02   2.169171e-11   2.890599e-05
1.137000e+02   1.270253e+01   -0.000000e+00   -0.000000e+00   4.654818e+02   2.147223e-11   2.869539e-05
1.138000e+02   1.346021e+01   -0.000000e+00   -0.000000e+00   4.668002e+02   2.125606e-11   2.848696e-05
1.139000e+02   1.337204e+01   -0.000000e+00   -0.000000e+00   4.681087e+02   2.104314e-11   2.828066e-05
1.140000e+02   1.275096e+01   -0.000000e+00   -0.000000e+00   4.694067e+02   2.083341e-11   2.807643e-05
1.141000e+02   1.210208e+01   -0.000000e+00   -0.000000e+00   4.706938e+02   2.062681e-11   2.787422e-05
1.142000e+02   1.193052e+01   -0.000000e+00   -0.000000e+00   4.719696e+02   2.042328e-11   2.767399e-05
1.143000e+02   1.266993e+01   -0.000000e+00   -0.000000e+00   4.732337e+02   2.022276e-11   2.747567e-05
1.144000e+02   1.402779e+01   -0.000000e+00   -0.000000e+00   4.744856e+02   2.002519e-11   2.727923e-05
1.145000e+02   1.575068e+01   -0.000000e+00   -0.000000e+00   4.757251e+02   1.983052e-11   2.708460e-05
1.146000e+02   1.767136e+01   -0.000000e+00   -0.000000e+00   4.769515e+02   1.963868e-11   2.689174e-05
1.147000e+02   1.962260e+01   -0.000000e+00   -0.000000e+00   4.781646e+02   1.944962e-11   2.670060e-05
1.148000e+02   2.149984e+01   -0.000000e+00   -0.000000e+00   4.793640e+02   1.926329e-11   2.651112e-05
1.149000e+02   2.367167e+01   -0.000000e+00   -0.000000e+00   4.805498e+02   1.907962e-11   2.632331e-05
1.150000e+02   2.598662e+01   -0.000000e+00   -0.000000e+00   4.817224e+02   1.889856e-11   2.613713e-05
1.151000e+02   2.814437e+01   -0.000000e+00   -0.000000e+00   4.828819e+02   1.872006e-11   2.595258e-05
1.152000e+02   2.984460e+01   -0.000000e+00   -0.000000e+00   4.840285e+02   1.854408e-11   2.576965e-05
1.153000e+02   3.081005e+01   -0.000000e+00   -0.000000e+00   4.851625e+02   1.837056e-11   2.558833e-05
1.154000e+02   3.114271e+01   -0.000000e+00   -0.000000e+00   4.862841e+02   1.819945e-11   2.540860e-05
1.155000e+02   3.106351e+01   -0.000000e+00   -0.000000e+00   4.873935e+02   1.803071e-11   2.523044e-05
1.156000e+02   3.075696e+01   -0.000000e+00   -0.000000e+00   4.884911e+02   1.786428e-11   2.505386e-05
1.157000e+02   3.040756e+01   -0.000000e+00   -0.000000e+00   4.895769e+02   1.770014e-11   2.487882e-05
1.158000e+02   3.018495e+01   -0.000000e+00   -0.000000e+00   4.906512e+02   1.753822e-11   2.470533e-05
1.159000e+02   3.001192e+01   -0.000000e+00   -0.000000e+00   4.917142e+02   1.737849e-11   2.453337e-05
1.160000e+02   2.979947e+01   -0.000000e+00   -0.000000e+00   4.927663e+02   1.722091e-11   2.436293e-05
1.161000e+02   2.950093e+01   -0.000000e+00   -0.000000e+00   4.938075e+02   1.706544e-11   2.419399e-05
1.162000e+02   2.906963e+01   -0.000000e+00   -0.000000e+00   4.948382e+02   1.691203e-11   2.402655e-05
1.163000e+02   2.842707e+01   -0.000000e+00   -0.000000e+00   4.958585e+02   1.676065e-11   2.386058e-05
1.164000e+02   2.715926e+01   -0.000000e+00   -0.000000e+00   4.968688e+02   1.661125e-11   2.369608e-05
1.165000e+02   2.548638e+01   -0.000000e+00   -0.000000e+00   4.978691e+02   1.646381e-11   2.353303e-05
1.166000e+02   2.384107e+01   -0.000000e+00   -0.000000e+00   4.988598e+02   1.631828e-11   2.337143e-05
1.167000e+02   2.265598e+01   -0.000000e+00   -0.000000e+00   4.998411e+02   1.617463e-11   2.321126e-05
1.168000e+02   2.232086e+01   -0.000000e+00   -0.000000e+00   5.008131e+02   1.603282e-11   2.305250e-05
1.169000e+02   2.232603e+01   -0.000000e+00   -0.000000e+00   5.017762e+02   1.589282e-11   2.289515e-05
1.170000e+02   2.242931e+01   -0.000000e+00   -0.000000e+00   5.027306e+02   1.575460e-11   2.273919e-05
1.171000e+02   2.267854e+01   -0.000000e+00   -0.000000e+00   5.036764e+02   1.561812e-11   2.258461e-05
1.172000e+02   2.312156e+01   -0.000000e+00   -0.000000e+00   5.046139e+02   1.548334e-11   2.243140e-05
1.173000e+02   2.380879e+01   -0.000000e+00   -0.000000e+00   5.055434e+02   1.535025e-11   2.227954e-05
1.174000e+02   2.480143e+01   -0.000000e+00   -0.000000e+00   5.064651e+02   1.521880e-11   2.212902e-05
1.175000e+02   2.599140e+01   -0.000000e+00   -0.000000e+00   5.073791e+02   1.508897e-11   2.197984e-05
1.176000e+02   2.722247e+01   -0.000000e+00   -0.000000e+00   5.082858e+02   1.496072e-11   2.183197e-05
1.177000e+02   2.833840e+01   -0.000000e+00   -0.000000e+00   5.091853e+02   1.483403e-11   2.168540e-05
1.178000e+02   2.918449e+01   -0.000000e+00   -0.000000e+00   5.100779e+02   1.470887e-11   2.154013e-05
1.179000e+02   2.971668e+01   -0.000000e+00   -0.000000e+00   5.109639e+02   1.458521e-11   2.139614e-05
1.180000e+02   3.003390e+01   -0.000000e+00   -0.000000e+00   5.118433e+02   1.446303e-11   2.125341e-05
1.181000e+02   3.023832e+01   -0.000000e+00   -0.000000e+00   5.127166e+02   1.434229e-11   2.111194e-05
1.182000e+02   3.043211e+01   -0.000000e+00   -0.000000e+00   5.135838e+02   1.422297e-11   2.097171e-05
1.183000e+02   3.071308e+01   -0.000000e+00   -0.000000e+00   5.144452e+02   1.410504e-11   2.083271e-05
1.184000e+02   3.097896e+01   -0.000000e+00   -0.000000e+00   5.153011e+02   1.398848e-11   2.069493e-05
1.185000e+02   3.120672e+01   -0.000000e+00   -0.000000e+00   5.161517e+02   1.387326e-11   2.055835e-05
1.186000e+02   3.148004e+01   -0.000000e+00   -0.000000e+00   5.169972e+02   1.375936e-11   2.042297e-05
1.187000e+02   3.188259e+01   -0.000000e+00   -0.000000e+00   5.178378e+02   1.364676e-11   2.028876e-05
1.188000e+02   3.250005e+01   -0.000000e+00   -0.000000e+00   5.186738e+02   1.353542e-11   2.015572e-05
1.189000e+02   3.350297e+01   -0.000000e+00   -0.000000e+00   5.195053e+02   1.342533e-11   2.002384e-05
1.190000e+02   3.484837e+01   -0.000000e+00   -0.000000e+00   5.203327e+02   1.331646e-11   1.989310e-05
1.191000e+02   3.637851e+01   -0.000000e+00   -0.000000e+00   5.211562e+02   1.320880e-11   1.976348e-05
1.192000e+02   3.793565e+01   -0.000000e+00   -0.000000e+00   5.219759e+02   1.310231e-11   1.963499e-05
1.193000e+02   3.936326e+01   -0.000000e+00   -0.000000e+00   5.227921e+02   1.299698e-11   1.950760e-05
1.194000e+02   4.068206e+01   -0.000000e+00   -0.000000e+00   5.236051e+02   1.289279e-11   1.938130e-05
1.195000e+02   4.198355e+01   -0.000000e+00   -0.000000e+00   5.244150e+02   1.278970e-11   1.925608e-05
1.196000e+02   4.328444e+01   -0.000000e+00   -0.000000e+00   5.252221e+02   1.268772e-11   1.913193e-05
1.197000e+02   4.460148e+01   -0.000000e+00   -0.000000e+00   5.260266e+02   1.258680e-11   1.900884e-05
1.198000e+02   4.595124e+01   -0.000000e+00   -0.000000e+00   5.268288e+02   1.248694e-11   1.888678e-05
1.199000e+02   4.731686e+01   -0.000000e+00   -0.000000e+00   5.276288e+02   1.238812e-11   1.876576e-05
1.200000e+02   4.869350e+01   -0.000000e+00   -0.000000e+00   5.284269e+02   1.229030e-11   1.864575e-05
1.201000e+02   5.010418e+01   -0.000000e+00   -0.000000e+00   5.292234e+02   1.219349e-11   1.852675e-05
1.202000e+02   5.157191e+01   -0.000000e+00   -0.000000e+00   5.300184e+02   1.209764e-11   1.840874e-05
1.203000e+02   5.311990e+01   -0.000000e+00   -0.000000e+00   5.308122e+02   1.200276e-11   1.829171e-05
1.204000e+02   5.491407e+01   -0.000000e+00   -0.000000e+00   5.316050e+02   1.190881e-11   1.817565e-05
1.205000e+02   5.694360e+01   -0.000000e+00   -0.000000e+00   5.323971e+02   1.181579e-11   1.806054e-05
1.206000e+02   5.899994e+01   -0.000000e+00   -0.000000e+00   5.331886e+02   1.172367e-11   1.794637e-05
1.207000e+02   6.087455e+01   -0.000000e+00   -0.000000e+00   5.339799e+02   1.163243e-11   1.783314e-05
1.208000e+02   6.235890e+01   -0.000000e+00   -0.000000e+00   5.347710e+02   1.154207e-11   1.772082e-05
1.209000e+02   6.349670e+01   -0.000000e+00   -0.000000e+00   5.355623e+02   1.145255e-11   1.760940e-05
1.210000e+02   6.451356e+01   -0.000000e+00   -0.000000e+00   5.363540e+02   1.136387e-11   1.749888e-05
1.211000e+02   6.547384e+01   -0.000000e+00   -0.000000e+00   5.371463e+02   1.127601e-11   1.738924e-05
1.212000e+02   6.644186e+01   -0.000000e+00   -0.000000e+00   5.379395e+02   1.118896e-11   1.728047e-05
1.213000e+02   6.748195e+01   -0.000000e+00   -0.000000e+00   5.387337e+02   1.110269e-11   1.717255e-05
1.214000e+02   6.863171e+01   -0.000000e+00   -0.000000e+00   5.395292e+02   1.101719e-11   1.706547e-05
1.215000e+02   6.985846e+01   -0.000000e+00   -0.000000e+00   5.403262e+02   1.093245e-11   1.695922e-05
1.216000e+02   7.112327e+01   -0.000000e+00   -0.000000e+00   5.411250e+02   1.084845e-11   1.685379e-05
1.217000e+02   7.238721e+01   -0.000000e+00   -0.000000e+00   5.419258e+02   1.076517e-11   1.674916e-05
1.218000e+02   7.361137e+01   -0.000000e+00   -0.000000e+00   5.427287e+02   1.068261e-11   1.664533e-05
1.219000e+02   7.485689e+01   -0.000000e+00   -0.000000e+00   5.435341e+02   1.060074e-11   1.654228e-05
1.220000e+02   7.616975e+01   -0.000000e+00   -0.000000e+00   5.443422e+02   1.051955e-11   1.643999e-05
1.221000e+02   7.744048e+01   -0.000000e+00   -0.000000e+00   5.451531e+02   1.043903e-11   1.633846e-05
1.222000e+02   7.855907e+01   -0.000000e+00   -0.000000e+00   5.459672e+02   1.035917e-11   1.623767e-05
1.223000e+02   7.941548e+01   -0.000000e+00   -0.000000e+00   5.467846e+02   1.027994e-11   1.613761e-05
1.224000e+02   7.998932e+01   -0.000000e+00   -0.000000e+00   5.476054e+02   1.020135e-11   1.603828e-05
1.225000e+02   8.040748e+01   -0.000000e+00   -0.000000e+00   5.484296e+02   1.012339e-11   1.593966e-05
1.226000e+02   8.073739e+01   -0.000000e+00   -0.000000e+00   5.492570e+02   1.004605e-11   1.584176e-05
1.227000e+02   8.104565e+01   -0.000000e+00   -0.000000e+00   5.500876e+02   9.969343e-12   1.574457e-05
1.228000e+02   8.139889e+01   -0.000000e+00   -0.000000e+00   5.509213e+02   9.893256e-12   1.564808e-05
1.229000e+02   8.182297e+01   -0.000000e+00   -0.000000e+00   5.517581e+02   9.817787e-12   1.555230e-05
1.230000e+02   8.226880e+01   -0.000000e+00   -0.000000e+00   5.525979e+02   9.742935e-12   1.545722e-05
1.231000e+02   8.271806e+01   -0.000000e+00   -0.000000e+00   5.534407e+02   9.668696e-12   1.536283e-05
1.232000e+02   8.315316e+01   -0.000000e+00   -0.000000e+00   5.542864e+02   9.595067e-12   1.526914e-05
1.233000e+02   8.355651e+01   -0.000000e+00   -0.000000e+00   5.551349e+02   9.522045e-12   1.517613e-05
1.234000e+02   8.390505e+01   -0.000000e+00   -0.000000e+00   5.559861e+02   9.449627e-12   1.508381e-05
1.235000e+02   8.419518e+01   -0.000000e+00   -0.000000e+00   5.568401e+02   9.377809e-12   1.499216e-05
1.236000e+02   8.445182e+01   -0.000000e+00   -0.000000e+00   5.576967e+02   9.306590e-12   1.490119e-05
1.237000e+02   8.470030e+01   -0.000000e+00   -0.000000e+00   5.585558e+02   9.235965e-12   1.481089e-05
1.238000e+02   8.496595e+01   -0.000000e+00   -0.000000e+00   5.594175e+02   9.165932e-12   1.472126e-05
1.239000e+02   8.526320e+01   -0.000000e+00   -0.000000e+00   5.602817e+02   9.096487e-12   1.463229e-05
1.240000e+02   8.557509e+01   -0.000000e+00   -0.000000e+00   5.611482e+02   9.027626e-12   1.454399e-05
1.241000e+02   8.588981e+01   -0.000000e+00   -0.000000e+00   5.620170e+02   8.959347e-12   1.445634e-05
1.242000e+02   8.619599e+01   -0.000000e+00   -0.000000e+00   5.628882e+02   8.891647e-12   1.436934e-05
1.243000e+02   8.648228e+01   -0.000000e+00   -0.000000e+00   5.637615e+02   8.824521e-12   1.428298e-05
1.244000e+02   8.673910e+01   -0.000000e+00   -0.000000e+00   5.646369e+02   8.757968e-12   1.419727e-05
1.245000e+02   8.696986e+01   -0.000000e+00   -0.000000e+00   5.655145e+02   8.691982e-12   1.411221e-05
1.246000e+02   8.718354e+01   -0.000000e+00   -0.000000e+00   5.663940e+02   8.626561e-12   1.402777e-05
1.247000e+02   8.738913e+01   -0.000000e+00   -0.000000e+00   5.672755e+02   8.561702e-12   1.394397e-05
1.248000e+02   8.759561e+01   -0.000000e+00   -0.000000e+00   5.681589e+02   8.497401e-12   1.386080e-05
1.249000e+02   8.778789e+01   -0.000000e+00   -0.000000e+00   5.690441e+02   8.433654e-12   1.377825e-05
1.250000e+02   8.793333e+01   -0.000000e+00   -0.000000e+00   5.699311e+02   8.370459e-12   1.369632e-05
1.251000e+02   8.807855e+01   -0.000000e+00   -0.000000e+00   5.708198e+02   8.307811e-12   1.361501e-05
1.252000e+02   8.827384e+01   -0.000000e+00   -0.000000e+00   5.717101e+02   8.245707e-12   1.353431e-05
1.253000e+02   8.856949e+01   -0.000000e+00   -0.000000e+00   5.726020e+02   8.184144e-12   1.345422e-05
1.254000e+02   8.898690e+01   -0.000000e+00   -0.000000e+00   5.734954e+02   8.123118e-12   1.337473e-05
1.255000e+02   8.945603e+01   -0.000000e+00   -0.000000e+00   5.743902e+02   8.062626e-12   1.329584e-05
1.256000e+02   8.994710e+01   -0.000000e+00   -0.000000e+00   5.752865e+02   8.002664e-12   1.321755e-05
1.257000e+02   9.043450e+01   -0.000000e+00   -0.000000e+00   5.761840e+02   7.943228e-12   1.313986e-05
1.258000e+02   9.089261e+01   -0.000000e+00   -0.000000e+00   5.770829e+02   7.884315e-12   1.306275e-05
1.259000e+02   9.130280e+01   -0.000000e+00   -0.000000e+00   5.779829e+02   7.825921e-12   1.298622e-05
1.260000e+02   9.167301e+01   -0.000000e+00   -0.000000e+00   5.788841e+02   7.768042e-12   1.291028e-05
1.261000e+02   9.200246e+01   -0.000000e+00   -0.000000e+00   5.797863e+02   7.710676e-12   1.283491e-05
1.262000e+02   9.228907e+01   -0.000000e+00   -0.000000e+00   5.806896e+02   7.653819e-12   1.276011e-05
1.263000e+02   9.253078e+01   -0.000000e+00   -0.000000e+00   5.815938e+02   7.597466e-12   1.268589e-05
1.264000e+02   9.268439e+01   -0.000000e+00   -0.000000e+00   5.824989e+02   7.541614e-12   1.261223e-05
1.265000e+02   9.264547e+01   -0.000000e+00   -0.000000e+00   5.834048e+02   7.486260e-12   1.253913e-05
1.266000e+02   9.250309e+01   -0.000000e+00   -0.000000e+00   5.843115e+02   7.431400e-12   1.246658e-05
1.267000e+02   9.236247e+01   -0.000000e+00   -0.000000e+00   5.852189e+02   7.377030e-12   1.239459e-05
1.268000e+02   9.232887e+01   -0.000000e+00   -0.000000e+00   5.861269e+02   7.323147e-12   1.232315e-05
1.269000e+02   9.245224e+01   -0.000000e+00   -0.000000e+00   5.870355e+02   7.269747e-12   1.225225e-05
1.270000e+02   9.258521e+01   -0.000000e+00   -0.000000e+00   5.879446e+02   7.216826e-12   1.218190e-05
1.271000e+02   9.275070e+01   -0.000000e+00   -0.000000e+00   5.888542e+02   7.164381e-12   1.211208e-05
1.272000e+02   9.299463e+01   -0.000000e+00   -0.000000e+00   5.897641e+02   7.112408e-12   1.204280e-05
1.273000e+02   9.336289e+01   -0.000000e+00   -0.000000e+00   5.906744e+02   7.060903e-12   1.197404e-05
1.274000e+02   9.388755e+01   -0.000000e+00   -0.000000e+00   5.915849e+02   7.009863e-12   1.190581e-05
1.275000e+02   9.451970e+01   -0.000000e+00   -0.000000e+00   5.924957e+02   6.959284e-12   1.183810e-05
1.276000e+02   9.522489e+01   -0.000000e+00   -0.000000e+00   5.934065e+02   6.909162e-12   1.177091e-05
1.277000e+02   9.597445e+01   -0.000000e+00   -0.000000e+00   5.943175e+02   6.859494e-12   1.170423e-05
1.278000e+02   9.673967e+01   -0.000000e+00   -0.000000e+00   5.952285e+02   6.810277e-12   1.163807e-05
1.279000e+02   9.753000e+01   -0.000000e+00   -0.000000e+00   5.961394e+02   6.761505e-12   1.157240e-05
1.280000e+02   9.847989e+01   -0.000000e+00   -0.000000e+00   5.970502e+02   6.713176e-12   1.150724e-05
1.281000e+02   9.949754e+01   -0.000000e+00   -0.000000e+00   5.979608e+02   6.665287e-12   1.144258e-05
1.282000e+02   1.004585e+02   -0.000000e+00   -0.000000e+00   5.988712e+02   6.617832e-12   1.137841e-05
1.283000e+02   1.012382e+02   -0.000000e+00   -0.000000e+00   5.997813e+02   6.570810e-12   1.131473e-05
1.284000e+02   1.017160e+02   -0.000000e+00   -0.000000e+00   6.006910e+02   6.524215e-12   1.125153e-05
1.285000e+02   1.018783e+02   -0.000000e+00   -0.000000e+00   6.016003e+02   6.478046e-12   1.118882e-05
1.286000e+02   1.018292e+02   -0.000000e+00   -0.000000e+00   6.025091e+02   6.432297e-12   1.112659e-05
1.287000e+02   1.016787e+02   -0.000000e+00   -0.000000e+00   6.034173e+02   6.386965e-12   1.106483e-05
1.288000e+02   1.015371e+02   -0.000000e+00   -0.000000e+00   6.043250e+02   6.342047e-12   1.100354e-05
1.289000e+02   1.014732e+02   -0.000000e+00   -0.000000e+00   6.052320e+02   6.297539e-12   1.094271e-05
1.290000e+02   1.013162e+02   -0.000000e+00   -0.000000e+00   6.061382e+02   6.253437e-12   1.088235e-05
1.291000e+02   1.011276e+02   -0.000000e+00   -0.000000e+00   6.070436e+02   6.209738e-12   1.082245e-05
1.292000e+02   1.010225e+02   -0.000000e+00   -0.000000e+00   6.079482e+02   6.166438e-12   1.076300e-05
1.293000e+02   1.011163e+02   -0.000000e+00   -0.000000e+00   6.088518e+02   6.123534e-12   1.070400e-05
1.294000e+02   1.014867e+02   -0.000000e+00   -0.000000e+00   6.097545e+02   6.081021e-12   1.064545e-05
1.295000e+02   1.019111e+02   -0.000000e+00   -0.000000e+00   6.106561e+02   6.038898e-12   1.058734e-05
1.296000e+02   1.023313e+02   -0.000000e+00   -0.000000e+00   6.115566e+02   5.997158e-12   1.052966e-05
1.297000e+02   1.027469e+02   -0.000000e+00   -0.000000e+00   6.124559e+02   5.955801e-12   1.047243e-05
1.298000e+02   1.031581e+02   -0.000000e+00   -0.000000e+00   6.133540e+02   5.914821e-12   1.041562e-05
1.299000e+02   1.035687e+02   -0.000000e+00   -0.000000e+00   6.142507e+02   5.874215e-12   1.035924e-05
1.300000e+02   1.040096e+02   -0.000000e+00   -0.000000e+00   6.151461e+02   5.833979e-12   1.030328e-05
