#% 0, Z0, m, 0.0
#% 1, Z, km
#% 2, U, m/s
#% 3, V, m/s
#% 4, W, m/s
#% 5, T, degK
#% 6, RHO, g/cm3
#% 7, P, mbar
0.000000e+00   4.503627e-01   0.000000e+00   0.000000e+00   2.703393e+02   1.251320e-03   9.712025e+02
1.000000e-01   7.765946e-01   0.000000e+00   0.000000e+00   2.696359e+02   1.238934e-03   9.590875e+02
2.000000e-01   8.988503e-01   0.000000e+00   0.000000e+00   2.686477e+02   1.227924e-03   9.470807e+02
3.000000e-01   9.884466e-01   0.000000e+00   0.000000e+00   2.678636e+02   1.216046e-03   9.351818e+02
4.000000e-01   1.205959e+00   0.000000e+00   0.000000e+00   2.676558e+02   1.201646e-03   9.233905e+02
5.000000e-01   1.622640e+00   0.000000e+00   0.000000e+00   2.678685e+02   1.185498e-03   9.117062e+02
6.000000e-01   1.949328e+00   0.000000e+00   0.000000e+00   2.678463e+02   1.170541e-03   9.001290e+02
7.000000e-01   2.087538e+00   0.000000e+00   0.000000e+00   2.673637e+02   1.157713e-03   8.886599e+02
8.000000e-01   2.180426e+00   0.000000e+00   0.000000e+00   2.667168e+02   1.145687e-03   8.773013e+02
9.000000e-01   2.226516e+00   0.000000e+00   0.000000e+00   2.660813e+02   1.133702e-03   8.660554e+02
1.000000e+00   2.249896e+00   0.000000e+00   0.000000e+00   2.654404e+02   1.121828e-03   8.549206e+02
1.100000e+00   2.291539e+00   0.000000e+00   0.000000e+00   2.647509e+02   1.110254e-03   8.439022e+02
1.200000e+00   2.371593e+00   0.000000e+00   0.000000e+00   2.640259e+02   1.098943e-03   8.330177e+02
1.300000e+00   2.473833e+00   0.000000e+00   0.000000e+00   2.633106e+02   1.087731e-03   8.222849e+02
1.400000e+00   2.574851e+00   0.000000e+00   0.000000e+00   2.625924e+02   1.076664e-03   8.116981e+02
1.500000e+00   2.653876e+00   0.000000e+00   0.000000e+00   2.618840e+02   1.065670e-03   8.012424e+02
1.600000e+00   2.695320e+00   0.000000e+00   0.000000e+00   2.612084e+02   1.054646e-03   7.909084e+02
1.700000e+00   2.692277e+00   0.000000e+00   0.000000e+00   2.605796e+02   1.043540e-03   7.806959e+02
1.800000e+00   2.654614e+00   0.000000e+00   0.000000e+00   2.600080e+02   1.032315e-03   7.706044e+02
1.900000e+00   2.601180e+00   0.000000e+00   0.000000e+00   2.595021e+02   1.020944e-03   7.606327e+02
2.000000e+00   2.544504e+00   0.000000e+00   0.000000e+00   2.590645e+02   1.009421e-03   7.507800e+02
2.100000e+00   2.468824e+00   0.000000e+00   0.000000e+00   2.586937e+02   9.977607e-04   7.410451e+02
2.200000e+00   2.357299e+00   0.000000e+00   0.000000e+00   2.583837e+02   9.859919e-04   7.314267e+02
2.300000e+00   2.237882e+00   0.000000e+00   0.000000e+00   2.581182e+02   9.741809e-04   7.219226e+02
2.400000e+00   2.138051e+00   0.000000e+00   0.000000e+00   2.578810e+02   9.623918e-04   7.125307e+02
2.500000e+00   2.082564e+00   0.000000e+00   0.000000e+00   2.576649e+02   9.506523e-04   7.032492e+02
2.600000e+00   2.154354e+00   0.000000e+00   0.000000e+00   2.574679e+02   9.389701e-04   6.940764e+02
2.700000e+00   2.411299e+00   0.000000e+00   0.000000e+00   2.572879e+02   9.273544e-04   6.850108e+02
2.800000e+00   2.764792e+00   0.000000e+00   0.000000e+00   2.571209e+02   9.158195e-04   6.760514e+02
2.900000e+00   3.126885e+00   0.000000e+00   0.000000e+00   2.569626e+02   9.043822e-04   6.671972e+02
3.000000e+00   3.387358e+00   0.000000e+00   0.000000e+00   2.567935e+02   8.931094e-04   6.584473e+02
3.100000e+00   3.413490e+00   0.000000e+00   0.000000e+00   2.565783e+02   8.821213e-04   6.498013e+02
3.200000e+00   3.216589e+00   0.000000e+00   0.000000e+00   2.562807e+02   8.715351e-04   6.412584e+02
3.300000e+00   2.925294e+00   0.000000e+00   0.000000e+00   2.558775e+02   8.614191e-04   6.328182e+02
3.400000e+00   2.675714e+00   0.000000e+00   0.000000e+00   2.553984e+02   8.516636e-04   6.244802e+02
3.500000e+00   2.605413e+00   0.000000e+00   0.000000e+00   2.548862e+02   8.421202e-04   6.162442e+02
3.600000e+00   2.774008e+00   0.000000e+00   0.000000e+00   2.543836e+02   8.326460e-04   6.081097e+02
3.700000e+00   3.038792e+00   0.000000e+00   0.000000e+00   2.539303e+02   8.231132e-04   6.000764e+02
3.800000e+00   3.346296e+00   0.000000e+00   0.000000e+00   2.535279e+02   8.135206e-04   5.921432e+02
3.900000e+00   3.653742e+00   0.000000e+00   0.000000e+00   2.531517e+02   8.039499e-04   5.843086e+02
4.000000e+00   3.918449e+00   0.000000e+00   0.000000e+00   2.527767e+02   7.944811e-04   5.765711e+02
4.100000e+00   4.132464e+00   0.000000e+00   0.000000e+00   2.523776e+02   7.851907e-04   5.689292e+02
4.200000e+00   4.354419e+00   0.000000e+00   0.000000e+00   2.519357e+02   7.761324e-04   5.613813e+02
4.300000e+00   4.563759e+00   0.000000e+00   0.000000e+00   2.514557e+02   7.672863e-04   5.539254e+02
4.400000e+00   4.734077e+00   0.000000e+00   0.000000e+00   2.509470e+02   7.586178e-04   5.465595e+02
4.500000e+00   4.838964e+00   0.000000e+00   0.000000e+00   2.504194e+02   7.500932e-04   5.392815e+02
4.600000e+00   4.814063e+00   0.000000e+00   0.000000e+00   2.498825e+02   7.416800e-04   5.320896e+02
4.700000e+00   4.584966e+00   0.000000e+00   0.000000e+00   2.493443e+02   7.333517e-04   5.249815e+02
4.800000e+00   4.245731e+00   0.000000e+00   0.000000e+00   2.488086e+02   7.250945e-04   5.179555e+02
4.900000e+00   3.899485e+00   0.000000e+00   0.000000e+00   2.482788e+02   7.168973e-04   5.110095e+02
5.000000e+00   3.649354e+00   0.000000e+00   0.000000e+00   2.477580e+02   7.087490e-04   5.041416e+02
5.100000e+00   3.575063e+00   0.000000e+00   0.000000e+00   2.472495e+02   7.006390e-04   4.973499e+02
5.200000e+00   3.618584e+00   0.000000e+00   0.000000e+00   2.467544e+02   6.925628e-04   4.906326e+02
5.300000e+00   3.701271e+00   0.000000e+00   0.000000e+00   2.462649e+02   6.845420e-04   4.839885e+02
5.400000e+00   3.748561e+00   0.000000e+00   0.000000e+00   2.457708e+02   6.766049e-04   4.774169e+02
5.500000e+00   3.685886e+00   0.000000e+00   0.000000e+00   2.452615e+02   6.687785e-04   4.709166e+02
5.600000e+00   3.430952e+00   0.000000e+00   0.000000e+00   2.447267e+02   6.610888e-04   4.644868e+02
5.700000e+00   2.966642e+00   0.000000e+00   0.000000e+00   2.441562e+02   6.535601e-04   4.581267e+02
5.800000e+00   2.403399e+00   0.000000e+00   0.000000e+00   2.435466e+02   6.461983e-04   4.518354e+02
5.900000e+00   1.857641e+00   0.000000e+00   0.000000e+00   2.429023e+02   6.389894e-04   4.456127e+02
6.000000e+00   1.445738e+00   0.000000e+00   0.000000e+00   2.422279e+02   6.319185e-04   4.394582e+02
6.100000e+00   1.297629e+00   0.000000e+00   0.000000e+00   2.415282e+02   6.249713e-04   4.333715e+02
6.200000e+00   1.467837e+00   0.000000e+00   0.000000e+00   2.408080e+02   6.181341e-04   4.273523e+02
6.300000e+00   1.810178e+00   0.000000e+00   0.000000e+00   2.400721e+02   6.113933e-04   4.214002e+02
6.400000e+00   2.161707e+00   0.000000e+00   0.000000e+00   2.393254e+02   6.047348e-04   4.155144e+02
6.500000e+00   2.356707e+00   0.000000e+00   0.000000e+00   2.385732e+02   5.981439e-04   4.096941e+02
6.600000e+00   2.300140e+00   0.000000e+00   0.000000e+00   2.378209e+02   5.916060e-04   4.039382e+02
6.700000e+00   2.221723e+00   0.000000e+00   0.000000e+00   2.370737e+02   5.851072e-04   3.982457e+02
6.800000e+00   2.155519e+00   0.000000e+00   0.000000e+00   2.363368e+02   5.786339e-04   3.926156e+02
6.900000e+00   2.099336e+00   0.000000e+00   0.000000e+00   2.356156e+02   5.721730e-04   3.870470e+02
7.000000e+00   2.051393e+00   0.000000e+00   0.000000e+00   2.349128e+02   5.657178e-04   3.815391e+02
7.100000e+00   1.986439e+00   0.000000e+00   0.000000e+00   2.342270e+02   5.592729e-04   3.760911e+02
7.200000e+00   1.795402e+00   0.000000e+00   0.000000e+00   2.335560e+02   5.528435e-04   3.707025e+02
7.300000e+00   1.506344e+00   0.000000e+00   0.000000e+00   2.328979e+02   5.464349e-04   3.653728e+02
7.400000e+00   1.167648e+00   0.000000e+00   0.000000e+00   2.322507e+02   5.400520e-04   3.601015e+02
7.500000e+00   8.276963e-01   0.000000e+00   0.000000e+00   2.316123e+02   5.336999e-04   3.548878e+02
7.600000e+00   5.207058e-01   0.000000e+00   0.000000e+00   2.309810e+02   5.273829e-04   3.497314e+02
7.700000e+00   1.959734e-01   0.000000e+00   0.000000e+00   2.303568e+02   5.211011e-04   3.446319e+02
7.800000e+00   -1.483107e-01   0.000000e+00   0.000000e+00   2.297422e+02   5.148502e-04   3.395893e+02
7.900000e+00   -5.013582e-01   0.000000e+00   0.000000e+00   2.291394e+02   5.086262e-04   3.346037e+02
8.000000e+00   -8.523806e-01   0.000000e+00   0.000000e+00   2.285508e+02   5.024249e-04   3.296752e+02
8.100000e+00   -1.205808e+00   0.000000e+00   0.000000e+00   2.279788e+02   4.962428e-04   3.248038e+02
8.200000e+00   -1.631689e+00   0.000000e+00   0.000000e+00   2.274258e+02   4.900763e-04   3.199896e+02
8.300000e+00   -2.075793e+00   0.000000e+00   0.000000e+00   2.268941e+02   4.839220e-04   3.152325e+02
8.400000e+00   -2.460865e+00   0.000000e+00   0.000000e+00   2.263861e+02   4.777769e-04   3.105327e+02
8.500000e+00   -2.709402e+00   0.000000e+00   0.000000e+00   2.259039e+02   4.716386e-04   3.058902e+02
8.600000e+00   -2.664926e+00   0.000000e+00   0.000000e+00   2.254485e+02   4.655079e-04   3.013053e+02
8.700000e+00   -1.804342e+00   0.000000e+00   0.000000e+00   2.250203e+02   4.593866e-04   2.967784e+02
8.800000e+00   -3.956331e-01   0.000000e+00   0.000000e+00   2.246199e+02   4.532763e-04   2.923100e+02
8.900000e+00   1.133045e+00   0.000000e+00   0.000000e+00   2.242479e+02   4.471789e-04   2.879002e+02
9.000000e+00   2.353538e+00   0.000000e+00   0.000000e+00   2.239048e+02   4.410962e-04   2.835496e+02
9.100000e+00   2.919746e+00   0.000000e+00   0.000000e+00   2.235911e+02   4.350303e-04   2.792585e+02
9.200000e+00   3.295265e+00   0.000000e+00   0.000000e+00   2.233075e+02   4.289830e-04   2.750272e+02
9.300000e+00   3.618513e+00   0.000000e+00   0.000000e+00   2.230544e+02   4.229564e-04   2.708562e+02
9.400000e+00   3.867664e+00   0.000000e+00   0.000000e+00   2.228324e+02   4.169528e-04   2.667458e+02
9.500000e+00   4.020794e+00   0.000000e+00   0.000000e+00   2.226421e+02   4.109741e-04   2.626963e+02
9.600000e+00   3.969260e+00   0.000000e+00   0.000000e+00   2.224838e+02   4.050220e-04   2.587077e+02
9.700000e+00   2.950249e+00   0.000000e+00   0.000000e+00   2.223579e+02   3.990982e-04   2.547796e+02
9.800000e+00   1.256727e+00   0.000000e+00   0.000000e+00   2.222648e+02   3.932038e-04   2.509116e+02
9.900000e+00   -5.228594e-01   0.000000e+00   0.000000e+00   2.222047e+02   3.873405e-04   2.471033e+02
1.000000e+01   -1.800065e+00   0.000000e+00   0.000000e+00   2.221780e+02   3.815096e-04   2.433542e+02
1.010000e+01   -2.016941e+00   0.000000e+00   0.000000e+00   2.221851e+02   3.757126e-04   2.396641e+02
1.020000e+01   -1.279659e+00   0.000000e+00   0.000000e+00   2.222263e+02   3.699509e-04   2.360325e+02
1.030000e+01   -5.344714e-02   0.000000e+00   0.000000e+00   2.223018e+02   3.642261e-04   2.324590e+02
1.040000e+01   1.243924e+00   0.000000e+00   0.000000e+00   2.224121e+02   3.585395e-04   2.289433e+02
1.050000e+01   2.194685e+00   0.000000e+00   0.000000e+00   2.225575e+02   3.528927e-04   2.254849e+02
1.060000e+01   2.409073e+00   0.000000e+00   0.000000e+00   2.227374e+02   3.472884e-04   2.220832e+02
1.070000e+01   2.075838e+00   0.000000e+00   0.000000e+00   2.229489e+02   3.417320e-04   2.187376e+02
1.080000e+01   1.494394e+00   0.000000e+00   0.000000e+00   2.231887e+02   3.362294e-04   2.154469e+02
1.090000e+01   8.659542e-01   0.000000e+00   0.000000e+00   2.234535e+02   3.307859e-04   2.122103e+02
1.100000e+01   3.917317e-01   0.000000e+00   0.000000e+00   2.237400e+02   3.254065e-04   2.090269e+02
1.110000e+01   2.731802e-01   0.000000e+00   0.000000e+00   2.240449e+02   3.200956e-04   2.058957e+02
1.120000e+01   6.046865e-01   0.000000e+00   0.000000e+00   2.243650e+02   3.148577e-04   2.028158e+02
1.130000e+01   1.209525e+00   0.000000e+00   0.000000e+00   2.246970e+02   3.096964e-04   1.997863e+02
1.140000e+01   1.871755e+00   0.000000e+00   0.000000e+00   2.250375e+02   3.046153e-04   1.968063e+02
1.150000e+01   2.375435e+00   0.000000e+00   0.000000e+00   2.253834e+02   2.996175e-04   1.938748e+02
1.160000e+01   2.501179e+00   0.000000e+00   0.000000e+00   2.257313e+02   2.947058e-04   1.909910e+02
1.170000e+01   2.073843e+00   0.000000e+00   0.000000e+00   2.260787e+02   2.898820e-04   1.881540e+02
1.180000e+01   1.288848e+00   0.000000e+00   0.000000e+00   2.264238e+02   2.851470e-04   1.853630e+02
1.190000e+01   4.270643e-01   0.000000e+00   0.000000e+00   2.267646e+02   2.805012e-04   1.826175e+02
1.200000e+01   -2.306379e-01   0.000000e+00   0.000000e+00   2.270994e+02   2.759453e-04   1.799166e+02
1.210000e+01   -4.164542e-01   0.000000e+00   0.000000e+00   2.274263e+02   2.714795e-04   1.772597e+02
1.220000e+01   -3.539541e-01   0.000000e+00   0.000000e+00   2.277434e+02   2.671040e-04   1.746460e+02
1.230000e+01   -2.440044e-01   0.000000e+00   0.000000e+00   2.280491e+02   2.628191e-04   1.720749e+02
1.240000e+01   -1.109719e-01   0.000000e+00   0.000000e+00   2.283413e+02   2.586245e-04   1.695456e+02
1.250000e+01   2.077670e-02   0.000000e+00   0.000000e+00   2.286182e+02   2.545203e-04   1.670574e+02
1.260000e+01   1.270845e-01   0.000000e+00   0.000000e+00   2.288782e+02   2.505062e-04   1.646096e+02
1.270000e+01   2.020399e-01   0.000000e+00   0.000000e+00   2.291192e+02   2.465818e-04   1.622015e+02
1.280000e+01   2.619006e-01   0.000000e+00   0.000000e+00   2.293411e+02   2.427451e-04   1.598324e+02
1.290000e+01   3.231334e-01   0.000000e+00   0.000000e+00   2.295443e+02   2.389933e-04   1.575015e+02
1.300000e+01   4.022297e-01   0.000000e+00   0.000000e+00   2.297295e+02   2.353234e-04   1.552081e+02
1.310000e+01   5.191440e-01   0.000000e+00   0.000000e+00   2.298972e+02   2.317327e-04   1.529514e+02
1.320000e+01   8.859110e-01   0.000000e+00   0.000000e+00   2.300481e+02   2.282184e-04   1.507307e+02
1.330000e+01   1.484434e+00   0.000000e+00   0.000000e+00   2.301828e+02   2.247780e-04   1.485453e+02
1.340000e+01   2.124417e+00   0.000000e+00   0.000000e+00   2.303019e+02   2.214087e-04   1.463945e+02
1.350000e+01   2.615567e+00   0.000000e+00   0.000000e+00   2.304060e+02   2.181082e-04   1.442774e+02
1.360000e+01   2.765194e+00   0.000000e+00   0.000000e+00   2.304958e+02   2.148741e-04   1.421934e+02
1.370000e+01   2.220133e+00   0.000000e+00   0.000000e+00   2.305717e+02   2.117039e-04   1.401417e+02
1.380000e+01   1.109688e+00   0.000000e+00   0.000000e+00   2.306345e+02   2.085954e-04   1.381215e+02
1.390000e+01   -1.632741e-01   0.000000e+00   0.000000e+00   2.306854e+02   2.055459e-04   1.361323e+02
1.400000e+01   -1.196491e+00   0.000000e+00   0.000000e+00   2.307262e+02   2.025524e-04   1.341734e+02
1.410000e+01   -1.588048e+00   0.000000e+00   0.000000e+00   2.307587e+02   1.996119e-04   1.322443e+02
1.420000e+01   -1.160169e+00   0.000000e+00   0.000000e+00   2.307848e+02   1.967217e-04   1.303442e+02
1.430000e+01   -2.180267e-01   0.000000e+00   0.000000e+00   2.308063e+02   1.938791e-04   1.284727e+02
1.440000e+01   8.869508e-01   0.000000e+00   0.000000e+00   2.308251e+02   1.910814e-04   1.266292e+02
1.450000e+01   1.803338e+00   0.000000e+00   0.000000e+00   2.308431e+02   1.883262e-04   1.248130e+02
1.460000e+01   2.180119e+00   0.000000e+00   0.000000e+00   2.308619e+02   1.856110e-04   1.230236e+02
1.470000e+01   2.128979e+00   0.000000e+00   0.000000e+00   2.308836e+02   1.829336e-04   1.212604e+02
1.480000e+01   1.975159e+00   0.000000e+00   0.000000e+00   2.309099e+02   1.802916e-04   1.195227e+02
1.490000e+01   1.759823e+00   0.000000e+00   0.000000e+00   2.309428e+02   1.776829e-04   1.178101e+02
1.500000e+01   1.523943e+00   0.000000e+00   0.000000e+00   2.309828e+02   1.751064e-04   1.161219e+02
1.510000e+01   1.308124e+00   0.000000e+00   0.000000e+00   2.310289e+02   1.725626e-04   1.144578e+02
1.520000e+01   1.060826e+00   0.000000e+00   0.000000e+00   2.310796e+02   1.700521e-04   1.128174e+02
1.530000e+01   7.513938e-01   0.000000e+00   0.000000e+00   2.311335e+02   1.675756e-04   1.112003e+02
1.540000e+01   4.517146e-01   0.000000e+00   0.000000e+00   2.311891e+02   1.651336e-04   1.096062e+02
1.550000e+01   2.336773e-01   0.000000e+00   0.000000e+00   2.312450e+02   1.627265e-04   1.080347e+02
1.560000e+01   1.691703e-01   0.000000e+00   0.000000e+00   2.312997e+02   1.603549e-04   1.064853e+02
1.570000e+01   2.284374e-01   0.000000e+00   0.000000e+00   2.313518e+02   1.580191e-04   1.049578e+02
1.580000e+01   3.152341e-01   0.000000e+00   0.000000e+00   2.313999e+02   1.557193e-04   1.034517e+02
1.590000e+01   4.201369e-01   0.000000e+00   0.000000e+00   2.314424e+02   1.534558e-04   1.019668e+02
1.600000e+01   5.338284e-01   0.000000e+00   0.000000e+00   2.314781e+02   1.512288e-04   1.005025e+02
1.610000e+01   6.471878e-01   0.000000e+00   0.000000e+00   2.315057e+02   1.490382e-04   9.905850e+01
1.620000e+01   7.866536e-01   0.000000e+00   0.000000e+00   2.315261e+02   1.468830e-04   9.763462e+01
1.630000e+01   9.699727e-01   0.000000e+00   0.000000e+00   2.315400e+02   1.447620e-04   9.623057e+01
1.640000e+01   1.158686e+00   0.000000e+00   0.000000e+00   2.315487e+02   1.426740e-04   9.484609e+01
1.650000e+01   1.314134e+00   0.000000e+00   0.000000e+00   2.315529e+02   1.406178e-04   9.348093e+01
1.660000e+01   1.397657e+00   0.000000e+00   0.000000e+00   2.315538e+02   1.385925e-04   9.213485e+01
1.670000e+01   1.349607e+00   0.000000e+00   0.000000e+00   2.315524e+02   1.365968e-04   9.080760e+01
1.680000e+01   1.172460e+00   0.000000e+00   0.000000e+00   2.315496e+02   1.346299e-04   8.949893e+01
1.690000e+01   9.462799e-01   0.000000e+00   0.000000e+00   2.315465e+02   1.326907e-04   8.820860e+01
1.700000e+01   7.515914e-01   0.000000e+00   0.000000e+00   2.315439e+02   1.307783e-04   8.693634e+01
1.710000e+01   6.689179e-01   0.000000e+00   0.000000e+00   2.315431e+02   1.288917e-04   8.568192e+01
1.720000e+01   7.243841e-01   0.000000e+00   0.000000e+00   2.315448e+02   1.270302e-04   8.444509e+01
1.730000e+01   8.482215e-01   0.000000e+00   0.000000e+00   2.315497e+02   1.251932e-04   8.322563e+01
1.740000e+01   1.014710e+00   0.000000e+00   0.000000e+00   2.315581e+02   1.233801e-04   8.202335e+01
1.750000e+01   1.199104e+00   0.000000e+00   0.000000e+00   2.315705e+02   1.215906e-04   8.083803e+01
1.760000e+01   1.376659e+00   0.000000e+00   0.000000e+00   2.315873e+02   1.198243e-04   7.966948e+01
1.770000e+01   1.559592e+00   0.000000e+00   0.000000e+00   2.316088e+02   1.180807e-04   7.851749e+01
1.780000e+01   1.781657e+00   0.000000e+00   0.000000e+00   2.316355e+02   1.163595e-04   7.738185e+01
1.790000e+01   2.002685e+00   0.000000e+00   0.000000e+00   2.316677e+02   1.146602e-04   7.626238e+01
1.800000e+01   2.180950e+00   0.000000e+00   0.000000e+00   2.317058e+02   1.129824e-04   7.515886e+01
1.810000e+01   2.274725e+00   0.000000e+00   0.000000e+00   2.317504e+02   1.113258e-04   7.407109e+01
1.820000e+01   2.144344e+00   0.000000e+00   0.000000e+00   2.318017e+02   1.096901e-04   7.299887e+01
1.830000e+01   1.675493e+00   0.000000e+00   0.000000e+00   2.318600e+02   1.080747e-04   7.194199e+01
1.840000e+01   1.058842e+00   0.000000e+00   0.000000e+00   2.319252e+02   1.064799e-04   7.090027e+01
1.850000e+01   4.931727e-01   0.000000e+00   0.000000e+00   2.319962e+02   1.049058e-04   6.987351e+01
1.860000e+01   1.772771e-01   0.000000e+00   0.000000e+00   2.320721e+02   1.033526e-04   6.886153e+01
1.870000e+01   2.560981e-01   0.000000e+00   0.000000e+00   2.321520e+02   1.018206e-04   6.786414e+01
1.880000e+01   6.162884e-01   0.000000e+00   0.000000e+00   2.322349e+02   1.003099e-04   6.688115e+01
1.890000e+01   1.094005e+00   0.000000e+00   0.000000e+00   2.323200e+02   9.882073e-05   6.591238e+01
1.900000e+01   1.527118e+00   0.000000e+00   0.000000e+00   2.324062e+02   9.735316e-05   6.495763e+01
1.910000e+01   1.753498e+00   0.000000e+00   0.000000e+00   2.324928e+02   9.590730e-05   6.401673e+01
1.920000e+01   1.707375e+00   0.000000e+00   0.000000e+00   2.325786e+02   9.448324e-05   6.308948e+01
1.930000e+01   1.571993e+00   0.000000e+00   0.000000e+00   2.326629e+02   9.308102e-05   6.217569e+01
1.940000e+01   1.387620e+00   0.000000e+00   0.000000e+00   2.327447e+02   9.170069e-05   6.127519e+01
1.950000e+01   1.183570e+00   0.000000e+00   0.000000e+00   2.328231e+02   9.034218e-05   6.038778e+01
1.960000e+01   9.881932e-01   0.000000e+00   0.000000e+00   2.328978e+02   8.900533e-05   5.951327e+01
1.970000e+01   8.069808e-01   0.000000e+00   0.000000e+00   2.329684e+02   8.768992e-05   5.865149e+01
1.980000e+01   6.000873e-01   0.000000e+00   0.000000e+00   2.330344e+02   8.639573e-05   5.780224e+01
1.990000e+01   3.871733e-01   0.000000e+00   0.000000e+00   2.330954e+02   8.512255e-05   5.696535e+01
2.000000e+01   1.920108e-01   0.000000e+00   0.000000e+00   2.331511e+02   8.387016e-05   5.614062e+01
2.010000e+01   3.837212e-02   0.000000e+00   0.000000e+00   2.332009e+02   8.263831e-05   5.532787e+01
2.020000e+01   -5.917336e-02   0.000000e+00   0.000000e+00   2.332445e+02   8.142678e-05   5.452692e+01
2.030000e+01   -1.228461e-01   0.000000e+00   0.000000e+00   2.332815e+02   8.023532e-05   5.373759e+01
2.040000e+01   -1.652719e-01   0.000000e+00   0.000000e+00   2.333114e+02   7.906368e-05   5.295967e+01
2.050000e+01   -1.974196e-01   0.000000e+00   0.000000e+00   2.333338e+02   7.791161e-05   5.219300e+01
2.060000e+01   -2.298483e-01   0.000000e+00   0.000000e+00   2.333485e+02   7.677883e-05   5.143739e+01
2.070000e+01   -2.224510e-01   0.000000e+00   0.000000e+00   2.333557e+02   7.566491e-05   5.069268e+01
2.080000e+01   -5.497540e-02   0.000000e+00   0.000000e+00   2.333559e+02   7.456932e-05   4.995873e+01
2.090000e+01   1.797994e-01   0.000000e+00   0.000000e+00   2.333499e+02   7.349157e-05   4.923540e+01
2.100000e+01   3.708778e-01   0.000000e+00   0.000000e+00   2.333381e+02   7.243118e-05   4.852255e+01
2.110000e+01   4.072641e-01   0.000000e+00   0.000000e+00   2.333213e+02   7.138766e-05   4.782003e+01
2.120000e+01   1.232029e-01   0.000000e+00   0.000000e+00   2.333000e+02   7.036057e-05   4.712771e+01
2.130000e+01   -6.495192e-01   0.000000e+00   0.000000e+00   2.332747e+02   6.934945e-05   4.644544e+01
2.140000e+01   -1.663201e+00   0.000000e+00   0.000000e+00   2.332462e+02   6.835387e-05   4.577308e+01
2.150000e+01   -2.635311e+00   0.000000e+00   0.000000e+00   2.332150e+02   6.737342e-05   4.511048e+01
2.160000e+01   -3.283316e+00   0.000000e+00   0.000000e+00   2.331818e+02   6.640767e-05   4.445752e+01
2.170000e+01   -3.305909e+00   0.000000e+00   0.000000e+00   2.331470e+02   6.545622e-05   4.381403e+01
2.180000e+01   -2.602089e+00   0.000000e+00   0.000000e+00   2.331116e+02   6.451867e-05   4.317990e+01
2.190000e+01   -1.517008e+00   0.000000e+00   0.000000e+00   2.330764e+02   6.359453e-05   4.255499e+01
2.200000e+01   -4.279915e-01   0.000000e+00   0.000000e+00   2.330428e+02   6.268333e-05   4.193920e+01
2.210000e+01   2.876344e-01   0.000000e+00   0.000000e+00   2.330118e+02   6.178463e-05   4.133240e+01
2.220000e+01   3.819901e-01   0.000000e+00   0.000000e+00   2.329845e+02   6.089798e-05   4.073448e+01
2.230000e+01   3.127172e-01   0.000000e+00   0.000000e+00   2.329621e+02   6.002296e-05   4.014533e+01
2.240000e+01   1.787380e-01   0.000000e+00   0.000000e+00   2.329457e+02   5.915918e-05   3.956482e+01
2.250000e+01   -5.928725e-03   0.000000e+00   0.000000e+00   2.329365e+02   5.830625e-05   3.899285e+01
2.260000e+01   -2.272642e-01   0.000000e+00   0.000000e+00   2.329356e+02   5.746378e-05   3.842929e+01
2.270000e+01   -5.380759e-01   0.000000e+00   0.000000e+00   2.329440e+02   5.663142e-05   3.787402e+01
2.280000e+01   -1.236161e+00   0.000000e+00   0.000000e+00   2.329631e+02   5.580883e-05   3.732694e+01
2.290000e+01   -2.146480e+00   0.000000e+00   0.000000e+00   2.329938e+02   5.499567e-05   3.678792e+01
2.300000e+01   -3.015461e+00   0.000000e+00   0.000000e+00   2.330364e+02   5.419185e-05   3.625686e+01
2.310000e+01   -3.587080e+00   0.000000e+00   0.000000e+00   2.330898e+02   5.339757e-05   3.573363e+01
2.320000e+01   -3.636015e+00   0.000000e+00   0.000000e+00   2.331529e+02   5.261301e-05   3.521813e+01
2.330000e+01   -3.270244e+00   0.000000e+00   0.000000e+00   2.332245e+02   5.183836e-05   3.471025e+01
2.340000e+01   -2.677170e+00   0.000000e+00   0.000000e+00   2.333034e+02   5.107379e-05   3.420987e+01
2.350000e+01   -2.023923e+00   0.000000e+00   0.000000e+00   2.333885e+02   5.031943e-05   3.371688e+01
2.360000e+01   -1.477638e+00   0.000000e+00   0.000000e+00   2.334786e+02   4.957541e-05   3.323118e+01
2.370000e+01   -1.172162e+00   0.000000e+00   0.000000e+00   2.335726e+02   4.884184e-05   3.275264e+01
2.380000e+01   -9.525050e-01   0.000000e+00   0.000000e+00   2.336694e+02   4.811882e-05   3.228116e+01
2.390000e+01   -7.690378e-01   0.000000e+00   0.000000e+00   2.337677e+02   4.740643e-05   3.181663e+01
2.400000e+01   -6.200113e-01   0.000000e+00   0.000000e+00   2.338665e+02   4.670473e-05   3.135893e+01
2.410000e+01   -5.036948e-01   0.000000e+00   0.000000e+00   2.339646e+02   4.601377e-05   3.090795e+01
2.420000e+01   -4.161663e-01   0.000000e+00   0.000000e+00   2.340612e+02   4.533351e-05   3.046360e+01
2.430000e+01   -3.346909e-01   0.000000e+00   0.000000e+00   2.341566e+02   4.466377e-05   3.002576e+01
2.440000e+01   -2.649203e-01   0.000000e+00   0.000000e+00   2.342505e+02   4.400439e-05   2.959436e+01
2.450000e+01   -2.198271e-01   0.000000e+00   0.000000e+00   2.343432e+02   4.335521e-05   2.916930e+01
2.460000e+01   -2.123841e-01   0.000000e+00   0.000000e+00   2.344345e+02   4.271604e-05   2.875047e+01
2.470000e+01   -2.595567e-01   0.000000e+00   0.000000e+00   2.345246e+02   4.208674e-05   2.833780e+01
2.480000e+01   -4.072902e-01   0.000000e+00   0.000000e+00   2.346135e+02   4.146712e-05   2.793117e+01
2.490000e+01   -6.489397e-01   0.000000e+00   0.000000e+00   2.347011e+02   4.085703e-05   2.753051e+01
2.500000e+01   -9.636890e-01   0.000000e+00   0.000000e+00   2.347875e+02   4.025631e-05   2.713572e+01
2.510000e+01   -1.330722e+00   0.000000e+00   0.000000e+00   2.348728e+02   3.966478e-05   2.674670e+01
2.520000e+01   -1.761546e+00   0.000000e+00   0.000000e+00   2.349570e+02   3.908229e-05   2.636335e+01
2.530000e+01   -2.581432e+00   0.000000e+00   0.000000e+00   2.350400e+02   3.850867e-05   2.598559e+01
2.540000e+01   -3.666620e+00   0.000000e+00   0.000000e+00   2.351219e+02   3.794378e-05   2.561333e+01
2.550000e+01   -4.743997e+00   0.000000e+00   0.000000e+00   2.352026e+02   3.738749e-05   2.524647e+01
2.560000e+01   -5.540223e+00   0.000000e+00   0.000000e+00   2.352818e+02   3.683970e-05   2.488495e+01
2.570000e+01   -5.778949e+00   0.000000e+00   0.000000e+00   2.353596e+02   3.630029e-05   2.452869e+01
2.580000e+01   -5.314081e+00   0.000000e+00   0.000000e+00   2.354357e+02   3.576914e-05   2.417760e+01
2.590000e+01   -4.425347e+00   0.000000e+00   0.000000e+00   2.355100e+02   3.524614e-05   2.383160e+01
2.600000e+01   -3.459475e+00   0.000000e+00   0.000000e+00   2.355823e+02   3.473118e-05   2.349063e+01
2.610000e+01   -2.763191e+00   -0.000000e+00   -0.000000e+00   2.356526e+02   3.422412e-05   2.315458e+01
2.620000e+01   -2.661575e+00   -0.000000e+00   -0.000000e+00   2.357207e+02   3.372486e-05   2.282340e+01
2.630000e+01   -2.951917e+00   -0.000000e+00   -0.000000e+00   2.357864e+02   3.323328e-05   2.249699e+01
2.640000e+01   -3.388360e+00   -0.000000e+00   -0.000000e+00   2.358497e+02   3.274926e-05   2.217528e+01
2.650000e+01   -3.846521e+00   -0.000000e+00   -0.000000e+00   2.359103e+02   3.227267e-05   2.185819e+01
2.660000e+01   -4.202179e+00   -0.000000e+00   -0.000000e+00   2.359682e+02   3.180339e-05   2.154564e+01
2.670000e+01   -4.341453e+00   -0.000000e+00   -0.000000e+00   2.360238e+02   3.134127e-05   2.123756e+01
2.680000e+01   -4.388918e+00   -0.000000e+00   -0.000000e+00   2.360776e+02   3.088610e-05   2.093391e+01
2.690000e+01   -4.426871e+00   -0.000000e+00   -0.000000e+00   2.361304e+02   3.043772e-05   2.063461e+01
2.700000e+01   -4.456589e+00   -0.000000e+00   -0.000000e+00   2.361826e+02   2.999594e-05   2.033962e+01
2.710000e+01   -4.479352e+00   -0.000000e+00   -0.000000e+00   2.362351e+02   2.956060e-05   2.004888e+01
2.720000e+01   -4.482359e+00   -0.000000e+00   -0.000000e+00   2.362884e+02   2.913153e-05   1.976232e+01
2.730000e+01   -4.071367e+00   -0.000000e+00   -0.000000e+00   2.363432e+02   2.870856e-05   1.947990e+01
2.740000e+01   -3.279427e+00   -0.000000e+00   -0.000000e+00   2.364000e+02   2.829155e-05   1.920156e+01
2.750000e+01   -2.395523e+00   -0.000000e+00   -0.000000e+00   2.364596e+02   2.788034e-05   1.892724e+01
2.760000e+01   -1.708639e+00   -0.000000e+00   -0.000000e+00   2.365225e+02   2.747478e-05   1.865688e+01
2.770000e+01   -1.500279e+00   -0.000000e+00   -0.000000e+00   2.365894e+02   2.707473e-05   1.839043e+01
2.780000e+01   -1.631484e+00   -0.000000e+00   -0.000000e+00   2.366610e+02   2.668005e-05   1.812782e+01
2.790000e+01   -1.876971e+00   -0.000000e+00   -0.000000e+00   2.367376e+02   2.629062e-05   1.786901e+01
2.800000e+01   -2.153674e+00   -0.000000e+00   -0.000000e+00   2.368189e+02   2.590646e-05   1.761395e+01
2.810000e+01   -2.378002e+00   -0.000000e+00   -0.000000e+00   2.369041e+02   2.552756e-05   1.736258e+01
2.820000e+01   -2.463890e+00   -0.000000e+00   -0.000000e+00   2.369925e+02   2.515397e-05   1.711487e+01
2.830000e+01   -2.216268e+00   -0.000000e+00   -0.000000e+00   2.370836e+02   2.478567e-05   1.687076e+01
2.840000e+01   -1.691261e+00   -0.000000e+00   -0.000000e+00   2.371766e+02   2.442269e-05   1.663021e+01
2.850000e+01   -1.084405e+00   -0.000000e+00   -0.000000e+00   2.372709e+02   2.406503e-05   1.639318e+01
2.860000e+01   -5.912380e-01   -0.000000e+00   -0.000000e+00   2.373657e+02   2.371267e-05   1.615961e+01
2.870000e+01   -4.081486e-01   -0.000000e+00   -0.000000e+00   2.374605e+02   2.336563e-05   1.592946e+01
2.880000e+01   -7.510900e-01   -0.000000e+00   -0.000000e+00   2.375545e+02   2.302388e-05   1.570269e+01
2.890000e+01   -1.540480e+00   -0.000000e+00   -0.000000e+00   2.376470e+02   2.268741e-05   1.547924e+01
2.900000e+01   -2.573913e+00   -0.000000e+00   -0.000000e+00   2.377375e+02   2.235622e-05   1.525908e+01
2.910000e+01   -3.648982e+00   -0.000000e+00   -0.000000e+00   2.378252e+02   2.203027e-05   1.504215e+01
2.920000e+01   -4.565600e+00   -0.000000e+00   -0.000000e+00   2.379096e+02   2.170952e-05   1.482841e+01
2.930000e+01   -5.516402e+00   -0.000000e+00   -0.000000e+00   2.379912e+02   2.139386e-05   1.461782e+01
2.940000e+01   -6.594122e+00   -0.000000e+00   -0.000000e+00   2.380704e+02   2.108317e-05   1.441032e+01
2.950000e+01   -7.583068e+00   -0.000000e+00   -0.000000e+00   2.381478e+02   2.077732e-05   1.420589e+01
2.960000e+01   -8.267549e+00   -0.000000e+00   -0.000000e+00   2.382238e+02   2.047619e-05   1.400447e+01
2.970000e+01   -8.432183e+00   -0.000000e+00   -0.000000e+00   2.382991e+02   2.017967e-05   1.380603e+01
2.980000e+01   -8.201828e+00   -0.000000e+00   -0.000000e+00   2.383741e+02   1.988764e-05   1.361051e+01
2.990000e+01   -7.834263e+00   -0.000000e+00   -0.000000e+00   2.384493e+02   1.959999e-05   1.341789e+01
3.000000e+01   -7.367442e+00   -0.000000e+00   -0.000000e+00   2.385253e+02   1.931661e-05   1.322811e+01
3.010000e+01   -6.839317e+00   -0.000000e+00   -0.000000e+00   2.386026e+02   1.903740e-05   1.304113e+01
3.020000e+01   -6.287840e+00   -0.000000e+00   -0.000000e+00   2.386816e+02   1.876225e-05   1.285690e+01
3.030000e+01   -5.616399e+00   -0.000000e+00   -0.000000e+00   2.387630e+02   1.849107e-05   1.267540e+01
3.040000e+01   -4.757171e+00   -0.000000e+00   -0.000000e+00   2.388473e+02   1.822375e-05   1.249656e+01
3.050000e+01   -3.791067e+00   -0.000000e+00   -0.000000e+00   2.389349e+02   1.796020e-05   1.232036e+01
3.060000e+01   -2.797304e+00   -0.000000e+00   -0.000000e+00   2.390260e+02   1.770037e-05   1.214674e+01
3.070000e+01   -1.854332e+00   -0.000000e+00   -0.000000e+00   2.391206e+02   1.744419e-05   1.197568e+01
3.080000e+01   -8.364223e-01   -0.000000e+00   -0.000000e+00   2.392189e+02   1.719163e-05   1.180714e+01
3.090000e+01   3.289457e-01   -0.000000e+00   -0.000000e+00   2.393207e+02   1.694264e-05   1.164109e+01
3.100000e+01   1.436990e+00   -0.000000e+00   -0.000000e+00   2.394261e+02   1.669716e-05   1.147748e+01
3.110000e+01   2.282661e+00   -0.000000e+00   -0.000000e+00   2.395353e+02   1.645515e-05   1.131628e+01
3.120000e+01   2.660910e+00   -0.000000e+00   -0.000000e+00   2.396481e+02   1.621656e-05   1.115745e+01
3.130000e+01   2.375827e+00   -0.000000e+00   -0.000000e+00   2.397647e+02   1.598134e-05   1.100097e+01
3.140000e+01   1.525914e+00   -0.000000e+00   -0.000000e+00   2.398851e+02   1.574945e-05   1.084678e+01
3.150000e+01   3.741540e-01   -0.000000e+00   -0.000000e+00   2.400093e+02   1.552083e-05   1.069487e+01
3.160000e+01   -8.161662e-01   -0.000000e+00   -0.000000e+00   2.401373e+02   1.529544e-05   1.054518e+01
3.170000e+01   -1.781762e+00   -0.000000e+00   -0.000000e+00   2.402692e+02   1.507322e-05   1.039768e+01
3.180000e+01   -2.540915e+00   -0.000000e+00   -0.000000e+00   2.404051e+02   1.485413e-05   1.025235e+01
3.190000e+01   -3.334992e+00   -0.000000e+00   -0.000000e+00   2.405449e+02   1.463812e-05   1.010913e+01
3.200000e+01   -4.060832e+00   -0.000000e+00   -0.000000e+00   2.406892e+02   1.442513e-05   9.968012e+00
3.210000e+01   -4.612043e+00   -0.000000e+00   -0.000000e+00   2.408381e+02   1.421510e-05   9.828959e+00
3.220000e+01   -4.882232e+00   -0.000000e+00   -0.000000e+00   2.409920e+02   1.400799e-05   9.691943e+00
3.230000e+01   -4.536662e+00   -0.000000e+00   -0.000000e+00   2.411513e+02   1.380374e-05   9.556936e+00
3.240000e+01   -3.428444e+00   -0.000000e+00   -0.000000e+00   2.413163e+02   1.360229e-05   9.423910e+00
3.250000e+01   -2.018821e+00   -0.000000e+00   -0.000000e+00   2.414873e+02   1.340361e-05   9.292837e+00
3.260000e+01   -7.761408e-01   -0.000000e+00   -0.000000e+00   2.416647e+02   1.320763e-05   9.163687e+00
3.270000e+01   -1.687520e-01   -0.000000e+00   -0.000000e+00   2.418487e+02   1.301430e-05   9.036433e+00
3.280000e+01   -4.773867e-01   -0.000000e+00   -0.000000e+00   2.420398e+02   1.282359e-05   8.911046e+00
3.290000e+01   -1.369788e+00   -0.000000e+00   -0.000000e+00   2.422383e+02   1.263543e-05   8.787497e+00
3.300000e+01   -2.497636e+00   -0.000000e+00   -0.000000e+00   2.424445e+02   1.244979e-05   8.665759e+00
3.310000e+01   -3.516349e+00   -0.000000e+00   -0.000000e+00   2.426587e+02   1.226661e-05   8.545802e+00
3.320000e+01   -4.081349e+00   -0.000000e+00   -0.000000e+00   2.428812e+02   1.208586e-05   8.427599e+00
3.330000e+01   -4.050454e+00   -0.000000e+00   -0.000000e+00   2.431123e+02   1.190750e-05   8.311122e+00
3.340000e+01   -3.753213e+00   -0.000000e+00   -0.000000e+00   2.433513e+02   1.173152e-05   8.196349e+00
3.350000e+01   -3.330186e+00   -0.000000e+00   -0.000000e+00   2.435979e+02   1.155794e-05   8.083258e+00
3.360000e+01   -2.912461e+00   -0.000000e+00   -0.000000e+00   2.438516e+02   1.138675e-05   7.971827e+00
3.370000e+01   -2.631124e+00   -0.000000e+00   -0.000000e+00   2.441120e+02   1.121795e-05   7.862033e+00
3.380000e+01   -2.534197e+00   -0.000000e+00   -0.000000e+00   2.443784e+02   1.105153e-05   7.753853e+00
3.390000e+01   -2.482578e+00   -0.000000e+00   -0.000000e+00   2.446505e+02   1.088749e-05   7.647266e+00
3.400000e+01   -2.450504e+00   -0.000000e+00   -0.000000e+00   2.449278e+02   1.072582e-05   7.542248e+00
3.410000e+01   -2.418541e+00   -0.000000e+00   -0.000000e+00   2.452098e+02   1.056651e-05   7.438779e+00
3.420000e+01   -2.367255e+00   -0.000000e+00   -0.000000e+00   2.454961e+02   1.040955e-05   7.336835e+00
3.430000e+01   -2.265332e+00   -0.000000e+00   -0.000000e+00   2.457861e+02   1.025493e-05   7.236394e+00
3.440000e+01   -2.098182e+00   -0.000000e+00   -0.000000e+00   2.460794e+02   1.010263e-05   7.137434e+00
3.450000e+01   -1.915006e+00   -0.000000e+00   -0.000000e+00   2.463755e+02   9.952648e-06   7.039933e+00
3.460000e+01   -1.767415e+00   -0.000000e+00   -0.000000e+00   2.466740e+02   9.804958e-06   6.943868e+00
3.470000e+01   -1.707003e+00   -0.000000e+00   -0.000000e+00   2.469743e+02   9.659547e-06   6.849216e+00
3.480000e+01   -2.036248e+00   -0.000000e+00   -0.000000e+00   2.472763e+02   9.516387e-06   6.755958e+00
3.490000e+01   -3.257858e+00   -0.000000e+00   -0.000000e+00   2.475797e+02   9.375452e-06   6.664072e+00
3.500000e+01   -4.904544e+00   -0.000000e+00   -0.000000e+00   2.478845e+02   9.236713e-06   6.573539e+00
3.510000e+01   -6.454308e+00   -0.000000e+00   -0.000000e+00   2.481905e+02   9.100140e-06   6.484337e+00
3.520000e+01   -7.385152e+00   -0.000000e+00   -0.000000e+00   2.484975e+02   8.965705e-06   6.396447e+00
3.530000e+01   -7.387633e+00   -0.000000e+00   -0.000000e+00   2.488054e+02   8.833378e-06   6.309848e+00
3.540000e+01   -6.958965e+00   -0.000000e+00   -0.000000e+00   2.491140e+02   8.703129e-06   6.224520e+00
3.550000e+01   -6.326508e+00   -0.000000e+00   -0.000000e+00   2.494232e+02   8.574929e-06   6.140442e+00
3.560000e+01   -5.677613e+00   -0.000000e+00   -0.000000e+00   2.497328e+02   8.448747e-06   6.057594e+00
3.570000e+01   -5.199636e+00   -0.000000e+00   -0.000000e+00   2.500427e+02   8.324553e-06   5.975956e+00
3.580000e+01   -5.004463e+00   -0.000000e+00   -0.000000e+00   2.503527e+02   8.202317e-06   5.895508e+00
3.590000e+01   -4.901653e+00   -0.000000e+00   -0.000000e+00   2.506627e+02   8.082009e-06   5.816228e+00
3.600000e+01   -4.828433e+00   -0.000000e+00   -0.000000e+00   2.509726e+02   7.963597e-06   5.738097e+00
3.610000e+01   -4.742168e+00   -0.000000e+00   -0.000000e+00   2.512821e+02   7.847051e-06   5.661094e+00
3.620000e+01   -4.600230e+00   -0.000000e+00   -0.000000e+00   2.515911e+02   7.732340e-06   5.585199e+00
3.630000e+01   -4.245688e+00   -0.000000e+00   -0.000000e+00   2.518998e+02   7.619432e-06   5.510395e+00
3.640000e+01   -3.320020e+00   -0.000000e+00   -0.000000e+00   2.522080e+02   7.508296e-06   5.436666e+00
3.650000e+01   -2.081468e+00   -0.000000e+00   -0.000000e+00   2.525160e+02   7.398901e-06   5.363997e+00
3.660000e+01   -8.487279e-01   -0.000000e+00   -0.000000e+00   2.528239e+02   7.291215e-06   5.292372e+00
3.670000e+01   5.950284e-02   -0.000000e+00   -0.000000e+00   2.531317e+02   7.185208e-06   5.221776e+00
3.680000e+01   4.558745e-01   -0.000000e+00   -0.000000e+00   2.534396e+02   7.080850e-06   5.152194e+00
3.690000e+01   7.557761e-01   -0.000000e+00   -0.000000e+00   2.537477e+02   6.978111e-06   5.083611e+00
3.700000e+01   1.011341e+00   -0.000000e+00   -0.000000e+00   2.540560e+02   6.876962e-06   5.016010e+00
3.710000e+01   1.207392e+00   -0.000000e+00   -0.000000e+00   2.543647e+02   6.777372e-06   4.949378e+00
3.720000e+01   1.328754e+00   -0.000000e+00   -0.000000e+00   2.546740e+02   6.679313e-06   4.883697e+00
3.730000e+01   1.219556e+00   -0.000000e+00   -0.000000e+00   2.549838e+02   6.582757e-06   4.818953e+00
3.740000e+01   2.899243e-01   -0.000000e+00   -0.000000e+00   2.552943e+02   6.487674e-06   4.755131e+00
3.750000e+01   -1.174445e+00   -0.000000e+00   -0.000000e+00   2.556057e+02   6.394037e-06   4.692215e+00
3.760000e+01   -2.764747e+00   -0.000000e+00   -0.000000e+00   2.559179e+02   6.301817e-06   4.630190e+00
3.770000e+01   -4.072178e+00   -0.000000e+00   -0.000000e+00   2.562312e+02   6.210988e-06   4.569041e+00
3.780000e+01   -4.781609e+00   -0.000000e+00   -0.000000e+00   2.565456e+02   6.121522e-06   4.508751e+00
3.790000e+01   -5.231233e+00   -0.000000e+00   -0.000000e+00   2.568610e+02   6.033401e-06   4.449311e+00
3.800000e+01   -5.579163e+00   -0.000000e+00   -0.000000e+00   2.571775e+02   5.946606e-06   4.390708e+00
3.810000e+01   -5.910479e+00   -0.000000e+00   -0.000000e+00   2.574950e+02   5.861120e-06   4.332931e+00
3.820000e+01   -6.310261e+00   -0.000000e+00   -0.000000e+00   2.578134e+02   5.776926e-06   4.275969e+00
3.830000e+01   -6.899207e+00   -0.000000e+00   -0.000000e+00   2.581326e+02   5.694006e-06   4.219812e+00
3.840000e+01   -7.875844e+00   -0.000000e+00   -0.000000e+00   2.584526e+02   5.612342e-06   4.164448e+00
3.850000e+01   -9.022320e+00   -0.000000e+00   -0.000000e+00   2.587734e+02   5.531918e-06   4.109866e+00
3.860000e+01   -1.005687e+01   -0.000000e+00   -0.000000e+00   2.590948e+02   5.452715e-06   4.056055e+00
3.870000e+01   -1.069774e+01   -0.000000e+00   -0.000000e+00   2.594169e+02   5.374716e-06   4.003004e+00
3.880000e+01   -1.068203e+01   -0.000000e+00   -0.000000e+00   2.597395e+02   5.297904e-06   3.950703e+00
3.890000e+01   -1.002704e+01   -0.000000e+00   -0.000000e+00   2.600626e+02   5.222260e-06   3.899139e+00
3.900000e+01   -8.895382e+00   -0.000000e+00   -0.000000e+00   2.603861e+02   5.147767e-06   3.848302e+00
3.910000e+01   -7.440700e+00   -0.000000e+00   -0.000000e+00   2.607101e+02   5.074409e-06   3.798181e+00
3.920000e+01   -5.816629e+00   -0.000000e+00   -0.000000e+00   2.610344e+02   5.002166e-06   3.748764e+00
3.930000e+01   -4.019481e+00   -0.000000e+00   -0.000000e+00   2.613589e+02   4.931022e-06   3.700042e+00
3.940000e+01   -9.979143e-01   -0.000000e+00   -0.000000e+00   2.616836e+02   4.860960e-06   3.652002e+00
3.950000e+01   2.728460e+00   -0.000000e+00   -0.000000e+00   2.620083e+02   4.791966e-06   3.604634e+00
3.960000e+01   6.240279e+00   -0.000000e+00   -0.000000e+00   2.623326e+02   4.724030e-06   3.557930e+00
3.970000e+01   8.618190e+00   -0.000000e+00   -0.000000e+00   2.626561e+02   4.657144e-06   3.511879e+00
3.980000e+01   9.083347e+00   -0.000000e+00   -0.000000e+00   2.629785e+02   4.591295e-06   3.466473e+00
3.990000e+01   8.591469e+00   -0.000000e+00   -0.000000e+00   2.632992e+02   4.526476e-06   3.421701e+00
4.000000e+01   7.675266e+00   -0.000000e+00   -0.000000e+00   2.636180e+02   4.462674e-06   3.377556e+00
4.010000e+01   6.522235e+00   -0.000000e+00   -0.000000e+00   2.639344e+02   4.399878e-06   3.334026e+00
4.020000e+01   5.319878e+00   -0.000000e+00   -0.000000e+00   2.642481e+02   4.338079e-06   3.291104e+00
4.030000e+01   4.231269e+00   -0.000000e+00   -0.000000e+00   2.645586e+02   4.277263e-06   3.248779e+00
4.040000e+01   3.088236e+00   -0.000000e+00   -0.000000e+00   2.648656e+02   4.217419e-06   3.207042e+00
4.050000e+01   1.861246e+00   -0.000000e+00   -0.000000e+00   2.651687e+02   4.158535e-06   3.165885e+00
4.060000e+01   6.089106e-01   -0.000000e+00   -0.000000e+00   2.654676e+02   4.100600e-06   3.125296e+00
4.070000e+01   -6.101615e-01   -0.000000e+00   -0.000000e+00   2.657617e+02   4.043600e-06   3.085268e+00
4.080000e+01   -1.756494e+00   -0.000000e+00   -0.000000e+00   2.660507e+02   3.987524e-06   3.045791e+00
4.090000e+01   -3.034281e+00   -0.000000e+00   -0.000000e+00   2.663343e+02   3.932358e-06   3.006855e+00
4.100000e+01   -4.361662e+00   -0.000000e+00   -0.000000e+00   2.666120e+02   3.878089e-06   2.968451e+00
4.110000e+01   -5.541245e+00   -0.000000e+00   -0.000000e+00   2.668835e+02   3.824705e-06   2.930570e+00
4.120000e+01   -6.374898e+00   -0.000000e+00   -0.000000e+00   2.671488e+02   3.772189e-06   2.893204e+00
4.130000e+01   -6.664023e+00   -0.000000e+00   -0.000000e+00   2.674084e+02   3.720518e-06   2.856346e+00
4.140000e+01   -6.347097e+00   -0.000000e+00   -0.000000e+00   2.676627e+02   3.669672e-06   2.819990e+00
4.150000e+01   -5.673540e+00   -0.000000e+00   -0.000000e+00   2.679124e+02   3.619631e-06   2.784129e+00
4.160000e+01   -4.934163e+00   -0.000000e+00   -0.000000e+00   2.681578e+02   3.570374e-06   2.748758e+00
4.170000e+01   -4.419778e+00   -0.000000e+00   -0.000000e+00   2.683994e+02   3.521884e-06   2.713869e+00
4.180000e+01   -4.401015e+00   -0.000000e+00   -0.000000e+00   2.686379e+02   3.474140e-06   2.679457e+00
4.190000e+01   -4.591113e+00   -0.000000e+00   -0.000000e+00   2.688736e+02   3.427124e-06   2.645515e+00
4.200000e+01   -4.798828e+00   -0.000000e+00   -0.000000e+00   2.691070e+02   3.380819e-06   2.612037e+00
4.210000e+01   -5.022119e+00   -0.000000e+00   -0.000000e+00   2.693387e+02   3.335207e-06   2.579016e+00
4.220000e+01   -5.258944e+00   -0.000000e+00   -0.000000e+00   2.695692e+02   3.290271e-06   2.546446e+00
4.230000e+01   -5.525151e+00   -0.000000e+00   -0.000000e+00   2.697990e+02   3.245995e-06   2.514320e+00
4.240000e+01   -6.318992e+00   -0.000000e+00   -0.000000e+00   2.700284e+02   3.202363e-06   2.482632e+00
4.250000e+01   -7.589430e+00   -0.000000e+00   -0.000000e+00   2.702582e+02   3.159357e-06   2.451376e+00
4.260000e+01   -8.959165e+00   -0.000000e+00   -0.000000e+00   2.704887e+02   3.116964e-06   2.420545e+00
4.270000e+01   -1.005090e+01   -0.000000e+00   -0.000000e+00   2.707204e+02   3.075168e-06   2.390134e+00
4.280000e+01   -1.048780e+01   -0.000000e+00   -0.000000e+00   2.709538e+02   3.033955e-06   2.360135e+00
4.290000e+01   -1.008246e+01   -0.000000e+00   -0.000000e+00   2.711895e+02   2.993310e-06   2.330542e+00
4.300000e+01   -9.127742e+00   -0.000000e+00   -0.000000e+00   2.714272e+02   2.953227e-06   2.301349e+00
4.310000e+01   -7.991560e+00   -0.000000e+00   -0.000000e+00   2.716665e+02   2.913704e-06   2.272552e+00
4.320000e+01   -7.041826e+00   -0.000000e+00   -0.000000e+00   2.719070e+02   2.874738e-06   2.244145e+00
4.330000e+01   -6.639175e+00   -0.000000e+00   -0.000000e+00   2.721482e+02   2.836324e-06   2.216122e+00
4.340000e+01   -6.563092e+00   -0.000000e+00   -0.000000e+00   2.723898e+02   2.798460e-06   2.188479e+00
4.350000e+01   -6.528744e+00   -0.000000e+00   -0.000000e+00   2.726313e+02   2.761143e-06   2.161210e+00
4.360000e+01   -6.509341e+00   -0.000000e+00   -0.000000e+00   2.728723e+02   2.724367e-06   2.134309e+00
4.370000e+01   -6.478095e+00   -0.000000e+00   -0.000000e+00   2.731123e+02   2.688128e-06   2.107772e+00
4.380000e+01   -6.408559e+00   -0.000000e+00   -0.000000e+00   2.733509e+02   2.652423e-06   2.081593e+00
4.390000e+01   -6.316396e+00   -0.000000e+00   -0.000000e+00   2.735878e+02   2.617247e-06   2.055766e+00
4.400000e+01   -6.212204e+00   -0.000000e+00   -0.000000e+00   2.738224e+02   2.582594e-06   2.030287e+00
4.410000e+01   -6.080543e+00   -0.000000e+00   -0.000000e+00   2.740543e+02   2.548460e-06   2.005150e+00
4.420000e+01   -5.905971e+00   -0.000000e+00   -0.000000e+00   2.742832e+02   2.514840e-06   1.980350e+00
4.430000e+01   -5.672156e+00   -0.000000e+00   -0.000000e+00   2.745085e+02   2.481729e-06   1.955881e+00
4.440000e+01   -5.179944e+00   -0.000000e+00   -0.000000e+00   2.747299e+02   2.449120e-06   1.931738e+00
4.450000e+01   -4.428934e+00   -0.000000e+00   -0.000000e+00   2.749469e+02   2.417009e-06   1.907916e+00
4.460000e+01   -3.625982e+00   -0.000000e+00   -0.000000e+00   2.751591e+02   2.385389e-06   1.884410e+00
4.470000e+01   -2.977948e+00   -0.000000e+00   -0.000000e+00   2.753660e+02   2.354255e-06   1.861214e+00
4.480000e+01   -2.692218e+00   -0.000000e+00   -0.000000e+00   2.755674e+02   2.323601e-06   1.838323e+00
4.490000e+01   -2.943921e+00   -0.000000e+00   -0.000000e+00   2.757631e+02   2.293419e-06   1.815733e+00
4.500000e+01   -3.585443e+00   -0.000000e+00   -0.000000e+00   2.759528e+02   2.263703e-06   1.793439e+00
4.510000e+01   -4.349959e+00   -0.000000e+00   -0.000000e+00   2.761365e+02   2.234446e-06   1.771438e+00
4.520000e+01   -4.970645e+00   -0.000000e+00   -0.000000e+00   2.763140e+02   2.205640e-06   1.749725e+00
4.530000e+01   -5.180675e+00   -0.000000e+00   -0.000000e+00   2.764850e+02   2.177278e-06   1.728295e+00
4.540000e+01   -5.091977e+00   -0.000000e+00   -0.000000e+00   2.766496e+02   2.149354e-06   1.707145e+00
4.550000e+01   -4.997265e+00   -0.000000e+00   -0.000000e+00   2.768074e+02   2.121861e-06   1.686270e+00
4.560000e+01   -4.900895e+00   -0.000000e+00   -0.000000e+00   2.769583e+02   2.094792e-06   1.665665e+00
4.570000e+01   -4.807222e+00   -0.000000e+00   -0.000000e+00   2.771023e+02   2.068139e-06   1.645327e+00
4.580000e+01   -4.720602e+00   -0.000000e+00   -0.000000e+00   2.772390e+02   2.041897e-06   1.625251e+00
4.590000e+01   -4.757806e+00   -0.000000e+00   -0.000000e+00   2.773684e+02   2.016058e-06   1.605433e+00
4.600000e+01   -4.976053e+00   -0.000000e+00   -0.000000e+00   2.774903e+02   1.990615e-06   1.585869e+00
4.610000e+01   -5.263212e+00   -0.000000e+00   -0.000000e+00   2.776045e+02   1.965561e-06   1.566554e+00
4.620000e+01   -5.506998e+00   -0.000000e+00   -0.000000e+00   2.777108e+02   1.940890e-06   1.547484e+00
4.630000e+01   -5.595124e+00   -0.000000e+00   -0.000000e+00   2.778092e+02   1.916595e-06   1.528654e+00
4.640000e+01   -5.533259e+00   -0.000000e+00   -0.000000e+00   2.778994e+02   1.892668e-06   1.510061e+00
4.650000e+01   -5.446371e+00   -0.000000e+00   -0.000000e+00   2.779813e+02   1.869104e-06   1.491700e+00
4.660000e+01   -5.359113e+00   -0.000000e+00   -0.000000e+00   2.780548e+02   1.845895e-06   1.473567e+00
4.670000e+01   -5.295048e+00   -0.000000e+00   -0.000000e+00   2.781197e+02   1.823035e-06   1.455657e+00
4.680000e+01   -5.276073e+00   -0.000000e+00   -0.000000e+00   2.781764e+02   1.800516e-06   1.437969e+00
4.690000e+01   -5.345941e+00   -0.000000e+00   -0.000000e+00   2.782252e+02   1.778329e-06   1.420499e+00
4.700000e+01   -5.523412e+00   -0.000000e+00   -0.000000e+00   2.782664e+02   1.756468e-06   1.403245e+00
4.710000e+01   -5.772103e+00   -0.000000e+00   -0.000000e+00   2.783004e+02   1.734926e-06   1.386204e+00
4.720000e+01   -6.055255e+00   -0.000000e+00   -0.000000e+00   2.783276e+02   1.713695e-06   1.369374e+00
4.730000e+01   -6.336116e+00   -0.000000e+00   -0.000000e+00   2.783482e+02   1.692768e-06   1.352752e+00
4.740000e+01   -6.628695e+00   -0.000000e+00   -0.000000e+00   2.783627e+02   1.672138e-06   1.336336e+00
4.750000e+01   -6.974311e+00   -0.000000e+00   -0.000000e+00   2.783713e+02   1.651799e-06   1.320122e+00
4.760000e+01   -7.328585e+00   -0.000000e+00   -0.000000e+00   2.783745e+02   1.631744e-06   1.304109e+00
4.770000e+01   -7.645911e+00   -0.000000e+00   -0.000000e+00   2.783724e+02   1.611967e-06   1.288294e+00
4.780000e+01   -7.880682e+00   -0.000000e+00   -0.000000e+00   2.783656e+02   1.592461e-06   1.272673e+00
4.790000e+01   -8.035879e+00   -0.000000e+00   -0.000000e+00   2.783543e+02   1.573221e-06   1.257245e+00
4.800000e+01   -8.177546e+00   -0.000000e+00   -0.000000e+00   2.783389e+02   1.554239e-06   1.242007e+00
4.810000e+01   -8.301551e+00   -0.000000e+00   -0.000000e+00   2.783197e+02   1.535511e-06   1.226957e+00
4.820000e+01   -8.402007e+00   -0.000000e+00   -0.000000e+00   2.782971e+02   1.517030e-06   1.212091e+00
4.830000e+01   -8.473024e+00   -0.000000e+00   -0.000000e+00   2.782713e+02   1.498791e-06   1.197407e+00
4.840000e+01   -8.083119e+00   -0.000000e+00   -0.000000e+00   2.782428e+02   1.480788e-06   1.182903e+00
4.850000e+01   -6.677598e+00   -0.000000e+00   -0.000000e+00   2.782119e+02   1.463015e-06   1.168576e+00
4.860000e+01   -4.829144e+00   -0.000000e+00   -0.000000e+00   2.781790e+02   1.445468e-06   1.154423e+00
4.870000e+01   -3.141801e+00   -0.000000e+00   -0.000000e+00   2.781442e+02   1.428141e-06   1.140442e+00
4.880000e+01   -2.220535e+00   -0.000000e+00   -0.000000e+00   2.781080e+02   1.411029e-06   1.126631e+00
4.890000e+01   -2.476881e+00   -0.000000e+00   -0.000000e+00   2.780705e+02   1.394130e-06   1.112988e+00
4.900000e+01   -3.543048e+00   -0.000000e+00   -0.000000e+00   2.780321e+02   1.377439e-06   1.099511e+00
4.910000e+01   -5.004436e+00   -0.000000e+00   -0.000000e+00   2.779929e+02   1.360952e-06   1.086197e+00
4.920000e+01   -6.455195e+00   -0.000000e+00   -0.000000e+00   2.779533e+02   1.344664e-06   1.073045e+00
4.930000e+01   -7.489472e+00   -0.000000e+00   -0.000000e+00   2.779135e+02   1.328573e-06   1.060053e+00
4.940000e+01   -7.970786e+00   -0.000000e+00   -0.000000e+00   2.778738e+02   1.312674e-06   1.047218e+00
4.950000e+01   -8.376401e+00   -0.000000e+00   -0.000000e+00   2.778345e+02   1.296965e-06   1.034538e+00
4.960000e+01   -8.703765e+00   -0.000000e+00   -0.000000e+00   2.777957e+02   1.281440e-06   1.022012e+00
4.970000e+01   -8.919116e+00   -0.000000e+00   -0.000000e+00   2.777578e+02   1.266096e-06   1.009637e+00
4.980000e+01   -8.988694e+00   -0.000000e+00   -0.000000e+00   2.777210e+02   1.250930e-06   9.974110e-01
4.990000e+01   -8.631637e+00   -0.000000e+00   -0.000000e+00   2.776855e+02   1.235939e-06   9.853322e-01
5.000000e+01   -7.319402e+00   -0.000000e+00   -0.000000e+00   2.776518e+02   1.221119e-06   9.733985e-01
5.010000e+01   -5.425386e+00   -0.000000e+00   -0.000000e+00   2.776199e+02   1.206466e-06   9.616077e-01
5.020000e+01   -3.375266e+00   -0.000000e+00   -0.000000e+00   2.775902e+02   1.191977e-06   9.499578e-01
5.030000e+01   -1.594720e+00   -0.000000e+00   -0.000000e+00   2.775630e+02   1.177649e-06   9.384467e-01
5.040000e+01   -2.624796e-01   -0.000000e+00   -0.000000e+00   2.775384e+02   1.163478e-06   9.270724e-01
5.050000e+01   1.112898e+00   -0.000000e+00   -0.000000e+00   2.775168e+02   1.149462e-06   9.158327e-01
5.060000e+01   2.410319e+00   -0.000000e+00   -0.000000e+00   2.774984e+02   1.135597e-06   9.047256e-01
5.070000e+01   3.451509e+00   -0.000000e+00   -0.000000e+00   2.774832e+02   1.121881e-06   8.937493e-01
5.080000e+01   4.058129e+00   -0.000000e+00   -0.000000e+00   2.774705e+02   1.108316e-06   8.829021e-01
5.090000e+01   4.074256e+00   -0.000000e+00   -0.000000e+00   2.774596e+02   1.094902e-06   8.721825e-01
5.100000e+01   3.553516e+00   -0.000000e+00   -0.000000e+00   2.774498e+02   1.081642e-06   8.615891e-01
5.110000e+01   2.655099e+00   -0.000000e+00   -0.000000e+00   2.774403e+02   1.068536e-06   8.511204e-01
5.120000e+01   1.538240e+00   -0.000000e+00   -0.000000e+00   2.774305e+02   1.055585e-06   8.407749e-01
5.130000e+01   3.621790e-01   -0.000000e+00   -0.000000e+00   2.774196e+02   1.042790e-06   8.305510e-01
5.140000e+01   -8.430191e-01   -0.000000e+00   -0.000000e+00   2.774069e+02   1.030151e-06   8.204473e-01
5.150000e+01   -2.418900e+00   -0.000000e+00   -0.000000e+00   2.773917e+02   1.017670e-06   8.104623e-01
5.160000e+01   -4.194613e+00   -0.000000e+00   -0.000000e+00   2.773732e+02   1.005346e-06   8.005945e-01
5.170000e+01   -5.940010e+00   -0.000000e+00   -0.000000e+00   2.773508e+02   9.931804e-07   7.908424e-01
5.180000e+01   -7.424940e+00   -0.000000e+00   -0.000000e+00   2.773237e+02   9.811726e-07   7.812044e-01
5.190000e+01   -8.536870e+00   -0.000000e+00   -0.000000e+00   2.772911e+02   9.693229e-07   7.716791e-01
5.200000e+01   -9.631247e+00   -0.000000e+00   -0.000000e+00   2.772524e+02   9.576313e-07   7.622651e-01
5.210000e+01   -1.064007e+01   -0.000000e+00   -0.000000e+00   2.772068e+02   9.460977e-07   7.529607e-01
5.220000e+01   -1.142958e+01   -0.000000e+00   -0.000000e+00   2.771537e+02   9.347219e-07   7.437645e-01
5.230000e+01   -1.186601e+01   -0.000000e+00   -0.000000e+00   2.770923e+02   9.235035e-07   7.346750e-01
5.240000e+01   -1.186698e+01   -0.000000e+00   -0.000000e+00   2.770218e+02   9.124421e-07   7.256907e-01
5.250000e+01   -1.164081e+01   -0.000000e+00   -0.000000e+00   2.769416e+02   9.015373e-07   7.168102e-01
5.260000e+01   -1.126902e+01   -0.000000e+00   -0.000000e+00   2.768509e+02   8.907884e-07   7.080318e-01
5.270000e+01   -1.080034e+01   -0.000000e+00   -0.000000e+00   2.767490e+02   8.801946e-07   6.993542e-01
5.280000e+01   -1.028304e+01   -0.000000e+00   -0.000000e+00   2.766361e+02   8.697535e-07   6.907763e-01
5.290000e+01   -9.725174e+00   -0.000000e+00   -0.000000e+00   2.765123e+02   8.594619e-07   6.822970e-01
5.300000e+01   -8.946471e+00   -0.000000e+00   -0.000000e+00   2.763780e+02   8.493166e-07   6.739156e-01
5.310000e+01   -7.984330e+00   -0.000000e+00   -0.000000e+00   2.762336e+02   8.393147e-07   6.656311e-01
5.320000e+01   -6.917388e+00   -0.000000e+00   -0.000000e+00   2.760792e+02   8.294530e-07   6.574425e-01
5.330000e+01   -5.824283e+00   -0.000000e+00   -0.000000e+00   2.759152e+02   8.197288e-07   6.493490e-01
5.340000e+01   -4.711402e+00   -0.000000e+00   -0.000000e+00   2.757420e+02   8.101391e-07   6.413496e-01
5.350000e+01   -3.251503e+00   -0.000000e+00   -0.000000e+00   2.755598e+02   8.006812e-07   6.334434e-01
5.360000e+01   -1.670729e+00   -0.000000e+00   -0.000000e+00   2.753689e+02   7.913524e-07   6.256295e-01
5.370000e+01   -3.016270e-01   -0.000000e+00   -0.000000e+00   2.751697e+02   7.821500e-07   6.179070e-01
5.380000e+01   5.232549e-01   -0.000000e+00   -0.000000e+00   2.749625e+02   7.730714e-07   6.102749e-01
5.390000e+01   4.804339e-01   -0.000000e+00   -0.000000e+00   2.747476e+02   7.641141e-07   6.027322e-01
5.400000e+01   -4.313432e-01   -0.000000e+00   -0.000000e+00   2.745252e+02   7.552756e-07   5.952782e-01
5.410000e+01   -1.812328e+00   -0.000000e+00   -0.000000e+00   2.742957e+02   7.465534e-07   5.879119e-01
5.420000e+01   -3.237742e+00   -0.000000e+00   -0.000000e+00   2.740594e+02   7.379451e-07   5.806323e-01
5.430000e+01   -4.282807e+00   -0.000000e+00   -0.000000e+00   2.738167e+02   7.294485e-07   5.734386e-01
5.440000e+01   -4.612115e+00   -0.000000e+00   -0.000000e+00   2.735678e+02   7.210611e-07   5.663297e-01
5.450000e+01   -4.767061e+00   -0.000000e+00   -0.000000e+00   2.733129e+02   7.127808e-07   5.593048e-01
5.460000e+01   -4.925323e+00   -0.000000e+00   -0.000000e+00   2.730526e+02   7.046054e-07   5.523630e-01
5.470000e+01   -5.089115e+00   -0.000000e+00   -0.000000e+00   2.727870e+02   6.965326e-07   5.455034e-01
5.480000e+01   -5.260622e+00   -0.000000e+00   -0.000000e+00   2.725164e+02   6.885604e-07   5.387250e-01
5.490000e+01   -5.454556e+00   -0.000000e+00   -0.000000e+00   2.722413e+02   6.806865e-07   5.320269e-01
5.500000e+01   -5.784012e+00   -0.000000e+00   -0.000000e+00   2.719619e+02   6.729091e-07   5.254082e-01
5.510000e+01   -6.210099e+00   -0.000000e+00   -0.000000e+00   2.716786e+02   6.652259e-07   5.188681e-01
5.520000e+01   -6.650721e+00   -0.000000e+00   -0.000000e+00   2.713918e+02   6.576350e-07   5.124057e-01
5.530000e+01   -7.023779e+00   -0.000000e+00   -0.000000e+00   2.711016e+02   6.501345e-07   5.060201e-01
5.540000e+01   -7.242676e+00   -0.000000e+00   -0.000000e+00   2.708086e+02   6.427224e-07   4.997103e-01
5.550000e+01   -7.210718e+00   -0.000000e+00   -0.000000e+00   2.705131e+02   6.353968e-07   4.934756e-01
5.560000e+01   -6.964959e+00   -0.000000e+00   -0.000000e+00   2.702153e+02   6.281559e-07   4.873150e-01
5.570000e+01   -6.571415e+00   -0.000000e+00   -0.000000e+00   2.699157e+02   6.209977e-07   4.812276e-01
5.580000e+01   -6.096105e+00   -0.000000e+00   -0.000000e+00   2.696145e+02   6.139207e-07   4.752125e-01
5.590000e+01   -5.565130e+00   -0.000000e+00   -0.000000e+00   2.693121e+02   6.069228e-07   4.692689e-01
5.600000e+01   -4.511425e+00   -0.000000e+00   -0.000000e+00   2.690089e+02   6.000026e-07   4.633958e-01
5.610000e+01   -3.098965e+00   -0.000000e+00   -0.000000e+00   2.687052e+02   5.931581e-07   4.575925e-01
5.620000e+01   -1.737087e+00   -0.000000e+00   -0.000000e+00   2.684013e+02   5.863878e-07   4.518579e-01
5.630000e+01   -8.351236e-01   -0.000000e+00   -0.000000e+00   2.680975e+02   5.796900e-07   4.461912e-01
5.640000e+01   -7.904006e-01   -0.000000e+00   -0.000000e+00   2.677943e+02   5.730631e-07   4.405915e-01
5.650000e+01   -1.588090e+00   -0.000000e+00   -0.000000e+00   2.674919e+02   5.665054e-07   4.350579e-01
5.660000e+01   -2.902561e+00   -0.000000e+00   -0.000000e+00   2.671907e+02   5.600155e-07   4.295895e-01
5.670000e+01   -4.435593e+00   -0.000000e+00   -0.000000e+00   2.668910e+02   5.535917e-07   4.241855e-01
5.680000e+01   -5.888968e+00   -0.000000e+00   -0.000000e+00   2.665932e+02   5.472325e-07   4.188450e-01
5.690000e+01   -6.982197e+00   -0.000000e+00   -0.000000e+00   2.662971e+02   5.409375e-07   4.135670e-01
5.700000e+01   -7.922444e+00   -0.000000e+00   -0.000000e+00   2.660017e+02   5.347081e-07   4.083509e-01
5.710000e+01   -8.823449e+00   -0.000000e+00   -0.000000e+00   2.657059e+02   5.285456e-07   4.031958e-01
5.720000e+01   -9.630769e+00   -0.000000e+00   -0.000000e+00   2.654086e+02   5.224512e-07   3.981009e-01
5.730000e+01   -1.028997e+01   -0.000000e+00   -0.000000e+00   2.651088e+02   5.164263e-07   3.930654e-01
5.740000e+01   -1.074970e+01   -0.000000e+00   -0.000000e+00   2.648053e+02   5.104719e-07   3.880886e-01
5.750000e+01   -1.107960e+01   -0.000000e+00   -0.000000e+00   2.644971e+02   5.045891e-07   3.831697e-01
5.760000e+01   -1.135622e+01   -0.000000e+00   -0.000000e+00   2.641830e+02   4.987788e-07   3.783078e-01
5.770000e+01   -1.161627e+01   -0.000000e+00   -0.000000e+00   2.638621e+02   4.930419e-07   3.735022e-01
5.780000e+01   -1.189646e+01   -0.000000e+00   -0.000000e+00   2.635332e+02   4.873791e-07   3.687521e-01
5.790000e+01   -1.224014e+01   -0.000000e+00   -0.000000e+00   2.631951e+02   4.817913e-07   3.640568e-01
5.800000e+01   -1.292371e+01   -0.000000e+00   -0.000000e+00   2.628470e+02   4.762789e-07   3.594154e-01
5.810000e+01   -1.389662e+01   -0.000000e+00   -0.000000e+00   2.624875e+02   4.708426e-07   3.548271e-01
5.820000e+01   -1.490974e+01   -0.000000e+00   -0.000000e+00   2.621157e+02   4.654828e-07   3.502911e-01
5.830000e+01   -1.571393e+01   -0.000000e+00   -0.000000e+00   2.617305e+02   4.602001e-07   3.458067e-01
5.840000e+01   -1.605660e+01   -0.000000e+00   -0.000000e+00   2.613308e+02   4.549947e-07   3.413731e-01
5.850000e+01   -1.556508e+01   -0.000000e+00   -0.000000e+00   2.609155e+02   4.498669e-07   3.369895e-01
5.860000e+01   -1.431665e+01   -0.000000e+00   -0.000000e+00   2.604835e+02   4.448171e-07   3.326551e-01
5.870000e+01   -1.260204e+01   -0.000000e+00   -0.000000e+00   2.600338e+02   4.398454e-07   3.283691e-01
5.880000e+01   -1.071196e+01   -0.000000e+00   -0.000000e+00   2.595652e+02   4.349520e-07   3.241307e-01
5.890000e+01   -8.929732e+00   -0.000000e+00   -0.000000e+00   2.590767e+02   4.301369e-07   3.199391e-01
5.900000e+01   -6.725282e+00   -0.000000e+00   -0.000000e+00   2.585684e+02   4.253983e-07   3.157938e-01
5.910000e+01   -4.035296e+00   -0.000000e+00   -0.000000e+00   2.580420e+02   4.207324e-07   3.116942e-01
5.920000e+01   -1.438786e+00   -0.000000e+00   -0.000000e+00   2.574990e+02   4.161355e-07   3.076399e-01
5.930000e+01   4.852338e-01   -0.000000e+00   -0.000000e+00   2.569413e+02   4.116038e-07   3.036306e-01
5.940000e+01   1.161511e+00   -0.000000e+00   -0.000000e+00   2.563703e+02   4.071337e-07   2.996657e-01
5.950000e+01   1.074461e+00   -0.000000e+00   -0.000000e+00   2.557878e+02   4.027218e-07   2.957449e-01
5.960000e+01   8.881159e-01   -0.000000e+00   -0.000000e+00   2.551954e+02   3.983647e-07   2.918677e-01
5.970000e+01   6.156313e-01   -0.000000e+00   -0.000000e+00   2.545947e+02   3.940592e-07   2.880336e-01
5.980000e+01   2.701632e-01   -0.000000e+00   -0.000000e+00   2.539875e+02   3.898019e-07   2.842423e-01
5.990000e+01   -1.359572e-01   -0.000000e+00   -0.000000e+00   2.533754e+02   3.855899e-07   2.804933e-01
6.000000e+01   -1.277257e+00   -0.000000e+00   -0.000000e+00   2.527600e+02   3.814201e-07   2.767861e-01
6.010000e+01   -3.348137e+00   -0.000000e+00   -0.000000e+00   2.521430e+02   3.772896e-07   2.731204e-01
6.020000e+01   -5.759676e+00   -0.000000e+00   -0.000000e+00   2.515260e+02   3.731956e-07   2.694957e-01
6.030000e+01   -7.922958e+00   -0.000000e+00   -0.000000e+00   2.509108e+02   3.691352e-07   2.659115e-01
6.040000e+01   -9.249064e+00   -0.000000e+00   -0.000000e+00   2.502989e+02   3.651059e-07   2.623675e-01
6.050000e+01   -9.835888e+00   -0.000000e+00   -0.000000e+00   2.496920e+02   3.611049e-07   2.588632e-01
6.060000e+01   -1.024367e+01   -0.000000e+00   -0.000000e+00   2.490917e+02   3.571298e-07   2.553981e-01
6.070000e+01   -1.057701e+01   -0.000000e+00   -0.000000e+00   2.484998e+02   3.531780e-07   2.519719e-01
6.080000e+01   -1.094050e+01   -0.000000e+00   -0.000000e+00   2.479179e+02   3.492473e-07   2.485841e-01
6.090000e+01   -1.143876e+01   -0.000000e+00   -0.000000e+00   2.473476e+02   3.453353e-07   2.452343e-01
6.100000e+01   -1.231343e+01   -0.000000e+00   -0.000000e+00   2.467904e+02   3.414403e-07   2.419220e-01
6.110000e+01   -1.355520e+01   -0.000000e+00   -0.000000e+00   2.462458e+02   3.375628e-07   2.386469e-01
6.120000e+01   -1.484997e+01   -0.000000e+00   -0.000000e+00   2.457134e+02   3.337041e-07   2.354088e-01
6.130000e+01   -1.588342e+01   -0.000000e+00   -0.000000e+00   2.451923e+02   3.298655e-07   2.322074e-01
6.140000e+01   -1.634121e+01   -0.000000e+00   -0.000000e+00   2.446818e+02   3.260482e-07   2.290424e-01
6.150000e+01   -1.595203e+01   -0.000000e+00   -0.000000e+00   2.441813e+02   3.222533e-07   2.259135e-01
6.160000e+01   -1.489349e+01   -0.000000e+00   -0.000000e+00   2.436899e+02   3.184820e-07   2.228204e-01
6.170000e+01   -1.355160e+01   -0.000000e+00   -0.000000e+00   2.432071e+02   3.147354e-07   2.197628e-01
6.180000e+01   -1.231264e+01   -0.000000e+00   -0.000000e+00   2.427319e+02   3.110146e-07   2.167405e-01
6.190000e+01   -1.156290e+01   -0.000000e+00   -0.000000e+00   2.422639e+02   3.073205e-07   2.137532e-01
6.200000e+01   -1.128580e+01   -0.000000e+00   -0.000000e+00   2.418021e+02   3.036541e-07   2.108005e-01
6.210000e+01   -1.105703e+01   -0.000000e+00   -0.000000e+00   2.413460e+02   3.000164e-07   2.078823e-01
6.220000e+01   -1.088663e+01   -0.000000e+00   -0.000000e+00   2.408948e+02   2.964083e-07   2.049982e-01
6.230000e+01   -1.078903e+01   -0.000000e+00   -0.000000e+00   2.404477e+02   2.928305e-07   2.021480e-01
6.240000e+01   -1.077863e+01   -0.000000e+00   -0.000000e+00   2.400041e+02   2.892840e-07   1.993313e-01
6.250000e+01   -1.103881e+01   -0.000000e+00   -0.000000e+00   2.395633e+02   2.857694e-07   1.965479e-01
6.260000e+01   -1.176971e+01   -0.000000e+00   -0.000000e+00   2.391244e+02   2.822876e-07   1.937975e-01
6.270000e+01   -1.283324e+01   -0.000000e+00   -0.000000e+00   2.386869e+02   2.788391e-07   1.910798e-01
6.280000e+01   -1.408684e+01   -0.000000e+00   -0.000000e+00   2.382500e+02   2.754248e-07   1.883945e-01
6.290000e+01   -1.538793e+01   -0.000000e+00   -0.000000e+00   2.378129e+02   2.720451e-07   1.857414e-01
6.300000e+01   -1.683058e+01   -0.000000e+00   -0.000000e+00   2.373750e+02   2.687006e-07   1.831201e-01
6.310000e+01   -1.866994e+01   -0.000000e+00   -0.000000e+00   2.369359e+02   2.653915e-07   1.805304e-01
6.320000e+01   -2.070597e+01   -0.000000e+00   -0.000000e+00   2.364952e+02   2.621179e-07   1.779719e-01
6.330000e+01   -2.272888e+01   -0.000000e+00   -0.000000e+00   2.360526e+02   2.588797e-07   1.754443e-01
6.340000e+01   -2.452886e+01   -0.000000e+00   -0.000000e+00   2.356078e+02   2.556770e-07   1.729473e-01
6.350000e+01   -2.614352e+01   -0.000000e+00   -0.000000e+00   2.351603e+02   2.525098e-07   1.704805e-01
6.360000e+01   -2.786188e+01   -0.000000e+00   -0.000000e+00   2.347099e+02   2.493781e-07   1.680436e-01
6.370000e+01   -2.946853e+01   -0.000000e+00   -0.000000e+00   2.342561e+02   2.462818e-07   1.656363e-01
6.380000e+01   -3.073243e+01   -0.000000e+00   -0.000000e+00   2.337988e+02   2.432208e-07   1.632583e-01
6.390000e+01   -3.142256e+01   -0.000000e+00   -0.000000e+00   2.333374e+02   2.401951e-07   1.609092e-01
6.400000e+01   -3.139443e+01   -0.000000e+00   -0.000000e+00   2.328718e+02   2.372047e-07   1.585888e-01
6.410000e+01   -3.083297e+01   -0.000000e+00   -0.000000e+00   2.324015e+02   2.342493e-07   1.562966e-01
6.420000e+01   -2.992670e+01   -0.000000e+00   -0.000000e+00   2.319261e+02   2.313290e-07   1.540324e-01
6.430000e+01   -2.885993e+01   -0.000000e+00   -0.000000e+00   2.314454e+02   2.284436e-07   1.517959e-01
6.440000e+01   -2.781693e+01   -0.000000e+00   -0.000000e+00   2.309590e+02   2.255929e-07   1.495866e-01
6.450000e+01   -2.688899e+01   -0.000000e+00   -0.000000e+00   2.304666e+02   2.227768e-07   1.474044e-01
6.460000e+01   -2.591751e+01   -0.000000e+00   -0.000000e+00   2.299678e+02   2.199952e-07   1.452488e-01
6.470000e+01   -2.487264e+01   -0.000000e+00   -0.000000e+00   2.294622e+02   2.172478e-07   1.431195e-01
6.480000e+01   -2.373441e+01   -0.000000e+00   -0.000000e+00   2.289496e+02   2.145344e-07   1.410163e-01
6.490000e+01   -2.248285e+01   -0.000000e+00   -0.000000e+00   2.284296e+02   2.118550e-07   1.389388e-01
6.500000e+01   -2.096836e+01   -0.000000e+00   -0.000000e+00   2.279020e+02   2.092090e-07   1.368866e-01
6.510000e+01   -1.897381e+01   -0.000000e+00   -0.000000e+00   2.273670e+02   2.065960e-07   1.348595e-01
6.520000e+01   -1.682012e+01   -0.000000e+00   -0.000000e+00   2.268246e+02   2.040153e-07   1.328573e-01
6.530000e+01   -1.485756e+01   -0.000000e+00   -0.000000e+00   2.262751e+02   2.014664e-07   1.308795e-01
6.540000e+01   -1.343640e+01   -0.000000e+00   -0.000000e+00   2.257187e+02   1.989486e-07   1.289261e-01
6.550000e+01   -1.269825e+01   -0.000000e+00   -0.000000e+00   2.251554e+02   1.964615e-07   1.269966e-01
6.560000e+01   -1.214446e+01   -0.000000e+00   -0.000000e+00   2.245853e+02   1.940044e-07   1.250908e-01
6.570000e+01   -1.171107e+01   -0.000000e+00   -0.000000e+00   2.240088e+02   1.915768e-07   1.232084e-01
6.580000e+01   -1.137948e+01   -0.000000e+00   -0.000000e+00   2.234259e+02   1.891781e-07   1.213491e-01
6.590000e+01   -1.113106e+01   -0.000000e+00   -0.000000e+00   2.228367e+02   1.868078e-07   1.195127e-01
6.600000e+01   -1.095622e+01   -0.000000e+00   -0.000000e+00   2.222415e+02   1.844654e-07   1.176989e-01
6.610000e+01   -1.085763e+01   -0.000000e+00   -0.000000e+00   2.216403e+02   1.821503e-07   1.159074e-01
6.620000e+01   -1.079419e+01   -0.000000e+00   -0.000000e+00   2.210334e+02   1.798620e-07   1.141378e-01
6.630000e+01   -1.072122e+01   -0.000000e+00   -0.000000e+00   2.204208e+02   1.775999e-07   1.123900e-01
6.640000e+01   -1.059402e+01   -0.000000e+00   -0.000000e+00   2.198027e+02   1.753636e-07   1.106636e-01
6.650000e+01   -1.032889e+01   -0.000000e+00   -0.000000e+00   2.191794e+02   1.731525e-07   1.089584e-01
6.660000e+01   -9.813201e+00   -0.000000e+00   -0.000000e+00   2.185508e+02   1.709662e-07   1.072741e-01
6.670000e+01   -9.195851e+00   -0.000000e+00   -0.000000e+00   2.179173e+02   1.688040e-07   1.056104e-01
6.680000e+01   -8.648866e+00   -0.000000e+00   -0.000000e+00   2.172789e+02   1.666655e-07   1.039670e-01
6.690000e+01   -8.345030e+00   -0.000000e+00   -0.000000e+00   2.166359e+02   1.645502e-07   1.023437e-01
6.700000e+01   -8.403856e+00   -0.000000e+00   -0.000000e+00   2.159891e+02   1.624573e-07   1.007404e-01
6.710000e+01   -8.662739e+00   -0.000000e+00   -0.000000e+00   2.153392e+02   1.603862e-07   9.915679e-02
6.720000e+01   -9.065105e+00   -0.000000e+00   -0.000000e+00   2.146867e+02   1.583363e-07   9.759282e-02
6.730000e+01   -9.579776e+00   -0.000000e+00   -0.000000e+00   2.140324e+02   1.563068e-07   9.604831e-02
6.740000e+01   -1.017558e+01   -0.000000e+00   -0.000000e+00   2.133769e+02   1.542973e-07   9.452310e-02
6.750000e+01   -1.094526e+01   -0.000000e+00   -0.000000e+00   2.127210e+02   1.523070e-07   9.301705e-02
6.760000e+01   -1.238627e+01   -0.000000e+00   -0.000000e+00   2.120652e+02   1.503355e-07   9.152998e-02
6.770000e+01   -1.425749e+01   -0.000000e+00   -0.000000e+00   2.114104e+02   1.483822e-07   9.006175e-02
6.780000e+01   -1.621146e+01   -0.000000e+00   -0.000000e+00   2.107571e+02   1.464465e-07   8.861220e-02
6.790000e+01   -1.790070e+01   -0.000000e+00   -0.000000e+00   2.101060e+02   1.445280e-07   8.718118e-02
6.800000e+01   -1.905715e+01   -0.000000e+00   -0.000000e+00   2.094579e+02   1.426261e-07   8.576852e-02
6.810000e+01   -1.996942e+01   -0.000000e+00   -0.000000e+00   2.088133e+02   1.407403e-07   8.437407e-02
6.820000e+01   -2.077715e+01   -0.000000e+00   -0.000000e+00   2.081730e+02   1.388703e-07   8.299768e-02
6.830000e+01   -2.155831e+01   -0.000000e+00   -0.000000e+00   2.075376e+02   1.370154e-07   8.163919e-02
6.840000e+01   -2.239088e+01   -0.000000e+00   -0.000000e+00   2.069079e+02   1.351754e-07   8.029844e-02
6.850000e+01   -2.336145e+01   -0.000000e+00   -0.000000e+00   2.062844e+02   1.333498e-07   7.897528e-02
6.860000e+01   -2.452945e+01   -0.000000e+00   -0.000000e+00   2.056680e+02   1.315382e-07   7.766955e-02
6.870000e+01   -2.577650e+01   -0.000000e+00   -0.000000e+00   2.050590e+02   1.297402e-07   7.638109e-02
6.880000e+01   -2.696040e+01   -0.000000e+00   -0.000000e+00   2.044573e+02   1.279562e-07   7.510975e-02
6.890000e+01   -2.793836e+01   -0.000000e+00   -0.000000e+00   2.038626e+02   1.261863e-07   7.385537e-02
6.900000e+01   -2.860337e+01   -0.000000e+00   -0.000000e+00   2.032746e+02   1.244307e-07   7.261780e-02
6.910000e+01   -2.915087e+01   -0.000000e+00   -0.000000e+00   2.026929e+02   1.226898e-07   7.139688e-02
6.920000e+01   -2.964874e+01   -0.000000e+00   -0.000000e+00   2.021171e+02   1.209636e-07   7.019245e-02
6.930000e+01   -3.011214e+01   -0.000000e+00   -0.000000e+00   2.015471e+02   1.192525e-07   6.900436e-02
6.940000e+01   -3.055623e+01   -0.000000e+00   -0.000000e+00   2.009824e+02   1.175566e-07   6.783245e-02
6.950000e+01   -3.099745e+01   -0.000000e+00   -0.000000e+00   2.004227e+02   1.158761e-07   6.667656e-02
6.960000e+01   -3.144970e+01   -0.000000e+00   -0.000000e+00   1.998676e+02   1.142112e-07   6.553655e-02
6.970000e+01   -3.189328e+01   -0.000000e+00   -0.000000e+00   1.993169e+02   1.125620e-07   6.441224e-02
6.980000e+01   -3.230319e+01   -0.000000e+00   -0.000000e+00   1.987703e+02   1.109287e-07   6.330350e-02
6.990000e+01   -3.265444e+01   -0.000000e+00   -0.000000e+00   1.982272e+02   1.093114e-07   6.221015e-02
7.000000e+01   -3.290976e+01   -0.000000e+00   -0.000000e+00   1.976876e+02   1.077103e-07   6.113206e-02
7.010000e+01   -3.294175e+01   -0.000000e+00   -0.000000e+00   1.971510e+02   1.061254e-07   6.006904e-02
7.020000e+01   -3.278277e+01   -0.000000e+00   -0.000000e+00   1.966170e+02   1.045569e-07   5.902097e-02
7.030000e+01   -3.250852e+01   -0.000000e+00   -0.000000e+00   1.960855e+02   1.030049e-07   5.798766e-02
7.040000e+01   -3.219473e+01   -0.000000e+00   -0.000000e+00   1.955559e+02   1.014694e-07   5.696898e-02
7.050000e+01   -3.190826e+01   -0.000000e+00   -0.000000e+00   1.950280e+02   9.995057e-08   5.596476e-02
7.060000e+01   -3.158789e+01   -0.000000e+00   -0.000000e+00   1.945014e+02   9.844848e-08   5.497484e-02
7.070000e+01   -3.121374e+01   -0.000000e+00   -0.000000e+00   1.939753e+02   9.696326e-08   5.399905e-02
7.080000e+01   -3.079774e+01   -0.000000e+00   -0.000000e+00   1.934494e+02   9.549505e-08   5.303721e-02
7.090000e+01   -3.035185e+01   -0.000000e+00   -0.000000e+00   1.929231e+02   9.404393e-08   5.208915e-02
7.100000e+01   -2.988912e+01   -0.000000e+00   -0.000000e+00   1.923957e+02   9.261000e-08   5.115472e-02
7.110000e+01   -2.942781e+01   -0.000000e+00   -0.000000e+00   1.918669e+02   9.119331e-08   5.023373e-02
7.120000e+01   -2.894925e+01   -0.000000e+00   -0.000000e+00   1.913360e+02   8.979393e-08   4.932601e-02
7.130000e+01   -2.842550e+01   -0.000000e+00   -0.000000e+00   1.908025e+02   8.841189e-08   4.843140e-02
7.140000e+01   -2.782860e+01   -0.000000e+00   -0.000000e+00   1.902658e+02   8.704722e-08   4.754972e-02
7.150000e+01   -2.712847e+01   -0.000000e+00   -0.000000e+00   1.897254e+02   8.569993e-08   4.668081e-02
7.160000e+01   -2.627285e+01   -0.000000e+00   -0.000000e+00   1.891809e+02   8.437002e-08   4.582449e-02
7.170000e+01   -2.527545e+01   -0.000000e+00   -0.000000e+00   1.886315e+02   8.305747e-08   4.498060e-02
7.180000e+01   -2.417155e+01   -0.000000e+00   -0.000000e+00   1.880768e+02   8.176227e-08   4.414896e-02
7.190000e+01   -2.299647e+01   -0.000000e+00   -0.000000e+00   1.875162e+02   8.048437e-08   4.332941e-02
7.200000e+01   -2.176881e+01   -0.000000e+00   -0.000000e+00   1.869493e+02   7.922371e-08   4.252177e-02
7.210000e+01   -2.018240e+01   -0.000000e+00   -0.000000e+00   1.863754e+02   7.798024e-08   4.172587e-02
7.220000e+01   -1.835749e+01   -0.000000e+00   -0.000000e+00   1.857940e+02   7.675388e-08   4.094155e-02
7.230000e+01   -1.662324e+01   -0.000000e+00   -0.000000e+00   1.852045e+02   7.554454e-08   4.016863e-02
7.240000e+01   -1.530796e+01   -0.000000e+00   -0.000000e+00   1.846066e+02   7.435210e-08   3.940695e-02
7.250000e+01   -1.471712e+01   -0.000000e+00   -0.000000e+00   1.840003e+02   7.317632e-08   3.865640e-02
7.260000e+01   -1.446464e+01   -0.000000e+00   -0.000000e+00   1.833856e+02   7.201694e-08   3.791686e-02
7.270000e+01   -1.429642e+01   -0.000000e+00   -0.000000e+00   1.827628e+02   7.087370e-08   3.718822e-02
7.280000e+01   -1.423545e+01   -0.000000e+00   -0.000000e+00   1.821321e+02   6.974634e-08   3.647037e-02
7.290000e+01   -1.430474e+01   -0.000000e+00   -0.000000e+00   1.814934e+02   6.863462e-08   3.576321e-02
7.300000e+01   -1.453024e+01   -0.000000e+00   -0.000000e+00   1.808472e+02   6.753827e-08   3.506663e-02
7.310000e+01   -1.504850e+01   -0.000000e+00   -0.000000e+00   1.801933e+02   6.645707e-08   3.438051e-02
7.320000e+01   -1.586729e+01   -0.000000e+00   -0.000000e+00   1.795322e+02   6.539078e-08   3.370475e-02
7.330000e+01   -1.690848e+01   -0.000000e+00   -0.000000e+00   1.788638e+02   6.433915e-08   3.303924e-02
7.340000e+01   -1.809394e+01   -0.000000e+00   -0.000000e+00   1.781883e+02   6.330196e-08   3.238386e-02
7.350000e+01   -1.935635e+01   -0.000000e+00   -0.000000e+00   1.775059e+02   6.227898e-08   3.173852e-02
7.360000e+01   -2.128405e+01   -0.000000e+00   -0.000000e+00   1.768168e+02   6.126998e-08   3.110309e-02
7.370000e+01   -2.392181e+01   -0.000000e+00   -0.000000e+00   1.761210e+02   6.027476e-08   3.047748e-02
7.380000e+01   -2.681023e+01   -0.000000e+00   -0.000000e+00   1.754188e+02   5.929308e-08   2.986156e-02
7.390000e+01   -2.948990e+01   -0.000000e+00   -0.000000e+00   1.747103e+02   5.832474e-08   2.925524e-02
7.400000e+01   -3.150763e+01   -0.000000e+00   -0.000000e+00   1.739957e+02   5.736952e-08   2.865840e-02
7.410000e+01   -3.318617e+01   -0.000000e+00   -0.000000e+00   1.732750e+02   5.642721e-08   2.807094e-02
7.420000e+01   -3.478883e+01   -0.000000e+00   -0.000000e+00   1.725486e+02   5.549761e-08   2.749274e-02
7.430000e+01   -3.611203e+01   -0.000000e+00   -0.000000e+00   1.718164e+02   5.458052e-08   2.692370e-02
7.440000e+01   -3.695213e+01   -0.000000e+00   -0.000000e+00   1.710787e+02   5.367573e-08   2.636370e-02
7.450000e+01   -3.710826e+01   -0.000000e+00   -0.000000e+00   1.703357e+02   5.278305e-08   2.581264e-02
7.460000e+01   -3.686296e+01   -0.000000e+00   -0.000000e+00   1.695872e+02   5.190238e-08   2.527043e-02
7.470000e+01   -3.653563e+01   -0.000000e+00   -0.000000e+00   1.688334e+02   5.103359e-08   2.473699e-02
7.480000e+01   -3.613250e+01   -0.000000e+00   -0.000000e+00   1.680742e+02   5.017660e-08   2.421222e-02
7.490000e+01   -3.565980e+01   -0.000000e+00   -0.000000e+00   1.673096e+02   4.933129e-08   2.369603e-02
7.500000e+01   -3.512350e+01   -0.000000e+00   -0.000000e+00   1.665396e+02   4.849757e-08   2.318835e-02
7.510000e+01   -3.429698e+01   -0.000000e+00   -0.000000e+00   1.657642e+02   4.767534e-08   2.268908e-02
7.520000e+01   -3.309036e+01   -0.000000e+00   -0.000000e+00   1.649834e+02   4.686448e-08   2.219813e-02
7.530000e+01   -3.166721e+01   -0.000000e+00   -0.000000e+00   1.641972e+02   4.606491e-08   2.171543e-02
7.540000e+01   -3.019111e+01   -0.000000e+00   -0.000000e+00   1.634057e+02   4.527652e-08   2.124088e-02
7.550000e+01   -2.882563e+01   -0.000000e+00   -0.000000e+00   1.626087e+02   4.449920e-08   2.077439e-02
7.560000e+01   -2.748152e+01   -0.000000e+00   -0.000000e+00   1.618063e+02   4.373287e-08   2.031588e-02
7.570000e+01   -2.605030e+01   -0.000000e+00   -0.000000e+00   1.609985e+02   4.297740e-08   1.986527e-02
7.580000e+01   -2.466672e+01   -0.000000e+00   -0.000000e+00   1.601853e+02   4.223272e-08   1.942245e-02
7.590000e+01   -2.346553e+01   -0.000000e+00   -0.000000e+00   1.593667e+02   4.149871e-08   1.898735e-02
7.600000e+01   -2.258148e+01   -0.000000e+00   -0.000000e+00   1.585426e+02   4.077528e-08   1.855989e-02
7.610000e+01   -2.192103e+01   -0.000000e+00   -0.000000e+00   1.577131e+02   4.006232e-08   1.813996e-02
7.620000e+01   -2.127351e+01   -0.000000e+00   -0.000000e+00   1.568782e+02   3.935974e-08   1.772749e-02
7.630000e+01   -2.064101e+01   -0.000000e+00   -0.000000e+00   1.560379e+02   3.866743e-08   1.732239e-02
7.640000e+01   -2.002583e+01   -0.000000e+00   -0.000000e+00   1.551922e+02   3.798529e-08   1.692457e-02
7.650000e+01   -1.943031e+01   -0.000000e+00   -0.000000e+00   1.543410e+02   3.731322e-08   1.653394e-02
7.660000e+01   -1.984064e+01   -0.000000e+00   -0.000000e+00   1.534843e+02   3.665113e-08   1.615042e-02
7.670000e+01   -2.188109e+01   -0.000000e+00   -0.000000e+00   1.526222e+02   3.599891e-08   1.577392e-02
7.680000e+01   -2.451947e+01   -0.000000e+00   -0.000000e+00   1.517547e+02   3.535646e-08   1.540435e-02
7.690000e+01   -2.671778e+01   -0.000000e+00   -0.000000e+00   1.508817e+02   3.472368e-08   1.504163e-02
7.700000e+01   -2.743730e+01   -0.000000e+00   -0.000000e+00   1.500035e+02   3.410044e-08   1.468567e-02
7.710000e+01   -2.660152e+01   -0.000000e+00   -0.000000e+00   1.491211e+02   3.348644e-08   1.433641e-02
7.720000e+01   -2.527805e+01   -0.000000e+00   -0.000000e+00   1.482359e+02   3.288136e-08   1.399379e-02
7.730000e+01   -2.360259e+01   -0.000000e+00   -0.000000e+00   1.473494e+02   3.228488e-08   1.365778e-02
7.740000e+01   -2.170086e+01   -0.000000e+00   -0.000000e+00   1.464631e+02   3.169670e-08   1.332830e-02
7.750000e+01   -1.969857e+01   -0.000000e+00   -0.000000e+00   1.455784e+02   3.111654e-08   1.300531e-02
7.760000e+01   -1.717321e+01   -0.000000e+00   -0.000000e+00   1.446967e+02   3.054413e-08   1.268875e-02
7.770000e+01   -1.367148e+01   -0.000000e+00   -0.000000e+00   1.438195e+02   2.997922e-08   1.237857e-02
7.780000e+01   -9.854741e+00   -0.000000e+00   -0.000000e+00   1.429482e+02   2.942157e-08   1.207471e-02
7.790000e+01   -6.398974e+00   -0.000000e+00   -0.000000e+00   1.420842e+02   2.887096e-08   1.177713e-02
7.800000e+01   -3.980157e+00   -0.000000e+00   -0.000000e+00   1.412291e+02   2.832719e-08   1.148576e-02
7.810000e+01   -2.592812e+00   -0.000000e+00   -0.000000e+00   1.403842e+02   2.779006e-08   1.120057e-02
7.820000e+01   -1.292874e+00   -0.000000e+00   -0.000000e+00   1.395510e+02   2.725940e-08   1.092148e-02
7.830000e+01   -7.843196e-02   -0.000000e+00   -0.000000e+00   1.387309e+02   2.673504e-08   1.064845e-02
7.840000e+01   1.028191e+00   -0.000000e+00   -0.000000e+00   1.379253e+02   2.621684e-08   1.038142e-02
7.850000e+01   2.004674e+00   -0.000000e+00   -0.000000e+00   1.371358e+02   2.570467e-08   1.012035e-02
7.860000e+01   2.678182e+00   -0.000000e+00   -0.000000e+00   1.363638e+02   2.519841e-08   9.865167e-03
7.870000e+01   2.893056e+00   -0.000000e+00   -0.000000e+00   1.356106e+02   2.469794e-08   9.615831e-03
7.880000e+01   2.943330e+00   -0.000000e+00   -0.000000e+00   1.348778e+02   2.420319e-08   9.372285e-03
7.890000e+01   3.134632e+00   -0.000000e+00   -0.000000e+00   1.341667e+02   2.371408e-08   9.134475e-03
7.900000e+01   3.771497e+00   -0.000000e+00   -0.000000e+00   1.334787e+02   2.323060e-08   8.902348e-03
7.910000e+01   4.949939e+00   -0.000000e+00   -0.000000e+00   1.328124e+02   2.275310e-08   8.675844e-03
7.920000e+01   6.306594e+00   -0.000000e+00   -0.000000e+00   1.321657e+02   2.228217e-08   8.454904e-03
7.930000e+01   7.743730e+00   -0.000000e+00   -0.000000e+00   1.315363e+02   2.181832e-08   8.239468e-03
7.940000e+01   9.178661e+00   -0.000000e+00   -0.000000e+00   1.309217e+02   2.136206e-08   8.029476e-03
7.950000e+01   1.052870e+01   -0.000000e+00   -0.000000e+00   1.303197e+02   2.091387e-08   7.824867e-03
7.960000e+01   1.174395e+01   -0.000000e+00   -0.000000e+00   1.297281e+02   2.047419e-08   7.625583e-03
7.970000e+01   1.286728e+01   -0.000000e+00   -0.000000e+00   1.291444e+02   2.004344e-08   7.431563e-03
7.980000e+01   1.390070e+01   -0.000000e+00   -0.000000e+00   1.285664e+02   1.962201e-08   7.242746e-03
7.990000e+01   1.484286e+01   -0.000000e+00   -0.000000e+00   1.279917e+02   1.921028e-08   7.059074e-03
8.000000e+01   1.569239e+01   -0.000000e+00   -0.000000e+00   1.274180e+02   1.880857e-08   6.880485e-03
8.010000e+01   1.638339e+01   -0.000000e+00   -0.000000e+00   1.268431e+02   1.841722e-08   6.706920e-03
8.020000e+01   1.674196e+01   -0.000000e+00   -0.000000e+00   1.262645e+02   1.803650e-08   6.538318e-03
8.030000e+01   1.678860e+01   -0.000000e+00   -0.000000e+00   1.256811e+02   1.766650e-08   6.374602e-03
8.040000e+01   1.656736e+01   -0.000000e+00   -0.000000e+00   1.250946e+02   1.730674e-08   6.215644e-03
8.050000e+01   1.612429e+01   -0.000000e+00   -0.000000e+00   1.245072e+02   1.695662e-08   6.061304e-03
8.060000e+01   1.533277e+01   -0.000000e+00   -0.000000e+00   1.239211e+02   1.661560e-08   5.911444e-03
8.070000e+01   1.378829e+01   -0.000000e+00   -0.000000e+00   1.233387e+02   1.628312e-08   5.765927e-03
8.080000e+01   1.172840e+01   -0.000000e+00   -0.000000e+00   1.227621e+02   1.595865e-08   5.624615e-03
8.090000e+01   9.438250e+00   -0.000000e+00   -0.000000e+00   1.221936e+02   1.564167e-08   5.487369e-03
8.100000e+01   7.202968e+00   -0.000000e+00   -0.000000e+00   1.216356e+02   1.533167e-08   5.354051e-03
8.110000e+01   5.049650e+00   -0.000000e+00   -0.000000e+00   1.210902e+02   1.502814e-08   5.224522e-03
8.120000e+01   2.426329e+00   -0.000000e+00   -0.000000e+00   1.205597e+02   1.473060e-08   5.098646e-03
8.130000e+01   -2.374464e-01   -0.000000e+00   -0.000000e+00   1.200463e+02   1.443856e-08   4.976284e-03
8.140000e+01   -2.420339e+00   -0.000000e+00   -0.000000e+00   1.195523e+02   1.415156e-08   4.857297e-03
8.150000e+01   -3.601014e+00   -0.000000e+00   -0.000000e+00   1.190800e+02   1.386911e-08   4.741547e-03
8.160000e+01   -3.391315e+00   -0.000000e+00   -0.000000e+00   1.186317e+02   1.359078e-08   4.628897e-03
8.170000e+01   -2.213253e+00   -0.000000e+00   -0.000000e+00   1.182095e+02   1.331612e-08   4.519208e-03
8.180000e+01   -5.076562e-01   -0.000000e+00   -0.000000e+00   1.178157e+02   1.304469e-08   4.412342e-03
8.190000e+01   1.319101e+00   -0.000000e+00   -0.000000e+00   1.174526e+02   1.277606e-08   4.308161e-03
8.200000e+01   2.860643e+00   -0.000000e+00   -0.000000e+00   1.171225e+02   1.250982e-08   4.206527e-03
8.210000e+01   3.831555e+00   -0.000000e+00   -0.000000e+00   1.168275e+02   1.224558e-08   4.107302e-03
8.220000e+01   4.586345e+00   -0.000000e+00   -0.000000e+00   1.165700e+02   1.198292e-08   4.010347e-03
8.230000e+01   5.261129e+00   -0.000000e+00   -0.000000e+00   1.163522e+02   1.172151e-08   3.915530e-03
8.240000e+01   5.937163e+00   -0.000000e+00   -0.000000e+00   1.161770e+02   1.146109e-08   3.822773e-03
8.250000e+01   6.696113e+00   -0.000000e+00   -0.000000e+00   1.160476e+02   1.120154e-08   3.732039e-03
8.260000e+01   7.597943e+00   -0.000000e+00   -0.000000e+00   1.159669e+02   1.094276e-08   3.643287e-03
8.270000e+01   8.588144e+00   -0.000000e+00   -0.000000e+00   1.159383e+02   1.068467e-08   3.556479e-03
8.280000e+01   9.678042e+00   -0.000000e+00   -0.000000e+00   1.159648e+02   1.042722e-08   3.471577e-03
8.290000e+01   1.089356e+01   -0.000000e+00   -0.000000e+00   1.160496e+02   1.017038e-08   3.388542e-03
8.300000e+01   1.226062e+01   -0.000000e+00   -0.000000e+00   1.161958e+02   9.914146e-09   3.307335e-03
8.310000e+01   1.385506e+01   -0.000000e+00   -0.000000e+00   1.164067e+02   9.658556e-09   3.227917e-03
8.320000e+01   1.590321e+01   -0.000000e+00   -0.000000e+00   1.166852e+02   9.403656e-09   3.150250e-03
8.330000e+01   1.822762e+01   -0.000000e+00   -0.000000e+00   1.170347e+02   9.149524e-09   3.074296e-03
8.340000e+01   2.058991e+01   -0.000000e+00   -0.000000e+00   1.174582e+02   8.896259e-09   3.000014e-03
8.350000e+01   2.275170e+01   -0.000000e+00   -0.000000e+00   1.179590e+02   8.643983e-09   2.927367e-03
8.360000e+01   2.452259e+01   -0.000000e+00   -0.000000e+00   1.185400e+02   8.392841e-09   2.856316e-03
8.370000e+01   2.612048e+01   -0.000000e+00   -0.000000e+00   1.192045e+02   8.142995e-09   2.786823e-03
8.380000e+01   2.770511e+01   -0.000000e+00   -0.000000e+00   1.199557e+02   7.894626e-09   2.718848e-03
8.390000e+01   2.939028e+01   -0.000000e+00   -0.000000e+00   1.207967e+02   7.647930e-09   2.652353e-03
8.400000e+01   3.128976e+01   -0.000000e+00   -0.000000e+00   1.217306e+02   7.403116e-09   2.587299e-03
8.410000e+01   3.352347e+01   -0.000000e+00   -0.000000e+00   1.227605e+02   7.160403e-09   2.523647e-03
8.420000e+01   3.617889e+01   -0.000000e+00   -0.000000e+00   1.238897e+02   6.920018e-09   2.461359e-03
8.430000e+01   3.917287e+01   -0.000000e+00   -0.000000e+00   1.251213e+02   6.682196e-09   2.400396e-03
8.440000e+01   4.239265e+01   -0.000000e+00   -0.000000e+00   1.264559e+02   6.447318e-09   2.340726e-03
8.450000e+01   4.570145e+01   -0.000000e+00   -0.000000e+00   1.278860e+02   6.216194e-09   2.282337e-03
8.460000e+01   4.900561e+01   -0.000000e+00   -0.000000e+00   1.294022e+02   5.989617e-09   2.225220e-03
8.470000e+01   5.255989e+01   -0.000000e+00   -0.000000e+00   1.309954e+02   5.768262e-09   2.169368e-03
8.480000e+01   5.619447e+01   -0.000000e+00   -0.000000e+00   1.326563e+02   5.552693e-09   2.114773e-03
8.490000e+01   5.962288e+01   -0.000000e+00   -0.000000e+00   1.343757e+02   5.343368e-09   2.061428e-03
8.500000e+01   6.255867e+01   -0.000000e+00   -0.000000e+00   1.361443e+02   5.140649e-09   2.009323e-03
8.510000e+01   6.470795e+01   -0.000000e+00   -0.000000e+00   1.379530e+02   4.944810e-09   1.958452e-03
8.520000e+01   6.589605e+01   -0.000000e+00   -0.000000e+00   1.397924e+02   4.756046e-09   1.908806e-03
8.530000e+01   6.639222e+01   -0.000000e+00   -0.000000e+00   1.416533e+02   4.574484e-09   1.860379e-03
8.540000e+01   6.652927e+01   -0.000000e+00   -0.000000e+00   1.435266e+02   4.400190e-09   1.813160e-03
8.550000e+01   6.664002e+01   -0.000000e+00   -0.000000e+00   1.454029e+02   4.233177e-09   1.767144e-03
8.560000e+01   6.701605e+01   -0.000000e+00   -0.000000e+00   1.472731e+02   4.073414e-09   1.722322e-03
8.570000e+01   6.734946e+01   -0.000000e+00   -0.000000e+00   1.491279e+02   3.920832e-09   1.678686e-03
8.580000e+01   6.748091e+01   -0.000000e+00   -0.000000e+00   1.509580e+02   3.775335e-09   1.636228e-03
8.590000e+01   6.738984e+01   -0.000000e+00   -0.000000e+00   1.527542e+02   3.636797e-09   1.594941e-03
8.600000e+01   6.705568e+01   -0.000000e+00   -0.000000e+00   1.545073e+02   3.505078e-09   1.554816e-03
8.610000e+01   6.645238e+01   -0.000000e+00   -0.000000e+00   1.562080e+02   3.380020e-09   1.515845e-03
8.620000e+01   6.547952e+01   -0.000000e+00   -0.000000e+00   1.578472e+02   3.261458e-09   1.478022e-03
8.630000e+01   6.410933e+01   -0.000000e+00   -0.000000e+00   1.594157e+02   3.149215e-09   1.441337e-03
8.640000e+01   6.237703e+01   -0.000000e+00   -0.000000e+00   1.609094e+02   3.042995e-09   1.405773e-03
8.650000e+01   6.035160e+01   -0.000000e+00   -0.000000e+00   1.623297e+02   2.942401e-09   1.371300e-03
8.660000e+01   5.813667e+01   -0.000000e+00   -0.000000e+00   1.636782e+02   2.847062e-09   1.337889e-03
8.670000e+01   5.634484e+01   -0.000000e+00   -0.000000e+00   1.649562e+02   2.756636e-09   1.305511e-03
8.680000e+01   5.494505e+01   -0.000000e+00   -0.000000e+00   1.661655e+02   2.670808e-09   1.274136e-03
8.690000e+01   5.362228e+01   -0.000000e+00   -0.000000e+00   1.673074e+02   2.589287e-09   1.243735e-03
8.700000e+01   5.206153e+01   -0.000000e+00   -0.000000e+00   1.683837e+02   2.511805e-09   1.214279e-03
8.710000e+01   4.997377e+01   -0.000000e+00   -0.000000e+00   1.693957e+02   2.438112e-09   1.185737e-03
8.720000e+01   4.773141e+01   -0.000000e+00   -0.000000e+00   1.703452e+02   2.367974e-09   1.158082e-03
8.730000e+01   4.544010e+01   -0.000000e+00   -0.000000e+00   1.712335e+02   2.301176e-09   1.131283e-03
8.740000e+01   4.294015e+01   -0.000000e+00   -0.000000e+00   1.720623e+02   2.237515e-09   1.105310e-03
8.750000e+01   4.007188e+01   -0.000000e+00   -0.000000e+00   1.728331e+02   2.176802e-09   1.080136e-03
8.760000e+01   3.668388e+01   -0.000000e+00   -0.000000e+00   1.735475e+02   2.118857e-09   1.055729e-03
8.770000e+01   3.295331e+01   -0.000000e+00   -0.000000e+00   1.742070e+02   2.063515e-09   1.032061e-03
8.780000e+01   2.909052e+01   -0.000000e+00   -0.000000e+00   1.748131e+02   2.010616e-09   1.009103e-03
8.790000e+01   2.520191e+01   -0.000000e+00   -0.000000e+00   1.753673e+02   1.960012e-09   9.868241e-04
8.800000e+01   2.139387e+01   -0.000000e+00   -0.000000e+00   1.758713e+02   1.911561e-09   9.651960e-04
8.810000e+01   1.776262e+01   0.000000e+00   0.000000e+00   1.763266e+02   1.865129e-09   9.441892e-04
8.820000e+01   1.399599e+01   0.000000e+00   0.000000e+00   1.767347e+02   1.820587e-09   9.237740e-04
8.830000e+01   1.013728e+01   0.000000e+00   0.000000e+00   1.770972e+02   1.777815e-09   9.039213e-04
8.840000e+01   6.508931e+00   0.000000e+00   0.000000e+00   1.774156e+02   1.736695e-09   8.846014e-04
8.850000e+01   3.423441e+00   0.000000e+00   0.000000e+00   1.776919e+02   1.697117e-09   8.657881e-04
8.860000e+01   1.149261e+00   0.000000e+00   0.000000e+00   1.779299e+02   1.658981e-09   8.474667e-04
8.870000e+01   -4.291573e-01   0.000000e+00   0.000000e+00   1.781338e+02   1.622196e-09   8.296255e-04
8.880000e+01   -1.556852e+00   0.000000e+00   0.000000e+00   1.783080e+02   1.586675e-09   8.122529e-04
8.890000e+01   -2.343221e+00   0.000000e+00   0.000000e+00   1.784567e+02   1.552337e-09   7.953372e-04
8.900000e+01   -2.897663e+00   0.000000e+00   0.000000e+00   1.785842e+02   1.519105e-09   7.788668e-04
8.910000e+01   -3.329569e+00   0.000000e+00   0.000000e+00   1.786946e+02   1.486907e-09   7.628299e-04
8.920000e+01   -3.715729e+00   0.000000e+00   0.000000e+00   1.787923e+02   1.455675e-09   7.472150e-04
8.930000e+01   -4.028877e+00   0.000000e+00   0.000000e+00   1.788815e+02   1.425343e-09   7.320103e-04
8.940000e+01   -4.221122e+00   0.000000e+00   0.000000e+00   1.789664e+02   1.395851e-09   7.172043e-04
8.950000e+01   -4.244573e+00   0.000000e+00   0.000000e+00   1.790514e+02   1.367138e-09   7.027852e-04
8.960000e+01   -4.052233e+00   0.000000e+00   0.000000e+00   1.791407e+02   1.339151e-09   6.887414e-04
8.970000e+01   -3.803452e+00   0.000000e+00   0.000000e+00   1.792385e+02   1.311836e-09   6.750612e-04
8.980000e+01   -3.540594e+00   0.000000e+00   0.000000e+00   1.793491e+02   1.285142e-09   6.617330e-04
8.990000e+01   -3.116465e+00   0.000000e+00   0.000000e+00   1.794768e+02   1.259022e-09   6.487452e-04
9.000000e+01   -2.383873e+00   0.000000e+00   0.000000e+00   1.796258e+02   1.233431e-09   6.360859e-04
9.010000e+01   -1.195577e+00   0.000000e+00   0.000000e+00   1.798003e+02   1.208324e-09   6.237437e-04
9.020000e+01   5.747475e-01   0.000000e+00   0.000000e+00   1.800047e+02   1.183660e-09   6.117067e-04
9.030000e+01   2.796109e+00   0.000000e+00   0.000000e+00   1.802431e+02   1.159401e-09   5.999635e-04
9.040000e+01   5.238006e+00   0.000000e+00   0.000000e+00   1.805199e+02   1.135509e-09   5.885022e-04
9.050000e+01   7.669934e+00   0.000000e+00   0.000000e+00   1.808393e+02   1.111949e-09   5.773113e-04
9.060000e+01   9.861391e+00   0.000000e+00   0.000000e+00   1.812056e+02   1.088688e-09   5.663791e-04
9.070000e+01   1.190558e+01   0.000000e+00   0.000000e+00   1.816229e+02   1.065694e-09   5.556939e-04
9.080000e+01   1.392309e+01   0.000000e+00   0.000000e+00   1.820956e+02   1.042939e-09   5.452441e-04
9.090000e+01   1.572452e+01   0.000000e+00   0.000000e+00   1.826280e+02   1.020396e-09   5.350180e-04
9.100000e+01   1.712760e+01   0.000000e+00   0.000000e+00   1.832221e+02   9.980542e-10   5.250060e-04
9.110000e+01   1.796832e+01   0.000000e+00   0.000000e+00   1.838745e+02   9.759445e-10   5.152036e-04
9.120000e+01   1.744324e+01   0.000000e+00   0.000000e+00   1.845809e+02   9.541005e-10   5.056072e-04
9.130000e+01   1.534418e+01   0.000000e+00   0.000000e+00   1.853371e+02   9.325531e-10   4.962132e-04
9.140000e+01   1.257103e+01   0.000000e+00   0.000000e+00   1.861388e+02   9.113300e-10   4.870179e-04
9.150000e+01   1.002470e+01   0.000000e+00   0.000000e+00   1.869817e+02   8.904564e-10   4.780179e-04
9.160000e+01   8.606061e+00   0.000000e+00   0.000000e+00   1.878616e+02   8.699542e-10   4.692093e-04
9.170000e+01   8.182903e+00   0.000000e+00   0.000000e+00   1.887740e+02   8.498429e-10   4.605887e-04
9.180000e+01   7.734398e+00   0.000000e+00   0.000000e+00   1.897149e+02   8.301395e-10   4.521524e-04
9.190000e+01   7.212702e+00   0.000000e+00   0.000000e+00   1.906799e+02   8.108581e-10   4.438968e-04
9.200000e+01   6.574543e+00   0.000000e+00   0.000000e+00   1.916646e+02   7.920108e-10   4.358183e-04
9.210000e+01   5.776650e+00   0.000000e+00   0.000000e+00   1.926650e+02   7.736074e-10   4.279132e-04
9.220000e+01   4.472947e+00   0.000000e+00   0.000000e+00   1.936765e+02   7.556557e-10   4.201780e-04
9.230000e+01   2.386296e+00   0.000000e+00   0.000000e+00   1.946951e+02   7.381615e-10   4.126090e-04
9.240000e+01   -1.864135e-01   0.000000e+00   0.000000e+00   1.957163e+02   7.211287e-10   4.052025e-04
9.250000e+01   -2.943984e+00   0.000000e+00   0.000000e+00   1.967360e+02   7.045600e-10   3.979551e-04
9.260000e+01   -5.585215e+00   0.000000e+00   0.000000e+00   1.977498e+02   6.884561e-10   3.908630e-04
9.270000e+01   -8.053835e+00   0.000000e+00   0.000000e+00   1.987534e+02   6.728168e-10   3.839227e-04
9.280000e+01   -1.059090e+01   0.000000e+00   0.000000e+00   1.997427e+02   6.576404e-10   3.771305e-04
9.290000e+01   -1.314277e+01   0.000000e+00   0.000000e+00   2.007132e+02   6.429242e-10   3.704829e-04
9.300000e+01   -1.565069e+01   0.000000e+00   0.000000e+00   2.016608e+02   6.286646e-10   3.639761e-04
9.310000e+01   -1.805594e+01   0.000000e+00   0.000000e+00   2.025811e+02   6.148571e-10   3.576066e-04
9.320000e+01   -2.043522e+01   0.000000e+00   0.000000e+00   2.034699e+02   6.014965e-10   3.513708e-04
9.330000e+01   -2.290514e+01   0.000000e+00   0.000000e+00   2.043229e+02   5.885769e-10   3.452650e-04
9.340000e+01   -2.528118e+01   0.000000e+00   0.000000e+00   2.051357e+02   5.760919e-10   3.392856e-04
9.350000e+01   -2.737276e+01   0.000000e+00   0.000000e+00   2.059043e+02   5.640346e-10   3.334291e-04
9.360000e+01   -2.898932e+01   0.000000e+00   0.000000e+00   2.066241e+02   5.523980e-10   3.276917e-04
9.370000e+01   -2.972437e+01   0.000000e+00   0.000000e+00   2.072913e+02   5.411739e-10   3.220700e-04
9.380000e+01   -2.935853e+01   0.000000e+00   0.000000e+00   2.079056e+02   5.303459e-10   3.165613e-04
9.390000e+01   -2.845421e+01   0.000000e+00   0.000000e+00   2.084698e+02   5.198923e-10   3.111637e-04
9.400000e+01   -2.759255e+01   0.000000e+00   0.000000e+00   2.089868e+02   5.097924e-10   3.058754e-04
9.410000e+01   -2.735465e+01   0.000000e+00   0.000000e+00   2.094594e+02   5.000270e-10   3.006946e-04
9.420000e+01   -2.793019e+01   0.000000e+00   0.000000e+00   2.098904e+02   4.905777e-10   2.956192e-04
9.430000e+01   -2.865631e+01   0.000000e+00   0.000000e+00   2.102827e+02   4.814274e-10   2.906476e-04
9.440000e+01   -2.943064e+01   0.000000e+00   0.000000e+00   2.106391e+02   4.725600e-10   2.857777e-04
9.450000e+01   -3.018116e+01   0.000000e+00   0.000000e+00   2.109625e+02   4.639602e-10   2.810078e-04
9.460000e+01   -3.083584e+01   0.000000e+00   0.000000e+00   2.112557e+02   4.556134e-10   2.763359e-04
9.470000e+01   -3.134973e+01   0.000000e+00   0.000000e+00   2.115217e+02   4.475060e-10   2.717603e-04
9.480000e+01   -3.175585e+01   0.000000e+00   0.000000e+00   2.117631e+02   4.396249e-10   2.672790e-04
9.490000e+01   -3.205484e+01   0.000000e+00   0.000000e+00   2.119829e+02   4.319578e-10   2.628902e-04
9.500000e+01   -3.224460e+01   0.000000e+00   0.000000e+00   2.121839e+02   4.244929e-10   2.585920e-04
9.510000e+01   -3.232300e+01   0.000000e+00   0.000000e+00   2.123689e+02   4.172190e-10   2.543826e-04
9.520000e+01   -3.227647e+01   0.000000e+00   0.000000e+00   2.125409e+02   4.101254e-10   2.502600e-04
9.530000e+01   -3.206050e+01   0.000000e+00   0.000000e+00   2.127026e+02   4.032019e-10   2.462224e-04
9.540000e+01   -3.165217e+01   0.000000e+00   0.000000e+00   2.128569e+02   3.964387e-10   2.422680e-04
9.550000e+01   -3.103041e+01   0.000000e+00   0.000000e+00   2.130066e+02   3.898266e-10   2.383949e-04
9.560000e+01   -3.017413e+01   0.000000e+00   0.000000e+00   2.131546e+02   3.833567e-10   2.346011e-04
9.570000e+01   -2.887595e+01   0.000000e+00   0.000000e+00   2.133037e+02   3.770204e-10   2.308850e-04
9.580000e+01   -2.671567e+01   0.000000e+00   0.000000e+00   2.134569e+02   3.708095e-10   2.272445e-04
9.590000e+01   -2.406305e+01   0.000000e+00   0.000000e+00   2.136168e+02   3.647162e-10   2.236778e-04
9.600000e+01   -2.134271e+01   0.000000e+00   0.000000e+00   2.137864e+02   3.587330e-10   2.201830e-04
9.610000e+01   -1.897926e+01   0.000000e+00   0.000000e+00   2.139685e+02   3.528528e-10   2.167584e-04
9.620000e+01   -1.712453e+01   0.000000e+00   0.000000e+00   2.141660e+02   3.470686e-10   2.134019e-04
9.630000e+01   -1.515544e+01   0.000000e+00   0.000000e+00   2.143817e+02   3.413739e-10   2.101118e-04
9.640000e+01   -1.329129e+01   0.000000e+00   0.000000e+00   2.146185e+02   3.357624e-10   2.068862e-04
9.650000e+01   -1.184021e+01   0.000000e+00   0.000000e+00   2.148791e+02   3.302280e-10   2.037232e-04
9.660000e+01   -1.111033e+01   0.000000e+00   0.000000e+00   2.151665e+02   3.247651e-10   2.006210e-04
9.670000e+01   -1.133185e+01   0.000000e+00   0.000000e+00   2.154835e+02   3.193680e-10   1.975776e-04
9.680000e+01   -1.226379e+01   0.000000e+00   0.000000e+00   2.158324e+02   3.140325e-10   1.945914e-04
9.690000e+01   -1.365904e+01   0.000000e+00   0.000000e+00   2.162135e+02   3.087586e-10   1.916612e-04
9.700000e+01   -1.529138e+01   0.000000e+00   0.000000e+00   2.166261e+02   3.035478e-10   1.887863e-04
9.710000e+01   -1.693462e+01   0.000000e+00   0.000000e+00   2.170698e+02   2.984013e-10   1.859656e-04
9.720000e+01   -1.851964e+01   0.000000e+00   0.000000e+00   2.175440e+02   2.933201e-10   1.831983e-04
9.730000e+01   -2.050847e+01   0.000000e+00   0.000000e+00   2.180481e+02   2.883053e-10   1.804835e-04
9.740000e+01   -2.266907e+01   0.000000e+00   0.000000e+00   2.185817e+02   2.833578e-10   1.778203e-04
9.750000e+01   -2.467433e+01   0.000000e+00   0.000000e+00   2.191441e+02   2.784783e-10   1.752078e-04
9.760000e+01   -2.619719e+01   0.000000e+00   0.000000e+00   2.197349e+02   2.736675e-10   1.726452e-04
9.770000e+01   -2.700866e+01   0.000000e+00   0.000000e+00   2.203534e+02   2.689259e-10   1.701315e-04
9.780000e+01   -2.747163e+01   0.000000e+00   0.000000e+00   2.209992e+02   2.642541e-10   1.676659e-04
9.790000e+01   -2.776049e+01   0.000000e+00   0.000000e+00   2.216717e+02   2.596523e-10   1.652474e-04
9.800000e+01   -2.799058e+01   0.000000e+00   0.000000e+00   2.223704e+02   2.551207e-10   1.628752e-04
9.810000e+01   -2.827723e+01   0.000000e+00   0.000000e+00   2.230947e+02   2.506597e-10   1.605484e-04
9.820000e+01   -2.873548e+01   0.000000e+00   0.000000e+00   2.238441e+02   2.462691e-10   1.582661e-04
9.830000e+01   -2.939390e+01   0.000000e+00   0.000000e+00   2.246180e+02   2.419491e-10   1.560274e-04
9.840000e+01   -3.015018e+01   0.000000e+00   0.000000e+00   2.254160e+02   2.376994e-10   1.538315e-04
9.850000e+01   -3.089286e+01   0.000000e+00   0.000000e+00   2.262374e+02   2.335198e-10   1.516773e-04
9.860000e+01   -3.151046e+01   0.000000e+00   0.000000e+00   2.270818e+02   2.294102e-10   1.495641e-04
9.870000e+01   -3.193842e+01   0.000000e+00   0.000000e+00   2.279485e+02   2.253700e-10   1.474909e-04
9.880000e+01   -3.238414e+01   0.000000e+00   0.000000e+00   2.288371e+02   2.213989e-10   1.454569e-04
9.890000e+01   -3.278741e+01   0.000000e+00   0.000000e+00   2.297470e+02   2.174964e-10   1.434612e-04
9.900000e+01   -3.302630e+01   0.000000e+00   0.000000e+00   2.306777e+02   2.136619e-10   1.415028e-04
9.910000e+01   -3.297885e+01   0.000000e+00   0.000000e+00   2.316286e+02   2.098947e-10   1.395809e-04
9.920000e+01   -3.251481e+01   0.000000e+00   0.000000e+00   2.325991e+02   2.061942e-10   1.376946e-04
9.930000e+01   -3.154597e+01   0.000000e+00   0.000000e+00   2.335889e+02   2.025596e-10   1.358430e-04
9.940000e+01   -3.021110e+01   0.000000e+00   0.000000e+00   2.345972e+02   1.989902e-10   1.340253e-04
9.950000e+01   -2.867869e+01   0.000000e+00   0.000000e+00   2.356235e+02   1.954849e-10   1.322404e-04
9.960000e+01   -2.711724e+01   0.000000e+00   0.000000e+00   2.366675e+02   1.920430e-10   1.304877e-04
9.970000e+01   -2.567349e+01   0.000000e+00   0.000000e+00   2.377283e+02   1.886635e-10   1.287660e-04
9.980000e+01   -2.425090e+01   0.000000e+00   0.000000e+00   2.388057e+02   1.853454e-10   1.270746e-04
9.990000e+01   -2.278471e+01   0.000000e+00   0.000000e+00   2.398989e+02   1.820877e-10   1.254126e-04
1.000000e+02   -2.124732e+01   0.000000e+00   0.000000e+00   2.410075e+02   1.788893e-10   1.237791e-04
1.001000e+02   -1.961111e+01   0.000000e+00   0.000000e+00   2.421309e+02   1.757491e-10   1.221731e-04
1.002000e+02   -1.779462e+01   0.000000e+00   0.000000e+00   2.432686e+02   1.726660e-10   1.205939e-04
1.003000e+02   -1.534854e+01   0.000000e+00   0.000000e+00   2.444200e+02   1.696389e-10   1.190404e-04
1.004000e+02   -1.257722e+01   0.000000e+00   0.000000e+00   2.455847e+02   1.666668e-10   1.175122e-04
1.005000e+02   -9.979821e+00   0.000000e+00   0.000000e+00   2.467624e+02   1.637493e-10   1.160087e-04
1.006000e+02   -8.055440e+00   0.000000e+00   0.000000e+00   2.479527e+02   1.608856e-10   1.145297e-04
1.007000e+02   -7.219424e+00   0.000000e+00   0.000000e+00   2.491553e+02   1.580752e-10   1.130749e-04
1.008000e+02   -6.735041e+00   0.000000e+00   0.000000e+00   2.503698e+02   1.553175e-10   1.116438e-04
1.009000e+02   -6.306875e+00   0.000000e+00   0.000000e+00   2.515960e+02   1.526118e-10   1.102362e-04
1.010000e+02   -5.937758e+00   0.000000e+00   0.000000e+00   2.528335e+02   1.499574e-10   1.088516e-04
1.011000e+02   -5.630524e+00   0.000000e+00   0.000000e+00   2.540819e+02   1.473537e-10   1.074898e-04
1.012000e+02   -5.402497e+00   0.000000e+00   0.000000e+00   2.553410e+02   1.448000e-10   1.061504e-04
1.013000e+02   -5.440760e+00   0.000000e+00   0.000000e+00   2.566104e+02   1.422956e-10   1.048330e-04
1.014000e+02   -5.682457e+00   0.000000e+00   0.000000e+00   2.578897e+02   1.398398e-10   1.035374e-04
1.015000e+02   -5.972995e+00   0.000000e+00   0.000000e+00   2.591787e+02   1.374318e-10   1.022631e-04
1.016000e+02   -6.157780e+00   0.000000e+00   0.000000e+00   2.604770e+02   1.350709e-10   1.010098e-04
1.017000e+02   -6.027581e+00   0.000000e+00   0.000000e+00   2.617843e+02   1.327564e-10   9.977719e-05
1.018000e+02   -4.586199e+00   0.000000e+00   0.000000e+00   2.631002e+02   1.304875e-10   9.856490e-05
1.019000e+02   -2.039498e+00   0.000000e+00   0.000000e+00   2.644244e+02   1.282635e-10   9.737260e-05
1.020000e+02   9.172878e-01   0.000000e+00   0.000000e+00   2.657565e+02   1.260836e-10   9.619993e-05
1.021000e+02   3.588923e+00   0.000000e+00   0.000000e+00   2.670964e+02   1.239470e-10   9.504656e-05
1.022000e+02   5.324165e+00   0.000000e+00   0.000000e+00   2.684435e+02   1.218531e-10   9.391213e-05
1.023000e+02   6.668799e+00   0.000000e+00   0.000000e+00   2.697976e+02   1.198009e-10   9.279629e-05
1.024000e+02   7.914660e+00   0.000000e+00   0.000000e+00   2.711584e+02   1.177899e-10   9.169872e-05
1.025000e+02   8.934278e+00   0.000000e+00   0.000000e+00   2.725254e+02   1.158191e-10   9.061905e-05
1.026000e+02   9.600182e+00   0.000000e+00   0.000000e+00   2.738985e+02   1.138878e-10   8.955694e-05
1.027000e+02   9.788779e+00   0.000000e+00   0.000000e+00   2.752772e+02   1.119953e-10   8.851206e-05
1.028000e+02   9.569042e+00   0.000000e+00   0.000000e+00   2.766612e+02   1.101408e-10   8.748405e-05
1.029000e+02   9.130542e+00   0.000000e+00   0.000000e+00   2.780503e+02   1.083235e-10   8.647257e-05
1.030000e+02   8.631272e+00   0.000000e+00   0.000000e+00   2.794439e+02   1.065427e-10   8.547727e-05
1.031000e+02   8.229226e+00   0.000000e+00   0.000000e+00   2.808419e+02   1.047976e-10   8.449781e-05
1.032000e+02   8.085288e+00   0.000000e+00   0.000000e+00   2.822439e+02   1.030874e-10   8.353384e-05
1.033000e+02   8.398147e+00   0.000000e+00   0.000000e+00   2.836495e+02   1.014114e-10   8.258502e-05
1.034000e+02   9.038114e+00   0.000000e+00   0.000000e+00   2.850585e+02   9.976890e-11   8.165100e-05
1.035000e+02   9.756070e+00   0.000000e+00   0.000000e+00   2.864704e+02   9.815909e-11   8.073144e-05
1.036000e+02   1.030290e+01   0.000000e+00   0.000000e+00   2.878851e+02   9.658125e-11   7.982599e-05
1.037000e+02   1.042941e+01   0.000000e+00   0.000000e+00   2.893020e+02   9.503466e-11   7.893431e-05
1.038000e+02   9.991726e+00   0.000000e+00   0.000000e+00   2.907209e+02   9.351858e-11   7.805605e-05
1.039000e+02   9.184817e+00   0.000000e+00   0.000000e+00   2.921416e+02   9.203229e-11   7.719086e-05
1.040000e+02   8.270051e+00   0.000000e+00   0.000000e+00   2.935635e+02   9.057508e-11   7.633841e-05
1.041000e+02   7.508793e+00   0.000000e+00   0.000000e+00   2.949864e+02   8.914624e-11   7.549835e-05
1.042000e+02   7.160358e+00   0.000000e+00   0.000000e+00   2.964100e+02   8.774507e-11   7.467032e-05
1.043000e+02   7.171074e+00   0.000000e+00   0.000000e+00   2.978340e+02   8.637088e-11   7.385399e-05
1.044000e+02   7.321403e+00   0.000000e+00   0.000000e+00   2.992579e+02   8.502297e-11   7.304901e-05
1.045000e+02   7.508464e+00   0.000000e+00   0.000000e+00   3.006816e+02   8.370068e-11   7.225504e-05
1.046000e+02   7.629336e+00   0.000000e+00   0.000000e+00   3.021047e+02   8.240338e-11   7.147184e-05
1.047000e+02   7.580180e+00   0.000000e+00   0.000000e+00   3.035275e+02   8.113057e-11   7.069927e-05
1.048000e+02   7.089402e+00   0.000000e+00   0.000000e+00   3.049500e+02   7.988173e-11   6.993723e-05
1.049000e+02   6.114601e+00   0.000000e+00   0.000000e+00   3.063722e+02   7.865637e-11   6.918558e-05
1.050000e+02   4.822904e+00   0.000000e+00   0.000000e+00   3.077942e+02   7.745401e-11   6.844421e-05
1.051000e+02   3.381436e+00   0.000000e+00   0.000000e+00   3.092161e+02   7.627417e-11   6.771299e-05
1.052000e+02   1.957003e+00   0.000000e+00   0.000000e+00   3.106381e+02   7.511638e-11   6.699181e-05
1.053000e+02   4.041342e-01   0.000000e+00   0.000000e+00   3.120601e+02   7.398020e-11   6.628054e-05
1.054000e+02   -1.404813e+00   0.000000e+00   0.000000e+00   3.134822e+02   7.286517e-11   6.557906e-05
1.055000e+02   -3.332294e+00   0.000000e+00   0.000000e+00   3.149045e+02   7.177086e-11   6.488726e-05
1.056000e+02   -5.240760e+00   0.000000e+00   0.000000e+00   3.163272e+02   7.069683e-11   6.420500e-05
1.057000e+02   -6.992666e+00   0.000000e+00   0.000000e+00   3.177502e+02   6.964268e-11   6.353217e-05
1.058000e+02   -8.726019e+00   0.000000e+00   0.000000e+00   3.191736e+02   6.860799e-11   6.286864e-05
1.059000e+02   -1.054042e+01   0.000000e+00   0.000000e+00   3.205976e+02   6.759236e-11   6.221430e-05
1.060000e+02   -1.224071e+01   0.000000e+00   0.000000e+00   3.220222e+02   6.659539e-11   6.156903e-05
1.061000e+02   -1.363173e+01   0.000000e+00   0.000000e+00   3.234474e+02   6.561669e-11   6.093269e-05
1.062000e+02   -1.451832e+01   0.000000e+00   0.000000e+00   3.248734e+02   6.465589e-11   6.030518e-05
1.063000e+02   -1.503795e+01   0.000000e+00   0.000000e+00   3.263003e+02   6.371261e-11   5.968637e-05
1.064000e+02   -1.550122e+01   0.000000e+00   0.000000e+00   3.277280e+02   6.278649e-11   5.907614e-05
1.065000e+02   -1.591016e+01   0.000000e+00   0.000000e+00   3.291567e+02   6.187717e-11   5.847436e-05
1.066000e+02   -1.626644e+01   0.000000e+00   0.000000e+00   3.305865e+02   6.098430e-11   5.788093e-05
1.067000e+02   -1.657171e+01   0.000000e+00   0.000000e+00   3.320174e+02   6.010753e-11   5.729570e-05
1.068000e+02   -1.684672e+01   0.000000e+00   0.000000e+00   3.334495e+02   5.924652e-11   5.671858e-05
1.069000e+02   -1.711508e+01   0.000000e+00   0.000000e+00   3.348829e+02   5.840095e-11   5.614942e-05
1.070000e+02   -1.737426e+01   0.000000e+00   0.000000e+00   3.363177e+02   5.757048e-11   5.558812e-05
1.071000e+02   -1.762161e+01   0.000000e+00   0.000000e+00   3.377539e+02   5.675480e-11   5.503454e-05
1.072000e+02   -1.785449e+01   0.000000e+00   0.000000e+00   3.391917e+02   5.595359e-11   5.448858e-05
1.073000e+02   -1.775961e+01   0.000000e+00   0.000000e+00   3.406310e+02   5.516654e-11   5.395010e-05
1.074000e+02   -1.707543e+01   0.000000e+00   0.000000e+00   3.420720e+02   5.439335e-11   5.341899e-05
1.075000e+02   -1.611688e+01   0.000000e+00   0.000000e+00   3.435148e+02   5.363372e-11   5.289513e-05
1.076000e+02   -1.520323e+01   0.000000e+00   0.000000e+00   3.449593e+02   5.288736e-11   5.237839e-05
1.077000e+02   -1.465376e+01   0.000000e+00   0.000000e+00   3.464058e+02   5.215398e-11   5.186865e-05
1.078000e+02   -1.454465e+01   0.000000e+00   0.000000e+00   3.478543e+02   5.143329e-11   5.136580e-05
1.079000e+02   -1.456233e+01   0.000000e+00   0.000000e+00   3.493048e+02   5.072503e-11   5.086970e-05
1.080000e+02   -1.461791e+01   0.000000e+00   0.000000e+00   3.507575e+02   5.002891e-11   5.038025e-05
1.081000e+02   -1.462708e+01   0.000000e+00   0.000000e+00   3.522123e+02   4.934467e-11   4.989731e-05
1.082000e+02   -1.450551e+01   0.000000e+00   0.000000e+00   3.536695e+02   4.867204e-11   4.942077e-05
1.083000e+02   -1.345049e+01   -0.000000e+00   -0.000000e+00   3.551290e+02   4.801077e-11   4.895051e-05
1.084000e+02   -1.055151e+01   -0.000000e+00   -0.000000e+00   3.565909e+02   4.736061e-11   4.848639e-05
1.085000e+02   -6.576143e+00   -0.000000e+00   -0.000000e+00   3.580554e+02   4.672129e-11   4.802832e-05
1.086000e+02   -2.324808e+00   -0.000000e+00   -0.000000e+00   3.595224e+02   4.609257e-11   4.757615e-05
1.087000e+02   1.402086e+00   -0.000000e+00   -0.000000e+00   3.609922e+02   4.547422e-11   4.712978e-05
1.088000e+02   4.491083e+00   -0.000000e+00   -0.000000e+00   3.624646e+02   4.486599e-11   4.668907e-05
1.089000e+02   7.775653e+00   -0.000000e+00   -0.000000e+00   3.639399e+02   4.426764e-11   4.625391e-05
1.090000e+02   1.089755e+01   -0.000000e+00   -0.000000e+00   3.654181e+02   4.367896e-11   4.582418e-05
1.091000e+02   1.345827e+01   -0.000000e+00   -0.000000e+00   3.668993e+02   4.309971e-11   4.539976e-05
1.092000e+02   1.505931e+01   -0.000000e+00   -0.000000e+00   3.683835e+02   4.252966e-11   4.498052e-05
1.093000e+02   1.573381e+01   -0.000000e+00   -0.000000e+00   3.698709e+02   4.196860e-11   4.456634e-05
1.094000e+02   1.626942e+01   -0.000000e+00   -0.000000e+00   3.713614e+02   4.141632e-11   4.415711e-05
1.095000e+02   1.666770e+01   -0.000000e+00   -0.000000e+00   3.728553e+02   4.087259e-11   4.375270e-05
1.096000e+02   1.689336e+01   -0.000000e+00   -0.000000e+00   3.743522e+02   4.033730e-11   4.335304e-05
1.097000e+02   1.691100e+01   -0.000000e+00   -0.000000e+00   3.758521e+02   3.981031e-11   4.295809e-05
1.098000e+02   1.634449e+01   -0.000000e+00   -0.000000e+00   3.773547e+02   3.929154e-11   4.256780e-05
1.099000e+02   1.457584e+01   -0.000000e+00   -0.000000e+00   3.788598e+02   3.878087e-11   4.218212e-05
1.100000e+02   1.211422e+01   -0.000000e+00   -0.000000e+00   3.803672e+02   3.827819e-11   4.180101e-05
1.101000e+02   9.520905e+00   -0.000000e+00   -0.000000e+00   3.818766e+02   3.778341e-11   4.142442e-05
1.102000e+02   7.357197e+00   -0.000000e+00   -0.000000e+00   3.833878e+02   3.729640e-11   4.105231e-05
1.103000e+02   5.919354e+00   -0.000000e+00   -0.000000e+00   3.849006e+02   3.681708e-11   4.068462e-05
1.104000e+02   4.700891e+00   -0.000000e+00   -0.000000e+00   3.864148e+02   3.634532e-11   4.032131e-05
1.105000e+02   3.601483e+00   -0.000000e+00   -0.000000e+00   3.879302e+02   3.588103e-11   3.996234e-05
1.106000e+02   2.560151e+00   -0.000000e+00   -0.000000e+00   3.894465e+02   3.542410e-11   3.960765e-05
1.107000e+02   1.515917e+00   -0.000000e+00   -0.000000e+00   3.909636e+02   3.497444e-11   3.925720e-05
1.108000e+02   3.645916e-01   -0.000000e+00   -0.000000e+00   3.924811e+02   3.453192e-11   3.891095e-05
1.109000e+02   -9.687135e-01   -0.000000e+00   -0.000000e+00   3.939989e+02   3.409646e-11   3.856885e-05
1.110000e+02   -2.287549e+00   -0.000000e+00   -0.000000e+00   3.955168e+02   3.366795e-11   3.823085e-05
1.111000e+02   -3.379603e+00   -0.000000e+00   -0.000000e+00   3.970345e+02   3.324628e-11   3.789690e-05
1.112000e+02   -4.032563e+00   -0.000000e+00   -0.000000e+00   3.985519e+02   3.283136e-11   3.756696e-05
1.113000e+02   -4.145068e+00   -0.000000e+00   -0.000000e+00   4.000686e+02   3.242308e-11   3.724099e-05
1.114000e+02   -4.039272e+00   -0.000000e+00   -0.000000e+00   4.015846e+02   3.202135e-11   3.691893e-05
1.115000e+02   -3.824514e+00   -0.000000e+00   -0.000000e+00   4.030994e+02   3.162607e-11   3.660073e-05
1.116000e+02   -3.579466e+00   -0.000000e+00   -0.000000e+00   4.046131e+02   3.123713e-11   3.628636e-05
1.117000e+02   -3.382798e+00   -0.000000e+00   -0.000000e+00   4.061252e+02   3.085445e-11   3.597577e-05
1.118000e+02   -3.277828e+00   -0.000000e+00   -0.000000e+00   4.076357e+02   3.047791e-11   3.566891e-05
1.119000e+02   -3.174672e+00   -0.000000e+00   -0.000000e+00   4.091442e+02   3.010744e-11   3.536572e-05
1.120000e+02   -3.083340e+00   -0.000000e+00   -0.000000e+00   4.106506e+02   2.974292e-11   3.506618e-05
1.121000e+02   -3.028103e+00   -0.000000e+00   -0.000000e+00   4.121546e+02   2.938427e-11   3.477022e-05
1.122000e+02   -3.033235e+00   -0.000000e+00   -0.000000e+00   4.136560e+02   2.903140e-11   3.447781e-05
1.123000e+02   -3.181206e+00   -0.000000e+00   -0.000000e+00   4.151546e+02   2.868420e-11   3.418889e-05
1.124000e+02   -3.716117e+00   -0.000000e+00   -0.000000e+00   4.166502e+02   2.834259e-11   3.390343e-05
1.125000e+02   -4.576871e+00   -0.000000e+00   -0.000000e+00   4.181426e+02   2.800648e-11   3.362136e-05
1.126000e+02   -5.664478e+00   -0.000000e+00   -0.000000e+00   4.196315e+02   2.767577e-11   3.334266e-05
1.127000e+02   -6.879950e+00   -0.000000e+00   -0.000000e+00   4.211167e+02   2.735038e-11   3.306726e-05
1.128000e+02   -8.249564e+00   -0.000000e+00   -0.000000e+00   4.225980e+02   2.703022e-11   3.279513e-05
1.129000e+02   -1.026220e+01   -0.000000e+00   -0.000000e+00   4.240752e+02   2.671520e-11   3.252622e-05
1.130000e+02   -1.273838e+01   -0.000000e+00   -0.000000e+00   4.255480e+02   2.640522e-11   3.226048e-05
1.131000e+02   -1.539604e+01   -0.000000e+00   -0.000000e+00   4.270163e+02   2.610022e-11   3.199786e-05
1.132000e+02   -1.795316e+01   -0.000000e+00   -0.000000e+00   4.284798e+02   2.580009e-11   3.173832e-05
1.133000e+02   -2.021951e+01   -0.000000e+00   -0.000000e+00   4.299382e+02   2.550476e-11   3.148181e-05
1.134000e+02   -2.251786e+01   -0.000000e+00   -0.000000e+00   4.313915e+02   2.521414e-11   3.122829e-05
1.135000e+02   -2.479569e+01   -0.000000e+00   -0.000000e+00   4.328393e+02   2.492816e-11   3.097770e-05
1.136000e+02   -2.691464e+01   -0.000000e+00   -0.000000e+00   4.342814e+02   2.464672e-11   3.073001e-05
1.137000e+02   -2.873637e+01   -0.000000e+00   -0.000000e+00   4.357176e+02   2.436974e-11   3.048516e-05
1.138000e+02   -3.014840e+01   -0.000000e+00   -0.000000e+00   4.371477e+02   2.409716e-11   3.024311e-05
1.139000e+02   -3.127712e+01   -0.000000e+00   -0.000000e+00   4.385715e+02   2.382888e-11   3.000381e-05
1.140000e+02   -3.224847e+01   -0.000000e+00   -0.000000e+00   4.399888e+02   2.356483e-11   2.976722e-05
1.141000e+02   -3.316605e+01   -0.000000e+00   -0.000000e+00   4.413992e+02   2.330493e-11   2.953329e-05
1.142000e+02   -3.413349e+01   -0.000000e+00   -0.000000e+00   4.428027e+02   2.304911e-11   2.930197e-05
1.143000e+02   -3.528256e+01   -0.000000e+00   -0.000000e+00   4.441990e+02   2.279728e-11   2.907321e-05
1.144000e+02   -3.679807e+01   -0.000000e+00   -0.000000e+00   4.455878e+02   2.254938e-11   2.884698e-05
1.145000e+02   -3.843748e+01   -0.000000e+00   -0.000000e+00   4.469690e+02   2.230533e-11   2.862321e-05
1.146000e+02   -3.988778e+01   -0.000000e+00   -0.000000e+00   4.483423e+02   2.206505e-11   2.840188e-05
1.147000e+02   -4.083594e+01   -0.000000e+00   -0.000000e+00   4.497075e+02   2.182848e-11   2.818292e-05
1.148000e+02   -4.100428e+01   -0.000000e+00   -0.000000e+00   4.510644e+02   2.159554e-11   2.796630e-05
1.149000e+02   -4.057363e+01   -0.000000e+00   -0.000000e+00   4.524128e+02   2.136616e-11   2.775197e-05
1.150000e+02   -3.979126e+01   -0.000000e+00   -0.000000e+00   4.537524e+02   2.114028e-11   2.753987e-05
1.151000e+02   -3.885561e+01   -0.000000e+00   -0.000000e+00   4.550830e+02   2.091781e-11   2.732997e-05
1.152000e+02   -3.796516e+01   -0.000000e+00   -0.000000e+00   4.564045e+02   2.069870e-11   2.712222e-05
1.153000e+02   -3.728119e+01   -0.000000e+00   -0.000000e+00   4.577165e+02   2.048287e-11   2.691657e-05
1.154000e+02   -3.657310e+01   -0.000000e+00   -0.000000e+00   4.590189e+02   2.027026e-11   2.671297e-05
1.155000e+02   -3.585597e+01   -0.000000e+00   -0.000000e+00   4.603115e+02   2.006080e-11   2.651138e-05
1.156000e+02   -3.525047e+01   -0.000000e+00   -0.000000e+00   4.615944e+02   1.985443e-11   2.631179e-05
1.157000e+02   -3.487726e+01   -0.000000e+00   -0.000000e+00   4.628679e+02   1.965110e-11   2.611417e-05
1.158000e+02   -3.483286e+01   -0.000000e+00   -0.000000e+00   4.641320e+02   1.945074e-11   2.591850e-05
1.159000e+02   -3.488850e+01   -0.000000e+00   -0.000000e+00   4.653871e+02   1.925329e-11   2.572478e-05
1.160000e+02   -3.495577e+01   -0.000000e+00   -0.000000e+00   4.666332e+02   1.905871e-11   2.553298e-05
1.161000e+02   -3.503370e+01   -0.000000e+00   -0.000000e+00   4.678706e+02   1.886693e-11   2.534308e-05
1.162000e+02   -3.512129e+01   -0.000000e+00   -0.000000e+00   4.690995e+02   1.867791e-11   2.515508e-05
1.163000e+02   -3.522715e+01   -0.000000e+00   -0.000000e+00   4.703200e+02   1.849159e-11   2.496894e-05
1.164000e+02   -3.549006e+01   -0.000000e+00   -0.000000e+00   4.715323e+02   1.830793e-11   2.478466e-05
1.165000e+02   -3.592435e+01   -0.000000e+00   -0.000000e+00   4.727367e+02   1.812686e-11   2.460222e-05
1.166000e+02   -3.648896e+01   -0.000000e+00   -0.000000e+00   4.739333e+02   1.794835e-11   2.442160e-05
1.167000e+02   -3.714282e+01   -0.000000e+00   -0.000000e+00   4.751223e+02   1.777235e-11   2.424278e-05
1.168000e+02   -3.786613e+01   -0.000000e+00   -0.000000e+00   4.763039e+02   1.759880e-11   2.406576e-05
1.169000e+02   -3.898538e+01   -0.000000e+00   -0.000000e+00   4.774782e+02   1.742767e-11   2.389050e-05
1.170000e+02   -4.045433e+01   -0.000000e+00   -0.000000e+00   4.786455e+02   1.725891e-11   2.371699e-05
1.171000e+02   -4.204946e+01   -0.000000e+00   -0.000000e+00   4.798060e+02   1.709247e-11   2.354522e-05
1.172000e+02   -4.354722e+01   -0.000000e+00   -0.000000e+00   4.809598e+02   1.692831e-11   2.337517e-05
1.173000e+02   -4.474172e+01   -0.000000e+00   -0.000000e+00   4.821072e+02   1.676640e-11   2.320683e-05
1.174000e+02   -4.587192e+01   -0.000000e+00   -0.000000e+00   4.832482e+02   1.660669e-11   2.304017e-05
1.175000e+02   -4.698551e+01   -0.000000e+00   -0.000000e+00   4.843832e+02   1.644913e-11   2.287517e-05
1.176000e+02   -4.794859e+01   -0.000000e+00   -0.000000e+00   4.855123e+02   1.629370e-11   2.271183e-05
1.177000e+02   -4.862727e+01   -0.000000e+00   -0.000000e+00   4.866356e+02   1.614034e-11   2.255013e-05
1.178000e+02   -4.889720e+01   -0.000000e+00   -0.000000e+00   4.877535e+02   1.598903e-11   2.239004e-05
1.179000e+02   -4.897722e+01   -0.000000e+00   -0.000000e+00   4.888660e+02   1.583973e-11   2.223155e-05
1.180000e+02   -4.902562e+01   -0.000000e+00   -0.000000e+00   4.899733e+02   1.569239e-11   2.207465e-05
1.181000e+02   -4.906444e+01   -0.000000e+00   -0.000000e+00   4.910757e+02   1.554698e-11   2.191931e-05
1.182000e+02   -4.911573e+01   -0.000000e+00   -0.000000e+00   4.921733e+02   1.540348e-11   2.176553e-05
1.183000e+02   -4.921266e+01   -0.000000e+00   -0.000000e+00   4.932663e+02   1.526183e-11   2.161327e-05
1.184000e+02   -4.981664e+01   -0.000000e+00   -0.000000e+00   4.943549e+02   1.512202e-11   2.146254e-05
1.185000e+02   -5.094546e+01   -0.000000e+00   -0.000000e+00   4.954393e+02   1.498400e-11   2.131330e-05
1.186000e+02   -5.230181e+01   -0.000000e+00   -0.000000e+00   4.965197e+02   1.484775e-11   2.116554e-05
1.187000e+02   -5.358834e+01   -0.000000e+00   -0.000000e+00   4.975963e+02   1.471322e-11   2.101925e-05
1.188000e+02   -5.451342e+01   -0.000000e+00   -0.000000e+00   4.986692e+02   1.458039e-11   2.087441e-05
1.189000e+02   -5.522835e+01   -0.000000e+00   -0.000000e+00   4.997387e+02   1.444924e-11   2.073100e-05
1.190000e+02   -5.589725e+01   -0.000000e+00   -0.000000e+00   5.008049e+02   1.431971e-11   2.058900e-05
1.191000e+02   -5.647509e+01   -0.000000e+00   -0.000000e+00   5.018680e+02   1.419180e-11   2.044840e-05
1.192000e+02   -5.691682e+01   -0.000000e+00   -0.000000e+00   5.029282e+02   1.406546e-11   2.030918e-05
1.193000e+02   -5.717846e+01   -0.000000e+00   -0.000000e+00   5.039857e+02   1.394068e-11   2.017133e-05
1.194000e+02   -5.734288e+01   -0.000000e+00   -0.000000e+00   5.050407e+02   1.381741e-11   2.003482e-05
1.195000e+02   -5.747714e+01   -0.000000e+00   -0.000000e+00   5.060934e+02   1.369563e-11   1.989964e-05
1.196000e+02   -5.756965e+01   -0.000000e+00   -0.000000e+00   5.071439e+02   1.357532e-11   1.976577e-05
1.197000e+02   -5.760879e+01   -0.000000e+00   -0.000000e+00   5.081925e+02   1.345645e-11   1.963320e-05
1.198000e+02   -5.758230e+01   -0.000000e+00   -0.000000e+00   5.092394e+02   1.333898e-11   1.950191e-05
1.199000e+02   -5.733283e+01   -0.000000e+00   -0.000000e+00   5.102846e+02   1.322290e-11   1.937188e-05
1.200000e+02   -5.681074e+01   -0.000000e+00   -0.000000e+00   5.113285e+02   1.310818e-11   1.924309e-05
1.201000e+02   -5.611027e+01   -0.000000e+00   -0.000000e+00   5.123712e+02   1.299479e-11   1.911553e-05
1.202000e+02   -5.532562e+01   -0.000000e+00   -0.000000e+00   5.134128e+02   1.288271e-11   1.898919e-05
1.203000e+02   -5.455090e+01   -0.000000e+00   -0.000000e+00   5.144537e+02   1.277191e-11   1.886403e-05
1.204000e+02   -5.375224e+01   -0.000000e+00   -0.000000e+00   5.154939e+02   1.266237e-11   1.874006e-05
1.205000e+02   -5.285467e+01   -0.000000e+00   -0.000000e+00   5.165337e+02   1.255406e-11   1.861724e-05
1.206000e+02   -5.186993e+01   -0.000000e+00   -0.000000e+00   5.175732e+02   1.244697e-11   1.849557e-05
1.207000e+02   -5.080975e+01   -0.000000e+00   -0.000000e+00   5.186127e+02   1.234106e-11   1.837502e-05
1.208000e+02   -4.968587e+01   -0.000000e+00   -0.000000e+00   5.196523e+02   1.223631e-11   1.825559e-05
1.209000e+02   -4.846199e+01   -0.000000e+00   -0.000000e+00   5.206921e+02   1.213271e-11   1.813724e-05
1.210000e+02   -4.711439e+01   -0.000000e+00   -0.000000e+00   5.217325e+02   1.203023e-11   1.801997e-05
1.211000e+02   -4.567368e+01   -0.000000e+00   -0.000000e+00   5.227736e+02   1.192884e-11   1.790376e-05
1.212000e+02   -4.417046e+01   -0.000000e+00   -0.000000e+00   5.238156e+02   1.182853e-11   1.778859e-05
1.213000e+02   -4.263532e+01   -0.000000e+00   -0.000000e+00   5.248586e+02   1.172928e-11   1.767445e-05
1.214000e+02   -4.091455e+01   -0.000000e+00   -0.000000e+00   5.259028e+02   1.163105e-11   1.756131e-05
1.215000e+02   -3.896318e+01   -0.000000e+00   -0.000000e+00   5.269485e+02   1.153384e-11   1.744916e-05
1.216000e+02   -3.701997e+01   -0.000000e+00   -0.000000e+00   5.279959e+02   1.143763e-11   1.733799e-05
1.217000e+02   -3.532395e+01   -0.000000e+00   -0.000000e+00   5.290450e+02   1.134238e-11   1.722777e-05
1.218000e+02   -3.411415e+01   -0.000000e+00   -0.000000e+00   5.300962e+02   1.124809e-11   1.711850e-05
1.219000e+02   -3.336607e+01   -0.000000e+00   -0.000000e+00   5.311495e+02   1.115472e-11   1.701014e-05
1.220000e+02   -3.277409e+01   -0.000000e+00   -0.000000e+00   5.322053e+02   1.106228e-11   1.690270e-05
1.221000e+02   -3.224788e+01   -0.000000e+00   -0.000000e+00   5.332636e+02   1.097072e-11   1.679614e-05
1.222000e+02   -3.169825e+01   -0.000000e+00   -0.000000e+00   5.343246e+02   1.088004e-11   1.669045e-05
1.223000e+02   -3.103597e+01   -0.000000e+00   -0.000000e+00   5.353886e+02   1.079022e-11   1.658562e-05
1.224000e+02   -3.011761e+01   -0.000000e+00   -0.000000e+00   5.364558e+02   1.070123e-11   1.648162e-05
1.225000e+02   -2.894187e+01   -0.000000e+00   -0.000000e+00   5.375262e+02   1.061306e-11   1.637845e-05
1.226000e+02   -2.769583e+01   -0.000000e+00   -0.000000e+00   5.386002e+02   1.052570e-11   1.627608e-05
1.227000e+02   -2.656769e+01   -0.000000e+00   -0.000000e+00   5.396779e+02   1.043912e-11   1.617450e-05
1.228000e+02   -2.574573e+01   -0.000000e+00   -0.000000e+00   5.407594e+02   1.035331e-11   1.607369e-05
1.229000e+02   -2.520919e+01   -0.000000e+00   -0.000000e+00   5.418445e+02   1.026827e-11   1.597365e-05
1.230000e+02   -2.470291e+01   -0.000000e+00   -0.000000e+00   5.429334e+02   1.018399e-11   1.587438e-05
1.231000e+02   -2.423732e+01   -0.000000e+00   -0.000000e+00   5.440257e+02   1.010047e-11   1.577587e-05
1.232000e+02   -2.382728e+01   -0.000000e+00   -0.000000e+00   5.451215e+02   1.001770e-11   1.567811e-05
1.233000e+02   -2.348765e+01   -0.000000e+00   -0.000000e+00   5.462205e+02   9.935684e-12   1.558110e-05
1.234000e+02   -2.327612e+01   -0.000000e+00   -0.000000e+00   5.473229e+02   9.854414e-12   1.548484e-05
1.235000e+02   -2.322243e+01   -0.000000e+00   -0.000000e+00   5.484284e+02   9.773886e-12   1.538932e-05
1.236000e+02   -2.322968e+01   -0.000000e+00   -0.000000e+00   5.495369e+02   9.694096e-12   1.529454e-05
1.237000e+02   -2.319870e+01   -0.000000e+00   -0.000000e+00   5.506484e+02   9.615040e-12   1.520050e-05
1.238000e+02   -2.303034e+01   -0.000000e+00   -0.000000e+00   5.517627e+02   9.536712e-12   1.510718e-05
1.239000e+02   -2.239879e+01   -0.000000e+00   -0.000000e+00   5.528798e+02   9.459110e-12   1.501459e-05
1.240000e+02   -2.098599e+01   -0.000000e+00   -0.000000e+00   5.539996e+02   9.382227e-12   1.492271e-05
1.241000e+02   -1.913578e+01   -0.000000e+00   -0.000000e+00   5.551219e+02   9.306061e-12   1.483155e-05
1.242000e+02   -1.720923e+01   -0.000000e+00   -0.000000e+00   5.562467e+02   9.230606e-12   1.474110e-05
1.243000e+02   -1.556742e+01   -0.000000e+00   -0.000000e+00   5.573739e+02   9.155857e-12   1.465136e-05
1.244000e+02   -1.436335e+01   -0.000000e+00   -0.000000e+00   5.585034e+02   9.081811e-12   1.456232e-05
1.245000e+02   -1.327281e+01   -0.000000e+00   -0.000000e+00   5.596351e+02   9.008463e-12   1.447398e-05
1.246000e+02   -1.224783e+01   -0.000000e+00   -0.000000e+00   5.607689e+02   8.935808e-12   1.438633e-05
1.247000e+02   -1.125614e+01   -0.000000e+00   -0.000000e+00   5.619046e+02   8.863841e-12   1.429937e-05
1.248000e+02   -1.026547e+01   -0.000000e+00   -0.000000e+00   5.630423e+02   8.792557e-12   1.421309e-05
1.249000e+02   -9.267346e+00   -0.000000e+00   -0.000000e+00   5.641818e+02   8.721953e-12   1.412749e-05
1.250000e+02   -8.297108e+00   -0.000000e+00   -0.000000e+00   5.653230e+02   8.652023e-12   1.404257e-05
1.251000e+02   -7.337670e+00   -0.000000e+00   -0.000000e+00   5.664658e+02   8.582762e-12   1.395832e-05
1.252000e+02   -6.368939e+00   -0.000000e+00   -0.000000e+00   5.676101e+02   8.514166e-12   1.387473e-05
1.253000e+02   -5.370824e+00   -0.000000e+00   -0.000000e+00   5.687559e+02   8.446230e-12   1.379181e-05
1.254000e+02   -4.280165e+00   -0.000000e+00   -0.000000e+00   5.699030e+02   8.378950e-12   1.370954e-05
1.255000e+02   -3.032428e+00   -0.000000e+00   -0.000000e+00   5.710513e+02   8.312319e-12   1.362792e-05
1.256000e+02   -1.763948e+00   -0.000000e+00   -0.000000e+00   5.722008e+02   8.246334e-12   1.354696e-05
1.257000e+02   -6.214732e-01   -0.000000e+00   -0.000000e+00   5.733513e+02   8.180989e-12   1.346663e-05
1.258000e+02   2.482484e-01   -0.000000e+00   -0.000000e+00   5.745027e+02   8.116281e-12   1.338695e-05
1.259000e+02   8.071560e-01   -0.000000e+00   -0.000000e+00   5.756551e+02   8.052203e-12   1.330790e-05
1.260000e+02   1.328616e+00   -0.000000e+00   -0.000000e+00   5.768081e+02   7.988751e-12   1.322948e-05
1.261000e+02   1.834841e+00   -0.000000e+00   -0.000000e+00   5.779619e+02   7.925920e-12   1.315168e-05
1.262000e+02   2.323549e+00   -0.000000e+00   -0.000000e+00   5.791162e+02   7.863705e-12   1.307451e-05
1.263000e+02   2.792455e+00   -0.000000e+00   -0.000000e+00   5.802710e+02   7.802102e-12   1.299795e-05
1.264000e+02   3.220077e+00   -0.000000e+00   -0.000000e+00   5.814261e+02   7.741105e-12   1.292200e-05
1.265000e+02   3.548560e+00   -0.000000e+00   -0.000000e+00   5.825816e+02   7.680710e-12   1.284667e-05
1.266000e+02   3.801113e+00   -0.000000e+00   -0.000000e+00   5.837372e+02   7.620911e-12   1.277193e-05
1.267000e+02   4.008115e+00   -0.000000e+00   -0.000000e+00   5.848929e+02   7.561703e-12   1.269780e-05
1.268000e+02   4.199942e+00   -0.000000e+00   -0.000000e+00   5.860486e+02   7.503083e-12   1.262425e-05
1.269000e+02   4.374593e+00   -0.000000e+00   -0.000000e+00   5.872042e+02   7.445044e-12   1.255130e-05
1.270000e+02   4.443461e+00   -0.000000e+00   -0.000000e+00   5.883597e+02   7.387582e-12   1.247894e-05
1.271000e+02   4.454754e+00   -0.000000e+00   -0.000000e+00   5.895148e+02   7.330692e-12   1.240715e-05
1.272000e+02   4.471954e+00   -0.000000e+00   -0.000000e+00   5.906695e+02   7.274369e-12   1.233594e-05
1.273000e+02   4.558543e+00   -0.000000e+00   -0.000000e+00   5.918238e+02   7.218608e-12   1.226530e-05
1.274000e+02   4.746868e+00   -0.000000e+00   -0.000000e+00   5.929775e+02   7.163405e-12   1.219523e-05
1.275000e+02   4.943754e+00   -0.000000e+00   -0.000000e+00   5.941305e+02   7.108754e-12   1.212572e-05
1.276000e+02   5.165877e+00   -0.000000e+00   -0.000000e+00   5.952827e+02   7.054650e-12   1.205677e-05
1.277000e+02   5.447196e+00   -0.000000e+00   -0.000000e+00   5.964341e+02   7.001089e-12   1.198838e-05
1.278000e+02   5.821669e+00   -0.000000e+00   -0.000000e+00   5.975845e+02   6.948065e-12   1.192053e-05
1.279000e+02   6.305016e+00   -0.000000e+00   -0.000000e+00   5.987339e+02   6.895575e-12   1.185323e-05
1.280000e+02   6.818699e+00   -0.000000e+00   -0.000000e+00   5.998821e+02   6.843612e-12   1.178647e-05
1.281000e+02   7.342221e+00   -0.000000e+00   -0.000000e+00   6.010291e+02   6.792173e-12   1.172024e-05
1.282000e+02   7.867524e+00   -0.000000e+00   -0.000000e+00   6.021748e+02   6.741252e-12   1.165455e-05
1.283000e+02   8.386548e+00   -0.000000e+00   -0.000000e+00   6.033190e+02   6.690844e-12   1.158938e-05
1.284000e+02   8.861547e+00   -0.000000e+00   -0.000000e+00   6.044616e+02   6.640945e-12   1.152474e-05
1.285000e+02   9.143735e+00   -0.000000e+00   -0.000000e+00   6.056027e+02   6.591550e-12   1.146061e-05
1.286000e+02   9.290964e+00   -0.000000e+00   -0.000000e+00   6.067420e+02   6.542654e-12   1.139700e-05
1.287000e+02   9.394925e+00   -0.000000e+00   -0.000000e+00   6.078795e+02   6.494252e-12   1.133389e-05
1.288000e+02   9.547313e+00   -0.000000e+00   -0.000000e+00   6.090151e+02   6.446340e-12   1.127129e-05
1.289000e+02   9.815103e+00   -0.000000e+00   -0.000000e+00   6.101487e+02   6.398913e-12   1.120919e-05
1.290000e+02   1.009738e+01   -0.000000e+00   -0.000000e+00   6.112802e+02   6.351966e-12   1.114759e-05
1.291000e+02   1.039350e+01   -0.000000e+00   -0.000000e+00   6.124095e+02   6.305494e-12   1.108647e-05
1.292000e+02   1.073211e+01   -0.000000e+00   -0.000000e+00   6.135365e+02   6.259493e-12   1.102585e-05
1.293000e+02   1.114188e+01   -0.000000e+00   -0.000000e+00   6.146611e+02   6.213958e-12   1.096570e-05
1.294000e+02   1.164473e+01   -0.000000e+00   -0.000000e+00   6.157832e+02   6.168884e-12   1.090603e-05
1.295000e+02   1.219916e+01   -0.000000e+00   -0.000000e+00   6.169028e+02   6.124267e-12   1.084684e-05
1.296000e+02   1.277593e+01   -0.000000e+00   -0.000000e+00   6.180196e+02   6.080101e-12   1.078811e-05
1.297000e+02   1.335467e+01   -0.000000e+00   -0.000000e+00   6.191337e+02   6.036384e-12   1.072985e-05
1.298000e+02   1.391502e+01   -0.000000e+00   -0.000000e+00   6.202450e+02   5.993109e-12   1.067205e-05
1.299000e+02   1.443785e+01   -0.000000e+00   -0.000000e+00   6.213532e+02   5.950272e-12   1.061470e-05
1.300000e+02   1.492289e+01   -0.000000e+00   -0.000000e+00   6.224585e+02   5.907870e-12   1.055780e-05
