#% 0, Z0, m, 0.0
#% 1, Z, km
#% 2, U, m/s
#% 3, V, m/s
#% 4, W, m/s
#% 5, T, degK
#% 6, RHO, g/cm3
#% 7, P, mbar
0.000000e+00   1.151241e+00   0.000000e+00   0.000000e+00   2.712567e+02   1.249749e-03   9.732752e+02
1.000000e-01   1.390072e+00   0.000000e+00   0.000000e+00   2.703484e+02   1.238284e-03   9.611172e+02
2.000000e-01   1.512375e+00   0.000000e+00   0.000000e+00   2.693628e+02   1.227266e-03   9.490927e+02
3.000000e-01   1.570283e+00   0.000000e+00   0.000000e+00   2.684043e+02   1.216207e-03   9.371939e+02
4.000000e-01   1.610259e+00   0.000000e+00   0.000000e+00   2.675642e+02   1.204690e-03   9.254135e+02
5.000000e-01   1.646512e+00   0.000000e+00   0.000000e+00   2.668661e+02   1.192612e-03   9.137450e+02
6.000000e-01   1.620322e+00   0.000000e+00   0.000000e+00   2.662225e+02   1.180374e-03   9.021873e+02
7.000000e-01   1.563792e+00   0.000000e+00   0.000000e+00   2.655550e+02   1.168327e-03   8.907402e+02
8.000000e-01   1.574400e+00   0.000000e+00   0.000000e+00   2.648882e+02   1.156360e-03   8.794034e+02
9.000000e-01   1.642000e+00   0.000000e+00   0.000000e+00   2.642914e+02   1.144177e-03   8.681775e+02
1.000000e+00   1.712604e+00   0.000000e+00   0.000000e+00   2.636656e+02   1.132210e-03   8.570631e+02
1.100000e+00   1.768278e+00   0.000000e+00   0.000000e+00   2.630146e+02   1.120442e-03   8.460608e+02
1.200000e+00   1.820944e+00   0.000000e+00   0.000000e+00   2.624419e+02   1.108434e-03   8.351709e+02
1.300000e+00   1.890164e+00   0.000000e+00   0.000000e+00   2.620152e+02   1.095911e-03   8.243928e+02
1.400000e+00   1.999138e+00   0.000000e+00   0.000000e+00   2.616428e+02   1.083269e-03   8.137248e+02
1.500000e+00   2.147138e+00   0.000000e+00   0.000000e+00   2.612415e+02   1.070859e-03   8.031690e+02
1.600000e+00   2.359897e+00   0.000000e+00   0.000000e+00   2.608018e+02   1.058723e-03   7.927296e+02
1.700000e+00   2.656622e+00   0.000000e+00   0.000000e+00   2.603794e+02   1.046635e-03   7.824098e+02
1.800000e+00   2.992169e+00   0.000000e+00   0.000000e+00   2.599873e+02   1.034551e-03   7.722117e+02
1.900000e+00   3.323019e+00   0.000000e+00   0.000000e+00   2.596149e+02   1.022517e-03   7.621364e+02
2.000000e+00   3.603925e+00   0.000000e+00   0.000000e+00   2.592532e+02   1.010574e-03   7.521849e+02
2.100000e+00   3.834065e+00   0.000000e+00   0.000000e+00   2.588941e+02   9.987543e-04   7.423577e+02
2.200000e+00   4.062395e+00   0.000000e+00   0.000000e+00   2.585342e+02   9.870715e-04   7.326542e+02
2.300000e+00   4.270185e+00   0.000000e+00   0.000000e+00   2.581789e+02   9.755008e-04   7.230705e+02
2.400000e+00   4.438496e+00   0.000000e+00   0.000000e+00   2.578329e+02   9.640197e-04   7.136028e+02
2.500000e+00   4.569929e+00   0.000000e+00   0.000000e+00   2.574862e+02   9.526636e-04   7.042484e+02
2.600000e+00   4.672661e+00   0.000000e+00   0.000000e+00   2.571208e+02   9.414963e-04   6.950055e+02
2.700000e+00   4.753523e+00   0.000000e+00   0.000000e+00   2.567297e+02   9.305392e-04   6.858722e+02
2.800000e+00   4.835349e+00   0.000000e+00   0.000000e+00   2.563334e+02   9.197148e-04   6.768472e+02
2.900000e+00   4.941505e+00   0.000000e+00   0.000000e+00   2.559552e+02   9.089377e-04   6.679293e+02
3.000000e+00   5.088365e+00   0.000000e+00   0.000000e+00   2.555957e+02   8.982074e-04   6.591170e+02
3.100000e+00   5.274131e+00   0.000000e+00   0.000000e+00   2.552324e+02   8.876022e-04   6.504090e+02
3.200000e+00   5.491778e+00   0.000000e+00   0.000000e+00   2.548421e+02   8.772006e-04   6.418041e+02
3.300000e+00   5.758193e+00   0.000000e+00   0.000000e+00   2.544103e+02   8.670480e-04   6.333011e+02
3.400000e+00   6.075659e+00   0.000000e+00   0.000000e+00   2.539517e+02   8.570897e-04   6.248988e+02
3.500000e+00   6.443273e+00   0.000000e+00   0.000000e+00   2.534869e+02   8.472528e-04   6.165962e+02
3.600000e+00   6.851822e+00   0.000000e+00   0.000000e+00   2.530367e+02   8.374674e-04   6.083925e+02
3.700000e+00   7.270731e+00   0.000000e+00   0.000000e+00   2.526199e+02   8.276727e-04   6.002865e+02
3.800000e+00   7.690697e+00   0.000000e+00   0.000000e+00   2.522365e+02   8.178701e-04   5.922766e+02
3.900000e+00   8.110362e+00   0.000000e+00   0.000000e+00   2.518763e+02   8.080927e-04   5.843606e+02
4.000000e+00   8.528441e+00   0.000000e+00   0.000000e+00   2.515294e+02   7.983730e-04   5.765366e+02
4.100000e+00   9.004873e+00   0.000000e+00   0.000000e+00   2.511854e+02   7.887415e-04   5.688024e+02
4.200000e+00   9.640230e+00   0.000000e+00   0.000000e+00   2.508375e+02   7.792188e-04   5.611567e+02
4.300000e+00   1.032499e+01   0.000000e+00   0.000000e+00   2.504864e+02   7.698022e-04   5.535995e+02
4.400000e+00   1.093909e+01   0.000000e+00   0.000000e+00   2.501344e+02   7.604861e-04   5.461313e+02
4.500000e+00   1.136244e+01   0.000000e+00   0.000000e+00   2.497834e+02   7.512651e-04   5.387523e+02
4.600000e+00   1.142324e+01   0.000000e+00   0.000000e+00   2.494354e+02   7.421343e-04   5.314629e+02
4.700000e+00   1.102531e+01   0.000000e+00   0.000000e+00   2.490892e+02   7.330984e-04   5.242634e+02
4.800000e+00   1.039848e+01   0.000000e+00   0.000000e+00   2.487384e+02   7.241768e-04   5.171539e+02
4.900000e+00   9.788165e+00   0.000000e+00   0.000000e+00   2.483762e+02   7.153889e-04   5.101343e+02
5.000000e+00   9.439793e+00   0.000000e+00   0.000000e+00   2.479958e+02   7.067536e-04   5.032048e+02
5.100000e+00   9.496414e+00   0.000000e+00   0.000000e+00   2.475905e+02   6.982888e-04   4.963654e+02
5.200000e+00   9.728243e+00   0.000000e+00   0.000000e+00   2.471553e+02   6.900059e-04   4.896154e+02
5.300000e+00   1.004745e+01   0.000000e+00   0.000000e+00   2.466888e+02   6.819025e-04   4.829522e+02
5.400000e+00   1.038482e+01   0.000000e+00   0.000000e+00   2.461905e+02   6.739744e-04   4.763730e+02
5.500000e+00   1.067113e+01   0.000000e+00   0.000000e+00   2.456596e+02   6.662177e-04   4.698750e+02
5.600000e+00   1.087453e+01   0.000000e+00   0.000000e+00   2.450955e+02   6.586281e-04   4.634554e+02
5.700000e+00   1.106925e+01   0.000000e+00   0.000000e+00   2.444978e+02   6.512006e-04   4.571115e+02
5.800000e+00   1.122254e+01   0.000000e+00   0.000000e+00   2.438703e+02   6.439206e-04   4.508412e+02
5.900000e+00   1.129505e+01   0.000000e+00   0.000000e+00   2.432192e+02   6.367679e-04   4.446429e+02
6.000000e+00   1.124749e+01   0.000000e+00   0.000000e+00   2.425506e+02   6.297230e-04   4.385149e+02
6.100000e+00   1.095212e+01   0.000000e+00   0.000000e+00   2.418708e+02   6.227670e-04   4.324556e+02
6.200000e+00   1.014880e+01   0.000000e+00   0.000000e+00   2.411860e+02   6.158814e-04   4.264633e+02
6.300000e+00   9.084397e+00   0.000000e+00   0.000000e+00   2.405016e+02   6.090506e-04   4.205364e+02
6.400000e+00   8.051018e+00   0.000000e+00   0.000000e+00   2.398165e+02   6.022755e-04   4.146739e+02
6.500000e+00   7.339425e+00   0.000000e+00   0.000000e+00   2.391272e+02   5.955645e-04   4.088747e+02
6.600000e+00   7.157458e+00   0.000000e+00   0.000000e+00   2.384300e+02   5.889253e-04   4.031378e+02
6.700000e+00   7.256804e+00   0.000000e+00   0.000000e+00   2.377211e+02   5.823656e-04   3.974623e+02
6.800000e+00   7.514996e+00   0.000000e+00   0.000000e+00   2.369969e+02   5.758928e-04   3.918472e+02
6.900000e+00   7.846119e+00   0.000000e+00   0.000000e+00   2.362538e+02   5.695135e-04   3.862915e+02
7.000000e+00   8.160421e+00   0.000000e+00   0.000000e+00   2.354918e+02   5.632257e-04   3.807945e+02
7.100000e+00   8.398271e+00   0.000000e+00   0.000000e+00   2.347149e+02   5.570188e-04   3.753557e+02
7.200000e+00   8.662439e+00   0.000000e+00   0.000000e+00   2.339271e+02   5.508822e-04   3.699744e+02
7.300000e+00   8.927272e+00   0.000000e+00   0.000000e+00   2.331325e+02   5.448054e-04   3.646503e+02
7.400000e+00   9.142600e+00   0.000000e+00   0.000000e+00   2.323350e+02   5.387783e-04   3.593826e+02
7.500000e+00   9.258252e+00   0.000000e+00   0.000000e+00   2.315388e+02   5.327912e-04   3.541711e+02
7.600000e+00   9.190160e+00   0.000000e+00   0.000000e+00   2.307477e+02   5.268347e-04   3.490150e+02
7.700000e+00   8.773938e+00   0.000000e+00   0.000000e+00   2.299648e+02   5.209029e-04   3.439145e+02
7.800000e+00   8.153792e+00   0.000000e+00   0.000000e+00   2.291926e+02   5.149916e-04   3.388700e+02
7.900000e+00   7.517802e+00   0.000000e+00   0.000000e+00   2.284336e+02   5.090967e-04   3.338818e+02
8.000000e+00   7.054048e+00   0.000000e+00   0.000000e+00   2.276903e+02   5.032146e-04   3.289502e+02
8.100000e+00   7.023024e+00   0.000000e+00   0.000000e+00   2.269652e+02   4.973417e-04   3.240757e+02
8.200000e+00   7.864295e+00   0.000000e+00   0.000000e+00   2.262607e+02   4.914746e-04   3.192585e+02
8.300000e+00   9.205444e+00   0.000000e+00   0.000000e+00   2.255793e+02   4.856103e-04   3.144992e+02
8.400000e+00   1.054688e+01   0.000000e+00   0.000000e+00   2.249235e+02   4.797458e-04   3.097979e+02
8.500000e+00   1.139084e+01   0.000000e+00   0.000000e+00   2.242962e+02   4.738778e-04   3.051551e+02
8.600000e+00   1.128997e+01   0.000000e+00   0.000000e+00   2.237009e+02   4.680014e-04   3.005711e+02
8.700000e+00   1.038164e+01   0.000000e+00   0.000000e+00   2.231415e+02   4.621118e-04   2.960463e+02
8.800000e+00   8.994221e+00   0.000000e+00   0.000000e+00   2.226216e+02   4.562046e-04   2.915811e+02
8.900000e+00   7.420406e+00   0.000000e+00   0.000000e+00   2.221451e+02   4.502757e-04   2.871756e+02
9.000000e+00   5.952891e+00   0.000000e+00   0.000000e+00   2.217157e+02   4.443215e-04   2.828304e+02
9.100000e+00   4.825249e+00   0.000000e+00   0.000000e+00   2.213372e+02   4.383386e-04   2.785457e+02
9.200000e+00   3.729467e+00   0.000000e+00   0.000000e+00   2.210134e+02   4.323242e-04   2.743220e+02
9.300000e+00   2.670337e+00   0.000000e+00   0.000000e+00   2.207481e+02   4.262760e-04   2.701595e+02
9.400000e+00   1.775792e+00   0.000000e+00   0.000000e+00   2.205449e+02   4.201920e-04   2.660585e+02
9.500000e+00   1.173198e+00   0.000000e+00   0.000000e+00   2.204071e+02   4.140717e-04   2.620195e+02
9.600000e+00   1.069955e+00   0.000000e+00   0.000000e+00   2.203327e+02   4.079238e-04   2.580420e+02
9.700000e+00   2.240922e+00   0.000000e+00   0.000000e+00   2.203178e+02   4.017600e-04   2.541257e+02
9.800000e+00   4.268500e+00   0.000000e+00   0.000000e+00   2.203581e+02   3.955920e-04   2.502701e+02
9.900000e+00   6.427294e+00   0.000000e+00   0.000000e+00   2.204497e+02   3.894307e-04   2.464746e+02
1.000000e+01   7.991905e+00   0.000000e+00   0.000000e+00   2.205885e+02   3.832869e-04   2.427388e+02
1.010000e+01   8.246222e+00   0.000000e+00   0.000000e+00   2.207703e+02   3.771705e-04   2.390621e+02
1.020000e+01   7.013865e+00   0.000000e+00   0.000000e+00   2.209912e+02   3.710913e-04   2.354442e+02
1.030000e+01   4.945042e+00   0.000000e+00   0.000000e+00   2.212470e+02   3.650581e-04   2.318846e+02
1.040000e+01   2.759894e+00   0.000000e+00   0.000000e+00   2.215338e+02   3.590797e-04   2.283826e+02
1.050000e+01   1.178557e+00   0.000000e+00   0.000000e+00   2.218473e+02   3.531639e-04   2.249380e+02
1.060000e+01   8.946631e-01   0.000000e+00   0.000000e+00   2.221835e+02   3.473181e-04   2.215499e+02
1.070000e+01   1.860731e+00   0.000000e+00   0.000000e+00   2.225382e+02   3.415487e-04   2.182175e+02
1.080000e+01   3.493674e+00   0.000000e+00   0.000000e+00   2.229073e+02   3.358615e-04   2.149398e+02
1.090000e+01   5.248875e+00   0.000000e+00   0.000000e+00   2.232865e+02   3.302619e-04   2.117158e+02
1.100000e+01   6.581717e+00   0.000000e+00   0.000000e+00   2.236716e+02   3.247548e-04   2.085446e+02
1.110000e+01   6.996498e+00   0.000000e+00   0.000000e+00   2.240586e+02   3.193446e-04   2.054252e+02
1.120000e+01   7.054038e+00   0.000000e+00   0.000000e+00   2.244432e+02   3.140353e-04   2.023566e+02
1.130000e+01   7.085279e+00   0.000000e+00   0.000000e+00   2.248212e+02   3.088305e-04   1.993379e+02
1.140000e+01   7.101020e+00   0.000000e+00   0.000000e+00   2.251885e+02   3.037332e-04   1.963680e+02
1.150000e+01   7.112057e+00   0.000000e+00   0.000000e+00   2.255408e+02   2.987464e-04   1.934462e+02
1.160000e+01   7.128749e+00   0.000000e+00   0.000000e+00   2.258743e+02   2.938721e-04   1.905713e+02
1.170000e+01   7.144520e+00   0.000000e+00   0.000000e+00   2.261883e+02   2.891082e-04   1.877426e+02
1.180000e+01   7.151163e+00   0.000000e+00   0.000000e+00   2.264843e+02   2.844499e-04   1.849593e+02
1.190000e+01   7.145268e+00   0.000000e+00   0.000000e+00   2.267638e+02   2.798927e-04   1.822207e+02
1.200000e+01   7.123425e+00   0.000000e+00   0.000000e+00   2.270285e+02   2.754322e-04   1.795261e+02
1.210000e+01   7.066936e+00   0.000000e+00   0.000000e+00   2.272799e+02   2.710642e-04   1.768746e+02
1.220000e+01   6.545383e+00   0.000000e+00   0.000000e+00   2.275195e+02   2.667846e-04   1.742656e+02
1.230000e+01   5.599302e+00   0.000000e+00   0.000000e+00   2.277489e+02   2.625896e-04   1.716984e+02
1.240000e+01   4.548302e+00   0.000000e+00   0.000000e+00   2.279697e+02   2.584755e-04   1.691722e+02
1.250000e+01   3.711994e+00   0.000000e+00   0.000000e+00   2.281833e+02   2.544388e-04   1.666862e+02
1.260000e+01   3.400671e+00   0.000000e+00   0.000000e+00   2.283914e+02   2.504759e-04   1.642397e+02
1.270000e+01   3.425514e+00   0.000000e+00   0.000000e+00   2.285954e+02   2.465839e-04   1.618320e+02
1.280000e+01   3.561769e+00   0.000000e+00   0.000000e+00   2.287949e+02   2.427615e-04   1.594624e+02
1.290000e+01   3.776744e+00   0.000000e+00   0.000000e+00   2.289889e+02   2.390083e-04   1.571303e+02
1.300000e+01   4.037748e+00   0.000000e+00   0.000000e+00   2.291765e+02   2.353241e-04   1.548349e+02
1.310000e+01   4.316523e+00   0.000000e+00   0.000000e+00   2.293565e+02   2.317082e-04   1.525755e+02
1.320000e+01   4.846224e+00   0.000000e+00   0.000000e+00   2.295279e+02   2.281604e-04   1.503516e+02
1.330000e+01   5.612509e+00   0.000000e+00   0.000000e+00   2.296896e+02   2.246799e-04   1.481624e+02
1.340000e+01   6.389408e+00   0.000000e+00   0.000000e+00   2.298407e+02   2.212662e-04   1.460072e+02
1.350000e+01   6.950946e+00   0.000000e+00   0.000000e+00   2.299801e+02   2.179187e-04   1.438855e+02
1.360000e+01   7.070346e+00   0.000000e+00   0.000000e+00   2.301066e+02   2.146367e-04   1.417965e+02
1.370000e+01   6.538216e+00   0.000000e+00   0.000000e+00   2.302194e+02   2.114195e-04   1.397395e+02
1.380000e+01   5.541566e+00   0.000000e+00   0.000000e+00   2.303175e+02   2.082661e-04   1.377139e+02
1.390000e+01   4.407200e+00   0.000000e+00   0.000000e+00   2.304021e+02   2.051740e-04   1.357192e+02
1.400000e+01   3.461938e+00   0.000000e+00   0.000000e+00   2.304757e+02   2.021396e-04   1.337547e+02
1.410000e+01   3.030784e+00   0.000000e+00   0.000000e+00   2.305408e+02   1.991594e-04   1.318199e+02
1.420000e+01   2.918215e+00   0.000000e+00   0.000000e+00   2.305997e+02   1.962303e-04   1.299144e+02
1.430000e+01   2.814902e+00   0.000000e+00   0.000000e+00   2.306551e+02   1.933490e-04   1.280375e+02
1.440000e+01   2.720668e+00   0.000000e+00   0.000000e+00   2.307093e+02   1.905125e-04   1.261888e+02
1.450000e+01   2.635332e+00   0.000000e+00   0.000000e+00   2.307648e+02   1.877180e-04   1.243678e+02
1.460000e+01   2.558887e+00   0.000000e+00   0.000000e+00   2.308241e+02   1.849627e-04   1.225738e+02
1.470000e+01   2.636337e+00   0.000000e+00   0.000000e+00   2.308896e+02   1.822440e-04   1.208064e+02
1.480000e+01   2.918655e+00   0.000000e+00   0.000000e+00   2.309638e+02   1.795594e-04   1.190651e+02
1.490000e+01   3.294771e+00   0.000000e+00   0.000000e+00   2.310490e+02   1.769065e-04   1.173493e+02
1.500000e+01   3.653557e+00   0.000000e+00   0.000000e+00   2.311452e+02   1.742851e-04   1.156585e+02
1.510000e+01   3.883837e+00   0.000000e+00   0.000000e+00   2.312496e+02   1.716969e-04   1.139924e+02
1.520000e+01   4.018487e+00   0.000000e+00   0.000000e+00   2.313599e+02   1.691434e-04   1.123506e+02
1.530000e+01   4.148373e+00   0.000000e+00   0.000000e+00   2.314733e+02   1.666259e-04   1.107327e+02
1.540000e+01   4.249297e+00   0.000000e+00   0.000000e+00   2.315872e+02   1.641459e-04   1.091383e+02
1.550000e+01   4.297061e+00   0.000000e+00   0.000000e+00   2.316991e+02   1.617045e-04   1.075670e+02
1.560000e+01   4.267468e+00   0.000000e+00   0.000000e+00   2.318064e+02   1.593029e-04   1.060184e+02
1.570000e+01   3.958238e+00   0.000000e+00   0.000000e+00   2.319064e+02   1.569419e-04   1.044922e+02
1.580000e+01   3.303974e+00   0.000000e+00   0.000000e+00   2.319966e+02   1.546225e-04   1.029880e+02
1.590000e+01   2.530996e+00   0.000000e+00   0.000000e+00   2.320743e+02   1.523455e-04   1.015054e+02
1.600000e+01   1.865880e+00   0.000000e+00   0.000000e+00   2.321370e+02   1.501114e-04   1.000439e+02
1.610000e+01   1.534998e+00   0.000000e+00   0.000000e+00   2.321838e+02   1.479200e-04   9.860326e+01
1.620000e+01   1.488601e+00   0.000000e+00   0.000000e+00   2.322164e+02   1.457692e-04   9.718319e+01
1.630000e+01   1.455604e+00   0.000000e+00   0.000000e+00   2.322368e+02   1.436570e-04   9.578339e+01
1.640000e+01   1.434298e+00   0.000000e+00   0.000000e+00   2.322469e+02   1.415814e-04   9.440359e+01
1.650000e+01   1.424212e+00   0.000000e+00   0.000000e+00   2.322487e+02   1.395405e-04   9.304349e+01
1.660000e+01   1.424878e+00   0.000000e+00   0.000000e+00   2.322442e+02   1.375325e-04   9.170282e+01
1.670000e+01   1.634641e+00   0.000000e+00   0.000000e+00   2.322353e+02   1.355557e-04   9.038130e+01
1.680000e+01   2.206433e+00   0.000000e+00   0.000000e+00   2.322241e+02   1.336084e-04   8.907864e+01
1.690000e+01   2.916192e+00   0.000000e+00   0.000000e+00   2.322125e+02   1.316891e-04   8.779456e+01
1.700000e+01   3.537022e+00   0.000000e+00   0.000000e+00   2.322024e+02   1.297961e-04   8.652879e+01
1.710000e+01   3.842027e+00   0.000000e+00   0.000000e+00   2.321959e+02   1.279280e-04   8.528104e+01
1.720000e+01   3.254815e+00   0.000000e+00   0.000000e+00   2.321945e+02   1.260837e-04   8.405104e+01
1.730000e+01   1.517027e+00   0.000000e+00   0.000000e+00   2.321985e+02   1.242627e-04   8.283856e+01
1.740000e+01   -6.770850e-01   0.000000e+00   0.000000e+00   2.322084e+02   1.224647e-04   8.164339e+01
1.750000e+01   -2.622234e+00   0.000000e+00   0.000000e+00   2.322242e+02   1.206893e-04   8.046530e+01
1.760000e+01   -3.613134e+00   0.000000e+00   0.000000e+00   2.322462e+02   1.189363e-04   7.930406e+01
1.770000e+01   -3.283259e+00   0.000000e+00   0.000000e+00   2.322746e+02   1.172053e-04   7.815946e+01
1.780000e+01   -2.186594e+00   0.000000e+00   0.000000e+00   2.323098e+02   1.154961e-04   7.703128e+01
1.790000e+01   -7.614050e-01   0.000000e+00   0.000000e+00   2.323518e+02   1.138083e-04   7.591929e+01
1.800000e+01   5.623357e-01   0.000000e+00   0.000000e+00   2.324010e+02   1.121415e-04   7.482327e+01
1.810000e+01   1.354657e+00   0.000000e+00   0.000000e+00   2.324575e+02   1.104956e-04   7.374300e+01
1.820000e+01   1.535039e+00   0.000000e+00   0.000000e+00   2.325217e+02   1.088701e-04   7.267826e+01
1.830000e+01   1.640010e+00   0.000000e+00   0.000000e+00   2.325935e+02   1.072650e-04   7.162882e+01
1.840000e+01   1.713694e+00   0.000000e+00   0.000000e+00   2.326723e+02   1.056802e-04   7.059449e+01
1.850000e+01   1.781487e+00   0.000000e+00   0.000000e+00   2.327570e+02   1.041162e-04   6.957506e+01
1.860000e+01   1.868785e+00   0.000000e+00   0.000000e+00   2.328467e+02   1.025732e-04   6.857033e+01
1.870000e+01   1.988634e+00   0.000000e+00   0.000000e+00   2.329402e+02   1.010513e-04   6.758011e+01
1.880000e+01   2.125124e+00   0.000000e+00   0.000000e+00   2.330366e+02   9.955085e-05   6.660419e+01
1.890000e+01   2.278176e+00   0.000000e+00   0.000000e+00   2.331349e+02   9.807191e-05   6.564237e+01
1.900000e+01   2.448633e+00   0.000000e+00   0.000000e+00   2.332340e+02   9.661463e-05   6.469446e+01
1.910000e+01   2.637338e+00   0.000000e+00   0.000000e+00   2.333329e+02   9.517913e-05   6.376025e+01
1.920000e+01   2.889959e+00   0.000000e+00   0.000000e+00   2.334306e+02   9.376548e-05   6.283955e+01
1.930000e+01   3.270715e+00   0.000000e+00   0.000000e+00   2.335260e+02   9.237374e-05   6.193214e+01
1.940000e+01   3.682594e+00   0.000000e+00   0.000000e+00   2.336182e+02   9.100394e-05   6.103785e+01
1.950000e+01   4.021106e+00   0.000000e+00   0.000000e+00   2.337064e+02   8.965599e-05   6.015647e+01
1.960000e+01   4.181468e+00   0.000000e+00   0.000000e+00   2.337903e+02   8.832969e-05   5.928783e+01
1.970000e+01   4.089564e+00   0.000000e+00   0.000000e+00   2.338694e+02   8.702484e-05   5.843176e+01
1.980000e+01   3.796146e+00   0.000000e+00   0.000000e+00   2.339433e+02   8.574122e-05   5.758808e+01
1.990000e+01   3.338326e+00   0.000000e+00   0.000000e+00   2.340116e+02   8.447862e-05   5.675662e+01
2.000000e+01   2.749658e+00   0.000000e+00   0.000000e+00   2.340739e+02   8.323681e-05   5.593721e+01
2.010000e+01   2.063693e+00   0.000000e+00   0.000000e+00   2.341298e+02   8.201555e-05   5.512966e+01
2.020000e+01   1.004379e+00   0.000000e+00   0.000000e+00   2.341789e+02   8.081463e-05   5.433380e+01
2.030000e+01   -1.103066e+00   0.000000e+00   0.000000e+00   2.342207e+02   7.963379e-05   5.354946e+01
2.040000e+01   -3.670979e+00   0.000000e+00   0.000000e+00   2.342550e+02   7.847280e-05   5.277647e+01
2.050000e+01   -6.022381e+00   0.000000e+00   0.000000e+00   2.342811e+02   7.733141e-05   5.201464e+01
2.060000e+01   -7.479759e+00   0.000000e+00   0.000000e+00   2.342991e+02   7.620930e-05   5.126382e+01
2.070000e+01   -7.449341e+00   0.000000e+00   0.000000e+00   2.343093e+02   7.510598e-05   5.052384e+01
2.080000e+01   -6.113700e+00   0.000000e+00   0.000000e+00   2.343124e+02   7.402088e-05   4.979457e+01
2.090000e+01   -4.029110e+00   0.000000e+00   0.000000e+00   2.343093e+02   7.295348e-05   4.907586e+01
2.100000e+01   -1.750754e+00   0.000000e+00   0.000000e+00   2.343006e+02   7.190325e-05   4.836758e+01
2.110000e+01   1.661896e-01   0.000000e+00   0.000000e+00   2.342871e+02   7.086969e-05   4.766957e+01
2.120000e+01   1.418088e+00   0.000000e+00   0.000000e+00   2.342693e+02   6.985232e-05   4.698169e+01
2.130000e+01   2.646342e+00   0.000000e+00   0.000000e+00   2.342482e+02   6.885066e-05   4.630381e+01
2.140000e+01   3.778137e+00   0.000000e+00   0.000000e+00   2.342243e+02   6.786425e-05   4.563577e+01
2.150000e+01   4.639015e+00   0.000000e+00   0.000000e+00   2.341984e+02   6.689265e-05   4.497743e+01
2.160000e+01   5.054517e+00   0.000000e+00   0.000000e+00   2.341712e+02   6.593541e-05   4.432866e+01
2.170000e+01   4.951455e+00   0.000000e+00   0.000000e+00   2.341435e+02   6.499212e-05   4.368930e+01
2.180000e+01   4.701123e+00   0.000000e+00   0.000000e+00   2.341159e+02   6.406236e-05   4.305923e+01
2.190000e+01   4.366726e+00   0.000000e+00   0.000000e+00   2.340895e+02   6.314572e-05   4.243832e+01
2.200000e+01   3.957957e+00   0.000000e+00   0.000000e+00   2.340650e+02   6.224180e-05   4.182646e+01
2.210000e+01   3.484510e+00   0.000000e+00   0.000000e+00   2.340435e+02   6.135023e-05   4.122353e+01
2.220000e+01   2.617849e+00   0.000000e+00   0.000000e+00   2.340258e+02   6.047064e-05   4.062942e+01
2.230000e+01   5.927431e-03   0.000000e+00   0.000000e+00   2.340128e+02   5.960265e-05   4.004401e+01
2.240000e+01   -3.569422e+00   0.000000e+00   0.000000e+00   2.340054e+02   5.874594e-05   3.946718e+01
2.250000e+01   -7.028571e+00   0.000000e+00   0.000000e+00   2.340045e+02   5.790016e-05   3.889882e+01
2.260000e+01   -9.291894e+00   0.000000e+00   0.000000e+00   2.340110e+02   5.706500e-05   3.833880e+01
2.270000e+01   -9.575161e+00   0.000000e+00   0.000000e+00   2.340259e+02   5.624014e-05   3.778702e+01
2.280000e+01   -9.041517e+00   0.000000e+00   0.000000e+00   2.340499e+02   5.542528e-05   3.724335e+01
2.290000e+01   -8.108881e+00   0.000000e+00   0.000000e+00   2.340841e+02   5.462013e-05   3.670768e+01
2.300000e+01   -6.952572e+00   0.000000e+00   0.000000e+00   2.341282e+02   5.382466e-05   3.617990e+01
2.310000e+01   -5.748402e+00   0.000000e+00   0.000000e+00   2.341813e+02   5.303900e-05   3.565989e+01
2.320000e+01   -4.573144e+00   0.000000e+00   0.000000e+00   2.342426e+02   5.226329e-05   3.514754e+01
2.330000e+01   -2.990747e+00   0.000000e+00   0.000000e+00   2.343109e+02   5.149765e-05   3.464275e+01
2.340000e+01   -1.232003e+00   0.000000e+00   0.000000e+00   2.343855e+02   5.074218e-05   3.414540e+01
2.350000e+01   3.337390e-01   0.000000e+00   0.000000e+00   2.344652e+02   4.999698e-05   3.365538e+01
2.360000e+01   1.337134e+00   0.000000e+00   0.000000e+00   2.345491e+02   4.926212e-05   3.317258e+01
2.370000e+01   1.468248e+00   0.000000e+00   0.000000e+00   2.346362e+02   4.853767e-05   3.269689e+01
2.380000e+01   1.031483e+00   0.000000e+00   0.000000e+00   2.347257e+02   4.782368e-05   3.222819e+01
2.390000e+01   3.173187e-01   0.000000e+00   0.000000e+00   2.348164e+02   4.712019e-05   3.176639e+01
2.400000e+01   -4.538028e-01   0.000000e+00   0.000000e+00   2.349075e+02   4.642722e-05   3.131136e+01
2.410000e+01   -1.061397e+00   0.000000e+00   0.000000e+00   2.349980e+02   4.574479e-05   3.086300e+01
2.420000e+01   -1.322378e+00   0.000000e+00   0.000000e+00   2.350873e+02   4.507283e-05   3.042121e+01
2.430000e+01   -1.452091e+00   0.000000e+00   0.000000e+00   2.351754e+02   4.441122e-05   2.998588e+01
2.440000e+01   -1.553115e+00   0.000000e+00   0.000000e+00   2.352619e+02   4.375980e-05   2.955693e+01
2.450000e+01   -1.656971e+00   0.000000e+00   0.000000e+00   2.353469e+02   4.311846e-05   2.913427e+01
2.460000e+01   -1.795178e+00   0.000000e+00   0.000000e+00   2.354301e+02   4.248705e-05   2.871779e+01
2.470000e+01   -2.024653e+00   0.000000e+00   0.000000e+00   2.355115e+02   4.186544e-05   2.830740e+01
2.480000e+01   -2.583226e+00   0.000000e+00   0.000000e+00   2.355908e+02   4.125348e-05   2.790302e+01
2.490000e+01   -3.367459e+00   0.000000e+00   0.000000e+00   2.356679e+02   4.065103e-05   2.750454e+01
2.500000e+01   -4.183055e+00   0.000000e+00   0.000000e+00   2.357427e+02   4.005796e-05   2.711187e+01
2.510000e+01   -4.835716e+00   0.000000e+00   0.000000e+00   2.358151e+02   3.947412e-05   2.672492e+01
2.520000e+01   -5.158574e+00   0.000000e+00   0.000000e+00   2.358849e+02   3.889937e-05   2.634360e+01
2.530000e+01   -5.369592e+00   0.000000e+00   0.000000e+00   2.359519e+02   3.833357e-05   2.596780e+01
2.540000e+01   -5.558108e+00   0.000000e+00   0.000000e+00   2.360162e+02   3.777657e-05   2.559745e+01
2.550000e+01   -5.717571e+00   0.000000e+00   0.000000e+00   2.360779e+02   3.722818e-05   2.523246e+01
2.560000e+01   -5.841418e+00   0.000000e+00   0.000000e+00   2.361373e+02   3.668824e-05   2.487275e+01
2.570000e+01   -5.902339e+00   0.000000e+00   0.000000e+00   2.361946e+02   3.615657e-05   2.451826e+01
2.580000e+01   -5.627231e+00   0.000000e+00   0.000000e+00   2.362501e+02   3.563301e-05   2.416890e+01
2.590000e+01   -5.094855e+00   0.000000e+00   0.000000e+00   2.363040e+02   3.511738e-05   2.382460e+01
2.600000e+01   -4.514566e+00   0.000000e+00   0.000000e+00   2.363566e+02   3.460953e-05   2.348528e+01
2.610000e+01   -4.095719e+00   0.000000e+00   0.000000e+00   2.364080e+02   3.410929e-05   2.315086e+01
2.620000e+01   -4.028630e+00   0.000000e+00   0.000000e+00   2.364585e+02   3.361650e-05   2.282127e+01
2.630000e+01   -4.092719e+00   0.000000e+00   0.000000e+00   2.365085e+02   3.313101e-05   2.249644e+01
2.640000e+01   -4.157758e+00   0.000000e+00   0.000000e+00   2.365580e+02   3.265267e-05   2.217628e+01
2.650000e+01   -4.218262e+00   0.000000e+00   0.000000e+00   2.366074e+02   3.218131e-05   2.186072e+01
2.660000e+01   -4.268831e+00   0.000000e+00   0.000000e+00   2.366569e+02   3.171679e-05   2.154968e+01
2.670000e+01   -4.285787e+00   0.000000e+00   0.000000e+00   2.367071e+02   3.125893e-05   2.124310e+01
2.680000e+01   -3.861223e+00   0.000000e+00   0.000000e+00   2.367590e+02   3.080753e-05   2.094092e+01
2.690000e+01   -3.054025e+00   0.000000e+00   0.000000e+00   2.368132e+02   3.036240e-05   2.064307e+01
2.700000e+01   -2.160303e+00   -0.000000e+00   -0.000000e+00   2.368707e+02   2.992335e-05   2.034950e+01
2.710000e+01   -1.476166e+00   -0.000000e+00   -0.000000e+00   2.369322e+02   2.949020e-05   2.006015e+01
2.720000e+01   -1.290629e+00   -0.000000e+00   -0.000000e+00   2.369987e+02   2.906279e-05   1.977496e+01
2.730000e+01   -1.564089e+00   -0.000000e+00   -0.000000e+00   2.370710e+02   2.864094e-05   1.949387e+01
2.740000e+01   -2.101103e+00   -0.000000e+00   -0.000000e+00   2.371498e+02   2.822449e-05   1.921681e+01
2.750000e+01   -2.774621e+00   -0.000000e+00   -0.000000e+00   2.372361e+02   2.781329e-05   1.894373e+01
2.760000e+01   -3.457592e+00   -0.000000e+00   -0.000000e+00   2.373306e+02   2.740718e-05   1.867457e+01
2.770000e+01   -4.028273e+00   -0.000000e+00   -0.000000e+00   2.374343e+02   2.700602e-05   1.840926e+01
2.780000e+01   -4.610660e+00   -0.000000e+00   -0.000000e+00   2.375478e+02   2.660967e-05   1.814775e+01
2.790000e+01   -5.236904e+00   -0.000000e+00   -0.000000e+00   2.376719e+02   2.621802e-05   1.788998e+01
2.800000e+01   -5.808156e+00   -0.000000e+00   -0.000000e+00   2.378051e+02   2.583118e-05   1.763591e+01
2.810000e+01   -6.224966e+00   -0.000000e+00   -0.000000e+00   2.379459e+02   2.544932e-05   1.738548e+01
2.820000e+01   -6.386270e+00   -0.000000e+00   -0.000000e+00   2.380923e+02   2.507258e-05   1.713865e+01
2.830000e+01   -6.140899e+00   -0.000000e+00   -0.000000e+00   2.382426e+02   2.470110e-05   1.689539e+01
2.840000e+01   -5.567155e+00   -0.000000e+00   -0.000000e+00   2.383951e+02   2.433501e-05   1.665563e+01
2.850000e+01   -4.846835e+00   -0.000000e+00   -0.000000e+00   2.385480e+02   2.397441e-05   1.641935e+01
2.860000e+01   -4.161738e+00   -0.000000e+00   -0.000000e+00   2.386994e+02   2.361941e-05   1.618650e+01
2.870000e+01   -3.691991e+00   -0.000000e+00   -0.000000e+00   2.388477e+02   2.327011e-05   1.595702e+01
2.880000e+01   -3.382471e+00   -0.000000e+00   -0.000000e+00   2.389910e+02   2.292658e-05   1.573088e+01
2.890000e+01   -3.108451e+00   -0.000000e+00   -0.000000e+00   2.391276e+02   2.258889e-05   1.550804e+01
2.900000e+01   -2.853684e+00   -0.000000e+00   -0.000000e+00   2.392556e+02   2.225711e-05   1.528844e+01
2.910000e+01   -2.601923e+00   -0.000000e+00   -0.000000e+00   2.393735e+02   2.193128e-05   1.507205e+01
2.920000e+01   -2.337248e+00   -0.000000e+00   -0.000000e+00   2.394796e+02   2.161143e-05   1.485882e+01
2.930000e+01   -2.029913e+00   -0.000000e+00   -0.000000e+00   2.395748e+02   2.129736e-05   1.464871e+01
2.940000e+01   -1.694526e+00   -0.000000e+00   -0.000000e+00   2.396604e+02   2.098886e-05   1.444167e+01
2.950000e+01   -1.374770e+00   -0.000000e+00   -0.000000e+00   2.397379e+02   2.068568e-05   1.423767e+01
2.960000e+01   -1.114324e+00   -0.000000e+00   -0.000000e+00   2.398087e+02   2.038762e-05   1.403666e+01
2.970000e+01   -9.568331e-01   -0.000000e+00   -0.000000e+00   2.398742e+02   2.009447e-05   1.383861e+01
2.980000e+01   -8.987206e-01   -0.000000e+00   -0.000000e+00   2.399358e+02   1.980602e-05   1.364346e+01
2.990000e+01   -8.954334e-01   -0.000000e+00   -0.000000e+00   2.399949e+02   1.952208e-05   1.345118e+01
3.000000e+01   -9.227096e-01   -0.000000e+00   -0.000000e+00   2.400530e+02   1.924247e-05   1.326173e+01
3.010000e+01   -9.562868e-01   -0.000000e+00   -0.000000e+00   2.401114e+02   1.896701e-05   1.307506e+01
3.020000e+01   -9.719030e-01   -0.000000e+00   -0.000000e+00   2.401715e+02   1.869552e-05   1.289114e+01
3.030000e+01   -9.589275e-01   -0.000000e+00   -0.000000e+00   2.402348e+02   1.842784e-05   1.270992e+01
3.040000e+01   -9.366687e-01   -0.000000e+00   -0.000000e+00   2.403027e+02   1.816381e-05   1.253136e+01
3.050000e+01   -9.257000e-01   -0.000000e+00   -0.000000e+00   2.403766e+02   1.790329e-05   1.235541e+01
3.060000e+01   -9.454929e-01   -0.000000e+00   -0.000000e+00   2.404566e+02   1.764620e-05   1.218205e+01
3.070000e+01   -1.014664e+00   -0.000000e+00   -0.000000e+00   2.405422e+02   1.739257e-05   1.201123e+01
3.080000e+01   -1.430942e+00   -0.000000e+00   -0.000000e+00   2.406329e+02   1.714239e-05   1.184292e+01
3.090000e+01   -2.313207e+00   -0.000000e+00   -0.000000e+00   2.407279e+02   1.689566e-05   1.167707e+01
3.100000e+01   -3.342767e+00   -0.000000e+00   -0.000000e+00   2.408267e+02   1.665239e-05   1.151366e+01
3.110000e+01   -4.200535e+00   -0.000000e+00   -0.000000e+00   2.409286e+02   1.641256e-05   1.135265e+01
3.120000e+01   -4.567425e+00   -0.000000e+00   -0.000000e+00   2.410331e+02   1.617617e-05   1.119399e+01
3.130000e+01   -4.310485e+00   -0.000000e+00   -0.000000e+00   2.411396e+02   1.594322e-05   1.103766e+01
3.140000e+01   -3.675337e+00   -0.000000e+00   -0.000000e+00   2.412475e+02   1.571368e-05   1.088361e+01
3.150000e+01   -2.864260e+00   -0.000000e+00   -0.000000e+00   2.413561e+02   1.548755e-05   1.073182e+01
3.160000e+01   -2.078971e+00   -0.000000e+00   -0.000000e+00   2.414648e+02   1.526481e-05   1.058224e+01
3.170000e+01   -1.521184e+00   -0.000000e+00   -0.000000e+00   2.415730e+02   1.504543e-05   1.043483e+01
3.180000e+01   -1.222115e+00   -0.000000e+00   -0.000000e+00   2.416802e+02   1.482941e-05   1.028957e+01
3.190000e+01   -9.940441e-01   -0.000000e+00   -0.000000e+00   2.417860e+02   1.461669e-05   1.014641e+01
3.200000e+01   -8.024827e-01   -0.000000e+00   -0.000000e+00   2.418910e+02   1.440719e-05   1.000533e+01
3.210000e+01   -6.146343e-01   -0.000000e+00   -0.000000e+00   2.419962e+02   1.420081e-05   9.866294e+00
3.220000e+01   -3.977028e-01   -0.000000e+00   -0.000000e+00   2.421026e+02   1.399745e-05   9.729280e+00
3.230000e+01   -9.597727e-02   -0.000000e+00   -0.000000e+00   2.422113e+02   1.379700e-05   9.594260e+00
3.240000e+01   2.923688e-01   -0.000000e+00   -0.000000e+00   2.423231e+02   1.359939e-05   9.461205e+00
3.250000e+01   6.830218e-01   -0.000000e+00   -0.000000e+00   2.424391e+02   1.340451e-05   9.330089e+00
3.260000e+01   9.907760e-01   -0.000000e+00   -0.000000e+00   2.425602e+02   1.321227e-05   9.200884e+00
3.270000e+01   1.130426e+00   -0.000000e+00   -0.000000e+00   2.426875e+02   1.302261e-05   9.073563e+00
3.280000e+01   8.349171e-01   -0.000000e+00   -0.000000e+00   2.428219e+02   1.283543e-05   8.948098e+00
3.290000e+01   -1.052648e-01   -0.000000e+00   -0.000000e+00   2.429644e+02   1.265066e-05   8.824461e+00
3.300000e+01   -1.408938e+00   -0.000000e+00   -0.000000e+00   2.431160e+02   1.246822e-05   8.702625e+00
3.310000e+01   -2.785907e+00   -0.000000e+00   -0.000000e+00   2.432777e+02   1.228803e-05   8.582563e+00
3.320000e+01   -3.945979e+00   -0.000000e+00   -0.000000e+00   2.434504e+02   1.211004e-05   8.464247e+00
3.330000e+01   -4.847581e+00   -0.000000e+00   -0.000000e+00   2.436349e+02   1.193418e-05   8.347651e+00
3.340000e+01   -5.798134e+00   -0.000000e+00   -0.000000e+00   2.438309e+02   1.176045e-05   8.232750e+00
3.350000e+01   -6.679044e+00   -0.000000e+00   -0.000000e+00   2.440377e+02   1.158887e-05   8.119524e+00
3.360000e+01   -7.357229e+00   -0.000000e+00   -0.000000e+00   2.442548e+02   1.141947e-05   8.007949e+00
3.370000e+01   -7.699606e+00   -0.000000e+00   -0.000000e+00   2.444813e+02   1.125225e-05   7.898005e+00
3.380000e+01   -7.494757e+00   -0.000000e+00   -0.000000e+00   2.447168e+02   1.108723e-05   7.789668e+00
3.390000e+01   -6.666063e+00   -0.000000e+00   -0.000000e+00   2.449604e+02   1.092441e-05   7.682917e+00
3.400000e+01   -5.525455e+00   -0.000000e+00   -0.000000e+00   2.452117e+02   1.076380e-05   7.577729e+00
3.410000e+01   -4.396263e+00   -0.000000e+00   -0.000000e+00   2.454698e+02   1.060541e-05   7.474083e+00
3.420000e+01   -3.601817e+00   -0.000000e+00   -0.000000e+00   2.457342e+02   1.044924e-05   7.371956e+00
3.430000e+01   -3.249894e+00   -0.000000e+00   -0.000000e+00   2.460042e+02   1.029529e-05   7.271326e+00
3.440000e+01   -2.955067e+00   -0.000000e+00   -0.000000e+00   2.462792e+02   1.014356e-05   7.172171e+00
3.450000e+01   -2.713842e+00   -0.000000e+00   -0.000000e+00   2.465585e+02   9.994050e-06   7.074469e+00
3.460000e+01   -2.547652e+00   -0.000000e+00   -0.000000e+00   2.468414e+02   9.846749e-06   6.978197e+00
3.470000e+01   -2.477925e+00   -0.000000e+00   -0.000000e+00   2.471273e+02   9.701653e-06   6.883335e+00
3.480000e+01   -2.578094e+00   -0.000000e+00   -0.000000e+00   2.474159e+02   9.558745e-06   6.789860e+00
3.490000e+01   -2.938112e+00   -0.000000e+00   -0.000000e+00   2.477070e+02   9.417995e-06   6.697752e+00
3.500000e+01   -3.420432e+00   -0.000000e+00   -0.000000e+00   2.480006e+02   9.279373e-06   6.606992e+00
3.510000e+01   -3.875372e+00   -0.000000e+00   -0.000000e+00   2.482968e+02   9.142847e-06   6.517559e+00
3.520000e+01   -4.153247e+00   -0.000000e+00   -0.000000e+00   2.485956e+02   9.008386e-06   6.429434e+00
3.530000e+01   -4.069526e+00   -0.000000e+00   -0.000000e+00   2.488968e+02   8.875961e-06   6.342596e+00
3.540000e+01   -3.526060e+00   -0.000000e+00   -0.000000e+00   2.492005e+02   8.745540e-06   6.257026e+00
3.550000e+01   -2.713804e+00   -0.000000e+00   -0.000000e+00   2.495068e+02   8.617092e-06   6.172704e+00
3.560000e+01   -1.839016e+00   -0.000000e+00   -0.000000e+00   2.498155e+02   8.490586e-06   6.089609e+00
3.570000e+01   -1.107954e+00   -0.000000e+00   -0.000000e+00   2.501267e+02   8.365992e-06   6.007722e+00
3.580000e+01   -6.238286e-01   -0.000000e+00   -0.000000e+00   2.504403e+02   8.243279e-06   5.927023e+00
3.590000e+01   -1.508698e-01   -0.000000e+00   -0.000000e+00   2.507564e+02   8.122416e-06   5.847491e+00
3.600000e+01   2.838741e-01   -0.000000e+00   -0.000000e+00   2.510749e+02   8.003372e-06   5.769108e+00
3.610000e+01   6.221314e-01   -0.000000e+00   -0.000000e+00   2.513958e+02   7.886117e-06   5.691852e+00
3.620000e+01   8.056294e-01   -0.000000e+00   -0.000000e+00   2.517191e+02   7.770620e-06   5.615705e+00
3.630000e+01   8.081584e-01   -0.000000e+00   -0.000000e+00   2.520448e+02   7.656853e-06   5.540646e+00
3.640000e+01   7.318416e-01   -0.000000e+00   -0.000000e+00   2.523727e+02   7.544795e-06   5.466662e+00
3.650000e+01   5.972430e-01   -0.000000e+00   -0.000000e+00   2.527028e+02   7.434424e-06   5.393737e+00
3.660000e+01   4.124031e-01   -0.000000e+00   -0.000000e+00   2.530349e+02   7.325720e-06   5.321856e+00
3.670000e+01   1.853619e-01   -0.000000e+00   -0.000000e+00   2.533690e+02   7.218661e-06   5.251004e+00
3.680000e+01   -2.177160e-01   -0.000000e+00   -0.000000e+00   2.537048e+02   7.113225e-06   5.181167e+00
3.690000e+01   -1.299189e+00   -0.000000e+00   -0.000000e+00   2.540423e+02   7.009392e-06   5.112329e+00
3.700000e+01   -2.782523e+00   -0.000000e+00   -0.000000e+00   2.543814e+02   6.907140e-06   5.044476e+00
3.710000e+01   -4.296867e+00   -0.000000e+00   -0.000000e+00   2.547220e+02   6.806446e-06   4.977591e+00
3.720000e+01   -5.471367e+00   -0.000000e+00   -0.000000e+00   2.550640e+02   6.707289e-06   4.911662e+00
3.730000e+01   -6.067079e+00   -0.000000e+00   -0.000000e+00   2.554071e+02   6.609646e-06   4.846672e+00
3.740000e+01   -6.539033e+00   -0.000000e+00   -0.000000e+00   2.557515e+02   6.513496e-06   4.782606e+00
3.750000e+01   -6.940301e+00   -0.000000e+00   -0.000000e+00   2.560968e+02   6.418816e-06   4.719451e+00
3.760000e+01   -7.235120e+00   -0.000000e+00   -0.000000e+00   2.564431e+02   6.325584e-06   4.657190e+00
3.770000e+01   -7.387731e+00   -0.000000e+00   -0.000000e+00   2.567901e+02   6.233777e-06   4.595808e+00
3.780000e+01   -7.302683e+00   -0.000000e+00   -0.000000e+00   2.571378e+02   6.143374e-06   4.535292e+00
3.790000e+01   -6.683803e+00   -0.000000e+00   -0.000000e+00   2.574861e+02   6.054354e-06   4.475627e+00
3.800000e+01   -5.685397e+00   -0.000000e+00   -0.000000e+00   2.578346e+02   5.966705e-06   4.416803e+00
3.810000e+01   -4.532324e+00   -0.000000e+00   -0.000000e+00   2.581832e+02   5.880410e-06   4.358809e+00
3.820000e+01   -3.449441e+00   -0.000000e+00   -0.000000e+00   2.585316e+02   5.795455e-06   4.301634e+00
3.830000e+01   -2.620155e+00   -0.000000e+00   -0.000000e+00   2.588796e+02   5.711824e-06   4.245267e+00
3.840000e+01   -1.894663e+00   -0.000000e+00   -0.000000e+00   2.592270e+02   5.629503e-06   4.189697e+00
3.850000e+01   -1.205665e+00   -0.000000e+00   -0.000000e+00   2.595735e+02   5.548475e-06   4.134913e+00
3.860000e+01   -5.281553e-01   -0.000000e+00   -0.000000e+00   2.599190e+02   5.468725e-06   4.080905e+00
3.870000e+01   1.628706e-01   -0.000000e+00   -0.000000e+00   2.602631e+02   5.390238e-06   4.027661e+00
3.880000e+01   9.149424e-01   -0.000000e+00   -0.000000e+00   2.606057e+02   5.312996e-06   3.975170e+00
3.890000e+01   1.859672e+00   -0.000000e+00   -0.000000e+00   2.609465e+02   5.236984e-06   3.923422e+00
3.900000e+01   2.860859e+00   -0.000000e+00   -0.000000e+00   2.612853e+02   5.162185e-06   3.872406e+00
3.910000e+01   3.732494e+00   -0.000000e+00   -0.000000e+00   2.616218e+02   5.088583e-06   3.822110e+00
3.920000e+01   4.288564e+00   -0.000000e+00   -0.000000e+00   2.619559e+02   5.016161e-06   3.772524e+00
3.930000e+01   4.243261e+00   -0.000000e+00   -0.000000e+00   2.622873e+02   4.944903e-06   3.723638e+00
3.940000e+01   2.779810e+00   -0.000000e+00   -0.000000e+00   2.626158e+02   4.874791e-06   3.675439e+00
3.950000e+01   3.289602e-01   -0.000000e+00   -0.000000e+00   2.629411e+02   4.805809e-06   3.627918e+00
3.960000e+01   -2.400376e+00   -0.000000e+00   -0.000000e+00   2.632632e+02   4.737940e-06   3.581064e+00
3.970000e+01   -4.699309e+00   -0.000000e+00   -0.000000e+00   2.635818e+02   4.671167e-06   3.534868e+00
3.980000e+01   -5.970851e+00   -0.000000e+00   -0.000000e+00   2.638969e+02   4.605472e-06   3.489321e+00
3.990000e+01   -6.923017e+00   -0.000000e+00   -0.000000e+00   2.642084e+02   4.540840e-06   3.444412e+00
4.000000e+01   -7.774216e+00   -0.000000e+00   -0.000000e+00   2.645160e+02   4.477252e-06   3.400133e+00
4.010000e+01   -8.451504e+00   -0.000000e+00   -0.000000e+00   2.648198e+02   4.414693e-06   3.356474e+00
4.020000e+01   -8.881938e+00   -0.000000e+00   -0.000000e+00   2.651195e+02   4.353146e-06   3.313425e+00
4.030000e+01   -8.970957e+00   -0.000000e+00   -0.000000e+00   2.654150e+02   4.292593e-06   3.270977e+00
4.040000e+01   -8.460926e+00   -0.000000e+00   -0.000000e+00   2.657062e+02   4.233018e-06   3.229120e+00
4.050000e+01   -7.493391e+00   -0.000000e+00   -0.000000e+00   2.659930e+02   4.174405e-06   3.187845e+00
4.060000e+01   -6.320434e+00   -0.000000e+00   -0.000000e+00   2.662753e+02   4.116737e-06   3.147141e+00
4.070000e+01   -5.194138e+00   -0.000000e+00   -0.000000e+00   2.665528e+02   4.059997e-06   3.107000e+00
4.080000e+01   -4.334767e+00   -0.000000e+00   -0.000000e+00   2.668256e+02   4.004169e-06   3.067412e+00
4.090000e+01   -3.466251e+00   -0.000000e+00   -0.000000e+00   2.670934e+02   3.949236e-06   3.028368e+00
4.100000e+01   -2.582282e+00   -0.000000e+00   -0.000000e+00   2.673561e+02   3.895183e-06   2.989857e+00
4.110000e+01   -1.842210e+00   -0.000000e+00   -0.000000e+00   2.676137e+02   3.841993e-06   2.951870e+00
4.120000e+01   -1.405157e+00   -0.000000e+00   -0.000000e+00   2.678660e+02   3.789649e-06   2.914398e+00
4.130000e+01   -1.454531e+00   -0.000000e+00   -0.000000e+00   2.681134e+02   3.738132e-06   2.877435e+00
4.140000e+01   -2.461592e+00   -0.000000e+00   -0.000000e+00   2.683563e+02   3.687423e-06   2.840973e+00
4.150000e+01   -4.144720e+00   -0.000000e+00   -0.000000e+00   2.685951e+02   3.637503e-06   2.805006e+00
4.160000e+01   -5.966961e+00   -0.000000e+00   -0.000000e+00   2.688304e+02   3.588353e-06   2.769528e+00
4.170000e+01   -7.391362e+00   -0.000000e+00   -0.000000e+00   2.690624e+02   3.539955e-06   2.734533e+00
4.180000e+01   -7.889104e+00   -0.000000e+00   -0.000000e+00   2.692918e+02   3.492292e-06   2.700014e+00
4.190000e+01   -7.375236e+00   -0.000000e+00   -0.000000e+00   2.695188e+02   3.445347e-06   2.665964e+00
4.200000e+01   -6.286950e+00   -0.000000e+00   -0.000000e+00   2.697440e+02   3.399101e-06   2.632378e+00
4.210000e+01   -5.069856e+00   -0.000000e+00   -0.000000e+00   2.699678e+02   3.353541e-06   2.599249e+00
4.220000e+01   -4.169564e+00   -0.000000e+00   -0.000000e+00   2.701906e+02   3.308648e-06   2.566570e+00
4.230000e+01   -4.024660e+00   -0.000000e+00   -0.000000e+00   2.704129e+02   3.264408e-06   2.534336e+00
4.240000e+01   -4.662897e+00   -0.000000e+00   -0.000000e+00   2.706352e+02   3.220805e-06   2.502540e+00
4.250000e+01   -5.725031e+00   -0.000000e+00   -0.000000e+00   2.708577e+02   3.177824e-06   2.471175e+00
4.260000e+01   -6.881537e+00   -0.000000e+00   -0.000000e+00   2.710811e+02   3.135451e-06   2.440235e+00
4.270000e+01   -7.802889e+00   -0.000000e+00   -0.000000e+00   2.713057e+02   3.093671e-06   2.409713e+00
4.280000e+01   -8.165414e+00   -0.000000e+00   -0.000000e+00   2.715320e+02   3.052470e-06   2.379605e+00
4.290000e+01   -8.009553e+00   -0.000000e+00   -0.000000e+00   2.717604e+02   3.011835e-06   2.349902e+00
4.300000e+01   -7.545013e+00   -0.000000e+00   -0.000000e+00   2.719912e+02   2.971754e-06   2.320599e+00
4.310000e+01   -6.887902e+00   -0.000000e+00   -0.000000e+00   2.722240e+02   2.932224e-06   2.291690e+00
4.320000e+01   -6.154592e+00   -0.000000e+00   -0.000000e+00   2.724584e+02   2.893242e-06   2.263171e+00
4.330000e+01   -5.456165e+00   -0.000000e+00   -0.000000e+00   2.726938e+02   2.854806e-06   2.235035e+00
4.340000e+01   -4.567531e+00   -0.000000e+00   -0.000000e+00   2.729300e+02   2.816913e-06   2.207278e+00
4.350000e+01   -3.483317e+00   -0.000000e+00   -0.000000e+00   2.731664e+02   2.779560e-06   2.179895e+00
4.360000e+01   -2.436236e+00   -0.000000e+00   -0.000000e+00   2.734026e+02   2.742742e-06   2.152880e+00
4.370000e+01   -1.659002e+00   -0.000000e+00   -0.000000e+00   2.736380e+02   2.706457e-06   2.126229e+00
4.380000e+01   -1.383672e+00   -0.000000e+00   -0.000000e+00   2.738724e+02   2.670700e-06   2.099935e+00
4.390000e+01   -1.669951e+00   -0.000000e+00   -0.000000e+00   2.741051e+02   2.635468e-06   2.073993e+00
4.400000e+01   -2.288324e+00   -0.000000e+00   -0.000000e+00   2.743359e+02   2.600756e-06   2.048399e+00
4.410000e+01   -2.998777e+00   -0.000000e+00   -0.000000e+00   2.745641e+02   2.566560e-06   2.023147e+00
4.420000e+01   -3.561294e+00   -0.000000e+00   -0.000000e+00   2.747894e+02   2.532874e-06   1.998232e+00
4.430000e+01   -3.733186e+00   -0.000000e+00   -0.000000e+00   2.750113e+02   2.499695e-06   1.973649e+00
4.440000e+01   -2.781362e+00   -0.000000e+00   -0.000000e+00   2.752294e+02   2.467016e-06   1.949392e+00
4.450000e+01   -7.691334e-01   -0.000000e+00   -0.000000e+00   2.754431e+02   2.434834e-06   1.925456e+00
4.460000e+01   1.575436e+00   -0.000000e+00   -0.000000e+00   2.756521e+02   2.403141e-06   1.901836e+00
4.470000e+01   3.524281e+00   -0.000000e+00   -0.000000e+00   2.758560e+02   2.371934e-06   1.878527e+00
4.480000e+01   4.349811e+00   -0.000000e+00   -0.000000e+00   2.760541e+02   2.341207e-06   1.855523e+00
4.490000e+01   3.954277e+00   -0.000000e+00   -0.000000e+00   2.762464e+02   2.310952e-06   1.832820e+00
4.500000e+01   2.827812e+00   -0.000000e+00   -0.000000e+00   2.764328e+02   2.281162e-06   1.810414e+00
4.510000e+01   1.208640e+00   -0.000000e+00   -0.000000e+00   2.766130e+02   2.251829e-06   1.788300e+00
4.520000e+01   -6.650168e-01   -0.000000e+00   -0.000000e+00   2.767872e+02   2.222946e-06   1.766474e+00
4.530000e+01   -2.554935e+00   -0.000000e+00   -0.000000e+00   2.769552e+02   2.194505e-06   1.744932e+00
4.540000e+01   -5.114940e+00   -0.000000e+00   -0.000000e+00   2.771169e+02   2.166499e-06   1.723669e+00
4.550000e+01   -8.590286e+00   -0.000000e+00   -0.000000e+00   2.772722e+02   2.138921e-06   1.702681e+00
4.560000e+01   -1.212989e+01   -0.000000e+00   -0.000000e+00   2.774212e+02   2.111762e-06   1.681965e+00
4.570000e+01   -1.488268e+01   -0.000000e+00   -0.000000e+00   2.775636e+02   2.085016e-06   1.661515e+00
4.580000e+01   -1.599756e+01   -0.000000e+00   -0.000000e+00   2.776995e+02   2.058675e-06   1.641328e+00
4.590000e+01   -1.585908e+01   -0.000000e+00   -0.000000e+00   2.778287e+02   2.032732e-06   1.621398e+00
4.600000e+01   -1.561761e+01   -0.000000e+00   -0.000000e+00   2.779513e+02   2.007180e-06   1.601723e+00
4.610000e+01   -1.534466e+01   -0.000000e+00   -0.000000e+00   2.780670e+02   1.982012e-06   1.582297e+00
4.620000e+01   -1.511047e+01   -0.000000e+00   -0.000000e+00   2.781759e+02   1.957220e-06   1.563117e+00
4.630000e+01   -1.498526e+01   -0.000000e+00   -0.000000e+00   2.782778e+02   1.932798e-06   1.544178e+00
4.640000e+01   -1.536266e+01   -0.000000e+00   -0.000000e+00   2.783728e+02   1.908738e-06   1.525476e+00
4.650000e+01   -1.642195e+01   -0.000000e+00   -0.000000e+00   2.784606e+02   1.885033e-06   1.507007e+00
4.660000e+01   -1.774029e+01   -0.000000e+00   -0.000000e+00   2.785413e+02   1.861677e-06   1.488766e+00
4.670000e+01   -1.889282e+01   -0.000000e+00   -0.000000e+00   2.786147e+02   1.838663e-06   1.470749e+00
4.680000e+01   -1.945403e+01   -0.000000e+00   -0.000000e+00   2.786810e+02   1.815982e-06   1.452952e+00
4.690000e+01   -1.897570e+01   -0.000000e+00   -0.000000e+00   2.787405e+02   1.793629e-06   1.435374e+00
4.700000e+01   -1.752871e+01   -0.000000e+00   -0.000000e+00   2.787934e+02   1.771595e-06   1.418010e+00
4.710000e+01   -1.556387e+01   -0.000000e+00   -0.000000e+00   2.788402e+02   1.749874e-06   1.400860e+00
4.720000e+01   -1.353370e+01   -0.000000e+00   -0.000000e+00   2.788812e+02   1.728459e-06   1.383919e+00
4.730000e+01   -1.189074e+01   -0.000000e+00   -0.000000e+00   2.789167e+02   1.707343e-06   1.367187e+00
4.740000e+01   -1.077259e+01   -0.000000e+00   -0.000000e+00   2.789472e+02   1.686520e-06   1.350659e+00
4.750000e+01   -9.809865e+00   -0.000000e+00   -0.000000e+00   2.789728e+02   1.665982e-06   1.334334e+00
4.760000e+01   -8.922753e+00   -0.000000e+00   -0.000000e+00   2.789941e+02   1.645724e-06   1.318209e+00
4.770000e+01   -8.037340e+00   -0.000000e+00   -0.000000e+00   2.790113e+02   1.625739e-06   1.302282e+00
4.780000e+01   -7.079712e+00   -0.000000e+00   -0.000000e+00   2.790247e+02   1.606022e-06   1.286549e+00
4.790000e+01   -5.870997e+00   -0.000000e+00   -0.000000e+00   2.790348e+02   1.586566e-06   1.271009e+00
4.800000e+01   -4.360116e+00   -0.000000e+00   -0.000000e+00   2.790419e+02   1.567365e-06   1.255659e+00
4.810000e+01   -2.852672e+00   -0.000000e+00   -0.000000e+00   2.790463e+02   1.548414e-06   1.240497e+00
4.820000e+01   -1.660249e+00   -0.000000e+00   -0.000000e+00   2.790483e+02   1.529707e-06   1.225519e+00
4.830000e+01   -1.094435e+00   -0.000000e+00   -0.000000e+00   2.790484e+02   1.511239e-06   1.210724e+00
4.840000e+01   -1.285898e+00   -0.000000e+00   -0.000000e+00   2.790469e+02   1.493004e-06   1.196108e+00
4.850000e+01   -1.878037e+00   -0.000000e+00   -0.000000e+00   2.790440e+02   1.474997e-06   1.181670e+00
4.860000e+01   -2.628388e+00   -0.000000e+00   -0.000000e+00   2.790403e+02   1.457212e-06   1.167406e+00
4.870000e+01   -3.302181e+00   -0.000000e+00   -0.000000e+00   2.790359e+02   1.439645e-06   1.153315e+00
4.880000e+01   -3.665450e+00   -0.000000e+00   -0.000000e+00   2.790312e+02   1.422292e-06   1.139394e+00
4.890000e+01   -3.628032e+00   -0.000000e+00   -0.000000e+00   2.790263e+02   1.405148e-06   1.125640e+00
4.900000e+01   -3.429414e+00   -0.000000e+00   -0.000000e+00   2.790214e+02   1.388210e-06   1.112052e+00
4.910000e+01   -3.120958e+00   -0.000000e+00   -0.000000e+00   2.790167e+02   1.371476e-06   1.098628e+00
4.920000e+01   -2.743268e+00   -0.000000e+00   -0.000000e+00   2.790122e+02   1.354942e-06   1.085366e+00
4.930000e+01   -2.336946e+00   -0.000000e+00   -0.000000e+00   2.790083e+02   1.338604e-06   1.072264e+00
4.940000e+01   -1.912462e+00   -0.000000e+00   -0.000000e+00   2.790049e+02   1.322460e-06   1.059319e+00
4.950000e+01   -1.410299e+00   -0.000000e+00   -0.000000e+00   2.790023e+02   1.306506e-06   1.046530e+00
4.960000e+01   -8.233323e-01   -0.000000e+00   -0.000000e+00   2.790007e+02   1.290739e-06   1.033894e+00
4.970000e+01   -1.478959e-01   -0.000000e+00   -0.000000e+00   2.790002e+02   1.275157e-06   1.021411e+00
4.980000e+01   6.196758e-01   -0.000000e+00   -0.000000e+00   2.790009e+02   1.259755e-06   1.009076e+00
4.990000e+01   1.654016e+00   -0.000000e+00   -0.000000e+00   2.790031e+02   1.244531e-06   9.968897e-01
5.000000e+01   3.253055e+00   -0.000000e+00   -0.000000e+00   2.790068e+02   1.229482e-06   9.848484e-01
5.010000e+01   5.040419e+00   -0.000000e+00   -0.000000e+00   2.790123e+02   1.214605e-06   9.729507e-01
5.020000e+01   6.602068e+00   -0.000000e+00   -0.000000e+00   2.790197e+02   1.199897e-06   9.611944e-01
5.030000e+01   7.523962e+00   -0.000000e+00   -0.000000e+00   2.790292e+02   1.185355e-06   9.495774e-01
5.040000e+01   7.576255e+00   -0.000000e+00   -0.000000e+00   2.790409e+02   1.170976e-06   9.380979e-01
5.050000e+01   7.189267e+00   -0.000000e+00   -0.000000e+00   2.790549e+02   1.156757e-06   9.267537e-01
5.060000e+01   6.515948e+00   -0.000000e+00   -0.000000e+00   2.790715e+02   1.142696e-06   9.155428e-01
5.070000e+01   5.673027e+00   -0.000000e+00   -0.000000e+00   2.790908e+02   1.128790e-06   9.044632e-01
5.080000e+01   4.777267e+00   -0.000000e+00   -0.000000e+00   2.791126e+02   1.115036e-06   8.935130e-01
5.090000e+01   3.848960e+00   -0.000000e+00   -0.000000e+00   2.791362e+02   1.101438e-06   8.826908e-01
5.100000e+01   2.654826e+00   -0.000000e+00   -0.000000e+00   2.791606e+02   1.087997e-06   8.719952e-01
5.110000e+01   1.284475e+00   -0.000000e+00   -0.000000e+00   2.791850e+02   1.074714e-06   8.614249e-01
5.120000e+01   -1.400071e-01   -0.000000e+00   -0.000000e+00   2.792084e+02   1.061592e-06   8.509783e-01
5.130000e+01   -1.496535e+00   -0.000000e+00   -0.000000e+00   2.792302e+02   1.048631e-06   8.406542e-01
5.140000e+01   -2.700340e+00   -0.000000e+00   -0.000000e+00   2.792493e+02   1.035833e-06   8.304510e-01
5.150000e+01   -3.842970e+00   -0.000000e+00   -0.000000e+00   2.792649e+02   1.023198e-06   8.203675e-01
5.160000e+01   -4.956309e+00   -0.000000e+00   -0.000000e+00   2.792761e+02   1.010728e-06   8.104022e-01
5.170000e+01   -6.059422e+00   -0.000000e+00   -0.000000e+00   2.792821e+02   9.984238e-07   8.005536e-01
5.180000e+01   -7.171372e+00   -0.000000e+00   -0.000000e+00   2.792820e+02   9.862854e-07   7.908205e-01
5.190000e+01   -8.372798e+00   -0.000000e+00   -0.000000e+00   2.792749e+02   9.743135e-07   7.812014e-01
5.200000e+01   -9.846176e+00   -0.000000e+00   -0.000000e+00   2.792600e+02   9.625086e-07   7.716950e-01
5.210000e+01   -1.135645e+01   -0.000000e+00   -0.000000e+00   2.792363e+02   9.508708e-07   7.622997e-01
5.220000e+01   -1.262319e+01   -0.000000e+00   -0.000000e+00   2.792030e+02   9.394004e-07   7.530143e-01
5.230000e+01   -1.336595e+01   -0.000000e+00   -0.000000e+00   2.791593e+02   9.280972e-07   7.438373e-01
5.240000e+01   -1.333909e+01   -0.000000e+00   -0.000000e+00   2.791042e+02   9.169613e-07   7.347672e-01
5.250000e+01   -1.264343e+01   -0.000000e+00   -0.000000e+00   2.790369e+02   9.059925e-07   7.258029e-01
5.260000e+01   -1.151235e+01   -0.000000e+00   -0.000000e+00   2.789566e+02   8.951905e-07   7.169427e-01
5.270000e+01   -1.017097e+01   -0.000000e+00   -0.000000e+00   2.788623e+02   8.845549e-07   7.081854e-01
5.280000e+01   -8.844343e+00   -0.000000e+00   -0.000000e+00   2.787533e+02   8.740851e-07   6.995295e-01
5.290000e+01   -7.679677e+00   -0.000000e+00   -0.000000e+00   2.786297e+02   8.637777e-07   6.909740e-01
5.300000e+01   -6.402241e+00   -0.000000e+00   -0.000000e+00   2.784921e+02   8.536283e-07   6.825179e-01
5.310000e+01   -5.068877e+00   -0.000000e+00   -0.000000e+00   2.783412e+02   8.436325e-07   6.741603e-01
5.320000e+01   -3.809795e+00   -0.000000e+00   -0.000000e+00   2.781776e+02   8.337861e-07   6.659003e-01
5.330000e+01   -2.755205e+00   -0.000000e+00   -0.000000e+00   2.780020e+02   8.240851e-07   6.577370e-01
5.340000e+01   -2.001947e+00   -0.000000e+00   -0.000000e+00   2.778148e+02   8.145253e-07   6.496693e-01
5.350000e+01   -1.397335e+00   -0.000000e+00   -0.000000e+00   2.776168e+02   8.051030e-07   6.416965e-01
5.360000e+01   -8.861068e-01   -0.000000e+00   -0.000000e+00   2.774087e+02   7.958144e-07   6.338174e-01
5.370000e+01   -4.495224e-01   -0.000000e+00   -0.000000e+00   2.771909e+02   7.866558e-07   6.260313e-01
5.380000e+01   -6.884203e-02   -0.000000e+00   -0.000000e+00   2.769642e+02   7.776236e-07   6.183372e-01
5.390000e+01   2.828235e-01   -0.000000e+00   -0.000000e+00   2.767291e+02   7.687144e-07   6.107341e-01
5.400000e+01   6.601685e-01   -0.000000e+00   -0.000000e+00   2.764863e+02   7.599248e-07   6.032212e-01
5.410000e+01   1.016376e+00   -0.000000e+00   -0.000000e+00   2.762364e+02   7.512515e-07   5.957974e-01
5.420000e+01   1.286201e+00   -0.000000e+00   -0.000000e+00   2.759800e+02   7.426912e-07   5.884619e-01
5.430000e+01   1.404394e+00   -0.000000e+00   -0.000000e+00   2.757178e+02   7.342409e-07   5.812137e-01
5.440000e+01   1.207211e+00   -0.000000e+00   -0.000000e+00   2.754504e+02   7.258975e-07   5.740518e-01
5.450000e+01   -8.961649e-02   -0.000000e+00   -0.000000e+00   2.751784e+02   7.176580e-07   5.669755e-01
5.460000e+01   -2.220187e+00   -0.000000e+00   -0.000000e+00   2.749024e+02   7.095196e-07   5.599836e-01
5.470000e+01   -4.661694e+00   -0.000000e+00   -0.000000e+00   2.746231e+02   7.014794e-07   5.530754e-01
5.480000e+01   -6.891330e+00   -0.000000e+00   -0.000000e+00   2.743410e+02   6.935347e-07   5.462498e-01
5.490000e+01   -8.472648e+00   -0.000000e+00   -0.000000e+00   2.740567e+02   6.856830e-07   5.395059e-01
5.500000e+01   -9.933413e+00   -0.000000e+00   -0.000000e+00   2.737703e+02   6.779230e-07   5.328428e-01
5.510000e+01   -1.133990e+01   -0.000000e+00   -0.000000e+00   2.734817e+02   6.702538e-07   5.262594e-01
5.520000e+01   -1.252475e+01   -0.000000e+00   -0.000000e+00   2.731908e+02   6.626743e-07   5.197548e-01
5.530000e+01   -1.332060e+01   -0.000000e+00   -0.000000e+00   2.728976e+02   6.551835e-07   5.133280e-01
5.540000e+01   -1.359799e+01   -0.000000e+00   -0.000000e+00   2.726020e+02   6.477802e-07   5.069780e-01
5.550000e+01   -1.373216e+01   -0.000000e+00   -0.000000e+00   2.723040e+02   6.404636e-07   5.007038e-01
5.560000e+01   -1.386261e+01   -0.000000e+00   -0.000000e+00   2.720036e+02   6.332325e-07   4.945045e-01
5.570000e+01   -1.398957e+01   -0.000000e+00   -0.000000e+00   2.717007e+02   6.260859e-07   4.883790e-01
5.580000e+01   -1.411329e+01   -0.000000e+00   -0.000000e+00   2.713952e+02   6.190226e-07   4.823264e-01
5.590000e+01   -1.419528e+01   -0.000000e+00   -0.000000e+00   2.710871e+02   6.120417e-07   4.763457e-01
5.600000e+01   -1.372597e+01   -0.000000e+00   -0.000000e+00   2.707764e+02   6.051421e-07   4.704360e-01
5.610000e+01   -1.282579e+01   -0.000000e+00   -0.000000e+00   2.704629e+02   5.983227e-07   4.645961e-01
5.620000e+01   -1.185556e+01   -0.000000e+00   -0.000000e+00   2.701467e+02   5.915823e-07   4.588252e-01
5.630000e+01   -1.117611e+01   -0.000000e+00   -0.000000e+00   2.698277e+02   5.849200e-07   4.531223e-01
5.640000e+01   -1.113440e+01   -0.000000e+00   -0.000000e+00   2.695058e+02   5.783346e-07   4.474863e-01
5.650000e+01   -1.167833e+01   -0.000000e+00   -0.000000e+00   2.691811e+02   5.718250e-07   4.419163e-01
5.660000e+01   -1.258106e+01   -0.000000e+00   -0.000000e+00   2.688533e+02   5.653902e-07   4.364114e-01
5.670000e+01   -1.367304e+01   -0.000000e+00   -0.000000e+00   2.685226e+02   5.590289e-07   4.309705e-01
5.680000e+01   -1.478470e+01   -0.000000e+00   -0.000000e+00   2.681888e+02   5.527402e-07   4.255926e-01
5.690000e+01   -1.576210e+01   -0.000000e+00   -0.000000e+00   2.678519e+02   5.465228e-07   4.202768e-01
5.700000e+01   -1.682451e+01   -0.000000e+00   -0.000000e+00   2.675118e+02   5.403758e-07   4.150221e-01
5.710000e+01   -1.796788e+01   -0.000000e+00   -0.000000e+00   2.671681e+02   5.342992e-07   4.098278e-01
5.720000e+01   -1.901906e+01   -0.000000e+00   -0.000000e+00   2.668202e+02   5.282927e-07   4.046930e-01
5.730000e+01   -1.980491e+01   -0.000000e+00   -0.000000e+00   2.664678e+02   5.223564e-07   3.996171e-01
5.740000e+01   -2.015666e+01   -0.000000e+00   -0.000000e+00   2.661104e+02   5.164901e-07   3.945993e-01
5.750000e+01   -2.011117e+01   -0.000000e+00   -0.000000e+00   2.657476e+02   5.106937e-07   3.896388e-01
5.760000e+01   -1.981021e+01   -0.000000e+00   -0.000000e+00   2.653788e+02   5.049669e-07   3.847349e-01
5.770000e+01   -1.935489e+01   -0.000000e+00   -0.000000e+00   2.650037e+02   4.993097e-07   3.798868e-01
5.780000e+01   -1.884632e+01   -0.000000e+00   -0.000000e+00   2.646216e+02   4.937217e-07   3.750939e-01
5.790000e+01   -1.838297e+01   -0.000000e+00   -0.000000e+00   2.642323e+02   4.882027e-07   3.703552e-01
5.800000e+01   -1.792135e+01   -0.000000e+00   -0.000000e+00   2.638353e+02   4.827523e-07   3.656702e-01
5.810000e+01   -1.740565e+01   -0.000000e+00   -0.000000e+00   2.634300e+02   4.773703e-07   3.610380e-01
5.820000e+01   -1.683402e+01   -0.000000e+00   -0.000000e+00   2.630160e+02   4.720562e-07   3.564579e-01
5.830000e+01   -1.620462e+01   -0.000000e+00   -0.000000e+00   2.625929e+02   4.668098e-07   3.519291e-01
5.840000e+01   -1.551495e+01   -0.000000e+00   -0.000000e+00   2.621602e+02   4.616305e-07   3.474510e-01
5.850000e+01   -1.472440e+01   -0.000000e+00   -0.000000e+00   2.617174e+02   4.565180e-07   3.430227e-01
5.860000e+01   -1.383235e+01   -0.000000e+00   -0.000000e+00   2.612641e+02   4.514717e-07   3.386434e-01
5.870000e+01   -1.287036e+01   -0.000000e+00   -0.000000e+00   2.607998e+02   4.464913e-07   3.343125e-01
5.880000e+01   -1.186998e+01   -0.000000e+00   -0.000000e+00   2.603241e+02   4.415763e-07   3.300292e-01
5.890000e+01   -1.086228e+01   -0.000000e+00   -0.000000e+00   2.598365e+02   4.367260e-07   3.257928e-01
5.900000e+01   -9.819212e+00   -0.000000e+00   -0.000000e+00   2.593365e+02   4.319399e-07   3.216024e-01
5.910000e+01   -8.726096e+00   -0.000000e+00   -0.000000e+00   2.588240e+02   4.272172e-07   3.174575e-01
5.920000e+01   -7.607547e+00   -0.000000e+00   -0.000000e+00   2.582998e+02   4.225554e-07   3.133575e-01
5.930000e+01   -6.488276e+00   -0.000000e+00   -0.000000e+00   2.577651e+02   4.179521e-07   3.093022e-01
5.940000e+01   -5.391938e+00   -0.000000e+00   -0.000000e+00   2.572209e+02   4.134047e-07   3.052910e-01
5.950000e+01   -4.120401e+00   -0.000000e+00   -0.000000e+00   2.566683e+02   4.089110e-07   3.013238e-01
5.960000e+01   -2.693780e+00   -0.000000e+00   -0.000000e+00   2.561084e+02   4.044684e-07   2.973999e-01
5.970000e+01   -1.374162e+00   -0.000000e+00   -0.000000e+00   2.555424e+02   4.000749e-07   2.935192e-01
5.980000e+01   -4.236374e-01   -0.000000e+00   -0.000000e+00   2.549712e+02   3.957281e-07   2.896812e-01
5.990000e+01   -1.039858e-01   -0.000000e+00   -0.000000e+00   2.543959e+02   3.914259e-07   2.858855e-01
6.000000e+01   -3.254070e-01   -0.000000e+00   -0.000000e+00   2.538178e+02   3.871663e-07   2.821318e-01
6.010000e+01   -8.234704e-01   -0.000000e+00   -0.000000e+00   2.532378e+02   3.829472e-07   2.784196e-01
6.020000e+01   -1.543991e+00   -0.000000e+00   -0.000000e+00   2.526571e+02   3.787666e-07   2.747487e-01
6.030000e+01   -2.432782e+00   -0.000000e+00   -0.000000e+00   2.520767e+02   3.746227e-07   2.711185e-01
6.040000e+01   -3.435661e+00   -0.000000e+00   -0.000000e+00   2.514978e+02   3.705135e-07   2.675288e-01
6.050000e+01   -5.448073e+00   -0.000000e+00   -0.000000e+00   2.509214e+02   3.664373e-07   2.639792e-01
6.060000e+01   -8.787012e+00   -0.000000e+00   -0.000000e+00   2.503486e+02   3.623922e-07   2.604692e-01
6.070000e+01   -1.253062e+01   -0.000000e+00   -0.000000e+00   2.497806e+02   3.583767e-07   2.569986e-01
6.080000e+01   -1.575702e+01   -0.000000e+00   -0.000000e+00   2.492183e+02   3.543890e-07   2.535669e-01
6.090000e+01   -1.754436e+01   -0.000000e+00   -0.000000e+00   2.486629e+02   3.504275e-07   2.501737e-01
6.100000e+01   -1.818292e+01   -0.000000e+00   -0.000000e+00   2.481156e+02   3.464908e-07   2.468187e-01
6.110000e+01   -1.871067e+01   -0.000000e+00   -0.000000e+00   2.475772e+02   3.425772e-07   2.435015e-01
6.120000e+01   -1.910557e+01   -0.000000e+00   -0.000000e+00   2.470483e+02   3.386866e-07   2.402217e-01
6.130000e+01   -1.934465e+01   -0.000000e+00   -0.000000e+00   2.465280e+02   3.348200e-07   2.369790e-01
6.140000e+01   -1.940494e+01   -0.000000e+00   -0.000000e+00   2.460156e+02   3.309783e-07   2.337731e-01
6.150000e+01   -1.895590e+01   -0.000000e+00   -0.000000e+00   2.455106e+02   3.271627e-07   2.306037e-01
6.160000e+01   -1.782095e+01   -0.000000e+00   -0.000000e+00   2.450120e+02   3.233741e-07   2.274705e-01
6.170000e+01   -1.636601e+01   -0.000000e+00   -0.000000e+00   2.445194e+02   3.196134e-07   2.243730e-01
6.180000e+01   -1.495887e+01   -0.000000e+00   -0.000000e+00   2.440318e+02   3.158816e-07   2.213111e-01
6.190000e+01   -1.396734e+01   -0.000000e+00   -0.000000e+00   2.435487e+02   3.121794e-07   2.182843e-01
6.200000e+01   -1.338705e+01   -0.000000e+00   -0.000000e+00   2.430694e+02   3.085077e-07   2.152924e-01
6.210000e+01   -1.284758e+01   -0.000000e+00   -0.000000e+00   2.425930e+02   3.048673e-07   2.123349e-01
6.220000e+01   -1.238675e+01   -0.000000e+00   -0.000000e+00   2.421189e+02   3.012589e-07   2.094117e-01
6.230000e+01   -1.204644e+01   -0.000000e+00   -0.000000e+00   2.416465e+02   2.976832e-07   2.065224e-01
6.240000e+01   -1.186854e+01   -0.000000e+00   -0.000000e+00   2.411749e+02   2.941409e-07   2.036666e-01
6.250000e+01   -1.185283e+01   -0.000000e+00   -0.000000e+00   2.407035e+02   2.906326e-07   2.008441e-01
6.260000e+01   -1.193283e+01   -0.000000e+00   -0.000000e+00   2.402316e+02   2.871589e-07   1.980545e-01
6.270000e+01   -1.208185e+01   -0.000000e+00   -0.000000e+00   2.397584e+02   2.837202e-07   1.952974e-01
6.280000e+01   -1.227402e+01   -0.000000e+00   -0.000000e+00   2.392833e+02   2.803173e-07   1.925726e-01
6.290000e+01   -1.248346e+01   -0.000000e+00   -0.000000e+00   2.388055e+02   2.769504e-07   1.898798e-01
6.300000e+01   -1.276932e+01   -0.000000e+00   -0.000000e+00   2.383243e+02   2.736201e-07   1.872185e-01
6.310000e+01   -1.321090e+01   -0.000000e+00   -0.000000e+00   2.378391e+02   2.703268e-07   1.845886e-01
6.320000e+01   -1.369441e+01   -0.000000e+00   -0.000000e+00   2.373495e+02   2.670705e-07   1.819896e-01
6.330000e+01   -1.410193e+01   -0.000000e+00   -0.000000e+00   2.368554e+02   2.638507e-07   1.794213e-01
6.340000e+01   -1.431557e+01   -0.000000e+00   -0.000000e+00   2.363572e+02   2.606667e-07   1.768833e-01
6.350000e+01   -1.414516e+01   -0.000000e+00   -0.000000e+00   2.358549e+02   2.575180e-07   1.743753e-01
6.360000e+01   -1.348734e+01   -0.000000e+00   -0.000000e+00   2.353488e+02   2.544040e-07   1.718970e-01
6.370000e+01   -1.252053e+01   -0.000000e+00   -0.000000e+00   2.348388e+02   2.513242e-07   1.694480e-01
6.380000e+01   -1.142969e+01   -0.000000e+00   -0.000000e+00   2.343253e+02   2.482779e-07   1.670281e-01
6.390000e+01   -1.039977e+01   -0.000000e+00   -0.000000e+00   2.338084e+02   2.452647e-07   1.646370e-01
6.400000e+01   -9.459294e+00   -0.000000e+00   -0.000000e+00   2.332882e+02   2.422839e-07   1.622743e-01
6.410000e+01   -8.397594e+00   -0.000000e+00   -0.000000e+00   2.327648e+02   2.393351e-07   1.599396e-01
6.420000e+01   -7.319785e+00   -0.000000e+00   -0.000000e+00   2.322385e+02   2.364176e-07   1.576328e-01
6.430000e+01   -6.344875e+00   -0.000000e+00   -0.000000e+00   2.317094e+02   2.335311e-07   1.553533e-01
6.440000e+01   -5.591871e+00   -0.000000e+00   -0.000000e+00   2.311776e+02   2.306748e-07   1.531011e-01
6.450000e+01   -5.069015e+00   -0.000000e+00   -0.000000e+00   2.306432e+02   2.278484e-07   1.508756e-01
6.460000e+01   -4.581674e+00   -0.000000e+00   -0.000000e+00   2.301065e+02   2.250512e-07   1.486766e-01
6.470000e+01   -4.180714e+00   -0.000000e+00   -0.000000e+00   2.295676e+02   2.222829e-07   1.465038e-01
6.480000e+01   -3.931010e+00   -0.000000e+00   -0.000000e+00   2.290267e+02   2.195428e-07   1.443569e-01
6.490000e+01   -3.897432e+00   -0.000000e+00   -0.000000e+00   2.284838e+02   2.168304e-07   1.422355e-01
6.500000e+01   -4.157496e+00   -0.000000e+00   -0.000000e+00   2.279392e+02   2.141454e-07   1.401393e-01
6.510000e+01   -4.746641e+00   -0.000000e+00   -0.000000e+00   2.273930e+02   2.114871e-07   1.380681e-01
6.520000e+01   -5.596111e+00   -0.000000e+00   -0.000000e+00   2.268450e+02   2.088554e-07   1.360214e-01
6.530000e+01   -6.632272e+00   -0.000000e+00   -0.000000e+00   2.262951e+02   2.062505e-07   1.339993e-01
6.540000e+01   -7.781484e+00   -0.000000e+00   -0.000000e+00   2.257429e+02   2.036722e-07   1.320013e-01
6.550000e+01   -9.209043e+00   -0.000000e+00   -0.000000e+00   2.251883e+02   2.011205e-07   1.300273e-01
6.560000e+01   -1.143860e+01   -0.000000e+00   -0.000000e+00   2.246309e+02   1.985955e-07   1.280770e-01
6.570000e+01   -1.407622e+01   -0.000000e+00   -0.000000e+00   2.240707e+02   1.960970e-07   1.261503e-01
6.580000e+01   -1.666109e+01   -0.000000e+00   -0.000000e+00   2.235072e+02   1.936252e-07   1.242470e-01
6.590000e+01   -1.873237e+01   -0.000000e+00   -0.000000e+00   2.229403e+02   1.911799e-07   1.223667e-01
6.600000e+01   -2.007664e+01   -0.000000e+00   -0.000000e+00   2.223698e+02   1.887610e-07   1.205092e-01
6.610000e+01   -2.130391e+01   -0.000000e+00   -0.000000e+00   2.217953e+02   1.863686e-07   1.186745e-01
6.620000e+01   -2.240472e+01   -0.000000e+00   -0.000000e+00   2.212167e+02   1.840025e-07   1.168621e-01
6.630000e+01   -2.329514e+01   -0.000000e+00   -0.000000e+00   2.206336e+02   1.816626e-07   1.150720e-01
6.640000e+01   -2.389124e+01   -0.000000e+00   -0.000000e+00   2.200460e+02   1.793490e-07   1.133039e-01
6.650000e+01   -2.402763e+01   -0.000000e+00   -0.000000e+00   2.194535e+02   1.770614e-07   1.115575e-01
6.660000e+01   -2.348218e+01   -0.000000e+00   -0.000000e+00   2.188558e+02   1.747998e-07   1.098326e-01
6.670000e+01   -2.258351e+01   -0.000000e+00   -0.000000e+00   2.182528e+02   1.725641e-07   1.081291e-01
6.680000e+01   -2.170874e+01   -0.000000e+00   -0.000000e+00   2.176441e+02   1.703541e-07   1.064466e-01
6.690000e+01   -2.123500e+01   -0.000000e+00   -0.000000e+00   2.170297e+02   1.681697e-07   1.047851e-01
6.700000e+01   -2.144318e+01   -0.000000e+00   -0.000000e+00   2.164092e+02   1.660108e-07   1.031441e-01
6.710000e+01   -2.203473e+01   -0.000000e+00   -0.000000e+00   2.157830e+02   1.638769e-07   1.015237e-01
6.720000e+01   -2.278907e+01   -0.000000e+00   -0.000000e+00   2.151517e+02   1.617673e-07   9.992353e-02
6.730000e+01   -2.352441e+01   -0.000000e+00   -0.000000e+00   2.145156e+02   1.596814e-07   9.834352e-02
6.740000e+01   -2.405898e+01   -0.000000e+00   -0.000000e+00   2.138754e+02   1.576188e-07   9.678347e-02
6.750000e+01   -2.425575e+01   -0.000000e+00   -0.000000e+00   2.132316e+02   1.555787e-07   9.524322e-02
6.760000e+01   -2.425356e+01   -0.000000e+00   -0.000000e+00   2.125847e+02   1.535607e-07   9.372260e-02
6.770000e+01   -2.411385e+01   -0.000000e+00   -0.000000e+00   2.119351e+02   1.515642e-07   9.222143e-02
6.780000e+01   -2.387172e+01   -0.000000e+00   -0.000000e+00   2.112834e+02   1.495888e-07   9.073956e-02
6.790000e+01   -2.356222e+01   -0.000000e+00   -0.000000e+00   2.106301e+02   1.476338e-07   8.927682e-02
6.800000e+01   -2.316058e+01   -0.000000e+00   -0.000000e+00   2.099758e+02   1.456989e-07   8.783302e-02
6.810000e+01   -2.239706e+01   -0.000000e+00   -0.000000e+00   2.093209e+02   1.437835e-07   8.640802e-02
6.820000e+01   -2.138559e+01   -0.000000e+00   -0.000000e+00   2.086659e+02   1.418873e-07   8.500163e-02
6.830000e+01   -2.030595e+01   -0.000000e+00   -0.000000e+00   2.080114e+02   1.400096e-07   8.361369e-02
6.840000e+01   -1.933794e+01   -0.000000e+00   -0.000000e+00   2.073579e+02   1.381502e-07   8.224403e-02
6.850000e+01   -1.860318e+01   -0.000000e+00   -0.000000e+00   2.067058e+02   1.363085e-07   8.089249e-02
6.860000e+01   -1.785681e+01   -0.000000e+00   -0.000000e+00   2.060558e+02   1.344843e-07   7.955889e-02
6.870000e+01   -1.713731e+01   -0.000000e+00   -0.000000e+00   2.054083e+02   1.326770e-07   7.824306e-02
6.880000e+01   -1.655587e+01   -0.000000e+00   -0.000000e+00   2.047638e+02   1.308863e-07   7.694484e-02
6.890000e+01   -1.622349e+01   -0.000000e+00   -0.000000e+00   2.041228e+02   1.291118e-07   7.566406e-02
6.900000e+01   -1.637395e+01   -0.000000e+00   -0.000000e+00   2.034859e+02   1.273531e-07   7.440054e-02
6.910000e+01   -1.784336e+01   -0.000000e+00   -0.000000e+00   2.028536e+02   1.256099e-07   7.315411e-02
6.920000e+01   -2.025925e+01   -0.000000e+00   -0.000000e+00   2.022263e+02   1.238818e-07   7.192460e-02
6.930000e+01   -2.299971e+01   -0.000000e+00   -0.000000e+00   2.016046e+02   1.221685e-07   7.071182e-02
6.940000e+01   -2.544283e+01   -0.000000e+00   -0.000000e+00   2.009891e+02   1.204696e-07   6.951562e-02
6.950000e+01   -2.708181e+01   -0.000000e+00   -0.000000e+00   2.003801e+02   1.187849e-07   6.833580e-02
6.960000e+01   -2.851996e+01   -0.000000e+00   -0.000000e+00   1.997783e+02   1.171140e-07   6.717221e-02
6.970000e+01   -2.985585e+01   -0.000000e+00   -0.000000e+00   1.991842e+02   1.154567e-07   6.602467e-02
6.980000e+01   -3.095848e+01   -0.000000e+00   -0.000000e+00   1.985982e+02   1.138126e-07   6.489300e-02
6.990000e+01   -3.169688e+01   -0.000000e+00   -0.000000e+00   1.980209e+02   1.121814e-07   6.377703e-02
7.000000e+01   -3.197739e+01   -0.000000e+00   -0.000000e+00   1.974528e+02   1.105630e-07   6.267658e-02
7.010000e+01   -3.211483e+01   -0.000000e+00   -0.000000e+00   1.968944e+02   1.089570e-07   6.159149e-02
7.020000e+01   -3.220673e+01   -0.000000e+00   -0.000000e+00   1.963462e+02   1.073632e-07   6.052158e-02
7.030000e+01   -3.224761e+01   -0.000000e+00   -0.000000e+00   1.958087e+02   1.057814e-07   5.946667e-02
7.040000e+01   -3.223198e+01   -0.000000e+00   -0.000000e+00   1.952825e+02   1.042113e-07   5.842660e-02
7.050000e+01   -3.211779e+01   -0.000000e+00   -0.000000e+00   1.947681e+02   1.026528e-07   5.740118e-02
7.060000e+01   -3.149493e+01   -0.000000e+00   -0.000000e+00   1.942659e+02   1.011056e-07   5.639025e-02
7.070000e+01   -3.043363e+01   -0.000000e+00   -0.000000e+00   1.937756e+02   9.957000e-08   5.539364e-02
7.080000e+01   -2.916955e+01   -0.000000e+00   -0.000000e+00   1.932957e+02   9.804685e-08   5.441119e-02
7.090000e+01   -2.793842e+01   -0.000000e+00   -0.000000e+00   1.928248e+02   9.653697e-08   5.344275e-02
7.100000e+01   -2.694682e+01   -0.000000e+00   -0.000000e+00   1.923612e+02   9.504116e-08   5.248817e-02
7.110000e+01   -2.594465e+01   -0.000000e+00   -0.000000e+00   1.919034e+02   9.356014e-08   5.154729e-02
7.120000e+01   -2.492523e+01   -0.000000e+00   -0.000000e+00   1.914499e+02   9.209461e-08   5.061995e-02
7.130000e+01   -2.403327e+01   -0.000000e+00   -0.000000e+00   1.909992e+02   9.064525e-08   4.970601e-02
7.140000e+01   -2.341347e+01   -0.000000e+00   -0.000000e+00   1.905497e+02   8.921265e-08   4.880530e-02
7.150000e+01   -2.319237e+01   -0.000000e+00   -0.000000e+00   1.900998e+02   8.779739e-08   4.791767e-02
7.160000e+01   -2.312028e+01   -0.000000e+00   -0.000000e+00   1.896481e+02   8.640000e-08   4.704297e-02
7.170000e+01   -2.307051e+01   -0.000000e+00   -0.000000e+00   1.891931e+02   8.502098e-08   4.618104e-02
7.180000e+01   -2.304045e+01   -0.000000e+00   -0.000000e+00   1.887331e+02   8.366078e-08   4.533173e-02
7.190000e+01   -2.302745e+01   -0.000000e+00   -0.000000e+00   1.882666e+02   8.231981e-08   4.449489e-02
7.200000e+01   -2.301834e+01   -0.000000e+00   -0.000000e+00   1.877922e+02   8.099846e-08   4.367035e-02
7.210000e+01   -2.279095e+01   -0.000000e+00   -0.000000e+00   1.873082e+02   7.969708e-08   4.285797e-02
7.220000e+01   -2.238169e+01   -0.000000e+00   -0.000000e+00   1.868132e+02   7.841596e-08   4.205758e-02
7.230000e+01   -2.195721e+01   -0.000000e+00   -0.000000e+00   1.863055e+02   7.715541e-08   4.126904e-02
7.240000e+01   -2.168413e+01   -0.000000e+00   -0.000000e+00   1.857837e+02   7.591565e-08   4.049220e-02
7.250000e+01   -2.174305e+01   -0.000000e+00   -0.000000e+00   1.852463e+02   7.469690e-08   3.972688e-02
7.260000e+01   -2.261362e+01   -0.000000e+00   -0.000000e+00   1.846930e+02   7.349889e-08   3.897297e-02
7.270000e+01   -2.412257e+01   -0.000000e+00   -0.000000e+00   1.841244e+02   7.232100e-08   3.823034e-02
7.280000e+01   -2.580326e+01   -0.000000e+00   -0.000000e+00   1.835414e+02   7.116259e-08   3.749886e-02
7.290000e+01   -2.718901e+01   -0.000000e+00   -0.000000e+00   1.829446e+02   7.002307e-08   3.677842e-02
7.300000e+01   -2.781495e+01   -0.000000e+00   -0.000000e+00   1.823348e+02   6.890184e-08   3.606889e-02
7.310000e+01   -2.748909e+01   -0.000000e+00   -0.000000e+00   1.817128e+02   6.779835e-08   3.537016e-02
7.320000e+01   -2.654043e+01   -0.000000e+00   -0.000000e+00   1.810793e+02   6.671203e-08   3.468210e-02
7.330000e+01   -2.535175e+01   -0.000000e+00   -0.000000e+00   1.804350e+02   6.564237e-08   3.400458e-02
7.340000e+01   -2.430583e+01   -0.000000e+00   -0.000000e+00   1.797808e+02   6.458884e-08   3.333750e-02
7.350000e+01   -2.377925e+01   -0.000000e+00   -0.000000e+00   1.791172e+02   6.355094e-08   3.268072e-02
7.360000e+01   -2.362558e+01   -0.000000e+00   -0.000000e+00   1.784451e+02   6.252820e-08   3.203413e-02
7.370000e+01   -2.356416e+01   -0.000000e+00   -0.000000e+00   1.777653e+02   6.152013e-08   3.139761e-02
7.380000e+01   -2.352013e+01   -0.000000e+00   -0.000000e+00   1.770784e+02   6.052629e-08   3.077102e-02
7.390000e+01   -2.341859e+01   -0.000000e+00   -0.000000e+00   1.763852e+02   5.954623e-08   3.015426e-02
7.400000e+01   -2.318398e+01   -0.000000e+00   -0.000000e+00   1.756865e+02   5.857951e-08   2.954720e-02
7.410000e+01   -2.269812e+01   -0.000000e+00   -0.000000e+00   1.749829e+02   5.762572e-08   2.894972e-02
7.420000e+01   -2.200339e+01   -0.000000e+00   -0.000000e+00   1.742753e+02   5.668445e-08   2.836170e-02
7.430000e+01   -2.122718e+01   -0.000000e+00   -0.000000e+00   1.735644e+02   5.575532e-08   2.778302e-02
7.440000e+01   -2.049690e+01   -0.000000e+00   -0.000000e+00   1.728510e+02   5.483792e-08   2.721355e-02
7.450000e+01   -1.993943e+01   -0.000000e+00   -0.000000e+00   1.721357e+02   5.393189e-08   2.665317e-02
7.460000e+01   -1.951535e+01   -0.000000e+00   -0.000000e+00   1.714193e+02   5.303687e-08   2.610177e-02
7.470000e+01   -1.910331e+01   -0.000000e+00   -0.000000e+00   1.707020e+02   5.215271e-08   2.555924e-02
7.480000e+01   -1.866475e+01   -0.000000e+00   -0.000000e+00   1.699835e+02   5.127946e-08   2.502548e-02
7.490000e+01   -1.816138e+01   -0.000000e+00   -0.000000e+00   1.692633e+02   5.041718e-08   2.450043e-02
7.500000e+01   -1.755479e+01   -0.000000e+00   -0.000000e+00   1.685410e+02   4.956593e-08   2.398398e-02
7.510000e+01   -1.675995e+01   -0.000000e+00   -0.000000e+00   1.678163e+02   4.872575e-08   2.347605e-02
7.520000e+01   -1.580847e+01   -0.000000e+00   -0.000000e+00   1.670887e+02   4.789670e-08   2.297656e-02
7.530000e+01   -1.482322e+01   -0.000000e+00   -0.000000e+00   1.663579e+02   4.707880e-08   2.248542e-02
7.540000e+01   -1.392709e+01   -0.000000e+00   -0.000000e+00   1.656234e+02   4.627208e-08   2.200255e-02
7.550000e+01   -1.324298e+01   -0.000000e+00   -0.000000e+00   1.648848e+02   4.547658e-08   2.152785e-02
7.560000e+01   -1.301169e+01   -0.000000e+00   -0.000000e+00   1.641417e+02   4.469231e-08   2.106125e-02
7.570000e+01   -1.327358e+01   -0.000000e+00   -0.000000e+00   1.633938e+02   4.391928e-08   2.060265e-02
7.580000e+01   -1.385089e+01   -0.000000e+00   -0.000000e+00   1.626406e+02   4.315749e-08   2.015197e-02
7.590000e+01   -1.456588e+01   -0.000000e+00   -0.000000e+00   1.618817e+02   4.240697e-08   1.970912e-02
7.600000e+01   -1.524079e+01   -0.000000e+00   -0.000000e+00   1.611167e+02   4.166769e-08   1.927402e-02
7.610000e+01   -1.594280e+01   -0.000000e+00   -0.000000e+00   1.603453e+02   4.093965e-08   1.884658e-02
7.620000e+01   -1.683807e+01   -0.000000e+00   -0.000000e+00   1.595669e+02   4.022284e-08   1.842672e-02
7.630000e+01   -1.784978e+01   -0.000000e+00   -0.000000e+00   1.587813e+02   3.951725e-08   1.801434e-02
7.640000e+01   -1.890085e+01   -0.000000e+00   -0.000000e+00   1.579880e+02   3.882285e-08   1.760937e-02
7.650000e+01   -1.991418e+01   -0.000000e+00   -0.000000e+00   1.571866e+02   3.813961e-08   1.721171e-02
7.660000e+01   -2.110797e+01   -0.000000e+00   -0.000000e+00   1.563766e+02   3.746751e-08   1.682128e-02
7.670000e+01   -2.260102e+01   -0.000000e+00   -0.000000e+00   1.555578e+02   3.680651e-08   1.643800e-02
7.680000e+01   -2.402058e+01   -0.000000e+00   -0.000000e+00   1.547298e+02   3.615657e-08   1.606177e-02
7.690000e+01   -2.499216e+01   -0.000000e+00   -0.000000e+00   1.538920e+02   3.551765e-08   1.569251e-02
7.700000e+01   -2.514127e+01   -0.000000e+00   -0.000000e+00   1.530441e+02   3.488971e-08   1.533014e-02
7.710000e+01   -2.450708e+01   -0.000000e+00   -0.000000e+00   1.521856e+02   3.427270e-08   1.497457e-02
7.720000e+01   -2.358868e+01   -0.000000e+00   -0.000000e+00   1.513169e+02   3.366645e-08   1.462571e-02
7.730000e+01   -2.246260e+01   -0.000000e+00   -0.000000e+00   1.504395e+02   3.307040e-08   1.428347e-02
7.740000e+01   -2.120005e+01   -0.000000e+00   -0.000000e+00   1.495559e+02   3.248394e-08   1.394776e-02
7.750000e+01   -1.987227e+01   -0.000000e+00   -0.000000e+00   1.486680e+02   3.190650e-08   1.361849e-02
7.760000e+01   -1.803934e+01   -0.000000e+00   -0.000000e+00   1.477781e+02   3.133751e-08   1.329557e-02
7.770000e+01   -1.528681e+01   -0.000000e+00   -0.000000e+00   1.468884e+02   3.077642e-08   1.297890e-02
7.780000e+01   -1.227836e+01   -0.000000e+00   -0.000000e+00   1.460011e+02   3.022271e-08   1.266840e-02
7.790000e+01   -9.691571e+00   -0.000000e+00   -0.000000e+00   1.451182e+02   2.967588e-08   1.236397e-02
7.800000e+01   -8.204017e+00   -0.000000e+00   -0.000000e+00   1.442421e+02   2.913545e-08   1.206553e-02
7.810000e+01   -7.779196e+00   -0.000000e+00   -0.000000e+00   1.433749e+02   2.860096e-08   1.177297e-02
7.820000e+01   -7.399745e+00   -0.000000e+00   -0.000000e+00   1.425188e+02   2.807196e-08   1.148622e-02
7.830000e+01   -7.037630e+00   -0.000000e+00   -0.000000e+00   1.416759e+02   2.754802e-08   1.120518e-02
7.840000e+01   -6.690230e+00   -0.000000e+00   -0.000000e+00   1.408484e+02   2.702875e-08   1.092975e-02
7.850000e+01   -6.354924e+00   -0.000000e+00   -0.000000e+00   1.400385e+02   2.651376e-08   1.065985e-02
7.860000e+01   -6.096334e+00   -0.000000e+00   -0.000000e+00   1.392484e+02   2.600268e-08   1.039539e-02
7.870000e+01   -5.996916e+00   -0.000000e+00   -0.000000e+00   1.384803e+02   2.549516e-08   1.013627e-02
7.880000e+01   -5.959631e+00   -0.000000e+00   -0.000000e+00   1.377363e+02   2.499089e-08   9.882402e-03
7.890000e+01   -5.882580e+00   -0.000000e+00   -0.000000e+00   1.370186e+02   2.448956e-08   9.633698e-03
7.900000e+01   -5.663860e+00   -0.000000e+00   -0.000000e+00   1.363295e+02   2.399090e-08   9.390065e-03
7.910000e+01   -5.272769e+00   -0.000000e+00   -0.000000e+00   1.356710e+02   2.349464e-08   9.151411e-03
7.920000e+01   -4.828495e+00   -0.000000e+00   -0.000000e+00   1.350449e+02   2.300063e-08   8.917650e-03
7.930000e+01   -4.347594e+00   -0.000000e+00   -0.000000e+00   1.344487e+02   2.250961e-08   8.688740e-03
7.940000e+01   -3.843741e+00   -0.000000e+00   -0.000000e+00   1.338767e+02   2.202279e-08   8.464666e-03
7.950000e+01   -3.330653e+00   -0.000000e+00   -0.000000e+00   1.333235e+02   2.154137e-08   8.245415e-03
7.960000e+01   -2.850143e+00   -0.000000e+00   -0.000000e+00   1.327836e+02   2.106645e-08   8.030974e-03
7.970000e+01   -2.453245e+00   -0.000000e+00   -0.000000e+00   1.322514e+02   2.059908e-08   7.821329e-03
7.980000e+01   -2.087622e+00   -0.000000e+00   -0.000000e+00   1.317214e+02   2.014025e-08   7.616467e-03
7.990000e+01   -1.696383e+00   -0.000000e+00   -0.000000e+00   1.311881e+02   1.969088e-08   7.416375e-03
8.000000e+01   -1.222640e+00   -0.000000e+00   -0.000000e+00   1.306459e+02   1.925181e-08   7.221039e-03
8.010000e+01   -3.438476e-01   -0.000000e+00   -0.000000e+00   1.300893e+02   1.882387e-08   7.030447e-03
8.020000e+01   1.471151e+00   -0.000000e+00   -0.000000e+00   1.295129e+02   1.840779e-08   6.844583e-03
8.030000e+01   3.723561e+00   -0.000000e+00   -0.000000e+00   1.289110e+02   1.800429e-08   6.663436e-03
8.040000e+01   5.856651e+00   -0.000000e+00   -0.000000e+00   1.282783e+02   1.761399e-08   6.486991e-03
8.050000e+01   7.316068e+00   -0.000000e+00   -0.000000e+00   1.276137e+02   1.723684e-08   6.315202e-03
8.060000e+01   7.801522e+00   -0.000000e+00   -0.000000e+00   1.269219e+02   1.687189e-08   6.147982e-03
8.070000e+01   7.879532e+00   -0.000000e+00   -0.000000e+00   1.262077e+02   1.651822e-08   5.985242e-03
8.080000e+01   7.701883e+00   -0.000000e+00   -0.000000e+00   1.254764e+02   1.617494e-08   5.826891e-03
8.090000e+01   7.369696e+00   -0.000000e+00   -0.000000e+00   1.247327e+02   1.584118e-08   5.672839e-03
8.100000e+01   6.984093e+00   -0.000000e+00   -0.000000e+00   1.239819e+02   1.551616e-08   5.522998e-03
8.110000e+01   6.495087e+00   -0.000000e+00   -0.000000e+00   1.232288e+02   1.519910e-08   5.377277e-03
8.120000e+01   5.560545e+00   -0.000000e+00   -0.000000e+00   1.224784e+02   1.488927e-08   5.235586e-03
8.130000e+01   4.469336e+00   -0.000000e+00   -0.000000e+00   1.217358e+02   1.458596e-08   5.097835e-03
8.140000e+01   3.566441e+00   -0.000000e+00   -0.000000e+00   1.210060e+02   1.428851e-08   4.963936e-03
8.150000e+01   3.196840e+00   -0.000000e+00   -0.000000e+00   1.202940e+02   1.399627e-08   4.833797e-03
8.160000e+01   3.660321e+00   -0.000000e+00   -0.000000e+00   1.196047e+02   1.370863e-08   4.707330e-03
8.170000e+01   4.815272e+00   -0.000000e+00   -0.000000e+00   1.189433e+02   1.342501e-08   4.584444e-03
8.180000e+01   6.300401e+00   -0.000000e+00   -0.000000e+00   1.183146e+02   1.314485e-08   4.465049e-03
8.190000e+01   7.755698e+00   -0.000000e+00   -0.000000e+00   1.177237e+02   1.286764e-08   4.349057e-03
8.200000e+01   8.821156e+00   -0.000000e+00   -0.000000e+00   1.171756e+02   1.259288e-08   4.236376e-03
8.210000e+01   9.272364e+00   -0.000000e+00   -0.000000e+00   1.166753e+02   1.232011e-08   4.126918e-03
8.220000e+01   9.550288e+00   -0.000000e+00   -0.000000e+00   1.162278e+02   1.204891e-08   4.020592e-03
8.230000e+01   9.780155e+00   -0.000000e+00   -0.000000e+00   1.158380e+02   1.177889e-08   3.917308e-03
8.240000e+01   1.002521e+01   -0.000000e+00   -0.000000e+00   1.155081e+02   1.151001e-08   3.816985e-03
8.250000e+01   1.035200e+01   -0.000000e+00   -0.000000e+00   1.152386e+02   1.124241e-08   3.719542e-03
8.260000e+01   1.084564e+01   -0.000000e+00   -0.000000e+00   1.150297e+02   1.097625e-08   3.624901e-03
8.270000e+01   1.161767e+01   -0.000000e+00   -0.000000e+00   1.148818e+02   1.071170e-08   3.532984e-03
8.280000e+01   1.261990e+01   -0.000000e+00   -0.000000e+00   1.147951e+02   1.044891e-08   3.443711e-03
8.290000e+01   1.378513e+01   -0.000000e+00   -0.000000e+00   1.147700e+02   1.018805e-08   3.357003e-03
8.300000e+01   1.504617e+01   -0.000000e+00   -0.000000e+00   1.148068e+02   9.929270e-09   3.272783e-03
8.310000e+01   1.636960e+01   -0.000000e+00   -0.000000e+00   1.149058e+02   9.672723e-09   3.190972e-03
8.320000e+01   1.789411e+01   -0.000000e+00   -0.000000e+00   1.150673e+02   9.418555e-09   3.111490e-03
8.330000e+01   1.959457e+01   -0.000000e+00   -0.000000e+00   1.152916e+02   9.166907e-09   3.034260e-03
8.340000e+01   2.141242e+01   -0.000000e+00   -0.000000e+00   1.155790e+02   8.917914e-09   2.959201e-03
8.350000e+01   2.328914e+01   -0.000000e+00   -0.000000e+00   1.159298e+02   8.671702e-09   2.886237e-03
8.360000e+01   2.517557e+01   -0.000000e+00   -0.000000e+00   1.163444e+02   8.428393e-09   2.815287e-03
8.370000e+01   2.711419e+01   -0.000000e+00   -0.000000e+00   1.168231e+02   8.188095e-09   2.746274e-03
8.380000e+01   2.915542e+01   -0.000000e+00   -0.000000e+00   1.173661e+02   7.950913e-09   2.679118e-03
8.390000e+01   3.134222e+01   -0.000000e+00   -0.000000e+00   1.179737e+02   7.716937e-09   2.613741e-03
8.400000e+01   3.371757e+01   -0.000000e+00   -0.000000e+00   1.186464e+02   7.486251e-09   2.550065e-03
8.410000e+01   3.632448e+01   -0.000000e+00   -0.000000e+00   1.193843e+02   7.258928e-09   2.488009e-03
8.420000e+01   3.918246e+01   -0.000000e+00   -0.000000e+00   1.201878e+02   7.035030e-09   2.427497e-03
8.430000e+01   4.226672e+01   -0.000000e+00   -0.000000e+00   1.210571e+02   6.814622e-09   2.368450e-03
8.440000e+01   4.552592e+01   -0.000000e+00   -0.000000e+00   1.219902e+02   6.597954e-09   2.310822e-03
8.450000e+01   4.889187e+01   -0.000000e+00   -0.000000e+00   1.229836e+02   6.385382e-09   2.254584e-03
8.460000e+01   5.231455e+01   -0.000000e+00   -0.000000e+00   1.240338e+02   6.177219e-09   2.199710e-03
8.470000e+01   5.587501e+01   -0.000000e+00   -0.000000e+00   1.251374e+02   5.973730e-09   2.146174e-03
8.480000e+01   5.948394e+01   -0.000000e+00   -0.000000e+00   1.262907e+02   5.775139e-09   2.093950e-03
8.490000e+01   6.300638e+01   -0.000000e+00   -0.000000e+00   1.274903e+02   5.581628e-09   2.043009e-03
8.500000e+01   6.630735e+01   -0.000000e+00   -0.000000e+00   1.287326e+02   5.393337e-09   1.993327e-03
8.510000e+01   6.918744e+01   -0.000000e+00   -0.000000e+00   1.300142e+02   5.210373e-09   1.944876e-03
8.520000e+01   7.099855e+01   -0.000000e+00   -0.000000e+00   1.313314e+02   5.032809e-09   1.897629e-03
8.530000e+01   7.197944e+01   -0.000000e+00   -0.000000e+00   1.326808e+02   4.860686e-09   1.851561e-03
8.540000e+01   7.260173e+01   -0.000000e+00   -0.000000e+00   1.340589e+02   4.694017e-09   1.806644e-03
8.550000e+01   7.333701e+01   -0.000000e+00   -0.000000e+00   1.354621e+02   4.532792e-09   1.762853e-03
8.560000e+01   7.459146e+01   -0.000000e+00   -0.000000e+00   1.368870e+02   4.376978e-09   1.720160e-03
8.570000e+01   7.585193e+01   -0.000000e+00   -0.000000e+00   1.383299e+02   4.226519e-09   1.678538e-03
8.580000e+01   7.690888e+01   -0.000000e+00   -0.000000e+00   1.397874e+02   4.081347e-09   1.637962e-03
8.590000e+01   7.778090e+01   -0.000000e+00   -0.000000e+00   1.412560e+02   3.941374e-09   1.598405e-03
8.600000e+01   7.848662e+01   -0.000000e+00   -0.000000e+00   1.427321e+02   3.806501e-09   1.559840e-03
8.610000e+01   7.904520e+01   -0.000000e+00   -0.000000e+00   1.442122e+02   3.676619e-09   1.522240e-03
8.620000e+01   7.945690e+01   -0.000000e+00   -0.000000e+00   1.456929e+02   3.551609e-09   1.485579e-03
8.630000e+01   7.965520e+01   -0.000000e+00   -0.000000e+00   1.471705e+02   3.431344e-09   1.449831e-03
8.640000e+01   7.958277e+01   -0.000000e+00   -0.000000e+00   1.486419e+02   3.315694e-09   1.414972e-03
8.650000e+01   7.922206e+01   -0.000000e+00   -0.000000e+00   1.501043e+02   3.204526e-09   1.380986e-03
8.660000e+01   7.860192e+01   -0.000000e+00   -0.000000e+00   1.515553e+02   3.097711e-09   1.347859e-03
8.670000e+01   7.843144e+01   -0.000000e+00   -0.000000e+00   1.529922e+02   2.995115e-09   1.315573e-03
8.680000e+01   7.868891e+01   -0.000000e+00   -0.000000e+00   1.544124e+02   2.896607e-09   1.284115e-03
8.690000e+01   7.900469e+01   -0.000000e+00   -0.000000e+00   1.558133e+02   2.802056e-09   1.253469e-03
8.700000e+01   7.900912e+01   -0.000000e+00   -0.000000e+00   1.571924e+02   2.711333e-09   1.223620e-03
8.710000e+01   7.837026e+01   -0.000000e+00   -0.000000e+00   1.585470e+02   2.624308e-09   1.194552e-03
8.720000e+01   7.765551e+01   -0.000000e+00   -0.000000e+00   1.598745e+02   2.540856e-09   1.166250e-03
8.730000e+01   7.689048e+01   -0.000000e+00   -0.000000e+00   1.611725e+02   2.460853e-09   1.138699e-03
8.740000e+01   7.569243e+01   -0.000000e+00   -0.000000e+00   1.624382e+02   2.384178e-09   1.111883e-03
8.750000e+01   7.367863e+01   -0.000000e+00   -0.000000e+00   1.636690e+02   2.310712e-09   1.085787e-03
8.760000e+01   7.048230e+01   -0.000000e+00   -0.000000e+00   1.648625e+02   2.240340e-09   1.060396e-03
8.770000e+01   6.638984e+01   -0.000000e+00   -0.000000e+00   1.660160e+02   2.172949e-09   1.035694e-03
8.780000e+01   6.180260e+01   -0.000000e+00   -0.000000e+00   1.671268e+02   2.108429e-09   1.011667e-03
8.790000e+01   5.692941e+01   -0.000000e+00   -0.000000e+00   1.681925e+02   2.046676e-09   9.882982e-04
8.800000e+01   5.197913e+01   -0.000000e+00   -0.000000e+00   1.692104e+02   1.987585e-09   9.655730e-04
8.810000e+01   4.715045e+01   -0.000000e+00   -0.000000e+00   1.701779e+02   1.931058e-09   9.434759e-04
8.820000e+01   4.219231e+01   -0.000000e+00   -0.000000e+00   1.710925e+02   1.876998e-09   9.219917e-04
8.830000e+01   3.708763e+01   -0.000000e+00   -0.000000e+00   1.719515e+02   1.825312e-09   9.011051e-04
8.840000e+01   3.207680e+01   -0.000000e+00   -0.000000e+00   1.727524e+02   1.775911e-09   8.808007e-04
8.850000e+01   2.738907e+01   -0.000000e+00   -0.000000e+00   1.734941e+02   1.728694e-09   8.610635e-04
8.860000e+01   2.322519e+01   -0.000000e+00   -0.000000e+00   1.741791e+02   1.683533e-09   8.418797e-04
8.870000e+01   1.952853e+01   -0.000000e+00   -0.000000e+00   1.748106e+02   1.640302e-09   8.232352e-04
8.880000e+01   1.615140e+01   -0.000000e+00   -0.000000e+00   1.753915e+02   1.598886e-09   8.051162e-04
8.890000e+01   1.303709e+01   0.000000e+00   0.000000e+00   1.759249e+02   1.559178e-09   7.875088e-04
8.900000e+01   1.012884e+01   0.000000e+00   0.000000e+00   1.764138e+02   1.521075e-09   7.703990e-04
8.910000e+01   7.370610e+00   0.000000e+00   0.000000e+00   1.768613e+02   1.484484e-09   7.537730e-04
8.920000e+01   4.788541e+00   0.000000e+00   0.000000e+00   1.772703e+02   1.449314e-09   7.376168e-04
8.930000e+01   2.395341e+00   0.000000e+00   0.000000e+00   1.776440e+02   1.415482e-09   7.219166e-04
8.940000e+01   1.515368e-01   0.000000e+00   0.000000e+00   1.779853e+02   1.382907e-09   7.066585e-04
8.950000e+01   -1.982345e+00   0.000000e+00   0.000000e+00   1.782973e+02   1.351516e-09   6.918285e-04
8.960000e+01   -4.046950e+00   0.000000e+00   0.000000e+00   1.785831e+02   1.321237e-09   6.774127e-04
8.970000e+01   -6.306606e+00   0.000000e+00   0.000000e+00   1.788456e+02   1.292002e-09   6.633973e-04
8.980000e+01   -8.707135e+00   0.000000e+00   0.000000e+00   1.790879e+02   1.263746e-09   6.497683e-04
8.990000e+01   -1.090965e+01   0.000000e+00   0.000000e+00   1.793131e+02   1.236409e-09   6.365119e-04
9.000000e+01   -1.257525e+01   0.000000e+00   0.000000e+00   1.795242e+02   1.209931e-09   6.236141e-04
9.010000e+01   -1.336499e+01   0.000000e+00   0.000000e+00   1.797241e+02   1.184257e-09   6.110610e-04
9.020000e+01   -1.299201e+01   0.000000e+00   0.000000e+00   1.799161e+02   1.159331e-09   5.988388e-04
9.030000e+01   -1.165365e+01   0.000000e+00   0.000000e+00   1.801030e+02   1.135104e-09   5.869335e-04
9.040000e+01   -9.723988e+00   0.000000e+00   0.000000e+00   1.802879e+02   1.111524e-09   5.753312e-04
9.050000e+01   -7.577082e+00   0.000000e+00   0.000000e+00   1.804739e+02   1.088544e-09   5.640180e-04
9.060000e+01   -5.587001e+00   0.000000e+00   0.000000e+00   1.806641e+02   1.066118e-09   5.529800e-04
9.070000e+01   -3.446993e+00   0.000000e+00   0.000000e+00   1.808613e+02   1.044201e-09   5.422034e-04
9.080000e+01   -9.138145e-01   0.000000e+00   0.000000e+00   1.810687e+02   1.022751e-09   5.316743e-04
9.090000e+01   1.545557e+00   0.000000e+00   0.000000e+00   1.812883e+02   1.001740e-09   5.213833e-04
9.100000e+01   3.466771e+00   0.000000e+00   0.000000e+00   1.815211e+02   9.811554e-10   5.113254e-04
9.110000e+01   4.385608e+00   0.000000e+00   0.000000e+00   1.817682e+02   9.609862e-10   5.014960e-04
9.120000e+01   3.794686e+00   0.000000e+00   0.000000e+00   1.820305e+02   9.412214e-10   4.918904e-04
9.130000e+01   1.978507e+00   0.000000e+00   0.000000e+00   1.823090e+02   9.218504e-10   4.825039e-04
9.140000e+01   -2.896732e-01   0.000000e+00   0.000000e+00   1.826046e+02   9.028627e-10   4.733320e-04
9.150000e+01   -2.236319e+00   0.000000e+00   0.000000e+00   1.829185e+02   8.842481e-10   4.643698e-04
9.160000e+01   -3.087894e+00   0.000000e+00   0.000000e+00   1.832514e+02   8.659968e-10   4.556129e-04
9.170000e+01   -2.959937e+00   0.000000e+00   0.000000e+00   1.836045e+02   8.480992e-10   4.470565e-04
9.180000e+01   -2.741014e+00   0.000000e+00   0.000000e+00   1.839788e+02   8.305458e-10   4.386959e-04
9.190000e+01   -2.487357e+00   0.000000e+00   0.000000e+00   1.843751e+02   8.133273e-10   4.305266e-04
9.200000e+01   -2.251273e+00   0.000000e+00   0.000000e+00   1.847945e+02   7.964349e-10   4.225437e-04
9.210000e+01   -2.085070e+00   0.000000e+00   0.000000e+00   1.852380e+02   7.798596e-10   4.147428e-04
9.220000e+01   -2.491296e+00   0.000000e+00   0.000000e+00   1.857065e+02   7.635929e-10   4.071191e-04
9.230000e+01   -3.903973e+00   0.000000e+00   0.000000e+00   1.862011e+02   7.476263e-10   3.996679e-04
9.240000e+01   -5.926000e+00   0.000000e+00   0.000000e+00   1.867227e+02   7.319516e-10   3.923846e-04
9.250000e+01   -8.153957e+00   0.000000e+00   0.000000e+00   1.872724e+02   7.165607e-10   3.852645e-04
9.260000e+01   -1.018443e+01   0.000000e+00   0.000000e+00   1.878510e+02   7.014457e-10   3.783031e-04
9.270000e+01   -1.201260e+01   0.000000e+00   0.000000e+00   1.884596e+02   6.865988e-10   3.714955e-04
9.280000e+01   -1.401446e+01   0.000000e+00   0.000000e+00   1.890991e+02   6.720123e-10   3.648372e-04
9.290000e+01   -1.601245e+01   0.000000e+00   0.000000e+00   1.897706e+02   6.576789e-10   3.583235e-04
9.300000e+01   -1.782022e+01   0.000000e+00   0.000000e+00   1.904751e+02   6.435912e-10   3.519497e-04
9.310000e+01   -1.925143e+01   0.000000e+00   0.000000e+00   1.912134e+02   6.297421e-10   3.457112e-04
9.320000e+01   -2.037144e+01   0.000000e+00   0.000000e+00   1.919867e+02   6.161245e-10   3.396033e-04
9.330000e+01   -2.148805e+01   0.000000e+00   0.000000e+00   1.927958e+02   6.027315e-10   3.336214e-04
9.340000e+01   -2.248002e+01   0.000000e+00   0.000000e+00   1.936418e+02   5.895565e-10   3.277607e-04
9.350000e+01   -2.321619e+01   0.000000e+00   0.000000e+00   1.945256e+02   5.765932e-10   3.220168e-04
9.360000e+01   -2.356354e+01   0.000000e+00   0.000000e+00   1.954462e+02   5.638436e-10   3.163866e-04
9.370000e+01   -2.299849e+01   0.000000e+00   0.000000e+00   1.964013e+02   5.513150e-10   3.108684e-04
9.380000e+01   -2.106907e+01   0.000000e+00   0.000000e+00   1.973887e+02   5.390141e-10   3.054603e-04
9.390000e+01   -1.850886e+01   0.000000e+00   0.000000e+00   1.984061e+02   5.269464e-10   3.001607e-04
9.400000e+01   -1.608172e+01   0.000000e+00   0.000000e+00   1.994512e+02   5.151168e-10   2.949678e-04
9.410000e+01   -1.455154e+01   0.000000e+00   0.000000e+00   2.005215e+02   5.035291e-10   2.898798e-04
9.420000e+01   -1.416166e+01   0.000000e+00   0.000000e+00   2.016150e+02   4.921864e-10   2.848950e-04
9.430000e+01   -1.402605e+01   0.000000e+00   0.000000e+00   2.027291e+02   4.810912e-10   2.800115e-04
9.440000e+01   -1.400797e+01   0.000000e+00   0.000000e+00   2.038617e+02   4.702451e-10   2.752278e-04
9.450000e+01   -1.401108e+01   0.000000e+00   0.000000e+00   2.050104e+02   4.596490e-10   2.705419e-04
9.460000e+01   -1.393906e+01   0.000000e+00   0.000000e+00   2.061729e+02   4.493033e-10   2.659522e-04
9.470000e+01   -1.370220e+01   0.000000e+00   0.000000e+00   2.073469e+02   4.392079e-10   2.614569e-04
9.480000e+01   -1.328533e+01   0.000000e+00   0.000000e+00   2.085301e+02   4.293619e-10   2.570542e-04
9.490000e+01   -1.271924e+01   0.000000e+00   0.000000e+00   2.097202e+02   4.197642e-10   2.527424e-04
9.500000e+01   -1.203538e+01   0.000000e+00   0.000000e+00   2.109149e+02   4.104131e-10   2.485197e-04
9.510000e+01   -1.126519e+01   0.000000e+00   0.000000e+00   2.121119e+02   4.013065e-10   2.443844e-04
9.520000e+01   -1.039007e+01   0.000000e+00   0.000000e+00   2.133088e+02   3.924419e-10   2.403347e-04
9.530000e+01   -9.289084e+00   0.000000e+00   0.000000e+00   2.145034e+02   3.838166e-10   2.363689e-04
9.540000e+01   -7.969551e+00   0.000000e+00   0.000000e+00   2.156934e+02   3.754276e-10   2.324852e-04
9.550000e+01   -6.447761e+00   0.000000e+00   0.000000e+00   2.168764e+02   3.672713e-10   2.286818e-04
9.560000e+01   -4.739999e+00   0.000000e+00   0.000000e+00   2.180501e+02   3.593444e-10   2.249570e-04
9.570000e+01   -2.705531e+00   0.000000e+00   0.000000e+00   2.192123e+02   3.516430e-10   2.213091e-04
9.580000e+01   -2.845961e-03   0.000000e+00   0.000000e+00   2.203606e+02   3.441632e-10   2.177362e-04
9.590000e+01   3.067669e+00   0.000000e+00   0.000000e+00   2.214927e+02   3.369008e-10   2.142367e-04
9.600000e+01   6.160271e+00   0.000000e+00   0.000000e+00   2.226064e+02   3.298516e-10   2.108087e-04
9.610000e+01   8.929214e+00   0.000000e+00   0.000000e+00   2.236992e+02   3.230114e-10   2.074506e-04
9.620000e+01   1.131850e+01   0.000000e+00   0.000000e+00   2.247690e+02   3.163756e-10   2.041605e-04
9.630000e+01   1.397044e+01   0.000000e+00   0.000000e+00   2.258134e+02   3.099398e-10   2.009368e-04
9.640000e+01   1.648293e+01   0.000000e+00   0.000000e+00   2.268300e+02   3.036995e-10   1.977775e-04
9.650000e+01   1.835329e+01   0.000000e+00   0.000000e+00   2.278170e+02   2.976497e-10   1.946812e-04
9.660000e+01   1.907917e+01   0.000000e+00   0.000000e+00   2.287750e+02   2.917830e-10   1.916465e-04
9.670000e+01   1.837170e+01   0.000000e+00   0.000000e+00   2.297053e+02   2.860916e-10   1.886724e-04
9.680000e+01   1.690640e+01   0.000000e+00   0.000000e+00   2.306093e+02   2.805680e-10   1.857580e-04
9.690000e+01   1.496163e+01   0.000000e+00   0.000000e+00   2.314885e+02   2.752052e-10   1.829020e-04
9.700000e+01   1.273968e+01   0.000000e+00   0.000000e+00   2.323443e+02   2.699963e-10   1.801035e-04
9.710000e+01   1.044288e+01   0.000000e+00   0.000000e+00   2.331780e+02   2.649350e-10   1.773614e-04
9.720000e+01   8.141981e+00   0.000000e+00   0.000000e+00   2.339911e+02   2.600151e-10   1.746748e-04
9.730000e+01   5.445413e+00   0.000000e+00   0.000000e+00   2.347850e+02   2.552308e-10   1.720425e-04
9.740000e+01   2.518678e+00   0.000000e+00   0.000000e+00   2.355611e+02   2.505764e-10   1.694635e-04
9.750000e+01   -3.945036e-01   0.000000e+00   0.000000e+00   2.363208e+02   2.460467e-10   1.669367e-04
9.760000e+01   -3.050408e+00   0.000000e+00   0.000000e+00   2.370655e+02   2.416365e-10   1.644612e-04
9.770000e+01   -5.265198e+00   0.000000e+00   0.000000e+00   2.377967e+02   2.373410e-10   1.620358e-04
9.780000e+01   -7.235378e+00   0.000000e+00   0.000000e+00   2.385157e+02   2.331554e-10   1.596595e-04
9.790000e+01   -9.070232e+00   0.000000e+00   0.000000e+00   2.392240e+02   2.290752e-10   1.573313e-04
9.800000e+01   -1.084476e+01   0.000000e+00   0.000000e+00   2.399229e+02   2.250962e-10   1.550502e-04
9.810000e+01   -1.263398e+01   0.000000e+00   0.000000e+00   2.406140e+02   2.212141e-10   1.528150e-04
9.820000e+01   -1.449434e+01   0.000000e+00   0.000000e+00   2.412985e+02   2.174250e-10   1.506248e-04
9.830000e+01   -1.636291e+01   0.000000e+00   0.000000e+00   2.419779e+02   2.137250e-10   1.484784e-04
9.840000e+01   -1.822806e+01   0.000000e+00   0.000000e+00   2.426536e+02   2.101105e-10   1.463750e-04
9.850000e+01   -2.009372e+01   0.000000e+00   0.000000e+00   2.433271e+02   2.065777e-10   1.443133e-04
9.860000e+01   -2.196383e+01   0.000000e+00   0.000000e+00   2.439996e+02   2.031235e-10   1.422924e-04
9.870000e+01   -2.389337e+01   0.000000e+00   0.000000e+00   2.446727e+02   1.997443e-10   1.403112e-04
9.880000e+01   -2.612309e+01   0.000000e+00   0.000000e+00   2.453478e+02   1.964369e-10   1.383686e-04
9.890000e+01   -2.842012e+01   0.000000e+00   0.000000e+00   2.460262e+02   1.931984e-10   1.364637e-04
9.900000e+01   -3.046982e+01   0.000000e+00   0.000000e+00   2.467094e+02   1.900256e-10   1.345954e-04
9.910000e+01   -3.195753e+01   0.000000e+00   0.000000e+00   2.473988e+02   1.869157e-10   1.327626e-04
9.920000e+01   -3.266708e+01   0.000000e+00   0.000000e+00   2.480958e+02   1.838659e-10   1.309643e-04
9.930000e+01   -3.317403e+01   0.000000e+00   0.000000e+00   2.488018e+02   1.808735e-10   1.291995e-04
9.940000e+01   -3.363129e+01   0.000000e+00   0.000000e+00   2.495182e+02   1.779358e-10   1.274670e-04
9.950000e+01   -3.404032e+01   0.000000e+00   0.000000e+00   2.502464e+02   1.750503e-10   1.257659e-04
9.960000e+01   -3.440253e+01   0.000000e+00   0.000000e+00   2.509878e+02   1.722145e-10   1.240951e-04
9.970000e+01   -3.469870e+01   0.000000e+00   0.000000e+00   2.517439e+02   1.694261e-10   1.224536e-04
9.980000e+01   -3.475641e+01   0.000000e+00   0.000000e+00   2.525161e+02   1.666827e-10   1.208403e-04
9.990000e+01   -3.458063e+01   0.000000e+00   0.000000e+00   2.533057e+02   1.639820e-10   1.192542e-04
1.000000e+02   -3.422676e+01   0.000000e+00   0.000000e+00   2.541137e+02   1.613227e-10   1.176944e-04
1.001000e+02   -3.375146e+01   0.000000e+00   0.000000e+00   2.549398e+02   1.587045e-10   1.161607e-04
1.002000e+02   -3.315568e+01   0.000000e+00   0.000000e+00   2.557839e+02   1.561270e-10   1.146525e-04
1.003000e+02   -3.199132e+01   0.000000e+00   0.000000e+00   2.566458e+02   1.535901e-10   1.131695e-04
1.004000e+02   -3.045964e+01   0.000000e+00   0.000000e+00   2.575252e+02   1.510935e-10   1.117115e-04
1.005000e+02   -2.895089e+01   0.000000e+00   0.000000e+00   2.584220e+02   1.486369e-10   1.102779e-04
1.006000e+02   -2.785532e+01   0.000000e+00   0.000000e+00   2.593360e+02   1.462202e-10   1.088685e-04
1.007000e+02   -2.750230e+01   0.000000e+00   0.000000e+00   2.602669e+02   1.438428e-10   1.074829e-04
1.008000e+02   -2.737702e+01   0.000000e+00   0.000000e+00   2.612146e+02   1.415046e-10   1.061208e-04
1.009000e+02   -2.727177e+01   0.000000e+00   0.000000e+00   2.621787e+02   1.392052e-10   1.047816e-04
1.010000e+02   -2.719413e+01   0.000000e+00   0.000000e+00   2.631592e+02   1.369441e-10   1.034652e-04
1.011000e+02   -2.715164e+01   0.000000e+00   0.000000e+00   2.641558e+02   1.347211e-10   1.021711e-04
1.012000e+02   -2.720323e+01   0.000000e+00   0.000000e+00   2.651683e+02   1.325357e-10   1.008990e-04
1.013000e+02   -2.802367e+01   0.000000e+00   0.000000e+00   2.661965e+02   1.303875e-10   9.964846e-05
1.014000e+02   -2.943368e+01   0.000000e+00   0.000000e+00   2.672402e+02   1.282760e-10   9.841918e-05
1.015000e+02   -3.093284e+01   0.000000e+00   0.000000e+00   2.682992e+02   1.262010e-10   9.721078e-05
1.016000e+02   -3.202077e+01   0.000000e+00   0.000000e+00   2.693732e+02   1.241618e-10   9.602289e-05
1.017000e+02   -3.222478e+01   0.000000e+00   0.000000e+00   2.704621e+02   1.221581e-10   9.485516e-05
1.018000e+02   -3.176594e+01   0.000000e+00   0.000000e+00   2.715657e+02   1.201893e-10   9.370721e-05
1.019000e+02   -3.096305e+01   0.000000e+00   0.000000e+00   2.726837e+02   1.182550e-10   9.257869e-05
1.020000e+02   -2.998527e+01   0.000000e+00   0.000000e+00   2.738159e+02   1.163547e-10   9.146923e-05
1.021000e+02   -2.900174e+01   0.000000e+00   0.000000e+00   2.749621e+02   1.144879e-10   9.037847e-05
1.022000e+02   -2.816835e+01   0.000000e+00   0.000000e+00   2.761222e+02   1.126541e-10   8.930604e-05
1.023000e+02   -2.731114e+01   0.000000e+00   0.000000e+00   2.772959e+02   1.108528e-10   8.825158e-05
1.024000e+02   -2.640983e+01   0.000000e+00   0.000000e+00   2.784830e+02   1.090834e-10   8.721473e-05
1.025000e+02   -2.558197e+01   0.000000e+00   0.000000e+00   2.796833e+02   1.073455e-10   8.619513e-05
1.026000e+02   -2.494509e+01   0.000000e+00   0.000000e+00   2.808966e+02   1.056384e-10   8.519240e-05
1.027000e+02   -2.462723e+01   0.000000e+00   0.000000e+00   2.821227e+02   1.039618e-10   8.420619e-05
1.028000e+02   -2.497178e+01   0.000000e+00   0.000000e+00   2.833613e+02   1.023149e-10   8.323613e-05
1.029000e+02   -2.581580e+01   0.000000e+00   0.000000e+00   2.846123e+02   1.006974e-10   8.228186e-05
1.030000e+02   -2.677493e+01   0.000000e+00   0.000000e+00   2.858755e+02   9.910854e-11   8.134302e-05
1.031000e+02   -2.746481e+01   0.000000e+00   0.000000e+00   2.871506e+02   9.754790e-11   8.041924e-05
1.032000e+02   -2.749664e+01   0.000000e+00   0.000000e+00   2.884374e+02   9.601491e-11   7.951016e-05
1.033000e+02   -2.648860e+01   0.000000e+00   0.000000e+00   2.897358e+02   9.450901e-11   7.861542e-05
1.034000e+02   -2.475089e+01   0.000000e+00   0.000000e+00   2.910455e+02   9.302965e-11   7.773464e-05
1.035000e+02   -2.281006e+01   0.000000e+00   0.000000e+00   2.923663e+02   9.157628e-11   7.686748e-05
1.036000e+02   -2.119266e+01   0.000000e+00   0.000000e+00   2.936980e+02   9.014834e-11   7.601356e-05
1.037000e+02   -2.041383e+01   0.000000e+00   0.000000e+00   2.950404e+02   8.874528e-11   7.517252e-05
1.038000e+02   -2.009312e+01   0.000000e+00   0.000000e+00   2.963933e+02   8.736655e-11   7.434400e-05
1.039000e+02   -1.979888e+01   0.000000e+00   0.000000e+00   2.977565e+02   8.601159e-11   7.352764e-05
1.040000e+02   -1.951364e+01   0.000000e+00   0.000000e+00   2.991298e+02   8.467987e-11   7.272306e-05
1.041000e+02   -1.921983e+01   0.000000e+00   0.000000e+00   3.005129e+02   8.337086e-11   7.192994e-05
1.042000e+02   -1.889606e+01   0.000000e+00   0.000000e+00   3.019055e+02   8.208424e-11   7.114807e-05
1.043000e+02   -1.821319e+01   0.000000e+00   0.000000e+00   3.033073e+02   8.081977e-11   7.037733e-05
1.044000e+02   -1.715459e+01   0.000000e+00   0.000000e+00   3.047178e+02   7.957720e-11   6.961758e-05
1.045000e+02   -1.599779e+01   0.000000e+00   0.000000e+00   3.061368e+02   7.835627e-11   6.886867e-05
1.046000e+02   -1.502030e+01   0.000000e+00   0.000000e+00   3.075639e+02   7.715672e-11   6.813048e-05
1.047000e+02   -1.449862e+01   0.000000e+00   0.000000e+00   3.089986e+02   7.597828e-11   6.740286e-05
1.048000e+02   -1.439089e+01   0.000000e+00   0.000000e+00   3.104407e+02   7.482068e-11   6.668569e-05
1.049000e+02   -1.449589e+01   0.000000e+00   0.000000e+00   3.118897e+02   7.368365e-11   6.597881e-05
1.050000e+02   -1.476439e+01   0.000000e+00   0.000000e+00   3.133453e+02   7.256691e-11   6.528211e-05
1.051000e+02   -1.514717e+01   0.000000e+00   0.000000e+00   3.148071e+02   7.147018e-11   6.459543e-05
1.052000e+02   -1.559539e+01   0.000000e+00   0.000000e+00   3.162748e+02   7.039319e-11   6.391865e-05
1.053000e+02   -1.640863e+01   0.000000e+00   0.000000e+00   3.177480e+02   6.933564e-11   6.325162e-05
1.054000e+02   -1.771586e+01   0.000000e+00   0.000000e+00   3.192263e+02   6.829725e-11   6.259421e-05
1.055000e+02   -1.928181e+01   0.000000e+00   0.000000e+00   3.207093e+02   6.727773e-11   6.194629e-05
1.056000e+02   -2.087122e+01   0.000000e+00   0.000000e+00   3.221968e+02   6.627680e-11   6.130771e-05
1.057000e+02   -2.224881e+01   0.000000e+00   0.000000e+00   3.236882e+02   6.529418e-11   6.067834e-05
1.058000e+02   -2.348744e+01   0.000000e+00   0.000000e+00   3.251834e+02   6.432955e-11   6.005805e-05
1.059000e+02   -2.474931e+01   0.000000e+00   0.000000e+00   3.266818e+02   6.338265e-11   5.944669e-05
1.060000e+02   -2.593320e+01   0.000000e+00   0.000000e+00   3.281831e+02   6.245318e-11   5.884414e-05
1.061000e+02   -2.693785e+01   0.000000e+00   0.000000e+00   3.296871e+02   6.154085e-11   5.825025e-05
1.062000e+02   -2.766205e+01   0.000000e+00   0.000000e+00   3.311932e+02   6.064537e-11   5.766488e-05
1.063000e+02   -2.819610e+01   0.000000e+00   0.000000e+00   3.327011e+02   5.976646e-11   5.708790e-05
1.064000e+02   -2.868121e+01   0.000000e+00   0.000000e+00   3.342105e+02   5.890382e-11   5.651918e-05
1.065000e+02   -2.905392e+01   0.000000e+00   0.000000e+00   3.357210e+02   5.805717e-11   5.595858e-05
1.066000e+02   -2.925059e+01   0.000000e+00   0.000000e+00   3.372322e+02   5.722622e-11   5.540596e-05
1.067000e+02   -2.920755e+01   0.000000e+00   0.000000e+00   3.387437e+02   5.641070e-11   5.486118e-05
1.068000e+02   -2.899684e+01   0.000000e+00   0.000000e+00   3.402553e+02   5.561031e-11   5.432410e-05
1.069000e+02   -2.876873e+01   0.000000e+00   0.000000e+00   3.417665e+02   5.482477e-11   5.379460e-05
1.070000e+02   -2.852245e+01   0.000000e+00   0.000000e+00   3.432770e+02   5.405381e-11   5.327253e-05
1.071000e+02   -2.825655e+01   0.000000e+00   0.000000e+00   3.447863e+02   5.329715e-11   5.275776e-05
1.072000e+02   -2.796962e+01   0.000000e+00   0.000000e+00   3.462942e+02   5.255451e-11   5.225015e-05
1.073000e+02   -2.724680e+01   0.000000e+00   0.000000e+00   3.478003e+02   5.182562e-11   5.174957e-05
1.074000e+02   -2.575309e+01   0.000000e+00   0.000000e+00   3.493041e+02   5.111020e-11   5.125587e-05
1.075000e+02   -2.392782e+01   0.000000e+00   0.000000e+00   3.508054e+02   5.040799e-11   5.076893e-05
1.076000e+02   -2.221615e+01   0.000000e+00   0.000000e+00   3.523037e+02   4.971872e-11   5.028859e-05
1.077000e+02   -2.106325e+01   0.000000e+00   0.000000e+00   3.537987e+02   4.904212e-11   4.981474e-05
1.078000e+02   -2.051128e+01   0.000000e+00   0.000000e+00   3.552901e+02   4.837793e-11   4.934723e-05
1.079000e+02   -2.005242e+01   0.000000e+00   0.000000e+00   3.567774e+02   4.772589e-11   4.888592e-05
1.080000e+02   -1.962032e+01   0.000000e+00   0.000000e+00   3.582604e+02   4.708574e-11   4.843068e-05
1.081000e+02   -1.915665e+01   0.000000e+00   0.000000e+00   3.597385e+02   4.645723e-11   4.798137e-05
1.082000e+02   -1.860310e+01   0.000000e+00   0.000000e+00   3.612116e+02   4.584010e-11   4.753785e-05
1.083000e+02   -1.725856e+01   0.000000e+00   0.000000e+00   3.626791e+02   4.523410e-11   4.710000e-05
1.084000e+02   -1.428476e+01   0.000000e+00   0.000000e+00   3.641408e+02   4.463899e-11   4.666766e-05
1.085000e+02   -1.031334e+01   0.000000e+00   0.000000e+00   3.655962e+02   4.405452e-11   4.624071e-05
1.086000e+02   -6.004952e+00   0.000000e+00   0.000000e+00   3.670450e+02   4.348045e-11   4.581901e-05
1.087000e+02   -2.020273e+00   0.000000e+00   0.000000e+00   3.684869e+02   4.291653e-11   4.540242e-05
1.088000e+02   1.650586e+00   0.000000e+00   0.000000e+00   3.699214e+02   4.236253e-11   4.499080e-05
1.089000e+02   5.776910e+00   0.000000e+00   0.000000e+00   3.713482e+02   4.181822e-11   4.458403e-05
1.090000e+02   9.826270e+00   0.000000e+00   0.000000e+00   3.727670e+02   4.128336e-11   4.418195e-05
1.091000e+02   1.322487e+01   0.000000e+00   0.000000e+00   3.741774e+02   4.075773e-11   4.378444e-05
1.092000e+02   1.539847e+01   0.000000e+00   0.000000e+00   3.755793e+02   4.024111e-11   4.339143e-05
1.093000e+02   1.636480e+01   0.000000e+00   0.000000e+00   3.769730e+02   3.973331e-11   4.300286e-05
1.094000e+02   1.721063e+01   0.000000e+00   0.000000e+00   3.783587e+02   3.923414e-11   4.261869e-05
1.095000e+02   1.797480e+01   0.000000e+00   0.000000e+00   3.797365e+02   3.874340e-11   4.223889e-05
1.096000e+02   1.864638e+01   0.000000e+00   0.000000e+00   3.811068e+02   3.826093e-11   4.186341e-05
1.097000e+02   1.921446e+01   0.000000e+00   0.000000e+00   3.824696e+02   3.778655e-11   4.149220e-05
1.098000e+02   1.919989e+01   0.000000e+00   0.000000e+00   3.838252e+02   3.732008e-11   4.112523e-05
1.099000e+02   1.779590e+01   0.000000e+00   0.000000e+00   3.851738e+02   3.686135e-11   4.076245e-05
1.100000e+02   1.574917e+01   -0.000000e+00   -0.000000e+00   3.865156e+02   3.641020e-11   4.040382e-05
1.101000e+02   1.387815e+01   -0.000000e+00   -0.000000e+00   3.878507e+02   3.596648e-11   4.004930e-05
1.102000e+02   1.300129e+01   -0.000000e+00   -0.000000e+00   3.891795e+02   3.553002e-11   3.969884e-05
1.103000e+02   1.339023e+01   -0.000000e+00   -0.000000e+00   3.905020e+02   3.510068e-11   3.935240e-05
1.104000e+02   1.388131e+01   -0.000000e+00   -0.000000e+00   3.918186e+02   3.467831e-11   3.900994e-05
1.105000e+02   1.437967e+01   -0.000000e+00   -0.000000e+00   3.931294e+02   3.426276e-11   3.867142e-05
1.106000e+02   1.487849e+01   -0.000000e+00   -0.000000e+00   3.944345e+02   3.385389e-11   3.833680e-05
1.107000e+02   1.537096e+01   -0.000000e+00   -0.000000e+00   3.957343e+02   3.345156e-11   3.800602e-05
1.108000e+02   1.581733e+01   -0.000000e+00   -0.000000e+00   3.970289e+02   3.305564e-11   3.767906e-05
1.109000e+02   1.614099e+01   -0.000000e+00   -0.000000e+00   3.983184e+02   3.266600e-11   3.735586e-05
1.110000e+02   1.640588e+01   -0.000000e+00   -0.000000e+00   3.996032e+02   3.228251e-11   3.703639e-05
1.111000e+02   1.668564e+01   -0.000000e+00   -0.000000e+00   4.008835e+02   3.190504e-11   3.672060e-05
1.112000e+02   1.705395e+01   -0.000000e+00   -0.000000e+00   4.021593e+02   3.153347e-11   3.640845e-05
1.113000e+02   1.776271e+01   -0.000000e+00   -0.000000e+00   4.034309e+02   3.116768e-11   3.609990e-05
1.114000e+02   1.929797e+01   -0.000000e+00   -0.000000e+00   4.046986e+02   3.080754e-11   3.579490e-05
1.115000e+02   2.126887e+01   -0.000000e+00   -0.000000e+00   4.059625e+02   3.045296e-11   3.549341e-05
1.116000e+02   2.321276e+01   -0.000000e+00   -0.000000e+00   4.072228e+02   3.010381e-11   3.519540e-05
1.117000e+02   2.466697e+01   -0.000000e+00   -0.000000e+00   4.084798e+02   2.975997e-11   3.490081e-05
1.118000e+02   2.538486e+01   -0.000000e+00   -0.000000e+00   4.097336e+02   2.942136e-11   3.460960e-05
1.119000e+02   2.598756e+01   -0.000000e+00   -0.000000e+00   4.109844e+02   2.908785e-11   3.432174e-05
1.120000e+02   2.655529e+01   -0.000000e+00   -0.000000e+00   4.122324e+02   2.875935e-11   3.403718e-05
1.121000e+02   2.708450e+01   -0.000000e+00   -0.000000e+00   4.134779e+02   2.843575e-11   3.375587e-05
1.122000e+02   2.757163e+01   -0.000000e+00   -0.000000e+00   4.147211e+02   2.811695e-11   3.347778e-05
1.123000e+02   2.784750e+01   -0.000000e+00   -0.000000e+00   4.159620e+02   2.780286e-11   3.320286e-05
1.124000e+02   2.725957e+01   -0.000000e+00   -0.000000e+00   4.172011e+02   2.749338e-11   3.293108e-05
1.125000e+02   2.599224e+01   -0.000000e+00   -0.000000e+00   4.184383e+02   2.718842e-11   3.266238e-05
1.126000e+02   2.433600e+01   -0.000000e+00   -0.000000e+00   4.196740e+02   2.688788e-11   3.239672e-05
1.127000e+02   2.258133e+01   -0.000000e+00   -0.000000e+00   4.209084e+02   2.659168e-11   3.213407e-05
1.128000e+02   2.088410e+01   -0.000000e+00   -0.000000e+00   4.221417e+02   2.629972e-11   3.187437e-05
1.129000e+02   1.879425e+01   -0.000000e+00   -0.000000e+00   4.233739e+02   2.601192e-11   3.161760e-05
1.130000e+02   1.642101e+01   -0.000000e+00   -0.000000e+00   4.246055e+02   2.572819e-11   3.136370e-05
1.131000e+02   1.397372e+01   -0.000000e+00   -0.000000e+00   4.258365e+02   2.544846e-11   3.111263e-05
1.132000e+02   1.166173e+01   -0.000000e+00   -0.000000e+00   4.270672e+02   2.517263e-11   3.086435e-05
1.133000e+02   9.624672e+00   -0.000000e+00   -0.000000e+00   4.282977e+02   2.490063e-11   3.061882e-05
1.134000e+02   7.611942e+00   -0.000000e+00   -0.000000e+00   4.295283e+02   2.463237e-11   3.037599e-05
1.135000e+02   5.656364e+00   -0.000000e+00   -0.000000e+00   4.307592e+02   2.436779e-11   3.013583e-05
1.136000e+02   3.855818e+00   -0.000000e+00   -0.000000e+00   4.319906e+02   2.410680e-11   2.989828e-05
1.137000e+02   2.308181e+00   -0.000000e+00   -0.000000e+00   4.332226e+02   2.384933e-11   2.966332e-05
1.138000e+02   1.097570e+00   -0.000000e+00   -0.000000e+00   4.344555e+02   2.359531e-11   2.943088e-05
1.139000e+02   1.509765e-01   -0.000000e+00   -0.000000e+00   4.356895e+02   2.334465e-11   2.920095e-05
1.140000e+02   -6.542430e-01   -0.000000e+00   -0.000000e+00   4.369248e+02   2.309730e-11   2.897346e-05
1.141000e+02   -1.432836e+00   -0.000000e+00   -0.000000e+00   4.381616e+02   2.285318e-11   2.874838e-05
1.142000e+02   -2.299549e+00   -0.000000e+00   -0.000000e+00   4.394000e+02   2.261222e-11   2.852566e-05
1.143000e+02   -3.406304e+00   -0.000000e+00   -0.000000e+00   4.406404e+02   2.237436e-11   2.830527e-05
1.144000e+02   -4.992838e+00   -0.000000e+00   -0.000000e+00   4.418828e+02   2.213952e-11   2.808715e-05
1.145000e+02   -6.766957e+00   -0.000000e+00   -0.000000e+00   4.431275e+02   2.190765e-11   2.787128e-05
1.146000e+02   -8.346293e+00   -0.000000e+00   -0.000000e+00   4.443748e+02   2.167867e-11   2.765760e-05
1.147000e+02   -9.348480e+00   -0.000000e+00   -0.000000e+00   4.456247e+02   2.145253e-11   2.744607e-05
1.148000e+02   -9.485331e+00   -0.000000e+00   -0.000000e+00   4.468775e+02   2.122916e-11   2.723665e-05
1.149000e+02   -9.382418e+00   -0.000000e+00   -0.000000e+00   4.481335e+02   2.100850e-11   2.702930e-05
1.150000e+02   -9.262754e+00   -0.000000e+00   -0.000000e+00   4.493927e+02   2.079049e-11   2.682398e-05
1.151000e+02   -9.162535e+00   -0.000000e+00   -0.000000e+00   4.506555e+02   2.057508e-11   2.662064e-05
1.152000e+02   -9.117424e+00   -0.000000e+00   -0.000000e+00   4.519218e+02   2.036221e-11   2.641925e-05
1.153000e+02   -9.183471e+00   -0.000000e+00   -0.000000e+00   4.531917e+02   2.015186e-11   2.621980e-05
1.154000e+02   -9.573641e+00   -0.000000e+00   -0.000000e+00   4.544650e+02   1.994401e-11   2.602227e-05
1.155000e+02   -1.023367e+01   -0.000000e+00   -0.000000e+00   4.557416e+02   1.973863e-11   2.582664e-05
1.156000e+02   -1.103579e+01   -0.000000e+00   -0.000000e+00   4.570215e+02   1.953569e-11   2.563290e-05
1.157000e+02   -1.185223e+01   -0.000000e+00   -0.000000e+00   4.583046e+02   1.933518e-11   2.544104e-05
1.158000e+02   -1.256334e+01   -0.000000e+00   -0.000000e+00   4.595909e+02   1.913707e-11   2.525103e-05
1.159000e+02   -1.319990e+01   -0.000000e+00   -0.000000e+00   4.608802e+02   1.894132e-11   2.506287e-05
1.160000e+02   -1.383257e+01   -0.000000e+00   -0.000000e+00   4.621725e+02   1.874793e-11   2.487653e-05
1.161000e+02   -1.451282e+01   -0.000000e+00   -0.000000e+00   4.634677e+02   1.855686e-11   2.469200e-05
1.162000e+02   -1.529214e+01   -0.000000e+00   -0.000000e+00   4.647657e+02   1.836808e-11   2.450926e-05
1.163000e+02   -1.622852e+01   -0.000000e+00   -0.000000e+00   4.660665e+02   1.818158e-11   2.432830e-05
1.164000e+02   -1.744015e+01   -0.000000e+00   -0.000000e+00   4.673699e+02   1.799732e-11   2.414911e-05
1.165000e+02   -1.889675e+01   -0.000000e+00   -0.000000e+00   4.686760e+02   1.781529e-11   2.397166e-05
1.166000e+02   -2.052218e+01   -0.000000e+00   -0.000000e+00   4.699846e+02   1.763546e-11   2.379594e-05
1.167000e+02   -2.224030e+01   -0.000000e+00   -0.000000e+00   4.712956e+02   1.745781e-11   2.362193e-05
1.168000e+02   -2.400129e+01   -0.000000e+00   -0.000000e+00   4.726090e+02   1.728230e-11   2.344963e-05
1.169000e+02   -2.616635e+01   -0.000000e+00   -0.000000e+00   4.739246e+02   1.710893e-11   2.327900e-05
1.170000e+02   -2.859500e+01   -0.000000e+00   -0.000000e+00   4.752425e+02   1.693765e-11   2.311005e-05
1.171000e+02   -3.092186e+01   -0.000000e+00   -0.000000e+00   4.765626e+02   1.676846e-11   2.294275e-05
1.172000e+02   -3.278152e+01   -0.000000e+00   -0.000000e+00   4.778847e+02   1.660132e-11   2.277708e-05
1.173000e+02   -3.383868e+01   -0.000000e+00   -0.000000e+00   4.792088e+02   1.643621e-11   2.261303e-05
1.174000e+02   -3.456716e+01   -0.000000e+00   -0.000000e+00   4.805348e+02   1.627311e-11   2.245058e-05
1.175000e+02   -3.524499e+01   -0.000000e+00   -0.000000e+00   4.818626e+02   1.611199e-11   2.228973e-05
1.176000e+02   -3.586034e+01   -0.000000e+00   -0.000000e+00   4.831923e+02   1.595283e-11   2.213044e-05
1.177000e+02   -3.640137e+01   -0.000000e+00   -0.000000e+00   4.845236e+02   1.579561e-11   2.197271e-05
1.178000e+02   -3.684911e+01   -0.000000e+00   -0.000000e+00   4.858565e+02   1.564031e-11   2.181653e-05
1.179000e+02   -3.700406e+01   -0.000000e+00   -0.000000e+00   4.871909e+02   1.548689e-11   2.166186e-05
1.180000e+02   -3.691788e+01   -0.000000e+00   -0.000000e+00   4.885268e+02   1.533535e-11   2.150871e-05
1.181000e+02   -3.677760e+01   -0.000000e+00   -0.000000e+00   4.898641e+02   1.518564e-11   2.135705e-05
1.182000e+02   -3.677024e+01   -0.000000e+00   -0.000000e+00   4.912027e+02   1.503777e-11   2.120686e-05
1.183000e+02   -3.708233e+01   -0.000000e+00   -0.000000e+00   4.925425e+02   1.489169e-11   2.105814e-05
1.184000e+02   -3.780502e+01   -0.000000e+00   -0.000000e+00   4.938835e+02   1.474739e-11   2.091086e-05
1.185000e+02   -3.882745e+01   -0.000000e+00   -0.000000e+00   4.952256e+02   1.460484e-11   2.076501e-05
1.186000e+02   -4.001371e+01   -0.000000e+00   -0.000000e+00   4.965686e+02   1.446403e-11   2.062058e-05
1.187000e+02   -4.122785e+01   -0.000000e+00   -0.000000e+00   4.979126e+02   1.432493e-11   2.047754e-05
1.188000e+02   -4.233699e+01   -0.000000e+00   -0.000000e+00   4.992574e+02   1.418751e-11   2.033589e-05
1.189000e+02   -4.343107e+01   -0.000000e+00   -0.000000e+00   5.006031e+02   1.405177e-11   2.019560e-05
1.190000e+02   -4.456237e+01   -0.000000e+00   -0.000000e+00   5.019494e+02   1.391767e-11   2.005666e-05
1.191000e+02   -4.566270e+01   -0.000000e+00   -0.000000e+00   5.032963e+02   1.378519e-11   1.991906e-05
1.192000e+02   -4.666386e+01   -0.000000e+00   -0.000000e+00   5.046438e+02   1.365432e-11   1.978278e-05
1.193000e+02   -4.749881e+01   -0.000000e+00   -0.000000e+00   5.059917e+02   1.352502e-11   1.964780e-05
1.194000e+02   -4.824318e+01   -0.000000e+00   -0.000000e+00   5.073401e+02   1.339729e-11   1.951410e-05
1.195000e+02   -4.895933e+01   -0.000000e+00   -0.000000e+00   5.086888e+02   1.327110e-11   1.938168e-05
1.196000e+02   -4.962282e+01   -0.000000e+00   -0.000000e+00   5.100377e+02   1.314643e-11   1.925051e-05
1.197000e+02   -5.020921e+01   -0.000000e+00   -0.000000e+00   5.113867e+02   1.302325e-11   1.912058e-05
1.198000e+02   -5.069352e+01   -0.000000e+00   -0.000000e+00   5.127359e+02   1.290155e-11   1.899188e-05
1.199000e+02   -5.092805e+01   -0.000000e+00   -0.000000e+00   5.140851e+02   1.278131e-11   1.886438e-05
1.200000e+02   -5.087682e+01   -0.000000e+00   -0.000000e+00   5.154342e+02   1.266250e-11   1.873808e-05
1.201000e+02   -5.063393e+01   -0.000000e+00   -0.000000e+00   5.167832e+02   1.254511e-11   1.861295e-05
1.202000e+02   -5.029350e+01   -0.000000e+00   -0.000000e+00   5.181319e+02   1.242912e-11   1.848898e-05
1.203000e+02   -4.994951e+01   -0.000000e+00   -0.000000e+00   5.194804e+02   1.231450e-11   1.836616e-05
1.204000e+02   -4.956240e+01   -0.000000e+00   -0.000000e+00   5.208285e+02   1.220124e-11   1.824447e-05
1.205000e+02   -4.904930e+01   -0.000000e+00   -0.000000e+00   5.221762e+02   1.208932e-11   1.812388e-05
1.206000e+02   -4.841763e+01   -0.000000e+00   -0.000000e+00   5.235234e+02   1.197872e-11   1.800440e-05
1.207000e+02   -4.767480e+01   -0.000000e+00   -0.000000e+00   5.248699e+02   1.186941e-11   1.788600e-05
1.208000e+02   -4.682823e+01   -0.000000e+00   -0.000000e+00   5.262158e+02   1.176138e-11   1.776866e-05
1.209000e+02   -4.579913e+01   -0.000000e+00   -0.000000e+00   5.275610e+02   1.165462e-11   1.765237e-05
1.210000e+02   -4.454909e+01   -0.000000e+00   -0.000000e+00   5.289053e+02   1.154909e-11   1.753712e-05
1.211000e+02   -4.314607e+01   -0.000000e+00   -0.000000e+00   5.302487e+02   1.144479e-11   1.742288e-05
1.212000e+02   -4.165805e+01   -0.000000e+00   -0.000000e+00   5.315912e+02   1.134170e-11   1.730964e-05
1.213000e+02   -4.015300e+01   -0.000000e+00   -0.000000e+00   5.329326e+02   1.123979e-11   1.719739e-05
1.214000e+02   -3.850991e+01   -0.000000e+00   -0.000000e+00   5.342728e+02   1.113904e-11   1.708612e-05
1.215000e+02   -3.666099e+01   -0.000000e+00   -0.000000e+00   5.356119e+02   1.103945e-11   1.697579e-05
1.216000e+02   -3.479731e+01   -0.000000e+00   -0.000000e+00   5.369497e+02   1.094099e-11   1.686641e-05
1.217000e+02   -3.311015e+01   -0.000000e+00   -0.000000e+00   5.382862e+02   1.084364e-11   1.675794e-05
1.218000e+02   -3.179081e+01   -0.000000e+00   -0.000000e+00   5.396212e+02   1.074739e-11   1.665039e-05
1.219000e+02   -3.085754e+01   -0.000000e+00   -0.000000e+00   5.409547e+02   1.065222e-11   1.654372e-05
1.220000e+02   -3.010142e+01   -0.000000e+00   -0.000000e+00   5.422866e+02   1.055810e-11   1.643793e-05
1.221000e+02   -2.942925e+01   -0.000000e+00   -0.000000e+00   5.436169e+02   1.046504e-11   1.633300e-05
1.222000e+02   -2.874846e+01   -0.000000e+00   -0.000000e+00   5.449454e+02   1.037299e-11   1.622892e-05
1.223000e+02   -2.796656e+01   -0.000000e+00   -0.000000e+00   5.462722e+02   1.028196e-11   1.612566e-05
1.224000e+02   -2.698693e+01   -0.000000e+00   -0.000000e+00   5.475970e+02   1.019193e-11   1.602322e-05
1.225000e+02   -2.584892e+01   -0.000000e+00   -0.000000e+00   5.489200e+02   1.010288e-11   1.592160e-05
1.226000e+02   -2.468953e+01   -0.000000e+00   -0.000000e+00   5.502410e+02   1.001481e-11   1.582078e-05
1.227000e+02   -2.364616e+01   -0.000000e+00   -0.000000e+00   5.515599e+02   9.927707e-12   1.572078e-05
1.228000e+02   -2.285625e+01   -0.000000e+00   -0.000000e+00   5.528768e+02   9.841560e-12   1.562157e-05
1.229000e+02   -2.228383e+01   -0.000000e+00   -0.000000e+00   5.541915e+02   9.756360e-12   1.552316e-05
1.230000e+02   -2.172888e+01   -0.000000e+00   -0.000000e+00   5.555040e+02   9.672097e-12   1.542553e-05
1.231000e+02   -2.123322e+01   -0.000000e+00   -0.000000e+00   5.568143e+02   9.588761e-12   1.532870e-05
1.232000e+02   -2.084255e+01   -0.000000e+00   -0.000000e+00   5.581223e+02   9.506343e-12   1.523264e-05
1.233000e+02   -2.060253e+01   -0.000000e+00   -0.000000e+00   5.594280e+02   9.424832e-12   1.513736e-05
1.234000e+02   -2.050172e+01   -0.000000e+00   -0.000000e+00   5.607313e+02   9.344219e-12   1.504285e-05
1.235000e+02   -2.043760e+01   -0.000000e+00   -0.000000e+00   5.620321e+02   9.264496e-12   1.494911e-05
1.236000e+02   -2.037700e+01   -0.000000e+00   -0.000000e+00   5.633304e+02   9.185651e-12   1.485612e-05
1.237000e+02   -2.028867e+01   -0.000000e+00   -0.000000e+00   5.646261e+02   9.107677e-12   1.476389e-05
1.238000e+02   -2.014135e+01   -0.000000e+00   -0.000000e+00   5.659193e+02   9.030563e-12   1.467242e-05
1.239000e+02   -1.965839e+01   -0.000000e+00   -0.000000e+00   5.672097e+02   8.954301e-12   1.458169e-05
1.240000e+02   -1.848780e+01   -0.000000e+00   -0.000000e+00   5.684975e+02   8.878882e-12   1.449169e-05
1.241000e+02   -1.692413e+01   -0.000000e+00   -0.000000e+00   5.697825e+02   8.804296e-12   1.440244e-05
1.242000e+02   -1.527952e+01   -0.000000e+00   -0.000000e+00   5.710647e+02   8.730535e-12   1.431392e-05
1.243000e+02   -1.386613e+01   -0.000000e+00   -0.000000e+00   5.723439e+02   8.657589e-12   1.422612e-05
1.244000e+02   -1.281074e+01   -0.000000e+00   -0.000000e+00   5.736203e+02   8.585451e-12   1.413904e-05
1.245000e+02   -1.182862e+01   -0.000000e+00   -0.000000e+00   5.748937e+02   8.514111e-12   1.405268e-05
1.246000e+02   -1.089358e+01   -0.000000e+00   -0.000000e+00   5.761640e+02   8.443561e-12   1.396703e-05
1.247000e+02   -9.993658e+00   -0.000000e+00   -0.000000e+00   5.774313e+02   8.373792e-12   1.388209e-05
1.248000e+02   -9.116891e+00   -0.000000e+00   -0.000000e+00   5.786954e+02   8.304796e-12   1.379785e-05
1.249000e+02   -8.269737e+00   -0.000000e+00   -0.000000e+00   5.799563e+02   8.236565e-12   1.371430e-05
1.250000e+02   -7.473751e+00   -0.000000e+00   -0.000000e+00   5.812140e+02   8.169089e-12   1.363145e-05
1.251000e+02   -6.691499e+00   -0.000000e+00   -0.000000e+00   5.824684e+02   8.102361e-12   1.354928e-05
1.252000e+02   -5.882773e+00   -0.000000e+00   -0.000000e+00   5.837194e+02   8.036373e-12   1.346780e-05
1.253000e+02   -5.007366e+00   -0.000000e+00   -0.000000e+00   5.849670e+02   7.971117e-12   1.338699e-05
1.254000e+02   -3.978265e+00   -0.000000e+00   -0.000000e+00   5.862111e+02   7.906584e-12   1.330685e-05
1.255000e+02   -2.721331e+00   -0.000000e+00   -0.000000e+00   5.874518e+02   7.842766e-12   1.322738e-05
1.256000e+02   -1.395755e+00   -0.000000e+00   -0.000000e+00   5.886889e+02   7.779657e-12   1.314857e-05
1.257000e+02   -1.724936e-01   -0.000000e+00   -0.000000e+00   5.899223e+02   7.717247e-12   1.307042e-05
1.258000e+02   7.774976e-01   -0.000000e+00   -0.000000e+00   5.911521e+02   7.655529e-12   1.299292e-05
1.259000e+02   1.402257e+00   -0.000000e+00   -0.000000e+00   5.923782e+02   7.594496e-12   1.291607e-05
1.260000e+02   1.995690e+00   -0.000000e+00   -0.000000e+00   5.936004e+02   7.534139e-12   1.283986e-05
1.261000e+02   2.582233e+00   -0.000000e+00   -0.000000e+00   5.948189e+02   7.474452e-12   1.276428e-05
1.262000e+02   3.159695e+00   -0.000000e+00   -0.000000e+00   5.960335e+02   7.415426e-12   1.268934e-05
1.263000e+02   3.725888e+00   -0.000000e+00   -0.000000e+00   5.972441e+02   7.357055e-12   1.261503e-05
1.264000e+02   4.256853e+00   -0.000000e+00   -0.000000e+00   5.984507e+02   7.299331e-12   1.254134e-05
1.265000e+02   4.687518e+00   -0.000000e+00   -0.000000e+00   5.996533e+02   7.242247e-12   1.246826e-05
1.266000e+02   5.044879e+00   -0.000000e+00   -0.000000e+00   6.008518e+02   7.185795e-12   1.239580e-05
1.267000e+02   5.364066e+00   -0.000000e+00   -0.000000e+00   6.020462e+02   7.129968e-12   1.232395e-05
1.268000e+02   5.680208e+00   -0.000000e+00   -0.000000e+00   6.032364e+02   7.074760e-12   1.225269e-05
1.269000e+02   5.996105e+00   -0.000000e+00   -0.000000e+00   6.044223e+02   7.020163e-12   1.218204e-05
1.270000e+02   6.226633e+00   -0.000000e+00   -0.000000e+00   6.056038e+02   6.966170e-12   1.211198e-05
1.271000e+02   6.421434e+00   -0.000000e+00   -0.000000e+00   6.067811e+02   6.912774e-12   1.204250e-05
1.272000e+02   6.645310e+00   -0.000000e+00   -0.000000e+00   6.079539e+02   6.859969e-12   1.197361e-05
1.273000e+02   6.963063e+00   -0.000000e+00   -0.000000e+00   6.091222e+02   6.807747e-12   1.190530e-05
1.274000e+02   7.409026e+00   -0.000000e+00   -0.000000e+00   6.102861e+02   6.756103e-12   1.183756e-05
1.275000e+02   7.886160e+00   -0.000000e+00   -0.000000e+00   6.114453e+02   6.705029e-12   1.177038e-05
1.276000e+02   8.393263e+00   -0.000000e+00   -0.000000e+00   6.126000e+02   6.654518e-12   1.170377e-05
1.277000e+02   8.945397e+00   -0.000000e+00   -0.000000e+00   6.137499e+02   6.604564e-12   1.163772e-05
1.278000e+02   9.557623e+00   -0.000000e+00   -0.000000e+00   6.148951e+02   6.555161e-12   1.157222e-05
1.279000e+02   1.024818e+01   -0.000000e+00   -0.000000e+00   6.160356e+02   6.506303e-12   1.150727e-05
1.280000e+02   1.102601e+01   -0.000000e+00   -0.000000e+00   6.171712e+02   6.457982e-12   1.144287e-05
1.281000e+02   1.185235e+01   -0.000000e+00   -0.000000e+00   6.183019e+02   6.410192e-12   1.137900e-05
1.282000e+02   1.268388e+01   -0.000000e+00   -0.000000e+00   6.194276e+02   6.362927e-12   1.131566e-05
1.283000e+02   1.347727e+01   -0.000000e+00   -0.000000e+00   6.205484e+02   6.316182e-12   1.125285e-05
1.284000e+02   1.417883e+01   -0.000000e+00   -0.000000e+00   6.216641e+02   6.269949e-12   1.119057e-05
1.285000e+02   1.472581e+01   -0.000000e+00   -0.000000e+00   6.227747e+02   6.224223e-12   1.112880e-05
1.286000e+02   1.517398e+01   -0.000000e+00   -0.000000e+00   6.238802e+02   6.178997e-12   1.106755e-05
1.287000e+02   1.559426e+01   -0.000000e+00   -0.000000e+00   6.249804e+02   6.134266e-12   1.100681e-05
1.288000e+02   1.605757e+01   -0.000000e+00   -0.000000e+00   6.260754e+02   6.090024e-12   1.094657e-05
1.289000e+02   1.661591e+01   -0.000000e+00   -0.000000e+00   6.271651e+02   6.046264e-12   1.088683e-05
1.290000e+02   1.719154e+01   -0.000000e+00   -0.000000e+00   6.282494e+02   6.002981e-12   1.082758e-05
1.291000e+02   1.778147e+01   -0.000000e+00   -0.000000e+00   6.293282e+02   5.960170e-12   1.076882e-05
1.292000e+02   1.840499e+01   -0.000000e+00   -0.000000e+00   6.304016e+02   5.917823e-12   1.071055e-05
1.293000e+02   1.908137e+01   -0.000000e+00   -0.000000e+00   6.314695e+02   5.875936e-12   1.065275e-05
1.294000e+02   1.982489e+01   -0.000000e+00   -0.000000e+00   6.325318e+02   5.834503e-12   1.059543e-05
1.295000e+02   2.060406e+01   -0.000000e+00   -0.000000e+00   6.335885e+02   5.793519e-12   1.053858e-05
1.296000e+02   2.139914e+01   -0.000000e+00   -0.000000e+00   6.346394e+02   5.752977e-12   1.048219e-05
1.297000e+02   2.219722e+01   -0.000000e+00   -0.000000e+00   6.356847e+02   5.712872e-12   1.042626e-05
1.298000e+02   2.298542e+01   -0.000000e+00   -0.000000e+00   6.367241e+02   5.673200e-12   1.037079e-05
1.299000e+02   2.375037e+01   -0.000000e+00   -0.000000e+00   6.377577e+02   5.633953e-12   1.031576e-05
1.300000e+02   2.448122e+01   -0.000000e+00   -0.000000e+00   6.387854e+02   5.595128e-12   1.026118e-05
