#% 0, Z0, m, 0.0
#% 1, Z, km
#% 2, U, m/s
#% 3, V, m/s
#% 4, W, m/s
#% 5, T, degK
#% 6, RHO, g/cm3
#% 7, P, mbar
0.000000e+00   -3.458891e+00   -0.000000e+00   -0.000000e+00   2.725437e+02   1.230211e-03   9.626055e+02
1.000000e-01   -4.970193e+00   -0.000000e+00   -0.000000e+00   2.716765e+02   1.218958e-03   9.507646e+02
2.000000e-01   -5.920022e+00   -0.000000e+00   -0.000000e+00   2.707084e+02   1.208237e-03   9.390447e+02
3.000000e-01   -6.649501e+00   -0.000000e+00   -0.000000e+00   2.698021e+02   1.197327e-03   9.274501e+02
4.000000e-01   -7.442838e+00   -0.000000e+00   -0.000000e+00   2.690683e+02   1.185751e-03   9.159850e+02
5.000000e-01   -8.321637e+00   -0.000000e+00   -0.000000e+00   2.683940e+02   1.174022e-03   9.046515e+02
6.000000e-01   -9.244117e+00   -0.000000e+00   -0.000000e+00   2.677732e+02   1.162175e-03   8.934516e+02
7.000000e-01   -1.014146e+01   -0.000000e+00   -0.000000e+00   2.672706e+02   1.149939e-03   8.823851e+02
8.000000e-01   -1.083486e+01   -0.000000e+00   -0.000000e+00   2.669151e+02   1.137199e-03   8.714492e+02
9.000000e-01   -1.104795e+01   -0.000000e+00   -0.000000e+00   2.667443e+02   1.123812e-03   8.606394e+02
1.000000e+00   -1.090602e+01   -0.000000e+00   -0.000000e+00   2.668655e+02   1.109352e-03   8.499519e+02
1.100000e+00   -1.064103e+01   -0.000000e+00   -0.000000e+00   2.671601e+02   1.094351e-03   8.393839e+02
1.200000e+00   -1.039342e+01   -0.000000e+00   -0.000000e+00   2.673761e+02   1.079853e-03   8.289331e+02
1.300000e+00   -1.020497e+01   -0.000000e+00   -0.000000e+00   2.674568e+02   1.066067e-03   8.185978e+02
1.400000e+00   -1.003121e+01   -0.000000e+00   -0.000000e+00   2.674624e+02   1.052733e-03   8.083762e+02
1.500000e+00   -9.823289e+00   -0.000000e+00   -0.000000e+00   2.674609e+02   1.039573e-03   7.982664e+02
1.600000e+00   -9.588241e+00   -0.000000e+00   -0.000000e+00   2.674611e+02   1.026550e-03   7.882663e+02
1.700000e+00   -9.371523e+00   -0.000000e+00   -0.000000e+00   2.673801e+02   1.013974e-03   7.783737e+02
1.800000e+00   -9.188483e+00   -0.000000e+00   -0.000000e+00   2.671792e+02   1.001977e-03   7.685862e+02
1.900000e+00   -9.047619e+00   -0.000000e+00   -0.000000e+00   2.668962e+02   9.903992e-04   7.589009e+02
2.000000e+00   -8.949407e+00   -0.000000e+00   -0.000000e+00   2.665652e+02   9.791038e-04   7.493151e+02
2.100000e+00   -8.879113e+00   -0.000000e+00   -0.000000e+00   2.662018e+02   9.680240e-04   7.398258e+02
2.200000e+00   -8.818763e+00   -0.000000e+00   -0.000000e+00   2.658205e+02   9.571018e-04   7.304305e+02
2.300000e+00   -8.753811e+00   -0.000000e+00   -0.000000e+00   2.654404e+02   9.462689e-04   7.211305e+02
2.400000e+00   -8.672304e+00   -0.000000e+00   -0.000000e+00   2.650832e+02   9.354536e-04   7.119292e+02
2.500000e+00   -8.567244e+00   -0.000000e+00   -0.000000e+00   2.647592e+02   9.246270e-04   7.028294e+02
2.600000e+00   -8.444891e+00   -0.000000e+00   -0.000000e+00   2.644530e+02   9.138478e-04   6.938328e+02
2.700000e+00   -8.315829e+00   -0.000000e+00   -0.000000e+00   2.641467e+02   9.031817e-04   6.849403e+02
2.800000e+00   -8.179637e+00   -0.000000e+00   -0.000000e+00   2.638306e+02   8.926593e-04   6.761502e+02
2.900000e+00   -8.029732e+00   0.000000e+00   0.000000e+00   2.635014e+02   8.822840e-04   6.674577e+02
3.000000e+00   -7.862757e+00   0.000000e+00   0.000000e+00   2.631568e+02   8.720576e-04   6.588586e+02
3.100000e+00   -7.704588e+00   0.000000e+00   0.000000e+00   2.627959e+02   8.619785e-04   6.503505e+02
3.200000e+00   -7.590893e+00   0.000000e+00   0.000000e+00   2.624187e+02   8.520438e-04   6.419319e+02
3.300000e+00   -7.531273e+00   0.000000e+00   0.000000e+00   2.620248e+02   8.422507e-04   6.336014e+02
3.400000e+00   -7.519371e+00   0.000000e+00   0.000000e+00   2.616130e+02   8.326011e-04   6.253578e+02
3.500000e+00   -7.528163e+00   0.000000e+00   0.000000e+00   2.611801e+02   8.231025e-04   6.172007e+02
3.600000e+00   -7.504031e+00   0.000000e+00   0.000000e+00   2.607232e+02   8.137625e-04   6.091295e+02
3.700000e+00   -7.395977e+00   0.000000e+00   0.000000e+00   2.602389e+02   8.045886e-04   6.011438e+02
3.800000e+00   -7.244315e+00   0.000000e+00   0.000000e+00   2.597257e+02   7.955827e-04   5.932431e+02
3.900000e+00   -7.105800e+00   0.000000e+00   0.000000e+00   2.591887e+02   7.867270e-04   5.854267e+02
4.000000e+00   -7.040479e+00   0.000000e+00   0.000000e+00   2.586343e+02   7.779994e-04   5.776940e+02
4.100000e+00   -7.068727e+00   0.000000e+00   0.000000e+00   2.580691e+02   7.693787e-04   5.700442e+02
4.200000e+00   -7.120419e+00   0.000000e+00   0.000000e+00   2.574993e+02   7.608446e-04   5.624766e+02
4.300000e+00   -7.193175e+00   0.000000e+00   0.000000e+00   2.569273e+02   7.523900e-04   5.549905e+02
4.400000e+00   -7.285600e+00   0.000000e+00   0.000000e+00   2.563498e+02   7.440233e-04   5.475853e+02
4.500000e+00   -7.396073e+00   0.000000e+00   0.000000e+00   2.557634e+02   7.357534e-04   5.402603e+02
4.600000e+00   -7.543448e+00   0.000000e+00   0.000000e+00   2.551648e+02   7.275889e-04   5.330147e+02
4.700000e+00   -7.767103e+00   0.000000e+00   0.000000e+00   2.545505e+02   7.195381e-04   5.258478e+02
4.800000e+00   -8.033664e+00   0.000000e+00   0.000000e+00   2.539183e+02   7.116055e-04   5.187590e+02
4.900000e+00   -8.307156e+00   0.000000e+00   0.000000e+00   2.532669e+02   7.037929e-04   5.117474e+02
5.000000e+00   -8.551652e+00   0.000000e+00   0.000000e+00   2.525949e+02   6.961019e-04   5.048122e+02
5.100000e+00   -8.751591e+00   0.000000e+00   0.000000e+00   2.519012e+02   6.885341e-04   4.979526e+02
5.200000e+00   -8.958300e+00   0.000000e+00   0.000000e+00   2.511846e+02   6.810902e-04   4.911679e+02
5.300000e+00   -9.180849e+00   0.000000e+00   0.000000e+00   2.504523e+02   6.737490e-04   4.844572e+02
5.400000e+00   -9.418675e+00   0.000000e+00   0.000000e+00   2.497204e+02   6.664660e-04   4.778200e+02
5.500000e+00   -9.670940e+00   0.000000e+00   0.000000e+00   2.490054e+02   6.591971e-04   4.712555e+02
5.600000e+00   -9.937709e+00   0.000000e+00   0.000000e+00   2.483238e+02   6.518997e-04   4.647630e+02
5.700000e+00   -1.021349e+01   0.000000e+00   0.000000e+00   2.476922e+02   6.445325e-04   4.583417e+02
5.800000e+00   -1.048166e+01   0.000000e+00   0.000000e+00   2.471193e+02   6.370755e-04   4.519911e+02
5.900000e+00   -1.072965e+01   0.000000e+00   0.000000e+00   2.465873e+02   6.295776e-04   4.457100e+02
6.000000e+00   -1.094590e+01   0.000000e+00   0.000000e+00   2.460727e+02   6.221007e-04   4.394975e+02
6.100000e+00   -1.107518e+01   0.000000e+00   0.000000e+00   2.455517e+02   6.147042e-04   4.333527e+02
6.200000e+00   -1.098082e+01   0.000000e+00   0.000000e+00   2.450007e+02   6.074454e-04   4.272744e+02
6.300000e+00   -1.075624e+01   0.000000e+00   0.000000e+00   2.443961e+02   6.003789e-04   4.212618e+02
6.400000e+00   -1.052106e+01   0.000000e+00   0.000000e+00   2.437256e+02   5.935307e-04   4.153141e+02
6.500000e+00   -1.040106e+01   0.000000e+00   0.000000e+00   2.429969e+02   5.868780e-04   4.094311e+02
6.600000e+00   -1.053810e+01   0.000000e+00   0.000000e+00   2.422199e+02   5.803937e-04   4.036127e+02
6.700000e+00   -1.100969e+01   0.000000e+00   0.000000e+00   2.414047e+02   5.740516e-04   3.978588e+02
6.800000e+00   -1.166583e+01   0.000000e+00   0.000000e+00   2.405611e+02   5.678265e-04   3.921692e+02
6.900000e+00   -1.233827e+01   0.000000e+00   0.000000e+00   2.396992e+02   5.616938e-04   3.865437e+02
7.000000e+00   -1.285557e+01   0.000000e+00   0.000000e+00   2.388277e+02   5.556327e-04   3.809824e+02
7.100000e+00   -1.310340e+01   0.000000e+00   0.000000e+00   2.379516e+02   5.496319e-04   3.754854e+02
7.200000e+00   -1.332009e+01   0.000000e+00   0.000000e+00   2.370754e+02   5.436821e-04   3.700529e+02
7.300000e+00   -1.354581e+01   0.000000e+00   0.000000e+00   2.362033e+02   5.377741e-04   3.646853e+02
7.400000e+00   -1.377611e+01   0.000000e+00   0.000000e+00   2.353398e+02   5.318993e-04   3.593827e+02
7.500000e+00   -1.400657e+01   0.000000e+00   0.000000e+00   2.344893e+02   5.260492e-04   3.541455e+02
7.600000e+00   -1.421000e+01   0.000000e+00   0.000000e+00   2.336560e+02   5.202159e-04   3.489738e+02
7.700000e+00   -1.427416e+01   0.000000e+00   0.000000e+00   2.328427e+02   5.143949e-04   3.438679e+02
7.800000e+00   -1.424536e+01   0.000000e+00   0.000000e+00   2.320501e+02   5.085863e-04   3.388276e+02
7.900000e+00   -1.419587e+01   0.000000e+00   0.000000e+00   2.312791e+02   5.027902e-04   3.338532e+02
8.000000e+00   -1.419796e+01   0.000000e+00   0.000000e+00   2.305302e+02   4.970070e-04   3.289445e+02
8.100000e+00   -1.432235e+01   0.000000e+00   0.000000e+00   2.298042e+02   4.912369e-04   3.241017e+02
8.200000e+00   -1.456884e+01   0.000000e+00   0.000000e+00   2.291017e+02   4.854805e-04   3.193247e+02
8.300000e+00   -1.484321e+01   0.000000e+00   0.000000e+00   2.284235e+02   4.797382e-04   3.146136e+02
8.400000e+00   -1.504510e+01   0.000000e+00   0.000000e+00   2.277703e+02   4.740106e-04   3.099684e+02
8.500000e+00   -1.507666e+01   0.000000e+00   0.000000e+00   2.271431e+02   4.682974e-04   3.053891e+02
8.600000e+00   -1.483356e+01   0.000000e+00   0.000000e+00   2.265451e+02   4.625937e-04   3.008754e+02
8.700000e+00   -1.417121e+01   0.000000e+00   0.000000e+00   2.259802e+02   4.568932e-04   2.964268e+02
8.800000e+00   -1.324377e+01   0.000000e+00   0.000000e+00   2.254524e+02   4.511900e-04   2.920430e+02
8.900000e+00   -1.225556e+01   0.000000e+00   0.000000e+00   2.249656e+02   4.454785e-04   2.877234e+02
9.000000e+00   -1.141088e+01   0.000000e+00   0.000000e+00   2.245237e+02   4.397534e-04   2.834678e+02
9.100000e+00   -1.091525e+01   0.000000e+00   0.000000e+00   2.241306e+02   4.340098e-04   2.792756e+02
9.200000e+00   -1.084884e+01   0.000000e+00   0.000000e+00   2.237902e+02   4.282433e-04   2.751465e+02
9.300000e+00   -1.102932e+01   0.000000e+00   0.000000e+00   2.235065e+02   4.224498e-04   2.710800e+02
9.400000e+00   -1.124675e+01   0.000000e+00   0.000000e+00   2.232833e+02   4.166256e-04   2.670758e+02
9.500000e+00   -1.129109e+01   0.000000e+00   0.000000e+00   2.231245e+02   4.107678e-04   2.631334e+02
9.600000e+00   -1.093687e+01   0.000000e+00   0.000000e+00   2.230291e+02   4.048819e-04   2.592521e+02
9.700000e+00   -1.001513e+01   0.000000e+00   0.000000e+00   2.229905e+02   3.989834e-04   2.554310e+02
9.800000e+00   -8.766448e+00   0.000000e+00   0.000000e+00   2.230016e+02   3.930879e-04   2.516691e+02
9.900000e+00   -7.497345e+00   0.000000e+00   0.000000e+00   2.230551e+02   3.872100e-04   2.479654e+02
1.000000e+01   -6.514357e+00   0.000000e+00   0.000000e+00   2.231442e+02   3.813637e-04   2.443190e+02
1.010000e+01   -6.119558e+00   0.000000e+00   0.000000e+00   2.232616e+02   3.755622e-04   2.407289e+02
1.020000e+01   -6.380759e+00   0.000000e+00   0.000000e+00   2.234002e+02   3.698178e-04   2.371940e+02
1.030000e+01   -7.021889e+00   0.000000e+00   0.000000e+00   2.235530e+02   3.641420e-04   2.337135e+02
1.040000e+01   -7.739536e+00   0.000000e+00   0.000000e+00   2.237129e+02   3.585457e-04   2.302863e+02
1.050000e+01   -8.230292e+00   0.000000e+00   0.000000e+00   2.238728e+02   3.530389e-04   2.269114e+02
1.060000e+01   -8.201603e+00   0.000000e+00   0.000000e+00   2.240261e+02   3.476302e-04   2.235879e+02
1.070000e+01   -7.670760e+00   0.000000e+00   0.000000e+00   2.241710e+02   3.423199e-04   2.203150e+02
1.080000e+01   -6.878674e+00   0.000000e+00   0.000000e+00   2.243091e+02   3.371038e-04   2.170916e+02
1.090000e+01   -6.049964e+00   0.000000e+00   0.000000e+00   2.244418e+02   3.319778e-04   2.139169e+02
1.100000e+01   -5.409255e+00   0.000000e+00   0.000000e+00   2.245706e+02   3.269378e-04   2.107902e+02
1.110000e+01   -5.160937e+00   0.000000e+00   0.000000e+00   2.246969e+02   3.219799e-04   2.077104e+02
1.120000e+01   -5.072746e+00   0.000000e+00   0.000000e+00   2.248223e+02   3.171004e-04   2.046768e+02
1.130000e+01   -5.008201e+00   0.000000e+00   0.000000e+00   2.249482e+02   3.122957e-04   2.016884e+02
1.140000e+01   -4.963326e+00   0.000000e+00   0.000000e+00   2.250761e+02   3.075625e-04   1.987445e+02
1.150000e+01   -4.934146e+00   0.000000e+00   0.000000e+00   2.252075e+02   3.028972e-04   1.958441e+02
1.160000e+01   -4.935962e+00   0.000000e+00   0.000000e+00   2.253437e+02   2.982969e-04   1.929863e+02
1.170000e+01   -5.369552e+00   0.000000e+00   0.000000e+00   2.254865e+02   2.937583e-04   1.901704e+02
1.180000e+01   -6.171603e+00   0.000000e+00   0.000000e+00   2.256377e+02   2.892782e-04   1.873957e+02
1.190000e+01   -7.043139e+00   0.000000e+00   0.000000e+00   2.257995e+02   2.848533e-04   1.846616e+02
1.200000e+01   -7.685194e+00   0.000000e+00   0.000000e+00   2.259741e+02   2.804807e-04   1.819676e+02
1.210000e+01   -7.802858e+00   0.000000e+00   0.000000e+00   2.261636e+02   2.761575e-04   1.793131e+02
1.220000e+01   -7.362823e+00   0.000000e+00   0.000000e+00   2.263703e+02   2.718808e-04   1.766975e+02
1.230000e+01   -6.621506e+00   0.000000e+00   0.000000e+00   2.265964e+02   2.676481e-04   1.741204e+02
1.240000e+01   -5.828973e+00   0.000000e+00   0.000000e+00   2.268439e+02   2.634571e-04   1.715811e+02
1.250000e+01   -5.235288e+00   0.000000e+00   0.000000e+00   2.271151e+02   2.593053e-04   1.690790e+02
1.260000e+01   -5.083852e+00   0.000000e+00   0.000000e+00   2.274121e+02   2.551907e-04   1.666138e+02
1.270000e+01   -5.248587e+00   0.000000e+00   0.000000e+00   2.277372e+02   2.511113e-04   1.641847e+02
1.280000e+01   -5.540666e+00   0.000000e+00   0.000000e+00   2.280916e+02   2.470662e-04   1.617912e+02
1.290000e+01   -5.892190e+00   0.000000e+00   0.000000e+00   2.284701e+02   2.430617e-04   1.594330e+02
1.300000e+01   -6.230436e+00   0.000000e+00   0.000000e+00   2.288641e+02   2.391071e-04   1.571095e+02
1.310000e+01   -6.481534e+00   0.000000e+00   0.000000e+00   2.292654e+02   2.352110e-04   1.548205e+02
1.320000e+01   -6.532884e+00   0.000000e+00   0.000000e+00   2.296653e+02   2.313815e-04   1.525655e+02
1.330000e+01   -6.418045e+00   0.000000e+00   0.000000e+00   2.300555e+02   2.276258e-04   1.503442e+02
1.340000e+01   -6.239786e+00   0.000000e+00   0.000000e+00   2.304276e+02   2.239508e-04   1.481561e+02
1.350000e+01   -6.100872e+00   0.000000e+00   0.000000e+00   2.307730e+02   2.203627e-04   1.460009e+02
1.360000e+01   -6.104850e+00   0.000000e+00   0.000000e+00   2.310833e+02   2.168672e-04   1.438781e+02
1.370000e+01   -6.387069e+00   0.000000e+00   0.000000e+00   2.313502e+02   2.134695e-04   1.417875e+02
1.380000e+01   -6.858741e+00   0.000000e+00   0.000000e+00   2.315650e+02   2.101744e-04   1.397285e+02
1.390000e+01   -7.329428e+00   0.000000e+00   0.000000e+00   2.317203e+02   2.069857e-04   1.377009e+02
1.400000e+01   -7.621349e+00   0.000000e+00   0.000000e+00   2.318170e+02   2.038991e-04   1.357041e+02
1.410000e+01   -7.564450e+00   0.000000e+00   0.000000e+00   2.318611e+02   2.009062e-04   1.337376e+02
1.420000e+01   -7.109864e+00   0.000000e+00   0.000000e+00   2.318588e+02   1.979989e-04   1.318010e+02
1.430000e+01   -6.408100e+00   0.000000e+00   0.000000e+00   2.318163e+02   1.951694e-04   1.298937e+02
1.440000e+01   -5.609223e+00   0.000000e+00   0.000000e+00   2.317396e+02   1.924105e-04   1.280152e+02
1.450000e+01   -4.863296e+00   0.000000e+00   0.000000e+00   2.316349e+02   1.897153e-04   1.261650e+02
1.460000e+01   -4.320317e+00   0.000000e+00   0.000000e+00   2.315084e+02   1.870771e-04   1.243426e+02
1.470000e+01   -4.029493e+00   0.000000e+00   0.000000e+00   2.313662e+02   1.844897e-04   1.225474e+02
1.480000e+01   -3.904751e+00   0.000000e+00   0.000000e+00   2.312143e+02   1.819470e-04   1.207791e+02
1.490000e+01   -3.881635e+00   0.000000e+00   0.000000e+00   2.310590e+02   1.794432e-04   1.190371e+02
1.500000e+01   -3.895402e+00   0.000000e+00   0.000000e+00   2.309062e+02   1.769730e-04   1.173208e+02
1.510000e+01   -3.875884e+00   0.000000e+00   0.000000e+00   2.307588e+02   1.745336e-04   1.156298e+02
1.520000e+01   -3.856275e+00   0.000000e+00   0.000000e+00   2.306170e+02   1.721245e-04   1.139636e+02
1.530000e+01   -3.887278e+00   0.000000e+00   0.000000e+00   2.304808e+02   1.697450e-04   1.123218e+02
1.540000e+01   -3.920236e+00   0.000000e+00   0.000000e+00   2.303502e+02   1.673948e-04   1.107039e+02
1.550000e+01   -3.906490e+00   0.000000e+00   0.000000e+00   2.302253e+02   1.650732e-04   1.091094e+02
1.560000e+01   -3.797382e+00   0.000000e+00   0.000000e+00   2.301062e+02   1.627798e-04   1.075378e+02
1.570000e+01   -3.249178e+00   0.000000e+00   0.000000e+00   2.299929e+02   1.605139e-04   1.059887e+02
1.580000e+01   -2.148097e+00   0.000000e+00   0.000000e+00   2.298855e+02   1.582752e-04   1.044617e+02
1.590000e+01   -8.654536e-01   0.000000e+00   0.000000e+00   2.297840e+02   1.560631e-04   1.029561e+02
1.600000e+01   2.270082e-01   0.000000e+00   0.000000e+00   2.296885e+02   1.538769e-04   1.014717e+02
1.610000e+01   7.575592e-01   0.000000e+00   0.000000e+00   2.295989e+02   1.517163e-04   1.000079e+02
1.620000e+01   7.289021e-01   0.000000e+00   0.000000e+00   2.295155e+02   1.495807e-04   9.856437e+01
1.630000e+01   5.382728e-01   0.000000e+00   0.000000e+00   2.294380e+02   1.474701e-04   9.714081e+01
1.640000e+01   2.745694e-01   0.000000e+00   0.000000e+00   2.293666e+02   1.453842e-04   9.573701e+01
1.650000e+01   2.512257e-02   0.000000e+00   0.000000e+00   2.293013e+02   1.433229e-04   9.435273e+01
1.660000e+01   -1.227373e-01   0.000000e+00   0.000000e+00   2.292421e+02   1.412860e-04   9.298774e+01
1.670000e+01   -1.651247e-01   0.000000e+00   0.000000e+00   2.291889e+02   1.392733e-04   9.164180e+01
1.680000e+01   -1.934733e-01   0.000000e+00   0.000000e+00   2.291417e+02   1.372846e-04   9.031467e+01
1.690000e+01   -2.163974e-01   0.000000e+00   0.000000e+00   2.291007e+02   1.353197e-04   8.900611e+01
1.700000e+01   -2.416399e-01   0.000000e+00   0.000000e+00   2.290657e+02   1.333785e-04   8.771590e+01
1.710000e+01   -2.769435e-01   0.000000e+00   0.000000e+00   2.290368e+02   1.314608e-04   8.644379e+01
1.720000e+01   -5.899683e-01   0.000000e+00   0.000000e+00   2.290139e+02   1.295663e-04   8.518954e+01
1.730000e+01   -1.418254e+00   0.000000e+00   0.000000e+00   2.289971e+02   1.276949e-04   8.395293e+01
1.740000e+01   -2.440256e+00   0.000000e+00   0.000000e+00   2.289864e+02   1.258464e-04   8.273376e+01
1.750000e+01   -3.327562e+00   0.000000e+00   0.000000e+00   2.289818e+02   1.240206e-04   8.153184e+01
1.760000e+01   -3.751754e+00   0.000000e+00   0.000000e+00   2.289833e+02   1.222175e-04   8.034695e+01
1.770000e+01   -3.542793e+00   0.000000e+00   0.000000e+00   2.289908e+02   1.204368e-04   7.917891e+01
1.780000e+01   -2.922584e+00   0.000000e+00   0.000000e+00   2.290043e+02   1.186784e-04   7.802752e+01
1.790000e+01   -2.029099e+00   0.000000e+00   0.000000e+00   2.290239e+02   1.169422e-04   7.689258e+01
1.800000e+01   -9.961152e-01   0.000000e+00   0.000000e+00   2.290496e+02   1.152279e-04   7.577388e+01
1.810000e+01   4.258900e-02   0.000000e+00   0.000000e+00   2.290813e+02   1.135354e-04   7.467125e+01
1.820000e+01   1.194439e+00   0.000000e+00   0.000000e+00   2.291191e+02   1.118645e-04   7.358446e+01
1.830000e+01   2.719379e+00   0.000000e+00   0.000000e+00   2.291629e+02   1.102151e-04   7.251334e+01
1.840000e+01   4.307624e+00   0.000000e+00   0.000000e+00   2.292126e+02   1.085870e-04   7.145767e+01
1.850000e+01   5.632273e+00   0.000000e+00   0.000000e+00   2.292674e+02   1.069804e-04   7.041725e+01
1.860000e+01   6.366257e+00   0.000000e+00   0.000000e+00   2.293264e+02   1.053955e-04   6.939188e+01
1.870000e+01   6.149308e+00   0.000000e+00   0.000000e+00   2.293888e+02   1.038325e-04   6.838135e+01
1.880000e+01   4.968043e+00   0.000000e+00   0.000000e+00   2.294535e+02   1.022914e-04   6.738544e+01
1.890000e+01   3.235962e+00   0.000000e+00   0.000000e+00   2.295197e+02   1.007724e-04   6.640395e+01
1.900000e+01   1.376447e+00   0.000000e+00   0.000000e+00   2.295865e+02   9.927559e-05   6.543668e+01
1.910000e+01   -1.871160e-01   0.000000e+00   0.000000e+00   2.296531e+02   9.780102e-05   6.448341e+01
1.920000e+01   -1.330785e+00   0.000000e+00   0.000000e+00   2.297184e+02   9.634873e-05   6.354394e+01
1.930000e+01   -2.530955e+00   0.000000e+00   0.000000e+00   2.297817e+02   9.491872e-05   6.261806e+01
1.940000e+01   -3.650880e+00   0.000000e+00   0.000000e+00   2.298419e+02   9.351100e-05   6.170557e+01
1.950000e+01   -4.517058e+00   0.000000e+00   0.000000e+00   2.298984e+02   9.212551e-05   6.080625e+01
1.960000e+01   -4.954916e+00   0.000000e+00   0.000000e+00   2.299511e+02   9.076185e-05   5.991993e+01
1.970000e+01   -4.587728e+00   0.000000e+00   0.000000e+00   2.300006e+02   8.941952e-05   5.904642e+01
1.980000e+01   -3.063779e+00   0.000000e+00   0.000000e+00   2.300471e+02   8.809801e-05   5.818557e+01
1.990000e+01   -1.004679e+00   0.000000e+00   0.000000e+00   2.300913e+02   8.679682e-05   5.733719e+01
2.000000e+01   9.182283e-01   0.000000e+00   0.000000e+00   2.301336e+02   8.551547e-05   5.650111e+01
2.010000e+01   2.033600e+00   0.000000e+00   0.000000e+00   2.301743e+02   8.425349e-05   5.567716e+01
2.020000e+01   1.955706e+00   0.000000e+00   0.000000e+00   2.302140e+02   8.301042e-05   5.486516e+01
2.030000e+01   1.364016e+00   0.000000e+00   0.000000e+00   2.302531e+02   8.178581e-05   5.406495e+01
2.040000e+01   5.544281e-01   0.000000e+00   0.000000e+00   2.302921e+02   8.057922e-05   5.327634e+01
2.050000e+01   -2.316598e-01   0.000000e+00   0.000000e+00   2.303314e+02   7.939023e-05   5.249917e+01
2.060000e+01   -7.528273e-01   0.000000e+00   0.000000e+00   2.303714e+02   7.821841e-05   5.173327e+01
2.070000e+01   -7.719154e-01   0.000000e+00   0.000000e+00   2.304123e+02   7.706351e-05   5.097846e+01
2.080000e+01   -2.935042e-01   0.000000e+00   0.000000e+00   2.304534e+02   7.592547e-05   5.023461e+01
2.090000e+01   4.208155e-01   0.000000e+00   0.000000e+00   2.304944e+02   7.480424e-05   4.950156e+01
2.100000e+01   1.099680e+00   0.000000e+00   0.000000e+00   2.305345e+02   7.369976e-05   4.877917e+01
2.110000e+01   1.471724e+00   0.000000e+00   0.000000e+00   2.305734e+02   7.261196e-05   4.806730e+01
2.120000e+01   1.362323e+00   0.000000e+00   0.000000e+00   2.306105e+02   7.154076e-05   4.736580e+01
2.130000e+01   1.052888e+00   0.000000e+00   0.000000e+00   2.306451e+02   7.048606e-05   4.667453e+01
2.140000e+01   6.688094e-01   0.000000e+00   0.000000e+00   2.306769e+02   6.944778e-05   4.599333e+01
2.150000e+01   3.021742e-01   0.000000e+00   0.000000e+00   2.307052e+02   6.842581e-05   4.532206e+01
2.160000e+01   4.506912e-02   0.000000e+00   0.000000e+00   2.307295e+02   6.742002e-05   4.466058e+01
2.170000e+01   -1.139191e-02   0.000000e+00   0.000000e+00   2.307493e+02   6.643029e-05   4.400874e+01
2.180000e+01   1.417599e-01   0.000000e+00   0.000000e+00   2.307642e+02   6.545646e-05   4.336639e+01
2.190000e+01   4.069350e-01   0.000000e+00   0.000000e+00   2.307749e+02   6.449807e-05   4.273341e+01
2.200000e+01   6.796556e-01   0.000000e+00   0.000000e+00   2.307824e+02   6.355458e-05   4.210968e+01
2.210000e+01   8.554406e-01   0.000000e+00   0.000000e+00   2.307880e+02   6.262546e-05   4.149507e+01
2.220000e+01   7.624175e-01   0.000000e+00   0.000000e+00   2.307927e+02   6.171020e-05   4.088946e+01
2.230000e+01   1.060548e-01   0.000000e+00   0.000000e+00   2.307976e+02   6.080833e-05   4.029272e+01
2.240000e+01   -8.644059e-01   0.000000e+00   0.000000e+00   2.308038e+02   5.991936e-05   3.970474e+01
2.250000e+01   -1.832861e+00   0.000000e+00   0.000000e+00   2.308124e+02   5.904284e-05   3.912539e+01
2.260000e+01   -2.483207e+00   0.000000e+00   0.000000e+00   2.308246e+02   5.817834e-05   3.855455e+01
2.270000e+01   -2.590014e+00   0.000000e+00   0.000000e+00   2.308414e+02   5.732543e-05   3.799210e+01
2.280000e+01   -2.515378e+00   0.000000e+00   0.000000e+00   2.308639e+02   5.648370e-05   3.743790e+01
2.290000e+01   -2.376707e+00   0.000000e+00   0.000000e+00   2.308933e+02   5.565278e-05   3.689185e+01
2.300000e+01   -2.214246e+00   0.000000e+00   0.000000e+00   2.309300e+02   5.483241e-05   3.635382e+01
2.310000e+01   -2.064992e+00   0.000000e+00   0.000000e+00   2.309735e+02   5.402268e-05   3.582371e+01
2.320000e+01   -1.947265e+00   0.000000e+00   0.000000e+00   2.310226e+02   5.322370e-05   3.530140e+01
2.330000e+01   -1.780751e+00   0.000000e+00   0.000000e+00   2.310766e+02   5.243559e-05   3.478679e+01
2.340000e+01   -1.600664e+00   0.000000e+00   0.000000e+00   2.311344e+02   5.165843e-05   3.427978e+01
2.350000e+01   -1.467132e+00   0.000000e+00   0.000000e+00   2.311952e+02   5.089228e-05   3.378026e+01
2.360000e+01   -1.440285e+00   0.000000e+00   0.000000e+00   2.312580e+02   5.013722e-05   3.328812e+01
2.370000e+01   -1.577803e+00   0.000000e+00   0.000000e+00   2.313219e+02   4.939329e-05   3.280326e+01
2.380000e+01   -1.873133e+00   0.000000e+00   0.000000e+00   2.313860e+02   4.866052e-05   3.232557e+01
2.390000e+01   -2.251658e+00   0.000000e+00   0.000000e+00   2.314494e+02   4.793894e-05   3.185494e+01
2.400000e+01   -2.635565e+00   0.000000e+00   0.000000e+00   2.315111e+02   4.722857e-05   3.139127e+01
2.410000e+01   -2.947046e+00   0.000000e+00   0.000000e+00   2.315702e+02   4.652940e-05   3.093445e+01
2.420000e+01   -3.120656e+00   -0.000000e+00   -0.000000e+00   2.316264e+02   4.584131e-05   3.048438e+01
2.430000e+01   -3.219826e+00   -0.000000e+00   -0.000000e+00   2.316801e+02   4.516404e-05   3.004096e+01
2.440000e+01   -3.275340e+00   -0.000000e+00   -0.000000e+00   2.317319e+02   4.449731e-05   2.960410e+01
2.450000e+01   -3.295707e+00   -0.000000e+00   -0.000000e+00   2.317824e+02   4.384084e-05   2.917370e+01
2.460000e+01   -3.289438e+00   -0.000000e+00   -0.000000e+00   2.318320e+02   4.319437e-05   2.874967e+01
2.470000e+01   -3.252284e+00   -0.000000e+00   -0.000000e+00   2.318814e+02   4.255764e-05   2.833191e+01
2.480000e+01   -3.078427e+00   -0.000000e+00   -0.000000e+00   2.319312e+02   4.193041e-05   2.792033e+01
2.490000e+01   -2.812231e+00   -0.000000e+00   -0.000000e+00   2.319818e+02   4.131242e-05   2.751483e+01
2.500000e+01   -2.541425e+00   -0.000000e+00   -0.000000e+00   2.320338e+02   4.070344e-05   2.711531e+01
2.510000e+01   -2.353736e+00   -0.000000e+00   -0.000000e+00   2.320877e+02   4.010323e-05   2.672169e+01
2.520000e+01   -2.343262e+00   -0.000000e+00   -0.000000e+00   2.321442e+02   3.951156e-05   2.633385e+01
2.530000e+01   -2.609643e+00   -0.000000e+00   -0.000000e+00   2.322038e+02   3.892822e-05   2.595172e+01
2.540000e+01   -3.045834e+00   -0.000000e+00   -0.000000e+00   2.322667e+02   3.835304e-05   2.557520e+01
2.550000e+01   -3.504020e+00   -0.000000e+00   -0.000000e+00   2.323326e+02   3.778597e-05   2.520421e+01
2.560000e+01   -3.836658e+00   -0.000000e+00   -0.000000e+00   2.324010e+02   3.722699e-05   2.483867e+01
2.570000e+01   -3.912884e+00   -0.000000e+00   -0.000000e+00   2.324717e+02   3.667603e-05   2.447850e+01
2.580000e+01   -3.890111e+00   -0.000000e+00   -0.000000e+00   2.325442e+02   3.613307e-05   2.412363e+01
2.590000e+01   -3.847952e+00   -0.000000e+00   -0.000000e+00   2.326181e+02   3.559804e-05   2.377398e+01
2.600000e+01   -3.787348e+00   -0.000000e+00   -0.000000e+00   2.326930e+02   3.507088e-05   2.342947e+01
2.610000e+01   -3.709240e+00   -0.000000e+00   -0.000000e+00   2.327685e+02   3.455155e-05   2.309001e+01
2.620000e+01   -3.588805e+00   -0.000000e+00   -0.000000e+00   2.328443e+02   3.403998e-05   2.275555e+01
2.630000e+01   -3.005117e+00   -0.000000e+00   -0.000000e+00   2.329199e+02   3.353610e-05   2.242599e+01
2.640000e+01   -2.043854e+00   -0.000000e+00   -0.000000e+00   2.329949e+02   3.303985e-05   2.210125e+01
2.650000e+01   -1.013058e+00   -0.000000e+00   -0.000000e+00   2.330690e+02   3.255114e-05   2.178127e+01
2.660000e+01   -2.203633e-01   -0.000000e+00   -0.000000e+00   2.331418e+02   3.206990e-05   2.146595e+01
2.670000e+01   1.580200e-02   -0.000000e+00   -0.000000e+00   2.332136e+02   3.159600e-05   2.115525e+01
2.680000e+01   -7.190988e-01   -0.000000e+00   -0.000000e+00   2.332844e+02   3.112929e-05   2.084910e+01
2.690000e+01   -2.125837e+00   -0.000000e+00   -0.000000e+00   2.333547e+02   3.066965e-05   2.054745e+01
2.700000e+01   -3.686952e+00   -0.000000e+00   -0.000000e+00   2.334248e+02   3.021694e-05   2.025022e+01
2.710000e+01   -4.884984e+00   -0.000000e+00   -0.000000e+00   2.334948e+02   2.977102e-05   1.995737e+01
2.720000e+01   -5.216829e+00   -0.000000e+00   -0.000000e+00   2.335651e+02   2.933177e-05   1.966884e+01
2.730000e+01   -4.823460e+00   -0.000000e+00   -0.000000e+00   2.336360e+02   2.889906e-05   1.938455e+01
2.740000e+01   -4.104293e+00   -0.000000e+00   -0.000000e+00   2.337076e+02   2.847277e-05   1.910447e+01
2.750000e+01   -3.311059e+00   -0.000000e+00   -0.000000e+00   2.337804e+02   2.805277e-05   1.882852e+01
2.760000e+01   -2.695487e+00   -0.000000e+00   -0.000000e+00   2.338546e+02   2.763893e-05   1.855665e+01
2.770000e+01   -2.503383e+00   -0.000000e+00   -0.000000e+00   2.339304e+02   2.723116e-05   1.828880e+01
2.780000e+01   -2.638864e+00   -0.000000e+00   -0.000000e+00   2.340082e+02   2.682931e-05   1.802491e+01
2.790000e+01   -2.912673e+00   -0.000000e+00   -0.000000e+00   2.340880e+02   2.643331e-05   1.776491e+01
2.800000e+01   -3.245124e+00   -0.000000e+00   -0.000000e+00   2.341698e+02   2.604308e-05   1.750877e+01
2.810000e+01   -3.556520e+00   -0.000000e+00   -0.000000e+00   2.342535e+02   2.565856e-05   1.725642e+01
2.820000e+01   -3.768768e+00   -0.000000e+00   -0.000000e+00   2.343389e+02   2.527969e-05   1.700782e+01
2.830000e+01   -3.927417e+00   -0.000000e+00   -0.000000e+00   2.344260e+02   2.490640e-05   1.676290e+01
2.840000e+01   -4.077465e+00   -0.000000e+00   -0.000000e+00   2.345146e+02   2.453862e-05   1.652161e+01
2.850000e+01   -4.204095e+00   -0.000000e+00   -0.000000e+00   2.346047e+02   2.417628e-05   1.628391e+01
2.860000e+01   -4.292489e+00   -0.000000e+00   -0.000000e+00   2.346961e+02   2.381933e-05   1.604973e+01
2.870000e+01   -4.325598e+00   -0.000000e+00   -0.000000e+00   2.347888e+02   2.346767e-05   1.581903e+01
2.880000e+01   -4.069589e+00   -0.000000e+00   -0.000000e+00   2.348826e+02   2.312126e-05   1.559174e+01
2.890000e+01   -3.518631e+00   -0.000000e+00   -0.000000e+00   2.349774e+02   2.278001e-05   1.536782e+01
2.900000e+01   -2.877197e+00   -0.000000e+00   -0.000000e+00   2.350732e+02   2.244385e-05   1.514722e+01
2.910000e+01   -2.349802e+00   -0.000000e+00   -0.000000e+00   2.351697e+02   2.211272e-05   1.492987e+01
2.920000e+01   -2.141688e+00   -0.000000e+00   -0.000000e+00   2.352672e+02   2.178653e-05   1.471573e+01
2.930000e+01   -2.367941e+00   -0.000000e+00   -0.000000e+00   2.353659e+02   2.146519e-05   1.450476e+01
2.940000e+01   -2.878117e+00   -0.000000e+00   -0.000000e+00   2.354661e+02   2.114861e-05   1.429692e+01
2.950000e+01   -3.474160e+00   -0.000000e+00   -0.000000e+00   2.355679e+02   2.083670e-05   1.409216e+01
2.960000e+01   -3.958014e+00   -0.000000e+00   -0.000000e+00   2.356717e+02   2.052938e-05   1.389043e+01
2.970000e+01   -4.131267e+00   -0.000000e+00   -0.000000e+00   2.357777e+02   2.022656e-05   1.369170e+01
2.980000e+01   -3.569976e+00   -0.000000e+00   -0.000000e+00   2.358862e+02   1.992816e-05   1.349591e+01
2.990000e+01   -2.329324e+00   -0.000000e+00   -0.000000e+00   2.359975e+02   1.963410e-05   1.330304e+01
3.000000e+01   -8.675254e-01   -0.000000e+00   -0.000000e+00   2.361118e+02   1.934429e-05   1.311302e+01
3.010000e+01   3.572017e-01   -0.000000e+00   -0.000000e+00   2.362294e+02   1.905865e-05   1.292583e+01
3.020000e+01   8.866409e-01   -0.000000e+00   -0.000000e+00   2.363505e+02   1.877711e-05   1.274141e+01
3.030000e+01   7.688216e-01   -0.000000e+00   -0.000000e+00   2.364754e+02   1.849958e-05   1.255973e+01
3.040000e+01   4.289483e-01   -0.000000e+00   -0.000000e+00   2.366044e+02   1.822600e-05   1.238074e+01
3.050000e+01   -2.532849e-02   -0.000000e+00   -0.000000e+00   2.367375e+02   1.795630e-05   1.220439e+01
3.060000e+01   -4.862367e-01   -0.000000e+00   -0.000000e+00   2.368748e+02   1.769043e-05   1.203067e+01
3.070000e+01   -8.459974e-01   -0.000000e+00   -0.000000e+00   2.370162e+02   1.742837e-05   1.185952e+01
3.080000e+01   -1.102209e+00   -0.000000e+00   -0.000000e+00   2.371616e+02   1.717006e-05   1.169091e+01
3.090000e+01   -1.339318e+00   -0.000000e+00   -0.000000e+00   2.373109e+02   1.691547e-05   1.152482e+01
3.100000e+01   -1.561630e+00   -0.000000e+00   -0.000000e+00   2.374642e+02   1.666455e-05   1.136119e+01
3.110000e+01   -1.773347e+00   -0.000000e+00   -0.000000e+00   2.376213e+02   1.641726e-05   1.120001e+01
3.120000e+01   -1.978674e+00   -0.000000e+00   -0.000000e+00   2.377822e+02   1.617357e-05   1.104123e+01
3.130000e+01   -2.193530e+00   -0.000000e+00   -0.000000e+00   2.379469e+02   1.593341e-05   1.088482e+01
3.140000e+01   -2.421369e+00   -0.000000e+00   -0.000000e+00   2.381153e+02   1.569676e-05   1.073074e+01
3.150000e+01   -2.640982e+00   -0.000000e+00   -0.000000e+00   2.382873e+02   1.546357e-05   1.057896e+01
3.160000e+01   -2.831084e+00   -0.000000e+00   -0.000000e+00   2.384629e+02   1.523379e-05   1.042944e+01
3.170000e+01   -2.970388e+00   -0.000000e+00   -0.000000e+00   2.386421e+02   1.500737e-05   1.028215e+01
3.180000e+01   -3.071904e+00   -0.000000e+00   -0.000000e+00   2.388247e+02   1.478428e-05   1.013706e+01
3.190000e+01   -3.175405e+00   -0.000000e+00   -0.000000e+00   2.390108e+02   1.456447e-05   9.994121e+00
3.200000e+01   -3.278381e+00   -0.000000e+00   -0.000000e+00   2.392001e+02   1.434791e-05   9.853317e+00
3.210000e+01   -3.377931e+00   -0.000000e+00   -0.000000e+00   2.393926e+02   1.413456e-05   9.714615e+00
3.220000e+01   -3.471153e+00   -0.000000e+00   -0.000000e+00   2.395883e+02   1.392439e-05   9.577983e+00
3.230000e+01   -3.294649e+00   -0.000000e+00   -0.000000e+00   2.397871e+02   1.371734e-05   9.443392e+00
3.240000e+01   -2.602857e+00   -0.000000e+00   -0.000000e+00   2.399887e+02   1.351339e-05   9.310811e+00
3.250000e+01   -1.703133e+00   -0.000000e+00   -0.000000e+00   2.401933e+02   1.331249e-05   9.180210e+00
3.260000e+01   -9.099363e-01   -0.000000e+00   -0.000000e+00   2.404006e+02   1.311461e-05   9.051557e+00
3.270000e+01   -5.377296e-01   -0.000000e+00   -0.000000e+00   2.406107e+02   1.291970e-05   8.924824e+00
3.280000e+01   -9.722089e-01   -0.000000e+00   -0.000000e+00   2.408233e+02   1.272772e-05   8.799979e+00
3.290000e+01   -2.209397e+00   -0.000000e+00   -0.000000e+00   2.410385e+02   1.253864e-05   8.676992e+00
3.300000e+01   -3.767885e+00   -0.000000e+00   -0.000000e+00   2.412561e+02   1.235241e-05   8.555833e+00
3.310000e+01   -5.159704e+00   -0.000000e+00   -0.000000e+00   2.414760e+02   1.216899e-05   8.436471e+00
3.320000e+01   -5.897629e+00   -0.000000e+00   -0.000000e+00   2.416982e+02   1.198833e-05   8.318877e+00
3.330000e+01   -5.816553e+00   -0.000000e+00   -0.000000e+00   2.419229e+02   1.181041e-05   8.203028e+00
3.340000e+01   -5.439138e+00   -0.000000e+00   -0.000000e+00   2.421501e+02   1.163516e-05   8.088899e+00
3.350000e+01   -4.938905e+00   -0.000000e+00   -0.000000e+00   2.423799e+02   1.146256e-05   7.976466e+00
3.360000e+01   -4.473642e+00   -0.000000e+00   -0.000000e+00   2.426124e+02   1.129256e-05   7.865706e+00
3.370000e+01   -4.201138e+00   -0.000000e+00   -0.000000e+00   2.428478e+02   1.112512e-05   7.756595e+00
3.380000e+01   -4.248937e+00   -0.000000e+00   -0.000000e+00   2.430862e+02   1.096019e-05   7.649109e+00
3.390000e+01   -4.570914e+00   -0.000000e+00   -0.000000e+00   2.433277e+02   1.079775e-05   7.543224e+00
3.400000e+01   -5.066701e+00   -0.000000e+00   -0.000000e+00   2.435724e+02   1.063774e-05   7.438916e+00
3.410000e+01   -5.636392e+00   -0.000000e+00   -0.000000e+00   2.438204e+02   1.048013e-05   7.336162e+00
3.420000e+01   -6.180081e+00   -0.000000e+00   -0.000000e+00   2.440718e+02   1.032487e-05   7.234937e+00
3.430000e+01   -6.708579e+00   -0.000000e+00   -0.000000e+00   2.443268e+02   1.017194e-05   7.135218e+00
3.440000e+01   -7.384335e+00   -0.000000e+00   -0.000000e+00   2.445855e+02   1.002128e-05   7.036981e+00
3.450000e+01   -8.074628e+00   -0.000000e+00   -0.000000e+00   2.448479e+02   9.872867e-06   6.940202e+00
3.460000e+01   -8.631438e+00   -0.000000e+00   -0.000000e+00   2.451143e+02   9.726654e-06   6.844858e+00
3.470000e+01   -8.906016e+00   -0.000000e+00   -0.000000e+00   2.453845e+02   9.582610e-06   6.750927e+00
3.480000e+01   -8.698034e+00   -0.000000e+00   -0.000000e+00   2.456588e+02   9.440706e-06   6.658389e+00
3.490000e+01   -7.890266e+00   -0.000000e+00   -0.000000e+00   2.459370e+02   9.300912e-06   6.567224e+00
3.500000e+01   -6.692966e+00   -0.000000e+00   -0.000000e+00   2.462193e+02   9.163197e-06   6.477412e+00
3.510000e+01   -5.331412e+00   -0.000000e+00   -0.000000e+00   2.465057e+02   9.027532e-06   6.388933e+00
3.520000e+01   -4.030884e+00   -0.000000e+00   -0.000000e+00   2.467961e+02   8.893887e-06   6.301766e+00
3.530000e+01   -2.875145e+00   -0.000000e+00   -0.000000e+00   2.470907e+02   8.762233e-06   6.215892e+00
3.540000e+01   -1.591043e+00   -0.000000e+00   -0.000000e+00   2.473894e+02   8.632538e-06   6.131291e+00
3.550000e+01   -2.868312e-01   -0.000000e+00   -0.000000e+00   2.476922e+02   8.504774e-06   6.047941e+00
3.560000e+01   8.953958e-01   -0.000000e+00   -0.000000e+00   2.479993e+02   8.378910e-06   5.965824e+00
3.570000e+01   1.813545e+00   -0.000000e+00   -0.000000e+00   2.483107e+02   8.254917e-06   5.884919e+00
3.580000e+01   2.421234e+00   -0.000000e+00   -0.000000e+00   2.486263e+02   8.132765e-06   5.805206e+00
3.590000e+01   2.969944e+00   -0.000000e+00   -0.000000e+00   2.489462e+02   8.012423e-06   5.726664e+00
3.600000e+01   3.446711e+00   -0.000000e+00   -0.000000e+00   2.492704e+02   7.893862e-06   5.649274e+00
3.610000e+01   3.808717e+00   -0.000000e+00   -0.000000e+00   2.495990e+02   7.777054e-06   5.573016e+00
3.620000e+01   4.013179e+00   -0.000000e+00   -0.000000e+00   2.499317e+02   7.661978e-06   5.497873e+00
3.630000e+01   4.019893e+00   -0.000000e+00   -0.000000e+00   2.502684e+02   7.548619e-06   5.423827e+00
3.640000e+01   3.839302e+00   -0.000000e+00   -0.000000e+00   2.506087e+02   7.436960e-06   5.350864e+00
3.650000e+01   3.527148e+00   -0.000000e+00   -0.000000e+00   2.509524e+02   7.326984e-06   5.278966e+00
3.660000e+01   3.140700e+00   -0.000000e+00   -0.000000e+00   2.512992e+02   7.218674e-06   5.208118e+00
3.670000e+01   2.737230e+00   -0.000000e+00   -0.000000e+00   2.516488e+02   7.112012e-06   5.138304e+00
3.680000e+01   2.356192e+00   -0.000000e+00   -0.000000e+00   2.520011e+02   7.006979e-06   5.069506e+00
3.690000e+01   1.944670e+00   -0.000000e+00   -0.000000e+00   2.523558e+02   6.903556e-06   5.001710e+00
3.700000e+01   1.484502e+00   -0.000000e+00   -0.000000e+00   2.527126e+02   6.801725e-06   4.934899e+00
3.710000e+01   9.658418e-01   -0.000000e+00   -0.000000e+00   2.530711e+02   6.701465e-06   4.869056e+00
3.720000e+01   3.788457e-01   -0.000000e+00   -0.000000e+00   2.534313e+02   6.602757e-06   4.804165e+00
3.730000e+01   -3.597765e-01   -0.000000e+00   -0.000000e+00   2.537928e+02   6.505580e-06   4.740211e+00
3.740000e+01   -1.519273e+00   -0.000000e+00   -0.000000e+00   2.541554e+02   6.409914e-06   4.677177e+00
3.750000e+01   -2.852567e+00   -0.000000e+00   -0.000000e+00   2.545187e+02   6.315737e-06   4.615047e+00
3.760000e+01   -4.044557e+00   -0.000000e+00   -0.000000e+00   2.548826e+02   6.223028e-06   4.553804e+00
3.770000e+01   -4.780300e+00   -0.000000e+00   -0.000000e+00   2.552468e+02   6.131768e-06   4.493434e+00
3.780000e+01   -4.838908e+00   -0.000000e+00   -0.000000e+00   2.556108e+02   6.041943e-06   4.433924e+00
3.790000e+01   -4.608313e+00   -0.000000e+00   -0.000000e+00   2.559743e+02   5.953541e-06   4.375263e+00
3.800000e+01   -4.227206e+00   -0.000000e+00   -0.000000e+00   2.563370e+02   5.866547e-06   4.317438e+00
3.810000e+01   -3.756290e+00   -0.000000e+00   -0.000000e+00   2.566983e+02   5.780947e-06   4.260438e+00
3.820000e+01   -3.256271e+00   -0.000000e+00   -0.000000e+00   2.570579e+02   5.696727e-06   4.204252e+00
3.830000e+01   -2.743365e+00   -0.000000e+00   -0.000000e+00   2.574154e+02   5.613873e-06   4.148866e+00
3.840000e+01   -2.013376e+00   -0.000000e+00   -0.000000e+00   2.577704e+02   5.532369e-06   4.094271e+00
3.850000e+01   -1.178039e+00   -0.000000e+00   -0.000000e+00   2.581226e+02   5.452200e-06   4.040453e+00
3.860000e+01   -4.126318e-01   -0.000000e+00   -0.000000e+00   2.584715e+02   5.373349e-06   3.987402e+00
3.870000e+01   1.075692e-01   -0.000000e+00   -0.000000e+00   2.588167e+02   5.295801e-06   3.935105e+00
3.880000e+01   2.565852e-01   -0.000000e+00   -0.000000e+00   2.591578e+02   5.219540e-06   3.883550e+00
3.890000e+01   3.099264e-01   -0.000000e+00   -0.000000e+00   2.594946e+02   5.144548e-06   3.832726e+00
3.900000e+01   3.405880e-01   -0.000000e+00   -0.000000e+00   2.598264e+02   5.070809e-06   3.782622e+00
3.910000e+01   3.465340e-01   -0.000000e+00   -0.000000e+00   2.601531e+02   4.998306e-06   3.733224e+00
3.920000e+01   3.257285e-01   -0.000000e+00   -0.000000e+00   2.604741e+02   4.927021e-06   3.684523e+00
3.930000e+01   2.336416e-01   -0.000000e+00   -0.000000e+00   2.607891e+02   4.856936e-06   3.636505e+00
3.940000e+01   -2.533701e-01   -0.000000e+00   -0.000000e+00   2.610984e+02   4.788024e-06   3.589161e+00
3.950000e+01   -1.025726e+00   -0.000000e+00   -0.000000e+00   2.614024e+02   4.720258e-06   3.542482e+00
3.960000e+01   -1.864788e+00   -0.000000e+00   -0.000000e+00   2.617014e+02   4.653609e-06   3.496458e+00
3.970000e+01   -2.551919e+00   -0.000000e+00   -0.000000e+00   2.619959e+02   4.588050e-06   3.451080e+00
3.980000e+01   -2.903755e+00   -0.000000e+00   -0.000000e+00   2.622862e+02   4.523555e-06   3.406338e+00
3.990000e+01   -3.151321e+00   -0.000000e+00   -0.000000e+00   2.625729e+02   4.460097e-06   3.362223e+00
4.000000e+01   -3.377371e+00   -0.000000e+00   -0.000000e+00   2.628562e+02   4.397652e-06   3.318726e+00
4.010000e+01   -3.573473e+00   -0.000000e+00   -0.000000e+00   2.631366e+02   4.336194e-06   3.275837e+00
4.020000e+01   -3.731192e+00   -0.000000e+00   -0.000000e+00   2.634145e+02   4.275700e-06   3.233547e+00
4.030000e+01   -3.808493e+00   -0.000000e+00   -0.000000e+00   2.636903e+02   4.216145e-06   3.191847e+00
4.040000e+01   -3.443609e+00   -0.000000e+00   -0.000000e+00   2.639644e+02   4.157507e-06   3.150726e+00
4.050000e+01   -2.754672e+00   -0.000000e+00   -0.000000e+00   2.642372e+02   4.099763e-06   3.110176e+00
4.060000e+01   -2.015107e+00   -0.000000e+00   -0.000000e+00   2.645091e+02   4.042891e-06   3.070188e+00
4.070000e+01   -1.498340e+00   -0.000000e+00   -0.000000e+00   2.647805e+02   3.986868e-06   3.030751e+00
4.080000e+01   -1.483460e+00   -0.000000e+00   -0.000000e+00   2.650519e+02   3.931675e-06   2.991857e+00
4.090000e+01   -2.186280e+00   -0.000000e+00   -0.000000e+00   2.653236e+02   3.877289e-06   2.953496e+00
4.100000e+01   -3.431906e+00   -0.000000e+00   -0.000000e+00   2.655960e+02   3.823693e-06   2.915659e+00
4.110000e+01   -4.972489e+00   -0.000000e+00   -0.000000e+00   2.658687e+02   3.770877e-06   2.878339e+00
4.120000e+01   -6.560365e+00   -0.000000e+00   -0.000000e+00   2.661416e+02   3.718836e-06   2.841529e+00
4.130000e+01   -7.983055e+00   -0.000000e+00   -0.000000e+00   2.664140e+02   3.667566e-06   2.805222e+00
4.140000e+01   -9.655642e+00   -0.000000e+00   -0.000000e+00   2.666856e+02   3.617059e-06   2.769412e+00
4.150000e+01   -1.150954e+01   -0.000000e+00   -0.000000e+00   2.669561e+02   3.567311e-06   2.734092e+00
4.160000e+01   -1.320153e+01   -0.000000e+00   -0.000000e+00   2.672249e+02   3.518315e-06   2.699256e+00
4.170000e+01   -1.438836e+01   -0.000000e+00   -0.000000e+00   2.674917e+02   3.470065e-06   2.664896e+00
4.180000e+01   -1.473032e+01   -0.000000e+00   -0.000000e+00   2.677561e+02   3.422553e-06   2.631006e+00
4.190000e+01   -1.413412e+01   -0.000000e+00   -0.000000e+00   2.680176e+02   3.375773e-06   2.597580e+00
4.200000e+01   -1.287263e+01   -0.000000e+00   -0.000000e+00   2.682759e+02   3.329717e-06   2.564610e+00
4.210000e+01   -1.124366e+01   -0.000000e+00   -0.000000e+00   2.685305e+02   3.284379e-06   2.532091e+00
4.220000e+01   -9.545010e+00   -0.000000e+00   -0.000000e+00   2.687810e+02   3.239751e-06   2.500015e+00
4.230000e+01   -8.051945e+00   -0.000000e+00   -0.000000e+00   2.690270e+02   3.195824e-06   2.468375e+00
4.240000e+01   -6.336996e+00   -0.000000e+00   -0.000000e+00   2.692682e+02   3.152592e-06   2.437166e+00
4.250000e+01   -4.406136e+00   -0.000000e+00   -0.000000e+00   2.695041e+02   3.110045e-06   2.406381e+00
4.260000e+01   -2.634160e+00   -0.000000e+00   -0.000000e+00   2.697342e+02   3.068176e-06   2.376012e+00
4.270000e+01   -1.395864e+00   -0.000000e+00   -0.000000e+00   2.699582e+02   3.026976e-06   2.346053e+00
4.280000e+01   -1.062114e+00   -0.000000e+00   -0.000000e+00   2.701759e+02   2.986436e-06   2.316499e+00
4.290000e+01   -1.654783e+00   -0.000000e+00   -0.000000e+00   2.703874e+02   2.946541e-06   2.287342e+00
4.300000e+01   -2.773514e+00   -0.000000e+00   -0.000000e+00   2.705929e+02   2.907278e-06   2.258579e+00
4.310000e+01   -4.026473e+00   -0.000000e+00   -0.000000e+00   2.707928e+02   2.868634e-06   2.230203e+00
4.320000e+01   -5.021827e+00   -0.000000e+00   -0.000000e+00   2.709871e+02   2.830595e-06   2.202210e+00
4.330000e+01   -5.376139e+00   -0.000000e+00   -0.000000e+00   2.711762e+02   2.793149e-06   2.174593e+00
4.340000e+01   -5.365241e+00   -0.000000e+00   -0.000000e+00   2.713602e+02   2.756283e-06   2.147348e+00
4.350000e+01   -5.304019e+00   -0.000000e+00   -0.000000e+00   2.715395e+02   2.719985e-06   2.120469e+00
4.360000e+01   -5.202912e+00   -0.000000e+00   -0.000000e+00   2.717141e+02   2.684243e-06   2.093950e+00
4.370000e+01   -5.072357e+00   -0.000000e+00   -0.000000e+00   2.718844e+02   2.649044e-06   2.067787e+00
4.380000e+01   -4.922388e+00   -0.000000e+00   -0.000000e+00   2.720506e+02   2.614377e-06   2.041974e+00
4.390000e+01   -4.713767e+00   -0.000000e+00   -0.000000e+00   2.722128e+02   2.580230e-06   2.016505e+00
4.400000e+01   -4.414655e+00   -0.000000e+00   -0.000000e+00   2.723714e+02   2.546591e-06   1.991375e+00
4.410000e+01   -4.024239e+00   -0.000000e+00   -0.000000e+00   2.725265e+02   2.513450e-06   1.966579e+00
4.420000e+01   -3.541703e+00   -0.000000e+00   -0.000000e+00   2.726783e+02   2.480796e-06   1.942111e+00
4.430000e+01   -2.963703e+00   -0.000000e+00   -0.000000e+00   2.728272e+02   2.448617e-06   1.917966e+00
4.440000e+01   -1.751510e+00   -0.000000e+00   -0.000000e+00   2.729733e+02   2.416902e-06   1.894138e+00
4.450000e+01   1.289260e-01   -0.000000e+00   -0.000000e+00   2.731168e+02   2.385642e-06   1.870623e+00
4.460000e+01   2.136633e+00   -0.000000e+00   -0.000000e+00   2.732580e+02   2.354827e-06   1.847414e+00
4.470000e+01   3.730252e+00   -0.000000e+00   -0.000000e+00   2.733968e+02   2.324449e-06   1.824508e+00
4.480000e+01   4.368634e+00   -0.000000e+00   -0.000000e+00   2.735332e+02   2.294501e-06   1.801900e+00
4.490000e+01   3.983031e+00   -0.000000e+00   -0.000000e+00   2.736670e+02   2.264979e-06   1.779586e+00
4.500000e+01   2.988083e+00   -0.000000e+00   -0.000000e+00   2.737982e+02   2.235877e-06   1.757563e+00
4.510000e+01   1.628780e+00   -0.000000e+00   -0.000000e+00   2.739268e+02   2.207187e-06   1.735825e+00
4.520000e+01   1.501133e-01   -0.000000e+00   -0.000000e+00   2.740526e+02   2.178904e-06   1.714369e+00
4.530000e+01   -1.202926e+00   -0.000000e+00   -0.000000e+00   2.741755e+02   2.151022e-06   1.693191e+00
4.540000e+01   -2.563260e+00   -0.000000e+00   -0.000000e+00   2.742956e+02   2.123535e-06   1.672286e+00
4.550000e+01   -4.101655e+00   -0.000000e+00   -0.000000e+00   2.744126e+02   2.096437e-06   1.651651e+00
4.560000e+01   -5.629891e+00   -0.000000e+00   -0.000000e+00   2.745265e+02   2.069722e-06   1.631281e+00
4.570000e+01   -6.959746e+00   -0.000000e+00   -0.000000e+00   2.746373e+02   2.043383e-06   1.611172e+00
4.580000e+01   -7.903001e+00   -0.000000e+00   -0.000000e+00   2.747449e+02   2.017416e-06   1.591320e+00
4.590000e+01   -8.565680e+00   -0.000000e+00   -0.000000e+00   2.748492e+02   1.991813e-06   1.571721e+00
4.600000e+01   -9.179749e+00   -0.000000e+00   -0.000000e+00   2.749500e+02   1.966569e-06   1.552370e+00
4.610000e+01   -9.689180e+00   -0.000000e+00   -0.000000e+00   2.750475e+02   1.941678e-06   1.533265e+00
4.620000e+01   -1.003762e+01   -0.000000e+00   -0.000000e+00   2.751413e+02   1.917133e-06   1.514399e+00
4.630000e+01   -1.016872e+01   -0.000000e+00   -0.000000e+00   2.752315e+02   1.892929e-06   1.495770e+00
4.640000e+01   -9.983401e+00   -0.000000e+00   -0.000000e+00   2.753181e+02   1.869060e-06   1.477374e+00
4.650000e+01   -9.479995e+00   -0.000000e+00   -0.000000e+00   2.754008e+02   1.845520e-06   1.459205e+00
4.660000e+01   -8.777697e+00   -0.000000e+00   -0.000000e+00   2.754798e+02   1.822305e-06   1.441262e+00
4.670000e+01   -7.995881e+00   -0.000000e+00   -0.000000e+00   2.755548e+02   1.799410e-06   1.423542e+00
4.680000e+01   -7.253923e+00   -0.000000e+00   -0.000000e+00   2.756259e+02   1.776831e-06   1.406043e+00
4.690000e+01   -6.451487e+00   -0.000000e+00   -0.000000e+00   2.756930e+02   1.754565e-06   1.388761e+00
4.700000e+01   -5.444518e+00   -0.000000e+00   -0.000000e+00   2.757560e+02   1.732607e-06   1.371695e+00
4.710000e+01   -4.443651e+00   -0.000000e+00   -0.000000e+00   2.758150e+02   1.710953e-06   1.354841e+00
4.720000e+01   -3.662392e+00   -0.000000e+00   -0.000000e+00   2.758698e+02   1.689600e-06   1.338198e+00
4.730000e+01   -3.314250e+00   -0.000000e+00   -0.000000e+00   2.759204e+02   1.668542e-06   1.321762e+00
4.740000e+01   -3.615850e+00   -0.000000e+00   -0.000000e+00   2.759668e+02   1.647777e-06   1.305532e+00
4.750000e+01   -4.468207e+00   -0.000000e+00   -0.000000e+00   2.760088e+02   1.627300e-06   1.289505e+00
4.760000e+01   -5.539616e+00   -0.000000e+00   -0.000000e+00   2.760465e+02   1.607107e-06   1.273678e+00
4.770000e+01   -6.496680e+00   -0.000000e+00   -0.000000e+00   2.760798e+02   1.587195e-06   1.258048e+00
4.780000e+01   -7.006001e+00   -0.000000e+00   -0.000000e+00   2.761086e+02   1.567559e-06   1.242614e+00
4.790000e+01   -7.030186e+00   -0.000000e+00   -0.000000e+00   2.761329e+02   1.548196e-06   1.227372e+00
4.800000e+01   -6.977399e+00   -0.000000e+00   -0.000000e+00   2.761527e+02   1.529101e-06   1.212321e+00
4.810000e+01   -6.875969e+00   -0.000000e+00   -0.000000e+00   2.761678e+02   1.510270e-06   1.197458e+00
4.820000e+01   -6.744015e+00   -0.000000e+00   -0.000000e+00   2.761782e+02   1.491701e-06   1.182779e+00
4.830000e+01   -6.599654e+00   -0.000000e+00   -0.000000e+00   2.761840e+02   1.473388e-06   1.168283e+00
4.840000e+01   -6.390912e+00   -0.000000e+00   -0.000000e+00   2.761849e+02   1.455329e-06   1.153967e+00
4.850000e+01   -6.039727e+00   -0.000000e+00   -0.000000e+00   2.761812e+02   1.437518e-06   1.139829e+00
4.860000e+01   -5.648864e+00   -0.000000e+00   -0.000000e+00   2.761730e+02   1.419951e-06   1.125867e+00
4.870000e+01   -5.326074e+00   -0.000000e+00   -0.000000e+00   2.761606e+02   1.402624e-06   1.112078e+00
4.880000e+01   -5.179109e+00   -0.000000e+00   -0.000000e+00   2.761442e+02   1.385531e-06   1.098461e+00
4.890000e+01   -5.501857e+00   -0.000000e+00   -0.000000e+00   2.761241e+02   1.368668e-06   1.085013e+00
4.900000e+01   -6.568012e+00   -0.000000e+00   -0.000000e+00   2.761006e+02   1.352031e-06   1.071733e+00
4.910000e+01   -7.999588e+00   -0.000000e+00   -0.000000e+00   2.760737e+02   1.335616e-06   1.058617e+00
4.920000e+01   -9.396753e+00   -0.000000e+00   -0.000000e+00   2.760439e+02   1.319417e-06   1.045665e+00
4.930000e+01   -1.035967e+01   -0.000000e+00   -0.000000e+00   2.760114e+02   1.303430e-06   1.032874e+00
4.940000e+01   -1.075938e+01   -0.000000e+00   -0.000000e+00   2.759763e+02   1.287653e-06   1.020241e+00
4.950000e+01   -1.108921e+01   -0.000000e+00   -0.000000e+00   2.759389e+02   1.272079e-06   1.007766e+00
4.960000e+01   -1.136507e+01   -0.000000e+00   -0.000000e+00   2.758996e+02   1.256706e-06   9.954446e-01
4.970000e+01   -1.157157e+01   -0.000000e+00   -0.000000e+00   2.758584e+02   1.241529e-06   9.832763e-01
4.980000e+01   -1.169334e+01   -0.000000e+00   -0.000000e+00   2.758158e+02   1.226545e-06   9.712585e-01
4.990000e+01   -1.131329e+01   -0.000000e+00   -0.000000e+00   2.757718e+02   1.211749e-06   9.593891e-01
5.000000e+01   -9.593536e+00   -0.000000e+00   -0.000000e+00   2.757268e+02   1.197137e-06   9.476661e-01
5.010000e+01   -7.143787e+00   -0.000000e+00   -0.000000e+00   2.756810e+02   1.182707e-06   9.360872e-01
5.020000e+01   -4.658164e+00   -0.000000e+00   -0.000000e+00   2.756346e+02   1.168454e-06   9.246505e-01
5.030000e+01   -2.830791e+00   -0.000000e+00   -0.000000e+00   2.755880e+02   1.154374e-06   9.133538e-01
5.040000e+01   -1.990611e+00   -0.000000e+00   -0.000000e+00   2.755412e+02   1.140464e-06   9.021950e-01
5.050000e+01   -1.330451e+00   -0.000000e+00   -0.000000e+00   2.754943e+02   1.126722e-06   8.911722e-01
5.060000e+01   -7.864924e-01   -0.000000e+00   -0.000000e+00   2.754470e+02   1.113146e-06   8.802837e-01
5.070000e+01   -3.736315e-01   -0.000000e+00   -0.000000e+00   2.753989e+02   1.099737e-06   8.695275e-01
5.080000e+01   -1.067670e-01   -0.000000e+00   -0.000000e+00   2.753496e+02   1.086493e-06   8.589021e-01
5.090000e+01   3.012261e-02   -0.000000e+00   -0.000000e+00   2.752988e+02   1.073413e-06   8.484055e-01
5.100000e+01   1.383509e-01   -0.000000e+00   -0.000000e+00   2.752461e+02   1.060497e-06   8.380361e-01
5.110000e+01   2.206949e-01   -0.000000e+00   -0.000000e+00   2.751911e+02   1.047742e-06   8.277920e-01
5.120000e+01   2.697355e-01   -0.000000e+00   -0.000000e+00   2.751336e+02   1.035149e-06   8.176715e-01
5.130000e+01   2.780536e-01   -0.000000e+00   -0.000000e+00   2.750731e+02   1.022716e-06   8.076728e-01
5.140000e+01   1.035364e-01   -0.000000e+00   -0.000000e+00   2.750094e+02   1.010441e-06   7.977941e-01
5.150000e+01   -7.023235e-01   -0.000000e+00   -0.000000e+00   2.749420e+02   9.983238e-07   7.880337e-01
5.160000e+01   -1.949819e+00   -0.000000e+00   -0.000000e+00   2.748705e+02   9.863626e-07   7.783899e-01
5.170000e+01   -3.382337e+00   -0.000000e+00   -0.000000e+00   2.747948e+02   9.745561e-07   7.688607e-01
5.180000e+01   -4.743266e+00   -0.000000e+00   -0.000000e+00   2.747143e+02   9.629028e-07   7.594445e-01
5.190000e+01   -5.909435e+00   -0.000000e+00   -0.000000e+00   2.746287e+02   9.514013e-07   7.501394e-01
5.200000e+01   -7.252257e+00   -0.000000e+00   -0.000000e+00   2.745377e+02   9.400500e-07   7.409438e-01
5.210000e+01   -8.613004e+00   -0.000000e+00   -0.000000e+00   2.744409e+02   9.288474e-07   7.318558e-01
5.220000e+01   -9.755556e+00   -0.000000e+00   -0.000000e+00   2.743380e+02   9.177918e-07   7.228737e-01
5.230000e+01   -1.044379e+01   -0.000000e+00   -0.000000e+00   2.742285e+02   9.068816e-07   7.139957e-01
5.240000e+01   -1.050725e+01   -0.000000e+00   -0.000000e+00   2.741123e+02   8.961152e-07   7.052200e-01
5.250000e+01   -1.021203e+01   -0.000000e+00   -0.000000e+00   2.739889e+02   8.854906e-07   6.965451e-01
5.260000e+01   -9.757171e+00   -0.000000e+00   -0.000000e+00   2.738582e+02   8.750061e-07   6.879696e-01
5.270000e+01   -9.305959e+00   -0.000000e+00   -0.000000e+00   2.737204e+02   8.646596e-07   6.794926e-01
5.280000e+01   -9.021686e+00   -0.000000e+00   -0.000000e+00   2.735753e+02   8.544493e-07   6.711130e-01
5.290000e+01   -9.052679e+00   -0.000000e+00   -0.000000e+00   2.734230e+02   8.443733e-07   6.628296e-01
5.300000e+01   -9.360641e+00   -0.000000e+00   -0.000000e+00   2.732634e+02   8.344296e-07   6.546415e-01
5.310000e+01   -9.808141e+00   -0.000000e+00   -0.000000e+00   2.730965e+02   8.246163e-07   6.465474e-01
5.320000e+01   -1.026029e+01   -0.000000e+00   -0.000000e+00   2.729222e+02   8.149317e-07   6.385464e-01
5.330000e+01   -1.058218e+01   -0.000000e+00   -0.000000e+00   2.727406e+02   8.053738e-07   6.306374e-01
5.340000e+01   -1.048599e+01   -0.000000e+00   -0.000000e+00   2.725517e+02   7.959408e-07   6.228192e-01
5.350000e+01   -9.101623e+00   -0.000000e+00   -0.000000e+00   2.723553e+02   7.866309e-07   6.150908e-01
5.360000e+01   -6.935582e+00   -0.000000e+00   -0.000000e+00   2.721516e+02   7.774423e-07   6.074512e-01
5.370000e+01   -4.735997e+00   -0.000000e+00   -0.000000e+00   2.719404e+02   7.683731e-07   5.998991e-01
5.380000e+01   -3.250996e+00   -0.000000e+00   -0.000000e+00   2.717217e+02   7.594216e-07   5.924336e-01
5.390000e+01   -3.075986e+00   -0.000000e+00   -0.000000e+00   2.714956e+02   7.505860e-07   5.850536e-01
5.400000e+01   -3.455209e+00   -0.000000e+00   -0.000000e+00   2.712620e+02   7.418645e-07   5.777579e-01
5.410000e+01   -4.070783e+00   -0.000000e+00   -0.000000e+00   2.710209e+02   7.332553e-07   5.705455e-01
5.420000e+01   -4.820475e+00   -0.000000e+00   -0.000000e+00   2.707722e+02   7.247568e-07   5.634154e-01
5.430000e+01   -5.602051e+00   -0.000000e+00   -0.000000e+00   2.705160e+02   7.163670e-07   5.563663e-01
5.440000e+01   -6.339485e+00   -0.000000e+00   -0.000000e+00   2.702521e+02   7.080844e-07   5.493974e-01
5.450000e+01   -7.179299e+00   -0.000000e+00   -0.000000e+00   2.699808e+02   6.999072e-07   5.425074e-01
5.460000e+01   -8.096154e+00   -0.000000e+00   -0.000000e+00   2.697022e+02   6.918327e-07   5.356955e-01
5.470000e+01   -9.006595e+00   -0.000000e+00   -0.000000e+00   2.694175e+02   6.838576e-07   5.289611e-01
5.480000e+01   -9.827153e+00   -0.000000e+00   -0.000000e+00   2.691273e+02   6.759787e-07   5.223036e-01
5.490000e+01   -1.049057e+01   -0.000000e+00   -0.000000e+00   2.688325e+02   6.681929e-07   5.157224e-01
5.500000e+01   -1.110626e+01   -0.000000e+00   -0.000000e+00   2.685341e+02   6.604972e-07   5.092168e-01
5.510000e+01   -1.168801e+01   -0.000000e+00   -0.000000e+00   2.682328e+02   6.528885e-07   5.027861e-01
5.520000e+01   -1.220476e+01   -0.000000e+00   -0.000000e+00   2.679296e+02   6.453642e-07   4.964298e-01
5.530000e+01   -1.262544e+01   -0.000000e+00   -0.000000e+00   2.676252e+02   6.379214e-07   4.901472e-01
5.540000e+01   -1.292695e+01   -0.000000e+00   -0.000000e+00   2.673206e+02   6.305574e-07   4.839377e-01
5.550000e+01   -1.318881e+01   -0.000000e+00   -0.000000e+00   2.670167e+02   6.232697e-07   4.778007e-01
5.560000e+01   -1.343443e+01   -0.000000e+00   -0.000000e+00   2.667142e+02   6.160558e-07   4.717355e-01
5.570000e+01   -1.365716e+01   -0.000000e+00   -0.000000e+00   2.664140e+02   6.089132e-07   4.657414e-01
5.580000e+01   -1.385041e+01   -0.000000e+00   -0.000000e+00   2.661171e+02   6.018397e-07   4.598180e-01
5.590000e+01   -1.396449e+01   -0.000000e+00   -0.000000e+00   2.658242e+02   5.948328e-07   4.539645e-01
5.600000e+01   -1.343136e+01   -0.000000e+00   -0.000000e+00   2.655363e+02   5.878905e-07   4.481803e-01
5.610000e+01   -1.239512e+01   -0.000000e+00   -0.000000e+00   2.652541e+02   5.810107e-07   4.424647e-01
5.620000e+01   -1.126859e+01   -0.000000e+00   -0.000000e+00   2.649786e+02   5.741912e-07   4.368172e-01
5.630000e+01   -1.046462e+01   -0.000000e+00   -0.000000e+00   2.647107e+02   5.674301e-07   4.312371e-01
5.640000e+01   -1.039019e+01   -0.000000e+00   -0.000000e+00   2.644510e+02   5.607255e-07   4.257238e-01
5.650000e+01   -1.113283e+01   -0.000000e+00   -0.000000e+00   2.642007e+02   5.540756e-07   4.202767e-01
5.660000e+01   -1.234294e+01   -0.000000e+00   -0.000000e+00   2.639599e+02   5.474796e-07   4.148950e-01
5.670000e+01   -1.364488e+01   -0.000000e+00   -0.000000e+00   2.637273e+02   5.409402e-07   4.095781e-01
5.680000e+01   -1.466311e+01   -0.000000e+00   -0.000000e+00   2.635011e+02   5.344610e-07   4.043251e-01
5.690000e+01   -1.498460e+01   -0.000000e+00   -0.000000e+00   2.632793e+02   5.280452e-07   3.991353e-01
5.700000e+01   -1.363935e+01   -0.000000e+00   -0.000000e+00   2.630601e+02   5.216960e-07   3.940079e-01
5.710000e+01   -1.105599e+01   -0.000000e+00   -0.000000e+00   2.628418e+02   5.154164e-07   3.889421e-01
5.720000e+01   -8.198821e+00   -0.000000e+00   -0.000000e+00   2.626223e+02   5.092089e-07   3.839371e-01
5.730000e+01   -6.032151e+00   -0.000000e+00   -0.000000e+00   2.624000e+02   5.030764e-07   3.789921e-01
5.740000e+01   -5.474433e+00   -0.000000e+00   -0.000000e+00   2.621729e+02   4.970212e-07   3.741064e-01
5.750000e+01   -5.734759e+00   -0.000000e+00   -0.000000e+00   2.619392e+02   4.910457e-07   3.692791e-01
5.760000e+01   -6.142070e+00   -0.000000e+00   -0.000000e+00   2.616970e+02   4.851519e-07   3.645095e-01
5.770000e+01   -6.651171e+00   -0.000000e+00   -0.000000e+00   2.614446e+02   4.793419e-07   3.597969e-01
5.780000e+01   -7.216862e+00   -0.000000e+00   -0.000000e+00   2.611800e+02   4.736175e-07   3.551403e-01
5.790000e+01   -7.801172e+00   -0.000000e+00   -0.000000e+00   2.609014e+02   4.679805e-07   3.505391e-01
5.800000e+01   -8.648450e+00   -0.000000e+00   -0.000000e+00   2.606069e+02   4.624325e-07   3.459924e-01
5.810000e+01   -9.727266e+00   -0.000000e+00   -0.000000e+00   2.602947e+02   4.569749e-07   3.414995e-01
5.820000e+01   -1.080373e+01   -0.000000e+00   -0.000000e+00   2.599630e+02   4.516092e-07   3.370596e-01
5.830000e+01   -1.164393e+01   -0.000000e+00   -0.000000e+00   2.596099e+02   4.463365e-07   3.326719e-01
5.840000e+01   -1.201615e+01   -0.000000e+00   -0.000000e+00   2.592336e+02   4.411581e-07   3.283356e-01
5.850000e+01   -1.191286e+01   -0.000000e+00   -0.000000e+00   2.588322e+02   4.360751e-07   3.240499e-01
5.860000e+01   -1.150608e+01   -0.000000e+00   -0.000000e+00   2.584039e+02   4.310882e-07   3.198141e-01
5.870000e+01   -1.092144e+01   -0.000000e+00   -0.000000e+00   2.579489e+02   4.261954e-07   3.156274e-01
5.880000e+01   -1.028422e+01   -0.000000e+00   -0.000000e+00   2.574693e+02   4.213912e-07   3.114894e-01
5.890000e+01   -9.716900e+00   -0.000000e+00   -0.000000e+00   2.569675e+02   4.166703e-07   3.073996e-01
5.900000e+01   -9.034394e+00   -0.000000e+00   -0.000000e+00   2.564459e+02   4.120276e-07   3.033572e-01
5.910000e+01   -8.203054e+00   -0.000000e+00   -0.000000e+00   2.559066e+02   4.074579e-07   2.993620e-01
5.920000e+01   -7.422654e+00   -0.000000e+00   -0.000000e+00   2.553521e+02   4.029564e-07   2.954132e-01
5.930000e+01   -6.892966e+00   -0.000000e+00   -0.000000e+00   2.547847e+02   3.985184e-07   2.915104e-01
5.940000e+01   -6.813227e+00   -0.000000e+00   -0.000000e+00   2.542066e+02   3.941393e-07   2.876530e-01
5.950000e+01   -7.180367e+00   -0.000000e+00   -0.000000e+00   2.536202e+02   3.898147e-07   2.838405e-01
5.960000e+01   -7.787367e+00   -0.000000e+00   -0.000000e+00   2.530277e+02   3.855403e-07   2.800724e-01
5.970000e+01   -8.481339e+00   -0.000000e+00   -0.000000e+00   2.524316e+02   3.813118e-07   2.763480e-01
5.980000e+01   -9.109393e+00   -0.000000e+00   -0.000000e+00   2.518341e+02   3.771253e-07   2.726670e-01
5.990000e+01   -9.518817e+00   -0.000000e+00   -0.000000e+00   2.512376e+02   3.729767e-07   2.690287e-01
6.000000e+01   -9.754912e+00   -0.000000e+00   -0.000000e+00   2.506443e+02   3.688622e-07   2.654326e-01
6.010000e+01   -9.958409e+00   -0.000000e+00   -0.000000e+00   2.500566e+02   3.647781e-07   2.618782e-01
6.020000e+01   -1.015031e+01   -0.000000e+00   -0.000000e+00   2.494767e+02   3.607208e-07   2.583649e-01
6.030000e+01   -1.035160e+01   -0.000000e+00   -0.000000e+00   2.489071e+02   3.566868e-07   2.548922e-01
6.040000e+01   -1.058329e+01   -0.000000e+00   -0.000000e+00   2.483500e+02   3.526726e-07   2.514596e-01
6.050000e+01   -1.112555e+01   -0.000000e+00   -0.000000e+00   2.478077e+02   3.486752e-07   2.480665e-01
6.060000e+01   -1.212435e+01   -0.000000e+00   -0.000000e+00   2.472825e+02   3.446912e-07   2.447124e-01
6.070000e+01   -1.339939e+01   -0.000000e+00   -0.000000e+00   2.467761e+02   3.407188e-07   2.413968e-01
6.080000e+01   -1.477045e+01   -0.000000e+00   -0.000000e+00   2.462875e+02   3.367596e-07   2.381193e-01
6.090000e+01   -1.605732e+01   -0.000000e+00   -0.000000e+00   2.458154e+02   3.328159e-07   2.348797e-01
6.100000e+01   -1.744395e+01   -0.000000e+00   -0.000000e+00   2.453585e+02   3.288900e-07   2.316776e-01
6.110000e+01   -1.908525e+01   -0.000000e+00   -0.000000e+00   2.449153e+02   3.249842e-07   2.285128e-01
6.120000e+01   -2.067784e+01   -0.000000e+00   -0.000000e+00   2.444845e+02   3.211004e-07   2.253848e-01
6.130000e+01   -2.191789e+01   -0.000000e+00   -0.000000e+00   2.440648e+02   3.172408e-07   2.222935e-01
6.140000e+01   -2.250156e+01   -0.000000e+00   -0.000000e+00   2.436548e+02   3.134073e-07   2.192384e-01
6.150000e+01   -2.249463e+01   -0.000000e+00   -0.000000e+00   2.432532e+02   3.096018e-07   2.162192e-01
6.160000e+01   -2.229508e+01   -0.000000e+00   -0.000000e+00   2.428585e+02   3.058260e-07   2.132358e-01
6.170000e+01   -2.196141e+01   -0.000000e+00   -0.000000e+00   2.424694e+02   3.020817e-07   2.102876e-01
6.180000e+01   -2.155053e+01   -0.000000e+00   -0.000000e+00   2.420846e+02   2.983705e-07   2.073745e-01
6.190000e+01   -2.111932e+01   -0.000000e+00   -0.000000e+00   2.417027e+02   2.946940e-07   2.044961e-01
6.200000e+01   -2.059992e+01   -0.000000e+00   -0.000000e+00   2.413223e+02   2.910536e-07   2.016522e-01
6.210000e+01   -1.989998e+01   -0.000000e+00   -0.000000e+00   2.409421e+02   2.874508e-07   1.988423e-01
6.220000e+01   -1.912877e+01   -0.000000e+00   -0.000000e+00   2.405608e+02   2.838869e-07   1.960661e-01
6.230000e+01   -1.839717e+01   -0.000000e+00   -0.000000e+00   2.401769e+02   2.803632e-07   1.933235e-01
6.240000e+01   -1.781609e+01   -0.000000e+00   -0.000000e+00   2.397891e+02   2.768809e-07   1.906140e-01
6.250000e+01   -1.736938e+01   -0.000000e+00   -0.000000e+00   2.393960e+02   2.734410e-07   1.879373e-01
6.260000e+01   -1.692262e+01   -0.000000e+00   -0.000000e+00   2.389963e+02   2.700447e-07   1.852931e-01
6.270000e+01   -1.652021e+01   -0.000000e+00   -0.000000e+00   2.385890e+02   2.666927e-07   1.826812e-01
6.280000e+01   -1.621020e+01   -0.000000e+00   -0.000000e+00   2.381737e+02   2.633845e-07   1.801011e-01
6.290000e+01   -1.604087e+01   -0.000000e+00   -0.000000e+00   2.377507e+02   2.601194e-07   1.775525e-01
6.300000e+01   -1.601729e+01   -0.000000e+00   -0.000000e+00   2.373200e+02   2.568967e-07   1.750351e-01
6.310000e+01   -1.607103e+01   -0.000000e+00   -0.000000e+00   2.368815e+02   2.537159e-07   1.725485e-01
6.320000e+01   -1.618235e+01   -0.000000e+00   -0.000000e+00   2.364354e+02   2.505763e-07   1.700924e-01
6.330000e+01   -1.633289e+01   -0.000000e+00   -0.000000e+00   2.359817e+02   2.474772e-07   1.676663e-01
6.340000e+01   -1.650432e+01   -0.000000e+00   -0.000000e+00   2.355205e+02   2.444179e-07   1.652700e-01
6.350000e+01   -1.676144e+01   -0.000000e+00   -0.000000e+00   2.350518e+02   2.413979e-07   1.629032e-01
6.360000e+01   -1.721041e+01   -0.000000e+00   -0.000000e+00   2.345757e+02   2.384165e-07   1.605653e-01
6.370000e+01   -1.775172e+01   -0.000000e+00   -0.000000e+00   2.340923e+02   2.354731e-07   1.582562e-01
6.380000e+01   -1.828012e+01   -0.000000e+00   -0.000000e+00   2.336015e+02   2.325671e-07   1.559755e-01
6.390000e+01   -1.869031e+01   -0.000000e+00   -0.000000e+00   2.331034e+02   2.296979e-07   1.537227e-01
6.400000e+01   -1.892033e+01   -0.000000e+00   -0.000000e+00   2.325982e+02   2.268648e-07   1.514976e-01
6.410000e+01   -1.905497e+01   -0.000000e+00   -0.000000e+00   2.320858e+02   2.240672e-07   1.492998e-01
6.420000e+01   -1.916445e+01   -0.000000e+00   -0.000000e+00   2.315663e+02   2.213046e-07   1.471289e-01
6.430000e+01   -1.931660e+01   -0.000000e+00   -0.000000e+00   2.310398e+02   2.185763e-07   1.449847e-01
6.440000e+01   -1.957922e+01   -0.000000e+00   -0.000000e+00   2.305062e+02   2.158818e-07   1.428667e-01
6.450000e+01   -2.043283e+01   -0.000000e+00   -0.000000e+00   2.299658e+02   2.132204e-07   1.407746e-01
6.460000e+01   -2.257615e+01   -0.000000e+00   -0.000000e+00   2.294184e+02   2.105917e-07   1.387081e-01
6.470000e+01   -2.526932e+01   -0.000000e+00   -0.000000e+00   2.288642e+02   2.079949e-07   1.366668e-01
6.480000e+01   -2.770689e+01   -0.000000e+00   -0.000000e+00   2.283033e+02   2.054297e-07   1.346505e-01
6.490000e+01   -2.908333e+01   -0.000000e+00   -0.000000e+00   2.277358e+02   2.028955e-07   1.326588e-01
6.500000e+01   -2.903473e+01   -0.000000e+00   -0.000000e+00   2.271617e+02   2.003919e-07   1.306916e-01
6.510000e+01   -2.848955e+01   -0.000000e+00   -0.000000e+00   2.265812e+02   1.979184e-07   1.287486e-01
6.520000e+01   -2.765245e+01   -0.000000e+00   -0.000000e+00   2.259943e+02   1.954745e-07   1.268294e-01
6.530000e+01   -2.666116e+01   -0.000000e+00   -0.000000e+00   2.254010e+02   1.930598e-07   1.249338e-01
6.540000e+01   -2.565341e+01   -0.000000e+00   -0.000000e+00   2.248016e+02   1.906737e-07   1.230616e-01
6.550000e+01   -2.462869e+01   -0.000000e+00   -0.000000e+00   2.241961e+02   1.883159e-07   1.212125e-01
6.560000e+01   -2.331261e+01   -0.000000e+00   -0.000000e+00   2.235845e+02   1.859859e-07   1.193862e-01
6.570000e+01   -2.188697e+01   -0.000000e+00   -0.000000e+00   2.229670e+02   1.836831e-07   1.175824e-01
6.580000e+01   -2.056964e+01   -0.000000e+00   -0.000000e+00   2.223437e+02   1.814073e-07   1.158008e-01
6.590000e+01   -1.957845e+01   -0.000000e+00   -0.000000e+00   2.217145e+02   1.791578e-07   1.140413e-01
6.600000e+01   -1.903092e+01   -0.000000e+00   -0.000000e+00   2.210797e+02   1.769343e-07   1.123035e-01
6.610000e+01   -1.865523e+01   -0.000000e+00   -0.000000e+00   2.204393e+02   1.747364e-07   1.105872e-01
6.620000e+01   -1.836433e+01   -0.000000e+00   -0.000000e+00   2.197934e+02   1.725635e-07   1.088920e-01
6.630000e+01   -1.809858e+01   -0.000000e+00   -0.000000e+00   2.191421e+02   1.704153e-07   1.072177e-01
6.640000e+01   -1.779835e+01   -0.000000e+00   -0.000000e+00   2.184854e+02   1.682912e-07   1.055641e-01
6.650000e+01   -1.738724e+01   -0.000000e+00   -0.000000e+00   2.178235e+02   1.661910e-07   1.039309e-01
6.660000e+01   -1.681968e+01   -0.000000e+00   -0.000000e+00   2.171568e+02   1.641139e-07   1.023178e-01
6.670000e+01   -1.621792e+01   -0.000000e+00   -0.000000e+00   2.164862e+02   1.620591e-07   1.007247e-01
6.680000e+01   -1.571687e+01   -0.000000e+00   -0.000000e+00   2.158125e+02   1.600257e-07   9.915137e-02
6.690000e+01   -1.545142e+01   -0.000000e+00   -0.000000e+00   2.151367e+02   1.580130e-07   9.759769e-02
6.700000e+01   -1.563815e+01   -0.000000e+00   -0.000000e+00   2.144596e+02   1.560200e-07   9.606346e-02
6.710000e+01   -1.659092e+01   -0.000000e+00   -0.000000e+00   2.137823e+02   1.540461e-07   9.454853e-02
6.720000e+01   -1.801828e+01   -0.000000e+00   -0.000000e+00   2.131056e+02   1.520904e-07   9.305271e-02
6.730000e+01   -1.956571e+01   -0.000000e+00   -0.000000e+00   2.124304e+02   1.501523e-07   9.157585e-02
6.740000e+01   -2.087867e+01   -0.000000e+00   -0.000000e+00   2.117576e+02   1.482310e-07   9.011776e-02
6.750000e+01   -2.169623e+01   -0.000000e+00   -0.000000e+00   2.110882e+02   1.463259e-07   8.867829e-02
6.760000e+01   -2.232131e+01   -0.000000e+00   -0.000000e+00   2.104230e+02   1.444362e-07   8.725726e-02
6.770000e+01   -2.287634e+01   -0.000000e+00   -0.000000e+00   2.097629e+02   1.425614e-07   8.585450e-02
6.780000e+01   -2.342734e+01   -0.000000e+00   -0.000000e+00   2.091090e+02   1.407008e-07   8.446984e-02
6.790000e+01   -2.404038e+01   -0.000000e+00   -0.000000e+00   2.084620e+02   1.388539e-07   8.310311e-02
6.800000e+01   -2.479225e+01   -0.000000e+00   -0.000000e+00   2.078229e+02   1.370200e-07   8.175414e-02
6.810000e+01   -2.574235e+01   -0.000000e+00   -0.000000e+00   2.071927e+02   1.351986e-07   8.042276e-02
6.820000e+01   -2.678536e+01   -0.000000e+00   -0.000000e+00   2.065721e+02   1.333892e-07   7.910880e-02
6.830000e+01   -2.779730e+01   -0.000000e+00   -0.000000e+00   2.059622e+02   1.315913e-07   7.781209e-02
6.840000e+01   -2.865384e+01   -0.000000e+00   -0.000000e+00   2.053636e+02   1.298046e-07   7.653247e-02
6.850000e+01   -2.926934e+01   -0.000000e+00   -0.000000e+00   2.047757e+02   1.280295e-07   7.526979e-02
6.860000e+01   -2.983329e+01   -0.000000e+00   -0.000000e+00   2.041977e+02   1.262667e-07   7.402393e-02
6.870000e+01   -3.037236e+01   -0.000000e+00   -0.000000e+00   2.036285e+02   1.245171e-07   7.279477e-02
6.880000e+01   -3.086537e+01   -0.000000e+00   -0.000000e+00   2.030673e+02   1.227814e-07   7.158217e-02
6.890000e+01   -3.129112e+01   -0.000000e+00   -0.000000e+00   2.025130e+02   1.210601e-07   7.038600e-02
6.900000e+01   -3.157101e+01   -0.000000e+00   -0.000000e+00   2.019647e+02   1.193540e-07   6.920615e-02
6.910000e+01   -3.130114e+01   -0.000000e+00   -0.000000e+00   2.014214e+02   1.176636e-07   6.804247e-02
6.920000e+01   -3.056443e+01   -0.000000e+00   -0.000000e+00   2.008821e+02   1.159896e-07   6.689485e-02
6.930000e+01   -2.955344e+01   -0.000000e+00   -0.000000e+00   2.003460e+02   1.143324e-07   6.576315e-02
6.940000e+01   -2.846071e+01   -0.000000e+00   -0.000000e+00   1.998121e+02   1.126927e-07   6.464724e-02
6.950000e+01   -2.738428e+01   -0.000000e+00   -0.000000e+00   1.992793e+02   1.110710e-07   6.354701e-02
6.960000e+01   -2.574184e+01   -0.000000e+00   -0.000000e+00   1.987468e+02   1.094676e-07   6.246231e-02
6.970000e+01   -2.379948e+01   -0.000000e+00   -0.000000e+00   1.982135e+02   1.078831e-07   6.139303e-02
6.980000e+01   -2.205420e+01   -0.000000e+00   -0.000000e+00   1.976785e+02   1.063179e-07   6.033903e-02
6.990000e+01   -2.100304e+01   -0.000000e+00   -0.000000e+00   1.971410e+02   1.047724e-07   5.930019e-02
7.000000e+01   -2.104154e+01   -0.000000e+00   -0.000000e+00   1.965998e+02   1.032469e-07   5.827638e-02
7.010000e+01   -2.139990e+01   -0.000000e+00   -0.000000e+00   1.960540e+02   1.017419e-07   5.726746e-02
7.020000e+01   -2.178772e+01   -0.000000e+00   -0.000000e+00   1.955028e+02   1.002576e-07   5.627332e-02
7.030000e+01   -2.218265e+01   -0.000000e+00   -0.000000e+00   1.949459e+02   9.879387e-08   5.529380e-02
7.040000e+01   -2.256242e+01   -0.000000e+00   -0.000000e+00   1.943838e+02   9.735025e-08   5.432872e-02
7.050000e+01   -2.290525e+01   -0.000000e+00   -0.000000e+00   1.938170e+02   9.592621e-08   5.337791e-02
7.060000e+01   -2.320692e+01   -0.000000e+00   -0.000000e+00   1.932461e+02   9.452125e-08   5.244120e-02
7.070000e+01   -2.348269e+01   -0.000000e+00   -0.000000e+00   1.926716e+02   9.313488e-08   5.151841e-02
7.080000e+01   -2.374860e+01   -0.000000e+00   -0.000000e+00   1.920940e+02   9.176662e-08   5.060936e-02
7.090000e+01   -2.402071e+01   -0.000000e+00   -0.000000e+00   1.915137e+02   9.041602e-08   4.971388e-02
7.100000e+01   -2.433822e+01   -0.000000e+00   -0.000000e+00   1.909314e+02   8.908261e-08   4.883180e-02
7.110000e+01   -2.502397e+01   -0.000000e+00   -0.000000e+00   1.903476e+02   8.776594e-08   4.796293e-02
7.120000e+01   -2.602918e+01   -0.000000e+00   -0.000000e+00   1.897627e+02   8.646560e-08   4.710711e-02
7.130000e+01   -2.716203e+01   -0.000000e+00   -0.000000e+00   1.891773e+02   8.518113e-08   4.626417e-02
7.140000e+01   -2.823068e+01   -0.000000e+00   -0.000000e+00   1.885919e+02   8.391214e-08   4.543391e-02
7.150000e+01   -2.906187e+01   -0.000000e+00   -0.000000e+00   1.880070e+02   8.265821e-08   4.461618e-02
7.160000e+01   -2.984755e+01   -0.000000e+00   -0.000000e+00   1.874232e+02   8.141895e-08   4.381079e-02
7.170000e+01   -3.060803e+01   -0.000000e+00   -0.000000e+00   1.868409e+02   8.019396e-08   4.301757e-02
7.180000e+01   -3.123048e+01   -0.000000e+00   -0.000000e+00   1.862607e+02   7.898286e-08   4.223635e-02
7.190000e+01   -3.160209e+01   -0.000000e+00   -0.000000e+00   1.856831e+02   7.778527e-08   4.146694e-02
7.200000e+01   -3.162083e+01   -0.000000e+00   -0.000000e+00   1.851086e+02   7.660084e-08   4.070918e-02
7.210000e+01   -3.146977e+01   -0.000000e+00   -0.000000e+00   1.845377e+02   7.542919e-08   3.996289e-02
7.220000e+01   -3.125052e+01   -0.000000e+00   -0.000000e+00   1.839707e+02   7.427014e-08   3.922792e-02
7.230000e+01   -3.096117e+01   -0.000000e+00   -0.000000e+00   1.834071e+02   7.312380e-08   3.850412e-02
7.240000e+01   -3.060009e+01   -0.000000e+00   -0.000000e+00   1.828465e+02   7.199030e-08   3.779139e-02
7.250000e+01   -3.013554e+01   -0.000000e+00   -0.000000e+00   1.822883e+02   7.086977e-08   3.708960e-02
7.260000e+01   -2.872438e+01   -0.000000e+00   -0.000000e+00   1.817322e+02   6.976232e-08   3.639863e-02
7.270000e+01   -2.644888e+01   -0.000000e+00   -0.000000e+00   1.811776e+02   6.866805e-08   3.571836e-02
7.280000e+01   -2.394053e+01   -0.000000e+00   -0.000000e+00   1.806240e+02   6.758706e-08   3.504865e-02
7.290000e+01   -2.183079e+01   -0.000000e+00   -0.000000e+00   1.800710e+02   6.651943e-08   3.438940e-02
7.300000e+01   -2.073254e+01   -0.000000e+00   -0.000000e+00   1.795181e+02   6.546523e-08   3.374048e-02
7.310000e+01   -2.025360e+01   -0.000000e+00   -0.000000e+00   1.789648e+02   6.442451e-08   3.310176e-02
7.320000e+01   -1.990460e+01   -0.000000e+00   -0.000000e+00   1.784106e+02   6.339733e-08   3.247312e-02
7.330000e+01   -1.957515e+01   -0.000000e+00   -0.000000e+00   1.778551e+02   6.238372e-08   3.185444e-02
7.340000e+01   -1.915490e+01   -0.000000e+00   -0.000000e+00   1.772978e+02   6.138372e-08   3.124561e-02
7.350000e+01   -1.853596e+01   -0.000000e+00   -0.000000e+00   1.767382e+02   6.039735e-08   3.064649e-02
7.360000e+01   -1.780493e+01   -0.000000e+00   -0.000000e+00   1.761758e+02   5.942461e-08   3.005696e-02
7.370000e+01   -1.705511e+01   -0.000000e+00   -0.000000e+00   1.756102e+02   5.846550e-08   2.947690e-02
7.380000e+01   -1.628836e+01   -0.000000e+00   -0.000000e+00   1.750409e+02   5.752003e-08   2.890619e-02
7.390000e+01   -1.550653e+01   -0.000000e+00   -0.000000e+00   1.744673e+02   5.658816e-08   2.834471e-02
7.400000e+01   -1.471051e+01   -0.000000e+00   -0.000000e+00   1.738891e+02   5.566988e-08   2.779233e-02
7.410000e+01   -1.380571e+01   -0.000000e+00   -0.000000e+00   1.733057e+02   5.476515e-08   2.724893e-02
7.420000e+01   -1.278478e+01   -0.000000e+00   -0.000000e+00   1.727167e+02   5.387393e-08   2.671439e-02
7.430000e+01   -1.172799e+01   -0.000000e+00   -0.000000e+00   1.721216e+02   5.299618e-08   2.618859e-02
7.440000e+01   -1.071555e+01   -0.000000e+00   -0.000000e+00   1.715199e+02   5.213181e-08   2.567141e-02
7.450000e+01   -9.828509e+00   -0.000000e+00   -0.000000e+00   1.709117e+02   5.128072e-08   2.516275e-02
7.460000e+01   -9.328546e+00   -0.000000e+00   -0.000000e+00   1.702965e+02   5.044281e-08   2.466252e-02
7.470000e+01   -9.201144e+00   -0.000000e+00   -0.000000e+00   1.696744e+02   4.961798e-08   2.417061e-02
7.480000e+01   -9.193989e+00   -0.000000e+00   -0.000000e+00   1.690450e+02   4.880610e-08   2.368693e-02
7.490000e+01   -9.054771e+00   -0.000000e+00   -0.000000e+00   1.684083e+02   4.800706e-08   2.321137e-02
7.500000e+01   -8.531531e+00   -0.000000e+00   -0.000000e+00   1.677640e+02   4.722076e-08   2.274385e-02
7.510000e+01   -7.757334e+00   -0.000000e+00   -0.000000e+00   1.671119e+02   4.644707e-08   2.228425e-02
7.520000e+01   -6.993044e+00   -0.000000e+00   -0.000000e+00   1.664520e+02   4.568588e-08   2.183249e-02
7.530000e+01   -6.240507e+00   -0.000000e+00   -0.000000e+00   1.657840e+02   4.493706e-08   2.138846e-02
7.540000e+01   -5.501567e+00   -0.000000e+00   -0.000000e+00   1.651077e+02   4.420051e-08   2.095207e-02
7.550000e+01   -4.778066e+00   -0.000000e+00   -0.000000e+00   1.644230e+02   4.347609e-08   2.052321e-02
7.560000e+01   -3.751974e+00   -0.000000e+00   -0.000000e+00   1.637296e+02   4.276368e-08   2.010179e-02
7.570000e+01   -2.302432e+00   -0.000000e+00   -0.000000e+00   1.630275e+02   4.206316e-08   1.968771e-02
7.580000e+01   -7.270442e-01   -0.000000e+00   -0.000000e+00   1.623164e+02   4.137441e-08   1.928086e-02
7.590000e+01   6.765865e-01   -0.000000e+00   -0.000000e+00   1.615961e+02   4.069728e-08   1.888116e-02
7.600000e+01   1.610856e+00   -0.000000e+00   -0.000000e+00   1.608666e+02   4.003166e-08   1.848850e-02
7.610000e+01   2.100940e+00   -0.000000e+00   -0.000000e+00   1.601275e+02   3.937742e-08   1.810279e-02
7.620000e+01   2.452265e+00   -0.000000e+00   -0.000000e+00   1.593787e+02   3.873441e-08   1.772392e-02
7.630000e+01   2.732624e+00   -0.000000e+00   -0.000000e+00   1.586202e+02   3.810252e-08   1.735180e-02
7.640000e+01   3.009497e+00   -0.000000e+00   -0.000000e+00   1.578515e+02   3.748161e-08   1.698632e-02
7.650000e+01   3.350363e+00   -0.000000e+00   -0.000000e+00   1.570727e+02   3.687154e-08   1.662740e-02
7.660000e+01   4.079156e+00   -0.000000e+00   -0.000000e+00   1.562835e+02   3.627217e-08   1.627492e-02
7.670000e+01   5.411528e+00   -0.000000e+00   -0.000000e+00   1.554837e+02   3.568337e-08   1.592880e-02
7.680000e+01   7.122949e+00   -0.000000e+00   -0.000000e+00   1.546732e+02   3.510500e-08   1.558894e-02
7.690000e+01   8.987361e+00   -0.000000e+00   -0.000000e+00   1.538518e+02   3.453692e-08   1.525522e-02
7.700000e+01   1.077871e+01   -0.000000e+00   -0.000000e+00   1.530193e+02   3.397898e-08   1.492756e-02
7.710000e+01   1.277145e+01   -0.000000e+00   -0.000000e+00   1.521761e+02   3.343095e-08   1.460587e-02
7.720000e+01   1.528434e+01   -0.000000e+00   -0.000000e+00   1.513236e+02   3.289235e-08   1.429005e-02
7.730000e+01   1.779232e+01   -0.000000e+00   -0.000000e+00   1.504634e+02   3.236270e-08   1.398003e-02
7.740000e+01   1.976365e+01   -0.000000e+00   -0.000000e+00   1.495972e+02   3.184155e-08   1.367572e-02
7.750000e+01   2.066659e+01   -0.000000e+00   -0.000000e+00   1.487266e+02   3.132845e-08   1.337703e-02
7.760000e+01   2.048843e+01   -0.000000e+00   -0.000000e+00   1.478531e+02   3.082295e-08   1.308389e-02
7.770000e+01   1.992107e+01   -0.000000e+00   -0.000000e+00   1.469783e+02   3.032464e-08   1.279621e-02
7.780000e+01   1.908526e+01   0.000000e+00   0.000000e+00   1.461039e+02   2.983311e-08   1.251390e-02
7.790000e+01   1.809137e+01   0.000000e+00   0.000000e+00   1.452315e+02   2.934796e-08   1.223689e-02
7.800000e+01   1.704978e+01   0.000000e+00   0.000000e+00   1.443626e+02   2.886880e-08   1.196509e-02
7.810000e+01   1.581343e+01   0.000000e+00   0.000000e+00   1.434990e+02   2.839526e-08   1.169841e-02
7.820000e+01   1.414806e+01   0.000000e+00   0.000000e+00   1.426421e+02   2.792698e-08   1.143678e-02
7.830000e+01   1.238297e+01   0.000000e+00   0.000000e+00   1.417935e+02   2.746359e-08   1.118011e-02
7.840000e+01   1.085886e+01   0.000000e+00   0.000000e+00   1.409550e+02   2.700476e-08   1.092831e-02
7.850000e+01   9.916392e+00   0.000000e+00   0.000000e+00   1.401280e+02   2.655015e-08   1.068131e-02
7.860000e+01   9.687470e+00   0.000000e+00   0.000000e+00   1.393143e+02   2.609945e-08   1.043901e-02
7.870000e+01   9.790238e+00   0.000000e+00   0.000000e+00   1.385153e+02   2.565235e-08   1.020134e-02
7.880000e+01   1.001537e+01   0.000000e+00   0.000000e+00   1.377328e+02   2.520854e-08   9.968215e-03
7.890000e+01   1.016298e+01   0.000000e+00   0.000000e+00   1.369682e+02   2.476775e-08   9.739546e-03
7.900000e+01   1.003320e+01   0.000000e+00   0.000000e+00   1.362233e+02   2.432969e-08   9.515253e-03
7.910000e+01   9.335711e+00   0.000000e+00   0.000000e+00   1.354996e+02   2.389411e-08   9.295251e-03
7.920000e+01   7.965642e+00   0.000000e+00   0.000000e+00   1.347987e+02   2.346075e-08   9.079457e-03
7.930000e+01   6.295243e+00   0.000000e+00   0.000000e+00   1.341222e+02   2.302939e-08   8.867793e-03
7.940000e+01   4.717011e+00   0.000000e+00   0.000000e+00   1.334717e+02   2.259989e-08   8.660197e-03
7.950000e+01   3.625184e+00   0.000000e+00   0.000000e+00   1.328487e+02   2.217210e-08   8.456615e-03
7.960000e+01   3.494528e+00   0.000000e+00   0.000000e+00   1.322548e+02   2.174592e-08   8.256989e-03
7.970000e+01   4.436843e+00   0.000000e+00   0.000000e+00   1.316916e+02   2.132126e-08   8.061266e-03
7.980000e+01   5.888580e+00   0.000000e+00   0.000000e+00   1.311605e+02   2.089804e-08   7.869388e-03
7.990000e+01   7.263929e+00   0.000000e+00   0.000000e+00   1.306631e+02   2.047620e-08   7.681301e-03
8.000000e+01   7.977081e+00   0.000000e+00   0.000000e+00   1.302011e+02   2.005569e-08   7.496948e-03
8.010000e+01   7.785832e+00   0.000000e+00   0.000000e+00   1.297759e+02   1.963648e-08   7.316274e-03
8.020000e+01   7.415723e+00   0.000000e+00   0.000000e+00   1.293891e+02   1.921857e-08   7.139224e-03
8.030000e+01   6.989417e+00   0.000000e+00   0.000000e+00   1.290422e+02   1.880196e-08   6.965741e-03
8.040000e+01   6.576292e+00   0.000000e+00   0.000000e+00   1.287369e+02   1.838668e-08   6.795771e-03
8.050000e+01   6.245728e+00   0.000000e+00   0.000000e+00   1.284746e+02   1.797278e-08   6.629256e-03
8.060000e+01   5.935735e+00   0.000000e+00   0.000000e+00   1.282568e+02   1.756033e-08   6.466143e-03
8.070000e+01   5.380497e+00   0.000000e+00   0.000000e+00   1.280831e+02   1.714971e-08   6.306392e-03
8.080000e+01   4.810435e+00   0.000000e+00   0.000000e+00   1.279516e+02   1.674153e-08   6.149974e-03
8.090000e+01   4.492394e+00   0.000000e+00   0.000000e+00   1.278604e+02   1.633638e-08   5.996862e-03
8.100000e+01   4.693220e+00   0.000000e+00   0.000000e+00   1.278073e+02   1.593483e-08   5.847029e-03
8.110000e+01   5.667752e+00   0.000000e+00   0.000000e+00   1.277904e+02   1.553740e-08   5.700448e-03
8.120000e+01   7.389637e+00   0.000000e+00   0.000000e+00   1.278077e+02   1.514461e-08   5.557091e-03
8.130000e+01   9.573418e+00   0.000000e+00   0.000000e+00   1.278573e+02   1.475691e-08   5.416932e-03
8.140000e+01   1.192510e+01   0.000000e+00   0.000000e+00   1.279371e+02   1.437475e-08   5.279942e-03
8.150000e+01   1.415068e+01   0.000000e+00   0.000000e+00   1.280451e+02   1.399853e-08   5.146095e-03
8.160000e+01   1.607152e+01   0.000000e+00   0.000000e+00   1.281794e+02   1.362861e-08   5.015363e-03
8.170000e+01   1.796094e+01   0.000000e+00   0.000000e+00   1.283379e+02   1.326535e-08   4.887719e-03
8.180000e+01   1.978842e+01   0.000000e+00   0.000000e+00   1.285187e+02   1.290905e-08   4.763135e-03
8.190000e+01   2.147800e+01   0.000000e+00   0.000000e+00   1.287198e+02   1.255997e-08   4.641586e-03
8.200000e+01   2.295370e+01   0.000000e+00   0.000000e+00   1.289391e+02   1.221838e-08   4.523042e-03
8.210000e+01   2.418112e+01   0.000000e+00   0.000000e+00   1.291747e+02   1.188448e-08   4.407477e-03
8.220000e+01   2.529417e+01   0.000000e+00   0.000000e+00   1.294246e+02   1.155846e-08   4.294863e-03
8.230000e+01   2.628117e+01   0.000000e+00   0.000000e+00   1.296868e+02   1.124049e-08   4.185174e-03
8.240000e+01   2.710741e+01   0.000000e+00   0.000000e+00   1.299593e+02   1.093071e-08   4.078382e-03
8.250000e+01   2.773820e+01   0.000000e+00   0.000000e+00   1.302401e+02   1.062921e-08   3.974459e-03
8.260000e+01   2.814459e+01   0.000000e+00   0.000000e+00   1.305280e+02   1.033602e-08   3.873373e-03
8.270000e+01   2.833290e+01   0.000000e+00   0.000000e+00   1.308249e+02   1.005083e-08   3.775069e-03
8.280000e+01   2.832261e+01   0.000000e+00   0.000000e+00   1.311333e+02   9.773315e-09   3.679487e-03
8.290000e+01   2.813287e+01   0.000000e+00   0.000000e+00   1.314556e+02   9.503150e-09   3.586567e-03
8.300000e+01   2.778285e+01   0.000000e+00   0.000000e+00   1.317943e+02   9.240037e-09   3.496251e-03
8.310000e+01   2.718236e+01   0.000000e+00   0.000000e+00   1.321518e+02   8.983694e-09   3.408478e-03
8.320000e+01   2.579496e+01   0.000000e+00   0.000000e+00   1.325308e+02   8.733856e-09   3.323190e-03
8.330000e+01   2.378752e+01   0.000000e+00   0.000000e+00   1.329336e+02   8.490273e-09   3.240326e-03
8.340000e+01   2.144747e+01   0.000000e+00   0.000000e+00   1.333627e+02   8.252711e-09   3.159827e-03
8.350000e+01   1.906221e+01   0.000000e+00   0.000000e+00   1.338206e+02   8.020948e-09   3.081635e-03
8.360000e+01   1.679140e+01   0.000000e+00   0.000000e+00   1.343099e+02   7.794776e-09   3.005688e-03
8.370000e+01   1.409797e+01   0.000000e+00   0.000000e+00   1.348329e+02   7.573999e-09   2.931928e-03
8.380000e+01   1.124638e+01   0.000000e+00   0.000000e+00   1.353921e+02   7.358430e-09   2.860295e-03
8.390000e+01   8.675096e+00   0.000000e+00   0.000000e+00   1.359901e+02   7.147896e-09   2.790730e-03
8.400000e+01   6.822607e+00   0.000000e+00   0.000000e+00   1.366293e+02   6.942232e-09   2.723174e-03
8.410000e+01   6.056901e+00   0.000000e+00   0.000000e+00   1.373122e+02   6.741281e-09   2.657565e-03
8.420000e+01   6.017748e+00   0.000000e+00   0.000000e+00   1.380413e+02   6.544898e-09   2.593847e-03
8.430000e+01   6.362489e+00   0.000000e+00   0.000000e+00   1.388190e+02   6.352944e-09   2.531957e-03
8.440000e+01   6.831651e+00   0.000000e+00   0.000000e+00   1.396479e+02   6.165286e-09   2.471838e-03
8.450000e+01   7.165760e+00   0.000000e+00   0.000000e+00   1.405304e+02   5.981802e-09   2.413430e-03
8.460000e+01   7.146030e+00   0.000000e+00   0.000000e+00   1.414684e+02   5.802405e-09   2.356675e-03
8.470000e+01   6.984133e+00   0.000000e+00   0.000000e+00   1.424590e+02   5.627220e-09   2.301528e-03
8.480000e+01   6.776154e+00   0.000000e+00   0.000000e+00   1.434980e+02   5.456419e-09   2.247947e-03
8.490000e+01   6.542296e+00   0.000000e+00   0.000000e+00   1.445810e+02   5.290144e-09   2.195892e-03
8.500000e+01   6.302760e+00   0.000000e+00   0.000000e+00   1.457034e+02   5.128501e-09   2.145322e-03
8.510000e+01   6.081609e+00   0.000000e+00   0.000000e+00   1.468610e+02   4.971568e-09   2.096197e-03
8.520000e+01   5.917279e+00   0.000000e+00   0.000000e+00   1.480492e+02   4.819393e-09   2.048475e-03
8.530000e+01   5.770054e+00   0.000000e+00   0.000000e+00   1.492637e+02   4.671999e-09   2.002116e-03
8.540000e+01   5.583578e+00   0.000000e+00   0.000000e+00   1.505001e+02   4.529386e-09   1.957080e-03
8.550000e+01   5.301496e+00   0.000000e+00   0.000000e+00   1.517539e+02   4.391534e-09   1.913324e-03
8.560000e+01   4.871442e+00   0.000000e+00   0.000000e+00   1.530208e+02   4.258402e-09   1.870809e-03
8.570000e+01   4.312141e+00   0.000000e+00   0.000000e+00   1.542963e+02   4.129934e-09   1.829494e-03
8.580000e+01   3.655778e+00   0.000000e+00   0.000000e+00   1.555760e+02   4.006058e-09   1.789337e-03
8.590000e+01   2.924388e+00   0.000000e+00   0.000000e+00   1.568555e+02   3.886692e-09   1.750299e-03
8.600000e+01   2.140008e+00   0.000000e+00   0.000000e+00   1.581304e+02   3.771740e-09   1.712338e-03
8.610000e+01   1.304665e+00   0.000000e+00   0.000000e+00   1.593962e+02   3.661099e-09   1.675413e-03
8.620000e+01   1.440194e-01   0.000000e+00   0.000000e+00   1.606487e+02   3.554658e-09   1.639484e-03
8.630000e+01   -1.365892e+00   0.000000e+00   0.000000e+00   1.618832e+02   3.452299e-09   1.604511e-03
8.640000e+01   -3.134504e+00   0.000000e+00   0.000000e+00   1.630955e+02   3.353899e-09   1.570451e-03
8.650000e+01   -5.071250e+00   0.000000e+00   0.000000e+00   1.642812e+02   3.259332e-09   1.537265e-03
8.660000e+01   -7.117460e+00   0.000000e+00   0.000000e+00   1.654357e+02   3.168468e-09   1.504911e-03
8.670000e+01   -9.740238e+00   0.000000e+00   0.000000e+00   1.665547e+02   3.081176e-09   1.473350e-03
8.680000e+01   -1.286470e+01   0.000000e+00   0.000000e+00   1.676340e+02   2.997322e-09   1.442540e-03
8.690000e+01   -1.615320e+01   0.000000e+00   0.000000e+00   1.686716e+02   2.916754e-09   1.412454e-03
8.700000e+01   -1.926874e+01   0.000000e+00   0.000000e+00   1.696683e+02   2.839310e-09   1.383075e-03
8.710000e+01   -2.190394e+01   0.000000e+00   0.000000e+00   1.706248e+02   2.764835e-09   1.354390e-03
8.720000e+01   -2.447640e+01   0.000000e+00   0.000000e+00   1.715417e+02   2.693187e-09   1.326382e-03
8.730000e+01   -2.702649e+01   0.000000e+00   0.000000e+00   1.724198e+02   2.624228e-09   1.299036e-03
8.740000e+01   -2.928122e+01   0.000000e+00   0.000000e+00   1.732597e+02   2.557830e-09   1.272336e-03
8.750000e+01   -3.096761e+01   0.000000e+00   0.000000e+00   1.740623e+02   2.493871e-09   1.246267e-03
8.760000e+01   -3.183301e+01   0.000000e+00   0.000000e+00   1.748281e+02   2.432236e-09   1.220814e-03
8.770000e+01   -3.233860e+01   0.000000e+00   0.000000e+00   1.755580e+02   2.372816e-09   1.195961e-03
8.780000e+01   -3.277139e+01   0.000000e+00   0.000000e+00   1.762526e+02   2.315507e-09   1.171693e-03
8.790000e+01   -3.312095e+01   0.000000e+00   0.000000e+00   1.769126e+02   2.260211e-09   1.147995e-03
8.800000e+01   -3.337690e+01   0.000000e+00   0.000000e+00   1.775387e+02   2.206833e-09   1.124851e-03
8.810000e+01   -3.353006e+01   0.000000e+00   0.000000e+00   1.781317e+02   2.155285e-09   1.102245e-03
8.820000e+01   -3.363031e+01   0.000000e+00   0.000000e+00   1.786923e+02   2.105480e-09   1.080163e-03
8.830000e+01   -3.370985e+01   0.000000e+00   0.000000e+00   1.792211e+02   2.057339e-09   1.058589e-03
8.840000e+01   -3.377120e+01   0.000000e+00   0.000000e+00   1.797188e+02   2.010782e-09   1.037507e-03
8.850000e+01   -3.381685e+01   0.000000e+00   0.000000e+00   1.801863e+02   1.965735e-09   1.016902e-03
8.860000e+01   -3.384510e+01   0.000000e+00   0.000000e+00   1.806242e+02   1.922127e-09   9.967592e-04
8.870000e+01   -3.359596e+01   0.000000e+00   0.000000e+00   1.810331e+02   1.879888e-09   9.770626e-04
8.880000e+01   -3.301932e+01   0.000000e+00   0.000000e+00   1.814139e+02   1.838953e-09   9.577969e-04
8.890000e+01   -3.226219e+01   0.000000e+00   0.000000e+00   1.817672e+02   1.799257e-09   9.389468e-04
8.900000e+01   -3.147156e+01   0.000000e+00   0.000000e+00   1.820937e+02   1.760739e-09   9.204968e-04
8.910000e+01   -3.079393e+01   0.000000e+00   0.000000e+00   1.823942e+02   1.723340e-09   9.024316e-04
8.920000e+01   -3.026961e+01   0.000000e+00   0.000000e+00   1.826693e+02   1.687003e-09   8.847357e-04
8.930000e+01   -2.979990e+01   0.000000e+00   0.000000e+00   1.829199e+02   1.651672e-09   8.673954e-04
8.940000e+01   -2.929402e+01   0.000000e+00   0.000000e+00   1.831473e+02   1.617306e-09   8.504032e-04
8.950000e+01   -2.866106e+01   0.000000e+00   0.000000e+00   1.833529e+02   1.583862e-09   8.337535e-04
8.960000e+01   -2.780629e+01   0.000000e+00   0.000000e+00   1.835383e+02   1.551304e-09   8.174404e-04
8.970000e+01   -2.586459e+01   0.000000e+00   0.000000e+00   1.837048e+02   1.519595e-09   8.014583e-04
8.980000e+01   -2.285214e+01   0.000000e+00   0.000000e+00   1.838540e+02   1.488700e-09   7.858013e-04
8.990000e+01   -1.967658e+01   0.000000e+00   0.000000e+00   1.839873e+02   1.458586e-09   7.704639e-04
9.000000e+01   -1.724556e+01   0.000000e+00   0.000000e+00   1.841061e+02   1.429222e-09   7.554402e-04
9.010000e+01   -1.646555e+01   0.000000e+00   0.000000e+00   1.842118e+02   1.400577e-09   7.407245e-04
9.020000e+01   -1.693748e+01   0.000000e+00   0.000000e+00   1.843060e+02   1.372621e-09   7.263111e-04
9.030000e+01   -1.767915e+01   0.000000e+00   0.000000e+00   1.843901e+02   1.345329e-09   7.121942e-04
9.040000e+01   -1.851872e+01   0.000000e+00   0.000000e+00   1.844656e+02   1.318672e-09   6.983681e-04
9.050000e+01   -1.928437e+01   0.000000e+00   0.000000e+00   1.845339e+02   1.292625e-09   6.848271e-04
9.060000e+01   -1.980428e+01   0.000000e+00   0.000000e+00   1.845964e+02   1.267164e-09   6.715655e-04
9.070000e+01   -2.008262e+01   0.000000e+00   0.000000e+00   1.846546e+02   1.242265e-09   6.585774e-04
9.080000e+01   -2.025873e+01   0.000000e+00   0.000000e+00   1.847100e+02   1.217906e-09   6.458572e-04
9.090000e+01   -2.036357e+01   0.000000e+00   0.000000e+00   1.847640e+02   1.194064e-09   6.333991e-04
9.100000e+01   -2.042806e+01   0.000000e+00   0.000000e+00   1.848181e+02   1.170719e-09   6.211974e-04
9.110000e+01   -2.048316e+01   0.000000e+00   0.000000e+00   1.848737e+02   1.147851e-09   6.092464e-04
9.120000e+01   -2.037383e+01   0.000000e+00   0.000000e+00   1.849323e+02   1.125439e-09   5.975403e-04
9.130000e+01   -2.001951e+01   0.000000e+00   0.000000e+00   1.849954e+02   1.103465e-09   5.860734e-04
9.140000e+01   -1.960649e+01   0.000000e+00   0.000000e+00   1.850643e+02   1.081912e-09   5.748399e-04
9.150000e+01   -1.932136e+01   0.000000e+00   0.000000e+00   1.851406e+02   1.060761e-09   5.638342e-04
9.160000e+01   -1.935068e+01   0.000000e+00   0.000000e+00   1.852257e+02   1.039995e-09   5.530504e-04
9.170000e+01   -1.965022e+01   0.000000e+00   0.000000e+00   1.853210e+02   1.019598e-09   5.424829e-04
9.180000e+01   -1.999984e+01   0.000000e+00   0.000000e+00   1.854280e+02   9.995552e-10   5.321260e-04
9.190000e+01   -2.040985e+01   0.000000e+00   0.000000e+00   1.855474e+02   9.798564e-10   5.219751e-04
9.200000e+01   -2.089089e+01   0.000000e+00   0.000000e+00   1.856792e+02   9.605003e-10   5.120272e-04
9.210000e+01   -2.145353e+01   0.000000e+00   0.000000e+00   1.858230e+02   9.414852e-10   5.022793e-04
9.220000e+01   -2.226101e+01   0.000000e+00   0.000000e+00   1.859787e+02   9.228094e-10   4.927285e-04
9.230000e+01   -2.346190e+01   0.000000e+00   0.000000e+00   1.861462e+02   9.044710e-10   4.833717e-04
9.240000e+01   -2.492863e+01   0.000000e+00   0.000000e+00   1.863253e+02   8.864678e-10   4.742061e-04
9.250000e+01   -2.653150e+01   0.000000e+00   0.000000e+00   1.865158e+02   8.687974e-10   4.652286e-04
9.260000e+01   -2.814080e+01   0.000000e+00   0.000000e+00   1.867174e+02   8.514575e-10   4.564363e-04
9.270000e+01   -2.986260e+01   0.000000e+00   0.000000e+00   1.869301e+02   8.344452e-10   4.478262e-04
9.280000e+01   -3.188734e+01   0.000000e+00   0.000000e+00   1.871537e+02   8.177577e-10   4.393954e-04
9.290000e+01   -3.397711e+01   0.000000e+00   0.000000e+00   1.873880e+02   8.013921e-10   4.311408e-04
9.300000e+01   -3.588808e+01   0.000000e+00   0.000000e+00   1.876327e+02   7.853451e-10   4.230595e-04
9.310000e+01   -3.737642e+01   0.000000e+00   0.000000e+00   1.878878e+02   7.696134e-10   4.151485e-04
9.320000e+01   -3.843668e+01   0.000000e+00   0.000000e+00   1.881530e+02   7.541935e-10   4.074049e-04
9.330000e+01   -3.941496e+01   0.000000e+00   0.000000e+00   1.884282e+02   7.390819e-10   3.998257e-04
9.340000e+01   -4.034590e+01   0.000000e+00   0.000000e+00   1.887131e+02   7.242747e-10   3.924080e-04
9.350000e+01   -4.125584e+01   0.000000e+00   0.000000e+00   1.890077e+02   7.097681e-10   3.851486e-04
9.360000e+01   -4.217115e+01   0.000000e+00   0.000000e+00   1.893117e+02   6.955581e-10   3.780448e-04
9.370000e+01   -4.308552e+01   0.000000e+00   0.000000e+00   1.896250e+02   6.816406e-10   3.710935e-04
9.380000e+01   -4.396276e+01   0.000000e+00   0.000000e+00   1.899473e+02   6.680113e-10   3.642917e-04
9.390000e+01   -4.483596e+01   0.000000e+00   0.000000e+00   1.902785e+02   6.546659e-10   3.576365e-04
9.400000e+01   -4.574030e+01   0.000000e+00   0.000000e+00   1.906184e+02   6.416000e-10   3.511249e-04
9.410000e+01   -4.671095e+01   0.000000e+00   0.000000e+00   1.909669e+02   6.288090e-10   3.447539e-04
9.420000e+01   -4.823655e+01   0.000000e+00   0.000000e+00   1.913237e+02   6.162883e-10   3.385206e-04
9.430000e+01   -5.098435e+01   0.000000e+00   0.000000e+00   1.916887e+02   6.040332e-10   3.324220e-04
9.440000e+01   -5.424030e+01   0.000000e+00   0.000000e+00   1.920617e+02   5.920390e-10   3.264551e-04
9.450000e+01   -5.724110e+01   0.000000e+00   0.000000e+00   1.924427e+02   5.803005e-10   3.206171e-04
9.460000e+01   -5.922377e+01   0.000000e+00   0.000000e+00   1.928320e+02   5.688119e-10   3.149054e-04
9.470000e+01   -5.993267e+01   0.000000e+00   0.000000e+00   1.932305e+02   5.575670e-10   3.093179e-04
9.480000e+01   -6.032304e+01   0.000000e+00   0.000000e+00   1.936389e+02   5.465595e-10   3.038522e-04
9.490000e+01   -6.050017e+01   0.000000e+00   0.000000e+00   1.940580e+02   5.357836e-10   2.985062e-04
9.500000e+01   -6.051190e+01   0.000000e+00   0.000000e+00   1.944884e+02   5.252336e-10   2.932774e-04
9.510000e+01   -6.040605e+01   0.000000e+00   0.000000e+00   1.949311e+02   5.149036e-10   2.881638e-04
9.520000e+01   -5.984655e+01   0.000000e+00   0.000000e+00   1.953867e+02   5.047883e-10   2.831630e-04
9.530000e+01   -5.810751e+01   0.000000e+00   0.000000e+00   1.958559e+02   4.948822e-10   2.782728e-04
9.540000e+01   -5.585904e+01   0.000000e+00   0.000000e+00   1.963395e+02   4.851799e-10   2.734909e-04
9.550000e+01   -5.385233e+01   0.000000e+00   0.000000e+00   1.968384e+02   4.756764e-10   2.688151e-04
9.560000e+01   -5.283856e+01   0.000000e+00   0.000000e+00   1.973531e+02   4.663666e-10   2.642431e-04
9.570000e+01   -5.309459e+01   0.000000e+00   0.000000e+00   1.978845e+02   4.572455e-10   2.597727e-04
9.580000e+01   -5.348381e+01   0.000000e+00   0.000000e+00   1.984333e+02   4.483081e-10   2.554016e-04
9.590000e+01   -5.390457e+01   0.000000e+00   0.000000e+00   1.990003e+02   4.395498e-10   2.511275e-04
9.600000e+01   -5.435999e+01   0.000000e+00   0.000000e+00   1.995862e+02   4.309658e-10   2.469481e-04
9.610000e+01   -5.485317e+01   0.000000e+00   0.000000e+00   2.001918e+02   4.225516e-10   2.428613e-04
9.620000e+01   -5.600582e+01   0.000000e+00   0.000000e+00   2.008178e+02   4.143026e-10   2.388648e-04
9.630000e+01   -5.947157e+01   0.000000e+00   0.000000e+00   2.014650e+02   4.062143e-10   2.349563e-04
9.640000e+01   -6.412403e+01   0.000000e+00   0.000000e+00   2.021341e+02   3.982824e-10   2.311336e-04
9.650000e+01   -6.859883e+01   0.000000e+00   0.000000e+00   2.028259e+02   3.905026e-10   2.273943e-04
9.660000e+01   -7.153158e+01   0.000000e+00   0.000000e+00   2.035411e+02   3.828706e-10   2.237364e-04
9.670000e+01   -7.219802e+01   0.000000e+00   0.000000e+00   2.042805e+02   3.753824e-10   2.201573e-04
9.680000e+01   -7.246749e+01   0.000000e+00   0.000000e+00   2.050448e+02   3.680338e-10   2.166551e-04
9.690000e+01   -7.263362e+01   0.000000e+00   0.000000e+00   2.058348e+02   3.608208e-10   2.132273e-04
9.700000e+01   -7.274322e+01   0.000000e+00   0.000000e+00   2.066512e+02   3.537395e-10   2.098717e-04
9.710000e+01   -7.284307e+01   0.000000e+00   0.000000e+00   2.074948e+02   3.467859e-10   2.065861e-04
9.720000e+01   -7.295487e+01   0.000000e+00   0.000000e+00   2.083664e+02   3.399562e-10   2.033682e-04
9.730000e+01   -7.300817e+01   0.000000e+00   0.000000e+00   2.092666e+02   3.332467e-10   2.002157e-04
9.740000e+01   -7.303328e+01   0.000000e+00   0.000000e+00   2.101962e+02   3.266537e-10   1.971264e-04
9.750000e+01   -7.307537e+01   0.000000e+00   0.000000e+00   2.111556e+02   3.201746e-10   1.940983e-04
9.760000e+01   -7.318038e+01   0.000000e+00   0.000000e+00   2.121436e+02   3.138102e-10   1.911302e-04
9.770000e+01   -7.359076e+01   0.000000e+00   0.000000e+00   2.131588e+02   3.075618e-10   1.882210e-04
9.780000e+01   -7.511036e+01   0.000000e+00   0.000000e+00   2.141999e+02   3.014305e-10   1.853697e-04
9.790000e+01   -7.725624e+01   0.000000e+00   0.000000e+00   2.152654e+02   2.954167e-10   1.825751e-04
9.800000e+01   -7.936952e+01   0.000000e+00   0.000000e+00   2.163539e+02   2.895211e-10   1.798363e-04
9.810000e+01   -8.079133e+01   0.000000e+00   0.000000e+00   2.174641e+02   2.837439e-10   1.771521e-04
9.820000e+01   -8.108269e+01   0.000000e+00   0.000000e+00   2.185945e+02   2.780850e-10   1.745216e-04
9.830000e+01   -8.115146e+01   0.000000e+00   0.000000e+00   2.197438e+02   2.725442e-10   1.719436e-04
9.840000e+01   -8.119081e+01   0.000000e+00   0.000000e+00   2.209106e+02   2.671210e-10   1.694170e-04
9.850000e+01   -8.120154e+01   0.000000e+00   0.000000e+00   2.220935e+02   2.618150e-10   1.669409e-04
9.860000e+01   -8.118441e+01   0.000000e+00   0.000000e+00   2.232911e+02   2.566254e-10   1.645142e-04
9.870000e+01   -8.103376e+01   0.000000e+00   0.000000e+00   2.245019e+02   2.515511e-10   1.621357e-04
9.880000e+01   -8.012959e+01   0.000000e+00   0.000000e+00   2.257247e+02   2.465912e-10   1.598045e-04
9.890000e+01   -7.862946e+01   0.000000e+00   0.000000e+00   2.269580e+02   2.417444e-10   1.575195e-04
9.900000e+01   -7.684466e+01   0.000000e+00   0.000000e+00   2.282004e+02   2.370093e-10   1.552795e-04
9.910000e+01   -7.508650e+01   0.000000e+00   0.000000e+00   2.294506e+02   2.323846e-10   1.530837e-04
9.920000e+01   -7.362132e+01   0.000000e+00   0.000000e+00   2.307071e+02   2.278686e-10   1.509308e-04
9.930000e+01   -7.227733e+01   0.000000e+00   0.000000e+00   2.319685e+02   2.234598e-10   1.488198e-04
9.940000e+01   -7.094086e+01   0.000000e+00   0.000000e+00   2.332335e+02   2.191563e-10   1.467498e-04
9.950000e+01   -6.955546e+01   0.000000e+00   0.000000e+00   2.345007e+02   2.149565e-10   1.447195e-04
9.960000e+01   -6.806465e+01   0.000000e+00   0.000000e+00   2.357687e+02   2.108583e-10   1.427280e-04
9.970000e+01   -6.641700e+01   0.000000e+00   0.000000e+00   2.370360e+02   2.068599e-10   1.407741e-04
9.980000e+01   -6.462195e+01   0.000000e+00   0.000000e+00   2.383013e+02   2.029592e-10   1.388569e-04
9.990000e+01   -6.269057e+01   0.000000e+00   0.000000e+00   2.395632e+02   1.991543e-10   1.369753e-04
1.000000e+02   -6.062628e+01   0.000000e+00   0.000000e+00   2.408203e+02   1.954431e-10   1.351281e-04
1.001000e+02   -5.843247e+01   0.000000e+00   0.000000e+00   2.420713e+02   1.918234e-10   1.333144e-04
1.002000e+02   -5.606307e+01   0.000000e+00   0.000000e+00   2.433146e+02   1.882931e-10   1.315331e-04
1.003000e+02   -5.311848e+01   0.000000e+00   0.000000e+00   2.445490e+02   1.848502e-10   1.297831e-04
1.004000e+02   -4.986219e+01   0.000000e+00   0.000000e+00   2.457730e+02   1.814923e-10   1.280633e-04
1.005000e+02   -4.673456e+01   0.000000e+00   0.000000e+00   2.469853e+02   1.782174e-10   1.263728e-04
1.006000e+02   -4.417592e+01   0.000000e+00   0.000000e+00   2.481844e+02   1.750232e-10   1.247104e-04
1.007000e+02   -4.257743e+01   0.000000e+00   0.000000e+00   2.493690e+02   1.719076e-10   1.230750e-04
1.008000e+02   -4.155067e+01   0.000000e+00   0.000000e+00   2.505376e+02   1.688683e-10   1.214657e-04
1.009000e+02   -4.074764e+01   0.000000e+00   0.000000e+00   2.516890e+02   1.659032e-10   1.198813e-04
1.010000e+02   -3.996968e+01   0.000000e+00   0.000000e+00   2.528218e+02   1.630101e-10   1.183209e-04
1.011000e+02   -3.901775e+01   0.000000e+00   0.000000e+00   2.539364e+02   1.601865e-10   1.167840e-04
1.012000e+02   -3.766723e+01   0.000000e+00   0.000000e+00   2.550334e+02   1.574302e-10   1.152703e-04
1.013000e+02   -3.544187e+01   0.000000e+00   0.000000e+00   2.561135e+02   1.547390e-10   1.137796e-04
1.014000e+02   -3.241027e+01   0.000000e+00   0.000000e+00   2.571773e+02   1.521106e-10   1.123116e-04
1.015000e+02   -2.881581e+01   0.000000e+00   0.000000e+00   2.582256e+02   1.495431e-10   1.108659e-04
1.016000e+02   -2.490184e+01   0.000000e+00   0.000000e+00   2.592589e+02   1.470345e-10   1.094423e-04
1.017000e+02   -2.084377e+01   0.000000e+00   0.000000e+00   2.602779e+02   1.445829e-10   1.080405e-04
1.018000e+02   -1.570424e+01   0.000000e+00   0.000000e+00   2.612834e+02   1.421865e-10   1.066603e-04
1.019000e+02   -9.720425e+00   0.000000e+00   0.000000e+00   2.622759e+02   1.398436e-10   1.053012e-04
1.020000e+02   -3.693603e+00   0.000000e+00   0.000000e+00   2.632562e+02   1.375524e-10   1.039631e-04
1.021000e+02   1.574950e+00   0.000000e+00   0.000000e+00   2.642249e+02   1.353114e-10   1.026456e-04
1.022000e+02   5.330727e+00   0.000000e+00   0.000000e+00   2.651826e+02   1.331189e-10   1.013485e-04
1.023000e+02   8.171136e+00   0.000000e+00   0.000000e+00   2.661301e+02   1.309736e-10   1.000715e-04
1.024000e+02   1.062612e+01   0.000000e+00   0.000000e+00   2.670680e+02   1.288739e-10   9.881421e-05
1.025000e+02   1.281042e+01   0.000000e+00   0.000000e+00   2.679970e+02   1.268185e-10   9.757646e-05
1.026000e+02   1.483874e+01   0.000000e+00   0.000000e+00   2.689178e+02   1.248060e-10   9.635792e-05
1.027000e+02   1.682915e+01   0.000000e+00   0.000000e+00   2.698309e+02   1.228351e-10   9.515831e-05
1.028000e+02   1.893102e+01   0.000000e+00   0.000000e+00   2.707372e+02   1.209046e-10   9.397733e-05
1.029000e+02   2.103179e+01   0.000000e+00   0.000000e+00   2.716371e+02   1.190132e-10   9.281471e-05
1.030000e+02   2.293203e+01   0.000000e+00   0.000000e+00   2.725315e+02   1.171598e-10   9.167014e-05
1.031000e+02   2.443230e+01   0.000000e+00   0.000000e+00   2.734210e+02   1.153433e-10   9.054336e-05
1.032000e+02   2.534350e+01   0.000000e+00   0.000000e+00   2.743062e+02   1.135625e-10   8.943406e-05
1.033000e+02   2.598435e+01   0.000000e+00   0.000000e+00   2.751879e+02   1.118164e-10   8.834197e-05
1.034000e+02   2.658220e+01   0.000000e+00   0.000000e+00   2.760666e+02   1.101039e-10   8.726679e-05
1.035000e+02   2.712836e+01   0.000000e+00   0.000000e+00   2.769430e+02   1.084241e-10   8.620823e-05
1.036000e+02   2.761418e+01   0.000000e+00   0.000000e+00   2.778179e+02   1.067760e-10   8.516602e-05
1.037000e+02   2.801164e+01   0.000000e+00   0.000000e+00   2.786919e+02   1.051587e-10   8.413986e-05
1.038000e+02   2.714059e+01   0.000000e+00   0.000000e+00   2.795656e+02   1.035712e-10   8.312946e-05
1.039000e+02   2.485651e+01   0.000000e+00   0.000000e+00   2.804397e+02   1.020126e-10   8.213454e-05
1.040000e+02   2.192860e+01   0.000000e+00   0.000000e+00   2.813149e+02   1.004822e-10   8.115481e-05
1.041000e+02   1.912607e+01   0.000000e+00   0.000000e+00   2.821919e+02   9.897905e-11   8.018999e-05
1.042000e+02   1.721186e+01   0.000000e+00   0.000000e+00   2.830713e+02   9.750236e-11   7.923978e-05
1.043000e+02   1.603735e+01   0.000000e+00   0.000000e+00   2.839537e+02   9.605135e-11   7.830390e-05
1.044000e+02   1.509675e+01   0.000000e+00   0.000000e+00   2.848399e+02   9.462525e-11   7.738206e-05
1.045000e+02   1.427162e+01   0.000000e+00   0.000000e+00   2.857306e+02   9.322333e-11   7.647398e-05
1.046000e+02   1.344348e+01   0.000000e+00   0.000000e+00   2.866263e+02   9.184485e-11   7.557936e-05
1.047000e+02   1.249473e+01   0.000000e+00   0.000000e+00   2.875278e+02   9.048912e-11   7.469792e-05
1.048000e+02   1.152433e+01   0.000000e+00   0.000000e+00   2.884356e+02   8.915545e-11   7.382937e-05
1.049000e+02   1.058489e+01   0.000000e+00   0.000000e+00   2.893506e+02   8.784317e-11   7.297343e-05
1.050000e+02   9.561630e+00   0.000000e+00   0.000000e+00   2.902733e+02   8.655164e-11   7.212982e-05
1.051000e+02   8.339461e+00   0.000000e+00   0.000000e+00   2.912042e+02   8.528041e-11   7.129832e-05
1.052000e+02   6.802553e+00   0.000000e+00   0.000000e+00   2.921434e+02   8.402916e-11   7.047880e-05
1.053000e+02   4.498787e+00   0.000000e+00   0.000000e+00   2.930911e+02   8.279759e-11   6.967112e-05
1.054000e+02   1.395520e+00   0.000000e+00   0.000000e+00   2.940476e+02   8.158541e-11   6.887514e-05
1.055000e+02   -2.072716e+00   0.000000e+00   0.000000e+00   2.950130e+02   8.039231e-11   6.809074e-05
1.056000e+02   -5.471393e+00   0.000000e+00   0.000000e+00   2.959875e+02   7.921800e-11   6.731776e-05
1.057000e+02   -8.365980e+00   0.000000e+00   0.000000e+00   2.969713e+02   7.806220e-11   6.655607e-05
1.058000e+02   -1.085299e+01   0.000000e+00   0.000000e+00   2.979646e+02   7.692462e-11   6.580553e-05
1.059000e+02   -1.325288e+01   0.000000e+00   0.000000e+00   2.989676e+02   7.580497e-11   6.506602e-05
1.060000e+02   -1.546706e+01   0.000000e+00   0.000000e+00   2.999805e+02   7.470298e-11   6.433738e-05
1.061000e+02   -1.739691e+01   0.000000e+00   0.000000e+00   3.010035e+02   7.361837e-11   6.361948e-05
1.062000e+02   -1.894385e+01   0.000000e+00   0.000000e+00   3.020368e+02   7.255087e-11   6.291219e-05
1.063000e+02   -2.006511e+01   0.000000e+00   0.000000e+00   3.030805e+02   7.150021e-11   6.221536e-05
1.064000e+02   -2.089916e+01   0.000000e+00   0.000000e+00   3.041349e+02   7.046611e-11   6.152886e-05
1.065000e+02   -2.161640e+01   0.000000e+00   0.000000e+00   3.052001e+02   6.944833e-11   6.085255e-05
1.066000e+02   -2.238726e+01   0.000000e+00   0.000000e+00   3.062764e+02   6.844659e-11   6.018630e-05
1.067000e+02   -2.338213e+01   0.000000e+00   0.000000e+00   3.073639e+02   6.746063e-11   5.952996e-05
1.068000e+02   -2.472749e+01   0.000000e+00   0.000000e+00   3.084628e+02   6.649021e-11   5.888340e-05
1.069000e+02   -2.635203e+01   0.000000e+00   0.000000e+00   3.095734e+02   6.553506e-11   5.824649e-05
1.070000e+02   -2.812919e+01   0.000000e+00   0.000000e+00   3.106958e+02   6.459494e-11   5.761907e-05
1.071000e+02   -2.993242e+01   0.000000e+00   0.000000e+00   3.118302e+02   6.366959e-11   5.700102e-05
1.072000e+02   -3.163514e+01   0.000000e+00   0.000000e+00   3.129769e+02   6.275878e-11   5.639220e-05
1.073000e+02   -3.327301e+01   0.000000e+00   0.000000e+00   3.141359e+02   6.186225e-11   5.579248e-05
1.074000e+02   -3.496833e+01   0.000000e+00   0.000000e+00   3.153075e+02   6.097978e-11   5.520170e-05
1.075000e+02   -3.661746e+01   0.000000e+00   0.000000e+00   3.164919e+02   6.011110e-11   5.461974e-05
1.076000e+02   -3.811481e+01   0.000000e+00   0.000000e+00   3.176893e+02   5.925601e-11   5.404646e-05
1.077000e+02   -3.935476e+01   0.000000e+00   0.000000e+00   3.188998e+02   5.841424e-11   5.348172e-05
1.078000e+02   -4.044454e+01   0.000000e+00   0.000000e+00   3.201237e+02   5.758559e-11   5.292538e-05
1.079000e+02   -4.157678e+01   0.000000e+00   0.000000e+00   3.213612e+02   5.676981e-11   5.237731e-05
1.080000e+02   -4.256394e+01   0.000000e+00   0.000000e+00   3.226124e+02   5.596668e-11   5.183737e-05
1.081000e+02   -4.321322e+01   0.000000e+00   0.000000e+00   3.238776e+02   5.517597e-11   5.130542e-05
1.082000e+02   -4.333179e+01   0.000000e+00   0.000000e+00   3.251569e+02   5.439746e-11   5.078132e-05
1.083000e+02   -4.281126e+01   0.000000e+00   0.000000e+00   3.264505e+02   5.363094e-11   5.026494e-05
1.084000e+02   -4.183457e+01   0.000000e+00   0.000000e+00   3.277587e+02   5.287617e-11   4.975613e-05
1.085000e+02   -4.060395e+01   0.000000e+00   0.000000e+00   3.290816e+02   5.213296e-11   4.925477e-05
1.086000e+02   -3.932009e+01   0.000000e+00   0.000000e+00   3.304194e+02   5.140107e-11   4.876071e-05
1.087000e+02   -3.818367e+01   0.000000e+00   0.000000e+00   3.317723e+02   5.068030e-11   4.827381e-05
1.088000e+02   -3.721255e+01   0.000000e+00   0.000000e+00   3.331405e+02   4.997043e-11   4.779394e-05
1.089000e+02   -3.618913e+01   0.000000e+00   0.000000e+00   3.345241e+02   4.927127e-11   4.732097e-05
1.090000e+02   -3.522680e+01   0.000000e+00   0.000000e+00   3.359235e+02   4.858260e-11   4.685474e-05
1.091000e+02   -3.444990e+01   0.000000e+00   0.000000e+00   3.373388e+02   4.790423e-11   4.639513e-05
1.092000e+02   -3.398275e+01   0.000000e+00   0.000000e+00   3.387701e+02   4.723594e-11   4.594200e-05
1.093000e+02   -3.385373e+01   0.000000e+00   0.000000e+00   3.402177e+02   4.657753e-11   4.549521e-05
1.094000e+02   -3.388882e+01   0.000000e+00   0.000000e+00   3.416817e+02   4.592882e-11   4.505463e-05
1.095000e+02   -3.405724e+01   0.000000e+00   0.000000e+00   3.431624e+02   4.528961e-11   4.462010e-05
1.096000e+02   -3.433578e+01   0.000000e+00   0.000000e+00   3.446599e+02   4.465969e-11   4.419151e-05
1.097000e+02   -3.470118e+01   0.000000e+00   0.000000e+00   3.461744e+02   4.403889e-11   4.376871e-05
1.098000e+02   -3.526368e+01   0.000000e+00   0.000000e+00   3.477057e+02   4.342713e-11   4.335161e-05
1.099000e+02   -3.629723e+01   0.000000e+00   0.000000e+00   3.492530e+02   4.282437e-11   4.294014e-05
1.100000e+02   -3.769906e+01   0.000000e+00   0.000000e+00   3.508158e+02   4.223059e-11   4.253424e-05
1.101000e+02   -3.934750e+01   0.000000e+00   0.000000e+00   3.523935e+02   4.164577e-11   4.213385e-05
1.102000e+02   -4.112089e+01   0.000000e+00   0.000000e+00   3.539855e+02   4.106985e-11   4.173889e-05
1.103000e+02   -4.304039e+01   0.000000e+00   0.000000e+00   3.555910e+02   4.050280e-11   4.134931e-05
1.104000e+02   -4.537806e+01   0.000000e+00   0.000000e+00   3.572097e+02   3.994457e-11   4.096503e-05
1.105000e+02   -4.799740e+01   0.000000e+00   0.000000e+00   3.588407e+02   3.939509e-11   4.058599e-05
1.106000e+02   -5.073502e+01   0.000000e+00   0.000000e+00   3.604836e+02   3.885432e-11   4.021213e-05
1.107000e+02   -5.342753e+01   0.000000e+00   0.000000e+00   3.621376e+02   3.832218e-11   3.984338e-05
1.108000e+02   -5.602808e+01   0.000000e+00   0.000000e+00   3.638022e+02   3.779862e-11   3.947968e-05
1.109000e+02   -5.875906e+01   0.000000e+00   0.000000e+00   3.654768e+02   3.728355e-11   3.912096e-05
1.110000e+02   -6.150113e+01   0.000000e+00   0.000000e+00   3.671608e+02   3.677690e-11   3.876715e-05
1.111000e+02   -6.410609e+01   0.000000e+00   0.000000e+00   3.688535e+02   3.627861e-11   3.841819e-05
1.112000e+02   -6.642576e+01   0.000000e+00   0.000000e+00   3.705543e+02   3.578857e-11   3.807401e-05
1.113000e+02   -6.845993e+01   0.000000e+00   0.000000e+00   3.722627e+02   3.530672e-11   3.773455e-05
1.114000e+02   -7.055965e+01   0.000000e+00   0.000000e+00   3.739779e+02   3.483295e-11   3.739974e-05
1.115000e+02   -7.253599e+01   0.000000e+00   0.000000e+00   3.756995e+02   3.436719e-11   3.706953e-05
1.116000e+02   -7.414837e+01   0.000000e+00   0.000000e+00   3.774267e+02   3.390935e-11   3.674383e-05
1.117000e+02   -7.515619e+01   0.000000e+00   0.000000e+00   3.791590e+02   3.345932e-11   3.642259e-05
1.118000e+02   -7.548242e+01   0.000000e+00   0.000000e+00   3.808957e+02   3.301701e-11   3.610574e-05
1.119000e+02   -7.566796e+01   0.000000e+00   0.000000e+00   3.826363e+02   3.258234e-11   3.579322e-05
1.120000e+02   -7.579366e+01   0.000000e+00   0.000000e+00   3.843802e+02   3.215518e-11   3.548496e-05
1.121000e+02   -7.587452e+01   0.000000e+00   0.000000e+00   3.861266e+02   3.173546e-11   3.518089e-05
1.122000e+02   -7.592551e+01   0.000000e+00   0.000000e+00   3.878750e+02   3.132306e-11   3.488096e-05
1.123000e+02   -7.591711e+01   0.000000e+00   0.000000e+00   3.896249e+02   3.091789e-11   3.458508e-05
1.124000e+02   -7.568122e+01   0.000000e+00   0.000000e+00   3.913755e+02   3.051983e-11   3.429321e-05
1.125000e+02   -7.526253e+01   0.000000e+00   0.000000e+00   3.931263e+02   3.012880e-11   3.400527e-05
1.126000e+02   -7.473354e+01   0.000000e+00   0.000000e+00   3.948766e+02   2.974468e-11   3.372120e-05
1.127000e+02   -7.416677e+01   0.000000e+00   0.000000e+00   3.966259e+02   2.936736e-11   3.344093e-05
1.128000e+02   -7.356160e+01   0.000000e+00   0.000000e+00   3.983735e+02   2.899675e-11   3.316440e-05
1.129000e+02   -7.266780e+01   0.000000e+00   0.000000e+00   4.001188e+02   2.863274e-11   3.289154e-05
1.130000e+02   -7.165540e+01   0.000000e+00   0.000000e+00   4.018612e+02   2.827521e-11   3.262228e-05
1.131000e+02   -7.075617e+01   0.000000e+00   0.000000e+00   4.036001e+02   2.792408e-11   3.235657e-05
1.132000e+02   -7.020189e+01   0.000000e+00   0.000000e+00   4.053349e+02   2.757922e-11   3.209433e-05
1.133000e+02   -7.015358e+01   0.000000e+00   0.000000e+00   4.070649e+02   2.724054e-11   3.183551e-05
1.134000e+02   -7.030528e+01   0.000000e+00   0.000000e+00   4.087896e+02   2.690793e-11   3.158002e-05
1.135000e+02   -7.052879e+01   0.000000e+00   0.000000e+00   4.105084e+02   2.658128e-11   3.132782e-05
1.136000e+02   -7.075413e+01   0.000000e+00   0.000000e+00   4.122205e+02   2.626049e-11   3.107883e-05
1.137000e+02   -7.091130e+01   0.000000e+00   0.000000e+00   4.139255e+02   2.594545e-11   3.083299e-05
1.138000e+02   -7.089018e+01   0.000000e+00   0.000000e+00   4.156227e+02   2.563606e-11   3.059024e-05
1.139000e+02   -7.042290e+01   0.000000e+00   0.000000e+00   4.173114e+02   2.533222e-11   3.035050e-05
1.140000e+02   -6.959441e+01   0.000000e+00   0.000000e+00   4.189912e+02   2.503382e-11   3.011371e-05
1.141000e+02   -6.855240e+01   0.000000e+00   0.000000e+00   4.206613e+02   2.474076e-11   2.987981e-05
1.142000e+02   -6.744455e+01   0.000000e+00   0.000000e+00   4.223211e+02   2.445294e-11   2.964874e-05
1.143000e+02   -6.639767e+01   0.000000e+00   0.000000e+00   4.239701e+02   2.417025e-11   2.942042e-05
1.144000e+02   -6.532479e+01   0.000000e+00   0.000000e+00   4.256076e+02   2.389261e-11   2.919479e-05
1.145000e+02   -6.414784e+01   0.000000e+00   0.000000e+00   4.272330e+02   2.361990e-11   2.897178e-05
1.146000e+02   -6.281369e+01   0.000000e+00   0.000000e+00   4.288457e+02   2.335203e-11   2.875134e-05
1.147000e+02   -6.126925e+01   0.000000e+00   0.000000e+00   4.304451e+02   2.308890e-11   2.853339e-05
1.148000e+02   -5.941932e+01   0.000000e+00   0.000000e+00   4.320306e+02   2.283041e-11   2.831787e-05
1.149000e+02   -5.693313e+01   0.000000e+00   0.000000e+00   4.336015e+02   2.257646e-11   2.810471e-05
1.150000e+02   -5.398395e+01   0.000000e+00   0.000000e+00   4.351573e+02   2.232697e-11   2.789385e-05
1.151000e+02   -5.086023e+01   0.000000e+00   0.000000e+00   4.366974e+02   2.208183e-11   2.768522e-05
1.152000e+02   -4.785042e+01   0.000000e+00   0.000000e+00   4.382210e+02   2.184096e-11   2.747877e-05
1.153000e+02   -4.518753e+01   0.000000e+00   0.000000e+00   4.397276e+02   2.160425e-11   2.727441e-05
1.154000e+02   -4.252356e+01   0.000000e+00   0.000000e+00   4.412167e+02   2.137162e-11   2.707209e-05
1.155000e+02   -3.988427e+01   0.000000e+00   0.000000e+00   4.426875e+02   2.114298e-11   2.687174e-05
1.156000e+02   -3.745384e+01   0.000000e+00   0.000000e+00   4.441395e+02   2.091823e-11   2.667330e-05
1.157000e+02   -3.541664e+01   -0.000000e+00   -0.000000e+00   4.455724e+02   2.069729e-11   2.647672e-05
1.158000e+02   -3.392851e+01   -0.000000e+00   -0.000000e+00   4.469864e+02   2.048006e-11   2.628197e-05
1.159000e+02   -3.273732e+01   -0.000000e+00   -0.000000e+00   4.483819e+02   2.026645e-11   2.608904e-05
1.160000e+02   -3.172233e+01   -0.000000e+00   -0.000000e+00   4.497594e+02   2.005636e-11   2.589791e-05
1.161000e+02   -3.086338e+01   -0.000000e+00   -0.000000e+00   4.511192e+02   1.984972e-11   2.570858e-05
1.162000e+02   -3.014030e+01   -0.000000e+00   -0.000000e+00   4.524618e+02   1.964644e-11   2.552102e-05
1.163000e+02   -2.952429e+01   -0.000000e+00   -0.000000e+00   4.537875e+02   1.944643e-11   2.533523e-05
1.164000e+02   -2.889311e+01   -0.000000e+00   -0.000000e+00   4.550967e+02   1.924963e-11   2.515118e-05
1.165000e+02   -2.829087e+01   -0.000000e+00   -0.000000e+00   4.563898e+02   1.905594e-11   2.496886e-05
1.166000e+02   -2.781853e+01   -0.000000e+00   -0.000000e+00   4.576673e+02   1.886531e-11   2.478826e-05
1.167000e+02   -2.757707e+01   -0.000000e+00   -0.000000e+00   4.589294e+02   1.867765e-11   2.460937e-05
1.168000e+02   -2.768179e+01   -0.000000e+00   -0.000000e+00   4.601766e+02   1.849289e-11   2.443215e-05
1.169000e+02   -2.840541e+01   -0.000000e+00   -0.000000e+00   4.614094e+02   1.831097e-11   2.425662e-05
1.170000e+02   -2.958751e+01   -0.000000e+00   -0.000000e+00   4.626280e+02   1.813182e-11   2.408273e-05
1.171000e+02   -3.092287e+01   -0.000000e+00   -0.000000e+00   4.638330e+02   1.795538e-11   2.391050e-05
1.172000e+02   -3.210632e+01   -0.000000e+00   -0.000000e+00   4.650246e+02   1.778158e-11   2.373988e-05
1.173000e+02   -3.284949e+01   -0.000000e+00   -0.000000e+00   4.662033e+02   1.761036e-11   2.357089e-05
1.174000e+02   -3.334980e+01   -0.000000e+00   -0.000000e+00   4.673694e+02   1.744166e-11   2.340348e-05
1.175000e+02   -3.377635e+01   -0.000000e+00   -0.000000e+00   4.685235e+02   1.727543e-11   2.323767e-05
1.176000e+02   -3.414799e+01   -0.000000e+00   -0.000000e+00   4.696657e+02   1.711160e-11   2.307342e-05
1.177000e+02   -3.448357e+01   -0.000000e+00   -0.000000e+00   4.707967e+02   1.695013e-11   2.291072e-05
1.178000e+02   -3.480016e+01   -0.000000e+00   -0.000000e+00   4.719167e+02   1.679095e-11   2.274956e-05
1.179000e+02   -3.506294e+01   -0.000000e+00   -0.000000e+00   4.730262e+02   1.663402e-11   2.258993e-05
1.180000e+02   -3.528192e+01   -0.000000e+00   -0.000000e+00   4.741254e+02   1.647929e-11   2.243180e-05
1.181000e+02   -3.549812e+01   -0.000000e+00   -0.000000e+00   4.752150e+02   1.632670e-11   2.227517e-05
1.182000e+02   -3.575253e+01   -0.000000e+00   -0.000000e+00   4.762951e+02   1.617622e-11   2.212002e-05
1.183000e+02   -3.609731e+01   -0.000000e+00   -0.000000e+00   4.773663e+02   1.602778e-11   2.196633e-05
1.184000e+02   -3.699319e+01   -0.000000e+00   -0.000000e+00   4.784290e+02   1.588134e-11   2.181409e-05
1.185000e+02   -3.839638e+01   -0.000000e+00   -0.000000e+00   4.794834e+02   1.573687e-11   2.166328e-05
1.186000e+02   -3.993668e+01   -0.000000e+00   -0.000000e+00   4.805301e+02   1.559431e-11   2.151390e-05
1.187000e+02   -4.124387e+01   -0.000000e+00   -0.000000e+00   4.815693e+02   1.545362e-11   2.136592e-05
1.188000e+02   -4.195577e+01   -0.000000e+00   -0.000000e+00   4.826016e+02   1.531477e-11   2.121932e-05
1.189000e+02   -4.233331e+01   -0.000000e+00   -0.000000e+00   4.836272e+02   1.517770e-11   2.107411e-05
1.190000e+02   -4.265256e+01   -0.000000e+00   -0.000000e+00   4.846467e+02   1.504239e-11   2.093025e-05
1.191000e+02   -4.289437e+01   -0.000000e+00   -0.000000e+00   4.856604e+02   1.490878e-11   2.078774e-05
1.192000e+02   -4.303956e+01   -0.000000e+00   -0.000000e+00   4.866686e+02   1.477685e-11   2.064656e-05
1.193000e+02   -4.306817e+01   -0.000000e+00   -0.000000e+00   4.876718e+02   1.464656e-11   2.050669e-05
1.194000e+02   -4.288731e+01   -0.000000e+00   -0.000000e+00   4.886704e+02   1.451786e-11   2.036813e-05
1.195000e+02   -4.249291e+01   -0.000000e+00   -0.000000e+00   4.896647e+02   1.439073e-11   2.023085e-05
1.196000e+02   -4.195623e+01   -0.000000e+00   -0.000000e+00   4.906553e+02   1.426513e-11   2.009484e-05
1.197000e+02   -4.134856e+01   -0.000000e+00   -0.000000e+00   4.916423e+02   1.414102e-11   1.996008e-05
1.198000e+02   -4.074043e+01   -0.000000e+00   -0.000000e+00   4.926264e+02   1.401837e-11   1.982657e-05
1.199000e+02   -4.002453e+01   -0.000000e+00   -0.000000e+00   4.936077e+02   1.389716e-11   1.969429e-05
1.200000e+02   -3.915700e+01   -0.000000e+00   -0.000000e+00   4.945869e+02   1.377734e-11   1.956321e-05
1.201000e+02   -3.824191e+01   -0.000000e+00   -0.000000e+00   4.955641e+02   1.365888e-11   1.943333e-05
1.202000e+02   -3.738336e+01   -0.000000e+00   -0.000000e+00   4.965399e+02   1.354176e-11   1.930464e-05
1.203000e+02   -3.668531e+01   -0.000000e+00   -0.000000e+00   4.975147e+02   1.342595e-11   1.917711e-05
1.204000e+02   -3.613599e+01   -0.000000e+00   -0.000000e+00   4.984887e+02   1.331141e-11   1.905073e-05
1.205000e+02   -3.564684e+01   -0.000000e+00   -0.000000e+00   4.994625e+02   1.319811e-11   1.892549e-05
1.206000e+02   -3.518979e+01   -0.000000e+00   -0.000000e+00   5.004364e+02   1.308604e-11   1.880137e-05
1.207000e+02   -3.473674e+01   -0.000000e+00   -0.000000e+00   5.014108e+02   1.297516e-11   1.867836e-05
1.208000e+02   -3.425962e+01   -0.000000e+00   -0.000000e+00   5.023861e+02   1.286544e-11   1.855644e-05
1.209000e+02   -3.377929e+01   -0.000000e+00   -0.000000e+00   5.033627e+02   1.275686e-11   1.843560e-05
1.210000e+02   -3.331494e+01   -0.000000e+00   -0.000000e+00   5.043410e+02   1.264940e-11   1.831582e-05
1.211000e+02   -3.283590e+01   -0.000000e+00   -0.000000e+00   5.053214e+02   1.254302e-11   1.819709e-05
1.212000e+02   -3.231156e+01   -0.000000e+00   -0.000000e+00   5.063043e+02   1.243770e-11   1.807940e-05
1.213000e+02   -3.171127e+01   -0.000000e+00   -0.000000e+00   5.072900e+02   1.233341e-11   1.796272e-05
1.214000e+02   -3.091637e+01   -0.000000e+00   -0.000000e+00   5.082791e+02   1.223014e-11   1.784704e-05
1.215000e+02   -2.991008e+01   -0.000000e+00   -0.000000e+00   5.092718e+02   1.212787e-11   1.773235e-05
1.216000e+02   -2.883866e+01   -0.000000e+00   -0.000000e+00   5.102686e+02   1.202655e-11   1.761864e-05
1.217000e+02   -2.784848e+01   -0.000000e+00   -0.000000e+00   5.112698e+02   1.192618e-11   1.750588e-05
1.218000e+02   -2.708594e+01   -0.000000e+00   -0.000000e+00   5.122759e+02   1.182674e-11   1.739407e-05
1.219000e+02   -2.656205e+01   -0.000000e+00   -0.000000e+00   5.132872e+02   1.172819e-11   1.728319e-05
1.220000e+02   -2.612429e+01   -0.000000e+00   -0.000000e+00   5.143042e+02   1.163052e-11   1.717322e-05
1.221000e+02   -2.571923e+01   -0.000000e+00   -0.000000e+00   5.153272e+02   1.153371e-11   1.706415e-05
1.222000e+02   -2.529399e+01   -0.000000e+00   -0.000000e+00   5.163567e+02   1.143774e-11   1.695596e-05
1.223000e+02   -2.479566e+01   -0.000000e+00   -0.000000e+00   5.173930e+02   1.134259e-11   1.684865e-05
1.224000e+02   -2.409714e+01   -0.000000e+00   -0.000000e+00   5.184365e+02   1.124823e-11   1.674218e-05
1.225000e+02   -2.317747e+01   -0.000000e+00   -0.000000e+00   5.194876e+02   1.115465e-11   1.663656e-05
1.226000e+02   -2.221521e+01   -0.000000e+00   -0.000000e+00   5.205468e+02   1.106183e-11   1.653177e-05
1.227000e+02   -2.139022e+01   -0.000000e+00   -0.000000e+00   5.216143e+02   1.096976e-11   1.642778e-05
1.228000e+02   -2.088236e+01   -0.000000e+00   -0.000000e+00   5.226907e+02   1.087840e-11   1.632459e-05
1.229000e+02   -2.075477e+01   -0.000000e+00   -0.000000e+00   5.237763e+02   1.078775e-11   1.622218e-05
1.230000e+02   -2.084263e+01   -0.000000e+00   -0.000000e+00   5.248714e+02   1.069779e-11   1.612053e-05
1.231000e+02   -2.105976e+01   -0.000000e+00   -0.000000e+00   5.259761e+02   1.060851e-11   1.601964e-05
1.232000e+02   -2.132195e+01   -0.000000e+00   -0.000000e+00   5.270900e+02   1.051992e-11   1.591951e-05
1.233000e+02   -2.154499e+01   -0.000000e+00   -0.000000e+00   5.282132e+02   1.043202e-11   1.582013e-05
1.234000e+02   -2.175298e+01   -0.000000e+00   -0.000000e+00   5.293453e+02   1.034481e-11   1.572149e-05
1.235000e+02   -2.204972e+01   -0.000000e+00   -0.000000e+00   5.304862e+02   1.025828e-11   1.562360e-05
1.236000e+02   -2.233527e+01   -0.000000e+00   -0.000000e+00   5.316357e+02   1.017245e-11   1.552644e-05
1.237000e+02   -2.250526e+01   -0.000000e+00   -0.000000e+00   5.327937e+02   1.008730e-11   1.543002e-05
1.238000e+02   -2.245533e+01   -0.000000e+00   -0.000000e+00   5.339599e+02   1.000285e-11   1.533433e-05
1.239000e+02   -2.203083e+01   -0.000000e+00   -0.000000e+00   5.351341e+02   9.919086e-12   1.523936e-05
1.240000e+02   -2.118242e+01   -0.000000e+00   -0.000000e+00   5.363162e+02   9.836012e-12   1.514511e-05
1.241000e+02   -2.009464e+01   -0.000000e+00   -0.000000e+00   5.375059e+02   9.753628e-12   1.505157e-05
1.242000e+02   -1.895712e+01   -0.000000e+00   -0.000000e+00   5.387032e+02   9.671933e-12   1.495875e-05
1.243000e+02   -1.795949e+01   -0.000000e+00   -0.000000e+00   5.399078e+02   9.590927e-12   1.486663e-05
1.244000e+02   -1.718769e+01   -0.000000e+00   -0.000000e+00   5.411195e+02   9.510609e-12   1.477522e-05
1.245000e+02   -1.648022e+01   -0.000000e+00   -0.000000e+00   5.423382e+02   9.430978e-12   1.468450e-05
1.246000e+02   -1.580452e+01   -0.000000e+00   -0.000000e+00   5.435636e+02   9.352031e-12   1.459448e-05
1.247000e+02   -1.513569e+01   -0.000000e+00   -0.000000e+00   5.447956e+02   9.273770e-12   1.450515e-05
1.248000e+02   -1.444882e+01   -0.000000e+00   -0.000000e+00   5.460340e+02   9.196191e-12   1.441651e-05
1.249000e+02   -1.373225e+01   -0.000000e+00   -0.000000e+00   5.472786e+02   9.119293e-12   1.432854e-05
1.250000e+02   -1.300731e+01   -0.000000e+00   -0.000000e+00   5.485292e+02   9.043074e-12   1.424125e-05
1.251000e+02   -1.227447e+01   -0.000000e+00   -0.000000e+00   5.497857e+02   8.967534e-12   1.415464e-05
1.252000e+02   -1.153275e+01   -0.000000e+00   -0.000000e+00   5.510478e+02   8.892668e-12   1.406869e-05
1.253000e+02   -1.078117e+01   -0.000000e+00   -0.000000e+00   5.523153e+02   8.818477e-12   1.398341e-05
1.254000e+02   -9.978052e+00   -0.000000e+00   -0.000000e+00   5.535882e+02   8.744956e-12   1.389878e-05
1.255000e+02   -9.060879e+00   -0.000000e+00   -0.000000e+00   5.548662e+02   8.672105e-12   1.381482e-05
1.256000e+02   -8.136472e+00   -0.000000e+00   -0.000000e+00   5.561490e+02   8.599920e-12   1.373150e-05
1.257000e+02   -7.320884e+00   -0.000000e+00   -0.000000e+00   5.574367e+02   8.528398e-12   1.364883e-05
1.258000e+02   -6.730167e+00   -0.000000e+00   -0.000000e+00   5.587288e+02   8.457538e-12   1.356680e-05
1.259000e+02   -6.426363e+00   -0.000000e+00   -0.000000e+00   5.600253e+02   8.387337e-12   1.348541e-05
1.260000e+02   -6.275058e+00   -0.000000e+00   -0.000000e+00   5.613260e+02   8.317791e-12   1.340465e-05
1.261000e+02   -6.219939e+00   -0.000000e+00   -0.000000e+00   5.626307e+02   8.248897e-12   1.332452e-05
1.262000e+02   -6.215200e+00   -0.000000e+00   -0.000000e+00   5.639392e+02   8.180653e-12   1.324502e-05
1.263000e+02   -6.215032e+00   -0.000000e+00   -0.000000e+00   5.652513e+02   8.113056e-12   1.316614e-05
1.264000e+02   -6.197859e+00   -0.000000e+00   -0.000000e+00   5.665669e+02   8.046101e-12   1.308787e-05
1.265000e+02   -6.219764e+00   -0.000000e+00   -0.000000e+00   5.678857e+02   7.979787e-12   1.301022e-05
1.266000e+02   -6.272576e+00   -0.000000e+00   -0.000000e+00   5.692076e+02   7.914109e-12   1.293317e-05
1.267000e+02   -6.340677e+00   -0.000000e+00   -0.000000e+00   5.705323e+02   7.849063e-12   1.285673e-05
1.268000e+02   -6.408451e+00   -0.000000e+00   -0.000000e+00   5.718598e+02   7.784648e-12   1.278088e-05
1.269000e+02   -6.466741e+00   -0.000000e+00   -0.000000e+00   5.731898e+02   7.720858e-12   1.270563e-05
1.270000e+02   -6.531459e+00   -0.000000e+00   -0.000000e+00   5.745221e+02   7.657690e-12   1.263098e-05
1.271000e+02   -6.601168e+00   -0.000000e+00   -0.000000e+00   5.758566e+02   7.595141e-12   1.255690e-05
1.272000e+02   -6.671867e+00   -0.000000e+00   -0.000000e+00   5.771930e+02   7.533206e-12   1.248341e-05
1.273000e+02   -6.739557e+00   -0.000000e+00   -0.000000e+00   5.785312e+02   7.471882e-12   1.241050e-05
1.274000e+02   -6.808476e+00   -0.000000e+00   -0.000000e+00   5.798710e+02   7.411165e-12   1.233816e-05
1.275000e+02   -6.902531e+00   -0.000000e+00   -0.000000e+00   5.812123e+02   7.351051e-12   1.226638e-05
1.276000e+02   -6.998065e+00   -0.000000e+00   -0.000000e+00   5.825547e+02   7.291536e-12   1.219518e-05
1.277000e+02   -7.065810e+00   -0.000000e+00   -0.000000e+00   5.838982e+02   7.232616e-12   1.212453e-05
1.278000e+02   -7.076500e+00   -0.000000e+00   -0.000000e+00   5.852425e+02   7.174287e-12   1.205444e-05
1.279000e+02   -7.003814e+00   -0.000000e+00   -0.000000e+00   5.865875e+02   7.116544e-12   1.198490e-05
1.280000e+02   -6.860544e+00   -0.000000e+00   -0.000000e+00   5.879330e+02   7.059384e-12   1.191590e-05
1.281000e+02   -6.684984e+00   -0.000000e+00   -0.000000e+00   5.892788e+02   7.002802e-12   1.184745e-05
1.282000e+02   -6.515633e+00   -0.000000e+00   -0.000000e+00   5.906247e+02   6.946794e-12   1.177954e-05
1.283000e+02   -6.390987e+00   -0.000000e+00   -0.000000e+00   5.919706e+02   6.891355e-12   1.171216e-05
1.284000e+02   -6.360719e+00   -0.000000e+00   -0.000000e+00   5.933162e+02   6.836482e-12   1.164532e-05
1.285000e+02   -6.492197e+00   -0.000000e+00   -0.000000e+00   5.946614e+02   6.782171e-12   1.157899e-05
1.286000e+02   -6.737553e+00   -0.000000e+00   -0.000000e+00   5.960059e+02   6.728416e-12   1.151319e-05
1.287000e+02   -7.033505e+00   -0.000000e+00   -0.000000e+00   5.973497e+02   6.675213e-12   1.144791e-05
1.288000e+02   -7.316771e+00   -0.000000e+00   -0.000000e+00   5.986924e+02   6.622559e-12   1.138314e-05
1.289000e+02   -7.556799e+00   -0.000000e+00   -0.000000e+00   6.000340e+02   6.570447e-12   1.131887e-05
1.290000e+02   -7.894701e+00   -0.000000e+00   -0.000000e+00   6.013742e+02   6.518875e-12   1.125511e-05
1.291000e+02   -8.254959e+00   -0.000000e+00   -0.000000e+00   6.027129e+02   6.467838e-12   1.119185e-05
1.292000e+02   -8.516569e+00   -0.000000e+00   -0.000000e+00   6.040499e+02   6.417331e-12   1.112909e-05
1.293000e+02   -8.558530e+00   -0.000000e+00   -0.000000e+00   6.053849e+02   6.367349e-12   1.106681e-05
1.294000e+02   -8.298661e+00   -0.000000e+00   -0.000000e+00   6.067179e+02   6.317888e-12   1.100503e-05
1.295000e+02   -7.967539e+00   -0.000000e+00   -0.000000e+00   6.080486e+02   6.268944e-12   1.094372e-05
1.296000e+02   -7.630204e+00   -0.000000e+00   -0.000000e+00   6.093768e+02   6.220513e-12   1.088289e-05
1.297000e+02   -7.292073e+00   -0.000000e+00   -0.000000e+00   6.107023e+02   6.172588e-12   1.082254e-05
1.298000e+02   -6.958562e+00   -0.000000e+00   -0.000000e+00   6.120251e+02   6.125167e-12   1.076266e-05
1.299000e+02   -6.635440e+00   -0.000000e+00   -0.000000e+00   6.133448e+02   6.078245e-12   1.070324e-05
1.300000e+02   -6.328921e+00   -0.000000e+00   -0.000000e+00   6.146613e+02   6.031816e-12   1.064428e-05
