#% 0, Z0, m, 0.0
#% 1, Z, km
#% 2, U, m/s
#% 3, V, m/s
#% 4, W, m/s
#% 5, T, degK
#% 6, RHO, g/cm3
#% 7, P, mbar
0.000000e+00   -4.775535e+00   -0.000000e+00   -0.000000e+00   2.751345e+02   1.219208e-03   9.630642e+02
1.000000e-01   -7.922552e+00   -0.000000e+00   -0.000000e+00   2.746256e+02   1.206610e-03   9.513499e+02
2.000000e-01   -9.520113e+00   -0.000000e+00   -0.000000e+00   2.742252e+02   1.193681e-03   9.397834e+02
3.000000e-01   -1.019944e+01   -0.000000e+00   -0.000000e+00   2.738670e+02   1.180702e-03   9.283514e+02
4.000000e-01   -1.050741e+01   -0.000000e+00   -0.000000e+00   2.735012e+02   1.167877e-03   9.170411e+02
5.000000e-01   -1.055158e+01   -0.000000e+00   -0.000000e+00   2.731631e+02   1.155045e-03   9.058440e+02
6.000000e-01   -1.036060e+01   -0.000000e+00   -0.000000e+00   2.729019e+02   1.142001e-03   8.947573e+02
7.000000e-01   -1.001467e+01   0.000000e+00   0.000000e+00   2.727125e+02   1.128775e-03   8.837810e+02
8.000000e-01   -9.595267e+00   0.000000e+00   0.000000e+00   2.725391e+02   1.115606e-03   8.729148e+02
9.000000e-01   -9.163410e+00   0.000000e+00   0.000000e+00   2.723631e+02   1.102570e-03   8.621582e+02
1.000000e+00   -8.816679e+00   0.000000e+00   0.000000e+00   2.721835e+02   1.089672e-03   8.515104e+02
1.100000e+00   -8.562552e+00   0.000000e+00   0.000000e+00   2.720180e+02   1.076839e-03   8.409709e+02
1.200000e+00   -8.338940e+00   0.000000e+00   0.000000e+00   2.718819e+02   1.064013e-03   8.305385e+02
1.300000e+00   -8.176729e+00   0.000000e+00   0.000000e+00   2.717354e+02   1.051349e-03   8.202110e+02
1.400000e+00   -8.071130e+00   0.000000e+00   0.000000e+00   2.715351e+02   1.039009e-03   8.099863e+02
1.500000e+00   -8.005795e+00   0.000000e+00   0.000000e+00   2.712690e+02   1.027035e-03   7.998674e+02
1.600000e+00   -7.961338e+00   0.000000e+00   0.000000e+00   2.709651e+02   1.015324e-03   7.898608e+02
1.700000e+00   -7.912252e+00   0.000000e+00   0.000000e+00   2.706508e+02   1.003767e-03   7.799645e+02
1.800000e+00   -7.865366e+00   0.000000e+00   0.000000e+00   2.703431e+02   9.922955e-04   7.701737e+02
1.900000e+00   -7.825216e+00   0.000000e+00   0.000000e+00   2.700422e+02   9.809021e-04   7.604833e+02
2.000000e+00   -7.794546e+00   0.000000e+00   0.000000e+00   2.697423e+02   9.696050e-04   7.508898e+02
2.100000e+00   -7.784436e+00   0.000000e+00   0.000000e+00   2.694242e+02   9.584733e-04   7.413938e+02
2.200000e+00   -7.805045e+00   0.000000e+00   0.000000e+00   2.690675e+02   9.475796e-04   7.319970e+02
2.300000e+00   -7.842421e+00   0.000000e+00   0.000000e+00   2.686640e+02   9.369489e-04   7.226995e+02
2.400000e+00   -7.884195e+00   0.000000e+00   0.000000e+00   2.682144e+02   9.265732e-04   7.135004e+02
2.500000e+00   -7.915693e+00   0.000000e+00   0.000000e+00   2.677228e+02   9.164331e-04   7.043985e+02
2.600000e+00   -7.907081e+00   0.000000e+00   0.000000e+00   2.672032e+02   9.064746e-04   6.953920e+02
2.700000e+00   -7.849105e+00   0.000000e+00   0.000000e+00   2.666719e+02   8.966390e-04   6.864789e+02
2.800000e+00   -7.773296e+00   0.000000e+00   0.000000e+00   2.661378e+02   8.868929e-04   6.776573e+02
2.900000e+00   -7.718021e+00   0.000000e+00   0.000000e+00   2.656020e+02   8.772316e-04   6.689259e+02
3.000000e+00   -7.721311e+00   0.000000e+00   0.000000e+00   2.650641e+02   8.676550e-04   6.602835e+02
3.100000e+00   -7.812783e+00   0.000000e+00   0.000000e+00   2.645144e+02   8.581940e-04   6.517293e+02
3.200000e+00   -7.977790e+00   0.000000e+00   0.000000e+00   2.639384e+02   8.488941e-04   6.432629e+02
3.300000e+00   -8.173597e+00   0.000000e+00   0.000000e+00   2.633216e+02   8.397994e-04   6.348841e+02
3.400000e+00   -8.360844e+00   0.000000e+00   0.000000e+00   2.626596e+02   8.309205e-04   6.265924e+02
3.500000e+00   -8.507258e+00   0.000000e+00   0.000000e+00   2.619671e+02   8.222075e-04   6.183872e+02
3.600000e+00   -8.578860e+00   0.000000e+00   0.000000e+00   2.612608e+02   8.136056e-04   6.102680e+02
3.700000e+00   -8.584626e+00   0.000000e+00   0.000000e+00   2.605578e+02   8.050613e-04   6.022342e+02
3.800000e+00   -8.579429e+00   0.000000e+00   0.000000e+00   2.598729e+02   7.965290e-04   5.942852e+02
3.900000e+00   -8.611145e+00   0.000000e+00   0.000000e+00   2.592106e+02   7.879955e-04   5.864202e+02
4.000000e+00   -8.724927e+00   0.000000e+00   0.000000e+00   2.585720e+02   7.794589e-04   5.786383e+02
4.100000e+00   -8.968268e+00   0.000000e+00   0.000000e+00   2.579581e+02   7.709174e-04   5.709386e+02
4.200000e+00   -9.335177e+00   0.000000e+00   0.000000e+00   2.573698e+02   7.623694e-04   5.633203e+02
4.300000e+00   -9.759354e+00   0.000000e+00   0.000000e+00   2.568029e+02   7.538285e-04   5.557826e+02
4.400000e+00   -1.017461e+01   0.000000e+00   0.000000e+00   2.562454e+02   7.453316e-04   5.483248e+02
4.500000e+00   -1.051490e+01   0.000000e+00   0.000000e+00   2.556842e+02   7.369161e-04   5.409464e+02
4.600000e+00   -1.075531e+01   0.000000e+00   0.000000e+00   2.551065e+02   7.286183e-04   5.336468e+02
4.700000e+00   -1.097954e+01   0.000000e+00   0.000000e+00   2.545000e+02   7.204713e-04   5.264254e+02
4.800000e+00   -1.119368e+01   0.000000e+00   0.000000e+00   2.538654e+02   7.124706e-04   5.192814e+02
4.900000e+00   -1.139924e+01   0.000000e+00   0.000000e+00   2.532155e+02   7.045774e-04   5.122140e+02
5.000000e+00   -1.159783e+01   0.000000e+00   0.000000e+00   2.525639e+02   6.967530e-04   5.052223e+02
5.100000e+00   -1.176675e+01   0.000000e+00   0.000000e+00   2.519240e+02   6.889595e-04   4.983055e+02
5.200000e+00   -1.184997e+01   0.000000e+00   0.000000e+00   2.513089e+02   6.811618e-04   4.914626e+02
5.300000e+00   -1.188553e+01   0.000000e+00   0.000000e+00   2.507206e+02   6.733556e-04   4.846931e+02
5.400000e+00   -1.191492e+01   0.000000e+00   0.000000e+00   2.501484e+02   6.655715e-04   4.779965e+02
5.500000e+00   -1.197941e+01   0.000000e+00   0.000000e+00   2.495806e+02   6.578409e-04   4.713722e+02
5.600000e+00   -1.209992e+01   0.000000e+00   0.000000e+00   2.490057e+02   6.501940e-04   4.648198e+02
5.700000e+00   -1.222018e+01   0.000000e+00   0.000000e+00   2.484123e+02   6.426600e-04   4.583389e+02
5.800000e+00   -1.232512e+01   0.000000e+00   0.000000e+00   2.477906e+02   6.352623e-04   4.519290e+02
5.900000e+00   -1.241064e+01   0.000000e+00   0.000000e+00   2.471369e+02   6.280083e-04   4.455899e+02
6.000000e+00   -1.247371e+01   0.000000e+00   0.000000e+00   2.464488e+02   6.209021e-04   4.393212e+02
6.100000e+00   -1.251067e+01   0.000000e+00   0.000000e+00   2.457240e+02   6.139475e-04   4.331229e+02
6.200000e+00   -1.252164e+01   0.000000e+00   0.000000e+00   2.449600e+02   6.071486e-04   4.269946e+02
6.300000e+00   -1.251672e+01   0.000000e+00   0.000000e+00   2.441544e+02   6.005087e-04   4.209362e+02
6.400000e+00   -1.251007e+01   0.000000e+00   0.000000e+00   2.433105e+02   5.940180e-04   4.149472e+02
6.500000e+00   -1.252096e+01   0.000000e+00   0.000000e+00   2.424394e+02   5.876469e-04   4.090270e+02
6.600000e+00   -1.256499e+01   0.000000e+00   0.000000e+00   2.415531e+02   5.813648e-04   4.031750e+02
6.700000e+00   -1.264236e+01   0.000000e+00   0.000000e+00   2.406634e+02   5.751420e-04   3.973906e+02
6.800000e+00   -1.276957e+01   0.000000e+00   0.000000e+00   2.397825e+02   5.689497e-04   3.916731e+02
6.900000e+00   -1.296545e+01   0.000000e+00   0.000000e+00   2.389221e+02   5.627600e-04   3.860218e+02
7.000000e+00   -1.323943e+01   0.000000e+00   0.000000e+00   2.380903e+02   5.565550e-04   3.804365e+02
7.100000e+00   -1.359044e+01   0.000000e+00   0.000000e+00   2.372869e+02   5.503385e-04   3.749177e+02
7.200000e+00   -1.404513e+01   0.000000e+00   0.000000e+00   2.365102e+02   5.441170e-04   3.694660e+02
7.300000e+00   -1.456463e+01   0.000000e+00   0.000000e+00   2.357587e+02   5.378969e-04   3.640819e+02
7.400000e+00   -1.510101e+01   0.000000e+00   0.000000e+00   2.350309e+02   5.316846e-04   3.587661e+02
7.500000e+00   -1.560631e+01   0.000000e+00   0.000000e+00   2.343253e+02   5.254862e-04   3.535192e+02
7.600000e+00   -1.605288e+01   0.000000e+00   0.000000e+00   2.336405e+02   5.193079e-04   3.483417e+02
7.700000e+00   -1.650861e+01   0.000000e+00   0.000000e+00   2.329760e+02   5.131526e-04   3.432339e+02
7.800000e+00   -1.693107e+01   0.000000e+00   0.000000e+00   2.323326e+02   5.070210e-04   3.381960e+02
7.900000e+00   -1.725692e+01   0.000000e+00   0.000000e+00   2.317109e+02   5.009136e-04   3.332281e+02
8.000000e+00   -1.742286e+01   0.000000e+00   0.000000e+00   2.311115e+02   4.948311e-04   3.283302e+02
8.100000e+00   -1.736521e+01   0.000000e+00   0.000000e+00   2.305350e+02   4.887743e-04   3.235025e+02
8.200000e+00   -1.707457e+01   0.000000e+00   0.000000e+00   2.299822e+02   4.827440e-04   3.187450e+02
8.300000e+00   -1.663652e+01   0.000000e+00   0.000000e+00   2.294536e+02   4.767409e-04   3.140579e+02
8.400000e+00   -1.614452e+01   0.000000e+00   0.000000e+00   2.289500e+02   4.707661e-04   3.094412e+02
8.500000e+00   -1.569271e+01   0.000000e+00   0.000000e+00   2.284722e+02   4.648196e-04   3.048949e+02
8.600000e+00   -1.536661e+01   0.000000e+00   0.000000e+00   2.280222e+02   4.588986e-04   3.004182e+02
8.700000e+00   -1.512559e+01   0.000000e+00   0.000000e+00   2.276021e+02   4.529997e-04   2.960100e+02
8.800000e+00   -1.491300e+01   0.000000e+00   0.000000e+00   2.272140e+02   4.471195e-04   2.916696e+02
8.900000e+00   -1.468376e+01   0.000000e+00   0.000000e+00   2.268603e+02   4.412551e-04   2.873959e+02
9.000000e+00   -1.439282e+01   0.000000e+00   0.000000e+00   2.265429e+02   4.354035e-04   2.831879e+02
9.100000e+00   -1.394287e+01   0.000000e+00   0.000000e+00   2.262640e+02   4.295620e-04   2.790447e+02
9.200000e+00   -1.293075e+01   0.000000e+00   0.000000e+00   2.260259e+02   4.237281e-04   2.749653e+02
9.300000e+00   -1.155365e+01   0.000000e+00   0.000000e+00   2.258307e+02   4.178996e-04   2.709488e+02
9.400000e+00   -1.014926e+01   0.000000e+00   0.000000e+00   2.256805e+02   4.120744e-04   2.669943e+02
9.500000e+00   -9.055200e+00   0.000000e+00   0.000000e+00   2.255774e+02   4.062508e-04   2.631008e+02
9.600000e+00   -8.619977e+00   0.000000e+00   0.000000e+00   2.255200e+02   4.004332e-04   2.592672e+02
9.700000e+00   -9.081543e+00   0.000000e+00   0.000000e+00   2.255029e+02   3.946332e-04   2.554925e+02
9.800000e+00   -1.008260e+01   0.000000e+00   0.000000e+00   2.255205e+02   3.888618e-04   2.517757e+02
9.900000e+00   -1.117250e+01   0.000000e+00   0.000000e+00   2.255671e+02   3.831298e-04   2.481156e+02
1.000000e+01   -1.190063e+01   0.000000e+00   0.000000e+00   2.256371e+02   3.774471e-04   2.445113e+02
1.010000e+01   -1.185737e+01   0.000000e+00   0.000000e+00   2.257248e+02   3.718231e-04   2.409617e+02
1.020000e+01   -1.131402e+01   0.000000e+00   0.000000e+00   2.258245e+02   3.662666e-04   2.374656e+02
1.030000e+01   -1.057269e+01   0.000000e+00   0.000000e+00   2.259307e+02   3.607858e-04   2.340221e+02
1.040000e+01   -9.818385e+00   0.000000e+00   0.000000e+00   2.260376e+02   3.553883e-04   2.306301e+02
1.050000e+01   -9.236131e+00   0.000000e+00   0.000000e+00   2.261396e+02   3.500811e-04   2.272885e+02
1.060000e+01   -9.001769e+00   0.000000e+00   0.000000e+00   2.262312e+02   3.448704e-04   2.239963e+02
1.070000e+01   -9.070247e+00   0.000000e+00   0.000000e+00   2.263109e+02   3.397565e-04   2.207525e+02
1.080000e+01   -9.296552e+00   0.000000e+00   0.000000e+00   2.263799e+02   3.347354e-04   2.175564e+02
1.090000e+01   -9.560368e+00   0.000000e+00   0.000000e+00   2.264397e+02   3.298027e-04   2.144071e+02
1.100000e+01   -9.741378e+00   0.000000e+00   0.000000e+00   2.264919e+02   3.249545e-04   2.113039e+02
1.110000e+01   -9.714686e+00   0.000000e+00   0.000000e+00   2.265379e+02   3.201869e-04   2.082461e+02
1.120000e+01   -9.346398e+00   0.000000e+00   0.000000e+00   2.265793e+02   3.154962e-04   2.052327e+02
1.130000e+01   -8.740304e+00   0.000000e+00   0.000000e+00   2.266174e+02   3.108788e-04   2.022631e+02
1.140000e+01   -8.060295e+00   0.000000e+00   0.000000e+00   2.266538e+02   3.063313e-04   1.993364e+02
1.150000e+01   -7.470263e+00   0.000000e+00   0.000000e+00   2.266900e+02   3.018502e-04   1.964519e+02
1.160000e+01   -7.123354e+00   0.000000e+00   0.000000e+00   2.267274e+02   2.974325e-04   1.936087e+02
1.170000e+01   -6.875058e+00   0.000000e+00   0.000000e+00   2.267676e+02   2.930751e-04   1.908061e+02
1.180000e+01   -6.633363e+00   0.000000e+00   0.000000e+00   2.268122e+02   2.887749e-04   1.880435e+02
1.190000e+01   -6.410489e+00   0.000000e+00   0.000000e+00   2.268629e+02   2.845294e-04   1.853203e+02
1.200000e+01   -6.218776e+00   0.000000e+00   0.000000e+00   2.269213e+02   2.803358e-04   1.826359e+02
1.210000e+01   -6.081492e+00   0.000000e+00   0.000000e+00   2.269893e+02   2.761917e-04   1.799900e+02
1.220000e+01   -6.312202e+00   0.000000e+00   0.000000e+00   2.270685e+02   2.720947e-04   1.773819e+02
1.230000e+01   -6.877101e+00   0.000000e+00   0.000000e+00   2.271606e+02   2.680426e-04   1.748111e+02
1.240000e+01   -7.541166e+00   0.000000e+00   0.000000e+00   2.272673e+02   2.640331e-04   1.722772e+02
1.250000e+01   -8.069372e+00   0.000000e+00   0.000000e+00   2.273904e+02   2.600643e-04   1.697795e+02
1.260000e+01   -8.233776e+00   0.000000e+00   0.000000e+00   2.275316e+02   2.561342e-04   1.673176e+02
1.270000e+01   -8.185838e+00   0.000000e+00   0.000000e+00   2.276926e+02   2.522410e-04   1.648910e+02
1.280000e+01   -8.104261e+00   0.000000e+00   0.000000e+00   2.278749e+02   2.483830e-04   1.624990e+02
1.290000e+01   -8.014629e+00   0.000000e+00   0.000000e+00   2.280773e+02   2.445621e-04   1.601414e+02
1.300000e+01   -7.935146e+00   0.000000e+00   0.000000e+00   2.282952e+02   2.407832e-04   1.578175e+02
1.310000e+01   -7.881662e+00   0.000000e+00   0.000000e+00   2.285241e+02   2.370510e-04   1.555271e+02
1.320000e+01   -7.747831e+00   0.000000e+00   0.000000e+00   2.287593e+02   2.333701e-04   1.532697e+02
1.330000e+01   -7.529057e+00   0.000000e+00   0.000000e+00   2.289964e+02   2.297445e-04   1.510449e+02
1.340000e+01   -7.314857e+00   0.000000e+00   0.000000e+00   2.292307e+02   2.261780e-04   1.488523e+02
1.350000e+01   -7.194748e+00   0.000000e+00   0.000000e+00   2.294576e+02   2.226742e-04   1.466914e+02
1.360000e+01   -7.256889e+00   0.000000e+00   0.000000e+00   2.296726e+02   2.192362e-04   1.445619e+02
1.370000e+01   -7.410398e+00   0.000000e+00   0.000000e+00   2.298710e+02   2.158671e-04   1.424633e+02
1.380000e+01   -7.547897e+00   0.000000e+00   0.000000e+00   2.300483e+02   2.125695e-04   1.403953e+02
1.390000e+01   -7.658441e+00   0.000000e+00   0.000000e+00   2.302000e+02   2.093459e-04   1.383573e+02
1.400000e+01   -7.735713e+00   0.000000e+00   0.000000e+00   2.303241e+02   2.061962e-04   1.363491e+02
1.410000e+01   -7.781363e+00   0.000000e+00   0.000000e+00   2.304221e+02   2.031172e-04   1.343702e+02
1.420000e+01   -8.127796e+00   0.000000e+00   0.000000e+00   2.304958e+02   2.001056e-04   1.324204e+02
1.430000e+01   -8.829364e+00   0.000000e+00   0.000000e+00   2.305471e+02   1.971584e-04   1.304991e+02
1.440000e+01   -9.599487e+00   0.000000e+00   0.000000e+00   2.305779e+02   1.942725e-04   1.286060e+02
1.450000e+01   -1.015159e+01   0.000000e+00   0.000000e+00   2.305898e+02   1.914450e-04   1.267408e+02
1.460000e+01   -1.019939e+01   0.000000e+00   0.000000e+00   2.305848e+02   1.886732e-04   1.249031e+02
1.470000e+01   -9.807192e+00   0.000000e+00   0.000000e+00   2.305647e+02   1.859545e-04   1.230925e+02
1.480000e+01   -9.225643e+00   0.000000e+00   0.000000e+00   2.305312e+02   1.832863e-04   1.213087e+02
1.490000e+01   -8.501269e+00   0.000000e+00   0.000000e+00   2.304863e+02   1.806662e-04   1.195513e+02
1.500000e+01   -7.680616e+00   0.000000e+00   0.000000e+00   2.304317e+02   1.780918e-04   1.178199e+02
1.510000e+01   -6.812384e+00   0.000000e+00   0.000000e+00   2.303687e+02   1.755614e-04   1.161141e+02
1.520000e+01   -5.684259e+00   0.000000e+00   0.000000e+00   2.302976e+02   1.730738e-04   1.144335e+02
1.530000e+01   -4.234382e+00   0.000000e+00   0.000000e+00   2.302187e+02   1.706279e-04   1.127776e+02
1.540000e+01   -2.741082e+00   0.000000e+00   0.000000e+00   2.301319e+02   1.682228e-04   1.111460e+02
1.550000e+01   -1.482683e+00   0.000000e+00   0.000000e+00   2.300376e+02   1.658574e-04   1.095383e+02
1.560000e+01   -7.375112e-01   0.000000e+00   0.000000e+00   2.299359e+02   1.635309e-04   1.079540e+02
1.570000e+01   -5.107702e-01   0.000000e+00   0.000000e+00   2.298269e+02   1.612421e-04   1.063927e+02
1.580000e+01   -5.430434e-01   0.000000e+00   0.000000e+00   2.297108e+02   1.589903e-04   1.048538e+02
1.590000e+01   -7.608437e-01   0.000000e+00   0.000000e+00   2.295878e+02   1.567743e-04   1.033371e+02
1.600000e+01   -1.090944e+00   0.000000e+00   0.000000e+00   2.294580e+02   1.545934e-04   1.018419e+02
1.610000e+01   -1.460112e+00   0.000000e+00   0.000000e+00   2.293217e+02   1.524466e-04   1.003680e+02
1.620000e+01   -1.946794e+00   0.000000e+00   0.000000e+00   2.291795e+02   1.503326e-04   9.891482e+01
1.630000e+01   -2.625651e+00   0.000000e+00   0.000000e+00   2.290334e+02   1.482497e-04   9.748212e+01
1.640000e+01   -3.346355e+00   0.000000e+00   0.000000e+00   2.288861e+02   1.461956e-04   9.606959e+01
1.650000e+01   -3.957737e+00   0.000000e+00   0.000000e+00   2.287397e+02   1.441685e-04   9.467694e+01
1.660000e+01   -4.308630e+00   0.000000e+00   0.000000e+00   2.285968e+02   1.421665e-04   9.330389e+01
1.670000e+01   -4.391726e+00   0.000000e+00   0.000000e+00   2.284598e+02   1.401878e-04   9.195014e+01
1.680000e+01   -4.380478e+00   0.000000e+00   0.000000e+00   2.283310e+02   1.382308e-04   9.061541e+01
1.690000e+01   -4.316385e+00   0.000000e+00   0.000000e+00   2.282130e+02   1.362937e-04   8.929939e+01
1.700000e+01   -4.239489e+00   0.000000e+00   0.000000e+00   2.281080e+02   1.343750e-04   8.800181e+01
1.710000e+01   -4.189831e+00   0.000000e+00   0.000000e+00   2.280186e+02   1.324733e-04   8.672236e+01
1.720000e+01   -4.161652e+00   0.000000e+00   0.000000e+00   2.279471e+02   1.305871e-04   8.546077e+01
1.730000e+01   -4.087556e+00   0.000000e+00   0.000000e+00   2.278953e+02   1.287155e-04   8.421675e+01
1.740000e+01   -3.962312e+00   0.000000e+00   0.000000e+00   2.278620e+02   1.268592e-04   8.299012e+01
1.750000e+01   -3.785206e+00   0.000000e+00   0.000000e+00   2.278456e+02   1.250195e-04   8.178071e+01
1.760000e+01   -3.555520e+00   0.000000e+00   0.000000e+00   2.278441e+02   1.231976e-04   8.058836e+01
1.770000e+01   -3.125181e+00   0.000000e+00   0.000000e+00   2.278557e+02   1.213944e-04   7.941289e+01
1.780000e+01   -2.341740e+00   0.000000e+00   0.000000e+00   2.278787e+02   1.196110e-04   7.825414e+01
1.790000e+01   -1.410753e+00   0.000000e+00   0.000000e+00   2.279112e+02   1.178484e-04   7.711194e+01
1.800000e+01   -5.446574e-01   0.000000e+00   0.000000e+00   2.279513e+02   1.161074e-04   7.598613e+01
1.810000e+01   4.411005e-02   0.000000e+00   0.000000e+00   2.279974e+02   1.143888e-04   7.487653e+01
1.820000e+01   7.433006e-02   0.000000e+00   0.000000e+00   2.280474e+02   1.126934e-04   7.378299e+01
1.830000e+01   -5.075798e-01   0.000000e+00   0.000000e+00   2.280998e+02   1.110220e-04   7.270532e+01
1.840000e+01   -1.364249e+00   0.000000e+00   0.000000e+00   2.281527e+02   1.093750e-04   7.164337e+01
1.850000e+01   -2.144608e+00   0.000000e+00   0.000000e+00   2.282060e+02   1.077522e-04   7.059691e+01
1.860000e+01   -2.495452e+00   0.000000e+00   0.000000e+00   2.282597e+02   1.061534e-04   6.956573e+01
1.870000e+01   -2.259598e+00   0.000000e+00   0.000000e+00   2.283141e+02   1.045779e-04   6.854962e+01
1.880000e+01   -1.774292e+00   0.000000e+00   0.000000e+00   2.283693e+02   1.030255e-04   6.754834e+01
1.890000e+01   -1.157161e+00   0.000000e+00   0.000000e+00   2.284254e+02   1.014957e-04   6.656168e+01
1.900000e+01   -5.118181e-01   0.000000e+00   0.000000e+00   2.284827e+02   9.998802e-05   6.558941e+01
1.910000e+01   5.812262e-02   0.000000e+00   0.000000e+00   2.285414e+02   9.850218e-05   6.463131e+01
1.920000e+01   5.320178e-01   0.000000e+00   0.000000e+00   2.286014e+02   9.703773e-05   6.368717e+01
1.930000e+01   1.036343e+00   0.000000e+00   0.000000e+00   2.286632e+02   9.559429e-05   6.275677e+01
1.940000e+01   1.508972e+00   0.000000e+00   0.000000e+00   2.287267e+02   9.417145e-05   6.183987e+01
1.950000e+01   1.877141e+00   0.000000e+00   0.000000e+00   2.287922e+02   9.276885e-05   6.093626e+01
1.960000e+01   2.067667e+00   0.000000e+00   0.000000e+00   2.288594e+02   9.138634e-05   6.004575e+01
1.970000e+01   1.964965e+00   0.000000e+00   0.000000e+00   2.289275e+02   9.002390e-05   5.916816e+01
1.980000e+01   1.481262e+00   0.000000e+00   0.000000e+00   2.289959e+02   8.868151e-05   5.830331e+01
1.990000e+01   7.555909e-01   0.000000e+00   0.000000e+00   2.290641e+02   8.735915e-05   5.745103e+01
2.000000e+01   -6.192744e-02   0.000000e+00   0.000000e+00   2.291314e+02   8.605676e-05   5.661114e+01
2.010000e+01   -8.211734e-01   0.000000e+00   0.000000e+00   2.291970e+02   8.477428e-05   5.578346e+01
2.020000e+01   -1.470023e+00   0.000000e+00   0.000000e+00   2.292604e+02   8.351164e-05   5.496781e+01
2.030000e+01   -2.197781e+00   0.000000e+00   0.000000e+00   2.293210e+02   8.226873e-05   5.416402e+01
2.040000e+01   -2.923218e+00   0.000000e+00   0.000000e+00   2.293780e+02   8.104546e-05   5.337192e+01
2.050000e+01   -3.541443e+00   0.000000e+00   0.000000e+00   2.294308e+02   7.984172e-05   5.259131e+01
2.060000e+01   -3.947555e+00   0.000000e+00   0.000000e+00   2.294789e+02   7.865737e-05   5.182204e+01
2.070000e+01   -3.865436e+00   0.000000e+00   0.000000e+00   2.295218e+02   7.749219e-05   5.106392e+01
2.080000e+01   -2.851482e+00   0.000000e+00   0.000000e+00   2.295597e+02   7.634579e-05   5.031682e+01
2.090000e+01   -1.368682e+00   0.000000e+00   0.000000e+00   2.295930e+02   7.521778e-05   4.958057e+01
2.100000e+01   4.852713e-02   0.000000e+00   0.000000e+00   2.296219e+02   7.410774e-05   4.885503e+01
2.110000e+01   8.657078e-01   0.000000e+00   0.000000e+00   2.296468e+02   7.301530e-05   4.814006e+01
2.120000e+01   7.672684e-01   0.000000e+00   0.000000e+00   2.296679e+02   7.194008e-05   4.743550e+01
2.130000e+01   3.930158e-01   0.000000e+00   0.000000e+00   2.296854e+02   7.088170e-05   4.674120e+01
2.140000e+01   -6.791264e-02   0.000000e+00   0.000000e+00   2.296997e+02   6.983980e-05   4.605702e+01
2.150000e+01   -5.064846e-01   0.000000e+00   0.000000e+00   2.297111e+02   6.881403e-05   4.538280e+01
2.160000e+01   -8.136681e-01   0.000000e+00   0.000000e+00   2.297198e+02   6.780402e-05   4.471840e+01
2.170000e+01   -8.503276e-01   0.000000e+00   0.000000e+00   2.297262e+02   6.680944e-05   4.406367e+01
2.180000e+01   -4.945850e-01   0.000000e+00   0.000000e+00   2.297305e+02   6.582993e-05   4.341846e+01
2.190000e+01   7.644907e-02   0.000000e+00   0.000000e+00   2.297333e+02   6.486514e-05   4.278264e+01
2.200000e+01   6.565134e-01   0.000000e+00   0.000000e+00   2.297351e+02   6.391467e-05   4.215609e+01
2.210000e+01   1.039333e+00   0.000000e+00   0.000000e+00   2.297367e+02   6.297816e-05   4.153868e+01
2.220000e+01   9.690711e-01   0.000000e+00   0.000000e+00   2.297386e+02   6.205524e-05   4.093029e+01
2.230000e+01   1.887501e-01   0.000000e+00   0.000000e+00   2.297416e+02   6.114557e-05   4.033081e+01
2.240000e+01   -1.028718e+00   0.000000e+00   0.000000e+00   2.297461e+02   6.024881e-05   3.974010e+01
2.250000e+01   -2.352998e+00   0.000000e+00   0.000000e+00   2.297529e+02   5.936463e-05   3.915805e+01
2.260000e+01   -3.453755e+00   0.000000e+00   0.000000e+00   2.297625e+02   5.849270e-05   3.858453e+01
2.270000e+01   -4.100321e+00   0.000000e+00   0.000000e+00   2.297757e+02   5.763271e-05   3.801942e+01
2.280000e+01   -4.663211e+00   0.000000e+00   0.000000e+00   2.297930e+02   5.678436e-05   3.746260e+01
2.290000e+01   -5.174592e+00   0.000000e+00   0.000000e+00   2.298151e+02   5.594736e-05   3.691394e+01
2.300000e+01   -5.577735e+00   0.000000e+00   0.000000e+00   2.298423e+02   5.512148e-05   3.637334e+01
2.310000e+01   -5.814206e+00   0.000000e+00   0.000000e+00   2.298744e+02   5.430667e-05   3.584067e+01
2.320000e+01   -5.748130e+00   0.000000e+00   0.000000e+00   2.299109e+02   5.350292e-05   3.531584e+01
2.330000e+01   -4.953026e+00   0.000000e+00   0.000000e+00   2.299516e+02   5.271020e-05   3.479874e+01
2.340000e+01   -3.702277e+00   0.000000e+00   0.000000e+00   2.299961e+02   5.192846e-05   3.428927e+01
2.350000e+01   -2.391593e+00   0.000000e+00   0.000000e+00   2.300438e+02   5.115767e-05   3.378732e+01
2.360000e+01   -1.416685e+00   0.000000e+00   0.000000e+00   2.300946e+02   5.039777e-05   3.329279e+01
2.370000e+01   -1.081784e+00   0.000000e+00   0.000000e+00   2.301480e+02   4.964872e-05   3.280557e+01
2.380000e+01   -9.237657e-01   0.000000e+00   0.000000e+00   2.302035e+02   4.891045e-05   3.232556e+01
2.390000e+01   -8.159021e-01   -0.000000e+00   -0.000000e+00   2.302609e+02   4.818290e-05   3.185265e+01
2.400000e+01   -7.672034e-01   -0.000000e+00   -0.000000e+00   2.303198e+02   4.746600e-05   3.138675e+01
2.410000e+01   -7.866582e-01   -0.000000e+00   -0.000000e+00   2.303798e+02   4.675967e-05   3.092774e+01
2.420000e+01   -9.291143e-01   -0.000000e+00   -0.000000e+00   2.304406e+02   4.606380e-05   3.047552e+01
2.430000e+01   -1.542114e+00   -0.000000e+00   -0.000000e+00   2.305024e+02   4.537823e-05   3.003000e+01
2.440000e+01   -2.468590e+00   -0.000000e+00   -0.000000e+00   2.305653e+02   4.470281e-05   2.959110e+01
2.450000e+01   -3.428549e+00   -0.000000e+00   -0.000000e+00   2.306293e+02   4.403738e-05   2.915871e+01
2.460000e+01   -4.141994e+00   -0.000000e+00   -0.000000e+00   2.306945e+02   4.338179e-05   2.873274e+01
2.470000e+01   -4.373824e+00   -0.000000e+00   -0.000000e+00   2.307610e+02   4.273587e-05   2.831309e+01
2.480000e+01   -4.422967e+00   -0.000000e+00   -0.000000e+00   2.308289e+02   4.209948e-05   2.789969e+01
2.490000e+01   -4.412951e+00   -0.000000e+00   -0.000000e+00   2.308984e+02   4.147246e-05   2.749242e+01
2.500000e+01   -4.352686e+00   -0.000000e+00   -0.000000e+00   2.309694e+02   4.085466e-05   2.709121e+01
2.510000e+01   -4.251079e+00   -0.000000e+00   -0.000000e+00   2.310421e+02   4.024592e-05   2.669594e+01
2.520000e+01   -4.098829e+00   -0.000000e+00   -0.000000e+00   2.311165e+02   3.964610e-05   2.630655e+01
2.530000e+01   -3.709996e+00   -0.000000e+00   -0.000000e+00   2.311928e+02   3.905505e-05   2.592292e+01
2.540000e+01   -3.153507e+00   -0.000000e+00   -0.000000e+00   2.312710e+02   3.847263e-05   2.554497e+01
2.550000e+01   -2.584748e+00   -0.000000e+00   -0.000000e+00   2.313508e+02   3.789878e-05   2.517263e+01
2.560000e+01   -2.159382e+00   -0.000000e+00   -0.000000e+00   2.314320e+02   3.733341e-05   2.480580e+01
2.570000e+01   -2.020575e+00   -0.000000e+00   -0.000000e+00   2.315143e+02   3.677643e-05   2.444443e+01
2.580000e+01   -2.065327e+00   -0.000000e+00   -0.000000e+00   2.315977e+02   3.622777e-05   2.408841e+01
2.590000e+01   -2.180648e+00   -0.000000e+00   -0.000000e+00   2.316818e+02   3.568733e-05   2.373768e+01
2.600000e+01   -2.303729e+00   -0.000000e+00   -0.000000e+00   2.317665e+02   3.515502e-05   2.339216e+01
2.610000e+01   -2.371760e+00   -0.000000e+00   -0.000000e+00   2.318515e+02   3.463076e-05   2.305177e+01
2.620000e+01   -2.313778e+00   -0.000000e+00   -0.000000e+00   2.319367e+02   3.411444e-05   2.271643e+01
2.630000e+01   -1.968986e+00   -0.000000e+00   -0.000000e+00   2.320217e+02   3.360598e-05   2.238605e+01
2.640000e+01   -1.422490e+00   -0.000000e+00   -0.000000e+00   2.321064e+02   3.310528e-05   2.206057e+01
2.650000e+01   -8.417086e-01   -0.000000e+00   -0.000000e+00   2.321906e+02   3.261223e-05   2.173990e+01
2.660000e+01   -3.934666e-01   -0.000000e+00   -0.000000e+00   2.322742e+02   3.212674e-05   2.142397e+01
2.670000e+01   -2.394226e-01   -0.000000e+00   -0.000000e+00   2.323571e+02   3.164868e-05   2.111271e+01
2.680000e+01   -4.001767e-01   -0.000000e+00   -0.000000e+00   2.324396e+02   3.117792e-05   2.080605e+01
2.690000e+01   -7.790941e-01   -0.000000e+00   -0.000000e+00   2.325218e+02   3.071435e-05   2.050394e+01
2.700000e+01   -1.289698e+00   -0.000000e+00   -0.000000e+00   2.326038e+02   3.025784e-05   2.020631e+01
2.710000e+01   -1.845511e+00   -0.000000e+00   -0.000000e+00   2.326858e+02   2.980827e-05   1.991310e+01
2.720000e+01   -2.368466e+00   -0.000000e+00   -0.000000e+00   2.327678e+02   2.936552e-05   1.962425e+01
2.730000e+01   -3.031516e+00   -0.000000e+00   -0.000000e+00   2.328501e+02   2.892948e-05   1.933969e+01
2.740000e+01   -3.815435e+00   -0.000000e+00   -0.000000e+00   2.329328e+02   2.850002e-05   1.905936e+01
2.750000e+01   -4.558408e+00   -0.000000e+00   -0.000000e+00   2.330160e+02   2.807703e-05   1.878319e+01
2.760000e+01   -5.098622e+00   -0.000000e+00   -0.000000e+00   2.330999e+02   2.766040e-05   1.851113e+01
2.770000e+01   -5.278724e+00   -0.000000e+00   -0.000000e+00   2.331845e+02   2.725001e-05   1.824310e+01
2.780000e+01   -5.186297e+00   -0.000000e+00   -0.000000e+00   2.332700e+02   2.684575e-05   1.797906e+01
2.790000e+01   -4.942948e+00   -0.000000e+00   -0.000000e+00   2.333565e+02   2.644754e-05   1.771893e+01
2.800000e+01   -4.581024e+00   -0.000000e+00   -0.000000e+00   2.334438e+02   2.605529e-05   1.746267e+01
2.810000e+01   -4.132862e+00   -0.000000e+00   -0.000000e+00   2.335318e+02   2.566893e-05   1.721021e+01
2.820000e+01   -3.620313e+00   -0.000000e+00   -0.000000e+00   2.336205e+02   2.528839e-05   1.696151e+01
2.830000e+01   -2.456471e+00   -0.000000e+00   -0.000000e+00   2.337097e+02   2.491360e-05   1.671651e+01
2.840000e+01   -6.679357e-01   -0.000000e+00   -0.000000e+00   2.337993e+02   2.454448e-05   1.647515e+01
2.850000e+01   1.213002e+00   -0.000000e+00   -0.000000e+00   2.338893e+02   2.418095e-05   1.623738e+01
2.860000e+01   2.654054e+00   -0.000000e+00   -0.000000e+00   2.339795e+02   2.382295e-05   1.600315e+01
2.870000e+01   3.128076e+00   -0.000000e+00   -0.000000e+00   2.340698e+02   2.347038e-05   1.577240e+01
2.880000e+01   2.839991e+00   -0.000000e+00   -0.000000e+00   2.341602e+02   2.312318e-05   1.554508e+01
2.890000e+01   2.231140e+00   -0.000000e+00   -0.000000e+00   2.342505e+02   2.278126e-05   1.532112e+01
2.900000e+01   1.412780e+00   -0.000000e+00   -0.000000e+00   2.343406e+02   2.244455e-05   1.510048e+01
2.910000e+01   4.961114e-01   -0.000000e+00   -0.000000e+00   2.344306e+02   2.211297e-05   1.488311e+01
2.920000e+01   -4.090381e-01   -0.000000e+00   -0.000000e+00   2.345207e+02   2.178640e-05   1.466895e+01
2.930000e+01   -1.426425e+00   -0.000000e+00   -0.000000e+00   2.346116e+02   2.146473e-05   1.445796e+01
2.940000e+01   -2.634598e+00   -0.000000e+00   -0.000000e+00   2.347038e+02   2.114783e-05   1.425011e+01
2.950000e+01   -3.933733e+00   -0.000000e+00   -0.000000e+00   2.347978e+02   2.083559e-05   1.404534e+01
2.960000e+01   -5.224008e+00   -0.000000e+00   -0.000000e+00   2.348944e+02   2.052789e-05   1.384361e+01
2.970000e+01   -6.405905e+00   -0.000000e+00   -0.000000e+00   2.349940e+02   2.022464e-05   1.364489e+01
2.980000e+01   -7.650364e+00   -0.000000e+00   -0.000000e+00   2.350973e+02   1.992571e-05   1.344912e+01
2.990000e+01   -9.007456e+00   -0.000000e+00   -0.000000e+00   2.352048e+02   1.963101e-05   1.325627e+01
3.000000e+01   -1.024974e+01   -0.000000e+00   -0.000000e+00   2.353170e+02   1.934044e-05   1.306629e+01
3.010000e+01   -1.114978e+01   -0.000000e+00   -0.000000e+00   2.354347e+02   1.905390e-05   1.287913e+01
3.020000e+01   -1.148015e+01   -0.000000e+00   -0.000000e+00   2.355583e+02   1.877129e-05   1.269477e+01
3.030000e+01   -1.053225e+01   -0.000000e+00   -0.000000e+00   2.356884e+02   1.849251e-05   1.251314e+01
3.040000e+01   -8.260497e+00   -0.000000e+00   -0.000000e+00   2.358255e+02   1.821749e-05   1.233422e+01
3.050000e+01   -5.432624e+00   -0.000000e+00   -0.000000e+00   2.359697e+02   1.794618e-05   1.215796e+01
3.060000e+01   -2.816829e+00   -0.000000e+00   -0.000000e+00   2.361206e+02   1.767858e-05   1.198432e+01
3.070000e+01   -1.181316e+00   -0.000000e+00   -0.000000e+00   2.362777e+02   1.741467e-05   1.181328e+01
3.080000e+01   -3.759021e-01   -0.000000e+00   -0.000000e+00   2.364407e+02   1.715446e-05   1.164479e+01
3.090000e+01   3.433545e-01   -0.000000e+00   -0.000000e+00   2.366093e+02   1.689791e-05   1.147882e+01
3.100000e+01   9.320991e-01   -0.000000e+00   -0.000000e+00   2.367830e+02   1.664501e-05   1.131533e+01
3.110000e+01   1.345019e+00   -0.000000e+00   -0.000000e+00   2.369616e+02   1.639575e-05   1.115428e+01
3.120000e+01   1.536800e+00   -0.000000e+00   -0.000000e+00   2.371446e+02   1.615011e-05   1.099565e+01
3.130000e+01   6.293157e-01   -0.000000e+00   -0.000000e+00   2.373316e+02   1.590805e-05   1.083940e+01
3.140000e+01   -1.851386e+00   -0.000000e+00   -0.000000e+00   2.375224e+02   1.566957e-05   1.068548e+01
3.150000e+01   -4.918065e+00   -0.000000e+00   -0.000000e+00   2.377165e+02   1.543463e-05   1.053387e+01
3.160000e+01   -7.578461e+00   -0.000000e+00   -0.000000e+00   2.379136e+02   1.520320e-05   1.038452e+01
3.170000e+01   -8.840302e+00   -0.000000e+00   -0.000000e+00   2.381132e+02   1.497525e-05   1.023741e+01
3.180000e+01   -8.485203e+00   -0.000000e+00   -0.000000e+00   2.383152e+02   1.475076e-05   1.009249e+01
3.190000e+01   -7.434603e+00   -0.000000e+00   -0.000000e+00   2.385194e+02   1.452967e-05   9.949745e+00
3.200000e+01   -6.009778e+00   -0.000000e+00   -0.000000e+00   2.387258e+02   1.431195e-05   9.809135e+00
3.210000e+01   -4.524617e+00   -0.000000e+00   -0.000000e+00   2.389344e+02   1.409756e-05   9.670633e+00
3.220000e+01   -3.293013e+00   -0.000000e+00   -0.000000e+00   2.391449e+02   1.388644e-05   9.534207e+00
3.230000e+01   -2.333500e+00   -0.000000e+00   -0.000000e+00   2.393575e+02   1.367857e-05   9.399828e+00
3.240000e+01   -1.353171e+00   -0.000000e+00   -0.000000e+00   2.395719e+02   1.347388e-05   9.267465e+00
3.250000e+01   -4.482782e-01   -0.000000e+00   -0.000000e+00   2.397882e+02   1.327235e-05   9.137089e+00
3.260000e+01   2.785600e-01   -0.000000e+00   -0.000000e+00   2.400062e+02   1.307392e-05   9.008668e+00
3.270000e+01   7.247266e-01   -0.000000e+00   -0.000000e+00   2.402259e+02   1.287855e-05   8.882172e+00
3.280000e+01   9.287700e-01   -0.000000e+00   -0.000000e+00   2.404472e+02   1.268620e-05   8.757572e+00
3.290000e+01   1.101006e+00   -0.000000e+00   -0.000000e+00   2.406701e+02   1.249682e-05   8.634837e+00
3.300000e+01   1.238973e+00   -0.000000e+00   -0.000000e+00   2.408944e+02   1.231037e-05   8.513936e+00
3.310000e+01   1.334958e+00   -0.000000e+00   -0.000000e+00   2.411202e+02   1.212681e-05   8.394840e+00
3.320000e+01   1.380343e+00   -0.000000e+00   -0.000000e+00   2.413474e+02   1.194608e-05   8.277522e+00
3.330000e+01   1.180976e+00   -0.000000e+00   -0.000000e+00   2.415763e+02   1.176813e-05   8.161956e+00
3.340000e+01   4.870272e-01   -0.000000e+00   -0.000000e+00   2.418070e+02   1.159293e-05   8.048119e+00
3.350000e+01   -4.639754e-01   -0.000000e+00   -0.000000e+00   2.420398e+02   1.142041e-05   7.935987e+00
3.360000e+01   -1.421226e+00   -0.000000e+00   -0.000000e+00   2.422748e+02   1.125054e-05   7.825534e+00
3.370000e+01   -2.133917e+00   -0.000000e+00   -0.000000e+00   2.425121e+02   1.108327e-05   7.716737e+00
3.380000e+01   -2.533155e+00   -0.000000e+00   -0.000000e+00   2.427521e+02   1.091855e-05   7.609572e+00
3.390000e+01   -2.899898e+00   -0.000000e+00   -0.000000e+00   2.429948e+02   1.075633e-05   7.504014e+00
3.400000e+01   -3.212685e+00   -0.000000e+00   -0.000000e+00   2.432405e+02   1.059658e-05   7.400039e+00
3.410000e+01   -3.435150e+00   -0.000000e+00   -0.000000e+00   2.434894e+02   1.043924e-05   7.297623e+00
3.420000e+01   -3.530928e+00   -0.000000e+00   -0.000000e+00   2.437416e+02   1.028428e-05   7.196741e+00
3.430000e+01   -3.189608e+00   -0.000000e+00   -0.000000e+00   2.439973e+02   1.013165e-05   7.097369e+00
3.440000e+01   -1.933572e+00   -0.000000e+00   -0.000000e+00   2.442567e+02   9.981302e-06   6.999483e+00
3.450000e+01   -2.183674e-01   -0.000000e+00   -0.000000e+00   2.445200e+02   9.833200e-06   6.903059e+00
3.460000e+01   1.458106e+00   -0.000000e+00   -0.000000e+00   2.447873e+02   9.687303e-06   6.808072e+00
3.470000e+01   2.598502e+00   -0.000000e+00   -0.000000e+00   2.450587e+02   9.543582e-06   6.714503e+00
3.480000e+01   3.013695e+00   -0.000000e+00   -0.000000e+00   2.453341e+02   9.402007e-06   6.622329e+00
3.490000e+01   3.331848e+00   -0.000000e+00   -0.000000e+00   2.456134e+02   9.262550e-06   6.531531e+00
3.500000e+01   3.587662e+00   -0.000000e+00   -0.000000e+00   2.458967e+02   9.125182e-06   6.442088e+00
3.510000e+01   3.766480e+00   -0.000000e+00   -0.000000e+00   2.461840e+02   8.989873e-06   6.353978e+00
3.520000e+01   3.853644e+00   -0.000000e+00   -0.000000e+00   2.464751e+02   8.856593e-06   6.267180e+00
3.530000e+01   3.800546e+00   -0.000000e+00   -0.000000e+00   2.467702e+02   8.725315e-06   6.181675e+00
3.540000e+01   3.509892e+00   -0.000000e+00   -0.000000e+00   2.470691e+02   8.596007e-06   6.097441e+00
3.550000e+01   3.017270e+00   -0.000000e+00   -0.000000e+00   2.473719e+02   8.468640e-06   6.014457e+00
3.560000e+01   2.367864e+00   -0.000000e+00   -0.000000e+00   2.476785e+02   8.343186e-06   5.932703e+00
3.570000e+01   1.606856e+00   -0.000000e+00   -0.000000e+00   2.479889e+02   8.219612e-06   5.852157e+00
3.580000e+01   4.353618e-01   -0.000000e+00   -0.000000e+00   2.483031e+02   8.097891e-06   5.772800e+00
3.590000e+01   -2.007850e+00   -0.000000e+00   -0.000000e+00   2.486211e+02   7.977992e-06   5.694609e+00
3.600000e+01   -5.023905e+00   -0.000000e+00   -0.000000e+00   2.489428e+02   7.859885e-06   5.617564e+00
3.610000e+01   -7.781007e+00   -0.000000e+00   -0.000000e+00   2.492682e+02   7.743542e-06   5.541646e+00
3.620000e+01   -9.447424e+00   -0.000000e+00   -0.000000e+00   2.495972e+02   7.628940e-06   5.466839e+00
3.630000e+01   -9.511732e+00   -0.000000e+00   -0.000000e+00   2.499298e+02   7.516059e-06   5.393125e+00
3.640000e+01   -8.908313e+00   -0.000000e+00   -0.000000e+00   2.502658e+02   7.404874e-06   5.320489e+00
3.650000e+01   -7.972778e+00   -0.000000e+00   -0.000000e+00   2.506053e+02   7.295366e-06   5.248916e+00
3.660000e+01   -6.926467e+00   -0.000000e+00   -0.000000e+00   2.509481e+02   7.187509e-06   5.178389e+00
3.670000e+01   -5.990715e+00   -0.000000e+00   -0.000000e+00   2.512941e+02   7.081283e-06   5.108892e+00
3.680000e+01   -5.327774e+00   -0.000000e+00   -0.000000e+00   2.516434e+02   6.976665e-06   5.040409e+00
3.690000e+01   -4.776843e+00   -0.000000e+00   -0.000000e+00   2.519957e+02   6.873631e-06   4.972923e+00
3.700000e+01   -4.269506e+00   -0.000000e+00   -0.000000e+00   2.523511e+02   6.772159e-06   4.906420e+00
3.710000e+01   -3.763652e+00   -0.000000e+00   -0.000000e+00   2.527095e+02   6.672225e-06   4.840883e+00
3.720000e+01   -3.217173e+00   -0.000000e+00   -0.000000e+00   2.530707e+02   6.573807e-06   4.776296e+00
3.730000e+01   -2.555232e+00   -0.000000e+00   -0.000000e+00   2.534348e+02   6.476881e-06   4.712642e+00
3.740000e+01   -1.657645e+00   -0.000000e+00   -0.000000e+00   2.538016e+02   6.381424e-06   4.649907e+00
3.750000e+01   -6.890394e-01   -0.000000e+00   -0.000000e+00   2.541710e+02   6.287412e-06   4.588073e+00
3.760000e+01   1.521538e-01   -0.000000e+00   -0.000000e+00   2.545430e+02   6.194823e-06   4.527125e+00
3.770000e+01   6.672272e-01   -0.000000e+00   -0.000000e+00   2.549172e+02   6.103645e-06   4.467049e+00
3.780000e+01   6.464092e-01   -0.000000e+00   -0.000000e+00   2.552928e+02   6.013875e-06   4.407834e+00
3.790000e+01   -7.477948e-03   -0.000000e+00   -0.000000e+00   2.556690e+02   5.925508e-06   4.349467e+00
3.800000e+01   -1.078022e+00   -0.000000e+00   -0.000000e+00   2.560452e+02   5.838539e-06   4.291936e+00
3.810000e+01   -2.319446e+00   -0.000000e+00   -0.000000e+00   2.564206e+02   5.752963e-06   4.235229e+00
3.820000e+01   -3.485973e+00   -0.000000e+00   -0.000000e+00   2.567945e+02   5.668773e-06   4.179335e+00
3.830000e+01   -4.408135e+00   -0.000000e+00   -0.000000e+00   2.571661e+02   5.585961e-06   4.124241e+00
3.840000e+01   -5.396398e+00   -0.000000e+00   -0.000000e+00   2.575348e+02   5.504518e-06   4.069936e+00
3.850000e+01   -6.388194e+00   -0.000000e+00   -0.000000e+00   2.578998e+02   5.424434e-06   4.016407e+00
3.860000e+01   -7.225447e+00   -0.000000e+00   -0.000000e+00   2.582603e+02   5.345700e-06   3.963643e+00
3.870000e+01   -7.750079e+00   -0.000000e+00   -0.000000e+00   2.586156e+02   5.268305e-06   3.911632e+00
3.880000e+01   -7.738511e+00   -0.000000e+00   -0.000000e+00   2.589650e+02   5.192237e-06   3.860362e+00
3.890000e+01   -6.743048e+00   -0.000000e+00   -0.000000e+00   2.593078e+02   5.117484e-06   3.809820e+00
3.900000e+01   -5.130834e+00   -0.000000e+00   -0.000000e+00   2.596432e+02   5.044033e-06   3.759996e+00
3.910000e+01   -3.417060e+00   -0.000000e+00   -0.000000e+00   2.599706e+02   4.971872e-06   3.710876e+00
3.920000e+01   -2.116913e+00   -0.000000e+00   -0.000000e+00   2.602890e+02   4.900985e-06   3.662449e+00
3.930000e+01   -1.650763e+00   -0.000000e+00   -0.000000e+00   2.605985e+02   4.831351e-06   3.614705e+00
3.940000e+01   -1.477262e+00   -0.000000e+00   -0.000000e+00   2.608994e+02   4.762935e-06   3.567632e+00
3.950000e+01   -1.374894e+00   -0.000000e+00   -0.000000e+00   2.611925e+02   4.695701e-06   3.521223e+00
3.960000e+01   -1.301292e+00   -0.000000e+00   -0.000000e+00   2.614784e+02   4.629615e-06   3.475466e+00
3.970000e+01   -1.214087e+00   -0.000000e+00   -0.000000e+00   2.617578e+02   4.564643e-06   3.430353e+00
3.980000e+01   -1.066898e+00   -0.000000e+00   -0.000000e+00   2.620314e+02   4.500753e-06   3.385875e+00
3.990000e+01   -8.119988e-01   -0.000000e+00   -0.000000e+00   2.622998e+02   4.437913e-06   3.342021e+00
4.000000e+01   -5.100275e-01   -0.000000e+00   -0.000000e+00   2.625637e+02   4.376093e-06   3.298782e+00
4.010000e+01   -2.418345e-01   -0.000000e+00   -0.000000e+00   2.628238e+02   4.315262e-06   3.256148e+00
4.020000e+01   -8.827034e-02   -0.000000e+00   -0.000000e+00   2.630807e+02   4.255392e-06   3.214111e+00
4.030000e+01   -1.547898e-01   -0.000000e+00   -0.000000e+00   2.633350e+02   4.196455e-06   3.172660e+00
4.040000e+01   -7.556366e-01   -0.000000e+00   -0.000000e+00   2.635875e+02   4.138422e-06   3.131786e+00
4.050000e+01   -1.799874e+00   -0.000000e+00   -0.000000e+00   2.638389e+02   4.081269e-06   3.091479e+00
4.060000e+01   -3.076529e+00   -0.000000e+00   -0.000000e+00   2.640897e+02   4.024968e-06   3.051730e+00
4.070000e+01   -4.374631e+00   -0.000000e+00   -0.000000e+00   2.643406e+02   3.969494e-06   3.012530e+00
4.080000e+01   -5.518430e+00   -0.000000e+00   -0.000000e+00   2.645924e+02   3.914822e-06   2.973868e+00
4.090000e+01   -6.839343e+00   -0.000000e+00   -0.000000e+00   2.648456e+02   3.860930e-06   2.935736e+00
4.100000e+01   -8.274943e+00   -0.000000e+00   -0.000000e+00   2.651005e+02   3.807800e-06   2.898124e+00
4.110000e+01   -9.567593e+00   -0.000000e+00   -0.000000e+00   2.653567e+02   3.755428e-06   2.861027e+00
4.120000e+01   -1.045969e+01   -0.000000e+00   -0.000000e+00   2.656139e+02   3.703810e-06   2.824436e+00
4.130000e+01   -1.069876e+01   -0.000000e+00   -0.000000e+00   2.658714e+02   3.652941e-06   2.788346e+00
4.140000e+01   -1.025043e+01   -0.000000e+00   -0.000000e+00   2.661290e+02   3.602816e-06   2.752749e+00
4.150000e+01   -9.314695e+00   -0.000000e+00   -0.000000e+00   2.663861e+02   3.553432e-06   2.717640e+00
4.160000e+01   -8.094055e+00   -0.000000e+00   -0.000000e+00   2.666423e+02   3.504781e-06   2.683010e+00
4.170000e+01   -6.791008e+00   -0.000000e+00   -0.000000e+00   2.668972e+02   3.456859e-06   2.648854e+00
4.180000e+01   -5.581359e+00   -0.000000e+00   -0.000000e+00   2.671503e+02   3.409659e-06   2.615164e+00
4.190000e+01   -4.046160e+00   -0.000000e+00   -0.000000e+00   2.674012e+02   3.363175e-06   2.581935e+00
4.200000e+01   -2.257018e+00   -0.000000e+00   -0.000000e+00   2.676494e+02   3.317402e-06   2.549158e+00
4.210000e+01   -5.907783e-01   -0.000000e+00   -0.000000e+00   2.678945e+02   3.272331e-06   2.516827e+00
4.220000e+01   5.757164e-01   -0.000000e+00   -0.000000e+00   2.681361e+02   3.227956e-06   2.484936e+00
4.230000e+01   8.740193e-01   -0.000000e+00   -0.000000e+00   2.683736e+02   3.184271e-06   2.453478e+00
4.240000e+01   3.606251e-01   -0.000000e+00   -0.000000e+00   2.686068e+02   3.141267e-06   2.422446e+00
4.250000e+01   -6.254433e-01   -0.000000e+00   -0.000000e+00   2.688350e+02   3.098937e-06   2.391833e+00
4.260000e+01   -1.810086e+00   -0.000000e+00   -0.000000e+00   2.690579e+02   3.057273e-06   2.361633e+00
4.270000e+01   -2.919187e+00   -0.000000e+00   -0.000000e+00   2.692751e+02   3.016268e-06   2.331838e+00
4.280000e+01   -3.687370e+00   -0.000000e+00   -0.000000e+00   2.694865e+02   2.975909e-06   2.302444e+00
4.290000e+01   -4.297761e+00   -0.000000e+00   -0.000000e+00   2.696923e+02   2.936184e-06   2.273444e+00
4.300000e+01   -4.882987e+00   -0.000000e+00   -0.000000e+00   2.698928e+02   2.897080e-06   2.244833e+00
4.310000e+01   -5.376765e+00   -0.000000e+00   -0.000000e+00   2.700880e+02   2.858584e-06   2.216606e+00
4.320000e+01   -5.712815e+00   -0.000000e+00   -0.000000e+00   2.702781e+02   2.820684e-06   2.188758e+00
4.330000e+01   -5.824492e+00   -0.000000e+00   -0.000000e+00   2.704635e+02   2.783368e-06   2.161283e+00
4.340000e+01   -5.661605e+00   -0.000000e+00   -0.000000e+00   2.706441e+02   2.746624e-06   2.134176e+00
4.350000e+01   -5.310709e+00   -0.000000e+00   -0.000000e+00   2.708203e+02   2.710439e-06   2.107431e+00
4.360000e+01   -4.897698e+00   -0.000000e+00   -0.000000e+00   2.709922e+02   2.674803e-06   2.081043e+00
4.370000e+01   -4.548469e+00   -0.000000e+00   -0.000000e+00   2.711600e+02   2.639704e-06   2.055007e+00
4.380000e+01   -4.387522e+00   -0.000000e+00   -0.000000e+00   2.713239e+02   2.605131e-06   2.029317e+00
4.390000e+01   -4.348135e+00   -0.000000e+00   -0.000000e+00   2.714840e+02   2.571072e-06   2.003969e+00
4.400000e+01   -4.323212e+00   -0.000000e+00   -0.000000e+00   2.716406e+02   2.537517e-06   1.978956e+00
4.410000e+01   -4.299950e+00   -0.000000e+00   -0.000000e+00   2.717938e+02   2.504455e-06   1.954273e+00
4.420000e+01   -4.265549e+00   -0.000000e+00   -0.000000e+00   2.719438e+02   2.471876e-06   1.929915e+00
4.430000e+01   -4.206174e+00   -0.000000e+00   -0.000000e+00   2.720909e+02   2.439768e-06   1.905877e+00
4.440000e+01   -3.887859e+00   -0.000000e+00   -0.000000e+00   2.722351e+02   2.408121e-06   1.882153e+00
4.450000e+01   -3.277593e+00   -0.000000e+00   -0.000000e+00   2.723767e+02   2.376927e-06   1.858738e+00
4.460000e+01   -2.576283e+00   -0.000000e+00   -0.000000e+00   2.725158e+02   2.346175e-06   1.835627e+00
4.470000e+01   -1.985142e+00   -0.000000e+00   -0.000000e+00   2.726522e+02   2.315859e-06   1.812815e+00
4.480000e+01   -1.705127e+00   -0.000000e+00   -0.000000e+00   2.727861e+02   2.285974e-06   1.790300e+00
4.490000e+01   -1.634039e+00   -0.000000e+00   -0.000000e+00   2.729172e+02   2.256513e-06   1.768077e+00
4.500000e+01   -1.568919e+00   -0.000000e+00   -0.000000e+00   2.730456e+02   2.227470e-06   1.746141e+00
4.510000e+01   -1.510690e+00   -0.000000e+00   -0.000000e+00   2.731712e+02   2.198839e-06   1.724490e+00
4.520000e+01   -1.460273e+00   -0.000000e+00   -0.000000e+00   2.732939e+02   2.170613e-06   1.703118e+00
4.530000e+01   -1.418594e+00   -0.000000e+00   -0.000000e+00   2.734137e+02   2.142786e-06   1.682022e+00
4.540000e+01   -1.895351e+00   -0.000000e+00   -0.000000e+00   2.735306e+02   2.115353e-06   1.661197e+00
4.550000e+01   -3.086062e+00   -0.000000e+00   -0.000000e+00   2.736445e+02   2.088307e-06   1.640640e+00
4.560000e+01   -4.520377e+00   -0.000000e+00   -0.000000e+00   2.737552e+02   2.061641e-06   1.620346e+00
4.570000e+01   -5.727944e+00   -0.000000e+00   -0.000000e+00   2.738629e+02   2.035351e-06   1.600313e+00
4.580000e+01   -6.238414e+00   -0.000000e+00   -0.000000e+00   2.739674e+02   2.009429e-06   1.580534e+00
4.590000e+01   -5.729108e+00   -0.000000e+00   -0.000000e+00   2.740686e+02   1.983870e-06   1.561007e+00
4.600000e+01   -4.501099e+00   -0.000000e+00   -0.000000e+00   2.741666e+02   1.958668e-06   1.541727e+00
4.610000e+01   -3.019779e+00   -0.000000e+00   -0.000000e+00   2.742612e+02   1.933816e-06   1.522691e+00
4.620000e+01   -1.750536e+00   -0.000000e+00   -0.000000e+00   2.743524e+02   1.909308e-06   1.503894e+00
4.630000e+01   -1.158757e+00   -0.000000e+00   -0.000000e+00   2.744402e+02   1.885139e-06   1.485332e+00
4.640000e+01   -1.493976e+00   -0.000000e+00   -0.000000e+00   2.745245e+02   1.861303e-06   1.467002e+00
4.650000e+01   -2.470865e+00   -0.000000e+00   -0.000000e+00   2.746053e+02   1.837794e-06   1.448899e+00
4.660000e+01   -3.796339e+00   -0.000000e+00   -0.000000e+00   2.746826e+02   1.814607e-06   1.431021e+00
4.670000e+01   -5.177842e+00   -0.000000e+00   -0.000000e+00   2.747565e+02   1.791738e-06   1.413367e+00
4.680000e+01   -6.322815e+00   -0.000000e+00   -0.000000e+00   2.748269e+02   1.769183e-06   1.395932e+00
4.690000e+01   -7.263630e+00   -0.000000e+00   -0.000000e+00   2.748940e+02   1.746936e-06   1.378715e+00
4.700000e+01   -8.268275e+00   -0.000000e+00   -0.000000e+00   2.749577e+02   1.724994e-06   1.361714e+00
4.710000e+01   -9.192884e+00   -0.000000e+00   -0.000000e+00   2.750182e+02   1.703351e-06   1.344924e+00
4.720000e+01   -9.889823e+00   -0.000000e+00   -0.000000e+00   2.750753e+02   1.682004e-06   1.328345e+00
4.730000e+01   -1.021146e+01   -0.000000e+00   -0.000000e+00   2.751292e+02   1.660947e-06   1.311973e+00
4.740000e+01   -9.750898e+00   -0.000000e+00   -0.000000e+00   2.751799e+02   1.640178e-06   1.295806e+00
4.750000e+01   -8.354540e+00   -0.000000e+00   -0.000000e+00   2.752275e+02   1.619690e-06   1.279841e+00
4.760000e+01   -6.587904e+00   -0.000000e+00   -0.000000e+00   2.752718e+02   1.599481e-06   1.264076e+00
4.770000e+01   -5.024784e+00   -0.000000e+00   -0.000000e+00   2.753131e+02   1.579545e-06   1.248508e+00
4.780000e+01   -4.238973e+00   -0.000000e+00   -0.000000e+00   2.753513e+02   1.559879e-06   1.233135e+00
4.790000e+01   -4.345662e+00   -0.000000e+00   -0.000000e+00   2.753865e+02   1.540479e-06   1.217954e+00
4.800000e+01   -4.682538e+00   -0.000000e+00   -0.000000e+00   2.754187e+02   1.521340e-06   1.202962e+00
4.810000e+01   -5.108031e+00   -0.000000e+00   -0.000000e+00   2.754479e+02   1.502457e-06   1.188157e+00
4.820000e+01   -5.495672e+00   -0.000000e+00   -0.000000e+00   2.754741e+02   1.483828e-06   1.173537e+00
4.830000e+01   -5.718992e+00   -0.000000e+00   -0.000000e+00   2.754975e+02   1.465448e-06   1.159098e+00
4.840000e+01   -5.679860e+00   -0.000000e+00   -0.000000e+00   2.755179e+02   1.447312e-06   1.144839e+00
4.850000e+01   -5.424237e+00   -0.000000e+00   -0.000000e+00   2.755356e+02   1.429418e-06   1.130757e+00
4.860000e+01   -5.037090e+00   -0.000000e+00   -0.000000e+00   2.755504e+02   1.411762e-06   1.116850e+00
4.870000e+01   -4.603020e+00   -0.000000e+00   -0.000000e+00   2.755624e+02   1.394341e-06   1.103117e+00
4.880000e+01   -4.206629e+00   -0.000000e+00   -0.000000e+00   2.755716e+02   1.377152e-06   1.089554e+00
4.890000e+01   -3.847470e+00   -0.000000e+00   -0.000000e+00   2.755781e+02   1.360191e-06   1.076160e+00
4.900000e+01   -3.415542e+00   -0.000000e+00   -0.000000e+00   2.755819e+02   1.343454e-06   1.062933e+00
4.910000e+01   -2.991119e+00   -0.000000e+00   -0.000000e+00   2.755829e+02   1.326940e-06   1.049871e+00
4.920000e+01   -2.662386e+00   -0.000000e+00   -0.000000e+00   2.755813e+02   1.310643e-06   1.036971e+00
4.930000e+01   -2.517529e+00   -0.000000e+00   -0.000000e+00   2.755770e+02   1.294562e-06   1.024232e+00
4.940000e+01   -2.597201e+00   -0.000000e+00   -0.000000e+00   2.755701e+02   1.278693e-06   1.011651e+00
4.950000e+01   -2.791660e+00   -0.000000e+00   -0.000000e+00   2.755606e+02   1.263033e-06   9.992272e-01
4.960000e+01   -3.034848e+00   -0.000000e+00   -0.000000e+00   2.755485e+02   1.247579e-06   9.869573e-01
4.970000e+01   -3.265220e+00   -0.000000e+00   -0.000000e+00   2.755339e+02   1.232327e-06   9.748397e-01
4.980000e+01   -3.421231e+00   -0.000000e+00   -0.000000e+00   2.755167e+02   1.217274e-06   9.628722e-01
4.990000e+01   -3.360789e+00   -0.000000e+00   -0.000000e+00   2.754970e+02   1.202418e-06   9.510528e-01
5.000000e+01   -2.923512e+00   -0.000000e+00   -0.000000e+00   2.754748e+02   1.187755e-06   9.393794e-01
5.010000e+01   -2.308269e+00   -0.000000e+00   -0.000000e+00   2.754502e+02   1.173282e-06   9.278499e-01
5.020000e+01   -1.732914e+00   -0.000000e+00   -0.000000e+00   2.754231e+02   1.158996e-06   9.164623e-01
5.030000e+01   -1.415301e+00   -0.000000e+00   -0.000000e+00   2.753936e+02   1.144894e-06   9.052144e-01
5.040000e+01   -1.598629e+00   -0.000000e+00   -0.000000e+00   2.753617e+02   1.130973e-06   8.941042e-01
5.050000e+01   -2.368189e+00   -0.000000e+00   -0.000000e+00   2.753270e+02   1.117232e-06   8.831301e-01
5.060000e+01   -3.492736e+00   -0.000000e+00   -0.000000e+00   2.752893e+02   1.103670e-06   8.722903e-01
5.070000e+01   -4.726110e+00   -0.000000e+00   -0.000000e+00   2.752484e+02   1.090285e-06   8.615830e-01
5.080000e+01   -5.822149e+00   -0.000000e+00   -0.000000e+00   2.752039e+02   1.077075e-06   8.510066e-01
5.090000e+01   -6.640834e+00   -0.000000e+00   -0.000000e+00   2.751556e+02   1.064039e-06   8.405592e-01
5.100000e+01   -7.419072e+00   -0.000000e+00   -0.000000e+00   2.751032e+02   1.051176e-06   8.302393e-01
5.110000e+01   -8.156360e+00   -0.000000e+00   -0.000000e+00   2.750464e+02   1.038483e-06   8.200450e-01
5.120000e+01   -8.821433e+00   -0.000000e+00   -0.000000e+00   2.749849e+02   1.025959e-06   8.099746e-01
5.130000e+01   -9.383028e+00   -0.000000e+00   -0.000000e+00   2.749186e+02   1.013603e-06   8.000265e-01
5.140000e+01   -9.840808e+00   -0.000000e+00   -0.000000e+00   2.748470e+02   1.001412e-06   7.901988e-01
5.150000e+01   -1.028682e+01   -0.000000e+00   -0.000000e+00   2.747700e+02   9.893858e-07   7.804899e-01
5.160000e+01   -1.069478e+01   -0.000000e+00   -0.000000e+00   2.746872e+02   9.775213e-07   7.708981e-01
5.170000e+01   -1.102442e+01   -0.000000e+00   -0.000000e+00   2.745983e+02   9.658171e-07   7.614215e-01
5.180000e+01   -1.123548e+01   -0.000000e+00   -0.000000e+00   2.745032e+02   9.542713e-07   7.520586e-01
5.190000e+01   -1.126091e+01   -0.000000e+00   -0.000000e+00   2.744015e+02   9.428822e-07   7.428075e-01
5.200000e+01   -1.098040e+01   -0.000000e+00   -0.000000e+00   2.742929e+02   9.316477e-07   7.336665e-01
5.210000e+01   -1.044293e+01   -0.000000e+00   -0.000000e+00   2.741772e+02   9.205660e-07   7.246339e-01
5.220000e+01   -9.716541e+00   -0.000000e+00   -0.000000e+00   2.740541e+02   9.096352e-07   7.157081e-01
5.230000e+01   -8.869268e+00   -0.000000e+00   -0.000000e+00   2.739233e+02   8.988532e-07   7.068871e-01
5.240000e+01   -7.796922e+00   -0.000000e+00   -0.000000e+00   2.737846e+02   8.882180e-07   6.981695e-01
5.250000e+01   -5.830941e+00   -0.000000e+00   -0.000000e+00   2.736380e+02   8.777270e-07   6.895539e-01
5.260000e+01   -3.326206e+00   -0.000000e+00   -0.000000e+00   2.734837e+02   8.673775e-07   6.810390e-01
5.270000e+01   -7.852216e-01   -0.000000e+00   -0.000000e+00   2.733219e+02   8.571669e-07   6.726236e-01
5.280000e+01   1.289506e+00   -0.000000e+00   -0.000000e+00   2.731526e+02   8.470925e-07   6.643066e-01
5.290000e+01   2.561076e+00   -0.000000e+00   -0.000000e+00   2.729761e+02   8.371518e-07   6.560867e-01
5.300000e+01   3.666702e+00   -0.000000e+00   -0.000000e+00   2.727925e+02   8.273423e-07   6.479628e-01
5.310000e+01   4.642844e+00   -0.000000e+00   -0.000000e+00   2.726019e+02   8.176615e-07   6.399335e-01
5.320000e+01   5.376591e+00   -0.000000e+00   -0.000000e+00   2.724045e+02   8.081069e-07   6.319977e-01
5.330000e+01   5.755032e+00   -0.000000e+00   -0.000000e+00   2.722005e+02   7.986760e-07   6.241542e-01
5.340000e+01   5.645226e+00   -0.000000e+00   -0.000000e+00   2.719899e+02   7.893665e-07   6.164017e-01
5.350000e+01   4.892567e+00   -0.000000e+00   -0.000000e+00   2.717730e+02   7.801759e-07   6.087392e-01
5.360000e+01   3.613233e+00   -0.000000e+00   -0.000000e+00   2.715499e+02   7.711021e-07   6.011652e-01
5.370000e+01   1.962267e+00   -0.000000e+00   -0.000000e+00   2.713207e+02   7.621425e-07   5.936787e-01
5.380000e+01   9.471080e-02   -0.000000e+00   -0.000000e+00   2.710856e+02   7.532950e-07   5.862784e-01
5.390000e+01   -2.010807e+00   -0.000000e+00   -0.000000e+00   2.708447e+02   7.445574e-07   5.789631e-01
5.400000e+01   -5.387995e+00   -0.000000e+00   -0.000000e+00   2.705982e+02   7.359273e-07   5.717316e-01
5.410000e+01   -9.597146e+00   -0.000000e+00   -0.000000e+00   2.703463e+02   7.274025e-07   5.645827e-01
5.420000e+01   -1.386372e+01   -0.000000e+00   -0.000000e+00   2.700890e+02   7.189810e-07   5.575152e-01
5.430000e+01   -1.741319e+01   -0.000000e+00   -0.000000e+00   2.698266e+02   7.106605e-07   5.505279e-01
5.440000e+01   -1.963563e+01   -0.000000e+00   -0.000000e+00   2.695592e+02   7.024388e-07   5.436195e-01
5.450000e+01   -2.148499e+01   -0.000000e+00   -0.000000e+00   2.692871e+02   6.943138e-07   5.367890e-01
5.460000e+01   -2.314915e+01   -0.000000e+00   -0.000000e+00   2.690108e+02   6.862830e-07   5.300359e-01
5.470000e+01   -2.448334e+01   -0.000000e+00   -0.000000e+00   2.687309e+02   6.783442e-07   5.233595e-01
5.480000e+01   -2.534284e+01   -0.000000e+00   -0.000000e+00   2.684480e+02   6.704949e-07   5.167590e-01
5.490000e+01   -2.555690e+01   -0.000000e+00   -0.000000e+00   2.681626e+02   6.627332e-07   5.102339e-01
5.500000e+01   -2.488441e+01   -0.000000e+00   -0.000000e+00   2.678754e+02   6.550567e-07   5.037836e-01
5.510000e+01   -2.366232e+01   -0.000000e+00   -0.000000e+00   2.675867e+02   6.474634e-07   4.974072e-01
5.520000e+01   -2.234511e+01   -0.000000e+00   -0.000000e+00   2.672972e+02   6.399513e-07   4.911043e-01
5.530000e+01   -2.138727e+01   -0.000000e+00   -0.000000e+00   2.670075e+02   6.325184e-07   4.848742e-01
5.540000e+01   -2.118267e+01   -0.000000e+00   -0.000000e+00   2.667182e+02   6.251628e-07   4.787162e-01
5.550000e+01   -2.125396e+01   -0.000000e+00   -0.000000e+00   2.664296e+02   6.178827e-07   4.726296e-01
5.560000e+01   -2.136401e+01   -0.000000e+00   -0.000000e+00   2.661426e+02   6.106761e-07   4.666138e-01
5.570000e+01   -2.148226e+01   -0.000000e+00   -0.000000e+00   2.658574e+02   6.035414e-07   4.606682e-01
5.580000e+01   -2.157815e+01   -0.000000e+00   -0.000000e+00   2.655749e+02   5.964769e-07   4.547922e-01
5.590000e+01   -2.161218e+01   -0.000000e+00   -0.000000e+00   2.652954e+02   5.894808e-07   4.489849e-01
5.600000e+01   -2.143801e+01   -0.000000e+00   -0.000000e+00   2.650196e+02   5.825515e-07   4.432459e-01
5.610000e+01   -2.105972e+01   -0.000000e+00   -0.000000e+00   2.647480e+02   5.756876e-07   4.375745e-01
5.620000e+01   -2.053752e+01   -0.000000e+00   -0.000000e+00   2.644812e+02   5.688874e-07   4.319700e-01
5.630000e+01   -1.993166e+01   -0.000000e+00   -0.000000e+00   2.642198e+02   5.621495e-07   4.264317e-01
5.640000e+01   -1.929514e+01   -0.000000e+00   -0.000000e+00   2.639642e+02   5.554724e-07   4.209590e-01
5.650000e+01   -1.853301e+01   -0.000000e+00   -0.000000e+00   2.637148e+02   5.488553e-07   4.155513e-01
5.660000e+01   -1.760413e+01   -0.000000e+00   -0.000000e+00   2.634705e+02   5.423002e-07   4.102079e-01
5.670000e+01   -1.651750e+01   -0.000000e+00   -0.000000e+00   2.632297e+02   5.358098e-07   4.049280e-01
5.680000e+01   -1.528210e+01   -0.000000e+00   -0.000000e+00   2.629909e+02   5.293869e-07   3.997110e-01
5.690000e+01   -1.388742e+01   -0.000000e+00   -0.000000e+00   2.627524e+02   5.230338e-07   3.945562e-01
5.700000e+01   -1.194446e+01   -0.000000e+00   -0.000000e+00   2.625129e+02   5.167531e-07   3.894628e-01
5.710000e+01   -9.564645e+00   -0.000000e+00   -0.000000e+00   2.622705e+02   5.105469e-07   3.844302e-01
5.720000e+01   -7.103682e+00   -0.000000e+00   -0.000000e+00   2.620239e+02   5.044173e-07   3.794577e-01
5.730000e+01   -4.917296e+00   -0.000000e+00   -0.000000e+00   2.617715e+02   4.983663e-07   3.745445e-01
5.740000e+01   -3.340079e+00   -0.000000e+00   -0.000000e+00   2.615116e+02   4.923957e-07   3.696899e-01
5.750000e+01   -1.985276e+00   -0.000000e+00   -0.000000e+00   2.612427e+02   4.865072e-07   3.648933e-01
5.760000e+01   -7.021751e-01   -0.000000e+00   -0.000000e+00   2.609633e+02   4.807024e-07   3.601539e-01
5.770000e+01   3.419826e-01   -0.000000e+00   -0.000000e+00   2.606718e+02   4.749828e-07   3.554711e-01
5.780000e+01   9.799567e-01   -0.000000e+00   -0.000000e+00   2.603666e+02   4.693498e-07   3.508442e-01
5.790000e+01   1.041090e+00   -0.000000e+00   -0.000000e+00   2.600462e+02   4.638045e-07   3.462724e-01
5.800000e+01   3.020070e-01   -0.000000e+00   -0.000000e+00   2.597089e+02   4.583483e-07   3.417550e-01
5.810000e+01   -1.096022e+00   -0.000000e+00   -0.000000e+00   2.593533e+02   4.529821e-07   3.372914e-01
5.820000e+01   -2.874733e+00   -0.000000e+00   -0.000000e+00   2.589778e+02   4.477069e-07   3.328808e-01
5.830000e+01   -4.755860e+00   -0.000000e+00   -0.000000e+00   2.585808e+02   4.425237e-07   3.285225e-01
5.840000e+01   -6.471512e+00   -0.000000e+00   -0.000000e+00   2.581607e+02   4.374333e-07   3.242159e-01
5.850000e+01   -8.432704e+00   -0.000000e+00   -0.000000e+00   2.577160e+02   4.324364e-07   3.199602e-01
5.860000e+01   -1.068047e+01   -0.000000e+00   -0.000000e+00   2.572468e+02   4.275310e-07   3.157548e-01
5.870000e+01   -1.280051e+01   -0.000000e+00   -0.000000e+00   2.567551e+02   4.227121e-07   3.115991e-01
5.880000e+01   -1.437855e+01   -0.000000e+00   -0.000000e+00   2.562430e+02   4.179749e-07   3.074926e-01
5.890000e+01   -1.500675e+01   -0.000000e+00   -0.000000e+00   2.557126e+02   4.133146e-07   3.034347e-01
5.900000e+01   -1.512009e+01   -0.000000e+00   -0.000000e+00   2.551660e+02   4.087264e-07   2.994249e-01
5.910000e+01   -1.519941e+01   -0.000000e+00   -0.000000e+00   2.546053e+02   4.042058e-07   2.954625e-01
5.920000e+01   -1.526007e+01   -0.000000e+00   -0.000000e+00   2.540326e+02   3.997485e-07   2.915471e-01
5.930000e+01   -1.531743e+01   -0.000000e+00   -0.000000e+00   2.534500e+02   3.953502e-07   2.876780e-01
5.940000e+01   -1.538676e+01   -0.000000e+00   -0.000000e+00   2.528596e+02   3.910068e-07   2.838547e-01
5.950000e+01   -1.545810e+01   -0.000000e+00   -0.000000e+00   2.522635e+02   3.867142e-07   2.800767e-01
5.960000e+01   -1.552341e+01   -0.000000e+00   -0.000000e+00   2.516638e+02   3.824687e-07   2.763433e-01
5.970000e+01   -1.559268e+01   -0.000000e+00   -0.000000e+00   2.510626e+02   3.782663e-07   2.726541e-01
5.980000e+01   -1.567591e+01   -0.000000e+00   -0.000000e+00   2.504620e+02   3.741033e-07   2.690084e-01
5.990000e+01   -1.578348e+01   -0.000000e+00   -0.000000e+00   2.498641e+02   3.699763e-07   2.654057e-01
6.000000e+01   -1.625319e+01   -0.000000e+00   -0.000000e+00   2.492711e+02   3.658818e-07   2.618454e-01
6.010000e+01   -1.722916e+01   -0.000000e+00   -0.000000e+00   2.486849e+02   3.618162e-07   2.583270e-01
6.020000e+01   -1.849811e+01   -0.000000e+00   -0.000000e+00   2.481078e+02   3.577765e-07   2.548499e-01
6.030000e+01   -1.984675e+01   -0.000000e+00   -0.000000e+00   2.475417e+02   3.537594e-07   2.514136e-01
6.040000e+01   -2.106178e+01   -0.000000e+00   -0.000000e+00   2.469889e+02   3.497618e-07   2.480174e-01
6.050000e+01   -2.230985e+01   -0.000000e+00   -0.000000e+00   2.464514e+02   3.457808e-07   2.446609e-01
6.060000e+01   -2.373604e+01   -0.000000e+00   -0.000000e+00   2.459307e+02   3.418146e-07   2.413435e-01
6.070000e+01   -2.509431e+01   -0.000000e+00   -0.000000e+00   2.454258e+02   3.378645e-07   2.380648e-01
6.080000e+01   -2.613860e+01   -0.000000e+00   -0.000000e+00   2.449358e+02   3.339327e-07   2.348246e-01
6.090000e+01   -2.662282e+01   -0.000000e+00   -0.000000e+00   2.444593e+02   3.300211e-07   2.316224e-01
6.100000e+01   -2.668656e+01   -0.000000e+00   -0.000000e+00   2.439952e+02   3.261315e-07   2.284580e-01
6.110000e+01   -2.668608e+01   -0.000000e+00   -0.000000e+00   2.435423e+02   3.222657e-07   2.253310e-01
6.120000e+01   -2.662852e+01   -0.000000e+00   -0.000000e+00   2.430994e+02   3.184257e-07   2.222411e-01
6.130000e+01   -2.652061e+01   -0.000000e+00   -0.000000e+00   2.426653e+02   3.146129e-07   2.191879e-01
6.140000e+01   -2.636907e+01   -0.000000e+00   -0.000000e+00   2.422388e+02   3.108290e-07   2.161711e-01
6.150000e+01   -2.592444e+01   -0.000000e+00   -0.000000e+00   2.418188e+02   3.070756e-07   2.131904e-01
6.160000e+01   -2.499471e+01   -0.000000e+00   -0.000000e+00   2.414039e+02   3.033541e-07   2.102455e-01
6.170000e+01   -2.379703e+01   -0.000000e+00   -0.000000e+00   2.409932e+02   2.996660e-07   2.073359e-01
6.180000e+01   -2.255004e+01   -0.000000e+00   -0.000000e+00   2.405852e+02   2.960125e-07   2.044614e-01
6.190000e+01   -2.147235e+01   -0.000000e+00   -0.000000e+00   2.401789e+02   2.923950e-07   2.016217e-01
6.200000e+01   -2.051047e+01   -0.000000e+00   -0.000000e+00   2.397731e+02   2.888147e-07   1.988163e-01
6.210000e+01   -1.945355e+01   -0.000000e+00   -0.000000e+00   2.393666e+02   2.852726e-07   1.960451e-01
6.220000e+01   -1.846193e+01   -0.000000e+00   -0.000000e+00   2.389581e+02   2.817700e-07   1.933075e-01
6.230000e+01   -1.769920e+01   -0.000000e+00   -0.000000e+00   2.385465e+02   2.783077e-07   1.906034e-01
6.240000e+01   -1.732899e+01   -0.000000e+00   -0.000000e+00   2.381307e+02   2.748868e-07   1.879324e-01
6.250000e+01   -1.735709e+01   -0.000000e+00   -0.000000e+00   2.377093e+02   2.715082e-07   1.852940e-01
6.260000e+01   -1.756236e+01   -0.000000e+00   -0.000000e+00   2.372815e+02   2.681723e-07   1.826881e-01
6.270000e+01   -1.788910e+01   -0.000000e+00   -0.000000e+00   2.368474e+02   2.648786e-07   1.801142e-01
6.280000e+01   -1.828496e+01   -0.000000e+00   -0.000000e+00   2.364071e+02   2.616262e-07   1.775719e-01
6.290000e+01   -1.869760e+01   -0.000000e+00   -0.000000e+00   2.359609e+02   2.584143e-07   1.750608e-01
6.300000e+01   -1.926227e+01   -0.000000e+00   -0.000000e+00   2.355090e+02   2.552419e-07   1.725806e-01
6.310000e+01   -2.015423e+01   -0.000000e+00   -0.000000e+00   2.350517e+02   2.521083e-07   1.701308e-01
6.320000e+01   -2.111965e+01   -0.000000e+00   -0.000000e+00   2.345892e+02   2.490126e-07   1.677111e-01
6.330000e+01   -2.189622e+01   -0.000000e+00   -0.000000e+00   2.341218e+02   2.459541e-07   1.653211e-01
6.340000e+01   -2.222162e+01   -0.000000e+00   -0.000000e+00   2.336496e+02   2.429319e-07   1.629603e-01
6.350000e+01   -2.204854e+01   -0.000000e+00   -0.000000e+00   2.331729e+02   2.399452e-07   1.606285e-01
6.360000e+01   -2.171463e+01   -0.000000e+00   -0.000000e+00   2.326920e+02   2.369934e-07   1.583252e-01
6.370000e+01   -2.125904e+01   -0.000000e+00   -0.000000e+00   2.322070e+02   2.340755e-07   1.560500e-01
6.380000e+01   -2.070942e+01   -0.000000e+00   -0.000000e+00   2.317183e+02   2.311909e-07   1.538025e-01
6.390000e+01   -2.009341e+01   -0.000000e+00   -0.000000e+00   2.312260e+02   2.283389e-07   1.515824e-01
6.400000e+01   -1.910655e+01   -0.000000e+00   -0.000000e+00   2.307305e+02   2.255185e-07   1.493893e-01
6.410000e+01   -1.728555e+01   -0.000000e+00   -0.000000e+00   2.302318e+02   2.227292e-07   1.472227e-01
6.420000e+01   -1.515345e+01   -0.000000e+00   -0.000000e+00   2.297303e+02   2.199703e-07   1.450824e-01
6.430000e+01   -1.326889e+01   -0.000000e+00   -0.000000e+00   2.292262e+02   2.172409e-07   1.429678e-01
6.440000e+01   -1.219052e+01   -0.000000e+00   -0.000000e+00   2.287198e+02   2.145404e-07   1.408786e-01
6.450000e+01   -1.213886e+01   -0.000000e+00   -0.000000e+00   2.282112e+02   2.118681e-07   1.388145e-01
6.460000e+01   -1.245457e+01   -0.000000e+00   -0.000000e+00   2.277004e+02   2.092237e-07   1.367751e-01
6.470000e+01   -1.297359e+01   -0.000000e+00   -0.000000e+00   2.271867e+02   2.066075e-07   1.347601e-01
6.480000e+01   -1.356837e+01   -0.000000e+00   -0.000000e+00   2.266697e+02   2.040198e-07   1.327694e-01
6.490000e+01   -1.411139e+01   -0.000000e+00   -0.000000e+00   2.261486e+02   2.014608e-07   1.308028e-01
6.500000e+01   -1.457024e+01   -0.000000e+00   -0.000000e+00   2.256230e+02   1.989309e-07   1.288599e-01
6.510000e+01   -1.510655e+01   -0.000000e+00   -0.000000e+00   2.250921e+02   1.964303e-07   1.269407e-01
6.520000e+01   -1.563775e+01   -0.000000e+00   -0.000000e+00   2.245554e+02   1.939591e-07   1.250449e-01
6.530000e+01   -1.606423e+01   -0.000000e+00   -0.000000e+00   2.240123e+02   1.915177e-07   1.231723e-01
6.540000e+01   -1.628637e+01   -0.000000e+00   -0.000000e+00   2.234622e+02   1.891060e-07   1.213226e-01
6.550000e+01   -1.621611e+01   -0.000000e+00   -0.000000e+00   2.229044e+02   1.867244e-07   1.194957e-01
6.560000e+01   -1.590079e+01   -0.000000e+00   -0.000000e+00   2.223385e+02   1.843729e-07   1.176913e-01
6.570000e+01   -1.547585e+01   -0.000000e+00   -0.000000e+00   2.217638e+02   1.820517e-07   1.159092e-01
6.580000e+01   -1.507823e+01   -0.000000e+00   -0.000000e+00   2.211796e+02   1.797609e-07   1.141491e-01
6.590000e+01   -1.484485e+01   -0.000000e+00   -0.000000e+00   2.205854e+02   1.775005e-07   1.124110e-01
6.600000e+01   -1.484007e+01   -0.000000e+00   -0.000000e+00   2.199807e+02   1.752706e-07   1.106945e-01
6.610000e+01   -1.487471e+01   -0.000000e+00   -0.000000e+00   2.193647e+02   1.730713e-07   1.089994e-01
6.620000e+01   -1.492701e+01   -0.000000e+00   -0.000000e+00   2.187369e+02   1.709027e-07   1.073256e-01
6.630000e+01   -1.499644e+01   -0.000000e+00   -0.000000e+00   2.180967e+02   1.687647e-07   1.056727e-01
6.640000e+01   -1.508249e+01   -0.000000e+00   -0.000000e+00   2.174434e+02   1.666573e-07   1.040407e-01
6.650000e+01   -1.537616e+01   -0.000000e+00   -0.000000e+00   2.167776e+02   1.645800e-07   1.024292e-01
6.660000e+01   -1.650619e+01   -0.000000e+00   -0.000000e+00   2.161009e+02   1.625308e-07   1.008381e-01
6.670000e+01   -1.819616e+01   -0.000000e+00   -0.000000e+00   2.154155e+02   1.605080e-07   9.926722e-02
6.680000e+01   -2.007462e+01   -0.000000e+00   -0.000000e+00   2.147234e+02   1.585097e-07   9.771640e-02
6.690000e+01   -2.177010e+01   -0.000000e+00   -0.000000e+00   2.140267e+02   1.565342e-07   9.618545e-02
6.700000e+01   -2.300671e+01   -0.000000e+00   -0.000000e+00   2.133273e+02   1.545798e-07   9.467419e-02
6.710000e+01   -2.404311e+01   -0.000000e+00   -0.000000e+00   2.126274e+02   1.526450e-07   9.318244e-02
6.720000e+01   -2.500509e+01   -0.000000e+00   -0.000000e+00   2.119290e+02   1.507280e-07   9.171003e-02
6.730000e+01   -2.597683e+01   -0.000000e+00   -0.000000e+00   2.112341e+02   1.488276e-07   9.025677e-02
6.740000e+01   -2.704249e+01   -0.000000e+00   -0.000000e+00   2.105448e+02   1.469420e-07   8.882249e-02
6.750000e+01   -2.835564e+01   -0.000000e+00   -0.000000e+00   2.098631e+02   1.450701e-07   8.740702e-02
6.760000e+01   -3.017351e+01   -0.000000e+00   -0.000000e+00   2.091911e+02   1.432103e-07   8.601017e-02
6.770000e+01   -3.216050e+01   -0.000000e+00   -0.000000e+00   2.085308e+02   1.413614e-07   8.463178e-02
6.780000e+01   -3.391011e+01   -0.000000e+00   -0.000000e+00   2.078842e+02   1.395222e-07   8.327165e-02
6.790000e+01   -3.501579e+01   -0.000000e+00   -0.000000e+00   2.072535e+02   1.376914e-07   8.192962e-02
6.800000e+01   -3.522407e+01   -0.000000e+00   -0.000000e+00   2.066406e+02   1.358679e-07   8.060550e-02
6.810000e+01   -3.520212e+01   -0.000000e+00   -0.000000e+00   2.060475e+02   1.340505e-07   7.929912e-02
6.820000e+01   -3.509379e+01   -0.000000e+00   -0.000000e+00   2.054764e+02   1.322384e-07   7.801031e-02
6.830000e+01   -3.490729e+01   -0.000000e+00   -0.000000e+00   2.049290e+02   1.304306e-07   7.673887e-02
6.840000e+01   -3.465205e+01   -0.000000e+00   -0.000000e+00   2.044044e+02   1.286282e-07   7.548465e-02
6.850000e+01   -3.420142e+01   -0.000000e+00   -0.000000e+00   2.039002e+02   1.268328e-07   7.424745e-02
6.860000e+01   -3.275650e+01   -0.000000e+00   -0.000000e+00   2.034142e+02   1.250462e-07   7.302710e-02
6.870000e+01   -3.049712e+01   -0.000000e+00   -0.000000e+00   2.029440e+02   1.232700e-07   7.182341e-02
6.880000e+01   -2.779899e+01   -0.000000e+00   -0.000000e+00   2.024872e+02   1.215059e-07   7.063622e-02
6.890000e+01   -2.503780e+01   -0.000000e+00   -0.000000e+00   2.020416e+02   1.197553e-07   6.946533e-02
6.900000e+01   -2.241494e+01   -0.000000e+00   -0.000000e+00   2.016048e+02   1.180197e-07   6.831057e-02
6.910000e+01   -1.904898e+01   -0.000000e+00   -0.000000e+00   2.011745e+02   1.163005e-07   6.717176e-02
6.920000e+01   -1.536899e+01   -0.000000e+00   -0.000000e+00   2.007483e+02   1.145988e-07   6.604872e-02
6.930000e+01   -1.212201e+01   -0.000000e+00   -0.000000e+00   2.003239e+02   1.129161e-07   6.494127e-02
6.940000e+01   -1.005510e+01   -0.000000e+00   -0.000000e+00   1.998990e+02   1.112533e-07   6.384924e-02
6.950000e+01   -9.723027e+00   -0.000000e+00   -0.000000e+00   1.994712e+02   1.096116e-07   6.277243e-02
6.960000e+01   -9.843550e+00   -0.000000e+00   -0.000000e+00   1.990382e+02   1.079920e-07   6.171068e-02
6.970000e+01   -1.000937e+01   -0.000000e+00   -0.000000e+00   1.985977e+02   1.063955e-07   6.066380e-02
6.980000e+01   -1.019973e+01   -0.000000e+00   -0.000000e+00   1.981473e+02   1.048229e-07   5.963162e-02
6.990000e+01   -1.039387e+01   -0.000000e+00   -0.000000e+00   1.976848e+02   1.032751e-07   5.861395e-02
7.000000e+01   -1.051269e+01   -0.000000e+00   -0.000000e+00   1.972077e+02   1.017528e-07   5.761062e-02
7.010000e+01   -1.002638e+01   -0.000000e+00   -0.000000e+00   1.967138e+02   1.002568e-07   5.662144e-02
7.020000e+01   -9.117031e+00   -0.000000e+00   -0.000000e+00   1.962017e+02   9.878720e-08   5.564625e-02
7.030000e+01   -8.164549e+00   -0.000000e+00   -0.000000e+00   1.956730e+02   9.734289e-08   5.468490e-02
7.040000e+01   -7.548347e+00   -0.000000e+00   -0.000000e+00   1.951292e+02   9.592258e-08   5.373727e-02
7.050000e+01   -7.593597e+00   -0.000000e+00   -0.000000e+00   1.945723e+02   9.452506e-08   5.280320e-02
7.060000e+01   -7.861891e+00   -0.000000e+00   -0.000000e+00   1.940039e+02   9.314913e-08   5.188258e-02
7.070000e+01   -8.163561e+00   -0.000000e+00   -0.000000e+00   1.934257e+02   9.179368e-08   5.097524e-02
7.080000e+01   -8.497738e+00   -0.000000e+00   -0.000000e+00   1.928396e+02   9.045761e-08   5.008107e-02
7.090000e+01   -8.863554e+00   -0.000000e+00   -0.000000e+00   1.922472e+02   8.913987e-08   4.919992e-02
7.100000e+01   -9.285966e+00   -0.000000e+00   -0.000000e+00   1.916504e+02   8.783944e-08   4.833166e-02
7.110000e+01   -1.009986e+01   -0.000000e+00   -0.000000e+00   1.910509e+02   8.655537e-08   4.747614e-02
7.120000e+01   -1.121109e+01   -0.000000e+00   -0.000000e+00   1.904504e+02   8.528671e-08   4.663324e-02
7.130000e+01   -1.236414e+01   -0.000000e+00   -0.000000e+00   1.898507e+02   8.403256e-08   4.580281e-02
7.140000e+01   -1.330344e+01   -0.000000e+00   -0.000000e+00   1.892535e+02   8.279205e-08   4.498471e-02
7.150000e+01   -1.378979e+01   -0.000000e+00   -0.000000e+00   1.886606e+02   8.156436e-08   4.417881e-02
7.160000e+01   -1.397601e+01   -0.000000e+00   -0.000000e+00   1.880738e+02   8.034869e-08   4.338498e-02
7.170000e+01   -1.403341e+01   -0.000000e+00   -0.000000e+00   1.874947e+02   7.914427e-08   4.260307e-02
7.180000e+01   -1.403975e+01   -0.000000e+00   -0.000000e+00   1.869252e+02   7.795038e-08   4.183294e-02
7.190000e+01   -1.407280e+01   -0.000000e+00   -0.000000e+00   1.863670e+02   7.676631e-08   4.107447e-02
7.200000e+01   -1.422217e+01   -0.000000e+00   -0.000000e+00   1.858218e+02   7.559139e-08   4.032751e-02
7.210000e+01   -1.477360e+01   -0.000000e+00   -0.000000e+00   1.852912e+02   7.442510e-08   3.959192e-02
7.220000e+01   -1.562272e+01   -0.000000e+00   -0.000000e+00   1.847747e+02   7.326769e-08   3.886758e-02
7.230000e+01   -1.650436e+01   -0.000000e+00   -0.000000e+00   1.842710e+02   7.211983e-08   3.815436e-02
7.240000e+01   -1.715340e+01   -0.000000e+00   -0.000000e+00   1.837787e+02   7.098213e-08   3.745213e-02
7.250000e+01   -1.730929e+01   -0.000000e+00   -0.000000e+00   1.832962e+02   6.985521e-08   3.676076e-02
7.260000e+01   -1.696737e+01   -0.000000e+00   -0.000000e+00   1.828221e+02   6.873960e-08   3.608013e-02
7.270000e+01   -1.633858e+01   -0.000000e+00   -0.000000e+00   1.823551e+02   6.763586e-08   3.541012e-02
7.280000e+01   -1.560805e+01   -0.000000e+00   -0.000000e+00   1.818938e+02   6.654447e-08   3.475058e-02
7.290000e+01   -1.496087e+01   -0.000000e+00   -0.000000e+00   1.814366e+02   6.546589e-08   3.410141e-02
7.300000e+01   -1.459083e+01   -0.000000e+00   -0.000000e+00   1.809822e+02   6.440058e-08   3.346246e-02
7.310000e+01   -1.493821e+01   -0.000000e+00   -0.000000e+00   1.805291e+02   6.334892e-08   3.283362e-02
7.320000e+01   -1.584566e+01   -0.000000e+00   -0.000000e+00   1.800759e+02   6.231129e-08   3.221475e-02
7.330000e+01   -1.686595e+01   -0.000000e+00   -0.000000e+00   1.796212e+02   6.128805e-08   3.160573e-02
7.340000e+01   -1.755188e+01   -0.000000e+00   -0.000000e+00   1.791636e+02   6.027949e-08   3.100644e-02
7.350000e+01   -1.746132e+01   -0.000000e+00   -0.000000e+00   1.787017e+02   5.928592e-08   3.041674e-02
7.360000e+01   -1.664342e+01   -0.000000e+00   -0.000000e+00   1.782339e+02   5.830760e-08   2.983650e-02
7.370000e+01   -1.545964e+01   -0.000000e+00   -0.000000e+00   1.777590e+02   5.734475e-08   2.926561e-02
7.380000e+01   -1.414252e+01   -0.000000e+00   -0.000000e+00   1.772754e+02   5.639760e-08   2.870394e-02
7.390000e+01   -1.292458e+01   -0.000000e+00   -0.000000e+00   1.767818e+02   5.546632e-08   2.815135e-02
7.400000e+01   -1.204131e+01   -0.000000e+00   -0.000000e+00   1.762766e+02   5.455109e-08   2.760772e-02
7.410000e+01   -1.195414e+01   -0.000000e+00   -0.000000e+00   1.757586e+02   5.365204e-08   2.707293e-02
7.420000e+01   -1.261859e+01   -0.000000e+00   -0.000000e+00   1.752262e+02   5.276930e-08   2.654684e-02
7.430000e+01   -1.366980e+01   -0.000000e+00   -0.000000e+00   1.746782e+02   5.190294e-08   2.602933e-02
7.440000e+01   -1.474559e+01   -0.000000e+00   -0.000000e+00   1.741143e+02   5.105274e-08   2.552030e-02
7.450000e+01   -1.548806e+01   -0.000000e+00   -0.000000e+00   1.735350e+02   5.021824e-08   2.501963e-02
7.460000e+01   -1.615462e+01   -0.000000e+00   -0.000000e+00   1.729410e+02   4.939903e-08   2.452724e-02
7.470000e+01   -1.693248e+01   -0.000000e+00   -0.000000e+00   1.723329e+02   4.859466e-08   2.404303e-02
7.480000e+01   -1.755878e+01   -0.000000e+00   -0.000000e+00   1.717113e+02   4.780474e-08   2.356689e-02
7.490000e+01   -1.777067e+01   -0.000000e+00   -0.000000e+00   1.710768e+02   4.702888e-08   2.309873e-02
7.500000e+01   -1.730582e+01   -0.000000e+00   -0.000000e+00   1.704300e+02   4.626668e-08   2.263845e-02
7.510000e+01   -1.642789e+01   -0.000000e+00   -0.000000e+00   1.697714e+02   4.551777e-08   2.218594e-02
7.520000e+01   -1.551884e+01   -0.000000e+00   -0.000000e+00   1.691018e+02   4.478179e-08   2.174113e-02
7.530000e+01   -1.458123e+01   -0.000000e+00   -0.000000e+00   1.684217e+02   4.405839e-08   2.130389e-02
7.540000e+01   -1.361760e+01   -0.000000e+00   -0.000000e+00   1.677316e+02   4.334722e-08   2.087414e-02
7.550000e+01   -1.263051e+01   -0.000000e+00   -0.000000e+00   1.670323e+02   4.264795e-08   2.045178e-02
7.560000e+01   -1.099319e+01   -0.000000e+00   -0.000000e+00   1.663243e+02   4.196026e-08   2.003670e-02
7.570000e+01   -8.475740e+00   -0.000000e+00   -0.000000e+00   1.656082e+02   4.128382e-08   1.962882e-02
7.580000e+01   -5.676019e+00   -0.000000e+00   -0.000000e+00   1.648846e+02   4.061834e-08   1.922802e-02
7.590000e+01   -3.191882e+00   -0.000000e+00   -0.000000e+00   1.641541e+02   3.996349e-08   1.883422e-02
7.600000e+01   -1.621185e+00   -0.000000e+00   -0.000000e+00   1.634174e+02   3.931900e-08   1.844731e-02
7.610000e+01   -7.834921e-01   -0.000000e+00   -0.000000e+00   1.626750e+02   3.868458e-08   1.806720e-02
7.620000e+01   -2.424512e-03   -0.000000e+00   -0.000000e+00   1.619274e+02   3.805993e-08   1.769379e-02
7.630000e+01   7.263560e-01   -0.000000e+00   -0.000000e+00   1.611755e+02   3.744478e-08   1.732697e-02
7.640000e+01   1.406374e+00   -0.000000e+00   -0.000000e+00   1.604196e+02   3.683888e-08   1.696665e-02
7.650000e+01   2.041154e+00   -0.000000e+00   -0.000000e+00   1.596605e+02   3.624194e-08   1.661274e-02
7.660000e+01   2.680400e+00   -0.000000e+00   -0.000000e+00   1.588987e+02   3.565371e-08   1.626513e-02
7.670000e+01   3.365178e+00   -0.000000e+00   -0.000000e+00   1.581348e+02   3.507394e-08   1.592372e-02
7.680000e+01   4.063845e+00   -0.000000e+00   -0.000000e+00   1.573695e+02   3.450237e-08   1.558842e-02
7.690000e+01   4.744498e+00   -0.000000e+00   -0.000000e+00   1.566033e+02   3.393877e-08   1.525912e-02
7.700000e+01   5.375239e+00   -0.000000e+00   -0.000000e+00   1.558369e+02   3.338289e-08   1.493573e-02
7.710000e+01   6.074039e+00   -0.000000e+00   -0.000000e+00   1.550705e+02   3.283456e-08   1.461816e-02
7.720000e+01   6.951849e+00   -0.000000e+00   -0.000000e+00   1.543038e+02   3.229380e-08   1.430632e-02
7.730000e+01   7.854352e+00   -0.000000e+00   -0.000000e+00   1.535363e+02   3.176061e-08   1.400013e-02
7.740000e+01   8.625190e+00   -0.000000e+00   -0.000000e+00   1.527675e+02   3.123503e-08   1.369951e-02
7.750000e+01   9.108000e+00   -0.000000e+00   -0.000000e+00   1.519969e+02   3.071706e-08   1.340438e-02
7.760000e+01   9.265268e+00   -0.000000e+00   -0.000000e+00   1.512242e+02   3.020670e-08   1.311465e-02
7.770000e+01   9.255539e+00   -0.000000e+00   -0.000000e+00   1.504488e+02   2.970395e-08   1.283025e-02
7.780000e+01   9.131477e+00   -0.000000e+00   -0.000000e+00   1.496702e+02   2.920880e-08   1.255109e-02
7.790000e+01   8.943546e+00   -0.000000e+00   -0.000000e+00   1.488880e+02   2.872124e-08   1.227709e-02
7.800000e+01   8.742209e+00   -0.000000e+00   -0.000000e+00   1.481018e+02   2.824126e-08   1.200816e-02
7.810000e+01   8.539630e+00   -0.000000e+00   -0.000000e+00   1.473110e+02   2.776882e-08   1.174424e-02
7.820000e+01   8.306674e+00   -0.000000e+00   -0.000000e+00   1.465152e+02   2.730390e-08   1.148523e-02
7.830000e+01   8.076047e+00   -0.000000e+00   -0.000000e+00   1.457139e+02   2.684647e-08   1.123105e-02
7.840000e+01   7.881915e+00   -0.000000e+00   -0.000000e+00   1.449067e+02   2.639648e-08   1.098163e-02
7.850000e+01   7.758441e+00   -0.000000e+00   -0.000000e+00   1.440930e+02   2.595390e-08   1.073688e-02
7.860000e+01   8.158961e+00   -0.000000e+00   -0.000000e+00   1.432725e+02   2.551868e-08   1.049671e-02
7.870000e+01   9.566864e+00   -0.000000e+00   -0.000000e+00   1.424446e+02   2.509075e-08   1.026106e-02
7.880000e+01   1.127854e+01   -0.000000e+00   -0.000000e+00   1.416089e+02   2.467007e-08   1.002983e-02
7.890000e+01   1.255907e+01   0.000000e+00   0.000000e+00   1.407649e+02   2.425657e-08   9.802939e-03
7.900000e+01   1.267350e+01   0.000000e+00   0.000000e+00   1.399122e+02   2.385019e-08   9.580315e-03
7.910000e+01   1.152921e+01   0.000000e+00   0.000000e+00   1.390503e+02   2.345085e-08   9.361871e-03
7.920000e+01   1.026153e+01   0.000000e+00   0.000000e+00   1.381786e+02   2.305847e-08   9.147527e-03
7.930000e+01   8.932494e+00   0.000000e+00   0.000000e+00   1.372972e+02   2.267292e-08   8.937202e-03
7.940000e+01   7.564554e+00   0.000000e+00   0.000000e+00   1.364111e+02   2.229327e-08   8.730838e-03
7.950000e+01   6.188831e+00   0.000000e+00   0.000000e+00   1.355287e+02   2.191814e-08   8.528392e-03
7.960000e+01   5.132663e+00   0.000000e+00   0.000000e+00   1.346582e+02   2.154620e-08   8.329821e-03
7.970000e+01   4.941528e+00   0.000000e+00   0.000000e+00   1.338081e+02   2.117616e-08   8.135081e-03
7.980000e+01   5.189267e+00   0.000000e+00   0.000000e+00   1.329868e+02   2.080680e-08   7.944129e-03
7.990000e+01   5.404614e+00   0.000000e+00   0.000000e+00   1.322028e+02   2.043697e-08   7.756921e-03
8.000000e+01   5.116306e+00   0.000000e+00   0.000000e+00   1.314643e+02   2.006558e-08   7.573415e-03
8.010000e+01   3.973183e+00   0.000000e+00   0.000000e+00   1.307798e+02   1.969160e-08   7.393567e-03
8.020000e+01   2.212997e+00   0.000000e+00   0.000000e+00   1.301577e+02   1.931411e-08   7.217334e-03
8.030000e+01   1.246864e-01   0.000000e+00   0.000000e+00   1.296064e+02   1.893225e-08   7.044672e-03
8.040000e+01   -2.013631e+00   0.000000e+00   0.000000e+00   1.291342e+02   1.854527e-08   6.875538e-03
8.050000e+01   -3.923838e+00   0.000000e+00   0.000000e+00   1.287496e+02   1.815252e-08   6.709890e-03
8.060000e+01   -5.563576e+00   0.000000e+00   0.000000e+00   1.284610e+02   1.775349e-08   6.547682e-03
8.070000e+01   -7.375199e+00   0.000000e+00   0.000000e+00   1.282739e+02   1.734817e-08   6.388875e-03
8.080000e+01   -9.064537e+00   0.000000e+00   0.000000e+00   1.281838e+02   1.693797e-08   6.233428e-03
8.090000e+01   -1.028319e+01   0.000000e+00   0.000000e+00   1.281844e+02   1.652453e-08   6.081307e-03
8.100000e+01   -1.068275e+01   0.000000e+00   0.000000e+00   1.282693e+02   1.610945e-08   5.932473e-03
8.110000e+01   -1.013623e+01   0.000000e+00   0.000000e+00   1.284319e+02   1.569422e-08   5.786889e-03
8.120000e+01   -9.275690e+00   0.000000e+00   0.000000e+00   1.286660e+02   1.528027e-08   5.644519e-03
8.130000e+01   -8.205432e+00   0.000000e+00   0.000000e+00   1.289649e+02   1.486891e-08   5.505326e-03
8.140000e+01   -6.964231e+00   0.000000e+00   0.000000e+00   1.293224e+02   1.446136e-08   5.369271e-03
8.150000e+01   -5.590861e+00   0.000000e+00   0.000000e+00   1.297320e+02   1.405875e-08   5.236320e-03
8.160000e+01   -4.120610e+00   0.000000e+00   0.000000e+00   1.301872e+02   1.366209e-08   5.106433e-03
8.170000e+01   -2.583348e+00   0.000000e+00   0.000000e+00   1.306816e+02   1.327227e-08   4.979575e-03
8.180000e+01   -1.028679e+00   0.000000e+00   0.000000e+00   1.312089e+02   1.289012e-08   4.855708e-03
8.190000e+01   4.919027e-01   0.000000e+00   0.000000e+00   1.317625e+02   1.251633e-08   4.734795e-03
8.200000e+01   1.926903e+00   0.000000e+00   0.000000e+00   1.323360e+02   1.215152e-08   4.616800e-03
8.210000e+01   3.216758e+00   0.000000e+00   0.000000e+00   1.329231e+02   1.179620e-08   4.501685e-03
8.220000e+01   4.291122e+00   0.000000e+00   0.000000e+00   1.335172e+02   1.145082e-08   4.389413e-03
8.230000e+01   5.137868e+00   0.000000e+00   0.000000e+00   1.341120e+02   1.111574e-08   4.279947e-03
8.240000e+01   5.751012e+00   0.000000e+00   0.000000e+00   1.347010e+02   1.079124e-08   4.173250e-03
8.250000e+01   6.124570e+00   0.000000e+00   0.000000e+00   1.352778e+02   1.047754e-08   4.069285e-03
8.260000e+01   6.227564e+00   0.000000e+00   0.000000e+00   1.358359e+02   1.017481e-08   3.968016e-03
8.270000e+01   5.939844e+00   0.000000e+00   0.000000e+00   1.363713e+02   9.882992e-09   3.869400e-03
8.280000e+01   5.293310e+00   0.000000e+00   0.000000e+00   1.368862e+02   9.601507e-09   3.773388e-03
8.290000e+01   4.344851e+00   0.000000e+00   0.000000e+00   1.373844e+02   9.329733e-09   3.679924e-03
8.300000e+01   3.151354e+00   0.000000e+00   0.000000e+00   1.378694e+02   9.067088e-09   3.588956e-03
8.310000e+01   1.716260e+00   0.000000e+00   0.000000e+00   1.383450e+02   8.813035e-09   3.500430e-03
8.320000e+01   -1.611233e-01   0.000000e+00   0.000000e+00   1.388148e+02   8.567076e-09   3.414293e-03
8.330000e+01   -2.316102e+00   0.000000e+00   0.000000e+00   1.392824e+02   8.328744e-09   3.330490e-03
8.340000e+01   -4.523527e+00   0.000000e+00   0.000000e+00   1.397515e+02   8.097608e-09   3.248968e-03
8.350000e+01   -6.558245e+00   0.000000e+00   0.000000e+00   1.402256e+02   7.873265e-09   3.169674e-03
8.360000e+01   -8.264475e+00   0.000000e+00   0.000000e+00   1.407086e+02   7.655339e-09   3.092554e-03
8.370000e+01   -9.941619e+00   0.000000e+00   0.000000e+00   1.412039e+02   7.443482e-09   3.017555e-03
8.380000e+01   -1.158125e+01   0.000000e+00   0.000000e+00   1.417153e+02   7.237367e-09   2.944622e-03
8.390000e+01   -1.309062e+01   0.000000e+00   0.000000e+00   1.422463e+02   7.036691e-09   2.873703e-03
8.400000e+01   -1.437697e+01   0.000000e+00   0.000000e+00   1.428007e+02   6.841171e-09   2.804743e-03
8.410000e+01   -1.531963e+01   0.000000e+00   0.000000e+00   1.433820e+02   6.650542e-09   2.737689e-03
8.420000e+01   -1.569433e+01   0.000000e+00   0.000000e+00   1.439940e+02   6.464561e-09   2.672488e-03
8.430000e+01   -1.561013e+01   0.000000e+00   0.000000e+00   1.446402e+02   6.282998e-09   2.609086e-03
8.440000e+01   -1.523793e+01   0.000000e+00   0.000000e+00   1.453244e+02   6.105642e-09   2.547429e-03
8.450000e+01   -1.474867e+01   0.000000e+00   0.000000e+00   1.460501e+02   5.932295e-09   2.487464e-03
8.460000e+01   -1.427789e+01   0.000000e+00   0.000000e+00   1.468209e+02   5.762776e-09   2.429137e-03
8.470000e+01   -1.362639e+01   0.000000e+00   0.000000e+00   1.476404e+02   5.596927e-09   2.372395e-03
8.480000e+01   -1.277309e+01   0.000000e+00   0.000000e+00   1.485071e+02   5.434792e-09   2.317194e-03
8.490000e+01   -1.177891e+01   0.000000e+00   0.000000e+00   1.494160e+02   5.276555e-09   2.263497e-03
8.500000e+01   -1.070511e+01   0.000000e+00   0.000000e+00   1.503618e+02   5.122371e-09   2.211265e-03
8.510000e+01   -9.579365e+00   0.000000e+00   0.000000e+00   1.513393e+02   4.972365e-09   2.160464e-03
8.520000e+01   -8.160547e+00   0.000000e+00   0.000000e+00   1.523431e+02   4.826632e-09   2.111054e-03
8.530000e+01   -6.599499e+00   0.000000e+00   0.000000e+00   1.533682e+02   4.685238e-09   2.063001e-03
8.540000e+01   -5.160817e+00   0.000000e+00   0.000000e+00   1.544092e+02   4.548227e-09   2.016266e-03
8.550000e+01   -4.109098e+00   0.000000e+00   0.000000e+00   1.554609e+02   4.415619e-09   1.970812e-03
8.560000e+01   -3.658547e+00   0.000000e+00   0.000000e+00   1.565180e+02   4.287415e-09   1.926603e-03
8.570000e+01   -3.342394e+00   0.000000e+00   0.000000e+00   1.575753e+02   4.163594e-09   1.883601e-03
8.580000e+01   -2.985292e+00   0.000000e+00   0.000000e+00   1.586276e+02   4.044123e-09   1.841770e-03
8.590000e+01   -2.594389e+00   0.000000e+00   0.000000e+00   1.596695e+02   3.928953e-09   1.801073e-03
8.600000e+01   -2.176834e+00   0.000000e+00   0.000000e+00   1.606960e+02   3.818022e-09   1.761472e-03
8.610000e+01   -1.748626e+00   0.000000e+00   0.000000e+00   1.617016e+02   3.711259e-09   1.722931e-03
8.620000e+01   -1.448048e+00   0.000000e+00   0.000000e+00   1.626811e+02   3.608581e-09   1.685412e-03
8.630000e+01   -1.302668e+00   0.000000e+00   0.000000e+00   1.636294e+02   3.509902e-09   1.648879e-03
8.640000e+01   -1.289391e+00   0.000000e+00   0.000000e+00   1.645412e+02   3.415126e-09   1.613295e-03
8.650000e+01   -1.385122e+00   0.000000e+00   0.000000e+00   1.654112e+02   3.324152e-09   1.578622e-03
8.660000e+01   -1.609555e+00   0.000000e+00   0.000000e+00   1.662341e+02   3.236879e-09   1.544824e-03
8.670000e+01   -2.660067e+00   0.000000e+00   0.000000e+00   1.670048e+02   3.153198e-09   1.511863e-03
8.680000e+01   -4.440316e+00   0.000000e+00   0.000000e+00   1.677179e+02   3.073002e-09   1.479703e-03
8.690000e+01   -6.491266e+00   0.000000e+00   0.000000e+00   1.683684e+02   2.996179e-09   1.448307e-03
8.700000e+01   -8.350789e+00   0.000000e+00   0.000000e+00   1.689542e+02   2.922581e-09   1.417646e-03
8.710000e+01   -9.580706e+00   0.000000e+00   0.000000e+00   1.694787e+02   2.851998e-09   1.387703e-03
8.720000e+01   -1.053494e+01   0.000000e+00   0.000000e+00   1.699456e+02   2.784235e-09   1.358464e-03
8.730000e+01   -1.142174e+01   0.000000e+00   0.000000e+00   1.703586e+02   2.719108e-09   1.329912e-03
8.740000e+01   -1.217775e+01   0.000000e+00   0.000000e+00   1.707216e+02   2.656448e-09   1.302033e-03
8.750000e+01   -1.273960e+01   0.000000e+00   0.000000e+00   1.710382e+02   2.596096e-09   1.274812e-03
8.760000e+01   -1.304814e+01   0.000000e+00   0.000000e+00   1.713122e+02   2.537902e-09   1.248232e-03
8.770000e+01   -1.320647e+01   0.000000e+00   0.000000e+00   1.715473e+02   2.481729e-09   1.222280e-03
8.780000e+01   -1.331775e+01   0.000000e+00   0.000000e+00   1.717473e+02   2.427446e-09   1.196938e-03
8.790000e+01   -1.342907e+01   0.000000e+00   0.000000e+00   1.719159e+02   2.374930e-09   1.172193e-03
8.800000e+01   -1.358754e+01   0.000000e+00   0.000000e+00   1.720569e+02   2.324066e-09   1.148029e-03
8.810000e+01   -1.384278e+01   0.000000e+00   0.000000e+00   1.721740e+02   2.274745e-09   1.124431e-03
8.820000e+01   -1.431464e+01   0.000000e+00   0.000000e+00   1.722710e+02   2.226864e-09   1.101383e-03
8.830000e+01   -1.494454e+01   0.000000e+00   0.000000e+00   1.723516e+02   2.180326e-09   1.078870e-03
8.840000e+01   -1.558870e+01   0.000000e+00   0.000000e+00   1.724195e+02   2.135038e-09   1.056877e-03
8.850000e+01   -1.610335e+01   0.000000e+00   0.000000e+00   1.724786e+02   2.090912e-09   1.035388e-03
8.860000e+01   -1.633829e+01   0.000000e+00   0.000000e+00   1.725324e+02   2.047866e-09   1.014389e-03
8.870000e+01   -1.583486e+01   0.000000e+00   0.000000e+00   1.725849e+02   2.005819e-09   9.938637e-04
8.880000e+01   -1.470688e+01   0.000000e+00   0.000000e+00   1.726397e+02   1.964696e-09   9.737970e-04
8.890000e+01   -1.341484e+01   0.000000e+00   0.000000e+00   1.727006e+02   1.924427e-09   9.541738e-04
8.900000e+01   -1.241925e+01   0.000000e+00   0.000000e+00   1.727713e+02   1.884941e-09   9.349787e-04
8.910000e+01   -1.217500e+01   0.000000e+00   0.000000e+00   1.728555e+02   1.846175e-09   9.161965e-04
8.920000e+01   -1.238331e+01   0.000000e+00   0.000000e+00   1.729571e+02   1.808067e-09   8.978118e-04
8.930000e+01   -1.263143e+01   0.000000e+00   0.000000e+00   1.730797e+02   1.770557e-09   8.798094e-04
8.940000e+01   -1.289611e+01   0.000000e+00   0.000000e+00   1.732256e+02   1.733612e-09   8.621771e-04
8.950000e+01   -1.315550e+01   0.000000e+00   0.000000e+00   1.733941e+02   1.697238e-09   8.449083e-04
8.960000e+01   -1.338624e+01   0.000000e+00   0.000000e+00   1.735843e+02   1.661444e-09   8.279968e-04
8.970000e+01   -1.321121e+01   0.000000e+00   0.000000e+00   1.737953e+02   1.626238e-09   8.114367e-04
8.980000e+01   -1.257833e+01   0.000000e+00   0.000000e+00   1.740262e+02   1.591627e-09   7.952219e-04
8.990000e+01   -1.181192e+01   0.000000e+00   0.000000e+00   1.742759e+02   1.557617e-09   7.793463e-04
9.000000e+01   -1.123630e+01   0.000000e+00   0.000000e+00   1.745437e+02   1.524212e-09   7.638040e-04
9.010000e+01   -1.117605e+01   0.000000e+00   0.000000e+00   1.748286e+02   1.491415e-09   7.485889e-04
9.020000e+01   -1.205251e+01   0.000000e+00   0.000000e+00   1.751297e+02   1.459229e-09   7.336949e-04
9.030000e+01   -1.370169e+01   0.000000e+00   0.000000e+00   1.754460e+02   1.427654e-09   7.191160e-04
9.040000e+01   -1.561443e+01   0.000000e+00   0.000000e+00   1.757766e+02   1.396693e-09   7.048461e-04
9.050000e+01   -1.728156e+01   0.000000e+00   0.000000e+00   1.761206e+02   1.366342e-09   6.908792e-04
9.060000e+01   -1.819394e+01   0.000000e+00   0.000000e+00   1.764771e+02   1.336602e-09   6.772093e-04
9.070000e+01   -1.853287e+01   0.000000e+00   0.000000e+00   1.768452e+02   1.307469e-09   6.638303e-04
9.080000e+01   -1.882346e+01   0.000000e+00   0.000000e+00   1.772239e+02   1.278941e-09   6.507362e-04
9.090000e+01   -1.907219e+01   0.000000e+00   0.000000e+00   1.776123e+02   1.251012e-09   6.379209e-04
9.100000e+01   -1.928556e+01   0.000000e+00   0.000000e+00   1.780094e+02   1.223679e-09   6.253783e-04
9.110000e+01   -1.947005e+01   0.000000e+00   0.000000e+00   1.784145e+02   1.196935e-09   6.131026e-04
9.120000e+01   -1.883583e+01   0.000000e+00   0.000000e+00   1.788264e+02   1.170775e-09   6.010875e-04
9.130000e+01   -1.695525e+01   0.000000e+00   0.000000e+00   1.792444e+02   1.145192e-09   5.893271e-04
9.140000e+01   -1.456750e+01   0.000000e+00   0.000000e+00   1.796675e+02   1.120178e-09   5.778152e-04
9.150000e+01   -1.241284e+01   0.000000e+00   0.000000e+00   1.800947e+02   1.095726e-09   5.665460e-04
9.160000e+01   -1.123151e+01   0.000000e+00   0.000000e+00   1.805252e+02   1.071826e-09   5.555133e-04
9.170000e+01   -1.093120e+01   0.000000e+00   0.000000e+00   1.809580e+02   1.048470e-09   5.447110e-04
9.180000e+01   -1.075570e+01   0.000000e+00   0.000000e+00   1.813922e+02   1.025649e-09   5.341332e-04
9.190000e+01   -1.076364e+01   0.000000e+00   0.000000e+00   1.818274e+02   1.003351e-09   5.237746e-04
9.200000e+01   -1.101561e+01   0.000000e+00   0.000000e+00   1.822642e+02   9.815628e-10   5.136317e-04
9.210000e+01   -1.157198e+01   0.000000e+00   0.000000e+00   1.827033e+02   9.602717e-10   5.037011e-04
9.220000e+01   -1.239785e+01   0.000000e+00   0.000000e+00   1.831455e+02   9.394645e-10   4.939795e-04
9.230000e+01   -1.335735e+01   0.000000e+00   0.000000e+00   1.835915e+02   9.191287e-10   4.844636e-04
9.240000e+01   -1.441421e+01   0.000000e+00   0.000000e+00   1.840420e+02   8.992522e-10   4.751500e-04
9.250000e+01   -1.553322e+01   0.000000e+00   0.000000e+00   1.844977e+02   8.798233e-10   4.660353e-04
9.260000e+01   -1.667915e+01   0.000000e+00   0.000000e+00   1.849595e+02   8.608306e-10   4.571163e-04
9.270000e+01   -1.786313e+01   0.000000e+00   0.000000e+00   1.854280e+02   8.422631e-10   4.483896e-04
9.280000e+01   -1.913194e+01   0.000000e+00   0.000000e+00   1.859040e+02   8.241101e-10   4.398518e-04
9.290000e+01   -2.046181e+01   0.000000e+00   0.000000e+00   1.863882e+02   8.063612e-10   4.314997e-04
9.300000e+01   -2.182791e+01   0.000000e+00   0.000000e+00   1.868814e+02   7.890063e-10   4.233298e-04
9.310000e+01   -2.320539e+01   0.000000e+00   0.000000e+00   1.873842e+02   7.720354e-10   4.153389e-04
9.320000e+01   -2.464335e+01   0.000000e+00   0.000000e+00   1.878975e+02   7.554390e-10   4.075236e-04
9.330000e+01   -2.619973e+01   0.000000e+00   0.000000e+00   1.884219e+02   7.392077e-10   3.998805e-04
9.340000e+01   -2.775800e+01   0.000000e+00   0.000000e+00   1.889582e+02   7.233324e-10   3.924063e-04
9.350000e+01   -2.919827e+01   0.000000e+00   0.000000e+00   1.895071e+02   7.078041e-10   3.850978e-04
9.360000e+01   -3.040060e+01   0.000000e+00   0.000000e+00   1.900694e+02   6.926142e-10   3.779514e-04
9.370000e+01   -3.137047e+01   0.000000e+00   0.000000e+00   1.906458e+02   6.777541e-10   3.709640e-04
9.380000e+01   -3.231475e+01   0.000000e+00   0.000000e+00   1.912370e+02   6.632155e-10   3.641321e-04
9.390000e+01   -3.324677e+01   0.000000e+00   0.000000e+00   1.918438e+02   6.489902e-10   3.574525e-04
9.400000e+01   -3.417284e+01   0.000000e+00   0.000000e+00   1.924669e+02   6.350703e-10   3.509217e-04
9.410000e+01   -3.509930e+01   0.000000e+00   0.000000e+00   1.931070e+02   6.214480e-10   3.445365e-04
9.420000e+01   -3.639559e+01   0.000000e+00   0.000000e+00   1.937649e+02   6.081155e-10   3.382935e-04
9.430000e+01   -3.864778e+01   0.000000e+00   0.000000e+00   1.944414e+02   5.950653e-10   3.321893e-04
9.440000e+01   -4.140229e+01   0.000000e+00   0.000000e+00   1.951370e+02   5.822901e-10   3.262207e-04
9.450000e+01   -4.416757e+01   0.000000e+00   0.000000e+00   1.958525e+02   5.697834e-10   3.203843e-04
9.460000e+01   -4.645319e+01   0.000000e+00   0.000000e+00   1.965873e+02   5.575427e-10   3.146776e-04
9.470000e+01   -4.809327e+01   0.000000e+00   0.000000e+00   1.973404e+02   5.455668e-10   3.090981e-04
9.480000e+01   -4.964582e+01   0.000000e+00   0.000000e+00   1.981111e+02   5.338543e-10   3.036435e-04
9.490000e+01   -5.107728e+01   0.000000e+00   0.000000e+00   1.988984e+02   5.224033e-10   2.983112e-04
9.500000e+01   -5.231620e+01   0.000000e+00   0.000000e+00   1.997013e+02   5.112117e-10   2.930989e-04
9.510000e+01   -5.329114e+01   0.000000e+00   0.000000e+00   2.005191e+02   5.002771e-10   2.880041e-04
9.520000e+01   -5.387635e+01   0.000000e+00   0.000000e+00   2.013507e+02   4.895966e-10   2.830244e-04
9.530000e+01   -5.399882e+01   0.000000e+00   0.000000e+00   2.021953e+02   4.791675e-10   2.781575e-04
9.540000e+01   -5.389574e+01   0.000000e+00   0.000000e+00   2.030520e+02   4.689864e-10   2.734008e-04
9.550000e+01   -5.381909e+01   0.000000e+00   0.000000e+00   2.039199e+02   4.590499e-10   2.687520e-04
9.560000e+01   -5.402091e+01   0.000000e+00   0.000000e+00   2.047980e+02   4.493545e-10   2.642087e-04
9.570000e+01   -5.464119e+01   0.000000e+00   0.000000e+00   2.056855e+02   4.398963e-10   2.597684e-04
9.580000e+01   -5.544162e+01   0.000000e+00   0.000000e+00   2.065815e+02   4.306714e-10   2.554287e-04
9.590000e+01   -5.637828e+01   0.000000e+00   0.000000e+00   2.074850e+02   4.216756e-10   2.511872e-04
9.600000e+01   -5.743022e+01   0.000000e+00   0.000000e+00   2.083952e+02   4.129047e-10   2.470415e-04
9.610000e+01   -5.857648e+01   0.000000e+00   0.000000e+00   2.093112e+02   4.043543e-10   2.429891e-04
9.620000e+01   -6.028357e+01   0.000000e+00   0.000000e+00   2.102320e+02   3.960200e-10   2.390277e-04
9.630000e+01   -6.385130e+01   0.000000e+00   0.000000e+00   2.111568e+02   3.878971e-10   2.351548e-04
9.640000e+01   -6.841310e+01   0.000000e+00   0.000000e+00   2.120846e+02   3.799810e-10   2.313680e-04
9.650000e+01   -7.291589e+01   0.000000e+00   0.000000e+00   2.130146e+02   3.722669e-10   2.276649e-04
9.660000e+01   -7.630659e+01   0.000000e+00   0.000000e+00   2.139458e+02   3.647500e-10   2.240430e-04
9.670000e+01   -7.797502e+01   0.000000e+00   0.000000e+00   2.148773e+02   3.574255e-10   2.205000e-04
9.680000e+01   -7.917851e+01   0.000000e+00   0.000000e+00   2.158083e+02   3.502886e-10   2.170334e-04
9.690000e+01   -8.017755e+01   0.000000e+00   0.000000e+00   2.167379e+02   3.433341e-10   2.136408e-04
9.700000e+01   -8.106636e+01   0.000000e+00   0.000000e+00   2.176650e+02   3.365573e-10   2.103198e-04
9.710000e+01   -8.193918e+01   0.000000e+00   0.000000e+00   2.185889e+02   3.299531e-10   2.070679e-04
9.720000e+01   -8.284411e+01   0.000000e+00   0.000000e+00   2.195087e+02   3.235166e-10   2.038828e-04
9.730000e+01   -8.365371e+01   0.000000e+00   0.000000e+00   2.204233e+02   3.172427e-10   2.007620e-04
9.740000e+01   -8.441725e+01   0.000000e+00   0.000000e+00   2.213320e+02   3.111265e-10   1.977032e-04
9.750000e+01   -8.521046e+01   0.000000e+00   0.000000e+00   2.222339e+02   3.051631e-10   1.947039e-04
9.760000e+01   -8.610964e+01   0.000000e+00   0.000000e+00   2.231290e+02   2.993482e-10   1.917631e-04
9.770000e+01   -8.732226e+01   0.000000e+00   0.000000e+00   2.240174e+02   2.936776e-10   1.888795e-04
9.780000e+01   -8.935850e+01   0.000000e+00   0.000000e+00   2.248992e+02   2.881473e-10   1.860522e-04
9.790000e+01   -9.176526e+01   0.000000e+00   0.000000e+00   2.257746e+02   2.827537e-10   1.832803e-04
9.800000e+01   -9.396543e+01   0.000000e+00   0.000000e+00   2.266438e+02   2.774927e-10   1.805626e-04
9.810000e+01   -9.538188e+01   0.000000e+00   0.000000e+00   2.275069e+02   2.723609e-10   1.778982e-04
9.820000e+01   -9.563678e+01   0.000000e+00   0.000000e+00   2.283640e+02   2.673545e-10   1.752861e-04
9.830000e+01   -9.557187e+01   0.000000e+00   0.000000e+00   2.292152e+02   2.624701e-10   1.727252e-04
9.840000e+01   -9.537956e+01   0.000000e+00   0.000000e+00   2.300608e+02   2.577042e-10   1.702145e-04
9.850000e+01   -9.507779e+01   0.000000e+00   0.000000e+00   2.309009e+02   2.530536e-10   1.677531e-04
9.860000e+01   -9.468448e+01   0.000000e+00   0.000000e+00   2.317357e+02   2.485150e-10   1.653399e-04
9.870000e+01   -9.411651e+01   0.000000e+00   0.000000e+00   2.325651e+02   2.440851e-10   1.629739e-04
9.880000e+01   -9.280210e+01   0.000000e+00   0.000000e+00   2.333895e+02   2.397608e-10   1.606542e-04
9.890000e+01   -9.090672e+01   0.000000e+00   0.000000e+00   2.342090e+02   2.355392e-10   1.583796e-04
9.900000e+01   -8.874174e+01   0.000000e+00   0.000000e+00   2.350237e+02   2.314172e-10   1.561492e-04
9.910000e+01   -8.661852e+01   0.000000e+00   0.000000e+00   2.358337e+02   2.273919e-10   1.539619e-04
9.920000e+01   -8.479982e+01   0.000000e+00   0.000000e+00   2.366393e+02   2.234605e-10   1.518168e-04
9.930000e+01   -8.309361e+01   0.000000e+00   0.000000e+00   2.374405e+02   2.196201e-10   1.497129e-04
9.940000e+01   -8.140347e+01   0.000000e+00   0.000000e+00   2.382375e+02   2.158680e-10   1.476491e-04
9.950000e+01   -7.969773e+01   0.000000e+00   0.000000e+00   2.390305e+02   2.122015e-10   1.456244e-04
9.960000e+01   -7.794473e+01   0.000000e+00   0.000000e+00   2.398195e+02   2.086181e-10   1.436378e-04
9.970000e+01   -7.612621e+01   0.000000e+00   0.000000e+00   2.406048e+02   2.051150e-10   1.416884e-04
9.980000e+01   -7.432115e+01   0.000000e+00   0.000000e+00   2.413865e+02   2.016899e-10   1.397750e-04
9.990000e+01   -7.248956e+01   0.000000e+00   0.000000e+00   2.421647e+02   1.983402e-10   1.378967e-04
1.000000e+02   -7.055881e+01   0.000000e+00   0.000000e+00   2.429396e+02   1.950634e-10   1.360525e-04
1.001000e+02   -6.845629e+01   0.000000e+00   0.000000e+00   2.437114e+02   1.918572e-10   1.342413e-04
1.002000e+02   -6.605811e+01   0.000000e+00   0.000000e+00   2.444801e+02   1.887192e-10   1.324622e-04
1.003000e+02   -6.291617e+01   0.000000e+00   0.000000e+00   2.452459e+02   1.856472e-10   1.307142e-04
1.004000e+02   -5.935330e+01   0.000000e+00   0.000000e+00   2.460091e+02   1.826389e-10   1.289961e-04
1.005000e+02   -5.588455e+01   0.000000e+00   0.000000e+00   2.467696e+02   1.796920e-10   1.273071e-04
1.006000e+02   -5.302500e+01   0.000000e+00   0.000000e+00   2.475277e+02   1.768043e-10   1.256461e-04
1.007000e+02   -5.123475e+01   0.000000e+00   0.000000e+00   2.482835e+02   1.739738e-10   1.240121e-04
1.008000e+02   -5.009604e+01   0.000000e+00   0.000000e+00   2.490372e+02   1.711982e-10   1.224040e-04
1.009000e+02   -4.922060e+01   0.000000e+00   0.000000e+00   2.497889e+02   1.684756e-10   1.208210e-04
1.010000e+02   -4.838522e+01   0.000000e+00   0.000000e+00   2.505387e+02   1.658038e-10   1.192619e-04
1.011000e+02   -4.736638e+01   0.000000e+00   0.000000e+00   2.512869e+02   1.631812e-10   1.177260e-04
1.012000e+02   -4.592364e+01   0.000000e+00   0.000000e+00   2.520340e+02   1.606066e-10   1.162130e-04
1.013000e+02   -4.369450e+01   0.000000e+00   0.000000e+00   2.527804e+02   1.580788e-10   1.147227e-04
1.014000e+02   -4.076013e+01   0.000000e+00   0.000000e+00   2.535265e+02   1.555967e-10   1.132547e-04
1.015000e+02   -3.732633e+01   0.000000e+00   0.000000e+00   2.542727e+02   1.531594e-10   1.118088e-04
1.016000e+02   -3.359891e+01   0.000000e+00   0.000000e+00   2.550196e+02   1.507658e-10   1.103846e-04
1.017000e+02   -2.972389e+01   0.000000e+00   0.000000e+00   2.557676e+02   1.484148e-10   1.089821e-04
1.018000e+02   -2.487383e+01   0.000000e+00   0.000000e+00   2.565171e+02   1.461055e-10   1.076007e-04
1.019000e+02   -1.926709e+01   0.000000e+00   0.000000e+00   2.572685e+02   1.438370e-10   1.062404e-04
1.020000e+02   -1.361999e+01   0.000000e+00   0.000000e+00   2.580224e+02   1.416084e-10   1.049008e-04
1.021000e+02   -8.648851e+00   0.000000e+00   0.000000e+00   2.587791e+02   1.394187e-10   1.035816e-04
1.022000e+02   -5.031190e+00   0.000000e+00   0.000000e+00   2.595391e+02   1.372671e-10   1.022826e-04
1.023000e+02   -2.294870e+00   0.000000e+00   0.000000e+00   2.603029e+02   1.351527e-10   1.010034e-04
1.024000e+02   4.745324e-02   0.000000e+00   0.000000e+00   2.610709e+02   1.330748e-10   9.974393e-05
1.025000e+02   2.149324e+00   0.000000e+00   0.000000e+00   2.618435e+02   1.310324e-10   9.850377e-05
1.026000e+02   4.164287e+00   0.000000e+00   0.000000e+00   2.626212e+02   1.290249e-10   9.728269e-05
1.027000e+02   6.248184e+00   0.000000e+00   0.000000e+00   2.634045e+02   1.270514e-10   9.608041e-05
1.028000e+02   8.538217e+00   0.000000e+00   0.000000e+00   2.641937e+02   1.251112e-10   9.489665e-05
1.029000e+02   1.088152e+01   0.000000e+00   0.000000e+00   2.649894e+02   1.232035e-10   9.373115e-05
1.030000e+02   1.304745e+01   0.000000e+00   0.000000e+00   2.657919e+02   1.213277e-10   9.258363e-05
1.031000e+02   1.480539e+01   0.000000e+00   0.000000e+00   2.666018e+02   1.194831e-10   9.145382e-05
1.032000e+02   1.593587e+01   0.000000e+00   0.000000e+00   2.674195e+02   1.176689e-10   9.034145e-05
1.033000e+02   1.676542e+01   0.000000e+00   0.000000e+00   2.682453e+02   1.158845e-10   8.924624e-05
1.034000e+02   1.751347e+01   0.000000e+00   0.000000e+00   2.690799e+02   1.141293e-10   8.816792e-05
1.035000e+02   1.814288e+01   0.000000e+00   0.000000e+00   2.699236e+02   1.124025e-10   8.710621e-05
1.036000e+02   1.861650e+01   0.000000e+00   0.000000e+00   2.707768e+02   1.107036e-10   8.606085e-05
1.037000e+02   1.887689e+01   0.000000e+00   0.000000e+00   2.716400e+02   1.090320e-10   8.503155e-05
1.038000e+02   1.765793e+01   0.000000e+00   0.000000e+00   2.725137e+02   1.073871e-10   8.401806e-05
1.039000e+02   1.479111e+01   0.000000e+00   0.000000e+00   2.733983e+02   1.057682e-10   8.302008e-05
1.040000e+02   1.107027e+01   0.000000e+00   0.000000e+00   2.742942e+02   1.041748e-10   8.203736e-05
1.041000e+02   7.289251e+00   0.000000e+00   0.000000e+00   2.752020e+02   1.026063e-10   8.106962e-05
1.042000e+02   4.234618e+00   0.000000e+00   0.000000e+00   2.761220e+02   1.010623e-10   8.011657e-05
1.043000e+02   1.690715e+00   0.000000e+00   0.000000e+00   2.770546e+02   9.954205e-11   7.917796e-05
1.044000e+02   -7.832071e-01   0.000000e+00   0.000000e+00   2.780004e+02   9.804513e-11   7.825351e-05
1.045000e+02   -3.138769e+00   0.000000e+00   0.000000e+00   2.789598e+02   9.657099e-11   7.734295e-05
1.046000e+02   -5.327592e+00   0.000000e+00   0.000000e+00   2.799332e+02   9.511913e-11   7.644599e-05
1.047000e+02   -7.300806e+00   0.000000e+00   0.000000e+00   2.809211e+02   9.368904e-11   7.556238e-05
1.048000e+02   -8.935337e+00   0.000000e+00   0.000000e+00   2.819240e+02   9.228024e-11   7.469183e-05
1.049000e+02   -1.031055e+01   0.000000e+00   0.000000e+00   2.829422e+02   9.089223e-11   7.383407e-05
1.050000e+02   -1.164024e+01   0.000000e+00   0.000000e+00   2.839762e+02   8.952454e-11   7.298883e-05
1.051000e+02   -1.313826e+01   0.000000e+00   0.000000e+00   2.850265e+02   8.817672e-11   7.215584e-05
1.052000e+02   -1.501888e+01   0.000000e+00   0.000000e+00   2.860931e+02   8.684850e-11   7.133490e-05
1.053000e+02   -1.764173e+01   0.000000e+00   0.000000e+00   2.871760e+02   8.553974e-11   7.052586e-05
1.054000e+02   -2.095625e+01   0.000000e+00   0.000000e+00   2.882750e+02   8.425032e-11   6.972858e-05
1.055000e+02   -2.460633e+01   0.000000e+00   0.000000e+00   2.893899e+02   8.298011e-11   6.894292e-05
1.056000e+02   -2.823588e+01   0.000000e+00   0.000000e+00   2.905206e+02   8.172897e-11   6.816874e-05
1.057000e+02   -3.148879e+01   0.000000e+00   0.000000e+00   2.916670e+02   8.049674e-11   6.740590e-05
1.058000e+02   -3.443638e+01   0.000000e+00   0.000000e+00   2.928289e+02   7.928328e-11   6.665425e-05
1.059000e+02   -3.732996e+01   0.000000e+00   0.000000e+00   2.940061e+02   7.808842e-11   6.591365e-05
1.060000e+02   -4.008341e+01   0.000000e+00   0.000000e+00   2.951986e+02   7.691200e-11   6.518396e-05
1.061000e+02   -4.261060e+01   0.000000e+00   0.000000e+00   2.964061e+02   7.575386e-11   6.446503e-05
1.062000e+02   -4.482542e+01   0.000000e+00   0.000000e+00   2.976285e+02   7.461380e-11   6.375673e-05
1.063000e+02   -4.663526e+01   0.000000e+00   0.000000e+00   2.988657e+02   7.349165e-11   6.305892e-05
1.064000e+02   -4.813368e+01   0.000000e+00   0.000000e+00   3.001176e+02   7.238724e-11   6.237145e-05
1.065000e+02   -4.952472e+01   0.000000e+00   0.000000e+00   3.013839e+02   7.130036e-11   6.169417e-05
1.066000e+02   -5.101248e+01   0.000000e+00   0.000000e+00   3.026646e+02   7.023082e-11   6.102696e-05
1.067000e+02   -5.280107e+01   0.000000e+00   0.000000e+00   3.039595e+02   6.917843e-11   6.036966e-05
1.068000e+02   -5.506878e+01   0.000000e+00   0.000000e+00   3.052684e+02   6.814298e-11   5.972213e-05
1.069000e+02   -5.775098e+01   0.000000e+00   0.000000e+00   3.065912e+02   6.712428e-11   5.908424e-05
1.070000e+02   -6.067407e+01   0.000000e+00   0.000000e+00   3.079277e+02   6.612211e-11   5.845583e-05
1.071000e+02   -6.366429e+01   0.000000e+00   0.000000e+00   3.092779e+02   6.513627e-11   5.783678e-05
1.072000e+02   -6.654788e+01   0.000000e+00   0.000000e+00   3.106415e+02   6.416654e-11   5.722692e-05
1.073000e+02   -6.940716e+01   0.000000e+00   0.000000e+00   3.120184e+02   6.321270e-11   5.662614e-05
1.074000e+02   -7.242031e+01   0.000000e+00   0.000000e+00   3.134085e+02   6.227455e-11   5.603427e-05
1.075000e+02   -7.538177e+01   0.000000e+00   0.000000e+00   3.148116e+02   6.135186e-11   5.545119e-05
1.076000e+02   -7.808273e+01   0.000000e+00   0.000000e+00   3.162276e+02   6.044442e-11   5.487674e-05
1.077000e+02   -8.031441e+01   0.000000e+00   0.000000e+00   3.176563e+02   5.955199e-11   5.431079e-05
1.078000e+02   -8.210357e+01   0.000000e+00   0.000000e+00   3.190976e+02   5.867436e-11   5.375319e-05
1.079000e+02   -8.372602e+01   0.000000e+00   0.000000e+00   3.205513e+02   5.781131e-11   5.320380e-05
1.080000e+02   -8.514775e+01   0.000000e+00   0.000000e+00   3.220173e+02   5.696260e-11   5.266249e-05
1.081000e+02   -8.632968e+01   0.000000e+00   0.000000e+00   3.234954e+02   5.612802e-11   5.212910e-05
1.082000e+02   -8.723272e+01   0.000000e+00   0.000000e+00   3.249856e+02   5.530733e-11   5.160350e-05
1.083000e+02   -8.793069e+01   0.000000e+00   0.000000e+00   3.264875e+02   5.450031e-11   5.108554e-05
1.084000e+02   -8.857376e+01   0.000000e+00   0.000000e+00   3.280012e+02   5.370674e-11   5.057508e-05
1.085000e+02   -8.909453e+01   0.000000e+00   0.000000e+00   3.295265e+02   5.292638e-11   5.007199e-05
1.086000e+02   -8.942096e+01   0.000000e+00   0.000000e+00   3.310631e+02   5.215901e-11   4.957611e-05
1.087000e+02   -8.948097e+01   0.000000e+00   0.000000e+00   3.326110e+02   5.140439e-11   4.908731e-05
1.088000e+02   -8.930187e+01   0.000000e+00   0.000000e+00   3.341700e+02   5.066231e-11   4.860544e-05
1.089000e+02   -8.907113e+01   0.000000e+00   0.000000e+00   3.357400e+02   4.993254e-11   4.813036e-05
1.090000e+02   -8.882336e+01   0.000000e+00   0.000000e+00   3.373208e+02   4.921485e-11   4.766194e-05
1.091000e+02   -8.858761e+01   0.000000e+00   0.000000e+00   3.389123e+02   4.850902e-11   4.720002e-05
1.092000e+02   -8.839296e+01   0.000000e+00   0.000000e+00   3.405143e+02   4.781482e-11   4.674447e-05
1.093000e+02   -8.832827e+01   0.000000e+00   0.000000e+00   3.421267e+02   4.713203e-11   4.629515e-05
1.094000e+02   -8.850803e+01   0.000000e+00   0.000000e+00   3.437494e+02   4.646042e-11   4.585190e-05
1.095000e+02   -8.886648e+01   0.000000e+00   0.000000e+00   3.453821e+02   4.579977e-11   4.541460e-05
1.096000e+02   -8.933140e+01   0.000000e+00   0.000000e+00   3.470247e+02   4.514987e-11   4.498309e-05
1.097000e+02   -8.983055e+01   0.000000e+00   0.000000e+00   3.486772e+02   4.451049e-11   4.455725e-05
1.098000e+02   -9.033146e+01   0.000000e+00   0.000000e+00   3.503393e+02   4.388142e-11   4.413691e-05
1.099000e+02   -9.091139e+01   0.000000e+00   0.000000e+00   3.520109e+02   4.326245e-11   4.372196e-05
1.100000e+02   -9.159529e+01   0.000000e+00   0.000000e+00   3.536916e+02   4.265345e-11   4.331230e-05
1.101000e+02   -9.240382e+01   0.000000e+00   0.000000e+00   3.553808e+02   4.205433e-11   4.290788e-05
1.102000e+02   -9.335769e+01   0.000000e+00   0.000000e+00   3.570780e+02   4.146501e-11   4.250864e-05
1.103000e+02   -9.453944e+01   0.000000e+00   0.000000e+00   3.587827e+02   4.088538e-11   4.211452e-05
1.104000e+02   -9.608618e+01   0.000000e+00   0.000000e+00   3.604945e+02   4.031535e-11   4.172548e-05
1.105000e+02   -9.790139e+01   0.000000e+00   0.000000e+00   3.622126e+02   3.975481e-11   4.134144e-05
1.106000e+02   -9.987526e+01   0.000000e+00   0.000000e+00   3.639367e+02   3.920367e-11   4.096236e-05
1.107000e+02   -1.018979e+02   0.000000e+00   0.000000e+00   3.656662e+02   3.866182e-11   4.058817e-05
1.108000e+02   -1.040197e+02   0.000000e+00   0.000000e+00   3.674006e+02   3.812915e-11   4.021883e-05
1.109000e+02   -1.065449e+02   0.000000e+00   0.000000e+00   3.691394e+02   3.760556e-11   3.985426e-05
1.110000e+02   -1.091787e+02   0.000000e+00   0.000000e+00   3.708820e+02   3.709092e-11   3.949442e-05
1.111000e+02   -1.115820e+02   0.000000e+00   0.000000e+00   3.726280e+02   3.658514e-11   3.913925e-05
1.112000e+02   -1.134159e+02   0.000000e+00   0.000000e+00   3.743767e+02   3.608810e-11   3.878869e-05
1.113000e+02   -1.145610e+02   0.000000e+00   0.000000e+00   3.761277e+02   3.559967e-11   3.844269e-05
1.114000e+02   -1.155875e+02   0.000000e+00   0.000000e+00   3.778805e+02   3.511976e-11   3.810118e-05
1.115000e+02   -1.164624e+02   0.000000e+00   0.000000e+00   3.796345e+02   3.464824e-11   3.776411e-05
1.116000e+02   -1.170849e+02   0.000000e+00   0.000000e+00   3.813892e+02   3.418500e-11   3.743142e-05
1.117000e+02   -1.173537e+02   0.000000e+00   0.000000e+00   3.831441e+02   3.372991e-11   3.710306e-05
1.118000e+02   -1.172336e+02   0.000000e+00   0.000000e+00   3.848987e+02   3.328287e-11   3.677896e-05
1.119000e+02   -1.169487e+02   0.000000e+00   0.000000e+00   3.866524e+02   3.284374e-11   3.645908e-05
1.120000e+02   -1.165512e+02   0.000000e+00   0.000000e+00   3.884047e+02   3.241243e-11   3.614335e-05
1.121000e+02   -1.160673e+02   0.000000e+00   0.000000e+00   3.901552e+02   3.198880e-11   3.583172e-05
1.122000e+02   -1.155235e+02   0.000000e+00   0.000000e+00   3.919032e+02   3.157275e-11   3.552413e-05
1.123000e+02   -1.148883e+02   0.000000e+00   0.000000e+00   3.936482e+02   3.116414e-11   3.522053e-05
1.124000e+02   -1.139309e+02   0.000000e+00   0.000000e+00   3.953898e+02   3.076287e-11   3.492085e-05
1.125000e+02   -1.126686e+02   0.000000e+00   0.000000e+00   3.971275e+02   3.036882e-11   3.462503e-05
1.126000e+02   -1.111536e+02   0.000000e+00   0.000000e+00   3.988605e+02   2.998187e-11   3.433303e-05
1.127000e+02   -1.094379e+02   0.000000e+00   0.000000e+00   4.005886e+02   2.960191e-11   3.404479e-05
1.128000e+02   -1.073925e+02   0.000000e+00   0.000000e+00   4.023111e+02   2.922881e-11   3.376024e-05
1.129000e+02   -1.043142e+02   0.000000e+00   0.000000e+00   4.040275e+02   2.886247e-11   3.347933e-05
1.130000e+02   -1.006021e+02   0.000000e+00   0.000000e+00   4.057374e+02   2.850277e-11   3.320201e-05
1.131000e+02   -9.681219e+01   0.000000e+00   0.000000e+00   4.074401e+02   2.814959e-11   3.292821e-05
1.132000e+02   -9.350029e+01   0.000000e+00   0.000000e+00   4.091351e+02   2.780283e-11   3.265789e-05
1.133000e+02   -9.111550e+01   0.000000e+00   0.000000e+00   4.108220e+02   2.746236e-11   3.239097e-05
1.134000e+02   -8.927947e+01   0.000000e+00   0.000000e+00   4.125002e+02   2.712809e-11   3.212741e-05
1.135000e+02   -8.769177e+01   0.000000e+00   0.000000e+00   4.141692e+02   2.679990e-11   3.186715e-05
1.136000e+02   -8.612623e+01   0.000000e+00   0.000000e+00   4.158284e+02   2.647767e-11   3.161013e-05
1.137000e+02   -8.435667e+01   0.000000e+00   0.000000e+00   4.174774e+02   2.616131e-11   3.135629e-05
1.138000e+02   -8.216310e+01   0.000000e+00   0.000000e+00   4.191156e+02   2.585069e-11   3.110558e-05
1.139000e+02   -7.949871e+01   0.000000e+00   0.000000e+00   4.207425e+02   2.554573e-11   3.085795e-05
1.140000e+02   -7.650943e+01   0.000000e+00   0.000000e+00   4.223576e+02   2.524630e-11   3.061332e-05
1.141000e+02   -7.335125e+01   0.000000e+00   0.000000e+00   4.239603e+02   2.495231e-11   3.037165e-05
1.142000e+02   -7.018016e+01   0.000000e+00   0.000000e+00   4.255502e+02   2.466366e-11   3.013288e-05
1.143000e+02   -6.713191e+01   0.000000e+00   0.000000e+00   4.271266e+02   2.438023e-11   2.989694e-05
1.144000e+02   -6.413247e+01   0.000000e+00   0.000000e+00   4.286892e+02   2.410193e-11   2.966380e-05
1.145000e+02   -6.111180e+01   0.000000e+00   0.000000e+00   4.302373e+02   2.382867e-11   2.943338e-05
1.146000e+02   -5.802365e+01   0.000000e+00   0.000000e+00   4.317704e+02   2.356033e-11   2.920563e-05
1.147000e+02   -5.482177e+01   0.000000e+00   0.000000e+00   4.332881e+02   2.329682e-11   2.898050e-05
1.148000e+02   -5.144067e+01   0.000000e+00   0.000000e+00   4.347898e+02   2.303805e-11   2.875792e-05
1.149000e+02   -4.773471e+01   0.000000e+00   0.000000e+00   4.362749e+02   2.278392e-11   2.853784e-05
1.150000e+02   -4.384103e+01   0.000000e+00   0.000000e+00   4.377430e+02   2.253433e-11   2.832020e-05
1.151000e+02   -3.995459e+01   0.000000e+00   0.000000e+00   4.391935e+02   2.228920e-11   2.810495e-05
1.152000e+02   -3.627033e+01   0.000000e+00   0.000000e+00   4.406260e+02   2.204842e-11   2.789202e-05
1.153000e+02   -3.294268e+01   0.000000e+00   0.000000e+00   4.420398e+02   2.181192e-11   2.768137e-05
1.154000e+02   -2.970631e+01   0.000000e+00   0.000000e+00   4.434345e+02   2.157959e-11   2.747293e-05
1.155000e+02   -2.657840e+01   -0.000000e+00   -0.000000e+00   4.448095e+02   2.135135e-11   2.726665e-05
1.156000e+02   -2.369295e+01   -0.000000e+00   -0.000000e+00   4.461643e+02   2.112711e-11   2.706246e-05
1.157000e+02   -2.118395e+01   -0.000000e+00   -0.000000e+00   4.474984e+02   2.090679e-11   2.686032e-05
1.158000e+02   -1.915811e+01   -0.000000e+00   -0.000000e+00   4.488113e+02   2.069029e-11   2.666016e-05
1.159000e+02   -1.736825e+01   -0.000000e+00   -0.000000e+00   4.501028e+02   2.047754e-11   2.646195e-05
1.160000e+02   -1.575580e+01   -0.000000e+00   -0.000000e+00   4.513733e+02   2.026843e-11   2.626566e-05
1.161000e+02   -1.436456e+01   -0.000000e+00   -0.000000e+00   4.526232e+02   2.006287e-11   2.607127e-05
1.162000e+02   -1.323835e+01   -0.000000e+00   -0.000000e+00   4.538531e+02   1.986077e-11   2.587878e-05
1.163000e+02   -1.240495e+01   -0.000000e+00   -0.000000e+00   4.550634e+02   1.966204e-11   2.568816e-05
1.164000e+02   -1.166334e+01   -0.000000e+00   -0.000000e+00   4.562547e+02   1.946660e-11   2.549939e-05
1.165000e+02   -1.099627e+01   -0.000000e+00   -0.000000e+00   4.574273e+02   1.927437e-11   2.531247e-05
1.166000e+02   -1.047608e+01   -0.000000e+00   -0.000000e+00   4.585817e+02   1.908525e-11   2.512737e-05
1.167000e+02   -1.017512e+01   -0.000000e+00   -0.000000e+00   4.597185e+02   1.889918e-11   2.494408e-05
1.168000e+02   -1.019128e+01   -0.000000e+00   -0.000000e+00   4.608382e+02   1.871609e-11   2.476258e-05
1.169000e+02   -1.095993e+01   -0.000000e+00   -0.000000e+00   4.619411e+02   1.853588e-11   2.458285e-05
1.170000e+02   -1.228011e+01   -0.000000e+00   -0.000000e+00   4.630278e+02   1.835851e-11   2.440489e-05
1.171000e+02   -1.371158e+01   -0.000000e+00   -0.000000e+00   4.640988e+02   1.818389e-11   2.422866e-05
1.172000e+02   -1.481412e+01   -0.000000e+00   -0.000000e+00   4.651545e+02   1.801195e-11   2.405417e-05
1.173000e+02   -1.517259e+01   -0.000000e+00   -0.000000e+00   4.661954e+02   1.784264e-11   2.388138e-05
1.174000e+02   -1.510702e+01   -0.000000e+00   -0.000000e+00   4.672220e+02   1.767588e-11   2.371029e-05
1.175000e+02   -1.492640e+01   -0.000000e+00   -0.000000e+00   4.682348e+02   1.751163e-11   2.354087e-05
1.176000e+02   -1.472075e+01   -0.000000e+00   -0.000000e+00   4.692342e+02   1.734980e-11   2.337311e-05
1.177000e+02   -1.458010e+01   -0.000000e+00   -0.000000e+00   4.702207e+02   1.719036e-11   2.320700e-05
1.178000e+02   -1.459170e+01   -0.000000e+00   -0.000000e+00   4.711949e+02   1.703323e-11   2.304252e-05
1.179000e+02   -1.472895e+01   -0.000000e+00   -0.000000e+00   4.721572e+02   1.687836e-11   2.287964e-05
1.180000e+02   -1.494587e+01   -0.000000e+00   -0.000000e+00   4.731080e+02   1.672571e-11   2.271837e-05
1.181000e+02   -1.523024e+01   -0.000000e+00   -0.000000e+00   4.740478e+02   1.657521e-11   2.255867e-05
1.182000e+02   -1.556982e+01   -0.000000e+00   -0.000000e+00   4.749772e+02   1.642681e-11   2.240053e-05
1.183000e+02   -1.596476e+01   -0.000000e+00   -0.000000e+00   4.758966e+02   1.628047e-11   2.224394e-05
1.184000e+02   -1.689248e+01   -0.000000e+00   -0.000000e+00   4.768065e+02   1.613613e-11   2.208888e-05
1.185000e+02   -1.834190e+01   -0.000000e+00   -0.000000e+00   4.777073e+02   1.599374e-11   2.193534e-05
1.186000e+02   -1.995257e+01   -0.000000e+00   -0.000000e+00   4.785995e+02   1.585327e-11   2.178329e-05
1.187000e+02   -2.136403e+01   -0.000000e+00   -0.000000e+00   4.794837e+02   1.571466e-11   2.163272e-05
1.188000e+02   -2.222355e+01   -0.000000e+00   -0.000000e+00   4.803603e+02   1.557786e-11   2.148361e-05
1.189000e+02   -2.277460e+01   -0.000000e+00   -0.000000e+00   4.812297e+02   1.544284e-11   2.133596e-05
1.190000e+02   -2.326912e+01   -0.000000e+00   -0.000000e+00   4.820925e+02   1.530956e-11   2.118973e-05
1.191000e+02   -2.367443e+01   -0.000000e+00   -0.000000e+00   4.829492e+02   1.517796e-11   2.104492e-05
1.192000e+02   -2.395786e+01   -0.000000e+00   -0.000000e+00   4.838001e+02   1.504802e-11   2.090151e-05
1.193000e+02   -2.408547e+01   -0.000000e+00   -0.000000e+00   4.846458e+02   1.491968e-11   2.075948e-05
1.194000e+02   -2.390872e+01   -0.000000e+00   -0.000000e+00   4.854868e+02   1.479292e-11   2.061881e-05
1.195000e+02   -2.342542e+01   -0.000000e+00   -0.000000e+00   4.863236e+02   1.466769e-11   2.047950e-05
1.196000e+02   -2.275433e+01   -0.000000e+00   -0.000000e+00   4.871566e+02   1.454395e-11   2.034152e-05
1.197000e+02   -2.201420e+01   -0.000000e+00   -0.000000e+00   4.879862e+02   1.442168e-11   2.020486e-05
1.198000e+02   -2.132249e+01   -0.000000e+00   -0.000000e+00   4.888131e+02   1.430083e-11   2.006949e-05
1.199000e+02   -2.049118e+01   -0.000000e+00   -0.000000e+00   4.896376e+02   1.418137e-11   1.993541e-05
1.200000e+02   -1.947311e+01   -0.000000e+00   -0.000000e+00   4.904603e+02   1.406326e-11   1.980260e-05
1.201000e+02   -1.848846e+01   -0.000000e+00   -0.000000e+00   4.912815e+02   1.394648e-11   1.967104e-05
1.202000e+02   -1.775739e+01   -0.000000e+00   -0.000000e+00   4.921019e+02   1.383098e-11   1.954072e-05
1.203000e+02   -1.749971e+01   -0.000000e+00   -0.000000e+00   4.929219e+02   1.371675e-11   1.941161e-05
1.204000e+02   -1.754766e+01   -0.000000e+00   -0.000000e+00   4.937419e+02   1.360374e-11   1.928371e-05
1.205000e+02   -1.762220e+01   -0.000000e+00   -0.000000e+00   4.945624e+02   1.349192e-11   1.915699e-05
1.206000e+02   -1.771287e+01   -0.000000e+00   -0.000000e+00   4.953840e+02   1.338127e-11   1.903144e-05
1.207000e+02   -1.780922e+01   -0.000000e+00   -0.000000e+00   4.962070e+02   1.327176e-11   1.890704e-05
1.208000e+02   -1.790080e+01   -0.000000e+00   -0.000000e+00   4.970320e+02   1.316335e-11   1.878379e-05
1.209000e+02   -1.801113e+01   -0.000000e+00   -0.000000e+00   4.978595e+02   1.305602e-11   1.866165e-05
1.210000e+02   -1.814960e+01   -0.000000e+00   -0.000000e+00   4.986899e+02   1.294974e-11   1.854061e-05
1.211000e+02   -1.828452e+01   -0.000000e+00   -0.000000e+00   4.995237e+02   1.284449e-11   1.842067e-05
1.212000e+02   -1.838421e+01   -0.000000e+00   -0.000000e+00   5.003614e+02   1.274024e-11   1.830179e-05
1.213000e+02   -1.841698e+01   -0.000000e+00   -0.000000e+00   5.012034e+02   1.263695e-11   1.818397e-05
1.214000e+02   -1.825124e+01   -0.000000e+00   -0.000000e+00   5.020503e+02   1.253461e-11   1.806719e-05
1.215000e+02   -1.782991e+01   -0.000000e+00   -0.000000e+00   5.029025e+02   1.243320e-11   1.795143e-05
1.216000e+02   -1.725832e+01   -0.000000e+00   -0.000000e+00   5.037605e+02   1.233268e-11   1.783667e-05
1.217000e+02   -1.664193e+01   -0.000000e+00   -0.000000e+00   5.046248e+02   1.223303e-11   1.772291e-05
1.218000e+02   -1.608621e+01   -0.000000e+00   -0.000000e+00   5.054958e+02   1.213423e-11   1.761012e-05
1.219000e+02   -1.561129e+01   -0.000000e+00   -0.000000e+00   5.063741e+02   1.203626e-11   1.749828e-05
1.220000e+02   -1.514023e+01   -0.000000e+00   -0.000000e+00   5.072601e+02   1.193909e-11   1.738739e-05
1.221000e+02   -1.466215e+01   -0.000000e+00   -0.000000e+00   5.081543e+02   1.184270e-11   1.727742e-05
1.222000e+02   -1.416653e+01   -0.000000e+00   -0.000000e+00   5.090572e+02   1.174708e-11   1.716835e-05
1.223000e+02   -1.364286e+01   -0.000000e+00   -0.000000e+00   5.099692e+02   1.165218e-11   1.706018e-05
1.224000e+02   -1.301302e+01   -0.000000e+00   -0.000000e+00   5.108909e+02   1.155801e-11   1.695289e-05
1.225000e+02   -1.225477e+01   -0.000000e+00   -0.000000e+00   5.118226e+02   1.146454e-11   1.684645e-05
1.226000e+02   -1.150062e+01   -0.000000e+00   -0.000000e+00   5.127650e+02   1.137174e-11   1.674085e-05
1.227000e+02   -1.088418e+01   -0.000000e+00   -0.000000e+00   5.137184e+02   1.127960e-11   1.663608e-05
1.228000e+02   -1.053905e+01   -0.000000e+00   -0.000000e+00   5.146833e+02   1.118809e-11   1.653212e-05
1.229000e+02   -1.058893e+01   -0.000000e+00   -0.000000e+00   5.156603e+02   1.109721e-11   1.642895e-05
1.230000e+02   -1.098408e+01   -0.000000e+00   -0.000000e+00   5.166498e+02   1.100693e-11   1.632656e-05
1.231000e+02   -1.157099e+01   -0.000000e+00   -0.000000e+00   5.176522e+02   1.091723e-11   1.622493e-05
1.232000e+02   -1.219552e+01   -0.000000e+00   -0.000000e+00   5.186681e+02   1.082809e-11   1.612404e-05
1.233000e+02   -1.270370e+01   -0.000000e+00   -0.000000e+00   5.196974e+02   1.073952e-11   1.602389e-05
1.234000e+02   -1.309290e+01   -0.000000e+00   -0.000000e+00   5.207398e+02   1.065153e-11   1.592447e-05
1.235000e+02   -1.352277e+01   -0.000000e+00   -0.000000e+00   5.217952e+02   1.056411e-11   1.582578e-05
1.236000e+02   -1.390810e+01   -0.000000e+00   -0.000000e+00   5.228632e+02   1.047727e-11   1.572782e-05
1.237000e+02   -1.415789e+01   -0.000000e+00   -0.000000e+00   5.239438e+02   1.039101e-11   1.563058e-05
1.238000e+02   -1.418117e+01   -0.000000e+00   -0.000000e+00   5.250366e+02   1.030535e-11   1.553405e-05
1.239000e+02   -1.393651e+01   -0.000000e+00   -0.000000e+00   5.261415e+02   1.022028e-11   1.543824e-05
1.240000e+02   -1.351754e+01   -0.000000e+00   -0.000000e+00   5.272582e+02   1.013581e-11   1.534313e-05
1.241000e+02   -1.298797e+01   -0.000000e+00   -0.000000e+00   5.283864e+02   1.005193e-11   1.524873e-05
1.242000e+02   -1.240944e+01   -0.000000e+00   -0.000000e+00   5.295260e+02   9.968664e-12   1.515502e-05
1.243000e+02   -1.184357e+01   -0.000000e+00   -0.000000e+00   5.306767e+02   9.886003e-12   1.506202e-05
1.244000e+02   -1.131530e+01   -0.000000e+00   -0.000000e+00   5.318383e+02   9.803952e-12   1.496970e-05
1.245000e+02   -1.077123e+01   -0.000000e+00   -0.000000e+00   5.330106e+02   9.722513e-12   1.487808e-05
1.246000e+02   -1.021187e+01   -0.000000e+00   -0.000000e+00   5.341934e+02   9.641688e-12   1.478713e-05
1.247000e+02   -9.640618e+00   -0.000000e+00   -0.000000e+00   5.353863e+02   9.561480e-12   1.469687e-05
1.248000e+02   -9.060854e+00   -0.000000e+00   -0.000000e+00   5.365893e+02   9.481891e-12   1.460728e-05
1.249000e+02   -8.475817e+00   -0.000000e+00   -0.000000e+00   5.378020e+02   9.402922e-12   1.451836e-05
1.250000e+02   -7.884790e+00   -0.000000e+00   -0.000000e+00   5.390242e+02   9.324574e-12   1.443011e-05
1.251000e+02   -7.283806e+00   -0.000000e+00   -0.000000e+00   5.402557e+02   9.246848e-12   1.434252e-05
1.252000e+02   -6.668827e+00   -0.000000e+00   -0.000000e+00   5.414964e+02   9.169746e-12   1.425559e-05
1.253000e+02   -6.035820e+00   -0.000000e+00   -0.000000e+00   5.427459e+02   9.093269e-12   1.416932e-05
1.254000e+02   -5.345520e+00   -0.000000e+00   -0.000000e+00   5.440040e+02   9.017416e-12   1.408369e-05
1.255000e+02   -4.543748e+00   -0.000000e+00   -0.000000e+00   5.452705e+02   8.942189e-12   1.399872e-05
1.256000e+02   -3.726229e+00   -0.000000e+00   -0.000000e+00   5.465452e+02   8.867587e-12   1.391438e-05
1.257000e+02   -2.996773e+00   -0.000000e+00   -0.000000e+00   5.478278e+02   8.793610e-12   1.383068e-05
1.258000e+02   -2.459191e+00   -0.000000e+00   -0.000000e+00   5.491182e+02   8.720259e-12   1.374762e-05
1.259000e+02   -2.193701e+00   -0.000000e+00   -0.000000e+00   5.504160e+02   8.647533e-12   1.366519e-05
1.260000e+02   -2.143385e+00   -0.000000e+00   -0.000000e+00   5.517211e+02   8.575431e-12   1.358338e-05
1.261000e+02   -2.227977e+00   -0.000000e+00   -0.000000e+00   5.530333e+02   8.503952e-12   1.350220e-05
1.262000e+02   -2.369749e+00   -0.000000e+00   -0.000000e+00   5.543523e+02   8.433097e-12   1.342163e-05
1.263000e+02   -2.490974e+00   -0.000000e+00   -0.000000e+00   5.556778e+02   8.362863e-12   1.334168e-05
1.264000e+02   -2.547488e+00   -0.000000e+00   -0.000000e+00   5.570098e+02   8.293251e-12   1.326233e-05
1.265000e+02   -2.612852e+00   -0.000000e+00   -0.000000e+00   5.583478e+02   8.224257e-12   1.318359e-05
1.266000e+02   -2.683775e+00   -0.000000e+00   -0.000000e+00   5.596918e+02   8.155882e-12   1.310546e-05
1.267000e+02   -2.747167e+00   -0.000000e+00   -0.000000e+00   5.610414e+02   8.088123e-12   1.302792e-05
1.268000e+02   -2.789933e+00   -0.000000e+00   -0.000000e+00   5.623965e+02   8.020979e-12   1.295097e-05
1.269000e+02   -2.798960e+00   -0.000000e+00   -0.000000e+00   5.637568e+02   7.954448e-12   1.287461e-05
1.270000e+02   -2.774522e+00   -0.000000e+00   -0.000000e+00   5.651221e+02   7.888528e-12   1.279884e-05
1.271000e+02   -2.734214e+00   -0.000000e+00   -0.000000e+00   5.664922e+02   7.823216e-12   1.272365e-05
1.272000e+02   -2.696482e+00   -0.000000e+00   -0.000000e+00   5.678668e+02   7.758512e-12   1.264903e-05
1.273000e+02   -2.679772e+00   -0.000000e+00   -0.000000e+00   5.692457e+02   7.694412e-12   1.257499e-05
1.274000e+02   -2.707398e+00   -0.000000e+00   -0.000000e+00   5.706287e+02   7.630914e-12   1.250151e-05
1.275000e+02   -2.797066e+00   -0.000000e+00   -0.000000e+00   5.720156e+02   7.568016e-12   1.242860e-05
1.276000e+02   -2.914780e+00   -0.000000e+00   -0.000000e+00   5.734061e+02   7.505714e-12   1.235625e-05
1.277000e+02   -3.021914e+00   -0.000000e+00   -0.000000e+00   5.748001e+02   7.444007e-12   1.228446e-05
1.278000e+02   -3.079839e+00   -0.000000e+00   -0.000000e+00   5.761972e+02   7.382891e-12   1.221321e-05
1.279000e+02   -3.054127e+00   -0.000000e+00   -0.000000e+00   5.775973e+02   7.322364e-12   1.214252e-05
1.280000e+02   -2.958160e+00   -0.000000e+00   -0.000000e+00   5.790000e+02   7.262422e-12   1.207237e-05
1.281000e+02   -2.830076e+00   -0.000000e+00   -0.000000e+00   5.804053e+02   7.203063e-12   1.200276e-05
1.282000e+02   -2.707570e+00   -0.000000e+00   -0.000000e+00   5.818129e+02   7.144284e-12   1.193368e-05
1.283000e+02   -2.628336e+00   -0.000000e+00   -0.000000e+00   5.832225e+02   7.086080e-12   1.186514e-05
1.284000e+02   -2.633504e+00   -0.000000e+00   -0.000000e+00   5.846340e+02   7.028450e-12   1.179712e-05
1.285000e+02   -2.753066e+00   -0.000000e+00   -0.000000e+00   5.860470e+02   6.971389e-12   1.172962e-05
1.286000e+02   -2.955813e+00   -0.000000e+00   -0.000000e+00   5.874614e+02   6.914894e-12   1.166265e-05
1.287000e+02   -3.203954e+00   -0.000000e+00   -0.000000e+00   5.888769e+02   6.858962e-12   1.159619e-05
1.288000e+02   -3.459699e+00   -0.000000e+00   -0.000000e+00   5.902934e+02   6.803589e-12   1.153024e-05
1.289000e+02   -3.714726e+00   -0.000000e+00   -0.000000e+00   5.917105e+02   6.748771e-12   1.146480e-05
1.290000e+02   -4.100589e+00   -0.000000e+00   -0.000000e+00   5.931281e+02   6.694506e-12   1.139986e-05
1.291000e+02   -4.529404e+00   -0.000000e+00   -0.000000e+00   5.945459e+02   6.640789e-12   1.133542e-05
1.292000e+02   -4.870386e+00   -0.000000e+00   -0.000000e+00   5.959638e+02   6.587616e-12   1.127147e-05
1.293000e+02   -4.992754e+00   -0.000000e+00   -0.000000e+00   5.973814e+02   6.534984e-12   1.120801e-05
1.294000e+02   -4.803145e+00   -0.000000e+00   -0.000000e+00   5.987985e+02   6.482889e-12   1.114504e-05
1.295000e+02   -4.517070e+00   -0.000000e+00   -0.000000e+00   6.002150e+02   6.431327e-12   1.108255e-05
1.296000e+02   -4.203548e+00   -0.000000e+00   -0.000000e+00   6.016306e+02   6.380294e-12   1.102054e-05
1.297000e+02   -3.875284e+00   -0.000000e+00   -0.000000e+00   6.030451e+02   6.329786e-12   1.095900e-05
1.298000e+02   -3.544980e+00   -0.000000e+00   -0.000000e+00   6.044581e+02   6.279799e-12   1.089794e-05
1.299000e+02   -3.222751e+00   -0.000000e+00   -0.000000e+00   6.058697e+02   6.230329e-12   1.083734e-05
1.300000e+02   -2.895392e+00   -0.000000e+00   -0.000000e+00   6.072794e+02   6.181372e-12   1.077720e-05
