#% 0, Z0, m, 0.0
#% 1, Z, km
#% 2, U, m/s
#% 3, V, m/s
#% 4, W, m/s
#% 5, T, degK
#% 6, RHO, g/cm3
#% 7, P, mbar
0.000000e+00   -5.726911e+00   -0.000000e+00   -0.000000e+00   2.712607e+02   1.256086e-03   9.782248e+02
1.000000e-01   -6.097801e+00   -0.000000e+00   -0.000000e+00   2.702994e+02   1.244893e-03   9.660722e+02
2.000000e-01   -6.307103e+00   -0.000000e+00   -0.000000e+00   2.693369e+02   1.233776e-03   9.540354e+02
3.000000e-01   -6.426136e+00   -0.000000e+00   -0.000000e+00   2.683795e+02   1.222704e-03   9.421132e+02
4.000000e-01   -6.516446e+00   -0.000000e+00   -0.000000e+00   2.674321e+02   1.211655e-03   9.303045e+02
5.000000e-01   -6.595731e+00   -0.000000e+00   -0.000000e+00   2.664964e+02   1.200622e-03   9.186075e+02
6.000000e-01   -6.659904e+00   -0.000000e+00   -0.000000e+00   2.655919e+02   1.189516e-03   9.070215e+02
7.000000e-01   -6.703019e+00   -0.000000e+00   -0.000000e+00   2.647070e+02   1.178393e-03   8.955456e+02
8.000000e-01   -6.724574e+00   -0.000000e+00   -0.000000e+00   2.638494e+02   1.167217e-03   8.841791e+02
9.000000e-01   -6.728230e+00   -0.000000e+00   -0.000000e+00   2.631065e+02   1.155609e-03   8.729206e+02
1.000000e+00   -6.721683e+00   -0.000000e+00   -0.000000e+00   2.623656e+02   1.144067e-03   8.617692e+02
1.100000e+00   -6.745345e+00   -0.000000e+00   -0.000000e+00   2.615999e+02   1.132711e-03   8.507247e+02
1.200000e+00   -6.825149e+00   -0.000000e+00   -0.000000e+00   2.608460e+02   1.121379e-03   8.397867e+02
1.300000e+00   -6.924311e+00   -0.000000e+00   -0.000000e+00   2.600981e+02   1.110097e-03   8.289544e+02
1.400000e+00   -6.973099e+00   -0.000000e+00   -0.000000e+00   2.593869e+02   1.098737e-03   8.182273e+02
1.500000e+00   -6.887378e+00   -0.000000e+00   -0.000000e+00   2.587526e+02   1.087129e-03   8.076034e+02
1.600000e+00   -6.628002e+00   -0.000000e+00   -0.000000e+00   2.582547e+02   1.075034e-03   7.970819e+02
1.700000e+00   -6.232056e+00   -0.000000e+00   -0.000000e+00   2.579705e+02   1.062154e-03   7.866652e+02
1.800000e+00   -5.746015e+00   -0.000000e+00   -0.000000e+00   2.578466e+02   1.048741e-03   7.763577e+02
1.900000e+00   -5.220899e+00   -0.000000e+00   -0.000000e+00   2.577549e+02   1.035339e-03   7.661643e+02
2.000000e+00   -4.693618e+00   -0.000000e+00   -0.000000e+00   2.576233e+02   1.022243e-03   7.560871e+02
2.100000e+00   -4.192689e+00   -0.000000e+00   -0.000000e+00   2.574239e+02   1.009556e-03   7.461254e+02
2.200000e+00   -3.742217e+00   -0.000000e+00   -0.000000e+00   2.571432e+02   9.973214e-04   7.362791e+02
2.300000e+00   -3.343064e+00   -0.000000e+00   -0.000000e+00   2.567980e+02   9.854653e-04   7.265498e+02
2.400000e+00   -2.991193e+00   -0.000000e+00   -0.000000e+00   2.564098e+02   9.739018e-04   7.169389e+02
2.500000e+00   -2.663725e+00   -0.000000e+00   -0.000000e+00   2.560019e+02   9.625412e-04   7.074485e+02
2.600000e+00   -2.304901e+00   -0.000000e+00   -0.000000e+00   2.555986e+02   9.512937e-04   6.980804e+02
2.700000e+00   -1.867276e+00   -0.000000e+00   -0.000000e+00   2.552180e+02   9.400951e-04   6.888354e+02
2.800000e+00   -1.381792e+00   -0.000000e+00   -0.000000e+00   2.548616e+02   9.289386e-04   6.797103e+02
2.900000e+00   -8.844425e-01   -0.000000e+00   -0.000000e+00   2.545283e+02   9.178270e-04   6.707014e+02
3.000000e+00   -4.101284e-01   -0.000000e+00   -0.000000e+00   2.542138e+02   9.067737e-04   6.618056e+02
3.100000e+00   -2.431153e-02   -0.000000e+00   -0.000000e+00   2.539113e+02   8.958016e-04   6.530196e+02
3.200000e+00   2.365626e-01   -0.000000e+00   -0.000000e+00   2.536136e+02   8.849333e-04   6.443406e+02
3.300000e+00   4.508198e-01   -0.000000e+00   -0.000000e+00   2.533153e+02   8.741853e-04   6.357658e+02
3.400000e+00   6.961007e-01   -0.000000e+00   -0.000000e+00   2.530153e+02   8.635585e-04   6.272937e+02
3.500000e+00   1.049344e+00   -0.000000e+00   -0.000000e+00   2.527140e+02   8.530508e-04   6.189230e+02
3.600000e+00   1.608474e+00   -0.000000e+00   -0.000000e+00   2.524116e+02   8.426598e-04   6.106521e+02
3.700000e+00   2.385450e+00   -0.000000e+00   -0.000000e+00   2.521077e+02   8.323846e-04   6.024799e+02
3.800000e+00   3.251303e+00   -0.000000e+00   -0.000000e+00   2.517989e+02   8.222353e-04   5.944049e+02
3.900000e+00   4.077962e+00   -0.000000e+00   -0.000000e+00   2.514797e+02   8.122273e-04   5.864256e+02
4.000000e+00   4.737401e+00   -0.000000e+00   -0.000000e+00   2.511447e+02   8.023751e-04   5.785406e+02
4.100000e+00   5.148497e+00   -0.000000e+00   -0.000000e+00   2.507885e+02   7.926927e-04   5.707485e+02
4.200000e+00   5.409161e+00   -0.000000e+00   -0.000000e+00   2.504096e+02   7.831811e-04   5.630481e+02
4.300000e+00   5.601100e+00   -0.000000e+00   -0.000000e+00   2.500160e+02   7.738131e-04   5.554389e+02
4.400000e+00   5.801647e+00   -0.000000e+00   -0.000000e+00   2.496171e+02   7.645586e-04   5.479204e+02
4.500000e+00   6.088133e+00   -0.000000e+00   -0.000000e+00   2.492222e+02   7.553886e-04   5.404923e+02
4.600000e+00   6.491375e+00   -0.000000e+00   -0.000000e+00   2.488404e+02   7.462761e-04   5.331540e+02
4.700000e+00   6.915575e+00   -0.000000e+00   -0.000000e+00   2.484711e+02   7.372230e-04   5.259048e+02
4.800000e+00   7.348076e+00   -0.000000e+00   -0.000000e+00   2.480998e+02   7.282722e-04   5.187433e+02
4.900000e+00   7.783036e+00   -0.000000e+00   -0.000000e+00   2.477105e+02   7.194681e-04   5.116680e+02
5.000000e+00   8.214609e+00   -0.000000e+00   -0.000000e+00   2.472874e+02   7.108530e-04   5.046778e+02
5.100000e+00   8.681867e+00   -0.000000e+00   -0.000000e+00   2.468148e+02   7.024673e-04   4.977710e+02
5.200000e+00   9.275767e+00   -0.000000e+00   -0.000000e+00   2.462829e+02   6.943320e-04   4.909462e+02
5.300000e+00   9.903794e+00   -0.000000e+00   -0.000000e+00   2.456952e+02   6.864308e-04   4.842012e+02
5.400000e+00   1.046165e+01   -0.000000e+00   -0.000000e+00   2.450566e+02   6.787432e-04   4.775339e+02
5.500000e+00   1.084505e+01   -0.000000e+00   -0.000000e+00   2.443718e+02   6.712496e-04   4.709421e+02
5.600000e+00   1.100115e+01   -0.000000e+00   -0.000000e+00   2.436460e+02   6.639308e-04   4.644237e+02
5.700000e+00   1.106625e+01   -0.000000e+00   -0.000000e+00   2.428847e+02   6.567662e-04   4.579766e+02
5.800000e+00   1.106984e+01   -0.000000e+00   -0.000000e+00   2.421007e+02   6.497188e-04   4.516000e+02
5.900000e+00   1.102717e+01   -0.000000e+00   -0.000000e+00   2.413102e+02   6.427440e-04   4.452933e+02
6.000000e+00   1.095351e+01   -0.000000e+00   -0.000000e+00   2.405295e+02   6.357986e-04   4.390564e+02
6.100000e+00   1.083002e+01   -0.000000e+00   -0.000000e+00   2.397747e+02   6.288405e-04   4.328887e+02
6.200000e+00   1.056740e+01   -0.000000e+00   -0.000000e+00   2.390621e+02   6.218291e-04   4.267900e+02
6.300000e+00   1.024701e+01   -0.000000e+00   -0.000000e+00   2.384035e+02   6.147368e-04   4.207598e+02
6.400000e+00   9.966944e+00   -0.000000e+00   -0.000000e+00   2.377887e+02   6.075928e-04   4.147976e+02
6.500000e+00   9.825075e+00   -0.000000e+00   -0.000000e+00   2.372009e+02   6.004423e-04   4.089027e+02
6.600000e+00   9.961114e+00   -0.000000e+00   -0.000000e+00   2.366233e+02   5.933289e-04   4.030746e+02
6.700000e+00   1.053579e+01   0.000000e+00   0.000000e+00   2.360391e+02   5.862947e-04   3.973126e+02
6.800000e+00   1.136038e+01   0.000000e+00   0.000000e+00   2.354315e+02   5.793802e-04   3.916161e+02
6.900000e+00   1.221092e+01   0.000000e+00   0.000000e+00   2.347849e+02   5.726212e-04   3.859845e+02
7.000000e+00   1.285570e+01   0.000000e+00   0.000000e+00   2.340972e+02   5.660197e-04   3.804171e+02
7.100000e+00   1.310174e+01   0.000000e+00   0.000000e+00   2.333742e+02   5.595583e-04   3.749131e+02
7.200000e+00   1.307545e+01   0.000000e+00   0.000000e+00   2.326221e+02   5.532198e-04   3.694716e+02
7.300000e+00   1.290369e+01   0.000000e+00   0.000000e+00   2.318469e+02   5.469874e-04   3.640919e+02
7.400000e+00   1.269248e+01   0.000000e+00   0.000000e+00   2.310546e+02   5.408451e-04   3.587731e+02
7.500000e+00   1.254785e+01   0.000000e+00   0.000000e+00   2.302513e+02   5.347772e-04   3.535145e+02
7.600000e+00   1.254219e+01   0.000000e+00   0.000000e+00   2.294424e+02   5.287698e-04   3.483153e+02
7.700000e+00   1.254683e+01   0.000000e+00   0.000000e+00   2.286310e+02   5.228153e-04   3.431750e+02
7.800000e+00   1.255543e+01   0.000000e+00   0.000000e+00   2.278193e+02   5.169082e-04   3.380931e+02
7.900000e+00   1.259241e+01   0.000000e+00   0.000000e+00   2.270097e+02   5.110430e-04   3.330690e+02
8.000000e+00   1.268218e+01   0.000000e+00   0.000000e+00   2.262046e+02   5.052144e-04   3.281024e+02
8.100000e+00   1.291332e+01   0.000000e+00   0.000000e+00   2.254061e+02   4.994173e-04   3.231928e+02
8.200000e+00   1.363445e+01   0.000000e+00   0.000000e+00   2.246167e+02   4.936467e-04   3.183396e+02
8.300000e+00   1.464271e+01   0.000000e+00   0.000000e+00   2.238386e+02   4.878978e-04   3.135424e+02
8.400000e+00   1.563597e+01   0.000000e+00   0.000000e+00   2.230742e+02   4.821659e-04   3.088007e+02
8.500000e+00   1.631283e+01   0.000000e+00   0.000000e+00   2.223260e+02   4.764471e-04   3.041145e+02
8.600000e+00   1.637464e+01   0.000000e+00   0.000000e+00   2.215967e+02   4.707377e-04   2.994847e+02
8.700000e+00   1.575112e+01   0.000000e+00   0.000000e+00   2.208893e+02   4.650345e-04   2.949119e+02
8.800000e+00   1.473853e+01   0.000000e+00   0.000000e+00   2.202066e+02   4.593346e-04   2.903968e+02
8.900000e+00   1.366337e+01   0.000000e+00   0.000000e+00   2.195513e+02   4.536352e-04   2.859401e+02
9.000000e+00   1.285214e+01   0.000000e+00   0.000000e+00   2.189263e+02   4.479339e-04   2.815427e+02
9.100000e+00   1.261096e+01   0.000000e+00   0.000000e+00   2.183344e+02   4.422285e-04   2.772052e+02
9.200000e+00   1.288707e+01   0.000000e+00   0.000000e+00   2.177785e+02   4.365171e-04   2.729283e+02
9.300000e+00   1.341164e+01   0.000000e+00   0.000000e+00   2.172612e+02   4.307979e-04   2.687127e+02
9.400000e+00   1.392656e+01   0.000000e+00   0.000000e+00   2.167856e+02   4.250697e-04   2.645593e+02
9.500000e+00   1.417586e+01   0.000000e+00   0.000000e+00   2.163550e+02   4.193300e-04   2.604684e+02
9.600000e+00   1.391876e+01   0.000000e+00   0.000000e+00   2.159739e+02   4.135732e-04   2.564402e+02
9.700000e+00   1.316957e+01   0.000000e+00   0.000000e+00   2.156474e+02   4.077944e-04   2.524746e+02
9.800000e+00   1.215136e+01   0.000000e+00   0.000000e+00   2.153800e+02   4.019886e-04   2.485716e+02
9.900000e+00   1.108658e+01   0.000000e+00   0.000000e+00   2.151767e+02   3.961518e-04   2.447311e+02
1.000000e+01   1.019768e+01   0.000000e+00   0.000000e+00   2.150422e+02   3.902803e-04   2.409532e+02
1.010000e+01   9.687320e+00   0.000000e+00   0.000000e+00   2.149813e+02   3.843712e-04   2.372377e+02
1.020000e+01   9.434927e+00   0.000000e+00   0.000000e+00   2.149988e+02   3.784218e-04   2.335848e+02
1.030000e+01   9.315875e+00   0.000000e+00   0.000000e+00   2.150995e+02   3.724305e-04   2.299943e+02
1.040000e+01   9.263259e+00   0.000000e+00   0.000000e+00   2.152883e+02   3.663959e-04   2.264662e+02
1.050000e+01   9.209451e+00   0.000000e+00   0.000000e+00   2.155677e+02   3.603211e-04   2.230004e+02
1.060000e+01   9.090388e+00   0.000000e+00   0.000000e+00   2.159285e+02   3.542270e-04   2.195958e+02
1.070000e+01   8.966655e+00   0.000000e+00   0.000000e+00   2.163577e+02   3.481395e-04   2.162510e+02
1.080000e+01   8.858675e+00   0.000000e+00   0.000000e+00   2.168423e+02   3.420828e-04   2.129647e+02
1.090000e+01   8.751131e+00   0.000000e+00   0.000000e+00   2.173692e+02   3.360793e-04   2.097356e+02
1.100000e+01   8.628705e+00   0.000000e+00   0.000000e+00   2.179253e+02   3.301498e-04   2.065623e+02
1.110000e+01   8.478372e+00   0.000000e+00   0.000000e+00   2.184976e+02   3.243133e-04   2.034435e+02
1.120000e+01   8.333453e+00   0.000000e+00   0.000000e+00   2.190731e+02   3.185872e-04   2.003778e+02
1.130000e+01   8.208769e+00   0.000000e+00   0.000000e+00   2.196386e+02   3.129874e-04   1.973640e+02
1.140000e+01   8.103051e+00   0.000000e+00   0.000000e+00   2.201811e+02   3.075282e-04   1.944005e+02
1.150000e+01   8.015018e+00   0.000000e+00   0.000000e+00   2.206878e+02   3.022225e-04   1.914862e+02
1.160000e+01   7.942500e+00   0.000000e+00   0.000000e+00   2.211522e+02   2.970733e-04   1.886198e+02
1.170000e+01   7.880937e+00   0.000000e+00   0.000000e+00   2.215786e+02   2.920696e-04   1.858004e+02
1.180000e+01   7.829008e+00   0.000000e+00   0.000000e+00   2.219717e+02   2.872004e-04   1.830269e+02
1.190000e+01   7.786619e+00   0.000000e+00   0.000000e+00   2.223365e+02   2.824549e-04   1.802986e+02
1.200000e+01   7.753678e+00   0.000000e+00   0.000000e+00   2.226780e+02   2.778233e-04   1.776144e+02
1.210000e+01   7.726250e+00   0.000000e+00   0.000000e+00   2.230009e+02   2.732960e-04   1.749734e+02
1.220000e+01   7.595494e+00   0.000000e+00   0.000000e+00   2.233102e+02   2.688641e-04   1.723747e+02
1.230000e+01   7.366778e+00   0.000000e+00   0.000000e+00   2.236108e+02   2.645191e-04   1.698174e+02
1.240000e+01   7.114899e+00   0.000000e+00   0.000000e+00   2.239076e+02   2.602530e-04   1.673004e+02
1.250000e+01   6.914653e+00   0.000000e+00   0.000000e+00   2.242055e+02   2.560583e-04   1.648228e+02
1.260000e+01   6.838275e+00   0.000000e+00   0.000000e+00   2.245093e+02   2.519278e-04   1.623838e+02
1.270000e+01   6.827570e+00   0.000000e+00   0.000000e+00   2.248210e+02   2.478583e-04   1.599826e+02
1.280000e+01   6.832068e+00   0.000000e+00   0.000000e+00   2.251401e+02   2.438495e-04   1.576185e+02
1.290000e+01   6.856863e+00   0.000000e+00   0.000000e+00   2.254661e+02   2.399014e-04   1.552910e+02
1.300000e+01   6.907051e+00   0.000000e+00   0.000000e+00   2.257983e+02   2.360137e-04   1.529996e+02
1.310000e+01   6.991685e+00   0.000000e+00   0.000000e+00   2.261362e+02   2.321861e-04   1.507435e+02
1.320000e+01   7.346206e+00   0.000000e+00   0.000000e+00   2.264791e+02   2.284185e-04   1.485223e+02
1.330000e+01   7.963633e+00   0.000000e+00   0.000000e+00   2.268264e+02   2.247104e-04   1.463353e+02
1.340000e+01   8.644002e+00   0.000000e+00   0.000000e+00   2.271777e+02   2.210615e-04   1.441820e+02
1.350000e+01   9.187347e+00   0.000000e+00   0.000000e+00   2.275322e+02   2.174714e-04   1.420618e+02
1.360000e+01   9.394770e+00   0.000000e+00   0.000000e+00   2.278893e+02   2.139396e-04   1.399741e+02
1.370000e+01   9.253253e+00   0.000000e+00   0.000000e+00   2.282486e+02   2.104657e-04   1.379183e+02
1.380000e+01   8.912163e+00   0.000000e+00   0.000000e+00   2.286086e+02   2.070498e-04   1.358938e+02
1.390000e+01   8.476674e+00   0.000000e+00   0.000000e+00   2.289678e+02   2.036925e-04   1.339004e+02
1.400000e+01   8.052008e+00   0.000000e+00   0.000000e+00   2.293243e+02   2.003944e-04   1.319374e+02
1.410000e+01   7.742864e+00   0.000000e+00   0.000000e+00   2.296766e+02   1.971557e-04   1.300045e+02
1.420000e+01   7.505281e+00   0.000000e+00   0.000000e+00   2.300228e+02   1.939769e-04   1.281012e+02
1.430000e+01   7.264699e+00   0.000000e+00   0.000000e+00   2.303613e+02   1.908581e-04   1.262271e+02
1.440000e+01   7.035639e+00   0.000000e+00   0.000000e+00   2.306904e+02   1.877994e-04   1.243816e+02
1.450000e+01   6.832621e+00   0.000000e+00   0.000000e+00   2.310082e+02   1.848011e-04   1.225644e+02
1.460000e+01   6.670199e+00   0.000000e+00   0.000000e+00   2.313132e+02   1.818629e-04   1.207749e+02
1.470000e+01   6.582962e+00   0.000000e+00   0.000000e+00   2.316036e+02   1.789849e-04   1.190129e+02
1.480000e+01   6.560034e+00   0.000000e+00   0.000000e+00   2.318777e+02   1.761668e-04   1.172777e+02
1.490000e+01   6.552986e+00   0.000000e+00   0.000000e+00   2.321347e+02   1.734079e-04   1.155690e+02
1.500000e+01   6.513022e+00   0.000000e+00   0.000000e+00   2.323745e+02   1.707067e-04   1.138863e+02
1.510000e+01   6.391331e+00   0.000000e+00   0.000000e+00   2.325968e+02   1.680621e-04   1.122292e+02
1.520000e+01   6.125681e+00   0.000000e+00   0.000000e+00   2.328017e+02   1.654728e-04   1.105974e+02
1.530000e+01   5.737673e+00   0.000000e+00   0.000000e+00   2.329889e+02   1.629374e-04   1.089904e+02
1.540000e+01   5.304249e+00   0.000000e+00   0.000000e+00   2.331584e+02   1.604547e-04   1.074078e+02
1.550000e+01   4.902350e+00   0.000000e+00   0.000000e+00   2.333100e+02   1.580235e-04   1.058491e+02
1.560000e+01   4.608917e+00   0.000000e+00   0.000000e+00   2.334436e+02   1.556426e-04   1.043141e+02
1.570000e+01   4.934356e+00   0.000000e+00   0.000000e+00   2.335591e+02   1.533109e-04   1.028021e+02
1.580000e+01   6.063680e+00   0.000000e+00   0.000000e+00   2.336563e+02   1.510272e-04   1.013129e+02
1.590000e+01   7.476143e+00   0.000000e+00   0.000000e+00   2.337352e+02   1.487903e-04   9.984606e+01
1.600000e+01   8.650595e+00   0.000000e+00   0.000000e+00   2.337969e+02   1.465983e-04   9.840114e+01
1.610000e+01   9.066136e+00   0.000000e+00   0.000000e+00   2.338442e+02   1.444487e-04   9.697787e+01
1.620000e+01   8.440342e+00   0.000000e+00   0.000000e+00   2.338795e+02   1.423390e-04   9.557593e+01
1.630000e+01   7.123843e+00   0.000000e+00   0.000000e+00   2.339058e+02   1.402667e-04   9.419501e+01
1.640000e+01   5.501181e+00   0.000000e+00   0.000000e+00   2.339255e+02   1.382296e-04   9.283481e+01
1.650000e+01   3.956349e+00   0.000000e+00   0.000000e+00   2.339415e+02   1.362253e-04   9.149501e+01
1.660000e+01   2.873343e+00   0.000000e+00   0.000000e+00   2.339563e+02   1.342519e-04   9.017530e+01
1.670000e+01   2.243443e+00   0.000000e+00   0.000000e+00   2.339727e+02   1.323073e-04   8.887537e+01
1.680000e+01   1.663447e+00   0.000000e+00   0.000000e+00   2.339934e+02   1.303896e-04   8.759491e+01
1.690000e+01   1.155589e+00   0.000000e+00   0.000000e+00   2.340210e+02   1.284969e-04   8.633361e+01
1.700000e+01   7.463581e-01   0.000000e+00   0.000000e+00   2.340583e+02   1.266275e-04   8.509116e+01
1.710000e+01   4.622604e-01   0.000000e+00   0.000000e+00   2.341064e+02   1.247805e-04   8.386726e+01
1.720000e+01   5.442147e-01   0.000000e+00   0.000000e+00   2.341644e+02   1.229563e-04   8.266163e+01
1.730000e+01   1.166108e+00   0.000000e+00   0.000000e+00   2.342307e+02   1.211554e-04   8.147397e+01
1.740000e+01   2.009262e+00   0.000000e+00   0.000000e+00   2.343040e+02   1.193782e-04   8.030400e+01
1.750000e+01   2.748884e+00   0.000000e+00   0.000000e+00   2.343830e+02   1.176252e-04   7.915145e+01
1.760000e+01   3.060182e+00   0.000000e+00   0.000000e+00   2.344662e+02   1.158967e-04   7.801602e+01
1.770000e+01   2.578010e+00   0.000000e+00   0.000000e+00   2.345522e+02   1.141931e-04   7.689743e+01
1.780000e+01   1.342641e+00   0.000000e+00   0.000000e+00   2.346397e+02   1.125146e-04   7.579540e+01
1.790000e+01   -1.917352e-01   0.000000e+00   0.000000e+00   2.347272e+02   1.108615e-04   7.470964e+01
1.800000e+01   -1.565684e+00   0.000000e+00   0.000000e+00   2.348135e+02   1.092339e-04   7.363987e+01
1.810000e+01   -2.319772e+00   0.000000e+00   0.000000e+00   2.348970e+02   1.076321e-04   7.258580e+01
1.820000e+01   -2.316466e+00   0.000000e+00   0.000000e+00   2.349767e+02   1.060560e-04   7.154717e+01
1.830000e+01   -2.041715e+00   0.000000e+00   0.000000e+00   2.350523e+02   1.045053e-04   7.052371e+01
1.840000e+01   -1.574110e+00   0.000000e+00   0.000000e+00   2.351239e+02   1.029794e-04   6.951518e+01
1.850000e+01   -9.756132e-01   0.000000e+00   0.000000e+00   2.351915e+02   1.014780e-04   6.852134e+01
1.860000e+01   -3.081820e-01   0.000000e+00   0.000000e+00   2.352551e+02   1.000005e-04   6.754195e+01
1.870000e+01   6.245675e-01   0.000000e+00   0.000000e+00   2.353149e+02   9.854642e-05   6.657676e+01
1.880000e+01   2.162510e+00   0.000000e+00   0.000000e+00   2.353708e+02   9.711535e-05   6.562553e+01
1.890000e+01   3.896257e+00   0.000000e+00   0.000000e+00   2.354229e+02   9.570681e-05   6.468801e+01
1.900000e+01   5.389088e+00   0.000000e+00   0.000000e+00   2.354712e+02   9.432032e-05   6.376397e+01
1.910000e+01   6.204286e+00   0.000000e+00   0.000000e+00   2.355158e+02   9.295543e-05   6.285316e+01
1.920000e+01   6.125399e+00   0.000000e+00   0.000000e+00   2.355567e+02   9.161169e-05   6.195533e+01
1.930000e+01   5.581987e+00   0.000000e+00   0.000000e+00   2.355940e+02   9.028865e-05   6.107025e+01
1.940000e+01   4.751961e+00   0.000000e+00   0.000000e+00   2.356280e+02   8.898580e-05   6.019771e+01
1.950000e+01   3.791585e+00   0.000000e+00   0.000000e+00   2.356595e+02   8.770257e-05   5.933755e+01
1.960000e+01   2.857144e+00   0.000000e+00   0.000000e+00   2.356891e+02   8.643842e-05   5.848961e+01
1.970000e+01   1.946825e+00   0.000000e+00   0.000000e+00   2.357176e+02   8.519283e-05   5.765374e+01
1.980000e+01   7.960468e-01   0.000000e+00   0.000000e+00   2.357457e+02   8.396527e-05   5.682977e+01
1.990000e+01   -3.916548e-01   0.000000e+00   0.000000e+00   2.357741e+02   8.275527e-05   5.601754e+01
2.000000e+01   -1.382545e+00   0.000000e+00   0.000000e+00   2.358034e+02   8.156232e-05   5.521690e+01
2.010000e+01   -1.942890e+00   0.000000e+00   0.000000e+00   2.358345e+02   8.038597e-05   5.442769e+01
2.020000e+01   -1.930168e+00   0.000000e+00   0.000000e+00   2.358679e+02   7.922575e-05   5.364975e+01
2.030000e+01   -1.580771e+00   0.000000e+00   0.000000e+00   2.359045e+02   7.808124e-05   5.288291e+01
2.040000e+01   -1.051964e+00   0.000000e+00   0.000000e+00   2.359449e+02   7.695200e-05   5.212702e+01
2.050000e+01   -4.849613e-01   0.000000e+00   0.000000e+00   2.359897e+02   7.583767e-05   5.138193e+01
2.060000e+01   -1.976443e-02   0.000000e+00   0.000000e+00   2.360382e+02   7.473829e-05   5.064748e+01
2.070000e+01   2.566111e-01   0.000000e+00   0.000000e+00   2.360895e+02   7.365403e-05   4.992356e+01
2.080000e+01   4.659875e-01   0.000000e+00   0.000000e+00   2.361424e+02   7.258504e-05   4.921002e+01
2.090000e+01   6.394912e-01   0.000000e+00   0.000000e+00   2.361960e+02   7.153144e-05   4.850672e+01
2.100000e+01   7.941537e-01   0.000000e+00   0.000000e+00   2.362493e+02   7.049334e-05   4.781354e+01
2.110000e+01   9.470068e-01   0.000000e+00   0.000000e+00   2.363011e+02   6.947083e-05   4.713034e+01
2.120000e+01   1.126573e+00   0.000000e+00   0.000000e+00   2.363505e+02   6.846398e-05   4.645698e+01
2.130000e+01   1.363299e+00   0.000000e+00   0.000000e+00   2.363963e+02   6.747286e-05   4.579333e+01
2.140000e+01   1.602153e+00   0.000000e+00   0.000000e+00   2.364377e+02   6.649749e-05   4.513925e+01
2.150000e+01   1.780884e+00   0.000000e+00   0.000000e+00   2.364735e+02   6.553791e-05   4.449462e+01
2.160000e+01   1.837241e+00   0.000000e+00   0.000000e+00   2.365028e+02   6.459412e-05   4.385929e+01
2.170000e+01   1.564990e+00   0.000000e+00   0.000000e+00   2.365249e+02   6.366598e-05   4.323313e+01
2.180000e+01   4.563883e-01   0.000000e+00   0.000000e+00   2.365413e+02   6.275289e-05   4.261603e+01
2.190000e+01   -1.108476e+00   0.000000e+00   0.000000e+00   2.365533e+02   6.185421e-05   4.200787e+01
2.200000e+01   -2.648455e+00   0.000000e+00   0.000000e+00   2.365627e+02   6.096931e-05   4.140853e+01
2.210000e+01   -3.682403e+00   0.000000e+00   0.000000e+00   2.365709e+02   6.009758e-05   4.081790e+01
2.220000e+01   -3.765192e+00   0.000000e+00   0.000000e+00   2.365796e+02   5.923844e-05   4.023585e+01
2.230000e+01   -2.969029e+00   0.000000e+00   0.000000e+00   2.365903e+02   5.839134e-05   3.966228e+01
2.240000e+01   -1.734792e+00   0.000000e+00   0.000000e+00   2.366046e+02   5.755575e-05   3.909707e+01
2.250000e+01   -5.094682e-01   0.000000e+00   0.000000e+00   2.366240e+02   5.673115e-05   3.854010e+01
2.260000e+01   2.599541e-01   0.000000e+00   0.000000e+00   2.366502e+02   5.591705e-05   3.799125e+01
2.270000e+01   2.565093e-01   0.000000e+00   0.000000e+00   2.366847e+02   5.511299e-05   3.745041e+01
2.280000e+01   -1.302791e-03   0.000000e+00   0.000000e+00   2.367291e+02   5.431850e-05   3.691746e+01
2.290000e+01   -3.564032e-01   0.000000e+00   0.000000e+00   2.367843e+02   5.353331e-05   3.639228e+01
2.300000e+01   -7.601863e-01   0.000000e+00   0.000000e+00   2.368492e+02   5.275759e-05   3.587477e+01
2.310000e+01   -1.163891e+00   0.000000e+00   0.000000e+00   2.369227e+02   5.199152e-05   3.536482e+01
2.320000e+01   -1.531092e+00   0.000000e+00   0.000000e+00   2.370034e+02   5.123529e-05   3.486231e+01
2.330000e+01   -1.909108e+00   0.000000e+00   0.000000e+00   2.370901e+02   5.048907e-05   3.436713e+01
2.340000e+01   -2.295177e+00   0.000000e+00   0.000000e+00   2.371816e+02   4.975301e-05   3.387917e+01
2.350000e+01   -2.671912e+00   0.000000e+00   0.000000e+00   2.372766e+02   4.902722e-05   3.339832e+01
2.360000e+01   -3.021926e+00   0.000000e+00   0.000000e+00   2.373739e+02   4.831184e-05   3.292448e+01
2.370000e+01   -3.332212e+00   0.000000e+00   0.000000e+00   2.374721e+02   4.760695e-05   3.245752e+01
2.380000e+01   -3.623625e+00   0.000000e+00   0.000000e+00   2.375700e+02   4.691264e-05   3.199734e+01
2.390000e+01   -3.895904e+00   0.000000e+00   0.000000e+00   2.376664e+02   4.622897e-05   3.154383e+01
2.400000e+01   -4.141844e+00   0.000000e+00   0.000000e+00   2.377600e+02   4.555600e-05   3.109687e+01
2.410000e+01   -4.354506e+00   0.000000e+00   0.000000e+00   2.378498e+02   4.489373e-05   3.065637e+01
2.420000e+01   -4.531341e+00   0.000000e+00   0.000000e+00   2.379358e+02   4.424194e-05   3.022222e+01
2.430000e+01   -4.695610e+00   0.000000e+00   0.000000e+00   2.380185e+02   4.360041e-05   2.979434e+01
2.440000e+01   -4.844805e+00   0.000000e+00   0.000000e+00   2.380982e+02   4.296890e-05   2.937263e+01
2.450000e+01   -4.968764e+00   0.000000e+00   0.000000e+00   2.381754e+02   4.234717e-05   2.895700e+01
2.460000e+01   -5.057331e+00   0.000000e+00   0.000000e+00   2.382502e+02   4.173500e-05   2.854737e+01
2.470000e+01   -5.046891e+00   0.000000e+00   0.000000e+00   2.383232e+02   4.113216e-05   2.814364e+01
2.480000e+01   -4.458084e+00   0.000000e+00   0.000000e+00   2.383947e+02   4.053844e-05   2.774572e+01
2.490000e+01   -3.460150e+00   0.000000e+00   0.000000e+00   2.384650e+02   3.995362e-05   2.735352e+01
2.500000e+01   -2.406088e+00   0.000000e+00   0.000000e+00   2.385346e+02   3.937750e-05   2.696696e+01
2.510000e+01   -1.648894e+00   0.000000e+00   0.000000e+00   2.386038e+02   3.880986e-05   2.658593e+01
2.520000e+01   -1.529946e+00   0.000000e+00   0.000000e+00   2.386730e+02   3.825051e-05   2.621035e+01
2.530000e+01   -2.058494e+00   0.000000e+00   0.000000e+00   2.387424e+02   3.769926e-05   2.584013e+01
2.540000e+01   -2.938620e+00   0.000000e+00   0.000000e+00   2.388123e+02   3.715597e-05   2.547520e+01
2.550000e+01   -3.872462e+00   0.000000e+00   0.000000e+00   2.388822e+02   3.662058e-05   2.511547e+01
2.560000e+01   -4.562149e+00   0.000000e+00   0.000000e+00   2.389521e+02   3.609302e-05   2.476089e+01
2.570000e+01   -4.728815e+00   0.000000e+00   0.000000e+00   2.390216e+02   3.557322e-05   2.441139e+01
2.580000e+01   -4.484592e+00   0.000000e+00   0.000000e+00   2.390905e+02   3.506111e-05   2.406691e+01
2.590000e+01   -3.994320e+00   0.000000e+00   0.000000e+00   2.391586e+02   3.455661e-05   2.372736e+01
2.600000e+01   -3.351330e+00   0.000000e+00   0.000000e+00   2.392256e+02   3.405964e-05   2.339268e+01
2.610000e+01   -2.648951e+00   0.000000e+00   0.000000e+00   2.392913e+02   3.357014e-05   2.306282e+01
2.620000e+01   -1.958342e+00   0.000000e+00   0.000000e+00   2.393555e+02   3.308801e-05   2.273769e+01
2.630000e+01   -9.851450e-01   0.000000e+00   0.000000e+00   2.394179e+02   3.261318e-05   2.241724e+01
2.640000e+01   1.881527e-01   0.000000e+00   0.000000e+00   2.394783e+02   3.214556e-05   2.210139e+01
2.650000e+01   1.295940e+00   0.000000e+00   0.000000e+00   2.395364e+02   3.168507e-05   2.179007e+01
2.660000e+01   2.072605e+00   0.000000e+00   0.000000e+00   2.395922e+02   3.123162e-05   2.148322e+01
2.670000e+01   2.242520e+00   0.000000e+00   0.000000e+00   2.396457e+02   3.078506e-05   2.118078e+01
2.680000e+01   1.455707e+00   0.000000e+00   0.000000e+00   2.396976e+02   3.034524e-05   2.088269e+01
2.690000e+01   -7.344573e-02   0.000000e+00   0.000000e+00   2.397480e+02   2.991201e-05   2.058889e+01
2.700000e+01   -1.958615e+00   0.000000e+00   0.000000e+00   2.397975e+02   2.948523e-05   2.029932e+01
2.710000e+01   -3.813478e+00   0.000000e+00   0.000000e+00   2.398464e+02   2.906474e-05   2.001392e+01
2.720000e+01   -5.272750e+00   0.000000e+00   0.000000e+00   2.398952e+02   2.865042e-05   1.973263e+01
2.730000e+01   -6.683653e+00   0.000000e+00   0.000000e+00   2.399442e+02   2.824212e-05   1.945539e+01
2.740000e+01   -8.142534e+00   0.000000e+00   0.000000e+00   2.399938e+02   2.783971e-05   1.918214e+01
2.750000e+01   -9.426544e+00   0.000000e+00   0.000000e+00   2.400444e+02   2.744305e-05   1.891282e+01
2.760000e+01   -1.031283e+01   0.000000e+00   0.000000e+00   2.400965e+02   2.705202e-05   1.864738e+01
2.770000e+01   -1.058098e+01   0.000000e+00   0.000000e+00   2.401503e+02   2.666649e-05   1.838575e+01
2.780000e+01   -1.021304e+01   0.000000e+00   0.000000e+00   2.402064e+02   2.628633e-05   1.812787e+01
2.790000e+01   -9.410111e+00   0.000000e+00   0.000000e+00   2.402651e+02   2.591143e-05   1.787369e+01
2.800000e+01   -8.359782e+00   0.000000e+00   0.000000e+00   2.403267e+02   2.554168e-05   1.762316e+01
2.810000e+01   -7.249527e+00   0.000000e+00   0.000000e+00   2.403915e+02   2.517699e-05   1.737622e+01
2.820000e+01   -6.260269e+00   0.000000e+00   0.000000e+00   2.404600e+02   2.481726e-05   1.713283e+01
2.830000e+01   -5.138969e+00   0.000000e+00   0.000000e+00   2.405324e+02   2.446241e-05   1.689293e+01
2.840000e+01   -3.851280e+00   0.000000e+00   0.000000e+00   2.406090e+02   2.411233e-05   1.665649e+01
2.850000e+01   -2.647751e+00   0.000000e+00   0.000000e+00   2.406902e+02   2.376695e-05   1.642344e+01
2.860000e+01   -1.778936e+00   0.000000e+00   0.000000e+00   2.407764e+02   2.342616e-05   1.619375e+01
2.870000e+01   -1.494783e+00   0.000000e+00   0.000000e+00   2.408678e+02   2.308989e-05   1.596735e+01
2.880000e+01   -1.876903e+00   0.000000e+00   0.000000e+00   2.409648e+02   2.275805e-05   1.574421e+01
2.890000e+01   -2.706683e+00   0.000000e+00   0.000000e+00   2.410676e+02   2.243056e-05   1.552428e+01
2.900000e+01   -3.748559e+00   0.000000e+00   0.000000e+00   2.411767e+02   2.210733e-05   1.530749e+01
2.910000e+01   -4.766966e+00   0.000000e+00   0.000000e+00   2.412924e+02   2.178828e-05   1.509381e+01
2.920000e+01   -5.527683e+00   0.000000e+00   0.000000e+00   2.414149e+02   2.147334e-05   1.488319e+01
2.930000e+01   -6.145569e+00   0.000000e+00   0.000000e+00   2.415436e+02   2.116253e-05   1.467559e+01
2.940000e+01   -6.763316e+00   0.000000e+00   0.000000e+00   2.416777e+02   2.085586e-05   1.447095e+01
2.950000e+01   -7.296534e+00   0.000000e+00   0.000000e+00   2.418164e+02   2.055338e-05   1.426926e+01
2.960000e+01   -7.660832e+00   0.000000e+00   0.000000e+00   2.419586e+02   2.025512e-05   1.407046e+01
2.970000e+01   -7.770648e+00   0.000000e+00   0.000000e+00   2.421036e+02   1.996109e-05   1.387451e+01
2.980000e+01   -6.609001e+00   0.000000e+00   0.000000e+00   2.422504e+02   1.967131e-05   1.368139e+01
2.990000e+01   -4.000860e+00   0.000000e+00   0.000000e+00   2.423983e+02   1.938579e-05   1.349104e+01
3.000000e+01   -9.200062e-01   0.000000e+00   0.000000e+00   2.425462e+02   1.910455e-05   1.330343e+01
3.010000e+01   1.659780e+00   0.000000e+00   0.000000e+00   2.426934e+02   1.882758e-05   1.311852e+01
3.020000e+01   2.764719e+00   0.000000e+00   0.000000e+00   2.428389e+02   1.855489e-05   1.293627e+01
3.030000e+01   2.779017e+00   0.000000e+00   0.000000e+00   2.429818e+02   1.828647e-05   1.275663e+01
3.040000e+01   2.739663e+00   0.000000e+00   0.000000e+00   2.431213e+02   1.802232e-05   1.257958e+01
3.050000e+01   2.652044e+00   0.000000e+00   0.000000e+00   2.432566e+02   1.776243e-05   1.240507e+01
3.060000e+01   2.521529e+00   0.000000e+00   0.000000e+00   2.433872e+02   1.750674e-05   1.223306e+01
3.070000e+01   2.353459e+00   -0.000000e+00   -0.000000e+00   2.435137e+02   1.725514e-05   1.206353e+01
3.080000e+01   1.846088e+00   -0.000000e+00   -0.000000e+00   2.436368e+02   1.700753e-05   1.189643e+01
3.090000e+01   7.963576e-01   -0.000000e+00   -0.000000e+00   2.437570e+02   1.676381e-05   1.173173e+01
3.100000e+01   -5.714351e-01   -0.000000e+00   -0.000000e+00   2.438751e+02   1.652386e-05   1.156941e+01
3.110000e+01   -2.032587e+00   -0.000000e+00   -0.000000e+00   2.439915e+02   1.628759e-05   1.140943e+01
3.120000e+01   -3.362394e+00   -0.000000e+00   -0.000000e+00   2.441069e+02   1.605490e-05   1.125174e+01
3.130000e+01   -4.702360e+00   -0.000000e+00   -0.000000e+00   2.442220e+02   1.582569e-05   1.109634e+01
3.140000e+01   -6.261642e+00   -0.000000e+00   -0.000000e+00   2.443373e+02   1.559987e-05   1.094317e+01
3.150000e+01   -7.755102e+00   -0.000000e+00   -0.000000e+00   2.444535e+02   1.537735e-05   1.079220e+01
3.160000e+01   -8.895687e+00   -0.000000e+00   -0.000000e+00   2.445712e+02   1.515804e-05   1.064341e+01
3.170000e+01   -9.396343e+00   -0.000000e+00   -0.000000e+00   2.446911e+02   1.494187e-05   1.049676e+01
3.180000e+01   -9.249125e+00   -0.000000e+00   -0.000000e+00   2.448137e+02   1.472873e-05   1.035222e+01
3.190000e+01   -8.801151e+00   -0.000000e+00   -0.000000e+00   2.449396e+02   1.451856e-05   1.020975e+01
3.200000e+01   -8.146016e+00   -0.000000e+00   -0.000000e+00   2.450691e+02   1.431131e-05   1.006932e+01
3.210000e+01   -7.374122e+00   -0.000000e+00   -0.000000e+00   2.452020e+02   1.410694e-05   9.930911e+00
3.220000e+01   -6.575856e+00   -0.000000e+00   -0.000000e+00   2.453380e+02   1.390544e-05   9.794489e+00
3.230000e+01   -5.540230e+00   -0.000000e+00   -0.000000e+00   2.454770e+02   1.370677e-05   9.660028e+00
3.240000e+01   -4.035745e+00   -0.000000e+00   -0.000000e+00   2.456187e+02   1.351093e-05   9.527500e+00
3.250000e+01   -2.441098e+00   -0.000000e+00   -0.000000e+00   2.457631e+02   1.331786e-05   9.396877e+00
3.260000e+01   -1.142998e+00   -0.000000e+00   -0.000000e+00   2.459099e+02   1.312756e-05   9.268133e+00
3.270000e+01   -5.281541e-01   -0.000000e+00   -0.000000e+00   2.460588e+02   1.293999e-05   9.141240e+00
3.280000e+01   -7.228537e-01   -0.000000e+00   -0.000000e+00   2.462098e+02   1.275512e-05   9.016170e+00
3.290000e+01   -1.323176e+00   -0.000000e+00   -0.000000e+00   2.463626e+02   1.257292e-05   8.892895e+00
3.300000e+01   -2.152003e+00   -0.000000e+00   -0.000000e+00   2.465170e+02   1.239336e-05   8.771389e+00
3.310000e+01   -3.040060e+00   -0.000000e+00   -0.000000e+00   2.466728e+02   1.221642e-05   8.651622e+00
3.320000e+01   -3.818071e+00   -0.000000e+00   -0.000000e+00   2.468299e+02   1.204205e-05   8.533569e+00
3.330000e+01   -4.470603e+00   -0.000000e+00   -0.000000e+00   2.469880e+02   1.187024e-05   8.417201e+00
3.340000e+01   -5.181320e+00   -0.000000e+00   -0.000000e+00   2.471473e+02   1.170093e-05   8.302493e+00
3.350000e+01   -5.856222e+00   -0.000000e+00   -0.000000e+00   2.473081e+02   1.153407e-05   8.189424e+00
3.360000e+01   -6.392153e+00   -0.000000e+00   -0.000000e+00   2.474711e+02   1.136961e-05   8.077971e+00
3.370000e+01   -6.685954e+00   -0.000000e+00   -0.000000e+00   2.476366e+02   1.120749e-05   7.968114e+00
3.380000e+01   -6.638128e+00   -0.000000e+00   -0.000000e+00   2.478052e+02   1.104766e-05   7.859830e+00
3.390000e+01   -6.296024e+00   -0.000000e+00   -0.000000e+00   2.479775e+02   1.089007e-05   7.753098e+00
3.400000e+01   -5.827416e+00   -0.000000e+00   -0.000000e+00   2.481538e+02   1.073467e-05   7.647897e+00
3.410000e+01   -5.402215e+00   -0.000000e+00   -0.000000e+00   2.483348e+02   1.058141e-05   7.544206e+00
3.420000e+01   -5.190334e+00   -0.000000e+00   -0.000000e+00   2.485209e+02   1.043024e-05   7.442001e+00
3.430000e+01   -5.350699e+00   -0.000000e+00   -0.000000e+00   2.487126e+02   1.028112e-05   7.341263e+00
3.440000e+01   -5.845327e+00   -0.000000e+00   -0.000000e+00   2.489105e+02   1.013401e-05   7.241969e+00
3.450000e+01   -6.488499e+00   -0.000000e+00   -0.000000e+00   2.491150e+02   9.988845e-06   7.144098e+00
3.460000e+01   -7.091701e+00   -0.000000e+00   -0.000000e+00   2.493266e+02   9.845597e-06   7.047629e+00
3.470000e+01   -7.466422e+00   -0.000000e+00   -0.000000e+00   2.495459e+02   9.704222e-06   6.952539e+00
3.480000e+01   -7.471600e+00   -0.000000e+00   -0.000000e+00   2.497732e+02   9.564678e-06   6.858808e+00
3.490000e+01   -7.204930e+00   -0.000000e+00   -0.000000e+00   2.500087e+02   9.426950e-06   6.766416e+00
3.500000e+01   -6.790684e+00   -0.000000e+00   -0.000000e+00   2.502519e+02   9.291036e-06   6.675347e+00
3.510000e+01   -6.349045e+00   -0.000000e+00   -0.000000e+00   2.505024e+02   9.156931e-06   6.585583e+00
3.520000e+01   -6.000201e+00   -0.000000e+00   -0.000000e+00   2.507599e+02   9.024634e-06   6.497106e+00
3.530000e+01   -5.798181e+00   -0.000000e+00   -0.000000e+00   2.510239e+02   8.894138e-06   6.409900e+00
3.540000e+01   -5.604714e+00   -0.000000e+00   -0.000000e+00   2.512941e+02   8.765437e-06   6.323947e+00
3.550000e+01   -5.431317e+00   -0.000000e+00   -0.000000e+00   2.515701e+02   8.638524e-06   6.239229e+00
3.560000e+01   -5.304312e+00   -0.000000e+00   -0.000000e+00   2.518515e+02   8.513392e-06   6.155730e+00
3.570000e+01   -5.250017e+00   -0.000000e+00   -0.000000e+00   2.521380e+02   8.390031e-06   6.073433e+00
3.580000e+01   -5.300621e+00   -0.000000e+00   -0.000000e+00   2.524291e+02   8.268431e-06   5.992319e+00
3.590000e+01   -5.462544e+00   -0.000000e+00   -0.000000e+00   2.527245e+02   8.148581e-06   5.912372e+00
3.600000e+01   -5.673224e+00   -0.000000e+00   -0.000000e+00   2.530238e+02   8.030469e-06   5.833574e+00
3.610000e+01   -5.866051e+00   -0.000000e+00   -0.000000e+00   2.533267e+02   7.914083e-06   5.755909e+00
3.620000e+01   -5.974412e+00   -0.000000e+00   -0.000000e+00   2.536326e+02   7.799410e-06   5.679358e+00
3.630000e+01   -5.708086e+00   -0.000000e+00   -0.000000e+00   2.539413e+02   7.686435e-06   5.603905e+00
3.640000e+01   -4.369289e+00   -0.000000e+00   -0.000000e+00   2.542525e+02   7.575143e-06   5.529533e+00
3.650000e+01   -2.449477e+00   -0.000000e+00   -0.000000e+00   2.545659e+02   7.465517e-06   5.456228e+00
3.660000e+01   -5.575350e-01   -0.000000e+00   -0.000000e+00   2.548814e+02   7.357538e-06   5.383974e+00
3.670000e+01   6.976502e-01   -0.000000e+00   -0.000000e+00   2.551987e+02   7.251189e-06   5.312758e+00
3.680000e+01   9.674515e-01   -0.000000e+00   -0.000000e+00   2.555177e+02   7.146451e-06   5.242564e+00
3.690000e+01   1.100086e+00   -0.000000e+00   -0.000000e+00   2.558381e+02   7.043307e-06   5.173378e+00
3.700000e+01   1.227483e+00   -0.000000e+00   -0.000000e+00   2.561598e+02   6.941736e-06   5.105186e+00
3.710000e+01   1.348396e+00   -0.000000e+00   -0.000000e+00   2.564826e+02   6.841721e-06   5.037971e+00
3.720000e+01   1.461580e+00   -0.000000e+00   -0.000000e+00   2.568063e+02   6.743241e-06   4.971721e+00
3.730000e+01   1.282980e+00   -0.000000e+00   -0.000000e+00   2.571307e+02   6.646276e-06   4.906420e+00
3.740000e+01   -3.422834e-01   -0.000000e+00   -0.000000e+00   2.574556e+02   6.550808e-06   4.842053e+00
3.750000e+01   -2.806787e+00   -0.000000e+00   -0.000000e+00   2.577807e+02   6.456816e-06   4.778606e+00
3.760000e+01   -5.255503e+00   -0.000000e+00   -0.000000e+00   2.581060e+02   6.364279e-06   4.716064e+00
3.770000e+01   -6.833402e+00   -0.000000e+00   -0.000000e+00   2.584312e+02   6.273178e-06   4.654412e+00
3.780000e+01   -6.897101e+00   -0.000000e+00   -0.000000e+00   2.587561e+02   6.183491e-06   4.593637e+00
3.790000e+01   -6.278709e+00   -0.000000e+00   -0.000000e+00   2.590805e+02   6.095198e-06   4.533722e+00
3.800000e+01   -5.400930e+00   -0.000000e+00   -0.000000e+00   2.594044e+02   6.008277e-06   4.474656e+00
3.810000e+01   -4.520883e+00   -0.000000e+00   -0.000000e+00   2.597278e+02   5.922706e-06   4.416426e+00
3.820000e+01   -3.895673e+00   -0.000000e+00   -0.000000e+00   2.600509e+02   5.838460e-06   4.359022e+00
3.830000e+01   -3.711038e+00   -0.000000e+00   -0.000000e+00   2.603738e+02   5.755518e-06   4.302432e+00
3.840000e+01   -3.640036e+00   -0.000000e+00   -0.000000e+00   2.606965e+02   5.673858e-06   4.246645e+00
3.850000e+01   -3.598877e+00   -0.000000e+00   -0.000000e+00   2.610191e+02   5.593457e-06   4.191650e+00
3.860000e+01   -3.584658e+00   -0.000000e+00   -0.000000e+00   2.613418e+02   5.514294e-06   4.137435e+00
3.870000e+01   -3.594479e+00   -0.000000e+00   -0.000000e+00   2.616647e+02   5.436347e-06   4.083990e+00
3.880000e+01   -3.676241e+00   -0.000000e+00   -0.000000e+00   2.619878e+02   5.359596e-06   4.031302e+00
3.890000e+01   -4.147928e+00   -0.000000e+00   -0.000000e+00   2.623112e+02   5.284018e-06   3.979362e+00
3.900000e+01   -4.865353e+00   -0.000000e+00   -0.000000e+00   2.626350e+02   5.209593e-06   3.928157e+00
3.910000e+01   -5.584544e+00   -0.000000e+00   -0.000000e+00   2.629594e+02   5.136300e-06   3.877676e+00
3.920000e+01   -6.061534e+00   -0.000000e+00   -0.000000e+00   2.632845e+02   5.064119e-06   3.827908e+00
3.930000e+01   -6.056064e+00   -0.000000e+00   -0.000000e+00   2.636102e+02   4.993030e-06   3.778842e+00
3.940000e+01   -5.500566e+00   -0.000000e+00   -0.000000e+00   2.639368e+02   4.923012e-06   3.730467e+00
3.950000e+01   -4.568224e+00   -0.000000e+00   -0.000000e+00   2.642643e+02   4.854045e-06   3.682770e+00
3.960000e+01   -3.449932e+00   -0.000000e+00   -0.000000e+00   2.645928e+02   4.786111e-06   3.635742e+00
3.970000e+01   -2.336410e+00   -0.000000e+00   -0.000000e+00   2.649220e+02   4.719197e-06   3.589372e+00
3.980000e+01   -1.374705e+00   -0.000000e+00   -0.000000e+00   2.652517e+02   4.653294e-06   3.543651e+00
3.990000e+01   -2.821750e-01   -0.000000e+00   -0.000000e+00   2.655815e+02   4.588390e-06   3.498569e+00
4.000000e+01   8.756369e-01   -0.000000e+00   -0.000000e+00   2.659110e+02   4.524475e-06   3.454116e+00
4.010000e+01   1.902741e+00   -0.000000e+00   -0.000000e+00   2.662400e+02   4.461539e-06   3.410283e+00
4.020000e+01   2.603146e+00   -0.000000e+00   -0.000000e+00   2.665682e+02   4.399569e-06   3.367060e+00
4.030000e+01   2.817257e+00   -0.000000e+00   -0.000000e+00   2.668952e+02   4.338554e-06   3.324437e+00
4.040000e+01   2.879994e+00   -0.000000e+00   -0.000000e+00   2.672206e+02   4.278484e-06   3.282406e+00
4.050000e+01   2.921564e+00   -0.000000e+00   -0.000000e+00   2.675443e+02   4.219345e-06   3.240955e+00
4.060000e+01   2.941050e+00   -0.000000e+00   -0.000000e+00   2.678658e+02   4.161126e-06   3.200077e+00
4.070000e+01   2.937538e+00   -0.000000e+00   -0.000000e+00   2.681848e+02   4.103814e-06   3.159760e+00
4.080000e+01   2.853507e+00   -0.000000e+00   -0.000000e+00   2.685010e+02   4.047397e-06   3.119996e+00
4.090000e+01   1.943049e+00   -0.000000e+00   -0.000000e+00   2.688141e+02   3.991863e-06   3.080775e+00
4.100000e+01   3.798455e-01   -0.000000e+00   -0.000000e+00   2.691237e+02   3.937199e-06   3.042087e+00
4.110000e+01   -1.311320e+00   -0.000000e+00   -0.000000e+00   2.694296e+02   3.883391e-06   3.003923e+00
4.120000e+01   -2.605663e+00   -0.000000e+00   -0.000000e+00   2.697314e+02   3.830428e-06   2.966273e+00
4.130000e+01   -3.026460e+00   -0.000000e+00   -0.000000e+00   2.700288e+02   3.778295e-06   2.929128e+00
4.140000e+01   -3.129378e+00   -0.000000e+00   -0.000000e+00   2.703219e+02   3.726976e-06   2.892479e+00
4.150000e+01   -3.230516e+00   -0.000000e+00   -0.000000e+00   2.706111e+02   3.676452e-06   2.856320e+00
4.160000e+01   -3.329505e+00   -0.000000e+00   -0.000000e+00   2.708969e+02   3.626703e-06   2.820645e+00
4.170000e+01   -3.425972e+00   -0.000000e+00   -0.000000e+00   2.711797e+02   3.577712e-06   2.785447e+00
4.180000e+01   -3.496578e+00   -0.000000e+00   -0.000000e+00   2.714599e+02   3.529461e-06   2.750720e+00
4.190000e+01   -3.056790e+00   -0.000000e+00   -0.000000e+00   2.717381e+02   3.481930e-06   2.716458e+00
4.200000e+01   -2.173604e+00   -0.000000e+00   -0.000000e+00   2.720147e+02   3.435105e-06   2.682654e+00
4.210000e+01   -1.196211e+00   -0.000000e+00   -0.000000e+00   2.722901e+02   3.388967e-06   2.649302e+00
4.220000e+01   -4.738076e-01   -0.000000e+00   -0.000000e+00   2.725648e+02   3.343500e-06   2.616396e+00
4.230000e+01   -3.424977e-01   -0.000000e+00   -0.000000e+00   2.728392e+02   3.298689e-06   2.583929e+00
4.240000e+01   -6.114042e-01   -0.000000e+00   -0.000000e+00   2.731139e+02   3.254517e-06   2.551894e+00
4.250000e+01   -1.017688e+00   -0.000000e+00   -0.000000e+00   2.733891e+02   3.210970e-06   2.520286e+00
4.260000e+01   -1.459845e+00   -0.000000e+00   -0.000000e+00   2.736655e+02   3.168032e-06   2.489097e+00
4.270000e+01   -1.836369e+00   -0.000000e+00   -0.000000e+00   2.739434e+02   3.125689e-06   2.458323e+00
4.280000e+01   -2.044812e+00   -0.000000e+00   -0.000000e+00   2.742233e+02   3.083926e-06   2.427955e+00
4.290000e+01   -1.993520e+00   -0.000000e+00   -0.000000e+00   2.745056e+02   3.042731e-06   2.397989e+00
4.300000e+01   -1.765016e+00   -0.000000e+00   -0.000000e+00   2.747909e+02   3.002088e-06   2.368417e+00
4.310000e+01   -1.492579e+00   -0.000000e+00   -0.000000e+00   2.750795e+02   2.961985e-06   2.339233e+00
4.320000e+01   -1.309261e+00   -0.000000e+00   -0.000000e+00   2.753713e+02   2.922416e-06   2.310431e+00
4.330000e+01   -1.355741e+00   -0.000000e+00   -0.000000e+00   2.756653e+02   2.883385e-06   2.282008e+00
4.340000e+01   -2.182437e+00   -0.000000e+00   -0.000000e+00   2.759609e+02   2.844892e-06   2.253957e+00
4.350000e+01   -3.732818e+00   -0.000000e+00   -0.000000e+00   2.762570e+02   2.806941e-06   2.226275e+00
4.360000e+01   -5.542905e+00   -0.000000e+00   -0.000000e+00   2.765528e+02   2.769531e-06   2.198957e+00
4.370000e+01   -7.148722e+00   -0.000000e+00   -0.000000e+00   2.768474e+02   2.732665e-06   2.171998e+00
4.380000e+01   -8.091628e+00   -0.000000e+00   -0.000000e+00   2.771400e+02   2.696343e-06   2.145393e+00
4.390000e+01   -8.627082e+00   -0.000000e+00   -0.000000e+00   2.774297e+02   2.660565e-06   2.119138e+00
4.400000e+01   -9.106372e+00   -0.000000e+00   -0.000000e+00   2.777156e+02   2.625329e-06   2.093227e+00
4.410000e+01   -9.507900e+00   -0.000000e+00   -0.000000e+00   2.779968e+02   2.590636e-06   2.067658e+00
4.420000e+01   -9.810066e+00   -0.000000e+00   -0.000000e+00   2.782725e+02   2.556484e-06   2.042423e+00
4.430000e+01   -9.987177e+00   -0.000000e+00   -0.000000e+00   2.785418e+02   2.522872e-06   2.017520e+00
4.440000e+01   -9.126641e+00   -0.000000e+00   -0.000000e+00   2.788038e+02   2.489797e-06   1.992943e+00
4.450000e+01   -7.059328e+00   -0.000000e+00   -0.000000e+00   2.790576e+02   2.457257e-06   1.968688e+00
4.460000e+01   -4.530303e+00   -0.000000e+00   -0.000000e+00   2.793024e+02   2.425250e-06   1.944749e+00
4.470000e+01   -2.284626e+00   -0.000000e+00   -0.000000e+00   2.795372e+02   2.393773e-06   1.921123e+00
4.480000e+01   -1.066409e+00   -0.000000e+00   -0.000000e+00   2.797613e+02   2.362823e-06   1.897804e+00
4.490000e+01   -5.800209e-01   -0.000000e+00   -0.000000e+00   2.799738e+02   2.332397e-06   1.874788e+00
4.500000e+01   -1.623628e-01   -0.000000e+00   -0.000000e+00   2.801738e+02   2.302489e-06   1.852070e+00
4.510000e+01   1.596362e-01   -0.000000e+00   -0.000000e+00   2.803613e+02   2.273090e-06   1.829646e+00
4.520000e+01   3.586241e-01   -0.000000e+00   -0.000000e+00   2.805367e+02   2.244187e-06   1.807512e+00
4.530000e+01   4.072433e-01   -0.000000e+00   -0.000000e+00   2.807007e+02   2.215765e-06   1.785663e+00
4.540000e+01   -6.595023e-02   -0.000000e+00   -0.000000e+00   2.808535e+02   2.187813e-06   1.764096e+00
4.550000e+01   -1.165478e+00   -0.000000e+00   -0.000000e+00   2.809956e+02   2.160316e-06   1.742807e+00
4.560000e+01   -2.518312e+00   -0.000000e+00   -0.000000e+00   2.811276e+02   2.133264e-06   1.721791e+00
4.570000e+01   -3.751428e+00   -0.000000e+00   -0.000000e+00   2.812498e+02   2.106643e-06   1.701044e+00
4.580000e+01   -4.491796e+00   -0.000000e+00   -0.000000e+00   2.813627e+02   2.080443e-06   1.680562e+00
4.590000e+01   -4.762549e+00   -0.000000e+00   -0.000000e+00   2.814668e+02   2.054651e-06   1.660342e+00
4.600000e+01   -4.926260e+00   -0.000000e+00   -0.000000e+00   2.815625e+02   2.029256e-06   1.640378e+00
4.610000e+01   -5.051366e+00   -0.000000e+00   -0.000000e+00   2.816503e+02   2.004248e-06   1.620668e+00
4.620000e+01   -5.205913e+00   -0.000000e+00   -0.000000e+00   2.817306e+02   1.979616e-06   1.601206e+00
4.630000e+01   -5.457949e+00   -0.000000e+00   -0.000000e+00   2.818039e+02   1.955349e-06   1.581989e+00
4.640000e+01   -6.177365e+00   -0.000000e+00   -0.000000e+00   2.818706e+02   1.931436e-06   1.563013e+00
4.650000e+01   -7.550263e+00   -0.000000e+00   -0.000000e+00   2.819313e+02   1.907869e-06   1.544273e+00
4.660000e+01   -9.210626e+00   -0.000000e+00   -0.000000e+00   2.819863e+02   1.884636e-06   1.525766e+00
4.670000e+01   -1.079057e+01   -0.000000e+00   -0.000000e+00   2.820361e+02   1.861729e-06   1.507487e+00
4.680000e+01   -1.192223e+01   -0.000000e+00   -0.000000e+00   2.820812e+02   1.839138e-06   1.489432e+00
4.690000e+01   -1.262855e+01   -0.000000e+00   -0.000000e+00   2.821220e+02   1.816853e-06   1.471598e+00
4.700000e+01   -1.329216e+01   -0.000000e+00   -0.000000e+00   2.821589e+02   1.794867e-06   1.453980e+00
4.710000e+01   -1.385026e+01   -0.000000e+00   -0.000000e+00   2.821920e+02   1.773175e-06   1.436576e+00
4.720000e+01   -1.423570e+01   -0.000000e+00   -0.000000e+00   2.822213e+02   1.751772e-06   1.419383e+00
4.730000e+01   -1.438132e+01   -0.000000e+00   -0.000000e+00   2.822471e+02   1.730653e-06   1.402400e+00
4.740000e+01   -1.420227e+01   -0.000000e+00   -0.000000e+00   2.822694e+02   1.709813e-06   1.385622e+00
4.750000e+01   -1.370757e+01   -0.000000e+00   -0.000000e+00   2.822883e+02   1.689249e-06   1.369048e+00
4.760000e+01   -1.301033e+01   -0.000000e+00   -0.000000e+00   2.823039e+02   1.668955e-06   1.352676e+00
4.770000e+01   -1.222457e+01   -0.000000e+00   -0.000000e+00   2.823163e+02   1.648927e-06   1.336502e+00
4.780000e+01   -1.146436e+01   -0.000000e+00   -0.000000e+00   2.823257e+02   1.629161e-06   1.320525e+00
4.790000e+01   -1.072221e+01   -0.000000e+00   -0.000000e+00   2.823320e+02   1.609652e-06   1.304741e+00
4.800000e+01   -9.871176e+00   -0.000000e+00   -0.000000e+00   2.823355e+02   1.590396e-06   1.289148e+00
4.810000e+01   -8.989525e+00   -0.000000e+00   -0.000000e+00   2.823362e+02   1.571388e-06   1.273745e+00
4.820000e+01   -8.160258e+00   -0.000000e+00   -0.000000e+00   2.823342e+02   1.552625e-06   1.258527e+00
4.830000e+01   -7.466372e+00   -0.000000e+00   -0.000000e+00   2.823296e+02   1.534102e-06   1.243492e+00
4.840000e+01   -6.927990e+00   -0.000000e+00   -0.000000e+00   2.823226e+02   1.515816e-06   1.228639e+00
4.850000e+01   -6.448752e+00   -0.000000e+00   -0.000000e+00   2.823132e+02   1.497761e-06   1.213964e+00
4.860000e+01   -6.016328e+00   -0.000000e+00   -0.000000e+00   2.823015e+02   1.479934e-06   1.199465e+00
4.870000e+01   -5.621700e+00   -0.000000e+00   -0.000000e+00   2.822876e+02   1.462330e-06   1.185140e+00
4.880000e+01   -5.255854e+00   -0.000000e+00   -0.000000e+00   2.822717e+02   1.444947e-06   1.170986e+00
4.890000e+01   -4.892754e+00   -0.000000e+00   -0.000000e+00   2.822538e+02   1.427779e-06   1.157000e+00
4.900000e+01   -4.511708e+00   -0.000000e+00   -0.000000e+00   2.822341e+02   1.410824e-06   1.143180e+00
4.910000e+01   -4.154891e+00   -0.000000e+00   -0.000000e+00   2.822125e+02   1.394077e-06   1.129524e+00
4.920000e+01   -3.866559e+00   -0.000000e+00   -0.000000e+00   2.821891e+02   1.377538e-06   1.116030e+00
4.930000e+01   -3.690969e+00   -0.000000e+00   -0.000000e+00   2.821639e+02   1.361202e-06   1.102697e+00
4.940000e+01   -3.855403e+00   -0.000000e+00   -0.000000e+00   2.821370e+02   1.345067e-06   1.089523e+00
4.950000e+01   -4.665842e+00   -0.000000e+00   -0.000000e+00   2.821084e+02   1.329130e-06   1.076505e+00
4.960000e+01   -5.772944e+00   -0.000000e+00   -0.000000e+00   2.820781e+02   1.313389e-06   1.063641e+00
4.970000e+01   -6.798158e+00   -0.000000e+00   -0.000000e+00   2.820462e+02   1.297841e-06   1.050931e+00
4.980000e+01   -7.362929e+00   -0.000000e+00   -0.000000e+00   2.820128e+02   1.282483e-06   1.038372e+00
4.990000e+01   -6.877413e+00   -0.000000e+00   -0.000000e+00   2.819777e+02   1.267313e-06   1.025962e+00
5.000000e+01   -4.934862e+00   -0.000000e+00   -0.000000e+00   2.819412e+02   1.252328e-06   1.013699e+00
5.010000e+01   -2.312445e+00   -0.000000e+00   -0.000000e+00   2.819031e+02   1.237525e-06   1.001581e+00
5.020000e+01   1.556718e-01   -0.000000e+00   -0.000000e+00   2.818636e+02   1.222901e-06   9.896071e-01
5.030000e+01   1.635321e+00   -0.000000e+00   -0.000000e+00   2.818227e+02   1.208455e-06   9.777747e-01
5.040000e+01   1.704642e+00   -0.000000e+00   -0.000000e+00   2.817804e+02   1.194183e-06   9.660821e-01
5.050000e+01   1.299903e+00   -0.000000e+00   -0.000000e+00   2.817368e+02   1.180083e-06   9.545273e-01
5.060000e+01   6.025315e-01   -0.000000e+00   -0.000000e+00   2.816919e+02   1.166152e-06   9.431086e-01
5.070000e+01   -2.919057e-01   -0.000000e+00   -0.000000e+00   2.816457e+02   1.152387e-06   9.318240e-01
5.080000e+01   -1.287840e+00   -0.000000e+00   -0.000000e+00   2.815982e+02   1.138787e-06   9.206717e-01
5.090000e+01   -2.557324e+00   -0.000000e+00   -0.000000e+00   2.815496e+02   1.125348e-06   9.096497e-01
5.100000e+01   -4.736958e+00   -0.000000e+00   -0.000000e+00   2.814997e+02   1.112069e-06   8.987563e-01
5.110000e+01   -7.282212e+00   -0.000000e+00   -0.000000e+00   2.814484e+02   1.098948e-06   8.879899e-01
5.120000e+01   -9.546395e+00   -0.000000e+00   -0.000000e+00   2.813951e+02   1.085985e-06   8.773491e-01
5.130000e+01   -1.088282e+01   -0.000000e+00   -0.000000e+00   2.813394e+02   1.073179e-06   8.668326e-01
5.140000e+01   -1.092416e+01   -0.000000e+00   -0.000000e+00   2.812809e+02   1.060532e-06   8.564388e-01
5.150000e+01   -1.049776e+01   -0.000000e+00   -0.000000e+00   2.812191e+02   1.048042e-06   8.461664e-01
5.160000e+01   -9.823629e+00   -0.000000e+00   -0.000000e+00   2.811536e+02   1.035709e-06   8.360140e-01
5.170000e+01   -9.017941e+00   -0.000000e+00   -0.000000e+00   2.810839e+02   1.023532e-06   8.259802e-01
5.180000e+01   -8.196878e+00   -0.000000e+00   -0.000000e+00   2.810096e+02   1.011511e-06   8.160635e-01
5.190000e+01   -7.402420e+00   -0.000000e+00   -0.000000e+00   2.809303e+02   9.996445e-07   8.062627e-01
5.200000e+01   -6.419949e+00   -0.000000e+00   -0.000000e+00   2.808455e+02   9.879329e-07   7.965762e-01
5.210000e+01   -5.354840e+00   -0.000000e+00   -0.000000e+00   2.807548e+02   9.763750e-07   7.870027e-01
5.220000e+01   -4.356910e+00   -0.000000e+00   -0.000000e+00   2.806577e+02   9.649700e-07   7.775408e-01
5.230000e+01   -3.575978e+00   -0.000000e+00   -0.000000e+00   2.805539e+02   9.537170e-07   7.681890e-01
5.240000e+01   -3.114540e+00   -0.000000e+00   -0.000000e+00   2.804427e+02   9.426151e-07   7.589460e-01
5.250000e+01   -2.795869e+00   -0.000000e+00   -0.000000e+00   2.803239e+02   9.316633e-07   7.498104e-01
5.260000e+01   -2.543284e+00   -0.000000e+00   -0.000000e+00   2.801969e+02   9.208607e-07   7.407807e-01
5.270000e+01   -2.309169e+00   -0.000000e+00   -0.000000e+00   2.800614e+02   9.102063e-07   7.318556e-01
5.280000e+01   -2.045905e+00   -0.000000e+00   -0.000000e+00   2.799168e+02   8.996988e-07   7.230336e-01
5.290000e+01   -1.693490e+00   -0.000000e+00   -0.000000e+00   2.797628e+02   8.893372e-07   7.143133e-01
5.300000e+01   -1.191628e+00   -0.000000e+00   -0.000000e+00   2.795989e+02   8.791204e-07   7.056934e-01
5.310000e+01   -6.378933e-01   -0.000000e+00   -0.000000e+00   2.794247e+02   8.690466e-07   6.971725e-01
5.320000e+01   -1.492134e-01   -0.000000e+00   -0.000000e+00   2.792407e+02   8.591128e-07   6.887495e-01
5.330000e+01   1.574589e-01   -0.000000e+00   -0.000000e+00   2.790473e+02   8.493156e-07   6.804233e-01
5.340000e+01   1.107536e-01   -0.000000e+00   -0.000000e+00   2.788447e+02   8.396516e-07   6.721929e-01
5.350000e+01   -6.207162e-01   -0.000000e+00   -0.000000e+00   2.786336e+02   8.301176e-07   6.640571e-01
5.360000e+01   -1.800329e+00   -0.000000e+00   -0.000000e+00   2.784143e+02   8.207103e-07   6.560150e-01
5.370000e+01   -3.099255e+00   -0.000000e+00   -0.000000e+00   2.781872e+02   8.114268e-07   6.480654e-01
5.380000e+01   -4.188664e+00   -0.000000e+00   -0.000000e+00   2.779528e+02   8.022639e-07   6.402074e-01
5.390000e+01   -4.793220e+00   -0.000000e+00   -0.000000e+00   2.777115e+02   7.932186e-07   6.324397e-01
5.400000e+01   -5.152332e+00   -0.000000e+00   -0.000000e+00   2.774637e+02   7.842882e-07   6.247614e-01
5.410000e+01   -5.425151e+00   -0.000000e+00   -0.000000e+00   2.772098e+02   7.754696e-07   6.171714e-01
5.420000e+01   -5.701769e+00   -0.000000e+00   -0.000000e+00   2.769504e+02   7.667602e-07   6.096686e-01
5.430000e+01   -6.072278e+00   -0.000000e+00   -0.000000e+00   2.766857e+02   7.581571e-07   6.022520e-01
5.440000e+01   -6.706119e+00   -0.000000e+00   -0.000000e+00   2.764162e+02   7.496578e-07   5.949205e-01
5.450000e+01   -8.212150e+00   -0.000000e+00   -0.000000e+00   2.761424e+02   7.412595e-07   5.876730e-01
5.460000e+01   -1.023971e+01   -0.000000e+00   -0.000000e+00   2.758647e+02   7.329597e-07   5.805085e-01
5.470000e+01   -1.222007e+01   -0.000000e+00   -0.000000e+00   2.755835e+02   7.247560e-07   5.734259e-01
5.480000e+01   -1.358451e+01   -0.000000e+00   -0.000000e+00   2.752992e+02   7.166457e-07   5.664242e-01
5.490000e+01   -1.382754e+01   -0.000000e+00   -0.000000e+00   2.750122e+02   7.086265e-07   5.595022e-01
5.500000e+01   -1.331922e+01   -0.000000e+00   -0.000000e+00   2.747231e+02   7.006960e-07   5.526589e-01
5.510000e+01   -1.242875e+01   -0.000000e+00   -0.000000e+00   2.744322e+02   6.928518e-07   5.458932e-01
5.520000e+01   -1.139041e+01   -0.000000e+00   -0.000000e+00   2.741398e+02   6.850920e-07   5.392042e-01
5.530000e+01   -1.043865e+01   -0.000000e+00   -0.000000e+00   2.738461e+02   6.774152e-07   5.325910e-01
5.540000e+01   -9.788483e+00   -0.000000e+00   -0.000000e+00   2.735511e+02   6.698205e-07   5.260527e-01
5.550000e+01   -9.332041e+00   -0.000000e+00   -0.000000e+00   2.732549e+02   6.623069e-07   5.195886e-01
5.560000e+01   -8.947849e+00   -0.000000e+00   -0.000000e+00   2.729576e+02   6.548733e-07   5.131978e-01
5.570000e+01   -8.570153e+00   -0.000000e+00   -0.000000e+00   2.726592e+02   6.475187e-07   5.068796e-01
5.580000e+01   -8.133200e+00   -0.000000e+00   -0.000000e+00   2.723598e+02   6.402421e-07   5.006331e-01
5.590000e+01   -7.552136e+00   -0.000000e+00   -0.000000e+00   2.720594e+02   6.330426e-07   4.944575e-01
5.600000e+01   -6.562984e+00   -0.000000e+00   -0.000000e+00   2.717580e+02   6.259191e-07   4.883520e-01
5.610000e+01   -5.332239e+00   -0.000000e+00   -0.000000e+00   2.714559e+02   6.188705e-07   4.823158e-01
5.620000e+01   -4.160283e+00   -0.000000e+00   -0.000000e+00   2.711529e+02   6.118961e-07   4.763480e-01
5.630000e+01   -3.347497e+00   -0.000000e+00   -0.000000e+00   2.708493e+02   6.049946e-07   4.704479e-01
5.640000e+01   -3.164393e+00   -0.000000e+00   -0.000000e+00   2.705449e+02   5.981652e-07   4.646147e-01
5.650000e+01   -3.243343e+00   -0.000000e+00   -0.000000e+00   2.702400e+02   5.914069e-07   4.588475e-01
5.660000e+01   -3.374008e+00   -0.000000e+00   -0.000000e+00   2.699345e+02   5.847186e-07   4.531455e-01
5.670000e+01   -3.543909e+00   -0.000000e+00   -0.000000e+00   2.696285e+02   5.780994e-07   4.475079e-01
5.680000e+01   -3.740563e+00   -0.000000e+00   -0.000000e+00   2.693221e+02   5.715484e-07   4.419340e-01
5.690000e+01   -3.957926e+00   -0.000000e+00   -0.000000e+00   2.690153e+02   5.650645e-07   4.364228e-01
5.700000e+01   -4.319634e+00   -0.000000e+00   -0.000000e+00   2.687082e+02   5.586468e-07   4.309736e-01
5.710000e+01   -4.795867e+00   -0.000000e+00   -0.000000e+00   2.684009e+02   5.522943e-07   4.255856e-01
5.720000e+01   -5.277883e+00   -0.000000e+00   -0.000000e+00   2.680934e+02   5.460061e-07   4.202579e-01
5.730000e+01   -5.656658e+00   -0.000000e+00   -0.000000e+00   2.677856e+02   5.397813e-07   4.149898e-01
5.740000e+01   -5.815856e+00   -0.000000e+00   -0.000000e+00   2.674772e+02   5.336204e-07   4.097807e-01
5.750000e+01   -5.525813e+00   -0.000000e+00   -0.000000e+00   2.671675e+02   5.275236e-07   4.046299e-01
5.760000e+01   -4.901739e+00   -0.000000e+00   -0.000000e+00   2.668561e+02   5.214915e-07   3.995367e-01
5.770000e+01   -4.198067e+00   -0.000000e+00   -0.000000e+00   2.665424e+02   5.155243e-07   3.945007e-01
5.780000e+01   -3.669229e+00   -0.000000e+00   -0.000000e+00   2.662259e+02   5.096224e-07   3.895212e-01
5.790000e+01   -3.571677e+00   -0.000000e+00   -0.000000e+00   2.659060e+02   5.037859e-07   3.845976e-01
5.800000e+01   -4.139167e+00   -0.000000e+00   -0.000000e+00   2.655823e+02   4.980151e-07   3.797292e-01
5.810000e+01   -5.233543e+00   -0.000000e+00   -0.000000e+00   2.652541e+02   4.923103e-07   3.749155e-01
5.820000e+01   -6.608100e+00   -0.000000e+00   -0.000000e+00   2.649210e+02   4.866714e-07   3.701559e-01
5.830000e+01   -8.016136e+00   -0.000000e+00   -0.000000e+00   2.645824e+02   4.810987e-07   3.654496e-01
5.840000e+01   -9.218042e+00   -0.000000e+00   -0.000000e+00   2.642378e+02   4.755921e-07   3.607962e-01
5.850000e+01   -1.046186e+01   -0.000000e+00   -0.000000e+00   2.638866e+02   4.701518e-07   3.561950e-01
5.860000e+01   -1.181434e+01   -0.000000e+00   -0.000000e+00   2.635284e+02   4.647777e-07   3.516455e-01
5.870000e+01   -1.304438e+01   -0.000000e+00   -0.000000e+00   2.631625e+02   4.594697e-07   3.471469e-01
5.880000e+01   -1.392087e+01   -0.000000e+00   -0.000000e+00   2.627885e+02   4.542278e-07   3.426986e-01
5.890000e+01   -1.421515e+01   -0.000000e+00   -0.000000e+00   2.624058e+02   4.490518e-07   3.383002e-01
5.900000e+01   -1.404535e+01   -0.000000e+00   -0.000000e+00   2.620138e+02   4.439417e-07   3.339509e-01
5.910000e+01   -1.364763e+01   -0.000000e+00   -0.000000e+00   2.616121e+02   4.388973e-07   3.296501e-01
5.920000e+01   -1.310401e+01   -0.000000e+00   -0.000000e+00   2.612002e+02   4.339184e-07   3.253973e-01
5.930000e+01   -1.249651e+01   -0.000000e+00   -0.000000e+00   2.607774e+02   4.290048e-07   3.211918e-01
5.940000e+01   -1.190774e+01   -0.000000e+00   -0.000000e+00   2.603435e+02   4.241558e-07   3.170330e-01
5.950000e+01   -1.137162e+01   -0.000000e+00   -0.000000e+00   2.598990e+02   4.193697e-07   3.129206e-01
5.960000e+01   -1.082769e+01   -0.000000e+00   -0.000000e+00   2.594446e+02   4.146448e-07   3.088540e-01
5.970000e+01   -1.021092e+01   -0.000000e+00   -0.000000e+00   2.589809e+02   4.099791e-07   3.048329e-01
5.980000e+01   -9.456292e+00   -0.000000e+00   -0.000000e+00   2.585084e+02   4.053712e-07   3.008568e-01
5.990000e+01   -8.497852e+00   -0.000000e+00   -0.000000e+00   2.580278e+02   4.008191e-07   2.969254e-01
6.000000e+01   -6.530575e+00   -0.000000e+00   -0.000000e+00   2.575397e+02   3.963214e-07   2.930381e-01
6.010000e+01   -3.391854e+00   -0.000000e+00   -0.000000e+00   2.570447e+02   3.918764e-07   2.891946e-01
6.020000e+01   1.809906e-01   -0.000000e+00   -0.000000e+00   2.565435e+02   3.874825e-07   2.853944e-01
6.030000e+01   3.450637e+00   -0.000000e+00   -0.000000e+00   2.560367e+02   3.831382e-07   2.816372e-01
6.040000e+01   5.679764e+00   -0.000000e+00   -0.000000e+00   2.555248e+02   3.788421e-07   2.779224e-01
6.050000e+01   7.121645e+00   -0.000000e+00   -0.000000e+00   2.550084e+02   3.745926e-07   2.742497e-01
6.060000e+01   8.456894e+00   -0.000000e+00   -0.000000e+00   2.544883e+02   3.703884e-07   2.706186e-01
6.070000e+01   9.589201e+00   -0.000000e+00   -0.000000e+00   2.539651e+02   3.662281e-07   2.670288e-01
6.080000e+01   1.042225e+01   -0.000000e+00   -0.000000e+00   2.534392e+02   3.621104e-07   2.634797e-01
6.090000e+01   1.085975e+01   -0.000000e+00   -0.000000e+00   2.529114e+02   3.580338e-07   2.599710e-01
6.100000e+01   1.047099e+01   -0.000000e+00   -0.000000e+00   2.523823e+02   3.539972e-07   2.565022e-01
6.110000e+01   9.160187e+00   -0.000000e+00   -0.000000e+00   2.518525e+02   3.499993e-07   2.530730e-01
6.120000e+01   7.422150e+00   -0.000000e+00   -0.000000e+00   2.513226e+02   3.460388e-07   2.496828e-01
6.130000e+01   5.752212e+00   -0.000000e+00   -0.000000e+00   2.507932e+02   3.421146e-07   2.463313e-01
6.140000e+01   4.645748e+00   -0.000000e+00   -0.000000e+00   2.502649e+02   3.382254e-07   2.430181e-01
6.150000e+01   4.055586e+00   -0.000000e+00   -0.000000e+00   2.497381e+02   3.343708e-07   2.397427e-01
6.160000e+01   3.505836e+00   -0.000000e+00   -0.000000e+00   2.492128e+02   3.305503e-07   2.365049e-01
6.170000e+01   3.055268e+00   -0.000000e+00   -0.000000e+00   2.486891e+02   3.267637e-07   2.333044e-01
6.180000e+01   2.765100e+00   -0.000000e+00   -0.000000e+00   2.481671e+02   3.230109e-07   2.301408e-01
6.190000e+01   2.696549e+00   -0.000000e+00   -0.000000e+00   2.476468e+02   3.192914e-07   2.270139e-01
6.200000e+01   3.153548e+00   -0.000000e+00   -0.000000e+00   2.471285e+02   3.156051e-07   2.239232e-01
6.210000e+01   4.264716e+00   -0.000000e+00   -0.000000e+00   2.466121e+02   3.119517e-07   2.208686e-01
6.220000e+01   5.619408e+00   -0.000000e+00   -0.000000e+00   2.460977e+02   3.083310e-07   2.178497e-01
6.230000e+01   6.803192e+00   -0.000000e+00   -0.000000e+00   2.455854e+02   3.047426e-07   2.148662e-01
6.240000e+01   7.401636e+00   -0.000000e+00   -0.000000e+00   2.450753e+02   3.011865e-07   2.119178e-01
6.250000e+01   7.364663e+00   -0.000000e+00   -0.000000e+00   2.445675e+02   2.976622e-07   2.090041e-01
6.260000e+01   7.133132e+00   -0.000000e+00   -0.000000e+00   2.440621e+02   2.941696e-07   2.061249e-01
6.270000e+01   6.744338e+00   -0.000000e+00   -0.000000e+00   2.435591e+02   2.907084e-07   2.032798e-01
6.280000e+01   6.228268e+00   -0.000000e+00   -0.000000e+00   2.430586e+02   2.872784e-07   2.004686e-01
6.290000e+01   5.614911e+00   -0.000000e+00   -0.000000e+00   2.425607e+02   2.838793e-07   1.976909e-01
6.300000e+01   4.416347e+00   -0.000000e+00   -0.000000e+00   2.420656e+02   2.805109e-07   1.949464e-01
6.310000e+01   2.107588e+00   -0.000000e+00   -0.000000e+00   2.415732e+02   2.771730e-07   1.922348e-01
6.320000e+01   -5.949601e-01   -0.000000e+00   -0.000000e+00   2.410837e+02   2.738652e-07   1.895558e-01
6.330000e+01   -2.950886e+00   -0.000000e+00   -0.000000e+00   2.405971e+02   2.705874e-07   1.869090e-01
6.340000e+01   -4.219775e+00   -0.000000e+00   -0.000000e+00   2.401135e+02   2.673393e-07   1.842942e-01
6.350000e+01   -3.980905e+00   -0.000000e+00   -0.000000e+00   2.396327e+02   2.641211e-07   1.817111e-01
6.360000e+01   -2.826688e+00   -0.000000e+00   -0.000000e+00   2.391538e+02   2.609334e-07   1.791593e-01
6.370000e+01   -1.275309e+00   -0.000000e+00   -0.000000e+00   2.386763e+02   2.577768e-07   1.766386e-01
6.380000e+01   1.667224e-01   -0.000000e+00   -0.000000e+00   2.381993e+02   2.546519e-07   1.741485e-01
6.390000e+01   9.928965e-01   -0.000000e+00   -0.000000e+00   2.377222e+02   2.515592e-07   1.716889e-01
6.400000e+01   1.086027e+00   -0.000000e+00   -0.000000e+00   2.372441e+02   2.484991e-07   1.692593e-01
6.410000e+01   1.099301e+00   -0.000000e+00   -0.000000e+00   2.367643e+02   2.454723e-07   1.668595e-01
6.420000e+01   1.058225e+00   -0.000000e+00   -0.000000e+00   2.362822e+02   2.424790e-07   1.644892e-01
6.430000e+01   9.567883e-01   -0.000000e+00   -0.000000e+00   2.357969e+02   2.395197e-07   1.621480e-01
6.440000e+01   7.889767e-01   -0.000000e+00   -0.000000e+00   2.353078e+02   2.365947e-07   1.598356e-01
6.450000e+01   4.465089e-01   -0.000000e+00   -0.000000e+00   2.348140e+02   2.337045e-07   1.575518e-01
6.460000e+01   -2.799200e-01   -0.000000e+00   -0.000000e+00   2.343149e+02   2.308492e-07   1.552962e-01
6.470000e+01   -1.288967e+00   -0.000000e+00   -0.000000e+00   2.338098e+02   2.280292e-07   1.530684e-01
6.480000e+01   -2.464317e+00   -0.000000e+00   -0.000000e+00   2.332978e+02   2.252448e-07   1.508682e-01
6.490000e+01   -3.689654e+00   -0.000000e+00   -0.000000e+00   2.327783e+02   2.224961e-07   1.486953e-01
6.500000e+01   -4.929007e+00   -0.000000e+00   -0.000000e+00   2.322505e+02   2.197834e-07   1.465494e-01
6.510000e+01   -6.343044e+00   -0.000000e+00   -0.000000e+00   2.317137e+02   2.171067e-07   1.444300e-01
6.520000e+01   -7.920489e+00   -0.000000e+00   -0.000000e+00   2.311672e+02   2.144664e-07   1.423370e-01
6.530000e+01   -9.636679e+00   -0.000000e+00   -0.000000e+00   2.306102e+02   2.118625e-07   1.402700e-01
6.540000e+01   -1.146692e+01   -0.000000e+00   -0.000000e+00   2.300420e+02   2.092950e-07   1.382287e-01
6.550000e+01   -1.359469e+01   -0.000000e+00   -0.000000e+00   2.294629e+02   2.067631e-07   1.362128e-01
6.560000e+01   -1.642009e+01   -0.000000e+00   -0.000000e+00   2.288737e+02   2.042657e-07   1.342220e-01
6.570000e+01   -1.943497e+01   -0.000000e+00   -0.000000e+00   2.282751e+02   2.018015e-07   1.322560e-01
6.580000e+01   -2.206896e+01   -0.000000e+00   -0.000000e+00   2.276681e+02   1.993692e-07   1.303145e-01
6.590000e+01   -2.375167e+01   -0.000000e+00   -0.000000e+00   2.270533e+02   1.969678e-07   1.283972e-01
6.600000e+01   -2.428294e+01   -0.000000e+00   -0.000000e+00   2.264317e+02   1.945962e-07   1.265039e-01
6.610000e+01   -2.469717e+01   -0.000000e+00   -0.000000e+00   2.258039e+02   1.922531e-07   1.246342e-01
6.620000e+01   -2.510471e+01   -0.000000e+00   -0.000000e+00   2.251708e+02   1.899375e-07   1.227878e-01
6.630000e+01   -2.550458e+01   -0.000000e+00   -0.000000e+00   2.245333e+02   1.876483e-07   1.209645e-01
6.640000e+01   -2.589579e+01   -0.000000e+00   -0.000000e+00   2.238920e+02   1.853846e-07   1.191639e-01
6.650000e+01   -2.626584e+01   -0.000000e+00   -0.000000e+00   2.232479e+02   1.831453e-07   1.173858e-01
6.660000e+01   -2.657068e+01   -0.000000e+00   -0.000000e+00   2.226016e+02   1.809294e-07   1.156299e-01
6.670000e+01   -2.681388e+01   -0.000000e+00   -0.000000e+00   2.219541e+02   1.787360e-07   1.138958e-01
6.680000e+01   -2.700441e+01   -0.000000e+00   -0.000000e+00   2.213061e+02   1.765641e-07   1.121833e-01
6.690000e+01   -2.715125e+01   -0.000000e+00   -0.000000e+00   2.206585e+02   1.744128e-07   1.104921e-01
6.700000e+01   -2.719893e+01   -0.000000e+00   -0.000000e+00   2.200119e+02   1.722812e-07   1.088219e-01
6.710000e+01   -2.689279e+01   -0.000000e+00   -0.000000e+00   2.193673e+02   1.701683e-07   1.071724e-01
6.720000e+01   -2.628844e+01   -0.000000e+00   -0.000000e+00   2.187254e+02   1.680735e-07   1.055433e-01
6.730000e+01   -2.548189e+01   -0.000000e+00   -0.000000e+00   2.180871e+02   1.659957e-07   1.039344e-01
6.740000e+01   -2.456890e+01   -0.000000e+00   -0.000000e+00   2.174524e+02   1.639348e-07   1.023452e-01
6.750000e+01   -2.358014e+01   -0.000000e+00   -0.000000e+00   2.168209e+02   1.618910e-07   1.007758e-01
6.760000e+01   -2.227560e+01   -0.000000e+00   -0.000000e+00   2.161918e+02   1.598649e-07   9.922585e-02
6.770000e+01   -2.071485e+01   -0.000000e+00   -0.000000e+00   2.155644e+02   1.578570e-07   9.769519e-02
6.780000e+01   -1.900757e+01   -0.000000e+00   -0.000000e+00   2.149381e+02   1.558675e-07   9.618364e-02
6.790000e+01   -1.726346e+01   -0.000000e+00   -0.000000e+00   2.143121e+02   1.538968e-07   9.469100e-02
6.800000e+01   -1.546682e+01   -0.000000e+00   -0.000000e+00   2.136858e+02   1.519454e-07   9.321710e-02
6.810000e+01   -1.313018e+01   -0.000000e+00   -0.000000e+00   2.130584e+02   1.500136e-07   9.176174e-02
6.820000e+01   -1.063406e+01   -0.000000e+00   -0.000000e+00   2.124294e+02   1.481016e-07   9.032474e-02
6.830000e+01   -8.501513e+00   -0.000000e+00   -0.000000e+00   2.117980e+02   1.462098e-07   8.890590e-02
6.840000e+01   -7.255639e+00   -0.000000e+00   -0.000000e+00   2.111634e+02   1.443384e-07   8.750505e-02
6.850000e+01   -7.228975e+00   -0.000000e+00   -0.000000e+00   2.105251e+02   1.424878e-07   8.612198e-02
6.860000e+01   -7.444807e+00   -0.000000e+00   -0.000000e+00   2.098824e+02   1.406581e-07   8.475651e-02
6.870000e+01   -7.674278e+00   -0.000000e+00   -0.000000e+00   2.092345e+02   1.388496e-07   8.340846e-02
6.880000e+01   -7.912367e+00   -0.000000e+00   -0.000000e+00   2.085808e+02   1.370624e-07   8.207764e-02
6.890000e+01   -8.154050e+00   -0.000000e+00   -0.000000e+00   2.079205e+02   1.352967e-07   8.076385e-02
6.900000e+01   -8.491662e+00   -0.000000e+00   -0.000000e+00   2.072531e+02   1.335528e-07   7.946692e-02
6.910000e+01   -9.536335e+00   -0.000000e+00   -0.000000e+00   2.065777e+02   1.318308e-07   7.818664e-02
6.920000e+01   -1.101588e+01   -0.000000e+00   -0.000000e+00   2.058938e+02   1.301307e-07   7.692284e-02
6.930000e+01   -1.246952e+01   -0.000000e+00   -0.000000e+00   2.052016e+02   1.284521e-07   7.567536e-02
6.940000e+01   -1.343839e+01   -0.000000e+00   -0.000000e+00   2.045020e+02   1.267944e-07   7.444405e-02
6.950000e+01   -1.349124e+01   -0.000000e+00   -0.000000e+00   2.037958e+02   1.251568e-07   7.322878e-02
6.960000e+01   -1.267445e+01   -0.000000e+00   -0.000000e+00   2.030839e+02   1.235384e-07   7.202942e-02
6.970000e+01   -1.131070e+01   -0.000000e+00   -0.000000e+00   2.023672e+02   1.219388e-07   7.084581e-02
6.980000e+01   -9.706587e+00   -0.000000e+00   -0.000000e+00   2.016466e+02   1.203570e-07   6.967784e-02
6.990000e+01   -8.168670e+00   -0.000000e+00   -0.000000e+00   2.009229e+02   1.187926e-07   6.852534e-02
7.000000e+01   -6.947957e+00   -0.000000e+00   -0.000000e+00   2.001971e+02   1.172448e-07   6.738820e-02
7.010000e+01   -5.704206e+00   -0.000000e+00   -0.000000e+00   1.994701e+02   1.157131e-07   6.626627e-02
7.020000e+01   -4.453581e+00   -0.000000e+00   -0.000000e+00   1.987426e+02   1.141968e-07   6.515941e-02
7.030000e+01   -3.369092e+00   -0.000000e+00   -0.000000e+00   1.980157e+02   1.126953e-07   6.406749e-02
7.040000e+01   -2.623747e+00   -0.000000e+00   -0.000000e+00   1.972901e+02   1.112081e-07   6.299036e-02
7.050000e+01   -2.365102e+00   -0.000000e+00   -0.000000e+00   1.965669e+02   1.097346e-07   6.192789e-02
7.060000e+01   -2.374595e+00   -0.000000e+00   -0.000000e+00   1.958467e+02   1.082743e-07   6.087995e-02
7.070000e+01   -2.533868e+00   -0.000000e+00   -0.000000e+00   1.951306e+02   1.068268e-07   5.984638e-02
7.080000e+01   -2.811218e+00   -0.000000e+00   -0.000000e+00   1.944195e+02   1.053914e-07   5.882706e-02
7.090000e+01   -3.174945e+00   -0.000000e+00   -0.000000e+00   1.937141e+02   1.039677e-07   5.782184e-02
7.100000e+01   -3.603544e+00   -0.000000e+00   -0.000000e+00   1.930155e+02   1.025552e-07   5.683060e-02
7.110000e+01   -4.232220e+00   -0.000000e+00   -0.000000e+00   1.923242e+02   1.011537e-07   5.585318e-02
7.120000e+01   -5.102657e+00   -0.000000e+00   -0.000000e+00   1.916402e+02   9.976310e-08   5.488944e-02
7.130000e+01   -6.202019e+00   -0.000000e+00   -0.000000e+00   1.909631e+02   9.838366e-08   5.393924e-02
7.140000e+01   -7.517474e+00   -0.000000e+00   -0.000000e+00   1.902926e+02   9.701555e-08   5.300241e-02
7.150000e+01   -9.107613e+00   -0.000000e+00   -0.000000e+00   1.896283e+02   9.565892e-08   5.207881e-02
7.160000e+01   -1.208631e+01   -0.000000e+00   -0.000000e+00   1.889700e+02   9.431391e-08   5.116829e-02
7.170000e+01   -1.605977e+01   -0.000000e+00   -0.000000e+00   1.883171e+02   9.298069e-08   5.027070e-02
7.180000e+01   -2.000331e+01   -0.000000e+00   -0.000000e+00   1.876695e+02   9.165937e-08   4.938589e-02
7.190000e+01   -2.289230e+01   -0.000000e+00   -0.000000e+00   1.870267e+02   9.035007e-08   4.851370e-02
7.200000e+01   -2.377470e+01   -0.000000e+00   -0.000000e+00   1.863884e+02   8.905291e-08   4.765399e-02
7.210000e+01   -2.372036e+01   -0.000000e+00   -0.000000e+00   1.857542e+02   8.776799e-08   4.680661e-02
7.220000e+01   -2.349555e+01   -0.000000e+00   -0.000000e+00   1.851239e+02   8.649540e-08   4.597140e-02
7.230000e+01   -2.319162e+01   -0.000000e+00   -0.000000e+00   1.844970e+02   8.523523e-08   4.514822e-02
7.240000e+01   -2.289995e+01   -0.000000e+00   -0.000000e+00   1.838732e+02   8.398753e-08   4.433692e-02
7.250000e+01   -2.270837e+01   -0.000000e+00   -0.000000e+00   1.832521e+02   8.275239e-08   4.353734e-02
7.260000e+01   -2.257069e+01   -0.000000e+00   -0.000000e+00   1.826335e+02   8.152984e-08   4.274934e-02
7.270000e+01   -2.244273e+01   -0.000000e+00   -0.000000e+00   1.820170e+02   8.031992e-08   4.197276e-02
7.280000e+01   -2.232717e+01   -0.000000e+00   -0.000000e+00   1.814021e+02   7.912269e-08   4.120745e-02
7.290000e+01   -2.222672e+01   -0.000000e+00   -0.000000e+00   1.807887e+02   7.793815e-08   4.045327e-02
7.300000e+01   -2.214336e+01   -0.000000e+00   -0.000000e+00   1.801762e+02   7.676632e-08   3.971006e-02
7.310000e+01   -2.204781e+01   -0.000000e+00   -0.000000e+00   1.795646e+02   7.560721e-08   3.897770e-02
7.320000e+01   -2.194439e+01   -0.000000e+00   -0.000000e+00   1.789535e+02   7.446084e-08   3.825607e-02
7.330000e+01   -2.186109e+01   -0.000000e+00   -0.000000e+00   1.783427e+02   7.332720e-08   3.754506e-02
7.340000e+01   -2.182587e+01   -0.000000e+00   -0.000000e+00   1.777321e+02   7.220631e-08   3.684457e-02
7.350000e+01   -2.187084e+01   -0.000000e+00   -0.000000e+00   1.771215e+02   7.109816e-08   3.615447e-02
7.360000e+01   -2.225324e+01   -0.000000e+00   -0.000000e+00   1.765106e+02   7.000273e-08   3.547465e-02
7.370000e+01   -2.295022e+01   -0.000000e+00   -0.000000e+00   1.758993e+02   6.892002e-08   3.480501e-02
7.380000e+01   -2.373353e+01   -0.000000e+00   -0.000000e+00   1.752873e+02   6.785000e-08   3.414543e-02
7.390000e+01   -2.437491e+01   -0.000000e+00   -0.000000e+00   1.746744e+02   6.679266e-08   3.349580e-02
7.400000e+01   -2.464554e+01   -0.000000e+00   -0.000000e+00   1.740605e+02   6.574795e-08   3.285601e-02
7.410000e+01   -2.435494e+01   -0.000000e+00   -0.000000e+00   1.734454e+02   6.471585e-08   3.222595e-02
7.420000e+01   -2.367080e+01   -0.000000e+00   -0.000000e+00   1.728288e+02   6.369631e-08   3.160550e-02
7.430000e+01   -2.287416e+01   -0.000000e+00   -0.000000e+00   1.722105e+02   6.268930e-08   3.099455e-02
7.440000e+01   -2.224603e+01   -0.000000e+00   -0.000000e+00   1.715903e+02   6.169476e-08   3.039299e-02
7.450000e+01   -2.206972e+01   -0.000000e+00   -0.000000e+00   1.709681e+02   6.071265e-08   2.980071e-02
7.460000e+01   -2.301823e+01   -0.000000e+00   -0.000000e+00   1.703436e+02   5.974290e-08   2.921760e-02
7.470000e+01   -2.498515e+01   -0.000000e+00   -0.000000e+00   1.697167e+02   5.878545e-08   2.864354e-02
7.480000e+01   -2.727526e+01   -0.000000e+00   -0.000000e+00   1.690871e+02   5.784024e-08   2.807843e-02
7.490000e+01   -2.919335e+01   -0.000000e+00   -0.000000e+00   1.684546e+02   5.690719e-08   2.752214e-02
7.500000e+01   -3.004426e+01   -0.000000e+00   -0.000000e+00   1.678190e+02   5.598623e-08   2.697458e-02
7.510000e+01   -2.942186e+01   -0.000000e+00   -0.000000e+00   1.671801e+02   5.507728e-08   2.643562e-02
7.520000e+01   -2.773854e+01   -0.000000e+00   -0.000000e+00   1.665379e+02   5.418024e-08   2.590516e-02
7.530000e+01   -2.553859e+01   -0.000000e+00   -0.000000e+00   1.658925e+02   5.329491e-08   2.538311e-02
7.540000e+01   -2.336566e+01   -0.000000e+00   -0.000000e+00   1.652444e+02   5.242106e-08   2.486938e-02
7.550000e+01   -2.176344e+01   -0.000000e+00   -0.000000e+00   1.645941e+02   5.155845e-08   2.436388e-02
7.560000e+01   -2.056322e+01   -0.000000e+00   -0.000000e+00   1.639421e+02   5.070686e-08   2.386654e-02
7.570000e+01   -1.935675e+01   -0.000000e+00   -0.000000e+00   1.632887e+02   4.986609e-08   2.337727e-02
7.580000e+01   -1.832830e+01   -0.000000e+00   -0.000000e+00   1.626345e+02   4.903591e-08   2.289599e-02
7.590000e+01   -1.766217e+01   -0.000000e+00   -0.000000e+00   1.619800e+02   4.821613e-08   2.242260e-02
7.600000e+01   -1.754265e+01   -0.000000e+00   -0.000000e+00   1.613255e+02   4.740655e-08   2.195703e-02
7.610000e+01   -1.790108e+01   -0.000000e+00   -0.000000e+00   1.606715e+02   4.660698e-08   2.149919e-02
7.620000e+01   -1.848471e+01   -0.000000e+00   -0.000000e+00   1.600185e+02   4.581725e-08   2.104900e-02
7.630000e+01   -1.924655e+01   -0.000000e+00   -0.000000e+00   1.593669e+02   4.503716e-08   2.060637e-02
7.640000e+01   -2.013988e+01   -0.000000e+00   -0.000000e+00   1.587173e+02   4.426655e-08   2.017122e-02
7.650000e+01   -2.111798e+01   -0.000000e+00   -0.000000e+00   1.580700e+02   4.350525e-08   1.974347e-02
7.660000e+01   -2.275545e+01   -0.000000e+00   -0.000000e+00   1.574255e+02   4.275310e-08   1.932302e-02
7.670000e+01   -2.538314e+01   -0.000000e+00   -0.000000e+00   1.567842e+02   4.200995e-08   1.890980e-02
7.680000e+01   -2.827669e+01   -0.000000e+00   -0.000000e+00   1.561467e+02   4.127563e-08   1.850372e-02
7.690000e+01   -3.070810e+01   -0.000000e+00   -0.000000e+00   1.555134e+02   4.055001e-08   1.810470e-02
7.700000e+01   -3.194932e+01   -0.000000e+00   -0.000000e+00   1.548848e+02   3.983294e-08   1.771264e-02
7.710000e+01   -3.189047e+01   -0.000000e+00   -0.000000e+00   1.542612e+02   3.912429e-08   1.732748e-02
7.720000e+01   -3.127960e+01   -0.000000e+00   -0.000000e+00   1.536431e+02   3.842392e-08   1.694912e-02
7.730000e+01   -3.035144e+01   -0.000000e+00   -0.000000e+00   1.530311e+02   3.773170e-08   1.657748e-02
7.740000e+01   -2.933466e+01   -0.000000e+00   -0.000000e+00   1.524256e+02   3.704752e-08   1.621248e-02
7.750000e+01   -2.845794e+01   -0.000000e+00   -0.000000e+00   1.518270e+02   3.637125e-08   1.585402e-02
7.760000e+01   -2.769227e+01   -0.000000e+00   -0.000000e+00   1.512357e+02   3.570277e-08   1.550203e-02
7.770000e+01   -2.680635e+01   -0.000000e+00   -0.000000e+00   1.506523e+02   3.504198e-08   1.515643e-02
7.780000e+01   -2.595830e+01   -0.000000e+00   -0.000000e+00   1.500772e+02   3.438878e-08   1.481712e-02
7.790000e+01   -2.531411e+01   -0.000000e+00   -0.000000e+00   1.495100e+02   3.374324e-08   1.448403e-02
7.800000e+01   -2.504157e+01   -0.000000e+00   -0.000000e+00   1.489496e+02   3.310561e-08   1.415707e-02
7.810000e+01   -2.528488e+01   -0.000000e+00   -0.000000e+00   1.483952e+02   3.247609e-08   1.383617e-02
7.820000e+01   -2.595220e+01   -0.000000e+00   -0.000000e+00   1.478456e+02   3.185490e-08   1.352125e-02
7.830000e+01   -2.682629e+01   -0.000000e+00   -0.000000e+00   1.472998e+02   3.124221e-08   1.321223e-02
7.840000e+01   -2.768907e+01   -0.000000e+00   -0.000000e+00   1.467567e+02   3.063821e-08   1.290904e-02
7.850000e+01   -2.832245e+01   -0.000000e+00   -0.000000e+00   1.462154e+02   3.004305e-08   1.261158e-02
7.860000e+01   -2.868304e+01   -0.000000e+00   -0.000000e+00   1.456748e+02   2.945687e-08   1.231979e-02
7.870000e+01   -2.901847e+01   -0.000000e+00   -0.000000e+00   1.451338e+02   2.887979e-08   1.203358e-02
7.880000e+01   -2.931557e+01   -0.000000e+00   -0.000000e+00   1.445914e+02   2.831193e-08   1.175288e-02
7.890000e+01   -2.955152e+01   -0.000000e+00   -0.000000e+00   1.440466e+02   2.775337e-08   1.147760e-02
7.900000e+01   -2.970353e+01   -0.000000e+00   -0.000000e+00   1.434983e+02   2.720421e-08   1.120767e-02
7.910000e+01   -2.942729e+01   -0.000000e+00   -0.000000e+00   1.429456e+02   2.666452e-08   1.094301e-02
7.920000e+01   -2.823766e+01   -0.000000e+00   -0.000000e+00   1.423873e+02   2.613434e-08   1.068354e-02
7.930000e+01   -2.661612e+01   -0.000000e+00   -0.000000e+00   1.418224e+02   2.561372e-08   1.042918e-02
7.940000e+01   -2.507881e+01   -0.000000e+00   -0.000000e+00   1.412500e+02   2.510270e-08   1.017985e-02
7.950000e+01   -2.414188e+01   -0.000000e+00   -0.000000e+00   1.406689e+02   2.460130e-08   9.935470e-03
7.960000e+01   -2.397212e+01   -0.000000e+00   -0.000000e+00   1.400781e+02   2.410952e-08   9.695966e-03
7.970000e+01   -2.392619e+01   -0.000000e+00   -0.000000e+00   1.394766e+02   2.362736e-08   9.461257e-03
7.980000e+01   -2.396926e+01   -0.000000e+00   -0.000000e+00   1.388633e+02   2.315480e-08   9.231263e-03
7.990000e+01   -2.410660e+01   -0.000000e+00   -0.000000e+00   1.382373e+02   2.269184e-08   9.005906e-03
8.000000e+01   -2.433911e+01   -0.000000e+00   -0.000000e+00   1.375995e+02   2.223811e-08   8.785111e-03
8.010000e+01   -2.464569e+01   -0.000000e+00   -0.000000e+00   1.369542e+02   2.179280e-08   8.568813e-03
8.020000e+01   -2.497580e+01   -0.000000e+00   -0.000000e+00   1.363058e+02   2.135506e-08   8.356948e-03
8.030000e+01   -2.531818e+01   -0.000000e+00   -0.000000e+00   1.356590e+02   2.092412e-08   8.149449e-03
8.040000e+01   -2.566426e+01   -0.000000e+00   -0.000000e+00   1.350183e+02   2.049922e-08   7.946253e-03
8.050000e+01   -2.600547e+01   -0.000000e+00   -0.000000e+00   1.343883e+02   2.007966e-08   7.747293e-03
8.060000e+01   -2.671985e+01   -0.000000e+00   -0.000000e+00   1.337734e+02   1.966477e-08   7.552506e-03
8.070000e+01   -2.873293e+01   -0.000000e+00   -0.000000e+00   1.331783e+02   1.925395e-08   7.361826e-03
8.080000e+01   -3.144926e+01   -0.000000e+00   -0.000000e+00   1.326074e+02   1.884661e-08   7.175188e-03
8.090000e+01   -3.416384e+01   -0.000000e+00   -0.000000e+00   1.320654e+02   1.844221e-08   6.992527e-03
8.100000e+01   -3.617169e+01   -0.000000e+00   -0.000000e+00   1.315567e+02   1.804025e-08   6.813779e-03
8.110000e+01   -3.710868e+01   -0.000000e+00   -0.000000e+00   1.310860e+02   1.764030e-08   6.638878e-03
8.120000e+01   -3.780176e+01   -0.000000e+00   -0.000000e+00   1.306576e+02   1.724197e-08   6.467759e-03
8.130000e+01   -3.829539e+01   -0.000000e+00   -0.000000e+00   1.302726e+02   1.684535e-08   6.300364e-03
8.140000e+01   -3.853760e+01   -0.000000e+00   -0.000000e+00   1.299293e+02   1.645095e-08   6.136636e-03
8.150000e+01   -3.847654e+01   -0.000000e+00   -0.000000e+00   1.296255e+02   1.605927e-08   5.976523e-03
8.160000e+01   -3.775927e+01   -0.000000e+00   -0.000000e+00   1.293592e+02   1.567079e-08   5.819969e-03
8.170000e+01   -3.547857e+01   -0.000000e+00   -0.000000e+00   1.291286e+02   1.528594e-08   5.666919e-03
8.180000e+01   -3.232118e+01   -0.000000e+00   -0.000000e+00   1.289315e+02   1.490516e-08   5.517320e-03
8.190000e+01   -2.913154e+01   -0.000000e+00   -0.000000e+00   1.287660e+02   1.452885e-08   5.371117e-03
8.200000e+01   -2.675410e+01   -0.000000e+00   -0.000000e+00   1.286300e+02   1.415736e-08   5.228254e-03
8.210000e+01   -2.569409e+01   -0.000000e+00   -0.000000e+00   1.285215e+02   1.379103e-08   5.088678e-03
8.220000e+01   -2.486080e+01   -0.000000e+00   -0.000000e+00   1.284386e+02   1.343019e-08   4.952334e-03
8.230000e+01   -2.404774e+01   -0.000000e+00   -0.000000e+00   1.283792e+02   1.307510e-08   4.819168e-03
8.240000e+01   -2.321924e+01   -0.000000e+00   -0.000000e+00   1.283413e+02   1.272603e-08   4.689125e-03
8.250000e+01   -2.233965e+01   -0.000000e+00   -0.000000e+00   1.283230e+02   1.238320e-08   4.562150e-03
8.260000e+01   -2.150424e+01   -0.000000e+00   -0.000000e+00   1.283221e+02   1.204680e-08   4.438189e-03
8.270000e+01   -2.120659e+01   -0.000000e+00   -0.000000e+00   1.283368e+02   1.171702e-08   4.317187e-03
8.280000e+01   -2.111693e+01   -0.000000e+00   -0.000000e+00   1.283650e+02   1.139400e-08   4.199090e-03
8.290000e+01   -2.079037e+01   -0.000000e+00   -0.000000e+00   1.284046e+02   1.107787e-08   4.083844e-03
8.300000e+01   -1.978203e+01   -0.000000e+00   -0.000000e+00   1.284538e+02   1.076871e-08   3.971393e-03
8.310000e+01   -1.773145e+01   -0.000000e+00   -0.000000e+00   1.285106e+02   1.046661e-08   3.861687e-03
8.320000e+01   -1.492553e+01   -0.000000e+00   -0.000000e+00   1.285737e+02   1.017159e-08   3.754686e-03
8.330000e+01   -1.162087e+01   -0.000000e+00   -0.000000e+00   1.286421e+02   9.883692e-09   3.650352e-03
8.340000e+01   -8.020668e+00   -0.000000e+00   -0.000000e+00   1.287146e+02   9.602908e-09   3.548647e-03
8.350000e+01   -4.328085e+00   -0.000000e+00   -0.000000e+00   1.287899e+02   9.329241e-09   3.449535e-03
8.360000e+01   -7.032478e-01   -0.000000e+00   -0.000000e+00   1.288670e+02   9.062674e-09   3.352977e-03
8.370000e+01   3.005687e+00   -0.000000e+00   -0.000000e+00   1.289447e+02   8.803185e-09   3.258935e-03
8.380000e+01   6.808379e+00   -0.000000e+00   -0.000000e+00   1.290218e+02   8.550739e-09   3.167373e-03
8.390000e+01   1.066606e+01   -0.000000e+00   -0.000000e+00   1.290972e+02   8.305294e-09   3.078253e-03
8.400000e+01   1.453995e+01   -0.000000e+00   -0.000000e+00   1.291698e+02   8.066797e-09   2.991537e-03
8.410000e+01   1.844991e+01   -0.000000e+00   -0.000000e+00   1.292383e+02   7.835191e-09   2.907187e-03
8.420000e+01   2.270290e+01   -0.000000e+00   -0.000000e+00   1.293016e+02   7.610409e-09   2.825167e-03
8.430000e+01   2.702922e+01   -0.000000e+00   -0.000000e+00   1.293585e+02   7.392380e-09   2.745438e-03
8.440000e+01   3.104020e+01   -0.000000e+00   -0.000000e+00   1.294079e+02   7.181025e-09   2.667962e-03
8.450000e+01   3.434716e+01   -0.000000e+00   -0.000000e+00   1.294487e+02   6.976261e-09   2.592703e-03
8.460000e+01   3.664962e+01   -0.000000e+00   -0.000000e+00   1.294797e+02   6.778001e-09   2.519623e-03
8.470000e+01   3.848046e+01   -0.000000e+00   -0.000000e+00   1.294996e+02   6.586153e-09   2.448684e-03
8.480000e+01   3.995394e+01   -0.000000e+00   -0.000000e+00   1.295075e+02   6.400618e-09   2.379848e-03
8.490000e+01   4.102054e+01   -0.000000e+00   -0.000000e+00   1.295038e+02   6.221203e-09   2.313074e-03
8.500000e+01   4.165260e+01   -0.000000e+00   -0.000000e+00   1.294917e+02   6.047592e-09   2.248312e-03
8.510000e+01   4.181734e+01   -0.000000e+00   -0.000000e+00   1.294742e+02   5.879473e-09   2.185516e-03
8.520000e+01   4.147515e+01   -0.000000e+00   -0.000000e+00   1.294545e+02   5.716558e-09   2.124634e-03
8.530000e+01   4.076119e+01   -0.000000e+00   -0.000000e+00   1.294359e+02   5.558573e-09   2.065620e-03
8.540000e+01   3.984394e+01   -0.000000e+00   -0.000000e+00   1.294216e+02   5.405257e-09   2.008424e-03
8.550000e+01   3.889190e+01   -0.000000e+00   -0.000000e+00   1.294147e+02   5.256368e-09   1.952997e-03
8.560000e+01   3.808136e+01   -0.000000e+00   -0.000000e+00   1.294184e+02   5.111675e-09   1.899291e-03
8.570000e+01   3.757080e+01   -0.000000e+00   -0.000000e+00   1.294359e+02   4.970958e-09   1.847257e-03
8.580000e+01   3.721123e+01   -0.000000e+00   -0.000000e+00   1.294705e+02   4.834012e-09   1.796846e-03
8.590000e+01   3.679447e+01   -0.000000e+00   -0.000000e+00   1.295253e+02   4.700640e-09   1.748010e-03
8.600000e+01   3.611236e+01   -0.000000e+00   -0.000000e+00   1.296035e+02   4.570655e-09   1.700699e-03
8.610000e+01   3.498260e+01   -0.000000e+00   -0.000000e+00   1.297082e+02   4.443883e-09   1.654865e-03
8.620000e+01   3.366988e+01   -0.000000e+00   -0.000000e+00   1.298428e+02   4.320157e-09   1.610459e-03
8.630000e+01   3.231800e+01   -0.000000e+00   -0.000000e+00   1.300103e+02   4.199317e-09   1.567432e-03
8.640000e+01   3.094872e+01   -0.000000e+00   -0.000000e+00   1.302140e+02   4.081215e-09   1.525737e-03
8.650000e+01   2.958380e+01   -0.000000e+00   -0.000000e+00   1.304571e+02   3.965709e-09   1.485323e-03
8.660000e+01   2.826388e+01   -0.000000e+00   -0.000000e+00   1.307426e+02   3.852665e-09   1.446142e-03
8.670000e+01   2.733233e+01   -0.000000e+00   -0.000000e+00   1.310720e+02   3.742030e-09   1.408152e-03
8.680000e+01   2.678962e+01   -0.000000e+00   -0.000000e+00   1.314434e+02   3.633863e-09   1.371322e-03
8.690000e+01   2.647700e+01   -0.000000e+00   -0.000000e+00   1.318546e+02   3.528222e-09   1.335622e-03
8.700000e+01   2.623577e+01   -0.000000e+00   -0.000000e+00   1.323036e+02   3.425153e-09   1.301020e-03
8.710000e+01   2.592415e+01   -0.000000e+00   -0.000000e+00   1.327882e+02   3.324691e-09   1.267486e-03
8.720000e+01   2.579425e+01   -0.000000e+00   -0.000000e+00   1.333065e+02   3.226858e-09   1.234990e-03
8.730000e+01   2.582669e+01   -0.000000e+00   -0.000000e+00   1.338562e+02   3.131669e-09   1.203502e-03
8.740000e+01   2.581418e+01   -0.000000e+00   -0.000000e+00   1.344353e+02   3.039125e-09   1.172990e-03
8.750000e+01   2.554943e+01   -0.000000e+00   -0.000000e+00   1.350417e+02   2.949220e-09   1.143425e-03
8.760000e+01   2.483427e+01   -0.000000e+00   -0.000000e+00   1.356733e+02   2.861939e-09   1.114775e-03
8.770000e+01   2.382270e+01   -0.000000e+00   -0.000000e+00   1.363280e+02   2.777260e-09   1.087011e-03
8.780000e+01   2.267629e+01   -0.000000e+00   -0.000000e+00   1.370037e+02   2.695150e-09   1.060102e-03
8.790000e+01   2.143700e+01   -0.000000e+00   -0.000000e+00   1.376983e+02   2.615573e-09   1.034017e-03
8.800000e+01   2.014684e+01   -0.000000e+00   -0.000000e+00   1.384097e+02   2.538485e-09   1.008727e-03
8.810000e+01   1.882963e+01   -0.000000e+00   -0.000000e+00   1.391358e+02   2.463836e-09   9.841994e-04
8.820000e+01   1.680221e+01   -0.000000e+00   -0.000000e+00   1.398746e+02   2.391572e-09   9.604052e-04
8.830000e+01   1.407910e+01   -0.000000e+00   -0.000000e+00   1.406238e+02   2.321634e-09   9.373135e-04
8.840000e+01   1.118413e+01   -0.000000e+00   -0.000000e+00   1.413814e+02   2.253959e-09   9.148939e-04
8.850000e+01   8.641117e+00   -0.000000e+00   -0.000000e+00   1.421454e+02   2.188480e-09   8.931158e-04
8.860000e+01   6.964894e+00   -0.000000e+00   -0.000000e+00   1.429137e+02   2.125128e-09   8.719494e-04
8.870000e+01   5.941465e+00   -0.000000e+00   -0.000000e+00   1.436858e+02   2.063831e-09   8.513740e-04
8.880000e+01   5.184341e+00   -0.000000e+00   -0.000000e+00   1.444627e+02   2.004515e-09   8.313758e-04
8.890000e+01   4.597913e+00   -0.000000e+00   -0.000000e+00   1.452450e+02   1.947113e-09   8.119412e-04
8.900000e+01   4.086575e+00   -0.000000e+00   -0.000000e+00   1.460335e+02   1.891557e-09   7.930568e-04
8.910000e+01   3.556089e+00   -0.000000e+00   -0.000000e+00   1.468290e+02   1.837783e-09   7.747088e-04
8.920000e+01   3.075908e+00   -0.000000e+00   -0.000000e+00   1.476324e+02   1.785727e-09   7.568839e-04
8.930000e+01   2.676822e+00   -0.000000e+00   -0.000000e+00   1.484444e+02   1.735330e-09   7.395683e-04
8.940000e+01   2.281245e+00   -0.000000e+00   -0.000000e+00   1.492658e+02   1.686532e-09   7.227485e-04
8.950000e+01   1.811590e+00   -0.000000e+00   -0.000000e+00   1.500974e+02   1.639275e-09   7.064110e-04
8.960000e+01   1.187521e+00   -0.000000e+00   -0.000000e+00   1.509401e+02   1.593505e-09   6.905422e-04
8.970000e+01   -2.183295e-01   -0.000000e+00   -0.000000e+00   1.517945e+02   1.549167e-09   6.751285e-04
8.980000e+01   -2.364417e+00   -0.000000e+00   -0.000000e+00   1.526614e+02   1.506209e-09   6.601564e-04
8.990000e+01   -4.558386e+00   -0.000000e+00   -0.000000e+00   1.535418e+02   1.464579e-09   6.456123e-04
9.000000e+01   -6.107882e+00   -0.000000e+00   -0.000000e+00   1.544363e+02   1.424228e-09   6.314827e-04
9.010000e+01   -6.321537e+00   -0.000000e+00   -0.000000e+00   1.553459e+02   1.385107e-09   6.177539e-04
9.020000e+01   -5.585851e+00   -0.000000e+00   -0.000000e+00   1.562711e+02   1.347170e-09   6.044124e-04
9.030000e+01   -4.668770e+00   -0.000000e+00   -0.000000e+00   1.572129e+02   1.310369e-09   5.914446e-04
9.040000e+01   -3.623848e+00   -0.000000e+00   -0.000000e+00   1.581721e+02   1.274660e-09   5.788371e-04
9.050000e+01   -2.504640e+00   -0.000000e+00   -0.000000e+00   1.591493e+02   1.239998e-09   5.665761e-04
9.060000e+01   -1.364697e+00   -0.000000e+00   -0.000000e+00   1.601456e+02   1.206342e-09   5.546482e-04
9.070000e+01   1.902852e-02   -0.000000e+00   -0.000000e+00   1.611615e+02   1.173648e-09   5.430398e-04
9.080000e+01   1.715988e+00   -0.000000e+00   -0.000000e+00   1.621979e+02   1.141878e-09   5.317373e-04
9.090000e+01   3.443722e+00   -0.000000e+00   -0.000000e+00   1.632546e+02   1.111003e-09   5.207303e-04
9.100000e+01   4.921610e+00   0.000000e+00   0.000000e+00   1.643300e+02   1.081013e-09   5.100117e-04
9.110000e+01   5.869139e+00   0.000000e+00   0.000000e+00   1.654227e+02   1.051896e-09   4.995745e-04
9.120000e+01   5.712345e+00   0.000000e+00   0.000000e+00   1.665311e+02   1.023639e-09   4.894120e-04
9.130000e+01   4.441534e+00   0.000000e+00   0.000000e+00   1.676538e+02   9.962276e-10   4.795173e-04
9.140000e+01   2.714344e+00   0.000000e+00   0.000000e+00   1.687891e+02   9.696465e-10   4.698835e-04
9.150000e+01   1.188934e+00   0.000000e+00   0.000000e+00   1.699356e+02   9.438794e-10   4.605038e-04
9.160000e+01   5.234624e-01   0.000000e+00   0.000000e+00   1.710917e+02   9.189093e-10   4.513712e-04
9.170000e+01   6.661017e-01   0.000000e+00   0.000000e+00   1.722559e+02   8.947184e-10   4.424791e-04
9.180000e+01   9.027042e-01   0.000000e+00   0.000000e+00   1.734266e+02   8.712882e-10   4.338204e-04
9.190000e+01   1.156615e+00   0.000000e+00   0.000000e+00   1.746024e+02   8.485998e-10   4.253883e-04
9.200000e+01   1.354258e+00   0.000000e+00   0.000000e+00   1.757817e+02   8.266340e-10   4.171760e-04
9.210000e+01   1.422058e+00   0.000000e+00   0.000000e+00   1.769630e+02   8.053709e-10   4.091766e-04
9.220000e+01   1.122514e+00   0.000000e+00   0.000000e+00   1.781447e+02   7.847907e-10   4.013832e-04
9.230000e+01   2.972698e-01   0.000000e+00   0.000000e+00   1.793254e+02   7.648732e-10   3.937891e-04
9.240000e+01   -8.736949e-01   0.000000e+00   0.000000e+00   1.805035e+02   7.455982e-10   3.863873e-04
9.250000e+01   -2.207951e+00   0.000000e+00   0.000000e+00   1.816774e+02   7.269452e-10   3.791709e-04
9.260000e+01   -3.523068e+00   0.000000e+00   0.000000e+00   1.828457e+02   7.088938e-10   3.721332e-04
9.270000e+01   -4.817046e+00   0.000000e+00   0.000000e+00   1.840069e+02   6.914238e-10   3.652672e-04
9.280000e+01   -6.263765e+00   0.000000e+00   0.000000e+00   1.851593e+02   6.745147e-10   3.585661e-04
9.290000e+01   -7.789066e+00   0.000000e+00   0.000000e+00   1.863014e+02   6.581465e-10   3.520231e-04
9.300000e+01   -9.314827e+00   0.000000e+00   0.000000e+00   1.874318e+02   6.422989e-10   3.456312e-04
9.310000e+01   -1.076293e+01   0.000000e+00   0.000000e+00   1.885490e+02   6.269522e-10   3.393836e-04
9.320000e+01   -1.223036e+01   0.000000e+00   0.000000e+00   1.896512e+02   6.120865e-10   3.332735e-04
9.330000e+01   -1.387309e+01   0.000000e+00   0.000000e+00   1.907372e+02   5.976823e-10   3.272941e-04
9.340000e+01   -1.546322e+01   0.000000e+00   0.000000e+00   1.918054e+02   5.837202e-10   3.214386e-04
9.350000e+01   -1.676326e+01   0.000000e+00   0.000000e+00   1.928560e+02   5.701820e-10   3.157033e-04
9.360000e+01   -1.753449e+01   0.000000e+00   0.000000e+00   1.938902e+02   5.570500e-10   3.100861e-04
9.370000e+01   -1.738427e+01   0.000000e+00   0.000000e+00   1.949089e+02   5.443079e-10   3.045851e-04
9.380000e+01   -1.616489e+01   0.000000e+00   0.000000e+00   1.959133e+02   5.319399e-10   2.991981e-04
9.390000e+01   -1.437940e+01   0.000000e+00   0.000000e+00   1.969045e+02   5.199311e-10   2.939232e-04
9.400000e+01   -1.254556e+01   0.000000e+00   0.000000e+00   1.978837e+02   5.082673e-10   2.887583e-04
9.410000e+01   -1.118110e+01   0.000000e+00   0.000000e+00   1.988518e+02   4.969350e-10   2.837014e-04
9.420000e+01   -1.053585e+01   0.000000e+00   0.000000e+00   1.998101e+02   4.859211e-10   2.787505e-04
9.430000e+01   -1.016782e+01   0.000000e+00   0.000000e+00   2.007596e+02   4.752135e-10   2.739035e-04
9.440000e+01   -9.920618e+00   0.000000e+00   0.000000e+00   2.017015e+02   4.648003e-10   2.691583e-04
9.450000e+01   -9.656717e+00   0.000000e+00   0.000000e+00   2.026367e+02   4.546703e-10   2.645130e-04
9.460000e+01   -9.238591e+00   0.000000e+00   0.000000e+00   2.035665e+02   4.448127e-10   2.599656e-04
9.470000e+01   -8.546985e+00   0.000000e+00   0.000000e+00   2.044919e+02   4.352172e-10   2.555139e-04
9.480000e+01   -7.583925e+00   0.000000e+00   0.000000e+00   2.054141e+02   4.258739e-10   2.511560e-04
9.490000e+01   -6.396417e+00   0.000000e+00   0.000000e+00   2.063341e+02   4.167732e-10   2.468898e-04
9.500000e+01   -5.031236e+00   0.000000e+00   0.000000e+00   2.072530e+02   4.079062e-10   2.427133e-04
9.510000e+01   -3.535156e+00   0.000000e+00   0.000000e+00   2.081720e+02   3.992641e-10   2.386245e-04
9.520000e+01   -1.869004e+00   0.000000e+00   0.000000e+00   2.090922e+02   3.908384e-10   2.346213e-04
9.530000e+01   1.378518e-01   0.000000e+00   0.000000e+00   2.100146e+02   3.826211e-10   2.307017e-04
9.540000e+01   2.389639e+00   0.000000e+00   0.000000e+00   2.109403e+02   3.746044e-10   2.268636e-04
9.550000e+01   4.773812e+00   0.000000e+00   0.000000e+00   2.118706e+02   3.667808e-10   2.231052e-04
9.560000e+01   7.177828e+00   0.000000e+00   0.000000e+00   2.128064e+02   3.591431e-10   2.194242e-04
9.570000e+01   9.789931e+00   0.000000e+00   0.000000e+00   2.137488e+02   3.516842e-10   2.158186e-04
9.580000e+01   1.316903e+01   0.000000e+00   0.000000e+00   2.146991e+02   3.443975e-10   2.122865e-04
9.590000e+01   1.662881e+01   0.000000e+00   0.000000e+00   2.156582e+02   3.372764e-10   2.088259e-04
9.600000e+01   1.939551e+01   0.000000e+00   0.000000e+00   2.166272e+02   3.303148e-10   2.054345e-04
9.610000e+01   2.069537e+01   0.000000e+00   0.000000e+00   2.176074e+02   3.235065e-10   2.021106e-04
9.620000e+01   2.020912e+01   0.000000e+00   0.000000e+00   2.185998e+02   3.168456e-10   1.988519e-04
9.630000e+01   1.920888e+01   0.000000e+00   0.000000e+00   2.196054e+02   3.103266e-10   1.956566e-04
9.640000e+01   1.792178e+01   0.000000e+00   0.000000e+00   2.206248e+02   3.039458e-10   1.925230e-04
9.650000e+01   1.644078e+01   0.000000e+00   0.000000e+00   2.216579e+02   2.977008e-10   1.894504e-04
9.660000e+01   1.485878e+01   0.000000e+00   0.000000e+00   2.227046e+02   2.915897e-10   1.864377e-04
9.670000e+01   1.301658e+01   0.000000e+00   0.000000e+00   2.237650e+02   2.856101e-10   1.834839e-04
9.680000e+01   1.020976e+01   0.000000e+00   0.000000e+00   2.248389e+02   2.797599e-10   1.805882e-04
9.690000e+01   6.964977e+00   0.000000e+00   0.000000e+00   2.259264e+02   2.740369e-10   1.777495e-04
9.700000e+01   3.935908e+00   0.000000e+00   0.000000e+00   2.270273e+02   2.684388e-10   1.749669e-04
9.710000e+01   1.776222e+00   0.000000e+00   0.000000e+00   2.281417e+02   2.629636e-10   1.722394e-04
9.720000e+01   8.547387e-01   0.000000e+00   0.000000e+00   2.292694e+02   2.576088e-10   1.695662e-04
9.730000e+01   2.125493e-01   0.000000e+00   0.000000e+00   2.304105e+02   2.523724e-10   1.669461e-04
9.740000e+01   -3.496373e-01   0.000000e+00   0.000000e+00   2.315648e+02   2.472520e-10   1.643784e-04
9.750000e+01   -8.867148e-01   0.000000e+00   0.000000e+00   2.327324e+02   2.422455e-10   1.618620e-04
9.760000e+01   -1.453577e+00   0.000000e+00   0.000000e+00   2.339131e+02   2.373506e-10   1.593959e-04
9.770000e+01   -2.120434e+00   0.000000e+00   0.000000e+00   2.351070e+02   2.325650e-10   1.569793e-04
9.780000e+01   -2.953764e+00   0.000000e+00   0.000000e+00   2.363139e+02   2.278867e-10   1.546111e-04
9.790000e+01   -3.850320e+00   0.000000e+00   0.000000e+00   2.375339e+02   2.233133e-10   1.522904e-04
9.800000e+01   -4.688728e+00   0.000000e+00   0.000000e+00   2.387668e+02   2.188427e-10   1.500163e-04
9.810000e+01   -5.347616e+00   0.000000e+00   0.000000e+00   2.400126e+02   2.144726e-10   1.477877e-04
9.820000e+01   -5.696553e+00   0.000000e+00   0.000000e+00   2.412714e+02   2.102009e-10   1.456038e-04
9.830000e+01   -5.677814e+00   0.000000e+00   0.000000e+00   2.425430e+02   2.060254e-10   1.434636e-04
9.840000e+01   -5.462541e+00   0.000000e+00   0.000000e+00   2.438273e+02   2.019439e-10   1.413661e-04
9.850000e+01   -5.244047e+00   0.000000e+00   0.000000e+00   2.451244e+02   1.979542e-10   1.393104e-04
9.860000e+01   -5.215645e+00   0.000000e+00   0.000000e+00   2.464341e+02   1.940543e-10   1.372955e-04
9.870000e+01   -5.561596e+00   0.000000e+00   0.000000e+00   2.477565e+02   1.902419e-10   1.353205e-04
9.880000e+01   -6.300974e+00   0.000000e+00   0.000000e+00   2.490915e+02   1.865150e-10   1.333844e-04
9.890000e+01   -7.317743e+00   0.000000e+00   0.000000e+00   2.504390e+02   1.828715e-10   1.314862e-04
9.900000e+01   -8.492883e+00   0.000000e+00   0.000000e+00   2.517989e+02   1.793092e-10   1.296251e-04
9.910000e+01   -9.707377e+00   0.000000e+00   0.000000e+00   2.531714e+02   1.758262e-10   1.277999e-04
9.920000e+01   -1.090243e+01   0.000000e+00   0.000000e+00   2.545561e+02   1.724204e-10   1.260099e-04
9.930000e+01   -1.238887e+01   0.000000e+00   0.000000e+00   2.559533e+02   1.690898e-10   1.242540e-04
9.940000e+01   -1.401700e+01   0.000000e+00   0.000000e+00   2.573627e+02   1.658323e-10   1.225313e-04
9.950000e+01   -1.552653e+01   0.000000e+00   0.000000e+00   2.587843e+02   1.626460e-10   1.208408e-04
9.960000e+01   -1.665721e+01   0.000000e+00   0.000000e+00   2.602181e+02   1.595288e-10   1.191816e-04
9.970000e+01   -1.717714e+01   0.000000e+00   0.000000e+00   2.616639e+02   1.564794e-10   1.175529e-04
9.980000e+01   -1.724247e+01   0.000000e+00   0.000000e+00   2.631209e+02   1.534966e-10   1.159542e-04
9.990000e+01   -1.709133e+01   0.000000e+00   0.000000e+00   2.645885e+02   1.505794e-10   1.143850e-04
1.000000e+02   -1.692478e+01   0.000000e+00   0.000000e+00   2.660660e+02   1.477270e-10   1.128448e-04
1.001000e+02   -1.694387e+01   0.000000e+00   0.000000e+00   2.675528e+02   1.449383e-10   1.113333e-04
1.002000e+02   -1.740276e+01   0.000000e+00   0.000000e+00   2.690482e+02   1.422123e-10   1.098499e-04
1.003000e+02   -1.887791e+01   0.000000e+00   0.000000e+00   2.705515e+02   1.395479e-10   1.083941e-04
1.004000e+02   -2.112017e+01   0.000000e+00   0.000000e+00   2.720620e+02   1.369442e-10   1.069655e-04
1.005000e+02   -2.367841e+01   0.000000e+00   0.000000e+00   2.735792e+02   1.343999e-10   1.055636e-04
1.006000e+02   -2.610145e+01   0.000000e+00   0.000000e+00   2.751023e+02   1.319140e-10   1.041880e-04
1.007000e+02   -2.797057e+01   0.000000e+00   0.000000e+00   2.766307e+02   1.294856e-10   1.028381e-04
1.008000e+02   -2.944104e+01   0.000000e+00   0.000000e+00   2.781637e+02   1.271133e-10   1.015135e-04
1.009000e+02   -3.076932e+01   0.000000e+00   0.000000e+00   2.797005e+02   1.247963e-10   1.002138e-04
1.010000e+02   -3.212841e+01   0.000000e+00   0.000000e+00   2.812407e+02   1.225333e-10   9.893834e-05
1.011000e+02   -3.369132e+01   0.000000e+00   0.000000e+00   2.827834e+02   1.203233e-10   9.768681e-05
1.012000e+02   -3.569799e+01   0.000000e+00   0.000000e+00   2.843281e+02   1.181651e-10   9.645868e-05
1.013000e+02   -3.908502e+01   0.000000e+00   0.000000e+00   2.858740e+02   1.160577e-10   9.525350e-05
1.014000e+02   -4.343526e+01   0.000000e+00   0.000000e+00   2.874205e+02   1.139999e-10   9.407079e-05
1.015000e+02   -4.788216e+01   0.000000e+00   0.000000e+00   2.889670e+02   1.119908e-10   9.291008e-05
1.016000e+02   -5.155914e+01   0.000000e+00   0.000000e+00   2.905127e+02   1.100291e-10   9.177090e-05
1.017000e+02   -5.368014e+01   0.000000e+00   0.000000e+00   2.920569e+02   1.081138e-10   9.065277e-05
1.018000e+02   -5.517158e+01   0.000000e+00   0.000000e+00   2.935992e+02   1.062438e-10   8.955523e-05
1.019000e+02   -5.651879e+01   0.000000e+00   0.000000e+00   2.951386e+02   1.044181e-10   8.847780e-05
1.020000e+02   -5.767152e+01   0.000000e+00   0.000000e+00   2.966747e+02   1.026356e-10   8.742002e-05
1.021000e+02   -5.857954e+01   0.000000e+00   0.000000e+00   2.982066e+02   1.008952e-10   8.638141e-05
1.022000e+02   -5.918163e+01   0.000000e+00   0.000000e+00   2.997338e+02   9.919595e-11   8.536151e-05
1.023000e+02   -5.922903e+01   0.000000e+00   0.000000e+00   3.012557e+02   9.753673e-11   8.435984e-05
1.024000e+02   -5.881857e+01   0.000000e+00   0.000000e+00   3.027714e+02   9.591654e-11   8.337593e-05
1.025000e+02   -5.819409e+01   0.000000e+00   0.000000e+00   3.042804e+02   9.433438e-11   8.240931e-05
1.026000e+02   -5.759946e+01   0.000000e+00   0.000000e+00   3.057819e+02   9.278925e-11   8.145951e-05
1.027000e+02   -5.727282e+01   0.000000e+00   0.000000e+00   3.072754e+02   9.128015e-11   8.052606e-05
1.028000e+02   -5.718732e+01   0.000000e+00   0.000000e+00   3.087601e+02   8.980610e-11   7.960849e-05
1.029000e+02   -5.718901e+01   0.000000e+00   0.000000e+00   3.102354e+02   8.836615e-11   7.870633e-05
1.030000e+02   -5.717866e+01   0.000000e+00   0.000000e+00   3.117006e+02   8.695933e-11   7.781910e-05
1.031000e+02   -5.705706e+01   0.000000e+00   0.000000e+00   3.131551e+02   8.558470e-11   7.694634e-05
1.032000e+02   -5.671895e+01   0.000000e+00   0.000000e+00   3.145982e+02   8.424133e-11   7.608758e-05
1.033000e+02   -5.585973e+01   0.000000e+00   0.000000e+00   3.160291e+02   8.292831e-11   7.524234e-05
1.034000e+02   -5.451082e+01   0.000000e+00   0.000000e+00   3.174473e+02   8.164473e-11   7.441015e-05
1.035000e+02   -5.289134e+01   0.000000e+00   0.000000e+00   3.188521e+02   8.038969e-11   7.359055e-05
1.036000e+02   -5.122040e+01   0.000000e+00   0.000000e+00   3.202428e+02   7.916232e-11   7.278306e-05
1.037000e+02   -4.971238e+01   0.000000e+00   0.000000e+00   3.216189e+02   7.796175e-11   7.198724e-05
1.038000e+02   -4.823123e+01   0.000000e+00   0.000000e+00   3.229805e+02   7.678719e-11   7.120285e-05
1.039000e+02   -4.668664e+01   0.000000e+00   0.000000e+00   3.243281e+02   7.563786e-11   7.042975e-05
1.040000e+02   -4.517301e+01   0.000000e+00   0.000000e+00   3.256623e+02   7.451305e-11   6.966780e-05
1.041000e+02   -4.378474e+01   0.000000e+00   0.000000e+00   3.269836e+02   7.341204e-11   6.891688e-05
1.042000e+02   -4.261586e+01   0.000000e+00   0.000000e+00   3.282925e+02   7.233415e-11   6.817682e-05
1.043000e+02   -4.167940e+01   0.000000e+00   0.000000e+00   3.295897e+02   7.127873e-11   6.744750e-05
1.044000e+02   -4.088307e+01   0.000000e+00   0.000000e+00   3.308755e+02   7.024514e-11   6.672878e-05
1.045000e+02   -4.014121e+01   0.000000e+00   0.000000e+00   3.321506e+02   6.923276e-11   6.602052e-05
1.046000e+02   -3.936817e+01   0.000000e+00   0.000000e+00   3.334154e+02   6.824099e-11   6.532258e-05
1.047000e+02   -3.847725e+01   0.000000e+00   0.000000e+00   3.346705e+02   6.726927e-11   6.463482e-05
1.048000e+02   -3.720435e+01   0.000000e+00   0.000000e+00   3.359165e+02   6.631704e-11   6.395710e-05
1.049000e+02   -3.564520e+01   0.000000e+00   0.000000e+00   3.371538e+02   6.538374e-11   6.328928e-05
1.050000e+02   -3.416562e+01   0.000000e+00   0.000000e+00   3.383830e+02   6.446887e-11   6.263122e-05
1.051000e+02   -3.313143e+01   0.000000e+00   0.000000e+00   3.396046e+02   6.357191e-11   6.198279e-05
1.052000e+02   -3.290780e+01   0.000000e+00   0.000000e+00   3.408191e+02   6.269237e-11   6.134384e-05
1.053000e+02   -3.316738e+01   0.000000e+00   0.000000e+00   3.420272e+02   6.182977e-11   6.071424e-05
1.054000e+02   -3.341535e+01   0.000000e+00   0.000000e+00   3.432292e+02   6.098365e-11   6.009385e-05
1.055000e+02   -3.365115e+01   0.000000e+00   0.000000e+00   3.444258e+02   6.015356e-11   5.948252e-05
1.056000e+02   -3.387417e+01   0.000000e+00   0.000000e+00   3.456174e+02   5.933907e-11   5.888013e-05
1.057000e+02   -3.408382e+01   0.000000e+00   0.000000e+00   3.468047e+02   5.853974e-11   5.828652e-05
1.058000e+02   -3.468760e+01   0.000000e+00   0.000000e+00   3.479881e+02   5.775516e-11   5.770156e-05
1.059000e+02   -3.584184e+01   0.000000e+00   0.000000e+00   3.491681e+02   5.698494e-11   5.712511e-05
1.060000e+02   -3.716928e+01   0.000000e+00   0.000000e+00   3.503454e+02   5.622868e-11   5.655704e-05
1.061000e+02   -3.829264e+01   0.000000e+00   0.000000e+00   3.515204e+02   5.548601e-11   5.599720e-05
1.062000e+02   -3.883465e+01   0.000000e+00   0.000000e+00   3.526936e+02   5.475655e-11   5.544546e-05
1.063000e+02   -3.855651e+01   0.000000e+00   0.000000e+00   3.538656e+02   5.403994e-11   5.490167e-05
1.064000e+02   -3.770849e+01   0.000000e+00   0.000000e+00   3.550369e+02   5.333583e-11   5.436569e-05
1.065000e+02   -3.664209e+01   0.000000e+00   0.000000e+00   3.562081e+02   5.264389e-11   5.383739e-05
1.066000e+02   -3.570880e+01   0.000000e+00   0.000000e+00   3.573796e+02   5.196377e-11   5.331664e-05
1.067000e+02   -3.526011e+01   0.000000e+00   0.000000e+00   3.585520e+02   5.129515e-11   5.280328e-05
1.068000e+02   -3.522576e+01   0.000000e+00   0.000000e+00   3.597259e+02   5.063772e-11   5.229718e-05
1.069000e+02   -3.519175e+01   0.000000e+00   0.000000e+00   3.609018e+02   4.999117e-11   5.179820e-05
1.070000e+02   -3.515273e+01   0.000000e+00   0.000000e+00   3.620801e+02   4.935519e-11   5.130620e-05
1.071000e+02   -3.510528e+01   0.000000e+00   0.000000e+00   3.632615e+02   4.872949e-11   5.082105e-05
1.072000e+02   -3.504594e+01   0.000000e+00   0.000000e+00   3.644464e+02   4.811379e-11   5.034260e-05
1.073000e+02   -3.509195e+01   0.000000e+00   0.000000e+00   3.656355e+02   4.750779e-11   4.987071e-05
1.074000e+02   -3.535753e+01   0.000000e+00   0.000000e+00   3.668291e+02   4.691124e-11   4.940525e-05
1.075000e+02   -3.574430e+01   0.000000e+00   0.000000e+00   3.680279e+02   4.632386e-11   4.894608e-05
1.076000e+02   -3.615223e+01   0.000000e+00   0.000000e+00   3.692324e+02   4.574539e-11   4.849305e-05
1.077000e+02   -3.648128e+01   0.000000e+00   0.000000e+00   3.704431e+02   4.517557e-11   4.804603e-05
1.078000e+02   -3.673598e+01   0.000000e+00   0.000000e+00   3.716605e+02   4.461416e-11   4.760488e-05
1.079000e+02   -3.701091e+01   0.000000e+00   0.000000e+00   3.728852e+02   4.406091e-11   4.716947e-05
1.080000e+02   -3.724848e+01   0.000000e+00   0.000000e+00   3.741177e+02   4.351557e-11   4.673964e-05
1.081000e+02   -3.738873e+01   0.000000e+00   0.000000e+00   3.753586e+02   4.297792e-11   4.631526e-05
1.082000e+02   -3.737171e+01   0.000000e+00   0.000000e+00   3.766083e+02   4.244774e-11   4.589620e-05
1.083000e+02   -3.721360e+01   0.000000e+00   0.000000e+00   3.778674e+02   4.192478e-11   4.548232e-05
1.084000e+02   -3.700683e+01   0.000000e+00   0.000000e+00   3.791364e+02   4.140884e-11   4.507346e-05
1.085000e+02   -3.671636e+01   0.000000e+00   0.000000e+00   3.804159e+02   4.089970e-11   4.466951e-05
1.086000e+02   -3.630419e+01   0.000000e+00   0.000000e+00   3.817064e+02   4.039715e-11   4.427031e-05
1.087000e+02   -3.573234e+01   0.000000e+00   0.000000e+00   3.830084e+02   3.990099e-11   4.387573e-05
1.088000e+02   -3.500038e+01   0.000000e+00   0.000000e+00   3.843220e+02   3.941110e-11   4.348567e-05
1.089000e+02   -3.417977e+01   0.000000e+00   0.000000e+00   3.856471e+02   3.892743e-11   4.310009e-05
1.090000e+02   -3.329516e+01   0.000000e+00   0.000000e+00   3.869831e+02   3.844997e-11   4.271893e-05
1.091000e+02   -3.236931e+01   0.000000e+00   0.000000e+00   3.883300e+02   3.797868e-11   4.234217e-05
1.092000e+02   -3.142499e+01   0.000000e+00   0.000000e+00   3.896873e+02   3.751352e-11   4.196975e-05
1.093000e+02   -3.046829e+01   0.000000e+00   0.000000e+00   3.910547e+02   3.705446e-11   4.160163e-05
1.094000e+02   -2.947676e+01   0.000000e+00   0.000000e+00   3.924319e+02   3.660147e-11   4.123776e-05
1.095000e+02   -2.845895e+01   0.000000e+00   0.000000e+00   3.938185e+02   3.615450e-11   4.087811e-05
1.096000e+02   -2.742482e+01   0.000000e+00   0.000000e+00   3.952144e+02   3.571351e-11   4.052263e-05
1.097000e+02   -2.638434e+01   0.000000e+00   0.000000e+00   3.966191e+02   3.527846e-11   4.017127e-05
1.098000e+02   -2.554611e+01   0.000000e+00   0.000000e+00   3.980324e+02   3.484930e-11   3.982399e-05
1.099000e+02   -2.529299e+01   0.000000e+00   0.000000e+00   3.994539e+02   3.442599e-11   3.948075e-05
1.100000e+02   -2.538295e+01   0.000000e+00   0.000000e+00   4.008833e+02   3.400848e-11   3.914151e-05
1.101000e+02   -2.554437e+01   0.000000e+00   0.000000e+00   4.023204e+02   3.359672e-11   3.880621e-05
1.102000e+02   -2.550566e+01   0.000000e+00   0.000000e+00   4.037647e+02   3.319066e-11   3.847482e-05
1.103000e+02   -2.517305e+01   0.000000e+00   0.000000e+00   4.052160e+02   3.279026e-11   3.814730e-05
1.104000e+02   -2.486137e+01   0.000000e+00   0.000000e+00   4.066739e+02   3.239545e-11   3.782359e-05
1.105000e+02   -2.447695e+01   0.000000e+00   0.000000e+00   4.081382e+02   3.200619e-11   3.750365e-05
1.106000e+02   -2.389566e+01   0.000000e+00   0.000000e+00   4.096085e+02   3.162242e-11   3.718745e-05
1.107000e+02   -2.299337e+01   0.000000e+00   0.000000e+00   4.110846e+02   3.124408e-11   3.687493e-05
1.108000e+02   -2.151416e+01   0.000000e+00   0.000000e+00   4.125660e+02   3.087112e-11   3.656606e-05
1.109000e+02   -1.918376e+01   0.000000e+00   0.000000e+00   4.140525e+02   3.050349e-11   3.626079e-05
1.110000e+02   -1.643480e+01   0.000000e+00   0.000000e+00   4.155438e+02   3.014111e-11   3.595907e-05
1.111000e+02   -1.374395e+01   0.000000e+00   0.000000e+00   4.170396e+02   2.978395e-11   3.566087e-05
1.112000e+02   -1.158792e+01   0.000000e+00   0.000000e+00   4.185395e+02   2.943194e-11   3.536613e-05
1.113000e+02   -1.033908e+01   0.000000e+00   0.000000e+00   4.200432e+02   2.908501e-11   3.507482e-05
1.114000e+02   -9.771308e+00   0.000000e+00   0.000000e+00   4.215504e+02   2.874311e-11   3.478689e-05
1.115000e+02   -9.618405e+00   0.000000e+00   0.000000e+00   4.230608e+02   2.840618e-11   3.450230e-05
1.116000e+02   -9.632892e+00   0.000000e+00   0.000000e+00   4.245741e+02   2.807416e-11   3.422100e-05
1.117000e+02   -9.567293e+00   0.000000e+00   0.000000e+00   4.260900e+02   2.774699e-11   3.394295e-05
1.118000e+02   -9.261513e+00   0.000000e+00   0.000000e+00   4.276082e+02   2.742460e-11   3.366811e-05
1.119000e+02   -8.928030e+00   0.000000e+00   0.000000e+00   4.291282e+02   2.710694e-11   3.339642e-05
1.120000e+02   -8.587977e+00   0.000000e+00   0.000000e+00   4.306499e+02   2.679394e-11   3.312786e-05
1.121000e+02   -8.229941e+00   0.000000e+00   0.000000e+00   4.321729e+02   2.648555e-11   3.286237e-05
1.122000e+02   -7.842513e+00   0.000000e+00   0.000000e+00   4.336969e+02   2.618169e-11   3.259991e-05
1.123000e+02   -7.436871e+00   0.000000e+00   0.000000e+00   4.352216e+02   2.588232e-11   3.234044e-05
1.124000e+02   -7.080239e+00   0.000000e+00   0.000000e+00   4.367467e+02   2.558736e-11   3.208392e-05
1.125000e+02   -6.712225e+00   -0.000000e+00   -0.000000e+00   4.382718e+02   2.529675e-11   3.183029e-05
1.126000e+02   -6.257215e+00   -0.000000e+00   -0.000000e+00   4.397966e+02   2.501043e-11   3.157952e-05
1.127000e+02   -5.639596e+00   -0.000000e+00   -0.000000e+00   4.413209e+02   2.472835e-11   3.133156e-05
1.128000e+02   -4.809851e+00   -0.000000e+00   -0.000000e+00   4.428443e+02   2.445043e-11   3.108636e-05
1.129000e+02   -3.872695e+00   -0.000000e+00   -0.000000e+00   4.443664e+02   2.417662e-11   3.084390e-05
1.130000e+02   -2.878054e+00   -0.000000e+00   -0.000000e+00   4.458871e+02   2.390686e-11   3.060411e-05
1.131000e+02   -1.859853e+00   -0.000000e+00   -0.000000e+00   4.474059e+02   2.364108e-11   3.036696e-05
1.132000e+02   -8.520154e-01   -0.000000e+00   -0.000000e+00   4.489225e+02   2.337922e-11   3.013240e-05
1.133000e+02   1.288294e-01   -0.000000e+00   -0.000000e+00   4.504367e+02   2.312122e-11   2.990040e-05
1.134000e+02   1.145383e+00   -0.000000e+00   -0.000000e+00   4.519481e+02   2.286703e-11   2.967089e-05
1.135000e+02   2.162765e+00   -0.000000e+00   -0.000000e+00   4.534564e+02   2.261657e-11   2.944386e-05
1.136000e+02   3.128008e+00   -0.000000e+00   -0.000000e+00   4.549614e+02   2.236979e-11   2.921923e-05
1.137000e+02   3.988146e+00   -0.000000e+00   -0.000000e+00   4.564625e+02   2.212663e-11   2.899699e-05
1.138000e+02   4.582498e+00   -0.000000e+00   -0.000000e+00   4.579597e+02   2.188704e-11   2.877707e-05
1.139000e+02   4.329105e+00   -0.000000e+00   -0.000000e+00   4.594525e+02   2.165094e-11   2.855944e-05
1.140000e+02   3.597065e+00   -0.000000e+00   -0.000000e+00   4.609406e+02   2.141828e-11   2.834405e-05
1.141000e+02   2.924165e+00   -0.000000e+00   -0.000000e+00   4.624237e+02   2.118901e-11   2.813087e-05
1.142000e+02   2.848195e+00   -0.000000e+00   -0.000000e+00   4.639016e+02   2.096306e-11   2.791983e-05
1.143000e+02   3.782475e+00   -0.000000e+00   -0.000000e+00   4.653738e+02   2.074037e-11   2.771091e-05
1.144000e+02   5.077548e+00   -0.000000e+00   -0.000000e+00   4.668401e+02   2.052090e-11   2.750406e-05
1.145000e+02   6.508653e+00   -0.000000e+00   -0.000000e+00   4.683002e+02   2.030457e-11   2.729923e-05
1.146000e+02   8.032794e+00   -0.000000e+00   -0.000000e+00   4.697537e+02   2.009134e-11   2.709639e-05
1.147000e+02   9.606977e+00   -0.000000e+00   -0.000000e+00   4.712003e+02   1.988114e-11   2.689548e-05
1.148000e+02   1.126532e+01   -0.000000e+00   -0.000000e+00   4.726398e+02   1.967393e-11   2.669646e-05
1.149000e+02   1.354356e+01   -0.000000e+00   -0.000000e+00   4.740718e+02   1.946964e-11   2.649930e-05
1.150000e+02   1.618520e+01   -0.000000e+00   -0.000000e+00   4.754964e+02   1.926822e-11   2.630397e-05
1.151000e+02   1.873566e+01   -0.000000e+00   -0.000000e+00   4.769137e+02   1.906964e-11   2.611047e-05
1.152000e+02   2.074038e+01   -0.000000e+00   -0.000000e+00   4.783237e+02   1.887384e-11   2.591877e-05
1.153000e+02   2.178063e+01   -0.000000e+00   -0.000000e+00   4.797264e+02   1.868077e-11   2.572887e-05
1.154000e+02   2.201158e+01   -0.000000e+00   -0.000000e+00   4.811219e+02   1.849039e-11   2.554074e-05
1.155000e+02   2.174233e+01   -0.000000e+00   -0.000000e+00   4.825104e+02   1.830265e-11   2.535438e-05
1.156000e+02   2.122201e+01   -0.000000e+00   -0.000000e+00   4.838917e+02   1.811752e-11   2.516977e-05
1.157000e+02   2.069978e+01   -0.000000e+00   -0.000000e+00   4.852661e+02   1.793494e-11   2.498689e-05
1.158000e+02   2.040475e+01   -0.000000e+00   -0.000000e+00   4.866335e+02   1.775488e-11   2.480574e-05
1.159000e+02   2.023577e+01   -0.000000e+00   -0.000000e+00   4.879940e+02   1.757729e-11   2.462628e-05
1.160000e+02   2.008059e+01   -0.000000e+00   -0.000000e+00   4.893477e+02   1.740214e-11   2.444852e-05
1.161000e+02   1.988459e+01   -0.000000e+00   -0.000000e+00   4.906946e+02   1.722938e-11   2.427243e-05
1.162000e+02   1.959312e+01   -0.000000e+00   -0.000000e+00   4.920348e+02   1.705898e-11   2.409801e-05
1.163000e+02   1.913407e+01   -0.000000e+00   -0.000000e+00   4.933683e+02   1.689089e-11   2.392523e-05
1.164000e+02   1.827259e+01   -0.000000e+00   -0.000000e+00   4.946953e+02   1.672508e-11   2.375408e-05
1.165000e+02   1.717019e+01   -0.000000e+00   -0.000000e+00   4.960156e+02   1.656151e-11   2.358455e-05
1.166000e+02   1.611119e+01   -0.000000e+00   -0.000000e+00   4.973295e+02   1.640014e-11   2.341662e-05
1.167000e+02   1.537991e+01   -0.000000e+00   -0.000000e+00   4.986370e+02   1.624094e-11   2.325028e-05
1.168000e+02   1.523128e+01   -0.000000e+00   -0.000000e+00   4.999381e+02   1.608388e-11   2.308551e-05
1.169000e+02   1.530433e+01   -0.000000e+00   -0.000000e+00   5.012329e+02   1.592892e-11   2.292230e-05
1.170000e+02   1.542206e+01   -0.000000e+00   -0.000000e+00   5.025214e+02   1.577602e-11   2.276063e-05
1.171000e+02   1.560621e+01   -0.000000e+00   -0.000000e+00   5.038038e+02   1.562515e-11   2.260050e-05
1.172000e+02   1.587851e+01   -0.000000e+00   -0.000000e+00   5.050800e+02   1.547628e-11   2.244188e-05
1.173000e+02   1.628791e+01   -0.000000e+00   -0.000000e+00   5.063501e+02   1.532938e-11   2.228475e-05
1.174000e+02   1.741902e+01   -0.000000e+00   -0.000000e+00   5.076142e+02   1.518441e-11   2.212912e-05
1.175000e+02   1.917755e+01   -0.000000e+00   -0.000000e+00   5.088723e+02   1.504135e-11   2.197495e-05
1.176000e+02   2.113126e+01   -0.000000e+00   -0.000000e+00   5.101246e+02   1.490015e-11   2.182224e-05
1.177000e+02   2.284791e+01   -0.000000e+00   -0.000000e+00   5.113709e+02   1.476080e-11   2.167097e-05
1.178000e+02   2.391434e+01   -0.000000e+00   -0.000000e+00   5.126115e+02   1.462326e-11   2.152113e-05
1.179000e+02   2.463366e+01   -0.000000e+00   -0.000000e+00   5.138464e+02   1.448751e-11   2.137270e-05
1.180000e+02   2.527030e+01   -0.000000e+00   -0.000000e+00   5.150756e+02   1.435351e-11   2.122566e-05
1.181000e+02   2.582985e+01   -0.000000e+00   -0.000000e+00   5.162991e+02   1.422123e-11   2.108001e-05
1.182000e+02   2.631787e+01   -0.000000e+00   -0.000000e+00   5.175171e+02   1.409065e-11   2.093573e-05
1.183000e+02   2.673980e+01   -0.000000e+00   -0.000000e+00   5.187296e+02   1.396174e-11   2.079280e-05
1.184000e+02   2.709964e+01   -0.000000e+00   -0.000000e+00   5.199367e+02   1.383448e-11   2.065121e-05
1.185000e+02   2.741770e+01   -0.000000e+00   -0.000000e+00   5.211383e+02   1.370883e-11   2.051094e-05
1.186000e+02   2.772002e+01   -0.000000e+00   -0.000000e+00   5.223347e+02   1.358477e-11   2.037199e-05
1.187000e+02   2.803263e+01   -0.000000e+00   -0.000000e+00   5.235257e+02   1.346227e-11   2.023432e-05
1.188000e+02   2.838440e+01   -0.000000e+00   -0.000000e+00   5.247116e+02   1.334131e-11   2.009794e-05
1.189000e+02   2.896258e+01   -0.000000e+00   -0.000000e+00   5.258923e+02   1.322187e-11   1.996282e-05
1.190000e+02   2.977620e+01   -0.000000e+00   -0.000000e+00   5.270679e+02   1.310391e-11   1.982896e-05
1.191000e+02   3.069628e+01   -0.000000e+00   -0.000000e+00   5.282385e+02   1.298742e-11   1.969633e-05
1.192000e+02   3.159383e+01   -0.000000e+00   -0.000000e+00   5.294041e+02   1.287237e-11   1.956492e-05
1.193000e+02   3.234064e+01   -0.000000e+00   -0.000000e+00   5.305647e+02   1.275873e-11   1.943471e-05
1.194000e+02   3.293576e+01   -0.000000e+00   -0.000000e+00   5.317205e+02   1.264649e-11   1.930570e-05
1.195000e+02   3.346724e+01   -0.000000e+00   -0.000000e+00   5.328715e+02   1.253561e-11   1.917787e-05
1.196000e+02   3.398389e+01   -0.000000e+00   -0.000000e+00   5.340178e+02   1.242608e-11   1.905120e-05
1.197000e+02   3.453455e+01   -0.000000e+00   -0.000000e+00   5.351593e+02   1.231788e-11   1.892568e-05
1.198000e+02   3.516799e+01   -0.000000e+00   -0.000000e+00   5.362962e+02   1.221098e-11   1.880129e-05
1.199000e+02   3.591601e+01   -0.000000e+00   -0.000000e+00   5.374286e+02   1.210536e-11   1.867802e-05
1.200000e+02   3.676970e+01   -0.000000e+00   -0.000000e+00   5.385564e+02   1.200100e-11   1.855586e-05
1.201000e+02   3.771501e+01   -0.000000e+00   -0.000000e+00   5.396798e+02   1.189788e-11   1.843478e-05
1.202000e+02   3.873786e+01   -0.000000e+00   -0.000000e+00   5.407987e+02   1.179597e-11   1.831478e-05
1.203000e+02   3.982435e+01   -0.000000e+00   -0.000000e+00   5.419133e+02   1.169526e-11   1.819584e-05
1.204000e+02   4.108777e+01   -0.000000e+00   -0.000000e+00   5.430237e+02   1.159573e-11   1.807795e-05
1.205000e+02   4.255278e+01   -0.000000e+00   -0.000000e+00   5.441298e+02   1.149735e-11   1.796108e-05
1.206000e+02   4.409908e+01   -0.000000e+00   -0.000000e+00   5.452317e+02   1.140010e-11   1.784524e-05
1.207000e+02   4.560638e+01   -0.000000e+00   -0.000000e+00   5.463295e+02   1.130398e-11   1.773039e-05
1.208000e+02   4.695438e+01   -0.000000e+00   -0.000000e+00   5.474233e+02   1.120895e-11   1.761653e-05
1.209000e+02   4.811654e+01   -0.000000e+00   -0.000000e+00   5.485131e+02   1.111499e-11   1.750364e-05
1.210000e+02   4.918475e+01   -0.000000e+00   -0.000000e+00   5.495989e+02   1.102210e-11   1.739172e-05
1.211000e+02   5.021629e+01   -0.000000e+00   -0.000000e+00   5.506809e+02   1.093024e-11   1.728073e-05
1.212000e+02   5.126846e+01   -0.000000e+00   -0.000000e+00   5.517590e+02   1.083941e-11   1.717067e-05
1.213000e+02   5.239857e+01   -0.000000e+00   -0.000000e+00   5.528334e+02   1.074958e-11   1.706153e-05
1.214000e+02   5.365596e+01   -0.000000e+00   -0.000000e+00   5.539040e+02   1.066073e-11   1.695328e-05
1.215000e+02   5.501044e+01   -0.000000e+00   -0.000000e+00   5.549710e+02   1.057285e-11   1.684592e-05
1.216000e+02   5.639758e+01   -0.000000e+00   -0.000000e+00   5.560344e+02   1.048592e-11   1.673943e-05
1.217000e+02   5.775294e+01   -0.000000e+00   -0.000000e+00   5.570943e+02   1.039993e-11   1.663380e-05
1.218000e+02   5.901210e+01   -0.000000e+00   -0.000000e+00   5.581507e+02   1.031485e-11   1.652900e-05
1.219000e+02   6.023256e+01   -0.000000e+00   -0.000000e+00   5.592037e+02   1.023067e-11   1.642504e-05
1.220000e+02   6.148586e+01   -0.000000e+00   -0.000000e+00   5.602533e+02   1.014737e-11   1.632188e-05
1.221000e+02   6.267391e+01   -0.000000e+00   -0.000000e+00   5.612996e+02   1.006493e-11   1.621952e-05
1.222000e+02   6.369788e+01   -0.000000e+00   -0.000000e+00   5.623427e+02   9.983344e-12   1.611794e-05
1.223000e+02   6.445852e+01   -0.000000e+00   -0.000000e+00   5.633826e+02   9.902596e-12   1.601714e-05
1.224000e+02   6.500441e+01   -0.000000e+00   -0.000000e+00   5.644192e+02   9.822678e-12   1.591710e-05
1.225000e+02   6.550894e+01   -0.000000e+00   -0.000000e+00   5.654526e+02   9.743581e-12   1.581784e-05
1.226000e+02   6.596952e+01   -0.000000e+00   -0.000000e+00   5.664827e+02   9.665296e-12   1.571934e-05
1.227000e+02   6.638188e+01   -0.000000e+00   -0.000000e+00   5.675096e+02   9.587815e-12   1.562159e-05
1.228000e+02   6.674176e+01   -0.000000e+00   -0.000000e+00   5.685333e+02   9.511129e-12   1.552460e-05
1.229000e+02   6.706712e+01   -0.000000e+00   -0.000000e+00   5.695538e+02   9.435230e-12   1.542835e-05
1.230000e+02   6.739104e+01   -0.000000e+00   -0.000000e+00   5.705710e+02   9.360110e-12   1.533285e-05
1.231000e+02   6.771133e+01   -0.000000e+00   -0.000000e+00   5.715851e+02   9.285760e-12   1.523809e-05
1.232000e+02   6.802526e+01   -0.000000e+00   -0.000000e+00   5.725959e+02   9.212172e-12   1.514407e-05
1.233000e+02   6.833012e+01   -0.000000e+00   -0.000000e+00   5.736034e+02   9.139339e-12   1.505078e-05
1.234000e+02   6.857131e+01   -0.000000e+00   -0.000000e+00   5.746078e+02   9.067252e-12   1.495821e-05
1.235000e+02   6.868736e+01   -0.000000e+00   -0.000000e+00   5.756089e+02   8.995903e-12   1.486636e-05
1.236000e+02   6.873861e+01   -0.000000e+00   -0.000000e+00   5.766068e+02   8.925285e-12   1.477523e-05
1.237000e+02   6.878778e+01   -0.000000e+00   -0.000000e+00   5.776016e+02   8.855391e-12   1.468481e-05
1.238000e+02   6.889761e+01   -0.000000e+00   -0.000000e+00   5.785930e+02   8.786211e-12   1.459510e-05
1.239000e+02   6.909592e+01   -0.000000e+00   -0.000000e+00   5.795813e+02   8.717740e-12   1.450610e-05
1.240000e+02   6.933005e+01   -0.000000e+00   -0.000000e+00   5.805664e+02   8.649969e-12   1.441779e-05
1.241000e+02   6.958074e+01   -0.000000e+00   -0.000000e+00   5.815482e+02   8.582890e-12   1.433018e-05
1.242000e+02   6.983037e+01   -0.000000e+00   -0.000000e+00   5.825269e+02   8.516498e-12   1.424326e-05
1.243000e+02   7.006130e+01   -0.000000e+00   -0.000000e+00   5.835023e+02   8.450784e-12   1.415702e-05
1.244000e+02   7.025442e+01   -0.000000e+00   -0.000000e+00   5.844745e+02   8.385741e-12   1.407147e-05
1.245000e+02   7.040485e+01   -0.000000e+00   -0.000000e+00   5.854435e+02   8.321362e-12   1.398659e-05
1.246000e+02   7.052561e+01   -0.000000e+00   -0.000000e+00   5.864094e+02   8.257641e-12   1.390238e-05
1.247000e+02   7.063015e+01   -0.000000e+00   -0.000000e+00   5.873720e+02   8.194569e-12   1.381884e-05
1.248000e+02   7.073190e+01   -0.000000e+00   -0.000000e+00   5.883314e+02   8.132141e-12   1.373597e-05
1.249000e+02   7.080358e+01   -0.000000e+00   -0.000000e+00   5.892876e+02   8.070349e-12   1.365375e-05
1.250000e+02   7.078882e+01   -0.000000e+00   -0.000000e+00   5.902406e+02   8.009186e-12   1.357219e-05
1.251000e+02   7.076589e+01   -0.000000e+00   -0.000000e+00   5.911904e+02   7.948647e-12   1.349127e-05
1.252000e+02   7.081929e+01   -0.000000e+00   -0.000000e+00   5.921370e+02   7.888724e-12   1.341100e-05
1.253000e+02   7.103354e+01   -0.000000e+00   -0.000000e+00   5.930804e+02   7.829410e-12   1.333138e-05
1.254000e+02   7.143790e+01   -0.000000e+00   -0.000000e+00   5.940206e+02   7.770700e-12   1.325238e-05
1.255000e+02   7.190312e+01   -0.000000e+00   -0.000000e+00   5.949576e+02   7.712586e-12   1.317402e-05
1.256000e+02   7.239372e+01   -0.000000e+00   -0.000000e+00   5.958915e+02   7.655063e-12   1.309629e-05
1.257000e+02   7.288269e+01   -0.000000e+00   -0.000000e+00   5.968221e+02   7.598123e-12   1.301918e-05
1.258000e+02   7.334302e+01   -0.000000e+00   -0.000000e+00   5.977495e+02   7.541761e-12   1.294268e-05
1.259000e+02   7.373524e+01   -0.000000e+00   -0.000000e+00   5.986738e+02   7.485971e-12   1.286681e-05
1.260000e+02   7.401772e+01   -0.000000e+00   -0.000000e+00   5.995948e+02   7.430746e-12   1.279153e-05
1.261000e+02   7.421527e+01   -0.000000e+00   -0.000000e+00   6.005127e+02   7.376080e-12   1.271687e-05
1.262000e+02   7.435684e+01   -0.000000e+00   -0.000000e+00   6.014274e+02   7.321967e-12   1.264280e-05
1.263000e+02   7.447139e+01   -0.000000e+00   -0.000000e+00   6.023389e+02   7.268402e-12   1.256933e-05
1.264000e+02   7.453479e+01   -0.000000e+00   -0.000000e+00   6.032472e+02   7.215377e-12   1.249645e-05
1.265000e+02   7.441443e+01   -0.000000e+00   -0.000000e+00   6.041524e+02   7.162888e-12   1.242416e-05
1.266000e+02   7.419227e+01   -0.000000e+00   -0.000000e+00   6.050543e+02   7.110929e-12   1.235245e-05
1.267000e+02   7.396970e+01   -0.000000e+00   -0.000000e+00   6.059531e+02   7.059493e-12   1.228132e-05
1.268000e+02   7.384810e+01   -0.000000e+00   -0.000000e+00   6.068487e+02   7.008575e-12   1.221075e-05
1.269000e+02   7.387571e+01   -0.000000e+00   -0.000000e+00   6.077411e+02   6.958169e-12   1.214076e-05
1.270000e+02   7.391241e+01   -0.000000e+00   -0.000000e+00   6.086304e+02   6.908270e-12   1.207134e-05
1.271000e+02   7.398367e+01   -0.000000e+00   -0.000000e+00   6.095165e+02   6.858872e-12   1.200247e-05
1.272000e+02   7.413714e+01   -0.000000e+00   -0.000000e+00   6.103993e+02   6.809970e-12   1.193415e-05
1.273000e+02   7.442047e+01   -0.000000e+00   -0.000000e+00   6.112791e+02   6.761557e-12   1.186639e-05
1.274000e+02   7.486388e+01   -0.000000e+00   -0.000000e+00   6.121556e+02   6.713630e-12   1.179917e-05
1.275000e+02   7.540518e+01   -0.000000e+00   -0.000000e+00   6.130290e+02   6.666181e-12   1.173250e-05
1.276000e+02   7.601364e+01   -0.000000e+00   -0.000000e+00   6.138992e+02   6.619206e-12   1.166636e-05
1.277000e+02   7.666650e+01   -0.000000e+00   -0.000000e+00   6.147663e+02   6.572700e-12   1.160075e-05
1.278000e+02   7.734102e+01   -0.000000e+00   -0.000000e+00   6.156301e+02   6.526657e-12   1.153568e-05
1.279000e+02   7.805279e+01   -0.000000e+00   -0.000000e+00   6.164909e+02   6.481072e-12   1.147112e-05
1.280000e+02   7.893972e+01   -0.000000e+00   -0.000000e+00   6.173484e+02   6.435940e-12   1.140709e-05
1.281000e+02   7.990708e+01   -0.000000e+00   -0.000000e+00   6.182028e+02   6.391256e-12   1.134356e-05
1.282000e+02   8.082698e+01   -0.000000e+00   -0.000000e+00   6.190540e+02   6.347015e-12   1.128055e-05
1.283000e+02   8.157154e+01   -0.000000e+00   -0.000000e+00   6.199021e+02   6.303211e-12   1.121805e-05
1.284000e+02   8.202163e+01   -0.000000e+00   -0.000000e+00   6.207470e+02   6.259839e-12   1.115604e-05
1.285000e+02   8.218711e+01   -0.000000e+00   -0.000000e+00   6.215887e+02   6.216896e-12   1.109453e-05
1.286000e+02   8.216626e+01   -0.000000e+00   -0.000000e+00   6.224273e+02   6.174375e-12   1.103352e-05
1.287000e+02   8.205802e+01   -0.000000e+00   -0.000000e+00   6.232627e+02   6.132272e-12   1.097299e-05
1.288000e+02   8.196134e+01   -0.000000e+00   -0.000000e+00   6.240950e+02   6.090583e-12   1.091294e-05
1.289000e+02   8.193830e+01   -0.000000e+00   -0.000000e+00   6.249241e+02   6.049301e-12   1.085338e-05
1.290000e+02   8.183573e+01   -0.000000e+00   -0.000000e+00   6.257501e+02   6.008423e-12   1.079428e-05
1.291000e+02   8.170820e+01   -0.000000e+00   -0.000000e+00   6.265729e+02   5.967944e-12   1.073566e-05
1.292000e+02   8.165861e+01   -0.000000e+00   -0.000000e+00   6.273926e+02   5.927859e-12   1.067750e-05
1.293000e+02   8.178989e+01   -0.000000e+00   -0.000000e+00   6.282091e+02   5.888163e-12   1.061980e-05
1.294000e+02   8.217221e+01   -0.000000e+00   -0.000000e+00   6.290225e+02   5.848852e-12   1.056256e-05
1.295000e+02   8.261235e+01   -0.000000e+00   -0.000000e+00   6.298327e+02   5.809921e-12   1.050577e-05
1.296000e+02   8.305735e+01   -0.000000e+00   -0.000000e+00   6.306398e+02   5.771366e-12   1.044942e-05
1.297000e+02   8.350459e+01   -0.000000e+00   -0.000000e+00   6.314437e+02   5.733182e-12   1.039352e-05
1.298000e+02   8.395144e+01   -0.000000e+00   -0.000000e+00   6.322445e+02   5.695364e-12   1.033806e-05
1.299000e+02   8.439721e+01   -0.000000e+00   -0.000000e+00   6.330422e+02   5.657909e-12   1.028303e-05
1.300000e+02   8.485442e+01   -0.000000e+00   -0.000000e+00   6.338367e+02   5.620812e-12   1.022843e-05
