#% 0, Z0, m, 0.0
#% 1, Z, km
#% 2, U, m/s
#% 3, V, m/s
#% 4, W, m/s
#% 5, T, degK
#% 6, RHO, g/cm3
#% 7, P, mbar
0.000000e+00   -4.280281e+00   -0.000000e+00   -0.000000e+00   2.709099e+02   1.257033e-03   9.776964e+02
1.000000e-01   -5.201777e+00   -0.000000e+00   -0.000000e+00   2.699703e+02   1.245620e-03   9.654591e+02
2.000000e-01   -5.810429e+00   -0.000000e+00   -0.000000e+00   2.690197e+02   1.234375e-03   9.533744e+02
3.000000e-01   -6.220260e+00   -0.000000e+00   -0.000000e+00   2.680679e+02   1.223226e-03   9.414209e+02
4.000000e-01   -6.536377e+00   -0.000000e+00   -0.000000e+00   2.671239e+02   1.212111e-03   9.295813e+02
5.000000e-01   -6.822327e+00   -0.000000e+00   -0.000000e+00   2.661947e+02   1.200996e-03   9.178537e+02
6.000000e-01   -7.094882e+00   -0.000000e+00   -0.000000e+00   2.652881e+02   1.189851e-03   9.062386e+02
7.000000e-01   -7.343253e+00   -0.000000e+00   -0.000000e+00   2.644183e+02   1.178613e-03   8.947360e+02
8.000000e-01   -7.552529e+00   -0.000000e+00   -0.000000e+00   2.635870e+02   1.167279e-03   8.833461e+02
9.000000e-01   -7.715964e+00   -0.000000e+00   -0.000000e+00   2.627754e+02   1.155935e-03   8.720682e+02
1.000000e+00   -7.824709e+00   -0.000000e+00   -0.000000e+00   2.620097e+02   1.144468e-03   8.609011e+02
1.100000e+00   -7.850947e+00   -0.000000e+00   -0.000000e+00   2.612683e+02   1.132974e-03   8.498438e+02
1.200000e+00   -7.750896e+00   -0.000000e+00   -0.000000e+00   2.605246e+02   1.121571e-03   8.388956e+02
1.300000e+00   -7.496456e+00   -0.000000e+00   -0.000000e+00   2.597872e+02   1.110221e-03   8.280553e+02
1.400000e+00   -7.113177e+00   -0.000000e+00   -0.000000e+00   2.590358e+02   1.099009e-03   8.173219e+02
1.500000e+00   -6.622562e+00   -0.000000e+00   -0.000000e+00   2.581955e+02   1.088248e-03   8.066941e+02
1.600000e+00   -6.051585e+00   -0.000000e+00   -0.000000e+00   2.575161e+02   1.076885e-03   7.961708e+02
1.700000e+00   -5.439343e+00   -0.000000e+00   -0.000000e+00   2.576378e+02   1.062290e-03   7.857514e+02
1.800000e+00   -4.818624e+00   -0.000000e+00   -0.000000e+00   2.582320e+02   1.045931e-03   7.754350e+02
1.900000e+00   -4.218119e+00   -0.000000e+00   -0.000000e+00   2.585070e+02   1.031056e-03   7.652208e+02
2.000000e+00   -3.668486e+00   -0.000000e+00   -0.000000e+00   2.582950e+02   1.018271e-03   7.551129e+02
2.100000e+00   -3.199728e+00   -0.000000e+00   -0.000000e+00   2.578558e+02   1.006506e-03   7.451186e+02
2.200000e+00   -2.825561e+00   -0.000000e+00   -0.000000e+00   2.573857e+02   9.949812e-04   7.352442e+02
2.300000e+00   -2.516366e+00   -0.000000e+00   -0.000000e+00   2.569413e+02   9.834842e-04   7.254936e+02
2.400000e+00   -2.239311e+00   -0.000000e+00   -0.000000e+00   2.565563e+02   9.718942e-04   7.158698e+02
2.500000e+00   -1.986086e+00   -0.000000e+00   -0.000000e+00   2.562121e+02   9.602836e-04   7.063688e+02
2.600000e+00   -1.808657e+00   -0.000000e+00   -0.000000e+00   2.558654e+02   9.488084e-04   6.969833e+02
2.700000e+00   -1.750299e+00   -0.000000e+00   -0.000000e+00   2.554959e+02   9.375359e-04   6.877082e+02
2.800000e+00   -1.731866e+00   -0.000000e+00   -0.000000e+00   2.551310e+02   9.263637e-04   6.785425e+02
2.900000e+00   -1.672838e+00   -0.000000e+00   -0.000000e+00   2.548004e+02   9.151850e-04   6.694858e+02
3.000000e+00   -1.496709e+00   -0.000000e+00   -0.000000e+00   2.544871e+02   9.040639e-04   6.605371e+02
3.100000e+00   -1.152376e+00   -0.000000e+00   -0.000000e+00   2.541378e+02   8.931880e-04   6.516950e+02
3.200000e+00   -6.871503e-01   -0.000000e+00   -0.000000e+00   2.536985e+02   8.827393e-04   6.429581e+02
3.300000e+00   -1.676627e-01   -0.000000e+00   -0.000000e+00   2.531453e+02   8.727898e-04   6.343250e+02
3.400000e+00   3.369020e-01   -0.000000e+00   -0.000000e+00   2.525223e+02   8.631761e-04   6.257942e+02
3.500000e+00   7.569400e-01   -0.000000e+00   -0.000000e+00   2.518832e+02   8.537094e-04   6.173644e+02
3.600000e+00   1.065168e+00   -0.000000e+00   -0.000000e+00   2.512815e+02   8.442068e-04   6.090341e+02
3.700000e+00   1.317428e+00   -0.000000e+00   -0.000000e+00   2.507604e+02   8.345266e-04   6.008021e+02
3.800000e+00   1.515770e+00   -0.000000e+00   -0.000000e+00   2.503091e+02   8.247114e-04   5.926672e+02
3.900000e+00   1.664684e+00   -0.000000e+00   -0.000000e+00   2.498987e+02   8.148608e-04   5.846283e+02
4.000000e+00   1.768659e+00   0.000000e+00   0.000000e+00   2.495007e+02   8.050707e-04   5.766844e+02
4.100000e+00   1.839695e+00   0.000000e+00   0.000000e+00   2.490867e+02   7.954318e-04   5.688344e+02
4.200000e+00   1.899646e+00   0.000000e+00   0.000000e+00   2.486414e+02   7.859894e-04   5.610770e+02
4.300000e+00   1.945257e+00   0.000000e+00   0.000000e+00   2.481669e+02   7.767322e-04   5.534106e+02
4.400000e+00   1.971493e+00   0.000000e+00   0.000000e+00   2.476665e+02   7.676455e-04   5.458337e+02
4.500000e+00   1.973319e+00   0.000000e+00   0.000000e+00   2.471436e+02   7.587152e-04   5.383447e+02
4.600000e+00   1.909436e+00   0.000000e+00   0.000000e+00   2.466011e+02   7.499281e-04   5.309420e+02
4.700000e+00   1.712186e+00   0.000000e+00   0.000000e+00   2.460399e+02   7.412795e-04   5.236243e+02
4.800000e+00   1.456953e+00   0.000000e+00   0.000000e+00   2.454585e+02   7.327706e-04   5.163907e+02
4.900000e+00   1.227136e+00   0.000000e+00   0.000000e+00   2.448557e+02   7.244025e-04   5.092399e+02
5.000000e+00   1.106130e+00   0.000000e+00   0.000000e+00   2.442303e+02   7.161762e-04   5.021711e+02
5.100000e+00   1.172288e+00   0.000000e+00   0.000000e+00   2.435811e+02   7.080923e-04   4.951831e+02
5.200000e+00   1.412572e+00   0.000000e+00   0.000000e+00   2.429106e+02   7.001412e-04   4.882749e+02
5.300000e+00   1.739161e+00   0.000000e+00   0.000000e+00   2.422238e+02   6.923057e-04   4.814455e+02
5.400000e+00   2.062256e+00   0.000000e+00   0.000000e+00   2.415261e+02   6.845688e-04   4.746938e+02
5.500000e+00   2.292056e+00   0.000000e+00   0.000000e+00   2.408228e+02   6.769140e-04   4.680190e+02
5.600000e+00   2.378319e+00   0.000000e+00   0.000000e+00   2.401191e+02   6.693253e-04   4.614199e+02
5.700000e+00   2.420401e+00   0.000000e+00   0.000000e+00   2.394184e+02   6.617927e-04   4.548957e+02
5.800000e+00   2.441794e+00   0.000000e+00   0.000000e+00   2.387198e+02   6.543185e-04   4.484458e+02
5.900000e+00   2.455390e+00   0.000000e+00   0.000000e+00   2.380219e+02   6.469065e-04   4.420698e+02
6.000000e+00   2.474081e+00   0.000000e+00   0.000000e+00   2.373234e+02   6.395605e-04   4.357672e+02
6.100000e+00   2.502435e+00   0.000000e+00   0.000000e+00   2.366227e+02   6.322839e-04   4.295373e+02
6.200000e+00   2.521452e+00   0.000000e+00   0.000000e+00   2.359185e+02   6.250802e-04   4.233798e+02
6.300000e+00   2.543950e+00   0.000000e+00   0.000000e+00   2.352111e+02   6.179482e-04   4.172941e+02
6.400000e+00   2.584688e+00   0.000000e+00   0.000000e+00   2.345023e+02   6.108825e-04   4.112796e+02
6.500000e+00   2.658333e+00   0.000000e+00   0.000000e+00   2.337942e+02   6.038774e-04   4.053357e+02
6.600000e+00   2.804196e+00   0.000000e+00   0.000000e+00   2.330887e+02   5.969276e-04   3.994617e+02
6.700000e+00   3.107562e+00   0.000000e+00   0.000000e+00   2.323879e+02   5.900277e-04   3.936572e+02
6.800000e+00   3.493743e+00   0.000000e+00   0.000000e+00   2.316937e+02   5.831729e-04   3.879216e+02
6.900000e+00   3.872096e+00   0.000000e+00   0.000000e+00   2.310061e+02   5.763634e-04   3.822541e+02
7.000000e+00   4.154857e+00   0.000000e+00   0.000000e+00   2.303215e+02   5.696079e-04   3.766543e+02
7.100000e+00   4.245353e+00   0.000000e+00   0.000000e+00   2.296362e+02   5.629154e-04   3.711212e+02
7.200000e+00   4.094817e+00   0.000000e+00   0.000000e+00   2.289464e+02   5.562944e-04   3.656545e+02
7.300000e+00   3.822711e+00   0.000000e+00   0.000000e+00   2.282483e+02   5.497534e-04   3.602533e+02
7.400000e+00   3.563572e+00   0.000000e+00   0.000000e+00   2.275382e+02   5.433004e-04   3.549169e+02
7.500000e+00   3.451535e+00   0.000000e+00   0.000000e+00   2.268128e+02   5.369418e-04   3.496449e+02
7.600000e+00   3.578003e+00   0.000000e+00   0.000000e+00   2.260744e+02   5.306715e-04   3.444368e+02
7.700000e+00   3.786697e+00   0.000000e+00   0.000000e+00   2.253288e+02   5.244756e-04   3.392926e+02
7.800000e+00   4.029758e+00   0.000000e+00   0.000000e+00   2.245818e+02   5.183407e-04   3.342121e+02
7.900000e+00   4.291698e+00   0.000000e+00   0.000000e+00   2.238391e+02   5.122539e-04   3.291953e+02
8.000000e+00   4.557031e+00   0.000000e+00   0.000000e+00   2.231066e+02   5.062026e-04   3.242419e+02
8.100000e+00   4.824492e+00   0.000000e+00   0.000000e+00   2.223901e+02   5.001749e-04   3.193521e+02
8.200000e+00   5.158252e+00   0.000000e+00   0.000000e+00   2.216954e+02   4.941592e-04   3.145255e+02
8.300000e+00   5.513165e+00   0.000000e+00   0.000000e+00   2.210283e+02   4.881443e-04   3.097622e+02
8.400000e+00   5.824676e+00   0.000000e+00   0.000000e+00   2.203935e+02   4.821220e-04   3.050620e+02
8.500000e+00   6.031528e+00   0.000000e+00   0.000000e+00   2.197937e+02   4.760893e-04   3.004249e+02
8.600000e+00   6.084194e+00   0.000000e+00   0.000000e+00   2.192311e+02   4.700438e-04   2.958508e+02
8.700000e+00   6.037917e+00   0.000000e+00   0.000000e+00   2.187080e+02   4.639837e-04   2.913398e+02
8.800000e+00   5.923690e+00   0.000000e+00   0.000000e+00   2.182269e+02   4.579071e-04   2.868917e+02
8.900000e+00   5.757255e+00   0.000000e+00   0.000000e+00   2.177899e+02   4.518127e-04   2.825065e+02
9.000000e+00   5.554354e+00   0.000000e+00   0.000000e+00   2.173994e+02   4.456992e-04   2.781843e+02
9.100000e+00   5.317621e+00   0.000000e+00   0.000000e+00   2.170577e+02   4.395657e-04   2.739248e+02
9.200000e+00   4.961327e+00   0.000000e+00   0.000000e+00   2.167671e+02   4.334115e-04   2.697281e+02
9.300000e+00   4.528653e+00   0.000000e+00   0.000000e+00   2.165300e+02   4.272364e-04   2.655942e+02
9.400000e+00   4.096452e+00   0.000000e+00   0.000000e+00   2.163476e+02   4.210419e-04   2.615229e+02
9.500000e+00   3.743972e+00   0.000000e+00   0.000000e+00   2.162171e+02   4.148375e-04   2.575137e+02
9.600000e+00   3.566406e+00   0.000000e+00   0.000000e+00   2.161344e+02   4.086343e-04   2.535660e+02
9.700000e+00   3.727276e+00   0.000000e+00   0.000000e+00   2.160953e+02   4.024430e-04   2.496790e+02
9.800000e+00   4.103838e+00   0.000000e+00   0.000000e+00   2.160959e+02   3.962738e-04   2.458522e+02
9.900000e+00   4.509983e+00   0.000000e+00   0.000000e+00   2.161319e+02   3.901365e-04   2.420850e+02
1.000000e+01   4.759598e+00   0.000000e+00   0.000000e+00   2.161994e+02   3.840402e-04   2.383766e+02
1.010000e+01   4.691550e+00   0.000000e+00   0.000000e+00   2.162942e+02   3.779939e-04   2.347264e+02
1.020000e+01   4.503201e+00   0.000000e+00   0.000000e+00   2.164122e+02   3.720055e-04   2.311338e+02
1.030000e+01   4.292053e+00   0.000000e+00   0.000000e+00   2.165494e+02   3.660830e-04   2.275982e+02
1.040000e+01   4.070181e+00   0.000000e+00   0.000000e+00   2.167017e+02   3.602332e-04   2.241189e+02
1.050000e+01   3.846079e+00   0.000000e+00   0.000000e+00   2.168669e+02   3.544599e-04   2.206951e+02
1.060000e+01   3.609000e+00   0.000000e+00   0.000000e+00   2.170440e+02   3.487639e-04   2.173260e+02
1.070000e+01   3.151581e+00   0.000000e+00   0.000000e+00   2.172322e+02   3.431460e-04   2.140107e+02
1.080000e+01   2.536224e+00   0.000000e+00   0.000000e+00   2.174305e+02   3.376069e-04   2.107483e+02
1.090000e+01   1.927175e+00   0.000000e+00   0.000000e+00   2.176381e+02   3.321471e-04   2.075381e+02
1.100000e+01   1.488680e+00   0.000000e+00   0.000000e+00   2.178542e+02   3.267670e-04   2.043790e+02
1.110000e+01   1.392144e+00   0.000000e+00   0.000000e+00   2.180777e+02   3.214669e-04   2.012704e+02
1.120000e+01   1.823778e+00   0.000000e+00   0.000000e+00   2.183078e+02   3.162470e-04   1.982112e+02
1.130000e+01   2.599907e+00   0.000000e+00   0.000000e+00   2.185437e+02   3.111075e-04   1.952006e+02
1.140000e+01   3.443128e+00   0.000000e+00   0.000000e+00   2.187845e+02   3.060483e-04   1.922378e+02
1.150000e+01   4.076786e+00   0.000000e+00   0.000000e+00   2.190292e+02   3.010695e-04   1.893220e+02
1.160000e+01   4.245159e+00   0.000000e+00   0.000000e+00   2.192766e+02   2.961717e-04   1.864525e+02
1.170000e+01   4.207455e+00   0.000000e+00   0.000000e+00   2.195256e+02   2.913552e-04   1.836286e+02
1.180000e+01   4.141192e+00   0.000000e+00   0.000000e+00   2.197750e+02   2.866204e-04   1.808497e+02
1.190000e+01   4.050984e+00   0.000000e+00   0.000000e+00   2.200236e+02   2.819677e-04   1.781152e+02
1.200000e+01   3.941442e+00   0.000000e+00   0.000000e+00   2.202702e+02   2.773971e-04   1.754244e+02
1.210000e+01   3.807877e+00   0.000000e+00   0.000000e+00   2.205136e+02   2.729087e-04   1.727767e+02
1.220000e+01   3.396197e+00   0.000000e+00   0.000000e+00   2.207527e+02   2.685025e-04   1.701715e+02
1.230000e+01   2.741782e+00   0.000000e+00   0.000000e+00   2.209862e+02   2.641784e-04   1.676080e+02
1.240000e+01   2.050286e+00   0.000000e+00   0.000000e+00   2.212130e+02   2.599361e-04   1.650858e+02
1.250000e+01   1.527334e+00   0.000000e+00   0.000000e+00   2.214320e+02   2.557755e-04   1.626041e+02
1.260000e+01   1.374604e+00   0.000000e+00   0.000000e+00   2.216439e+02   2.516936e-04   1.601624e+02
1.270000e+01   1.581532e+00   0.000000e+00   0.000000e+00   2.218523e+02   2.476854e-04   1.577600e+02
1.280000e+01   1.984565e+00   0.000000e+00   0.000000e+00   2.220606e+02   2.437457e-04   1.553963e+02
1.290000e+01   2.457800e+00   0.000000e+00   0.000000e+00   2.222722e+02   2.398695e-04   1.530709e+02
1.300000e+01   2.875333e+00   0.000000e+00   0.000000e+00   2.224907e+02   2.360523e-04   1.507830e+02
1.310000e+01   3.113822e+00   0.000000e+00   0.000000e+00   2.227196e+02   2.322897e-04   1.485322e+02
1.320000e+01   3.249793e+00   0.000000e+00   0.000000e+00   2.229623e+02   2.285775e-04   1.463178e+02
1.330000e+01   3.368815e+00   0.000000e+00   0.000000e+00   2.232224e+02   2.249119e-04   1.441393e+02
1.340000e+01   3.463183e+00   0.000000e+00   0.000000e+00   2.235033e+02   2.212892e-04   1.419961e+02
1.350000e+01   3.525193e+00   0.000000e+00   0.000000e+00   2.238086e+02   2.177059e-04   1.398876e+02
1.360000e+01   3.547207e+00   0.000000e+00   0.000000e+00   2.241415e+02   2.141590e-04   1.378132e+02
1.370000e+01   3.525778e+00   0.000000e+00   0.000000e+00   2.245021e+02   2.106486e-04   1.357724e+02
1.380000e+01   3.474838e+00   0.000000e+00   0.000000e+00   2.248884e+02   2.071769e-04   1.337645e+02
1.390000e+01   3.412826e+00   0.000000e+00   0.000000e+00   2.252984e+02   2.037458e-04   1.317890e+02
1.400000e+01   3.358182e+00   0.000000e+00   0.000000e+00   2.257299e+02   2.003572e-04   1.298453e+02
1.410000e+01   3.330034e+00   0.000000e+00   0.000000e+00   2.261807e+02   1.970127e-04   1.279329e+02
1.420000e+01   3.490510e+00   0.000000e+00   0.000000e+00   2.266489e+02   1.937139e-04   1.260512e+02
1.430000e+01   3.856366e+00   0.000000e+00   0.000000e+00   2.271323e+02   1.904620e-04   1.241995e+02
1.440000e+01   4.286417e+00   0.000000e+00   0.000000e+00   2.276289e+02   1.872584e-04   1.223773e+02
1.450000e+01   4.639474e+00   0.000000e+00   0.000000e+00   2.281364e+02   1.841039e-04   1.205841e+02
1.460000e+01   4.774108e+00   0.000000e+00   0.000000e+00   2.286528e+02   1.809997e-04   1.188192e+02
1.470000e+01   4.398422e+00   0.000000e+00   0.000000e+00   2.291760e+02   1.779464e-04   1.170821e+02
1.480000e+01   3.553991e+00   0.000000e+00   0.000000e+00   2.297026e+02   1.749458e-04   1.153723e+02
1.490000e+01   2.557285e+00   0.000000e+00   0.000000e+00   2.302285e+02   1.720000e-04   1.136894e+02
1.500000e+01   1.724765e+00   0.000000e+00   0.000000e+00   2.307497e+02   1.691108e-04   1.120327e+02
1.510000e+01   1.372887e+00   0.000000e+00   0.000000e+00   2.312622e+02   1.662799e-04   1.104019e+02
1.520000e+01   1.552280e+00   0.000000e+00   0.000000e+00   2.317620e+02   1.635086e-04   1.087966e+02
1.530000e+01   1.995116e+00   0.000000e+00   0.000000e+00   2.322450e+02   1.607984e-04   1.072162e+02
1.540000e+01   2.540165e+00   0.000000e+00   0.000000e+00   2.327071e+02   1.581501e-04   1.056602e+02
1.550000e+01   3.026199e+00   0.000000e+00   0.000000e+00   2.331443e+02   1.555649e-04   1.041283e+02
1.560000e+01   3.291991e+00   0.000000e+00   0.000000e+00   2.335526e+02   1.530433e-04   1.026199e+02
1.570000e+01   3.371779e+00   0.000000e+00   0.000000e+00   2.339279e+02   1.505861e-04   1.011345e+02
1.580000e+01   3.427099e+00   0.000000e+00   0.000000e+00   2.342664e+02   1.481937e-04   9.967179e+01
1.590000e+01   3.452786e+00   0.000000e+00   0.000000e+00   2.345678e+02   1.458643e-04   9.823128e+01
1.600000e+01   3.443954e+00   0.000000e+00   0.000000e+00   2.348346e+02   1.435945e-04   9.681267e+01
1.610000e+01   3.395729e+00   0.000000e+00   0.000000e+00   2.350693e+02   1.413811e-04   9.541565e+01
1.620000e+01   3.158502e+00   0.000000e+00   0.000000e+00   2.352745e+02   1.392211e-04   9.403990e+01
1.630000e+01   2.648103e+00   0.000000e+00   0.000000e+00   2.354528e+02   1.371114e-04   9.268509e+01
1.640000e+01   2.031408e+00   0.000000e+00   0.000000e+00   2.356068e+02   1.350494e-04   9.135092e+01
1.650000e+01   1.476159e+00   0.000000e+00   0.000000e+00   2.357391e+02   1.330324e-04   9.003706e+01
1.660000e+01   1.150098e+00   0.000000e+00   0.000000e+00   2.358522e+02   1.310578e-04   8.874319e+01
1.670000e+01   1.055618e+00   0.000000e+00   0.000000e+00   2.359488e+02   1.291231e-04   8.746900e+01
1.680000e+01   1.010993e+00   0.000000e+00   0.000000e+00   2.360314e+02   1.272262e-04   8.621417e+01
1.690000e+01   1.001754e+00   0.000000e+00   0.000000e+00   2.361026e+02   1.253647e-04   8.497838e+01
1.700000e+01   1.015728e+00   0.000000e+00   0.000000e+00   2.361646e+02   1.235368e-04   8.376132e+01
1.710000e+01   1.041510e+00   0.000000e+00   0.000000e+00   2.362192e+02   1.217408e-04   8.256268e+01
1.720000e+01   1.172590e+00   0.000000e+00   0.000000e+00   2.362680e+02   1.199753e-04   8.138216e+01
1.730000e+01   1.494882e+00   0.000000e+00   0.000000e+00   2.363127e+02   1.182389e-04   8.021944e+01
1.740000e+01   1.871500e+00   0.000000e+00   0.000000e+00   2.363550e+02   1.165300e-04   7.907423e+01
1.750000e+01   2.162696e+00   0.000000e+00   0.000000e+00   2.363966e+02   1.148475e-04   7.794621e+01
1.760000e+01   2.228724e+00   0.000000e+00   0.000000e+00   2.364391e+02   1.131900e-04   7.683508e+01
1.770000e+01   1.953938e+00   0.000000e+00   0.000000e+00   2.364843e+02   1.115562e-04   7.574053e+01
1.780000e+01   1.400366e+00   0.000000e+00   0.000000e+00   2.365338e+02   1.099450e-04   7.466225e+01
1.790000e+01   7.089420e-01   0.000000e+00   0.000000e+00   2.365894e+02   1.083552e-04   7.359994e+01
1.800000e+01   2.093958e-02   0.000000e+00   0.000000e+00   2.366526e+02   1.067858e-04   7.255330e+01
1.810000e+01   -5.225308e-01   0.000000e+00   0.000000e+00   2.367247e+02   1.052359e-04   7.152202e+01
1.820000e+01   -8.916535e-01   0.000000e+00   0.000000e+00   2.368042e+02   1.037059e-04   7.050584e+01
1.830000e+01   -1.237319e+00   0.000000e+00   0.000000e+00   2.368893e+02   1.021963e-04   6.950453e+01
1.840000e+01   -1.541967e+00   0.000000e+00   0.000000e+00   2.369781e+02   1.007078e-04   6.851782e+01
1.850000e+01   -1.781900e+00   0.000000e+00   0.000000e+00   2.370688e+02   9.924066e-05   6.754549e+01
1.860000e+01   -1.933418e+00   0.000000e+00   0.000000e+00   2.371593e+02   9.779544e-05   6.658727e+01
1.870000e+01   -1.970855e+00   0.000000e+00   0.000000e+00   2.372479e+02   9.637250e-05   6.564292e+01
1.880000e+01   -1.893308e+00   0.000000e+00   0.000000e+00   2.373326e+02   9.497215e-05   6.471219e+01
1.890000e+01   -1.728988e+00   0.000000e+00   0.000000e+00   2.374116e+02   9.359470e-05   6.379484e+01
1.900000e+01   -1.506765e+00   0.000000e+00   0.000000e+00   2.374829e+02   9.224038e-05   6.289061e+01
1.910000e+01   -1.255510e+00   0.000000e+00   0.000000e+00   2.375447e+02   9.090941e-05   6.199927e+01
1.920000e+01   -9.293421e-01   0.000000e+00   0.000000e+00   2.375951e+02   8.960194e-05   6.112056e+01
1.930000e+01   -4.166699e-01   0.000000e+00   0.000000e+00   2.376337e+02   8.831764e-05   6.025427e+01
1.940000e+01   1.587260e-01   0.000000e+00   0.000000e+00   2.376617e+02   8.705559e-05   5.940025e+01
1.950000e+01   6.618675e-01   0.000000e+00   0.000000e+00   2.376805e+02   8.581489e-05   5.855832e+01
1.960000e+01   9.577763e-01   0.000000e+00   0.000000e+00   2.376915e+02   8.459468e-05   5.772835e+01
1.970000e+01   8.975398e-01   0.000000e+00   0.000000e+00   2.376960e+02   8.339412e-05   5.691015e+01
1.980000e+01   4.698895e-01   0.000000e+00   0.000000e+00   2.376954e+02   8.221241e-05   5.610358e+01
1.990000e+01   -1.271484e-01   0.000000e+00   0.000000e+00   2.376911e+02   8.104877e-05   5.530848e+01
2.000000e+01   -6.878782e-01   0.000000e+00   0.000000e+00   2.376844e+02   7.990245e-05   5.452468e+01
2.010000e+01   -1.006604e+00   0.000000e+00   0.000000e+00   2.376766e+02   7.877274e-05   5.375202e+01
2.020000e+01   -9.837908e-01   0.000000e+00   0.000000e+00   2.376692e+02   7.765894e-05   5.299035e+01
2.030000e+01   -8.668184e-01   0.000000e+00   0.000000e+00   2.376635e+02   7.656040e-05   5.223950e+01
2.040000e+01   -7.054699e-01   0.000000e+00   0.000000e+00   2.376608e+02   7.547648e-05   5.149932e+01
2.050000e+01   -5.258559e-01   0.000000e+00   0.000000e+00   2.376613e+02   7.440693e-05   5.076966e+01
2.060000e+01   -3.532284e-01   0.000000e+00   0.000000e+00   2.376650e+02   7.335165e-05   5.005038e+01
2.070000e+01   -1.842460e-01   0.000000e+00   0.000000e+00   2.376714e+02   7.231056e-05   4.934134e+01
2.080000e+01   4.484993e-02   0.000000e+00   0.000000e+00   2.376804e+02   7.128355e-05   4.864240e+01
2.090000e+01   2.846440e-01   0.000000e+00   0.000000e+00   2.376917e+02   7.027053e-05   4.795343e+01
2.100000e+01   4.753673e-01   0.000000e+00   0.000000e+00   2.377051e+02   6.927140e-05   4.727427e+01
2.110000e+01   5.572507e-01   0.000000e+00   0.000000e+00   2.377204e+02   6.828603e-05   4.660480e+01
2.120000e+01   5.021259e-01   0.000000e+00   0.000000e+00   2.377372e+02   6.731432e-05   4.594487e+01
2.130000e+01   4.063401e-01   0.000000e+00   0.000000e+00   2.377554e+02   6.635615e-05   4.529434e+01
2.140000e+01   2.839443e-01   0.000000e+00   0.000000e+00   2.377747e+02   6.541139e-05   4.465307e+01
2.150000e+01   1.365825e-01   0.000000e+00   0.000000e+00   2.377948e+02   6.447992e-05   4.402093e+01
2.160000e+01   -3.402812e-02   0.000000e+00   0.000000e+00   2.378156e+02   6.356159e-05   4.339777e+01
2.170000e+01   -3.436073e-01   0.000000e+00   0.000000e+00   2.378372e+02   6.265619e-05   4.278348e+01
2.180000e+01   -1.203317e+00   0.000000e+00   0.000000e+00   2.378600e+02   6.176347e-05   4.217796e+01
2.190000e+01   -2.362204e+00   0.000000e+00   0.000000e+00   2.378843e+02   6.088322e-05   4.158108e+01
2.200000e+01   -3.490091e+00   0.000000e+00   0.000000e+00   2.379104e+02   6.001520e-05   4.099275e+01
2.210000e+01   -4.256799e+00   0.000000e+00   0.000000e+00   2.379387e+02   5.915919e-05   4.041286e+01
2.220000e+01   -4.460618e+00   0.000000e+00   0.000000e+00   2.379694e+02   5.831496e-05   3.984129e+01
2.230000e+01   -4.576775e+00   0.000000e+00   0.000000e+00   2.380029e+02   5.748231e-05   3.927794e+01
2.240000e+01   -4.690576e+00   0.000000e+00   0.000000e+00   2.380395e+02   5.666101e-05   3.872271e+01
2.250000e+01   -4.800916e+00   0.000000e+00   0.000000e+00   2.380796e+02   5.585086e-05   3.817547e+01
2.260000e+01   -4.906688e+00   0.000000e+00   0.000000e+00   2.381234e+02   5.505166e-05   3.763613e+01
2.270000e+01   -4.954898e+00   0.000000e+00   0.000000e+00   2.381714e+02   5.426320e-05   3.710457e+01
2.280000e+01   -4.680006e+00   0.000000e+00   0.000000e+00   2.382237e+02   5.348531e-05   3.658068e+01
2.290000e+01   -4.149534e+00   0.000000e+00   0.000000e+00   2.382802e+02   5.271790e-05   3.606437e+01
2.300000e+01   -3.488475e+00   0.000000e+00   0.000000e+00   2.383404e+02   5.196095e-05   3.555552e+01
2.310000e+01   -2.821823e+00   0.000000e+00   0.000000e+00   2.384038e+02   5.121443e-05   3.505403e+01
2.320000e+01   -2.220740e+00   0.000000e+00   0.000000e+00   2.384701e+02   5.047830e-05   3.455979e+01
2.330000e+01   -1.457080e+00   0.000000e+00   0.000000e+00   2.385389e+02   4.975251e-05   3.407270e+01
2.340000e+01   -6.309223e-01   0.000000e+00   0.000000e+00   2.386095e+02   4.903701e-05   3.359264e+01
2.350000e+01   8.508770e-02   0.000000e+00   0.000000e+00   2.386817e+02   4.833174e-05   3.311952e+01
2.360000e+01   5.183030e-01   0.000000e+00   0.000000e+00   2.387550e+02   4.763664e-05   3.265322e+01
2.370000e+01   5.445686e-01   0.000000e+00   0.000000e+00   2.388290e+02   4.695164e-05   3.219365e+01
2.380000e+01   4.377207e-01   0.000000e+00   0.000000e+00   2.389032e+02   4.627666e-05   3.174068e+01
2.390000e+01   2.778133e-01   0.000000e+00   0.000000e+00   2.389771e+02   4.561163e-05   3.129423e+01
2.400000e+01   7.157258e-02   0.000000e+00   0.000000e+00   2.390504e+02   4.495647e-05   3.085418e+01
2.410000e+01   -1.743642e-01   0.000000e+00   0.000000e+00   2.391228e+02   4.431105e-05   3.042044e+01
2.420000e+01   -5.429536e-01   0.000000e+00   0.000000e+00   2.391943e+02   4.367523e-05   2.999290e+01
2.430000e+01   -1.693474e+00   0.000000e+00   0.000000e+00   2.392649e+02   4.304888e-05   2.957149e+01
2.440000e+01   -3.354146e+00   0.000000e+00   0.000000e+00   2.393344e+02   4.243185e-05   2.915610e+01
2.450000e+01   -5.022000e+00   0.000000e+00   0.000000e+00   2.394029e+02   4.182400e-05   2.874666e+01
2.460000e+01   -6.194069e+00   0.000000e+00   0.000000e+00   2.394703e+02   4.122519e-05   2.834306e+01
2.470000e+01   -6.426843e+00   0.000000e+00   0.000000e+00   2.395366e+02   4.063527e-05   2.794521e+01
2.480000e+01   -6.072050e+00   0.000000e+00   0.000000e+00   2.396017e+02   4.005411e-05   2.755303e+01
2.490000e+01   -5.424722e+00   0.000000e+00   0.000000e+00   2.396656e+02   3.948156e-05   2.716642e+01
2.500000e+01   -4.646953e+00   0.000000e+00   0.000000e+00   2.397282e+02   3.891748e-05   2.678528e+01
2.510000e+01   -3.900840e+00   0.000000e+00   0.000000e+00   2.397896e+02   3.836173e-05   2.640954e+01
2.520000e+01   -3.323442e+00   0.000000e+00   0.000000e+00   2.398496e+02   3.781416e-05   2.603909e+01
2.530000e+01   -2.732693e+00   0.000000e+00   0.000000e+00   2.399083e+02   3.727463e-05   2.567386e+01
2.540000e+01   -2.132041e+00   0.000000e+00   0.000000e+00   2.399659e+02   3.674301e-05   2.531376e+01
2.550000e+01   -1.620363e+00   0.000000e+00   0.000000e+00   2.400225e+02   3.621916e-05   2.495874e+01
2.560000e+01   -1.296541e+00   0.000000e+00   0.000000e+00   2.400783e+02   3.570293e-05   2.460872e+01
2.570000e+01   -1.301775e+00   0.000000e+00   0.000000e+00   2.401335e+02   3.519419e-05   2.426365e+01
2.580000e+01   -2.222717e+00   0.000000e+00   0.000000e+00   2.401884e+02   3.469282e-05   2.392345e+01
2.590000e+01   -3.801846e+00   0.000000e+00   0.000000e+00   2.402430e+02   3.419867e-05   2.358807e+01
2.600000e+01   -5.499029e+00   0.000000e+00   0.000000e+00   2.402978e+02   3.371162e-05   2.325743e+01
2.610000e+01   -6.774135e+00   0.000000e+00   0.000000e+00   2.403527e+02   3.323154e-05   2.293147e+01
2.620000e+01   -7.128230e+00   0.000000e+00   0.000000e+00   2.404081e+02   3.275831e-05   2.261012e+01
2.630000e+01   -6.990994e+00   0.000000e+00   0.000000e+00   2.404641e+02   3.229180e-05   2.229332e+01
2.640000e+01   -6.691761e+00   0.000000e+00   0.000000e+00   2.405209e+02   3.183189e-05   2.198101e+01
2.650000e+01   -6.303228e+00   0.000000e+00   0.000000e+00   2.405787e+02   3.137846e-05   2.167311e+01
2.660000e+01   -5.897849e+00   0.000000e+00   0.000000e+00   2.406378e+02   3.093139e-05   2.136956e+01
2.670000e+01   -5.539683e+00   0.000000e+00   0.000000e+00   2.406983e+02   3.049057e-05   2.107031e+01
2.680000e+01   -5.109518e+00   0.000000e+00   0.000000e+00   2.407606e+02   3.005591e-05   2.077531e+01
2.690000e+01   -4.619582e+00   0.000000e+00   0.000000e+00   2.408249e+02   2.962728e-05   2.048451e+01
2.700000e+01   -4.170907e+00   0.000000e+00   0.000000e+00   2.408914e+02   2.920460e-05   2.019784e+01
2.710000e+01   -3.864521e+00   0.000000e+00   0.000000e+00   2.409604e+02   2.878777e-05   1.991526e+01
2.720000e+01   -3.800505e+00   0.000000e+00   0.000000e+00   2.410322e+02   2.837667e-05   1.963671e+01
2.730000e+01   -3.995919e+00   0.000000e+00   0.000000e+00   2.411070e+02   2.797122e-05   1.936215e+01
2.740000e+01   -4.340867e+00   0.000000e+00   0.000000e+00   2.411850e+02   2.757132e-05   1.909150e+01
2.750000e+01   -4.717301e+00   0.000000e+00   0.000000e+00   2.412665e+02   2.717687e-05   1.882473e+01
2.760000e+01   -5.007175e+00   0.000000e+00   0.000000e+00   2.413518e+02   2.678778e-05   1.856178e+01
2.770000e+01   -5.095813e+00   0.000000e+00   0.000000e+00   2.414411e+02   2.640396e-05   1.830259e+01
2.780000e+01   -5.049470e+00   0.000000e+00   0.000000e+00   2.415347e+02   2.602531e-05   1.804712e+01
2.790000e+01   -4.949055e+00   0.000000e+00   0.000000e+00   2.416326e+02   2.565178e-05   1.779530e+01
2.800000e+01   -4.807358e+00   0.000000e+00   0.000000e+00   2.417345e+02   2.528334e-05   1.754710e+01
2.810000e+01   -4.637288e+00   0.000000e+00   0.000000e+00   2.418401e+02   2.491996e-05   1.730247e+01
2.820000e+01   -4.449478e+00   0.000000e+00   0.000000e+00   2.419490e+02   2.456163e-05   1.706135e+01
2.830000e+01   -4.121792e+00   0.000000e+00   0.000000e+00   2.420610e+02   2.420832e-05   1.682371e+01
2.840000e+01   -3.662810e+00   0.000000e+00   0.000000e+00   2.421756e+02   2.386000e-05   1.658950e+01
2.850000e+01   -3.190330e+00   0.000000e+00   0.000000e+00   2.422927e+02   2.351664e-05   1.635866e+01
2.860000e+01   -2.822155e+00   0.000000e+00   0.000000e+00   2.424117e+02   2.317820e-05   1.613116e+01
2.870000e+01   -2.675022e+00   0.000000e+00   0.000000e+00   2.425325e+02   2.284466e-05   1.590695e+01
2.880000e+01   -2.711516e+00   0.000000e+00   0.000000e+00   2.426547e+02   2.251597e-05   1.568598e+01
2.890000e+01   -2.834886e+00   0.000000e+00   0.000000e+00   2.427779e+02   2.219210e-05   1.546821e+01
2.900000e+01   -3.014280e+00   0.000000e+00   0.000000e+00   2.429019e+02   2.187301e-05   1.525358e+01
2.910000e+01   -3.218847e+00   0.000000e+00   0.000000e+00   2.430263e+02   2.155865e-05   1.504205e+01
2.920000e+01   -3.417587e+00   0.000000e+00   0.000000e+00   2.431508e+02   2.124897e-05   1.483358e+01
2.930000e+01   -3.656411e+00   0.000000e+00   0.000000e+00   2.432756e+02   2.094390e-05   1.462812e+01
2.940000e+01   -3.947094e+00   0.000000e+00   0.000000e+00   2.434011e+02   2.064334e-05   1.442563e+01
2.950000e+01   -4.233664e+00   0.000000e+00   0.000000e+00   2.435273e+02   2.034722e-05   1.422607e+01
2.960000e+01   -4.460149e+00   0.000000e+00   0.000000e+00   2.436545e+02   2.005545e-05   1.402940e+01
2.970000e+01   -4.569970e+00   0.000000e+00   0.000000e+00   2.437830e+02   1.976794e-05   1.383557e+01
2.980000e+01   -4.025408e+00   0.000000e+00   0.000000e+00   2.439130e+02   1.948462e-05   1.364455e+01
2.990000e+01   -2.732998e+00   0.000000e+00   0.000000e+00   2.440447e+02   1.920541e-05   1.345629e+01
3.000000e+01   -1.196943e+00   0.000000e+00   0.000000e+00   2.441784e+02   1.893023e-05   1.327075e+01
3.010000e+01   7.855245e-02   0.000000e+00   0.000000e+00   2.443142e+02   1.865900e-05   1.308788e+01
3.020000e+01   5.892842e-01   0.000000e+00   0.000000e+00   2.444525e+02   1.839164e-05   1.290765e+01
3.030000e+01   9.175209e-02   0.000000e+00   0.000000e+00   2.445935e+02   1.812808e-05   1.273002e+01
3.040000e+01   -1.084822e+00   0.000000e+00   0.000000e+00   2.447373e+02   1.786825e-05   1.255494e+01
3.050000e+01   -2.585596e+00   0.000000e+00   0.000000e+00   2.448843e+02   1.761207e-05   1.238236e+01
3.060000e+01   -4.056815e+00   0.000000e+00   0.000000e+00   2.450342e+02   1.735949e-05   1.221226e+01
3.070000e+01   -5.145958e+00   0.000000e+00   0.000000e+00   2.451868e+02   1.711051e-05   1.204460e+01
3.080000e+01   -5.921272e+00   0.000000e+00   0.000000e+00   2.453414e+02   1.686510e-05   1.187934e+01
3.090000e+01   -6.681840e+00   0.000000e+00   0.000000e+00   2.454975e+02   1.662326e-05   1.171644e+01
3.100000e+01   -7.342952e+00   0.000000e+00   0.000000e+00   2.456548e+02   1.638497e-05   1.155589e+01
3.110000e+01   -7.819449e+00   0.000000e+00   0.000000e+00   2.458128e+02   1.615020e-05   1.139763e+01
3.120000e+01   -8.026171e+00   0.000000e+00   0.000000e+00   2.459708e+02   1.591893e-05   1.124164e+01
3.130000e+01   -7.863184e+00   0.000000e+00   0.000000e+00   2.461285e+02   1.569114e-05   1.108789e+01
3.140000e+01   -7.355073e+00   0.000000e+00   0.000000e+00   2.462854e+02   1.546680e-05   1.093633e+01
3.150000e+01   -6.623227e+00   0.000000e+00   0.000000e+00   2.464410e+02   1.524589e-05   1.078694e+01
3.160000e+01   -5.789262e+00   0.000000e+00   0.000000e+00   2.465949e+02   1.502837e-05   1.063968e+01
3.170000e+01   -4.974795e+00   0.000000e+00   0.000000e+00   2.467464e+02   1.481423e-05   1.049451e+01
3.180000e+01   -4.039570e+00   0.000000e+00   0.000000e+00   2.468952e+02   1.460341e-05   1.035141e+01
3.190000e+01   -2.814833e+00   0.000000e+00   0.000000e+00   2.470408e+02   1.439590e-05   1.021033e+01
3.200000e+01   -1.568683e+00   0.000000e+00   0.000000e+00   2.471832e+02   1.419163e-05   1.007125e+01
3.210000e+01   -5.712928e-01   0.000000e+00   0.000000e+00   2.473230e+02   1.399052e-05   9.934149e+00
3.220000e+01   -9.277965e-02   0.000000e+00   0.000000e+00   2.474607e+02   1.379249e-05   9.798989e+00
3.230000e+01   -7.317269e-02   0.000000e+00   0.000000e+00   2.475969e+02   1.359746e-05   9.665746e+00
3.240000e+01   -8.462596e-02   0.000000e+00   0.000000e+00   2.477320e+02   1.340537e-05   9.534395e+00
3.250000e+01   -1.200211e-01   0.000000e+00   0.000000e+00   2.478667e+02   1.321613e-05   9.404910e+00
3.260000e+01   -1.792519e-01   0.000000e+00   0.000000e+00   2.480014e+02   1.302967e-05   9.277262e+00
3.270000e+01   -2.622122e-01   0.000000e+00   0.000000e+00   2.481367e+02   1.284593e-05   9.151426e+00
3.280000e+01   -5.170227e-01   0.000000e+00   0.000000e+00   2.482731e+02   1.266483e-05   9.027376e+00
3.290000e+01   -1.138581e+00   0.000000e+00   0.000000e+00   2.484113e+02   1.248632e-05   8.905084e+00
3.300000e+01   -1.994586e+00   0.000000e+00   0.000000e+00   2.485516e+02   1.231032e-05   8.784523e+00
3.310000e+01   -2.946166e+00   0.000000e+00   0.000000e+00   2.486947e+02   1.213677e-05   8.665668e+00
3.320000e+01   -3.854448e+00   0.000000e+00   0.000000e+00   2.488411e+02   1.196562e-05   8.548492e+00
3.330000e+01   -4.772253e+00   0.000000e+00   0.000000e+00   2.489913e+02   1.179679e-05   8.432967e+00
3.340000e+01   -5.907443e+00   0.000000e+00   0.000000e+00   2.491458e+02   1.163025e-05   8.319070e+00
3.350000e+01   -7.044894e+00   0.000000e+00   0.000000e+00   2.493048e+02   1.146594e-05   8.206779e+00
3.360000e+01   -7.957149e+00   0.000000e+00   0.000000e+00   2.494685e+02   1.130385e-05   8.096075e+00
3.370000e+01   -8.416751e+00   0.000000e+00   0.000000e+00   2.496371e+02   1.114394e-05   7.986936e+00
3.380000e+01   -8.369773e+00   0.000000e+00   0.000000e+00   2.498109e+02   1.098617e-05   7.879344e+00
3.390000e+01   -8.152793e+00   0.000000e+00   0.000000e+00   2.499900e+02   1.083051e-05   7.773277e+00
3.400000e+01   -7.865273e+00   0.000000e+00   0.000000e+00   2.501747e+02   1.067694e-05   7.668715e+00
3.410000e+01   -7.593447e+00   0.000000e+00   0.000000e+00   2.503652e+02   1.052542e-05   7.565638e+00
3.420000e+01   -7.423549e+00   0.000000e+00   0.000000e+00   2.505616e+02   1.037591e-05   7.464027e+00
3.430000e+01   -7.473866e+00   0.000000e+00   0.000000e+00   2.507641e+02   1.022840e-05   7.363860e+00
3.440000e+01   -7.793029e+00   0.000000e+00   0.000000e+00   2.509731e+02   1.008284e-05   7.265118e+00
3.450000e+01   -8.233678e+00   0.000000e+00   0.000000e+00   2.511887e+02   9.939218e-06   7.167780e+00
3.460000e+01   -8.641361e+00   0.000000e+00   0.000000e+00   2.514111e+02   9.797490e-06   7.071826e+00
3.470000e+01   -8.861627e+00   0.000000e+00   0.000000e+00   2.516404e+02   9.657631e-06   6.977236e+00
3.480000e+01   -8.823237e+00   0.000000e+00   0.000000e+00   2.518770e+02   9.519612e-06   6.883989e+00
3.490000e+01   -8.694001e+00   -0.000000e+00   -0.000000e+00   2.521208e+02   9.383415e-06   6.792067e+00
3.500000e+01   -8.500252e+00   -0.000000e+00   -0.000000e+00   2.523714e+02   9.249035e-06   6.701452e+00
3.510000e+01   -8.255499e+00   -0.000000e+00   -0.000000e+00   2.526285e+02   9.116466e-06   6.612127e+00
3.520000e+01   -7.973252e+00   -0.000000e+00   -0.000000e+00   2.528917e+02   8.985702e-06   6.524074e+00
3.530000e+01   -7.585245e+00   -0.000000e+00   -0.000000e+00   2.531605e+02   8.856736e-06   6.437275e+00
3.540000e+01   -6.890053e+00   -0.000000e+00   -0.000000e+00   2.534347e+02   8.729561e-06   6.351713e+00
3.550000e+01   -5.988528e+00   -0.000000e+00   -0.000000e+00   2.537139e+02   8.604167e-06   6.267371e+00
3.560000e+01   -5.003999e+00   -0.000000e+00   -0.000000e+00   2.539976e+02   8.480544e-06   6.184231e+00
3.570000e+01   -4.059795e+00   -0.000000e+00   -0.000000e+00   2.542856e+02   8.358682e-06   6.102276e+00
3.580000e+01   -3.179061e+00   -0.000000e+00   -0.000000e+00   2.545773e+02   8.238569e-06   6.021488e+00
3.590000e+01   -2.144497e+00   -0.000000e+00   -0.000000e+00   2.548725e+02   8.120192e-06   5.941850e+00
3.600000e+01   -1.101112e+00   -0.000000e+00   -0.000000e+00   2.551709e+02   8.003538e-06   5.863344e+00
3.610000e+01   -2.287629e-01   -0.000000e+00   -0.000000e+00   2.554719e+02   7.888592e-06   5.785953e+00
3.620000e+01   2.926933e-01   -0.000000e+00   -0.000000e+00   2.557752e+02   7.775342e-06   5.709660e+00
3.630000e+01   2.104903e-01   -0.000000e+00   -0.000000e+00   2.560805e+02   7.663769e-06   5.634446e+00
3.640000e+01   -6.844896e-01   -0.000000e+00   -0.000000e+00   2.563873e+02   7.553860e-06   5.560295e+00
3.650000e+01   -1.988300e+00   -0.000000e+00   -0.000000e+00   2.566956e+02   7.445595e-06   5.487193e+00
3.660000e+01   -3.247992e+00   -0.000000e+00   -0.000000e+00   2.570050e+02   7.338957e-06   5.415124e+00
3.670000e+01   -4.010616e+00   -0.000000e+00   -0.000000e+00   2.573155e+02   7.233927e-06   5.344074e+00
3.680000e+01   -3.942673e+00   -0.000000e+00   -0.000000e+00   2.576267e+02   7.130487e-06   5.274029e+00
3.690000e+01   -3.416635e+00   -0.000000e+00   -0.000000e+00   2.579386e+02   7.028617e-06   5.204974e+00
3.700000e+01   -2.690537e+00   -0.000000e+00   -0.000000e+00   2.582509e+02   6.928298e-06   5.136896e+00
3.710000e+01   -1.973275e+00   -0.000000e+00   -0.000000e+00   2.585635e+02   6.829511e-06   5.069780e+00
3.720000e+01   -1.473742e+00   -0.000000e+00   -0.000000e+00   2.588760e+02   6.732235e-06   5.003611e+00
3.730000e+01   -1.409614e+00   -0.000000e+00   -0.000000e+00   2.591885e+02   6.636453e-06   4.938375e+00
3.740000e+01   -1.854503e+00   -0.000000e+00   -0.000000e+00   2.595006e+02   6.542142e-06   4.874058e+00
3.750000e+01   -2.577648e+00   -0.000000e+00   -0.000000e+00   2.598122e+02   6.449283e-06   4.810646e+00
3.760000e+01   -3.324753e+00   -0.000000e+00   -0.000000e+00   2.601231e+02   6.357856e-06   4.748123e+00
3.770000e+01   -3.841522e+00   -0.000000e+00   -0.000000e+00   2.604331e+02   6.267840e-06   4.686476e+00
3.780000e+01   -3.948619e+00   -0.000000e+00   -0.000000e+00   2.607420e+02   6.179215e-06   4.625691e+00
3.790000e+01   -3.946665e+00   -0.000000e+00   -0.000000e+00   2.610496e+02   6.091959e-06   4.565753e+00
3.800000e+01   -3.924882e+00   -0.000000e+00   -0.000000e+00   2.613558e+02   6.006052e-06   4.506647e+00
3.810000e+01   -3.908278e+00   -0.000000e+00   -0.000000e+00   2.616604e+02   5.921475e-06   4.448364e+00
3.820000e+01   -3.921579e+00   -0.000000e+00   -0.000000e+00   2.619635e+02   5.838210e-06   4.390893e+00
3.830000e+01   -4.011329e+00   -0.000000e+00   -0.000000e+00   2.622649e+02   5.756237e-06   4.334223e+00
3.840000e+01   -4.309674e+00   -0.000000e+00   -0.000000e+00   2.625647e+02   5.675538e-06   4.278344e+00
3.850000e+01   -4.756482e+00   -0.000000e+00   -0.000000e+00   2.628627e+02   5.596095e-06   4.223245e+00
3.860000e+01   -5.257475e+00   -0.000000e+00   -0.000000e+00   2.631589e+02   5.517888e-06   4.168917e+00
3.870000e+01   -5.718379e+00   -0.000000e+00   -0.000000e+00   2.634533e+02   5.440900e-06   4.115350e+00
3.880000e+01   -6.070010e+00   -0.000000e+00   -0.000000e+00   2.637458e+02   5.365113e-06   4.062532e+00
3.890000e+01   -6.430408e+00   -0.000000e+00   -0.000000e+00   2.640363e+02   5.290508e-06   4.010453e+00
3.900000e+01   -6.784240e+00   -0.000000e+00   -0.000000e+00   2.643249e+02   5.217067e-06   3.959103e+00
3.910000e+01   -7.075301e+00   -0.000000e+00   -0.000000e+00   2.646114e+02   5.144772e-06   3.908473e+00
3.920000e+01   -7.247381e+00   -0.000000e+00   -0.000000e+00   2.648958e+02   5.073605e-06   3.858550e+00
3.930000e+01   -7.237049e+00   -0.000000e+00   -0.000000e+00   2.651781e+02   5.003548e-06   3.809326e+00
3.940000e+01   -6.981612e+00   -0.000000e+00   -0.000000e+00   2.654582e+02   4.934584e-06   3.760790e+00
3.950000e+01   -6.582212e+00   -0.000000e+00   -0.000000e+00   2.657360e+02   4.866694e-06   3.712931e+00
3.960000e+01   -6.167328e+00   -0.000000e+00   -0.000000e+00   2.660116e+02   4.799861e-06   3.665739e+00
3.970000e+01   -5.865702e+00   -0.000000e+00   -0.000000e+00   2.662849e+02   4.734064e-06   3.619204e+00
3.980000e+01   -5.810014e+00   -0.000000e+00   -0.000000e+00   2.665565e+02   4.669280e-06   3.573317e+00
3.990000e+01   -6.075664e+00   -0.000000e+00   -0.000000e+00   2.668268e+02   4.605484e-06   3.528069e+00
4.000000e+01   -6.529512e+00   -0.000000e+00   -0.000000e+00   2.670962e+02   4.542652e-06   3.483449e+00
4.010000e+01   -7.008754e+00   -0.000000e+00   -0.000000e+00   2.673652e+02   4.480761e-06   3.439450e+00
4.020000e+01   -7.350586e+00   -0.000000e+00   -0.000000e+00   2.676342e+02   4.419788e-06   3.396061e+00
4.030000e+01   -7.391398e+00   -0.000000e+00   -0.000000e+00   2.679039e+02   4.359710e-06   3.353273e+00
4.040000e+01   -7.039631e+00   -0.000000e+00   -0.000000e+00   2.681744e+02   4.300505e-06   3.311077e+00
4.050000e+01   -6.384643e+00   -0.000000e+00   -0.000000e+00   2.684465e+02   4.242154e-06   3.269463e+00
4.060000e+01   -5.539447e+00   -0.000000e+00   -0.000000e+00   2.687204e+02   4.184633e-06   3.228423e+00
4.070000e+01   -4.617056e+00   -0.000000e+00   -0.000000e+00   2.689967e+02   4.127924e-06   3.187947e+00
4.080000e+01   -3.691911e+00   -0.000000e+00   -0.000000e+00   2.692759e+02   4.072006e-06   3.148025e+00
4.090000e+01   -2.342510e+00   -0.000000e+00   -0.000000e+00   2.695583e+02   4.016859e-06   3.108649e+00
4.100000e+01   -7.133036e-01   -0.000000e+00   -0.000000e+00   2.698445e+02   3.962465e-06   3.069808e+00
4.110000e+01   8.197902e-01   -0.000000e+00   -0.000000e+00   2.701348e+02   3.908804e-06   3.031495e+00
4.120000e+01   1.880852e+00   -0.000000e+00   -0.000000e+00   2.704299e+02   3.855858e-06   2.993698e+00
4.130000e+01   2.084168e+00   -0.000000e+00   -0.000000e+00   2.707300e+02   3.803609e-06   2.956410e+00
4.140000e+01   1.119807e+00   -0.000000e+00   -0.000000e+00   2.710357e+02   3.752041e-06   2.919621e+00
4.150000e+01   -5.849939e-01   -0.000000e+00   -0.000000e+00   2.713467e+02   3.701148e-06   2.883324e+00
4.160000e+01   -2.442407e+00   -0.000000e+00   -0.000000e+00   2.716627e+02   3.650928e-06   2.847512e+00
4.170000e+01   -3.864603e+00   -0.000000e+00   -0.000000e+00   2.719831e+02   3.601380e-06   2.812181e+00
4.180000e+01   -4.305073e+00   -0.000000e+00   -0.000000e+00   2.723076e+02   3.552501e-06   2.777323e+00
4.190000e+01   -4.355447e+00   -0.000000e+00   -0.000000e+00   2.726357e+02   3.504290e-06   2.742932e+00
4.200000e+01   -4.404048e+00   -0.000000e+00   -0.000000e+00   2.729669e+02   3.456742e-06   2.709003e+00
4.210000e+01   -4.450668e+00   -0.000000e+00   -0.000000e+00   2.733010e+02   3.409856e-06   2.675528e+00
4.220000e+01   -4.495102e+00   -0.000000e+00   -0.000000e+00   2.736373e+02   3.363628e-06   2.642503e+00
4.230000e+01   -4.512665e+00   -0.000000e+00   -0.000000e+00   2.739755e+02   3.318053e-06   2.609921e+00
4.240000e+01   -3.811474e+00   -0.000000e+00   -0.000000e+00   2.743152e+02   3.273128e-06   2.577776e+00
4.250000e+01   -2.431728e+00   -0.000000e+00   -0.000000e+00   2.746558e+02   3.228848e-06   2.546061e+00
4.260000e+01   -8.568440e-01   -0.000000e+00   -0.000000e+00   2.749971e+02   3.185209e-06   2.514771e+00
4.270000e+01   4.297574e-01   -0.000000e+00   -0.000000e+00   2.753385e+02   3.142206e-06   2.483899e+00
4.280000e+01   9.608686e-01   -0.000000e+00   -0.000000e+00   2.756796e+02   3.099833e-06   2.453440e+00
4.290000e+01   1.106820e+00   -0.000000e+00   -0.000000e+00   2.760201e+02   3.058086e-06   2.423387e+00
4.300000e+01   1.210606e+00   -0.000000e+00   -0.000000e+00   2.763593e+02   3.016958e-06   2.393733e+00
4.310000e+01   1.265069e+00   -0.000000e+00   -0.000000e+00   2.766970e+02   2.976445e-06   2.364474e+00
4.320000e+01   1.263036e+00   -0.000000e+00   -0.000000e+00   2.770326e+02   2.936538e-06   2.335603e+00
4.330000e+01   1.190515e+00   -0.000000e+00   -0.000000e+00   2.773657e+02   2.897236e-06   2.307114e+00
4.340000e+01   6.556142e-01   -0.000000e+00   -0.000000e+00   2.776956e+02   2.858534e-06   2.279002e+00
4.350000e+01   -3.340683e-01   -0.000000e+00   -0.000000e+00   2.780216e+02   2.820429e-06   2.251263e+00
4.360000e+01   -1.450656e+00   -0.000000e+00   -0.000000e+00   2.783432e+02   2.782918e-06   2.223890e+00
4.370000e+01   -2.366272e+00   -0.000000e+00   -0.000000e+00   2.786596e+02   2.745996e-06   2.196880e+00
4.380000e+01   -2.756371e+00   -0.000000e+00   -0.000000e+00   2.789704e+02   2.709661e-06   2.170228e+00
4.390000e+01   -2.761960e+00   -0.000000e+00   -0.000000e+00   2.792747e+02   2.673906e-06   2.143927e+00
4.400000e+01   -2.649476e+00   -0.000000e+00   -0.000000e+00   2.795720e+02   2.638727e-06   2.117974e+00
4.410000e+01   -2.466031e+00   -0.000000e+00   -0.000000e+00   2.798617e+02   2.604121e-06   2.092363e+00
4.420000e+01   -2.258736e+00   -0.000000e+00   -0.000000e+00   2.801431e+02   2.570081e-06   2.067089e+00
4.430000e+01   -2.074199e+00   -0.000000e+00   -0.000000e+00   2.804156e+02   2.536603e-06   2.042147e+00
4.440000e+01   -1.839600e+00   -0.000000e+00   -0.000000e+00   2.806785e+02   2.503681e-06   2.017532e+00
4.450000e+01   -1.536443e+00   -0.000000e+00   -0.000000e+00   2.809313e+02   2.471309e-06   1.993240e+00
4.460000e+01   -1.250408e+00   -0.000000e+00   -0.000000e+00   2.811732e+02   2.439482e-06   1.969264e+00
4.470000e+01   -1.067175e+00   -0.000000e+00   -0.000000e+00   2.814037e+02   2.408194e-06   1.945601e+00
4.480000e+01   -1.072445e+00   -0.000000e+00   -0.000000e+00   2.816221e+02   2.377440e-06   1.922244e+00
4.490000e+01   -1.345770e+00   -0.000000e+00   -0.000000e+00   2.818277e+02   2.347212e-06   1.899190e+00
4.500000e+01   -1.864025e+00   -0.000000e+00   -0.000000e+00   2.820201e+02   2.317504e-06   1.876432e+00
4.510000e+01   -2.562541e+00   -0.000000e+00   -0.000000e+00   2.821984e+02   2.288311e-06   1.853967e+00
4.520000e+01   -3.376183e+00   -0.000000e+00   -0.000000e+00   2.823630e+02   2.259619e-06   1.831789e+00
4.530000e+01   -4.239471e+00   -0.000000e+00   -0.000000e+00   2.825144e+02   2.231414e-06   1.809894e+00
4.540000e+01   -5.389062e+00   -0.000000e+00   -0.000000e+00   2.826534e+02   2.203680e-06   1.788278e+00
4.550000e+01   -6.946311e+00   -0.000000e+00   -0.000000e+00   2.827806e+02   2.176403e-06   1.766937e+00
4.560000e+01   -8.672773e+00   -0.000000e+00   -0.000000e+00   2.828966e+02   2.149568e-06   1.745867e+00
4.570000e+01   -1.033001e+01   -0.000000e+00   -0.000000e+00   2.830022e+02   2.123161e-06   1.725063e+00
4.580000e+01   -1.167957e+01   -0.000000e+00   -0.000000e+00   2.830980e+02   2.097168e-06   1.704521e+00
4.590000e+01   -1.281779e+01   -0.000000e+00   -0.000000e+00   2.831847e+02   2.071577e-06   1.684237e+00
4.600000e+01   -1.395832e+01   -0.000000e+00   -0.000000e+00   2.832630e+02   2.046375e-06   1.664207e+00
4.610000e+01   -1.497282e+01   -0.000000e+00   -0.000000e+00   2.833336e+02   2.021548e-06   1.644426e+00
4.620000e+01   -1.573261e+01   -0.000000e+00   -0.000000e+00   2.833970e+02   1.997085e-06   1.624891e+00
4.630000e+01   -1.610896e+01   -0.000000e+00   -0.000000e+00   2.834541e+02   1.972974e-06   1.605596e+00
4.640000e+01   -1.596352e+01   -0.000000e+00   -0.000000e+00   2.835054e+02   1.949203e-06   1.586539e+00
4.650000e+01   -1.535935e+01   -0.000000e+00   -0.000000e+00   2.835516e+02   1.925760e-06   1.567714e+00
4.660000e+01   -1.449534e+01   -0.000000e+00   -0.000000e+00   2.835935e+02   1.902636e-06   1.549117e+00
4.670000e+01   -1.357067e+01   -0.000000e+00   -0.000000e+00   2.836317e+02   1.879817e-06   1.530745e+00
4.680000e+01   -1.278451e+01   -0.000000e+00   -0.000000e+00   2.836668e+02   1.857296e-06   1.512592e+00
4.690000e+01   -1.220381e+01   -0.000000e+00   -0.000000e+00   2.836995e+02   1.835059e-06   1.494655e+00
4.700000e+01   -1.168209e+01   -0.000000e+00   -0.000000e+00   2.837305e+02   1.813099e-06   1.476930e+00
4.710000e+01   -1.116321e+01   -0.000000e+00   -0.000000e+00   2.837604e+02   1.791405e-06   1.459412e+00
4.720000e+01   -1.059300e+01   -0.000000e+00   -0.000000e+00   2.837890e+02   1.769976e-06   1.442099e+00
4.730000e+01   -9.917552e+00   -0.000000e+00   -0.000000e+00   2.838158e+02   1.748810e-06   1.424989e+00
4.740000e+01   -9.045616e+00   -0.000000e+00   -0.000000e+00   2.838406e+02   1.727907e-06   1.408080e+00
4.750000e+01   -7.960125e+00   -0.000000e+00   -0.000000e+00   2.838629e+02   1.707266e-06   1.391369e+00
4.760000e+01   -6.774585e+00   -0.000000e+00   -0.000000e+00   2.838824e+02   1.686886e-06   1.374854e+00
4.770000e+01   -5.603881e+00   -0.000000e+00   -0.000000e+00   2.838986e+02   1.666766e-06   1.358533e+00
4.780000e+01   -4.562903e+00   -0.000000e+00   -0.000000e+00   2.839112e+02   1.646904e-06   1.342404e+00
4.790000e+01   -3.611767e+00   -0.000000e+00   -0.000000e+00   2.839199e+02   1.627300e-06   1.326465e+00
4.800000e+01   -2.595332e+00   -0.000000e+00   -0.000000e+00   2.839241e+02   1.607951e-06   1.310713e+00
4.810000e+01   -1.648501e+00   -0.000000e+00   -0.000000e+00   2.839237e+02   1.588857e-06   1.295146e+00
4.820000e+01   -9.124865e-01   -0.000000e+00   -0.000000e+00   2.839181e+02   1.570016e-06   1.279763e+00
4.830000e+01   -5.285029e-01   -0.000000e+00   -0.000000e+00   2.839070e+02   1.551426e-06   1.264561e+00
4.840000e+01   -6.219780e-01   -0.000000e+00   -0.000000e+00   2.838900e+02   1.533086e-06   1.249537e+00
4.850000e+01   -1.149997e+00   -0.000000e+00   -0.000000e+00   2.838668e+02   1.514994e-06   1.234690e+00
4.860000e+01   -1.973972e+00   -0.000000e+00   -0.000000e+00   2.838369e+02   1.497148e-06   1.220017e+00
4.870000e+01   -2.954431e+00   -0.000000e+00   -0.000000e+00   2.838000e+02   1.479546e-06   1.205517e+00
4.880000e+01   -3.951902e+00   -0.000000e+00   -0.000000e+00   2.837557e+02   1.462187e-06   1.191187e+00
4.890000e+01   -5.038855e+00   -0.000000e+00   -0.000000e+00   2.837036e+02   1.445067e-06   1.177024e+00
4.900000e+01   -6.494584e+00   -0.000000e+00   -0.000000e+00   2.836434e+02   1.428186e-06   1.163027e+00
4.910000e+01   -8.064337e+00   -0.000000e+00   -0.000000e+00   2.835747e+02   1.411541e-06   1.149194e+00
4.920000e+01   -9.472391e+00   -0.000000e+00   -0.000000e+00   2.834978e+02   1.395127e-06   1.135522e+00
4.930000e+01   -1.044298e+01   -0.000000e+00   -0.000000e+00   2.834135e+02   1.378936e-06   1.122010e+00
4.940000e+01   -1.092052e+01   -0.000000e+00   -0.000000e+00   2.833223e+02   1.362962e-06   1.108657e+00
4.950000e+01   -1.132071e+01   -0.000000e+00   -0.000000e+00   2.832250e+02   1.347200e-06   1.095459e+00
4.960000e+01   -1.163739e+01   -0.000000e+00   -0.000000e+00   2.831221e+02   1.331644e-06   1.082416e+00
4.970000e+01   -1.183819e+01   -0.000000e+00   -0.000000e+00   2.830142e+02   1.316286e-06   1.069525e+00
4.980000e+01   -1.189074e+01   -0.000000e+00   -0.000000e+00   2.829021e+02   1.301123e-06   1.056785e+00
4.990000e+01   -1.156550e+01   -0.000000e+00   -0.000000e+00   2.827863e+02   1.286147e-06   1.044194e+00
5.000000e+01   -1.048196e+01   -0.000000e+00   -0.000000e+00   2.826676e+02   1.271354e-06   1.031751e+00
5.010000e+01   -9.027970e+00   -0.000000e+00   -0.000000e+00   2.825465e+02   1.256738e-06   1.019453e+00
5.020000e+01   -7.634552e+00   -0.000000e+00   -0.000000e+00   2.824237e+02   1.242295e-06   1.007298e+00
5.030000e+01   -6.732714e+00   -0.000000e+00   -0.000000e+00   2.822998e+02   1.228018e-06   9.952853e-01
5.040000e+01   -6.499498e+00   -0.000000e+00   -0.000000e+00   2.821755e+02   1.213903e-06   9.834125e-01
5.050000e+01   -6.341707e+00   -0.000000e+00   -0.000000e+00   2.820514e+02   1.199946e-06   9.716780e-01
5.060000e+01   -6.205408e+00   -0.000000e+00   -0.000000e+00   2.819281e+02   1.186142e-06   9.600798e-01
5.070000e+01   -6.092213e+00   -0.000000e+00   -0.000000e+00   2.818063e+02   1.172485e-06   9.486162e-01
5.080000e+01   -6.003730e+00   -0.000000e+00   -0.000000e+00   2.816867e+02   1.158972e-06   9.372854e-01
5.090000e+01   -6.178421e+00   -0.000000e+00   -0.000000e+00   2.815699e+02   1.145599e-06   9.260856e-01
5.100000e+01   -7.249769e+00   -0.000000e+00   -0.000000e+00   2.814564e+02   1.132360e-06   9.150150e-01
5.110000e+01   -8.786803e+00   -0.000000e+00   -0.000000e+00   2.813471e+02   1.119253e-06   9.040718e-01
5.120000e+01   -1.026717e+01   -0.000000e+00   -0.000000e+00   2.812419e+02   1.106274e-06   8.932544e-01
5.130000e+01   -1.116809e+01   -0.000000e+00   -0.000000e+00   2.811404e+02   1.093426e-06   8.825613e-01
5.140000e+01   -1.116013e+01   -0.000000e+00   -0.000000e+00   2.810417e+02   1.080709e-06   8.719912e-01
5.150000e+01   -1.077695e+01   -0.000000e+00   -0.000000e+00   2.809453e+02   1.068127e-06   8.615428e-01
5.160000e+01   -1.017780e+01   -0.000000e+00   -0.000000e+00   2.808503e+02   1.055679e-06   8.512147e-01
5.170000e+01   -9.452282e+00   -0.000000e+00   -0.000000e+00   2.807562e+02   1.043367e-06   8.410054e-01
5.180000e+01   -8.690030e+00   -0.000000e+00   -0.000000e+00   2.806622e+02   1.031192e-06   8.309138e-01
5.190000e+01   -7.902053e+00   -0.000000e+00   -0.000000e+00   2.805675e+02   1.019156e-06   8.209384e-01
5.200000e+01   -6.851159e+00   -0.000000e+00   -0.000000e+00   2.804716e+02   1.007259e-06   8.110778e-01
5.210000e+01   -5.671445e+00   -0.000000e+00   -0.000000e+00   2.803737e+02   9.955021e-07   8.013307e-01
5.220000e+01   -4.545900e+00   -0.000000e+00   -0.000000e+00   2.802731e+02   9.838855e-07   7.916957e-01
5.230000e+01   -3.657509e+00   -0.000000e+00   -0.000000e+00   2.801690e+02   9.724102e-07   7.821715e-01
5.240000e+01   -3.137911e+00   -0.000000e+00   -0.000000e+00   2.800609e+02   9.610765e-07   7.727567e-01
5.250000e+01   -2.797575e+00   -0.000000e+00   -0.000000e+00   2.799480e+02   9.498847e-07   7.634500e-01
5.260000e+01   -2.529008e+00   -0.000000e+00   -0.000000e+00   2.798296e+02   9.388351e-07   7.542499e-01
5.270000e+01   -2.254568e+00   -0.000000e+00   -0.000000e+00   2.797049e+02   9.279280e-07   7.451552e-01
5.280000e+01   -1.896615e+00   -0.000000e+00   -0.000000e+00   2.795734e+02   9.171632e-07   7.361645e-01
5.290000e+01   -1.329854e+00   -0.000000e+00   -0.000000e+00   2.794343e+02   9.065409e-07   7.272764e-01
5.300000e+01   -3.069308e-01   -0.000000e+00   -0.000000e+00   2.792869e+02   8.960609e-07   7.184895e-01
5.310000e+01   1.000452e+00   -0.000000e+00   -0.000000e+00   2.791304e+02   8.857231e-07   7.098025e-01
5.320000e+01   2.360004e+00   -0.000000e+00   -0.000000e+00   2.789644e+02   8.755271e-07   7.012141e-01
5.330000e+01   3.539044e+00   -0.000000e+00   -0.000000e+00   2.787886e+02   8.654705e-07   6.927230e-01
5.340000e+01   4.372538e+00   -0.000000e+00   -0.000000e+00   2.786037e+02   8.555497e-07   6.843283e-01
5.350000e+01   5.150590e+00   -0.000000e+00   -0.000000e+00   2.784104e+02   8.457608e-07   6.760290e-01
5.360000e+01   5.876564e+00   -0.000000e+00   -0.000000e+00   2.782091e+02   8.361002e-07   6.678240e-01
5.370000e+01   6.472369e+00   -0.000000e+00   -0.000000e+00   2.780005e+02   8.265644e-07   6.597123e-01
5.380000e+01   6.859915e+00   -0.000000e+00   -0.000000e+00   2.777851e+02   8.171498e-07   6.516929e-01
5.390000e+01   6.891073e+00   -0.000000e+00   -0.000000e+00   2.775636e+02   8.078530e-07   6.437648e-01
5.400000e+01   6.087112e+00   -0.000000e+00   -0.000000e+00   2.773366e+02   7.986708e-07   6.359270e-01
5.410000e+01   4.680039e+00   -0.000000e+00   -0.000000e+00   2.771045e+02   7.895999e-07   6.281785e-01
5.420000e+01   3.045937e+00   -0.000000e+00   -0.000000e+00   2.768681e+02   7.806373e-07   6.205183e-01
5.430000e+01   1.560890e+00   -0.000000e+00   -0.000000e+00   2.766279e+02   7.717797e-07   6.129453e-01
5.440000e+01   5.345278e-01   -0.000000e+00   -0.000000e+00   2.763845e+02   7.630243e-07   6.054586e-01
5.450000e+01   -3.726237e-01   -0.000000e+00   -0.000000e+00   2.761385e+02   7.543681e-07   5.980570e-01
5.460000e+01   -1.224291e+00   -0.000000e+00   -0.000000e+00   2.758905e+02   7.458082e-07   5.907398e-01
5.470000e+01   -1.953215e+00   -0.000000e+00   -0.000000e+00   2.756410e+02   7.373419e-07   5.835057e-01
5.480000e+01   -2.492134e+00   -0.000000e+00   -0.000000e+00   2.753907e+02   7.289665e-07   5.763538e-01
5.490000e+01   -2.793436e+00   -0.000000e+00   -0.000000e+00   2.751401e+02   7.206792e-07   5.692831e-01
5.500000e+01   -3.018469e+00   -0.000000e+00   -0.000000e+00   2.748899e+02   7.124776e-07   5.622926e-01
5.510000e+01   -3.202329e+00   -0.000000e+00   -0.000000e+00   2.746406e+02   7.043590e-07   5.553812e-01
5.520000e+01   -3.324629e+00   -0.000000e+00   -0.000000e+00   2.743928e+02   6.963211e-07   5.485480e-01
5.530000e+01   -3.364993e+00   -0.000000e+00   -0.000000e+00   2.741471e+02   6.883615e-07   5.417920e-01
5.540000e+01   -3.298020e+00   -0.000000e+00   -0.000000e+00   2.739034e+02   6.804795e-07   5.351122e-01
5.550000e+01   -3.059453e+00   -0.000000e+00   -0.000000e+00   2.736615e+02   6.726753e-07   5.285080e-01
5.560000e+01   -2.681148e+00   -0.000000e+00   -0.000000e+00   2.734210e+02   6.649491e-07   5.219786e-01
5.570000e+01   -2.221519e+00   -0.000000e+00   -0.000000e+00   2.731816e+02   6.573011e-07   5.155232e-01
5.580000e+01   -1.738980e+00   -0.000000e+00   -0.000000e+00   2.729429e+02   6.497315e-07   5.091410e-01
5.590000e+01   -1.276819e+00   -0.000000e+00   -0.000000e+00   2.727046e+02   6.422402e-07   5.028313e-01
5.600000e+01   -6.775567e-01   -0.000000e+00   -0.000000e+00   2.724663e+02   6.348274e-07   4.965933e-01
5.610000e+01   8.509865e-03   -0.000000e+00   -0.000000e+00   2.722278e+02   6.274931e-07   4.904263e-01
5.620000e+01   6.421285e-01   -0.000000e+00   -0.000000e+00   2.719886e+02   6.202372e-07   4.843295e-01
5.630000e+01   1.084047e+00   -0.000000e+00   -0.000000e+00   2.717485e+02   6.130596e-07   4.783021e-01
5.640000e+01   1.151169e+00   -0.000000e+00   -0.000000e+00   2.715071e+02   6.059604e-07   4.723434e-01
5.650000e+01   6.359297e-02   -0.000000e+00   -0.000000e+00   2.712641e+02   5.989393e-07   4.664526e-01
5.660000e+01   -1.910667e+00   -0.000000e+00   -0.000000e+00   2.710191e+02   5.919962e-07   4.606289e-01
5.670000e+01   -4.099293e+00   -0.000000e+00   -0.000000e+00   2.707719e+02   5.851309e-07   4.548717e-01
5.680000e+01   -5.829970e+00   -0.000000e+00   -0.000000e+00   2.705219e+02   5.783432e-07   4.491800e-01
5.690000e+01   -6.476139e+00   -0.000000e+00   -0.000000e+00   2.702690e+02   5.716328e-07   4.435533e-01
5.700000e+01   -6.676548e+00   -0.000000e+00   -0.000000e+00   2.700128e+02   5.649994e-07   4.379906e-01
5.710000e+01   -6.857444e+00   -0.000000e+00   -0.000000e+00   2.697530e+02   5.584428e-07   4.324912e-01
5.720000e+01   -7.016724e+00   -0.000000e+00   -0.000000e+00   2.694892e+02   5.519625e-07   4.270545e-01
5.730000e+01   -7.152288e+00   -0.000000e+00   -0.000000e+00   2.692210e+02   5.455583e-07   4.216795e-01
5.740000e+01   -7.254172e+00   -0.000000e+00   -0.000000e+00   2.689482e+02   5.392297e-07   4.163656e-01
5.750000e+01   -7.106635e+00   -0.000000e+00   -0.000000e+00   2.686706e+02   5.329762e-07   4.111122e-01
5.760000e+01   -6.741001e+00   -0.000000e+00   -0.000000e+00   2.683881e+02   5.267971e-07   4.059186e-01
5.770000e+01   -6.331234e+00   -0.000000e+00   -0.000000e+00   2.681005e+02   5.206918e-07   4.007843e-01
5.780000e+01   -6.051298e+00   -0.000000e+00   -0.000000e+00   2.678077e+02   5.146597e-07   3.957086e-01
5.790000e+01   -6.101116e+00   -0.000000e+00   -0.000000e+00   2.675096e+02   5.087001e-07   3.906912e-01
5.800000e+01   -7.617412e+00   -0.000000e+00   -0.000000e+00   2.672062e+02   5.028124e-07   3.857312e-01
5.810000e+01   -1.052136e+01   -0.000000e+00   -0.000000e+00   2.668972e+02   4.969960e-07   3.808283e-01
5.820000e+01   -1.396713e+01   -0.000000e+00   -0.000000e+00   2.665825e+02   4.912501e-07   3.759817e-01
5.830000e+01   -1.710889e+01   -0.000000e+00   -0.000000e+00   2.662622e+02   4.855742e-07   3.711910e-01
5.840000e+01   -1.911791e+01   -0.000000e+00   -0.000000e+00   2.659359e+02   4.799676e-07   3.664555e-01
5.850000e+01   -2.049180e+01   -0.000000e+00   -0.000000e+00   2.656037e+02   4.744296e-07   3.617747e-01
5.860000e+01   -2.176020e+01   -0.000000e+00   -0.000000e+00   2.652654e+02   4.689595e-07   3.571481e-01
5.870000e+01   -2.282422e+01   -0.000000e+00   -0.000000e+00   2.649209e+02   4.635567e-07   3.525749e-01
5.880000e+01   -2.358492e+01   -0.000000e+00   -0.000000e+00   2.645700e+02   4.582205e-07   3.480547e-01
5.890000e+01   -2.393781e+01   -0.000000e+00   -0.000000e+00   2.642127e+02   4.529503e-07   3.435869e-01
5.900000e+01   -2.323989e+01   -0.000000e+00   -0.000000e+00   2.638488e+02   4.477452e-07   3.391708e-01
5.910000e+01   -2.143584e+01   -0.000000e+00   -0.000000e+00   2.634783e+02   4.426048e-07   3.348060e-01
5.920000e+01   -1.900078e+01   -0.000000e+00   -0.000000e+00   2.631009e+02   4.375282e-07   3.304919e-01
5.930000e+01   -1.640981e+01   -0.000000e+00   -0.000000e+00   2.627167e+02   4.325148e-07   3.262278e-01
5.940000e+01   -1.413569e+01   -0.000000e+00   -0.000000e+00   2.623254e+02   4.275638e-07   3.220132e-01
5.950000e+01   -1.199290e+01   -0.000000e+00   -0.000000e+00   2.619270e+02   4.226746e-07   3.178475e-01
5.960000e+01   -9.717754e+00   -0.000000e+00   -0.000000e+00   2.615218e+02   4.178460e-07   3.137303e-01
5.970000e+01   -7.464710e+00   -0.000000e+00   -0.000000e+00   2.611100e+02   4.130766e-07   3.096610e-01
5.980000e+01   -5.388237e+00   -0.000000e+00   -0.000000e+00   2.606920e+02   4.083654e-07   3.056391e-01
5.990000e+01   -3.642390e+00   -0.000000e+00   -0.000000e+00   2.602679e+02   4.037111e-07   3.016642e-01
6.000000e+01   -2.004612e+00   -0.000000e+00   -0.000000e+00   2.598382e+02   3.991125e-07   2.977356e-01
6.010000e+01   -3.473196e-01   -0.000000e+00   -0.000000e+00   2.594031e+02   3.945686e-07   2.938530e-01
6.020000e+01   1.103907e+00   -0.000000e+00   -0.000000e+00   2.589630e+02   3.900781e-07   2.900158e-01
6.030000e+01   2.123487e+00   -0.000000e+00   -0.000000e+00   2.585181e+02   3.856399e-07   2.862235e-01
6.040000e+01   2.485840e+00   -0.000000e+00   -0.000000e+00   2.580686e+02   3.812531e-07   2.824756e-01
6.050000e+01   1.993036e+00   -0.000000e+00   -0.000000e+00   2.576151e+02   3.769164e-07   2.787716e-01
6.060000e+01   8.754435e-01   -0.000000e+00   -0.000000e+00   2.571576e+02   3.726288e-07   2.751111e-01
6.070000e+01   -4.500670e-01   -0.000000e+00   -0.000000e+00   2.566965e+02   3.683894e-07   2.714935e-01
6.080000e+01   -1.566626e+00   -0.000000e+00   -0.000000e+00   2.562322e+02   3.641970e-07   2.679183e-01
6.090000e+01   -2.057364e+00   -0.000000e+00   -0.000000e+00   2.557648e+02   3.600507e-07   2.643850e-01
6.100000e+01   -1.396442e+00   -0.000000e+00   -0.000000e+00   2.552948e+02   3.559495e-07   2.608931e-01
6.110000e+01   3.477345e-01   -0.000000e+00   -0.000000e+00   2.548224e+02   3.518923e-07   2.574422e-01
6.120000e+01   2.646987e+00   -0.000000e+00   -0.000000e+00   2.543479e+02   3.478784e-07   2.540317e-01
6.130000e+01   4.972830e+00   -0.000000e+00   -0.000000e+00   2.538715e+02   3.439066e-07   2.506611e-01
6.140000e+01   6.796780e+00   -0.000000e+00   -0.000000e+00   2.533937e+02   3.399761e-07   2.473299e-01
6.150000e+01   8.188330e+00   -0.000000e+00   -0.000000e+00   2.529147e+02   3.360859e-07   2.440376e-01
6.160000e+01   9.608137e+00   -0.000000e+00   -0.000000e+00   2.524346e+02   3.322354e-07   2.407838e-01
6.170000e+01   1.087922e+01   -0.000000e+00   -0.000000e+00   2.519533e+02   3.284245e-07   2.375681e-01
6.180000e+01   1.182180e+01   -0.000000e+00   -0.000000e+00   2.514706e+02   3.246530e-07   2.343900e-01
6.190000e+01   1.225609e+01   -0.000000e+00   -0.000000e+00   2.509864e+02   3.209209e-07   2.312493e-01
6.200000e+01   1.200355e+01   -0.000000e+00   -0.000000e+00   2.505003e+02   3.172280e-07   2.281456e-01
6.210000e+01   1.118646e+01   -0.000000e+00   -0.000000e+00   2.500122e+02   3.135741e-07   2.250784e-01
6.220000e+01   1.012330e+01   -0.000000e+00   -0.000000e+00   2.495221e+02   3.099592e-07   2.220474e-01
6.230000e+01   9.133376e+00   -0.000000e+00   -0.000000e+00   2.490295e+02   3.063830e-07   2.190523e-01
6.240000e+01   8.535980e+00   -0.000000e+00   -0.000000e+00   2.485345e+02   3.028454e-07   2.160927e-01
6.250000e+01   8.377083e+00   -0.000000e+00   -0.000000e+00   2.480367e+02   2.993462e-07   2.131681e-01
6.260000e+01   8.310936e+00   -0.000000e+00   -0.000000e+00   2.475361e+02   2.958853e-07   2.102782e-01
6.270000e+01   8.277739e+00   -0.000000e+00   -0.000000e+00   2.470324e+02   2.924624e-07   2.074227e-01
6.280000e+01   8.223056e+00   -0.000000e+00   -0.000000e+00   2.465254e+02   2.890773e-07   2.046011e-01
6.290000e+01   8.092448e+00   -0.000000e+00   -0.000000e+00   2.460149e+02   2.857298e-07   2.018131e-01
6.300000e+01   7.616368e+00   -0.000000e+00   -0.000000e+00   2.455008e+02   2.824197e-07   1.990583e-01
6.310000e+01   6.521457e+00   -0.000000e+00   -0.000000e+00   2.449829e+02   2.791468e-07   1.963364e-01
6.320000e+01   5.058961e+00   -0.000000e+00   -0.000000e+00   2.444610e+02   2.759108e-07   1.936469e-01
6.330000e+01   3.490193e+00   -0.000000e+00   -0.000000e+00   2.439349e+02   2.727114e-07   1.909895e-01
6.340000e+01   2.076467e+00   -0.000000e+00   -0.000000e+00   2.434044e+02   2.695484e-07   1.883639e-01
6.350000e+01   9.037516e-01   -0.000000e+00   -0.000000e+00   2.428693e+02   2.664216e-07   1.857696e-01
6.360000e+01   -2.559498e-01   -0.000000e+00   -0.000000e+00   2.423296e+02   2.633306e-07   1.832062e-01
6.370000e+01   -1.386996e+00   -0.000000e+00   -0.000000e+00   2.417853e+02   2.602749e-07   1.806735e-01
6.380000e+01   -2.464305e+00   -0.000000e+00   -0.000000e+00   2.412368e+02   2.572535e-07   1.781711e-01
6.390000e+01   -3.462795e+00   -0.000000e+00   -0.000000e+00   2.406844e+02   2.542660e-07   1.756987e-01
6.400000e+01   -4.380762e+00   -0.000000e+00   -0.000000e+00   2.401284e+02   2.513116e-07   1.732560e-01
6.410000e+01   -5.255739e+00   -0.000000e+00   -0.000000e+00   2.395691e+02   2.483895e-07   1.708427e-01
6.420000e+01   -6.081222e+00   -0.000000e+00   -0.000000e+00   2.390068e+02   2.454992e-07   1.684584e-01
6.430000e+01   -6.848691e+00   -0.000000e+00   -0.000000e+00   2.384417e+02   2.426400e-07   1.661028e-01
6.440000e+01   -7.549623e+00   -0.000000e+00   -0.000000e+00   2.378743e+02   2.398111e-07   1.637756e-01
6.450000e+01   -8.193589e+00   -0.000000e+00   -0.000000e+00   2.373048e+02   2.370121e-07   1.614765e-01
6.460000e+01   -8.813026e+00   -0.000000e+00   -0.000000e+00   2.367335e+02   2.342422e-07   1.592052e-01
6.470000e+01   -9.390294e+00   -0.000000e+00   -0.000000e+00   2.361607e+02   2.315008e-07   1.569613e-01
6.480000e+01   -9.905223e+00   -0.000000e+00   -0.000000e+00   2.355867e+02   2.287873e-07   1.547445e-01
6.490000e+01   -1.033764e+01   -0.000000e+00   -0.000000e+00   2.350119e+02   2.261012e-07   1.525545e-01
6.500000e+01   -1.070206e+01   -0.000000e+00   -0.000000e+00   2.344364e+02   2.234417e-07   1.503910e-01
6.510000e+01   -1.106775e+01   -0.000000e+00   -0.000000e+00   2.338607e+02   2.208085e-07   1.482536e-01
6.520000e+01   -1.139826e+01   -0.000000e+00   -0.000000e+00   2.332850e+02   2.182007e-07   1.461421e-01
6.530000e+01   -1.165044e+01   -0.000000e+00   -0.000000e+00   2.327097e+02   2.156180e-07   1.440561e-01
6.540000e+01   -1.178111e+01   -0.000000e+00   -0.000000e+00   2.321349e+02   2.130597e-07   1.419953e-01
6.550000e+01   -1.166935e+01   -0.000000e+00   -0.000000e+00   2.315611e+02   2.105252e-07   1.399594e-01
6.560000e+01   -1.114891e+01   -0.000000e+00   -0.000000e+00   2.309885e+02   2.080141e-07   1.379481e-01
6.570000e+01   -1.043245e+01   -0.000000e+00   -0.000000e+00   2.304171e+02   2.055263e-07   1.359610e-01
6.580000e+01   -9.757428e+00   -0.000000e+00   -0.000000e+00   2.298467e+02   2.030616e-07   1.339980e-01
6.590000e+01   -9.361310e+00   -0.000000e+00   -0.000000e+00   2.292771e+02   2.006201e-07   1.320588e-01
6.600000e+01   -9.395619e+00   -0.000000e+00   -0.000000e+00   2.287084e+02   1.982017e-07   1.301433e-01
6.610000e+01   -9.652582e+00   -0.000000e+00   -0.000000e+00   2.281402e+02   1.958063e-07   1.282510e-01
6.620000e+01   -1.005179e+01   -0.000000e+00   -0.000000e+00   2.275725e+02   1.934339e-07   1.263819e-01
6.630000e+01   -1.053502e+01   -0.000000e+00   -0.000000e+00   2.270052e+02   1.910845e-07   1.245356e-01
6.640000e+01   -1.104404e+01   -0.000000e+00   -0.000000e+00   2.264380e+02   1.887580e-07   1.227120e-01
6.650000e+01   -1.158636e+01   -0.000000e+00   -0.000000e+00   2.258709e+02   1.864542e-07   1.209107e-01
6.660000e+01   -1.233153e+01   -0.000000e+00   -0.000000e+00   2.253036e+02   1.841732e-07   1.191316e-01
6.670000e+01   -1.315372e+01   -0.000000e+00   -0.000000e+00   2.247362e+02   1.819148e-07   1.173744e-01
6.680000e+01   -1.389523e+01   -0.000000e+00   -0.000000e+00   2.241683e+02   1.796790e-07   1.156389e-01
6.690000e+01   -1.439834e+01   -0.000000e+00   -0.000000e+00   2.236000e+02   1.774655e-07   1.139248e-01
6.700000e+01   -1.454782e+01   -0.000000e+00   -0.000000e+00   2.230309e+02   1.752744e-07   1.122318e-01
6.710000e+01   -1.447146e+01   -0.000000e+00   -0.000000e+00   2.224611e+02   1.731055e-07   1.105598e-01
6.720000e+01   -1.424576e+01   -0.000000e+00   -0.000000e+00   2.218903e+02   1.709587e-07   1.089086e-01
6.730000e+01   -1.392914e+01   -0.000000e+00   -0.000000e+00   2.213185e+02   1.688339e-07   1.072777e-01
6.740000e+01   -1.358003e+01   -0.000000e+00   -0.000000e+00   2.207454e+02   1.667309e-07   1.056672e-01
6.750000e+01   -1.323129e+01   -0.000000e+00   -0.000000e+00   2.201710e+02   1.646495e-07   1.040766e-01
6.760000e+01   -1.278113e+01   -0.000000e+00   -0.000000e+00   2.195951e+02   1.625897e-07   1.025057e-01
6.770000e+01   -1.220494e+01   -0.000000e+00   -0.000000e+00   2.190178e+02   1.605512e-07   1.009544e-01
6.780000e+01   -1.149529e+01   -0.000000e+00   -0.000000e+00   2.184392e+02   1.585337e-07   9.942246e-02
6.790000e+01   -1.064468e+01   -0.000000e+00   -0.000000e+00   2.178594e+02   1.565369e-07   9.790961e-02
6.800000e+01   -9.544677e+00   -0.000000e+00   -0.000000e+00   2.172784e+02   1.545606e-07   9.641567e-02
6.810000e+01   -7.731215e+00   -0.000000e+00   -0.000000e+00   2.166963e+02   1.526045e-07   9.494043e-02
6.820000e+01   -5.477627e+00   -0.000000e+00   -0.000000e+00   2.161131e+02   1.506685e-07   9.348367e-02
6.830000e+01   -3.174841e+00   -0.000000e+00   -0.000000e+00   2.155289e+02   1.487521e-07   9.204519e-02
6.840000e+01   -1.213787e+00   -0.000000e+00   -0.000000e+00   2.149438e+02   1.468553e-07   9.062477e-02
6.850000e+01   1.151123e-01   -0.000000e+00   -0.000000e+00   2.143579e+02   1.449776e-07   8.922220e-02
6.860000e+01   1.235281e+00   -0.000000e+00   -0.000000e+00   2.137712e+02   1.431190e-07   8.783727e-02
6.870000e+01   2.214192e+00   -0.000000e+00   -0.000000e+00   2.131838e+02   1.412791e-07   8.646976e-02
6.880000e+01   3.004330e+00   -0.000000e+00   -0.000000e+00   2.125957e+02   1.394576e-07   8.511947e-02
6.890000e+01   3.558176e+00   -0.000000e+00   -0.000000e+00   2.120070e+02   1.376543e-07   8.378618e-02
6.900000e+01   3.858097e+00   -0.000000e+00   -0.000000e+00   2.114178e+02   1.358690e-07   8.246969e-02
6.910000e+01   4.092406e+00   -0.000000e+00   -0.000000e+00   2.108282e+02   1.341014e-07   8.116977e-02
6.920000e+01   4.260576e+00   -0.000000e+00   -0.000000e+00   2.102381e+02   1.323513e-07   7.988623e-02
6.930000e+01   4.310742e+00   -0.000000e+00   -0.000000e+00   2.096478e+02   1.306183e-07   7.861884e-02
6.940000e+01   4.191040e+00   -0.000000e+00   -0.000000e+00   2.090572e+02   1.289023e-07   7.736739e-02
6.950000e+01   3.707249e+00   -0.000000e+00   -0.000000e+00   2.084663e+02   1.272030e-07   7.613170e-02
6.960000e+01   1.789424e+00   -0.000000e+00   -0.000000e+00   2.078750e+02   1.255205e-07   7.491163e-02
6.970000e+01   -1.078655e+00   -0.000000e+00   -0.000000e+00   2.072831e+02   1.238548e-07   7.370704e-02
6.980000e+01   -4.038683e+00   -0.000000e+00   -0.000000e+00   2.066905e+02   1.222058e-07   7.251780e-02
6.990000e+01   -6.232359e+00   -0.000000e+00   -0.000000e+00   2.060969e+02   1.205736e-07   7.134376e-02
7.000000e+01   -6.900673e+00   -0.000000e+00   -0.000000e+00   2.055021e+02   1.189582e-07   7.018479e-02
7.010000e+01   -6.627074e+00   -0.000000e+00   -0.000000e+00   2.049061e+02   1.173595e-07   6.904076e-02
7.020000e+01   -5.929184e+00   -0.000000e+00   -0.000000e+00   2.043086e+02   1.157776e-07   6.791154e-02
7.030000e+01   -5.105731e+00   -0.000000e+00   -0.000000e+00   2.037095e+02   1.142124e-07   6.679697e-02
7.040000e+01   -4.455444e+00   -0.000000e+00   -0.000000e+00   2.031085e+02   1.126638e-07   6.569694e-02
7.050000e+01   -4.237978e+00   -0.000000e+00   -0.000000e+00   2.025056e+02   1.111320e-07   6.461129e-02
7.060000e+01   -4.162040e+00   -0.000000e+00   -0.000000e+00   2.019005e+02   1.096167e-07   6.353991e-02
7.070000e+01   -4.113620e+00   -0.000000e+00   -0.000000e+00   2.012930e+02   1.081181e-07   6.248264e-02
7.080000e+01   -4.114486e+00   -0.000000e+00   -0.000000e+00   2.006831e+02   1.066359e-07   6.143936e-02
7.090000e+01   -4.186406e+00   -0.000000e+00   -0.000000e+00   2.000704e+02   1.051703e-07   6.040993e-02
7.100000e+01   -4.379095e+00   -0.000000e+00   -0.000000e+00   1.994549e+02   1.037211e-07   5.939421e-02
7.110000e+01   -5.091481e+00   -0.000000e+00   -0.000000e+00   1.988363e+02   1.022882e-07   5.839206e-02
7.120000e+01   -6.289598e+00   -0.000000e+00   -0.000000e+00   1.982145e+02   1.008717e-07   5.740336e-02
7.130000e+01   -7.768858e+00   -0.000000e+00   -0.000000e+00   1.975894e+02   9.947144e-08   5.642796e-02
7.140000e+01   -9.325374e+00   -0.000000e+00   -0.000000e+00   1.969607e+02   9.808732e-08   5.546574e-02
7.150000e+01   -1.077680e+01   -0.000000e+00   -0.000000e+00   1.963286e+02   9.671920e-08   5.451659e-02
7.160000e+01   -1.234762e+01   -0.000000e+00   -0.000000e+00   1.956931e+02   9.536695e-08   5.358037e-02
7.170000e+01   -1.407524e+01   -0.000000e+00   -0.000000e+00   1.950541e+02   9.403045e-08   5.265699e-02
7.180000e+01   -1.584985e+01   -0.000000e+00   -0.000000e+00   1.944118e+02   9.270955e-08   5.174632e-02
7.190000e+01   -1.756161e+01   -0.000000e+00   -0.000000e+00   1.937662e+02   9.140411e-08   5.084825e-02
7.200000e+01   -1.910504e+01   -0.000000e+00   -0.000000e+00   1.931172e+02   9.011401e-08   4.996267e-02
7.210000e+01   -2.051349e+01   -0.000000e+00   -0.000000e+00   1.924649e+02   8.883911e-08   4.908945e-02
7.220000e+01   -2.184950e+01   -0.000000e+00   -0.000000e+00   1.918094e+02   8.757927e-08   4.822848e-02
7.230000e+01   -2.314255e+01   -0.000000e+00   -0.000000e+00   1.911506e+02   8.633437e-08   4.737965e-02
7.240000e+01   -2.442211e+01   -0.000000e+00   -0.000000e+00   1.904887e+02   8.510426e-08   4.654284e-02
7.250000e+01   -2.571560e+01   -0.000000e+00   -0.000000e+00   1.898236e+02   8.388883e-08   4.571794e-02
7.260000e+01   -2.698541e+01   -0.000000e+00   -0.000000e+00   1.891553e+02   8.268792e-08   4.490482e-02
7.270000e+01   -2.823234e+01   -0.000000e+00   -0.000000e+00   1.884839e+02   8.150143e-08   4.410338e-02
7.280000e+01   -2.949079e+01   -0.000000e+00   -0.000000e+00   1.878095e+02   8.032920e-08   4.331350e-02
7.290000e+01   -3.079515e+01   -0.000000e+00   -0.000000e+00   1.871319e+02   7.917112e-08   4.253506e-02
7.300000e+01   -3.218889e+01   -0.000000e+00   -0.000000e+00   1.864514e+02   7.802705e-08   4.176795e-02
7.310000e+01   -3.401768e+01   -0.000000e+00   -0.000000e+00   1.857679e+02   7.689686e-08   4.101206e-02
7.320000e+01   -3.613289e+01   -0.000000e+00   -0.000000e+00   1.850813e+02   7.578042e-08   4.026725e-02
7.330000e+01   -3.810591e+01   -0.000000e+00   -0.000000e+00   1.843919e+02   7.467760e-08   3.953343e-02
7.340000e+01   -3.950717e+01   -0.000000e+00   -0.000000e+00   1.836996e+02   7.358820e-08   3.881046e-02
7.350000e+01   -3.991168e+01   -0.000000e+00   -0.000000e+00   1.830047e+02   7.251204e-08   3.809823e-02
7.360000e+01   -3.939916e+01   -0.000000e+00   -0.000000e+00   1.823073e+02   7.144890e-08   3.739659e-02
7.370000e+01   -3.842028e+01   -0.000000e+00   -0.000000e+00   1.816075e+02   7.039860e-08   3.670542e-02
7.380000e+01   -3.731060e+01   -0.000000e+00   -0.000000e+00   1.809056e+02   6.936094e-08   3.602461e-02
7.390000e+01   -3.640567e+01   -0.000000e+00   -0.000000e+00   1.802015e+02   6.833572e-08   3.535401e-02
7.400000e+01   -3.603695e+01   -0.000000e+00   -0.000000e+00   1.794956e+02   6.732276e-08   3.469350e-02
7.410000e+01   -3.598770e+01   -0.000000e+00   -0.000000e+00   1.787880e+02   6.632185e-08   3.404295e-02
7.420000e+01   -3.596807e+01   -0.000000e+00   -0.000000e+00   1.780787e+02   6.533281e-08   3.340225e-02
7.430000e+01   -3.597461e+01   -0.000000e+00   -0.000000e+00   1.773680e+02   6.435545e-08   3.277125e-02
7.440000e+01   -3.600388e+01   -0.000000e+00   -0.000000e+00   1.766560e+02   6.338958e-08   3.214983e-02
7.450000e+01   -3.605464e+01   -0.000000e+00   -0.000000e+00   1.759429e+02   6.243502e-08   3.153787e-02
7.460000e+01   -3.659943e+01   -0.000000e+00   -0.000000e+00   1.752288e+02   6.149157e-08   3.093524e-02
7.470000e+01   -3.771133e+01   -0.000000e+00   -0.000000e+00   1.745139e+02   6.055905e-08   3.034180e-02
7.480000e+01   -3.897407e+01   -0.000000e+00   -0.000000e+00   1.737983e+02   5.963727e-08   2.975744e-02
7.490000e+01   -3.997136e+01   -0.000000e+00   -0.000000e+00   1.730821e+02   5.872605e-08   2.918202e-02
7.500000e+01   -4.028727e+01   -0.000000e+00   -0.000000e+00   1.723656e+02   5.782521e-08   2.861543e-02
7.510000e+01   -3.989676e+01   -0.000000e+00   -0.000000e+00   1.716489e+02   5.693455e-08   2.805752e-02
7.520000e+01   -3.909332e+01   -0.000000e+00   -0.000000e+00   1.709321e+02   5.605389e-08   2.750817e-02
7.530000e+01   -3.799301e+01   -0.000000e+00   -0.000000e+00   1.702154e+02   5.518305e-08   2.696726e-02
7.540000e+01   -3.671189e+01   -0.000000e+00   -0.000000e+00   1.694989e+02   5.432185e-08   2.643466e-02
7.550000e+01   -3.536615e+01   -0.000000e+00   -0.000000e+00   1.687828e+02   5.347010e-08   2.591025e-02
7.560000e+01   -3.343870e+01   -0.000000e+00   -0.000000e+00   1.680676e+02   5.262761e-08   2.539393e-02
7.570000e+01   -3.075734e+01   -0.000000e+00   -0.000000e+00   1.673535e+02   5.179422e-08   2.488562e-02
7.580000e+01   -2.795615e+01   -0.000000e+00   -0.000000e+00   1.666412e+02   5.096976e-08   2.438526e-02
7.590000e+01   -2.566921e+01   -0.000000e+00   -0.000000e+00   1.659311e+02   5.015406e-08   2.389275e-02
7.600000e+01   -2.453061e+01   -0.000000e+00   -0.000000e+00   1.652235e+02   4.934697e-08   2.340802e-02
7.610000e+01   -2.424021e+01   -0.000000e+00   -0.000000e+00   1.645191e+02   4.854833e-08   2.293100e-02
7.620000e+01   -2.395986e+01   -0.000000e+00   -0.000000e+00   1.638181e+02   4.775801e-08   2.246159e-02
7.630000e+01   -2.368963e+01   -0.000000e+00   -0.000000e+00   1.631212e+02   4.697586e-08   2.199973e-02
7.640000e+01   -2.343055e+01   -0.000000e+00   -0.000000e+00   1.624287e+02   4.620174e-08   2.154534e-02
7.650000e+01   -2.318369e+01   -0.000000e+00   -0.000000e+00   1.617411e+02   4.543552e-08   2.109834e-02
7.660000e+01   -2.311171e+01   -0.000000e+00   -0.000000e+00   1.610588e+02   4.467709e-08   2.065864e-02
7.670000e+01   -2.331461e+01   -0.000000e+00   -0.000000e+00   1.603824e+02   4.392631e-08   2.022617e-02
7.680000e+01   -2.361840e+01   -0.000000e+00   -0.000000e+00   1.597122e+02   4.318307e-08   1.980086e-02
7.690000e+01   -2.384809e+01   -0.000000e+00   -0.000000e+00   1.590487e+02   4.244727e-08   1.938261e-02
7.700000e+01   -2.382873e+01   -0.000000e+00   -0.000000e+00   1.583925e+02   4.171879e-08   1.897136e-02
7.710000e+01   -2.350605e+01   -0.000000e+00   -0.000000e+00   1.577438e+02   4.099754e-08   1.856703e-02
7.720000e+01   -2.300639e+01   -0.000000e+00   -0.000000e+00   1.571032e+02   4.028341e-08   1.816953e-02
7.730000e+01   -2.236442e+01   -0.000000e+00   -0.000000e+00   1.564712e+02   3.957632e-08   1.777879e-02
7.740000e+01   -2.161366e+01   -0.000000e+00   -0.000000e+00   1.558482e+02   3.887618e-08   1.739474e-02
7.750000e+01   -2.078763e+01   -0.000000e+00   -0.000000e+00   1.552347e+02   3.818291e-08   1.701728e-02
7.760000e+01   -1.961032e+01   -0.000000e+00   -0.000000e+00   1.546310e+02   3.749642e-08   1.664634e-02
7.770000e+01   -1.776552e+01   -0.000000e+00   -0.000000e+00   1.540377e+02   3.681665e-08   1.628185e-02
7.780000e+01   -1.554998e+01   -0.000000e+00   -0.000000e+00   1.534553e+02   3.614351e-08   1.592372e-02
7.790000e+01   -1.326857e+01   -0.000000e+00   -0.000000e+00   1.528841e+02   3.547696e-08   1.557188e-02
7.800000e+01   -1.122614e+01   -0.000000e+00   -0.000000e+00   1.523247e+02   3.481692e-08   1.522625e-02
7.810000e+01   -9.387074e+00   -0.000000e+00   -0.000000e+00   1.517774e+02   3.416334e-08   1.488675e-02
7.820000e+01   -7.407208e+00   -0.000000e+00   -0.000000e+00   1.512421e+02   3.351633e-08   1.455330e-02
7.830000e+01   -5.537671e+00   -0.000000e+00   -0.000000e+00   1.507173e+02   3.287625e-08   1.422583e-02
7.840000e+01   -4.042996e+00   -0.000000e+00   -0.000000e+00   1.502016e+02   3.224346e-08   1.390429e-02
7.850000e+01   -3.187717e+00   -0.000000e+00   -0.000000e+00   1.496936e+02   3.161830e-08   1.358858e-02
7.860000e+01   -2.925772e+00   -0.000000e+00   -0.000000e+00   1.491918e+02   3.100108e-08   1.327866e-02
7.870000e+01   -2.726751e+00   -0.000000e+00   -0.000000e+00   1.486948e+02   3.039209e-08   1.297444e-02
7.880000e+01   -2.551867e+00   -0.000000e+00   -0.000000e+00   1.482011e+02   2.979160e-08   1.267586e-02
7.890000e+01   -2.379838e+00   -0.000000e+00   -0.000000e+00   1.477092e+02   2.919986e-08   1.238285e-02
7.900000e+01   -2.189384e+00   -0.000000e+00   -0.000000e+00   1.472178e+02   2.861710e-08   1.209534e-02
7.910000e+01   -1.820889e+00   -0.000000e+00   -0.000000e+00   1.467253e+02   2.804353e-08   1.181326e-02
7.920000e+01   -1.034873e+00   -0.000000e+00   -0.000000e+00   1.462303e+02   2.747933e-08   1.153655e-02
7.930000e+01   9.675438e-03   -0.000000e+00   -0.000000e+00   1.457314e+02   2.692468e-08   1.126512e-02
7.940000e+01   1.139184e+00   -0.000000e+00   -0.000000e+00   1.452271e+02   2.637972e-08   1.099892e-02
7.950000e+01   2.180083e+00   -0.000000e+00   -0.000000e+00   1.447159e+02   2.584459e-08   1.073788e-02
7.960000e+01   3.093062e+00   -0.000000e+00   -0.000000e+00   1.441965e+02   2.531940e-08   1.048191e-02
7.970000e+01   4.080929e+00   -0.000000e+00   -0.000000e+00   1.436674e+02   2.480426e-08   1.023097e-02
7.980000e+01   5.045236e+00   -0.000000e+00   -0.000000e+00   1.431270e+02   2.429924e-08   9.984967e-03
7.990000e+01   5.870472e+00   -0.000000e+00   -0.000000e+00   1.425740e+02   2.380442e-08   9.743844e-03
8.000000e+01   6.441126e+00   -0.000000e+00   -0.000000e+00   1.420070e+02   2.331984e-08   9.507530e-03
8.010000e+01   6.721103e+00   -0.000000e+00   -0.000000e+00   1.414244e+02   2.284557e-08   9.275954e-03
8.020000e+01   6.899686e+00   -0.000000e+00   -0.000000e+00   1.408248e+02   2.238161e-08   9.049048e-03
8.030000e+01   7.029284e+00   -0.000000e+00   -0.000000e+00   1.402079e+02   2.192782e-08   8.826742e-03
8.040000e+01   7.151966e+00   -0.000000e+00   -0.000000e+00   1.395767e+02   2.148353e-08   8.608965e-03
8.050000e+01   7.310140e+00   -0.000000e+00   -0.000000e+00   1.389345e+02   2.104804e-08   8.395649e-03
8.060000e+01   7.578225e+00   -0.000000e+00   -0.000000e+00   1.382849e+02   2.062068e-08   8.186722e-03
8.070000e+01   8.026183e+00   -0.000000e+00   -0.000000e+00   1.376313e+02   2.020079e-08   7.982114e-03
8.080000e+01   8.542264e+00   -0.000000e+00   -0.000000e+00   1.369772e+02   1.978777e-08   7.781755e-03
8.090000e+01   9.003655e+00   -0.000000e+00   -0.000000e+00   1.363261e+02   1.938104e-08   7.585574e-03
8.100000e+01   9.287543e+00   -0.000000e+00   -0.000000e+00   1.356814e+02   1.898006e-08   7.393501e-03
8.110000e+01   9.280787e+00   -0.000000e+00   -0.000000e+00   1.350466e+02   1.858430e-08   7.205466e-03
8.120000e+01   8.989495e+00   -0.000000e+00   -0.000000e+00   1.344251e+02   1.819327e-08   7.021399e-03
8.130000e+01   8.499898e+00   -0.000000e+00   -0.000000e+00   1.338206e+02   1.780652e-08   6.841229e-03
8.140000e+01   7.899706e+00   -0.000000e+00   -0.000000e+00   1.332363e+02   1.742360e-08   6.664885e-03
8.150000e+01   7.276617e+00   -0.000000e+00   -0.000000e+00   1.326758e+02   1.704412e-08   6.492299e-03
8.160000e+01   6.625169e+00   -0.000000e+00   -0.000000e+00   1.321407e+02   1.666795e-08   6.323406e-03
8.170000e+01   5.696746e+00   -0.000000e+00   -0.000000e+00   1.316303e+02   1.629528e-08   6.158150e-03
8.180000e+01   4.641439e+00   -0.000000e+00   -0.000000e+00   1.311439e+02   1.592634e-08   5.996479e-03
8.190000e+01   3.653414e+00   -0.000000e+00   -0.000000e+00   1.306804e+02   1.556132e-08   5.838338e-03
8.200000e+01   2.926838e+00   -0.000000e+00   -0.000000e+00   1.302390e+02   1.520043e-08   5.683673e-03
8.210000e+01   2.566702e+00   -0.000000e+00   -0.000000e+00   1.298188e+02   1.484383e-08   5.532430e-03
8.220000e+01   2.298890e+00   -0.000000e+00   -0.000000e+00   1.294190e+02   1.449170e-08   5.384554e-03
8.230000e+01   2.137080e+00   -0.000000e+00   -0.000000e+00   1.290387e+02   1.414420e-08   5.239991e-03
8.240000e+01   2.142950e+00   -0.000000e+00   -0.000000e+00   1.286769e+02   1.380147e-08   5.098688e-03
8.250000e+01   2.378177e+00   -0.000000e+00   -0.000000e+00   1.283329e+02   1.346365e-08   4.960590e-03
8.260000e+01   2.883032e+00   -0.000000e+00   -0.000000e+00   1.280057e+02   1.313087e-08   4.825643e-03
8.270000e+01   3.560426e+00   -0.000000e+00   -0.000000e+00   1.276945e+02   1.280322e-08   4.693792e-03
8.280000e+01   4.342399e+00   -0.000000e+00   -0.000000e+00   1.273984e+02   1.248082e-08   4.564985e-03
8.290000e+01   5.173113e+00   -0.000000e+00   -0.000000e+00   1.271164e+02   1.216375e-08   4.439166e-03
8.300000e+01   5.996731e+00   -0.000000e+00   -0.000000e+00   1.268478e+02   1.185207e-08   4.316282e-03
8.310000e+01   6.615365e+00   -0.000000e+00   -0.000000e+00   1.265917e+02   1.154587e-08   4.196278e-03
8.320000e+01   6.348451e+00   -0.000000e+00   -0.000000e+00   1.263471e+02   1.124519e-08   4.079100e-03
8.330000e+01   5.579685e+00   -0.000000e+00   -0.000000e+00   1.261132e+02   1.095007e-08   3.964694e-03
8.340000e+01   4.857840e+00   -0.000000e+00   -0.000000e+00   1.258890e+02   1.066056e-08   3.853009e-03
8.350000e+01   4.725348e+00   -0.000000e+00   -0.000000e+00   1.256733e+02   1.037674e-08   3.744004e-03
8.360000e+01   5.573841e+00   -0.000000e+00   -0.000000e+00   1.254648e+02   1.009870e-08   3.637639e-03
8.370000e+01   6.715082e+00   -0.000000e+00   -0.000000e+00   1.252622e+02   9.826499e-09   3.533874e-03
8.380000e+01   7.963463e+00   -0.000000e+00   -0.000000e+00   1.250641e+02   9.560198e-09   3.432669e-03
8.390000e+01   9.302453e+00   -0.000000e+00   -0.000000e+00   1.248693e+02   9.299837e-09   3.333984e-03
8.400000e+01   1.071552e+01   -0.000000e+00   -0.000000e+00   1.246766e+02   9.045447e-09   3.237780e-03
8.410000e+01   1.235542e+01   -0.000000e+00   -0.000000e+00   1.244845e+02   8.797047e-09   3.144016e-03
8.420000e+01   1.528805e+01   -0.000000e+00   -0.000000e+00   1.242919e+02   8.554648e-09   3.052652e-03
8.430000e+01   1.906282e+01   -0.000000e+00   -0.000000e+00   1.240974e+02   8.318248e-09   2.963649e-03
8.440000e+01   2.289873e+01   -0.000000e+00   -0.000000e+00   1.238997e+02   8.087837e-09   2.876967e-03
8.450000e+01   2.601476e+01   -0.000000e+00   -0.000000e+00   1.236975e+02   7.863396e-09   2.792566e-03
8.460000e+01   2.778756e+01   -0.000000e+00   -0.000000e+00   1.234895e+02   7.644897e-09   2.710405e-03
8.470000e+01   2.914220e+01   -0.000000e+00   -0.000000e+00   1.232745e+02   7.432307e-09   2.630446e-03
8.480000e+01   3.036579e+01   -0.000000e+00   -0.000000e+00   1.230512e+02   7.225581e-09   2.552648e-03
8.490000e+01   3.143630e+01   -0.000000e+00   -0.000000e+00   1.228182e+02   7.024671e-09   2.476971e-03
8.500000e+01   3.233170e+01   -0.000000e+00   -0.000000e+00   1.225742e+02   6.829520e-09   2.403376e-03
8.510000e+01   3.285676e+01   -0.000000e+00   -0.000000e+00   1.223191e+02   6.640018e-09   2.331824e-03
8.520000e+01   3.141749e+01   -0.000000e+00   -0.000000e+00   1.220564e+02   6.455859e-09   2.262283e-03
8.530000e+01   2.844186e+01   -0.000000e+00   -0.000000e+00   1.217908e+02   6.276719e-09   2.194723e-03
8.540000e+01   2.494702e+01   -0.000000e+00   -0.000000e+00   1.215270e+02   6.102299e-09   2.129113e-03
8.550000e+01   2.195010e+01   -0.000000e+00   -0.000000e+00   1.212696e+02   5.932322e-09   2.065422e-03
8.560000e+01   2.034344e+01   -0.000000e+00   -0.000000e+00   1.210231e+02   5.766535e-09   2.003621e-03
8.570000e+01   1.922820e+01   -0.000000e+00   -0.000000e+00   1.207922e+02   5.604708e-09   1.943678e-03
8.580000e+01   1.820422e+01   -0.000000e+00   -0.000000e+00   1.205816e+02   5.446627e-09   1.885562e-03
8.590000e+01   1.729699e+01   -0.000000e+00   -0.000000e+00   1.203958e+02   5.292101e-09   1.829245e-03
8.600000e+01   1.653205e+01   -0.000000e+00   -0.000000e+00   1.202395e+02   5.140955e-09   1.774694e-03
8.610000e+01   1.592956e+01   -0.000000e+00   -0.000000e+00   1.201173e+02   4.993034e-09   1.721879e-03
8.620000e+01   1.540374e+01   -0.000000e+00   -0.000000e+00   1.200339e+02   4.848199e-09   1.670770e-03
8.630000e+01   1.486249e+01   -0.000000e+00   -0.000000e+00   1.199938e+02   4.706325e-09   1.621336e-03
8.640000e+01   1.423484e+01   -0.000000e+00   -0.000000e+00   1.200017e+02   4.567304e-09   1.573547e-03
8.650000e+01   1.344984e+01   -0.000000e+00   -0.000000e+00   1.200622e+02   4.431044e-09   1.527372e-03
8.660000e+01   1.241553e+01   -0.000000e+00   -0.000000e+00   1.201800e+02   4.297466e-09   1.482781e-03
8.670000e+01   1.073972e+01   -0.000000e+00   -0.000000e+00   1.203595e+02   4.166506e-09   1.439742e-03
8.680000e+01   8.501815e+00   -0.000000e+00   -0.000000e+00   1.206021e+02   4.038198e-09   1.398218e-03
8.690000e+01   5.973795e+00   -0.000000e+00   -0.000000e+00   1.209056e+02   3.912668e-09   1.358162e-03
8.700000e+01   3.427847e+00   -0.000000e+00   -0.000000e+00   1.212673e+02   3.790027e-09   1.319527e-03
8.710000e+01   1.123404e+00   -0.000000e+00   -0.000000e+00   1.216847e+02   3.670368e-09   1.282265e-03
8.720000e+01   -1.058108e+00   -0.000000e+00   -0.000000e+00   1.221552e+02   3.553762e-09   1.246329e-03
8.730000e+01   -3.240806e+00   -0.000000e+00   -0.000000e+00   1.226764e+02   3.440263e-09   1.211672e-03
8.740000e+01   -5.439199e+00   -0.000000e+00   -0.000000e+00   1.232457e+02   3.329907e-09   1.178246e-03
8.750000e+01   -7.667796e+00   -0.000000e+00   -0.000000e+00   1.238604e+02   3.222712e-09   1.146005e-03
8.760000e+01   -9.945403e+00   -0.000000e+00   -0.000000e+00   1.245182e+02   3.118680e-09   1.114900e-03
8.770000e+01   -1.238731e+01   -0.000000e+00   -0.000000e+00   1.252164e+02   3.017799e-09   1.084886e-03
8.780000e+01   -1.492420e+01   -0.000000e+00   -0.000000e+00   1.259525e+02   2.920041e-09   1.055913e-03
8.790000e+01   -1.739983e+01   -0.000000e+00   -0.000000e+00   1.267240e+02   2.825368e-09   1.027936e-03
8.800000e+01   -1.965794e+01   -0.000000e+00   -0.000000e+00   1.275283e+02   2.733726e-09   1.000907e-03
8.810000e+01   -2.154773e+01   -0.000000e+00   -0.000000e+00   1.283629e+02   2.645053e-09   9.747790e-04
8.820000e+01   -2.320277e+01   -0.000000e+00   -0.000000e+00   1.292252e+02   2.559277e-09   9.495039e-04
8.830000e+01   -2.475414e+01   -0.000000e+00   -0.000000e+00   1.301126e+02   2.476318e-09   9.250350e-04
8.840000e+01   -2.621614e+01   -0.000000e+00   -0.000000e+00   1.310227e+02   2.396086e-09   9.013250e-04
8.850000e+01   -2.760307e+01   -0.000000e+00   -0.000000e+00   1.319530e+02   2.318486e-09   8.783266e-04
8.860000e+01   -2.891746e+01   -0.000000e+00   -0.000000e+00   1.329016e+02   2.243432e-09   8.560032e-04
8.870000e+01   -2.960973e+01   -0.000000e+00   -0.000000e+00   1.338685e+02   2.170854e-09   8.343371e-04
8.880000e+01   -2.957656e+01   -0.000000e+00   -0.000000e+00   1.348538e+02   2.100689e-09   8.133125e-04
8.890000e+01   -2.913293e+01   -0.000000e+00   -0.000000e+00   1.358575e+02   2.032872e-09   7.929136e-04
8.900000e+01   -2.859380e+01   -0.000000e+00   -0.000000e+00   1.368795e+02   1.967336e-09   7.731246e-04
8.910000e+01   -2.827085e+01   -0.000000e+00   -0.000000e+00   1.379200e+02   1.904019e-09   7.539299e-04
8.920000e+01   -2.803634e+01   -0.000000e+00   -0.000000e+00   1.389790e+02   1.842854e-09   7.353136e-04
8.930000e+01   -2.770404e+01   -0.000000e+00   -0.000000e+00   1.400565e+02   1.783779e-09   7.172601e-04
8.940000e+01   -2.731738e+01   -0.000000e+00   -0.000000e+00   1.411526e+02   1.726728e-09   6.997534e-04
8.950000e+01   -2.691976e+01   -0.000000e+00   -0.000000e+00   1.422672e+02   1.671638e-09   6.827780e-04
8.960000e+01   -2.655497e+01   -0.000000e+00   -0.000000e+00   1.434005e+02   1.618447e-09   6.663179e-04
8.970000e+01   -2.631392e+01   -0.000000e+00   -0.000000e+00   1.445524e+02   1.567092e-09   6.503575e-04
8.980000e+01   -2.610961e+01   -0.000000e+00   -0.000000e+00   1.457230e+02   1.517511e-09   6.348811e-04
8.990000e+01   -2.574922e+01   0.000000e+00   0.000000e+00   1.469124e+02   1.469643e-09   6.198727e-04
9.000000e+01   -2.503997e+01   0.000000e+00   0.000000e+00   1.481205e+02   1.423427e-09   6.053168e-04
9.010000e+01   -2.378858e+01   0.000000e+00   0.000000e+00   1.493474e+02   1.378804e-09   5.911974e-04
9.020000e+01   -2.146971e+01   0.000000e+00   0.000000e+00   1.505932e+02   1.335714e-09   5.774990e-04
9.030000e+01   -1.804334e+01   0.000000e+00   0.000000e+00   1.518579e+02   1.294100e-09   5.642056e-04
9.040000e+01   -1.396308e+01   0.000000e+00   0.000000e+00   1.531414e+02   1.253904e-09   5.513016e-04
9.050000e+01   -9.682531e+00   0.000000e+00   0.000000e+00   1.544439e+02   1.215070e-09   5.387712e-04
9.060000e+01   -5.658241e+00   0.000000e+00   0.000000e+00   1.557651e+02   1.177545e-09   5.265992e-04
9.070000e+01   -1.805930e+00   0.000000e+00   0.000000e+00   1.571028e+02   1.141305e-09   5.147755e-04
9.080000e+01   2.197796e+00   0.000000e+00   0.000000e+00   1.584537e+02   1.106331e-09   5.032918e-04
9.090000e+01   6.238864e+00   0.000000e+00   0.000000e+00   1.598147e+02   1.072604e-09   4.921397e-04
9.100000e+01   1.020320e+01   0.000000e+00   0.000000e+00   1.611827e+02   1.040100e-09   4.813110e-04
9.110000e+01   1.397675e+01   0.000000e+00   0.000000e+00   1.625545e+02   1.008794e-09   4.707974e-04
9.120000e+01   1.772337e+01   0.000000e+00   0.000000e+00   1.639271e+02   9.786607e-10   4.605907e-04
9.130000e+01   2.158734e+01   0.000000e+00   0.000000e+00   1.652972e+02   9.496708e-10   4.506826e-04
9.140000e+01   2.536455e+01   0.000000e+00   0.000000e+00   1.666617e+02   9.217952e-10   4.410649e-04
9.150000e+01   2.885052e+01   0.000000e+00   0.000000e+00   1.680174e+02   8.950036e-10   4.317292e-04
9.160000e+01   3.184078e+01   0.000000e+00   0.000000e+00   1.693613e+02   8.692650e-10   4.226673e-04
9.170000e+01   3.407055e+01   0.000000e+00   0.000000e+00   1.706901e+02   8.445478e-10   4.138709e-04
9.180000e+01   3.555610e+01   0.000000e+00   0.000000e+00   1.720008e+02   8.208201e-10   4.053318e-04
9.190000e+01   3.657172e+01   0.000000e+00   0.000000e+00   1.732901e+02   7.980499e-10   3.970417e-04
9.200000e+01   3.739233e+01   0.000000e+00   0.000000e+00   1.745550e+02   7.762052e-10   3.889924e-04
9.210000e+01   3.829286e+01   0.000000e+00   0.000000e+00   1.757922e+02   7.552538e-10   3.811755e-04
9.220000e+01   3.901552e+01   0.000000e+00   0.000000e+00   1.769987e+02   7.351642e-10   3.735828e-04
9.230000e+01   3.919201e+01   0.000000e+00   0.000000e+00   1.781713e+02   7.159049e-10   3.662060e-04
9.240000e+01   3.931113e+01   0.000000e+00   0.000000e+00   1.793068e+02   6.974447e-10   3.590369e-04
9.250000e+01   3.986865e+01   0.000000e+00   0.000000e+00   1.804022e+02   6.797533e-10   3.520671e-04
9.260000e+01   4.136032e+01   0.000000e+00   0.000000e+00   1.814542e+02   6.628004e-10   3.452886e-04
9.270000e+01   4.387800e+01   0.000000e+00   0.000000e+00   1.824597e+02   6.465566e-10   3.386928e-04
9.280000e+01   4.681214e+01   0.000000e+00   0.000000e+00   1.834157e+02   6.309931e-10   3.322717e-04
9.290000e+01   4.988776e+01   0.000000e+00   0.000000e+00   1.843188e+02   6.160815e-10   3.260169e-04
9.300000e+01   5.284031e+01   0.000000e+00   0.000000e+00   1.851669e+02   6.017924e-10   3.199207e-04
9.310000e+01   5.542190e+01   0.000000e+00   0.000000e+00   1.859626e+02   5.880879e-10   3.139787e-04
9.320000e+01   5.752325e+01   0.000000e+00   0.000000e+00   1.867101e+02   5.749298e-10   3.081875e-04
9.330000e+01   5.933703e+01   0.000000e+00   0.000000e+00   1.874136e+02   5.622824e-10   3.025436e-04
9.340000e+01   6.096408e+01   0.000000e+00   0.000000e+00   1.880774e+02   5.501122e-10   2.970436e-04
9.350000e+01   6.250147e+01   0.000000e+00   0.000000e+00   1.887056e+02   5.383883e-10   2.916840e-04
9.360000e+01   6.404629e+01   0.000000e+00   0.000000e+00   1.893024e+02   5.270816e-10   2.864616e-04
9.370000e+01   6.576082e+01   0.000000e+00   0.000000e+00   1.898721e+02   5.161648e-10   2.813727e-04
9.380000e+01   6.774946e+01   0.000000e+00   0.000000e+00   1.904189e+02   5.056124e-10   2.764140e-04
9.390000e+01   6.987945e+01   0.000000e+00   0.000000e+00   1.909470e+02   4.954001e-10   2.715821e-04
9.400000e+01   7.201238e+01   0.000000e+00   0.000000e+00   1.914606e+02   4.855052e-10   2.668736e-04
9.410000e+01   7.400987e+01   0.000000e+00   0.000000e+00   1.919639e+02   4.759064e-10   2.622850e-04
9.420000e+01   7.598003e+01   0.000000e+00   0.000000e+00   1.924611e+02   4.665834e-10   2.578129e-04
9.430000e+01   7.822687e+01   0.000000e+00   0.000000e+00   1.929565e+02   4.575169e-10   2.534539e-04
9.440000e+01   8.039268e+01   0.000000e+00   0.000000e+00   1.934543e+02   4.486888e-10   2.492045e-04
9.450000e+01   8.209473e+01   0.000000e+00   0.000000e+00   1.939586e+02   4.400818e-10   2.450614e-04
9.460000e+01   8.295026e+01   0.000000e+00   0.000000e+00   1.944738e+02   4.316797e-10   2.410211e-04
9.470000e+01   8.292313e+01   0.000000e+00   0.000000e+00   1.950039e+02   4.234670e-10   2.370801e-04
9.480000e+01   8.273274e+01   0.000000e+00   0.000000e+00   1.955532e+02   4.154288e-10   2.332352e-04
9.490000e+01   8.244796e+01   0.000000e+00   0.000000e+00   1.961260e+02   4.075514e-10   2.294827e-04
9.500000e+01   8.209670e+01   0.000000e+00   0.000000e+00   1.967264e+02   3.998215e-10   2.258194e-04
9.510000e+01   8.170686e+01   0.000000e+00   0.000000e+00   1.973587e+02   3.922265e-10   2.222418e-04
9.520000e+01   8.130372e+01   0.000000e+00   0.000000e+00   1.980271e+02   3.847547e-10   2.187464e-04
9.530000e+01   8.088764e+01   0.000000e+00   0.000000e+00   1.987357e+02   3.773948e-10   2.153299e-04
9.540000e+01   8.044514e+01   0.000000e+00   0.000000e+00   1.994889e+02   3.701364e-10   2.119887e-04
9.550000e+01   7.996257e+01   0.000000e+00   0.000000e+00   2.002907e+02   3.629695e-10   2.087196e-04
9.560000e+01   7.942633e+01   0.000000e+00   0.000000e+00   2.011455e+02   3.558848e-10   2.055191e-04
9.570000e+01   7.879209e+01   0.000000e+00   0.000000e+00   2.020574e+02   3.488738e-10   2.023837e-04
9.580000e+01   7.799913e+01   0.000000e+00   0.000000e+00   2.030307e+02   3.419283e-10   1.993100e-04
9.590000e+01   7.713755e+01   0.000000e+00   0.000000e+00   2.040695e+02   3.350410e-10   1.962946e-04
9.600000e+01   7.630421e+01   0.000000e+00   0.000000e+00   2.051755e+02   3.282109e-10   1.933351e-04
9.610000e+01   7.559160e+01   0.000000e+00   0.000000e+00   2.063468e+02   3.214450e-10   1.904306e-04
9.620000e+01   7.511163e+01   0.000000e+00   0.000000e+00   2.075812e+02   3.147504e-10   1.875801e-04
9.630000e+01   7.491897e+01   0.000000e+00   0.000000e+00   2.088767e+02   3.081336e-10   1.847828e-04
9.640000e+01   7.487139e+01   0.000000e+00   0.000000e+00   2.102311e+02   3.016006e-10   1.820378e-04
9.650000e+01   7.481452e+01   0.000000e+00   0.000000e+00   2.116422e+02   2.951567e-10   1.793442e-04
9.660000e+01   7.459396e+01   0.000000e+00   0.000000e+00   2.131078e+02   2.888069e-10   1.767012e-04
9.670000e+01   7.406716e+01   0.000000e+00   0.000000e+00   2.146259e+02   2.825555e-10   1.741078e-04
9.680000e+01   7.324769e+01   0.000000e+00   0.000000e+00   2.161942e+02   2.764063e-10   1.715633e-04
9.690000e+01   7.225856e+01   0.000000e+00   0.000000e+00   2.178107e+02   2.703627e-10   1.690667e-04
9.700000e+01   7.122503e+01   0.000000e+00   0.000000e+00   2.194730e+02   2.644274e-10   1.666172e-04
9.710000e+01   7.027231e+01   0.000000e+00   0.000000e+00   2.211792e+02   2.586028e-10   1.642139e-04
9.720000e+01   6.947530e+01   0.000000e+00   0.000000e+00   2.229271e+02   2.528911e-10   1.618559e-04
9.730000e+01   6.868892e+01   0.000000e+00   0.000000e+00   2.247144e+02   2.472936e-10   1.595424e-04
9.740000e+01   6.792249e+01   0.000000e+00   0.000000e+00   2.265391e+02   2.418116e-10   1.572724e-04
9.750000e+01   6.721200e+01   0.000000e+00   0.000000e+00   2.283990e+02   2.364459e-10   1.550452e-04
9.760000e+01   6.659343e+01   0.000000e+00   0.000000e+00   2.302919e+02   2.311970e-10   1.528598e-04
9.770000e+01   6.614297e+01   0.000000e+00   0.000000e+00   2.322157e+02   2.260650e-10   1.507153e-04
9.780000e+01   6.602478e+01   0.000000e+00   0.000000e+00   2.341683e+02   2.210499e-10   1.486109e-04
9.790000e+01   6.609991e+01   0.000000e+00   0.000000e+00   2.361474e+02   2.161512e-10   1.465457e-04
9.800000e+01   6.619085e+01   0.000000e+00   0.000000e+00   2.381510e+02   2.113683e-10   1.445189e-04
9.810000e+01   6.612008e+01   0.000000e+00   0.000000e+00   2.401769e+02   2.067004e-10   1.425296e-04
9.820000e+01   6.576407e+01   0.000000e+00   0.000000e+00   2.422229e+02   2.021464e-10   1.405768e-04
9.830000e+01   6.533284e+01   0.000000e+00   0.000000e+00   2.442869e+02   1.977051e-10   1.386598e-04
9.840000e+01   6.486568e+01   0.000000e+00   0.000000e+00   2.463667e+02   1.933751e-10   1.367776e-04
9.850000e+01   6.435499e+01   0.000000e+00   0.000000e+00   2.484602e+02   1.891548e-10   1.349294e-04
9.860000e+01   6.379316e+01   0.000000e+00   0.000000e+00   2.505652e+02   1.850425e-10   1.331143e-04
9.870000e+01   6.310764e+01   0.000000e+00   0.000000e+00   2.526796e+02   1.810364e-10   1.313314e-04
9.880000e+01   6.189327e+01   0.000000e+00   0.000000e+00   2.548012e+02   1.771347e-10   1.295799e-04
9.890000e+01   6.018801e+01   0.000000e+00   0.000000e+00   2.569279e+02   1.733354e-10   1.278589e-04
9.900000e+01   5.812115e+01   0.000000e+00   0.000000e+00   2.590575e+02   1.696363e-10   1.261674e-04
9.910000e+01   5.582198e+01   0.000000e+00   0.000000e+00   2.611878e+02   1.660354e-10   1.245048e-04
9.920000e+01   5.327466e+01   0.000000e+00   0.000000e+00   2.633168e+02   1.625305e-10   1.228700e-04
9.930000e+01   4.960098e+01   0.000000e+00   0.000000e+00   2.654422e+02   1.591193e-10   1.212621e-04
9.940000e+01   4.508256e+01   0.000000e+00   0.000000e+00   2.675620e+02   1.557996e-10   1.196805e-04
9.950000e+01   4.027232e+01   0.000000e+00   0.000000e+00   2.696742e+02   1.525692e-10   1.181241e-04
9.960000e+01   3.572508e+01   0.000000e+00   0.000000e+00   2.717783e+02   1.494253e-10   1.165927e-04
9.970000e+01   3.192792e+01   0.000000e+00   0.000000e+00   2.738739e+02   1.463656e-10   1.150859e-04
9.980000e+01   2.857695e+01   0.000000e+00   0.000000e+00   2.759607e+02   1.433876e-10   1.136033e-04
9.990000e+01   2.541580e+01   0.000000e+00   0.000000e+00   2.780384e+02   1.404888e-10   1.121447e-04
1.000000e+02   2.229944e+01   0.000000e+00   0.000000e+00   2.801065e+02   1.376671e-10   1.107097e-04
1.001000e+02   1.908284e+01   0.000000e+00   0.000000e+00   2.821649e+02   1.349201e-10   1.092980e-04
1.002000e+02   1.561655e+01   0.000000e+00   0.000000e+00   2.842130e+02   1.322458e-10   1.079092e-04
1.003000e+02   1.181640e+01   0.000000e+00   0.000000e+00   2.862507e+02   1.296420e-10   1.065429e-04
1.004000e+02   7.850690e+00   0.000000e+00   0.000000e+00   2.882775e+02   1.271067e-10   1.051990e-04
1.005000e+02   3.924224e+00   0.000000e+00   0.000000e+00   2.902931e+02   1.246380e-10   1.038770e-04
1.006000e+02   2.418302e-01   0.000000e+00   0.000000e+00   2.922972e+02   1.222338e-10   1.025766e-04
1.007000e+02   -3.007472e+00   0.000000e+00   0.000000e+00   2.942895e+02   1.198924e-10   1.012975e-04
1.008000e+02   -5.917173e+00   0.000000e+00   0.000000e+00   2.962696e+02   1.176119e-10   1.000393e-04
1.009000e+02   -8.635904e+00   0.000000e+00   0.000000e+00   2.982371e+02   1.153907e-10   9.880175e-05
1.010000e+02   -1.127230e+01   0.000000e+00   0.000000e+00   3.001917e+02   1.132269e-10   9.758445e-05
1.011000e+02   -1.393501e+01   0.000000e+00   0.000000e+00   3.021331e+02   1.111190e-10   9.638710e-05
1.012000e+02   -1.675307e+01   0.000000e+00   0.000000e+00   3.040610e+02   1.090653e-10   9.520936e-05
1.013000e+02   -2.001050e+01   0.000000e+00   0.000000e+00   3.059750e+02   1.070643e-10   9.405090e-05
1.014000e+02   -2.344905e+01   0.000000e+00   0.000000e+00   3.078748e+02   1.051145e-10   9.291138e-05
1.015000e+02   -2.665688e+01   0.000000e+00   0.000000e+00   3.097600e+02   1.032143e-10   9.179048e-05
1.016000e+02   -2.922214e+01   0.000000e+00   0.000000e+00   3.116303e+02   1.013625e-10   9.068785e-05
1.017000e+02   -3.078090e+01   0.000000e+00   0.000000e+00   3.134853e+02   9.955747e-11   8.960318e-05
1.018000e+02   -3.196763e+01   0.000000e+00   0.000000e+00   3.153248e+02   9.779801e-11   8.853612e-05
1.019000e+02   -3.310339e+01   0.000000e+00   0.000000e+00   3.171483e+02   9.608277e-11   8.748635e-05
1.020000e+02   -3.418332e+01   0.000000e+00   0.000000e+00   3.189556e+02   9.441045e-11   8.645352e-05
1.021000e+02   -3.520253e+01   0.000000e+00   0.000000e+00   3.207463e+02   9.277983e-11   8.543731e-05
1.022000e+02   -3.612803e+01   0.000000e+00   0.000000e+00   3.225201e+02   9.118969e-11   8.443739e-05
1.023000e+02   -3.634075e+01   0.000000e+00   0.000000e+00   3.242765e+02   8.963885e-11   8.345343e-05
1.024000e+02   -3.584258e+01   0.000000e+00   0.000000e+00   3.260154e+02   8.812618e-11   8.248508e-05
1.025000e+02   -3.497273e+01   0.000000e+00   0.000000e+00   3.277363e+02   8.665054e-11   8.153202e-05
1.026000e+02   -3.407047e+01   0.000000e+00   0.000000e+00   3.294389e+02   8.521087e-11   8.059392e-05
1.027000e+02   -3.345913e+01   0.000000e+00   0.000000e+00   3.311229e+02   8.380610e-11   7.967044e-05
1.028000e+02   -3.290149e+01   0.000000e+00   0.000000e+00   3.327880e+02   8.243519e-11   7.876126e-05
1.029000e+02   -3.228676e+01   0.000000e+00   0.000000e+00   3.344337e+02   8.109716e-11   7.786603e-05
1.030000e+02   -3.173473e+01   0.000000e+00   0.000000e+00   3.360598e+02   7.979101e-11   7.698442e-05
1.031000e+02   -3.136521e+01   0.000000e+00   0.000000e+00   3.376659e+02   7.851580e-11   7.611612e-05
1.032000e+02   -3.129434e+01   0.000000e+00   0.000000e+00   3.392517e+02   7.727060e-11   7.526077e-05
1.033000e+02   -3.143365e+01   0.000000e+00   0.000000e+00   3.408168e+02   7.605450e-11   7.441805e-05
1.034000e+02   -3.165028e+01   0.000000e+00   0.000000e+00   3.423609e+02   7.486662e-11   7.358762e-05
1.035000e+02   -3.188075e+01   0.000000e+00   0.000000e+00   3.438837e+02   7.370610e-11   7.276916e-05
1.036000e+02   -3.206182e+01   0.000000e+00   0.000000e+00   3.453849e+02   7.257209e-11   7.196235e-05
1.037000e+02   -3.213247e+01   0.000000e+00   0.000000e+00   3.468649e+02   7.146377e-11   7.116700e-05
1.038000e+02   -3.209501e+01   0.000000e+00   0.000000e+00   3.483244e+02   7.038035e-11   7.038298e-05
1.039000e+02   -3.198351e+01   0.000000e+00   0.000000e+00   3.497640e+02   6.932107e-11   6.961016e-05
1.040000e+02   -3.181282e+01   0.000000e+00   0.000000e+00   3.511843e+02   6.828518e-11   6.884841e-05
1.041000e+02   -3.159774e+01   0.000000e+00   0.000000e+00   3.525861e+02   6.727198e-11   6.809759e-05
1.042000e+02   -3.135354e+01   0.000000e+00   0.000000e+00   3.539700e+02   6.628080e-11   6.735758e-05
1.043000e+02   -3.112749e+01   0.000000e+00   0.000000e+00   3.553366e+02   6.531097e-11   6.662825e-05
1.044000e+02   -3.089963e+01   0.000000e+00   0.000000e+00   3.566866e+02   6.436186e-11   6.590946e-05
1.045000e+02   -3.060627e+01   0.000000e+00   0.000000e+00   3.580207e+02   6.343285e-11   6.520108e-05
1.046000e+02   -3.018369e+01   0.000000e+00   0.000000e+00   3.593396e+02   6.252337e-11   6.450298e-05
1.047000e+02   -2.956580e+01   0.000000e+00   0.000000e+00   3.606438e+02   6.163284e-11   6.381503e-05
1.048000e+02   -2.820580e+01   0.000000e+00   0.000000e+00   3.619341e+02   6.076070e-11   6.313710e-05
1.049000e+02   -2.612341e+01   0.000000e+00   0.000000e+00   3.632111e+02   5.990644e-11   6.246906e-05
1.050000e+02   -2.390144e+01   0.000000e+00   0.000000e+00   3.644754e+02   5.906954e-11   6.181078e-05
1.051000e+02   -2.212267e+01   0.000000e+00   0.000000e+00   3.657278e+02   5.824949e-11   6.116212e-05
1.052000e+02   -2.136903e+01   0.000000e+00   0.000000e+00   3.669689e+02   5.744582e-11   6.052295e-05
1.053000e+02   -2.126971e+01   0.000000e+00   0.000000e+00   3.681994e+02   5.665807e-11   5.989315e-05
1.054000e+02   -2.117078e+01   0.000000e+00   0.000000e+00   3.694198e+02   5.588578e-11   5.927259e-05
1.055000e+02   -2.107429e+01   0.000000e+00   0.000000e+00   3.706310e+02   5.512852e-11   5.866112e-05
1.056000e+02   -2.098227e+01   0.000000e+00   0.000000e+00   3.718334e+02   5.438586e-11   5.805863e-05
1.057000e+02   -2.089676e+01   0.000000e+00   0.000000e+00   3.730278e+02   5.365740e-11   5.746497e-05
1.058000e+02   -2.091752e+01   0.000000e+00   0.000000e+00   3.742149e+02   5.294273e-11   5.688002e-05
1.059000e+02   -2.109088e+01   0.000000e+00   0.000000e+00   3.753953e+02   5.224146e-11   5.630365e-05
1.060000e+02   -2.133870e+01   0.000000e+00   0.000000e+00   3.765697e+02   5.155324e-11   5.573573e-05
1.061000e+02   -2.158286e+01   0.000000e+00   0.000000e+00   3.777387e+02   5.087768e-11   5.517612e-05
1.062000e+02   -2.174526e+01   0.000000e+00   0.000000e+00   3.789030e+02   5.021444e-11   5.462470e-05
1.063000e+02   -2.185384e+01   0.000000e+00   0.000000e+00   3.800633e+02   4.956317e-11   5.408132e-05
1.064000e+02   -2.197081e+01   0.000000e+00   0.000000e+00   3.812201e+02   4.892354e-11   5.354587e-05
1.065000e+02   -2.204847e+01   0.000000e+00   0.000000e+00   3.823742e+02   4.829522e-11   5.301821e-05
1.066000e+02   -2.203897e+01   0.000000e+00   0.000000e+00   3.835263e+02   4.767789e-11   5.249821e-05
1.067000e+02   -2.189445e+01   0.000000e+00   0.000000e+00   3.846769e+02   4.707125e-11   5.198574e-05
1.068000e+02   -2.132894e+01   0.000000e+00   0.000000e+00   3.858268e+02   4.647500e-11   5.148067e-05
1.069000e+02   -2.020350e+01   0.000000e+00   0.000000e+00   3.869766e+02   4.588884e-11   5.098286e-05
1.070000e+02   -1.881607e+01   0.000000e+00   0.000000e+00   3.881270e+02   4.531249e-11   5.049218e-05
1.071000e+02   -1.746606e+01   0.000000e+00   0.000000e+00   3.892786e+02   4.474568e-11   5.000851e-05
1.072000e+02   -1.645288e+01   0.000000e+00   0.000000e+00   3.904320e+02   4.418813e-11   4.953172e-05
1.073000e+02   -1.577254e+01   0.000000e+00   0.000000e+00   3.915881e+02   4.363957e-11   4.906166e-05
1.074000e+02   -1.512030e+01   0.000000e+00   0.000000e+00   3.927473e+02   4.309975e-11   4.859822e-05
1.075000e+02   -1.452271e+01   0.000000e+00   0.000000e+00   3.939104e+02   4.256843e-11   4.814126e-05
1.076000e+02   -1.400962e+01   0.000000e+00   0.000000e+00   3.950780e+02   4.204534e-11   4.769064e-05
1.077000e+02   -1.361087e+01   0.000000e+00   0.000000e+00   3.962509e+02   4.153027e-11   4.724624e-05
1.078000e+02   -1.367564e+01   0.000000e+00   0.000000e+00   3.974295e+02   4.102296e-11   4.680793e-05
1.079000e+02   -1.449549e+01   0.000000e+00   0.000000e+00   3.986147e+02   4.052319e-11   4.637558e-05
1.080000e+02   -1.565844e+01   0.000000e+00   0.000000e+00   3.998070e+02   4.003075e-11   4.594904e-05
1.081000e+02   -1.674363e+01   0.000000e+00   0.000000e+00   4.010072e+02   3.954540e-11   4.552821e-05
1.082000e+02   -1.733021e+01   0.000000e+00   0.000000e+00   4.022158e+02   3.906695e-11   4.511293e-05
1.083000e+02   -1.737064e+01   0.000000e+00   0.000000e+00   4.034336e+02   3.859518e-11   4.470308e-05
1.084000e+02   -1.735796e+01   0.000000e+00   0.000000e+00   4.046612e+02   3.812988e-11   4.429854e-05
1.085000e+02   -1.728946e+01   0.000000e+00   0.000000e+00   4.058993e+02   3.767086e-11   4.389916e-05
1.086000e+02   -1.714892e+01   0.000000e+00   0.000000e+00   4.071480e+02   3.721800e-11   4.350485e-05
1.087000e+02   -1.691948e+01   0.000000e+00   0.000000e+00   4.084071e+02   3.677125e-11   4.311555e-05
1.088000e+02   -1.644627e+01   0.000000e+00   0.000000e+00   4.096760e+02   3.633058e-11   4.273121e-05
1.089000e+02   -1.556128e+01   0.000000e+00   0.000000e+00   4.109543e+02   3.589597e-11   4.235177e-05
1.090000e+02   -1.448424e+01   0.000000e+00   0.000000e+00   4.122416e+02   3.546737e-11   4.197717e-05
1.091000e+02   -1.344517e+01   0.000000e+00   0.000000e+00   4.135375e+02   3.504475e-11   4.160737e-05
1.092000e+02   -1.267408e+01   0.000000e+00   0.000000e+00   4.148415e+02   3.462807e-11   4.124230e-05
1.093000e+02   -1.222700e+01   0.000000e+00   0.000000e+00   4.161532e+02   3.421729e-11   4.088191e-05
1.094000e+02   -1.181498e+01   0.000000e+00   0.000000e+00   4.174721e+02   3.381236e-11   4.052615e-05
1.095000e+02   -1.142890e+01   0.000000e+00   0.000000e+00   4.187978e+02   3.341325e-11   4.017496e-05
1.096000e+02   -1.107369e+01   0.000000e+00   0.000000e+00   4.201299e+02   3.301989e-11   3.982829e-05
1.097000e+02   -1.075433e+01   0.000000e+00   0.000000e+00   4.214680e+02   3.263225e-11   3.948608e-05
1.098000e+02   -1.090367e+01   0.000000e+00   0.000000e+00   4.228115e+02   3.225028e-11   3.914827e-05
1.099000e+02   -1.234602e+01   0.000000e+00   0.000000e+00   4.241601e+02   3.187391e-11   3.881482e-05
1.100000e+02   -1.457542e+01   0.000000e+00   0.000000e+00   4.255134e+02   3.150311e-11   3.848567e-05
1.101000e+02   -1.702249e+01   0.000000e+00   0.000000e+00   4.268708e+02   3.113782e-11   3.816076e-05
1.102000e+02   -1.911788e+01   0.000000e+00   0.000000e+00   4.282320e+02   3.077798e-11   3.784004e-05
1.103000e+02   -2.067150e+01   0.000000e+00   0.000000e+00   4.295965e+02   3.042354e-11   3.752345e-05
1.104000e+02   -2.234643e+01   0.000000e+00   0.000000e+00   4.309639e+02   3.007443e-11   3.721094e-05
1.105000e+02   -2.391550e+01   0.000000e+00   0.000000e+00   4.323338e+02   2.973061e-11   3.690246e-05
1.106000e+02   -2.508599e+01   0.000000e+00   0.000000e+00   4.337056e+02   2.939201e-11   3.659794e-05
1.107000e+02   -2.556521e+01   0.000000e+00   0.000000e+00   4.350791e+02   2.905857e-11   3.629734e-05
1.108000e+02   -2.512248e+01   0.000000e+00   0.000000e+00   4.364536e+02   2.873024e-11   3.600060e-05
1.109000e+02   -2.395272e+01   0.000000e+00   0.000000e+00   4.378289e+02   2.840695e-11   3.570766e-05
1.110000e+02   -2.238512e+01   0.000000e+00   0.000000e+00   4.392045e+02   2.808864e-11   3.541847e-05
1.111000e+02   -2.074481e+01   0.000000e+00   0.000000e+00   4.405799e+02   2.777525e-11   3.513298e-05
1.112000e+02   -1.935691e+01   0.000000e+00   0.000000e+00   4.419546e+02   2.746672e-11   3.485113e-05
1.113000e+02   -1.842335e+01   0.000000e+00   0.000000e+00   4.433284e+02   2.716298e-11   3.457286e-05
1.114000e+02   -1.764768e+01   0.000000e+00   0.000000e+00   4.447007e+02   2.686397e-11   3.429813e-05
1.115000e+02   -1.693600e+01   -0.000000e+00   -0.000000e+00   4.460710e+02   2.656964e-11   3.402687e-05
1.116000e+02   -1.622703e+01   -0.000000e+00   -0.000000e+00   4.474390e+02   2.627990e-11   3.375903e-05
1.117000e+02   -1.545951e+01   -0.000000e+00   -0.000000e+00   4.488043e+02   2.599471e-11   3.349456e-05
1.118000e+02   -1.460157e+01   -0.000000e+00   -0.000000e+00   4.501663e+02   2.571399e-11   3.323340e-05
1.119000e+02   -1.371921e+01   -0.000000e+00   -0.000000e+00   4.515246e+02   2.543768e-11   3.297549e-05
1.120000e+02   -1.277891e+01   -0.000000e+00   -0.000000e+00   4.528789e+02   2.516572e-11   3.272079e-05
1.121000e+02   -1.173446e+01   -0.000000e+00   -0.000000e+00   4.542286e+02   2.489804e-11   3.246924e-05
1.122000e+02   -1.053966e+01   -0.000000e+00   -0.000000e+00   4.555734e+02   2.463459e-11   3.222077e-05
1.123000e+02   -9.041236e+00   -0.000000e+00   -0.000000e+00   4.569127e+02   2.437528e-11   3.197535e-05
1.124000e+02   -6.846007e+00   -0.000000e+00   -0.000000e+00   4.582463e+02   2.412007e-11   3.173291e-05
1.125000e+02   -4.200955e+00   -0.000000e+00   -0.000000e+00   4.595735e+02   2.386888e-11   3.149339e-05
1.126000e+02   -1.427174e+00   -0.000000e+00   -0.000000e+00   4.608941e+02   2.362166e-11   3.125675e-05
1.127000e+02   1.154242e+00   -0.000000e+00   -0.000000e+00   4.622075e+02   2.337833e-11   3.102293e-05
1.128000e+02   3.358854e+00   -0.000000e+00   -0.000000e+00   4.635133e+02   2.313884e-11   3.079187e-05
1.129000e+02   5.625985e+00   -0.000000e+00   -0.000000e+00   4.648111e+02   2.290312e-11   3.056353e-05
1.130000e+02   7.839563e+00   -0.000000e+00   -0.000000e+00   4.661005e+02   2.267110e-11   3.033783e-05
1.131000e+02   9.782672e+00   -0.000000e+00   -0.000000e+00   4.673809e+02   2.244273e-11   3.011473e-05
1.132000e+02   1.123839e+01   -0.000000e+00   -0.000000e+00   4.686521e+02   2.221794e-11   2.989418e-05
1.133000e+02   1.209268e+01   -0.000000e+00   -0.000000e+00   4.699135e+02   2.199667e-11   2.967612e-05
1.134000e+02   1.282488e+01   -0.000000e+00   -0.000000e+00   4.711647e+02   2.177885e-11   2.946050e-05
1.135000e+02   1.352296e+01   -0.000000e+00   -0.000000e+00   4.724052e+02   2.156443e-11   2.924725e-05
1.136000e+02   1.418082e+01   -0.000000e+00   -0.000000e+00   4.736347e+02   2.135334e-11   2.903633e-05
1.137000e+02   1.479236e+01   -0.000000e+00   -0.000000e+00   4.748527e+02   2.114552e-11   2.882768e-05
1.138000e+02   1.528608e+01   -0.000000e+00   -0.000000e+00   4.760587e+02   2.094091e-11   2.862124e-05
1.139000e+02   1.531017e+01   -0.000000e+00   -0.000000e+00   4.772524e+02   2.073945e-11   2.841697e-05
1.140000e+02   1.504966e+01   -0.000000e+00   -0.000000e+00   4.784332e+02   2.054108e-11   2.821480e-05
1.141000e+02   1.478872e+01   -0.000000e+00   -0.000000e+00   4.796008e+02   2.034574e-11   2.801469e-05
1.142000e+02   1.481153e+01   -0.000000e+00   -0.000000e+00   4.807547e+02   2.015337e-11   2.781657e-05
1.143000e+02   1.539274e+01   -0.000000e+00   -0.000000e+00   4.818945e+02   1.996390e-11   2.762039e-05
1.144000e+02   1.657059e+01   -0.000000e+00   -0.000000e+00   4.830198e+02   1.977729e-11   2.742610e-05
1.145000e+02   1.814254e+01   -0.000000e+00   -0.000000e+00   4.841300e+02   1.959347e-11   2.723364e-05
1.146000e+02   1.989577e+01   -0.000000e+00   -0.000000e+00   4.852248e+02   1.941239e-11   2.704296e-05
1.147000e+02   2.161747e+01   -0.000000e+00   -0.000000e+00   4.863038e+02   1.923398e-11   2.685401e-05
1.148000e+02   2.314421e+01   -0.000000e+00   -0.000000e+00   4.873664e+02   1.905819e-11   2.666672e-05
1.149000e+02   2.474162e+01   -0.000000e+00   -0.000000e+00   4.884126e+02   1.888496e-11   2.648105e-05
1.150000e+02   2.637014e+01   -0.000000e+00   -0.000000e+00   4.894424e+02   1.871424e-11   2.629700e-05
1.151000e+02   2.788301e+01   -0.000000e+00   -0.000000e+00   4.904561e+02   1.854599e-11   2.611455e-05
1.152000e+02   2.913350e+01   -0.000000e+00   -0.000000e+00   4.914541e+02   1.838014e-11   2.593368e-05
1.153000e+02   2.998378e+01   -0.000000e+00   -0.000000e+00   4.924365e+02   1.821665e-11   2.575439e-05
1.154000e+02   3.046316e+01   -0.000000e+00   -0.000000e+00   4.934037e+02   1.805548e-11   2.557666e-05
1.155000e+02   3.068842e+01   -0.000000e+00   -0.000000e+00   4.943558e+02   1.789657e-11   2.540047e-05
1.156000e+02   3.076674e+01   -0.000000e+00   -0.000000e+00   4.952931e+02   1.773988e-11   2.522583e-05
1.157000e+02   3.080529e+01   -0.000000e+00   -0.000000e+00   4.962160e+02   1.758537e-11   2.505271e-05
1.158000e+02   3.090074e+01   -0.000000e+00   -0.000000e+00   4.971246e+02   1.743299e-11   2.488110e-05
1.159000e+02   3.098500e+01   -0.000000e+00   -0.000000e+00   4.980192e+02   1.728271e-11   2.471099e-05
1.160000e+02   3.100235e+01   -0.000000e+00   -0.000000e+00   4.989000e+02   1.713447e-11   2.454237e-05
1.161000e+02   3.092943e+01   -0.000000e+00   -0.000000e+00   4.997674e+02   1.698824e-11   2.437522e-05
1.162000e+02   3.074287e+01   -0.000000e+00   -0.000000e+00   5.006215e+02   1.684398e-11   2.420954e-05
1.163000e+02   3.038732e+01   -0.000000e+00   -0.000000e+00   5.014627e+02   1.670165e-11   2.404531e-05
1.164000e+02   2.945261e+01   -0.000000e+00   -0.000000e+00   5.022912e+02   1.656121e-11   2.388251e-05
1.165000e+02   2.812630e+01   -0.000000e+00   -0.000000e+00   5.031072e+02   1.642263e-11   2.372114e-05
1.166000e+02   2.680447e+01   -0.000000e+00   -0.000000e+00   5.039110e+02   1.628587e-11   2.356119e-05
1.167000e+02   2.588322e+01   -0.000000e+00   -0.000000e+00   5.047029e+02   1.615089e-11   2.340263e-05
1.168000e+02   2.572412e+01   -0.000000e+00   -0.000000e+00   5.054831e+02   1.601766e-11   2.324546e-05
1.169000e+02   2.593891e+01   -0.000000e+00   -0.000000e+00   5.062519e+02   1.588615e-11   2.308967e-05
1.170000e+02   2.628968e+01   -0.000000e+00   -0.000000e+00   5.070095e+02   1.575632e-11   2.293525e-05
1.171000e+02   2.676259e+01   -0.000000e+00   -0.000000e+00   5.077563e+02   1.562815e-11   2.278217e-05
1.172000e+02   2.734381e+01   -0.000000e+00   -0.000000e+00   5.084923e+02   1.550159e-11   2.263043e-05
1.173000e+02   2.802063e+01   -0.000000e+00   -0.000000e+00   5.092180e+02   1.537661e-11   2.248002e-05
1.174000e+02   2.879821e+01   -0.000000e+00   -0.000000e+00   5.099335e+02   1.525320e-11   2.233093e-05
1.175000e+02   2.964305e+01   -0.000000e+00   -0.000000e+00   5.106392e+02   1.513131e-11   2.218314e-05
1.176000e+02   3.050606e+01   -0.000000e+00   -0.000000e+00   5.113352e+02   1.501092e-11   2.203663e-05
1.177000e+02   3.133821e+01   -0.000000e+00   -0.000000e+00   5.120219e+02   1.489199e-11   2.189141e-05
1.178000e+02   3.208708e+01   -0.000000e+00   -0.000000e+00   5.126994e+02   1.477451e-11   2.174744e-05
1.179000e+02   3.262887e+01   -0.000000e+00   -0.000000e+00   5.133681e+02   1.465844e-11   2.160474e-05
1.180000e+02   3.299333e+01   -0.000000e+00   -0.000000e+00   5.140282e+02   1.454375e-11   2.146327e-05
1.181000e+02   3.327946e+01   -0.000000e+00   -0.000000e+00   5.146800e+02   1.443043e-11   2.132303e-05
1.182000e+02   3.358626e+01   -0.000000e+00   -0.000000e+00   5.153237e+02   1.431843e-11   2.118400e-05
1.183000e+02   3.400775e+01   -0.000000e+00   -0.000000e+00   5.159596e+02   1.420775e-11   2.104618e-05
1.184000e+02   3.441672e+01   -0.000000e+00   -0.000000e+00   5.165879e+02   1.409834e-11   2.090955e-05
1.185000e+02   3.479785e+01   -0.000000e+00   -0.000000e+00   5.172089e+02   1.399019e-11   2.077409e-05
1.186000e+02   3.526152e+01   -0.000000e+00   -0.000000e+00   5.178229e+02   1.388328e-11   2.063981e-05
1.187000e+02   3.591810e+01   -0.000000e+00   -0.000000e+00   5.184300e+02   1.377757e-11   2.050667e-05
1.188000e+02   3.687761e+01   -0.000000e+00   -0.000000e+00   5.190307e+02   1.367305e-11   2.037468e-05
1.189000e+02   3.818040e+01   -0.000000e+00   -0.000000e+00   5.196250e+02   1.356969e-11   2.024382e-05
1.190000e+02   3.973354e+01   -0.000000e+00   -0.000000e+00   5.202134e+02   1.346747e-11   2.011407e-05
1.191000e+02   4.143163e+01   -0.000000e+00   -0.000000e+00   5.207959e+02   1.336637e-11   1.998543e-05
1.192000e+02   4.316929e+01   -0.000000e+00   -0.000000e+00   5.213730e+02   1.326636e-11   1.985787e-05
1.193000e+02   4.484214e+01   -0.000000e+00   -0.000000e+00   5.219448e+02   1.316743e-11   1.973140e-05
1.194000e+02   4.648362e+01   -0.000000e+00   -0.000000e+00   5.225116e+02   1.306955e-11   1.960600e-05
1.195000e+02   4.815028e+01   -0.000000e+00   -0.000000e+00   5.230737e+02   1.297270e-11   1.948165e-05
1.196000e+02   4.982850e+01   -0.000000e+00   -0.000000e+00   5.236314e+02   1.287686e-11   1.935834e-05
1.197000e+02   5.150463e+01   -0.000000e+00   -0.000000e+00   5.241848e+02   1.278202e-11   1.923606e-05
1.198000e+02   5.316497e+01   -0.000000e+00   -0.000000e+00   5.247342e+02   1.268814e-11   1.911480e-05
1.199000e+02   5.478998e+01   -0.000000e+00   -0.000000e+00   5.252799e+02   1.259522e-11   1.899455e-05
1.200000e+02   5.639125e+01   -0.000000e+00   -0.000000e+00   5.258222e+02   1.250323e-11   1.887529e-05
1.201000e+02   5.799721e+01   -0.000000e+00   -0.000000e+00   5.263613e+02   1.241215e-11   1.875700e-05
1.202000e+02   5.963632e+01   -0.000000e+00   -0.000000e+00   5.268975e+02   1.232197e-11   1.863969e-05
1.203000e+02   6.133720e+01   -0.000000e+00   -0.000000e+00   5.274309e+02   1.223267e-11   1.852333e-05
1.204000e+02   6.326981e+01   -0.000000e+00   -0.000000e+00   5.279620e+02   1.214422e-11   1.840792e-05
1.205000e+02   6.541092e+01   -0.000000e+00   -0.000000e+00   5.284909e+02   1.205662e-11   1.829344e-05
1.206000e+02   6.753328e+01   -0.000000e+00   -0.000000e+00   5.290179e+02   1.196983e-11   1.817987e-05
1.207000e+02   6.940964e+01   -0.000000e+00   -0.000000e+00   5.295433e+02   1.188386e-11   1.806721e-05
1.208000e+02   7.081276e+01   -0.000000e+00   -0.000000e+00   5.300673e+02   1.179867e-11   1.795545e-05
1.209000e+02   7.188243e+01   -0.000000e+00   -0.000000e+00   5.305901e+02   1.171425e-11   1.784457e-05
1.210000e+02   7.292151e+01   -0.000000e+00   -0.000000e+00   5.311121e+02   1.163059e-11   1.773455e-05
1.211000e+02   7.394735e+01   -0.000000e+00   -0.000000e+00   5.316334e+02   1.154767e-11   1.762540e-05
1.212000e+02   7.497730e+01   -0.000000e+00   -0.000000e+00   5.321544e+02   1.146547e-11   1.751709e-05
1.213000e+02   7.602873e+01   -0.000000e+00   -0.000000e+00   5.326753e+02   1.138398e-11   1.740961e-05
1.214000e+02   7.712941e+01   -0.000000e+00   -0.000000e+00   5.331963e+02   1.130318e-11   1.730295e-05
1.215000e+02   7.828358e+01   -0.000000e+00   -0.000000e+00   5.337178e+02   1.122305e-11   1.719709e-05
1.216000e+02   7.946989e+01   -0.000000e+00   -0.000000e+00   5.342399e+02   1.114359e-11   1.709204e-05
1.217000e+02   8.066692e+01   -0.000000e+00   -0.000000e+00   5.347629e+02   1.106477e-11   1.698776e-05
1.218000e+02   8.185328e+01   -0.000000e+00   -0.000000e+00   5.352872e+02   1.098659e-11   1.688426e-05
1.219000e+02   8.305536e+01   -0.000000e+00   -0.000000e+00   5.358128e+02   1.090902e-11   1.678151e-05
1.220000e+02   8.429755e+01   -0.000000e+00   -0.000000e+00   5.363402e+02   1.083205e-11   1.667951e-05
1.221000e+02   8.553327e+01   -0.000000e+00   -0.000000e+00   5.368695e+02   1.075567e-11   1.657824e-05
1.222000e+02   8.671563e+01   -0.000000e+00   -0.000000e+00   5.374011e+02   1.067986e-11   1.647770e-05
1.223000e+02   8.779777e+01   -0.000000e+00   -0.000000e+00   5.379351e+02   1.060462e-11   1.637786e-05
1.224000e+02   8.866063e+01   -0.000000e+00   -0.000000e+00   5.384718e+02   1.052991e-11   1.627872e-05
1.225000e+02   8.925294e+01   -0.000000e+00   -0.000000e+00   5.390115e+02   1.045575e-11   1.618026e-05
1.226000e+02   8.969422e+01   -0.000000e+00   -0.000000e+00   5.395544e+02   1.038210e-11   1.608247e-05
1.227000e+02   9.010536e+01   -0.000000e+00   -0.000000e+00   5.401005e+02   1.030898e-11   1.598536e-05
1.228000e+02   9.060730e+01   -0.000000e+00   -0.000000e+00   5.406496e+02   1.023637e-11   1.588891e-05
1.229000e+02   9.123808e+01   -0.000000e+00   -0.000000e+00   5.412020e+02   1.016428e-11   1.579313e-05
1.230000e+02   9.190066e+01   -0.000000e+00   -0.000000e+00   5.417574e+02   1.009270e-11   1.569800e-05
1.231000e+02   9.257306e+01   -0.000000e+00   -0.000000e+00   5.423160e+02   1.002163e-11   1.560353e-05
1.232000e+02   9.323483e+01   -0.000000e+00   -0.000000e+00   5.428776e+02   9.951066e-12   1.550972e-05
1.233000e+02   9.386551e+01   -0.000000e+00   -0.000000e+00   5.434423e+02   9.881012e-12   1.541655e-05
1.234000e+02   9.445310e+01   -0.000000e+00   -0.000000e+00   5.440100e+02   9.811461e-12   1.532403e-05
1.235000e+02   9.500935e+01   -0.000000e+00   -0.000000e+00   5.445808e+02   9.742412e-12   1.523215e-05
1.236000e+02   9.554368e+01   -0.000000e+00   -0.000000e+00   5.451546e+02   9.673863e-12   1.514091e-05
1.237000e+02   9.606534e+01   -0.000000e+00   -0.000000e+00   5.457313e+02   9.605810e-12   1.505030e-05
1.238000e+02   9.658358e+01   -0.000000e+00   -0.000000e+00   5.463111e+02   9.538251e-12   1.496033e-05
1.239000e+02   9.710304e+01   -0.000000e+00   -0.000000e+00   5.468938e+02   9.471185e-12   1.487098e-05
1.240000e+02   9.761712e+01   -0.000000e+00   -0.000000e+00   5.474795e+02   9.404608e-12   1.478226e-05
1.241000e+02   9.812306e+01   -0.000000e+00   -0.000000e+00   5.480681e+02   9.338519e-12   1.469417e-05
1.242000e+02   9.861832e+01   -0.000000e+00   -0.000000e+00   5.486597e+02   9.272915e-12   1.460668e-05
1.243000e+02   9.910035e+01   -0.000000e+00   -0.000000e+00   5.492541e+02   9.207793e-12   1.451982e-05
1.244000e+02   9.956495e+01   -0.000000e+00   -0.000000e+00   5.498514e+02   9.143151e-12   1.443356e-05
1.245000e+02   1.000109e+02   -0.000000e+00   -0.000000e+00   5.504516e+02   9.078986e-12   1.434792e-05
1.246000e+02   1.004453e+02   -0.000000e+00   -0.000000e+00   5.510546e+02   9.015297e-12   1.426287e-05
1.247000e+02   1.008753e+02   -0.000000e+00   -0.000000e+00   5.516605e+02   8.952080e-12   1.417843e-05
1.248000e+02   1.013085e+02   -0.000000e+00   -0.000000e+00   5.522692e+02   8.889333e-12   1.409459e-05
1.249000e+02   1.017401e+02   -0.000000e+00   -0.000000e+00   5.528806e+02   8.827054e-12   1.401134e-05
1.250000e+02   1.021534e+02   -0.000000e+00   -0.000000e+00   5.534949e+02   8.765240e-12   1.392867e-05
1.251000e+02   1.025668e+02   -0.000000e+00   -0.000000e+00   5.541119e+02   8.703888e-12   1.384660e-05
1.252000e+02   1.030007e+02   -0.000000e+00   -0.000000e+00   5.547317e+02   8.642997e-12   1.376511e-05
1.253000e+02   1.034751e+02   -0.000000e+00   -0.000000e+00   5.553542e+02   8.582562e-12   1.368420e-05
1.254000e+02   1.040020e+02   -0.000000e+00   -0.000000e+00   5.559794e+02   8.522583e-12   1.360387e-05
1.255000e+02   1.045595e+02   -0.000000e+00   -0.000000e+00   5.566074e+02   8.463056e-12   1.352410e-05
1.256000e+02   1.051289e+02   -0.000000e+00   -0.000000e+00   5.572380e+02   8.403979e-12   1.344491e-05
1.257000e+02   1.056930e+02   -0.000000e+00   -0.000000e+00   5.578713e+02   8.345348e-12   1.336629e-05
1.258000e+02   1.062342e+02   -0.000000e+00   -0.000000e+00   5.585072e+02   8.287163e-12   1.328823e-05
1.259000e+02   1.067461e+02   -0.000000e+00   -0.000000e+00   5.591457e+02   8.229419e-12   1.321072e-05
1.260000e+02   1.072488e+02   -0.000000e+00   -0.000000e+00   5.597869e+02   8.172115e-12   1.313377e-05
1.261000e+02   1.077324e+02   -0.000000e+00   -0.000000e+00   5.604307e+02   8.115247e-12   1.305738e-05
1.262000e+02   1.081846e+02   -0.000000e+00   -0.000000e+00   5.610771e+02   8.058814e-12   1.298153e-05
1.263000e+02   1.085928e+02   -0.000000e+00   -0.000000e+00   5.617260e+02   8.002812e-12   1.290623e-05
1.264000e+02   1.089174e+02   -0.000000e+00   -0.000000e+00   5.623775e+02   7.947239e-12   1.283147e-05
1.265000e+02   1.090893e+02   -0.000000e+00   -0.000000e+00   5.630315e+02   7.892092e-12   1.275725e-05
1.266000e+02   1.091792e+02   -0.000000e+00   -0.000000e+00   5.636880e+02   7.837368e-12   1.268357e-05
1.267000e+02   1.092690e+02   -0.000000e+00   -0.000000e+00   5.643470e+02   7.783066e-12   1.261041e-05
1.268000e+02   1.094407e+02   -0.000000e+00   -0.000000e+00   5.650086e+02   7.729182e-12   1.253779e-05
1.269000e+02   1.097333e+02   -0.000000e+00   -0.000000e+00   5.656725e+02   7.675713e-12   1.246569e-05
1.270000e+02   1.100318e+02   -0.000000e+00   -0.000000e+00   5.663390e+02   7.622658e-12   1.239411e-05
1.271000e+02   1.103506e+02   -0.000000e+00   -0.000000e+00   5.670078e+02   7.570012e-12   1.232304e-05
1.272000e+02   1.107219e+02   -0.000000e+00   -0.000000e+00   5.676791e+02   7.517774e-12   1.225250e-05
1.273000e+02   1.111780e+02   -0.000000e+00   -0.000000e+00   5.683528e+02   7.465941e-12   1.218246e-05
1.274000e+02   1.117440e+02   -0.000000e+00   -0.000000e+00   5.690289e+02   7.414511e-12   1.211293e-05
1.275000e+02   1.123950e+02   -0.000000e+00   -0.000000e+00   5.697073e+02   7.363480e-12   1.204390e-05
1.276000e+02   1.131031e+02   -0.000000e+00   -0.000000e+00   5.703881e+02   7.312845e-12   1.197538e-05
1.277000e+02   1.138427e+02   -0.000000e+00   -0.000000e+00   5.710712e+02   7.262605e-12   1.190735e-05
1.278000e+02   1.145880e+02   -0.000000e+00   -0.000000e+00   5.717567e+02   7.212756e-12   1.183981e-05
1.279000e+02   1.153428e+02   -0.000000e+00   -0.000000e+00   5.724444e+02   7.163296e-12   1.177277e-05
1.280000e+02   1.162095e+02   -0.000000e+00   -0.000000e+00   5.731345e+02   7.114223e-12   1.170621e-05
1.281000e+02   1.171189e+02   -0.000000e+00   -0.000000e+00   5.738268e+02   7.065532e-12   1.164014e-05
1.282000e+02   1.179772e+02   -0.000000e+00   -0.000000e+00   5.745213e+02   7.017222e-12   1.157454e-05
1.283000e+02   1.186903e+02   -0.000000e+00   -0.000000e+00   5.752181e+02   6.969290e-12   1.150942e-05
1.284000e+02   1.191656e+02   -0.000000e+00   -0.000000e+00   5.759171e+02   6.921734e-12   1.144477e-05
1.285000e+02   1.193858e+02   -0.000000e+00   -0.000000e+00   5.766183e+02   6.874549e-12   1.138060e-05
1.286000e+02   1.194325e+02   -0.000000e+00   -0.000000e+00   5.773217e+02   6.827735e-12   1.131688e-05
1.287000e+02   1.193937e+02   -0.000000e+00   -0.000000e+00   5.780272e+02   6.781288e-12   1.125364e-05
1.288000e+02   1.193573e+02   -0.000000e+00   -0.000000e+00   5.787349e+02   6.735205e-12   1.119085e-05
1.289000e+02   1.193782e+02   -0.000000e+00   -0.000000e+00   5.794448e+02   6.689484e-12   1.112851e-05
1.290000e+02   1.193197e+02   -0.000000e+00   -0.000000e+00   5.801567e+02   6.644122e-12   1.106663e-05
1.291000e+02   1.192314e+02   -0.000000e+00   -0.000000e+00   5.808708e+02   6.599116e-12   1.100519e-05
1.292000e+02   1.192057e+02   -0.000000e+00   -0.000000e+00   5.815870e+02   6.554464e-12   1.094420e-05
1.293000e+02   1.193354e+02   -0.000000e+00   -0.000000e+00   5.823052e+02   6.510163e-12   1.088366e-05
1.294000e+02   1.196829e+02   -0.000000e+00   -0.000000e+00   5.830254e+02   6.466210e-12   1.082355e-05
1.295000e+02   1.200703e+02   -0.000000e+00   -0.000000e+00   5.837477e+02   6.422602e-12   1.076387e-05
1.296000e+02   1.204510e+02   -0.000000e+00   -0.000000e+00   5.844721e+02   6.379337e-12   1.070463e-05
1.297000e+02   1.208248e+02   -0.000000e+00   -0.000000e+00   5.851984e+02   6.336412e-12   1.064581e-05
1.298000e+02   1.211917e+02   -0.000000e+00   -0.000000e+00   5.859267e+02   6.293824e-12   1.058742e-05
1.299000e+02   1.215554e+02   -0.000000e+00   -0.000000e+00   5.866570e+02   6.251571e-12   1.052945e-05
1.300000e+02   1.219459e+02   -0.000000e+00   -0.000000e+00   5.873892e+02   6.209650e-12   1.047190e-05
