#% 0, Z0, m, 0.0
#% 1, Z, km
#% 2, U, m/s
#% 3, V, m/s
#% 4, W, m/s
#% 5, T, degK
#% 6, RHO, g/cm3
#% 7, P, mbar
0.000000e+00   -2.636316e+00   -0.000000e+00   -0.000000e+00   2.710726e+02   1.242709e-03   9.671353e+02
1.000000e-01   -3.056976e+00   -0.000000e+00   -0.000000e+00   2.700723e+02   1.231843e-03   9.551417e+02
2.000000e-01   -3.272876e+00   -0.000000e+00   -0.000000e+00   2.690920e+02   1.220943e-03   9.432535e+02
3.000000e-01   -3.382618e+00   -0.000000e+00   -0.000000e+00   2.681225e+02   1.210052e-03   9.314717e+02
4.000000e-01   -3.470274e+00   -0.000000e+00   -0.000000e+00   2.671563e+02   1.199208e-03   9.197973e+02
5.000000e-01   -3.559257e+00   -0.000000e+00   -0.000000e+00   2.661966e+02   1.188399e-03   9.082329e+02
6.000000e-01   -3.668696e+00   -0.000000e+00   -0.000000e+00   2.652604e+02   1.177555e-03   8.967799e+02
7.000000e-01   -3.784854e+00   -0.000000e+00   -0.000000e+00   2.643672e+02   1.166591e-03   8.854389e+02
8.000000e-01   -3.888695e+00   -0.000000e+00   -0.000000e+00   2.636262e+02   1.155034e-03   8.742097e+02
9.000000e-01   -3.948720e+00   -0.000000e+00   -0.000000e+00   2.632770e+02   1.141859e-03   8.630928e+02
1.000000e+00   -3.678060e+00   -0.000000e+00   -0.000000e+00   2.633521e+02   1.126977e-03   8.520877e+02
1.100000e+00   -3.311573e+00   -0.000000e+00   -0.000000e+00   2.636491e+02   1.111314e-03   8.411929e+02
1.200000e+00   -3.161551e+00   -0.000000e+00   -0.000000e+00   2.638635e+02   1.096193e-03   8.304218e+02
1.300000e+00   -3.157844e+00   -0.000000e+00   -0.000000e+00   2.638211e+02   1.082349e-03   8.198026e+02
1.400000e+00   -3.214295e+00   -0.000000e+00   -0.000000e+00   2.637327e+02   1.068898e-03   8.093433e+02
1.500000e+00   -3.267931e+00   -0.000000e+00   -0.000000e+00   2.636353e+02   1.055665e-03   7.990282e+02
1.600000e+00   -3.299229e+00   -0.000000e+00   -0.000000e+00   2.634804e+02   1.042817e-03   7.888396e+02
1.700000e+00   -3.328333e+00   -0.000000e+00   -0.000000e+00   2.633080e+02   1.030185e-03   7.787745e+02
1.800000e+00   -3.354404e+00   -0.000000e+00   -0.000000e+00   2.631329e+02   1.017708e-03   7.688307e+02
1.900000e+00   -3.372650e+00   -0.000000e+00   -0.000000e+00   2.629513e+02   1.005396e-03   7.590052e+02
2.000000e+00   -3.384315e+00   -0.000000e+00   -0.000000e+00   2.627572e+02   9.932670e-04   7.492954e+02
2.100000e+00   -3.396636e+00   -0.000000e+00   -0.000000e+00   2.625435e+02   9.813439e-04   7.396988e+02
2.200000e+00   -3.414564e+00   -0.000000e+00   -0.000000e+00   2.623046e+02   9.696419e-04   7.302130e+02
2.300000e+00   -3.432867e+00   -0.000000e+00   -0.000000e+00   2.620400e+02   9.581569e-04   7.208362e+02
2.400000e+00   -3.444606e+00   -0.000000e+00   -0.000000e+00   2.617504e+02   9.468816e-04   7.115664e+02
2.500000e+00   -3.444307e+00   -0.000000e+00   -0.000000e+00   2.614373e+02   9.358064e-04   7.024022e+02
2.600000e+00   -3.395712e+00   -0.000000e+00   -0.000000e+00   2.611025e+02   9.249199e-04   6.933421e+02
2.700000e+00   -3.261789e+00   -0.000000e+00   -0.000000e+00   2.607478e+02   9.142130e-04   6.843850e+02
2.800000e+00   -3.094431e+00   -0.000000e+00   -0.000000e+00   2.603728e+02   9.036839e-04   6.755299e+02
2.900000e+00   -2.950816e+00   -0.000000e+00   -0.000000e+00   2.599766e+02   8.933329e-04   6.667761e+02
3.000000e+00   -2.881141e+00   -0.000000e+00   -0.000000e+00   2.595609e+02   8.831517e-04   6.581228e+02
3.100000e+00   -2.899734e+00   -0.000000e+00   -0.000000e+00   2.591322e+02   8.731151e-04   6.495690e+02
3.200000e+00   -2.966709e+00   0.000000e+00   0.000000e+00   2.586977e+02   8.631974e-04   6.411138e+02
3.300000e+00   -3.062998e+00   0.000000e+00   0.000000e+00   2.582642e+02   8.533749e-04   6.327562e+02
3.400000e+00   -3.172571e+00   0.000000e+00   0.000000e+00   2.578348e+02   8.436360e-04   6.244951e+02
3.500000e+00   -3.280375e+00   0.000000e+00   0.000000e+00   2.574112e+02   8.339752e-04   6.163294e+02
3.600000e+00   -3.401118e+00   0.000000e+00   0.000000e+00   2.569948e+02   8.243871e-04   6.082580e+02
3.700000e+00   -3.569744e+00   0.000000e+00   0.000000e+00   2.565870e+02   8.148669e-04   6.002798e+02
3.800000e+00   -3.741479e+00   0.000000e+00   0.000000e+00   2.561843e+02   8.054257e-04   5.923935e+02
3.900000e+00   -3.872897e+00   0.000000e+00   0.000000e+00   2.557760e+02   7.960955e-04   5.845979e+02
4.000000e+00   -3.920888e+00   0.000000e+00   0.000000e+00   2.553511e+02   7.869083e-04   5.768917e+02
4.100000e+00   -3.820316e+00   0.000000e+00   0.000000e+00   2.548988e+02   7.778949e-04   5.692736e+02
4.200000e+00   -3.543716e+00   0.000000e+00   0.000000e+00   2.544098e+02   7.690789e-04   5.617423e+02
4.300000e+00   -3.185552e+00   0.000000e+00   0.000000e+00   2.538912e+02   7.604349e-04   5.542964e+02
4.400000e+00   -2.843352e+00   0.000000e+00   0.000000e+00   2.533579e+02   7.519148e-04   5.469347e+02
4.500000e+00   -2.614636e+00   0.000000e+00   0.000000e+00   2.528248e+02   7.434722e-04   5.396558e+02
4.600000e+00   -2.535706e+00   0.000000e+00   0.000000e+00   2.523069e+02   7.350622e-04   5.324582e+02
4.700000e+00   -2.480322e+00   0.000000e+00   0.000000e+00   2.518163e+02   7.266494e-04   5.253408e+02
4.800000e+00   -2.438902e+00   0.000000e+00   0.000000e+00   2.513503e+02   7.182431e-04   5.183024e+02
4.900000e+00   -2.411215e+00   0.000000e+00   0.000000e+00   2.509006e+02   7.098676e-04   5.113419e+02
5.000000e+00   -2.397030e+00   0.000000e+00   0.000000e+00   2.504591e+02   7.015462e-04   5.044584e+02
5.100000e+00   -2.458401e+00   0.000000e+00   0.000000e+00   2.500175e+02   6.933010e-04   4.976507e+02
5.200000e+00   -2.736837e+00   0.000000e+00   0.000000e+00   2.495679e+02   6.851534e-04   4.909179e+02
5.300000e+00   -3.122446e+00   0.000000e+00   0.000000e+00   2.491023e+02   6.771229e-04   4.842589e+02
5.400000e+00   -3.489468e+00   0.000000e+00   0.000000e+00   2.486133e+02   6.692277e-04   4.776729e+02
5.500000e+00   -3.712165e+00   0.000000e+00   0.000000e+00   2.480932e+02   6.614852e-04   4.711588e+02
5.600000e+00   -3.700876e+00   0.000000e+00   0.000000e+00   2.475344e+02   6.539121e-04   4.647157e+02
5.700000e+00   -3.551594e+00   0.000000e+00   0.000000e+00   2.469295e+02   6.465245e-04   4.583427e+02
5.800000e+00   -3.346925e+00   0.000000e+00   0.000000e+00   2.462778e+02   6.393197e-04   4.520389e+02
5.900000e+00   -3.158522e+00   0.000000e+00   0.000000e+00   2.455928e+02   6.322597e-04   4.458036e+02
6.000000e+00   -3.057633e+00   0.000000e+00   0.000000e+00   2.448897e+02   6.253034e-04   4.396363e+02
6.100000e+00   -3.083687e+00   0.000000e+00   0.000000e+00   2.441833e+02   6.184110e-04   4.335364e+02
6.200000e+00   -3.143944e+00   0.000000e+00   0.000000e+00   2.434889e+02   6.115440e-04   4.275031e+02
6.300000e+00   -3.219848e+00   0.000000e+00   0.000000e+00   2.428214e+02   6.046659e-04   4.215360e+02
6.400000e+00   -3.306277e+00   0.000000e+00   0.000000e+00   2.421851e+02   5.977669e-04   4.156345e+02
6.500000e+00   -3.399887e+00   0.000000e+00   0.000000e+00   2.415712e+02   5.908704e-04   4.097980e+02
6.600000e+00   -3.498624e+00   0.000000e+00   0.000000e+00   2.409701e+02   5.840015e-04   4.040261e+02
6.700000e+00   -3.606766e+00   0.000000e+00   0.000000e+00   2.403718e+02   5.771841e-04   3.983182e+02
6.800000e+00   -3.726644e+00   0.000000e+00   0.000000e+00   2.397665e+02   5.704415e-04   3.926739e+02
6.900000e+00   -3.860056e+00   0.000000e+00   0.000000e+00   2.391446e+02   5.637959e-04   3.870926e+02
7.000000e+00   -4.006014e+00   0.000000e+00   0.000000e+00   2.384998e+02   5.572604e-04   3.815738e+02
7.100000e+00   -4.150347e+00   0.000000e+00   0.000000e+00   2.378357e+02   5.508254e-04   3.761172e+02
7.200000e+00   -4.262144e+00   0.000000e+00   0.000000e+00   2.371570e+02   5.444782e-04   3.707223e+02
7.300000e+00   -4.350925e+00   0.000000e+00   0.000000e+00   2.364687e+02   5.382066e-04   3.653886e+02
7.400000e+00   -4.431602e+00   0.000000e+00   0.000000e+00   2.357758e+02   5.319986e-04   3.601157e+02
7.500000e+00   -4.519090e+00   0.000000e+00   0.000000e+00   2.350832e+02   5.258428e-04   3.549032e+02
7.600000e+00   -4.662179e+00   0.000000e+00   0.000000e+00   2.343957e+02   5.197283e-04   3.497505e+02
7.700000e+00   -5.019890e+00   0.000000e+00   0.000000e+00   2.337144e+02   5.136532e-04   3.446576e+02
7.800000e+00   -5.490208e+00   0.000000e+00   0.000000e+00   2.330354e+02   5.076266e-04   3.396242e+02
7.900000e+00   -5.930751e+00   0.000000e+00   0.000000e+00   2.323546e+02   5.016582e-04   3.346506e+02
8.000000e+00   -6.199139e+00   0.000000e+00   0.000000e+00   2.316678e+02   4.957573e-04   3.297365e+02
8.100000e+00   -6.162968e+00   0.000000e+00   0.000000e+00   2.309707e+02   4.899328e-04   3.248821e+02
8.200000e+00   -5.846775e+00   0.000000e+00   0.000000e+00   2.302594e+02   4.841934e-04   3.200874e+02
8.300000e+00   -5.382402e+00   0.000000e+00   0.000000e+00   2.295295e+02   4.785475e-04   3.153523e+02
8.400000e+00   -4.901656e+00   0.000000e+00   0.000000e+00   2.287770e+02   4.730032e-04   3.106768e+02
8.500000e+00   -4.536135e+00   0.000000e+00   0.000000e+00   2.279991e+02   4.675656e-04   3.060610e+02
8.600000e+00   -4.411274e+00   0.000000e+00   0.000000e+00   2.272028e+02   4.622195e-04   3.015049e+02
8.700000e+00   -4.533797e+00   0.000000e+00   0.000000e+00   2.263995e+02   4.569424e-04   2.970087e+02
8.800000e+00   -4.789537e+00   0.000000e+00   0.000000e+00   2.256001e+02   4.517122e-04   2.925724e+02
8.900000e+00   -5.059104e+00   0.000000e+00   0.000000e+00   2.248159e+02   4.465077e-04   2.881962e+02
9.000000e+00   -5.223109e+00   0.000000e+00   0.000000e+00   2.240580e+02   4.413084e-04   2.838802e+02
9.100000e+00   -5.165823e+00   0.000000e+00   0.000000e+00   2.233377e+02   4.360946e-04   2.796244e+02
9.200000e+00   -4.879357e+00   0.000000e+00   0.000000e+00   2.226660e+02   4.308474e-04   2.754291e+02
9.300000e+00   -4.475917e+00   0.000000e+00   0.000000e+00   2.220541e+02   4.255487e-04   2.712942e+02
9.400000e+00   -4.073727e+00   0.000000e+00   0.000000e+00   2.215133e+02   4.201813e-04   2.672199e+02
9.500000e+00   -3.790913e+00   0.000000e+00   0.000000e+00   2.210544e+02   4.147296e-04   2.632064e+02
9.600000e+00   -3.732748e+00   0.000000e+00   0.000000e+00   2.206812e+02   4.091916e-04   2.592534e+02
9.700000e+00   -3.848257e+00   0.000000e+00   0.000000e+00   2.203896e+02   4.035807e-04   2.553605e+02
9.800000e+00   -4.055446e+00   0.000000e+00   0.000000e+00   2.201745e+02   3.979107e-04   2.515272e+02
9.900000e+00   -4.290160e+00   0.000000e+00   0.000000e+00   2.200312e+02   3.921953e-04   2.477531e+02
1.000000e+01   -4.488245e+00   0.000000e+00   0.000000e+00   2.199550e+02   3.864477e-04   2.440376e+02
1.010000e+01   -4.593309e+00   0.000000e+00   0.000000e+00   2.199408e+02   3.806805e-04   2.403803e+02
1.020000e+01   -4.658071e+00   0.000000e+00   0.000000e+00   2.199840e+02   3.749063e-04   2.367807e+02
1.030000e+01   -4.699383e+00   0.000000e+00   0.000000e+00   2.200798e+02   3.691369e-04   2.332383e+02
1.040000e+01   -4.707057e+00   0.000000e+00   0.000000e+00   2.202232e+02   3.633834e-04   2.297527e+02
1.050000e+01   -4.670903e+00   0.000000e+00   0.000000e+00   2.204095e+02   3.576569e-04   2.263233e+02
1.060000e+01   -4.571020e+00   0.000000e+00   0.000000e+00   2.206340e+02   3.519669e-04   2.229496e+02
1.070000e+01   -4.260938e+00   0.000000e+00   0.000000e+00   2.208934e+02   3.463203e-04   2.196307e+02
1.080000e+01   -3.772135e+00   0.000000e+00   0.000000e+00   2.211846e+02   3.407226e-04   2.163655e+02
1.090000e+01   -3.203527e+00   0.000000e+00   0.000000e+00   2.215045e+02   3.351788e-04   2.131530e+02
1.100000e+01   -2.654029e+00   0.000000e+00   0.000000e+00   2.218501e+02   3.296938e-04   2.099920e+02
1.110000e+01   -2.214311e+00   0.000000e+00   0.000000e+00   2.222184e+02   3.242720e-04   2.068816e+02
1.120000e+01   -1.806490e+00   0.000000e+00   0.000000e+00   2.226064e+02   3.189173e-04   2.038206e+02
1.130000e+01   -1.414425e+00   0.000000e+00   0.000000e+00   2.230110e+02   3.136334e-04   2.008080e+02
1.140000e+01   -1.079158e+00   0.000000e+00   0.000000e+00   2.234292e+02   3.084237e-04   1.978427e+02
1.150000e+01   -8.417249e-01   0.000000e+00   0.000000e+00   2.238580e+02   3.032911e-04   1.949237e+02
1.160000e+01   -7.592268e-01   0.000000e+00   0.000000e+00   2.242943e+02   2.982382e-04   1.920498e+02
1.170000e+01   -1.189741e+00   0.000000e+00   0.000000e+00   2.247353e+02   2.932674e-04   1.892202e+02
1.180000e+01   -2.049958e+00   0.000000e+00   0.000000e+00   2.251789e+02   2.883800e-04   1.864341e+02
1.190000e+01   -3.050679e+00   0.000000e+00   0.000000e+00   2.256231e+02   2.835774e-04   1.836908e+02
1.200000e+01   -3.902703e+00   0.000000e+00   0.000000e+00   2.260657e+02   2.788606e-04   1.809899e+02
1.210000e+01   -4.330499e+00   0.000000e+00   0.000000e+00   2.265048e+02   2.742307e-04   1.783306e+02
1.220000e+01   -4.563118e+00   0.000000e+00   0.000000e+00   2.269383e+02   2.696882e-04   1.757123e+02
1.230000e+01   -4.779920e+00   0.000000e+00   0.000000e+00   2.273641e+02   2.652338e-04   1.731343e+02
1.240000e+01   -4.971361e+00   0.000000e+00   0.000000e+00   2.277803e+02   2.608678e-04   1.705961e+02
1.250000e+01   -5.127899e+00   0.000000e+00   0.000000e+00   2.281846e+02   2.565907e-04   1.680969e+02
1.260000e+01   -5.231428e+00   0.000000e+00   0.000000e+00   2.285752e+02   2.524026e-04   1.656362e+02
1.270000e+01   -4.941011e+00   0.000000e+00   0.000000e+00   2.289499e+02   2.483034e-04   1.632133e+02
1.280000e+01   -4.277486e+00   0.000000e+00   0.000000e+00   2.293071e+02   2.442929e-04   1.608276e+02
1.290000e+01   -3.509197e+00   0.000000e+00   0.000000e+00   2.296455e+02   2.403702e-04   1.584787e+02
1.300000e+01   -2.904699e+00   0.000000e+00   0.000000e+00   2.299642e+02   2.365342e-04   1.561660e+02
1.310000e+01   -2.727334e+00   0.000000e+00   0.000000e+00   2.302621e+02   2.327839e-04   1.538891e+02
1.320000e+01   -2.821790e+00   0.000000e+00   0.000000e+00   2.305384e+02   2.291182e-04   1.516475e+02
1.330000e+01   -2.979264e+00   0.000000e+00   0.000000e+00   2.307919e+02   2.255361e-04   1.494407e+02
1.340000e+01   -3.174376e+00   0.000000e+00   0.000000e+00   2.310216e+02   2.220365e-04   1.472683e+02
1.350000e+01   -3.381740e+00   0.000000e+00   0.000000e+00   2.312265e+02   2.186183e-04   1.451298e+02
1.360000e+01   -3.577417e+00   0.000000e+00   0.000000e+00   2.314057e+02   2.152804e-04   1.430246e+02
1.370000e+01   -3.884955e+00   0.000000e+00   0.000000e+00   2.315581e+02   2.120217e-04   1.409524e+02
1.380000e+01   -4.304666e+00   0.000000e+00   0.000000e+00   2.316827e+02   2.088411e-04   1.389127e+02
1.390000e+01   -4.706922e+00   0.000000e+00   0.000000e+00   2.317791e+02   2.057369e-04   1.369049e+02
1.400000e+01   -4.965335e+00   0.000000e+00   0.000000e+00   2.318489e+02   2.027056e-04   1.349284e+02
1.410000e+01   -4.954135e+00   0.000000e+00   0.000000e+00   2.318941e+02   1.997435e-04   1.329826e+02
1.420000e+01   -4.598235e+00   0.000000e+00   0.000000e+00   2.319165e+02   1.968470e-04   1.310668e+02
1.430000e+01   -3.985164e+00   0.000000e+00   0.000000e+00   2.319180e+02   1.940126e-04   1.291805e+02
1.440000e+01   -3.234982e+00   0.000000e+00   0.000000e+00   2.319007e+02   1.912371e-04   1.273229e+02
1.450000e+01   -2.467752e+00   0.000000e+00   0.000000e+00   2.318664e+02   1.885173e-04   1.254935e+02
1.460000e+01   -1.803357e+00   0.000000e+00   0.000000e+00   2.318170e+02   1.858501e-04   1.236916e+02
1.470000e+01   -1.183579e+00   0.000000e+00   0.000000e+00   2.317544e+02   1.832325e-04   1.219166e+02
1.480000e+01   -5.402627e-01   0.000000e+00   0.000000e+00   2.316807e+02   1.806618e-04   1.201679e+02
1.490000e+01   5.262630e-02   0.000000e+00   0.000000e+00   2.315976e+02   1.781350e-04   1.184447e+02
1.500000e+01   5.216284e-01   0.000000e+00   0.000000e+00   2.315071e+02   1.756498e-04   1.167466e+02
1.510000e+01   7.961553e-01   0.000000e+00   0.000000e+00   2.314107e+02   1.732038e-04   1.150730e+02
1.520000e+01   5.497764e-01   0.000000e+00   0.000000e+00   2.313098e+02   1.707954e-04   1.134234e+02
1.530000e+01   -2.553429e-01   0.000000e+00   0.000000e+00   2.312059e+02   1.684228e-04   1.117975e+02
1.540000e+01   -1.255891e+00   0.000000e+00   0.000000e+00   2.311005e+02   1.660841e-04   1.101948e+02
1.550000e+01   -2.088557e+00   0.000000e+00   0.000000e+00   2.309949e+02   1.637776e-04   1.086149e+02
1.560000e+01   -2.390029e+00   0.000000e+00   0.000000e+00   2.308906e+02   1.615019e-04   1.070573e+02
1.570000e+01   -2.182548e+00   0.000000e+00   0.000000e+00   2.307890e+02   1.592553e-04   1.055216e+02
1.580000e+01   -1.816106e+00   0.000000e+00   0.000000e+00   2.306916e+02   1.570362e-04   1.040073e+02
1.590000e+01   -1.353005e+00   0.000000e+00   0.000000e+00   2.305998e+02   1.548433e-04   1.025141e+02
1.600000e+01   -8.551625e-01   0.000000e+00   0.000000e+00   2.305150e+02   1.526751e-04   1.010415e+02
1.610000e+01   -3.845681e-01   0.000000e+00   0.000000e+00   2.304387e+02   1.505302e-04   9.958901e+01
1.620000e+01   1.088983e-01   0.000000e+00   0.000000e+00   2.303711e+02   1.484083e-04   9.815638e+01
1.630000e+01   6.869504e-01   0.000000e+00   0.000000e+00   2.303120e+02   1.463094e-04   9.674338e+01
1.640000e+01   1.253546e+00   0.000000e+00   0.000000e+00   2.302611e+02   1.442337e-04   9.534978e+01
1.650000e+01   1.712040e+00   0.000000e+00   0.000000e+00   2.302180e+02   1.421813e-04   9.397537e+01
1.660000e+01   1.965790e+00   0.000000e+00   0.000000e+00   2.301825e+02   1.401522e-04   9.261992e+01
1.670000e+01   1.806706e+00   0.000000e+00   0.000000e+00   2.301542e+02   1.381464e-04   9.128320e+01
1.680000e+01   1.199458e+00   0.000000e+00   0.000000e+00   2.301328e+02   1.361642e-04   8.996501e+01
1.690000e+01   4.171469e-01   0.000000e+00   0.000000e+00   2.301180e+02   1.342054e-04   8.866511e+01
1.700000e+01   -2.651285e-01   0.000000e+00   0.000000e+00   2.301095e+02   1.322701e-04   8.738329e+01
1.710000e+01   -5.722705e-01   0.000000e+00   0.000000e+00   2.301069e+02   1.303583e-04   8.611932e+01
1.720000e+01   -4.829554e-01   0.000000e+00   0.000000e+00   2.301100e+02   1.284700e-04   8.487298e+01
1.730000e+01   -3.069558e-01   0.000000e+00   0.000000e+00   2.301187e+02   1.266050e-04   8.364408e+01
1.740000e+01   -6.501034e-02   0.000000e+00   0.000000e+00   2.301329e+02   1.247633e-04   8.243240e+01
1.750000e+01   2.273078e-01   0.000000e+00   0.000000e+00   2.301528e+02   1.229446e-04   8.123778e+01
1.760000e+01   5.544256e-01   0.000000e+00   0.000000e+00   2.301785e+02   1.211486e-04   8.006001e+01
1.770000e+01   1.143352e+00   0.000000e+00   0.000000e+00   2.302100e+02   1.193753e-04   7.889891e+01
1.780000e+01   2.238849e+00   0.000000e+00   0.000000e+00   2.302475e+02   1.176243e-04   7.775428e+01
1.790000e+01   3.504524e+00   0.000000e+00   0.000000e+00   2.302909e+02   1.158955e-04   7.662595e+01
1.800000e+01   4.592742e+00   0.000000e+00   0.000000e+00   2.303405e+02   1.141887e-04   7.551372e+01
1.810000e+01   5.155870e+00   0.000000e+00   0.000000e+00   2.303962e+02   1.125037e-04   7.441740e+01
1.820000e+01   4.652385e+00   0.000000e+00   0.000000e+00   2.304582e+02   1.108403e-04   7.333680e+01
1.830000e+01   2.915399e+00   0.000000e+00   0.000000e+00   2.305265e+02   1.091982e-04   7.227174e+01
1.840000e+01   6.531389e-01   0.000000e+00   0.000000e+00   2.306007e+02   1.075774e-04   7.122201e+01
1.850000e+01   -1.407106e+00   0.000000e+00   0.000000e+00   2.306798e+02   1.059784e-04   7.018743e+01
1.860000e+01   -2.538070e+00   0.000000e+00   0.000000e+00   2.307626e+02   1.044013e-04   6.916778e+01
1.870000e+01   -2.347332e+00   0.000000e+00   0.000000e+00   2.308478e+02   1.028466e-04   6.816288e+01
1.880000e+01   -1.461257e+00   0.000000e+00   0.000000e+00   2.309342e+02   1.013144e-04   6.717251e+01
1.890000e+01   -2.887114e-01   0.000000e+00   0.000000e+00   2.310206e+02   9.980490e-05   6.619648e+01
1.900000e+01   7.823340e-01   0.000000e+00   0.000000e+00   2.311058e+02   9.831839e-05   6.523459e+01
1.910000e+01   1.363908e+00   0.000000e+00   0.000000e+00   2.311886e+02   9.685500e-05   6.428664e+01
1.920000e+01   1.258303e+00   0.000000e+00   0.000000e+00   2.312677e+02   9.541484e-05   6.335243e+01
1.930000e+01   8.440277e-01   0.000000e+00   0.000000e+00   2.313420e+02   9.399801e-05   6.243175e+01
1.940000e+01   2.995792e-01   0.000000e+00   0.000000e+00   2.314102e+02   9.260460e-05   6.152441e+01
1.950000e+01   -2.151598e-01   0.000000e+00   0.000000e+00   2.314714e+02   9.123455e-05   6.063021e+01
1.960000e+01   -5.400793e-01   0.000000e+00   0.000000e+00   2.315256e+02   8.988743e-05   5.974897e+01
1.970000e+01   -4.270489e-01   0.000000e+00   0.000000e+00   2.315732e+02   8.856272e-05   5.888051e+01
1.980000e+01   2.934653e-01   0.000000e+00   0.000000e+00   2.316144e+02   8.725989e-05   5.802464e+01
1.990000e+01   1.295676e+00   0.000000e+00   0.000000e+00   2.316495e+02   8.597843e-05   5.718121e+01
2.000000e+01   2.229992e+00   0.000000e+00   0.000000e+00   2.316790e+02   8.471785e-05   5.635002e+01
2.010000e+01   2.746826e+00   0.000000e+00   0.000000e+00   2.317032e+02   8.347767e-05   5.553089e+01
2.020000e+01   2.558762e+00   0.000000e+00   0.000000e+00   2.317223e+02   8.225739e-05   5.472366e+01
2.030000e+01   1.817121e+00   0.000000e+00   0.000000e+00   2.317367e+02   8.105657e-05   5.392814e+01
2.040000e+01   8.214076e-01   0.000000e+00   0.000000e+00   2.317467e+02   7.987474e-05   5.314415e+01
2.050000e+01   -1.324660e-01   0.000000e+00   0.000000e+00   2.317527e+02   7.871146e-05   5.237151e+01
2.060000e+01   -7.485411e-01   0.000000e+00   0.000000e+00   2.317549e+02   7.756628e-05   5.161006e+01
2.070000e+01   -8.786288e-01   0.000000e+00   0.000000e+00   2.317539e+02   7.643878e-05   5.085962e+01
2.080000e+01   -9.069143e-01   0.000000e+00   0.000000e+00   2.317499e+02   7.532855e-05   5.012005e+01
2.090000e+01   -8.913311e-01   0.000000e+00   0.000000e+00   2.317435e+02   7.423520e-05   4.939122e+01
2.100000e+01   -8.469928e-01   0.000000e+00   0.000000e+00   2.317351e+02   7.315832e-05   4.867297e+01
2.110000e+01   -7.890128e-01   0.000000e+00   0.000000e+00   2.317251e+02   7.209755e-05   4.796517e+01
2.120000e+01   -7.105490e-01   0.000000e+00   0.000000e+00   2.317141e+02   7.105250e-05   4.726766e+01
2.130000e+01   -5.524859e-01   0.000000e+00   0.000000e+00   2.317024e+02   7.002281e-05   4.658031e+01
2.140000e+01   -3.567539e-01   0.000000e+00   0.000000e+00   2.316905e+02   6.900813e-05   4.590297e+01
2.150000e+01   -1.760436e-01   0.000000e+00   0.000000e+00   2.316788e+02   6.800812e-05   4.523550e+01
2.160000e+01   -6.304552e-02   0.000000e+00   0.000000e+00   2.316678e+02   6.702242e-05   4.457776e+01
2.170000e+01   -6.966965e-02   0.000000e+00   0.000000e+00   2.316580e+02   6.605071e-05   4.392959e+01
2.180000e+01   -2.014386e-01   0.000000e+00   0.000000e+00   2.316498e+02   6.509266e-05   4.329087e+01
2.190000e+01   -4.103189e-01   0.000000e+00   0.000000e+00   2.316440e+02   6.414789e-05   4.266146e+01
2.200000e+01   -6.464638e-01   0.000000e+00   0.000000e+00   2.316413e+02   6.321604e-05   4.204125e+01
2.210000e+01   -8.600265e-01   0.000000e+00   0.000000e+00   2.316426e+02   6.229676e-05   4.143013e+01
2.220000e+01   -1.024901e+00   0.000000e+00   0.000000e+00   2.316486e+02   6.138971e-05   4.082796e+01
2.230000e+01   -1.220017e+00   0.000000e+00   0.000000e+00   2.316602e+02   6.049455e-05   4.023464e+01
2.240000e+01   -1.422980e+00   0.000000e+00   0.000000e+00   2.316782e+02   5.961096e-05   3.965004e+01
2.250000e+01   -1.593566e+00   0.000000e+00   0.000000e+00   2.317033e+02   5.873864e-05   3.907405e+01
2.260000e+01   -1.691550e+00   0.000000e+00   0.000000e+00   2.317363e+02   5.787728e-05   3.850655e+01
2.270000e+01   -1.696092e+00   0.000000e+00   0.000000e+00   2.317780e+02   5.702660e-05   3.794741e+01
2.280000e+01   -1.699821e+00   0.000000e+00   0.000000e+00   2.318293e+02   5.618631e-05   3.739653e+01
2.290000e+01   -1.724209e+00   0.000000e+00   0.000000e+00   2.318909e+02   5.535615e-05   3.685378e+01
2.300000e+01   -1.771170e+00   0.000000e+00   0.000000e+00   2.319629e+02   5.453603e-05   3.631904e+01
2.310000e+01   -1.838794e+00   0.000000e+00   0.000000e+00   2.320438e+02   5.372621e-05   3.579221e+01
2.320000e+01   -1.856672e+00   0.000000e+00   0.000000e+00   2.321320e+02   5.292697e-05   3.527317e+01
2.330000e+01   -1.450014e+00   0.000000e+00   0.000000e+00   2.322261e+02   5.213855e-05   3.476180e+01
2.340000e+01   -7.817900e-01   0.000000e+00   0.000000e+00   2.323244e+02   5.136118e-05   3.425801e+01
2.350000e+01   -1.165209e-01   0.000000e+00   0.000000e+00   2.324253e+02   5.059506e-05   3.376167e+01
2.360000e+01   2.812719e-01   0.000000e+00   0.000000e+00   2.325273e+02   4.984037e-05   3.327267e+01
2.370000e+01   2.112080e-01   0.000000e+00   0.000000e+00   2.326288e+02   4.909727e-05   3.279090e+01
2.380000e+01   1.321062e-02   0.000000e+00   0.000000e+00   2.327283e+02   4.836590e-05   3.231624e+01
2.390000e+01   -2.046538e-01   0.000000e+00   0.000000e+00   2.328241e+02   4.764639e-05   3.184860e+01
2.400000e+01   -4.291383e-01   0.000000e+00   0.000000e+00   2.329148e+02   4.693882e-05   3.138785e+01
2.410000e+01   -6.469995e-01   0.000000e+00   0.000000e+00   2.329986e+02   4.624328e-05   3.093388e+01
2.420000e+01   -8.474992e-01   0.000000e+00   0.000000e+00   2.330751e+02   4.555965e-05   3.048658e+01
2.430000e+01   -1.043016e+00   0.000000e+00   0.000000e+00   2.331451e+02   4.488756e-05   3.004587e+01
2.440000e+01   -1.236674e+00   0.000000e+00   0.000000e+00   2.332096e+02   4.422661e-05   2.961163e+01
2.450000e+01   -1.427060e+00   0.000000e+00   0.000000e+00   2.332694e+02   4.357642e-05   2.918379e+01
2.460000e+01   -1.612761e+00   0.000000e+00   0.000000e+00   2.333256e+02   4.293662e-05   2.876224e+01
2.470000e+01   -1.829042e+00   0.000000e+00   0.000000e+00   2.333792e+02   4.230686e-05   2.834688e+01
2.480000e+01   -2.402922e+00   -0.000000e+00   -0.000000e+00   2.334310e+02   4.168680e-05   2.793763e+01
2.490000e+01   -3.229370e+00   -0.000000e+00   -0.000000e+00   2.334821e+02   4.107611e-05   2.753438e+01
2.500000e+01   -4.078664e+00   -0.000000e+00   -0.000000e+00   2.335334e+02   4.047446e-05   2.713704e+01
2.510000e+01   -4.721086e+00   -0.000000e+00   -0.000000e+00   2.335859e+02   3.988153e-05   2.674551e+01
2.520000e+01   -4.953150e+00   -0.000000e+00   -0.000000e+00   2.336406e+02   3.929704e-05   2.635970e+01
2.530000e+01   -4.962192e+00   -0.000000e+00   -0.000000e+00   2.336983e+02   3.872069e-05   2.597951e+01
2.540000e+01   -4.861618e+00   -0.000000e+00   -0.000000e+00   2.337596e+02   3.815228e-05   2.560486e+01
2.550000e+01   -4.680493e+00   -0.000000e+00   -0.000000e+00   2.338240e+02   3.759180e-05   2.523565e+01
2.560000e+01   -4.448109e+00   -0.000000e+00   -0.000000e+00   2.338906e+02   3.703928e-05   2.487182e+01
2.570000e+01   -4.176875e+00   -0.000000e+00   -0.000000e+00   2.339587e+02   3.649473e-05   2.451329e+01
2.580000e+01   -3.670482e+00   -0.000000e+00   -0.000000e+00   2.340276e+02   3.595815e-05   2.415999e+01
2.590000e+01   -2.999265e+00   -0.000000e+00   -0.000000e+00   2.340965e+02   3.542953e-05   2.381182e+01
2.600000e+01   -2.337303e+00   -0.000000e+00   -0.000000e+00   2.341647e+02   3.490886e-05   2.346873e+01
2.610000e+01   -1.858676e+00   -0.000000e+00   -0.000000e+00   2.342315e+02   3.439613e-05   2.313062e+01
2.620000e+01   -1.744415e+00   -0.000000e+00   -0.000000e+00   2.342961e+02   3.389132e-05   2.279743e+01
2.630000e+01   -2.181078e+00   -0.000000e+00   -0.000000e+00   2.343577e+02   3.339439e-05   2.246907e+01
2.640000e+01   -2.974784e+00   -0.000000e+00   -0.000000e+00   2.344157e+02   3.290531e-05   2.214547e+01
2.650000e+01   -3.837675e+00   -0.000000e+00   -0.000000e+00   2.344692e+02   3.242404e-05   2.182656e+01
2.660000e+01   -4.481912e+00   -0.000000e+00   -0.000000e+00   2.345177e+02   3.195051e-05   2.151225e+01
2.670000e+01   -4.639749e+00   -0.000000e+00   -0.000000e+00   2.345616e+02   3.148455e-05   2.120248e+01
2.680000e+01   -4.594743e+00   -0.000000e+00   -0.000000e+00   2.346018e+02   3.102590e-05   2.089721e+01
2.690000e+01   -4.539587e+00   -0.000000e+00   -0.000000e+00   2.346393e+02   3.057435e-05   2.059636e+01
2.700000e+01   -4.480826e+00   -0.000000e+00   -0.000000e+00   2.346750e+02   3.012966e-05   2.029988e+01
2.710000e+01   -4.425002e+00   -0.000000e+00   -0.000000e+00   2.347098e+02   2.969163e-05   2.000772e+01
2.720000e+01   -4.391704e+00   -0.000000e+00   -0.000000e+00   2.347446e+02   2.926004e-05   1.971982e+01
2.730000e+01   -4.750997e+00   -0.000000e+00   -0.000000e+00   2.347803e+02   2.883470e-05   1.943612e+01
2.740000e+01   -5.468782e+00   -0.000000e+00   -0.000000e+00   2.348180e+02   2.841540e-05   1.915656e+01
2.750000e+01   -6.272453e+00   -0.000000e+00   -0.000000e+00   2.348584e+02   2.800197e-05   1.888109e+01
2.760000e+01   -6.889404e+00   -0.000000e+00   -0.000000e+00   2.349025e+02   2.759422e-05   1.860965e+01
2.770000e+01   -7.049316e+00   -0.000000e+00   -0.000000e+00   2.349513e+02   2.719197e-05   1.834218e+01
2.780000e+01   -6.684826e+00   -0.000000e+00   -0.000000e+00   2.350057e+02   2.679506e-05   1.807863e+01
2.790000e+01   -5.969145e+00   -0.000000e+00   -0.000000e+00   2.350661e+02   2.640337e-05   1.781893e+01
2.800000e+01   -5.067215e+00   -0.000000e+00   -0.000000e+00   2.351322e+02   2.601689e-05   1.756305e+01
2.810000e+01   -4.143687e+00   -0.000000e+00   -0.000000e+00   2.352035e+02   2.563564e-05   1.731093e+01
2.820000e+01   -3.358440e+00   -0.000000e+00   -0.000000e+00   2.352793e+02   2.525963e-05   1.706252e+01
2.830000e+01   -2.542604e+00   -0.000000e+00   -0.000000e+00   2.353591e+02   2.488885e-05   1.681776e+01
2.840000e+01   -1.647283e+00   -0.000000e+00   -0.000000e+00   2.354424e+02   2.452330e-05   1.657662e+01
2.850000e+01   -8.236035e-01   -0.000000e+00   -0.000000e+00   2.355286e+02   2.416298e-05   1.633904e+01
2.860000e+01   -2.226925e-01   -0.000000e+00   -0.000000e+00   2.356172e+02   2.380787e-05   1.610497e+01
2.870000e+01   5.505782e-03   -0.000000e+00   -0.000000e+00   2.357075e+02   2.345797e-05   1.587436e+01
2.880000e+01   -1.051441e-01   -0.000000e+00   -0.000000e+00   2.357991e+02   2.311325e-05   1.564716e+01
2.890000e+01   -4.152469e-01   -0.000000e+00   -0.000000e+00   2.358914e+02   2.277370e-05   1.542332e+01
2.900000e+01   -8.508483e-01   -0.000000e+00   -0.000000e+00   2.359838e+02   2.243928e-05   1.520280e+01
2.910000e+01   -1.338016e+00   -0.000000e+00   -0.000000e+00   2.360757e+02   2.210998e-05   1.498553e+01
2.920000e+01   -1.805737e+00   -0.000000e+00   -0.000000e+00   2.361671e+02   2.178574e-05   1.477148e+01
2.930000e+01   -2.461886e+00   -0.000000e+00   -0.000000e+00   2.362582e+02   2.146643e-05   1.456059e+01
2.940000e+01   -3.337938e+00   -0.000000e+00   -0.000000e+00   2.363495e+02   2.115196e-05   1.435283e+01
2.950000e+01   -4.203480e+00   -0.000000e+00   -0.000000e+00   2.364413e+02   2.084222e-05   1.414815e+01
2.960000e+01   -4.828098e+00   -0.000000e+00   -0.000000e+00   2.365342e+02   2.053710e-05   1.394651e+01
2.970000e+01   -4.981193e+00   -0.000000e+00   -0.000000e+00   2.366286e+02   2.023649e-05   1.374785e+01
2.980000e+01   -4.370751e+00   -0.000000e+00   -0.000000e+00   2.367249e+02   1.994030e-05   1.355214e+01
2.990000e+01   -3.155671e+00   -0.000000e+00   -0.000000e+00   2.368234e+02   1.964842e-05   1.335933e+01
3.000000e+01   -1.749974e+00   -0.000000e+00   -0.000000e+00   2.369248e+02   1.936076e-05   1.316937e+01
3.010000e+01   -5.676833e-01   -0.000000e+00   -0.000000e+00   2.370293e+02   1.907722e-05   1.298223e+01
3.020000e+01   -2.281944e-02   -0.000000e+00   -0.000000e+00   2.371374e+02   1.879770e-05   1.279785e+01
3.030000e+01   5.410043e-02   -0.000000e+00   -0.000000e+00   2.372495e+02   1.852213e-05   1.261620e+01
3.040000e+01   1.066891e-01   -0.000000e+00   -0.000000e+00   2.373662e+02   1.825039e-05   1.243722e+01
3.050000e+01   1.331967e-01   -0.000000e+00   -0.000000e+00   2.374876e+02   1.798243e-05   1.226088e+01
3.060000e+01   1.348183e-01   -0.000000e+00   -0.000000e+00   2.376138e+02   1.771820e-05   1.208714e+01
3.070000e+01   1.132470e-01   -0.000000e+00   -0.000000e+00   2.377447e+02   1.745765e-05   1.191596e+01
3.080000e+01   -1.147920e-01   -0.000000e+00   -0.000000e+00   2.378803e+02   1.720076e-05   1.174731e+01
3.090000e+01   -6.397449e-01   -0.000000e+00   -0.000000e+00   2.380206e+02   1.694748e-05   1.158116e+01
3.100000e+01   -1.276250e+00   -0.000000e+00   -0.000000e+00   2.381654e+02   1.669777e-05   1.141746e+01
3.110000e+01   -1.838692e+00   -0.000000e+00   -0.000000e+00   2.383148e+02   1.645160e-05   1.125619e+01
3.120000e+01   -2.141456e+00   -0.000000e+00   -0.000000e+00   2.384686e+02   1.620892e-05   1.109731e+01
3.130000e+01   -2.163257e+00   -0.000000e+00   -0.000000e+00   2.386269e+02   1.596970e-05   1.094078e+01
3.140000e+01   -2.086893e+00   -0.000000e+00   -0.000000e+00   2.387896e+02   1.573388e-05   1.078658e+01
3.150000e+01   -1.978285e+00   -0.000000e+00   -0.000000e+00   2.389566e+02   1.550144e-05   1.063466e+01
3.160000e+01   -1.902703e+00   -0.000000e+00   -0.000000e+00   2.391279e+02   1.527233e-05   1.048499e+01
3.170000e+01   -1.925414e+00   -0.000000e+00   -0.000000e+00   2.393034e+02   1.504650e-05   1.033753e+01
3.180000e+01   -2.081130e+00   -0.000000e+00   -0.000000e+00   2.394832e+02   1.482391e-05   1.019225e+01
3.190000e+01   -2.320228e+00   -0.000000e+00   -0.000000e+00   2.396670e+02   1.460453e-05   1.004912e+01
3.200000e+01   -2.590910e+00   -0.000000e+00   -0.000000e+00   2.398549e+02   1.438832e-05   9.908116e+00
3.210000e+01   -2.841562e+00   -0.000000e+00   -0.000000e+00   2.400468e+02   1.417525e-05   9.769196e+00
3.220000e+01   -3.020572e+00   -0.000000e+00   -0.000000e+00   2.402425e+02   1.396527e-05   9.632336e+00
3.230000e+01   -2.868806e+00   -0.000000e+00   -0.000000e+00   2.404422e+02   1.375836e-05   9.497505e+00
3.240000e+01   -2.205262e+00   -0.000000e+00   -0.000000e+00   2.406455e+02   1.355447e-05   9.364674e+00
3.250000e+01   -1.335234e+00   -0.000000e+00   -0.000000e+00   2.408525e+02   1.335357e-05   9.233813e+00
3.260000e+01   -5.700035e-01   -0.000000e+00   -0.000000e+00   2.410632e+02   1.315563e-05   9.104892e+00
3.270000e+01   -2.208510e-01   -0.000000e+00   -0.000000e+00   2.412774e+02   1.296060e-05   8.977883e+00
3.280000e+01   -5.165010e-01   -0.000000e+00   -0.000000e+00   2.414950e+02   1.276844e-05   8.852754e+00
3.290000e+01   -1.336114e+00   -0.000000e+00   -0.000000e+00   2.417161e+02   1.257912e-05   8.729476e+00
3.300000e+01   -2.489766e+00   -0.000000e+00   -0.000000e+00   2.419404e+02   1.239260e-05   8.608020e+00
3.310000e+01   -3.788517e+00   -0.000000e+00   -0.000000e+00   2.421680e+02   1.220884e-05   8.488355e+00
3.320000e+01   -5.043519e+00   -0.000000e+00   -0.000000e+00   2.423988e+02   1.202780e-05   8.370453e+00
3.330000e+01   -6.344692e+00   -0.000000e+00   -0.000000e+00   2.426327e+02   1.184944e-05   8.254288e+00
3.340000e+01   -7.994330e+00   -0.000000e+00   -0.000000e+00   2.428695e+02   1.167375e-05   8.139837e+00
3.350000e+01   -9.668847e+00   -0.000000e+00   -0.000000e+00   2.431093e+02   1.150068e-05   8.027075e+00
3.360000e+01   -1.102626e+01   -0.000000e+00   -0.000000e+00   2.433520e+02   1.133020e-05   7.915981e+00
3.370000e+01   -1.172458e+01   -0.000000e+00   -0.000000e+00   2.435973e+02   1.116229e-05   7.806530e+00
3.380000e+01   -1.142382e+01   -0.000000e+00   -0.000000e+00   2.438454e+02   1.099690e-05   7.698699e+00
3.390000e+01   -1.017955e+01   -0.000000e+00   -0.000000e+00   2.440960e+02   1.083402e-05   7.592464e+00
3.400000e+01   -8.398564e+00   -0.000000e+00   -0.000000e+00   2.443492e+02   1.067360e-05   7.487803e+00
3.410000e+01   -6.494319e+00   -0.000000e+00   -0.000000e+00   2.446048e+02   1.051562e-05   7.384691e+00
3.420000e+01   -4.880275e+00   -0.000000e+00   -0.000000e+00   2.448627e+02   1.036005e-05   7.283106e+00
3.430000e+01   -3.720983e+00   -0.000000e+00   -0.000000e+00   2.451229e+02   1.020684e-05   7.183024e+00
3.440000e+01   -2.609955e+00   -0.000000e+00   -0.000000e+00   2.453852e+02   1.005596e-05   7.084421e+00
3.450000e+01   -1.580257e+00   -0.000000e+00   -0.000000e+00   2.456496e+02   9.907393e-06   6.987275e+00
3.460000e+01   -6.936985e-01   -0.000000e+00   -0.000000e+00   2.459161e+02   9.761092e-06   6.891562e+00
3.470000e+01   -1.184066e-02   -0.000000e+00   -0.000000e+00   2.461845e+02   9.617027e-06   6.797259e+00
3.480000e+01   4.754885e-01   -0.000000e+00   -0.000000e+00   2.464550e+02   9.475161e-06   6.704348e+00
3.490000e+01   9.257478e-01   -0.000000e+00   -0.000000e+00   2.467276e+02   9.335460e-06   6.612807e+00
3.500000e+01   1.315351e+00   -0.000000e+00   -0.000000e+00   2.470025e+02   9.197888e-06   6.522617e+00
3.510000e+01   1.607988e+00   -0.000000e+00   -0.000000e+00   2.472798e+02   9.062411e-06   6.433758e+00
3.520000e+01   1.767351e+00   -0.000000e+00   -0.000000e+00   2.475595e+02   8.928994e-06   6.346210e+00
3.530000e+01   1.745114e+00   -0.000000e+00   -0.000000e+00   2.478418e+02   8.797602e-06   6.259954e+00
3.540000e+01   1.507640e+00   -0.000000e+00   -0.000000e+00   2.481267e+02   8.668202e-06   6.174970e+00
3.550000e+01   1.104060e+00   -0.000000e+00   -0.000000e+00   2.484143e+02   8.540760e-06   6.091238e+00
3.560000e+01   5.881816e-01   -0.000000e+00   -0.000000e+00   2.487048e+02   8.415243e-06   6.008738e+00
3.570000e+01   1.381034e-02   -0.000000e+00   -0.000000e+00   2.489983e+02   8.291616e-06   5.927450e+00
3.580000e+01   -7.285027e-01   -0.000000e+00   -0.000000e+00   2.492947e+02   8.169847e-06   5.847354e+00
3.590000e+01   -2.028956e+00   -0.000000e+00   -0.000000e+00   2.495943e+02   8.049903e-06   5.768431e+00
3.600000e+01   -3.554191e+00   -0.000000e+00   -0.000000e+00   2.498972e+02   7.931750e-06   5.690661e+00
3.610000e+01   -4.908469e+00   -0.000000e+00   -0.000000e+00   2.502033e+02   7.815358e-06   5.614024e+00
3.620000e+01   -5.696084e+00   -0.000000e+00   -0.000000e+00   2.505128e+02   7.700696e-06   5.538501e+00
3.630000e+01   -5.731306e+00   -0.000000e+00   -0.000000e+00   2.508254e+02   7.587747e-06   5.464076e+00
3.640000e+01   -5.652349e+00   -0.000000e+00   -0.000000e+00   2.511410e+02   7.476491e-06   5.390733e+00
3.650000e+01   -5.546726e+00   -0.000000e+00   -0.000000e+00   2.514594e+02   7.366909e-06   5.318456e+00
3.660000e+01   -5.419341e+00   -0.000000e+00   -0.000000e+00   2.517804e+02   7.258983e-06   5.247229e+00
3.670000e+01   -5.275097e+00   -0.000000e+00   -0.000000e+00   2.521037e+02   7.152691e-06   5.177035e+00
3.680000e+01   -5.082434e+00   -0.000000e+00   -0.000000e+00   2.524293e+02   7.048015e-06   5.107860e+00
3.690000e+01   -4.719299e+00   -0.000000e+00   -0.000000e+00   2.527569e+02   6.944933e-06   5.039686e+00
3.700000e+01   -4.269610e+00   -0.000000e+00   -0.000000e+00   2.530863e+02   6.843426e-06   4.972498e+00
3.710000e+01   -3.841847e+00   -0.000000e+00   -0.000000e+00   2.534174e+02   6.743472e-06   4.906279e+00
3.720000e+01   -3.544494e+00   -0.000000e+00   -0.000000e+00   2.537498e+02   6.645050e-06   4.841014e+00
3.730000e+01   -3.471592e+00   -0.000000e+00   -0.000000e+00   2.540836e+02   6.548138e-06   4.776687e+00
3.740000e+01   -3.577853e+00   -0.000000e+00   -0.000000e+00   2.544184e+02   6.452716e-06   4.713281e+00
3.750000e+01   -3.769511e+00   -0.000000e+00   -0.000000e+00   2.547540e+02   6.358760e-06   4.650781e+00
3.760000e+01   -3.956653e+00   -0.000000e+00   -0.000000e+00   2.550904e+02   6.266250e-06   4.589170e+00
3.770000e+01   -4.049397e+00   -0.000000e+00   -0.000000e+00   2.554272e+02   6.175163e-06   4.528433e+00
3.780000e+01   -3.972608e+00   -0.000000e+00   -0.000000e+00   2.557644e+02   6.085478e-06   4.468556e+00
3.790000e+01   -3.765457e+00   -0.000000e+00   -0.000000e+00   2.561020e+02   5.997174e-06   4.409527e+00
3.800000e+01   -3.462424e+00   -0.000000e+00   -0.000000e+00   2.564399e+02   5.910232e-06   4.351335e+00
3.810000e+01   -3.088505e+00   -0.000000e+00   -0.000000e+00   2.567781e+02   5.824632e-06   4.293969e+00
3.820000e+01   -2.668700e+00   -0.000000e+00   -0.000000e+00   2.571166e+02   5.740354e-06   4.237416e+00
3.830000e+01   -2.193007e+00   -0.000000e+00   -0.000000e+00   2.574553e+02   5.657377e-06   4.181666e+00
3.840000e+01   -1.472179e+00   -0.000000e+00   -0.000000e+00   2.577942e+02   5.575682e-06   4.126707e+00
3.850000e+01   -5.558089e-01   -0.000000e+00   -0.000000e+00   2.581334e+02   5.495250e-06   4.072527e+00
3.860000e+01   4.573002e-01   -0.000000e+00   -0.000000e+00   2.584726e+02   5.416060e-06   4.019115e+00
3.870000e+01   1.468344e+00   -0.000000e+00   -0.000000e+00   2.588121e+02   5.338093e-06   3.966460e+00
3.880000e+01   2.427188e+00   -0.000000e+00   -0.000000e+00   2.591516e+02   5.261330e-06   3.914549e+00
3.890000e+01   3.579365e+00   -0.000000e+00   -0.000000e+00   2.594912e+02   5.185751e-06   3.863373e+00
3.900000e+01   4.792849e+00   -0.000000e+00   -0.000000e+00   2.598308e+02   5.111336e-06   3.812918e+00
3.910000e+01   5.845805e+00   -0.000000e+00   -0.000000e+00   2.601705e+02   5.038066e-06   3.763173e+00
3.920000e+01   6.516398e+00   -0.000000e+00   -0.000000e+00   2.605101e+02   4.965923e-06   3.714128e+00
3.930000e+01   6.510345e+00   -0.000000e+00   -0.000000e+00   2.608497e+02   4.894885e-06   3.665770e+00
3.940000e+01   5.235660e+00   -0.000000e+00   -0.000000e+00   2.611892e+02   4.824938e-06   3.618090e+00
3.950000e+01   3.170931e+00   -0.000000e+00   -0.000000e+00   2.615282e+02   4.756070e-06   3.571076e+00
3.960000e+01   1.012903e+00   -0.000000e+00   -0.000000e+00   2.618665e+02   4.688268e-06   3.524720e+00
3.970000e+01   -5.416788e-01   -0.000000e+00   -0.000000e+00   2.622037e+02   4.621522e-06   3.479014e+00
3.980000e+01   -9.157156e-01   -0.000000e+00   -0.000000e+00   2.625395e+02   4.555820e-06   3.433947e+00
3.990000e+01   -9.398825e-01   -0.000000e+00   -0.000000e+00   2.628737e+02   4.491151e-06   3.389511e+00
4.000000e+01   -9.463512e-01   -0.000000e+00   -0.000000e+00   2.632058e+02   4.427501e-06   3.345696e+00
4.010000e+01   -9.584710e-01   -0.000000e+00   -0.000000e+00   2.635356e+02   4.364859e-06   3.302493e+00
4.020000e+01   -9.995912e-01   -0.000000e+00   -0.000000e+00   2.638629e+02   4.303212e-06   3.259893e+00
4.030000e+01   -1.138533e+00   -0.000000e+00   -0.000000e+00   2.641871e+02   4.242547e-06   3.217887e+00
4.040000e+01   -1.901289e+00   -0.000000e+00   -0.000000e+00   2.645082e+02   4.182853e-06   3.176465e+00
4.050000e+01   -3.216548e+00   -0.000000e+00   -0.000000e+00   2.648257e+02   4.124114e-06   3.135618e+00
4.060000e+01   -4.808987e+00   -0.000000e+00   -0.000000e+00   2.651393e+02   4.066320e-06   3.095338e+00
4.070000e+01   -6.403280e+00   -0.000000e+00   -0.000000e+00   2.654488e+02   4.009456e-06   3.055614e+00
4.080000e+01   -7.763944e+00   -0.000000e+00   -0.000000e+00   2.657537e+02   3.953508e-06   3.016438e+00
4.090000e+01   -9.250844e+00   -0.000000e+00   -0.000000e+00   2.660539e+02   3.898464e-06   2.977800e+00
4.100000e+01   -1.082715e+01   -0.000000e+00   -0.000000e+00   2.663489e+02   3.844310e-06   2.939691e+00
4.110000e+01   -1.224103e+01   -0.000000e+00   -0.000000e+00   2.666387e+02   3.791031e-06   2.902104e+00
4.120000e+01   -1.324064e+01   -0.000000e+00   -0.000000e+00   2.669233e+02   3.738612e-06   2.865030e+00
4.130000e+01   -1.358810e+01   -0.000000e+00   -0.000000e+00   2.672027e+02   3.687035e-06   2.828463e+00
4.140000e+01   -1.339727e+01   -0.000000e+00   -0.000000e+00   2.674773e+02   3.636285e-06   2.792397e+00
4.150000e+01   -1.283656e+01   -0.000000e+00   -0.000000e+00   2.677470e+02   3.586346e-06   2.756824e+00
4.160000e+01   -1.199975e+01   -0.000000e+00   -0.000000e+00   2.680120e+02   3.537202e-06   2.721739e+00
4.170000e+01   -1.098060e+01   -0.000000e+00   -0.000000e+00   2.682724e+02   3.488839e-06   2.687134e+00
4.180000e+01   -9.815966e+00   -0.000000e+00   -0.000000e+00   2.685284e+02   3.441241e-06   2.653003e+00
4.190000e+01   -7.400898e+00   -0.000000e+00   -0.000000e+00   2.687801e+02   3.394394e-06   2.619339e+00
4.200000e+01   -3.999495e+00   -0.000000e+00   -0.000000e+00   2.690275e+02   3.348283e-06   2.586135e+00
4.210000e+01   -5.754603e-01   -0.000000e+00   -0.000000e+00   2.692709e+02   3.302893e-06   2.553385e+00
4.220000e+01   1.907503e+00   -0.000000e+00   -0.000000e+00   2.695103e+02   3.258211e-06   2.521082e+00
4.230000e+01   2.520934e+00   -0.000000e+00   -0.000000e+00   2.697459e+02   3.214222e-06   2.489219e+00
4.240000e+01   1.791776e+00   -0.000000e+00   -0.000000e+00   2.699778e+02   3.170913e-06   2.457790e+00
4.250000e+01   5.397320e-01   -0.000000e+00   -0.000000e+00   2.702061e+02   3.128270e-06   2.426787e+00
4.260000e+01   -8.337640e-01   -0.000000e+00   -0.000000e+00   2.704309e+02   3.086280e-06   2.396205e+00
4.270000e+01   -1.927280e+00   -0.000000e+00   -0.000000e+00   2.706524e+02   3.044929e-06   2.366036e+00
4.280000e+01   -2.351643e+00   -0.000000e+00   -0.000000e+00   2.708707e+02   3.004204e-06   2.336275e+00
4.290000e+01   -2.373746e+00   -0.000000e+00   -0.000000e+00   2.710859e+02   2.964095e-06   2.306914e+00
4.300000e+01   -2.306852e+00   -0.000000e+00   -0.000000e+00   2.712979e+02   2.924591e-06   2.277948e+00
4.310000e+01   -2.211444e+00   -0.000000e+00   -0.000000e+00   2.715068e+02   2.885682e-06   2.249373e+00
4.320000e+01   -2.148009e+00   -0.000000e+00   -0.000000e+00   2.717127e+02   2.847358e-06   2.221183e+00
4.330000e+01   -2.178358e+00   -0.000000e+00   -0.000000e+00   2.719155e+02   2.809611e-06   2.193373e+00
4.340000e+01   -2.425733e+00   -0.000000e+00   -0.000000e+00   2.721152e+02   2.772429e-06   2.165936e+00
4.350000e+01   -2.888119e+00   -0.000000e+00   -0.000000e+00   2.723119e+02   2.735805e-06   2.138869e+00
4.360000e+01   -3.490565e+00   -0.000000e+00   -0.000000e+00   2.725056e+02   2.699728e-06   2.112165e+00
4.370000e+01   -4.158122e+00   -0.000000e+00   -0.000000e+00   2.726964e+02   2.664189e-06   2.085820e+00
4.380000e+01   -4.818958e+00   -0.000000e+00   -0.000000e+00   2.728841e+02   2.629179e-06   2.059827e+00
4.390000e+01   -5.726777e+00   -0.000000e+00   -0.000000e+00   2.730689e+02   2.594688e-06   2.034182e+00
4.400000e+01   -6.890017e+00   -0.000000e+00   -0.000000e+00   2.732508e+02   2.560708e-06   2.008879e+00
4.410000e+01   -8.037993e+00   -0.000000e+00   -0.000000e+00   2.734298e+02   2.527229e-06   1.983914e+00
4.420000e+01   -8.900020e+00   -0.000000e+00   -0.000000e+00   2.736059e+02   2.494242e-06   1.959279e+00
4.430000e+01   -9.202221e+00   -0.000000e+00   -0.000000e+00   2.737791e+02   2.461738e-06   1.934972e+00
4.440000e+01   -8.088172e+00   -0.000000e+00   -0.000000e+00   2.739495e+02   2.429710e-06   1.910985e+00
4.450000e+01   -5.661362e+00   -0.000000e+00   -0.000000e+00   2.741171e+02   2.398146e-06   1.887314e+00
4.460000e+01   -2.820677e+00   -0.000000e+00   -0.000000e+00   2.742818e+02   2.367040e-06   1.863953e+00
4.470000e+01   -4.653279e-01   -0.000000e+00   -0.000000e+00   2.744437e+02   2.336383e-06   1.840897e+00
4.480000e+01   5.056611e-01   -0.000000e+00   -0.000000e+00   2.746025e+02   2.306169e-06   1.818143e+00
4.490000e+01   3.160453e-01   -0.000000e+00   -0.000000e+00   2.747580e+02   2.276394e-06   1.795685e+00
4.500000e+01   -2.256876e-01   -0.000000e+00   -0.000000e+00   2.749101e+02   2.247053e-06   1.773521e+00
4.510000e+01   -9.702991e-01   -0.000000e+00   -0.000000e+00   2.750584e+02   2.218139e-06   1.751645e+00
4.520000e+01   -1.768551e+00   -0.000000e+00   -0.000000e+00   2.752027e+02   2.189649e-06   1.730053e+00
4.530000e+01   -2.471204e+00   -0.000000e+00   -0.000000e+00   2.753428e+02   2.161576e-06   1.708742e+00
4.540000e+01   -3.163479e+00   -0.000000e+00   -0.000000e+00   2.754785e+02   2.133915e-06   1.687708e+00
4.550000e+01   -3.948541e+00   -0.000000e+00   -0.000000e+00   2.756096e+02   2.106661e-06   1.666946e+00
4.560000e+01   -4.704064e+00   -0.000000e+00   -0.000000e+00   2.757358e+02   2.079809e-06   1.646451e+00
4.570000e+01   -5.307725e+00   -0.000000e+00   -0.000000e+00   2.758569e+02   2.053352e-06   1.626221e+00
4.580000e+01   -5.637199e+00   -0.000000e+00   -0.000000e+00   2.759727e+02   2.027285e-06   1.606251e+00
4.590000e+01   -5.740325e+00   -0.000000e+00   -0.000000e+00   2.760829e+02   2.001603e-06   1.586536e+00
4.600000e+01   -5.790119e+00   -0.000000e+00   -0.000000e+00   2.761873e+02   1.976301e-06   1.567073e+00
4.610000e+01   -5.821891e+00   -0.000000e+00   -0.000000e+00   2.762858e+02   1.951372e-06   1.547857e+00
4.620000e+01   -5.870775e+00   -0.000000e+00   -0.000000e+00   2.763780e+02   1.926810e-06   1.528885e+00
4.630000e+01   -5.971907e+00   -0.000000e+00   -0.000000e+00   2.764638e+02   1.902611e-06   1.510152e+00
4.640000e+01   -6.162344e+00   -0.000000e+00   -0.000000e+00   2.765428e+02   1.878769e-06   1.491654e+00
4.650000e+01   -6.445011e+00   -0.000000e+00   -0.000000e+00   2.766150e+02   1.855277e-06   1.473387e+00
4.660000e+01   -6.798974e+00   -0.000000e+00   -0.000000e+00   2.766801e+02   1.832131e-06   1.455347e+00
4.670000e+01   -7.202039e+00   -0.000000e+00   -0.000000e+00   2.767383e+02   1.809323e-06   1.437532e+00
4.680000e+01   -7.631807e+00   -0.000000e+00   -0.000000e+00   2.767897e+02   1.786847e-06   1.419939e+00
4.690000e+01   -8.175022e+00   -0.000000e+00   -0.000000e+00   2.768344e+02   1.764699e-06   1.402565e+00
4.700000e+01   -8.889284e+00   -0.000000e+00   -0.000000e+00   2.768727e+02   1.742870e-06   1.385407e+00
4.710000e+01   -9.622451e+00   -0.000000e+00   -0.000000e+00   2.769046e+02   1.721357e-06   1.368464e+00
4.720000e+01   -1.022082e+01   -0.000000e+00   -0.000000e+00   2.769303e+02   1.700152e-06   1.351732e+00
4.730000e+01   -1.053067e+01   -0.000000e+00   -0.000000e+00   2.769500e+02   1.679251e-06   1.335209e+00
4.740000e+01   -1.029529e+01   -0.000000e+00   -0.000000e+00   2.769638e+02   1.658647e-06   1.318893e+00
4.750000e+01   -9.481871e+00   -0.000000e+00   -0.000000e+00   2.769719e+02   1.638336e-06   1.302780e+00
4.760000e+01   -8.431719e+00   -0.000000e+00   -0.000000e+00   2.769744e+02   1.618311e-06   1.286868e+00
4.770000e+01   -7.490069e+00   -0.000000e+00   -0.000000e+00   2.769715e+02   1.598567e-06   1.271154e+00
4.780000e+01   -7.002151e+00   -0.000000e+00   -0.000000e+00   2.769632e+02   1.579100e-06   1.255637e+00
4.790000e+01   -6.996781e+00   -0.000000e+00   -0.000000e+00   2.769499e+02   1.559903e-06   1.240313e+00
4.800000e+01   -7.033191e+00   -0.000000e+00   -0.000000e+00   2.769316e+02   1.540972e-06   1.225179e+00
4.810000e+01   -7.081829e+00   -0.000000e+00   -0.000000e+00   2.769084e+02   1.522302e-06   1.210234e+00
4.820000e+01   -7.124115e+00   -0.000000e+00   -0.000000e+00   2.768806e+02   1.503887e-06   1.195474e+00
4.830000e+01   -7.141471e+00   -0.000000e+00   -0.000000e+00   2.768482e+02   1.485723e-06   1.180897e+00
4.840000e+01   -6.860369e+00   -0.000000e+00   -0.000000e+00   2.768114e+02   1.467805e-06   1.166500e+00
4.850000e+01   -5.952974e+00   -0.000000e+00   -0.000000e+00   2.767705e+02   1.450128e-06   1.152281e+00
4.860000e+01   -4.783477e+00   -0.000000e+00   -0.000000e+00   2.767255e+02   1.432687e-06   1.138238e+00
4.870000e+01   -3.734974e+00   -0.000000e+00   -0.000000e+00   2.766769e+02   1.415478e-06   1.124367e+00
4.880000e+01   -3.190572e+00   -0.000000e+00   -0.000000e+00   2.766249e+02   1.398495e-06   1.110668e+00
4.890000e+01   -3.230339e+00   -0.000000e+00   -0.000000e+00   2.765699e+02   1.381733e-06   1.097138e+00
4.900000e+01   -3.334950e+00   -0.000000e+00   -0.000000e+00   2.765122e+02   1.365189e-06   1.083775e+00
4.910000e+01   -3.473858e+00   -0.000000e+00   -0.000000e+00   2.764520e+02   1.348857e-06   1.070577e+00
4.920000e+01   -3.641054e+00   -0.000000e+00   -0.000000e+00   2.763898e+02   1.332733e-06   1.057542e+00
4.930000e+01   -3.830531e+00   -0.000000e+00   -0.000000e+00   2.763258e+02   1.316813e-06   1.044667e+00
4.940000e+01   -4.188738e+00   -0.000000e+00   -0.000000e+00   2.762603e+02   1.301092e-06   1.031951e+00
4.950000e+01   -4.970823e+00   -0.000000e+00   -0.000000e+00   2.761937e+02   1.285567e-06   1.019391e+00
4.960000e+01   -5.928048e+00   -0.000000e+00   -0.000000e+00   2.761263e+02   1.270232e-06   1.006986e+00
4.970000e+01   -6.788361e+00   -0.000000e+00   -0.000000e+00   2.760584e+02   1.255085e-06   9.947326e-01
4.980000e+01   -7.279710e+00   -0.000000e+00   -0.000000e+00   2.759903e+02   1.240120e-06   9.826296e-01
4.990000e+01   -7.289946e+00   -0.000000e+00   -0.000000e+00   2.759223e+02   1.225334e-06   9.706746e-01
5.000000e+01   -7.153532e+00   -0.000000e+00   -0.000000e+00   2.758548e+02   1.210723e-06   9.588656e-01
5.010000e+01   -6.920480e+00   -0.000000e+00   -0.000000e+00   2.757880e+02   1.196283e-06   9.472004e-01
5.020000e+01   -6.615890e+00   -0.000000e+00   -0.000000e+00   2.757223e+02   1.182011e-06   9.356769e-01
5.030000e+01   -6.264863e+00   -0.000000e+00   -0.000000e+00   2.756581e+02   1.167903e-06   9.242930e-01
5.040000e+01   -5.762595e+00   -0.000000e+00   -0.000000e+00   2.755955e+02   1.153954e-06   9.130466e-01
5.050000e+01   -4.833148e+00   -0.000000e+00   -0.000000e+00   2.755349e+02   1.140162e-06   9.019356e-01
5.060000e+01   -3.726223e+00   -0.000000e+00   -0.000000e+00   2.754763e+02   1.126524e-06   8.909582e-01
5.070000e+01   -2.729092e+00   -0.000000e+00   -0.000000e+00   2.754194e+02   1.113041e-06   8.801125e-01
5.080000e+01   -2.129039e+00   -0.000000e+00   -0.000000e+00   2.753639e+02   1.099712e-06   8.693971e-01
5.090000e+01   -2.045665e+00   -0.000000e+00   -0.000000e+00   2.753092e+02   1.086536e-06   8.588101e-01
5.100000e+01   -2.026146e+00   -0.000000e+00   -0.000000e+00   2.752552e+02   1.073513e-06   8.483498e-01
5.110000e+01   -2.020348e+00   -0.000000e+00   -0.000000e+00   2.752013e+02   1.060642e-06   8.380147e-01
5.120000e+01   -2.027896e+00   -0.000000e+00   -0.000000e+00   2.751474e+02   1.047923e-06   8.278031e-01
5.130000e+01   -2.048413e+00   -0.000000e+00   -0.000000e+00   2.750930e+02   1.035355e-06   8.177131e-01
5.140000e+01   -2.202494e+00   -0.000000e+00   -0.000000e+00   2.750377e+02   1.022937e-06   8.077433e-01
5.150000e+01   -2.894888e+00   -0.000000e+00   -0.000000e+00   2.749813e+02   1.010668e-06   7.978918e-01
5.160000e+01   -3.968680e+00   -0.000000e+00   -0.000000e+00   2.749233e+02   9.985479e-07   7.881571e-01
5.170000e+01   -5.207425e+00   -0.000000e+00   -0.000000e+00   2.748634e+02   9.865752e-07   7.785373e-01
5.180000e+01   -6.394681e+00   -0.000000e+00   -0.000000e+00   2.748012e+02   9.747491e-07   7.690310e-01
5.190000e+01   -7.436233e+00   -0.000000e+00   -0.000000e+00   2.747364e+02   9.630683e-07   7.596363e-01
5.200000e+01   -8.673983e+00   -0.000000e+00   -0.000000e+00   2.746687e+02   9.515319e-07   7.503516e-01
5.210000e+01   -9.941117e+00   -0.000000e+00   -0.000000e+00   2.745976e+02   9.401385e-07   7.411752e-01
5.220000e+01   -1.099864e+01   -0.000000e+00   -0.000000e+00   2.745228e+02   9.288871e-07   7.321055e-01
5.230000e+01   -1.160754e+01   -0.000000e+00   -0.000000e+00   2.744439e+02   9.177763e-07   7.231407e-01
5.240000e+01   -1.163136e+01   -0.000000e+00   -0.000000e+00   2.743607e+02   9.068047e-07   7.142792e-01
5.250000e+01   -1.147627e+01   -0.000000e+00   -0.000000e+00   2.742727e+02   8.959711e-07   7.055193e-01
5.260000e+01   -1.124084e+01   -0.000000e+00   -0.000000e+00   2.741796e+02   8.852741e-07   6.968595e-01
5.270000e+01   -1.095477e+01   -0.000000e+00   -0.000000e+00   2.740810e+02   8.747129e-07   6.882986e-01
5.280000e+01   -1.064775e+01   -0.000000e+00   -0.000000e+00   2.739768e+02   8.642867e-07   6.798357e-01
5.290000e+01   -1.032410e+01   -0.000000e+00   -0.000000e+00   2.738665e+02   8.539947e-07   6.714698e-01
5.300000e+01   -9.878023e+00   -0.000000e+00   -0.000000e+00   2.737500e+02   8.438361e-07   6.632000e-01
5.310000e+01   -9.356831e+00   -0.000000e+00   -0.000000e+00   2.736268e+02   8.338099e-07   6.550252e-01
5.320000e+01   -8.835062e+00   -0.000000e+00   -0.000000e+00   2.734967e+02   8.239153e-07   6.469444e-01
5.330000e+01   -8.387261e+00   -0.000000e+00   -0.000000e+00   2.733593e+02   8.141514e-07   6.389568e-01
5.340000e+01   -8.064143e+00   -0.000000e+00   -0.000000e+00   2.732145e+02   8.045173e-07   6.310612e-01
5.350000e+01   -7.762367e+00   -0.000000e+00   -0.000000e+00   2.730619e+02   7.950118e-07   6.232568e-01
5.360000e+01   -7.488136e+00   -0.000000e+00   -0.000000e+00   2.729011e+02   7.856342e-07   6.155425e-01
5.370000e+01   -7.276922e+00   -0.000000e+00   -0.000000e+00   2.727320e+02   7.763833e-07   6.079174e-01
5.380000e+01   -7.164198e+00   -0.000000e+00   -0.000000e+00   2.725541e+02   7.672581e-07   6.003805e-01
5.390000e+01   -7.229116e+00   -0.000000e+00   -0.000000e+00   2.723672e+02   7.582576e-07   5.929307e-01
5.400000e+01   -7.753539e+00   -0.000000e+00   -0.000000e+00   2.721710e+02   7.493807e-07   5.855672e-01
5.410000e+01   -8.569955e+00   -0.000000e+00   -0.000000e+00   2.719652e+02   7.406264e-07   5.782889e-01
5.420000e+01   -9.420455e+00   -0.000000e+00   -0.000000e+00   2.717495e+02   7.319934e-07   5.710949e-01
5.430000e+01   -1.004713e+01   -0.000000e+00   -0.000000e+00   2.715236e+02   7.234808e-07   5.639841e-01
5.440000e+01   -1.024596e+01   -0.000000e+00   -0.000000e+00   2.712871e+02   7.150873e-07   5.569556e-01
5.450000e+01   -1.034181e+01   -0.000000e+00   -0.000000e+00   2.710399e+02   7.068118e-07   5.500085e-01
5.460000e+01   -1.044050e+01   -0.000000e+00   -0.000000e+00   2.707816e+02   6.986532e-07   5.431416e-01
5.470000e+01   -1.054171e+01   -0.000000e+00   -0.000000e+00   2.705125e+02   6.906087e-07   5.363543e-01
5.480000e+01   -1.064465e+01   -0.000000e+00   -0.000000e+00   2.702338e+02   6.826740e-07   5.296456e-01
5.490000e+01   -1.073593e+01   -0.000000e+00   -0.000000e+00   2.699465e+02   6.748449e-07   5.230150e-01
5.500000e+01   -1.069072e+01   -0.000000e+00   -0.000000e+00   2.696518e+02   6.671173e-07   5.164615e-01
5.510000e+01   -1.051106e+01   -0.000000e+00   -0.000000e+00   2.693508e+02   6.594873e-07   5.099846e-01
5.520000e+01   -1.023955e+01   -0.000000e+00   -0.000000e+00   2.690445e+02   6.519510e-07   5.035834e-01
5.530000e+01   -9.918790e+00   -0.000000e+00   -0.000000e+00   2.687341e+02   6.445047e-07   4.972573e-01
5.540000e+01   -9.561897e+00   -0.000000e+00   -0.000000e+00   2.684206e+02   6.371447e-07   4.910055e-01
5.550000e+01   -8.885901e+00   -0.000000e+00   -0.000000e+00   2.681053e+02   6.298676e-07   4.848271e-01
5.560000e+01   -7.996136e+00   -0.000000e+00   -0.000000e+00   2.677891e+02   6.226699e-07   4.787216e-01
5.570000e+01   -7.130363e+00   -0.000000e+00   -0.000000e+00   2.674731e+02   6.155484e-07   4.726882e-01
5.580000e+01   -6.526343e+00   -0.000000e+00   -0.000000e+00   2.671586e+02   6.084999e-07   4.667261e-01
5.590000e+01   -6.391615e+00   -0.000000e+00   -0.000000e+00   2.668466e+02   6.015213e-07   4.608345e-01
5.600000e+01   -6.420666e+00   -0.000000e+00   -0.000000e+00   2.665381e+02   5.946096e-07   4.550128e-01
5.610000e+01   -6.469988e+00   -0.000000e+00   -0.000000e+00   2.662344e+02   5.877620e-07   4.492602e-01
5.620000e+01   -6.541332e+00   -0.000000e+00   -0.000000e+00   2.659364e+02   5.809755e-07   4.435760e-01
5.630000e+01   -6.636447e+00   -0.000000e+00   -0.000000e+00   2.656454e+02   5.742476e-07   4.379594e-01
5.640000e+01   -6.794912e+00   -0.000000e+00   -0.000000e+00   2.653624e+02   5.675756e-07   4.324097e-01
5.650000e+01   -7.637383e+00   -0.000000e+00   -0.000000e+00   2.650885e+02   5.609569e-07   4.269262e-01
5.660000e+01   -9.039205e+00   -0.000000e+00   -0.000000e+00   2.648248e+02   5.543892e-07   4.215080e-01
5.670000e+01   -1.054911e+01   -0.000000e+00   -0.000000e+00   2.645722e+02   5.478706e-07   4.161545e-01
5.680000e+01   -1.171656e+01   -0.000000e+00   -0.000000e+00   2.643296e+02   5.414032e-07   4.108649e-01
5.690000e+01   -1.208928e+01   -0.000000e+00   -0.000000e+00   2.640952e+02   5.349907e-07   4.056384e-01
5.700000e+01   -1.140561e+01   -0.000000e+00   -0.000000e+00   2.638669e+02   5.286365e-07   4.004741e-01
5.710000e+01   -1.004379e+01   -0.000000e+00   -0.000000e+00   2.636429e+02   5.223439e-07   3.953712e-01
5.720000e+01   -8.496238e+00   -0.000000e+00   -0.000000e+00   2.634214e+02   5.161162e-07   3.903290e-01
5.730000e+01   -7.255372e+00   -0.000000e+00   -0.000000e+00   2.632003e+02   5.099563e-07   3.853467e-01
5.740000e+01   -6.789680e+00   -0.000000e+00   -0.000000e+00   2.629778e+02   5.038669e-07   3.804233e-01
5.750000e+01   -6.685118e+00   -0.000000e+00   -0.000000e+00   2.627519e+02   4.978506e-07   3.755582e-01
5.760000e+01   -6.616736e+00   -0.000000e+00   -0.000000e+00   2.625208e+02   4.919101e-07   3.707505e-01
5.770000e+01   -6.590612e+00   -0.000000e+00   -0.000000e+00   2.622825e+02   4.860475e-07   3.659994e-01
5.780000e+01   -6.612823e+00   -0.000000e+00   -0.000000e+00   2.620352e+02   4.802650e-07   3.613041e-01
5.790000e+01   -6.718873e+00   -0.000000e+00   -0.000000e+00   2.617769e+02   4.745647e-07   3.566638e-01
5.800000e+01   -8.066529e+00   -0.000000e+00   -0.000000e+00   2.615057e+02   4.689483e-07   3.520777e-01
5.810000e+01   -1.061042e+01   -0.000000e+00   -0.000000e+00   2.612197e+02   4.634177e-07   3.475449e-01
5.820000e+01   -1.346650e+01   -0.000000e+00   -0.000000e+00   2.609170e+02   4.579744e-07   3.430647e-01
5.830000e+01   -1.575071e+01   -0.000000e+00   -0.000000e+00   2.605958e+02   4.526200e-07   3.386363e-01
5.840000e+01   -1.658813e+01   -0.000000e+00   -0.000000e+00   2.602540e+02   4.473559e-07   3.342588e-01
5.850000e+01   -1.600933e+01   -0.000000e+00   -0.000000e+00   2.598897e+02   4.421832e-07   3.299314e-01
5.860000e+01   -1.466706e+01   -0.000000e+00   -0.000000e+00   2.595011e+02   4.371032e-07   3.256534e-01
5.870000e+01   -1.299245e+01   -0.000000e+00   -0.000000e+00   2.590863e+02   4.321170e-07   3.214239e-01
5.880000e+01   -1.141651e+01   -0.000000e+00   -0.000000e+00   2.586443e+02   4.272241e-07   3.172422e-01
5.890000e+01   -1.036477e+01   -0.000000e+00   -0.000000e+00   2.581767e+02   4.224200e-07   3.131077e-01
5.900000e+01   -9.612468e+00   -0.000000e+00   -0.000000e+00   2.576859e+02   4.176992e-07   3.090201e-01
5.910000e+01   -8.898593e+00   -0.000000e+00   -0.000000e+00   2.571742e+02   4.130567e-07   3.049787e-01
5.920000e+01   -8.320954e+00   -0.000000e+00   -0.000000e+00   2.566440e+02   4.084875e-07   3.009831e-01
5.930000e+01   -7.977361e+00   -0.000000e+00   -0.000000e+00   2.560974e+02   4.039867e-07   2.970329e-01
5.940000e+01   -7.965622e+00   -0.000000e+00   -0.000000e+00   2.555368e+02   3.995497e-07   2.931275e-01
5.950000e+01   -8.333093e+00   -0.000000e+00   -0.000000e+00   2.549645e+02   3.951719e-07   2.892664e-01
5.960000e+01   -8.949496e+00   -0.000000e+00   -0.000000e+00   2.543828e+02   3.908489e-07   2.854493e-01
5.970000e+01   -9.645660e+00   -0.000000e+00   -0.000000e+00   2.537939e+02   3.865765e-07   2.816755e-01
5.980000e+01   -1.025241e+01   -0.000000e+00   -0.000000e+00   2.532003e+02   3.823506e-07   2.779447e-01
5.990000e+01   -1.060016e+01   -0.000000e+00   -0.000000e+00   2.526041e+02   3.781670e-07   2.742562e-01
6.000000e+01   -1.021626e+01   -0.000000e+00   -0.000000e+00   2.520078e+02   3.740220e-07   2.706097e-01
6.010000e+01   -9.060293e+00   -0.000000e+00   -0.000000e+00   2.514134e+02   3.699117e-07   2.670047e-01
6.020000e+01   -7.537427e+00   -0.000000e+00   -0.000000e+00   2.508235e+02   3.658324e-07   2.634406e-01
6.030000e+01   -6.052827e+00   -0.000000e+00   -0.000000e+00   2.502403e+02   3.617806e-07   2.599170e-01
6.040000e+01   -5.011659e+00   -0.000000e+00   -0.000000e+00   2.496660e+02   3.577528e-07   2.564335e-01
6.050000e+01   -4.299684e+00   -0.000000e+00   -0.000000e+00   2.491029e+02   3.537457e-07   2.529894e-01
6.060000e+01   -3.602921e+00   -0.000000e+00   -0.000000e+00   2.485535e+02   3.497561e-07   2.495844e-01
6.070000e+01   -3.026924e+00   -0.000000e+00   -0.000000e+00   2.480199e+02   3.457808e-07   2.462180e-01
6.080000e+01   -2.677233e+00   -0.000000e+00   -0.000000e+00   2.475043e+02   3.418171e-07   2.428896e-01
6.090000e+01   -2.659203e+00   -0.000000e+00   -0.000000e+00   2.470069e+02   3.378652e-07   2.395990e-01
6.100000e+01   -3.792516e+00   -0.000000e+00   -0.000000e+00   2.465261e+02   3.339277e-07   2.363457e-01
6.110000e+01   -6.421496e+00   -0.000000e+00   -0.000000e+00   2.460607e+02   3.300067e-07   2.331296e-01
6.120000e+01   -9.760766e+00   -0.000000e+00   -0.000000e+00   2.456091e+02   3.261048e-07   2.299503e-01
6.130000e+01   -1.302394e+01   -0.000000e+00   -0.000000e+00   2.451699e+02   3.222241e-07   2.268075e-01
6.140000e+01   -1.542462e+01   -0.000000e+00   -0.000000e+00   2.447417e+02   3.183667e-07   2.237010e-01
6.150000e+01   -1.703645e+01   -0.000000e+00   -0.000000e+00   2.443230e+02   3.145348e-07   2.206304e-01
6.160000e+01   -1.858529e+01   -0.000000e+00   -0.000000e+00   2.439124e+02   3.107304e-07   2.175955e-01
6.170000e+01   -1.993417e+01   -0.000000e+00   -0.000000e+00   2.435084e+02   3.069553e-07   2.145959e-01
6.180000e+01   -2.094219e+01   -0.000000e+00   -0.000000e+00   2.431097e+02   3.032114e-07   2.116314e-01
6.190000e+01   -2.146845e+01   -0.000000e+00   -0.000000e+00   2.427148e+02   2.995005e-07   2.087017e-01
6.200000e+01   -2.145830e+01   -0.000000e+00   -0.000000e+00   2.423222e+02   2.958241e-07   2.058065e-01
6.210000e+01   -2.105542e+01   -0.000000e+00   -0.000000e+00   2.419305e+02   2.921839e-07   2.029454e-01
6.220000e+01   -2.038373e+01   -0.000000e+00   -0.000000e+00   2.415383e+02   2.885815e-07   2.001183e-01
6.230000e+01   -1.956649e+01   -0.000000e+00   -0.000000e+00   2.411441e+02   2.850182e-07   1.973248e-01
6.240000e+01   -1.872700e+01   -0.000000e+00   -0.000000e+00   2.407465e+02   2.814953e-07   1.945645e-01
6.250000e+01   -1.769745e+01   -0.000000e+00   -0.000000e+00   2.403441e+02   2.780143e-07   1.918373e-01
6.260000e+01   -1.624692e+01   -0.000000e+00   -0.000000e+00   2.399354e+02   2.745763e-07   1.891428e-01
6.270000e+01   -1.470269e+01   -0.000000e+00   -0.000000e+00   2.395190e+02   2.711824e-07   1.864807e-01
6.280000e+01   -1.339958e+01   -0.000000e+00   -0.000000e+00   2.390935e+02   2.678338e-07   1.838508e-01
6.290000e+01   -1.267299e+01   -0.000000e+00   -0.000000e+00   2.386585e+02   2.645301e-07   1.812527e-01
6.300000e+01   -1.250009e+01   -0.000000e+00   -0.000000e+00   2.382142e+02   2.612706e-07   1.786860e-01
6.310000e+01   -1.237307e+01   -0.000000e+00   -0.000000e+00   2.377610e+02   2.580543e-07   1.761506e-01
6.320000e+01   -1.228690e+01   -0.000000e+00   -0.000000e+00   2.372990e+02   2.548802e-07   1.736459e-01
6.330000e+01   -1.224935e+01   -0.000000e+00   -0.000000e+00   2.368287e+02   2.517475e-07   1.711716e-01
6.340000e+01   -1.226822e+01   -0.000000e+00   -0.000000e+00   2.363502e+02   2.486552e-07   1.687276e-01
6.350000e+01   -1.250791e+01   -0.000000e+00   -0.000000e+00   2.358640e+02   2.456025e-07   1.663133e-01
6.360000e+01   -1.320502e+01   -0.000000e+00   -0.000000e+00   2.353702e+02   2.425886e-07   1.639284e-01
6.370000e+01   -1.420370e+01   -0.000000e+00   -0.000000e+00   2.348693e+02   2.396125e-07   1.615727e-01
6.380000e+01   -1.533717e+01   -0.000000e+00   -0.000000e+00   2.343613e+02   2.366734e-07   1.592457e-01
6.390000e+01   -1.643863e+01   -0.000000e+00   -0.000000e+00   2.338468e+02   2.337706e-07   1.569472e-01
6.400000e+01   -1.748314e+01   -0.000000e+00   -0.000000e+00   2.333259e+02   2.309032e-07   1.546768e-01
6.410000e+01   -1.866604e+01   -0.000000e+00   -0.000000e+00   2.327989e+02   2.280705e-07   1.524342e-01
6.420000e+01   -1.989929e+01   -0.000000e+00   -0.000000e+00   2.322661e+02   2.252716e-07   1.502190e-01
6.430000e+01   -2.108235e+01   -0.000000e+00   -0.000000e+00   2.317279e+02   2.225059e-07   1.480309e-01
6.440000e+01   -2.211467e+01   -0.000000e+00   -0.000000e+00   2.311845e+02   2.197725e-07   1.458695e-01
6.450000e+01   -2.297998e+01   -0.000000e+00   -0.000000e+00   2.306362e+02   2.170708e-07   1.437345e-01
6.460000e+01   -2.381941e+01   -0.000000e+00   -0.000000e+00   2.300833e+02   2.143999e-07   1.416257e-01
6.470000e+01   -2.459025e+01   -0.000000e+00   -0.000000e+00   2.295260e+02   2.117592e-07   1.395425e-01
6.480000e+01   -2.523917e+01   -0.000000e+00   -0.000000e+00   2.289647e+02   2.091481e-07   1.374848e-01
6.490000e+01   -2.571277e+01   -0.000000e+00   -0.000000e+00   2.283990e+02   2.065663e-07   1.354522e-01
6.500000e+01   -2.601694e+01   -0.000000e+00   -0.000000e+00   2.278288e+02   2.040139e-07   1.334445e-01
6.510000e+01   -2.628781e+01   -0.000000e+00   -0.000000e+00   2.272537e+02   2.014906e-07   1.314614e-01
6.520000e+01   -2.651905e+01   -0.000000e+00   -0.000000e+00   2.266736e+02   1.989964e-07   1.295026e-01
6.530000e+01   -2.669403e+01   -0.000000e+00   -0.000000e+00   2.260881e+02   1.965311e-07   1.275678e-01
6.540000e+01   -2.679609e+01   -0.000000e+00   -0.000000e+00   2.254969e+02   1.940945e-07   1.256569e-01
6.550000e+01   -2.677000e+01   -0.000000e+00   -0.000000e+00   2.248999e+02   1.916866e-07   1.237694e-01
6.560000e+01   -2.653708e+01   -0.000000e+00   -0.000000e+00   2.242967e+02   1.893071e-07   1.219052e-01
6.570000e+01   -2.620535e+01   -0.000000e+00   -0.000000e+00   2.236872e+02   1.869560e-07   1.200640e-01
6.580000e+01   -2.589498e+01   -0.000000e+00   -0.000000e+00   2.230709e+02   1.846329e-07   1.182455e-01
6.590000e+01   -2.572616e+01   -0.000000e+00   -0.000000e+00   2.224477e+02   1.823378e-07   1.164494e-01
6.600000e+01   -2.585728e+01   -0.000000e+00   -0.000000e+00   2.218173e+02   1.800705e-07   1.146754e-01
6.610000e+01   -2.641924e+01   -0.000000e+00   -0.000000e+00   2.211795e+02   1.778307e-07   1.129234e-01
6.620000e+01   -2.726199e+01   -0.000000e+00   -0.000000e+00   2.205339e+02   1.756182e-07   1.111930e-01
6.630000e+01   -2.821619e+01   -0.000000e+00   -0.000000e+00   2.198803e+02   1.734329e-07   1.094839e-01
6.640000e+01   -2.911249e+01   -0.000000e+00   -0.000000e+00   2.192184e+02   1.712745e-07   1.077959e-01
6.650000e+01   -2.987462e+01   -0.000000e+00   -0.000000e+00   2.185481e+02   1.691428e-07   1.061287e-01
6.660000e+01   -3.073156e+01   -0.000000e+00   -0.000000e+00   2.178689e+02   1.670376e-07   1.044821e-01
6.670000e+01   -3.159088e+01   -0.000000e+00   -0.000000e+00   2.171810e+02   1.649584e-07   1.028558e-01
6.680000e+01   -3.231918e+01   -0.000000e+00   -0.000000e+00   2.164854e+02   1.629041e-07   1.012495e-01
6.690000e+01   -3.278291e+01   -0.000000e+00   -0.000000e+00   2.157832e+02   1.608737e-07   9.966323e-02
6.700000e+01   -3.291217e+01   -0.000000e+00   -0.000000e+00   2.150758e+02   1.588658e-07   9.809672e-02
6.710000e+01   -3.292902e+01   -0.000000e+00   -0.000000e+00   2.143645e+02   1.568795e-07   9.654982e-02
6.720000e+01   -3.287927e+01   -0.000000e+00   -0.000000e+00   2.136505e+02   1.549136e-07   9.502237e-02
6.730000e+01   -3.277613e+01   -0.000000e+00   -0.000000e+00   2.129350e+02   1.529671e-07   9.351420e-02
6.740000e+01   -3.263279e+01   -0.000000e+00   -0.000000e+00   2.122194e+02   1.510390e-07   9.202516e-02
6.750000e+01   -3.240450e+01   -0.000000e+00   -0.000000e+00   2.115049e+02   1.491283e-07   9.055506e-02
6.760000e+01   -3.184579e+01   -0.000000e+00   -0.000000e+00   2.107927e+02   1.472340e-07   8.910375e-02
6.770000e+01   -3.103978e+01   -0.000000e+00   -0.000000e+00   2.100841e+02   1.453553e-07   8.767107e-02
6.780000e+01   -3.011827e+01   -0.000000e+00   -0.000000e+00   2.093804e+02   1.434912e-07   8.625684e-02
6.790000e+01   -2.921305e+01   -0.000000e+00   -0.000000e+00   2.086828e+02   1.416409e-07   8.486091e-02
6.800000e+01   -2.843460e+01   -0.000000e+00   -0.000000e+00   2.079926e+02   1.398036e-07   8.348310e-02
6.810000e+01   -2.771884e+01   -0.000000e+00   -0.000000e+00   2.073111e+02   1.379784e-07   8.212326e-02
6.820000e+01   -2.700261e+01   -0.000000e+00   -0.000000e+00   2.066395e+02   1.361647e-07   8.078121e-02
6.830000e+01   -2.623647e+01   -0.000000e+00   -0.000000e+00   2.059791e+02   1.343617e-07   7.945679e-02
6.840000e+01   -2.537103e+01   -0.000000e+00   -0.000000e+00   2.053312e+02   1.325686e-07   7.814984e-02
6.850000e+01   -2.434430e+01   -0.000000e+00   -0.000000e+00   2.046969e+02   1.307850e-07   7.686019e-02
6.860000e+01   -2.307270e+01   -0.000000e+00   -0.000000e+00   2.040769e+02   1.290104e-07   7.558769e-02
6.870000e+01   -2.162954e+01   -0.000000e+00   -0.000000e+00   2.034714e+02   1.272451e-07   7.433217e-02
6.880000e+01   -2.011146e+01   -0.000000e+00   -0.000000e+00   2.028807e+02   1.254890e-07   7.309349e-02
6.890000e+01   -1.861511e+01   -0.000000e+00   -0.000000e+00   2.023049e+02   1.237422e-07   7.187148e-02
6.900000e+01   -1.721259e+01   -0.000000e+00   -0.000000e+00   2.017442e+02   1.220048e-07   7.066600e-02
6.910000e+01   -1.579191e+01   -0.000000e+00   -0.000000e+00   2.011989e+02   1.202769e-07   6.947689e-02
6.920000e+01   -1.437055e+01   -0.000000e+00   -0.000000e+00   2.006692e+02   1.185586e-07   6.830399e-02
6.930000e+01   -1.300595e+01   -0.000000e+00   -0.000000e+00   2.001552e+02   1.168499e-07   6.714715e-02
6.940000e+01   -1.175549e+01   -0.000000e+00   -0.000000e+00   1.996572e+02   1.151509e-07   6.600622e-02
6.950000e+01   -1.064187e+01   -0.000000e+00   -0.000000e+00   1.991754e+02   1.134618e-07   6.488103e-02
6.960000e+01   -9.445842e+00   -0.000000e+00   -0.000000e+00   1.987100e+02   1.117826e-07   6.377144e-02
6.970000e+01   -8.275466e+00   -0.000000e+00   -0.000000e+00   1.982612e+02   1.101134e-07   6.267729e-02
6.980000e+01   -7.325183e+00   -0.000000e+00   -0.000000e+00   1.978293e+02   1.084543e-07   6.159843e-02
6.990000e+01   -6.789435e+00   -0.000000e+00   -0.000000e+00   1.974144e+02   1.068054e-07   6.053470e-02
7.000000e+01   -6.882875e+00   -0.000000e+00   -0.000000e+00   1.970167e+02   1.051669e-07   5.948594e-02
7.010000e+01   -7.823686e+00   -0.000000e+00   -0.000000e+00   1.966364e+02   1.035388e-07   5.845200e-02
7.020000e+01   -9.277909e+00   -0.000000e+00   -0.000000e+00   1.962739e+02   1.019212e-07   5.743273e-02
7.030000e+01   -1.080906e+01   -0.000000e+00   -0.000000e+00   1.959291e+02   1.003144e-07   5.642797e-02
7.040000e+01   -1.197776e+01   -0.000000e+00   -0.000000e+00   1.956012e+02   9.871889e-08   5.543756e-02
7.050000e+01   -1.238829e+01   -0.000000e+00   -0.000000e+00   1.952874e+02   9.713637e-08   5.446134e-02
7.060000e+01   -1.238341e+01   -0.000000e+00   -0.000000e+00   1.949847e+02   9.556833e-08   5.349914e-02
7.070000e+01   -1.222640e+01   -0.000000e+00   -0.000000e+00   1.946903e+02   9.401619e-08   5.255079e-02
7.080000e+01   -1.203058e+01   -0.000000e+00   -0.000000e+00   1.944013e+02   9.248131e-08   5.161612e-02
7.090000e+01   -1.190925e+01   -0.000000e+00   -0.000000e+00   1.941147e+02   9.096494e-08   5.069498e-02
7.100000e+01   -1.200823e+01   -0.000000e+00   -0.000000e+00   1.938278e+02   8.946827e-08   4.978718e-02
7.110000e+01   -1.283950e+01   -0.000000e+00   -0.000000e+00   1.935377e+02   8.799237e-08   4.889257e-02
7.120000e+01   -1.432064e+01   -0.000000e+00   -0.000000e+00   1.932413e+02   8.653827e-08   4.801098e-02
7.130000e+01   -1.615911e+01   -0.000000e+00   -0.000000e+00   1.929359e+02   8.510690e-08   4.714225e-02
7.140000e+01   -1.806232e+01   -0.000000e+00   -0.000000e+00   1.926186e+02   8.369911e-08   4.628619e-02
7.150000e+01   -1.979078e+01   -0.000000e+00   -0.000000e+00   1.922864e+02   8.231571e-08   4.544266e-02
7.160000e+01   -2.200779e+01   -0.000000e+00   -0.000000e+00   1.919366e+02   8.095740e-08   4.461148e-02
7.170000e+01   -2.454343e+01   -0.000000e+00   -0.000000e+00   1.915661e+02   7.962485e-08   4.379248e-02
7.180000e+01   -2.679916e+01   -0.000000e+00   -0.000000e+00   1.911721e+02   7.831866e-08   4.298550e-02
7.190000e+01   -2.817647e+01   -0.000000e+00   -0.000000e+00   1.907517e+02   7.703937e-08   4.219038e-02
7.200000e+01   -2.810347e+01   -0.000000e+00   -0.000000e+00   1.903020e+02   7.578747e-08   4.140694e-02
7.210000e+01   -2.686735e+01   -0.000000e+00   -0.000000e+00   1.898202e+02   7.456341e-08   4.063502e-02
7.220000e+01   -2.494461e+01   -0.000000e+00   -0.000000e+00   1.893033e+02   7.336757e-08   3.987445e-02
7.230000e+01   -2.261640e+01   -0.000000e+00   -0.000000e+00   1.887503e+02   7.219969e-08   3.912509e-02
7.240000e+01   -2.017381e+01   -0.000000e+00   -0.000000e+00   1.881626e+02   7.105860e-08   3.838684e-02
7.250000e+01   -1.789121e+01   -0.000000e+00   -0.000000e+00   1.875419e+02   6.994310e-08   3.765958e-02
7.260000e+01   -1.547218e+01   -0.000000e+00   -0.000000e+00   1.868897e+02   6.885207e-08   3.694323e-02
7.270000e+01   -1.289076e+01   -0.000000e+00   -0.000000e+00   1.862078e+02   6.778442e-08   3.623767e-02
7.280000e+01   -1.039685e+01   -0.000000e+00   -0.000000e+00   1.854979e+02   6.673910e-08   3.554280e-02
7.290000e+01   -8.240357e+00   -0.000000e+00   -0.000000e+00   1.847614e+02   6.571511e-08   3.485852e-02
7.300000e+01   -6.662513e+00   -0.000000e+00   -0.000000e+00   1.840002e+02   6.471150e-08   3.418472e-02
7.310000e+01   -5.448310e+00   -0.000000e+00   -0.000000e+00   1.832157e+02   6.372734e-08   3.352130e-02
7.320000e+01   -4.372402e+00   -0.000000e+00   -0.000000e+00   1.824098e+02   6.276174e-08   3.286817e-02
7.330000e+01   -3.392201e+00   -0.000000e+00   -0.000000e+00   1.815840e+02   6.181384e-08   3.222520e-02
7.340000e+01   -2.465118e+00   -0.000000e+00   -0.000000e+00   1.807400e+02   6.088283e-08   3.159231e-02
7.350000e+01   -1.551777e+00   -0.000000e+00   -0.000000e+00   1.798794e+02   5.996791e-08   3.096939e-02
7.360000e+01   -8.110170e-01   -0.000000e+00   -0.000000e+00   1.790039e+02   5.906831e-08   3.035633e-02
7.370000e+01   -2.500631e-01   -0.000000e+00   -0.000000e+00   1.781151e+02   5.818329e-08   2.975304e-02
7.380000e+01   2.718685e-01   -0.000000e+00   -0.000000e+00   1.772146e+02   5.731214e-08   2.915940e-02
7.390000e+01   8.955615e-01   0.000000e+00   0.000000e+00   1.763042e+02   5.645417e-08   2.857532e-02
7.400000e+01   1.759853e+00   0.000000e+00   0.000000e+00   1.753855e+02   5.560870e-08   2.800069e-02
7.410000e+01   2.743494e+00   0.000000e+00   0.000000e+00   1.744600e+02   5.477508e-08   2.743541e-02
7.420000e+01   3.690883e+00   0.000000e+00   0.000000e+00   1.735296e+02   5.395271e-08   2.687937e-02
7.430000e+01   4.582441e+00   0.000000e+00   0.000000e+00   1.725957e+02   5.314096e-08   2.633247e-02
7.440000e+01   5.401863e+00   0.000000e+00   0.000000e+00   1.716599e+02   5.233929e-08   2.579462e-02
7.450000e+01   6.146643e+00   0.000000e+00   0.000000e+00   1.707233e+02   5.154737e-08   2.526572e-02
7.460000e+01   7.236449e+00   0.000000e+00   0.000000e+00   1.697866e+02   5.076489e-08   2.474568e-02
7.470000e+01   8.763420e+00   0.000000e+00   0.000000e+00   1.688509e+02   4.999157e-08   2.423441e-02
7.480000e+01   1.039727e+01   0.000000e+00   0.000000e+00   1.679169e+02   4.922712e-08   2.373183e-02
7.490000e+01   1.180772e+01   0.000000e+00   0.000000e+00   1.669856e+02   4.847128e-08   2.323784e-02
7.500000e+01   1.266492e+01   0.000000e+00   0.000000e+00   1.660578e+02   4.772379e-08   2.275236e-02
7.510000e+01   1.311397e+01   0.000000e+00   0.000000e+00   1.651344e+02   4.698440e-08   2.227530e-02
7.520000e+01   1.344797e+01   0.000000e+00   0.000000e+00   1.642163e+02   4.625287e-08   2.180657e-02
7.530000e+01   1.363608e+01   0.000000e+00   0.000000e+00   1.633045e+02   4.552896e-08   2.134608e-02
7.540000e+01   1.364748e+01   0.000000e+00   0.000000e+00   1.623997e+02   4.481246e-08   2.089375e-02
7.550000e+01   1.345137e+01   0.000000e+00   0.000000e+00   1.615029e+02   4.410315e-08   2.044948e-02
7.560000e+01   1.263689e+01   0.000000e+00   0.000000e+00   1.606149e+02   4.340082e-08   2.001318e-02
7.570000e+01   1.109301e+01   0.000000e+00   0.000000e+00   1.597367e+02   4.270528e-08   1.958477e-02
7.580000e+01   9.238603e+00   0.000000e+00   0.000000e+00   1.588691e+02   4.201634e-08   1.916417e-02
7.590000e+01   7.492547e+00   0.000000e+00   0.000000e+00   1.580130e+02   4.133382e-08   1.875127e-02
7.600000e+01   6.273716e+00   0.000000e+00   0.000000e+00   1.571692e+02   4.065755e-08   1.834599e-02
7.610000e+01   5.502651e+00   0.000000e+00   0.000000e+00   1.563388e+02   3.998737e-08   1.794825e-02
7.620000e+01   4.775931e+00   0.000000e+00   0.000000e+00   1.555225e+02   3.932313e-08   1.755795e-02
7.630000e+01   4.116905e+00   0.000000e+00   0.000000e+00   1.547213e+02   3.866467e-08   1.717500e-02
7.640000e+01   3.549442e+00   0.000000e+00   0.000000e+00   1.539360e+02   3.801187e-08   1.679933e-02
7.650000e+01   3.097409e+00   0.000000e+00   0.000000e+00   1.531676e+02   3.736460e-08   1.643083e-02
7.660000e+01   2.807538e+00   0.000000e+00   0.000000e+00   1.524168e+02   3.672274e-08   1.606942e-02
7.670000e+01   2.691989e+00   0.000000e+00   0.000000e+00   1.516846e+02   3.608618e-08   1.571502e-02
7.680000e+01   2.708624e+00   0.000000e+00   0.000000e+00   1.509719e+02   3.545482e-08   1.536752e-02
7.690000e+01   2.815144e+00   0.000000e+00   0.000000e+00   1.502796e+02   3.482857e-08   1.502685e-02
7.700000e+01   2.967815e+00   0.000000e+00   0.000000e+00   1.496082e+02   3.420743e-08   1.469292e-02
7.710000e+01   3.188321e+00   0.000000e+00   0.000000e+00   1.489565e+02   3.359177e-08   1.436563e-02
7.720000e+01   3.527792e+00   0.000000e+00   0.000000e+00   1.483229e+02   3.298210e-08   1.404491e-02
7.730000e+01   3.931421e+00   0.000000e+00   0.000000e+00   1.477056e+02   3.237887e-08   1.373065e-02
7.740000e+01   4.343499e+00   0.000000e+00   0.000000e+00   1.471030e+02   3.178253e-08   1.342278e-02
7.750000e+01   4.708319e+00   0.000000e+00   0.000000e+00   1.465134e+02   3.119349e-08   1.312120e-02
7.760000e+01   5.034586e+00   0.000000e+00   0.000000e+00   1.459350e+02   3.061215e-08   1.282584e-02
7.770000e+01   5.383907e+00   0.000000e+00   0.000000e+00   1.453662e+02   3.003886e-08   1.253659e-02
7.780000e+01   5.722243e+00   0.000000e+00   0.000000e+00   1.448053e+02   2.947398e-08   1.225337e-02
7.790000e+01   6.014092e+00   0.000000e+00   0.000000e+00   1.442506e+02   2.891782e-08   1.197610e-02
7.800000e+01   6.223954e+00   0.000000e+00   0.000000e+00   1.437003e+02   2.837068e-08   1.170469e-02
7.810000e+01   5.993606e+00   0.000000e+00   0.000000e+00   1.431529e+02   2.783282e-08   1.143904e-02
7.820000e+01   4.965117e+00   0.000000e+00   0.000000e+00   1.426065e+02   2.730450e-08   1.117907e-02
7.830000e+01   3.572268e+00   0.000000e+00   0.000000e+00   1.420595e+02   2.678594e-08   1.092470e-02
7.840000e+01   2.263991e+00   0.000000e+00   0.000000e+00   1.415102e+02   2.627735e-08   1.067583e-02
7.850000e+01   1.489219e+00   0.000000e+00   0.000000e+00   1.409568e+02   2.577891e-08   1.043237e-02
7.860000e+01   1.343640e+00   0.000000e+00   0.000000e+00   1.403978e+02   2.529079e-08   1.019425e-02
7.870000e+01   1.281810e+00   0.000000e+00   0.000000e+00   1.398314e+02   2.481313e-08   9.961361e-03
7.880000e+01   1.241622e+00   0.000000e+00   0.000000e+00   1.392559e+02   2.434607e-08   9.733628e-03
7.890000e+01   1.179767e+00   0.000000e+00   0.000000e+00   1.386696e+02   2.388970e-08   9.510960e-03
7.900000e+01   1.052937e+00   0.000000e+00   0.000000e+00   1.380708e+02   2.344414e-08   9.293269e-03
7.910000e+01   7.983526e-01   0.000000e+00   0.000000e+00   1.374578e+02   2.300945e-08   9.080466e-03
7.920000e+01   3.959478e-01   0.000000e+00   0.000000e+00   1.368296e+02   2.258559e-08   8.872455e-03
7.930000e+01   -6.398340e-02   0.000000e+00   0.000000e+00   1.361877e+02   2.217195e-08   8.669105e-03
7.940000e+01   -4.863190e-01   0.000000e+00   0.000000e+00   1.355346e+02   2.176782e-08   8.470273e-03
7.950000e+01   -7.759369e-01   0.000000e+00   0.000000e+00   1.348725e+02   2.137249e-08   8.275817e-03
7.960000e+01   -8.748923e-01   0.000000e+00   0.000000e+00   1.342039e+02   2.098527e-08   8.085596e-03
7.970000e+01   -8.614020e-01   0.000000e+00   0.000000e+00   1.335311e+02   2.060550e-08   7.899467e-03
7.980000e+01   -7.975435e-01   0.000000e+00   0.000000e+00   1.328564e+02   2.023252e-08   7.717288e-03
7.990000e+01   -7.423043e-01   0.000000e+00   0.000000e+00   1.321822e+02   1.986569e-08   7.538919e-03
8.000000e+01   -7.546723e-01   0.000000e+00   0.000000e+00   1.315109e+02   1.950439e-08   7.364216e-03
8.010000e+01   -1.337190e+00   0.000000e+00   0.000000e+00   1.308448e+02   1.914801e-08   7.193037e-03
8.020000e+01   -3.467395e+00   0.000000e+00   0.000000e+00   1.301862e+02   1.879593e-08   7.025242e-03
8.030000e+01   -6.535528e+00   0.000000e+00   0.000000e+00   1.295376e+02   1.844758e-08   6.860687e-03
8.040000e+01   -9.838938e+00   0.000000e+00   0.000000e+00   1.289012e+02   1.810237e-08   6.699232e-03
8.050000e+01   -1.267497e+01   0.000000e+00   0.000000e+00   1.282795e+02   1.775975e-08   6.540733e-03
8.060000e+01   -1.475494e+01   0.000000e+00   0.000000e+00   1.276743e+02   1.741929e-08   6.385078e-03
8.070000e+01   -1.689448e+01   0.000000e+00   0.000000e+00   1.270860e+02   1.708102e-08   6.232235e-03
8.080000e+01   -1.886548e+01   0.000000e+00   0.000000e+00   1.265146e+02   1.674506e-08   6.082187e-03
8.090000e+01   -2.034365e+01   0.000000e+00   0.000000e+00   1.259605e+02   1.641149e-08   5.934919e-03
8.100000e+01   -2.100467e+01   0.000000e+00   0.000000e+00   1.254236e+02   1.608044e-08   5.790414e-03
8.110000e+01   -2.044452e+01   0.000000e+00   0.000000e+00   1.249042e+02   1.575200e-08   5.648656e-03
8.120000e+01   -1.847286e+01   0.000000e+00   0.000000e+00   1.244023e+02   1.542629e-08   5.509630e-03
8.130000e+01   -1.567305e+01   0.000000e+00   0.000000e+00   1.239181e+02   1.510342e-08   5.373317e-03
8.140000e+01   -1.267662e+01   0.000000e+00   0.000000e+00   1.234518e+02   1.478349e-08   5.239704e-03
8.150000e+01   -1.011507e+01   0.000000e+00   0.000000e+00   1.230034e+02   1.446662e-08   5.108773e-03
8.160000e+01   -8.394341e+00   0.000000e+00   0.000000e+00   1.225731e+02   1.415293e-08   4.980508e-03
8.170000e+01   -6.921365e+00   0.000000e+00   0.000000e+00   1.221610e+02   1.384251e-08   4.854892e-03
8.180000e+01   -5.549246e+00   0.000000e+00   0.000000e+00   1.217673e+02   1.353548e-08   4.731911e-03
8.190000e+01   -4.212758e+00   0.000000e+00   0.000000e+00   1.213920e+02   1.323196e-08   4.611547e-03
8.200000e+01   -2.846675e+00   0.000000e+00   0.000000e+00   1.210354e+02   1.293205e-08   4.493785e-03
8.210000e+01   -1.365447e+00   0.000000e+00   0.000000e+00   1.206976e+02   1.263587e-08   4.378608e-03
8.220000e+01   2.951245e-01   0.000000e+00   0.000000e+00   1.203787e+02   1.234352e-08   4.266000e-03
8.230000e+01   1.986215e+00   0.000000e+00   0.000000e+00   1.200787e+02   1.205511e-08   4.155945e-03
8.240000e+01   3.539817e+00   0.000000e+00   0.000000e+00   1.197980e+02   1.177076e-08   4.048426e-03
8.250000e+01   4.787883e+00   0.000000e+00   0.000000e+00   1.195366e+02   1.149055e-08   3.943428e-03
8.260000e+01   5.644418e+00   0.000000e+00   0.000000e+00   1.192966e+02   1.121439e-08   3.840930e-03
8.270000e+01   6.447114e+00   0.000000e+00   0.000000e+00   1.190835e+02   1.094189e-08   3.740903e-03
8.280000e+01   7.253204e+00   0.000000e+00   0.000000e+00   1.189027e+02   1.067267e-08   3.643320e-03
8.290000e+01   8.061706e+00   0.000000e+00   0.000000e+00   1.187598e+02   1.040640e-08   3.548153e-03
8.300000e+01   8.871636e+00   0.000000e+00   0.000000e+00   1.186604e+02   1.014277e-08   3.455373e-03
8.310000e+01   9.790009e+00   0.000000e+00   0.000000e+00   1.186099e+02   9.881556e-09   3.364951e-03
8.320000e+01   1.132893e+01   0.000000e+00   0.000000e+00   1.186141e+02   9.622535e-09   3.276861e-03
8.330000e+01   1.325068e+01   0.000000e+00   0.000000e+00   1.186783e+02   9.365547e-09   3.191073e-03
8.340000e+01   1.519453e+01   0.000000e+00   0.000000e+00   1.188081e+02   9.110470e-09   3.107558e-03
8.350000e+01   1.679979e+01   0.000000e+00   0.000000e+00   1.190092e+02   8.857225e-09   3.026290e-03
8.360000e+01   1.779067e+01   0.000000e+00   0.000000e+00   1.192870e+02   8.605772e-09   2.947239e-03
8.370000e+01   1.853515e+01   0.000000e+00   0.000000e+00   1.196472e+02   8.356112e-09   2.870377e-03
8.380000e+01   1.916741e+01   0.000000e+00   0.000000e+00   1.200952e+02   8.108287e-09   2.795677e-03
8.390000e+01   1.972977e+01   0.000000e+00   0.000000e+00   1.206366e+02   7.862374e-09   2.723109e-03
8.400000e+01   2.026458e+01   0.000000e+00   0.000000e+00   1.212769e+02   7.618485e-09   2.652646e-03
8.410000e+01   2.084593e+01   0.000000e+00   0.000000e+00   1.220218e+02   7.376766e-09   2.584259e-03
8.420000e+01   2.170737e+01   0.000000e+00   0.000000e+00   1.228768e+02   7.137391e-09   2.517919e-03
8.430000e+01   2.277680e+01   0.000000e+00   0.000000e+00   1.238474e+02   6.900562e-09   2.453600e-03
8.440000e+01   2.391829e+01   0.000000e+00   0.000000e+00   1.249391e+02   6.666502e-09   2.391271e-03
8.450000e+01   2.500089e+01   0.000000e+00   0.000000e+00   1.261533e+02   6.435650e-09   2.330899e-03
8.460000e+01   2.594114e+01   0.000000e+00   0.000000e+00   1.274821e+02   6.208817e-09   2.272430e-03
8.470000e+01   2.695973e+01   0.000000e+00   0.000000e+00   1.289166e+02   5.986754e-09   2.215811e-03
8.480000e+01   2.801526e+01   0.000000e+00   0.000000e+00   1.304479e+02   5.770094e-09   2.160988e-03
8.490000e+01   2.898290e+01   0.000000e+00   0.000000e+00   1.320671e+02   5.559361e-09   2.107908e-03
8.500000e+01   2.973782e+01   0.000000e+00   0.000000e+00   1.337651e+02   5.354973e-09   2.056517e-03
8.510000e+01   3.018804e+01   0.000000e+00   0.000000e+00   1.355330e+02   5.157250e-09   2.006761e-03
8.520000e+01   3.057312e+01   0.000000e+00   0.000000e+00   1.373619e+02   4.966424e-09   1.958585e-03
8.530000e+01   3.088551e+01   0.000000e+00   0.000000e+00   1.392429e+02   4.782645e-09   1.911937e-03
8.540000e+01   3.102095e+01   0.000000e+00   0.000000e+00   1.411670e+02   4.605996e-09   1.866763e-03
8.550000e+01   3.087521e+01   0.000000e+00   0.000000e+00   1.431253e+02   4.436494e-09   1.823009e-03
8.560000e+01   3.036956e+01   0.000000e+00   0.000000e+00   1.451088e+02   4.274104e-09   1.780620e-03
8.570000e+01   2.976545e+01   0.000000e+00   0.000000e+00   1.471086e+02   4.118745e-09   1.739544e-03
8.580000e+01   2.916692e+01   0.000000e+00   0.000000e+00   1.491158e+02   3.970297e-09   1.699726e-03
8.590000e+01   2.858444e+01   0.000000e+00   0.000000e+00   1.511213e+02   3.828609e-09   1.661113e-03
8.600000e+01   2.802847e+01   0.000000e+00   0.000000e+00   1.531164e+02   3.693506e-09   1.623651e-03
8.610000e+01   2.746271e+01   0.000000e+00   0.000000e+00   1.550919e+02   3.564788e-09   1.587286e-03
8.620000e+01   2.624780e+01   0.000000e+00   0.000000e+00   1.570390e+02   3.442246e-09   1.551965e-03
8.630000e+01   2.442613e+01   0.000000e+00   0.000000e+00   1.589488e+02   3.325654e-09   1.517633e-03
8.640000e+01   2.232011e+01   0.000000e+00   0.000000e+00   1.608122e+02   3.214783e-09   1.484236e-03
8.650000e+01   2.025214e+01   0.000000e+00   0.000000e+00   1.626205e+02   3.109396e-09   1.451722e-03
8.660000e+01   1.852319e+01   0.000000e+00   0.000000e+00   1.643672e+02   3.009227e-09   1.420047e-03
8.670000e+01   1.701621e+01   0.000000e+00   0.000000e+00   1.660523e+02   2.913961e-09   1.389188e-03
8.680000e+01   1.557594e+01   0.000000e+00   0.000000e+00   1.676760e+02   2.823298e-09   1.359127e-03
8.690000e+01   1.414000e+01   0.000000e+00   0.000000e+00   1.692390e+02   2.736959e-09   1.329845e-03
8.700000e+01   1.264607e+01   0.000000e+00   0.000000e+00   1.707417e+02   2.654689e-09   1.301324e-03
8.710000e+01   1.101324e+01   0.000000e+00   0.000000e+00   1.721845e+02   2.576249e-09   1.273545e-03
8.720000e+01   8.843333e+00   0.000000e+00   0.000000e+00   1.735679e+02   2.501418e-09   1.246488e-03
8.730000e+01   6.325161e+00   0.000000e+00   0.000000e+00   1.748924e+02   2.429991e-09   1.220135e-03
8.740000e+01   3.896892e+00   0.000000e+00   0.000000e+00   1.761586e+02   2.361775e-09   1.194468e-03
8.750000e+01   1.996691e+00   0.000000e+00   0.000000e+00   1.773667e+02   2.296591e-09   1.169468e-03
8.760000e+01   1.036913e+00   0.000000e+00   0.000000e+00   1.785174e+02   2.234272e-09   1.145115e-03
8.770000e+01   5.170653e-01   0.000000e+00   0.000000e+00   1.796112e+02   2.174660e-09   1.121391e-03
8.780000e+01   1.389017e-01   0.000000e+00   0.000000e+00   1.806483e+02   2.117608e-09   1.098277e-03
8.790000e+01   -2.146382e-02   0.000000e+00   0.000000e+00   1.816295e+02   2.062978e-09   1.075755e-03
8.800000e+01   1.120822e-01   0.000000e+00   0.000000e+00   1.825550e+02   2.010639e-09   1.053805e-03
8.810000e+01   6.215921e-01   0.000000e+00   0.000000e+00   1.834255e+02   1.960468e-09   1.032409e-03
8.820000e+01   1.758798e+00   0.000000e+00   0.000000e+00   1.842413e+02   1.912349e-09   1.011549e-03
8.830000e+01   3.367973e+00   0.000000e+00   0.000000e+00   1.850030e+02   1.866173e-09   9.912040e-04
8.840000e+01   5.095137e+00   0.000000e+00   0.000000e+00   1.857111e+02   1.821834e-09   9.713571e-04
8.850000e+01   6.586314e+00   0.000000e+00   0.000000e+00   1.863659e+02   1.779234e-09   9.519888e-04
8.860000e+01   7.495144e+00   0.000000e+00   0.000000e+00   1.869680e+02   1.738279e-09   9.330805e-04
8.870000e+01   8.069324e+00   0.000000e+00   0.000000e+00   1.875178e+02   1.698880e-09   9.146134e-04
8.880000e+01   8.579477e+00   0.000000e+00   0.000000e+00   1.880159e+02   1.660950e-09   8.965686e-04
8.890000e+01   9.017689e+00   0.000000e+00   0.000000e+00   1.884627e+02   1.624409e-09   8.789275e-04
8.900000e+01   9.378480e+00   0.000000e+00   0.000000e+00   1.888593e+02   1.589179e-09   8.616754e-04
8.910000e+01   9.655440e+00   0.000000e+00   0.000000e+00   1.892083e+02   1.555190e-09   8.448041e-04
8.920000e+01   9.361016e+00   0.000000e+00   0.000000e+00   1.895119e+02   1.522376e-09   8.283059e-04
8.930000e+01   8.448034e+00   0.000000e+00   0.000000e+00   1.897726e+02   1.490675e-09   8.121732e-04
8.940000e+01   7.311472e+00   0.000000e+00   0.000000e+00   1.899928e+02   1.460027e-09   7.963984e-04
8.950000e+01   6.346307e+00   0.000000e+00   0.000000e+00   1.901750e+02   1.430378e-09   7.809738e-04
8.960000e+01   5.949650e+00   0.000000e+00   0.000000e+00   1.903216e+02   1.401674e-09   7.658918e-04
8.970000e+01   6.836321e+00   0.000000e+00   0.000000e+00   1.904351e+02   1.373866e-09   7.511447e-04
8.980000e+01   8.830477e+00   0.000000e+00   0.000000e+00   1.905178e+02   1.346907e-09   7.367249e-04
8.990000e+01   1.117072e+01   0.000000e+00   0.000000e+00   1.905722e+02   1.320751e-09   7.226248e-04
9.000000e+01   1.309565e+01   0.000000e+00   0.000000e+00   1.906007e+02   1.295356e-09   7.088366e-04
9.010000e+01   1.384484e+01   0.000000e+00   0.000000e+00   1.906058e+02   1.270682e-09   6.953528e-04
9.020000e+01   1.372470e+01   0.000000e+00   0.000000e+00   1.905899e+02   1.246688e-09   6.821658e-04
9.030000e+01   1.346325e+01   0.000000e+00   0.000000e+00   1.905554e+02   1.223337e-09   6.692678e-04
9.040000e+01   1.310140e+01   0.000000e+00   0.000000e+00   1.905048e+02   1.200595e-09   6.566512e-04
9.050000e+01   1.268009e+01   0.000000e+00   0.000000e+00   1.904405e+02   1.178426e-09   6.443085e-04
9.060000e+01   1.224023e+01   0.000000e+00   0.000000e+00   1.903649e+02   1.156797e-09   6.322319e-04
9.070000e+01   1.179433e+01   0.000000e+00   0.000000e+00   1.902804e+02   1.135677e-09   6.204138e-04
9.080000e+01   1.131777e+01   0.000000e+00   0.000000e+00   1.901896e+02   1.115036e-09   6.088466e-04
9.090000e+01   1.079572e+01   0.000000e+00   0.000000e+00   1.900948e+02   1.094843e-09   5.975226e-04
9.100000e+01   1.021340e+01   0.000000e+00   0.000000e+00   1.899984e+02   1.075071e-09   5.864342e-04
9.110000e+01   9.555991e+00   0.000000e+00   0.000000e+00   1.899029e+02   1.055692e-09   5.755738e-04
9.120000e+01   8.852949e+00   0.000000e+00   0.000000e+00   1.898107e+02   1.036679e-09   5.649336e-04
9.130000e+01   8.118960e+00   0.000000e+00   0.000000e+00   1.897243e+02   1.018008e-09   5.545061e-04
9.140000e+01   7.306818e+00   0.000000e+00   0.000000e+00   1.896460e+02   9.996527e-10   5.442836e-04
9.150000e+01   6.369264e+00   0.000000e+00   0.000000e+00   1.895784e+02   9.815903e-10   5.342585e-04
9.160000e+01   5.260488e+00   0.000000e+00   0.000000e+00   1.895231e+02   9.638038e-10   5.244246e-04
9.170000e+01   3.992030e+00   0.000000e+00   0.000000e+00   1.894803e+02   9.462900e-10   5.147787e-04
9.180000e+01   2.623600e+00   0.000000e+00   0.000000e+00   1.894500e+02   9.290471e-10   5.053178e-04
9.190000e+01   1.164329e+00   0.000000e+00   0.000000e+00   1.894322e+02   9.120734e-10   4.960392e-04
9.200000e+01   -3.768956e-01   0.000000e+00   0.000000e+00   1.894270e+02   8.953669e-10   4.869399e-04
9.210000e+01   -1.991184e+00   0.000000e+00   0.000000e+00   1.894345e+02   8.789257e-10   4.780172e-04
9.220000e+01   -4.072574e+00   0.000000e+00   0.000000e+00   1.894545e+02   8.627477e-10   4.692680e-04
9.230000e+01   -7.000693e+00   0.000000e+00   0.000000e+00   1.894871e+02   8.468306e-10   4.606896e-04
9.240000e+01   -1.044231e+01   0.000000e+00   0.000000e+00   1.895323e+02   8.311721e-10   4.522792e-04
9.250000e+01   -1.405868e+01   0.000000e+00   0.000000e+00   1.895902e+02   8.157700e-10   4.440337e-04
9.260000e+01   -1.751105e+01   0.000000e+00   0.000000e+00   1.896607e+02   8.006216e-10   4.359504e-04
9.270000e+01   -2.077106e+01   0.000000e+00   0.000000e+00   1.897440e+02   7.857244e-10   4.280264e-04
9.280000e+01   -2.413174e+01   0.000000e+00   0.000000e+00   1.898399e+02   7.710757e-10   4.202589e-04
9.290000e+01   -2.747291e+01   0.000000e+00   0.000000e+00   1.899486e+02   7.566728e-10   4.126449e-04
9.300000e+01   -3.066765e+01   0.000000e+00   0.000000e+00   1.900699e+02   7.425128e-10   4.051816e-04
9.310000e+01   -3.358907e+01   0.000000e+00   0.000000e+00   1.902041e+02   7.285928e-10   3.978662e-04
9.320000e+01   -3.630086e+01   0.000000e+00   0.000000e+00   1.903510e+02   7.149097e-10   3.906957e-04
9.330000e+01   -3.900613e+01   0.000000e+00   0.000000e+00   1.905106e+02   7.014605e-10   3.836673e-04
9.340000e+01   -4.154881e+01   0.000000e+00   0.000000e+00   1.906831e+02   6.882420e-10   3.767782e-04
9.350000e+01   -4.376506e+01   0.000000e+00   0.000000e+00   1.908684e+02   6.752509e-10   3.700254e-04
9.360000e+01   -4.549103e+01   0.000000e+00   0.000000e+00   1.910665e+02   6.624839e-10   3.634061e-04
9.370000e+01   -4.677428e+01   0.000000e+00   0.000000e+00   1.912775e+02   6.499376e-10   3.569175e-04
9.380000e+01   -4.797849e+01   0.000000e+00   0.000000e+00   1.915013e+02   6.376085e-10   3.505567e-04
9.390000e+01   -4.912134e+01   0.000000e+00   0.000000e+00   1.917381e+02   6.254930e-10   3.443207e-04
9.400000e+01   -5.020839e+01   0.000000e+00   0.000000e+00   1.919877e+02   6.135877e-10   3.382068e-04
9.410000e+01   -5.124522e+01   0.000000e+00   0.000000e+00   1.922502e+02   6.018888e-10   3.322121e-04
9.420000e+01   -5.261391e+01   0.000000e+00   0.000000e+00   1.925257e+02   5.903925e-10   3.263337e-04
9.430000e+01   -5.488376e+01   0.000000e+00   0.000000e+00   1.928142e+02   5.790952e-10   3.205689e-04
9.440000e+01   -5.751674e+01   0.000000e+00   0.000000e+00   1.931161e+02   5.679936e-10   3.149157e-04
9.450000e+01   -5.993658e+01   0.000000e+00   0.000000e+00   1.934319e+02   5.570847e-10   3.093725e-04
9.460000e+01   -6.156704e+01   0.000000e+00   0.000000e+00   1.937623e+02   5.463654e-10   3.039379e-04
9.470000e+01   -6.217380e+01   0.000000e+00   0.000000e+00   1.941077e+02   5.358328e-10   2.986101e-04
9.480000e+01   -6.238939e+01   0.000000e+00   0.000000e+00   1.944688e+02   5.254841e-10   2.933876e-04
9.490000e+01   -6.232272e+01   0.000000e+00   0.000000e+00   1.948460e+02   5.153164e-10   2.882688e-04
9.500000e+01   -6.204518e+01   0.000000e+00   0.000000e+00   1.952399e+02   5.053269e-10   2.832522e-04
9.510000e+01   -6.162813e+01   0.000000e+00   0.000000e+00   1.956510e+02   4.955129e-10   2.783360e-04
9.520000e+01   -6.093923e+01   0.000000e+00   0.000000e+00   1.960799e+02   4.858717e-10   2.735187e-04
9.530000e+01   -5.958261e+01   0.000000e+00   0.000000e+00   1.965272e+02   4.764007e-10   2.687988e-04
9.540000e+01   -5.784402e+01   0.000000e+00   0.000000e+00   1.969934e+02   4.670972e-10   2.641747e-04
9.550000e+01   -5.605047e+01   0.000000e+00   0.000000e+00   1.974790e+02   4.579586e-10   2.596446e-04
9.560000e+01   -5.452897e+01   0.000000e+00   0.000000e+00   1.979845e+02   4.489823e-10   2.552072e-04
9.570000e+01   -5.339667e+01   0.000000e+00   0.000000e+00   1.985107e+02   4.401659e-10   2.508607e-04
9.580000e+01   -5.222608e+01   0.000000e+00   0.000000e+00   1.990579e+02   4.315068e-10   2.466036e-04
9.590000e+01   -5.113808e+01   0.000000e+00   0.000000e+00   1.996267e+02   4.230026e-10   2.424342e-04
9.600000e+01   -5.030309e+01   0.000000e+00   0.000000e+00   2.002177e+02   4.146507e-10   2.383511e-04
9.610000e+01   -4.989156e+01   0.000000e+00   0.000000e+00   2.008314e+02   4.064487e-10   2.343526e-04
9.620000e+01   -5.024603e+01   0.000000e+00   0.000000e+00   2.014684e+02   3.983942e-10   2.304370e-04
9.630000e+01   -5.181533e+01   0.000000e+00   0.000000e+00   2.021292e+02   3.904848e-10   2.266030e-04
9.640000e+01   -5.405817e+01   0.000000e+00   0.000000e+00   2.028144e+02   3.827181e-10   2.228487e-04
9.650000e+01   -5.635793e+01   0.000000e+00   0.000000e+00   2.035245e+02   3.750916e-10   2.191726e-04
9.660000e+01   -5.809797e+01   0.000000e+00   0.000000e+00   2.042600e+02   3.676031e-10   2.155733e-04
9.670000e+01   -5.891748e+01   0.000000e+00   0.000000e+00   2.050216e+02   3.602502e-10   2.120489e-04
9.680000e+01   -5.952355e+01   0.000000e+00   0.000000e+00   2.058097e+02   3.530305e-10   2.085981e-04
9.690000e+01   -6.003391e+01   0.000000e+00   0.000000e+00   2.066249e+02   3.459416e-10   2.052191e-04
9.700000e+01   -6.046960e+01   0.000000e+00   0.000000e+00   2.074677e+02   3.389813e-10   2.019104e-04
9.710000e+01   -6.085165e+01   0.000000e+00   0.000000e+00   2.083388e+02   3.321473e-10   1.986704e-04
9.720000e+01   -6.119290e+01   0.000000e+00   0.000000e+00   2.092385e+02   3.254372e-10   1.954975e-04
9.730000e+01   -6.148305e+01   0.000000e+00   0.000000e+00   2.101666e+02   3.188507e-10   1.923904e-04
9.740000e+01   -6.175461e+01   0.000000e+00   0.000000e+00   2.111219e+02   3.123883e-10   1.893479e-04
9.750000e+01   -6.204541e+01   0.000000e+00   0.000000e+00   2.121035e+02   3.060506e-10   1.863689e-04
9.760000e+01   -6.239329e+01   0.000000e+00   0.000000e+00   2.131102e+02   2.998378e-10   1.834522e-04
9.770000e+01   -6.287656e+01   0.000000e+00   0.000000e+00   2.141410e+02   2.937499e-10   1.805968e-04
9.780000e+01   -6.365631e+01   0.000000e+00   0.000000e+00   2.151949e+02   2.877866e-10   1.778013e-04
9.790000e+01   -6.458045e+01   0.000000e+00   0.000000e+00   2.162708e+02   2.819477e-10   1.750648e-04
9.800000e+01   -6.545757e+01   0.000000e+00   0.000000e+00   2.173677e+02   2.762325e-10   1.723861e-04
9.810000e+01   -6.609625e+01   0.000000e+00   0.000000e+00   2.184844e+02   2.706404e-10   1.697639e-04
9.820000e+01   -6.636993e+01   0.000000e+00   0.000000e+00   2.196200e+02   2.651703e-10   1.671973e-04
9.830000e+01   -6.654932e+01   0.000000e+00   0.000000e+00   2.207733e+02   2.598213e-10   1.646849e-04
9.840000e+01   -6.669445e+01   0.000000e+00   0.000000e+00   2.219434e+02   2.545922e-10   1.622257e-04
9.850000e+01   -6.680858e+01   0.000000e+00   0.000000e+00   2.231291e+02   2.494817e-10   1.598186e-04
9.860000e+01   -6.689500e+01   0.000000e+00   0.000000e+00   2.243295e+02   2.444883e-10   1.574624e-04
9.870000e+01   -6.689425e+01   0.000000e+00   0.000000e+00   2.255434e+02   2.396104e-10   1.551559e-04
9.880000e+01   -6.643833e+01   0.000000e+00   0.000000e+00   2.267698e+02   2.348465e-10   1.528979e-04
9.890000e+01   -6.560791e+01   0.000000e+00   0.000000e+00   2.280076e+02   2.301948e-10   1.506875e-04
9.900000e+01   -6.457352e+01   0.000000e+00   0.000000e+00   2.292559e+02   2.256534e-10   1.485233e-04
9.910000e+01   -6.350568e+01   0.000000e+00   0.000000e+00   2.305134e+02   2.212205e-10   1.464044e-04
9.920000e+01   -6.254398e+01   0.000000e+00   0.000000e+00   2.317793e+02   2.168942e-10   1.443294e-04
9.930000e+01   -6.155498e+01   0.000000e+00   0.000000e+00   2.330523e+02   2.126723e-10   1.422973e-04
9.940000e+01   -6.049522e+01   0.000000e+00   0.000000e+00   2.343315e+02   2.085528e-10   1.403069e-04
9.950000e+01   -5.936505e+01   0.000000e+00   0.000000e+00   2.356158e+02   2.045336e-10   1.383571e-04
9.960000e+01   -5.816483e+01   0.000000e+00   0.000000e+00   2.369042e+02   2.006126e-10   1.364468e-04
9.970000e+01   -5.689566e+01   0.000000e+00   0.000000e+00   2.381956e+02   1.967874e-10   1.345747e-04
9.980000e+01   -5.555814e+01   0.000000e+00   0.000000e+00   2.394889e+02   1.930560e-10   1.327398e-04
9.990000e+01   -5.413475e+01   0.000000e+00   0.000000e+00   2.407831e+02   1.894161e-10   1.309409e-04
1.000000e+02   -5.260503e+01   0.000000e+00   0.000000e+00   2.420771e+02   1.858654e-10   1.291768e-04
1.001000e+02   -5.094850e+01   0.000000e+00   0.000000e+00   2.433699e+02   1.824015e-10   1.274465e-04
1.002000e+02   -4.909758e+01   0.000000e+00   0.000000e+00   2.446604e+02   1.790224e-10   1.257487e-04
1.003000e+02   -4.666235e+01   0.000000e+00   0.000000e+00   2.459476e+02   1.757255e-10   1.240823e-04
1.004000e+02   -4.391254e+01   0.000000e+00   0.000000e+00   2.472304e+02   1.725088e-10   1.224462e-04
1.005000e+02   -4.128930e+01   0.000000e+00   0.000000e+00   2.485077e+02   1.693697e-10   1.208393e-04
1.006000e+02   -3.923379e+01   0.000000e+00   0.000000e+00   2.497786e+02   1.663061e-10   1.192603e-04
1.007000e+02   -3.813432e+01   0.000000e+00   0.000000e+00   2.510423e+02   1.633158e-10   1.177084e-04
1.008000e+02   -3.756024e+01   0.000000e+00   0.000000e+00   2.522992e+02   1.603965e-10   1.161832e-04
1.009000e+02   -3.717626e+01   0.000000e+00   0.000000e+00   2.535495e+02   1.575463e-10   1.146842e-04
1.010000e+02   -3.681493e+01   0.000000e+00   0.000000e+00   2.547937e+02   1.547631e-10   1.132110e-04
1.011000e+02   -3.630878e+01   0.000000e+00   0.000000e+00   2.560319e+02   1.520451e-10   1.117632e-04
1.012000e+02   -3.548049e+01   0.000000e+00   0.000000e+00   2.572645e+02   1.493903e-10   1.103404e-04
1.013000e+02   -3.408516e+01   0.000000e+00   0.000000e+00   2.584918e+02   1.467970e-10   1.089422e-04
1.014000e+02   -3.215744e+01   0.000000e+00   0.000000e+00   2.597141e+02   1.442634e-10   1.075682e-04
1.015000e+02   -2.980851e+01   0.000000e+00   0.000000e+00   2.609317e+02   1.417878e-10   1.062180e-04
1.016000e+02   -2.714957e+01   0.000000e+00   0.000000e+00   2.621450e+02   1.393686e-10   1.048911e-04
1.017000e+02   -2.422803e+01   0.000000e+00   0.000000e+00   2.633542e+02   1.370041e-10   1.035872e-04
1.018000e+02   -2.009544e+01   0.000000e+00   0.000000e+00   2.645596e+02   1.346928e-10   1.023058e-04
1.019000e+02   -1.502168e+01   0.000000e+00   0.000000e+00   2.657617e+02   1.324331e-10   1.010465e-04
1.020000e+02   -9.822183e+00   0.000000e+00   0.000000e+00   2.669606e+02   1.302237e-10   9.980894e-05
1.021000e+02   -5.312389e+00   0.000000e+00   0.000000e+00   2.681567e+02   1.280630e-10   9.859268e-05
1.022000e+02   -2.258321e+00   0.000000e+00   0.000000e+00   2.693503e+02   1.259497e-10   9.739731e-05
1.023000e+02   -2.249391e-02   0.000000e+00   0.000000e+00   2.705417e+02   1.238824e-10   9.622242e-05
1.024000e+02   1.898267e+00   0.000000e+00   0.000000e+00   2.717312e+02   1.218599e-10   9.506760e-05
1.025000e+02   3.558973e+00   0.000000e+00   0.000000e+00   2.729191e+02   1.198807e-10   9.393244e-05
1.026000e+02   5.014635e+00   0.000000e+00   0.000000e+00   2.741058e+02   1.179437e-10   9.281653e-05
1.027000e+02   6.323078e+00   0.000000e+00   0.000000e+00   2.752916e+02   1.160476e-10   9.171945e-05
1.028000e+02   7.597856e+00   0.000000e+00   0.000000e+00   2.764767e+02   1.141913e-10   9.064081e-05
1.029000e+02   8.811407e+00   0.000000e+00   0.000000e+00   2.776615e+02   1.123735e-10   8.958017e-05
1.030000e+02   9.875930e+00   0.000000e+00   0.000000e+00   2.788463e+02   1.105932e-10   8.853715e-05
1.031000e+02   1.070362e+01   0.000000e+00   0.000000e+00   2.800313e+02   1.088492e-10   8.751132e-05
1.032000e+02   1.121200e+01   0.000000e+00   0.000000e+00   2.812170e+02   1.071405e-10   8.650227e-05
1.033000e+02   1.157477e+01   0.000000e+00   0.000000e+00   2.824036e+02   1.054660e-10   8.550959e-05
1.034000e+02   1.190486e+01   0.000000e+00   0.000000e+00   2.835914e+02   1.038246e-10   8.453288e-05
1.035000e+02   1.219144e+01   0.000000e+00   0.000000e+00   2.847807e+02   1.022154e-10   8.357172e-05
1.036000e+02   1.242367e+01   0.000000e+00   0.000000e+00   2.859719e+02   1.006374e-10   8.262570e-05
1.037000e+02   1.257685e+01   0.000000e+00   0.000000e+00   2.871653e+02   9.908958e-11   8.169441e-05
1.038000e+02   1.181060e+01   0.000000e+00   0.000000e+00   2.883611e+02   9.757105e-11   8.077743e-05
1.039000e+02   1.006892e+01   0.000000e+00   0.000000e+00   2.895597e+02   9.608086e-11   7.987437e-05
1.040000e+02   7.960293e+00   0.000000e+00   0.000000e+00   2.907615e+02   9.461812e-11   7.898480e-05
1.041000e+02   6.093237e+00   0.000000e+00   0.000000e+00   2.919666e+02   9.318195e-11   7.810832e-05
1.042000e+02   5.070611e+00   0.000000e+00   0.000000e+00   2.931754e+02   9.177149e-11   7.724451e-05
1.043000e+02   4.689626e+00   0.000000e+00   0.000000e+00   2.943882e+02   9.038588e-11   7.639297e-05
1.044000e+02   4.476819e+00   0.000000e+00   0.000000e+00   2.956054e+02   8.902431e-11   7.555328e-05
1.045000e+02   4.318033e+00   0.000000e+00   0.000000e+00   2.968272e+02   8.768596e-11   7.472504e-05
1.046000e+02   4.099114e+00   0.000000e+00   0.000000e+00   2.980540e+02   8.637004e-11   7.390783e-05
1.047000e+02   3.705679e+00   0.000000e+00   0.000000e+00   2.992861e+02   8.507577e-11   7.310124e-05
1.048000e+02   2.999038e+00   0.000000e+00   0.000000e+00   3.005237e+02   8.380239e-11   7.230486e-05
1.049000e+02   1.967953e+00   0.000000e+00   0.000000e+00   3.017671e+02   8.254936e-11   7.151842e-05
1.050000e+02   6.704962e-01   0.000000e+00   0.000000e+00   3.030162e+02   8.131636e-11   7.074181e-05
1.051000e+02   -8.352566e-01   0.000000e+00   0.000000e+00   3.042711e+02   8.010311e-11   6.997493e-05
1.052000e+02   -2.491734e+00   0.000000e+00   0.000000e+00   3.055318e+02   7.890933e-11   6.921770e-05
1.053000e+02   -4.667737e+00   0.000000e+00   0.000000e+00   3.067982e+02   7.773474e-11   6.847001e-05
1.054000e+02   -7.471281e+00   0.000000e+00   0.000000e+00   3.080704e+02   7.657907e-11   6.773177e-05
1.055000e+02   -1.054103e+01   0.000000e+00   0.000000e+00   3.093483e+02   7.544204e-11   6.700289e-05
1.056000e+02   -1.351565e+01   0.000000e+00   0.000000e+00   3.106320e+02   7.432337e-11   6.628327e-05
1.057000e+02   -1.603380e+01   0.000000e+00   0.000000e+00   3.119214e+02   7.322281e-11   6.557283e-05
1.058000e+02   -1.824199e+01   0.000000e+00   0.000000e+00   3.132166e+02   7.214008e-11   6.487146e-05
1.059000e+02   -2.041824e+01   0.000000e+00   0.000000e+00   3.145175e+02   7.107491e-11   6.417907e-05
1.060000e+02   -2.239845e+01   0.000000e+00   0.000000e+00   3.158241e+02   7.002705e-11   6.349557e-05
1.061000e+02   -2.401854e+01   0.000000e+00   0.000000e+00   3.171365e+02   6.899624e-11   6.282087e-05
1.062000e+02   -2.511444e+01   0.000000e+00   0.000000e+00   3.184546e+02   6.798221e-11   6.215487e-05
1.063000e+02   -2.574701e+01   0.000000e+00   0.000000e+00   3.197784e+02   6.698472e-11   6.149747e-05
1.064000e+02   -2.618268e+01   0.000000e+00   0.000000e+00   3.211079e+02   6.600351e-11   6.084858e-05
1.065000e+02   -2.652798e+01   0.000000e+00   0.000000e+00   3.224432e+02   6.503833e-11   6.020811e-05
1.066000e+02   -2.688921e+01   0.000000e+00   0.000000e+00   3.237842e+02   6.408894e-11   5.957596e-05
1.067000e+02   -2.737265e+01   0.000000e+00   0.000000e+00   3.251309e+02   6.315508e-11   5.895205e-05
1.068000e+02   -2.806593e+01   0.000000e+00   0.000000e+00   3.264833e+02   6.223652e-11   5.833626e-05
1.069000e+02   -2.892252e+01   0.000000e+00   0.000000e+00   3.278414e+02   6.133300e-11   5.772852e-05
1.070000e+02   -2.984224e+01   0.000000e+00   0.000000e+00   3.292053e+02   6.044431e-11   5.712873e-05
1.071000e+02   -3.072482e+01   0.000000e+00   0.000000e+00   3.305748e+02   5.957019e-11   5.653679e-05
1.072000e+02   -3.147003e+01   0.000000e+00   0.000000e+00   3.319501e+02   5.871043e-11   5.595261e-05
1.073000e+02   -3.206967e+01   0.000000e+00   0.000000e+00   3.333310e+02   5.786477e-11   5.537609e-05
1.074000e+02   -3.262000e+01   0.000000e+00   0.000000e+00   3.347176e+02   5.703300e-11   5.480715e-05
1.075000e+02   -3.312544e+01   0.000000e+00   0.000000e+00   3.361100e+02   5.621489e-11   5.424568e-05
1.076000e+02   -3.358941e+01   0.000000e+00   0.000000e+00   3.375080e+02   5.541022e-11   5.369159e-05
1.077000e+02   -3.401536e+01   0.000000e+00   0.000000e+00   3.389117e+02   5.461875e-11   5.314479e-05
1.078000e+02   -3.444701e+01   0.000000e+00   0.000000e+00   3.403211e+02   5.384029e-11   5.260519e-05
1.079000e+02   -3.491164e+01   0.000000e+00   0.000000e+00   3.417362e+02   5.307459e-11   5.207269e-05
1.080000e+02   -3.534119e+01   0.000000e+00   0.000000e+00   3.431569e+02   5.232146e-11   5.154719e-05
1.081000e+02   -3.566643e+01   0.000000e+00   0.000000e+00   3.445834e+02   5.158068e-11   5.102860e-05
1.082000e+02   -3.581816e+01   0.000000e+00   0.000000e+00   3.460155e+02   5.085203e-11   5.051684e-05
1.083000e+02   -3.518676e+01   0.000000e+00   0.000000e+00   3.474532e+02   5.013531e-11   5.001180e-05
1.084000e+02   -3.311615e+01   0.000000e+00   0.000000e+00   3.488967e+02   4.943032e-11   4.951338e-05
1.085000e+02   -3.023940e+01   0.000000e+00   0.000000e+00   3.503458e+02   4.873684e-11   4.902151e-05
1.086000e+02   -2.721459e+01   0.000000e+00   0.000000e+00   3.518006e+02   4.805469e-11   4.853607e-05
1.087000e+02   -2.469981e+01   0.000000e+00   0.000000e+00   3.532610e+02   4.738365e-11   4.805699e-05
1.088000e+02   -2.282959e+01   0.000000e+00   0.000000e+00   3.547271e+02   4.672353e-11   4.758415e-05
1.089000e+02   -2.094019e+01   -0.000000e+00   -0.000000e+00   3.561988e+02   4.607414e-11   4.711748e-05
1.090000e+02   -1.921165e+01   -0.000000e+00   -0.000000e+00   3.576762e+02   4.543528e-11   4.665687e-05
1.091000e+02   -1.785379e+01   -0.000000e+00   -0.000000e+00   3.591593e+02   4.480676e-11   4.620223e-05
1.092000e+02   -1.707637e+01   -0.000000e+00   -0.000000e+00   3.606479e+02   4.418840e-11   4.575347e-05
1.093000e+02   -1.684420e+01   -0.000000e+00   -0.000000e+00   3.621423e+02   4.358000e-11   4.531050e-05
1.094000e+02   -1.669762e+01   -0.000000e+00   -0.000000e+00   3.636422e+02   4.298139e-11   4.487321e-05
1.095000e+02   -1.662656e+01   -0.000000e+00   -0.000000e+00   3.651478e+02   4.239238e-11   4.444152e-05
1.096000e+02   -1.664187e+01   -0.000000e+00   -0.000000e+00   3.666591e+02   4.181279e-11   4.401533e-05
1.097000e+02   -1.675421e+01   -0.000000e+00   -0.000000e+00   3.681759e+02   4.124246e-11   4.359455e-05
1.098000e+02   -1.724579e+01   -0.000000e+00   -0.000000e+00   3.696979e+02   4.068127e-11   4.317912e-05
1.099000e+02   -1.866650e+01   -0.000000e+00   -0.000000e+00   3.712247e+02   4.012914e-11   4.276899e-05
1.100000e+02   -2.073848e+01   -0.000000e+00   -0.000000e+00   3.727560e+02   3.958595e-11   4.236410e-05
1.101000e+02   -2.314399e+01   -0.000000e+00   -0.000000e+00   3.742912e+02   3.905161e-11   4.196439e-05
1.102000e+02   -2.556528e+01   -0.000000e+00   -0.000000e+00   3.758302e+02   3.852601e-11   4.156981e-05
1.103000e+02   -2.790077e+01   -0.000000e+00   -0.000000e+00   3.773724e+02   3.800904e-11   4.118029e-05
1.104000e+02   -3.053898e+01   -0.000000e+00   -0.000000e+00   3.789175e+02   3.750061e-11   4.079579e-05
1.105000e+02   -3.336523e+01   -0.000000e+00   -0.000000e+00   3.804650e+02   3.700060e-11   4.041624e-05
1.106000e+02   -3.622762e+01   -0.000000e+00   -0.000000e+00   3.820146e+02   3.650891e-11   4.004158e-05
1.107000e+02   -3.897427e+01   -0.000000e+00   -0.000000e+00   3.835659e+02   3.602543e-11   3.967177e-05
1.108000e+02   -4.153671e+01   -0.000000e+00   -0.000000e+00   3.851185e+02   3.555006e-11   3.930674e-05
1.109000e+02   -4.407951e+01   -0.000000e+00   -0.000000e+00   3.866720e+02   3.508267e-11   3.894644e-05
1.110000e+02   -4.656778e+01   -0.000000e+00   -0.000000e+00   3.882260e+02   3.462317e-11   3.859081e-05
1.111000e+02   -4.894760e+01   -0.000000e+00   -0.000000e+00   3.897802e+02   3.417145e-11   3.823979e-05
1.112000e+02   -5.116505e+01   -0.000000e+00   -0.000000e+00   3.913340e+02   3.372739e-11   3.789333e-05
1.113000e+02   -5.327726e+01   -0.000000e+00   -0.000000e+00   3.928872e+02   3.329089e-11   3.755136e-05
1.114000e+02   -5.553655e+01   -0.000000e+00   -0.000000e+00   3.944394e+02   3.286184e-11   3.721384e-05
1.115000e+02   -5.770788e+01   -0.000000e+00   -0.000000e+00   3.959900e+02   3.244013e-11   3.688071e-05
1.116000e+02   -5.951401e+01   -0.000000e+00   -0.000000e+00   3.975389e+02   3.202565e-11   3.655190e-05
1.117000e+02   -6.067768e+01   -0.000000e+00   -0.000000e+00   3.990855e+02   3.161830e-11   3.622737e-05
1.118000e+02   -6.111212e+01   -0.000000e+00   -0.000000e+00   4.006295e+02   3.121795e-11   3.590705e-05
1.119000e+02   -6.144394e+01   -0.000000e+00   -0.000000e+00   4.021705e+02   3.082452e-11   3.559089e-05
1.120000e+02   -6.175620e+01   -0.000000e+00   -0.000000e+00   4.037080e+02   3.043788e-11   3.527883e-05
1.121000e+02   -6.205485e+01   -0.000000e+00   -0.000000e+00   4.052418e+02   3.005794e-11   3.497081e-05
1.122000e+02   -6.234585e+01   -0.000000e+00   -0.000000e+00   4.067714e+02   2.968458e-11   3.466679e-05
1.123000e+02   -6.261841e+01   -0.000000e+00   -0.000000e+00   4.082964e+02   2.931770e-11   3.436669e-05
1.124000e+02   -6.281867e+01   -0.000000e+00   -0.000000e+00   4.098164e+02   2.895719e-11   3.407047e-05
1.125000e+02   -6.298515e+01   -0.000000e+00   -0.000000e+00   4.113310e+02   2.860296e-11   3.377806e-05
1.126000e+02   -6.316751e+01   -0.000000e+00   -0.000000e+00   4.128399e+02   2.825489e-11   3.348942e-05
1.127000e+02   -6.341539e+01   -0.000000e+00   -0.000000e+00   4.143426e+02   2.791288e-11   3.320448e-05
1.128000e+02   -6.384331e+01   -0.000000e+00   -0.000000e+00   4.158388e+02   2.757684e-11   3.292319e-05
1.129000e+02   -6.475534e+01   -0.000000e+00   -0.000000e+00   4.173280e+02   2.724665e-11   3.264548e-05
1.130000e+02   -6.603675e+01   -0.000000e+00   -0.000000e+00   4.188100e+02   2.692222e-11   3.237131e-05
1.131000e+02   -6.751510e+01   -0.000000e+00   -0.000000e+00   4.202842e+02   2.660345e-11   3.210062e-05
1.132000e+02   -6.901795e+01   -0.000000e+00   -0.000000e+00   4.217502e+02   2.629024e-11   3.183334e-05
1.133000e+02   -7.045450e+01   -0.000000e+00   -0.000000e+00   4.232078e+02   2.598248e-11   3.156943e-05
1.134000e+02   -7.212938e+01   -0.000000e+00   -0.000000e+00   4.246565e+02   2.568009e-11   3.130882e-05
1.135000e+02   -7.391941e+01   -0.000000e+00   -0.000000e+00   4.260959e+02   2.538296e-11   3.105146e-05
1.136000e+02   -7.561835e+01   -0.000000e+00   -0.000000e+00   4.275256e+02   2.509100e-11   3.079729e-05
1.137000e+02   -7.701996e+01   -0.000000e+00   -0.000000e+00   4.289453e+02   2.480412e-11   3.054626e-05
1.138000e+02   -7.798575e+01   -0.000000e+00   -0.000000e+00   4.303544e+02   2.452221e-11   3.029830e-05
1.139000e+02   -7.883347e+01   -0.000000e+00   -0.000000e+00   4.317528e+02   2.424520e-11   3.005337e-05
1.140000e+02   -7.959968e+01   -0.000000e+00   -0.000000e+00   4.331398e+02   2.397297e-11   2.981140e-05
1.141000e+02   -8.024013e+01   -0.000000e+00   -0.000000e+00   4.345153e+02   2.370546e-11   2.957234e-05
1.142000e+02   -8.071058e+01   -0.000000e+00   -0.000000e+00   4.358787e+02   2.344255e-11   2.933613e-05
1.143000e+02   -8.098443e+01   -0.000000e+00   -0.000000e+00   4.372296e+02   2.318417e-11   2.910271e-05
1.144000e+02   -8.117321e+01   -0.000000e+00   -0.000000e+00   4.385678e+02   2.293022e-11   2.887203e-05
1.145000e+02   -8.130635e+01   -0.000000e+00   -0.000000e+00   4.398927e+02   2.268062e-11   2.864403e-05
1.146000e+02   -8.138555e+01   -0.000000e+00   -0.000000e+00   4.412041e+02   2.243529e-11   2.841866e-05
1.147000e+02   -8.141252e+01   -0.000000e+00   -0.000000e+00   4.425014e+02   2.219413e-11   2.819585e-05
1.148000e+02   -8.126410e+01   -0.000000e+00   -0.000000e+00   4.437844e+02   2.195706e-11   2.797555e-05
1.149000e+02   -7.995121e+01   -0.000000e+00   -0.000000e+00   4.450526e+02   2.172400e-11   2.775770e-05
1.150000e+02   -7.766724e+01   -0.000000e+00   -0.000000e+00   4.463056e+02   2.149486e-11   2.754225e-05
1.151000e+02   -7.491676e+01   -0.000000e+00   -0.000000e+00   4.475431e+02   2.126957e-11   2.732913e-05
1.152000e+02   -7.220428e+01   -0.000000e+00   -0.000000e+00   4.487646e+02   2.104803e-11   2.711830e-05
1.153000e+02   -6.995048e+01   -0.000000e+00   -0.000000e+00   4.499697e+02   2.083018e-11   2.690970e-05
1.154000e+02   -6.765634e+01   -0.000000e+00   -0.000000e+00   4.511582e+02   2.061594e-11   2.670326e-05
1.155000e+02   -6.530669e+01   -0.000000e+00   -0.000000e+00   4.523296e+02   2.040521e-11   2.649894e-05
1.156000e+02   -6.311789e+01   -0.000000e+00   -0.000000e+00   4.534844e+02   2.019793e-11   2.629672e-05
1.157000e+02   -6.130639e+01   -0.000000e+00   -0.000000e+00   4.546229e+02   1.999400e-11   2.609657e-05
1.158000e+02   -6.005748e+01   -0.000000e+00   -0.000000e+00   4.557455e+02   1.979336e-11   2.589848e-05
1.159000e+02   -5.910367e+01   -0.000000e+00   -0.000000e+00   4.568527e+02   1.959592e-11   2.570243e-05
1.160000e+02   -5.829100e+01   -0.000000e+00   -0.000000e+00   4.579448e+02   1.940161e-11   2.550840e-05
1.161000e+02   -5.757054e+01   -0.000000e+00   -0.000000e+00   4.590223e+02   1.921035e-11   2.531637e-05
1.162000e+02   -5.689336e+01   -0.000000e+00   -0.000000e+00   4.600855e+02   1.902208e-11   2.512632e-05
1.163000e+02   -5.620676e+01   -0.000000e+00   -0.000000e+00   4.611349e+02   1.883672e-11   2.493823e-05
1.164000e+02   -5.544306e+01   -0.000000e+00   -0.000000e+00   4.621709e+02   1.865422e-11   2.475210e-05
1.165000e+02   -5.466662e+01   -0.000000e+00   -0.000000e+00   4.631939e+02   1.847449e-11   2.456788e-05
1.166000e+02   -5.397438e+01   -0.000000e+00   -0.000000e+00   4.642043e+02   1.829749e-11   2.438558e-05
1.167000e+02   -5.346326e+01   -0.000000e+00   -0.000000e+00   4.652026e+02   1.812315e-11   2.420517e-05
1.168000e+02   -5.324103e+01   -0.000000e+00   -0.000000e+00   4.661890e+02   1.795140e-11   2.402663e-05
1.169000e+02   -5.353382e+01   -0.000000e+00   -0.000000e+00   4.671641e+02   1.778220e-11   2.384993e-05
1.170000e+02   -5.423948e+01   -0.000000e+00   -0.000000e+00   4.681282e+02   1.761547e-11   2.367508e-05
1.171000e+02   -5.514633e+01   -0.000000e+00   -0.000000e+00   4.690817e+02   1.745117e-11   2.350204e-05
1.172000e+02   -5.604268e+01   -0.000000e+00   -0.000000e+00   4.700252e+02   1.728924e-11   2.333079e-05
1.173000e+02   -5.673149e+01   -0.000000e+00   -0.000000e+00   4.709588e+02   1.712963e-11   2.316132e-05
1.174000e+02   -5.739339e+01   -0.000000e+00   -0.000000e+00   4.718832e+02   1.697229e-11   2.299361e-05
1.175000e+02   -5.807352e+01   -0.000000e+00   -0.000000e+00   4.727986e+02   1.681715e-11   2.282764e-05
1.176000e+02   -5.867000e+01   -0.000000e+00   -0.000000e+00   4.737056e+02   1.666419e-11   2.266340e-05
1.177000e+02   -5.908097e+01   -0.000000e+00   -0.000000e+00   4.746044e+02   1.651334e-11   2.250085e-05
1.178000e+02   -5.920893e+01   -0.000000e+00   -0.000000e+00   4.754955e+02   1.636455e-11   2.233999e-05
1.179000e+02   -5.913594e+01   -0.000000e+00   -0.000000e+00   4.763794e+02   1.621779e-11   2.218080e-05
1.180000e+02   -5.897568e+01   -0.000000e+00   -0.000000e+00   4.772564e+02   1.607301e-11   2.202325e-05
1.181000e+02   -5.878890e+01   -0.000000e+00   -0.000000e+00   4.781269e+02   1.593016e-11   2.186733e-05
1.182000e+02   -5.863639e+01   -0.000000e+00   -0.000000e+00   4.789914e+02   1.578920e-11   2.171302e-05
1.183000e+02   -5.858889e+01   -0.000000e+00   -0.000000e+00   4.798502e+02   1.565009e-11   2.156030e-05
1.184000e+02   -5.907326e+01   -0.000000e+00   -0.000000e+00   4.807038e+02   1.551278e-11   2.140916e-05
1.185000e+02   -6.003755e+01   -0.000000e+00   -0.000000e+00   4.815526e+02   1.537724e-11   2.125957e-05
1.186000e+02   -6.113296e+01   -0.000000e+00   -0.000000e+00   4.823970e+02   1.524342e-11   2.111151e-05
1.187000e+02   -6.201066e+01   -0.000000e+00   -0.000000e+00   4.832373e+02   1.511129e-11   2.096497e-05
1.188000e+02   -6.232942e+01   -0.000000e+00   -0.000000e+00   4.840740e+02   1.498080e-11   2.081993e-05
1.189000e+02   -6.233286e+01   -0.000000e+00   -0.000000e+00   4.849076e+02   1.485193e-11   2.067637e-05
1.190000e+02   -6.227540e+01   -0.000000e+00   -0.000000e+00   4.857383e+02   1.472463e-11   2.053426e-05
1.191000e+02   -6.213309e+01   -0.000000e+00   -0.000000e+00   4.865667e+02   1.459887e-11   2.039360e-05
1.192000e+02   -6.188196e+01   -0.000000e+00   -0.000000e+00   4.873932e+02   1.447461e-11   2.025437e-05
1.193000e+02   -6.149827e+01   -0.000000e+00   -0.000000e+00   4.882180e+02   1.435182e-11   2.011654e-05
1.194000e+02   -6.098977e+01   -0.000000e+00   -0.000000e+00   4.890417e+02   1.423047e-11   1.998009e-05
1.195000e+02   -6.038675e+01   -0.000000e+00   -0.000000e+00   4.898647e+02   1.411051e-11   1.984501e-05
1.196000e+02   -5.970998e+01   -0.000000e+00   -0.000000e+00   4.906874e+02   1.399193e-11   1.971128e-05
1.197000e+02   -5.898021e+01   -0.000000e+00   -0.000000e+00   4.915101e+02   1.387468e-11   1.957888e-05
1.198000e+02   -5.821766e+01   -0.000000e+00   -0.000000e+00   4.923333e+02   1.375874e-11   1.944779e-05
1.199000e+02   -5.731099e+01   -0.000000e+00   -0.000000e+00   4.931574e+02   1.364408e-11   1.931800e-05
1.200000e+02   -5.621618e+01   -0.000000e+00   -0.000000e+00   4.939829e+02   1.353066e-11   1.918948e-05
1.201000e+02   -5.500702e+01   -0.000000e+00   -0.000000e+00   4.948100e+02   1.341845e-11   1.906221e-05
1.202000e+02   -5.375731e+01   -0.000000e+00   -0.000000e+00   4.956392e+02   1.330744e-11   1.893618e-05
1.203000e+02   -5.254076e+01   -0.000000e+00   -0.000000e+00   4.964710e+02   1.319758e-11   1.881137e-05
1.204000e+02   -5.135329e+01   -0.000000e+00   -0.000000e+00   4.973058e+02   1.308885e-11   1.868776e-05
1.205000e+02   -5.014768e+01   -0.000000e+00   -0.000000e+00   4.981439e+02   1.298122e-11   1.856533e-05
1.206000e+02   -4.892124e+01   -0.000000e+00   -0.000000e+00   4.989857e+02   1.287467e-11   1.844406e-05
1.207000e+02   -4.767124e+01   -0.000000e+00   -0.000000e+00   4.998317e+02   1.276917e-11   1.832394e-05
1.208000e+02   -4.639499e+01   -0.000000e+00   -0.000000e+00   5.006823e+02   1.266469e-11   1.820494e-05
1.209000e+02   -4.509948e+01   -0.000000e+00   -0.000000e+00   5.015379e+02   1.256121e-11   1.808704e-05
1.210000e+02   -4.378548e+01   -0.000000e+00   -0.000000e+00   5.023988e+02   1.245870e-11   1.797024e-05
1.211000e+02   -4.244100e+01   -0.000000e+00   -0.000000e+00   5.032656e+02   1.235714e-11   1.785450e-05
1.212000e+02   -4.105402e+01   -0.000000e+00   -0.000000e+00   5.041386e+02   1.225651e-11   1.773981e-05
1.213000e+02   -3.961255e+01   -0.000000e+00   -0.000000e+00   5.050182e+02   1.215677e-11   1.762616e-05
1.214000e+02   -3.796667e+01   -0.000000e+00   -0.000000e+00   5.059048e+02   1.205792e-11   1.751352e-05
1.215000e+02   -3.610073e+01   -0.000000e+00   -0.000000e+00   5.067989e+02   1.195991e-11   1.740187e-05
1.216000e+02   -3.424057e+01   -0.000000e+00   -0.000000e+00   5.077008e+02   1.186274e-11   1.729120e-05
1.217000e+02   -3.261221e+01   -0.000000e+00   -0.000000e+00   5.086110e+02   1.176637e-11   1.718149e-05
1.218000e+02   -3.144168e+01   -0.000000e+00   -0.000000e+00   5.095298e+02   1.167080e-11   1.707271e-05
1.219000e+02   -3.066800e+01   -0.000000e+00   -0.000000e+00   5.104577e+02   1.157599e-11   1.696485e-05
1.220000e+02   -2.997586e+01   -0.000000e+00   -0.000000e+00   5.113951e+02   1.148192e-11   1.685790e-05
1.221000e+02   -2.931574e+01   -0.000000e+00   -0.000000e+00   5.123424e+02   1.138858e-11   1.675183e-05
1.222000e+02   -2.863943e+01   -0.000000e+00   -0.000000e+00   5.133000e+02   1.129594e-11   1.664662e-05
1.223000e+02   -2.789869e+01   -0.000000e+00   -0.000000e+00   5.142683e+02   1.120399e-11   1.654226e-05
1.224000e+02   -2.690723e+01   -0.000000e+00   -0.000000e+00   5.152477e+02   1.111270e-11   1.643872e-05
1.225000e+02   -2.558634e+01   -0.000000e+00   -0.000000e+00   5.162387e+02   1.102206e-11   1.633599e-05
1.226000e+02   -2.416924e+01   -0.000000e+00   -0.000000e+00   5.172416e+02   1.093204e-11   1.623405e-05
1.227000e+02   -2.289128e+01   -0.000000e+00   -0.000000e+00   5.182568e+02   1.084263e-11   1.613289e-05
1.228000e+02   -2.198770e+01   -0.000000e+00   -0.000000e+00   5.192843e+02   1.075383e-11   1.603248e-05
1.229000e+02   -2.145540e+01   -0.000000e+00   -0.000000e+00   5.203240e+02   1.066564e-11   1.593283e-05
1.230000e+02   -2.099306e+01   -0.000000e+00   -0.000000e+00   5.213755e+02   1.057806e-11   1.583394e-05
1.231000e+02   -2.057952e+01   -0.000000e+00   -0.000000e+00   5.224388e+02   1.049109e-11   1.573579e-05
1.232000e+02   -2.019852e+01   -0.000000e+00   -0.000000e+00   5.235136e+02   1.040475e-11   1.563839e-05
1.233000e+02   -1.983379e+01   -0.000000e+00   -0.000000e+00   5.245997e+02   1.031903e-11   1.554173e-05
1.234000e+02   -1.955239e+01   -0.000000e+00   -0.000000e+00   5.256968e+02   1.023394e-11   1.544580e-05
1.235000e+02   -1.943328e+01   -0.000000e+00   -0.000000e+00   5.268049e+02   1.014947e-11   1.535060e-05
1.236000e+02   -1.936030e+01   -0.000000e+00   -0.000000e+00   5.279236e+02   1.006563e-11   1.525613e-05
1.237000e+02   -1.921350e+01   -0.000000e+00   -0.000000e+00   5.290528e+02   9.982429e-12   1.516239e-05
1.238000e+02   -1.887290e+01   -0.000000e+00   -0.000000e+00   5.301922e+02   9.899861e-12   1.506936e-05
1.239000e+02   -1.806717e+01   -0.000000e+00   -0.000000e+00   5.313417e+02   9.817928e-12   1.497704e-05
1.240000e+02   -1.659746e+01   -0.000000e+00   -0.000000e+00   5.325010e+02   9.736633e-12   1.488544e-05
1.241000e+02   -1.476353e+01   -0.000000e+00   -0.000000e+00   5.336700e+02   9.655978e-12   1.479454e-05
1.242000e+02   -1.287750e+01   -0.000000e+00   -0.000000e+00   5.348483e+02   9.575962e-12   1.470434e-05
1.243000e+02   -1.125148e+01   -0.000000e+00   -0.000000e+00   5.360359e+02   9.496587e-12   1.461483e-05
1.244000e+02   -1.002071e+01   -0.000000e+00   -0.000000e+00   5.372325e+02   9.417854e-12   1.452602e-05
1.245000e+02   -8.905673e+00   -0.000000e+00   -0.000000e+00   5.384379e+02   9.339763e-12   1.443789e-05
1.246000e+02   -7.853477e+00   -0.000000e+00   -0.000000e+00   5.396519e+02   9.262313e-12   1.435045e-05
1.247000e+02   -6.824412e+00   -0.000000e+00   -0.000000e+00   5.408743e+02   9.185506e-12   1.426369e-05
1.248000e+02   -5.778770e+00   -0.000000e+00   -0.000000e+00   5.421049e+02   9.109342e-12   1.417760e-05
1.249000e+02   -4.697582e+00   -0.000000e+00   -0.000000e+00   5.433434e+02   9.033819e-12   1.409218e-05
1.250000e+02   -3.614400e+00   -0.000000e+00   -0.000000e+00   5.445897e+02   8.958938e-12   1.400742e-05
1.251000e+02   -2.530962e+00   -0.000000e+00   -0.000000e+00   5.458435e+02   8.884697e-12   1.392333e-05
1.252000e+02   -1.446723e+00   -0.000000e+00   -0.000000e+00   5.471047e+02   8.811097e-12   1.383989e-05
1.253000e+02   -3.611413e-01   -0.000000e+00   -0.000000e+00   5.483730e+02   8.738135e-12   1.375711e-05
1.254000e+02   7.745857e-01   -0.000000e+00   -0.000000e+00   5.496483e+02   8.665812e-12   1.367497e-05
1.255000e+02   2.034568e+00   -0.000000e+00   -0.000000e+00   5.509303e+02   8.594126e-12   1.359348e-05
1.256000e+02   3.292653e+00   -0.000000e+00   -0.000000e+00   5.522188e+02   8.523075e-12   1.351263e-05
1.257000e+02   4.411761e+00   -0.000000e+00   -0.000000e+00   5.535136e+02   8.452658e-12   1.343241e-05
1.258000e+02   5.254810e+00   -0.000000e+00   -0.000000e+00   5.548145e+02   8.382873e-12   1.335282e-05
1.259000e+02   5.782400e+00   -0.000000e+00   -0.000000e+00   5.561213e+02   8.313719e-12   1.327386e-05
1.260000e+02   6.242691e+00   -0.000000e+00   -0.000000e+00   5.574337e+02   8.245194e-12   1.319552e-05
1.261000e+02   6.666716e+00   -0.000000e+00   -0.000000e+00   5.587517e+02   8.177295e-12   1.311780e-05
1.262000e+02   7.063801e+00   -0.000000e+00   -0.000000e+00   5.600749e+02   8.110021e-12   1.304069e-05
1.263000e+02   7.443269e+00   -0.000000e+00   -0.000000e+00   5.614032e+02   8.043369e-12   1.296418e-05
1.264000e+02   7.794262e+00   -0.000000e+00   -0.000000e+00   5.627363e+02   7.977336e-12   1.288829e-05
1.265000e+02   8.059612e+00   -0.000000e+00   -0.000000e+00   5.640741e+02   7.911921e-12   1.281299e-05
1.266000e+02   8.257706e+00   -0.000000e+00   -0.000000e+00   5.654163e+02   7.847121e-12   1.273829e-05
1.267000e+02   8.414058e+00   -0.000000e+00   -0.000000e+00   5.667628e+02   7.782933e-12   1.266418e-05
1.268000e+02   8.554185e+00   -0.000000e+00   -0.000000e+00   5.681132e+02   7.719354e-12   1.259065e-05
1.269000e+02   8.684791e+00   -0.000000e+00   -0.000000e+00   5.694675e+02   7.656382e-12   1.251771e-05
1.270000e+02   8.756700e+00   -0.000000e+00   -0.000000e+00   5.708254e+02   7.594013e-12   1.244535e-05
1.271000e+02   8.793077e+00   -0.000000e+00   -0.000000e+00   5.721867e+02   7.532245e-12   1.237356e-05
1.272000e+02   8.825614e+00   -0.000000e+00   -0.000000e+00   5.735511e+02   7.471074e-12   1.230233e-05
1.273000e+02   8.886002e+00   -0.000000e+00   -0.000000e+00   5.749186e+02   7.410497e-12   1.223168e-05
1.274000e+02   8.988820e+00   -0.000000e+00   -0.000000e+00   5.762888e+02   7.350510e-12   1.216158e-05
1.275000e+02   9.084984e+00   -0.000000e+00   -0.000000e+00   5.776616e+02   7.291112e-12   1.209204e-05
1.276000e+02   9.193068e+00   -0.000000e+00   -0.000000e+00   5.790368e+02   7.232297e-12   1.202305e-05
1.277000e+02   9.341553e+00   -0.000000e+00   -0.000000e+00   5.804141e+02   7.174063e-12   1.195461e-05
1.278000e+02   9.558922e+00   -0.000000e+00   -0.000000e+00   5.817933e+02   7.116406e-12   1.188671e-05
1.279000e+02   9.866427e+00   -0.000000e+00   -0.000000e+00   5.831743e+02   7.059322e-12   1.181935e-05
1.280000e+02   1.023166e+01   -0.000000e+00   -0.000000e+00   5.845568e+02   7.002808e-12   1.175253e-05
1.281000e+02   1.062143e+01   -0.000000e+00   -0.000000e+00   5.859407e+02   6.946860e-12   1.168623e-05
1.282000e+02   1.100597e+01   -0.000000e+00   -0.000000e+00   5.873256e+02   6.891474e-12   1.162046e-05
1.283000e+02   1.135552e+01   -0.000000e+00   -0.000000e+00   5.887115e+02   6.836646e-12   1.155521e-05
1.284000e+02   1.162068e+01   -0.000000e+00   -0.000000e+00   5.900980e+02   6.782373e-12   1.149048e-05
1.285000e+02   1.169572e+01   -0.000000e+00   -0.000000e+00   5.914850e+02   6.728651e-12   1.142626e-05
1.286000e+02   1.163782e+01   -0.000000e+00   -0.000000e+00   5.928724e+02   6.675475e-12   1.136255e-05
1.287000e+02   1.152843e+01   -0.000000e+00   -0.000000e+00   5.942597e+02   6.622841e-12   1.129934e-05
1.288000e+02   1.144901e+01   -0.000000e+00   -0.000000e+00   5.956470e+02   6.570746e-12   1.123663e-05
1.289000e+02   1.145081e+01   -0.000000e+00   -0.000000e+00   5.970339e+02   6.519186e-12   1.117441e-05
1.290000e+02   1.140770e+01   -0.000000e+00   -0.000000e+00   5.984203e+02   6.468156e-12   1.111269e-05
1.291000e+02   1.136165e+01   -0.000000e+00   -0.000000e+00   5.998059e+02   6.417652e-12   1.105145e-05
1.292000e+02   1.139407e+01   -0.000000e+00   -0.000000e+00   6.011905e+02   6.367671e-12   1.099069e-05
1.293000e+02   1.158637e+01   -0.000000e+00   -0.000000e+00   6.025740e+02   6.318207e-12   1.093041e-05
1.294000e+02   1.199488e+01   -0.000000e+00   -0.000000e+00   6.039561e+02   6.269257e-12   1.087061e-05
1.295000e+02   1.246906e+01   -0.000000e+00   -0.000000e+00   6.053365e+02   6.220816e-12   1.081127e-05
1.296000e+02   1.295674e+01   -0.000000e+00   -0.000000e+00   6.067152e+02   6.172881e-12   1.075239e-05
1.297000e+02   1.344348e+01   -0.000000e+00   -0.000000e+00   6.080919e+02   6.125446e-12   1.069398e-05
1.298000e+02   1.391485e+01   -0.000000e+00   -0.000000e+00   6.094664e+02   6.078508e-12   1.063602e-05
1.299000e+02   1.435669e+01   -0.000000e+00   -0.000000e+00   6.108385e+02   6.032062e-12   1.057851e-05
1.300000e+02   1.476410e+01   -0.000000e+00   -0.000000e+00   6.122079e+02   5.986105e-12   1.052145e-05
