#% 0, Z0, m, 0.0
#% 1, Z, km
#% 2, U, m/s
#% 3, V, m/s
#% 4, W, m/s
#% 5, T, degK
#% 6, RHO, g/cm3
#% 7, P, mbar
0.000000e+00   -9.646320e-01   -0.000000e+00   -0.000000e+00   2.715024e+02   1.251327e-03   9.753869e+02
1.000000e-01   -1.009784e+00   -0.000000e+00   -0.000000e+00   2.705467e+02   1.240040e-03   9.631863e+02
2.000000e-01   -1.004237e+00   -0.000000e+00   -0.000000e+00   2.696001e+02   1.228823e-03   9.511343e+02
3.000000e-01   -9.883081e-01   -0.000000e+00   -0.000000e+00   2.686658e+02   1.217644e-03   9.392149e+02
4.000000e-01   -9.929063e-01   -0.000000e+00   -0.000000e+00   2.677489e+02   1.206462e-03   9.274142e+02
5.000000e-01   -1.011966e+00   -0.000000e+00   -0.000000e+00   2.668614e+02   1.195219e-03   9.157265e+02
6.000000e-01   -1.047206e+00   -0.000000e+00   -0.000000e+00   2.659896e+02   1.183977e-03   9.041495e+02
7.000000e-01   -1.088059e+00   -0.000000e+00   -0.000000e+00   2.651179e+02   1.172804e-03   8.926818e+02
8.000000e-01   -1.113883e+00   -0.000000e+00   -0.000000e+00   2.642383e+02   1.161733e-03   8.813221e+02
9.000000e-01   -1.121067e+00   -0.000000e+00   -0.000000e+00   2.633728e+02   1.150669e-03   8.700694e+02
1.000000e+00   -1.099404e+00   -0.000000e+00   -0.000000e+00   2.626723e+02   1.138962e-03   8.589264e+02
1.100000e+00   -1.069620e+00   -0.000000e+00   -0.000000e+00   2.621038e+02   1.126777e-03   8.478982e+02
1.200000e+00   -1.031983e+00   -0.000000e+00   -0.000000e+00   2.615726e+02   1.114540e-03   8.369896e+02
1.300000e+00   -9.414572e-01   -0.000000e+00   -0.000000e+00   2.610614e+02   1.102328e-03   8.262017e+02
1.400000e+00   -7.852642e-01   -0.000000e+00   -0.000000e+00   2.605192e+02   1.090356e-03   8.155311e+02
1.500000e+00   -5.539705e-01   -0.000000e+00   -0.000000e+00   2.599866e+02   1.078448e-03   8.049748e+02
1.600000e+00   -2.270821e-01   -0.000000e+00   -0.000000e+00   2.595410e+02   1.066284e-03   7.945319e+02
1.700000e+00   2.026558e-01   -0.000000e+00   -0.000000e+00   2.592251e+02   1.053705e-03   7.842029e+02
1.800000e+00   6.992189e-01   0.000000e+00   0.000000e+00   2.590208e+02   1.040800e-03   7.739883e+02
1.900000e+00   1.215517e+00   0.000000e+00   0.000000e+00   2.588788e+02   1.027782e-03   7.638884e+02
2.000000e+00   1.702275e+00   0.000000e+00   0.000000e+00   2.587447e+02   1.014875e-03   7.539042e+02
2.100000e+00   2.077220e+00   0.000000e+00   0.000000e+00   2.585603e+02   1.002307e-03   7.440375e+02
2.200000e+00   2.293712e+00   0.000000e+00   0.000000e+00   2.582856e+02   9.902271e-04   7.342895e+02
2.300000e+00   2.410667e+00   0.000000e+00   0.000000e+00   2.579198e+02   9.786282e-04   7.246608e+02
2.400000e+00   2.492356e+00   0.000000e+00   0.000000e+00   2.574702e+02   9.674730e-04   7.151516e+02
2.500000e+00   2.617727e+00   0.000000e+00   0.000000e+00   2.569699e+02   9.566276e-04   7.057608e+02
2.600000e+00   2.898529e+00   0.000000e+00   0.000000e+00   2.564669e+02   9.459080e-04   6.964862e+02
2.700000e+00   3.367315e+00   0.000000e+00   0.000000e+00   2.559954e+02   9.351857e-04   6.873254e+02
2.800000e+00   3.924566e+00   0.000000e+00   0.000000e+00   2.555536e+02   9.244677e-04   6.782754e+02
2.900000e+00   4.466614e+00   0.000000e+00   0.000000e+00   2.551333e+02   9.137822e-04   6.693331e+02
3.000000e+00   4.891167e+00   0.000000e+00   0.000000e+00   2.547245e+02   9.031653e-04   6.604962e+02
3.100000e+00   5.155622e+00   0.000000e+00   0.000000e+00   2.543148e+02   8.926604e-04   6.517639e+02
3.200000e+00   5.359776e+00   0.000000e+00   0.000000e+00   2.538917e+02   8.823101e-04   6.431350e+02
3.300000e+00   5.551890e+00   0.000000e+00   0.000000e+00   2.534479e+02   8.721374e-04   6.346087e+02
3.400000e+00   5.768369e+00   0.000000e+00   0.000000e+00   2.529942e+02   8.621030e-04   6.261841e+02
3.500000e+00   6.043547e+00   0.000000e+00   0.000000e+00   2.525454e+02   8.521550e-04   6.178604e+02
3.600000e+00   6.379357e+00   0.000000e+00   0.000000e+00   2.521164e+02   8.422437e-04   6.096369e+02
3.700000e+00   6.723625e+00   0.000000e+00   0.000000e+00   2.517209e+02   8.323256e-04   6.015127e+02
3.800000e+00   7.091103e+00   0.000000e+00   0.000000e+00   2.513581e+02   8.224037e-04   5.934859e+02
3.900000e+00   7.502966e+00   0.000000e+00   0.000000e+00   2.510195e+02   8.125068e-04   5.855539e+02
4.000000e+00   7.980430e+00   0.000000e+00   0.000000e+00   2.506961e+02   8.026628e-04   5.777142e+02
4.100000e+00   8.581439e+00   0.000000e+00   0.000000e+00   2.503790e+02   7.928981e-04   5.699643e+02
4.200000e+00   9.362976e+00   0.000000e+00   0.000000e+00   2.500641e+02   7.832237e-04   5.623019e+02
4.300000e+00   1.022708e+01   0.000000e+00   0.000000e+00   2.497600e+02   7.736116e-04   5.547255e+02
4.400000e+00   1.106777e+01   0.000000e+00   0.000000e+00   2.494775e+02   7.640280e-04   5.472340e+02
4.500000e+00   1.177904e+01   0.000000e+00   0.000000e+00   2.492276e+02   7.544410e-04   5.398259e+02
4.600000e+00   1.231408e+01   0.000000e+00   0.000000e+00   2.490208e+02   7.448206e-04   5.325001e+02
4.700000e+00   1.279109e+01   0.000000e+00   0.000000e+00   2.488543e+02   7.351794e-04   5.252557e+02
4.800000e+00   1.322792e+01   0.000000e+00   0.000000e+00   2.487018e+02   7.255983e-04   5.180928e+02
4.900000e+00   1.363424e+01   0.000000e+00   0.000000e+00   2.485352e+02   7.161611e-04   5.110118e+02
5.000000e+00   1.401968e+01   0.000000e+00   0.000000e+00   2.483260e+02   7.069472e-04   5.040128e+02
5.100000e+00   1.437706e+01   0.000000e+00   0.000000e+00   2.480461e+02   6.980324e-04   4.970960e+02
5.200000e+00   1.467246e+01   0.000000e+00   0.000000e+00   2.476765e+02   6.894626e-04   4.902617e+02
5.300000e+00   1.492906e+01   0.000000e+00   0.000000e+00   2.472203e+02   6.812224e-04   4.835099e+02
5.400000e+00   1.517326e+01   0.000000e+00   0.000000e+00   2.466832e+02   6.732885e-04   4.768405e+02
5.500000e+00   1.543150e+01   0.000000e+00   0.000000e+00   2.460712e+02   6.656394e-04   4.702537e+02
5.600000e+00   1.572379e+01   0.000000e+00   0.000000e+00   2.453903e+02   6.582543e-04   4.637494e+02
5.700000e+00   1.602267e+01   0.000000e+00   0.000000e+00   2.446472e+02   6.511107e-04   4.573277e+02
5.800000e+00   1.629008e+01   0.000000e+00   0.000000e+00   2.438568e+02   6.441647e-04   4.509870e+02
5.900000e+00   1.649142e+01   0.000000e+00   0.000000e+00   2.430380e+02   6.373614e-04   4.447257e+02
6.000000e+00   1.659215e+01   0.000000e+00   0.000000e+00   2.422099e+02   6.306476e-04   4.385418e+02
6.100000e+00   1.654208e+01   0.000000e+00   0.000000e+00   2.413915e+02   6.239716e-04   4.324334e+02
6.200000e+00   1.628913e+01   0.000000e+00   0.000000e+00   2.406019e+02   6.172829e-04   4.263985e+02
6.300000e+00   1.590058e+01   0.000000e+00   0.000000e+00   2.398564e+02   6.105421e-04   4.204354e+02
6.400000e+00   1.546650e+01   0.000000e+00   0.000000e+00   2.391496e+02   6.037635e-04   4.145423e+02
6.500000e+00   1.508144e+01   0.000000e+00   0.000000e+00   2.384690e+02   5.969789e-04   4.087174e+02
6.600000e+00   1.480733e+01   0.000000e+00   0.000000e+00   2.378021e+02   5.902190e-04   4.029593e+02
6.700000e+00   1.455603e+01   0.000000e+00   0.000000e+00   2.371364e+02   5.835135e-04   3.972660e+02
6.800000e+00   1.432907e+01   0.000000e+00   0.000000e+00   2.364594e+02   5.768909e-04   3.916361e+02
6.900000e+00   1.414378e+01   0.000000e+00   0.000000e+00   2.357592e+02   5.703776e-04   3.860677e+02
7.000000e+00   1.400389e+01   0.000000e+00   0.000000e+00   2.350331e+02   5.639773e-04   3.805598e+02
7.100000e+00   1.397620e+01   0.000000e+00   0.000000e+00   2.342853e+02   5.576776e-04   3.751117e+02
7.200000e+00   1.435410e+01   0.000000e+00   0.000000e+00   2.335205e+02   5.514657e-04   3.697224e+02
7.300000e+00   1.497067e+01   0.000000e+00   0.000000e+00   2.327432e+02   5.453292e-04   3.643913e+02
7.400000e+00   1.559436e+01   0.000000e+00   0.000000e+00   2.319579e+02   5.392562e-04   3.591177e+02
7.500000e+00   1.599364e+01   0.000000e+00   0.000000e+00   2.311694e+02   5.332351e-04   3.539006e+02
7.600000e+00   1.594126e+01   0.000000e+00   0.000000e+00   2.303819e+02   5.272546e-04   3.487395e+02
7.700000e+00   1.540825e+01   0.000000e+00   0.000000e+00   2.295996e+02   5.213063e-04   3.436343e+02
7.800000e+00   1.462127e+01   0.000000e+00   0.000000e+00   2.288262e+02   5.153824e-04   3.385851e+02
7.900000e+00   1.382268e+01   0.000000e+00   0.000000e+00   2.280655e+02   5.094759e-04   3.335920e+02
8.000000e+00   1.325482e+01   0.000000e+00   0.000000e+00   2.273213e+02   5.035796e-04   3.286553e+02
8.100000e+00   1.309625e+01   0.000000e+00   0.000000e+00   2.265972e+02   4.976870e-04   3.237750e+02
8.200000e+00   1.305629e+01   0.000000e+00   0.000000e+00   2.258972e+02   4.917916e-04   3.189513e+02
8.300000e+00   1.304381e+01   0.000000e+00   0.000000e+00   2.252249e+02   4.858875e-04   3.141844e+02
8.400000e+00   1.303857e+01   0.000000e+00   0.000000e+00   2.245842e+02   4.799690e-04   3.094744e+02
8.500000e+00   1.302142e+01   0.000000e+00   0.000000e+00   2.239776e+02   4.740334e-04   3.048217e+02
8.600000e+00   1.298542e+01   0.000000e+00   0.000000e+00   2.234054e+02   4.680836e-04   3.002268e+02
8.700000e+00   1.298461e+01   0.000000e+00   0.000000e+00   2.228675e+02   4.621235e-04   2.956904e+02
8.800000e+00   1.299399e+01   0.000000e+00   0.000000e+00   2.223640e+02   4.561568e-04   2.912132e+02
8.900000e+00   1.296989e+01   0.000000e+00   0.000000e+00   2.218949e+02   4.501871e-04   2.867958e+02
9.000000e+00   1.286860e+01   0.000000e+00   0.000000e+00   2.214600e+02   4.442185e-04   2.824388e+02
9.100000e+00   1.263538e+01   0.000000e+00   0.000000e+00   2.210595e+02   4.382546e-04   2.781429e+02
9.200000e+00   1.217755e+01   0.000000e+00   0.000000e+00   2.206933e+02   4.322993e-04   2.739088e+02
9.300000e+00   1.158011e+01   0.000000e+00   0.000000e+00   2.203613e+02   4.263566e-04   2.697371e+02
9.400000e+00   1.096277e+01   0.000000e+00   0.000000e+00   2.200636e+02   4.204303e-04   2.656285e+02
9.500000e+00   1.044526e+01   0.000000e+00   0.000000e+00   2.198008e+02   4.145229e-04   2.615834e+02
9.600000e+00   1.013512e+01   0.000000e+00   0.000000e+00   2.195764e+02   4.086302e-04   2.576015e+02
9.700000e+00   9.968972e+00   0.000000e+00   0.000000e+00   2.193948e+02   4.027462e-04   2.536823e+02
9.800000e+00   9.880296e+00   0.000000e+00   0.000000e+00   2.192606e+02   3.968653e-04   2.498252e+02
9.900000e+00   9.828335e+00   0.000000e+00   0.000000e+00   2.191783e+02   3.909825e-04   2.460295e+02
1.000000e+01   9.772330e+00   0.000000e+00   0.000000e+00   2.191522e+02   3.850933e-04   2.422948e+02
1.010000e+01   9.678254e+00   0.000000e+00   0.000000e+00   2.191869e+02   3.791934e-04   2.386205e+02
1.020000e+01   9.596996e+00   0.000000e+00   0.000000e+00   2.192868e+02   3.732794e-04   2.350059e+02
1.030000e+01   9.527599e+00   0.000000e+00   0.000000e+00   2.194564e+02   3.673480e-04   2.314506e+02
1.040000e+01   9.443204e+00   0.000000e+00   0.000000e+00   2.197001e+02   3.613968e-04   2.279539e+02
1.050000e+01   9.316949e+00   0.000000e+00   0.000000e+00   2.200223e+02   3.554241e-04   2.245152e+02
1.060000e+01   9.123830e+00   0.000000e+00   0.000000e+00   2.204191e+02   3.494408e-04   2.211338e+02
1.070000e+01   8.879923e+00   0.000000e+00   0.000000e+00   2.208783e+02   3.434706e-04   2.178086e+02
1.080000e+01   8.610472e+00   0.000000e+00   0.000000e+00   2.213871e+02   3.375364e-04   2.145386e+02
1.090000e+01   8.333999e+00   0.000000e+00   0.000000e+00   2.219327e+02   3.316593e-04   2.113225e+02
1.100000e+01   8.069027e+00   0.000000e+00   0.000000e+00   2.225021e+02   3.258588e-04   2.081594e+02
1.110000e+01   7.833618e+00   0.000000e+00   0.000000e+00   2.230827e+02   3.201530e-04   2.050481e+02
1.120000e+01   7.629475e+00   0.000000e+00   0.000000e+00   2.236616e+02   3.145583e-04   2.019877e+02
1.130000e+01   7.445176e+00   0.000000e+00   0.000000e+00   2.242259e+02   3.090897e-04   1.989769e+02
1.140000e+01   7.270193e+00   0.000000e+00   0.000000e+00   2.247630e+02   3.037609e-04   1.960148e+02
1.150000e+01   7.093995e+00   0.000000e+00   0.000000e+00   2.252599e+02   2.985842e-04   1.931003e+02
1.160000e+01   6.897029e+00   0.000000e+00   0.000000e+00   2.257052e+02   2.935690e-04   1.902323e+02
1.170000e+01   6.494647e+00   0.000000e+00   0.000000e+00   2.260988e+02   2.887100e-04   1.874099e+02
1.180000e+01   5.936626e+00   0.000000e+00   0.000000e+00   2.264458e+02   2.839954e-04   1.846324e+02
1.190000e+01   5.383054e+00   0.000000e+00   0.000000e+00   2.267514e+02   2.794141e-04   1.818991e+02
1.200000e+01   4.994020e+00   0.000000e+00   0.000000e+00   2.270209e+02   2.749555e-04   1.792093e+02
1.210000e+01   4.945564e+00   0.000000e+00   0.000000e+00   2.272594e+02   2.706098e-04   1.765622e+02
1.220000e+01   5.761722e+00   0.000000e+00   0.000000e+00   2.274721e+02   2.663676e-04   1.739570e+02
1.230000e+01   7.253257e+00   0.000000e+00   0.000000e+00   2.276643e+02   2.622201e-04   1.713931e+02
1.240000e+01   8.903544e+00   0.000000e+00   0.000000e+00   2.278412e+02   2.581589e-04   1.688697e+02
1.250000e+01   1.019596e+01   0.000000e+00   0.000000e+00   2.280079e+02   2.541760e-04   1.663860e+02
1.260000e+01   1.061522e+01   0.000000e+00   0.000000e+00   2.281696e+02   2.502639e-04   1.639413e+02
1.270000e+01   9.935996e+00   0.000000e+00   0.000000e+00   2.283310e+02   2.464162e-04   1.615349e+02
1.280000e+01   8.570909e+00   0.000000e+00   0.000000e+00   2.284924e+02   2.426311e-04   1.591661e+02
1.290000e+01   7.016689e+00   0.000000e+00   0.000000e+00   2.286531e+02   2.389085e-04   1.568343e+02
1.300000e+01   5.770072e+00   0.000000e+00   0.000000e+00   2.288122e+02   2.352479e-04   1.545387e+02
1.310000e+01   5.325176e+00   0.000000e+00   0.000000e+00   2.289689e+02   2.316491e-04   1.522788e+02
1.320000e+01   5.806549e+00   0.000000e+00   0.000000e+00   2.291222e+02   2.281117e-04   1.500538e+02
1.330000e+01   6.819944e+00   0.000000e+00   0.000000e+00   2.292714e+02   2.246352e-04   1.478632e+02
1.340000e+01   7.969993e+00   0.000000e+00   0.000000e+00   2.294156e+02   2.212191e-04   1.457062e+02
1.350000e+01   8.861327e+00   0.000000e+00   0.000000e+00   2.295540e+02   2.178629e-04   1.435822e+02
1.360000e+01   9.101579e+00   0.000000e+00   0.000000e+00   2.296857e+02   2.145661e-04   1.414905e+02
1.370000e+01   8.760868e+00   0.000000e+00   0.000000e+00   2.298097e+02   2.113280e-04   1.394305e+02
1.380000e+01   8.164338e+00   0.000000e+00   0.000000e+00   2.299257e+02   2.081478e-04   1.374016e+02
1.390000e+01   7.469441e+00   0.000000e+00   0.000000e+00   2.300348e+02   2.050232e-04   1.354032e+02
1.400000e+01   6.834021e+00   0.000000e+00   0.000000e+00   2.301390e+02   2.019512e-04   1.334348e+02
1.410000e+01   6.415195e+00   0.000000e+00   0.000000e+00   2.302402e+02   1.989294e-04   1.314960e+02
1.420000e+01   6.153554e+00   0.000000e+00   0.000000e+00   2.303405e+02   1.959550e-04   1.295863e+02
1.430000e+01   5.914092e+00   0.000000e+00   0.000000e+00   2.304419e+02   1.930257e-04   1.277053e+02
1.440000e+01   5.678720e+00   0.000000e+00   0.000000e+00   2.305462e+02   1.901390e-04   1.258524e+02
1.450000e+01   5.429349e+00   0.000000e+00   0.000000e+00   2.306555e+02   1.872927e-04   1.240272e+02
1.460000e+01   5.147743e+00   0.000000e+00   0.000000e+00   2.307717e+02   1.844847e-04   1.222293e+02
1.470000e+01   4.704236e+00   0.000000e+00   0.000000e+00   2.308969e+02   1.817128e-04   1.204581e+02
1.480000e+01   4.086717e+00   0.000000e+00   0.000000e+00   2.310330e+02   1.789752e-04   1.187132e+02
1.490000e+01   3.428083e+00   0.000000e+00   0.000000e+00   2.311815e+02   1.762702e-04   1.169942e+02
1.500000e+01   2.860592e+00   0.000000e+00   0.000000e+00   2.313409e+02   1.735987e-04   1.153006e+02
1.510000e+01   2.516159e+00   0.000000e+00   0.000000e+00   2.315077e+02   1.709632e-04   1.136320e+02
1.520000e+01   2.345502e+00   0.000000e+00   0.000000e+00   2.316785e+02   1.683658e-04   1.119881e+02
1.530000e+01   2.209607e+00   0.000000e+00   0.000000e+00   2.318497e+02   1.658083e-04   1.103685e+02
1.540000e+01   2.105781e+00   0.000000e+00   0.000000e+00   2.320178e+02   1.632927e-04   1.087729e+02
1.550000e+01   2.031334e+00   0.000000e+00   0.000000e+00   2.321796e+02   1.608206e-04   1.072008e+02
1.560000e+01   1.983572e+00   0.000000e+00   0.000000e+00   2.323313e+02   1.583934e-04   1.056519e+02
1.570000e+01   2.195062e+00   0.000000e+00   0.000000e+00   2.324697e+02   1.560126e-04   1.041258e+02
1.580000e+01   2.779366e+00   0.000000e+00   0.000000e+00   2.325912e+02   1.536793e-04   1.026221e+02
1.590000e+01   3.498746e+00   0.000000e+00   0.000000e+00   2.326923e+02   1.513948e-04   1.011406e+02
1.600000e+01   4.115101e+00   0.000000e+00   0.000000e+00   2.327699e+02   1.491598e-04   9.968068e+01
1.610000e+01   4.389746e+00   0.000000e+00   0.000000e+00   2.328239e+02   1.469731e-04   9.824215e+01
1.620000e+01   4.372943e+00   0.000000e+00   0.000000e+00   2.328572e+02   1.448318e-04   9.682465e+01
1.630000e+01   4.346498e+00   0.000000e+00   0.000000e+00   2.328727e+02   1.427330e-04   9.542787e+01
1.640000e+01   4.309104e+00   0.000000e+00   0.000000e+00   2.328734e+02   1.406739e-04   9.405149e+01
1.650000e+01   4.258153e+00   0.000000e+00   0.000000e+00   2.328621e+02   1.386520e-04   9.269518e+01
1.660000e+01   4.191038e+00   0.000000e+00   0.000000e+00   2.328417e+02   1.366647e-04   9.135863e+01
1.670000e+01   4.090305e+00   0.000000e+00   0.000000e+00   2.328152e+02   1.347098e-04   9.004151e+01
1.680000e+01   3.940862e+00   0.000000e+00   0.000000e+00   2.327855e+02   1.327848e-04   8.874352e+01
1.690000e+01   3.755098e+00   0.000000e+00   0.000000e+00   2.327555e+02   1.308876e-04   8.746432e+01
1.700000e+01   3.545609e+00   0.000000e+00   0.000000e+00   2.327281e+02   1.290162e-04   8.620360e+01
1.710000e+01   3.325000e+00   0.000000e+00   0.000000e+00   2.327062e+02   1.271685e-04   8.496104e+01
1.720000e+01   3.019868e+00   0.000000e+00   0.000000e+00   2.326916e+02   1.253433e-04   8.373636e+01
1.730000e+01   2.562069e+00   0.000000e+00   0.000000e+00   2.326846e+02   1.235402e-04   8.252932e+01
1.740000e+01   2.066162e+00   0.000000e+00   0.000000e+00   2.326852e+02   1.217591e-04   8.133968e+01
1.750000e+01   1.649063e+00   0.000000e+00   0.000000e+00   2.326938e+02   1.199995e-04   8.016720e+01
1.760000e+01   1.427683e+00   0.000000e+00   0.000000e+00   2.327104e+02   1.182614e-04   7.901165e+01
1.770000e+01   1.492533e+00   0.000000e+00   0.000000e+00   2.327353e+02   1.165444e-04   7.787280e+01
1.780000e+01   1.776322e+00   0.000000e+00   0.000000e+00   2.327685e+02   1.148482e-04   7.675040e+01
1.790000e+01   2.153929e+00   0.000000e+00   0.000000e+00   2.328103e+02   1.131726e-04   7.564422e+01
1.800000e+01   2.500167e+00   0.000000e+00   0.000000e+00   2.328609e+02   1.115173e-04   7.455403e+01
1.810000e+01   2.689849e+00   0.000000e+00   0.000000e+00   2.329204e+02   1.098821e-04   7.347958e+01
1.820000e+01   2.652736e+00   0.000000e+00   0.000000e+00   2.329889e+02   1.082667e-04   7.242065e+01
1.830000e+01   2.468615e+00   0.000000e+00   0.000000e+00   2.330663e+02   1.066710e-04   7.137700e+01
1.840000e+01   2.182967e+00   0.000000e+00   0.000000e+00   2.331515e+02   1.050954e-04   7.034842e+01
1.850000e+01   1.838652e+00   0.000000e+00   0.000000e+00   2.332432e+02   1.035403e-04   6.933471e+01
1.860000e+01   1.478529e+00   0.000000e+00   0.000000e+00   2.333400e+02   1.020060e-04   6.833564e+01
1.870000e+01   1.030691e+00   0.000000e+00   0.000000e+00   2.334406e+02   1.004929e-04   6.735103e+01
1.880000e+01   3.456853e-01   0.000000e+00   0.000000e+00   2.335438e+02   9.900127e-05   6.638064e+01
1.890000e+01   -4.055841e-01   0.000000e+00   0.000000e+00   2.336482e+02   9.753133e-05   6.542429e+01
1.900000e+01   -1.040313e+00   0.000000e+00   0.000000e+00   2.337526e+02   9.608332e-05   6.448176e+01
1.910000e+01   -1.375698e+00   0.000000e+00   0.000000e+00   2.338556e+02   9.465743e-05   6.355283e+01
1.920000e+01   -1.343791e+00   0.000000e+00   0.000000e+00   2.339560e+02   9.325380e-05   6.263731e+01
1.930000e+01   -1.164165e+00   0.000000e+00   0.000000e+00   2.340524e+02   9.187256e-05   6.173498e+01
1.940000e+01   -8.766964e-01   0.000000e+00   0.000000e+00   2.341436e+02   9.051379e-05   6.084563e+01
1.950000e+01   -5.064074e-01   0.000000e+00   0.000000e+00   2.342292e+02   8.917725e-05   5.996909e+01
1.960000e+01   -7.715624e-02   0.000000e+00   0.000000e+00   2.343091e+02   8.786259e-05   5.910518e+01
1.970000e+01   6.958257e-01   0.000000e+00   0.000000e+00   2.343834e+02   8.656944e-05   5.825373e+01
1.980000e+01   2.400081e+00   0.000000e+00   0.000000e+00   2.344519e+02   8.529745e-05   5.741458e+01
1.990000e+01   4.489789e+00   0.000000e+00   0.000000e+00   2.345147e+02   8.404627e-05   5.658754e+01
2.000000e+01   6.353636e+00   0.000000e+00   0.000000e+00   2.345717e+02   8.281553e-05   5.577245e+01
2.010000e+01   7.380305e+00   0.000000e+00   0.000000e+00   2.346229e+02   8.160489e-05   5.496914e+01
2.020000e+01   7.047467e+00   0.000000e+00   0.000000e+00   2.346683e+02   8.041401e-05   5.417744e+01
2.030000e+01   5.595266e+00   0.000000e+00   0.000000e+00   2.347078e+02   7.924253e-05   5.339718e+01
2.040000e+01   3.626609e+00   0.000000e+00   0.000000e+00   2.347415e+02   7.809012e-05   5.262818e+01
2.050000e+01   1.744646e+00   0.000000e+00   0.000000e+00   2.347692e+02   7.695644e-05   5.187027e+01
2.060000e+01   5.521286e-01   0.000000e+00   0.000000e+00   2.347912e+02   7.584111e-05   5.112330e+01
2.070000e+01   3.366704e-01   0.000000e+00   0.000000e+00   2.348079e+02   7.474369e-05   5.038712e+01
2.080000e+01   2.706117e-01   0.000000e+00   0.000000e+00   2.348197e+02   7.366373e-05   4.966159e+01
2.090000e+01   2.300174e-01   0.000000e+00   0.000000e+00   2.348272e+02   7.260080e-05   4.894656e+01
2.100000e+01   1.820570e-01   0.000000e+00   0.000000e+00   2.348309e+02   7.155447e-05   4.824189e+01
2.110000e+01   9.390022e-02   0.000000e+00   0.000000e+00   2.348312e+02   7.052432e-05   4.754744e+01
2.120000e+01   -8.993166e-02   0.000000e+00   0.000000e+00   2.348288e+02   6.950996e-05   4.686307e+01
2.130000e+01   -4.419790e-01   0.000000e+00   0.000000e+00   2.348240e+02   6.851099e-05   4.618863e+01
2.140000e+01   -8.833222e-01   0.000000e+00   0.000000e+00   2.348174e+02   6.752702e-05   4.552399e+01
2.150000e+01   -1.321638e+00   0.000000e+00   0.000000e+00   2.348095e+02   6.655769e-05   4.486900e+01
2.160000e+01   -1.664605e+00   0.000000e+00   0.000000e+00   2.348009e+02   6.560263e-05   4.422352e+01
2.170000e+01   -1.829947e+00   0.000000e+00   0.000000e+00   2.347919e+02   6.466147e-05   4.358740e+01
2.180000e+01   -1.841673e+00   0.000000e+00   0.000000e+00   2.347833e+02   6.373383e-05   4.296053e+01
2.190000e+01   -1.778295e+00   0.000000e+00   0.000000e+00   2.347760e+02   6.281931e-05   4.234277e+01
2.200000e+01   -1.717776e+00   0.000000e+00   0.000000e+00   2.347709e+02   6.191752e-05   4.173402e+01
2.210000e+01   -1.738079e+00   0.000000e+00   0.000000e+00   2.347689e+02   6.102807e-05   4.113415e+01
2.220000e+01   -1.893885e+00   0.000000e+00   0.000000e+00   2.347708e+02   6.015060e-05   4.054305e+01
2.230000e+01   -2.100095e+00   0.000000e+00   0.000000e+00   2.347775e+02   5.928475e-05   3.996059e+01
2.240000e+01   -2.317304e+00   0.000000e+00   0.000000e+00   2.347900e+02   5.843018e-05   3.938667e+01
2.250000e+01   -2.520187e+00   0.000000e+00   0.000000e+00   2.348092e+02   5.758656e-05   3.882116e+01
2.260000e+01   -2.683413e+00   0.000000e+00   0.000000e+00   2.348358e+02   5.675356e-05   3.826395e+01
2.270000e+01   -2.745522e+00   0.000000e+00   0.000000e+00   2.348709e+02   5.593087e-05   3.771491e+01
2.280000e+01   -2.528798e+00   0.000000e+00   0.000000e+00   2.349152e+02   5.511820e-05   3.717394e+01
2.290000e+01   -2.136700e+00   0.000000e+00   0.000000e+00   2.349696e+02   5.431528e-05   3.664090e+01
2.300000e+01   -1.719465e+00   0.000000e+00   0.000000e+00   2.350337e+02   5.352215e-05   3.611570e+01
2.310000e+01   -1.429610e+00   0.000000e+00   0.000000e+00   2.351060e+02   5.273902e-05   3.559821e+01
2.320000e+01   -1.423607e+00   0.000000e+00   0.000000e+00   2.351853e+02   5.196610e-05   3.508833e+01
2.330000e+01   -1.761590e+00   0.000000e+00   0.000000e+00   2.352703e+02   5.120356e-05   3.458594e+01
2.340000e+01   -2.284124e+00   0.000000e+00   0.000000e+00   2.353596e+02   5.045156e-05   3.409094e+01
2.350000e+01   -2.810882e+00   0.000000e+00   0.000000e+00   2.354520e+02   4.971026e-05   3.360320e+01
2.360000e+01   -3.161536e+00   0.000000e+00   0.000000e+00   2.355460e+02   4.897977e-05   3.312263e+01
2.370000e+01   -3.191534e+00   0.000000e+00   0.000000e+00   2.356405e+02   4.826020e-05   3.264911e+01
2.380000e+01   -3.081137e+00   0.000000e+00   0.000000e+00   2.357340e+02   4.755165e-05   3.218253e+01
2.390000e+01   -2.922636e+00   0.000000e+00   0.000000e+00   2.358253e+02   4.685419e-05   3.172278e+01
2.400000e+01   -2.759102e+00   0.000000e+00   0.000000e+00   2.359131e+02   4.616788e-05   3.126974e+01
2.410000e+01   -2.633404e+00   0.000000e+00   0.000000e+00   2.359960e+02   4.549275e-05   3.082331e+01
2.420000e+01   -2.580416e+00   0.000000e+00   0.000000e+00   2.360738e+02   4.482867e-05   3.038338e+01
2.430000e+01   -2.574671e+00   0.000000e+00   0.000000e+00   2.361470e+02   4.417537e-05   2.994987e+01
2.440000e+01   -2.592914e+00   0.000000e+00   0.000000e+00   2.362159e+02   4.353256e-05   2.952268e+01
2.450000e+01   -2.619847e+00   0.000000e+00   0.000000e+00   2.362811e+02   4.290000e-05   2.910172e+01
2.460000e+01   -2.640174e+00   0.000000e+00   0.000000e+00   2.363429e+02   4.227743e-05   2.868690e+01
2.470000e+01   -2.625525e+00   0.000000e+00   0.000000e+00   2.364019e+02   4.166460e-05   2.827812e+01
2.480000e+01   -2.454740e+00   0.000000e+00   0.000000e+00   2.364585e+02   4.106126e-05   2.787530e+01
2.490000e+01   -2.183011e+00   0.000000e+00   0.000000e+00   2.365132e+02   4.046718e-05   2.747835e+01
2.500000e+01   -1.912373e+00   0.000000e+00   0.000000e+00   2.365663e+02   3.988213e-05   2.708717e+01
2.510000e+01   -1.744862e+00   0.000000e+00   0.000000e+00   2.366184e+02   3.930587e-05   2.670166e+01
2.520000e+01   -1.773384e+00   0.000000e+00   0.000000e+00   2.366699e+02   3.873819e-05   2.632175e+01
2.530000e+01   -1.942129e+00   0.000000e+00   0.000000e+00   2.367213e+02   3.817886e-05   2.594733e+01
2.540000e+01   -2.195203e+00   0.000000e+00   0.000000e+00   2.367728e+02   3.762771e-05   2.557833e+01
2.550000e+01   -2.505186e+00   0.000000e+00   0.000000e+00   2.368244e+02   3.708465e-05   2.521465e+01
2.560000e+01   -2.844847e+00   0.000000e+00   0.000000e+00   2.368758e+02   3.654958e-05   2.485624e+01
2.570000e+01   -3.204399e+00   0.000000e+00   0.000000e+00   2.369269e+02   3.602240e-05   2.450301e+01
2.580000e+01   -3.789291e+00   0.000000e+00   0.000000e+00   2.369776e+02   3.550302e-05   2.415488e+01
2.590000e+01   -4.528311e+00   0.000000e+00   0.000000e+00   2.370277e+02   3.499134e-05   2.381179e+01
2.600000e+01   -5.242887e+00   0.000000e+00   0.000000e+00   2.370771e+02   3.448726e-05   2.347365e+01
2.610000e+01   -5.754449e+00   0.000000e+00   0.000000e+00   2.371257e+02   3.399068e-05   2.314040e+01
2.620000e+01   -5.873348e+00   0.000000e+00   0.000000e+00   2.371732e+02   3.350150e-05   2.281194e+01
2.630000e+01   -5.344578e+00   0.000000e+00   0.000000e+00   2.372196e+02   3.301962e-05   2.248822e+01
2.640000e+01   -4.383380e+00   0.000000e+00   0.000000e+00   2.372647e+02   3.254494e-05   2.216914e+01
2.650000e+01   -3.335795e+00   0.000000e+00   0.000000e+00   2.373083e+02   3.207735e-05   2.185465e+01
2.660000e+01   -2.547827e+00   0.000000e+00   0.000000e+00   2.373504e+02   3.161675e-05   2.154466e+01
2.670000e+01   -2.342992e+00   0.000000e+00   0.000000e+00   2.373917e+02   3.116293e-05   2.123910e+01
2.680000e+01   -2.426425e+00   0.000000e+00   0.000000e+00   2.374332e+02   3.071565e-05   2.093792e+01
2.690000e+01   -2.585285e+00   0.000000e+00   0.000000e+00   2.374760e+02   3.027470e-05   2.064106e+01
2.700000e+01   -2.810193e+00   0.000000e+00   0.000000e+00   2.375213e+02   2.983984e-05   2.034845e+01
2.710000e+01   -3.091774e+00   0.000000e+00   0.000000e+00   2.375702e+02   2.941085e-05   2.006005e+01
2.720000e+01   -3.447274e+00   0.000000e+00   0.000000e+00   2.376237e+02   2.898754e-05   1.977578e+01
2.730000e+01   -4.607929e+00   0.000000e+00   0.000000e+00   2.376831e+02   2.856970e-05   1.949559e+01
2.740000e+01   -6.476860e+00   0.000000e+00   0.000000e+00   2.377493e+02   2.815715e-05   1.921942e+01
2.750000e+01   -8.469906e+00   0.000000e+00   0.000000e+00   2.378235e+02   2.774968e-05   1.894721e+01
2.760000e+01   -1.000291e+01   0.000000e+00   0.000000e+00   2.379069e+02   2.734714e-05   1.867890e+01
2.770000e+01   -1.050102e+01   0.000000e+00   0.000000e+00   2.380004e+02   2.694934e-05   1.841442e+01
2.780000e+01   -9.999313e+00   0.000000e+00   0.000000e+00   2.381053e+02   2.655612e-05   1.815373e+01
2.790000e+01   -8.890987e+00   0.000000e+00   0.000000e+00   2.382222e+02   2.616736e-05   1.789676e+01
2.800000e+01   -7.433284e+00   -0.000000e+00   -0.000000e+00   2.383501e+02   2.578316e-05   1.764347e+01
2.810000e+01   -5.883199e+00   -0.000000e+00   -0.000000e+00   2.384872e+02   2.540371e-05   1.739380e+01
2.820000e+01   -4.488303e+00   -0.000000e+00   -0.000000e+00   2.386316e+02   2.502916e-05   1.714773e+01
2.830000e+01   -2.877524e+00   -0.000000e+00   -0.000000e+00   2.387815e+02   2.465966e-05   1.690519e+01
2.840000e+01   -1.009068e+00   -0.000000e+00   -0.000000e+00   2.389350e+02   2.429535e-05   1.666615e+01
2.850000e+01   7.466576e-01   -0.000000e+00   -0.000000e+00   2.390905e+02   2.393634e-05   1.643057e+01
2.860000e+01   2.019248e+00   -0.000000e+00   -0.000000e+00   2.392461e+02   2.358276e-05   1.619839e+01
2.870000e+01   2.441264e+00   -0.000000e+00   -0.000000e+00   2.393999e+02   2.323470e-05   1.596958e+01
2.880000e+01   2.102523e+00   -0.000000e+00   -0.000000e+00   2.395502e+02   2.289226e-05   1.574409e+01
2.890000e+01   1.344575e+00   -0.000000e+00   -0.000000e+00   2.396951e+02   2.255551e-05   1.552187e+01
2.900000e+01   3.420976e-01   -0.000000e+00   -0.000000e+00   2.398328e+02   2.222453e-05   1.530289e+01
2.910000e+01   -7.302296e-01   -0.000000e+00   -0.000000e+00   2.399615e+02   2.189937e-05   1.508710e+01
2.920000e+01   -1.699615e+00   -0.000000e+00   -0.000000e+00   2.400798e+02   2.158007e-05   1.487444e+01
2.930000e+01   -2.798039e+00   -0.000000e+00   -0.000000e+00   2.401880e+02   2.126647e-05   1.466489e+01
2.940000e+01   -4.097747e+00   -0.000000e+00   -0.000000e+00   2.402874e+02   2.095835e-05   1.445840e+01
2.950000e+01   -5.328730e+00   -0.000000e+00   -0.000000e+00   2.403793e+02   2.065550e-05   1.425493e+01
2.960000e+01   -6.220974e+00   -0.000000e+00   -0.000000e+00   2.404649e+02   2.035771e-05   1.405442e+01
2.970000e+01   -6.504808e+00   -0.000000e+00   -0.000000e+00   2.405456e+02   2.006480e-05   1.385685e+01
2.980000e+01   -6.299121e+00   -0.000000e+00   -0.000000e+00   2.406226e+02   1.977657e-05   1.366217e+01
2.990000e+01   -5.920867e+00   -0.000000e+00   -0.000000e+00   2.406972e+02   1.949284e-05   1.347034e+01
3.000000e+01   -5.456948e+00   -0.000000e+00   -0.000000e+00   2.407706e+02   1.921343e-05   1.328131e+01
3.010000e+01   -4.994259e+00   -0.000000e+00   -0.000000e+00   2.408442e+02   1.893818e-05   1.309504e+01
3.020000e+01   -4.619702e+00   -0.000000e+00   -0.000000e+00   2.409191e+02   1.866692e-05   1.291149e+01
3.030000e+01   -4.346731e+00   -0.000000e+00   -0.000000e+00   2.409968e+02   1.839950e-05   1.273062e+01
3.040000e+01   -4.112707e+00   -0.000000e+00   -0.000000e+00   2.410783e+02   1.813575e-05   1.255238e+01
3.050000e+01   -3.890363e+00   -0.000000e+00   -0.000000e+00   2.411651e+02   1.787555e-05   1.237674e+01
3.060000e+01   -3.652076e+00   -0.000000e+00   -0.000000e+00   2.412575e+02   1.761881e-05   1.220365e+01
3.070000e+01   -3.369837e+00   -0.000000e+00   -0.000000e+00   2.413550e+02   1.736553e-05   1.203308e+01
3.080000e+01   -2.975595e+00   -0.000000e+00   -0.000000e+00   2.414572e+02   1.711570e-05   1.186498e+01
3.090000e+01   -2.457325e+00   -0.000000e+00   -0.000000e+00   2.415636e+02   1.686932e-05   1.169934e+01
3.100000e+01   -1.882485e+00   -0.000000e+00   -0.000000e+00   2.416737e+02   1.662638e-05   1.153611e+01
3.110000e+01   -1.318597e+00   -0.000000e+00   -0.000000e+00   2.417869e+02   1.638686e-05   1.137525e+01
3.120000e+01   -8.331849e-01   -0.000000e+00   -0.000000e+00   2.419029e+02   1.615076e-05   1.121673e+01
3.130000e+01   -3.949608e-01   -0.000000e+00   -0.000000e+00   2.420211e+02   1.591805e-05   1.106052e+01
3.140000e+01   5.944104e-02   -0.000000e+00   -0.000000e+00   2.421411e+02   1.568872e-05   1.090657e+01
3.150000e+01   4.683637e-01   -0.000000e+00   -0.000000e+00   2.422623e+02   1.546275e-05   1.075486e+01
3.160000e+01   7.696499e-01   -0.000000e+00   -0.000000e+00   2.423842e+02   1.524011e-05   1.060535e+01
3.170000e+01   9.011427e-01   -0.000000e+00   -0.000000e+00   2.425064e+02   1.502079e-05   1.045799e+01
3.180000e+01   6.196279e-01   -0.000000e+00   -0.000000e+00   2.426284e+02   1.480475e-05   1.031276e+01
3.190000e+01   -1.750808e-01   -0.000000e+00   -0.000000e+00   2.427497e+02   1.459197e-05   1.016963e+01
3.200000e+01   -1.172002e+00   -0.000000e+00   -0.000000e+00   2.428707e+02   1.438238e-05   1.002855e+01
3.210000e+01   -2.056895e+00   -0.000000e+00   -0.000000e+00   2.429920e+02   1.417590e-05   9.889515e+00
3.220000e+01   -2.515520e+00   -0.000000e+00   -0.000000e+00   2.431141e+02   1.397245e-05   9.752484e+00
3.230000e+01   -2.452669e+00   -0.000000e+00   -0.000000e+00   2.432377e+02   1.377197e-05   9.617434e+00
3.240000e+01   -2.172078e+00   -0.000000e+00   -0.000000e+00   2.433633e+02   1.357437e-05   9.484339e+00
3.250000e+01   -1.809307e+00   -0.000000e+00   -0.000000e+00   2.434916e+02   1.337958e-05   9.353173e+00
3.260000e+01   -1.496051e+00   -0.000000e+00   -0.000000e+00   2.436231e+02   1.318755e-05   9.223907e+00
3.270000e+01   -1.364005e+00   -0.000000e+00   -0.000000e+00   2.437585e+02   1.299819e-05   9.096516e+00
3.280000e+01   -1.715757e+00   -0.000000e+00   -0.000000e+00   2.438982e+02   1.281146e-05   8.970973e+00
3.290000e+01   -2.736012e+00   -0.000000e+00   -0.000000e+00   2.440430e+02   1.262727e-05   8.847250e+00
3.300000e+01   -4.098774e+00   -0.000000e+00   -0.000000e+00   2.441935e+02   1.244558e-05   8.725321e+00
3.310000e+01   -5.469049e+00   -0.000000e+00   -0.000000e+00   2.443501e+02   1.226631e-05   8.605160e+00
3.320000e+01   -6.511843e+00   -0.000000e+00   -0.000000e+00   2.445136e+02   1.208942e-05   8.486739e+00
3.330000e+01   -7.156654e+00   -0.000000e+00   -0.000000e+00   2.446844e+02   1.191485e-05   8.370033e+00
3.340000e+01   -7.764565e+00   -0.000000e+00   -0.000000e+00   2.448625e+02   1.174258e-05   8.255017e+00
3.350000e+01   -8.294084e+00   -0.000000e+00   -0.000000e+00   2.450475e+02   1.157260e-05   8.141670e+00
3.360000e+01   -8.689051e+00   -0.000000e+00   -0.000000e+00   2.452391e+02   1.140491e-05   8.029970e+00
3.370000e+01   -8.893302e+00   -0.000000e+00   -0.000000e+00   2.454369e+02   1.123951e-05   7.919897e+00
3.380000e+01   -8.887458e+00   -0.000000e+00   -0.000000e+00   2.456405e+02   1.107639e-05   7.811428e+00
3.390000e+01   -8.739895e+00   -0.000000e+00   -0.000000e+00   2.458496e+02   1.091553e-05   7.704542e+00
3.400000e+01   -8.473239e+00   -0.000000e+00   -0.000000e+00   2.460638e+02   1.075694e-05   7.599217e+00
3.410000e+01   -8.107397e+00   -0.000000e+00   -0.000000e+00   2.462827e+02   1.060060e-05   7.495432e+00
3.420000e+01   -7.662277e+00   -0.000000e+00   -0.000000e+00   2.465061e+02   1.044649e-05   7.393165e+00
3.430000e+01   -6.736721e+00   -0.000000e+00   -0.000000e+00   2.467334e+02   1.029461e-05   7.292394e+00
3.440000e+01   -4.629771e+00   -0.000000e+00   -0.000000e+00   2.469644e+02   1.014493e-05   7.193098e+00
3.450000e+01   -2.032531e+00   -0.000000e+00   -0.000000e+00   2.471987e+02   9.997456e-06   7.095256e+00
3.460000e+01   2.994993e-01   -0.000000e+00   -0.000000e+00   2.474359e+02   9.852155e-06   6.998845e+00
3.470000e+01   1.610821e+00   -0.000000e+00   -0.000000e+00   2.476757e+02   9.709015e-06   6.903844e+00
3.480000e+01   1.648044e+00   -0.000000e+00   -0.000000e+00   2.479178e+02   9.568014e-06   6.810232e+00
3.490000e+01   1.486190e+00   -0.000000e+00   -0.000000e+00   2.481624e+02   9.429115e-06   6.717989e+00
3.500000e+01   1.230166e+00   -0.000000e+00   -0.000000e+00   2.484097e+02   9.292282e-06   6.627095e+00
3.510000e+01   9.043807e-01   -0.000000e+00   -0.000000e+00   2.486597e+02   9.157479e-06   6.537531e+00
3.520000e+01   5.332400e-01   -0.000000e+00   -0.000000e+00   2.489128e+02   9.024669e-06   6.449276e+00
3.530000e+01   6.239255e-02   -0.000000e+00   -0.000000e+00   2.491691e+02   8.893818e-06   6.362311e+00
3.540000e+01   -7.013517e-01   -0.000000e+00   -0.000000e+00   2.494289e+02   8.764890e-06   6.276615e+00
3.550000e+01   -1.671937e+00   -0.000000e+00   -0.000000e+00   2.496921e+02   8.637850e-06   6.192170e+00
3.560000e+01   -2.742082e+00   -0.000000e+00   -0.000000e+00   2.499592e+02   8.512664e-06   6.108955e+00
3.570000e+01   -3.804507e+00   -0.000000e+00   -0.000000e+00   2.502302e+02   8.389298e-06   6.026951e+00
3.580000e+01   -4.874110e+00   -0.000000e+00   -0.000000e+00   2.505053e+02   8.267718e-06   5.946138e+00
3.590000e+01   -6.215284e+00   -0.000000e+00   -0.000000e+00   2.507848e+02   8.147891e-06   5.866495e+00
3.600000e+01   -7.598132e+00   -0.000000e+00   -0.000000e+00   2.510687e+02   8.029784e-06   5.788004e+00
3.610000e+01   -8.748059e+00   -0.000000e+00   -0.000000e+00   2.513574e+02   7.913363e-06   5.710644e+00
3.620000e+01   -9.390466e+00   -0.000000e+00   -0.000000e+00   2.516509e+02   7.798597e-06   5.634395e+00
3.630000e+01   -9.085541e+00   -0.000000e+00   -0.000000e+00   2.519494e+02   7.685455e-06   5.559239e+00
3.640000e+01   -7.338886e+00   -0.000000e+00   -0.000000e+00   2.522530e+02   7.573918e-06   5.485160e+00
3.650000e+01   -4.851014e+00   -0.000000e+00   -0.000000e+00   2.525615e+02   7.463967e-06   5.412141e+00
3.660000e+01   -2.424635e+00   -0.000000e+00   -0.000000e+00   2.528748e+02   7.355584e-06   5.340169e+00
3.670000e+01   -8.624616e-01   -0.000000e+00   -0.000000e+00   2.531929e+02   7.248751e-06   5.269228e+00
3.680000e+01   -6.392435e-01   -0.000000e+00   -0.000000e+00   2.535157e+02   7.143449e-06   5.199304e+00
3.690000e+01   -6.971236e-01   -0.000000e+00   -0.000000e+00   2.538432e+02   7.039660e-06   5.130380e+00
3.700000e+01   -8.474521e-01   -0.000000e+00   -0.000000e+00   2.541752e+02   6.937365e-06   5.062442e+00
3.710000e+01   -1.067530e+00   -0.000000e+00   -0.000000e+00   2.545117e+02   6.836544e-06   4.995474e+00
3.720000e+01   -1.334657e+00   -0.000000e+00   -0.000000e+00   2.548527e+02   6.737179e-06   4.929463e+00
3.730000e+01   -1.724337e+00   -0.000000e+00   -0.000000e+00   2.551979e+02   6.639249e-06   4.864391e+00
3.740000e+01   -2.610209e+00   -0.000000e+00   -0.000000e+00   2.555475e+02   6.542737e-06   4.800246e+00
3.750000e+01   -3.747779e+00   -0.000000e+00   -0.000000e+00   2.559013e+02   6.447621e-06   4.737010e+00
3.760000e+01   -4.806184e+00   -0.000000e+00   -0.000000e+00   2.562592e+02   6.353882e-06   4.674670e+00
3.770000e+01   -5.454558e+00   -0.000000e+00   -0.000000e+00   2.566212e+02   6.261499e-06   4.613210e+00
3.780000e+01   -5.381878e+00   -0.000000e+00   -0.000000e+00   2.569871e+02   6.170454e-06   4.552614e+00
3.790000e+01   -4.611149e+00   -0.000000e+00   -0.000000e+00   2.573569e+02   6.080729e-06   4.492870e+00
3.800000e+01   -3.431494e+00   -0.000000e+00   -0.000000e+00   2.577300e+02   5.992319e-06   4.433965e+00
3.810000e+01   -2.138294e+00   -0.000000e+00   -0.000000e+00   2.581060e+02   5.905218e-06   4.375890e+00
3.820000e+01   -1.026931e+00   -0.000000e+00   -0.000000e+00   2.584842e+02   5.819421e-06   4.318632e+00
3.830000e+01   -3.158925e-01   -0.000000e+00   -0.000000e+00   2.588643e+02   5.734921e-06   4.262182e+00
3.840000e+01   3.125151e-01   -0.000000e+00   -0.000000e+00   2.592457e+02   5.651710e-06   4.206528e+00
3.850000e+01   8.871555e-01   -0.000000e+00   -0.000000e+00   2.596278e+02   5.569781e-06   4.151660e+00
3.860000e+01   1.347599e+00   -0.000000e+00   -0.000000e+00   2.600103e+02   5.489125e-06   4.097566e+00
3.870000e+01   1.633415e+00   -0.000000e+00   -0.000000e+00   2.603925e+02   5.409733e-06   4.044237e+00
3.880000e+01   1.655083e+00   -0.000000e+00   -0.000000e+00   2.607739e+02   5.331595e-06   3.991661e+00
3.890000e+01   1.207235e+00   -0.000000e+00   -0.000000e+00   2.611541e+02   5.254700e-06   3.939828e+00
3.900000e+01   4.176175e-01   -0.000000e+00   -0.000000e+00   2.615326e+02   5.179039e-06   3.888726e+00
3.910000e+01   -5.228225e-01   -0.000000e+00   -0.000000e+00   2.619087e+02   5.104599e-06   3.838345e+00
3.920000e+01   -1.423138e+00   -0.000000e+00   -0.000000e+00   2.622821e+02   5.031369e-06   3.788674e+00
3.930000e+01   -2.135298e+00   -0.000000e+00   -0.000000e+00   2.626522e+02   4.959337e-06   3.739702e+00
3.940000e+01   -2.889401e+00   -0.000000e+00   -0.000000e+00   2.630185e+02   4.888490e-06   3.691419e+00
3.950000e+01   -3.660241e+00   -0.000000e+00   -0.000000e+00   2.633805e+02   4.818814e-06   3.643813e+00
3.960000e+01   -4.329931e+00   -0.000000e+00   -0.000000e+00   2.637379e+02   4.750294e-06   3.596875e+00
3.970000e+01   -4.780251e+00   -0.000000e+00   -0.000000e+00   2.640908e+02   4.682908e-06   3.550596e+00
3.980000e+01   -4.887445e+00   -0.000000e+00   -0.000000e+00   2.644390e+02   4.616638e-06   3.504965e+00
3.990000e+01   -4.553749e+00   -0.000000e+00   -0.000000e+00   2.647825e+02   4.551465e-06   3.459974e+00
4.000000e+01   -3.886441e+00   -0.000000e+00   -0.000000e+00   2.651211e+02   4.487369e-06   3.415612e+00
4.010000e+01   -3.026640e+00   -0.000000e+00   -0.000000e+00   2.654550e+02   4.424333e-06   3.371871e+00
4.020000e+01   -2.115468e+00   -0.000000e+00   -0.000000e+00   2.657839e+02   4.362335e-06   3.328741e+00
4.030000e+01   -1.249591e+00   -0.000000e+00   -0.000000e+00   2.661077e+02   4.301360e-06   3.286212e+00
4.040000e+01   -4.761235e-02   -0.000000e+00   -0.000000e+00   2.664266e+02   4.241387e-06   3.244276e+00
4.050000e+01   1.353992e+00   -0.000000e+00   -0.000000e+00   2.667403e+02   4.182399e-06   3.202922e+00
4.060000e+01   2.627066e+00   -0.000000e+00   -0.000000e+00   2.670488e+02   4.124377e-06   3.162141e+00
4.070000e+01   3.443457e+00   -0.000000e+00   -0.000000e+00   2.673520e+02   4.067303e-06   3.121924e+00
4.080000e+01   3.489199e+00   -0.000000e+00   -0.000000e+00   2.676499e+02   4.011161e-06   3.082261e+00
4.090000e+01   2.806611e+00   -0.000000e+00   -0.000000e+00   2.679424e+02   3.955930e-06   3.043143e+00
4.100000e+01   1.622616e+00   -0.000000e+00   -0.000000e+00   2.682294e+02   3.901595e-06   3.004561e+00
4.110000e+01   1.293607e-01   -0.000000e+00   -0.000000e+00   2.685109e+02   3.848138e-06   2.966504e+00
4.120000e+01   -1.480988e+00   -0.000000e+00   -0.000000e+00   2.687868e+02   3.795541e-06   2.928963e+00
4.130000e+01   -3.058702e+00   -0.000000e+00   -0.000000e+00   2.690572e+02   3.743785e-06   2.891931e+00
4.140000e+01   -5.165421e+00   -0.000000e+00   -0.000000e+00   2.693226e+02   3.692853e-06   2.855401e+00
4.150000e+01   -7.646197e+00   -0.000000e+00   -0.000000e+00   2.695832e+02   3.642724e-06   2.819366e+00
4.160000e+01   -9.993679e+00   -0.000000e+00   -0.000000e+00   2.698394e+02   3.593382e-06   2.783820e+00
4.170000e+01   -1.170052e+01   -0.000000e+00   -0.000000e+00   2.700916e+02   3.544808e-06   2.748756e+00
4.180000e+01   -1.225001e+01   -0.000000e+00   -0.000000e+00   2.703402e+02   3.496985e-06   2.714168e+00
4.190000e+01   -1.122931e+01   -0.000000e+00   -0.000000e+00   2.705855e+02   3.449895e-06   2.680049e+00
4.200000e+01   -9.196075e+00   -0.000000e+00   -0.000000e+00   2.708278e+02   3.403523e-06   2.646392e+00
4.210000e+01   -6.935509e+00   -0.000000e+00   -0.000000e+00   2.710675e+02   3.357852e-06   2.613192e+00
4.220000e+01   -5.232832e+00   -0.000000e+00   -0.000000e+00   2.713050e+02   3.312865e-06   2.580441e+00
4.230000e+01   -4.848496e+00   -0.000000e+00   -0.000000e+00   2.715406e+02   3.268548e-06   2.548133e+00
4.240000e+01   -5.487050e+00   -0.000000e+00   -0.000000e+00   2.717747e+02   3.224885e-06   2.516261e+00
4.250000e+01   -6.556852e+00   -0.000000e+00   -0.000000e+00   2.720077e+02   3.181861e-06   2.484819e+00
4.260000e+01   -7.745394e+00   -0.000000e+00   -0.000000e+00   2.722399e+02   3.139461e-06   2.453801e+00
4.270000e+01   -8.740167e+00   -0.000000e+00   -0.000000e+00   2.724716e+02   3.097672e-06   2.423199e+00
4.280000e+01   -9.239077e+00   -0.000000e+00   -0.000000e+00   2.727033e+02   3.056478e-06   2.393007e+00
4.290000e+01   -9.478336e+00   -0.000000e+00   -0.000000e+00   2.729352e+02   3.015866e-06   2.363219e+00
4.300000e+01   -9.677339e+00   -0.000000e+00   -0.000000e+00   2.731678e+02   2.975823e-06   2.333828e+00
4.310000e+01   -9.831715e+00   -0.000000e+00   -0.000000e+00   2.734008e+02   2.936341e-06   2.304829e+00
4.320000e+01   -9.937834e+00   -0.000000e+00   -0.000000e+00   2.736339e+02   2.897418e-06   2.276216e+00
4.330000e+01   -9.985127e+00   -0.000000e+00   -0.000000e+00   2.738667e+02   2.859050e-06   2.247984e+00
4.340000e+01   -9.560667e+00   -0.000000e+00   -0.000000e+00   2.740987e+02   2.821233e-06   2.220129e+00
4.350000e+01   -8.662419e+00   -0.000000e+00   -0.000000e+00   2.743294e+02   2.783964e-06   2.192645e+00
4.360000e+01   -7.624448e+00   -0.000000e+00   -0.000000e+00   2.745585e+02   2.747238e-06   2.165527e+00
4.370000e+01   -6.780818e+00   -0.000000e+00   -0.000000e+00   2.747856e+02   2.711051e-06   2.138770e+00
4.380000e+01   -6.465325e+00   -0.000000e+00   -0.000000e+00   2.750102e+02   2.675400e-06   2.112369e+00
4.390000e+01   -6.848169e+00   -0.000000e+00   -0.000000e+00   2.752318e+02   2.640279e-06   2.086319e+00
4.400000e+01   -7.675871e+00   -0.000000e+00   -0.000000e+00   2.754502e+02   2.605683e-06   2.060615e+00
4.410000e+01   -8.628656e+00   -0.000000e+00   -0.000000e+00   2.756647e+02   2.571608e-06   2.035252e+00
4.420000e+01   -9.386749e+00   -0.000000e+00   -0.000000e+00   2.758751e+02   2.538048e-06   2.010225e+00
4.430000e+01   -9.629712e+00   -0.000000e+00   -0.000000e+00   2.760808e+02   2.504999e-06   1.985528e+00
4.440000e+01   -9.009478e+00   -0.000000e+00   -0.000000e+00   2.762815e+02   2.472454e-06   1.961157e+00
4.450000e+01   -7.701599e+00   -0.000000e+00   -0.000000e+00   2.764767e+02   2.440409e-06   1.937106e+00
4.460000e+01   -6.116966e+00   -0.000000e+00   -0.000000e+00   2.766660e+02   2.408858e-06   1.913371e+00
4.470000e+01   -4.666472e+00   -0.000000e+00   -0.000000e+00   2.768490e+02   2.377794e-06   1.889947e+00
4.480000e+01   -3.760495e+00   -0.000000e+00   -0.000000e+00   2.770252e+02   2.347213e-06   1.866828e+00
4.490000e+01   -3.247447e+00   -0.000000e+00   -0.000000e+00   2.771944e+02   2.317108e-06   1.844009e+00
4.500000e+01   -2.780309e+00   -0.000000e+00   -0.000000e+00   2.773565e+02   2.287469e-06   1.821486e+00
4.510000e+01   -2.386079e+00   -0.000000e+00   -0.000000e+00   2.775116e+02   2.258289e-06   1.799256e+00
4.520000e+01   -2.091755e+00   -0.000000e+00   -0.000000e+00   2.776599e+02   2.229557e-06   1.777314e+00
4.530000e+01   -1.924336e+00   -0.000000e+00   -0.000000e+00   2.778015e+02   2.201265e-06   1.755656e+00
4.540000e+01   -2.518522e+00   -0.000000e+00   -0.000000e+00   2.779364e+02   2.173405e-06   1.734277e+00
4.550000e+01   -4.070785e+00   -0.000000e+00   -0.000000e+00   2.780648e+02   2.145968e-06   1.713175e+00
4.560000e+01   -5.950783e+00   -0.000000e+00   -0.000000e+00   2.781867e+02   2.118946e-06   1.692344e+00
4.570000e+01   -7.528173e+00   -0.000000e+00   -0.000000e+00   2.783023e+02   2.092329e-06   1.671780e+00
4.580000e+01   -8.172614e+00   -0.000000e+00   -0.000000e+00   2.784117e+02   2.066111e-06   1.651481e+00
4.590000e+01   -7.465463e+00   -0.000000e+00   -0.000000e+00   2.785149e+02   2.040283e-06   1.631440e+00
4.600000e+01   -5.817405e+00   -0.000000e+00   -0.000000e+00   2.786122e+02   2.014836e-06   1.611655e+00
4.610000e+01   -3.838943e+00   -0.000000e+00   -0.000000e+00   2.787034e+02   1.989764e-06   1.592122e+00
4.620000e+01   -2.140558e+00   -0.000000e+00   -0.000000e+00   2.787889e+02   1.965058e-06   1.572835e+00
4.630000e+01   -1.332733e+00   -0.000000e+00   -0.000000e+00   2.788687e+02   1.940710e-06   1.553791e+00
4.640000e+01   -1.752254e+00   -0.000000e+00   -0.000000e+00   2.789428e+02   1.916714e-06   1.534987e+00
4.650000e+01   -2.966826e+00   -0.000000e+00   -0.000000e+00   2.790114e+02   1.893060e-06   1.516417e+00
4.660000e+01   -4.479572e+00   -0.000000e+00   -0.000000e+00   2.790746e+02   1.869743e-06   1.498078e+00
4.670000e+01   -5.794189e+00   -0.000000e+00   -0.000000e+00   2.791325e+02   1.846754e-06   1.479966e+00
4.680000e+01   -6.414266e+00   -0.000000e+00   -0.000000e+00   2.791852e+02   1.824087e-06   1.462077e+00
4.690000e+01   -6.404163e+00   -0.000000e+00   -0.000000e+00   2.792329e+02   1.801734e-06   1.444407e+00
4.700000e+01   -6.383828e+00   -0.000000e+00   -0.000000e+00   2.792759e+02   1.779690e-06   1.426954e+00
4.710000e+01   -6.359300e+00   -0.000000e+00   -0.000000e+00   2.793145e+02   1.757947e-06   1.409716e+00
4.720000e+01   -6.330516e+00   -0.000000e+00   -0.000000e+00   2.793489e+02   1.736501e-06   1.392690e+00
4.730000e+01   -6.297414e+00   -0.000000e+00   -0.000000e+00   2.793794e+02   1.715346e-06   1.375873e+00
4.740000e+01   -6.164824e+00   -0.000000e+00   -0.000000e+00   2.794062e+02   1.694474e-06   1.359263e+00
4.750000e+01   -5.811409e+00   -0.000000e+00   -0.000000e+00   2.794297e+02   1.673882e-06   1.342857e+00
4.760000e+01   -5.294273e+00   -0.000000e+00   -0.000000e+00   2.794502e+02   1.653562e-06   1.326653e+00
4.770000e+01   -4.672944e+00   -0.000000e+00   -0.000000e+00   2.794678e+02   1.633511e-06   1.310648e+00
4.780000e+01   -4.006954e+00   -0.000000e+00   -0.000000e+00   2.794828e+02   1.613721e-06   1.294839e+00
4.790000e+01   -3.100734e+00   -0.000000e+00   -0.000000e+00   2.794956e+02   1.594188e-06   1.279225e+00
4.800000e+01   -1.718906e+00   -0.000000e+00   -0.000000e+00   2.795064e+02   1.574907e-06   1.263802e+00
4.810000e+01   -2.208041e-01   -0.000000e+00   -0.000000e+00   2.795154e+02   1.555872e-06   1.248567e+00
4.820000e+01   1.022591e+00   -0.000000e+00   -0.000000e+00   2.795230e+02   1.537078e-06   1.233519e+00
4.830000e+01   1.640301e+00   -0.000000e+00   -0.000000e+00   2.795293e+02   1.518521e-06   1.218654e+00
4.840000e+01   1.458873e+00   -0.000000e+00   -0.000000e+00   2.795348e+02   1.500195e-06   1.203971e+00
4.850000e+01   8.002547e-01   -0.000000e+00   -0.000000e+00   2.795395e+02   1.482096e-06   1.189466e+00
4.860000e+01   -1.689651e-01   -0.000000e+00   -0.000000e+00   2.795439e+02   1.464219e-06   1.175137e+00
4.870000e+01   -1.291018e+00   -0.000000e+00   -0.000000e+00   2.795482e+02   1.446559e-06   1.160981e+00
4.880000e+01   -2.408290e+00   -0.000000e+00   -0.000000e+00   2.795526e+02   1.429111e-06   1.146996e+00
4.890000e+01   -3.608283e+00   -0.000000e+00   -0.000000e+00   2.795572e+02   1.411874e-06   1.133180e+00
4.900000e+01   -5.201626e+00   -0.000000e+00   -0.000000e+00   2.795622e+02   1.394842e-06   1.119531e+00
4.910000e+01   -6.869133e+00   -0.000000e+00   -0.000000e+00   2.795676e+02   1.378015e-06   1.106046e+00
4.920000e+01   -8.267288e+00   -0.000000e+00   -0.000000e+00   2.795735e+02   1.361388e-06   1.092724e+00
4.930000e+01   -9.052575e+00   -0.000000e+00   -0.000000e+00   2.795800e+02   1.344960e-06   1.079562e+00
4.940000e+01   -9.178561e+00   -0.000000e+00   -0.000000e+00   2.795872e+02   1.328726e-06   1.066560e+00
4.950000e+01   -9.241575e+00   -0.000000e+00   -0.000000e+00   2.795952e+02   1.312685e-06   1.053713e+00
4.960000e+01   -9.275544e+00   -0.000000e+00   -0.000000e+00   2.796040e+02   1.296833e-06   1.041022e+00
4.970000e+01   -9.279166e+00   -0.000000e+00   -0.000000e+00   2.796138e+02   1.281168e-06   1.028483e+00
4.980000e+01   -9.251141e+00   -0.000000e+00   -0.000000e+00   2.796247e+02   1.265687e-06   1.016094e+00
4.990000e+01   -8.948654e+00   -0.000000e+00   -0.000000e+00   2.796366e+02   1.250387e-06   1.003855e+00
5.000000e+01   -7.885596e+00   -0.000000e+00   -0.000000e+00   2.796498e+02   1.235266e-06   9.917613e-01
5.010000e+01   -6.456149e+00   -0.000000e+00   -0.000000e+00   2.796642e+02   1.220320e-06   9.798125e-01
5.020000e+01   -5.105554e+00   -0.000000e+00   -0.000000e+00   2.796801e+02   1.205547e-06   9.680062e-01
5.030000e+01   -4.279051e+00   -0.000000e+00   -0.000000e+00   2.796974e+02   1.190945e-06   9.563403e-01
5.040000e+01   -4.175356e+00   -0.000000e+00   -0.000000e+00   2.797163e+02   1.176510e-06   9.448129e-01
5.050000e+01   -4.219506e+00   -0.000000e+00   -0.000000e+00   2.797368e+02   1.162241e-06   9.334220e-01
5.060000e+01   -4.330808e+00   -0.000000e+00   -0.000000e+00   2.797591e+02   1.148133e-06   9.221655e-01
5.070000e+01   -4.481444e+00   -0.000000e+00   -0.000000e+00   2.797832e+02   1.134186e-06   9.110414e-01
5.080000e+01   -4.643605e+00   -0.000000e+00   -0.000000e+00   2.798091e+02   1.120395e-06   9.000477e-01
5.090000e+01   -4.833858e+00   -0.000000e+00   -0.000000e+00   2.798364e+02   1.106762e-06   8.891828e-01
5.100000e+01   -5.153602e+00   -0.000000e+00   -0.000000e+00   2.798643e+02   1.093289e-06   8.784452e-01
5.110000e+01   -5.518744e+00   -0.000000e+00   -0.000000e+00   2.798918e+02   1.079976e-06   8.678337e-01
5.120000e+01   -5.828737e+00   -0.000000e+00   -0.000000e+00   2.799182e+02   1.066825e-06   8.573468e-01
5.130000e+01   -5.983033e+00   -0.000000e+00   -0.000000e+00   2.799426e+02   1.053837e-06   8.469830e-01
5.140000e+01   -5.920514e+00   -0.000000e+00   -0.000000e+00   2.799641e+02   1.041014e-06   8.367411e-01
5.150000e+01   -5.764378e+00   -0.000000e+00   -0.000000e+00   2.799818e+02   1.028356e-06   8.266196e-01
5.160000e+01   -5.572259e+00   -0.000000e+00   -0.000000e+00   2.799951e+02   1.015864e-06   8.166171e-01
5.170000e+01   -5.388120e+00   -0.000000e+00   -0.000000e+00   2.800029e+02   1.003540e-06   8.067323e-01
5.180000e+01   -5.255923e+00   -0.000000e+00   -0.000000e+00   2.800044e+02   9.913826e-07   7.969636e-01
5.190000e+01   -5.286371e+00   -0.000000e+00   -0.000000e+00   2.799988e+02   9.793932e-07   7.873099e-01
5.200000e+01   -5.721927e+00   -0.000000e+00   -0.000000e+00   2.799853e+02   9.675720e-07   7.777695e-01
5.210000e+01   -6.381755e+00   -0.000000e+00   -0.000000e+00   2.799630e+02   9.559192e-07   7.683412e-01
5.220000e+01   -7.037472e+00   -0.000000e+00   -0.000000e+00   2.799310e+02   9.444347e-07   7.590236e-01
5.230000e+01   -7.460693e+00   -0.000000e+00   -0.000000e+00   2.798885e+02   9.331186e-07   7.498153e-01
5.240000e+01   -7.249224e+00   -0.000000e+00   -0.000000e+00   2.798347e+02   9.219707e-07   7.407148e-01
5.250000e+01   -5.603067e+00   -0.000000e+00   -0.000000e+00   2.797686e+02   9.109909e-07   7.317207e-01
5.260000e+01   -3.005782e+00   -0.000000e+00   -0.000000e+00   2.796895e+02   9.001787e-07   7.228318e-01
5.270000e+01   -1.058306e-01   -0.000000e+00   -0.000000e+00   2.795965e+02   8.895337e-07   7.140466e-01
5.280000e+01   2.448328e+00   -0.000000e+00   -0.000000e+00   2.794888e+02   8.790556e-07   7.053636e-01
5.290000e+01   4.212417e+00   -0.000000e+00   -0.000000e+00   2.793657e+02   8.687428e-07   6.967816e-01
5.300000e+01   5.919318e+00   -0.000000e+00   -0.000000e+00   2.792279e+02   8.585911e-07   6.882996e-01
5.310000e+01   7.526383e+00   -0.000000e+00   -0.000000e+00   2.790759e+02   8.485958e-07   6.799165e-01
5.320000e+01   8.804478e+00   -0.000000e+00   -0.000000e+00   2.789106e+02   8.387522e-07   6.716314e-01
5.330000e+01   9.524465e+00   -0.000000e+00   -0.000000e+00   2.787325e+02   8.290560e-07   6.634432e-01
5.340000e+01   9.500110e+00   -0.000000e+00   -0.000000e+00   2.785423e+02   8.195028e-07   6.553511e-01
5.350000e+01   8.921229e+00   -0.000000e+00   -0.000000e+00   2.783409e+02   8.100884e-07   6.473539e-01
5.360000e+01   7.943913e+00   -0.000000e+00   -0.000000e+00   2.781288e+02   8.008088e-07   6.394508e-01
5.370000e+01   6.684601e+00   -0.000000e+00   -0.000000e+00   2.779067e+02   7.916600e-07   6.316407e-01
5.380000e+01   5.259733e+00   -0.000000e+00   -0.000000e+00   2.776754e+02   7.826381e-07   6.239226e-01
5.390000e+01   3.677973e+00   -0.000000e+00   -0.000000e+00   2.774355e+02   7.737393e-07   6.162955e-01
5.400000e+01   1.299817e+00   -0.000000e+00   -0.000000e+00   2.771877e+02   7.649601e-07   6.087586e-01
5.410000e+01   -1.666468e+00   -0.000000e+00   -0.000000e+00   2.769327e+02   7.562968e-07   6.013107e-01
5.420000e+01   -4.812696e+00   -0.000000e+00   -0.000000e+00   2.766713e+02   7.477460e-07   5.939508e-01
5.430000e+01   -7.730685e+00   -0.000000e+00   -0.000000e+00   2.764040e+02   7.393042e-07   5.866781e-01
5.440000e+01   -1.011792e+01   -0.000000e+00   -0.000000e+00   2.761316e+02   7.309683e-07   5.794915e-01
5.450000e+01   -1.256686e+01   -0.000000e+00   -0.000000e+00   2.758549e+02   7.227349e-07   5.723900e-01
5.460000e+01   -1.497361e+01   -0.000000e+00   -0.000000e+00   2.755744e+02   7.146011e-07   5.653727e-01
5.470000e+01   -1.700079e+01   -0.000000e+00   -0.000000e+00   2.752908e+02   7.065636e-07   5.584385e-01
5.480000e+01   -1.831098e+01   -0.000000e+00   -0.000000e+00   2.750049e+02   6.986195e-07   5.515864e-01
5.490000e+01   -1.862244e+01   -0.000000e+00   -0.000000e+00   2.747174e+02   6.907660e-07   5.448155e-01
5.500000e+01   -1.834852e+01   -0.000000e+00   -0.000000e+00   2.744287e+02   6.830008e-07   5.381248e-01
5.510000e+01   -1.775123e+01   -0.000000e+00   -0.000000e+00   2.741386e+02   6.753231e-07   5.315133e-01
5.520000e+01   -1.695758e+01   -0.000000e+00   -0.000000e+00   2.738471e+02   6.677322e-07   5.249801e-01
5.530000e+01   -1.609463e+01   -0.000000e+00   -0.000000e+00   2.735540e+02   6.602274e-07   5.185241e-01
5.540000e+01   -1.527421e+01   -0.000000e+00   -0.000000e+00   2.732591e+02   6.528079e-07   5.121445e-01
5.550000e+01   -1.438938e+01   -0.000000e+00   -0.000000e+00   2.729623e+02   6.454731e-07   5.058401e-01
5.560000e+01   -1.339180e+01   -0.000000e+00   -0.000000e+00   2.726635e+02   6.382222e-07   4.996101e-01
5.570000e+01   -1.228463e+01   -0.000000e+00   -0.000000e+00   2.723623e+02   6.310544e-07   4.934535e-01
5.580000e+01   -1.107103e+01   -0.000000e+00   -0.000000e+00   2.720588e+02   6.239689e-07   4.873693e-01
5.590000e+01   -9.713169e+00   -0.000000e+00   -0.000000e+00   2.717528e+02   6.169650e-07   4.813565e-01
5.600000e+01   -7.716856e+00   -0.000000e+00   -0.000000e+00   2.714440e+02   6.100418e-07   4.754142e-01
5.610000e+01   -5.350613e+00   -0.000000e+00   -0.000000e+00   2.711324e+02   6.031984e-07   4.695414e-01
5.620000e+01   -3.149760e+00   -0.000000e+00   -0.000000e+00   2.708177e+02   5.964340e-07   4.637371e-01
5.630000e+01   -1.649620e+00   -0.000000e+00   -0.000000e+00   2.704999e+02   5.897479e-07   4.580004e-01
5.640000e+01   -1.343258e+00   -0.000000e+00   -0.000000e+00   2.701787e+02   5.831390e-07   4.523302e-01
5.650000e+01   -1.755415e+00   -0.000000e+00   -0.000000e+00   2.698541e+02   5.766065e-07   4.467256e-01
5.660000e+01   -2.475599e+00   -0.000000e+00   -0.000000e+00   2.695258e+02   5.701495e-07   4.411857e-01
5.670000e+01   -3.351223e+00   -0.000000e+00   -0.000000e+00   2.691937e+02   5.637671e-07   4.357094e-01
5.680000e+01   -4.229699e+00   -0.000000e+00   -0.000000e+00   2.688576e+02   5.574584e-07   4.302959e-01
5.690000e+01   -4.964136e+00   -0.000000e+00   -0.000000e+00   2.685174e+02   5.512224e-07   4.249440e-01
5.700000e+01   -5.592521e+00   -0.000000e+00   -0.000000e+00   2.681730e+02   5.450581e-07   4.196529e-01
5.710000e+01   -6.195956e+00   -0.000000e+00   -0.000000e+00   2.678241e+02   5.389648e-07   4.144216e-01
5.720000e+01   -6.812206e+00   -0.000000e+00   -0.000000e+00   2.674704e+02   5.329421e-07   4.092494e-01
5.730000e+01   -7.478950e+00   -0.000000e+00   -0.000000e+00   2.671115e+02   5.269897e-07   4.041356e-01
5.740000e+01   -8.234641e+00   -0.000000e+00   -0.000000e+00   2.667472e+02   5.211073e-07   3.990795e-01
5.750000e+01   -9.122481e+00   -0.000000e+00   -0.000000e+00   2.663771e+02   5.152944e-07   3.940803e-01
5.760000e+01   -1.011799e+01   -0.000000e+00   -0.000000e+00   2.660009e+02   5.095508e-07   3.891373e-01
5.770000e+01   -1.117542e+01   -0.000000e+00   -0.000000e+00   2.656181e+02   5.038760e-07   3.842499e-01
5.780000e+01   -1.224899e+01   -0.000000e+00   -0.000000e+00   2.652286e+02   4.982696e-07   3.794173e-01
5.790000e+01   -1.329904e+01   -0.000000e+00   -0.000000e+00   2.648319e+02   4.927312e-07   3.746387e-01
5.800000e+01   -1.452027e+01   -0.000000e+00   -0.000000e+00   2.644277e+02   4.872602e-07   3.699136e-01
5.810000e+01   -1.586324e+01   -0.000000e+00   -0.000000e+00   2.640157e+02   4.818563e-07   3.652411e-01
5.820000e+01   -1.710559e+01   -0.000000e+00   -0.000000e+00   2.635955e+02   4.765189e-07   3.606205e-01
5.830000e+01   -1.802500e+01   -0.000000e+00   -0.000000e+00   2.631668e+02   4.712474e-07   3.560512e-01
5.840000e+01   -1.839878e+01   -0.000000e+00   -0.000000e+00   2.627293e+02   4.660414e-07   3.515324e-01
5.850000e+01   -1.807858e+01   -0.000000e+00   -0.000000e+00   2.622826e+02   4.609003e-07   3.470634e-01
5.860000e+01   -1.722452e+01   -0.000000e+00   -0.000000e+00   2.618264e+02   4.558235e-07   3.426435e-01
5.870000e+01   -1.606749e+01   -0.000000e+00   -0.000000e+00   2.613603e+02   4.508104e-07   3.382720e-01
5.880000e+01   -1.483842e+01   -0.000000e+00   -0.000000e+00   2.608841e+02   4.458605e-07   3.339481e-01
5.890000e+01   -1.376473e+01   -0.000000e+00   -0.000000e+00   2.603973e+02   4.409731e-07   3.296711e-01
5.900000e+01   -1.265562e+01   -0.000000e+00   -0.000000e+00   2.598997e+02   4.361475e-07   3.254404e-01
5.910000e+01   -1.141729e+01   -0.000000e+00   -0.000000e+00   2.593908e+02   4.313832e-07   3.212552e-01
5.920000e+01   -1.023222e+01   -0.000000e+00   -0.000000e+00   2.588708e+02   4.266789e-07   3.171149e-01
5.930000e+01   -9.283071e+00   -0.000000e+00   -0.000000e+00   2.583404e+02   4.220326e-07   3.130191e-01
5.940000e+01   -8.751259e+00   -0.000000e+00   -0.000000e+00   2.578008e+02   4.174418e-07   3.089673e-01
5.950000e+01   -8.469108e+00   -0.000000e+00   -0.000000e+00   2.572529e+02   4.129042e-07   3.049593e-01
5.960000e+01   -8.233431e+00   -0.000000e+00   -0.000000e+00   2.566977e+02   4.084176e-07   3.009947e-01
5.970000e+01   -8.065248e+00   -0.000000e+00   -0.000000e+00   2.561364e+02   4.039798e-07   2.970731e-01
5.980000e+01   -7.985577e+00   -0.000000e+00   -0.000000e+00   2.555700e+02   3.995886e-07   2.931941e-01
5.990000e+01   -8.015499e+00   -0.000000e+00   -0.000000e+00   2.549994e+02   3.952420e-07   2.893574e-01
6.000000e+01   -8.215418e+00   -0.000000e+00   -0.000000e+00   2.544258e+02   3.909380e-07   2.855626e-01
6.010000e+01   -8.558262e+00   -0.000000e+00   -0.000000e+00   2.538501e+02   3.866747e-07   2.818093e-01
6.020000e+01   -8.944908e+00   -0.000000e+00   -0.000000e+00   2.532734e+02   3.824501e-07   2.780972e-01
6.030000e+01   -9.276229e+00   -0.000000e+00   -0.000000e+00   2.526967e+02   3.782624e-07   2.744259e-01
6.040000e+01   -9.453102e+00   -0.000000e+00   -0.000000e+00   2.521212e+02   3.741098e-07   2.707951e-01
6.050000e+01   -9.394297e+00   -0.000000e+00   -0.000000e+00   2.515477e+02   3.699906e-07   2.672043e-01
6.060000e+01   -9.159848e+00   -0.000000e+00   -0.000000e+00   2.509774e+02   3.659031e-07   2.636532e-01
6.070000e+01   -8.862525e+00   -0.000000e+00   -0.000000e+00   2.504112e+02   3.618457e-07   2.601414e-01
6.080000e+01   -8.615100e+00   -0.000000e+00   -0.000000e+00   2.498503e+02   3.578167e-07   2.566686e-01
6.090000e+01   -8.530344e+00   -0.000000e+00   -0.000000e+00   2.492956e+02   3.538147e-07   2.532344e-01
6.100000e+01   -8.699811e+00   -0.000000e+00   -0.000000e+00   2.487481e+02   3.498381e-07   2.498384e-01
6.110000e+01   -9.095945e+00   -0.000000e+00   -0.000000e+00   2.482091e+02   3.458854e-07   2.464803e-01
6.120000e+01   -9.651335e+00   -0.000000e+00   -0.000000e+00   2.476793e+02   3.419555e-07   2.431597e-01
6.130000e+01   -1.029877e+01   -0.000000e+00   -0.000000e+00   2.471588e+02   3.380483e-07   2.398762e-01
6.140000e+01   -1.097123e+01   -0.000000e+00   -0.000000e+00   2.466470e+02   3.341650e-07   2.366296e-01
6.150000e+01   -1.190215e+01   -0.000000e+00   -0.000000e+00   2.461428e+02   3.303070e-07   2.334196e-01
6.160000e+01   -1.324132e+01   -0.000000e+00   -0.000000e+00   2.456456e+02   3.264753e-07   2.302458e-01
6.170000e+01   -1.464896e+01   -0.000000e+00   -0.000000e+00   2.451544e+02   3.226712e-07   2.271079e-01
6.180000e+01   -1.578354e+01   -0.000000e+00   -0.000000e+00   2.446685e+02   3.188956e-07   2.240056e-01
6.190000e+01   -1.630355e+01   -0.000000e+00   -0.000000e+00   2.441869e+02   3.151498e-07   2.209387e-01
6.200000e+01   -1.630499e+01   -0.000000e+00   -0.000000e+00   2.437089e+02   3.114346e-07   2.179067e-01
6.210000e+01   -1.628949e+01   -0.000000e+00   -0.000000e+00   2.432337e+02   3.077511e-07   2.149095e-01
6.220000e+01   -1.626240e+01   -0.000000e+00   -0.000000e+00   2.427603e+02   3.041001e-07   2.119467e-01
6.230000e+01   -1.622426e+01   -0.000000e+00   -0.000000e+00   2.422880e+02   3.004826e-07   2.090180e-01
6.240000e+01   -1.617556e+01   -0.000000e+00   -0.000000e+00   2.418160e+02   2.968993e-07   2.061230e-01
6.250000e+01   -1.561030e+01   -0.000000e+00   -0.000000e+00   2.413433e+02   2.933510e-07   2.032615e-01
6.260000e+01   -1.405497e+01   -0.000000e+00   -0.000000e+00   2.408693e+02   2.898385e-07   2.004332e-01
6.270000e+01   -1.210964e+01   -0.000000e+00   -0.000000e+00   2.403930e+02   2.863624e-07   1.976378e-01
6.280000e+01   -1.038823e+01   -0.000000e+00   -0.000000e+00   2.399135e+02   2.829234e-07   1.948749e-01
6.290000e+01   -9.504639e+00   -0.000000e+00   -0.000000e+00   2.394302e+02   2.795221e-07   1.921443e-01
6.300000e+01   -9.583346e+00   -0.000000e+00   -0.000000e+00   2.389421e+02   2.761592e-07   1.894456e-01
6.310000e+01   -9.915337e+00   -0.000000e+00   -0.000000e+00   2.384485e+02   2.728351e-07   1.867786e-01
6.320000e+01   -1.034437e+01   -0.000000e+00   -0.000000e+00   2.379484e+02   2.695503e-07   1.841429e-01
6.330000e+01   -1.073033e+01   -0.000000e+00   -0.000000e+00   2.374417e+02   2.663046e-07   1.815382e-01
6.340000e+01   -1.093311e+01   -0.000000e+00   -0.000000e+00   2.369286e+02   2.630973e-07   1.789642e-01
6.350000e+01   -1.028271e+01   -0.000000e+00   -0.000000e+00   2.364095e+02   2.599274e-07   1.764207e-01
6.360000e+01   -8.075029e+00   -0.000000e+00   -0.000000e+00   2.358848e+02   2.567943e-07   1.739072e-01
6.370000e+01   -5.109785e+00   -0.000000e+00   -0.000000e+00   2.353547e+02   2.536970e-07   1.714236e-01
6.380000e+01   -2.226361e+00   -0.000000e+00   -0.000000e+00   2.348196e+02   2.506349e-07   1.689694e-01
6.390000e+01   -2.641349e-01   -0.000000e+00   -0.000000e+00   2.342798e+02   2.476071e-07   1.665445e-01
6.400000e+01   5.560268e-01   -0.000000e+00   -0.000000e+00   2.337356e+02   2.446129e-07   1.641484e-01
6.410000e+01   1.237636e+00   -0.000000e+00   -0.000000e+00   2.331875e+02   2.416517e-07   1.617810e-01
6.420000e+01   1.787471e+00   -0.000000e+00   -0.000000e+00   2.326357e+02   2.387225e-07   1.594418e-01
6.430000e+01   2.162245e+00   -0.000000e+00   -0.000000e+00   2.320806e+02   2.358248e-07   1.571306e-01
6.440000e+01   2.318668e+00   -0.000000e+00   -0.000000e+00   2.315224e+02   2.329579e-07   1.548470e-01
6.450000e+01   2.031807e+00   -0.000000e+00   -0.000000e+00   2.309616e+02   2.301210e-07   1.525909e-01
6.460000e+01   9.483614e-01   -0.000000e+00   -0.000000e+00   2.303985e+02   2.273136e-07   1.503617e-01
6.470000e+01   -6.835037e-01   -0.000000e+00   -0.000000e+00   2.298333e+02   2.245349e-07   1.481594e-01
6.480000e+01   -2.587821e+00   -0.000000e+00   -0.000000e+00   2.292665e+02   2.217843e-07   1.459835e-01
6.490000e+01   -4.488622e+00   -0.000000e+00   -0.000000e+00   2.286984e+02   2.190611e-07   1.438337e-01
6.500000e+01   -6.298518e+00   -0.000000e+00   -0.000000e+00   2.281292e+02   2.163648e-07   1.417098e-01
6.510000e+01   -8.353144e+00   -0.000000e+00   -0.000000e+00   2.275594e+02   2.136947e-07   1.396114e-01
6.520000e+01   -1.054419e+01   -0.000000e+00   -0.000000e+00   2.269892e+02   2.110503e-07   1.375383e-01
6.530000e+01   -1.273020e+01   -0.000000e+00   -0.000000e+00   2.264184e+02   2.084316e-07   1.354902e-01
6.540000e+01   -1.476957e+01   -0.000000e+00   -0.000000e+00   2.258469e+02   2.058387e-07   1.334669e-01
6.550000e+01   -1.667242e+01   -0.000000e+00   -0.000000e+00   2.252744e+02   2.032716e-07   1.314683e-01
6.560000e+01   -1.873177e+01   -0.000000e+00   -0.000000e+00   2.247007e+02   2.007304e-07   1.294941e-01
6.570000e+01   -2.071991e+01   -0.000000e+00   -0.000000e+00   2.241255e+02   1.982152e-07   1.275441e-01
6.580000e+01   -2.236882e+01   -0.000000e+00   -0.000000e+00   2.235487e+02   1.957258e-07   1.256182e-01
6.590000e+01   -2.341053e+01   -0.000000e+00   -0.000000e+00   2.229700e+02   1.932625e-07   1.237162e-01
6.600000e+01   -2.377899e+01   -0.000000e+00   -0.000000e+00   2.223892e+02   1.908252e-07   1.218377e-01
6.610000e+01   -2.406152e+01   -0.000000e+00   -0.000000e+00   2.218062e+02   1.884139e-07   1.199828e-01
6.620000e+01   -2.431709e+01   -0.000000e+00   -0.000000e+00   2.212205e+02   1.860287e-07   1.181511e-01
6.630000e+01   -2.454293e+01   -0.000000e+00   -0.000000e+00   2.206322e+02   1.836694e-07   1.163424e-01
6.640000e+01   -2.473629e+01   -0.000000e+00   -0.000000e+00   2.200408e+02   1.813362e-07   1.145566e-01
6.650000e+01   -2.466697e+01   -0.000000e+00   -0.000000e+00   2.194462e+02   1.790290e-07   1.127935e-01
6.660000e+01   -2.362542e+01   -0.000000e+00   -0.000000e+00   2.188483e+02   1.767478e-07   1.110528e-01
6.670000e+01   -2.202834e+01   -0.000000e+00   -0.000000e+00   2.182467e+02   1.744925e-07   1.093343e-01
6.680000e+01   -2.040781e+01   -0.000000e+00   -0.000000e+00   2.176412e+02   1.722630e-07   1.076380e-01
6.690000e+01   -1.929587e+01   -0.000000e+00   -0.000000e+00   2.170316e+02   1.700595e-07   1.059635e-01
6.700000e+01   -1.901072e+01   -0.000000e+00   -0.000000e+00   2.164178e+02   1.678817e-07   1.043107e-01
6.710000e+01   -1.887889e+01   -0.000000e+00   -0.000000e+00   2.157996e+02   1.657296e-07   1.026793e-01
6.720000e+01   -1.880458e+01   -0.000000e+00   -0.000000e+00   2.151776e+02   1.636023e-07   1.010692e-01
6.730000e+01   -1.880083e+01   -0.000000e+00   -0.000000e+00   2.145525e+02   1.614992e-07   9.948013e-02
6.740000e+01   -1.888071e+01   -0.000000e+00   -0.000000e+00   2.139247e+02   1.594197e-07   9.791189e-02
6.750000e+01   -1.904862e+01   -0.000000e+00   -0.000000e+00   2.132951e+02   1.573630e-07   9.636425e-02
6.760000e+01   -1.926194e+01   -0.000000e+00   -0.000000e+00   2.126641e+02   1.553286e-07   9.483701e-02
6.770000e+01   -1.950222e+01   -0.000000e+00   -0.000000e+00   2.120324e+02   1.533156e-07   9.332995e-02
6.780000e+01   -1.975668e+01   -0.000000e+00   -0.000000e+00   2.114007e+02   1.513236e-07   9.184285e-02
6.790000e+01   -2.001257e+01   -0.000000e+00   -0.000000e+00   2.107694e+02   1.493519e-07   9.037549e-02
6.800000e+01   -2.026331e+01   -0.000000e+00   -0.000000e+00   2.101393e+02   1.473999e-07   8.892768e-02
6.810000e+01   -2.053191e+01   -0.000000e+00   -0.000000e+00   2.095110e+02   1.454671e-07   8.749918e-02
6.820000e+01   -2.080822e+01   -0.000000e+00   -0.000000e+00   2.088851e+02   1.435529e-07   8.608979e-02
6.830000e+01   -2.107574e+01   -0.000000e+00   -0.000000e+00   2.082622e+02   1.416567e-07   8.469928e-02
6.840000e+01   -2.131797e+01   -0.000000e+00   -0.000000e+00   2.076429e+02   1.397780e-07   8.332746e-02
6.850000e+01   -2.152247e+01   -0.000000e+00   -0.000000e+00   2.070278e+02   1.379163e-07   8.197409e-02
6.860000e+01   -2.170964e+01   -0.000000e+00   -0.000000e+00   2.064176e+02   1.360711e-07   8.063896e-02
6.870000e+01   -2.189232e+01   -0.000000e+00   -0.000000e+00   2.058129e+02   1.342418e-07   7.932187e-02
6.880000e+01   -2.207922e+01   -0.000000e+00   -0.000000e+00   2.052143e+02   1.324281e-07   7.802259e-02
6.890000e+01   -2.227902e+01   -0.000000e+00   -0.000000e+00   2.046224e+02   1.306295e-07   7.674091e-02
6.900000e+01   -2.255041e+01   -0.000000e+00   -0.000000e+00   2.040372e+02   1.288460e-07   7.547663e-02
6.910000e+01   -2.321874e+01   -0.000000e+00   -0.000000e+00   2.034584e+02   1.270775e-07   7.422953e-02
6.920000e+01   -2.414653e+01   -0.000000e+00   -0.000000e+00   2.028859e+02   1.253243e-07   7.299943e-02
6.930000e+01   -2.509677e+01   -0.000000e+00   -0.000000e+00   2.023193e+02   1.235864e-07   7.178610e-02
6.940000e+01   -2.583247e+01   -0.000000e+00   -0.000000e+00   2.017585e+02   1.218639e-07   7.058936e-02
6.950000e+01   -2.609168e+01   -0.000000e+00   -0.000000e+00   2.012032e+02   1.201569e-07   6.940900e-02
6.960000e+01   -2.558957e+01   -0.000000e+00   -0.000000e+00   2.006531e+02   1.184653e-07   6.824480e-02
6.970000e+01   -2.455959e+01   -0.000000e+00   -0.000000e+00   2.001081e+02   1.167894e-07   6.709658e-02
6.980000e+01   -2.332495e+01   -0.000000e+00   -0.000000e+00   1.995678e+02   1.151291e-07   6.596413e-02
6.990000e+01   -2.220887e+01   -0.000000e+00   -0.000000e+00   1.990321e+02   1.134844e-07   6.484723e-02
7.000000e+01   -2.149576e+01   -0.000000e+00   -0.000000e+00   1.985006e+02   1.118553e-07   6.374570e-02
7.010000e+01   -2.097626e+01   -0.000000e+00   -0.000000e+00   1.979732e+02   1.102420e-07   6.265933e-02
7.020000e+01   -2.052782e+01   -0.000000e+00   -0.000000e+00   1.974496e+02   1.086443e-07   6.158791e-02
7.030000e+01   -2.012002e+01   -0.000000e+00   -0.000000e+00   1.969295e+02   1.070622e-07   6.053124e-02
7.040000e+01   -1.972242e+01   -0.000000e+00   -0.000000e+00   1.964128e+02   1.054958e-07   5.948911e-02
7.050000e+01   -1.929559e+01   -0.000000e+00   -0.000000e+00   1.958991e+02   1.039450e-07   5.846133e-02
7.060000e+01   -1.874158e+01   -0.000000e+00   -0.000000e+00   1.953883e+02   1.024098e-07   5.744769e-02
7.070000e+01   -1.814788e+01   -0.000000e+00   -0.000000e+00   1.948801e+02   1.008901e-07   5.644798e-02
7.080000e+01   -1.765026e+01   -0.000000e+00   -0.000000e+00   1.943741e+02   9.938598e-08   5.546204e-02
7.090000e+01   -1.738446e+01   -0.000000e+00   -0.000000e+00   1.938698e+02   9.789760e-08   5.448973e-02
7.100000e+01   -1.751054e+01   -0.000000e+00   -0.000000e+00   1.933668e+02   9.642517e-08   5.353091e-02
7.110000e+01   -1.838965e+01   -0.000000e+00   -0.000000e+00   1.928644e+02   9.496885e-08   5.258547e-02
7.120000e+01   -1.977558e+01   -0.000000e+00   -0.000000e+00   1.923623e+02   9.352882e-08   5.165326e-02
7.130000e+01   -2.124416e+01   -0.000000e+00   -0.000000e+00   1.918598e+02   9.210521e-08   5.073415e-02
7.140000e+01   -2.237124e+01   -0.000000e+00   -0.000000e+00   1.913564e+02   9.069815e-08   4.982803e-02
7.150000e+01   -2.275757e+01   -0.000000e+00   -0.000000e+00   1.908516e+02   8.930777e-08   4.893476e-02
7.160000e+01   -2.260114e+01   -0.000000e+00   -0.000000e+00   1.903449e+02   8.793416e-08   4.805420e-02
7.170000e+01   -2.212597e+01   -0.000000e+00   -0.000000e+00   1.898359e+02   8.657742e-08   4.718623e-02
7.180000e+01   -2.141304e+01   -0.000000e+00   -0.000000e+00   1.893238e+02   8.523762e-08   4.633072e-02
7.190000e+01   -2.054335e+01   -0.000000e+00   -0.000000e+00   1.888084e+02   8.391484e-08   4.548753e-02
7.200000e+01   -1.955455e+01   -0.000000e+00   -0.000000e+00   1.882889e+02   8.260913e-08   4.465654e-02
7.210000e+01   -1.761230e+01   -0.000000e+00   -0.000000e+00   1.877649e+02   8.132052e-08   4.383762e-02
7.220000e+01   -1.491854e+01   -0.000000e+00   -0.000000e+00   1.872360e+02   8.004905e-08   4.303064e-02
7.230000e+01   -1.220710e+01   -0.000000e+00   -0.000000e+00   1.867015e+02   7.879473e-08   4.223546e-02
7.240000e+01   -1.021176e+01   -0.000000e+00   -0.000000e+00   1.861609e+02   7.755759e-08   4.145196e-02
7.250000e+01   -9.652223e+00   -0.000000e+00   -0.000000e+00   1.856137e+02   7.633761e-08   4.068001e-02
7.260000e+01   -1.050347e+01   -0.000000e+00   -0.000000e+00   1.850595e+02   7.513479e-08   3.991947e-02
7.270000e+01   -1.218423e+01   -0.000000e+00   -0.000000e+00   1.844977e+02   7.394906e-08   3.917023e-02
7.280000e+01   -1.420950e+01   -0.000000e+00   -0.000000e+00   1.839282e+02   7.278032e-08   3.843215e-02
7.290000e+01   -1.609431e+01   -0.000000e+00   -0.000000e+00   1.833507e+02   7.162845e-08   3.770512e-02
7.300000e+01   -1.736956e+01   -0.000000e+00   -0.000000e+00   1.827648e+02   7.049331e-08   3.698902e-02
7.310000e+01   -1.836198e+01   -0.000000e+00   -0.000000e+00   1.821705e+02   6.937477e-08   3.628373e-02
7.320000e+01   -1.930003e+01   -0.000000e+00   -0.000000e+00   1.815673e+02   6.827271e-08   3.558912e-02
7.330000e+01   -2.005653e+01   -0.000000e+00   -0.000000e+00   1.809552e+02   6.718699e-08   3.490508e-02
7.340000e+01   -2.050432e+01   -0.000000e+00   -0.000000e+00   1.803338e+02   6.611747e-08   3.423148e-02
7.350000e+01   -2.051793e+01   -0.000000e+00   -0.000000e+00   1.797029e+02   6.506401e-08   3.356821e-02
7.360000e+01   -2.014250e+01   -0.000000e+00   -0.000000e+00   1.790622e+02   6.402646e-08   3.291514e-02
7.370000e+01   -1.954763e+01   -0.000000e+00   -0.000000e+00   1.784115e+02   6.300468e-08   3.227216e-02
7.380000e+01   -1.886360e+01   -0.000000e+00   -0.000000e+00   1.777506e+02   6.199851e-08   3.163914e-02
7.390000e+01   -1.822071e+01   -0.000000e+00   -0.000000e+00   1.770792e+02   6.100781e-08   3.101596e-02
7.400000e+01   -1.774775e+01   -0.000000e+00   -0.000000e+00   1.763970e+02   6.003243e-08   3.040251e-02
7.410000e+01   -1.737112e+01   -0.000000e+00   -0.000000e+00   1.757038e+02   5.907219e-08   2.979866e-02
7.420000e+01   -1.698982e+01   -0.000000e+00   -0.000000e+00   1.749994e+02   5.812696e-08   2.920428e-02
7.430000e+01   -1.660848e+01   -0.000000e+00   -0.000000e+00   1.742835e+02   5.719655e-08   2.861927e-02
7.440000e+01   -1.623171e+01   -0.000000e+00   -0.000000e+00   1.735559e+02   5.628082e-08   2.804350e-02
7.450000e+01   -1.586689e+01   -0.000000e+00   -0.000000e+00   1.728163e+02   5.537960e-08   2.747684e-02
7.460000e+01   -1.612859e+01   -0.000000e+00   -0.000000e+00   1.720645e+02   5.449272e-08   2.691919e-02
7.470000e+01   -1.714104e+01   -0.000000e+00   -0.000000e+00   1.713001e+02   5.362001e-08   2.637041e-02
7.480000e+01   -1.841047e+01   -0.000000e+00   -0.000000e+00   1.705233e+02   5.276125e-08   2.583040e-02
7.490000e+01   -1.944375e+01   -0.000000e+00   -0.000000e+00   1.697347e+02   5.191602e-08   2.529906e-02
7.500000e+01   -1.974850e+01   -0.000000e+00   -0.000000e+00   1.689352e+02   5.108387e-08   2.477629e-02
7.510000e+01   -1.949143e+01   -0.000000e+00   -0.000000e+00   1.681260e+02   5.026433e-08   2.426203e-02
7.520000e+01   -1.913599e+01   -0.000000e+00   -0.000000e+00   1.673080e+02   4.945699e-08   2.375618e-02
7.530000e+01   -1.873766e+01   -0.000000e+00   -0.000000e+00   1.664821e+02   4.866141e-08   2.325865e-02
7.540000e+01   -1.835190e+01   -0.000000e+00   -0.000000e+00   1.656494e+02   4.787720e-08   2.276936e-02
7.550000e+01   -1.803417e+01   -0.000000e+00   -0.000000e+00   1.648108e+02   4.710397e-08   2.228823e-02
7.560000e+01   -1.801285e+01   -0.000000e+00   -0.000000e+00   1.639673e+02   4.634134e-08   2.181515e-02
7.570000e+01   -1.837365e+01   -0.000000e+00   -0.000000e+00   1.631200e+02   4.558894e-08   2.135006e-02
7.580000e+01   -1.895811e+01   -0.000000e+00   -0.000000e+00   1.622698e+02   4.484642e-08   2.089286e-02
7.590000e+01   -1.960775e+01   -0.000000e+00   -0.000000e+00   1.614177e+02   4.411345e-08   2.044347e-02
7.600000e+01   -2.016411e+01   -0.000000e+00   -0.000000e+00   1.605647e+02   4.338970e-08   2.000180e-02
7.610000e+01   -2.074967e+01   -0.000000e+00   -0.000000e+00   1.597118e+02   4.267484e-08   1.956776e-02
7.620000e+01   -2.149517e+01   -0.000000e+00   -0.000000e+00   1.588599e+02   4.196857e-08   1.914127e-02
7.630000e+01   -2.219460e+01   -0.000000e+00   -0.000000e+00   1.580101e+02   4.127061e-08   1.872224e-02
7.640000e+01   -2.264161e+01   -0.000000e+00   -0.000000e+00   1.571633e+02   4.058065e-08   1.831059e-02
7.650000e+01   -2.262985e+01   -0.000000e+00   -0.000000e+00   1.563205e+02   3.989843e-08   1.790623e-02
7.660000e+01   -2.226032e+01   -0.000000e+00   -0.000000e+00   1.554827e+02   3.922369e-08   1.750907e-02
7.670000e+01   -2.184711e+01   -0.000000e+00   -0.000000e+00   1.546510e+02   3.855617e-08   1.711902e-02
7.680000e+01   -2.138389e+01   -0.000000e+00   -0.000000e+00   1.538262e+02   3.789563e-08   1.673601e-02
7.690000e+01   -2.086291e+01   -0.000000e+00   -0.000000e+00   1.530095e+02   3.724183e-08   1.635994e-02
7.700000e+01   -2.027640e+01   -0.000000e+00   -0.000000e+00   1.522016e+02   3.659455e-08   1.599072e-02
7.710000e+01   -1.937654e+01   -0.000000e+00   -0.000000e+00   1.514038e+02   3.595358e-08   1.562828e-02
7.720000e+01   -1.792077e+01   -0.000000e+00   -0.000000e+00   1.506169e+02   3.531871e-08   1.527252e-02
7.730000e+01   -1.608910e+01   -0.000000e+00   -0.000000e+00   1.498419e+02   3.468975e-08   1.492336e-02
7.740000e+01   -1.406490e+01   -0.000000e+00   -0.000000e+00   1.490792e+02   3.406664e-08   1.458072e-02
7.750000e+01   -1.203179e+01   -0.000000e+00   -0.000000e+00   1.483282e+02   3.344961e-08   1.424449e-02
7.760000e+01   -9.748295e+00   -0.000000e+00   -0.000000e+00   1.475878e+02   3.283888e-08   1.391461e-02
7.770000e+01   -6.884456e+00   -0.000000e+00   -0.000000e+00   1.468571e+02   3.223469e-08   1.359098e-02
7.780000e+01   -3.928303e+00   -0.000000e+00   -0.000000e+00   1.461353e+02   3.163725e-08   1.327352e-02
7.790000e+01   -1.378862e+00   -0.000000e+00   -0.000000e+00   1.454213e+02   3.104674e-08   1.296213e-02
7.800000e+01   2.648442e-01   -0.000000e+00   -0.000000e+00   1.447144e+02   3.046337e-08   1.265674e-02
7.810000e+01   1.052870e+00   -0.000000e+00   -0.000000e+00   1.440135e+02   2.988729e-08   1.235726e-02
7.820000e+01   1.773780e+00   -0.000000e+00   -0.000000e+00   1.433178e+02   2.931867e-08   1.206360e-02
7.830000e+01   2.443198e+00   -0.000000e+00   -0.000000e+00   1.426264e+02   2.875765e-08   1.177567e-02
7.840000e+01   3.057079e+00   -0.000000e+00   -0.000000e+00   1.419382e+02   2.820436e-08   1.149339e-02
7.850000e+01   3.611376e+00   -0.000000e+00   -0.000000e+00   1.412525e+02   2.765893e-08   1.121667e-02
7.860000e+01   3.707221e+00   -0.000000e+00   -0.000000e+00   1.405682e+02   2.712145e-08   1.094542e-02
7.870000e+01   2.835573e+00   -0.000000e+00   -0.000000e+00   1.398845e+02   2.659203e-08   1.067956e-02
7.880000e+01   1.536707e+00   -0.000000e+00   -0.000000e+00   1.392005e+02   2.607073e-08   1.041901e-02
7.890000e+01   3.793987e-01   -0.000000e+00   -0.000000e+00   1.385152e+02   2.555763e-08   1.016367e-02
7.900000e+01   -6.758067e-02   -0.000000e+00   -0.000000e+00   1.378277e+02   2.505279e-08   9.913455e-03
7.910000e+01   3.820775e-01   -0.000000e+00   -0.000000e+00   1.371371e+02   2.455625e-08   9.668286e-03
7.920000e+01   1.066672e+00   -0.000000e+00   -0.000000e+00   1.364425e+02   2.406805e-08   9.428073e-03
7.930000e+01   1.858584e+00   -0.000000e+00   -0.000000e+00   1.357430e+02   2.358820e-08   9.192729e-03
7.940000e+01   2.659675e+00   -0.000000e+00   -0.000000e+00   1.350376e+02   2.311671e-08   8.962169e-03
7.950000e+01   3.374377e+00   -0.000000e+00   -0.000000e+00   1.343272e+02   2.265337e-08   8.736332e-03
7.960000e+01   3.940038e+00   -0.000000e+00   -0.000000e+00   1.336139e+02   2.219780e-08   8.515182e-03
7.970000e+01   4.418765e+00   -0.000000e+00   -0.000000e+00   1.329002e+02   2.174960e-08   8.298685e-03
7.980000e+01   4.872812e+00   -0.000000e+00   -0.000000e+00   1.321883e+02   2.130844e-08   8.086806e-03
7.990000e+01   5.362239e+00   -0.000000e+00   -0.000000e+00   1.314806e+02   2.087398e-08   7.879510e-03
8.000000e+01   5.947106e+00   -0.000000e+00   -0.000000e+00   1.307794e+02   2.044591e-08   7.676762e-03
8.010000e+01   7.027372e+00   -0.000000e+00   -0.000000e+00   1.300870e+02   2.002395e-08   7.478527e-03
8.020000e+01   9.285701e+00   -0.000000e+00   -0.000000e+00   1.294059e+02   1.960783e-08   7.284772e-03
8.030000e+01   1.210346e+01   -0.000000e+00   -0.000000e+00   1.287383e+02   1.919731e-08   7.095460e-03
8.040000e+01   1.478828e+01   -0.000000e+00   -0.000000e+00   1.280866e+02   1.879218e-08   6.910558e-03
8.050000e+01   1.664783e+01   -0.000000e+00   -0.000000e+00   1.274531e+02   1.839223e-08   6.730031e-03
8.060000e+01   1.740675e+01   -0.000000e+00   -0.000000e+00   1.268401e+02   1.799728e-08   6.553843e-03
8.070000e+01   1.804494e+01   -0.000000e+00   -0.000000e+00   1.262498e+02   1.760721e-08   6.381954e-03
8.080000e+01   1.864263e+01   -0.000000e+00   -0.000000e+00   1.256829e+02   1.722199e-08   6.214295e-03
8.090000e+01   1.918727e+01   -0.000000e+00   -0.000000e+00   1.251401e+02   1.684160e-08   6.050793e-03
8.100000e+01   1.966631e+01   -0.000000e+00   -0.000000e+00   1.246220e+02   1.646605e-08   5.891373e-03
8.110000e+01   1.991184e+01   -0.000000e+00   -0.000000e+00   1.241292e+02   1.609534e-08   5.735963e-03
8.120000e+01   1.951568e+01   -0.000000e+00   -0.000000e+00   1.236623e+02   1.572945e-08   5.584488e-03
8.130000e+01   1.879055e+01   -0.000000e+00   -0.000000e+00   1.232220e+02   1.536840e-08   5.436875e-03
8.140000e+01   1.810987e+01   -0.000000e+00   -0.000000e+00   1.228088e+02   1.501219e-08   5.293048e-03
8.150000e+01   1.784710e+01   -0.000000e+00   -0.000000e+00   1.224234e+02   1.466081e-08   5.152936e-03
8.160000e+01   1.830785e+01   -0.000000e+00   -0.000000e+00   1.220664e+02   1.431427e-08   5.016463e-03
8.170000e+01   1.930658e+01   -0.000000e+00   -0.000000e+00   1.217383e+02   1.397258e-08   4.883556e-03
8.180000e+01   2.054730e+01   -0.000000e+00   -0.000000e+00   1.214398e+02   1.363574e-08   4.754142e-03
8.190000e+01   2.174665e+01   -0.000000e+00   -0.000000e+00   1.211716e+02   1.330374e-08   4.628145e-03
8.200000e+01   2.262126e+01   -0.000000e+00   -0.000000e+00   1.209342e+02   1.297660e-08   4.505494e-03
8.210000e+01   2.281370e+01   -0.000000e+00   -0.000000e+00   1.207282e+02   1.265432e-08   4.386112e-03
8.220000e+01   2.199017e+01   -0.000000e+00   -0.000000e+00   1.205542e+02   1.233689e-08   4.269928e-03
8.230000e+01   2.051900e+01   -0.000000e+00   -0.000000e+00   1.204130e+02   1.202432e-08   4.156866e-03
8.240000e+01   1.883429e+01   -0.000000e+00   -0.000000e+00   1.203050e+02   1.171660e-08   4.046853e-03
8.250000e+01   1.737027e+01   -0.000000e+00   -0.000000e+00   1.202308e+02   1.141373e-08   3.939816e-03
8.260000e+01   1.641312e+01   -0.000000e+00   -0.000000e+00   1.201912e+02   1.111573e-08   3.835684e-03
8.270000e+01   1.547971e+01   -0.000000e+00   -0.000000e+00   1.201864e+02   1.082263e-08   3.734396e-03
8.280000e+01   1.460311e+01   -0.000000e+00   -0.000000e+00   1.202169e+02   1.053446e-08   3.635887e-03
8.290000e+01   1.392298e+01   -0.000000e+00   -0.000000e+00   1.202833e+02   1.025126e-08   3.540097e-03
8.300000e+01   1.357898e+01   -0.000000e+00   -0.000000e+00   1.203860e+02   9.973052e-09   3.446961e-03
8.310000e+01   1.390110e+01   -0.000000e+00   -0.000000e+00   1.205254e+02   9.699854e-09   3.356418e-03
8.320000e+01   1.579315e+01   -0.000000e+00   -0.000000e+00   1.207019e+02   9.431685e-09   3.268405e-03
8.330000e+01   1.861977e+01   -0.000000e+00   -0.000000e+00   1.209161e+02   9.168553e-09   3.182859e-03
8.340000e+01   2.151331e+01   -0.000000e+00   -0.000000e+00   1.211684e+02   8.910464e-09   3.099718e-03
8.350000e+01   2.360613e+01   -0.000000e+00   -0.000000e+00   1.214593e+02   8.657418e-09   3.018919e-03
8.360000e+01   2.427716e+01   -0.000000e+00   -0.000000e+00   1.217891e+02   8.409409e-09   2.940399e-03
8.370000e+01   2.468259e+01   -0.000000e+00   -0.000000e+00   1.221584e+02   8.166423e-09   2.864097e-03
8.380000e+01   2.514821e+01   -0.000000e+00   -0.000000e+00   1.225677e+02   7.928443e-09   2.789949e-03
8.390000e+01   2.572109e+01   -0.000000e+00   -0.000000e+00   1.230173e+02   7.695446e-09   2.717892e-03
8.400000e+01   2.644829e+01   -0.000000e+00   -0.000000e+00   1.235077e+02   7.467400e-09   2.647865e-03
8.410000e+01   2.740381e+01   -0.000000e+00   -0.000000e+00   1.240395e+02   7.244270e-09   2.579805e-03
8.420000e+01   2.878125e+01   -0.000000e+00   -0.000000e+00   1.246129e+02   7.026014e-09   2.513649e-03
8.430000e+01   3.048754e+01   -0.000000e+00   -0.000000e+00   1.252286e+02   6.812585e-09   2.449334e-03
8.440000e+01   3.237293e+01   -0.000000e+00   -0.000000e+00   1.258870e+02   6.603931e-09   2.386798e-03
8.450000e+01   3.427626e+01   -0.000000e+00   -0.000000e+00   1.265869e+02   6.400087e-09   2.325986e-03
8.460000e+01   3.596676e+01   -0.000000e+00   -0.000000e+00   1.273249e+02   6.201237e-09   2.266856e-03
8.470000e+01   3.695489e+01   -0.000000e+00   -0.000000e+00   1.280970e+02   6.007543e-09   2.209369e-03
8.480000e+01   3.738550e+01   -0.000000e+00   -0.000000e+00   1.288994e+02   5.819130e-09   2.153483e-03
8.490000e+01   3.754320e+01   -0.000000e+00   -0.000000e+00   1.297283e+02   5.636093e-09   2.099158e-03
8.500000e+01   3.771262e+01   -0.000000e+00   -0.000000e+00   1.305797e+02   5.458493e-09   2.046354e-03
8.510000e+01   3.809446e+01   -0.000000e+00   -0.000000e+00   1.314499e+02   5.286365e-09   1.995031e-03
8.520000e+01   3.810039e+01   -0.000000e+00   -0.000000e+00   1.323349e+02   5.119718e-09   1.945149e-03
8.530000e+01   3.788800e+01   -0.000000e+00   -0.000000e+00   1.332310e+02   4.958535e-09   1.896666e-03
8.540000e+01   3.787406e+01   -0.000000e+00   -0.000000e+00   1.341341e+02   4.802781e-09   1.849543e-03
8.550000e+01   3.847537e+01   -0.000000e+00   -0.000000e+00   1.350406e+02   4.652400e-09   1.803739e-03
8.560000e+01   4.002917e+01   -0.000000e+00   -0.000000e+00   1.359465e+02   4.507320e-09   1.759214e-03
8.570000e+01   4.178854e+01   -0.000000e+00   -0.000000e+00   1.368480e+02   4.367455e-09   1.715928e-03
8.580000e+01   4.344633e+01   -0.000000e+00   -0.000000e+00   1.377412e+02   4.232705e-09   1.673841e-03
8.590000e+01   4.498108e+01   -0.000000e+00   -0.000000e+00   1.386222e+02   4.102960e-09   1.632911e-03
8.600000e+01   4.637131e+01   -0.000000e+00   -0.000000e+00   1.394872e+02   3.978101e-09   1.593098e-03
8.610000e+01   4.759458e+01   -0.000000e+00   -0.000000e+00   1.403324e+02   3.858001e-09   1.554363e-03
8.620000e+01   4.861416e+01   -0.000000e+00   -0.000000e+00   1.411538e+02   3.742525e-09   1.516665e-03
8.630000e+01   4.940274e+01   -0.000000e+00   -0.000000e+00   1.419477e+02   3.631537e-09   1.479964e-03
8.640000e+01   4.993855e+01   -0.000000e+00   -0.000000e+00   1.427102e+02   3.524892e-09   1.444219e-03
8.650000e+01   5.021417e+01   -0.000000e+00   -0.000000e+00   1.434408e+02   3.422386e-09   1.409400e-03
8.660000e+01   5.027330e+01   -0.000000e+00   -0.000000e+00   1.441435e+02   3.323757e-09   1.375487e-03
8.670000e+01   5.068461e+01   -0.000000e+00   -0.000000e+00   1.448222e+02   3.228755e-09   1.342464e-03
8.680000e+01   5.143645e+01   -0.000000e+00   -0.000000e+00   1.454812e+02   3.137151e-09   1.310312e-03
8.690000e+01   5.224491e+01   -0.000000e+00   -0.000000e+00   1.461244e+02   3.048735e-09   1.279012e-03
8.700000e+01   5.282611e+01   -0.000000e+00   -0.000000e+00   1.467560e+02   2.963309e-09   1.248548e-03
8.710000e+01   5.291856e+01   -0.000000e+00   -0.000000e+00   1.473801e+02   2.880694e-09   1.218901e-03
8.720000e+01   5.282613e+01   -0.000000e+00   -0.000000e+00   1.480007e+02   2.800721e-09   1.190052e-03
8.730000e+01   5.261002e+01   -0.000000e+00   -0.000000e+00   1.486221e+02   2.723233e-09   1.161985e-03
8.740000e+01   5.210075e+01   -0.000000e+00   -0.000000e+00   1.492482e+02   2.648088e-09   1.134681e-03
8.750000e+01   5.112884e+01   -0.000000e+00   -0.000000e+00   1.498831e+02   2.575149e-09   1.108122e-03
8.760000e+01   4.952033e+01   -0.000000e+00   -0.000000e+00   1.505311e+02   2.504293e-09   1.082290e-03
8.770000e+01   4.708900e+01   -0.000000e+00   -0.000000e+00   1.511961e+02   2.435403e-09   1.057167e-03
8.780000e+01   4.408027e+01   -0.000000e+00   -0.000000e+00   1.518823e+02   2.368371e-09   1.032736e-03
8.790000e+01   4.086917e+01   -0.000000e+00   -0.000000e+00   1.525937e+02   2.303098e-09   1.008977e-03
8.800000e+01   3.783071e+01   -0.000000e+00   -0.000000e+00   1.533345e+02   2.239491e-09   9.858743e-04
8.810000e+01   3.533348e+01   -0.000000e+00   -0.000000e+00   1.541087e+02   2.177463e-09   9.634084e-04
8.820000e+01   3.333117e+01   -0.000000e+00   -0.000000e+00   1.549205e+02   2.116935e-09   9.415618e-04
8.830000e+01   3.154871e+01   -0.000000e+00   -0.000000e+00   1.557740e+02   2.057832e-09   9.203164e-04
8.840000e+01   2.980770e+01   -0.000000e+00   -0.000000e+00   1.566732e+02   2.000086e-09   8.996544e-04
8.850000e+01   2.792974e+01   -0.000000e+00   -0.000000e+00   1.576222e+02   1.943634e-09   8.795577e-04
8.860000e+01   2.572766e+01   -0.000000e+00   -0.000000e+00   1.586221e+02   1.888459e-09   8.600098e-04
8.870000e+01   2.267813e+01   -0.000000e+00   -0.000000e+00   1.596679e+02   1.834613e-09   8.409971e-04
8.880000e+01   1.884429e+01   -0.000000e+00   -0.000000e+00   1.607542e+02   1.782151e-09   8.225064e-04
8.890000e+01   1.465246e+01   -0.000000e+00   -0.000000e+00   1.618755e+02   1.731114e-09   8.045242e-04
8.900000e+01   1.052898e+01   0.000000e+00   0.000000e+00   1.630262e+02   1.681533e-09   7.870372e-04
8.910000e+01   6.895135e+00   0.000000e+00   0.000000e+00   1.642009e+02   1.633432e-09   7.700323e-04
8.920000e+01   3.526177e+00   0.000000e+00   0.000000e+00   1.653939e+02   1.586825e-09   7.534959e-04
8.930000e+01   2.000773e-01   0.000000e+00   0.000000e+00   1.665998e+02   1.541718e-09   7.374149e-04
8.940000e+01   -2.934073e+00   0.000000e+00   0.000000e+00   1.678131e+02   1.498111e-09   7.217759e-04
8.950000e+01   -5.727184e+00   0.000000e+00   0.000000e+00   1.690283e+02   1.455998e-09   7.065656e-04
8.960000e+01   -8.031404e+00   0.000000e+00   0.000000e+00   1.702398e+02   1.415366e-09   6.917706e-04
8.970000e+01   -1.003858e+01   0.000000e+00   0.000000e+00   1.714421e+02   1.376198e-09   6.773777e-04
8.980000e+01   -1.196469e+01   0.000000e+00   0.000000e+00   1.726298e+02   1.338475e-09   6.633736e-04
8.990000e+01   -1.380324e+01   0.000000e+00   0.000000e+00   1.737972e+02   1.302170e-09   6.497449e-04
9.000000e+01   -1.554774e+01   0.000000e+00   0.000000e+00   1.749389e+02   1.267257e-09   6.364783e-04
9.010000e+01   -1.719069e+01   0.000000e+00   0.000000e+00   1.760493e+02   1.233706e-09   6.235605e-04
9.020000e+01   -1.786830e+01   0.000000e+00   0.000000e+00   1.771230e+02   1.201485e-09   6.109782e-04
9.030000e+01   -1.715694e+01   0.000000e+00   0.000000e+00   1.781545e+02   1.170559e-09   5.987181e-04
9.040000e+01   -1.553768e+01   0.000000e+00   0.000000e+00   1.791381e+02   1.140894e-09   5.867668e-04
9.050000e+01   -1.349159e+01   0.000000e+00   0.000000e+00   1.800684e+02   1.112454e-09   5.751111e-04
9.060000e+01   -1.149975e+01   0.000000e+00   0.000000e+00   1.809399e+02   1.085201e-09   5.637376e-04
9.070000e+01   -9.008464e+00   0.000000e+00   0.000000e+00   1.817470e+02   1.059100e-09   5.526330e-04
9.080000e+01   -5.650585e+00   0.000000e+00   0.000000e+00   1.824843e+02   1.034114e-09   5.417840e-04
9.090000e+01   -2.187320e+00   0.000000e+00   0.000000e+00   1.831464e+02   1.010203e-09   5.311775e-04
9.100000e+01   6.132260e-01   0.000000e+00   0.000000e+00   1.837334e+02   9.873118e-10   5.208046e-04
9.110000e+01   1.976183e+00   0.000000e+00   0.000000e+00   1.842503e+02   9.653658e-10   5.106608e-04
9.120000e+01   2.301016e+00   0.000000e+00   0.000000e+00   1.847025e+02   9.442969e-10   5.007415e-04
9.130000e+01   2.633925e+00   0.000000e+00   0.000000e+00   1.850952e+02   9.240415e-10   4.910423e-04
9.140000e+01   2.950785e+00   0.000000e+00   0.000000e+00   1.854338e+02   9.045407e-10   4.815588e-04
9.150000e+01   3.226209e+00   0.000000e+00   0.000000e+00   1.857236e+02   8.857395e-10   4.722865e-04
9.160000e+01   3.434814e+00   0.000000e+00   0.000000e+00   1.859700e+02   8.675869e-10   4.632210e-04
9.170000e+01   3.611865e+00   0.000000e+00   0.000000e+00   1.861782e+02   8.500348e-10   4.543578e-04
9.180000e+01   3.821934e+00   0.000000e+00   0.000000e+00   1.863537e+02   8.330383e-10   4.456924e-04
9.190000e+01   4.058664e+00   0.000000e+00   0.000000e+00   1.865016e+02   8.165553e-10   4.372205e-04
9.200000e+01   4.315403e+00   0.000000e+00   0.000000e+00   1.866273e+02   8.005462e-10   4.289375e-04
9.210000e+01   4.585499e+00   0.000000e+00   0.000000e+00   1.867362e+02   7.849736e-10   4.208390e-04
9.220000e+01   3.974007e+00   0.000000e+00   0.000000e+00   1.868336e+02   7.698023e-10   4.129205e-04
9.230000e+01   1.614953e+00   0.000000e+00   0.000000e+00   1.869247e+02   7.549991e-10   4.051777e-04
9.240000e+01   -1.787931e+00   0.000000e+00   0.000000e+00   1.870150e+02   7.405326e-10   3.976060e-04
9.250000e+01   -5.518743e+00   0.000000e+00   0.000000e+00   1.871097e+02   7.263732e-10   3.902010e-04
9.260000e+01   -8.861581e+00   0.000000e+00   0.000000e+00   1.872141e+02   7.124928e-10   3.829582e-04
9.270000e+01   -1.183097e+01   0.000000e+00   0.000000e+00   1.873336e+02   6.988651e-10   3.758733e-04
9.280000e+01   -1.511095e+01   0.000000e+00   0.000000e+00   1.874735e+02   6.854652e-10   3.689417e-04
9.290000e+01   -1.835093e+01   0.000000e+00   0.000000e+00   1.876392e+02   6.722695e-10   3.621590e-04
9.300000e+01   -2.118407e+01   0.000000e+00   0.000000e+00   1.878358e+02   6.592559e-10   3.555207e-04
9.310000e+01   -2.324354e+01   0.000000e+00   0.000000e+00   1.880689e+02   6.464040e-10   3.490224e-04
9.320000e+01   -2.462916e+01   0.000000e+00   0.000000e+00   1.883436e+02   6.336942e-10   3.426597e-04
9.330000e+01   -2.595206e+01   0.000000e+00   0.000000e+00   1.886653e+02   6.211088e-10   3.364280e-04
9.340000e+01   -2.707602e+01   0.000000e+00   0.000000e+00   1.890394e+02   6.086311e-10   3.303230e-04
9.350000e+01   -2.784712e+01   0.000000e+00   0.000000e+00   1.894711e+02   5.962460e-10   3.243401e-04
9.360000e+01   -2.810863e+01   0.000000e+00   0.000000e+00   1.899637e+02   5.839470e-10   3.184758e-04
9.370000e+01   -2.744304e+01   0.000000e+00   0.000000e+00   1.905161e+02   5.717455e-10   3.127280e-04
9.380000e+01   -2.563565e+01   0.000000e+00   0.000000e+00   1.911262e+02   5.596550e-10   3.070951e-04
9.390000e+01   -2.337747e+01   0.000000e+00   0.000000e+00   1.917920e+02   5.476877e-10   3.015754e-04
9.400000e+01   -2.138123e+01   0.000000e+00   0.000000e+00   1.925117e+02   5.358552e-10   2.961673e-04
9.410000e+01   -2.035967e+01   0.000000e+00   0.000000e+00   1.932833e+02   5.241682e-10   2.908689e-04
9.420000e+01   -2.061156e+01   0.000000e+00   0.000000e+00   1.941048e+02   5.126364e-10   2.856788e-04
9.430000e+01   -2.138931e+01   0.000000e+00   0.000000e+00   1.949742e+02   5.012688e-10   2.805951e-04
9.440000e+01   -2.240712e+01   0.000000e+00   0.000000e+00   1.958896e+02   4.900733e-10   2.756162e-04
9.450000e+01   -2.340876e+01   0.000000e+00   0.000000e+00   1.968491e+02   4.790574e-10   2.707405e-04
9.460000e+01   -2.413800e+01   0.000000e+00   0.000000e+00   1.978506e+02   4.682273e-10   2.659662e-04
9.470000e+01   -2.431284e+01   0.000000e+00   0.000000e+00   1.988923e+02   4.575887e-10   2.612917e-04
9.480000e+01   -2.383250e+01   0.000000e+00   0.000000e+00   1.999722e+02   4.471464e-10   2.567153e-04
9.490000e+01   -2.287570e+01   0.000000e+00   0.000000e+00   2.010883e+02   4.369047e-10   2.522353e-04
9.500000e+01   -2.162981e+01   0.000000e+00   0.000000e+00   2.022386e+02   4.268669e-10   2.478500e-04
9.510000e+01   -2.028221e+01   0.000000e+00   0.000000e+00   2.034213e+02   4.170357e-10   2.435578e-04
9.520000e+01   -1.877603e+01   0.000000e+00   0.000000e+00   2.046344e+02   4.074132e-10   2.393570e-04
9.530000e+01   -1.662180e+01   0.000000e+00   0.000000e+00   2.058758e+02   3.980011e-10   2.352458e-04
9.540000e+01   -1.402537e+01   0.000000e+00   0.000000e+00   2.071437e+02   3.888001e-10   2.312227e-04
9.550000e+01   -1.123841e+01   0.000000e+00   0.000000e+00   2.084361e+02   3.798108e-10   2.272859e-04
9.560000e+01   -8.512583e+00   0.000000e+00   0.000000e+00   2.097510e+02   3.710330e-10   2.234338e-04
9.570000e+01   -5.903677e+00   0.000000e+00   0.000000e+00   2.110865e+02   3.624661e-10   2.196647e-04
9.580000e+01   -3.034699e+00   0.000000e+00   0.000000e+00   2.124406e+02   3.541092e-10   2.159768e-04
9.590000e+01   -1.252592e-01   0.000000e+00   0.000000e+00   2.138114e+02   3.459610e-10   2.123686e-04
9.600000e+01   2.555740e+00   0.000000e+00   0.000000e+00   2.151969e+02   3.380196e-10   2.088384e-04
9.610000e+01   4.739398e+00   0.000000e+00   0.000000e+00   2.165952e+02   3.302830e-10   2.053844e-04
9.620000e+01   6.380906e+00   0.000000e+00   0.000000e+00   2.180043e+02   3.227488e-10   2.020050e-04
9.630000e+01   8.024789e+00   0.000000e+00   0.000000e+00   2.194223e+02   3.154144e-10   1.986985e-04
9.640000e+01   9.466808e+00   0.000000e+00   0.000000e+00   2.208471e+02   3.082769e-10   1.954632e-04
9.650000e+01   1.042635e+01   0.000000e+00   0.000000e+00   2.222776e+02   3.013328e-10   1.922978e-04
9.660000e+01   1.062203e+01   0.000000e+00   0.000000e+00   2.237125e+02   2.945781e-10   1.892009e-04
9.670000e+01   9.880493e+00   0.000000e+00   0.000000e+00   2.251512e+02   2.880090e-10   1.861712e-04
9.680000e+01   8.568204e+00   0.000000e+00   0.000000e+00   2.265925e+02   2.816214e-10   1.832076e-04
9.690000e+01   6.916213e+00   0.000000e+00   0.000000e+00   2.280354e+02   2.754114e-10   1.803087e-04
9.700000e+01   5.120261e+00   0.000000e+00   0.000000e+00   2.294792e+02   2.693749e-10   1.774732e-04
9.710000e+01   3.376088e+00   0.000000e+00   0.000000e+00   2.309227e+02   2.635080e-10   1.747000e-04
9.720000e+01   1.832011e+00   0.000000e+00   0.000000e+00   2.323651e+02   2.578066e-10   1.719877e-04
9.730000e+01   3.647201e-01   0.000000e+00   0.000000e+00   2.338054e+02   2.522667e-10   1.693350e-04
9.740000e+01   -1.091834e+00   0.000000e+00   0.000000e+00   2.352425e+02   2.468844e-10   1.667408e-04
9.750000e+01   -2.583529e+00   0.000000e+00   0.000000e+00   2.366757e+02   2.416556e-10   1.642037e-04
9.760000e+01   -4.156243e+00   0.000000e+00   0.000000e+00   2.381039e+02   2.365765e-10   1.617225e-04
9.770000e+01   -5.904896e+00   0.000000e+00   0.000000e+00   2.395261e+02   2.316431e-10   1.592959e-04
9.780000e+01   -8.015253e+00   0.000000e+00   0.000000e+00   2.409414e+02   2.268515e-10   1.569226e-04
9.790000e+01   -1.027966e+01   0.000000e+00   0.000000e+00   2.423489e+02   2.221979e-10   1.546014e-04
9.800000e+01   -1.244195e+01   0.000000e+00   0.000000e+00   2.437475e+02   2.176786e-10   1.523310e-04
9.810000e+01   -1.424596e+01   0.000000e+00   0.000000e+00   2.451364e+02   2.132897e-10   1.501101e-04
9.820000e+01   -1.550541e+01   0.000000e+00   0.000000e+00   2.465145e+02   2.090276e-10   1.479375e-04
9.830000e+01   -1.651321e+01   0.000000e+00   0.000000e+00   2.478810e+02   2.048885e-10   1.458120e-04
9.840000e+01   -1.741482e+01   0.000000e+00   0.000000e+00   2.492348e+02   2.008690e-10   1.437321e-04
9.850000e+01   -1.830025e+01   0.000000e+00   0.000000e+00   2.505750e+02   1.969654e-10   1.416968e-04
9.860000e+01   -1.925949e+01   0.000000e+00   0.000000e+00   2.519007e+02   1.931743e-10   1.397047e-04
9.870000e+01   -2.040676e+01   0.000000e+00   0.000000e+00   2.532108e+02   1.894921e-10   1.377545e-04
9.880000e+01   -2.190997e+01   0.000000e+00   0.000000e+00   2.545045e+02   1.859156e-10   1.358450e-04
9.890000e+01   -2.365563e+01   0.000000e+00   0.000000e+00   2.557807e+02   1.824413e-10   1.339749e-04
9.900000e+01   -2.548695e+01   0.000000e+00   0.000000e+00   2.570386e+02   1.790660e-10   1.321429e-04
9.910000e+01   -2.724714e+01   0.000000e+00   0.000000e+00   2.582771e+02   1.757865e-10   1.303479e-04
9.920000e+01   -2.883453e+01   0.000000e+00   0.000000e+00   2.594954e+02   1.725996e-10   1.285884e-04
9.930000e+01   -3.051764e+01   0.000000e+00   0.000000e+00   2.606924e+02   1.695022e-10   1.268633e-04
9.940000e+01   -3.219956e+01   0.000000e+00   0.000000e+00   2.618671e+02   1.664912e-10   1.251713e-04
9.950000e+01   -3.368717e+01   0.000000e+00   0.000000e+00   2.630188e+02   1.635637e-10   1.235111e-04
9.960000e+01   -3.478735e+01   0.000000e+00   0.000000e+00   2.641462e+02   1.607167e-10   1.218815e-04
9.970000e+01   -3.535983e+01   0.000000e+00   0.000000e+00   2.652487e+02   1.579472e-10   1.202811e-04
9.980000e+01   -3.576498e+01   0.000000e+00   0.000000e+00   2.663251e+02   1.552525e-10   1.187088e-04
9.990000e+01   -3.611478e+01   0.000000e+00   0.000000e+00   2.673760e+02   1.526296e-10   1.171638e-04
1.000000e+02   -3.641442e+01   0.000000e+00   0.000000e+00   2.684026e+02   1.500758e-10   1.156457e-04
1.001000e+02   -3.666911e+01   0.000000e+00   0.000000e+00   2.694060e+02   1.475883e-10   1.141541e-04
1.002000e+02   -3.685053e+01   0.000000e+00   0.000000e+00   2.703874e+02   1.451647e-10   1.126886e-04
1.003000e+02   -3.665423e+01   0.000000e+00   0.000000e+00   2.713482e+02   1.428024e-10   1.112487e-04
1.004000e+02   -3.615250e+01   0.000000e+00   0.000000e+00   2.722896e+02   1.404991e-10   1.098340e-04
1.005000e+02   -3.552966e+01   0.000000e+00   0.000000e+00   2.732127e+02   1.382525e-10   1.084442e-04
1.006000e+02   -3.497004e+01   0.000000e+00   0.000000e+00   2.741187e+02   1.360605e-10   1.070787e-04
1.007000e+02   -3.463107e+01   0.000000e+00   0.000000e+00   2.750090e+02   1.339211e-10   1.057373e-04
1.008000e+02   -3.431635e+01   0.000000e+00   0.000000e+00   2.758848e+02   1.318322e-10   1.044195e-04
1.009000e+02   -3.400556e+01   0.000000e+00   0.000000e+00   2.767471e+02   1.297919e-10   1.031248e-04
1.010000e+02   -3.377820e+01   0.000000e+00   0.000000e+00   2.775974e+02   1.277985e-10   1.018529e-04
1.011000e+02   -3.371379e+01   0.000000e+00   0.000000e+00   2.784368e+02   1.258501e-10   1.006034e-04
1.012000e+02   -3.391587e+01   0.000000e+00   0.000000e+00   2.792665e+02   1.239451e-10   9.937574e-05
1.013000e+02   -3.473543e+01   0.000000e+00   0.000000e+00   2.800877e+02   1.220818e-10   9.816964e-05
1.014000e+02   -3.603143e+01   0.000000e+00   0.000000e+00   2.809017e+02   1.202586e-10   9.698465e-05
1.015000e+02   -3.750069e+01   0.000000e+00   0.000000e+00   2.817098e+02   1.184741e-10   9.582036e-05
1.016000e+02   -3.884003e+01   0.000000e+00   0.000000e+00   2.825131e+02   1.167268e-10   9.467635e-05
1.017000e+02   -3.977169e+01   0.000000e+00   0.000000e+00   2.833128e+02   1.150153e-10   9.355221e-05
1.018000e+02   -4.055243e+01   0.000000e+00   0.000000e+00   2.841102e+02   1.133382e-10   9.244752e-05
1.019000e+02   -4.128609e+01   0.000000e+00   0.000000e+00   2.849065e+02   1.116941e-10   9.136188e-05
1.020000e+02   -4.190557e+01   0.000000e+00   0.000000e+00   2.857029e+02   1.100819e-10   9.029487e-05
1.021000e+02   -4.234379e+01   0.000000e+00   0.000000e+00   2.865007e+02   1.085003e-10   8.924608e-05
1.022000e+02   -4.252776e+01   0.000000e+00   0.000000e+00   2.873010e+02   1.069482e-10   8.821509e-05
1.023000e+02   -4.231350e+01   0.000000e+00   0.000000e+00   2.881052e+02   1.054242e-10   8.720150e-05
1.024000e+02   -4.182010e+01   0.000000e+00   0.000000e+00   2.889144e+02   1.039275e-10   8.620488e-05
1.025000e+02   -4.125752e+01   0.000000e+00   0.000000e+00   2.897298e+02   1.024568e-10   8.522483e-05
1.026000e+02   -4.083570e+01   0.000000e+00   0.000000e+00   2.905527e+02   1.010111e-10   8.426093e-05
1.027000e+02   -4.076967e+01   0.000000e+00   0.000000e+00   2.913843e+02   9.958939e-11   8.331277e-05
1.028000e+02   -4.130891e+01   0.000000e+00   0.000000e+00   2.922258e+02   9.819073e-11   8.237994e-05
1.029000e+02   -4.226717e+01   0.000000e+00   0.000000e+00   2.930785e+02   9.681415e-11   8.146202e-05
1.030000e+02   -4.331986e+01   0.000000e+00   0.000000e+00   2.939436e+02   9.545872e-11   8.055860e-05
1.031000e+02   -4.414234e+01   0.000000e+00   0.000000e+00   2.948222e+02   9.412355e-11   7.966927e-05
1.032000e+02   -4.439265e+01   0.000000e+00   0.000000e+00   2.957157e+02   9.280777e-11   7.879361e-05
1.033000e+02   -4.318747e+01   0.000000e+00   0.000000e+00   2.966252e+02   9.151054e-11   7.793122e-05
1.034000e+02   -4.070547e+01   0.000000e+00   0.000000e+00   2.975519e+02   9.023104e-11   7.708167e-05
1.035000e+02   -3.768237e+01   0.000000e+00   0.000000e+00   2.984972e+02   8.896849e-11   7.624456e-05
1.036000e+02   -3.485389e+01   0.000000e+00   0.000000e+00   2.994622e+02   8.772212e-11   7.541947e-05
1.037000e+02   -3.294443e+01   0.000000e+00   0.000000e+00   3.004481e+02   8.649118e-11   7.460599e-05
1.038000e+02   -3.172396e+01   0.000000e+00   0.000000e+00   3.014562e+02   8.527496e-11   7.380370e-05
1.039000e+02   -3.070985e+01   0.000000e+00   0.000000e+00   3.024877e+02   8.407277e-11   7.301220e-05
1.040000e+02   -2.979239e+01   0.000000e+00   0.000000e+00   3.035438e+02   8.288394e-11   7.223108e-05
1.041000e+02   -2.886143e+01   0.000000e+00   0.000000e+00   3.046247e+02   8.170826e-11   7.146007e-05
1.042000e+02   -2.780565e+01   0.000000e+00   0.000000e+00   3.057297e+02   8.054593e-11   7.069906e-05
1.043000e+02   -2.649628e+01   0.000000e+00   0.000000e+00   3.068581e+02   7.939714e-11   6.994793e-05
1.044000e+02   -2.503005e+01   0.000000e+00   0.000000e+00   3.080092e+02   7.826209e-11   6.920660e-05
1.045000e+02   -2.359889e+01   0.000000e+00   0.000000e+00   3.091822e+02   7.714091e-11   6.847493e-05
1.046000e+02   -2.239475e+01   0.000000e+00   0.000000e+00   3.103763e+02   7.603377e-11   6.775284e-05
1.047000e+02   -2.160826e+01   0.000000e+00   0.000000e+00   3.115909e+02   7.494077e-11   6.704020e-05
1.048000e+02   -2.106934e+01   0.000000e+00   0.000000e+00   3.128251e+02   7.386203e-11   6.633691e-05
1.049000e+02   -2.057198e+01   0.000000e+00   0.000000e+00   3.140783e+02   7.279763e-11   6.564287e-05
1.050000e+02   -2.014219e+01   0.000000e+00   0.000000e+00   3.153497e+02   7.174764e-11   6.495796e-05
1.051000e+02   -1.980593e+01   0.000000e+00   0.000000e+00   3.166385e+02   7.071212e-11   6.428208e-05
1.052000e+02   -1.958997e+01   0.000000e+00   0.000000e+00   3.179440e+02   6.969110e-11   6.361512e-05
1.053000e+02   -2.016553e+01   0.000000e+00   0.000000e+00   3.192655e+02   6.868461e-11   6.295697e-05
1.054000e+02   -2.176835e+01   0.000000e+00   0.000000e+00   3.206022e+02   6.769266e-11   6.230752e-05
1.055000e+02   -2.390601e+01   0.000000e+00   0.000000e+00   3.219534e+02   6.671525e-11   6.166667e-05
1.056000e+02   -2.608608e+01   0.000000e+00   0.000000e+00   3.233184e+02   6.575236e-11   6.103431e-05
1.057000e+02   -2.781611e+01   0.000000e+00   0.000000e+00   3.246963e+02   6.480395e-11   6.041032e-05
1.058000e+02   -2.911493e+01   0.000000e+00   0.000000e+00   3.260864e+02   6.387000e-11   5.979461e-05
1.059000e+02   -3.032440e+01   0.000000e+00   0.000000e+00   3.274881e+02   6.295045e-11   5.918706e-05
1.060000e+02   -3.143663e+01   0.000000e+00   0.000000e+00   3.289006e+02   6.204524e-11   5.858757e-05
1.061000e+02   -3.244376e+01   0.000000e+00   0.000000e+00   3.303231e+02   6.115430e-11   5.799602e-05
1.062000e+02   -3.333793e+01   0.000000e+00   0.000000e+00   3.317548e+02   6.027754e-11   5.741232e-05
1.063000e+02   -3.419018e+01   0.000000e+00   0.000000e+00   3.331951e+02   5.941487e-11   5.683634e-05
1.064000e+02   -3.502504e+01   0.000000e+00   0.000000e+00   3.346432e+02   5.856621e-11   5.626799e-05
1.065000e+02   -3.574556e+01   0.000000e+00   0.000000e+00   3.360983e+02   5.773143e-11   5.570716e-05
1.066000e+02   -3.625469e+01   0.000000e+00   0.000000e+00   3.375598e+02   5.691043e-11   5.515373e-05
1.067000e+02   -3.645538e+01   0.000000e+00   0.000000e+00   3.390268e+02   5.610309e-11   5.460761e-05
1.068000e+02   -3.642200e+01   0.000000e+00   0.000000e+00   3.404986e+02   5.530928e-11   5.406867e-05
1.069000e+02   -3.632069e+01   0.000000e+00   0.000000e+00   3.419746e+02   5.452886e-11   5.353682e-05
1.070000e+02   -3.612247e+01   0.000000e+00   0.000000e+00   3.434538e+02   5.376171e-11   5.301195e-05
1.071000e+02   -3.579754e+01   0.000000e+00   0.000000e+00   3.449357e+02   5.300767e-11   5.249394e-05
1.072000e+02   -3.531608e+01   0.000000e+00   0.000000e+00   3.464194e+02   5.226660e-11   5.198270e-05
1.073000e+02   -3.453284e+01   0.000000e+00   0.000000e+00   3.479042e+02   5.153835e-11   5.147810e-05
1.074000e+02   -3.339064e+01   0.000000e+00   0.000000e+00   3.493894e+02   5.082275e-11   5.098005e-05
1.075000e+02   -3.209195e+01   0.000000e+00   0.000000e+00   3.508742e+02   5.011966e-11   5.048844e-05
1.076000e+02   -3.084106e+01   0.000000e+00   0.000000e+00   3.523579e+02   4.942891e-11   5.000316e-05
1.077000e+02   -2.984223e+01   0.000000e+00   0.000000e+00   3.538398e+02   4.875032e-11   4.952409e-05
1.078000e+02   -2.918231e+01   0.000000e+00   0.000000e+00   3.553190e+02   4.808374e-11   4.905114e-05
1.079000e+02   -2.868565e+01   0.000000e+00   0.000000e+00   3.567949e+02   4.742900e-11   4.858419e-05
1.080000e+02   -2.823193e+01   0.000000e+00   0.000000e+00   3.582668e+02   4.678591e-11   4.812314e-05
1.081000e+02   -2.770266e+01   0.000000e+00   0.000000e+00   3.597337e+02   4.615432e-11   4.766788e-05
1.082000e+02   -2.697936e+01   0.000000e+00   0.000000e+00   3.611952e+02   4.553403e-11   4.721830e-05
1.083000e+02   -2.572348e+01   0.000000e+00   0.000000e+00   3.626503e+02   4.492488e-11   4.677429e-05
1.084000e+02   -2.363698e+01   0.000000e+00   0.000000e+00   3.640983e+02   4.432668e-11   4.633575e-05
1.085000e+02   -2.099296e+01   0.000000e+00   0.000000e+00   3.655385e+02   4.373926e-11   4.590256e-05
1.086000e+02   -1.807519e+01   0.000000e+00   0.000000e+00   3.669702e+02   4.316243e-11   4.547462e-05
1.087000e+02   -1.516742e+01   0.000000e+00   0.000000e+00   3.683927e+02   4.259603e-11   4.505183e-05
1.088000e+02   -1.212651e+01   0.000000e+00   0.000000e+00   3.698050e+02   4.203986e-11   4.463406e-05
1.089000e+02   -8.488713e+00   0.000000e+00   0.000000e+00   3.712067e+02   4.149375e-11   4.422122e-05
1.090000e+02   -4.755872e+00   0.000000e+00   0.000000e+00   3.725968e+02   4.095751e-11   4.381320e-05
1.091000e+02   -1.459473e+00   0.000000e+00   0.000000e+00   3.739753e+02   4.043093e-11   4.340993e-05
1.092000e+02   8.678801e-01   0.000000e+00   0.000000e+00   3.753427e+02   3.991377e-11   4.301135e-05
1.093000e+02   2.212076e+00   0.000000e+00   0.000000e+00   3.766994e+02   3.940578e-11   4.261743e-05
1.094000e+02   3.515393e+00   0.000000e+00   0.000000e+00   3.780458e+02   3.890674e-11   4.222811e-05
1.095000e+02   4.821087e+00   0.000000e+00   0.000000e+00   3.793824e+02   3.841643e-11   4.184336e-05
1.096000e+02   6.129214e+00   0.000000e+00   0.000000e+00   3.807095e+02   3.793463e-11   4.146312e-05
1.097000e+02   7.439832e+00   0.000000e+00   0.000000e+00   3.820277e+02   3.746113e-11   4.108735e-05
1.098000e+02   8.386993e+00   0.000000e+00   0.000000e+00   3.833374e+02   3.699573e-11   4.071600e-05
1.099000e+02   8.334546e+00   0.000000e+00   0.000000e+00   3.846389e+02   3.653823e-11   4.034903e-05
1.100000e+02   7.847013e+00   0.000000e+00   0.000000e+00   3.859329e+02   3.608845e-11   3.998640e-05
1.101000e+02   7.544661e+00   0.000000e+00   0.000000e+00   3.872196e+02   3.564619e-11   3.962805e-05
1.102000e+02   8.047762e+00   0.000000e+00   0.000000e+00   3.884995e+02   3.521128e-11   3.927395e-05
1.103000e+02   9.621324e+00   0.000000e+00   0.000000e+00   3.897730e+02   3.478354e-11   3.892404e-05
1.104000e+02   1.151255e+01   0.000000e+00   0.000000e+00   3.910407e+02   3.436280e-11   3.857829e-05
1.105000e+02   1.357393e+01   0.000000e+00   0.000000e+00   3.923029e+02   3.394890e-11   3.823663e-05
1.106000e+02   1.571249e+01   0.000000e+00   0.000000e+00   3.935601e+02   3.354168e-11   3.789904e-05
1.107000e+02   1.783526e+01   0.000000e+00   0.000000e+00   3.948127e+02   3.314097e-11   3.756546e-05
1.108000e+02   1.988834e+01   0.000000e+00   0.000000e+00   3.960612e+02   3.274663e-11   3.723585e-05
1.109000e+02   2.194715e+01   0.000000e+00   0.000000e+00   3.973059e+02   3.235852e-11   3.691016e-05
1.110000e+02   2.401641e+01   0.000000e+00   0.000000e+00   3.985474e+02   3.197647e-11   3.658835e-05
1.111000e+02   2.609269e+01   0.000000e+00   0.000000e+00   3.997860e+02   3.160036e-11   3.627037e-05
1.112000e+02   2.817262e+01   0.000000e+00   0.000000e+00   4.010222e+02   3.123005e-11   3.595618e-05
1.113000e+02   3.028439e+01   0.000000e+00   0.000000e+00   4.022565e+02   3.086540e-11   3.564572e-05
1.114000e+02   3.249390e+01   0.000000e+00   0.000000e+00   4.034892e+02   3.050629e-11   3.533896e-05
1.115000e+02   3.470679e+01   -0.000000e+00   -0.000000e+00   4.047209e+02   3.015259e-11   3.503585e-05
1.116000e+02   3.681578e+01   -0.000000e+00   -0.000000e+00   4.059519e+02   2.980417e-11   3.473634e-05
1.117000e+02   3.871360e+01   -0.000000e+00   -0.000000e+00   4.071827e+02   2.946092e-11   3.444039e-05
1.118000e+02   4.031369e+01   -0.000000e+00   -0.000000e+00   4.084138e+02   2.912271e-11   3.414795e-05
1.119000e+02   4.165594e+01   -0.000000e+00   -0.000000e+00   4.096455e+02   2.878944e-11   3.385897e-05
1.120000e+02   4.278368e+01   -0.000000e+00   -0.000000e+00   4.108783e+02   2.846099e-11   3.357342e-05
1.121000e+02   4.373487e+01   -0.000000e+00   -0.000000e+00   4.121127e+02   2.813725e-11   3.329124e-05
1.122000e+02   4.454752e+01   -0.000000e+00   -0.000000e+00   4.133490e+02   2.781812e-11   3.301239e-05
1.123000e+02   4.507579e+01   -0.000000e+00   -0.000000e+00   4.145878e+02   2.750348e-11   3.273682e-05
1.124000e+02   4.464030e+01   -0.000000e+00   -0.000000e+00   4.158294e+02   2.719325e-11   3.246450e-05
1.125000e+02   4.349401e+01   -0.000000e+00   -0.000000e+00   4.170743e+02   2.688732e-11   3.219536e-05
1.126000e+02   4.200780e+01   -0.000000e+00   -0.000000e+00   4.183229e+02   2.658559e-11   3.192937e-05
1.127000e+02   4.055254e+01   -0.000000e+00   -0.000000e+00   4.195757e+02   2.628797e-11   3.166648e-05
1.128000e+02   3.937766e+01   -0.000000e+00   -0.000000e+00   4.208332e+02   2.599437e-11   3.140665e-05
1.129000e+02   3.811073e+01   -0.000000e+00   -0.000000e+00   4.220956e+02   2.570469e-11   3.114982e-05
1.130000e+02   3.677404e+01   -0.000000e+00   -0.000000e+00   4.233636e+02   2.541885e-11   3.089596e-05
1.131000e+02   3.547325e+01   -0.000000e+00   -0.000000e+00   4.246375e+02   2.513676e-11   3.064502e-05
1.132000e+02   3.431399e+01   -0.000000e+00   -0.000000e+00   4.259177e+02   2.485833e-11   3.039695e-05
1.133000e+02   3.337502e+01   -0.000000e+00   -0.000000e+00   4.272048e+02   2.458349e-11   3.015171e-05
1.134000e+02   3.255406e+01   -0.000000e+00   -0.000000e+00   4.284990e+02   2.431215e-11   2.990925e-05
1.135000e+02   3.181071e+01   -0.000000e+00   -0.000000e+00   4.298010e+02   2.404423e-11   2.966952e-05
1.136000e+02   3.112624e+01   -0.000000e+00   -0.000000e+00   4.311111e+02   2.377965e-11   2.943249e-05
1.137000e+02   3.048191e+01   -0.000000e+00   -0.000000e+00   4.324297e+02   2.351834e-11   2.919810e-05
1.138000e+02   2.985985e+01   -0.000000e+00   -0.000000e+00   4.337573e+02   2.326023e-11   2.896631e-05
1.139000e+02   2.925430e+01   -0.000000e+00   -0.000000e+00   4.350943e+02   2.300524e-11   2.873707e-05
1.140000e+02   2.866689e+01   -0.000000e+00   -0.000000e+00   4.364412e+02   2.275329e-11   2.851034e-05
1.141000e+02   2.809909e+01   -0.000000e+00   -0.000000e+00   4.377984e+02   2.250433e-11   2.828607e-05
1.142000e+02   2.755236e+01   -0.000000e+00   -0.000000e+00   4.391664e+02   2.225828e-11   2.806422e-05
1.143000e+02   2.699169e+01   -0.000000e+00   -0.000000e+00   4.405455e+02   2.201507e-11   2.784474e-05
1.144000e+02   2.620941e+01   -0.000000e+00   -0.000000e+00   4.419362e+02   2.177464e-11   2.762758e-05
1.145000e+02   2.536728e+01   -0.000000e+00   -0.000000e+00   4.433390e+02   2.153692e-11   2.741270e-05
1.146000e+02   2.470209e+01   -0.000000e+00   -0.000000e+00   4.447543e+02   2.130185e-11   2.720006e-05
1.147000e+02   2.445060e+01   -0.000000e+00   -0.000000e+00   4.461825e+02   2.106937e-11   2.698960e-05
1.148000e+02   2.479397e+01   -0.000000e+00   -0.000000e+00   4.476241e+02   2.083942e-11   2.678129e-05
1.149000e+02   2.535016e+01   -0.000000e+00   -0.000000e+00   4.490794e+02   2.061195e-11   2.657508e-05
1.150000e+02   2.593159e+01   -0.000000e+00   -0.000000e+00   4.505485e+02   2.038692e-11   2.637093e-05
1.151000e+02   2.645777e+01   -0.000000e+00   -0.000000e+00   4.520308e+02   2.016434e-11   2.616884e-05
1.152000e+02   2.684826e+01   -0.000000e+00   -0.000000e+00   4.535262e+02   1.994421e-11   2.596878e-05
1.153000e+02   2.697620e+01   -0.000000e+00   -0.000000e+00   4.550340e+02   1.972653e-11   2.577074e-05
1.154000e+02   2.637662e+01   -0.000000e+00   -0.000000e+00   4.565541e+02   1.951128e-11   2.557469e-05
1.155000e+02   2.519291e+01   -0.000000e+00   -0.000000e+00   4.580860e+02   1.929848e-11   2.538063e-05
1.156000e+02   2.373286e+01   -0.000000e+00   -0.000000e+00   4.596293e+02   1.908811e-11   2.518853e-05
1.157000e+02   2.230427e+01   -0.000000e+00   -0.000000e+00   4.611836e+02   1.888016e-11   2.499838e-05
1.158000e+02   2.119063e+01   -0.000000e+00   -0.000000e+00   4.627486e+02   1.867463e-11   2.481015e-05
1.159000e+02   2.026727e+01   -0.000000e+00   -0.000000e+00   4.643240e+02   1.847150e-11   2.462384e-05
1.160000e+02   1.937953e+01   -0.000000e+00   -0.000000e+00   4.659092e+02   1.827078e-11   2.443941e-05
1.161000e+02   1.844063e+01   -0.000000e+00   -0.000000e+00   4.675040e+02   1.807245e-11   2.425686e-05
1.162000e+02   1.736380e+01   -0.000000e+00   -0.000000e+00   4.691079e+02   1.787649e-11   2.407617e-05
1.163000e+02   1.605835e+01   -0.000000e+00   -0.000000e+00   4.707206e+02   1.768290e-11   2.389731e-05
1.164000e+02   1.442926e+01   -0.000000e+00   -0.000000e+00   4.723417e+02   1.749167e-11   2.372028e-05
1.165000e+02   1.254199e+01   -0.000000e+00   -0.000000e+00   4.739709e+02   1.730277e-11   2.354505e-05
1.166000e+02   1.049865e+01   -0.000000e+00   -0.000000e+00   4.756076e+02   1.711620e-11   2.337161e-05
1.167000e+02   8.401358e+00   -0.000000e+00   -0.000000e+00   4.772517e+02   1.693195e-11   2.319993e-05
1.168000e+02   6.326317e+00   -0.000000e+00   -0.000000e+00   4.789026e+02   1.674999e-11   2.303000e-05
1.169000e+02   3.934778e+00   -0.000000e+00   -0.000000e+00   4.805601e+02   1.657031e-11   2.286181e-05
1.170000e+02   1.356767e+00   -0.000000e+00   -0.000000e+00   4.822237e+02   1.639289e-11   2.269533e-05
1.171000e+02   -1.059824e+00   -0.000000e+00   -0.000000e+00   4.838930e+02   1.621773e-11   2.253055e-05
1.172000e+02   -2.967103e+00   -0.000000e+00   -0.000000e+00   4.855677e+02   1.604480e-11   2.236744e-05
1.173000e+02   -4.032857e+00   -0.000000e+00   -0.000000e+00   4.872474e+02   1.587408e-11   2.220600e-05
1.174000e+02   -4.433706e+00   -0.000000e+00   -0.000000e+00   4.889317e+02   1.570555e-11   2.204620e-05
1.175000e+02   -4.465781e+00   -0.000000e+00   -0.000000e+00   4.906203e+02   1.553920e-11   2.188803e-05
1.176000e+02   -4.307474e+00   -0.000000e+00   -0.000000e+00   4.923127e+02   1.537501e-11   2.173146e-05
1.177000e+02   -4.137173e+00   -0.000000e+00   -0.000000e+00   4.940086e+02   1.521296e-11   2.157649e-05
1.178000e+02   -4.120585e+00   -0.000000e+00   -0.000000e+00   4.957076e+02   1.505303e-11   2.142308e-05
1.179000e+02   -4.021801e+00   -0.000000e+00   -0.000000e+00   4.974093e+02   1.489520e-11   2.127123e-05
1.180000e+02   -3.832321e+00   -0.000000e+00   -0.000000e+00   4.991134e+02   1.473945e-11   2.112092e-05
1.181000e+02   -3.748526e+00   -0.000000e+00   -0.000000e+00   5.008194e+02   1.458576e-11   2.097213e-05
1.182000e+02   -3.966797e+00   -0.000000e+00   -0.000000e+00   5.025271e+02   1.443410e-11   2.082484e-05
1.183000e+02   -4.674591e+00   -0.000000e+00   -0.000000e+00   5.042359e+02   1.428447e-11   2.067903e-05
1.184000e+02   -5.613115e+00   -0.000000e+00   -0.000000e+00   5.059456e+02   1.413683e-11   2.053469e-05
1.185000e+02   -6.581664e+00   -0.000000e+00   -0.000000e+00   5.076557e+02   1.399116e-11   2.039180e-05
1.186000e+02   -7.579886e+00   -0.000000e+00   -0.000000e+00   5.093660e+02   1.384745e-11   2.025033e-05
1.187000e+02   -8.607429e+00   -0.000000e+00   -0.000000e+00   5.110759e+02   1.370568e-11   2.011028e-05
1.188000e+02   -9.666117e+00   -0.000000e+00   -0.000000e+00   5.127851e+02   1.356581e-11   1.997163e-05
1.189000e+02   -1.088661e+01   -0.000000e+00   -0.000000e+00   5.144933e+02   1.342783e-11   1.983435e-05
1.190000e+02   -1.227979e+01   -0.000000e+00   -0.000000e+00   5.162000e+02   1.329172e-11   1.969843e-05
1.191000e+02   -1.375300e+01   -0.000000e+00   -0.000000e+00   5.179049e+02   1.315746e-11   1.956385e-05
1.192000e+02   -1.521359e+01   -0.000000e+00   -0.000000e+00   5.196076e+02   1.302502e-11   1.943060e-05
1.193000e+02   -1.656996e+01   -0.000000e+00   -0.000000e+00   5.213078e+02   1.289438e-11   1.929865e-05
1.194000e+02   -1.786949e+01   -0.000000e+00   -0.000000e+00   5.230050e+02   1.276552e-11   1.916799e-05
1.195000e+02   -1.916333e+01   -0.000000e+00   -0.000000e+00   5.246988e+02   1.263841e-11   1.903860e-05
1.196000e+02   -2.042444e+01   -0.000000e+00   -0.000000e+00   5.263890e+02   1.251304e-11   1.891046e-05
1.197000e+02   -2.162580e+01   -0.000000e+00   -0.000000e+00   5.280751e+02   1.238939e-11   1.878356e-05
1.198000e+02   -2.273970e+01   -0.000000e+00   -0.000000e+00   5.297567e+02   1.226743e-11   1.865788e-05
1.199000e+02   -2.358931e+01   -0.000000e+00   -0.000000e+00   5.314334e+02   1.214713e-11   1.853339e-05
1.200000e+02   -2.412192e+01   -0.000000e+00   -0.000000e+00   5.331050e+02   1.202848e-11   1.841009e-05
1.201000e+02   -2.443819e+01   -0.000000e+00   -0.000000e+00   5.347709e+02   1.191146e-11   1.828795e-05
1.202000e+02   -2.463878e+01   -0.000000e+00   -0.000000e+00   5.364309e+02   1.179603e-11   1.816695e-05
1.203000e+02   -2.482418e+01   -0.000000e+00   -0.000000e+00   5.380845e+02   1.168219e-11   1.804709e-05
1.204000e+02   -2.493991e+01   -0.000000e+00   -0.000000e+00   5.397313e+02   1.156991e-11   1.792833e-05
1.205000e+02   -2.489069e+01   -0.000000e+00   -0.000000e+00   5.413711e+02   1.145916e-11   1.781067e-05
1.206000e+02   -2.469043e+01   -0.000000e+00   -0.000000e+00   5.430033e+02   1.134993e-11   1.769409e-05
1.207000e+02   -2.435299e+01   -0.000000e+00   -0.000000e+00   5.446277e+02   1.124220e-11   1.757856e-05
1.208000e+02   -2.389227e+01   -0.000000e+00   -0.000000e+00   5.462439e+02   1.113593e-11   1.746407e-05
1.209000e+02   -2.321117e+01   -0.000000e+00   -0.000000e+00   5.478514e+02   1.103111e-11   1.735060e-05
1.210000e+02   -2.226058e+01   -0.000000e+00   -0.000000e+00   5.494499e+02   1.092773e-11   1.723814e-05
1.211000e+02   -2.112635e+01   -0.000000e+00   -0.000000e+00   5.510390e+02   1.082575e-11   1.712666e-05
1.212000e+02   -1.989432e+01   -0.000000e+00   -0.000000e+00   5.526183e+02   1.072516e-11   1.701615e-05
1.213000e+02   -1.865033e+01   -0.000000e+00   -0.000000e+00   5.541876e+02   1.062593e-11   1.690659e-05
1.214000e+02   -1.730222e+01   -0.000000e+00   -0.000000e+00   5.557462e+02   1.052805e-11   1.679797e-05
1.215000e+02   -1.577276e+01   -0.000000e+00   -0.000000e+00   5.572940e+02   1.043149e-11   1.669026e-05
1.216000e+02   -1.420915e+01   -0.000000e+00   -0.000000e+00   5.588305e+02   1.033623e-11   1.658344e-05
1.217000e+02   -1.275884e+01   -0.000000e+00   -0.000000e+00   5.603554e+02   1.024226e-11   1.647751e-05
1.218000e+02   -1.156927e+01   -0.000000e+00   -0.000000e+00   5.618682e+02   1.014955e-11   1.637244e-05
1.219000e+02   -1.065860e+01   -0.000000e+00   -0.000000e+00   5.633686e+02   1.005807e-11   1.626821e-05
1.220000e+02   -9.878060e+00   -0.000000e+00   -0.000000e+00   5.648563e+02   9.967825e-12   1.616481e-05
1.221000e+02   -9.167712e+00   -0.000000e+00   -0.000000e+00   5.663309e+02   9.878776e-12   1.606223e-05
1.222000e+02   -8.469228e+00   -0.000000e+00   -0.000000e+00   5.677926e+02   9.790909e-12   1.596045e-05
1.223000e+02   -7.724372e+00   -0.000000e+00   -0.000000e+00   5.692415e+02   9.704204e-12   1.585948e-05
1.224000e+02   -6.867016e+00   -0.000000e+00   -0.000000e+00   5.706776e+02   9.618641e-12   1.575930e-05
1.225000e+02   -5.920870e+00   -0.000000e+00   -0.000000e+00   5.721011e+02   9.534203e-12   1.565992e-05
1.226000e+02   -4.982642e+00   -0.000000e+00   -0.000000e+00   5.735119e+02   9.450871e-12   1.556133e-05
1.227000e+02   -4.149401e+00   -0.000000e+00   -0.000000e+00   5.749103e+02   9.368626e-12   1.546352e-05
1.228000e+02   -3.518211e+00   -0.000000e+00   -0.000000e+00   5.762962e+02   9.287453e-12   1.536649e-05
1.229000e+02   -3.050122e+00   -0.000000e+00   -0.000000e+00   5.776698e+02   9.207332e-12   1.527024e-05
1.230000e+02   -2.590553e+00   -0.000000e+00   -0.000000e+00   5.790311e+02   9.128248e-12   1.517475e-05
1.231000e+02   -2.184074e+00   -0.000000e+00   -0.000000e+00   5.803802e+02   9.050184e-12   1.508004e-05
1.232000e+02   -1.878327e+00   -0.000000e+00   -0.000000e+00   5.817173e+02   8.973124e-12   1.498608e-05
1.233000e+02   -1.720955e+00   -0.000000e+00   -0.000000e+00   5.830423e+02   8.897052e-12   1.489288e-05
1.234000e+02   -1.688736e+00   -0.000000e+00   -0.000000e+00   5.843554e+02   8.821953e-12   1.480042e-05
1.235000e+02   -1.660775e+00   -0.000000e+00   -0.000000e+00   5.856567e+02   8.747811e-12   1.470872e-05
1.236000e+02   -1.614099e+00   -0.000000e+00   -0.000000e+00   5.869462e+02   8.674611e-12   1.461775e-05
1.237000e+02   -1.528253e+00   -0.000000e+00   -0.000000e+00   5.882240e+02   8.602339e-12   1.452752e-05
1.238000e+02   -1.382782e+00   -0.000000e+00   -0.000000e+00   5.894902e+02   8.530980e-12   1.443803e-05
1.239000e+02   -9.976430e-01   -0.000000e+00   -0.000000e+00   5.907449e+02   8.460520e-12   1.434926e-05
1.240000e+02   -1.475527e-01   -0.000000e+00   -0.000000e+00   5.919881e+02   8.390946e-12   1.426121e-05
1.241000e+02   9.692283e-01   -0.000000e+00   -0.000000e+00   5.932201e+02   8.322244e-12   1.417388e-05
1.242000e+02   2.142930e+00   -0.000000e+00   -0.000000e+00   5.944407e+02   8.254400e-12   1.408726e-05
1.243000e+02   3.163782e+00   -0.000000e+00   -0.000000e+00   5.956501e+02   8.187401e-12   1.400134e-05
1.244000e+02   3.956626e+00   -0.000000e+00   -0.000000e+00   5.968485e+02   8.121235e-12   1.391613e-05
1.245000e+02   4.726724e+00   -0.000000e+00   -0.000000e+00   5.980358e+02   8.055889e-12   1.383162e-05
1.246000e+02   5.475037e+00   -0.000000e+00   -0.000000e+00   5.992122e+02   7.991350e-12   1.374780e-05
1.247000e+02   6.191873e+00   -0.000000e+00   -0.000000e+00   6.003778e+02   7.927607e-12   1.366467e-05
1.248000e+02   6.867541e+00   -0.000000e+00   -0.000000e+00   6.015325e+02   7.864647e-12   1.358222e-05
1.249000e+02   7.491546e+00   -0.000000e+00   -0.000000e+00   6.026766e+02   7.802459e-12   1.350045e-05
1.250000e+02   8.076414e+00   -0.000000e+00   -0.000000e+00   6.038101e+02   7.741031e-12   1.341935e-05
1.251000e+02   8.660284e+00   -0.000000e+00   -0.000000e+00   6.049330e+02   7.680352e-12   1.333892e-05
1.252000e+02   9.281974e+00   -0.000000e+00   -0.000000e+00   6.060455e+02   7.620410e-12   1.325916e-05
1.253000e+02   9.980303e+00   -0.000000e+00   -0.000000e+00   6.071476e+02   7.561196e-12   1.318005e-05
1.254000e+02   1.086997e+01   -0.000000e+00   -0.000000e+00   6.082395e+02   7.502697e-12   1.310160e-05
1.255000e+02   1.208998e+01   -0.000000e+00   -0.000000e+00   6.093211e+02   7.444904e-12   1.302380e-05
1.256000e+02   1.344821e+01   -0.000000e+00   -0.000000e+00   6.103927e+02   7.387806e-12   1.294664e-05
1.257000e+02   1.473489e+01   -0.000000e+00   -0.000000e+00   6.114542e+02   7.331392e-12   1.287013e-05
1.258000e+02   1.574027e+01   -0.000000e+00   -0.000000e+00   6.125058e+02   7.275654e-12   1.279424e-05
1.259000e+02   1.639383e+01   -0.000000e+00   -0.000000e+00   6.135475e+02   7.220580e-12   1.271899e-05
1.260000e+02   1.703530e+01   -0.000000e+00   -0.000000e+00   6.145794e+02   7.166161e-12   1.264436e-05
1.261000e+02   1.769515e+01   -0.000000e+00   -0.000000e+00   6.156017e+02   7.112388e-12   1.257036e-05
1.262000e+02   1.837291e+01   -0.000000e+00   -0.000000e+00   6.166143e+02   7.059251e-12   1.249697e-05
1.263000e+02   1.906812e+01   -0.000000e+00   -0.000000e+00   6.176174e+02   7.006741e-12   1.242419e-05
1.264000e+02   1.974132e+01   -0.000000e+00   -0.000000e+00   6.186110e+02   6.954849e-12   1.235201e-05
1.265000e+02   2.027643e+01   -0.000000e+00   -0.000000e+00   6.195953e+02   6.903566e-12   1.228044e-05
1.266000e+02   2.071871e+01   -0.000000e+00   -0.000000e+00   6.205703e+02   6.852882e-12   1.220946e-05
1.267000e+02   2.112781e+01   -0.000000e+00   -0.000000e+00   6.215360e+02   6.802790e-12   1.213908e-05
1.268000e+02   2.156342e+01   -0.000000e+00   -0.000000e+00   6.224927e+02   6.753281e-12   1.206928e-05
1.269000e+02   2.204778e+01   -0.000000e+00   -0.000000e+00   6.234403e+02   6.704345e-12   1.200006e-05
1.270000e+02   2.248824e+01   -0.000000e+00   -0.000000e+00   6.243790e+02   6.655976e-12   1.193143e-05
1.271000e+02   2.293118e+01   -0.000000e+00   -0.000000e+00   6.253087e+02   6.608164e-12   1.186336e-05
1.272000e+02   2.343971e+01   -0.000000e+00   -0.000000e+00   6.262297e+02   6.560902e-12   1.179586e-05
1.273000e+02   2.407695e+01   -0.000000e+00   -0.000000e+00   6.271420e+02   6.514182e-12   1.172892e-05
1.274000e+02   2.487244e+01   -0.000000e+00   -0.000000e+00   6.280457e+02   6.467996e-12   1.166255e-05
1.275000e+02   2.570825e+01   -0.000000e+00   -0.000000e+00   6.289408e+02   6.422336e-12   1.159672e-05
1.276000e+02   2.656800e+01   -0.000000e+00   -0.000000e+00   6.298275e+02   6.377194e-12   1.153144e-05
1.277000e+02   2.745303e+01   -0.000000e+00   -0.000000e+00   6.307058e+02   6.332564e-12   1.146671e-05
1.278000e+02   2.836467e+01   -0.000000e+00   -0.000000e+00   6.315758e+02   6.288437e-12   1.140251e-05
1.279000e+02   2.932939e+01   -0.000000e+00   -0.000000e+00   6.324376e+02   6.244807e-12   1.133885e-05
1.280000e+02   3.044757e+01   -0.000000e+00   -0.000000e+00   6.332912e+02   6.201666e-12   1.127572e-05
1.281000e+02   3.165777e+01   -0.000000e+00   -0.000000e+00   6.341368e+02   6.159007e-12   1.121311e-05
1.282000e+02   3.287620e+01   -0.000000e+00   -0.000000e+00   6.349745e+02   6.116823e-12   1.115102e-05
1.283000e+02   3.401907e+01   -0.000000e+00   -0.000000e+00   6.358043e+02   6.075108e-12   1.108944e-05
1.284000e+02   3.500798e+01   -0.000000e+00   -0.000000e+00   6.366262e+02   6.033854e-12   1.102838e-05
1.285000e+02   3.584563e+01   -0.000000e+00   -0.000000e+00   6.374405e+02   5.993055e-12   1.096782e-05
1.286000e+02   3.659205e+01   -0.000000e+00   -0.000000e+00   6.382471e+02   5.952704e-12   1.090776e-05
1.287000e+02   3.730789e+01   -0.000000e+00   -0.000000e+00   6.390462e+02   5.912794e-12   1.084819e-05
1.288000e+02   3.805381e+01   -0.000000e+00   -0.000000e+00   6.398378e+02   5.873320e-12   1.078912e-05
1.289000e+02   3.887262e+01   -0.000000e+00   -0.000000e+00   6.406220e+02   5.834274e-12   1.073053e-05
1.290000e+02   3.969152e+01   -0.000000e+00   -0.000000e+00   6.413989e+02   5.795651e-12   1.067242e-05
1.291000e+02   4.051943e+01   -0.000000e+00   -0.000000e+00   6.421686e+02   5.757445e-12   1.061478e-05
1.292000e+02   4.138714e+01   -0.000000e+00   -0.000000e+00   6.429311e+02   5.719648e-12   1.055762e-05
1.293000e+02   4.232547e+01   -0.000000e+00   -0.000000e+00   6.436867e+02   5.682256e-12   1.050093e-05
1.294000e+02   4.335571e+01   -0.000000e+00   -0.000000e+00   6.444352e+02   5.645261e-12   1.044469e-05
1.295000e+02   4.441962e+01   -0.000000e+00   -0.000000e+00   6.451768e+02   5.608659e-12   1.038891e-05
1.296000e+02   4.549470e+01   -0.000000e+00   -0.000000e+00   6.459117e+02   5.572444e-12   1.033359e-05
1.297000e+02   4.657264e+01   -0.000000e+00   -0.000000e+00   6.466398e+02   5.536609e-12   1.027871e-05
1.298000e+02   4.764510e+01   -0.000000e+00   -0.000000e+00   6.473612e+02   5.501149e-12   1.022427e-05
1.299000e+02   4.870301e+01   -0.000000e+00   -0.000000e+00   6.480762e+02   5.466058e-12   1.017027e-05
1.300000e+02   4.973485e+01   -0.000000e+00   -0.000000e+00   6.487846e+02   5.431331e-12   1.011671e-05
