#% 0, Z0, m, 0.0
#% 1, Z, km
#% 2, U, m/s
#% 3, V, m/s
#% 4, W, m/s
#% 5, T, degK
#% 6, RHO, g/cm3
#% 7, P, mbar
0.000000e+00   -8.827025e-01   -0.000000e+00   -0.000000e+00   2.710916e+02   1.245405e-03   9.693021e+02
1.000000e-01   -1.322332e+00   -0.000000e+00   -0.000000e+00   2.701320e+02   1.234275e-03   9.572388e+02
2.000000e-01   -1.638463e+00   -0.000000e+00   -0.000000e+00   2.691624e+02   1.223249e-03   9.452823e+02
3.000000e-01   -1.825042e+00   -0.000000e+00   -0.000000e+00   2.682252e+02   1.212135e-03   9.334325e+02
4.000000e-01   -1.876269e+00   -0.000000e+00   -0.000000e+00   2.673687e+02   1.200720e-03   9.216892e+02
5.000000e-01   -1.799435e+00   -0.000000e+00   -0.000000e+00   2.666568e+02   1.188725e-03   9.100522e+02
6.000000e-01   -1.696227e+00   -0.000000e+00   -0.000000e+00   2.660732e+02   1.176238e-03   8.985217e+02
7.000000e-01   -1.592137e+00   -0.000000e+00   -0.000000e+00   2.655383e+02   1.163624e-03   8.870992e+02
8.000000e-01   -1.443233e+00   -0.000000e+00   -0.000000e+00   2.650118e+02   1.151067e-03   8.757867e+02
9.000000e-01   -1.264337e+00   -0.000000e+00   -0.000000e+00   2.645411e+02   1.138368e-03   8.645860e+02
1.000000e+00   -1.001145e+00   -0.000000e+00   -0.000000e+00   2.641174e+02   1.125569e-03   8.534961e+02
1.100000e+00   -6.922182e-01   -0.000000e+00   -0.000000e+00   2.637581e+02   1.112612e-03   8.425236e+02
1.200000e+00   -4.251592e-01   -0.000000e+00   -0.000000e+00   2.634252e+02   1.099693e-03   8.316889e+02
1.300000e+00   -2.603825e-01   -0.000000e+00   -0.000000e+00   2.630339e+02   1.087193e-03   8.210146e+02
1.400000e+00   -1.924763e-01   -0.000000e+00   -0.000000e+00   2.626313e+02   1.074909e-03   8.104958e+02
1.500000e+00   -1.822943e-01   -0.000000e+00   -0.000000e+00   2.622123e+02   1.062836e-03   8.001135e+02
1.600000e+00   -1.962127e-01   -0.000000e+00   -0.000000e+00   2.617849e+02   1.050920e-03   7.898537e+02
1.700000e+00   -2.264246e-01   -0.000000e+00   -0.000000e+00   2.614199e+02   1.038880e-03   7.797156e+02
1.800000e+00   -2.596098e-01   -0.000000e+00   -0.000000e+00   2.611312e+02   1.026667e-03   7.696986e+02
1.900000e+00   -2.686489e-01   -0.000000e+00   -0.000000e+00   2.609021e+02   1.014356e-03   7.598015e+02
2.000000e+00   -2.586468e-01   -0.000000e+00   -0.000000e+00   2.607130e+02   1.002027e-03   7.500231e+02
2.100000e+00   -2.683644e-01   -0.000000e+00   -0.000000e+00   2.605423e+02   9.897682e-04   7.403620e+02
2.200000e+00   -3.283589e-01   -0.000000e+00   -0.000000e+00   2.603718e+02   9.776473e-04   7.308169e+02
2.300000e+00   -4.272538e-01   -0.000000e+00   -0.000000e+00   2.601913e+02   9.657010e-04   7.213863e+02
2.400000e+00   -5.495449e-01   -0.000000e+00   -0.000000e+00   2.599926e+02   9.539568e-04   7.120689e+02
2.500000e+00   -6.710409e-01   -0.000000e+00   -0.000000e+00   2.597766e+02   9.424065e-04   7.028628e+02
2.600000e+00   -7.712011e-01   -0.000000e+00   -0.000000e+00   2.595508e+02   9.310189e-04   6.937662e+02
2.700000e+00   -8.458337e-01   -0.000000e+00   -0.000000e+00   2.593181e+02   9.197802e-04   6.847772e+02
2.800000e+00   -8.921509e-01   0.000000e+00   0.000000e+00   2.590652e+02   9.087348e-04   6.758939e+02
2.900000e+00   -9.104728e-01   0.000000e+00   0.000000e+00   2.587749e+02   8.979369e-04   6.671143e+02
3.000000e+00   -9.022486e-01   0.000000e+00   0.000000e+00   2.584405e+02   8.874035e-04   6.584368e+02
3.100000e+00   -8.667880e-01   0.000000e+00   0.000000e+00   2.580705e+02   8.771000e-04   6.498599e+02
3.200000e+00   -8.053709e-01   0.000000e+00   0.000000e+00   2.576742e+02   8.669892e-04   6.413823e+02
3.300000e+00   -7.310196e-01   0.000000e+00   0.000000e+00   2.572606e+02   8.570376e-04   6.330027e+02
3.400000e+00   -6.523603e-01   0.000000e+00   0.000000e+00   2.568349e+02   8.472253e-04   6.247198e+02
3.500000e+00   -5.762854e-01   0.000000e+00   0.000000e+00   2.564007e+02   8.375381e-04   6.165328e+02
3.600000e+00   -4.957102e-01   0.000000e+00   0.000000e+00   2.559619e+02   8.279620e-04   6.084405e+02
3.700000e+00   -3.925295e-01   0.000000e+00   0.000000e+00   2.555220e+02   8.184843e-04   6.004419e+02
3.800000e+00   -2.863107e-01   0.000000e+00   0.000000e+00   2.550793e+02   8.091092e-04   5.925359e+02
3.900000e+00   -1.981405e-01   0.000000e+00   0.000000e+00   2.546268e+02   7.998570e-04   5.847212e+02
4.000000e+00   -1.491102e-01   0.000000e+00   0.000000e+00   2.541573e+02   7.907481e-04   5.769964e+02
4.100000e+00   -1.851174e-01   0.000000e+00   0.000000e+00   2.536635e+02   7.818020e-04   5.693603e+02
4.200000e+00   -3.452973e-01   0.000000e+00   0.000000e+00   2.531403e+02   7.730314e-04   5.618117e+02
4.300000e+00   -5.638186e-01   0.000000e+00   0.000000e+00   2.525942e+02   7.644127e-04   5.543493e+02
4.400000e+00   -7.708292e-01   0.000000e+00   0.000000e+00   2.520360e+02   7.559105e-04   5.469722e+02
4.500000e+00   -8.964781e-01   0.000000e+00   0.000000e+00   2.514767e+02   7.474906e-04   5.396793e+02
4.600000e+00   -8.979970e-01   0.000000e+00   0.000000e+00   2.509270e+02   7.391200e-04   5.324695e+02
4.700000e+00   -8.354313e-01   0.000000e+00   0.000000e+00   2.503956e+02   7.307735e-04   5.253418e+02
4.800000e+00   -7.466761e-01   0.000000e+00   0.000000e+00   2.498814e+02   7.224549e-04   5.182949e+02
4.900000e+00   -6.654758e-01   0.000000e+00   0.000000e+00   2.493808e+02   7.141742e-04   5.113279e+02
5.000000e+00   -6.255742e-01   0.000000e+00   0.000000e+00   2.488904e+02   7.059414e-04   5.044396e+02
5.100000e+00   -6.512262e-01   0.000000e+00   0.000000e+00   2.484067e+02   6.977660e-04   4.976289e+02
5.200000e+00   -7.186636e-01   0.000000e+00   0.000000e+00   2.479259e+02   6.896583e-04   4.908946e+02
5.300000e+00   -8.062096e-01   0.000000e+00   0.000000e+00   2.474412e+02   6.816357e-04   4.842355e+02
5.400000e+00   -8.952042e-01   0.000000e+00   0.000000e+00   2.469447e+02   6.737181e-04   4.776506e+02
5.500000e+00   -9.669934e-01   0.000000e+00   0.000000e+00   2.464286e+02   6.659246e-04   4.711384e+02
5.600000e+00   -1.013722e+00   0.000000e+00   0.000000e+00   2.458849e+02   6.582736e-04   4.646978e+02
5.700000e+00   -1.063128e+00   0.000000e+00   0.000000e+00   2.453059e+02   6.507823e-04   4.583277e+02
5.800000e+00   -1.113384e+00   0.000000e+00   0.000000e+00   2.446903e+02   6.434507e-04   4.520269e+02
5.900000e+00   -1.156049e+00   0.000000e+00   0.000000e+00   2.440469e+02   6.362526e-04   4.457950e+02
6.000000e+00   -1.182401e+00   0.000000e+00   0.000000e+00   2.433853e+02   6.291610e-04   4.396312e+02
6.100000e+00   -1.156921e+00   0.000000e+00   0.000000e+00   2.427153e+02   6.221494e-04   4.335350e+02
6.200000e+00   -9.903741e-01   0.000000e+00   0.000000e+00   2.420464e+02   6.151925e-04   4.275057e+02
6.300000e+00   -7.298668e-01   0.000000e+00   0.000000e+00   2.413881e+02   6.082658e-04   4.215428e+02
6.400000e+00   -4.396349e-01   0.000000e+00   0.000000e+00   2.407453e+02   6.013580e-04   4.156456e+02
6.500000e+00   -1.874761e-01   0.000000e+00   0.000000e+00   2.401177e+02   5.944700e-04   4.098136e+02
6.600000e+00   -1.629053e-02   0.000000e+00   0.000000e+00   2.395049e+02   5.876035e-04   4.040463e+02
6.700000e+00   1.414682e-01   0.000000e+00   0.000000e+00   2.389066e+02   5.807601e-04   3.983430e+02
6.800000e+00   2.777392e-01   0.000000e+00   0.000000e+00   2.383222e+02   5.739413e-04   3.927032e+02
6.900000e+00   3.712732e-01   0.000000e+00   0.000000e+00   2.377515e+02   5.671489e-04   3.871263e+02
7.000000e+00   4.026023e-01   0.000000e+00   0.000000e+00   2.371929e+02   5.603867e-04   3.816119e+02
7.100000e+00   3.012965e-01   0.000000e+00   0.000000e+00   2.366427e+02   5.536644e-04   3.761595e+02
7.200000e+00   -1.531697e-01   0.000000e+00   0.000000e+00   2.360967e+02   5.469918e-04   3.707687e+02
7.300000e+00   -8.128044e-01   0.000000e+00   0.000000e+00   2.355510e+02   5.403785e-04   3.654393e+02
7.400000e+00   -1.479895e+00   0.000000e+00   0.000000e+00   2.350013e+02   5.338335e-04   3.601708e+02
7.500000e+00   -1.956730e+00   0.000000e+00   0.000000e+00   2.344438e+02   5.273657e-04   3.549629e+02
7.600000e+00   -2.106298e+00   0.000000e+00   0.000000e+00   2.338743e+02   5.209833e-04   3.498151e+02
7.700000e+00   -2.170786e+00   0.000000e+00   0.000000e+00   2.332908e+02   5.146898e-04   3.447272e+02
7.800000e+00   -2.206624e+00   0.000000e+00   0.000000e+00   2.326938e+02   5.084837e-04   3.396989e+02
7.900000e+00   -2.217948e+00   0.000000e+00   0.000000e+00   2.320836e+02   5.023632e-04   3.347299e+02
8.000000e+00   -2.208895e+00   0.000000e+00   0.000000e+00   2.314607e+02   4.963263e-04   3.298199e+02
8.100000e+00   -2.155153e+00   0.000000e+00   0.000000e+00   2.308256e+02   4.903714e-04   3.249687e+02
8.200000e+00   -1.907073e+00   0.000000e+00   0.000000e+00   2.301788e+02   4.844969e-04   3.201759e+02
8.300000e+00   -1.542868e+00   0.000000e+00   0.000000e+00   2.295207e+02   4.787010e-04   3.154412e+02
8.400000e+00   -1.183446e+00   0.000000e+00   0.000000e+00   2.288517e+02   4.729823e-04   3.107645e+02
8.500000e+00   -9.501917e-01   0.000000e+00   0.000000e+00   2.281728e+02   4.673384e-04   3.061454e+02
8.600000e+00   -1.002918e+00   0.000000e+00   0.000000e+00   2.274878e+02   4.617614e-04   3.015839e+02
8.700000e+00   -1.600746e+00   0.000000e+00   0.000000e+00   2.268017e+02   4.562418e-04   2.970803e+02
8.800000e+00   -2.521527e+00   0.000000e+00   0.000000e+00   2.261195e+02   4.507703e-04   2.926346e+02
8.900000e+00   -3.459460e+00   0.000000e+00   0.000000e+00   2.254459e+02   4.453381e-04   2.882469e+02
9.000000e+00   -4.108740e+00   0.000000e+00   0.000000e+00   2.247861e+02   4.399367e-04   2.839174e+02
9.100000e+00   -4.143263e+00   0.000000e+00   0.000000e+00   2.241450e+02   4.345580e-04   2.796463e+02
9.200000e+00   -3.316575e+00   0.000000e+00   0.000000e+00   2.235275e+02   4.291941e-04   2.754336e+02
9.300000e+00   -1.988387e+00   0.000000e+00   0.000000e+00   2.229385e+02   4.238377e-04   2.712795e+02
9.400000e+00   -6.094879e-01   0.000000e+00   0.000000e+00   2.223831e+02   4.184818e-04   2.671841e+02
9.500000e+00   3.693966e-01   0.000000e+00   0.000000e+00   2.218661e+02   4.131198e-04   2.631475e+02
9.600000e+00   5.557774e-01   0.000000e+00   0.000000e+00   2.213921e+02   4.077463e-04   2.591698e+02
9.700000e+00   2.963545e-01   0.000000e+00   0.000000e+00   2.209651e+02   4.023567e-04   2.552509e+02
9.800000e+00   -1.564953e-01   0.000000e+00   0.000000e+00   2.205891e+02   3.969470e-04   2.513905e+02
9.900000e+00   -6.814009e-01   0.000000e+00   0.000000e+00   2.202681e+02   3.915135e-04   2.475886e+02
1.000000e+01   -1.156991e+00   0.000000e+00   0.000000e+00   2.200062e+02   3.860529e-04   2.438451e+02
1.010000e+01   -1.478034e+00   0.000000e+00   0.000000e+00   2.198074e+02   3.805623e-04   2.401599e+02
1.020000e+01   -1.758252e+00   0.000000e+00   0.000000e+00   2.196757e+02   3.750394e-04   2.365328e+02
1.030000e+01   -2.019862e+00   0.000000e+00   0.000000e+00   2.196151e+02   3.694823e-04   2.329637e+02
1.040000e+01   -2.226850e+00   0.000000e+00   0.000000e+00   2.196297e+02   3.638893e-04   2.294524e+02
1.050000e+01   -2.343201e+00   0.000000e+00   0.000000e+00   2.197234e+02   3.582596e-04   2.259990e+02
1.060000e+01   -2.332539e+00   0.000000e+00   0.000000e+00   2.198983e+02   3.525955e-04   2.226030e+02
1.070000e+01   -2.175180e+00   0.000000e+00   0.000000e+00   2.201485e+02   3.469113e-04   2.192636e+02
1.080000e+01   -1.929222e+00   0.000000e+00   0.000000e+00   2.204660e+02   3.412235e-04   2.159797e+02
1.090000e+01   -1.666941e+00   0.000000e+00   0.000000e+00   2.208428e+02   3.355477e-04   2.127501e+02
1.100000e+01   -1.460612e+00   0.000000e+00   0.000000e+00   2.212709e+02   3.298987e-04   2.095739e+02
1.110000e+01   -1.388663e+00   0.000000e+00   0.000000e+00   2.217422e+02   3.242902e-04   2.064499e+02
1.120000e+01   -1.586099e+00   0.000000e+00   0.000000e+00   2.222489e+02   3.187349e-04   2.033769e+02
1.130000e+01   -1.975706e+00   0.000000e+00   0.000000e+00   2.227830e+02   3.132447e-04   2.003541e+02
1.140000e+01   -2.414466e+00   0.000000e+00   0.000000e+00   2.233363e+02   3.078305e-04   1.973801e+02
1.150000e+01   -2.759362e+00   0.000000e+00   0.000000e+00   2.239010e+02   3.025021e-04   1.944540e+02
1.160000e+01   -2.864066e+00   0.000000e+00   0.000000e+00   2.244691e+02   2.972686e-04   1.915747e+02
1.170000e+01   -2.590245e+00   0.000000e+00   0.000000e+00   2.250341e+02   2.921365e-04   1.887411e+02
1.180000e+01   -2.069489e+00   0.000000e+00   0.000000e+00   2.255921e+02   2.871085e-04   1.859527e+02
1.190000e+01   -1.502799e+00   0.000000e+00   0.000000e+00   2.261394e+02   2.821870e-04   1.832085e+02
1.200000e+01   -1.091179e+00   0.000000e+00   0.000000e+00   2.266725e+02   2.773738e-04   1.805080e+02
1.210000e+01   -1.041775e+00   0.000000e+00   0.000000e+00   2.271875e+02   2.726705e-04   1.778505e+02
1.220000e+01   -1.627360e+00   0.000000e+00   0.000000e+00   2.276809e+02   2.680786e-04   1.752351e+02
1.230000e+01   -2.659778e+00   0.000000e+00   0.000000e+00   2.281490e+02   2.635990e-04   1.726612e+02
1.240000e+01   -3.794378e+00   0.000000e+00   0.000000e+00   2.285881e+02   2.592328e-04   1.701280e+02
1.250000e+01   -4.686510e+00   0.000000e+00   0.000000e+00   2.289945e+02   2.549805e-04   1.676349e+02
1.260000e+01   -4.989546e+00   0.000000e+00   0.000000e+00   2.293647e+02   2.508427e-04   1.651812e+02
1.270000e+01   -4.439359e+00   0.000000e+00   0.000000e+00   2.296950e+02   2.468197e-04   1.627660e+02
1.280000e+01   -3.311931e+00   0.000000e+00   0.000000e+00   2.299845e+02   2.429088e-04   1.603888e+02
1.290000e+01   -2.022919e+00   0.000000e+00   0.000000e+00   2.302358e+02   2.391038e-04   1.580490e+02
1.300000e+01   -9.881942e-01   0.000000e+00   0.000000e+00   2.304521e+02   2.353985e-04   1.557459e+02
1.310000e+01   -6.176930e-01   0.000000e+00   0.000000e+00   2.306364e+02   2.317870e-04   1.534791e+02
1.320000e+01   -7.979843e-01   0.000000e+00   0.000000e+00   2.307916e+02   2.282637e-04   1.512479e+02
1.330000e+01   -1.210743e+00   0.000000e+00   0.000000e+00   2.309209e+02   2.248234e-04   1.490518e+02
1.340000e+01   -1.719218e+00   0.000000e+00   0.000000e+00   2.310273e+02   2.214609e-04   1.468901e+02
1.350000e+01   -2.186659e+00   0.000000e+00   0.000000e+00   2.311137e+02   2.181714e-04   1.447624e+02
1.360000e+01   -2.477903e+00   0.000000e+00   0.000000e+00   2.311833e+02   2.149502e-04   1.426680e+02
1.370000e+01   -2.665859e+00   0.000000e+00   0.000000e+00   2.312390e+02   2.117930e-04   1.406064e+02
1.380000e+01   -2.838584e+00   0.000000e+00   0.000000e+00   2.312839e+02   2.086956e-04   1.385770e+02
1.390000e+01   -2.970099e+00   0.000000e+00   0.000000e+00   2.313202e+02   2.056546e-04   1.365791e+02
1.400000e+01   -3.033392e+00   0.000000e+00   0.000000e+00   2.313485e+02   2.026681e-04   1.346122e+02
1.410000e+01   -2.999261e+00   0.000000e+00   0.000000e+00   2.313694e+02   1.997343e-04   1.326756e+02
1.420000e+01   -2.400864e+00   0.000000e+00   0.000000e+00   2.313834e+02   1.968517e-04   1.307686e+02
1.430000e+01   -1.188536e+00   0.000000e+00   0.000000e+00   2.313909e+02   1.940184e-04   1.288907e+02
1.440000e+01   2.154819e-01   0.000000e+00   0.000000e+00   2.313925e+02   1.912329e-04   1.270411e+02
1.450000e+01   1.388948e+00   0.000000e+00   0.000000e+00   2.313887e+02   1.884935e-04   1.252192e+02
1.460000e+01   1.909770e+00   0.000000e+00   0.000000e+00   2.313800e+02   1.857988e-04   1.234244e+02
1.470000e+01   1.626074e+00   0.000000e+00   0.000000e+00   2.313670e+02   1.831471e-04   1.216561e+02
1.480000e+01   8.415453e-01   0.000000e+00   0.000000e+00   2.313500e+02   1.805370e-04   1.199135e+02
1.490000e+01   -1.559426e-01   0.000000e+00   0.000000e+00   2.313296e+02   1.779669e-04   1.181960e+02
1.500000e+01   -1.078611e+00   0.000000e+00   0.000000e+00   2.313064e+02   1.754355e-04   1.165031e+02
1.510000e+01   -1.639024e+00   0.000000e+00   0.000000e+00   2.312806e+02   1.729419e-04   1.148343e+02
1.520000e+01   -1.915005e+00   0.000000e+00   0.000000e+00   2.312527e+02   1.704850e-04   1.131893e+02
1.530000e+01   -2.157172e+00   0.000000e+00   0.000000e+00   2.312229e+02   1.680640e-04   1.115676e+02
1.540000e+01   -2.337353e+00   0.000000e+00   0.000000e+00   2.311916e+02   1.656781e-04   1.099688e+02
1.550000e+01   -2.427377e+00   0.000000e+00   0.000000e+00   2.311592e+02   1.633263e-04   1.083926e+02
1.560000e+01   -2.399073e+00   0.000000e+00   0.000000e+00   2.311260e+02   1.610079e-04   1.068386e+02
1.570000e+01   -1.870812e+00   0.000000e+00   0.000000e+00   2.310923e+02   1.587220e-04   1.053064e+02
1.580000e+01   -6.986092e-01   0.000000e+00   0.000000e+00   2.310585e+02   1.564677e-04   1.037956e+02
1.590000e+01   7.012683e-01   0.000000e+00   0.000000e+00   2.310249e+02   1.542444e-04   1.023058e+02
1.600000e+01   1.912053e+00   0.000000e+00   0.000000e+00   2.309918e+02   1.520511e-04   1.008367e+02
1.610000e+01   2.516996e+00   0.000000e+00   0.000000e+00   2.309597e+02   1.498872e-04   9.938785e+01
1.620000e+01   2.531129e+00   0.000000e+00   0.000000e+00   2.309288e+02   1.477521e-04   9.795897e+01
1.630000e+01   2.385878e+00   0.000000e+00   0.000000e+00   2.308994e+02   1.456453e-04   9.654982e+01
1.640000e+01   2.133364e+00   0.000000e+00   0.000000e+00   2.308717e+02   1.435662e-04   9.516016e+01
1.650000e+01   1.823851e+00   0.000000e+00   0.000000e+00   2.308460e+02   1.415144e-04   9.378976e+01
1.660000e+01   1.507606e+00   0.000000e+00   0.000000e+00   2.308226e+02   1.394895e-04   9.243835e+01
1.670000e+01   1.095293e+00   0.000000e+00   0.000000e+00   2.308017e+02   1.374910e-04   9.110571e+01
1.680000e+01   4.992852e-01   0.000000e+00   0.000000e+00   2.307837e+02   1.355184e-04   8.979159e+01
1.690000e+01   -1.232357e-01   0.000000e+00   0.000000e+00   2.307687e+02   1.335713e-04   8.849574e+01
1.700000e+01   -6.131830e-01   0.000000e+00   0.000000e+00   2.307572e+02   1.316492e-04   8.721792e+01
1.710000e+01   -8.114696e-01   0.000000e+00   0.000000e+00   2.307492e+02   1.297517e-04   8.595789e+01
1.720000e+01   -3.350286e-01   0.000000e+00   0.000000e+00   2.307452e+02   1.278785e-04   8.471541e+01
1.730000e+01   9.582743e-01   0.000000e+00   0.000000e+00   2.307453e+02   1.260290e-04   8.349026e+01
1.740000e+01   2.573435e+00   0.000000e+00   0.000000e+00   2.307501e+02   1.242030e-04   8.228226e+01
1.750000e+01   4.008186e+00   0.000000e+00   0.000000e+00   2.307598e+02   1.224000e-04   8.109122e+01
1.760000e+01   4.760262e+00   0.000000e+00   0.000000e+00   2.307749e+02   1.206197e-04   7.991696e+01
1.770000e+01   4.636613e+00   0.000000e+00   0.000000e+00   2.307956e+02   1.188617e-04   7.875930e+01
1.780000e+01   4.084032e+00   0.000000e+00   0.000000e+00   2.308223e+02   1.171258e-04   7.761804e+01
1.790000e+01   3.288008e+00   0.000000e+00   0.000000e+00   2.308555e+02   1.154115e-04   7.649299e+01
1.800000e+01   2.424802e+00   0.000000e+00   0.000000e+00   2.308955e+02   1.137186e-04   7.538399e+01
1.810000e+01   1.670672e+00   0.000000e+00   0.000000e+00   2.309425e+02   1.120467e-04   7.429083e+01
1.820000e+01   1.040135e+00   0.000000e+00   0.000000e+00   2.309971e+02   1.103955e-04   7.321333e+01
1.830000e+01   3.401354e-01   0.000000e+00   0.000000e+00   2.310595e+02   1.087647e-04   7.215132e+01
1.840000e+01   -3.287140e-01   0.000000e+00   0.000000e+00   2.311295e+02   1.071544e-04   7.110459e+01
1.850000e+01   -8.559020e-01   0.000000e+00   0.000000e+00   2.312060e+02   1.055648e-04   7.007295e+01
1.860000e+01   -1.130901e+00   0.000000e+00   0.000000e+00   2.312878e+02   1.039962e-04   6.905620e+01
1.870000e+01   -1.030691e+00   0.000000e+00   0.000000e+00   2.313737e+02   1.024491e-04   6.805415e+01
1.880000e+01   -5.562270e-01   0.000000e+00   0.000000e+00   2.314627e+02   1.009236e-04   6.706660e+01
1.890000e+01   1.368211e-01   0.000000e+00   0.000000e+00   2.315534e+02   9.942008e-05   6.609335e+01
1.900000e+01   8.891793e-01   0.000000e+00   0.000000e+00   2.316449e+02   9.793862e-05   6.513420e+01
1.910000e+01   1.541573e+00   0.000000e+00   0.000000e+00   2.317359e+02   9.647943e-05   6.418897e+01
1.920000e+01   2.056705e+00   0.000000e+00   0.000000e+00   2.318252e+02   9.504267e-05   6.325744e+01
1.930000e+01   2.621400e+00   0.000000e+00   0.000000e+00   2.319117e+02   9.362843e-05   6.233943e+01
1.940000e+01   3.152846e+00   0.000000e+00   0.000000e+00   2.319943e+02   9.223683e-05   6.143474e+01
1.950000e+01   3.552766e+00   0.000000e+00   0.000000e+00   2.320719e+02   9.086785e-05   6.054317e+01
1.960000e+01   3.722692e+00   0.000000e+00   0.000000e+00   2.321441e+02   8.952127e-05   5.966453e+01
1.970000e+01   3.424847e+00   0.000000e+00   0.000000e+00   2.322107e+02   8.819682e-05   5.879866e+01
1.980000e+01   2.403662e+00   0.000000e+00   0.000000e+00   2.322712e+02   8.689422e-05   5.794536e+01
1.990000e+01   1.039195e+00   0.000000e+00   0.000000e+00   2.323255e+02   8.561319e-05   5.710446e+01
2.000000e+01   -2.552383e-01   0.000000e+00   0.000000e+00   2.323732e+02   8.435347e-05   5.627576e+01
2.010000e+01   -1.066322e+00   0.000000e+00   0.000000e+00   2.324140e+02   8.311475e-05   5.545910e+01
2.020000e+01   -1.230694e+00   0.000000e+00   0.000000e+00   2.324477e+02   8.189675e-05   5.465428e+01
2.030000e+01   -1.338908e+00   0.000000e+00   0.000000e+00   2.324738e+02   8.069919e-05   5.386113e+01
2.040000e+01   -1.446165e+00   0.000000e+00   0.000000e+00   2.324921e+02   7.952177e-05   5.307947e+01
2.050000e+01   -1.552837e+00   0.000000e+00   0.000000e+00   2.325023e+02   7.836420e-05   5.230910e+01
2.060000e+01   -1.659178e+00   0.000000e+00   0.000000e+00   2.325041e+02   7.722617e-05   5.154986e+01
2.070000e+01   -1.631896e+00   0.000000e+00   0.000000e+00   2.324981e+02   7.610715e-05   5.080158e+01
2.080000e+01   -1.116200e+00   0.000000e+00   0.000000e+00   2.324853e+02   7.500646e-05   5.006412e+01
2.090000e+01   -3.493360e-01   0.000000e+00   0.000000e+00   2.324669e+02   7.392345e-05   4.933735e+01
2.100000e+01   3.807489e-01   0.000000e+00   0.000000e+00   2.324440e+02   7.285749e-05   4.862111e+01
2.110000e+01   7.861070e-01   0.000000e+00   0.000000e+00   2.324176e+02   7.180796e-05   4.791526e+01
2.120000e+01   5.232935e-01   0.000000e+00   0.000000e+00   2.323888e+02   7.077428e-05   4.721968e+01
2.130000e+01   -5.960151e-01   0.000000e+00   0.000000e+00   2.323588e+02   6.975588e-05   4.653420e+01
2.140000e+01   -2.136684e+00   0.000000e+00   0.000000e+00   2.323286e+02   6.875221e-05   4.585870e+01
2.150000e+01   -3.618427e+00   0.000000e+00   0.000000e+00   2.322994e+02   6.776274e-05   4.519303e+01
2.160000e+01   -4.560957e+00   0.000000e+00   0.000000e+00   2.322723e+02   6.678696e-05   4.453705e+01
2.170000e+01   -4.581713e+00   0.000000e+00   0.000000e+00   2.322483e+02   6.582438e-05   4.389061e+01
2.180000e+01   -3.944657e+00   0.000000e+00   0.000000e+00   2.322284e+02   6.487456e-05   4.325358e+01
2.190000e+01   -2.917447e+00   0.000000e+00   0.000000e+00   2.322130e+02   6.393727e-05   4.262585e+01
2.200000e+01   -1.733801e+00   0.000000e+00   0.000000e+00   2.322025e+02   6.301229e-05   4.200728e+01
2.210000e+01   -6.274425e-01   0.000000e+00   0.000000e+00   2.321972e+02   6.209942e-05   4.139777e+01
2.220000e+01   2.589971e-01   0.000000e+00   0.000000e+00   2.321974e+02   6.119847e-05   4.079719e+01
2.230000e+01   1.207987e+00   0.000000e+00   0.000000e+00   2.322033e+02   6.030925e-05   4.020543e+01
2.240000e+01   2.145442e+00   0.000000e+00   0.000000e+00   2.322154e+02   5.943156e-05   3.962237e+01
2.250000e+01   2.930923e+00   0.000000e+00   0.000000e+00   2.322339e+02   5.856521e-05   3.904789e+01
2.260000e+01   3.423990e+00   0.000000e+00   0.000000e+00   2.322591e+02   5.771002e-05   3.848188e+01
2.270000e+01   3.295302e+00   0.000000e+00   0.000000e+00   2.322913e+02   5.686580e-05   3.792421e+01
2.280000e+01   1.645277e+00   0.000000e+00   0.000000e+00   2.323310e+02   5.603239e-05   3.737478e+01
2.290000e+01   -8.989357e-01   0.000000e+00   0.000000e+00   2.323783e+02   5.520959e-05   3.683345e+01
2.300000e+01   -3.477832e+00   0.000000e+00   0.000000e+00   2.324332e+02   5.439733e-05   3.630012e+01
2.310000e+01   -5.228710e+00   0.000000e+00   0.000000e+00   2.324950e+02   5.359567e-05   3.577468e+01
2.320000e+01   -5.536435e+00   0.000000e+00   0.000000e+00   2.325630e+02   5.280468e-05   3.525700e+01
2.330000e+01   -5.552107e+00   0.000000e+00   0.000000e+00   2.326365e+02   5.202440e-05   3.474699e+01
2.340000e+01   -5.558311e+00   0.000000e+00   0.000000e+00   2.327146e+02   5.125487e-05   3.424452e+01
2.350000e+01   -5.554768e+00   0.000000e+00   0.000000e+00   2.327966e+02   5.049614e-05   3.374949e+01
2.360000e+01   -5.541200e+00   0.000000e+00   0.000000e+00   2.328818e+02   4.974822e-05   3.326177e+01
2.370000e+01   -5.325411e+00   0.000000e+00   0.000000e+00   2.329694e+02   4.901111e-05   3.278127e+01
2.380000e+01   -3.684481e+00   0.000000e+00   0.000000e+00   2.330587e+02   4.828482e-05   3.230786e+01
2.390000e+01   -1.122931e+00   0.000000e+00   0.000000e+00   2.331489e+02   4.756933e-05   3.184144e+01
2.400000e+01   1.479426e+00   0.000000e+00   0.000000e+00   2.332393e+02   4.686462e-05   3.138190e+01
2.410000e+01   3.242778e+00   0.000000e+00   0.000000e+00   2.333291e+02   4.617067e-05   3.092911e+01
2.420000e+01   3.460505e+00   0.000000e+00   0.000000e+00   2.334179e+02   4.548738e-05   3.048298e+01
2.430000e+01   3.156050e+00   0.000000e+00   0.000000e+00   2.335056e+02   4.481459e-05   3.004340e+01
2.440000e+01   2.704871e+00   0.000000e+00   0.000000e+00   2.335923e+02   4.415215e-05   2.961029e+01
2.450000e+01   2.147861e+00   0.000000e+00   0.000000e+00   2.336779e+02   4.349989e-05   2.918355e+01
2.460000e+01   1.525912e+00   0.000000e+00   0.000000e+00   2.337625e+02   4.285764e-05   2.876308e+01
2.470000e+01   8.304356e-01   0.000000e+00   0.000000e+00   2.338460e+02   4.222524e-05   2.834879e+01
2.480000e+01   -3.414006e-01   0.000000e+00   0.000000e+00   2.339285e+02   4.160253e-05   2.794057e+01
2.490000e+01   -1.810858e+00   0.000000e+00   0.000000e+00   2.340100e+02   4.098935e-05   2.753835e+01
2.500000e+01   -3.231126e+00   0.000000e+00   0.000000e+00   2.340905e+02   4.038554e-05   2.714201e+01
2.510000e+01   -4.255394e+00   0.000000e+00   0.000000e+00   2.341699e+02   3.979094e-05   2.675147e+01
2.520000e+01   -4.584626e+00   0.000000e+00   0.000000e+00   2.342483e+02   3.920539e-05   2.636663e+01
2.530000e+01   -4.613635e+00   -0.000000e+00   -0.000000e+00   2.343257e+02   3.862872e-05   2.598739e+01
2.540000e+01   -4.563555e+00   -0.000000e+00   -0.000000e+00   2.344021e+02   3.806080e-05   2.561366e+01
2.550000e+01   -4.494925e+00   -0.000000e+00   -0.000000e+00   2.344771e+02   3.750153e-05   2.524537e+01
2.560000e+01   -4.468342e+00   -0.000000e+00   -0.000000e+00   2.345507e+02   3.695080e-05   2.488243e+01
2.570000e+01   -4.565695e+00   -0.000000e+00   -0.000000e+00   2.346224e+02   3.640852e-05   2.452477e+01
2.580000e+01   -5.092570e+00   -0.000000e+00   -0.000000e+00   2.346923e+02   3.587460e-05   2.417231e+01
2.590000e+01   -5.928818e+00   -0.000000e+00   -0.000000e+00   2.347599e+02   3.534892e-05   2.382497e+01
2.600000e+01   -6.811972e+00   -0.000000e+00   -0.000000e+00   2.348250e+02   3.483138e-05   2.348267e+01
2.610000e+01   -7.479562e+00   -0.000000e+00   -0.000000e+00   2.348875e+02   3.432189e-05   2.314533e+01
2.620000e+01   -7.674708e+00   -0.000000e+00   -0.000000e+00   2.349471e+02   3.382033e-05   2.281289e+01
2.630000e+01   -7.359359e+00   -0.000000e+00   -0.000000e+00   2.350035e+02   3.332660e-05   2.248525e+01
2.640000e+01   -6.705236e+00   -0.000000e+00   -0.000000e+00   2.350565e+02   3.284059e-05   2.216234e+01
2.650000e+01   -5.880395e+00   -0.000000e+00   -0.000000e+00   2.351059e+02   3.236218e-05   2.184408e+01
2.660000e+01   -5.053031e+00   -0.000000e+00   -0.000000e+00   2.351515e+02   3.189127e-05   2.153039e+01
2.670000e+01   -4.379473e+00   -0.000000e+00   -0.000000e+00   2.351938e+02   3.142767e-05   2.122122e+01
2.680000e+01   -3.688375e+00   -0.000000e+00   -0.000000e+00   2.352335e+02   3.097116e-05   2.091651e+01
2.690000e+01   -2.958726e+00   -0.000000e+00   -0.000000e+00   2.352715e+02   3.052156e-05   2.061619e+01
2.700000e+01   -2.305981e+00   -0.000000e+00   -0.000000e+00   2.353083e+02   3.007867e-05   2.032021e+01
2.710000e+01   -1.845596e+00   -0.000000e+00   -0.000000e+00   2.353450e+02   2.964229e-05   2.002852e+01
2.720000e+01   -1.701305e+00   -0.000000e+00   -0.000000e+00   2.353821e+02   2.921224e-05   1.974107e+01
2.730000e+01   -2.153727e+00   -0.000000e+00   -0.000000e+00   2.354205e+02   2.878834e-05   1.945778e+01
2.740000e+01   -3.048488e+00   -0.000000e+00   -0.000000e+00   2.354610e+02   2.837043e-05   1.917861e+01
2.750000e+01   -4.050699e+00   -0.000000e+00   -0.000000e+00   2.355043e+02   2.795833e-05   1.890351e+01
2.760000e+01   -4.825469e+00   -0.000000e+00   -0.000000e+00   2.355512e+02   2.755188e-05   1.863240e+01
2.770000e+01   -5.043270e+00   -0.000000e+00   -0.000000e+00   2.356024e+02   2.715093e-05   1.836525e+01
2.780000e+01   -4.731910e+00   -0.000000e+00   -0.000000e+00   2.356588e+02   2.675533e-05   1.810199e+01
2.790000e+01   -4.142018e+00   -0.000000e+00   -0.000000e+00   2.357208e+02   2.636495e-05   1.784256e+01
2.800000e+01   -3.447010e+00   -0.000000e+00   -0.000000e+00   2.357881e+02   2.597980e-05   1.758693e+01
2.810000e+01   -2.819850e+00   -0.000000e+00   -0.000000e+00   2.358601e+02   2.559987e-05   1.733503e+01
2.820000e+01   -2.430585e+00   -0.000000e+00   -0.000000e+00   2.359363e+02   2.522518e-05   1.708683e+01
2.830000e+01   -2.207748e+00   -0.000000e+00   -0.000000e+00   2.360161e+02   2.485573e-05   1.684226e+01
2.840000e+01   -2.027505e+00   -0.000000e+00   -0.000000e+00   2.360989e+02   2.449151e-05   1.660129e+01
2.850000e+01   -1.864394e+00   -0.000000e+00   -0.000000e+00   2.361844e+02   2.413251e-05   1.636387e+01
2.860000e+01   -1.692956e+00   -0.000000e+00   -0.000000e+00   2.362718e+02   2.377872e-05   1.612994e+01
2.870000e+01   -1.487485e+00   -0.000000e+00   -0.000000e+00   2.363607e+02   2.343014e-05   1.589946e+01
2.880000e+01   -1.209321e+00   -0.000000e+00   -0.000000e+00   2.364505e+02   2.308673e-05   1.567238e+01
2.890000e+01   -8.795252e-01   -0.000000e+00   -0.000000e+00   2.365407e+02   2.274848e-05   1.544866e+01
2.900000e+01   -5.491393e-01   -0.000000e+00   -0.000000e+00   2.366308e+02   2.241537e-05   1.522823e+01
2.910000e+01   -2.692105e-01   -0.000000e+00   -0.000000e+00   2.367201e+02   2.208736e-05   1.501106e+01
2.920000e+01   -9.523424e-02   -0.000000e+00   -0.000000e+00   2.368085e+02   2.176442e-05   1.479710e+01
2.930000e+01   -7.422357e-01   -0.000000e+00   -0.000000e+00   2.368961e+02   2.144642e-05   1.458630e+01
2.940000e+01   -2.292783e+00   -0.000000e+00   -0.000000e+00   2.369835e+02   2.113327e-05   1.437862e+01
2.950000e+01   -4.118670e+00   -0.000000e+00   -0.000000e+00   2.370708e+02   2.082487e-05   1.417401e+01
2.960000e+01   -5.591693e+00   -0.000000e+00   -0.000000e+00   2.371586e+02   2.052110e-05   1.397243e+01
2.970000e+01   -6.083841e+00   -0.000000e+00   -0.000000e+00   2.372472e+02   2.022188e-05   1.377384e+01
2.980000e+01   -5.353254e+00   -0.000000e+00   -0.000000e+00   2.373369e+02   1.992710e-05   1.357818e+01
2.990000e+01   -3.887568e+00   -0.000000e+00   -0.000000e+00   2.374281e+02   1.963666e-05   1.338542e+01
3.000000e+01   -2.187417e+00   -0.000000e+00   -0.000000e+00   2.375213e+02   1.935047e-05   1.319552e+01
3.010000e+01   -7.534391e-01   -0.000000e+00   -0.000000e+00   2.376167e+02   1.906844e-05   1.300842e+01
3.020000e+01   -8.626949e-02   -0.000000e+00   -0.000000e+00   2.377147e+02   1.879047e-05   1.282408e+01
3.030000e+01   -2.505210e-01   -0.000000e+00   -0.000000e+00   2.378158e+02   1.851648e-05   1.264246e+01
3.040000e+01   -8.121926e-01   -0.000000e+00   -0.000000e+00   2.379203e+02   1.824638e-05   1.246351e+01
3.050000e+01   -1.523326e+00   -0.000000e+00   -0.000000e+00   2.380284e+02   1.798008e-05   1.228720e+01
3.060000e+01   -2.133112e+00   -0.000000e+00   -0.000000e+00   2.381404e+02   1.771753e-05   1.211348e+01
3.070000e+01   -2.389986e+00   -0.000000e+00   -0.000000e+00   2.382563e+02   1.745869e-05   1.194231e+01
3.080000e+01   -2.178017e+00   -0.000000e+00   -0.000000e+00   2.383762e+02   1.720350e-05   1.177367e+01
3.090000e+01   -1.658191e+00   -0.000000e+00   -0.000000e+00   2.385001e+02   1.695191e-05   1.160752e+01
3.100000e+01   -9.793275e-01   -0.000000e+00   -0.000000e+00   2.386281e+02   1.670388e-05   1.144382e+01
3.110000e+01   -2.901624e-01   -0.000000e+00   -0.000000e+00   2.387603e+02   1.645935e-05   1.128254e+01
3.120000e+01   2.605703e-01   -0.000000e+00   -0.000000e+00   2.388967e+02   1.621828e-05   1.112365e+01
3.130000e+01   7.048562e-01   -0.000000e+00   -0.000000e+00   2.390374e+02   1.598062e-05   1.096710e+01
3.140000e+01   1.172093e+00   -0.000000e+00   -0.000000e+00   2.391824e+02   1.574631e-05   1.081286e+01
3.150000e+01   1.586421e+00   -0.000000e+00   -0.000000e+00   2.393320e+02   1.551532e-05   1.066090e+01
3.160000e+01   1.871109e+00   -0.000000e+00   -0.000000e+00   2.394860e+02   1.528759e-05   1.051118e+01
3.170000e+01   1.949427e+00   -0.000000e+00   -0.000000e+00   2.396446e+02   1.506307e-05   1.036367e+01
3.180000e+01   1.352880e+00   -0.000000e+00   -0.000000e+00   2.398078e+02   1.484172e-05   1.021833e+01
3.190000e+01   -1.930959e-01   -0.000000e+00   -0.000000e+00   2.399757e+02   1.462349e-05   1.007513e+01
3.200000e+01   -2.151502e+00   -0.000000e+00   -0.000000e+00   2.401483e+02   1.440834e-05   9.934040e+00
3.210000e+01   -3.979486e+00   -0.000000e+00   -0.000000e+00   2.403256e+02   1.419624e-05   9.795031e+00
3.220000e+01   -5.134199e+00   -0.000000e+00   -0.000000e+00   2.405076e+02   1.398715e-05   9.658074e+00
3.230000e+01   -5.599666e+00   -0.000000e+00   -0.000000e+00   2.406944e+02   1.378103e-05   9.523138e+00
3.240000e+01   -6.002708e+00   -0.000000e+00   -0.000000e+00   2.408858e+02   1.357785e-05   9.390196e+00
3.250000e+01   -6.338457e+00   -0.000000e+00   -0.000000e+00   2.410819e+02   1.337757e-05   9.259217e+00
3.260000e+01   -6.591135e+00   -0.000000e+00   -0.000000e+00   2.412828e+02   1.318015e-05   9.130173e+00
3.270000e+01   -6.744967e+00   -0.000000e+00   -0.000000e+00   2.414884e+02   1.298555e-05   9.003034e+00
3.280000e+01   -6.673344e+00   -0.000000e+00   -0.000000e+00   2.416988e+02   1.279373e-05   8.877771e+00
3.290000e+01   -6.252116e+00   -0.000000e+00   -0.000000e+00   2.419139e+02   1.260466e-05   8.754355e+00
3.300000e+01   -5.630861e+00   -0.000000e+00   -0.000000e+00   2.421337e+02   1.241829e-05   8.632756e+00
3.310000e+01   -4.964382e+00   -0.000000e+00   -0.000000e+00   2.423583e+02   1.223459e-05   8.512946e+00
3.320000e+01   -4.407505e+00   -0.000000e+00   -0.000000e+00   2.425877e+02   1.205353e-05   8.394894e+00
3.330000e+01   -3.981636e+00   -0.000000e+00   -0.000000e+00   2.428218e+02   1.187506e-05   8.278576e+00
3.340000e+01   -3.522021e+00   -0.000000e+00   -0.000000e+00   2.430604e+02   1.169916e-05   8.163967e+00
3.350000e+01   -3.094535e+00   -0.000000e+00   -0.000000e+00   2.433034e+02   1.152582e-05   8.051046e+00
3.360000e+01   -2.772872e+00   -0.000000e+00   -0.000000e+00   2.435507e+02   1.135500e-05   7.939789e+00
3.370000e+01   -2.630731e+00   -0.000000e+00   -0.000000e+00   2.438020e+02   1.118669e-05   7.830172e+00
3.380000e+01   -2.695800e+00   -0.000000e+00   -0.000000e+00   2.440574e+02   1.102086e-05   7.722174e+00
3.390000e+01   -2.866008e+00   -0.000000e+00   -0.000000e+00   2.443165e+02   1.085747e-05   7.615772e+00
3.400000e+01   -3.078401e+00   -0.000000e+00   -0.000000e+00   2.445793e+02   1.069651e-05   7.510941e+00
3.410000e+01   -3.273075e+00   -0.000000e+00   -0.000000e+00   2.448456e+02   1.053795e-05   7.407660e+00
3.420000e+01   -3.390124e+00   -0.000000e+00   -0.000000e+00   2.451153e+02   1.038177e-05   7.305905e+00
3.430000e+01   -3.348021e+00   -0.000000e+00   -0.000000e+00   2.453882e+02   1.022792e-05   7.205654e+00
3.440000e+01   -3.115505e+00   -0.000000e+00   -0.000000e+00   2.456642e+02   1.007639e-05   7.106883e+00
3.450000e+01   -2.796725e+00   -0.000000e+00   -0.000000e+00   2.459431e+02   9.927142e-06   7.009569e+00
3.460000e+01   -2.500690e+00   -0.000000e+00   -0.000000e+00   2.462248e+02   9.780154e-06   6.913690e+00
3.470000e+01   -2.336300e+00   -0.000000e+00   -0.000000e+00   2.465092e+02   9.635394e-06   6.819224e+00
3.480000e+01   -2.440957e+00   -0.000000e+00   -0.000000e+00   2.467960e+02   9.492835e-06   6.726149e+00
3.490000e+01   -2.866570e+00   -0.000000e+00   -0.000000e+00   2.470853e+02   9.352450e-06   6.634446e+00
3.500000e+01   -3.440163e+00   -0.000000e+00   -0.000000e+00   2.473768e+02   9.214212e-06   6.544094e+00
3.510000e+01   -3.979089e+00   -0.000000e+00   -0.000000e+00   2.476705e+02   9.078093e-06   6.455075e+00
3.520000e+01   -4.300702e+00   -0.000000e+00   -0.000000e+00   2.479663e+02   8.944066e-06   6.367368e+00
3.530000e+01   -4.112255e+00   -0.000000e+00   -0.000000e+00   2.482639e+02   8.812102e-06   6.280952e+00
3.540000e+01   -3.158543e+00   -0.000000e+00   -0.000000e+00   2.485634e+02   8.682173e-06   6.195809e+00
3.550000e+01   -1.834172e+00   -0.000000e+00   -0.000000e+00   2.488646e+02   8.554251e-06   6.111918e+00
3.560000e+01   -5.726866e-01   -0.000000e+00   -0.000000e+00   2.491674e+02   8.428308e-06   6.029259e+00
3.570000e+01   1.923720e-01   -0.000000e+00   -0.000000e+00   2.494716e+02   8.304314e-06   5.947812e+00
3.580000e+01   2.053145e-01   -0.000000e+00   -0.000000e+00   2.497772e+02   8.182240e-06   5.867558e+00
3.590000e+01   -9.069437e-02   -0.000000e+00   -0.000000e+00   2.500840e+02   8.062058e-06   5.788476e+00
3.600000e+01   -5.696775e-01   -0.000000e+00   -0.000000e+00   2.503919e+02   7.943739e-06   5.710546e+00
3.610000e+01   -1.153813e+00   -0.000000e+00   -0.000000e+00   2.507008e+02   7.827252e-06   5.633749e+00
3.620000e+01   -1.765279e+00   -0.000000e+00   -0.000000e+00   2.510106e+02   7.712570e-06   5.558065e+00
3.630000e+01   -2.358570e+00   -0.000000e+00   -0.000000e+00   2.513213e+02   7.599664e-06   5.483477e+00
3.640000e+01   -3.024168e+00   -0.000000e+00   -0.000000e+00   2.516328e+02   7.488507e-06   5.409970e+00
3.650000e+01   -3.779566e+00   -0.000000e+00   -0.000000e+00   2.519451e+02   7.379073e-06   5.337527e+00
3.660000e+01   -4.630119e+00   -0.000000e+00   -0.000000e+00   2.522582e+02   7.271335e-06   5.266134e+00
3.670000e+01   -5.581181e+00   -0.000000e+00   -0.000000e+00   2.525721e+02   7.165267e-06   5.195773e+00
3.680000e+01   -6.769725e+00   -0.000000e+00   -0.000000e+00   2.528868e+02   7.060841e-06   5.126429e+00
3.690000e+01   -8.608007e+00   -0.000000e+00   -0.000000e+00   2.532023e+02   6.958031e-06   5.058087e+00
3.700000e+01   -1.069460e+01   -0.000000e+00   -0.000000e+00   2.535184e+02   6.856811e-06   4.990730e+00
3.710000e+01   -1.253549e+01   -0.000000e+00   -0.000000e+00   2.538353e+02   6.757154e-06   4.924342e+00
3.720000e+01   -1.363666e+01   -0.000000e+00   -0.000000e+00   2.541529e+02   6.659034e-06   4.858908e+00
3.730000e+01   -1.342636e+01   -0.000000e+00   -0.000000e+00   2.544712e+02   6.562425e-06   4.794412e+00
3.740000e+01   -1.149226e+01   -0.000000e+00   -0.000000e+00   2.547902e+02   6.467300e-06   4.730837e+00
3.750000e+01   -8.488253e+00   -0.000000e+00   -0.000000e+00   2.551098e+02   6.373634e-06   4.668169e+00
3.760000e+01   -5.173182e+00   -0.000000e+00   -0.000000e+00   2.554300e+02   6.281400e-06   4.606390e+00
3.770000e+01   -2.305910e+00   -0.000000e+00   -0.000000e+00   2.557508e+02   6.190572e-06   4.545485e+00
3.780000e+01   -4.150361e-01   -0.000000e+00   -0.000000e+00   2.560723e+02   6.101128e-06   4.485440e+00
3.790000e+01   1.337204e+00   -0.000000e+00   -0.000000e+00   2.563944e+02   6.013044e-06   4.426244e+00
3.800000e+01   2.967443e+00   -0.000000e+00   -0.000000e+00   2.567172e+02   5.926302e-06   4.367884e+00
3.810000e+01   4.285366e+00   -0.000000e+00   -0.000000e+00   2.570407e+02   5.840880e-06   4.310349e+00
3.820000e+01   5.100657e+00   -0.000000e+00   -0.000000e+00   2.573649e+02   5.756758e-06   4.253629e+00
3.830000e+01   5.237067e+00   -0.000000e+00   -0.000000e+00   2.576898e+02   5.673917e-06   4.197712e+00
3.840000e+01   4.764529e+00   -0.000000e+00   -0.000000e+00   2.580156e+02   5.592336e-06   4.142586e+00
3.850000e+01   3.945598e+00   -0.000000e+00   -0.000000e+00   2.583421e+02   5.511995e-06   4.088240e+00
3.860000e+01   3.046082e+00   -0.000000e+00   -0.000000e+00   2.586695e+02   5.432874e-06   4.034663e+00
3.870000e+01   2.331788e+00   -0.000000e+00   -0.000000e+00   2.589978e+02   5.354954e-06   3.981843e+00
3.880000e+01   2.021254e+00   -0.000000e+00   -0.000000e+00   2.593269e+02   5.278216e-06   3.929770e+00
3.890000e+01   1.891786e+00   -0.000000e+00   -0.000000e+00   2.596570e+02   5.202639e-06   3.878431e+00
3.900000e+01   1.815668e+00   -0.000000e+00   -0.000000e+00   2.599881e+02   5.128204e-06   3.827816e+00
3.910000e+01   1.728338e+00   -0.000000e+00   -0.000000e+00   2.603201e+02   5.054893e-06   3.777913e+00
3.920000e+01   1.565236e+00   -0.000000e+00   -0.000000e+00   2.606531e+02   4.982685e-06   3.728711e+00
3.930000e+01   1.173579e+00   -0.000000e+00   -0.000000e+00   2.609872e+02   4.911562e-06   3.680199e+00
3.940000e+01   -1.213403e-01   -0.000000e+00   -0.000000e+00   2.613223e+02   4.841507e-06   3.632365e+00
3.950000e+01   -1.989486e+00   -0.000000e+00   -0.000000e+00   2.616581e+02   4.772509e-06   3.585200e+00
3.960000e+01   -3.864245e+00   -0.000000e+00   -0.000000e+00   2.619941e+02   4.704561e-06   3.538694e+00
3.970000e+01   -5.179009e+00   -0.000000e+00   -0.000000e+00   2.623300e+02   4.637653e-06   3.492838e+00
3.980000e+01   -5.431968e+00   -0.000000e+00   -0.000000e+00   2.626652e+02   4.571777e-06   3.447624e+00
3.990000e+01   -5.016968e+00   -0.000000e+00   -0.000000e+00   2.629994e+02   4.506924e-06   3.403042e+00
4.000000e+01   -4.323843e+00   -0.000000e+00   -0.000000e+00   2.633321e+02   4.443084e-06   3.359082e+00
4.010000e+01   -3.603760e+00   -0.000000e+00   -0.000000e+00   2.636629e+02   4.380247e-06   3.315736e+00
4.020000e+01   -3.107882e+00   -0.000000e+00   -0.000000e+00   2.639913e+02   4.318403e-06   3.272994e+00
4.030000e+01   -3.081009e+00   -0.000000e+00   -0.000000e+00   2.643170e+02   4.257542e-06   3.230847e+00
4.040000e+01   -3.549812e+00   -0.000000e+00   -0.000000e+00   2.646395e+02   4.197652e-06   3.189285e+00
4.050000e+01   -4.297003e+00   -0.000000e+00   -0.000000e+00   2.649583e+02   4.138722e-06   3.148301e+00
4.060000e+01   -5.095313e+00   -0.000000e+00   -0.000000e+00   2.652731e+02   4.080741e-06   3.107883e+00
4.070000e+01   -5.717474e+00   -0.000000e+00   -0.000000e+00   2.655834e+02   4.023698e-06   3.068024e+00
4.080000e+01   -5.930744e+00   -0.000000e+00   -0.000000e+00   2.658888e+02   3.967580e-06   3.028713e+00
4.090000e+01   -5.568874e+00   -0.000000e+00   -0.000000e+00   2.661889e+02   3.912376e-06   2.989942e+00
4.100000e+01   -4.855221e+00   -0.000000e+00   -0.000000e+00   2.664831e+02   3.858073e-06   2.951702e+00
4.110000e+01   -4.085568e+00   -0.000000e+00   -0.000000e+00   2.667712e+02   3.804658e-06   2.913983e+00
4.120000e+01   -3.555257e+00   -0.000000e+00   -0.000000e+00   2.670534e+02   3.752113e-06   2.876778e+00
4.130000e+01   -3.538831e+00   -0.000000e+00   -0.000000e+00   2.673298e+02   3.700421e-06   2.840081e+00
4.140000e+01   -3.827312e+00   -0.000000e+00   -0.000000e+00   2.676007e+02   3.649561e-06   2.803886e+00
4.150000e+01   -4.218614e+00   -0.000000e+00   -0.000000e+00   2.678665e+02   3.599517e-06   2.768185e+00
4.160000e+01   -4.633238e+00   -0.000000e+00   -0.000000e+00   2.681274e+02   3.550271e-06   2.732972e+00
4.170000e+01   -4.991687e+00   -0.000000e+00   -0.000000e+00   2.683837e+02   3.501806e-06   2.698240e+00
4.180000e+01   -5.203424e+00   -0.000000e+00   -0.000000e+00   2.686356e+02   3.454105e-06   2.663983e+00
4.190000e+01   -4.983825e+00   -0.000000e+00   -0.000000e+00   2.688835e+02   3.407151e-06   2.630194e+00
4.200000e+01   -4.383643e+00   -0.000000e+00   -0.000000e+00   2.691276e+02   3.360929e-06   2.596868e+00
4.210000e+01   -3.599856e+00   -0.000000e+00   -0.000000e+00   2.693681e+02   3.315422e-06   2.563996e+00
4.220000e+01   -2.829444e+00   -0.000000e+00   -0.000000e+00   2.696054e+02   3.270614e-06   2.531572e+00
4.230000e+01   -2.258586e+00   -0.000000e+00   -0.000000e+00   2.698398e+02   3.226492e-06   2.499591e+00
4.240000e+01   -1.708001e+00   -0.000000e+00   -0.000000e+00   2.700715e+02   3.183039e-06   2.468045e+00
4.250000e+01   -1.127866e+00   -0.000000e+00   -0.000000e+00   2.703007e+02   3.140241e-06   2.436927e+00
4.260000e+01   -6.323092e-01   -0.000000e+00   -0.000000e+00   2.705278e+02   3.098084e-06   2.406232e+00
4.270000e+01   -3.354564e-01   -0.000000e+00   -0.000000e+00   2.707531e+02   3.056553e-06   2.375952e+00
4.280000e+01   -3.475498e-01   -0.000000e+00   -0.000000e+00   2.709768e+02   3.015634e-06   2.346082e+00
4.290000e+01   -5.726291e-01   -0.000000e+00   -0.000000e+00   2.711991e+02   2.975316e-06   2.316614e+00
4.300000e+01   -9.054227e-01   -0.000000e+00   -0.000000e+00   2.714198e+02   2.935590e-06   2.287543e+00
4.310000e+01   -1.321788e+00   -0.000000e+00   -0.000000e+00   2.716390e+02   2.896448e-06   2.258864e+00
4.320000e+01   -1.797582e+00   -0.000000e+00   -0.000000e+00   2.718564e+02   2.857883e-06   2.230573e+00
4.330000e+01   -2.313309e+00   -0.000000e+00   -0.000000e+00   2.720721e+02   2.819887e-06   2.202662e+00
4.340000e+01   -3.135058e+00   -0.000000e+00   -0.000000e+00   2.722857e+02   2.782452e-06   2.175128e+00
4.350000e+01   -4.305954e+00   -0.000000e+00   -0.000000e+00   2.724974e+02   2.745570e-06   2.147965e+00
4.360000e+01   -5.654304e+00   -0.000000e+00   -0.000000e+00   2.727069e+02   2.709234e-06   2.121168e+00
4.370000e+01   -7.008415e+00   -0.000000e+00   -0.000000e+00   2.729142e+02   2.673436e-06   2.094731e+00
4.380000e+01   -8.199881e+00   -0.000000e+00   -0.000000e+00   2.731190e+02   2.638168e-06   2.068649e+00
4.390000e+01   -9.435056e+00   -0.000000e+00   -0.000000e+00   2.733215e+02   2.603422e-06   2.042916e+00
4.400000e+01   -1.076663e+01   -0.000000e+00   -0.000000e+00   2.735213e+02   2.569190e-06   2.017528e+00
4.410000e+01   -1.197458e+01   -0.000000e+00   -0.000000e+00   2.737184e+02   2.535464e-06   1.992480e+00
4.420000e+01   -1.283886e+01   -0.000000e+00   -0.000000e+00   2.739128e+02   2.502238e-06   1.967765e+00
4.430000e+01   -1.313902e+01   -0.000000e+00   -0.000000e+00   2.741042e+02   2.469502e-06   1.943379e+00
4.440000e+01   -1.265769e+01   -0.000000e+00   -0.000000e+00   2.742927e+02   2.437249e-06   1.919316e+00
4.450000e+01   -1.160575e+01   -0.000000e+00   -0.000000e+00   2.744780e+02   2.405471e-06   1.895571e+00
4.460000e+01   -1.036890e+01   -0.000000e+00   -0.000000e+00   2.746601e+02   2.374161e-06   1.872139e+00
4.470000e+01   -9.333002e+00   -0.000000e+00   -0.000000e+00   2.748388e+02   2.343311e-06   1.849014e+00
4.480000e+01   -8.884803e+00   -0.000000e+00   -0.000000e+00   2.750140e+02   2.312914e-06   1.826193e+00
4.490000e+01   -9.218454e+00   -0.000000e+00   -0.000000e+00   2.751853e+02   2.282966e-06   1.803670e+00
4.500000e+01   -1.005113e+01   -0.000000e+00   -0.000000e+00   2.753525e+02   2.253462e-06   1.781442e+00
4.510000e+01   -1.104252e+01   -0.000000e+00   -0.000000e+00   2.755154e+02   2.224396e-06   1.759505e+00
4.520000e+01   -1.185232e+01   -0.000000e+00   -0.000000e+00   2.756737e+02   2.195763e-06   1.737853e+00
4.530000e+01   -1.214022e+01   -0.000000e+00   -0.000000e+00   2.758271e+02   2.167557e-06   1.716484e+00
4.540000e+01   -1.183315e+01   -0.000000e+00   -0.000000e+00   2.759754e+02   2.139773e-06   1.695393e+00
4.550000e+01   -1.116828e+01   -0.000000e+00   -0.000000e+00   2.761183e+02   2.112406e-06   1.674576e+00
4.560000e+01   -1.027068e+01   -0.000000e+00   -0.000000e+00   2.762555e+02   2.085450e-06   1.654029e+00
4.570000e+01   -9.265428e+00   -0.000000e+00   -0.000000e+00   2.763868e+02   2.058899e-06   1.633747e+00
4.580000e+01   -8.277584e+00   -0.000000e+00   -0.000000e+00   2.765120e+02   2.032747e-06   1.613726e+00
4.590000e+01   -7.112451e+00   -0.000000e+00   -0.000000e+00   2.766307e+02   2.006990e-06   1.593962e+00
4.600000e+01   -5.639372e+00   -0.000000e+00   -0.000000e+00   2.767427e+02   1.981621e-06   1.574451e+00
4.610000e+01   -4.151365e+00   -0.000000e+00   -0.000000e+00   2.768478e+02   1.956634e-06   1.555189e+00
4.620000e+01   -2.941859e+00   -0.000000e+00   -0.000000e+00   2.769457e+02   1.932025e-06   1.536171e+00
4.630000e+01   -2.304283e+00   -0.000000e+00   -0.000000e+00   2.770361e+02   1.907786e-06   1.517394e+00
4.640000e+01   -2.133436e+00   -0.000000e+00   -0.000000e+00   2.771187e+02   1.883913e-06   1.498853e+00
4.650000e+01   -2.016304e+00   -0.000000e+00   -0.000000e+00   2.771934e+02   1.860399e-06   1.480544e+00
4.660000e+01   -1.936343e+00   -0.000000e+00   -0.000000e+00   2.772598e+02   1.837239e-06   1.462463e+00
4.670000e+01   -1.877392e+00   -0.000000e+00   -0.000000e+00   2.773181e+02   1.814425e-06   1.444607e+00
4.680000e+01   -1.822525e+00   -0.000000e+00   -0.000000e+00   2.773685e+02   1.791951e-06   1.426972e+00
4.690000e+01   -1.757934e+00   -0.000000e+00   -0.000000e+00   2.774113e+02   1.769809e-06   1.409558e+00
4.700000e+01   -1.691146e+00   -0.000000e+00   -0.000000e+00   2.774468e+02   1.747992e-06   1.392360e+00
4.710000e+01   -1.638285e+00   -0.000000e+00   -0.000000e+00   2.774751e+02   1.726495e-06   1.375377e+00
4.720000e+01   -1.615491e+00   -0.000000e+00   -0.000000e+00   2.774967e+02   1.705309e-06   1.358605e+00
4.730000e+01   -1.638902e+00   -0.000000e+00   -0.000000e+00   2.775116e+02   1.684429e-06   1.342042e+00
4.740000e+01   -1.818769e+00   -0.000000e+00   -0.000000e+00   2.775202e+02   1.663848e-06   1.325686e+00
4.750000e+01   -2.233589e+00   -0.000000e+00   -0.000000e+00   2.775228e+02   1.643560e-06   1.309533e+00
4.760000e+01   -2.743957e+00   -0.000000e+00   -0.000000e+00   2.775196e+02   1.623559e-06   1.293582e+00
4.770000e+01   -3.207773e+00   -0.000000e+00   -0.000000e+00   2.775109e+02   1.603838e-06   1.277829e+00
4.780000e+01   -3.482937e+00   -0.000000e+00   -0.000000e+00   2.774968e+02   1.584392e-06   1.262272e+00
4.790000e+01   -3.509270e+00   -0.000000e+00   -0.000000e+00   2.774778e+02   1.565215e-06   1.246909e+00
4.800000e+01   -3.392363e+00   -0.000000e+00   -0.000000e+00   2.774540e+02   1.546301e-06   1.231736e+00
4.810000e+01   -3.165676e+00   -0.000000e+00   -0.000000e+00   2.774257e+02   1.527645e-06   1.216751e+00
4.820000e+01   -2.860191e+00   -0.000000e+00   -0.000000e+00   2.773932e+02   1.509241e-06   1.201951e+00
4.830000e+01   -2.506893e+00   -0.000000e+00   -0.000000e+00   2.773567e+02   1.491084e-06   1.187334e+00
4.840000e+01   -1.923788e+00   -0.000000e+00   -0.000000e+00   2.773165e+02   1.473167e-06   1.172898e+00
4.850000e+01   -8.652501e-01   -0.000000e+00   -0.000000e+00   2.772728e+02   1.455487e-06   1.158639e+00
4.860000e+01   3.516150e-01   -0.000000e+00   -0.000000e+00   2.772260e+02   1.438038e-06   1.144555e+00
4.870000e+01   1.393667e+00   -0.000000e+00   -0.000000e+00   2.771763e+02   1.420814e-06   1.130644e+00
4.880000e+01   1.927630e+00   -0.000000e+00   -0.000000e+00   2.771239e+02   1.403813e-06   1.116903e+00
4.890000e+01   1.754898e+00   -0.000000e+00   -0.000000e+00   2.770692e+02   1.387028e-06   1.103331e+00
4.900000e+01   1.095460e+00   -0.000000e+00   -0.000000e+00   2.770125e+02   1.370457e-06   1.089926e+00
4.910000e+01   8.984793e-02   -0.000000e+00   -0.000000e+00   2.769541e+02   1.354094e-06   1.076685e+00
4.920000e+01   -1.129657e+00   -0.000000e+00   -0.000000e+00   2.768942e+02   1.337935e-06   1.063607e+00
4.930000e+01   -2.430772e+00   -0.000000e+00   -0.000000e+00   2.768331e+02   1.321977e-06   1.050689e+00
4.940000e+01   -3.983360e+00   -0.000000e+00   -0.000000e+00   2.767712e+02   1.306214e-06   1.037929e+00
4.950000e+01   -6.262647e+00   -0.000000e+00   -0.000000e+00   2.767087e+02   1.290644e-06   1.025325e+00
4.960000e+01   -8.832794e+00   -0.000000e+00   -0.000000e+00   2.766459e+02   1.275262e-06   1.012875e+00
4.970000e+01   -1.121389e+01   -0.000000e+00   -0.000000e+00   2.765831e+02   1.260064e-06   1.000577e+00
4.980000e+01   -1.292602e+01   -0.000000e+00   -0.000000e+00   2.765206e+02   1.245046e-06   9.884287e-01
4.990000e+01   -1.382023e+01   -0.000000e+00   -0.000000e+00   2.764587e+02   1.230206e-06   9.764281e-01
5.000000e+01   -1.458053e+01   -0.000000e+00   -0.000000e+00   2.763976e+02   1.215538e-06   9.645730e-01
5.010000e+01   -1.520668e+01   -0.000000e+00   -0.000000e+00   2.763377e+02   1.201039e-06   9.528614e-01
5.020000e+01   -1.564402e+01   -0.000000e+00   -0.000000e+00   2.762793e+02   1.186706e-06   9.412911e-01
5.030000e+01   -1.583788e+01   -0.000000e+00   -0.000000e+00   2.762226e+02   1.172536e-06   9.298601e-01
5.040000e+01   -1.541522e+01   -0.000000e+00   -0.000000e+00   2.761679e+02   1.158524e-06   9.185662e-01
5.050000e+01   -1.362626e+01   -0.000000e+00   -0.000000e+00   2.761156e+02   1.144667e-06   9.074075e-01
5.060000e+01   -1.105701e+01   -0.000000e+00   -0.000000e+00   2.760658e+02   1.130962e-06   8.963817e-01
5.070000e+01   -8.387062e+00   -0.000000e+00   -0.000000e+00   2.760181e+02   1.117410e-06   8.854874e-01
5.080000e+01   -6.296047e+00   -0.000000e+00   -0.000000e+00   2.759722e+02   1.104009e-06   8.747227e-01
5.090000e+01   -5.143959e+00   -0.000000e+00   -0.000000e+00   2.759275e+02   1.090761e-06   8.640863e-01
5.100000e+01   -4.162287e+00   -0.000000e+00   -0.000000e+00   2.758837e+02   1.077665e-06   8.535764e-01
5.110000e+01   -3.305539e+00   -0.000000e+00   -0.000000e+00   2.758404e+02   1.064721e-06   8.431915e-01
5.120000e+01   -2.621200e+00   -0.000000e+00   -0.000000e+00   2.757970e+02   1.051929e-06   8.329299e-01
5.130000e+01   -2.156754e+00   -0.000000e+00   -0.000000e+00   2.757531e+02   1.039289e-06   8.227901e-01
5.140000e+01   -1.909898e+00   -0.000000e+00   -0.000000e+00   2.757083e+02   1.026799e-06   8.127704e-01
5.150000e+01   -1.705277e+00   -0.000000e+00   -0.000000e+00   2.756622e+02   1.014461e-06   8.028693e-01
5.160000e+01   -1.526846e+00   -0.000000e+00   -0.000000e+00   2.756143e+02   1.002272e-06   7.930852e-01
5.170000e+01   -1.379557e+00   -0.000000e+00   -0.000000e+00   2.755641e+02   9.902335e-07   7.834164e-01
5.180000e+01   -1.268361e+00   -0.000000e+00   -0.000000e+00   2.755113e+02   9.783436e-07   7.738614e-01
5.190000e+01   -1.293696e+00   -0.000000e+00   -0.000000e+00   2.754553e+02   9.666020e-07   7.644186e-01
5.200000e+01   -1.834752e+00   -0.000000e+00   -0.000000e+00   2.753958e+02   9.550077e-07   7.550863e-01
5.210000e+01   -2.788507e+00   -0.000000e+00   -0.000000e+00   2.753323e+02   9.435600e-07   7.458630e-01
5.220000e+01   -3.990810e+00   -0.000000e+00   -0.000000e+00   2.752643e+02   9.322579e-07   7.367470e-01
5.230000e+01   -5.277507e+00   -0.000000e+00   -0.000000e+00   2.751915e+02   9.211004e-07   7.277368e-01
5.240000e+01   -6.658866e+00   -0.000000e+00   -0.000000e+00   2.751133e+02   9.100865e-07   7.188308e-01
5.250000e+01   -8.737960e+00   -0.000000e+00   -0.000000e+00   2.750294e+02   8.992151e-07   7.100273e-01
5.260000e+01   -1.111228e+01   -0.000000e+00   -0.000000e+00   2.749393e+02   8.884850e-07   7.013248e-01
5.270000e+01   -1.323150e+01   -0.000000e+00   -0.000000e+00   2.748426e+02   8.778949e-07   6.927220e-01
5.280000e+01   -1.454509e+01   -0.000000e+00   -0.000000e+00   2.747394e+02   8.674436e-07   6.842180e-01
5.290000e+01   -1.470768e+01   -0.000000e+00   -0.000000e+00   2.746293e+02   8.571297e-07   6.758117e-01
5.300000e+01   -1.461121e+01   -0.000000e+00   -0.000000e+00   2.745123e+02   8.469518e-07   6.675023e-01
5.310000e+01   -1.445071e+01   -0.000000e+00   -0.000000e+00   2.743881e+02   8.369085e-07   6.592888e-01
5.320000e+01   -1.423953e+01   -0.000000e+00   -0.000000e+00   2.742568e+02   8.269985e-07   6.511701e-01
5.330000e+01   -1.399102e+01   -0.000000e+00   -0.000000e+00   2.741180e+02   8.172204e-07   6.431454e-01
5.340000e+01   -1.368089e+01   -0.000000e+00   -0.000000e+00   2.739717e+02   8.075729e-07   6.352136e-01
5.350000e+01   -1.308898e+01   -0.000000e+00   -0.000000e+00   2.738177e+02   7.980546e-07   6.273739e-01
5.360000e+01   -1.224687e+01   -0.000000e+00   -0.000000e+00   2.736558e+02   7.886641e-07   6.196252e-01
5.370000e+01   -1.123863e+01   -0.000000e+00   -0.000000e+00   2.734859e+02   7.794000e-07   6.119667e-01
5.380000e+01   -1.014837e+01   -0.000000e+00   -0.000000e+00   2.733079e+02   7.702610e-07   6.043972e-01
5.390000e+01   -9.002107e+00   -0.000000e+00   -0.000000e+00   2.731216e+02   7.612456e-07   5.969160e-01
5.400000e+01   -7.481092e+00   -0.000000e+00   -0.000000e+00   2.729268e+02   7.523526e-07   5.895219e-01
5.410000e+01   -5.730577e+00   -0.000000e+00   -0.000000e+00   2.727234e+02   7.435805e-07   5.822142e-01
5.420000e+01   -4.004136e+00   -0.000000e+00   -0.000000e+00   2.725113e+02   7.349279e-07   5.749917e-01
5.430000e+01   -2.555348e+00   -0.000000e+00   -0.000000e+00   2.722902e+02   7.263934e-07   5.678535e-01
5.440000e+01   -1.577644e+00   -0.000000e+00   -0.000000e+00   2.720601e+02   7.179758e-07   5.607987e-01
5.450000e+01   -7.172687e-01   -0.000000e+00   -0.000000e+00   2.718208e+02   7.096735e-07   5.538263e-01
5.460000e+01   5.427963e-02   -0.000000e+00   -0.000000e+00   2.715721e+02   7.014852e-07   5.469354e-01
5.470000e+01   6.396326e-01   -0.000000e+00   -0.000000e+00   2.713141e+02   6.934093e-07   5.401250e-01
5.480000e+01   9.418832e-01   -0.000000e+00   -0.000000e+00   2.710472e+02   6.854424e-07   5.333943e-01
5.490000e+01   8.926837e-01   -0.000000e+00   -0.000000e+00   2.707726e+02   6.775810e-07   5.267424e-01
5.500000e+01   7.354456e-01   -0.000000e+00   -0.000000e+00   2.704909e+02   6.698215e-07   5.201685e-01
5.510000e+01   5.503141e-01   -0.000000e+00   -0.000000e+00   2.702030e+02   6.621605e-07   5.136719e-01
5.520000e+01   3.392846e-01   -0.000000e+00   -0.000000e+00   2.699099e+02   6.545945e-07   5.072517e-01
5.530000e+01   1.043523e-01   -0.000000e+00   -0.000000e+00   2.696124e+02   6.471204e-07   5.009072e-01
5.540000e+01   -2.096858e-01   -0.000000e+00   -0.000000e+00   2.693113e+02   6.397349e-07   4.946374e-01
5.550000e+01   -1.213360e+00   -0.000000e+00   -0.000000e+00   2.690075e+02   6.324351e-07   4.884416e-01
5.560000e+01   -2.723928e+00   -0.000000e+00   -0.000000e+00   2.687019e+02   6.252179e-07   4.823191e-01
5.570000e+01   -4.297094e+00   -0.000000e+00   -0.000000e+00   2.683953e+02   6.180803e-07   4.762688e-01
5.580000e+01   -5.488559e+00   -0.000000e+00   -0.000000e+00   2.680886e+02   6.110197e-07   4.702902e-01
5.590000e+01   -5.886744e+00   -0.000000e+00   -0.000000e+00   2.677827e+02   6.040331e-07   4.643823e-01
5.600000e+01   -5.740487e+00   -0.000000e+00   -0.000000e+00   2.674784e+02   5.971181e-07   4.585443e-01
5.610000e+01   -5.360493e+00   -0.000000e+00   -0.000000e+00   2.671767e+02   5.902718e-07   4.527755e-01
5.620000e+01   -4.930643e+00   -0.000000e+00   -0.000000e+00   2.668782e+02   5.834920e-07   4.470750e-01
5.630000e+01   -4.634819e+00   -0.000000e+00   -0.000000e+00   2.665840e+02   5.767760e-07   4.414420e-01
5.640000e+01   -4.640374e+00   -0.000000e+00   -0.000000e+00   2.662949e+02   5.701215e-07   4.358758e-01
5.650000e+01   -4.758636e+00   -0.000000e+00   -0.000000e+00   2.660118e+02   5.635263e-07   4.303754e-01
5.660000e+01   -4.881028e+00   -0.000000e+00   -0.000000e+00   2.657355e+02   5.569880e-07   4.249401e-01
5.670000e+01   -5.007492e+00   -0.000000e+00   -0.000000e+00   2.654668e+02   5.505044e-07   4.195690e-01
5.680000e+01   -5.138196e+00   -0.000000e+00   -0.000000e+00   2.652061e+02   5.440749e-07   4.142614e-01
5.690000e+01   -5.274744e+00   -0.000000e+00   -0.000000e+00   2.649518e+02   5.377020e-07   4.090165e-01
5.700000e+01   -5.439015e+00   -0.000000e+00   -0.000000e+00   2.647024e+02   5.313885e-07   4.038335e-01
5.710000e+01   -5.638690e+00   -0.000000e+00   -0.000000e+00   2.644562e+02   5.251372e-07   3.987115e-01
5.720000e+01   -5.871737e+00   -0.000000e+00   -0.000000e+00   2.642115e+02   5.189506e-07   3.936499e-01
5.730000e+01   -6.136128e+00   -0.000000e+00   -0.000000e+00   2.639667e+02   5.128313e-07   3.886477e-01
5.740000e+01   -6.456092e+00   -0.000000e+00   -0.000000e+00   2.637202e+02   5.067814e-07   3.837041e-01
5.750000e+01   -7.595949e+00   -0.000000e+00   -0.000000e+00   2.634703e+02   5.008032e-07   3.788185e-01
5.760000e+01   -9.600752e+00   -0.000000e+00   -0.000000e+00   2.632154e+02   4.948988e-07   3.739900e-01
5.770000e+01   -1.205085e+01   -0.000000e+00   -0.000000e+00   2.629537e+02   4.890698e-07   3.692178e-01
5.780000e+01   -1.452659e+01   -0.000000e+00   -0.000000e+00   2.626837e+02   4.833183e-07   3.645010e-01
5.790000e+01   -1.662702e+01   -0.000000e+00   -0.000000e+00   2.624038e+02   4.776456e-07   3.598390e-01
5.800000e+01   -1.880190e+01   -0.000000e+00   -0.000000e+00   2.621121e+02   4.720535e-07   3.552309e-01
5.810000e+01   -2.113517e+01   -0.000000e+00   -0.000000e+00   2.618072e+02   4.665432e-07   3.506759e-01
5.820000e+01   -2.324797e+01   -0.000000e+00   -0.000000e+00   2.614874e+02   4.611161e-07   3.461732e-01
5.830000e+01   -2.476146e+01   -0.000000e+00   -0.000000e+00   2.611510e+02   4.557734e-07   3.417220e-01
5.840000e+01   -2.530672e+01   -0.000000e+00   -0.000000e+00   2.607963e+02   4.505161e-07   3.373216e-01
5.850000e+01   -2.528060e+01   -0.000000e+00   -0.000000e+00   2.604218e+02   4.453453e-07   3.329711e-01
5.860000e+01   -2.508498e+01   -0.000000e+00   -0.000000e+00   2.600257e+02   4.402618e-07   3.286697e-01
5.870000e+01   -2.475417e+01   -0.000000e+00   -0.000000e+00   2.596064e+02   4.352665e-07   3.244166e-01
5.880000e+01   -2.432250e+01   -0.000000e+00   -0.000000e+00   2.591624e+02   4.303602e-07   3.202111e-01
5.890000e+01   -2.382023e+01   -0.000000e+00   -0.000000e+00   2.586934e+02   4.255411e-07   3.160525e-01
5.900000e+01   -2.285309e+01   -0.000000e+00   -0.000000e+00   2.582015e+02   4.208045e-07   3.119403e-01
5.910000e+01   -2.133277e+01   -0.000000e+00   -0.000000e+00   2.576888e+02   4.161455e-07   3.078740e-01
5.920000e+01   -1.952972e+01   -0.000000e+00   -0.000000e+00   2.571573e+02   4.115596e-07   3.038533e-01
5.930000e+01   -1.771443e+01   -0.000000e+00   -0.000000e+00   2.566092e+02   4.070421e-07   2.998775e-01
5.940000e+01   -1.615658e+01   -0.000000e+00   -0.000000e+00   2.560466e+02   4.025887e-07   2.959464e-01
5.950000e+01   -1.486363e+01   -0.000000e+00   -0.000000e+00   2.554717e+02   3.981951e-07   2.920593e-01
5.960000e+01   -1.366183e+01   -0.000000e+00   -0.000000e+00   2.548865e+02   3.938572e-07   2.882159e-01
5.970000e+01   -1.248202e+01   -0.000000e+00   -0.000000e+00   2.542931e+02   3.895709e-07   2.844157e-01
5.980000e+01   -1.125499e+01   -0.000000e+00   -0.000000e+00   2.536938e+02   3.853325e-07   2.806582e-01
5.990000e+01   -9.911496e+00   -0.000000e+00   -0.000000e+00   2.530905e+02   3.811380e-07   2.769430e-01
6.000000e+01   -8.343969e+00   -0.000000e+00   -0.000000e+00   2.524854e+02   3.769839e-07   2.732696e-01
6.010000e+01   -6.596386e+00   -0.000000e+00   -0.000000e+00   2.518806e+02   3.728666e-07   2.696376e-01
6.020000e+01   -4.812991e+00   -0.000000e+00   -0.000000e+00   2.512782e+02   3.687825e-07   2.660465e-01
6.030000e+01   -3.138028e+00   -0.000000e+00   -0.000000e+00   2.506804e+02   3.647284e-07   2.624958e-01
6.040000e+01   -1.715741e+00   -0.000000e+00   -0.000000e+00   2.500893e+02   3.607010e-07   2.589851e-01
6.050000e+01   -3.769820e-01   -0.000000e+00   -0.000000e+00   2.495069e+02   3.566971e-07   2.555139e-01
6.060000e+01   1.002761e+00   -0.000000e+00   -0.000000e+00   2.489354e+02   3.527137e-07   2.520817e-01
6.070000e+01   2.212294e+00   -0.000000e+00   -0.000000e+00   2.483769e+02   3.487479e-07   2.486882e-01
6.080000e+01   3.040421e+00   -0.000000e+00   -0.000000e+00   2.478335e+02   3.447967e-07   2.453328e-01
6.090000e+01   3.276037e+00   -0.000000e+00   -0.000000e+00   2.473070e+02   3.408581e-07   2.420151e-01
6.100000e+01   2.262922e+00   -0.000000e+00   -0.000000e+00   2.467969e+02   3.369330e-07   2.387348e-01
6.110000e+01   -7.947621e-02   -0.000000e+00   -0.000000e+00   2.463020e+02   3.330235e-07   2.354915e-01
6.120000e+01   -2.973353e+00   -0.000000e+00   -0.000000e+00   2.458212e+02   3.291317e-07   2.322851e-01
6.130000e+01   -5.640193e+00   -0.000000e+00   -0.000000e+00   2.453531e+02   3.252595e-07   2.291152e-01
6.140000e+01   -7.301479e+00   -0.000000e+00   -0.000000e+00   2.448966e+02   3.214089e-07   2.259815e-01
6.150000e+01   -8.046456e+00   -0.000000e+00   -0.000000e+00   2.444504e+02   3.175816e-07   2.228838e-01
6.160000e+01   -8.696855e+00   -0.000000e+00   -0.000000e+00   2.440135e+02   3.137795e-07   2.198218e-01
6.170000e+01   -9.248734e+00   -0.000000e+00   -0.000000e+00   2.435844e+02   3.100042e-07   2.167951e-01
6.180000e+01   -9.694293e+00   -0.000000e+00   -0.000000e+00   2.431622e+02   3.062574e-07   2.138036e-01
6.190000e+01   -1.002573e+01   -0.000000e+00   -0.000000e+00   2.427455e+02   3.025406e-07   2.108469e-01
6.200000e+01   -1.027504e+01   -0.000000e+00   -0.000000e+00   2.423331e+02   2.988554e-07   2.079247e-01
6.210000e+01   -1.050206e+01   -0.000000e+00   -0.000000e+00   2.419238e+02   2.952030e-07   2.050368e-01
6.220000e+01   -1.071559e+01   -0.000000e+00   -0.000000e+00   2.415165e+02   2.915850e-07   2.021829e-01
6.230000e+01   -1.092394e+01   -0.000000e+00   -0.000000e+00   2.411098e+02   2.880026e-07   1.993626e-01
6.240000e+01   -1.113543e+01   -0.000000e+00   -0.000000e+00   2.407027e+02   2.844570e-07   1.965757e-01
6.250000e+01   -1.134796e+01   -0.000000e+00   -0.000000e+00   2.402938e+02   2.809494e-07   1.938220e-01
6.260000e+01   -1.155198e+01   -0.000000e+00   -0.000000e+00   2.398820e+02   2.774809e-07   1.911011e-01
6.270000e+01   -1.175423e+01   -0.000000e+00   -0.000000e+00   2.394661e+02   2.740526e-07   1.884128e-01
6.280000e+01   -1.196167e+01   -0.000000e+00   -0.000000e+00   2.390449e+02   2.706654e-07   1.857567e-01
6.290000e+01   -1.218133e+01   -0.000000e+00   -0.000000e+00   2.386172e+02   2.673201e-07   1.831326e-01
6.300000e+01   -1.243755e+01   -0.000000e+00   -0.000000e+00   2.381828e+02   2.640166e-07   1.805402e-01
6.310000e+01   -1.276334e+01   -0.000000e+00   -0.000000e+00   2.377415e+02   2.607545e-07   1.779791e-01
6.320000e+01   -1.315664e+01   -0.000000e+00   -0.000000e+00   2.372932e+02   2.575332e-07   1.754490e-01
6.330000e+01   -1.361471e+01   -0.000000e+00   -0.000000e+00   2.368380e+02   2.543525e-07   1.729496e-01
6.340000e+01   -1.413478e+01   -0.000000e+00   -0.000000e+00   2.363756e+02   2.512117e-07   1.704806e-01
6.350000e+01   -1.497742e+01   -0.000000e+00   -0.000000e+00   2.359060e+02   2.481105e-07   1.680415e-01
6.360000e+01   -1.646661e+01   -0.000000e+00   -0.000000e+00   2.354292e+02   2.450485e-07   1.656322e-01
6.370000e+01   -1.821802e+01   -0.000000e+00   -0.000000e+00   2.349450e+02   2.420251e-07   1.632522e-01
6.380000e+01   -1.982819e+01   -0.000000e+00   -0.000000e+00   2.344534e+02   2.390400e-07   1.609013e-01
6.390000e+01   -2.089365e+01   -0.000000e+00   -0.000000e+00   2.339543e+02   2.360926e-07   1.585790e-01
6.400000e+01   -2.131150e+01   -0.000000e+00   -0.000000e+00   2.334475e+02   2.331826e-07   1.562852e-01
6.410000e+01   -2.160457e+01   -0.000000e+00   -0.000000e+00   2.329331e+02   2.303095e-07   1.540193e-01
6.420000e+01   -2.183921e+01   -0.000000e+00   -0.000000e+00   2.324108e+02   2.274728e-07   1.517813e-01
6.430000e+01   -2.205800e+01   -0.000000e+00   -0.000000e+00   2.318808e+02   2.246720e-07   1.495705e-01
6.440000e+01   -2.230349e+01   -0.000000e+00   -0.000000e+00   2.313427e+02   2.219068e-07   1.473869e-01
6.450000e+01   -2.262975e+01   -0.000000e+00   -0.000000e+00   2.307967e+02   2.191767e-07   1.452300e-01
6.460000e+01   -2.304682e+01   -0.000000e+00   -0.000000e+00   2.302426e+02   2.164812e-07   1.430995e-01
6.470000e+01   -2.347579e+01   -0.000000e+00   -0.000000e+00   2.296802e+02   2.138198e-07   1.409951e-01
6.480000e+01   -2.383476e+01   -0.000000e+00   -0.000000e+00   2.291096e+02   2.111922e-07   1.389164e-01
6.490000e+01   -2.404201e+01   -0.000000e+00   -0.000000e+00   2.285309e+02   2.085976e-07   1.368631e-01
6.500000e+01   -2.389756e+01   -0.000000e+00   -0.000000e+00   2.279444e+02   2.060353e-07   1.348351e-01
6.510000e+01   -2.316218e+01   -0.000000e+00   -0.000000e+00   2.273506e+02   2.035044e-07   1.328319e-01
6.520000e+01   -2.211261e+01   -0.000000e+00   -0.000000e+00   2.267499e+02   2.010042e-07   1.308533e-01
6.530000e+01   -2.105312e+01   -0.000000e+00   -0.000000e+00   2.261429e+02   1.985338e-07   1.288990e-01
6.540000e+01   -2.028800e+01   -0.000000e+00   -0.000000e+00   2.255299e+02   1.960924e-07   1.269689e-01
6.550000e+01   -1.995495e+01   -0.000000e+00   -0.000000e+00   2.249114e+02   1.936793e-07   1.250625e-01
6.560000e+01   -1.968434e+01   -0.000000e+00   -0.000000e+00   2.242878e+02   1.912937e-07   1.231796e-01
6.570000e+01   -1.945797e+01   -0.000000e+00   -0.000000e+00   2.236596e+02   1.889350e-07   1.213200e-01
6.580000e+01   -1.929403e+01   -0.000000e+00   -0.000000e+00   2.230273e+02   1.866022e-07   1.194833e-01
6.590000e+01   -1.921068e+01   -0.000000e+00   -0.000000e+00   2.223912e+02   1.842949e-07   1.176693e-01
6.600000e+01   -1.941448e+01   -0.000000e+00   -0.000000e+00   2.217518e+02   1.820122e-07   1.158778e-01
6.610000e+01   -2.043145e+01   -0.000000e+00   -0.000000e+00   2.211096e+02   1.797535e-07   1.141083e-01
6.620000e+01   -2.194736e+01   -0.000000e+00   -0.000000e+00   2.204650e+02   1.775181e-07   1.123608e-01
6.630000e+01   -2.357578e+01   -0.000000e+00   -0.000000e+00   2.198185e+02   1.753054e-07   1.106348e-01
6.640000e+01   -2.493027e+01   -0.000000e+00   -0.000000e+00   2.191704e+02   1.731147e-07   1.089302e-01
6.650000e+01   -2.577051e+01   -0.000000e+00   -0.000000e+00   2.185213e+02   1.709453e-07   1.072466e-01
6.660000e+01   -2.647620e+01   -0.000000e+00   -0.000000e+00   2.178716e+02   1.687967e-07   1.055838e-01
6.670000e+01   -2.710318e+01   -0.000000e+00   -0.000000e+00   2.172218e+02   1.666683e-07   1.039414e-01
6.680000e+01   -2.765278e+01   -0.000000e+00   -0.000000e+00   2.165720e+02   1.645595e-07   1.023194e-01
6.690000e+01   -2.812651e+01   -0.000000e+00   -0.000000e+00   2.159226e+02   1.624703e-07   1.007174e-01
6.700000e+01   -2.854288e+01   -0.000000e+00   -0.000000e+00   2.152736e+02   1.604003e-07   9.913533e-02
6.710000e+01   -2.896378e+01   -0.000000e+00   -0.000000e+00   2.146252e+02   1.583495e-07   9.757305e-02
6.720000e+01   -2.935653e+01   -0.000000e+00   -0.000000e+00   2.139775e+02   1.563177e-07   9.603037e-02
6.730000e+01   -2.967709e+01   -0.000000e+00   -0.000000e+00   2.133306e+02   1.543046e-07   9.450712e-02
6.740000e+01   -2.988144e+01   -0.000000e+00   -0.000000e+00   2.126847e+02   1.523102e-07   9.300314e-02
6.750000e+01   -2.987804e+01   -0.000000e+00   -0.000000e+00   2.120399e+02   1.503342e-07   9.151827e-02
6.760000e+01   -2.945545e+01   -0.000000e+00   -0.000000e+00   2.113963e+02   1.483766e-07   9.005234e-02
6.770000e+01   -2.873649e+01   -0.000000e+00   -0.000000e+00   2.107540e+02   1.464370e-07   8.860519e-02
6.780000e+01   -2.788800e+01   -0.000000e+00   -0.000000e+00   2.101133e+02   1.445155e-07   8.717665e-02
6.790000e+01   -2.707682e+01   -0.000000e+00   -0.000000e+00   2.094741e+02   1.426117e-07   8.576655e-02
6.800000e+01   -2.641650e+01   -0.000000e+00   -0.000000e+00   2.088368e+02   1.407256e-07   8.437473e-02
6.810000e+01   -2.572165e+01   -0.000000e+00   -0.000000e+00   2.082013e+02   1.388570e-07   8.300103e-02
6.820000e+01   -2.502265e+01   -0.000000e+00   -0.000000e+00   2.075678e+02   1.370057e-07   8.164529e-02
6.830000e+01   -2.439956e+01   -0.000000e+00   -0.000000e+00   2.069365e+02   1.351717e-07   8.030733e-02
6.840000e+01   -2.393245e+01   -0.000000e+00   -0.000000e+00   2.063075e+02   1.333547e-07   7.898699e-02
6.850000e+01   -2.368878e+01   -0.000000e+00   -0.000000e+00   2.056809e+02   1.315546e-07   7.768411e-02
6.860000e+01   -2.360755e+01   -0.000000e+00   -0.000000e+00   2.050570e+02   1.297711e-07   7.639852e-02
6.870000e+01   -2.360700e+01   -0.000000e+00   -0.000000e+00   2.044366e+02   1.280037e-07   7.513006e-02
6.880000e+01   -2.361442e+01   -0.000000e+00   -0.000000e+00   2.038209e+02   1.262518e-07   7.387858e-02
6.890000e+01   -2.355708e+01   -0.000000e+00   -0.000000e+00   2.032108e+02   1.245145e-07   7.264390e-02
6.900000e+01   -2.329626e+01   -0.000000e+00   -0.000000e+00   2.026075e+02   1.227913e-07   7.142587e-02
6.910000e+01   -2.238615e+01   -0.000000e+00   -0.000000e+00   2.020118e+02   1.210817e-07   7.022432e-02
6.920000e+01   -2.105866e+01   -0.000000e+00   -0.000000e+00   2.014249e+02   1.193849e-07   6.903910e-02
6.930000e+01   -1.968213e+01   -0.000000e+00   -0.000000e+00   2.008478e+02   1.177006e-07   6.787005e-02
6.940000e+01   -1.862494e+01   -0.000000e+00   -0.000000e+00   2.002816e+02   1.160281e-07   6.671699e-02
6.950000e+01   -1.818106e+01   -0.000000e+00   -0.000000e+00   1.997272e+02   1.143669e-07   6.557978e-02
6.960000e+01   -1.792488e+01   -0.000000e+00   -0.000000e+00   1.991858e+02   1.127166e-07   6.445824e-02
6.970000e+01   -1.775275e+01   -0.000000e+00   -0.000000e+00   1.986583e+02   1.110767e-07   6.335223e-02
6.980000e+01   -1.770895e+01   -0.000000e+00   -0.000000e+00   1.981458e+02   1.094467e-07   6.226157e-02
6.990000e+01   -1.783776e+01   -0.000000e+00   -0.000000e+00   1.976493e+02   1.078264e-07   6.118610e-02
7.000000e+01   -1.818191e+01   -0.000000e+00   -0.000000e+00   1.971699e+02   1.062153e-07   6.012567e-02
7.010000e+01   -1.872648e+01   -0.000000e+00   -0.000000e+00   1.967086e+02   1.046130e-07   5.908011e-02
7.020000e+01   -1.938460e+01   -0.000000e+00   -0.000000e+00   1.962664e+02   1.030192e-07   5.804926e-02
7.030000e+01   -2.006497e+01   -0.000000e+00   -0.000000e+00   1.958444e+02   1.014337e-07   5.703297e-02
7.040000e+01   -2.067591e+01   -0.000000e+00   -0.000000e+00   1.954433e+02   9.985632e-08   5.603106e-02
7.050000e+01   -2.108477e+01   -0.000000e+00   -0.000000e+00   1.950613e+02   9.828822e-08   5.504337e-02
7.060000e+01   -2.084673e+01   -0.000000e+00   -0.000000e+00   1.946953e+02   9.673116e-08   5.406972e-02
7.070000e+01   -2.015068e+01   -0.000000e+00   -0.000000e+00   1.943420e+02   9.518682e-08   5.310994e-02
7.080000e+01   -1.937033e+01   -0.000000e+00   -0.000000e+00   1.939984e+02   9.365677e-08   5.216385e-02
7.090000e+01   -1.887940e+01   -0.000000e+00   -0.000000e+00   1.936613e+02   9.214251e-08   5.123129e-02
7.100000e+01   -1.900778e+01   -0.000000e+00   -0.000000e+00   1.933277e+02   9.064541e-08   5.031207e-02
7.110000e+01   -1.933012e+01   -0.000000e+00   -0.000000e+00   1.929943e+02   8.916679e-08   4.940602e-02
7.120000e+01   -1.963101e+01   -0.000000e+00   -0.000000e+00   1.926580e+02   8.770786e-08   4.851297e-02
7.130000e+01   -1.990251e+01   -0.000000e+00   -0.000000e+00   1.923157e+02   8.626974e-08   4.763274e-02
7.140000e+01   -2.013667e+01   -0.000000e+00   -0.000000e+00   1.919643e+02   8.485348e-08   4.676516e-02
7.150000e+01   -2.033933e+01   -0.000000e+00   -0.000000e+00   1.916006e+02   8.346005e-08   4.591006e-02
7.160000e+01   -2.072723e+01   -0.000000e+00   -0.000000e+00   1.912215e+02   8.209034e-08   4.506725e-02
7.170000e+01   -2.124356e+01   -0.000000e+00   -0.000000e+00   1.908238e+02   8.074517e-08   4.423658e-02
7.180000e+01   -2.171221e+01   -0.000000e+00   -0.000000e+00   1.904045e+02   7.942528e-08   4.341785e-02
7.190000e+01   -2.195706e+01   -0.000000e+00   -0.000000e+00   1.899603e+02   7.813136e-08   4.261090e-02
7.200000e+01   -2.176578e+01   -0.000000e+00   -0.000000e+00   1.894882e+02   7.686404e-08   4.181555e-02
7.210000e+01   -2.028043e+01   -0.000000e+00   -0.000000e+00   1.889851e+02   7.562389e-08   4.103163e-02
7.220000e+01   -1.772130e+01   -0.000000e+00   -0.000000e+00   1.884476e+02   7.441142e-08   4.025897e-02
7.230000e+01   -1.478662e+01   -0.000000e+00   -0.000000e+00   1.878734e+02   7.322692e-08   3.949739e-02
7.240000e+01   -1.218435e+01   -0.000000e+00   -0.000000e+00   1.872630e+02   7.206947e-08   3.874679e-02
7.250000e+01   -1.059230e+01   -0.000000e+00   -0.000000e+00   1.866185e+02   7.093771e-08   3.800706e-02
7.260000e+01   -9.436537e+00   -0.000000e+00   -0.000000e+00   1.859420e+02   6.983034e-08   3.727811e-02
7.270000e+01   -8.267688e+00   -0.000000e+00   -0.000000e+00   1.852353e+02   6.874614e-08   3.655985e-02
7.280000e+01   -7.105409e+00   -0.000000e+00   -0.000000e+00   1.845006e+02   6.768393e-08   3.585218e-02
7.290000e+01   -5.969352e+00   -0.000000e+00   -0.000000e+00   1.837398e+02   6.664255e-08   3.515501e-02
7.300000e+01   -4.894225e+00   -0.000000e+00   -0.000000e+00   1.829550e+02   6.562094e-08   3.446823e-02
7.310000e+01   -4.512860e+00   -0.000000e+00   -0.000000e+00   1.821481e+02   6.461804e-08   3.379176e-02
7.320000e+01   -4.912157e+00   -0.000000e+00   -0.000000e+00   1.813213e+02   6.363284e-08   3.312550e-02
7.330000e+01   -5.762212e+00   -0.000000e+00   -0.000000e+00   1.804764e+02   6.266437e-08   3.246935e-02
7.340000e+01   -6.733123e+00   -0.000000e+00   -0.000000e+00   1.796156e+02   6.171171e-08   3.182322e-02
7.350000e+01   -7.505027e+00   -0.000000e+00   -0.000000e+00   1.787409e+02   6.077396e-08   3.118701e-02
7.360000e+01   -8.446402e+00   -0.000000e+00   -0.000000e+00   1.778541e+02   5.985024e-08   3.056062e-02
7.370000e+01   -9.663708e+00   0.000000e+00   0.000000e+00   1.769575e+02   5.893973e-08   2.994397e-02
7.380000e+01   -1.084084e+01   0.000000e+00   0.000000e+00   1.760529e+02   5.804162e-08   2.933696e-02
7.390000e+01   -1.166171e+01   0.000000e+00   0.000000e+00   1.751424e+02   5.715513e-08   2.873948e-02
7.400000e+01   -1.181511e+01   0.000000e+00   0.000000e+00   1.742281e+02   5.627951e-08   2.815145e-02
7.410000e+01   -1.162005e+01   0.000000e+00   0.000000e+00   1.733118e+02   5.541405e-08   2.757277e-02
7.420000e+01   -1.139789e+01   0.000000e+00   0.000000e+00   1.723957e+02   5.455803e-08   2.700334e-02
7.430000e+01   -1.110992e+01   0.000000e+00   0.000000e+00   1.714818e+02   5.371080e-08   2.644307e-02
7.440000e+01   -1.071600e+01   0.000000e+00   0.000000e+00   1.705718e+02   5.287176e-08   2.589187e-02
7.450000e+01   -1.016604e+01   0.000000e+00   0.000000e+00   1.696665e+02   5.204074e-08   2.534965e-02
7.460000e+01   -9.271531e+00   0.000000e+00   0.000000e+00   1.687659e+02   5.121775e-08   2.481634e-02
7.470000e+01   -8.033553e+00   0.000000e+00   0.000000e+00   1.678702e+02   5.040279e-08   2.429185e-02
7.480000e+01   -6.623680e+00   0.000000e+00   0.000000e+00   1.669796e+02   4.959586e-08   2.377613e-02
7.490000e+01   -5.213483e+00   0.000000e+00   0.000000e+00   1.660941e+02   4.879696e-08   2.326908e-02
7.500000e+01   -3.974190e+00   0.000000e+00   0.000000e+00   1.652139e+02   4.800610e-08   2.277064e-02
7.510000e+01   -2.751954e+00   0.000000e+00   0.000000e+00   1.643391e+02   4.722329e-08   2.228073e-02
7.520000e+01   -1.441500e+00   0.000000e+00   0.000000e+00   1.634699e+02   4.644852e-08   2.179927e-02
7.530000e+01   -2.272304e-01   0.000000e+00   0.000000e+00   1.626064e+02   4.568182e-08   2.132619e-02
7.540000e+01   7.064537e-01   0.000000e+00   0.000000e+00   1.617487e+02   4.492318e-08   2.086140e-02
7.550000e+01   1.175150e+00   0.000000e+00   0.000000e+00   1.608969e+02   4.417262e-08   2.040484e-02
7.560000e+01   1.266532e+00   0.000000e+00   0.000000e+00   1.600513e+02   4.343015e-08   1.995643e-02
7.570000e+01   1.240941e+00   0.000000e+00   0.000000e+00   1.592119e+02   4.269579e-08   1.951610e-02
7.580000e+01   1.172973e+00   0.000000e+00   0.000000e+00   1.583789e+02   4.196954e-08   1.908376e-02
7.590000e+01   1.137225e+00   0.000000e+00   0.000000e+00   1.575524e+02   4.125142e-08   1.865934e-02
7.600000e+01   1.208292e+00   0.000000e+00   0.000000e+00   1.567325e+02   4.054144e-08   1.824276e-02
7.610000e+01   1.499820e+00   0.000000e+00   0.000000e+00   1.559194e+02   3.983962e-08   1.783395e-02
7.620000e+01   2.004163e+00   0.000000e+00   0.000000e+00   1.551132e+02   3.914598e-08   1.743284e-02
7.630000e+01   2.599416e+00   0.000000e+00   0.000000e+00   1.543140e+02   3.846052e-08   1.703934e-02
7.640000e+01   3.163588e+00   0.000000e+00   0.000000e+00   1.535220e+02   3.778328e-08   1.665339e-02
7.650000e+01   3.574692e+00   0.000000e+00   0.000000e+00   1.527373e+02   3.711426e-08   1.627490e-02
7.660000e+01   3.464477e+00   0.000000e+00   0.000000e+00   1.519601e+02   3.645348e-08   1.590380e-02
7.670000e+01   2.734015e+00   0.000000e+00   0.000000e+00   1.511904e+02   3.580096e-08   1.554001e-02
7.680000e+01   1.806932e+00   0.000000e+00   0.000000e+00   1.504285e+02   3.515673e-08   1.518346e-02
7.690000e+01   1.108262e+00   0.000000e+00   0.000000e+00   1.496744e+02   3.452079e-08   1.483408e-02
7.700000e+01   1.056452e+00   0.000000e+00   0.000000e+00   1.489281e+02   3.389318e-08   1.449177e-02
7.710000e+01   1.657021e+00   0.000000e+00   0.000000e+00   1.481896e+02   3.327397e-08   1.415647e-02
7.720000e+01   2.456508e+00   0.000000e+00   0.000000e+00   1.474588e+02   3.266321e-08   1.382808e-02
7.730000e+01   3.407696e+00   0.000000e+00   0.000000e+00   1.467355e+02   3.206094e-08   1.350653e-02
7.740000e+01   4.467626e+00   0.000000e+00   0.000000e+00   1.460196e+02   3.146722e-08   1.319174e-02
7.750000e+01   5.593333e+00   0.000000e+00   0.000000e+00   1.453111e+02   3.088208e-08   1.288361e-02
7.760000e+01   7.075430e+00   0.000000e+00   0.000000e+00   1.446097e+02   3.030558e-08   1.258208e-02
7.770000e+01   9.176883e+00   0.000000e+00   0.000000e+00   1.439155e+02   2.973773e-08   1.228705e-02
7.780000e+01   1.144918e+01   0.000000e+00   0.000000e+00   1.432283e+02   2.917859e-08   1.199845e-02
7.790000e+01   1.343471e+01   0.000000e+00   0.000000e+00   1.425479e+02   2.862817e-08   1.171620e-02
7.800000e+01   1.467582e+01   0.000000e+00   0.000000e+00   1.418743e+02   2.808650e-08   1.144020e-02
7.810000e+01   1.511830e+01   0.000000e+00   0.000000e+00   1.412074e+02   2.755361e-08   1.117039e-02
7.820000e+01   1.533071e+01   0.000000e+00   0.000000e+00   1.405471e+02   2.702951e-08   1.090667e-02
7.830000e+01   1.537596e+01   0.000000e+00   0.000000e+00   1.398932e+02   2.651422e-08   1.064897e-02
7.840000e+01   1.530316e+01   0.000000e+00   0.000000e+00   1.392456e+02   2.600774e-08   1.039720e-02
7.850000e+01   1.516144e+01   0.000000e+00   0.000000e+00   1.386043e+02   2.551009e-08   1.015129e-02
7.860000e+01   1.492498e+01   0.000000e+00   0.000000e+00   1.379691e+02   2.502127e-08   9.911136e-03
7.870000e+01   1.450090e+01   0.000000e+00   0.000000e+00   1.373399e+02   2.454127e-08   9.676675e-03
7.880000e+01   1.395679e+01   0.000000e+00   0.000000e+00   1.367166e+02   2.407009e-08   9.447818e-03
7.890000e+01   1.336506e+01   0.000000e+00   0.000000e+00   1.360992e+02   2.360773e-08   9.224483e-03
7.900000e+01   1.279828e+01   0.000000e+00   0.000000e+00   1.354874e+02   2.315417e-08   9.006589e-03
7.910000e+01   1.227179e+01   0.000000e+00   0.000000e+00   1.348808e+02   2.270939e-08   8.794030e-03
7.920000e+01   1.167881e+01   0.000000e+00   0.000000e+00   1.342784e+02   2.227338e-08   8.586666e-03
7.930000e+01   1.101521e+01   0.000000e+00   0.000000e+00   1.336790e+02   2.184610e-08   8.384354e-03
7.940000e+01   1.028211e+01   0.000000e+00   0.000000e+00   1.330816e+02   2.142751e-08   8.186948e-03
7.950000e+01   9.480616e+00   0.000000e+00   0.000000e+00   1.324851e+02   2.101752e-08   7.994307e-03
7.960000e+01   8.626359e+00   0.000000e+00   0.000000e+00   1.318882e+02   2.061607e-08   7.806285e-03
7.970000e+01   7.756026e+00   0.000000e+00   0.000000e+00   1.312901e+02   2.022306e-08   7.622739e-03
7.980000e+01   6.868700e+00   0.000000e+00   0.000000e+00   1.306894e+02   1.983836e-08   7.443525e-03
7.990000e+01   5.961500e+00   0.000000e+00   0.000000e+00   1.300852e+02   1.946186e-08   7.268500e-03
8.000000e+01   5.031541e+00   0.000000e+00   0.000000e+00   1.294763e+02   1.909342e-08   7.097519e-03
8.010000e+01   3.682175e+00   0.000000e+00   0.000000e+00   1.288617e+02   1.873288e-08   6.930439e-03
8.020000e+01   1.040029e+00   0.000000e+00   0.000000e+00   1.282401e+02   1.838007e-08   6.767116e-03
8.030000e+01   -2.416672e+00   0.000000e+00   0.000000e+00   1.276106e+02   1.803482e-08   6.607406e-03
8.040000e+01   -6.130003e+00   0.000000e+00   0.000000e+00   1.269722e+02   1.769690e-08   6.451169e-03
8.050000e+01   -9.553761e+00   0.000000e+00   0.000000e+00   1.263268e+02   1.736586e-08   6.298312e-03
8.060000e+01   -1.255632e+01   0.000000e+00   0.000000e+00   1.256776e+02   1.704111e-08   6.148767e-03
8.070000e+01   -1.591944e+01   0.000000e+00   0.000000e+00   1.250282e+02   1.672206e-08   6.002469e-03
8.080000e+01   -1.919975e+01   0.000000e+00   0.000000e+00   1.243819e+02   1.640817e-08   5.859353e-03
8.090000e+01   -2.185194e+01   0.000000e+00   0.000000e+00   1.237422e+02   1.609892e-08   5.719351e-03
8.100000e+01   -2.333072e+01   0.000000e+00   0.000000e+00   1.231125e+02   1.579379e-08   5.582400e-03
8.110000e+01   -2.346270e+01   0.000000e+00   0.000000e+00   1.224962e+02   1.549232e-08   5.448432e-03
8.120000e+01   -2.331335e+01   0.000000e+00   0.000000e+00   1.218968e+02   1.519404e-08   5.317382e-03
8.130000e+01   -2.301813e+01   0.000000e+00   0.000000e+00   1.213176e+02   1.489851e-08   5.189185e-03
8.140000e+01   -2.260058e+01   0.000000e+00   0.000000e+00   1.207622e+02   1.460532e-08   5.063774e-03
8.150000e+01   -2.208425e+01   0.000000e+00   0.000000e+00   1.202339e+02   1.431407e-08   4.941084e-03
8.160000e+01   -2.138769e+01   0.000000e+00   0.000000e+00   1.197361e+02   1.402439e-08   4.821048e-03
8.170000e+01   -2.018413e+01   0.000000e+00   0.000000e+00   1.192723e+02   1.373595e-08   4.703602e-03
8.180000e+01   -1.863588e+01   0.000000e+00   0.000000e+00   1.188459e+02   1.344842e-08   4.588680e-03
8.190000e+01   -1.695699e+01   0.000000e+00   0.000000e+00   1.184603e+02   1.316151e-08   4.476215e-03
8.200000e+01   -1.536150e+01   0.000000e+00   0.000000e+00   1.181190e+02   1.287496e-08   4.366142e-03
8.210000e+01   -1.397788e+01   0.000000e+00   0.000000e+00   1.178253e+02   1.258853e-08   4.258395e-03
8.220000e+01   -1.257299e+01   0.000000e+00   0.000000e+00   1.175828e+02   1.230201e-08   4.152908e-03
8.230000e+01   -1.119272e+01   0.000000e+00   0.000000e+00   1.173947e+02   1.201525e-08   4.049615e-03
8.240000e+01   -9.929199e+00   0.000000e+00   0.000000e+00   1.172646e+02   1.172810e-08   3.948452e-03
8.250000e+01   -8.872336e+00   0.000000e+00   0.000000e+00   1.171949e+02   1.144060e-08   3.849371e-03
8.260000e+01   -8.084086e+00   0.000000e+00   0.000000e+00   1.171864e+02   1.115307e-08   3.752355e-03
8.270000e+01   -7.456355e+00   0.000000e+00   0.000000e+00   1.172396e+02   1.086588e-08   3.657393e-03
8.280000e+01   -6.893136e+00   0.000000e+00   0.000000e+00   1.173553e+02   1.057937e-08   3.564472e-03
8.290000e+01   -6.310814e+00   0.000000e+00   0.000000e+00   1.175341e+02   1.029392e-08   3.473578e-03
8.300000e+01   -5.625773e+00   0.000000e+00   0.000000e+00   1.177767e+02   1.000987e-08   3.384700e-03
8.310000e+01   -4.648042e+00   0.000000e+00   0.000000e+00   1.180835e+02   9.727604e-09   3.297825e-03
8.320000e+01   -2.847916e+00   0.000000e+00   0.000000e+00   1.184554e+02   9.447466e-09   3.212939e-03
8.330000e+01   -5.262305e-01   0.000000e+00   0.000000e+00   1.188929e+02   9.169813e-09   3.130031e-03
8.340000e+01   1.888481e+00   0.000000e+00   0.000000e+00   1.193966e+02   8.894991e-09   3.049088e-03
8.350000e+01   3.967685e+00   0.000000e+00   0.000000e+00   1.199673e+02   8.623338e-09   2.970096e-03
8.360000e+01   5.371619e+00   0.000000e+00   0.000000e+00   1.206054e+02   8.355179e-09   2.893044e-03
8.370000e+01   6.474878e+00   0.000000e+00   0.000000e+00   1.213118e+02   8.090830e-09   2.817918e-03
8.380000e+01   7.476643e+00   0.000000e+00   0.000000e+00   1.220869e+02   7.830589e-09   2.744706e-03
8.390000e+01   8.485619e+00   0.000000e+00   0.000000e+00   1.229315e+02   7.574740e-09   2.673396e-03
8.400000e+01   9.610513e+00   0.000000e+00   0.000000e+00   1.238461e+02   7.323552e-09   2.603974e-03
8.410000e+01   1.095793e+01   0.000000e+00   0.000000e+00   1.248315e+02   7.077274e-09   2.536428e-03
8.420000e+01   1.256163e+01   0.000000e+00   0.000000e+00   1.258882e+02   6.836134e-09   2.470745e-03
8.430000e+01   1.436573e+01   0.000000e+00   0.000000e+00   1.270169e+02   6.600344e-09   2.406913e-03
8.440000e+01   1.630772e+01   0.000000e+00   0.000000e+00   1.282173e+02   6.370127e-09   2.344914e-03
8.450000e+01   1.832017e+01   0.000000e+00   0.000000e+00   1.294852e+02   6.145814e-09   2.284714e-03
8.460000e+01   2.037717e+01   0.000000e+00   0.000000e+00   1.308152e+02   5.927713e-09   2.226270e-03
8.470000e+01   2.274036e+01   0.000000e+00   0.000000e+00   1.322021e+02   5.716069e-09   2.169542e-03
8.480000e+01   2.524595e+01   0.000000e+00   0.000000e+00   1.336404e+02   5.511062e-09   2.114488e-03
8.490000e+01   2.762131e+01   0.000000e+00   0.000000e+00   1.351248e+02   5.312821e-09   2.061069e-03
8.500000e+01   2.959386e+01   0.000000e+00   0.000000e+00   1.366500e+02   5.121420e-09   2.009242e-03
8.510000e+01   3.094723e+01   0.000000e+00   0.000000e+00   1.382106e+02   4.936890e-09   1.958967e-03
8.520000e+01   3.210039e+01   0.000000e+00   0.000000e+00   1.398013e+02   4.759220e-09   1.910202e-03
8.530000e+01   3.318549e+01   0.000000e+00   0.000000e+00   1.414167e+02   4.588366e-09   1.862907e-03
8.540000e+01   3.418387e+01   0.000000e+00   0.000000e+00   1.430515e+02   4.424250e-09   1.817040e-03
8.550000e+01   3.507686e+01   0.000000e+00   0.000000e+00   1.447004e+02   4.266768e-09   1.772561e-03
8.560000e+01   3.584459e+01   0.000000e+00   0.000000e+00   1.463580e+02   4.115795e-09   1.729428e-03
8.570000e+01   3.646125e+01   -0.000000e+00   -0.000000e+00   1.480189e+02   3.971185e-09   1.687601e-03
8.580000e+01   3.693129e+01   -0.000000e+00   -0.000000e+00   1.496779e+02   3.832777e-09   1.647037e-03
8.590000e+01   3.726632e+01   -0.000000e+00   -0.000000e+00   1.513295e+02   3.700398e-09   1.607698e-03
8.600000e+01   3.747796e+01   -0.000000e+00   -0.000000e+00   1.529685e+02   3.573865e-09   1.569540e-03
8.610000e+01   3.753420e+01   -0.000000e+00   -0.000000e+00   1.545894e+02   3.452988e-09   1.532524e-03
8.620000e+01   3.685380e+01   -0.000000e+00   -0.000000e+00   1.561870e+02   3.337572e-09   1.496607e-03
8.630000e+01   3.552208e+01   0.000000e+00   0.000000e+00   1.577559e+02   3.227419e-09   1.461750e-03
8.640000e+01   3.389085e+01   0.000000e+00   0.000000e+00   1.592912e+02   3.122320e-09   1.427913e-03
8.650000e+01   3.231874e+01   0.000000e+00   0.000000e+00   1.607913e+02   3.022037e-09   1.395066e-03
8.660000e+01   3.114993e+01   0.000000e+00   0.000000e+00   1.622553e+02   2.926327e-09   1.363183e-03
8.670000e+01   3.028621e+01   0.000000e+00   0.000000e+00   1.636824e+02   2.834964e-09   1.332239e-03
8.680000e+01   2.951589e+01   0.000000e+00   0.000000e+00   1.650718e+02   2.747731e-09   1.302205e-03
8.690000e+01   2.871026e+01   0.000000e+00   0.000000e+00   1.664227e+02   2.664423e-09   1.273058e-03
8.700000e+01   2.774060e+01   0.000000e+00   0.000000e+00   1.677343e+02   2.584846e-09   1.244769e-03
8.710000e+01   2.646266e+01   0.000000e+00   0.000000e+00   1.690057e+02   2.508816e-09   1.217314e-03
8.720000e+01   2.449965e+01   0.000000e+00   0.000000e+00   1.702362e+02   2.436157e-09   1.190665e-03
8.730000e+01   2.205154e+01   0.000000e+00   0.000000e+00   1.714250e+02   2.366702e-09   1.164797e-03
8.740000e+01   1.954004e+01   0.000000e+00   0.000000e+00   1.725712e+02   2.300293e-09   1.139683e-03
8.750000e+01   1.738685e+01   0.000000e+00   0.000000e+00   1.736741e+02   2.236778e-09   1.115297e-03
8.760000e+01   1.599101e+01   0.000000e+00   0.000000e+00   1.747329e+02   2.176013e-09   1.091612e-03
8.770000e+01   1.494309e+01   0.000000e+00   0.000000e+00   1.757467e+02   2.117860e-09   1.068604e-03
8.780000e+01   1.398935e+01   0.000000e+00   0.000000e+00   1.767147e+02   2.062187e-09   1.046244e-03
8.790000e+01   1.320087e+01   0.000000e+00   0.000000e+00   1.776362e+02   2.008868e-09   1.024508e-03
8.800000e+01   1.264870e+01   0.000000e+00   0.000000e+00   1.785103e+02   1.957784e-09   1.003368e-03
8.810000e+01   1.241297e+01   0.000000e+00   0.000000e+00   1.793362e+02   1.908818e-09   9.827990e-04
8.820000e+01   1.287400e+01   0.000000e+00   0.000000e+00   1.801131e+02   1.861859e-09   9.627742e-04
8.830000e+01   1.390928e+01   0.000000e+00   0.000000e+00   1.808402e+02   1.816801e-09   9.432674e-04
8.840000e+01   1.511468e+01   0.000000e+00   0.000000e+00   1.815168e+02   1.773542e-09   9.242526e-04
8.850000e+01   1.608602e+01   0.000000e+00   0.000000e+00   1.821419e+02   1.731983e-09   9.057033e-04
8.860000e+01   1.642813e+01   0.000000e+00   0.000000e+00   1.827149e+02   1.692029e-09   8.875933e-04
8.870000e+01   1.644532e+01   0.000000e+00   0.000000e+00   1.832352e+02   1.653588e-09   8.698982e-04
8.880000e+01   1.646457e+01   0.000000e+00   0.000000e+00   1.837048e+02   1.616572e-09   8.526051e-04
8.890000e+01   1.648234e+01   0.000000e+00   0.000000e+00   1.841268e+02   1.580899e-09   8.357059e-04
8.900000e+01   1.649510e+01   0.000000e+00   0.000000e+00   1.845040e+02   1.546492e-09   8.191924e-04
8.910000e+01   1.649384e+01   0.000000e+00   0.000000e+00   1.848396e+02   1.513278e-09   8.030565e-04
8.920000e+01   1.592265e+01   0.000000e+00   0.000000e+00   1.851364e+02   1.481190e-09   7.872901e-04
8.930000e+01   1.473246e+01   0.000000e+00   0.000000e+00   1.853974e+02   1.450162e-09   7.718851e-04
8.940000e+01   1.337895e+01   0.000000e+00   0.000000e+00   1.856257e+02   1.420136e-09   7.568335e-04
8.950000e+01   1.231780e+01   0.000000e+00   0.000000e+00   1.858242e+02   1.391053e-09   7.421270e-04
8.960000e+01   1.200468e+01   0.000000e+00   0.000000e+00   1.859959e+02   1.362859e-09   7.277576e-04
8.970000e+01   1.272298e+01   0.000000e+00   0.000000e+00   1.861438e+02   1.335504e-09   7.137172e-04
8.980000e+01   1.416578e+01   0.000000e+00   0.000000e+00   1.862708e+02   1.308939e-09   6.999976e-04
8.990000e+01   1.590000e+01   0.000000e+00   0.000000e+00   1.863800e+02   1.283117e-09   6.865907e-04
9.000000e+01   1.749259e+01   0.000000e+00   0.000000e+00   1.864743e+02   1.257995e-09   6.734885e-04
9.010000e+01   1.851091e+01   0.000000e+00   0.000000e+00   1.865567e+02   1.233530e-09   6.606827e-04
9.020000e+01   1.903513e+01   0.000000e+00   0.000000e+00   1.866302e+02   1.209683e-09   6.481654e-04
9.030000e+01   1.939638e+01   0.000000e+00   0.000000e+00   1.866978e+02   1.186415e-09   6.359284e-04
9.040000e+01   1.961747e+01   0.000000e+00   0.000000e+00   1.867624e+02   1.163690e-09   6.239635e-04
9.050000e+01   1.972122e+01   0.000000e+00   0.000000e+00   1.868271e+02   1.141473e-09   6.122627e-04
9.060000e+01   1.973044e+01   0.000000e+00   0.000000e+00   1.868948e+02   1.119730e-09   6.008179e-04
9.070000e+01   1.968478e+01   0.000000e+00   0.000000e+00   1.869684e+02   1.098430e-09   5.896209e-04
9.080000e+01   1.956385e+01   0.000000e+00   0.000000e+00   1.870511e+02   1.077541e-09   5.786637e-04
9.090000e+01   1.930040e+01   0.000000e+00   0.000000e+00   1.871457e+02   1.057034e-09   5.679380e-04
9.100000e+01   1.882714e+01   0.000000e+00   0.000000e+00   1.872553e+02   1.036880e-09   5.574359e-04
9.110000e+01   1.807683e+01   0.000000e+00   0.000000e+00   1.873827e+02   1.017053e-09   5.471492e-04
9.120000e+01   1.699054e+01   0.000000e+00   0.000000e+00   1.875311e+02   9.975276e-10   5.370697e-04
9.130000e+01   1.560680e+01   0.000000e+00   0.000000e+00   1.877029e+02   9.782818e-10   5.271902e-04
9.140000e+01   1.401688e+01   0.000000e+00   0.000000e+00   1.878978e+02   9.593158e-10   5.175063e-04
9.150000e+01   1.231513e+01   0.000000e+00   0.000000e+00   1.881150e+02   9.406345e-10   5.080151e-04
9.160000e+01   1.059593e+01   0.000000e+00   0.000000e+00   1.883534e+02   9.222420e-10   4.987132e-04
9.170000e+01   8.900927e+00   0.000000e+00   0.000000e+00   1.886123e+02   9.041423e-10   4.895975e-04
9.180000e+01   7.176029e+00   0.000000e+00   0.000000e+00   1.888906e+02   8.863385e-10   4.806648e-04
9.190000e+01   5.386363e+00   0.000000e+00   0.000000e+00   1.891874e+02   8.688331e-10   4.719120e-04
9.200000e+01   3.497224e+00   0.000000e+00   0.000000e+00   1.895019e+02   8.516283e-10   4.633359e-04
9.210000e+01   1.473908e+00   0.000000e+00   0.000000e+00   1.898330e+02   8.347255e-10   4.549333e-04
9.220000e+01   -1.134923e+00   0.000000e+00   0.000000e+00   1.901798e+02   8.181259e-10   4.467010e-04
9.230000e+01   -4.708109e+00   0.000000e+00   0.000000e+00   1.905414e+02   8.018300e-10   4.386358e-04
9.240000e+01   -8.849419e+00   0.000000e+00   0.000000e+00   1.909170e+02   7.858380e-10   4.307347e-04
9.250000e+01   -1.315675e+01   0.000000e+00   0.000000e+00   1.913054e+02   7.701493e-10   4.229944e-04
9.260000e+01   -1.722799e+01   0.000000e+00   0.000000e+00   1.917059e+02   7.547634e-10   4.154116e-04
9.270000e+01   -2.098956e+01   0.000000e+00   0.000000e+00   1.921175e+02   7.396790e-10   4.079834e-04
9.280000e+01   -2.476412e+01   0.000000e+00   0.000000e+00   1.925392e+02   7.248945e-10   4.007064e-04
9.290000e+01   -2.847723e+01   0.000000e+00   0.000000e+00   1.929701e+02   7.104080e-10   3.935775e-04
9.300000e+01   -3.204757e+01   0.000000e+00   0.000000e+00   1.934094e+02   6.962172e-10   3.865936e-04
9.310000e+01   -3.539387e+01   0.000000e+00   0.000000e+00   1.938560e+02   6.823195e-10   3.797514e-04
9.320000e+01   -3.860615e+01   0.000000e+00   0.000000e+00   1.943091e+02   6.687119e-10   3.730478e-04
9.330000e+01   -4.183809e+01   0.000000e+00   0.000000e+00   1.947676e+02   6.553913e-10   3.664796e-04
9.340000e+01   -4.487270e+01   0.000000e+00   0.000000e+00   1.952308e+02   6.423540e-10   3.600436e-04
9.350000e+01   -4.748550e+01   0.000000e+00   0.000000e+00   1.956976e+02   6.295965e-10   3.537366e-04
9.360000e+01   -4.945196e+01   0.000000e+00   0.000000e+00   1.961671e+02   6.171146e-10   3.475556e-04
9.370000e+01   -5.069960e+01   0.000000e+00   0.000000e+00   1.966384e+02   6.049041e-10   3.414972e-04
9.380000e+01   -5.152982e+01   0.000000e+00   0.000000e+00   1.971105e+02   5.929607e-10   3.355584e-04
9.390000e+01   -5.211840e+01   0.000000e+00   0.000000e+00   1.975826e+02   5.812797e-10   3.297359e-04
9.400000e+01   -5.263430e+01   0.000000e+00   0.000000e+00   1.980537e+02   5.698563e-10   3.240266e-04
9.410000e+01   -5.325105e+01   0.000000e+00   0.000000e+00   1.985234e+02   5.586849e-10   3.184278e-04
9.420000e+01   -5.423806e+01   0.000000e+00   0.000000e+00   1.989923e+02   5.477589e-10   3.129377e-04
9.430000e+01   -5.570524e+01   0.000000e+00   0.000000e+00   1.994610e+02   5.370716e-10   3.075547e-04
9.440000e+01   -5.732194e+01   0.000000e+00   0.000000e+00   1.999302e+02   5.266166e-10   3.022771e-04
9.450000e+01   -5.874469e+01   0.000000e+00   0.000000e+00   2.004007e+02   5.163878e-10   2.971033e-04
9.460000e+01   -5.963001e+01   0.000000e+00   0.000000e+00   2.008730e+02   5.063792e-10   2.920316e-04
9.470000e+01   -5.981070e+01   0.000000e+00   0.000000e+00   2.013480e+02   4.965848e-10   2.870603e-04
9.480000e+01   -5.960842e+01   0.000000e+00   0.000000e+00   2.018263e+02   4.869992e-10   2.821879e-04
9.490000e+01   -5.911579e+01   0.000000e+00   0.000000e+00   2.023086e+02   4.776167e-10   2.774126e-04
9.500000e+01   -5.840706e+01   0.000000e+00   0.000000e+00   2.027956e+02   4.684320e-10   2.727328e-04
9.510000e+01   -5.755650e+01   0.000000e+00   0.000000e+00   2.032879e+02   4.594401e-10   2.681469e-04
9.520000e+01   -5.652240e+01   0.000000e+00   0.000000e+00   2.037863e+02   4.506357e-10   2.636532e-04
9.530000e+01   -5.507251e+01   0.000000e+00   0.000000e+00   2.042915e+02   4.420142e-10   2.592500e-04
9.540000e+01   -5.332025e+01   0.000000e+00   0.000000e+00   2.048040e+02   4.335705e-10   2.549357e-04
9.550000e+01   -5.140126e+01   0.000000e+00   0.000000e+00   2.053248e+02   4.253003e-10   2.507086e-04
9.560000e+01   -4.945119e+01   0.000000e+00   0.000000e+00   2.058543e+02   4.171988e-10   2.465672e-04
9.570000e+01   -4.742488e+01   0.000000e+00   0.000000e+00   2.063933e+02   4.092616e-10   2.425097e-04
9.580000e+01   -4.498918e+01   0.000000e+00   0.000000e+00   2.069426e+02   4.014846e-10   2.385344e-04
9.590000e+01   -4.248641e+01   0.000000e+00   0.000000e+00   2.075027e+02   3.938634e-10   2.346398e-04
9.600000e+01   -4.030887e+01   0.000000e+00   0.000000e+00   2.080744e+02   3.863939e-10   2.308242e-04
9.610000e+01   -3.884885e+01   0.000000e+00   0.000000e+00   2.086584e+02   3.790722e-10   2.270859e-04
9.620000e+01   -3.831079e+01   0.000000e+00   0.000000e+00   2.092554e+02   3.718943e-10   2.234233e-04
9.630000e+01   -3.817693e+01   0.000000e+00   0.000000e+00   2.098660e+02   3.648563e-10   2.198347e-04
9.640000e+01   -3.828352e+01   0.000000e+00   0.000000e+00   2.104909e+02   3.579546e-10   2.163185e-04
9.650000e+01   -3.851849e+01   0.000000e+00   0.000000e+00   2.111309e+02   3.511854e-10   2.128730e-04
9.660000e+01   -3.876974e+01   0.000000e+00   0.000000e+00   2.117865e+02   3.445451e-10   2.094965e-04
9.670000e+01   -3.898120e+01   0.000000e+00   0.000000e+00   2.124586e+02   3.380303e-10   2.061875e-04
9.680000e+01   -3.929974e+01   0.000000e+00   0.000000e+00   2.131478e+02   3.316373e-10   2.029442e-04
9.690000e+01   -3.970365e+01   0.000000e+00   0.000000e+00   2.138548e+02   3.253630e-10   1.997651e-04
9.700000e+01   -4.014808e+01   0.000000e+00   0.000000e+00   2.145803e+02   3.192039e-10   1.966484e-04
9.710000e+01   -4.058626e+01   0.000000e+00   0.000000e+00   2.153246e+02   3.131576e-10   1.935927e-04
9.720000e+01   -4.099686e+01   0.000000e+00   0.000000e+00   2.160874e+02   3.072233e-10   1.905969e-04
9.730000e+01   -4.146253e+01   0.000000e+00   0.000000e+00   2.168683e+02   3.014003e-10   1.876602e-04
9.740000e+01   -4.194317e+01   0.000000e+00   0.000000e+00   2.176669e+02   2.956878e-10   1.847814e-04
9.750000e+01   -4.238131e+01   0.000000e+00   0.000000e+00   2.184828e+02   2.900850e-10   1.819596e-04
9.760000e+01   -4.271949e+01   0.000000e+00   0.000000e+00   2.193157e+02   2.845908e-10   1.791938e-04
9.770000e+01   -4.292627e+01   0.000000e+00   0.000000e+00   2.201650e+02   2.792042e-10   1.764829e-04
9.780000e+01   -4.310174e+01   0.000000e+00   0.000000e+00   2.210305e+02   2.739242e-10   1.738261e-04
9.790000e+01   -4.325884e+01   0.000000e+00   0.000000e+00   2.219116e+02   2.687496e-10   1.712223e-04
9.800000e+01   -4.339251e+01   0.000000e+00   0.000000e+00   2.228081e+02   2.636790e-10   1.686704e-04
9.810000e+01   -4.349765e+01   0.000000e+00   0.000000e+00   2.237195e+02   2.587113e-10   1.661696e-04
9.820000e+01   -4.357688e+01   0.000000e+00   0.000000e+00   2.246453e+02   2.538451e-10   1.637188e-04
9.830000e+01   -4.366852e+01   0.000000e+00   0.000000e+00   2.255853e+02   2.490789e-10   1.613170e-04
9.840000e+01   -4.376819e+01   0.000000e+00   0.000000e+00   2.265390e+02   2.444114e-10   1.589632e-04
9.850000e+01   -4.386352e+01   0.000000e+00   0.000000e+00   2.275059e+02   2.398410e-10   1.566565e-04
9.860000e+01   -4.394215e+01   0.000000e+00   0.000000e+00   2.284858e+02   2.353661e-10   1.543958e-04
9.870000e+01   -4.395358e+01   0.000000e+00   0.000000e+00   2.294782e+02   2.309853e-10   1.521802e-04
9.880000e+01   -4.366354e+01   0.000000e+00   0.000000e+00   2.304826e+02   2.266968e-10   1.500086e-04
9.890000e+01   -4.311733e+01   0.000000e+00   0.000000e+00   2.314988e+02   2.224991e-10   1.478800e-04
9.900000e+01   -4.241543e+01   0.000000e+00   0.000000e+00   2.325263e+02   2.183905e-10   1.457935e-04
9.910000e+01   -4.165830e+01   0.000000e+00   0.000000e+00   2.335646e+02   2.143693e-10   1.437481e-04
9.920000e+01   -4.091036e+01   0.000000e+00   0.000000e+00   2.346135e+02   2.104337e-10   1.417427e-04
9.930000e+01   -3.997643e+01   0.000000e+00   0.000000e+00   2.356724e+02   2.065821e-10   1.397764e-04
9.940000e+01   -3.886958e+01   0.000000e+00   0.000000e+00   2.367411e+02   2.028126e-10   1.378482e-04
9.950000e+01   -3.766308e+01   0.000000e+00   0.000000e+00   2.378190e+02   1.991236e-10   1.359570e-04
9.960000e+01   -3.643019e+01   0.000000e+00   0.000000e+00   2.389058e+02   1.955132e-10   1.341020e-04
9.970000e+01   -3.523744e+01   0.000000e+00   0.000000e+00   2.400011e+02   1.919796e-10   1.322820e-04
9.980000e+01   -3.405899e+01   0.000000e+00   0.000000e+00   2.411045e+02   1.885211e-10   1.304961e-04
9.990000e+01   -3.284712e+01   0.000000e+00   0.000000e+00   2.422156e+02   1.851358e-10   1.287434e-04
1.000000e+02   -3.156253e+01   0.000000e+00   0.000000e+00   2.433340e+02   1.818219e-10   1.270227e-04
1.001000e+02   -3.016589e+01   0.000000e+00   0.000000e+00   2.444593e+02   1.785777e-10   1.253332e-04
1.002000e+02   -2.857052e+01   0.000000e+00   0.000000e+00   2.455910e+02   1.754013e-10   1.236738e-04
1.003000e+02   -2.637607e+01   0.000000e+00   0.000000e+00   2.467288e+02   1.722909e-10   1.220435e-04
1.004000e+02   -2.386663e+01   0.000000e+00   0.000000e+00   2.478724e+02   1.692446e-10   1.204413e-04
1.005000e+02   -2.150090e+01   0.000000e+00   0.000000e+00   2.490212e+02   1.662608e-10   1.188663e-04
1.006000e+02   -1.973773e+01   0.000000e+00   0.000000e+00   2.501751e+02   1.633380e-10   1.173177e-04
1.007000e+02   -1.897621e+01   0.000000e+00   0.000000e+00   2.513342e+02   1.604748e-10   1.157953e-04
1.008000e+02   -1.872205e+01   0.000000e+00   0.000000e+00   2.524986e+02   1.576701e-10   1.142985e-04
1.009000e+02   -1.864620e+01   0.000000e+00   0.000000e+00   2.536681e+02   1.549227e-10   1.128271e-04
1.010000e+02   -1.861499e+01   0.000000e+00   0.000000e+00   2.548430e+02   1.522315e-10   1.113806e-04
1.011000e+02   -1.849475e+01   0.000000e+00   0.000000e+00   2.560232e+02   1.495952e-10   1.099586e-04
1.012000e+02   -1.815365e+01   0.000000e+00   0.000000e+00   2.572088e+02   1.470128e-10   1.085608e-04
1.013000e+02   -1.752759e+01   0.000000e+00   0.000000e+00   2.583997e+02   1.444831e-10   1.071868e-04
1.014000e+02   -1.662542e+01   0.000000e+00   0.000000e+00   2.595962e+02   1.420050e-10   1.058362e-04
1.015000e+02   -1.545780e+01   0.000000e+00   0.000000e+00   2.607981e+02   1.395775e-10   1.045087e-04
1.016000e+02   -1.403538e+01   0.000000e+00   0.000000e+00   2.620056e+02   1.371994e-10   1.032037e-04
1.017000e+02   -1.230844e+01   0.000000e+00   0.000000e+00   2.632187e+02   1.348698e-10   1.019210e-04
1.018000e+02   -9.315952e+00   0.000000e+00   0.000000e+00   2.644373e+02   1.325874e-10   1.006601e-04
1.019000e+02   -5.325590e+00   0.000000e+00   0.000000e+00   2.656617e+02   1.303514e-10   9.942076e-05
1.020000e+02   -1.131947e+00   0.000000e+00   0.000000e+00   2.668917e+02   1.281607e-10   9.820248e-05
1.021000e+02   2.470378e+00   0.000000e+00   0.000000e+00   2.681275e+02   1.260143e-10   9.700491e-05
1.022000e+02   4.736121e+00   0.000000e+00   0.000000e+00   2.693691e+02   1.239112e-10   9.582767e-05
1.023000e+02   6.301530e+00   0.000000e+00   0.000000e+00   2.706166e+02   1.218505e-10   9.467037e-05
1.024000e+02   7.618300e+00   0.000000e+00   0.000000e+00   2.718699e+02   1.198311e-10   9.353263e-05
1.025000e+02   8.683063e+00   0.000000e+00   0.000000e+00   2.731291e+02   1.178522e-10   9.241406e-05
1.026000e+02   9.492449e+00   0.000000e+00   0.000000e+00   2.743943e+02   1.159128e-10   9.131428e-05
1.027000e+02   1.004644e+01   0.000000e+00   0.000000e+00   2.756654e+02   1.140119e-10   9.023290e-05
1.028000e+02   1.045360e+01   0.000000e+00   0.000000e+00   2.769427e+02   1.121487e-10   8.916955e-05
1.029000e+02   1.076977e+01   0.000000e+00   0.000000e+00   2.782260e+02   1.103223e-10   8.812384e-05
1.030000e+02   1.099794e+01   0.000000e+00   0.000000e+00   2.795154e+02   1.085318e-10   8.709538e-05
1.031000e+02   1.114109e+01   0.000000e+00   0.000000e+00   2.808110e+02   1.067763e-10   8.608378e-05
1.032000e+02   1.120355e+01   0.000000e+00   0.000000e+00   2.821128e+02   1.050550e-10   8.508868e-05
1.033000e+02   1.124408e+01   0.000000e+00   0.000000e+00   2.834208e+02   1.033670e-10   8.410968e-05
1.034000e+02   1.127298e+01   0.000000e+00   0.000000e+00   2.847352e+02   1.017115e-10   8.314639e-05
1.035000e+02   1.126309e+01   0.000000e+00   0.000000e+00   2.860558e+02   1.000876e-10   8.219844e-05
1.036000e+02   1.118721e+01   0.000000e+00   0.000000e+00   2.873829e+02   9.849464e-11   8.126543e-05
1.037000e+02   1.100735e+01   0.000000e+00   0.000000e+00   2.887163e+02   9.693172e-11   8.034699e-05
1.038000e+02   1.006560e+01   0.000000e+00   0.000000e+00   2.900562e+02   9.539808e-11   7.944274e-05
1.039000e+02   8.360248e+00   0.000000e+00   0.000000e+00   2.914027e+02   9.389293e-11   7.855228e-05
1.040000e+02   6.415416e+00   0.000000e+00   0.000000e+00   2.927556e+02   9.241553e-11   7.767523e-05
1.041000e+02   4.755221e+00   0.000000e+00   0.000000e+00   2.941152e+02   9.096511e-11   7.681122e-05
1.042000e+02   3.898063e+00   0.000000e+00   0.000000e+00   2.954813e+02   8.954094e-11   7.595984e-05
1.043000e+02   3.576688e+00   0.000000e+00   0.000000e+00   2.968542e+02   8.814229e-11   7.512073e-05
1.044000e+02   3.351066e+00   0.000000e+00   0.000000e+00   2.982337e+02   8.676843e-11   7.429350e-05
1.045000e+02   3.165995e+00   0.000000e+00   0.000000e+00   2.996200e+02   8.541866e-11   7.347776e-05
1.046000e+02   2.966273e+00   0.000000e+00   0.000000e+00   3.010131e+02   8.409228e-11   7.267313e-05
1.047000e+02   2.695423e+00   0.000000e+00   0.000000e+00   3.024130e+02   8.278866e-11   7.187926e-05
1.048000e+02   2.059115e+00   0.000000e+00   0.000000e+00   3.038195e+02   8.150739e-11   7.109598e-05
1.049000e+02   9.566805e-01   0.000000e+00   0.000000e+00   3.052326e+02   8.024817e-11   7.032317e-05
1.050000e+02   -4.702506e-01   0.000000e+00   0.000000e+00   3.066520e+02   7.901068e-11   6.956071e-05
1.051000e+02   -2.080049e+00   0.000000e+00   0.000000e+00   3.080776e+02   7.779462e-11   6.880849e-05
1.052000e+02   -3.731560e+00   0.000000e+00   0.000000e+00   3.095092e+02   7.659966e-11   6.806640e-05
1.053000e+02   -5.713763e+00   0.000000e+00   0.000000e+00   3.109466e+02   7.542550e-11   6.733431e-05
1.054000e+02   -8.166046e+00   0.000000e+00   0.000000e+00   3.123897e+02   7.427182e-11   6.661211e-05
1.055000e+02   -1.080579e+01   0.000000e+00   0.000000e+00   3.138383e+02   7.313832e-11   6.589968e-05
1.056000e+02   -1.335039e+01   0.000000e+00   0.000000e+00   3.152923e+02   7.202468e-11   6.519691e-05
1.057000e+02   -1.551722e+01   0.000000e+00   0.000000e+00   3.167514e+02   7.093060e-11   6.450368e-05
1.058000e+02   -1.746568e+01   0.000000e+00   0.000000e+00   3.182154e+02   6.985578e-11   6.381987e-05
1.059000e+02   -1.941500e+01   0.000000e+00   0.000000e+00   3.196843e+02   6.879990e-11   6.314537e-05
1.060000e+02   -2.117231e+01   0.000000e+00   0.000000e+00   3.211579e+02   6.776266e-11   6.248006e-05
1.061000e+02   -2.254475e+01   0.000000e+00   0.000000e+00   3.226359e+02   6.674377e-11   6.182382e-05
1.062000e+02   -2.333947e+01   0.000000e+00   0.000000e+00   3.241183e+02   6.574292e-11   6.117654e-05
1.063000e+02   -2.366836e+01   0.000000e+00   0.000000e+00   3.256048e+02   6.475982e-11   6.053810e-05
1.064000e+02   -2.385466e+01   0.000000e+00   0.000000e+00   3.270953e+02   6.379416e-11   5.990838e-05
1.065000e+02   -2.396789e+01   0.000000e+00   0.000000e+00   3.285896e+02   6.284567e-11   5.928727e-05
1.066000e+02   -2.407727e+01   0.000000e+00   0.000000e+00   3.300875e+02   6.191403e-11   5.867465e-05
1.067000e+02   -2.425199e+01   0.000000e+00   0.000000e+00   3.315889e+02   6.099897e-11   5.807041e-05
1.068000e+02   -2.459276e+01   -0.000000e+00   -0.000000e+00   3.330936e+02   6.010020e-11   5.747442e-05
1.069000e+02   -2.507804e+01   -0.000000e+00   -0.000000e+00   3.346015e+02   5.921744e-11   5.688658e-05
1.070000e+02   -2.556646e+01   -0.000000e+00   -0.000000e+00   3.361123e+02   5.835039e-11   5.630675e-05
1.071000e+02   -2.591631e+01   -0.000000e+00   -0.000000e+00   3.376259e+02   5.749879e-11   5.573484e-05
1.072000e+02   -2.598589e+01   -0.000000e+00   -0.000000e+00   3.391421e+02   5.666235e-11   5.517072e-05
1.073000e+02   -2.582770e+01   -0.000000e+00   -0.000000e+00   3.406608e+02   5.584080e-11   5.461427e-05
1.074000e+02   -2.566892e+01   -0.000000e+00   -0.000000e+00   3.421818e+02   5.503387e-11   5.406539e-05
1.075000e+02   -2.551287e+01   -0.000000e+00   -0.000000e+00   3.437049e+02   5.424129e-11   5.352394e-05
1.076000e+02   -2.536074e+01   -0.000000e+00   -0.000000e+00   3.452299e+02   5.346279e-11   5.298982e-05
1.077000e+02   -2.521371e+01   -0.000000e+00   -0.000000e+00   3.467568e+02   5.269811e-11   5.246291e-05
1.078000e+02   -2.510771e+01   -0.000000e+00   -0.000000e+00   3.482852e+02   5.194699e-11   5.194309e-05
1.079000e+02   -2.507624e+01   -0.000000e+00   -0.000000e+00   3.498151e+02   5.120916e-11   5.143025e-05
1.080000e+02   -2.507897e+01   -0.000000e+00   -0.000000e+00   3.513463e+02   5.048438e-11   5.092427e-05
1.081000e+02   -2.507463e+01   -0.000000e+00   -0.000000e+00   3.528786e+02   4.977239e-11   5.042503e-05
1.082000e+02   -2.502194e+01   -0.000000e+00   -0.000000e+00   3.544118e+02   4.907293e-11   4.993241e-05
1.083000e+02   -2.413631e+01   -0.000000e+00   -0.000000e+00   3.559458e+02   4.838577e-11   4.944631e-05
1.084000e+02   -2.147998e+01   -0.000000e+00   -0.000000e+00   3.574804e+02   4.771065e-11   4.896660e-05
1.085000e+02   -1.781916e+01   -0.000000e+00   -0.000000e+00   3.590154e+02   4.704734e-11   4.849316e-05
1.086000e+02   -1.395368e+01   -0.000000e+00   -0.000000e+00   3.605507e+02   4.639559e-11   4.802589e-05
1.087000e+02   -1.068336e+01   -0.000000e+00   -0.000000e+00   3.620861e+02   4.575517e-11   4.756466e-05
1.088000e+02   -8.181121e+00   -0.000000e+00   -0.000000e+00   3.636214e+02   4.512585e-11   4.710936e-05
1.089000e+02   -5.654311e+00   -0.000000e+00   -0.000000e+00   3.651565e+02   4.450739e-11   4.665987e-05
1.090000e+02   -3.312791e+00   -0.000000e+00   -0.000000e+00   3.666912e+02   4.389956e-11   4.621607e-05
1.091000e+02   -1.401909e+00   -0.000000e+00   -0.000000e+00   3.682252e+02   4.330215e-11   4.577785e-05
1.092000e+02   -1.670102e-01   -0.000000e+00   -0.000000e+00   3.697586e+02   4.271493e-11   4.534509e-05
1.093000e+02   4.291031e-01   -0.000000e+00   -0.000000e+00   3.712910e+02   4.213767e-11   4.491768e-05
1.094000e+02   9.070149e-01   -0.000000e+00   -0.000000e+00   3.728223e+02   4.157016e-11   4.449549e-05
1.095000e+02   1.263278e+00   -0.000000e+00   -0.000000e+00   3.743524e+02   4.101219e-11   4.407841e-05
1.096000e+02   1.470423e+00   -0.000000e+00   -0.000000e+00   3.758810e+02   4.046356e-11   4.366634e-05
1.097000e+02   1.501888e+00   -0.000000e+00   -0.000000e+00   3.774081e+02   3.992409e-11   4.325921e-05
1.098000e+02   1.055496e+00   -0.000000e+00   -0.000000e+00   3.789333e+02   3.939366e-11   4.285697e-05
1.099000e+02   -4.087337e-01   -0.000000e+00   -0.000000e+00   3.804566e+02   3.887211e-11   4.245957e-05
1.100000e+02   -2.558863e+00   -0.000000e+00   -0.000000e+00   3.819778e+02   3.835931e-11   4.206697e-05
1.101000e+02   -5.021735e+00   -0.000000e+00   -0.000000e+00   3.834966e+02   3.785511e-11   4.167911e-05
1.102000e+02   -7.424195e+00   -0.000000e+00   -0.000000e+00   3.850130e+02   3.735939e-11   4.129595e-05
1.103000e+02   -9.602422e+00   -0.000000e+00   -0.000000e+00   3.865266e+02   3.687200e-11   4.091744e-05
1.104000e+02   -1.192629e+01   -0.000000e+00   -0.000000e+00   3.880375e+02   3.639280e-11   4.054353e-05
1.105000e+02   -1.434003e+01   -0.000000e+00   -0.000000e+00   3.895452e+02   3.592167e-11   4.017416e-05
1.106000e+02   -1.675364e+01   -0.000000e+00   -0.000000e+00   3.910498e+02   3.545848e-11   3.980930e-05
1.107000e+02   -1.907713e+01   -0.000000e+00   -0.000000e+00   3.925510e+02   3.500309e-11   3.944889e-05
1.108000e+02   -2.128342e+01   -0.000000e+00   -0.000000e+00   3.940486e+02   3.455538e-11   3.909289e-05
1.109000e+02   -2.349593e+01   -0.000000e+00   -0.000000e+00   3.955425e+02   3.411521e-11   3.874124e-05
1.110000e+02   -2.565959e+01   -0.000000e+00   -0.000000e+00   3.970324e+02   3.368247e-11   3.839390e-05
1.111000e+02   -2.770398e+01   -0.000000e+00   -0.000000e+00   3.985182e+02   3.325703e-11   3.805082e-05
1.112000e+02   -2.955864e+01   -0.000000e+00   -0.000000e+00   3.999997e+02   3.283877e-11   3.771194e-05
1.113000e+02   -3.124843e+01   -0.000000e+00   -0.000000e+00   4.014768e+02   3.242756e-11   3.737723e-05
1.114000e+02   -3.299961e+01   -0.000000e+00   -0.000000e+00   4.029492e+02   3.202329e-11   3.704663e-05
1.115000e+02   -3.466128e+01   -0.000000e+00   -0.000000e+00   4.044168e+02   3.162585e-11   3.672009e-05
1.116000e+02   -3.604802e+01   -0.000000e+00   -0.000000e+00   4.058794e+02   3.123511e-11   3.639757e-05
1.117000e+02   -3.697442e+01   -0.000000e+00   -0.000000e+00   4.073369e+02   3.085095e-11   3.607902e-05
1.118000e+02   -3.738189e+01   -0.000000e+00   -0.000000e+00   4.087889e+02   3.047328e-11   3.576438e-05
1.119000e+02   -3.769599e+01   -0.000000e+00   -0.000000e+00   4.102355e+02   3.010197e-11   3.545361e-05
1.120000e+02   -3.799202e+01   -0.000000e+00   -0.000000e+00   4.116763e+02   2.973691e-11   3.514666e-05
1.121000e+02   -3.829451e+01   -0.000000e+00   -0.000000e+00   4.131112e+02   2.937800e-11   3.484348e-05
1.122000e+02   -3.862799e+01   -0.000000e+00   -0.000000e+00   4.145400e+02   2.902513e-11   3.454402e-05
1.123000e+02   -3.901658e+01   -0.000000e+00   -0.000000e+00   4.159626e+02   2.867818e-11   3.424824e-05
1.124000e+02   -3.947029e+01   -0.000000e+00   -0.000000e+00   4.173787e+02   2.833707e-11   3.395608e-05
1.125000e+02   -3.998341e+01   -0.000000e+00   -0.000000e+00   4.187883e+02   2.800168e-11   3.366750e-05
1.126000e+02   -4.054950e+01   -0.000000e+00   -0.000000e+00   4.201910e+02   2.767191e-11   3.338245e-05
1.127000e+02   -4.116210e+01   -0.000000e+00   -0.000000e+00   4.215868e+02   2.734766e-11   3.310088e-05
1.128000e+02   -4.194012e+01   -0.000000e+00   -0.000000e+00   4.229754e+02   2.702883e-11   3.282273e-05
1.129000e+02   -4.342978e+01   -0.000000e+00   -0.000000e+00   4.243567e+02   2.671533e-11   3.254797e-05
1.130000e+02   -4.545640e+01   -0.000000e+00   -0.000000e+00   4.257305e+02   2.640705e-11   3.227654e-05
1.131000e+02   -4.773940e+01   -0.000000e+00   -0.000000e+00   4.270967e+02   2.610390e-11   3.200840e-05
1.132000e+02   -4.999819e+01   -0.000000e+00   -0.000000e+00   4.284549e+02   2.580579e-11   3.174349e-05
1.133000e+02   -5.204731e+01   -0.000000e+00   -0.000000e+00   4.298051e+02   2.551263e-11   3.148177e-05
1.134000e+02   -5.422196e+01   -0.000000e+00   -0.000000e+00   4.311471e+02   2.522432e-11   3.122319e-05
1.135000e+02   -5.645155e+01   -0.000000e+00   -0.000000e+00   4.324807e+02   2.494076e-11   3.096769e-05
1.136000e+02   -5.857530e+01   -0.000000e+00   -0.000000e+00   4.338057e+02   2.466189e-11   3.071524e-05
1.137000e+02   -6.043245e+01   -0.000000e+00   -0.000000e+00   4.351219e+02   2.438759e-11   3.046578e-05
1.138000e+02   -6.190457e+01   -0.000000e+00   -0.000000e+00   4.364292e+02   2.411780e-11   3.021926e-05
1.139000e+02   -6.318671e+01   -0.000000e+00   -0.000000e+00   4.377274e+02   2.385241e-11   2.997563e-05
1.140000e+02   -6.434560e+01   -0.000000e+00   -0.000000e+00   4.390163e+02   2.359135e-11   2.973486e-05
1.141000e+02   -6.540128e+01   -0.000000e+00   -0.000000e+00   4.402957e+02   2.333454e-11   2.949688e-05
1.142000e+02   -6.637377e+01   -0.000000e+00   -0.000000e+00   4.415655e+02   2.308188e-11   2.926164e-05
1.143000e+02   -6.729446e+01   -0.000000e+00   -0.000000e+00   4.428255e+02   2.283331e-11   2.902911e-05
1.144000e+02   -6.823795e+01   -0.000000e+00   -0.000000e+00   4.440754e+02   2.258873e-11   2.879923e-05
1.145000e+02   -6.914532e+01   -0.000000e+00   -0.000000e+00   4.453151e+02   2.234808e-11   2.857195e-05
1.146000e+02   -6.993268e+01   -0.000000e+00   -0.000000e+00   4.465445e+02   2.211126e-11   2.834723e-05
1.147000e+02   -7.051617e+01   -0.000000e+00   -0.000000e+00   4.477633e+02   2.187821e-11   2.812501e-05
1.148000e+02   -7.072991e+01   -0.000000e+00   -0.000000e+00   4.489714e+02   2.164885e-11   2.790524e-05
1.149000e+02   -6.989838e+01   -0.000000e+00   -0.000000e+00   4.501686e+02   2.142310e-11   2.768789e-05
1.150000e+02   -6.823293e+01   -0.000000e+00   -0.000000e+00   4.513547e+02   2.120089e-11   2.747289e-05
1.151000e+02   -6.616001e+01   -0.000000e+00   -0.000000e+00   4.525295e+02   2.098214e-11   2.726020e-05
1.152000e+02   -6.410604e+01   -0.000000e+00   -0.000000e+00   4.536929e+02   2.076679e-11   2.704978e-05
1.153000e+02   -6.242404e+01   -0.000000e+00   -0.000000e+00   4.548447e+02   2.055476e-11   2.684157e-05
1.154000e+02   -6.067254e+01   -0.000000e+00   -0.000000e+00   4.559847e+02   2.034598e-11   2.663552e-05
1.155000e+02   -5.885442e+01   -0.000000e+00   -0.000000e+00   4.571129e+02   2.014038e-11   2.643160e-05
1.156000e+02   -5.717732e+01   -0.000000e+00   -0.000000e+00   4.582296e+02   1.993789e-11   2.622978e-05
1.157000e+02   -5.584892e+01   -0.000000e+00   -0.000000e+00   4.593351e+02   1.973846e-11   2.603006e-05
1.158000e+02   -5.504511e+01   -0.000000e+00   -0.000000e+00   4.604297e+02   1.954201e-11   2.583241e-05
1.159000e+02   -5.448892e+01   -0.000000e+00   -0.000000e+00   4.615136e+02   1.934849e-11   2.563680e-05
1.160000e+02   -5.403829e+01   -0.000000e+00   -0.000000e+00   4.625872e+02   1.915783e-11   2.544323e-05
1.161000e+02   -5.366058e+01   -0.000000e+00   -0.000000e+00   4.636508e+02   1.896998e-11   2.525167e-05
1.162000e+02   -5.332314e+01   -0.000000e+00   -0.000000e+00   4.647046e+02   1.878487e-11   2.506211e-05
1.163000e+02   -5.299123e+01   -0.000000e+00   -0.000000e+00   4.657490e+02   1.860246e-11   2.487452e-05
1.164000e+02   -5.262354e+01   -0.000000e+00   -0.000000e+00   4.667842e+02   1.842269e-11   2.468889e-05
1.165000e+02   -5.225378e+01   -0.000000e+00   -0.000000e+00   4.678106e+02   1.824549e-11   2.450519e-05
1.166000e+02   -5.193379e+01   -0.000000e+00   -0.000000e+00   4.688284e+02   1.807083e-11   2.432341e-05
1.167000e+02   -5.171540e+01   -0.000000e+00   -0.000000e+00   4.698380e+02   1.789865e-11   2.414354e-05
1.168000e+02   -5.166915e+01   -0.000000e+00   -0.000000e+00   4.708396e+02   1.772890e-11   2.396554e-05
1.169000e+02   -5.213809e+01   -0.000000e+00   -0.000000e+00   4.718334e+02   1.756154e-11   2.378940e-05
1.170000e+02   -5.306237e+01   -0.000000e+00   -0.000000e+00   4.728200e+02   1.739650e-11   2.361511e-05
1.171000e+02   -5.421590e+01   -0.000000e+00   -0.000000e+00   4.737994e+02   1.723375e-11   2.344264e-05
1.172000e+02   -5.537257e+01   -0.000000e+00   -0.000000e+00   4.747720e+02   1.707324e-11   2.327198e-05
1.173000e+02   -5.632313e+01   -0.000000e+00   -0.000000e+00   4.757381e+02   1.691492e-11   2.310310e-05
1.174000e+02   -5.728360e+01   -0.000000e+00   -0.000000e+00   4.766980e+02   1.675876e-11   2.293599e-05
1.175000e+02   -5.828915e+01   -0.000000e+00   -0.000000e+00   4.776520e+02   1.660470e-11   2.277063e-05
1.176000e+02   -5.920190e+01   -0.000000e+00   -0.000000e+00   4.786004e+02   1.645271e-11   2.260700e-05
1.177000e+02   -5.988393e+01   -0.000000e+00   -0.000000e+00   4.795434e+02   1.630275e-11   2.244508e-05
1.178000e+02   -6.020381e+01   -0.000000e+00   -0.000000e+00   4.804815e+02   1.615477e-11   2.228485e-05
1.179000e+02   -6.028536e+01   -0.000000e+00   -0.000000e+00   4.814148e+02   1.600873e-11   2.212629e-05
1.180000e+02   -6.027436e+01   -0.000000e+00   -0.000000e+00   4.823436e+02   1.586460e-11   2.196939e-05
1.181000e+02   -6.023468e+01   -0.000000e+00   -0.000000e+00   4.832683e+02   1.572233e-11   2.181412e-05
1.182000e+02   -6.023021e+01   -0.000000e+00   -0.000000e+00   4.841891e+02   1.558190e-11   2.166046e-05
1.183000e+02   -6.033442e+01   -0.000000e+00   -0.000000e+00   4.851064e+02   1.544326e-11   2.150841e-05
1.184000e+02   -6.096245e+01   -0.000000e+00   -0.000000e+00   4.860205e+02   1.530637e-11   2.135793e-05
1.185000e+02   -6.206846e+01   -0.000000e+00   -0.000000e+00   4.869315e+02   1.517121e-11   2.120901e-05
1.186000e+02   -6.332128e+01   -0.000000e+00   -0.000000e+00   4.878399e+02   1.503773e-11   2.106163e-05
1.187000e+02   -6.438973e+01   -0.000000e+00   -0.000000e+00   4.887459e+02   1.490591e-11   2.091578e-05
1.188000e+02   -6.494973e+01   -0.000000e+00   -0.000000e+00   4.896498e+02   1.477571e-11   2.077142e-05
1.189000e+02   -6.522464e+01   -0.000000e+00   -0.000000e+00   4.905519e+02   1.464709e-11   2.062855e-05
1.190000e+02   -6.543814e+01   -0.000000e+00   -0.000000e+00   4.914525e+02   1.452003e-11   2.048714e-05
1.191000e+02   -6.554998e+01   -0.000000e+00   -0.000000e+00   4.923520e+02   1.439449e-11   2.034718e-05
1.192000e+02   -6.551994e+01   -0.000000e+00   -0.000000e+00   4.932505e+02   1.427044e-11   2.020865e-05
1.193000e+02   -6.530869e+01   -0.000000e+00   -0.000000e+00   4.941484e+02   1.414785e-11   2.007152e-05
1.194000e+02   -6.499101e+01   -0.000000e+00   -0.000000e+00   4.950460e+02   1.402670e-11   1.993578e-05
1.195000e+02   -6.463727e+01   -0.000000e+00   -0.000000e+00   4.959435e+02   1.390694e-11   1.980142e-05
1.196000e+02   -6.425082e+01   -0.000000e+00   -0.000000e+00   4.968413e+02   1.378856e-11   1.966840e-05
1.197000e+02   -6.383499e+01   -0.000000e+00   -0.000000e+00   4.977397e+02   1.367152e-11   1.953672e-05
1.198000e+02   -6.339242e+01   -0.000000e+00   -0.000000e+00   4.986390e+02   1.355580e-11   1.940635e-05
1.199000e+02   -6.276428e+01   -0.000000e+00   -0.000000e+00   4.995394e+02   1.344137e-11   1.927727e-05
1.200000e+02   -6.188935e+01   -0.000000e+00   -0.000000e+00   5.004412e+02   1.332819e-11   1.914947e-05
1.201000e+02   -6.085719e+01   -0.000000e+00   -0.000000e+00   5.013448e+02   1.321626e-11   1.902293e-05
1.202000e+02   -5.975739e+01   -0.000000e+00   -0.000000e+00   5.022504e+02   1.310552e-11   1.889762e-05
1.203000e+02   -5.867942e+01   -0.000000e+00   -0.000000e+00   5.031584e+02   1.299598e-11   1.877353e-05
1.204000e+02   -5.760428e+01   -0.000000e+00   -0.000000e+00   5.040690e+02   1.288758e-11   1.865064e-05
1.205000e+02   -5.647025e+01   -0.000000e+00   -0.000000e+00   5.049825e+02   1.278032e-11   1.852894e-05
1.206000e+02   -5.528554e+01   -0.000000e+00   -0.000000e+00   5.058992e+02   1.267417e-11   1.840839e-05
1.207000e+02   -5.405838e+01   -0.000000e+00   -0.000000e+00   5.068194e+02   1.256910e-11   1.828899e-05
1.208000e+02   -5.279699e+01   -0.000000e+00   -0.000000e+00   5.077434e+02   1.246509e-11   1.817071e-05
1.209000e+02   -5.149713e+01   -0.000000e+00   -0.000000e+00   5.086715e+02   1.236211e-11   1.805354e-05
1.210000e+02   -5.014947e+01   -0.000000e+00   -0.000000e+00   5.096040e+02   1.226015e-11   1.793746e-05
1.211000e+02   -4.875456e+01   -0.000000e+00   -0.000000e+00   5.105412e+02   1.215917e-11   1.782244e-05
1.212000e+02   -4.731294e+01   -0.000000e+00   -0.000000e+00   5.114834e+02   1.205916e-11   1.770847e-05
1.213000e+02   -4.582516e+01   -0.000000e+00   -0.000000e+00   5.124309e+02   1.196010e-11   1.759553e-05
1.214000e+02   -4.412798e+01   -0.000000e+00   -0.000000e+00   5.133839e+02   1.186195e-11   1.748360e-05
1.215000e+02   -4.219678e+01   -0.000000e+00   -0.000000e+00   5.143428e+02   1.176471e-11   1.737266e-05
1.216000e+02   -4.028222e+01   -0.000000e+00   -0.000000e+00   5.153078e+02   1.166835e-11   1.726270e-05
1.217000e+02   -3.863522e+01   -0.000000e+00   -0.000000e+00   5.162793e+02   1.157285e-11   1.715369e-05
1.218000e+02   -3.750668e+01   -0.000000e+00   -0.000000e+00   5.172575e+02   1.147819e-11   1.704561e-05
1.219000e+02   -3.682298e+01   -0.000000e+00   -0.000000e+00   5.182428e+02   1.138435e-11   1.693845e-05
1.220000e+02   -3.622680e+01   -0.000000e+00   -0.000000e+00   5.192354e+02   1.129130e-11   1.683219e-05
1.221000e+02   -3.566371e+01   -0.000000e+00   -0.000000e+00   5.202357e+02   1.119903e-11   1.672681e-05
1.222000e+02   -3.508076e+01   -0.000000e+00   -0.000000e+00   5.212438e+02   1.110753e-11   1.662228e-05
1.223000e+02   -3.442496e+01   -0.000000e+00   -0.000000e+00   5.222602e+02   1.101676e-11   1.651860e-05
1.224000e+02   -3.349751e+01   -0.000000e+00   -0.000000e+00   5.232851e+02   1.092672e-11   1.641574e-05
1.225000e+02   -3.221615e+01   -0.000000e+00   -0.000000e+00   5.243188e+02   1.083738e-11   1.631368e-05
1.226000e+02   -3.083003e+01   -0.000000e+00   -0.000000e+00   5.253616e+02   1.074872e-11   1.621240e-05
1.227000e+02   -2.959061e+01   -0.000000e+00   -0.000000e+00   5.264138e+02   1.066073e-11   1.611190e-05
1.228000e+02   -2.874924e+01   -0.000000e+00   -0.000000e+00   5.274752e+02   1.057341e-11   1.601215e-05
1.229000e+02   -2.827588e+01   -0.000000e+00   -0.000000e+00   5.285457e+02   1.048676e-11   1.591315e-05
1.230000e+02   -2.781446e+01   -0.000000e+00   -0.000000e+00   5.296252e+02   1.040077e-11   1.581491e-05
1.231000e+02   -2.735861e+01   -0.000000e+00   -0.000000e+00   5.307134e+02   1.031546e-11   1.571741e-05
1.232000e+02   -2.690787e+01   -0.000000e+00   -0.000000e+00   5.318102e+02   1.023081e-11   1.562065e-05
1.233000e+02   -2.646178e+01   -0.000000e+00   -0.000000e+00   5.329155e+02   1.014683e-11   1.552463e-05
1.234000e+02   -2.612260e+01   -0.000000e+00   -0.000000e+00   5.340290e+02   1.006353e-11   1.542934e-05
1.235000e+02   -2.600199e+01   -0.000000e+00   -0.000000e+00   5.351505e+02   9.980890e-12   1.533478e-05
1.236000e+02   -2.596695e+01   -0.000000e+00   -0.000000e+00   5.362800e+02   9.898923e-12   1.524095e-05
1.237000e+02   -2.587977e+01   -0.000000e+00   -0.000000e+00   5.374172e+02   9.817625e-12   1.514783e-05
1.238000e+02   -2.560270e+01   -0.000000e+00   -0.000000e+00   5.385620e+02   9.736997e-12   1.505543e-05
1.239000e+02   -2.482106e+01   -0.000000e+00   -0.000000e+00   5.397141e+02   9.657036e-12   1.496374e-05
1.240000e+02   -2.329491e+01   -0.000000e+00   -0.000000e+00   5.408735e+02   9.577744e-12   1.487275e-05
1.241000e+02   -2.135875e+01   -0.000000e+00   -0.000000e+00   5.420400e+02   9.499117e-12   1.478247e-05
1.242000e+02   -1.936139e+01   -0.000000e+00   -0.000000e+00   5.432133e+02   9.421156e-12   1.469288e-05
1.243000e+02   -1.765166e+01   -0.000000e+00   -0.000000e+00   5.443934e+02   9.343860e-12   1.460399e-05
1.244000e+02   -1.637955e+01   -0.000000e+00   -0.000000e+00   5.455800e+02   9.267226e-12   1.451579e-05
1.245000e+02   -1.523160e+01   -0.000000e+00   -0.000000e+00   5.467729e+02   9.191254e-12   1.442827e-05
1.246000e+02   -1.415151e+01   -0.000000e+00   -0.000000e+00   5.479721e+02   9.115941e-12   1.434143e-05
1.247000e+02   -1.309786e+01   -0.000000e+00   -0.000000e+00   5.491773e+02   9.041286e-12   1.425526e-05
1.248000e+02   -1.202923e+01   -0.000000e+00   -0.000000e+00   5.503884e+02   8.967288e-12   1.416977e-05
1.249000e+02   -1.092707e+01   -0.000000e+00   -0.000000e+00   5.516051e+02   8.893944e-12   1.408494e-05
1.250000e+02   -9.827972e+00   -0.000000e+00   -0.000000e+00   5.528274e+02   8.821251e-12   1.400078e-05
1.251000e+02   -8.730806e+00   -0.000000e+00   -0.000000e+00   5.540550e+02   8.749209e-12   1.391727e-05
1.252000e+02   -7.631854e+00   -0.000000e+00   -0.000000e+00   5.552878e+02   8.677814e-12   1.383441e-05
1.253000e+02   -6.527402e+00   -0.000000e+00   -0.000000e+00   5.565256e+02   8.607064e-12   1.375221e-05
1.254000e+02   -5.362926e+00   -0.000000e+00   -0.000000e+00   5.577682e+02   8.536957e-12   1.367065e-05
1.255000e+02   -4.060798e+00   -0.000000e+00   -0.000000e+00   5.590155e+02   8.467489e-12   1.358973e-05
1.256000e+02   -2.757941e+00   -0.000000e+00   -0.000000e+00   5.602673e+02   8.398659e-12   1.350945e-05
1.257000e+02   -1.602892e+00   -0.000000e+00   -0.000000e+00   5.615234e+02   8.330463e-12   1.342979e-05
1.258000e+02   -7.441905e-01   -0.000000e+00   -0.000000e+00   5.627837e+02   8.262899e-12   1.335077e-05
1.259000e+02   -2.149299e-01   -0.000000e+00   -0.000000e+00   5.640479e+02   8.195963e-12   1.327237e-05
1.260000e+02   2.805725e-01   -0.000000e+00   -0.000000e+00   5.653160e+02   8.129653e-12   1.319458e-05
1.261000e+02   7.689787e-01   -0.000000e+00   -0.000000e+00   5.665877e+02   8.063966e-12   1.311741e-05
1.262000e+02   1.250851e+00   -0.000000e+00   -0.000000e+00   5.678628e+02   7.998897e-12   1.304085e-05
1.263000e+02   1.726751e+00   -0.000000e+00   -0.000000e+00   5.691413e+02   7.934444e-12   1.296489e-05
1.264000e+02   2.170270e+00   -0.000000e+00   -0.000000e+00   5.704229e+02   7.870604e-12   1.288954e-05
1.265000e+02   2.499321e+00   -0.000000e+00   -0.000000e+00   5.717074e+02   7.807373e-12   1.281478e-05
1.266000e+02   2.740227e+00   -0.000000e+00   -0.000000e+00   5.729948e+02   7.744747e-12   1.274061e-05
1.267000e+02   2.929147e+00   -0.000000e+00   -0.000000e+00   5.742847e+02   7.682724e-12   1.266703e-05
1.268000e+02   3.102240e+00   -0.000000e+00   -0.000000e+00   5.755771e+02   7.621298e-12   1.259403e-05
1.269000e+02   3.268161e+00   -0.000000e+00   -0.000000e+00   5.768718e+02   7.560468e-12   1.252162e-05
1.270000e+02   3.353839e+00   -0.000000e+00   -0.000000e+00   5.781686e+02   7.500229e-12   1.244977e-05
1.271000e+02   3.391997e+00   -0.000000e+00   -0.000000e+00   5.794673e+02   7.440577e-12   1.237850e-05
1.272000e+02   3.427823e+00   -0.000000e+00   -0.000000e+00   5.807678e+02   7.381509e-12   1.230779e-05
1.273000e+02   3.506507e+00   -0.000000e+00   -0.000000e+00   5.820699e+02   7.323020e-12   1.223764e-05
1.274000e+02   3.650707e+00   -0.000000e+00   -0.000000e+00   5.833734e+02   7.265107e-12   1.216805e-05
1.275000e+02   3.795050e+00   -0.000000e+00   -0.000000e+00   5.846781e+02   7.207766e-12   1.209901e-05
1.276000e+02   3.957489e+00   -0.000000e+00   -0.000000e+00   5.859839e+02   7.150993e-12   1.203052e-05
1.277000e+02   4.168698e+00   -0.000000e+00   -0.000000e+00   5.872906e+02   7.094783e-12   1.196257e-05
1.278000e+02   4.459351e+00   -0.000000e+00   -0.000000e+00   5.885981e+02   7.039134e-12   1.189516e-05
1.279000e+02   4.848468e+00   -0.000000e+00   -0.000000e+00   5.899061e+02   6.984039e-12   1.182829e-05
1.280000e+02   5.284991e+00   -0.000000e+00   -0.000000e+00   5.912146e+02   6.929497e-12   1.176195e-05
1.281000e+02   5.740567e+00   -0.000000e+00   -0.000000e+00   5.925232e+02   6.875502e-12   1.169613e-05
1.282000e+02   6.193874e+00   -0.000000e+00   -0.000000e+00   5.938319e+02   6.822050e-12   1.163083e-05
1.283000e+02   6.623591e+00   -0.000000e+00   -0.000000e+00   5.951405e+02   6.769137e-12   1.156605e-05
1.284000e+02   6.984052e+00   -0.000000e+00   -0.000000e+00   5.964489e+02   6.716759e-12   1.150179e-05
1.285000e+02   7.148760e+00   -0.000000e+00   -0.000000e+00   5.977567e+02   6.664911e-12   1.143803e-05
1.286000e+02   7.176578e+00   -0.000000e+00   -0.000000e+00   5.990639e+02   6.613590e-12   1.137477e-05
1.287000e+02   7.155259e+00   -0.000000e+00   -0.000000e+00   6.003704e+02   6.562790e-12   1.131202e-05
1.288000e+02   7.172556e+00   -0.000000e+00   -0.000000e+00   6.016758e+02   6.512508e-12   1.124976e-05
1.289000e+02   7.287985e+00   -0.000000e+00   -0.000000e+00   6.029801e+02   6.462740e-12   1.118799e-05
1.290000e+02   7.385005e+00   -0.000000e+00   -0.000000e+00   6.042832e+02   6.413481e-12   1.112671e-05
1.291000e+02   7.487710e+00   -0.000000e+00   -0.000000e+00   6.055847e+02   6.364726e-12   1.106591e-05
1.292000e+02   7.655743e+00   -0.000000e+00   -0.000000e+00   6.068846e+02   6.316472e-12   1.100558e-05
1.293000e+02   7.948749e+00   -0.000000e+00   -0.000000e+00   6.081826e+02   6.268714e-12   1.094573e-05
1.294000e+02   8.409375e+00   -0.000000e+00   -0.000000e+00   6.094787e+02   6.221447e-12   1.088635e-05
1.295000e+02   8.935033e+00   -0.000000e+00   -0.000000e+00   6.107726e+02   6.174668e-12   1.082743e-05
1.296000e+02   9.480942e+00   -0.000000e+00   -0.000000e+00   6.120641e+02   6.128371e-12   1.076897e-05
1.297000e+02   1.002713e+01   -0.000000e+00   -0.000000e+00   6.133532e+02   6.082553e-12   1.071097e-05
1.298000e+02   1.055361e+01   -0.000000e+00   -0.000000e+00   6.146396e+02   6.037209e-12   1.065342e-05
1.299000e+02   1.104180e+01   -0.000000e+00   -0.000000e+00   6.159231e+02   5.992335e-12   1.059632e-05
1.300000e+02   1.149318e+01   -0.000000e+00   -0.000000e+00   6.172036e+02   5.947926e-12   1.053966e-05
