#% 0, Z0, m, 0.0
#% 1, Z, km
#% 2, U, m/s
#% 3, V, m/s
#% 4, W, m/s
#% 5, T, degK
#% 6, RHO, g/cm3
#% 7, P, mbar
0.000000e+00   -5.953859e+00   -0.000000e+00   -0.000000e+00   2.713194e+02   1.255627e-03   9.780787e+02
1.000000e-01   -6.162094e+00   -0.000000e+00   -0.000000e+00   2.703342e+02   1.244526e-03   9.659114e+02
2.000000e-01   -6.217102e+00   -0.000000e+00   -0.000000e+00   2.693701e+02   1.233403e-03   9.538648e+02
3.000000e-01   -6.200459e+00   -0.000000e+00   -0.000000e+00   2.684097e+02   1.222339e-03   9.419376e+02
4.000000e-01   -6.180891e+00   -0.000000e+00   -0.000000e+00   2.674469e+02   1.211359e-03   9.301279e+02
5.000000e-01   -6.170191e+00   -0.000000e+00   -0.000000e+00   2.665230e+02   1.200272e-03   9.184315e+02
6.000000e-01   -6.154315e+00   -0.000000e+00   -0.000000e+00   2.656768e+02   1.188906e-03   9.068456e+02
7.000000e-01   -6.125730e+00   -0.000000e+00   -0.000000e+00   2.648652e+02   1.177456e-03   8.953684e+02
8.000000e-01   -6.092161e+00   -0.000000e+00   -0.000000e+00   2.640124e+02   1.166259e-03   8.839989e+02
9.000000e-01   -6.061069e+00   -0.000000e+00   -0.000000e+00   2.631289e+02   1.155267e-03   8.727363e+02
1.000000e+00   -6.014725e+00   -0.000000e+00   -0.000000e+00   2.622457e+02   1.144339e-03   8.615799e+02
1.100000e+00   -6.000334e+00   -0.000000e+00   -0.000000e+00   2.614781e+02   1.132979e-03   8.505299e+02
1.200000e+00   -6.074793e+00   -0.000000e+00   -0.000000e+00   2.608234e+02   1.121209e-03   8.395867e+02
1.300000e+00   -6.209899e+00   -0.000000e+00   -0.000000e+00   2.601028e+02   1.109805e-03   8.287510e+02
1.400000e+00   -6.306418e+00   -0.000000e+00   -0.000000e+00   2.593907e+02   1.098446e-03   8.180233e+02
1.500000e+00   -6.256690e+00   -0.000000e+00   -0.000000e+00   2.587284e+02   1.086956e-03   8.073997e+02
1.600000e+00   -5.981171e+00   -0.000000e+00   -0.000000e+00   2.581587e+02   1.075164e-03   7.968820e+02
1.700000e+00   -5.481084e+00   -0.000000e+00   -0.000000e+00   2.578074e+02   1.062583e-03   7.864855e+02
1.800000e+00   -4.829813e+00   -0.000000e+00   -0.000000e+00   2.576530e+02   1.049334e-03   7.762140e+02
1.900000e+00   -4.128763e+00   -0.000000e+00   -0.000000e+00   2.575863e+02   1.035882e-03   7.660643e+02
2.000000e+00   -3.465733e+00   -0.000000e+00   -0.000000e+00   2.575090e+02   1.022621e-03   7.560310e+02
2.100000e+00   -2.878342e+00   -0.000000e+00   -0.000000e+00   2.573324e+02   1.009891e-03   7.461074e+02
2.200000e+00   -2.349681e+00   -0.000000e+00   -0.000000e+00   2.570170e+02   9.978261e-04   7.362902e+02
2.300000e+00   -1.894672e+00   -0.000000e+00   -0.000000e+00   2.566392e+02   9.861231e-04   7.265850e+02
2.400000e+00   -1.524365e+00   -0.000000e+00   -0.000000e+00   2.562846e+02   9.744581e-04   7.169980e+02
2.500000e+00   -1.223789e+00   -0.000000e+00   -0.000000e+00   2.559559e+02   9.628277e-04   7.075321e+02
2.600000e+00   -9.705510e-01   -0.000000e+00   -0.000000e+00   2.556063e+02   9.514116e-04   6.981881e+02
2.700000e+00   -7.459169e-01   -0.000000e+00   -0.000000e+00   2.552072e+02   9.403127e-04   6.889656e+02
2.800000e+00   -5.200107e-01   -0.000000e+00   -0.000000e+00   2.547824e+02   9.294344e-04   6.798615e+02
2.900000e+00   -2.644118e-01   -0.000000e+00   -0.000000e+00   2.543639e+02   9.186538e-04   6.708722e+02
3.000000e+00   3.894762e-02   -0.000000e+00   -0.000000e+00   2.539679e+02   9.079103e-04   6.619941e+02
3.100000e+00   3.924806e-01   -0.000000e+00   -0.000000e+00   2.535929e+02   8.972062e-04   6.532235e+02
3.200000e+00   7.851514e-01   -0.000000e+00   -0.000000e+00   2.532370e+02   8.865467e-04   6.445567e+02
3.300000e+00   1.208920e+00   -0.000000e+00   -0.000000e+00   2.528969e+02   8.759412e-04   6.359907e+02
3.400000e+00   1.657232e+00   -0.000000e+00   -0.000000e+00   2.525657e+02   8.654145e-04   6.275248e+02
3.500000e+00   2.123823e+00   -0.000000e+00   -0.000000e+00   2.522356e+02   8.549943e-04   6.191588e+02
3.600000e+00   2.588490e+00   -0.000000e+00   -0.000000e+00   2.518989e+02   8.447070e-04   6.108924e+02
3.700000e+00   3.030876e+00   -0.000000e+00   -0.000000e+00   2.515487e+02   8.345742e-04   6.027253e+02
3.800000e+00   3.475505e+00   -0.000000e+00   -0.000000e+00   2.511893e+02   8.245793e-04   5.946562e+02
3.900000e+00   3.946963e+00   -0.000000e+00   -0.000000e+00   2.508311e+02   8.146849e-04   5.866830e+02
4.000000e+00   4.469819e+00   -0.000000e+00   -0.000000e+00   2.504849e+02   8.048546e-04   5.788037e+02
4.100000e+00   5.114256e+00   -0.000000e+00   -0.000000e+00   2.501611e+02   7.950537e-04   5.710164e+02
4.200000e+00   5.953835e+00   -0.000000e+00   -0.000000e+00   2.498662e+02   7.852619e-04   5.633190e+02
4.300000e+00   6.890677e+00   -0.000000e+00   -0.000000e+00   2.495955e+02   7.754948e-04   5.557096e+02
4.400000e+00   7.821122e+00   -0.000000e+00   -0.000000e+00   2.493423e+02   7.657728e-04   5.481865e+02
4.500000e+00   8.641510e+00   -0.000000e+00   -0.000000e+00   2.491002e+02   7.561154e-04   5.407476e+02
4.600000e+00   9.311616e+00   -0.000000e+00   -0.000000e+00   2.488625e+02   7.465413e-04   5.333911e+02
4.700000e+00   9.963025e+00   -0.000000e+00   -0.000000e+00   2.486207e+02   7.370758e-04   5.261163e+02
4.800000e+00   1.060004e+01   -0.000000e+00   -0.000000e+00   2.483627e+02   7.277552e-04   5.189243e+02
4.900000e+00   1.121525e+01   -0.000000e+00   -0.000000e+00   2.480764e+02   7.186152e-04   5.118164e+02
5.000000e+00   1.180126e+01   -0.000000e+00   -0.000000e+00   2.477495e+02   7.096904e-04   5.047938e+02
5.100000e+00   1.233430e+01   -0.000000e+00   -0.000000e+00   2.473698e+02   7.010134e-04   4.978579e+02
5.200000e+00   1.276629e+01   -0.000000e+00   -0.000000e+00   2.469282e+02   6.926062e-04   4.910090e+02
5.300000e+00   1.312158e+01   -0.000000e+00   -0.000000e+00   2.464225e+02   6.844682e-04   4.842459e+02
5.400000e+00   1.343131e+01   -0.000000e+00   -0.000000e+00   2.458513e+02   6.765961e-04   4.775670e+02
5.500000e+00   1.372658e+01   -0.000000e+00   -0.000000e+00   2.452133e+02   6.689868e-04   4.709708e+02
5.600000e+00   1.404958e+01   -0.000000e+00   -0.000000e+00   2.445072e+02   6.616377e-04   4.644557e+02
5.700000e+00   1.443158e+01   -0.000000e+00   -0.000000e+00   2.437335e+02   6.545410e-04   4.580201e+02
5.800000e+00   1.481931e+01   -0.000000e+00   -0.000000e+00   2.429089e+02   6.476462e-04   4.516622e+02
5.900000e+00   1.515404e+01   -0.000000e+00   -0.000000e+00   2.420586e+02   6.408817e-04   4.453799e+02
6.000000e+00   1.537705e+01   -0.000000e+00   -0.000000e+00   2.412075e+02   6.341776e-04   4.391715e+02
6.100000e+00   1.543060e+01   -0.000000e+00   -0.000000e+00   2.403811e+02   6.274660e-04   4.330348e+02
6.200000e+00   1.531812e+01   -0.000000e+00   -0.000000e+00   2.396043e+02   6.206807e-04   4.269679e+02
6.300000e+00   1.511423e+01   -0.000000e+00   -0.000000e+00   2.388972e+02   6.137714e-04   4.209690e+02
6.400000e+00   1.489860e+01   -0.000000e+00   -0.000000e+00   2.382513e+02   6.067632e-04   4.150371e+02
6.500000e+00   1.475155e+01   -0.000000e+00   -0.000000e+00   2.376485e+02   5.997054e-04   4.091715e+02
6.600000e+00   1.475026e+01   -0.000000e+00   -0.000000e+00   2.370706e+02   5.926456e-04   4.033714e+02
6.700000e+00   1.489989e+01   -0.000000e+00   -0.000000e+00   2.364995e+02   5.856300e-04   3.976362e+02
6.800000e+00   1.513534e+01   -0.000000e+00   -0.000000e+00   2.359172e+02   5.787027e-04   3.919651e+02
6.900000e+00   1.538831e+01   -0.000000e+00   -0.000000e+00   2.353062e+02   5.719046e-04   3.863575e+02
7.000000e+00   1.558486e+01   -0.000000e+00   -0.000000e+00   2.346604e+02   5.652479e-04   3.808125e+02
7.100000e+00   1.563948e+01   -0.000000e+00   -0.000000e+00   2.339819e+02   5.587249e-04   3.753294e+02
7.200000e+00   1.550731e+01   -0.000000e+00   -0.000000e+00   2.332726e+02   5.523280e-04   3.699075e+02
7.300000e+00   1.528338e+01   -0.000000e+00   -0.000000e+00   2.325348e+02   5.460496e-04   3.645461e+02
7.400000e+00   1.507523e+01   -0.000000e+00   -0.000000e+00   2.317705e+02   5.398826e-04   3.592443e+02
7.500000e+00   1.499037e+01   -0.000000e+00   -0.000000e+00   2.309819e+02   5.338198e-04   3.540015e+02
7.600000e+00   1.516105e+01   0.000000e+00   0.000000e+00   2.301716e+02   5.278535e-04   3.488169e+02
7.700000e+00   1.572246e+01   0.000000e+00   0.000000e+00   2.293450e+02   5.219698e-04   3.436900e+02
7.800000e+00   1.649662e+01   0.000000e+00   0.000000e+00   2.285084e+02   5.161530e-04   3.386203e+02
7.900000e+00   1.726708e+01   0.000000e+00   0.000000e+00   2.276683e+02   5.103881e-04   3.336072e+02
8.000000e+00   1.781741e+01   0.000000e+00   0.000000e+00   2.268312e+02   5.046602e-04   3.286504e+02
8.100000e+00   1.796342e+01   0.000000e+00   0.000000e+00   2.260035e+02   4.989551e-04   3.237493e+02
8.200000e+00   1.781505e+01   0.000000e+00   0.000000e+00   2.251916e+02   4.932587e-04   3.189035e+02
8.300000e+00   1.747592e+01   0.000000e+00   0.000000e+00   2.244019e+02   4.875578e-04   3.141124e+02
8.400000e+00   1.702137e+01   0.000000e+00   0.000000e+00   2.236410e+02   4.818394e-04   3.093756e+02
8.500000e+00   1.652930e+01   0.000000e+00   0.000000e+00   2.229128e+02   4.760967e-04   3.046930e+02
8.600000e+00   1.605322e+01   0.000000e+00   0.000000e+00   2.222181e+02   4.703320e-04   3.000656e+02
8.700000e+00   1.545607e+01   0.000000e+00   0.000000e+00   2.215569e+02   4.645487e-04   2.954942e+02
8.800000e+00   1.479070e+01   0.000000e+00   0.000000e+00   2.209296e+02   4.587504e-04   2.909796e+02
8.900000e+00   1.415980e+01   0.000000e+00   0.000000e+00   2.203362e+02   4.529405e-04   2.865229e+02
9.000000e+00   1.366607e+01   0.000000e+00   0.000000e+00   2.197771e+02   4.471226e-04   2.821249e+02
9.100000e+00   1.345672e+01   0.000000e+00   0.000000e+00   2.192524e+02   4.413004e-04   2.777864e+02
9.200000e+00   1.388955e+01   0.000000e+00   0.000000e+00   2.187623e+02   4.354777e-04   2.735085e+02
9.300000e+00   1.471706e+01   0.000000e+00   0.000000e+00   2.183071e+02   4.296582e-04   2.692919e+02
9.400000e+00   1.556292e+01   0.000000e+00   0.000000e+00   2.178869e+02   4.238458e-04   2.651376e+02
9.500000e+00   1.605126e+01   0.000000e+00   0.000000e+00   2.175031e+02   4.180418e-04   2.610463e+02
9.600000e+00   1.583787e+01   0.000000e+00   0.000000e+00   2.171609e+02   4.122395e-04   2.570180e+02
9.700000e+00   1.506603e+01   0.000000e+00   0.000000e+00   2.168660e+02   4.064312e-04   2.530527e+02
9.800000e+00   1.401793e+01   0.000000e+00   0.000000e+00   2.166243e+02   4.006099e-04   2.491502e+02
9.900000e+00   1.292637e+01   0.000000e+00   0.000000e+00   2.164416e+02   3.947691e-04   2.453105e+02
1.000000e+01   1.202414e+01   0.000000e+00   0.000000e+00   2.163237e+02   3.889028e-04   2.415336e+02
1.010000e+01   1.153035e+01   0.000000e+00   0.000000e+00   2.162764e+02   3.830060e-04   2.378193e+02
1.020000e+01   1.138811e+01   0.000000e+00   0.000000e+00   2.163056e+02   3.770740e-04   2.341676e+02
1.030000e+01   1.142656e+01   0.000000e+00   0.000000e+00   2.164170e+02   3.711031e-04   2.305783e+02
1.040000e+01   1.150171e+01   0.000000e+00   0.000000e+00   2.166166e+02   3.650903e-04   2.270515e+02
1.050000e+01   1.146949e+01   0.000000e+00   0.000000e+00   2.169088e+02   3.590351e-04   2.235869e+02
1.060000e+01   1.118259e+01   0.000000e+00   0.000000e+00   2.172864e+02   3.529556e-04   2.201836e+02
1.070000e+01   1.055221e+01   0.000000e+00   0.000000e+00   2.177361e+02   3.468784e-04   2.168403e+02
1.080000e+01   9.722186e+00   0.000000e+00   0.000000e+00   2.182442e+02   3.408283e-04   2.135555e+02
1.090000e+01   8.875580e+00   0.000000e+00   0.000000e+00   2.187973e+02   3.348285e-04   2.103278e+02
1.100000e+01   8.195442e+00   0.000000e+00   0.000000e+00   2.193819e+02   3.289003e-04   2.071559e+02
1.110000e+01   7.865109e+00   0.000000e+00   0.000000e+00   2.199844e+02   3.230633e-04   2.040384e+02
1.120000e+01   7.971993e+00   0.000000e+00   0.000000e+00   2.205914e+02   3.173355e-04   2.009739e+02
1.130000e+01   8.356978e+00   0.000000e+00   0.000000e+00   2.211893e+02   3.117332e-04   1.979610e+02
1.140000e+01   8.824930e+00   0.000000e+00   0.000000e+00   2.217647e+02   3.062712e-04   1.949984e+02
1.150000e+01   9.180710e+00   0.000000e+00   0.000000e+00   2.223040e+02   3.009628e-04   1.920846e+02
1.160000e+01   9.239922e+00   0.000000e+00   0.000000e+00   2.227980e+02   2.958146e-04   1.892183e+02
1.170000e+01   9.162529e+00   0.000000e+00   0.000000e+00   2.232492e+02   2.908177e-04   1.863988e+02
1.180000e+01   9.080802e+00   0.000000e+00   0.000000e+00   2.236619e+02   2.859614e-04   1.836250e+02
1.190000e+01   9.017481e+00   0.000000e+00   0.000000e+00   2.240407e+02   2.812353e-04   1.808961e+02
1.200000e+01   8.995305e+00   0.000000e+00   0.000000e+00   2.243899e+02   2.766300e-04   1.782112e+02
1.210000e+01   9.037486e+00   0.000000e+00   0.000000e+00   2.247140e+02   2.721363e-04   1.755694e+02
1.220000e+01   9.166964e+00   0.000000e+00   0.000000e+00   2.250173e+02   2.677456e-04   1.729699e+02
1.230000e+01   9.356755e+00   0.000000e+00   0.000000e+00   2.253042e+02   2.634498e-04   1.704118e+02
1.240000e+01   9.565478e+00   0.000000e+00   0.000000e+00   2.255792e+02   2.592411e-04   1.678941e+02
1.250000e+01   9.751749e+00   0.000000e+00   0.000000e+00   2.258468e+02   2.551122e-04   1.654160e+02
1.260000e+01   9.867777e+00   0.000000e+00   0.000000e+00   2.261112e+02   2.510562e-04   1.629766e+02
1.270000e+01   9.637641e+00   0.000000e+00   0.000000e+00   2.263754e+02   2.470682e-04   1.605752e+02
1.280000e+01   9.095004e+00   0.000000e+00   0.000000e+00   2.266395e+02   2.431468e-04   1.582110e+02
1.290000e+01   8.464620e+00   0.000000e+00   0.000000e+00   2.269035e+02   2.392910e-04   1.558834e+02
1.300000e+01   7.971244e+00   0.000000e+00   0.000000e+00   2.271671e+02   2.354997e-04   1.535918e+02
1.310000e+01   7.835887e+00   0.000000e+00   0.000000e+00   2.274304e+02   2.317716e-04   1.513356e+02
1.320000e+01   7.961679e+00   0.000000e+00   0.000000e+00   2.276932e+02   2.281059e-04   1.491141e+02
1.330000e+01   8.159984e+00   0.000000e+00   0.000000e+00   2.279553e+02   2.245012e-04   1.469267e+02
1.340000e+01   8.363752e+00   0.000000e+00   0.000000e+00   2.282168e+02   2.209566e-04   1.447727e+02
1.350000e+01   8.505929e+00   0.000000e+00   0.000000e+00   2.284774e+02   2.174709e-04   1.426516e+02
1.360000e+01   8.518759e+00   0.000000e+00   0.000000e+00   2.287371e+02   2.140430e-04   1.405626e+02
1.370000e+01   8.289889e+00   0.000000e+00   0.000000e+00   2.289957e+02   2.106718e-04   1.385052e+02
1.380000e+01   7.859611e+00   0.000000e+00   0.000000e+00   2.292530e+02   2.073565e-04   1.364787e+02
1.390000e+01   7.353622e+00   0.000000e+00   0.000000e+00   2.295085e+02   2.040965e-04   1.344828e+02
1.400000e+01   6.897896e+00   0.000000e+00   0.000000e+00   2.297616e+02   2.008915e-04   1.325169e+02
1.410000e+01   6.617969e+00   0.000000e+00   0.000000e+00   2.300117e+02   1.977410e-04   1.305807e+02
1.420000e+01   6.501644e+00   0.000000e+00   0.000000e+00   2.302584e+02   1.946444e-04   1.286737e+02
1.430000e+01   6.463834e+00   0.000000e+00   0.000000e+00   2.305011e+02   1.916013e-04   1.267955e+02
1.440000e+01   6.483575e+00   0.000000e+00   0.000000e+00   2.307392e+02   1.886111e-04   1.249456e+02
1.450000e+01   6.539901e+00   0.000000e+00   0.000000e+00   2.309722e+02   1.856732e-04   1.231236e+02
1.460000e+01   6.612103e+00   0.000000e+00   0.000000e+00   2.311995e+02   1.827871e-04   1.213291e+02
1.470000e+01   6.891642e+00   0.000000e+00   0.000000e+00   2.314207e+02   1.799522e-04   1.195616e+02
1.480000e+01   7.417988e+00   0.000000e+00   0.000000e+00   2.316351e+02   1.771678e-04   1.178207e+02
1.490000e+01   7.986250e+00   0.000000e+00   0.000000e+00   2.318421e+02   1.744335e-04   1.161060e+02
1.500000e+01   8.390101e+00   0.000000e+00   0.000000e+00   2.320410e+02   1.717487e-04   1.144170e+02
1.510000e+01   8.423053e+00   0.000000e+00   0.000000e+00   2.322310e+02   1.691132e-04   1.127535e+02
1.520000e+01   8.003212e+00   0.000000e+00   0.000000e+00   2.324112e+02   1.665264e-04   1.111150e+02
1.530000e+01   7.308141e+00   0.000000e+00   0.000000e+00   2.325810e+02   1.639880e-04   1.095012e+02
1.540000e+01   6.520531e+00   0.000000e+00   0.000000e+00   2.327395e+02   1.614975e-04   1.079116e+02
1.550000e+01   5.823071e+00   0.000000e+00   0.000000e+00   2.328859e+02   1.590544e-04   1.063460e+02
1.560000e+01   5.398453e+00   0.000000e+00   0.000000e+00   2.330194e+02   1.566581e-04   1.048039e+02
1.570000e+01   5.235611e+00   0.000000e+00   0.000000e+00   2.331393e+02   1.543082e-04   1.032849e+02
1.580000e+01   5.148542e+00   0.000000e+00   0.000000e+00   2.332448e+02   1.520041e-04   1.017887e+02
1.590000e+01   5.090186e+00   0.000000e+00   0.000000e+00   2.333350e+02   1.497454e-04   1.003149e+02
1.600000e+01   5.013653e+00   0.000000e+00   0.000000e+00   2.334099e+02   1.475309e-04   9.886321e+01
1.610000e+01   4.871996e+00   0.000000e+00   0.000000e+00   2.334710e+02   1.453589e-04   9.743318e+01
1.620000e+01   4.634439e+00   0.000000e+00   0.000000e+00   2.335202e+02   1.432271e-04   9.602453e+01
1.630000e+01   4.319807e+00   0.000000e+00   0.000000e+00   2.335594e+02   1.411338e-04   9.463695e+01
1.640000e+01   3.953240e+00   0.000000e+00   0.000000e+00   2.335904e+02   1.390770e-04   9.327011e+01
1.650000e+01   3.559847e+00   0.000000e+00   0.000000e+00   2.336150e+02   1.370548e-04   9.192369e+01
1.660000e+01   3.164740e+00   0.000000e+00   0.000000e+00   2.336352e+02   1.350657e-04   9.059735e+01
1.670000e+01   2.712201e+00   0.000000e+00   0.000000e+00   2.336527e+02   1.331078e-04   8.929079e+01
1.680000e+01   2.151840e+00   0.000000e+00   0.000000e+00   2.336695e+02   1.311796e-04   8.800367e+01
1.690000e+01   1.577881e+00   0.000000e+00   0.000000e+00   2.336875e+02   1.292796e-04   8.673567e+01
1.700000e+01   1.085661e+00   0.000000e+00   0.000000e+00   2.337084e+02   1.274062e-04   8.548647e+01
1.710000e+01   7.706624e-01   0.000000e+00   0.000000e+00   2.337339e+02   1.255583e-04   8.425576e+01
1.720000e+01   1.108265e+00   0.000000e+00   0.000000e+00   2.337642e+02   1.237354e-04   8.304324e+01
1.730000e+01   2.417563e+00   0.000000e+00   0.000000e+00   2.337991e+02   1.219372e-04   8.184864e+01
1.740000e+01   4.119116e+00   0.000000e+00   0.000000e+00   2.338384e+02   1.201636e-04   8.067169e+01
1.750000e+01   5.622475e+00   0.000000e+00   0.000000e+00   2.338821e+02   1.184142e-04   7.951210e+01
1.760000e+01   6.337189e+00   0.000000e+00   0.000000e+00   2.339300e+02   1.166889e-04   7.836961e+01
1.770000e+01   6.104965e+00   0.000000e+00   0.000000e+00   2.339819e+02   1.149873e-04   7.724393e+01
1.780000e+01   5.526218e+00   0.000000e+00   0.000000e+00   2.340377e+02   1.133092e-04   7.613480e+01
1.790000e+01   4.730888e+00   0.000000e+00   0.000000e+00   2.340972e+02   1.116543e-04   7.504193e+01
1.800000e+01   3.834899e+00   0.000000e+00   0.000000e+00   2.341603e+02   1.100224e-04   7.396504e+01
1.810000e+01   2.954174e+00   0.000000e+00   0.000000e+00   2.342268e+02   1.084131e-04   7.290387e+01
1.820000e+01   1.994855e+00   0.000000e+00   0.000000e+00   2.342965e+02   1.068262e-04   7.185814e+01
1.830000e+01   7.295945e-01   0.000000e+00   0.000000e+00   2.343688e+02   1.052617e-04   7.082759e+01
1.840000e+01   -5.744245e-01   0.000000e+00   0.000000e+00   2.344429e+02   1.037196e-04   6.981201e+01
1.850000e+01   -1.635815e+00   0.000000e+00   0.000000e+00   2.345178e+02   1.022000e-04   6.881116e+01
1.860000e+01   -2.173189e+00   0.000000e+00   0.000000e+00   2.345926e+02   1.007029e-04   6.782482e+01
1.870000e+01   -2.008857e+00   0.000000e+00   0.000000e+00   2.346663e+02   9.922843e-05   6.685275e+01
1.880000e+01   -1.363754e+00   0.000000e+00   0.000000e+00   2.347382e+02   9.777652e-05   6.589472e+01
1.890000e+01   -4.666787e-01   0.000000e+00   0.000000e+00   2.348072e+02   9.634714e-05   6.495051e+01
1.900000e+01   4.585924e-01   0.000000e+00   0.000000e+00   2.348725e+02   9.494025e-05   6.401988e+01
1.910000e+01   1.188282e+00   0.000000e+00   0.000000e+00   2.349331e+02   9.355580e-05   6.310262e+01
1.920000e+01   1.645555e+00   0.000000e+00   0.000000e+00   2.349883e+02   9.219370e-05   6.219848e+01
1.930000e+01   2.074931e+00   0.000000e+00   0.000000e+00   2.350369e+02   9.085384e-05   6.130724e+01
1.940000e+01   2.446869e+00   0.000000e+00   0.000000e+00   2.350788e+02   8.953592e-05   6.042869e+01
1.950000e+01   2.716184e+00   0.000000e+00   0.000000e+00   2.351148e+02   8.823922e-05   5.956266e+01
1.960000e+01   2.837916e+00   0.000000e+00   0.000000e+00   2.351461e+02   8.696301e-05   5.870899e+01
1.970000e+01   2.815842e+00   0.000000e+00   0.000000e+00   2.351735e+02   8.570657e-05   5.786752e+01
1.980000e+01   2.768279e+00   0.000000e+00   0.000000e+00   2.351983e+02   8.446921e-05   5.703809e+01
1.990000e+01   2.704258e+00   0.000000e+00   0.000000e+00   2.352214e+02   8.325027e-05   5.622053e+01
2.000000e+01   2.624546e+00   0.000000e+00   0.000000e+00   2.352440e+02   8.204911e-05   5.541469e+01
2.010000e+01   2.529907e+00   0.000000e+00   0.000000e+00   2.352671e+02   8.086511e-05   5.462039e+01
2.020000e+01   2.238158e+00   0.000000e+00   0.000000e+00   2.352918e+02   7.969767e-05   5.383749e+01
2.030000e+01   1.324993e+00   0.000000e+00   0.000000e+00   2.353191e+02   7.854622e-05   5.306581e+01
2.040000e+01   1.048077e-01   0.000000e+00   0.000000e+00   2.353501e+02   7.741019e-05   5.230520e+01
2.050000e+01   -1.055498e+00   0.000000e+00   0.000000e+00   2.353857e+02   7.628909e-05   5.155549e+01
2.060000e+01   -1.789220e+00   0.000000e+00   0.000000e+00   2.354261e+02   7.518274e-05   5.081654e+01
2.070000e+01   -1.916277e+00   0.000000e+00   0.000000e+00   2.354704e+02   7.409124e-05   5.008820e+01
2.080000e+01   -1.918750e+00   0.000000e+00   0.000000e+00   2.355178e+02   7.301466e-05   4.937035e+01
2.090000e+01   -1.861566e+00   0.000000e+00   0.000000e+00   2.355678e+02   7.195306e-05   4.866284e+01
2.100000e+01   -1.755609e+00   0.000000e+00   0.000000e+00   2.356194e+02   7.090649e-05   4.796554e+01
2.110000e+01   -1.611761e+00   0.000000e+00   0.000000e+00   2.356719e+02   6.987499e-05   4.727831e+01
2.120000e+01   -1.297962e+00   0.000000e+00   0.000000e+00   2.357246e+02   6.885856e-05   4.660100e+01
2.130000e+01   -3.933842e-01   0.000000e+00   0.000000e+00   2.357767e+02   6.785723e-05   4.593349e+01
2.140000e+01   7.988706e-01   0.000000e+00   0.000000e+00   2.358276e+02   6.687097e-05   4.527563e+01
2.150000e+01   1.902423e+00   0.000000e+00   0.000000e+00   2.358763e+02   6.589977e-05   4.462729e+01
2.160000e+01   2.540896e+00   0.000000e+00   0.000000e+00   2.359222e+02   6.494360e-05   4.398833e+01
2.170000e+01   2.423434e+00   0.000000e+00   0.000000e+00   2.359646e+02   6.400237e-05   4.335861e+01
2.180000e+01   1.796728e+00   0.000000e+00   0.000000e+00   2.360042e+02   6.307572e-05   4.273801e+01
2.190000e+01   8.694744e-01   0.000000e+00   0.000000e+00   2.360418e+02   6.216320e-05   4.212643e+01
2.200000e+01   -1.823508e-01   0.000000e+00   0.000000e+00   2.360783e+02   6.126437e-05   4.152373e+01
2.210000e+01   -1.182771e+00   0.000000e+00   0.000000e+00   2.361145e+02   6.037882e-05   4.092980e+01
2.220000e+01   -2.031970e+00   0.000000e+00   0.000000e+00   2.361515e+02   5.950613e-05   4.034454e+01
2.230000e+01   -2.969627e+00   0.000000e+00   0.000000e+00   2.361900e+02   5.864593e-05   3.976782e+01
2.240000e+01   -3.914039e+00   0.000000e+00   0.000000e+00   2.362311e+02   5.779782e-05   3.919952e+01
2.250000e+01   -4.726545e+00   0.000000e+00   0.000000e+00   2.362755e+02   5.696144e-05   3.863954e+01
2.260000e+01   -5.268486e+00   0.000000e+00   0.000000e+00   2.363242e+02   5.613644e-05   3.808775e+01
2.270000e+01   -5.324878e+00   0.000000e+00   0.000000e+00   2.363780e+02   5.532247e-05   3.754404e+01
2.280000e+01   -4.527277e+00   0.000000e+00   0.000000e+00   2.364380e+02   5.451920e-05   3.700829e+01
2.290000e+01   -3.243659e+00   0.000000e+00   0.000000e+00   2.365046e+02   5.372638e-05   3.648039e+01
2.300000e+01   -1.943334e+00   0.000000e+00   0.000000e+00   2.365772e+02   5.294406e-05   3.596023e+01
2.310000e+01   -1.095517e+00   0.000000e+00   0.000000e+00   2.366547e+02   5.217236e-05   3.544769e+01
2.320000e+01   -1.034418e+00   0.000000e+00   0.000000e+00   2.367360e+02   5.141137e-05   3.494265e+01
2.330000e+01   -1.132317e+00   0.000000e+00   0.000000e+00   2.368202e+02   5.066118e-05   3.444502e+01
2.340000e+01   -1.234582e+00   0.000000e+00   0.000000e+00   2.369061e+02   4.992188e-05   3.395467e+01
2.350000e+01   -1.340646e+00   0.000000e+00   0.000000e+00   2.369927e+02   4.919350e-05   3.347149e+01
2.360000e+01   -1.449942e+00   0.000000e+00   0.000000e+00   2.370789e+02   4.847611e-05   3.299538e+01
2.370000e+01   -1.592337e+00   0.000000e+00   0.000000e+00   2.371637e+02   4.776974e-05   3.252621e+01
2.380000e+01   -1.960804e+00   0.000000e+00   0.000000e+00   2.372461e+02   4.707439e-05   3.206388e+01
2.390000e+01   -2.473769e+00   0.000000e+00   0.000000e+00   2.373248e+02   4.639009e-05   3.160827e+01
2.400000e+01   -2.990091e+00   0.000000e+00   0.000000e+00   2.373990e+02   4.571683e-05   3.115928e+01
2.410000e+01   -3.368776e+00   0.000000e+00   0.000000e+00   2.374677e+02   4.505457e-05   3.071679e+01
2.420000e+01   -3.460302e+00   0.000000e+00   0.000000e+00   2.375313e+02   4.440305e-05   3.028070e+01
2.430000e+01   -3.150304e+00   0.000000e+00   0.000000e+00   2.375903e+02   4.376196e-05   2.985093e+01
2.440000e+01   -2.603234e+00   0.000000e+00   0.000000e+00   2.376457e+02   4.313099e-05   2.942739e+01
2.450000e+01   -2.025683e+00   0.000000e+00   0.000000e+00   2.376980e+02   4.250984e-05   2.900998e+01
2.460000e+01   -1.624240e+00   0.000000e+00   0.000000e+00   2.377481e+02   4.189822e-05   2.859862e+01
2.470000e+01   -1.579939e+00   0.000000e+00   0.000000e+00   2.377967e+02   4.129584e-05   2.819321e+01
2.480000e+01   -1.747350e+00   0.000000e+00   0.000000e+00   2.378445e+02   4.070243e-05   2.779367e+01
2.490000e+01   -2.035986e+00   0.000000e+00   0.000000e+00   2.378923e+02   4.011772e-05   2.739991e+01
2.500000e+01   -2.415780e+00   0.000000e+00   0.000000e+00   2.379408e+02   3.954145e-05   2.701183e+01
2.510000e+01   -2.856664e+00   0.000000e+00   0.000000e+00   2.379908e+02   3.897338e-05   2.662934e+01
2.520000e+01   -3.372419e+00   0.000000e+00   0.000000e+00   2.380429e+02   3.841324e-05   2.625237e+01
2.530000e+01   -4.402858e+00   0.000000e+00   0.000000e+00   2.380979e+02   3.786082e-05   2.588081e+01
2.540000e+01   -5.779926e+00   0.000000e+00   0.000000e+00   2.381558e+02   3.731598e-05   2.551458e+01
2.550000e+01   -7.134678e+00   0.000000e+00   0.000000e+00   2.382163e+02   3.677873e-05   2.515362e+01
2.560000e+01   -8.098144e+00   0.000000e+00   0.000000e+00   2.382784e+02   3.624907e-05   2.479785e+01
2.570000e+01   -8.271373e+00   0.000000e+00   0.000000e+00   2.383418e+02   3.572699e-05   2.444719e+01
2.580000e+01   -7.112150e+00   0.000000e+00   0.000000e+00   2.384057e+02   3.521248e-05   2.410159e+01
2.590000e+01   -5.065830e+00   0.000000e+00   0.000000e+00   2.384695e+02   3.470554e-05   2.376096e+01
2.600000e+01   -2.827952e+00   0.000000e+00   0.000000e+00   2.385326e+02   3.420612e-05   2.342524e+01
2.610000e+01   -1.094053e+00   0.000000e+00   0.000000e+00   2.385944e+02   3.371422e-05   2.309435e+01
2.620000e+01   -4.977493e-01   0.000000e+00   0.000000e+00   2.386543e+02   3.322979e-05   2.276822e+01
2.630000e+01   -3.380771e-01   0.000000e+00   0.000000e+00   2.387116e+02   3.275280e-05   2.244679e+01
2.640000e+01   -2.118468e-01   0.000000e+00   0.000000e+00   2.387656e+02   3.228320e-05   2.212997e+01
2.650000e+01   -1.220708e-01   0.000000e+00   0.000000e+00   2.388159e+02   3.182097e-05   2.181770e+01
2.660000e+01   -7.180609e-02   0.000000e+00   0.000000e+00   2.388619e+02   3.136601e-05   2.150991e+01
2.670000e+01   -9.225125e-02   0.000000e+00   0.000000e+00   2.389042e+02   3.091814e-05   2.120653e+01
2.680000e+01   -7.689395e-01   0.000000e+00   0.000000e+00   2.389440e+02   3.047710e-05   2.090750e+01
2.690000e+01   -2.007196e+00   0.000000e+00   0.000000e+00   2.389823e+02   3.004265e-05   2.061277e+01
2.700000e+01   -3.368592e+00   0.000000e+00   0.000000e+00   2.390202e+02   2.961455e-05   2.032227e+01
2.710000e+01   -4.414699e+00   0.000000e+00   0.000000e+00   2.390589e+02   2.919258e-05   2.003594e+01
2.720000e+01   -4.728168e+00   0.000000e+00   0.000000e+00   2.390994e+02   2.877651e-05   1.975372e+01
2.730000e+01   -4.679267e+00   0.000000e+00   0.000000e+00   2.391428e+02   2.836614e-05   1.947556e+01
2.740000e+01   -4.587765e+00   0.000000e+00   0.000000e+00   2.391902e+02   2.796126e-05   1.920138e+01
2.750000e+01   -4.486425e+00   0.000000e+00   0.000000e+00   2.392428e+02   2.756168e-05   1.893114e+01
2.760000e+01   -4.408010e+00   0.000000e+00   0.000000e+00   2.393015e+02   2.716720e-05   1.866477e+01
2.770000e+01   -4.394523e+00   0.000000e+00   0.000000e+00   2.393675e+02   2.677764e-05   1.840221e+01
2.780000e+01   -4.827350e+00   0.000000e+00   0.000000e+00   2.394420e+02   2.639282e-05   1.814339e+01
2.790000e+01   -5.672441e+00   0.000000e+00   0.000000e+00   2.395257e+02   2.601261e-05   1.788827e+01
2.800000e+01   -6.625248e+00   0.000000e+00   0.000000e+00   2.396181e+02   2.563702e-05   1.763679e+01
2.810000e+01   -7.381044e+00   0.000000e+00   0.000000e+00   2.397185e+02   2.526611e-05   1.738891e+01
2.820000e+01   -7.640882e+00   0.000000e+00   0.000000e+00   2.398260e+02   2.489993e-05   1.714458e+01
2.830000e+01   -7.569810e+00   0.000000e+00   0.000000e+00   2.399397e+02   2.453853e-05   1.690375e+01
2.840000e+01   -7.391223e+00   0.000000e+00   0.000000e+00   2.400588e+02   2.418195e-05   1.666638e+01
2.850000e+01   -7.124919e+00   0.000000e+00   0.000000e+00   2.401824e+02   2.383022e-05   1.643242e+01
2.860000e+01   -6.790691e+00   0.000000e+00   0.000000e+00   2.403097e+02   2.348337e-05   1.620183e+01
2.870000e+01   -6.403838e+00   0.000000e+00   0.000000e+00   2.404397e+02   2.314143e-05   1.597456e+01
2.880000e+01   -5.528105e+00   0.000000e+00   0.000000e+00   2.405718e+02   2.280441e-05   1.575056e+01
2.890000e+01   -4.139896e+00   0.000000e+00   0.000000e+00   2.407049e+02   2.247233e-05   1.552979e+01
2.900000e+01   -2.630147e+00   0.000000e+00   0.000000e+00   2.408383e+02   2.214520e-05   1.531220e+01
2.910000e+01   -1.389794e+00   0.000000e+00   0.000000e+00   2.409711e+02   2.182301e-05   1.509774e+01
2.920000e+01   -8.076054e-01   0.000000e+00   0.000000e+00   2.411025e+02   2.150577e-05   1.488638e+01
2.930000e+01   -6.311934e-01   0.000000e+00   0.000000e+00   2.412322e+02   2.119342e-05   1.467806e+01
2.940000e+01   -4.787178e-01   0.000000e+00   0.000000e+00   2.413602e+02   2.088589e-05   1.447275e+01
2.950000e+01   -3.539014e-01   0.000000e+00   0.000000e+00   2.414863e+02   2.058313e-05   1.427041e+01
2.960000e+01   -2.604670e-01   0.000000e+00   0.000000e+00   2.416106e+02   2.028506e-05   1.407099e+01
2.970000e+01   -2.023892e-01   -0.000000e+00   -0.000000e+00   2.417328e+02   1.999161e-05   1.387445e+01
2.980000e+01   -3.995243e-01   -0.000000e+00   -0.000000e+00   2.418531e+02   1.970272e-05   1.368076e+01
2.990000e+01   -9.481333e-01   -0.000000e+00   -0.000000e+00   2.419712e+02   1.941832e-05   1.348987e+01
3.000000e+01   -1.710668e+00   -0.000000e+00   -0.000000e+00   2.420872e+02   1.913834e-05   1.330174e+01
3.010000e+01   -2.549580e+00   -0.000000e+00   -0.000000e+00   2.422010e+02   1.886271e-05   1.311633e+01
3.020000e+01   -3.327320e+00   -0.000000e+00   -0.000000e+00   2.423125e+02   1.859137e-05   1.293361e+01
3.030000e+01   -4.201259e+00   -0.000000e+00   -0.000000e+00   2.424216e+02   1.832426e-05   1.275352e+01
3.040000e+01   -5.270532e+00   -0.000000e+00   -0.000000e+00   2.425283e+02   1.806129e-05   1.257603e+01
3.050000e+01   -6.310238e+00   -0.000000e+00   -0.000000e+00   2.426325e+02   1.780241e-05   1.240110e+01
3.060000e+01   -7.095233e+00   -0.000000e+00   -0.000000e+00   2.427344e+02   1.754753e-05   1.222868e+01
3.070000e+01   -7.400004e+00   -0.000000e+00   -0.000000e+00   2.428345e+02   1.729656e-05   1.205875e+01
3.080000e+01   -7.251309e+00   -0.000000e+00   -0.000000e+00   2.429333e+02   1.704939e-05   1.189127e+01
3.090000e+01   -6.908338e+00   -0.000000e+00   -0.000000e+00   2.430315e+02   1.680594e-05   1.172621e+01
3.100000e+01   -6.451907e+00   -0.000000e+00   -0.000000e+00   2.431294e+02   1.656611e-05   1.156353e+01
3.110000e+01   -5.962587e+00   -0.000000e+00   -0.000000e+00   2.432277e+02   1.632982e-05   1.140320e+01
3.120000e+01   -5.520950e+00   -0.000000e+00   -0.000000e+00   2.433270e+02   1.609696e-05   1.124518e+01
3.130000e+01   -5.145944e+00   -0.000000e+00   -0.000000e+00   2.434277e+02   1.586746e-05   1.108944e+01
3.140000e+01   -4.779653e+00   -0.000000e+00   -0.000000e+00   2.435304e+02   1.564123e-05   1.093595e+01
3.150000e+01   -4.407786e+00   -0.000000e+00   -0.000000e+00   2.436357e+02   1.541819e-05   1.078466e+01
3.160000e+01   -4.016298e+00   -0.000000e+00   -0.000000e+00   2.437441e+02   1.519826e-05   1.063556e+01
3.170000e+01   -3.591144e+00   -0.000000e+00   -0.000000e+00   2.438562e+02   1.498136e-05   1.048859e+01
3.180000e+01   -3.040652e+00   -0.000000e+00   -0.000000e+00   2.439724e+02   1.476742e-05   1.034374e+01
3.190000e+01   -2.336479e+00   -0.000000e+00   -0.000000e+00   2.440933e+02   1.455636e-05   1.020096e+01
3.200000e+01   -1.627782e+00   -0.000000e+00   -0.000000e+00   2.442192e+02   1.434814e-05   1.006022e+01
3.210000e+01   -1.065144e+00   -0.000000e+00   -0.000000e+00   2.443497e+02   1.414273e-05   9.921504e+00
3.220000e+01   -7.991575e-01   -0.000000e+00   -0.000000e+00   2.444848e+02   1.394013e-05   9.784777e+00
3.230000e+01   -1.118190e+00   -0.000000e+00   -0.000000e+00   2.446243e+02   1.374029e-05   9.650015e+00
3.240000e+01   -2.083396e+00   -0.000000e+00   -0.000000e+00   2.447682e+02   1.354321e-05   9.517191e+00
3.250000e+01   -3.307372e+00   -0.000000e+00   -0.000000e+00   2.449161e+02   1.334884e-05   9.386278e+00
3.260000e+01   -4.397844e+00   -0.000000e+00   -0.000000e+00   2.450680e+02   1.315718e-05   9.257249e+00
3.270000e+01   -4.962539e+00   -0.000000e+00   -0.000000e+00   2.452238e+02   1.296820e-05   9.130078e+00
3.280000e+01   -4.858338e+00   -0.000000e+00   -0.000000e+00   2.453832e+02   1.278186e-05   9.004739e+00
3.290000e+01   -4.443804e+00   -0.000000e+00   -0.000000e+00   2.455462e+02   1.259814e-05   8.881204e+00
3.300000e+01   -3.856169e+00   -0.000000e+00   -0.000000e+00   2.457125e+02   1.241701e-05   8.759447e+00
3.310000e+01   -3.225115e+00   -0.000000e+00   -0.000000e+00   2.458821e+02   1.223845e-05   8.639442e+00
3.320000e+01   -2.680323e+00   -0.000000e+00   -0.000000e+00   2.460547e+02   1.206243e-05   8.521161e+00
3.330000e+01   -2.229604e+00   -0.000000e+00   -0.000000e+00   2.462303e+02   1.188891e-05   8.404578e+00
3.340000e+01   -1.729385e+00   -0.000000e+00   -0.000000e+00   2.464087e+02   1.171787e-05   8.289669e+00
3.350000e+01   -1.261273e+00   -0.000000e+00   -0.000000e+00   2.465901e+02   1.154927e-05   8.176412e+00
3.360000e+01   -9.141981e-01   -0.000000e+00   -0.000000e+00   2.467745e+02   1.138309e-05   8.064785e+00
3.370000e+01   -7.770911e-01   -0.000000e+00   -0.000000e+00   2.469620e+02   1.121928e-05   7.954767e+00
3.380000e+01   -9.009958e-01   -0.000000e+00   -0.000000e+00   2.471526e+02   1.105782e-05   7.846337e+00
3.390000e+01   -1.198536e+00   -0.000000e+00   -0.000000e+00   2.473464e+02   1.089867e-05   7.739472e+00
3.400000e+01   -1.585992e+00   -0.000000e+00   -0.000000e+00   2.475434e+02   1.074180e-05   7.634150e+00
3.410000e+01   -1.981607e+00   -0.000000e+00   -0.000000e+00   2.477437e+02   1.058718e-05   7.530352e+00
3.420000e+01   -2.303622e+00   -0.000000e+00   -0.000000e+00   2.479474e+02   1.043477e-05   7.428054e+00
3.430000e+01   -2.509499e+00   -0.000000e+00   -0.000000e+00   2.481546e+02   1.028455e-05   7.327235e+00
3.440000e+01   -2.672130e+00   -0.000000e+00   -0.000000e+00   2.483652e+02   1.013648e-05   7.227874e+00
3.450000e+01   -2.819932e+00   -0.000000e+00   -0.000000e+00   2.485795e+02   9.990536e-06   7.129949e+00
3.460000e+01   -2.977395e+00   -0.000000e+00   -0.000000e+00   2.487973e+02   9.846676e-06   7.033438e+00
3.470000e+01   -3.169009e+00   -0.000000e+00   -0.000000e+00   2.490188e+02   9.704871e-06   6.938320e+00
3.480000e+01   -3.520975e+00   -0.000000e+00   -0.000000e+00   2.492441e+02   9.565092e-06   6.844573e+00
3.490000e+01   -4.230744e+00   -0.000000e+00   -0.000000e+00   2.494732e+02   9.427306e-06   6.752179e+00
3.500000e+01   -5.092417e+00   -0.000000e+00   -0.000000e+00   2.497064e+02   9.291486e-06   6.661119e+00
3.510000e+01   -5.877622e+00   -0.000000e+00   -0.000000e+00   2.499436e+02   9.157601e-06   6.571374e+00
3.520000e+01   -6.357986e+00   -0.000000e+00   -0.000000e+00   2.501852e+02   9.025623e-06   6.482927e+00
3.530000e+01   -6.356885e+00   -0.000000e+00   -0.000000e+00   2.504311e+02   8.895523e-06   6.395759e+00
3.540000e+01   -6.004801e+00   -0.000000e+00   -0.000000e+00   2.506815e+02   8.767273e-06   6.309853e+00
3.550000e+01   -5.490508e+00   -0.000000e+00   -0.000000e+00   2.509366e+02   8.640844e-06   6.225189e+00
3.560000e+01   -4.997470e+00   -0.000000e+00   -0.000000e+00   2.511965e+02   8.516207e-06   6.141750e+00
3.570000e+01   -4.709150e+00   -0.000000e+00   -0.000000e+00   2.514613e+02   8.393335e-06   6.059518e+00
3.580000e+01   -4.806440e+00   -0.000000e+00   -0.000000e+00   2.517311e+02   8.272199e-06   5.978473e+00
3.590000e+01   -5.287279e+00   -0.000000e+00   -0.000000e+00   2.520062e+02   8.152773e-06   5.898599e+00
3.600000e+01   -5.946989e+00   -0.000000e+00   -0.000000e+00   2.522865e+02   8.035028e-06   5.819876e+00
3.610000e+01   -6.572877e+00   -0.000000e+00   -0.000000e+00   2.525722e+02   7.918937e-06   5.742287e+00
3.620000e+01   -6.952250e+00   -0.000000e+00   -0.000000e+00   2.528636e+02   7.804472e-06   5.665812e+00
3.630000e+01   -6.935695e+00   -0.000000e+00   -0.000000e+00   2.531606e+02   7.691608e-06   5.590436e+00
3.640000e+01   -6.691462e+00   -0.000000e+00   -0.000000e+00   2.534632e+02   7.580328e-06   5.516139e+00
3.650000e+01   -6.310530e+00   -0.000000e+00   -0.000000e+00   2.537709e+02   7.470624e-06   5.442909e+00
3.660000e+01   -5.863303e+00   -0.000000e+00   -0.000000e+00   2.540834e+02   7.362489e-06   5.370730e+00
3.670000e+01   -5.420185e+00   -0.000000e+00   -0.000000e+00   2.544003e+02   7.255913e-06   5.299587e+00
3.680000e+01   -5.032211e+00   -0.000000e+00   -0.000000e+00   2.547212e+02   7.150887e-06   5.229466e+00
3.690000e+01   -4.648406e+00   -0.000000e+00   -0.000000e+00   2.550456e+02   7.047401e-06   5.160351e+00
3.700000e+01   -4.253392e+00   -0.000000e+00   -0.000000e+00   2.553734e+02   6.945443e-06   5.092228e+00
3.710000e+01   -3.840710e+00   -0.000000e+00   -0.000000e+00   2.557039e+02   6.845001e-06   5.025083e+00
3.720000e+01   -3.403903e+00   -0.000000e+00   -0.000000e+00   2.560369e+02   6.746064e-06   4.958900e+00
3.730000e+01   -2.913906e+00   -0.000000e+00   -0.000000e+00   2.563719e+02   6.648618e-06   4.893665e+00
3.740000e+01   -2.291626e+00   -0.000000e+00   -0.000000e+00   2.567087e+02   6.552649e-06   4.829362e+00
3.750000e+01   -1.627393e+00   -0.000000e+00   -0.000000e+00   2.570467e+02   6.458143e-06   4.765977e+00
3.760000e+01   -1.033145e+00   -0.000000e+00   -0.000000e+00   2.573856e+02   6.365085e-06   4.703496e+00
3.770000e+01   -6.208181e-01   -0.000000e+00   -0.000000e+00   2.577250e+02   6.273461e-06   4.641903e+00
3.780000e+01   -5.907046e-01   -0.000000e+00   -0.000000e+00   2.580645e+02   6.183254e-06   4.581184e+00
3.790000e+01   -1.370900e+00   -0.000000e+00   -0.000000e+00   2.584038e+02   6.094448e-06   4.521324e+00
3.800000e+01   -2.615146e+00   -0.000000e+00   -0.000000e+00   2.587427e+02   6.007022e-06   4.462310e+00
3.810000e+01   -3.865256e+00   -0.000000e+00   -0.000000e+00   2.590813e+02   5.920956e-06   4.404132e+00
3.820000e+01   -4.663046e+00   -0.000000e+00   -0.000000e+00   2.594197e+02   5.836226e-06   4.346777e+00
3.830000e+01   -4.670534e+00   -0.000000e+00   -0.000000e+00   2.597578e+02   5.752811e-06   4.290235e+00
3.840000e+01   -4.439540e+00   -0.000000e+00   -0.000000e+00   2.600958e+02   5.670690e-06   4.234495e+00
3.850000e+01   -4.155992e+00   -0.000000e+00   -0.000000e+00   2.604336e+02   5.589842e-06   4.179545e+00
3.860000e+01   -3.873063e+00   -0.000000e+00   -0.000000e+00   2.607714e+02   5.510245e-06   4.125373e+00
3.870000e+01   -3.643927e+00   -0.000000e+00   -0.000000e+00   2.611092e+02   5.431879e-06   4.071970e+00
3.880000e+01   -3.538357e+00   -0.000000e+00   -0.000000e+00   2.614469e+02   5.354722e-06   4.019322e+00
3.890000e+01   -3.693720e+00   -0.000000e+00   -0.000000e+00   2.617848e+02   5.278754e-06   3.967420e+00
3.900000e+01   -4.059951e+00   -0.000000e+00   -0.000000e+00   2.621228e+02   5.203955e-06   3.916252e+00
3.910000e+01   -4.551158e+00   -0.000000e+00   -0.000000e+00   2.624609e+02   5.130304e-06   3.865806e+00
3.920000e+01   -5.081451e+00   -0.000000e+00   -0.000000e+00   2.627993e+02   5.057782e-06   3.816072e+00
3.930000e+01   -5.603220e+00   -0.000000e+00   -0.000000e+00   2.631379e+02   4.986367e-06   3.767038e+00
3.940000e+01   -6.349027e+00   -0.000000e+00   -0.000000e+00   2.634768e+02   4.916041e-06   3.718692e+00
3.950000e+01   -7.216516e+00   -0.000000e+00   -0.000000e+00   2.638161e+02   4.846784e-06   3.671025e+00
3.960000e+01   -8.010327e+00   -0.000000e+00   -0.000000e+00   2.641557e+02   4.778577e-06   3.624023e+00
3.970000e+01   -8.534191e+00   -0.000000e+00   -0.000000e+00   2.644954e+02   4.711410e-06   3.577679e+00
3.980000e+01   -8.475207e+00   -0.000000e+00   -0.000000e+00   2.648350e+02   4.645269e-06   3.531983e+00
3.990000e+01   -6.732853e+00   -0.000000e+00   -0.000000e+00   2.651740e+02   4.580145e-06   3.486924e+00
4.000000e+01   -3.856125e+00   -0.000000e+00   -0.000000e+00   2.655123e+02   4.516024e-06   3.442494e+00
4.010000e+01   -8.198072e-01   -0.000000e+00   -0.000000e+00   2.658495e+02   4.452895e-06   3.398682e+00
4.020000e+01   1.401314e+00   -0.000000e+00   -0.000000e+00   2.661854e+02   4.390745e-06   3.355480e+00
4.030000e+01   1.972211e+00   -0.000000e+00   -0.000000e+00   2.665196e+02   4.329561e-06   3.312878e+00
4.040000e+01   2.023636e+00   -0.000000e+00   -0.000000e+00   2.668520e+02   4.269333e-06   3.270866e+00
4.050000e+01   2.041962e+00   -0.000000e+00   -0.000000e+00   2.671822e+02   4.210045e-06   3.229435e+00
4.060000e+01   2.026701e+00   -0.000000e+00   -0.000000e+00   2.675099e+02   4.151686e-06   3.188576e+00
4.070000e+01   1.977361e+00   -0.000000e+00   -0.000000e+00   2.678348e+02   4.094243e-06   3.148278e+00
4.080000e+01   1.805677e+00   -0.000000e+00   -0.000000e+00   2.681568e+02   4.037702e-06   3.108532e+00
4.090000e+01   3.569541e-01   -0.000000e+00   -0.000000e+00   2.684754e+02   3.982050e-06   3.069329e+00
4.100000e+01   -2.094989e+00   -0.000000e+00   -0.000000e+00   2.687903e+02   3.927273e-06   3.030659e+00
4.110000e+01   -4.731548e+00   -0.000000e+00   -0.000000e+00   2.691014e+02   3.873359e-06   2.992513e+00
4.120000e+01   -6.734116e+00   -0.000000e+00   -0.000000e+00   2.694084e+02   3.820293e-06   2.954881e+00
4.130000e+01   -7.335872e+00   -0.000000e+00   -0.000000e+00   2.697109e+02   3.768061e-06   2.917754e+00
4.140000e+01   -7.007773e+00   -0.000000e+00   -0.000000e+00   2.700092e+02   3.716646e-06   2.881125e+00
4.150000e+01   -6.263381e+00   -0.000000e+00   -0.000000e+00   2.703037e+02   3.666030e-06   2.844987e+00
4.160000e+01   -5.317086e+00   -0.000000e+00   -0.000000e+00   2.705947e+02   3.616194e-06   2.809334e+00
4.170000e+01   -4.383278e+00   -0.000000e+00   -0.000000e+00   2.708826e+02   3.567121e-06   2.774159e+00
4.180000e+01   -3.659232e+00   -0.000000e+00   -0.000000e+00   2.711677e+02   3.518795e-06   2.739456e+00
4.190000e+01   -2.917137e+00   -0.000000e+00   -0.000000e+00   2.714504e+02   3.471198e-06   2.705218e+00
4.200000e+01   -2.131913e+00   -0.000000e+00   -0.000000e+00   2.717312e+02   3.424313e-06   2.671439e+00
4.210000e+01   -1.457310e+00   -0.000000e+00   -0.000000e+00   2.720102e+02   3.378126e-06   2.638113e+00
4.220000e+01   -1.047077e+00   -0.000000e+00   -0.000000e+00   2.722880e+02   3.332619e-06   2.605233e+00
4.230000e+01   -1.056905e+00   -0.000000e+00   -0.000000e+00   2.725648e+02   3.287779e-06   2.572792e+00
4.240000e+01   -1.604008e+00   -0.000000e+00   -0.000000e+00   2.728411e+02   3.243589e-06   2.540785e+00
4.250000e+01   -2.498731e+00   -0.000000e+00   -0.000000e+00   2.731171e+02   3.200035e-06   2.509204e+00
4.260000e+01   -3.475640e+00   -0.000000e+00   -0.000000e+00   2.733933e+02   3.157103e-06   2.478044e+00
4.270000e+01   -4.269302e+00   -0.000000e+00   -0.000000e+00   2.736701e+02   3.114778e-06   2.447297e+00
4.280000e+01   -4.621996e+00   -0.000000e+00   -0.000000e+00   2.739477e+02   3.073047e-06   2.416958e+00
4.290000e+01   -4.689261e+00   -0.000000e+00   -0.000000e+00   2.742266e+02   3.031896e-06   2.387020e+00
4.300000e+01   -4.656692e+00   -0.000000e+00   -0.000000e+00   2.745071e+02   2.991311e-06   2.357477e+00
4.310000e+01   -4.550942e+00   -0.000000e+00   -0.000000e+00   2.747894e+02   2.951281e-06   2.328322e+00
4.320000e+01   -4.398966e+00   -0.000000e+00   -0.000000e+00   2.750732e+02   2.911804e-06   2.299549e+00
4.330000e+01   -4.224300e+00   -0.000000e+00   -0.000000e+00   2.753577e+02   2.872879e-06   2.271155e+00
4.340000e+01   -3.841551e+00   -0.000000e+00   -0.000000e+00   2.756421e+02   2.834507e-06   2.243135e+00
4.350000e+01   -3.262263e+00   -0.000000e+00   -0.000000e+00   2.759258e+02   2.796688e-06   2.215484e+00
4.360000e+01   -2.666824e+00   -0.000000e+00   -0.000000e+00   2.762079e+02   2.759421e-06   2.188197e+00
4.370000e+01   -2.235625e+00   -0.000000e+00   -0.000000e+00   2.764878e+02   2.722706e-06   2.161270e+00
4.380000e+01   -2.146555e+00   -0.000000e+00   -0.000000e+00   2.767646e+02   2.686541e-06   2.134697e+00
4.390000e+01   -2.247272e+00   -0.000000e+00   -0.000000e+00   2.770378e+02   2.650924e-06   2.108475e+00
4.400000e+01   -2.353322e+00   -0.000000e+00   -0.000000e+00   2.773064e+02   2.615853e-06   2.082599e+00
4.410000e+01   -2.457309e+00   -0.000000e+00   -0.000000e+00   2.775699e+02   2.581326e-06   2.057063e+00
4.420000e+01   -2.551835e+00   -0.000000e+00   -0.000000e+00   2.778274e+02   2.547341e-06   2.031863e+00
4.430000e+01   -2.629531e+00   -0.000000e+00   -0.000000e+00   2.780782e+02   2.513894e-06   2.006995e+00
4.440000e+01   -2.691808e+00   -0.000000e+00   -0.000000e+00   2.783216e+02   2.480982e-06   1.982453e+00
4.450000e+01   -2.744508e+00   -0.000000e+00   -0.000000e+00   2.785569e+02   2.448602e-06   1.958233e+00
4.460000e+01   -2.789292e+00   -0.000000e+00   -0.000000e+00   2.787832e+02   2.416751e-06   1.934331e+00
4.470000e+01   -2.827825e+00   -0.000000e+00   -0.000000e+00   2.789999e+02   2.385423e-06   1.910742e+00
4.480000e+01   -2.862077e+00   -0.000000e+00   -0.000000e+00   2.792063e+02   2.354616e-06   1.887460e+00
4.490000e+01   -3.160054e+00   -0.000000e+00   -0.000000e+00   2.794015e+02   2.324325e-06   1.864481e+00
4.500000e+01   -3.852762e+00   -0.000000e+00   -0.000000e+00   2.795852e+02   2.294543e-06   1.841802e+00
4.510000e+01   -4.790399e+00   -0.000000e+00   -0.000000e+00   2.797576e+02   2.265259e-06   1.819416e+00
4.520000e+01   -5.823233e+00   -0.000000e+00   -0.000000e+00   2.799192e+02   2.236458e-06   1.797322e+00
4.530000e+01   -6.801533e+00   -0.000000e+00   -0.000000e+00   2.800702e+02   2.208130e-06   1.775514e+00
4.540000e+01   -7.944767e+00   -0.000000e+00   -0.000000e+00   2.802112e+02   2.180262e-06   1.753988e+00
4.550000e+01   -9.367480e+00   -0.000000e+00   -0.000000e+00   2.803424e+02   2.152843e-06   1.732740e+00
4.560000e+01   -1.076256e+01   -0.000000e+00   -0.000000e+00   2.804644e+02   2.125860e-06   1.711767e+00
4.570000e+01   -1.182288e+01   -0.000000e+00   -0.000000e+00   2.805775e+02   2.099302e-06   1.691064e+00
4.580000e+01   -1.224134e+01   -0.000000e+00   -0.000000e+00   2.806821e+02   2.073159e-06   1.670628e+00
4.590000e+01   -1.213816e+01   -0.000000e+00   -0.000000e+00   2.807785e+02   2.047420e-06   1.650453e+00
4.600000e+01   -1.193263e+01   -0.000000e+00   -0.000000e+00   2.808673e+02   2.022074e-06   1.630536e+00
4.610000e+01   -1.168972e+01   -0.000000e+00   -0.000000e+00   2.809487e+02   1.997110e-06   1.610874e+00
4.620000e+01   -1.147398e+01   -0.000000e+00   -0.000000e+00   2.810232e+02   1.972520e-06   1.591461e+00
4.630000e+01   -1.134995e+01   -0.000000e+00   -0.000000e+00   2.810912e+02   1.948292e-06   1.572294e+00
4.640000e+01   -1.146482e+01   -0.000000e+00   -0.000000e+00   2.811531e+02   1.924418e-06   1.553369e+00
4.650000e+01   -1.184518e+01   -0.000000e+00   -0.000000e+00   2.812092e+02   1.900887e-06   1.534681e+00
4.660000e+01   -1.232409e+01   -0.000000e+00   -0.000000e+00   2.812600e+02   1.877691e-06   1.516228e+00
4.670000e+01   -1.273401e+01   -0.000000e+00   -0.000000e+00   2.813059e+02   1.854820e-06   1.498004e+00
4.680000e+01   -1.290739e+01   -0.000000e+00   -0.000000e+00   2.813472e+02   1.832265e-06   1.480005e+00
4.690000e+01   -1.281647e+01   -0.000000e+00   -0.000000e+00   2.813844e+02   1.810018e-06   1.462228e+00
4.700000e+01   -1.260662e+01   -0.000000e+00   -0.000000e+00   2.814176e+02   1.788072e-06   1.444670e+00
4.710000e+01   -1.229330e+01   -0.000000e+00   -0.000000e+00   2.814471e+02   1.766422e-06   1.427328e+00
4.720000e+01   -1.189054e+01   -0.000000e+00   -0.000000e+00   2.814730e+02   1.745063e-06   1.410198e+00
4.730000e+01   -1.141237e+01   -0.000000e+00   -0.000000e+00   2.814956e+02   1.723989e-06   1.393280e+00
4.740000e+01   -1.016478e+01   -0.000000e+00   -0.000000e+00   2.815149e+02   1.703195e-06   1.376569e+00
4.750000e+01   -7.519543e+00   -0.000000e+00   -0.000000e+00   2.815311e+02   1.682676e-06   1.360064e+00
4.760000e+01   -4.363720e+00   -0.000000e+00   -0.000000e+00   2.815445e+02   1.662427e-06   1.343761e+00
4.770000e+01   -1.603762e+00   -0.000000e+00   -0.000000e+00   2.815551e+02   1.642444e-06   1.327658e+00
4.780000e+01   -1.461227e-01   -0.000000e+00   -0.000000e+00   2.815632e+02   1.622721e-06   1.311753e+00
4.790000e+01   -6.745822e-03   -0.000000e+00   -0.000000e+00   2.815690e+02   1.603253e-06   1.296043e+00
4.800000e+01   6.593128e-02   -0.000000e+00   -0.000000e+00   2.815725e+02   1.584036e-06   1.280524e+00
4.810000e+01   1.241073e-01   -0.000000e+00   -0.000000e+00   2.815740e+02   1.565066e-06   1.265195e+00
4.820000e+01   1.886535e-01   -0.000000e+00   -0.000000e+00   2.815737e+02   1.546336e-06   1.250053e+00
4.830000e+01   2.804413e-01   -0.000000e+00   -0.000000e+00   2.815717e+02   1.527844e-06   1.235095e+00
4.840000e+01   6.246951e-01   -0.000000e+00   -0.000000e+00   2.815682e+02   1.509584e-06   1.220319e+00
4.850000e+01   1.481491e+00   -0.000000e+00   -0.000000e+00   2.815634e+02   1.491552e-06   1.205721e+00
4.860000e+01   2.549181e+00   -0.000000e+00   -0.000000e+00   2.815574e+02   1.473743e-06   1.191300e+00
4.870000e+01   3.511095e+00   -0.000000e+00   -0.000000e+00   2.815504e+02   1.456154e-06   1.177052e+00
4.880000e+01   4.050561e+00   -0.000000e+00   -0.000000e+00   2.815426e+02   1.438780e-06   1.162976e+00
4.890000e+01   4.032507e+00   -0.000000e+00   -0.000000e+00   2.815341e+02   1.421616e-06   1.149068e+00
4.900000e+01   3.751926e+00   -0.000000e+00   -0.000000e+00   2.815250e+02   1.404660e-06   1.135326e+00
4.910000e+01   3.275048e+00   -0.000000e+00   -0.000000e+00   2.815150e+02   1.387910e-06   1.121748e+00
4.920000e+01   2.654633e+00   -0.000000e+00   -0.000000e+00   2.815043e+02   1.371364e-06   1.108333e+00
4.930000e+01   1.943440e+00   -0.000000e+00   -0.000000e+00   2.814926e+02   1.355020e-06   1.095078e+00
4.940000e+01   9.898418e-01   -0.000000e+00   -0.000000e+00   2.814799e+02   1.338875e-06   1.081981e+00
4.950000e+01   -5.808621e-01   -0.000000e+00   -0.000000e+00   2.814661e+02   1.322927e-06   1.069041e+00
4.960000e+01   -2.543138e+00   -0.000000e+00   -0.000000e+00   2.814510e+02   1.307175e-06   1.056255e+00
4.970000e+01   -4.642029e+00   -0.000000e+00   -0.000000e+00   2.814348e+02   1.291615e-06   1.043622e+00
4.980000e+01   -6.622579e+00   -0.000000e+00   -0.000000e+00   2.814171e+02   1.276247e-06   1.031140e+00
4.990000e+01   -8.473389e+00   -0.000000e+00   -0.000000e+00   2.813980e+02   1.261067e-06   1.018806e+00
5.000000e+01   -1.059975e+01   -0.000000e+00   -0.000000e+00   2.813773e+02   1.246073e-06   1.006619e+00
5.010000e+01   -1.269822e+01   -0.000000e+00   -0.000000e+00   2.813550e+02   1.231263e-06   9.945761e-01
5.020000e+01   -1.441924e+01   -0.000000e+00   -0.000000e+00   2.813310e+02   1.216636e-06   9.826764e-01
5.030000e+01   -1.541322e+01   -0.000000e+00   -0.000000e+00   2.813052e+02   1.202187e-06   9.709175e-01
5.040000e+01   -1.560620e+01   -0.000000e+00   -0.000000e+00   2.812775e+02   1.187916e-06   9.592974e-01
5.050000e+01   -1.570508e+01   -0.000000e+00   -0.000000e+00   2.812479e+02   1.173820e-06   9.478142e-01
5.060000e+01   -1.576997e+01   -0.000000e+00   -0.000000e+00   2.812162e+02   1.159897e-06   9.364660e-01
5.070000e+01   -1.579849e+01   -0.000000e+00   -0.000000e+00   2.811823e+02   1.146144e-06   9.252507e-01
5.080000e+01   -1.578827e+01   -0.000000e+00   -0.000000e+00   2.811462e+02   1.132559e-06   9.141664e-01
5.090000e+01   -1.555038e+01   -0.000000e+00   -0.000000e+00   2.811078e+02   1.119139e-06   9.032112e-01
5.100000e+01   -1.454649e+01   -0.000000e+00   -0.000000e+00   2.810668e+02   1.105884e-06   8.923834e-01
5.110000e+01   -1.303070e+01   -0.000000e+00   -0.000000e+00   2.810231e+02   1.092792e-06   8.816815e-01
5.120000e+01   -1.132695e+01   -0.000000e+00   -0.000000e+00   2.809761e+02   1.079862e-06   8.711041e-01
5.130000e+01   -9.759156e+00   -0.000000e+00   -0.000000e+00   2.809257e+02   1.067094e-06   8.606500e-01
5.140000e+01   -8.532860e+00   -0.000000e+00   -0.000000e+00   2.808714e+02   1.054487e-06   8.503176e-01
5.150000e+01   -7.359189e+00   -0.000000e+00   -0.000000e+00   2.808129e+02   1.042040e-06   8.401057e-01
5.160000e+01   -6.221996e+00   -0.000000e+00   -0.000000e+00   2.807499e+02   1.029752e-06   8.300128e-01
5.170000e+01   -5.149882e+00   -0.000000e+00   -0.000000e+00   2.806821e+02   1.017623e-06   8.200376e-01
5.180000e+01   -4.171450e+00   -0.000000e+00   -0.000000e+00   2.806090e+02   1.005650e-06   8.101787e-01
5.190000e+01   -3.270689e+00   -0.000000e+00   -0.000000e+00   2.805305e+02   9.938333e-07   8.004347e-01
5.200000e+01   -2.311093e+00   -0.000000e+00   -0.000000e+00   2.804460e+02   9.821715e-07   7.908043e-01
5.210000e+01   -1.394744e+00   -0.000000e+00   -0.000000e+00   2.803554e+02   9.706636e-07   7.812860e-01
5.220000e+01   -6.530289e-01   -0.000000e+00   -0.000000e+00   2.802582e+02   9.593082e-07   7.718784e-01
5.230000e+01   -2.173359e-01   -0.000000e+00   -0.000000e+00   2.801542e+02   9.481043e-07   7.625803e-01
5.240000e+01   -1.816596e-01   -0.000000e+00   -0.000000e+00   2.800429e+02   9.370505e-07   7.533902e-01
5.250000e+01   -3.858197e-01   -0.000000e+00   -0.000000e+00   2.799241e+02   9.261456e-07   7.443067e-01
5.260000e+01   -6.997405e-01   -0.000000e+00   -0.000000e+00   2.797974e+02   9.153882e-07   7.353285e-01
5.270000e+01   -1.013206e+00   -0.000000e+00   -0.000000e+00   2.796625e+02   9.047771e-07   7.264542e-01
5.280000e+01   -1.215999e+00   -0.000000e+00   -0.000000e+00   2.795191e+02   8.943108e-07   7.176824e-01
5.290000e+01   -1.230172e+00   -0.000000e+00   -0.000000e+00   2.793667e+02   8.839880e-07   7.090117e-01
5.300000e+01   -1.183792e+00   -0.000000e+00   -0.000000e+00   2.792052e+02   8.738072e-07   7.004408e-01
5.310000e+01   -1.113146e+00   -0.000000e+00   -0.000000e+00   2.790345e+02   8.637658e-07   6.919685e-01
5.320000e+01   -1.027269e+00   -0.000000e+00   -0.000000e+00   2.788551e+02   8.538608e-07   6.835938e-01
5.330000e+01   -9.351916e-01   -0.000000e+00   -0.000000e+00   2.786674e+02   8.440891e-07   6.753155e-01
5.340000e+01   -8.408161e-01   -0.000000e+00   -0.000000e+00   2.784716e+02   8.344476e-07   6.671328e-01
5.350000e+01   -7.193436e-01   -0.000000e+00   -0.000000e+00   2.782682e+02   8.249334e-07   6.590445e-01
5.360000e+01   -5.770180e-01   -0.000000e+00   -0.000000e+00   2.780575e+02   8.155437e-07   6.510497e-01
5.370000e+01   -4.269835e-01   -0.000000e+00   -0.000000e+00   2.778399e+02   8.062756e-07   6.431473e-01
5.380000e+01   -2.823838e-01   -0.000000e+00   -0.000000e+00   2.776157e+02   7.971263e-07   6.353362e-01
5.390000e+01   -1.535917e-01   -0.000000e+00   -0.000000e+00   2.773855e+02   7.880932e-07   6.276155e-01
5.400000e+01   -2.853377e-02   -0.000000e+00   -0.000000e+00   2.771494e+02   7.791737e-07   6.199840e-01
5.410000e+01   9.326239e-02   -0.000000e+00   -0.000000e+00   2.769078e+02   7.703650e-07   6.124409e-01
5.420000e+01   2.080321e-01   -0.000000e+00   -0.000000e+00   2.766613e+02   7.616648e-07   6.049849e-01
5.430000e+01   3.120106e-01   -0.000000e+00   -0.000000e+00   2.764100e+02   7.530704e-07   5.976152e-01
5.440000e+01   3.994290e-01   -0.000000e+00   -0.000000e+00   2.761544e+02   7.445795e-07   5.903306e-01
5.450000e+01   4.563458e-01   -0.000000e+00   -0.000000e+00   2.758948e+02   7.361896e-07   5.831302e-01
5.460000e+01   4.985538e-01   -0.000000e+00   -0.000000e+00   2.756316e+02   7.278984e-07   5.760129e-01
5.470000e+01   5.478919e-01   -0.000000e+00   -0.000000e+00   2.753653e+02   7.197037e-07   5.689777e-01
5.480000e+01   6.261989e-01   -0.000000e+00   -0.000000e+00   2.750960e+02   7.116030e-07   5.620235e-01
5.490000e+01   8.415855e-01   -0.000000e+00   -0.000000e+00   2.748243e+02   7.035942e-07   5.551493e-01
5.500000e+01   1.968419e+00   -0.000000e+00   -0.000000e+00   2.745505e+02   6.956752e-07   5.483540e-01
5.510000e+01   3.724801e+00   -0.000000e+00   -0.000000e+00   2.742749e+02   6.878437e-07   5.416368e-01
5.520000e+01   5.531322e+00   -0.000000e+00   -0.000000e+00   2.739976e+02   6.800985e-07   5.349965e-01
5.530000e+01   6.808614e+00   -0.000000e+00   -0.000000e+00   2.737188e+02   6.724384e-07   5.284324e-01
5.540000e+01   7.062144e+00   -0.000000e+00   -0.000000e+00   2.734383e+02   6.648625e-07   5.219436e-01
5.550000e+01   6.989224e+00   -0.000000e+00   -0.000000e+00   2.731563e+02   6.573698e-07   5.155293e-01
5.560000e+01   6.892995e+00   -0.000000e+00   -0.000000e+00   2.728727e+02   6.499592e-07   5.091885e-01
5.570000e+01   6.780709e+00   -0.000000e+00   -0.000000e+00   2.725876e+02   6.426297e-07   5.029204e-01
5.580000e+01   6.659618e+00   -0.000000e+00   -0.000000e+00   2.723009e+02   6.353803e-07   4.967241e-01
5.590000e+01   6.537064e+00   -0.000000e+00   -0.000000e+00   2.720128e+02   6.282099e-07   4.905988e-01
5.600000e+01   6.416184e+00   -0.000000e+00   -0.000000e+00   2.717231e+02   6.211177e-07   4.845435e-01
5.610000e+01   6.286649e+00   -0.000000e+00   -0.000000e+00   2.714319e+02   6.141025e-07   4.785575e-01
5.620000e+01   6.136032e+00   -0.000000e+00   -0.000000e+00   2.711393e+02   6.071633e-07   4.726399e-01
5.630000e+01   5.951903e+00   -0.000000e+00   -0.000000e+00   2.708452e+02   6.002992e-07   4.667898e-01
5.640000e+01   5.644608e+00   -0.000000e+00   -0.000000e+00   2.705497e+02   5.935091e-07   4.610063e-01
5.650000e+01   3.901806e+00   -0.000000e+00   -0.000000e+00   2.702528e+02   5.867919e-07   4.552885e-01
5.660000e+01   8.447067e-01   -0.000000e+00   -0.000000e+00   2.699545e+02   5.801468e-07   4.496357e-01
5.670000e+01   -2.750811e+00   -0.000000e+00   -0.000000e+00   2.696548e+02   5.735726e-07   4.440469e-01
5.680000e+01   -6.108868e+00   -0.000000e+00   -0.000000e+00   2.693537e+02   5.670683e-07   4.385213e-01
5.690000e+01   -8.491434e+00   -0.000000e+00   -0.000000e+00   2.690513e+02   5.606329e-07   4.330579e-01
5.700000e+01   -1.028097e+01   -0.000000e+00   -0.000000e+00   2.687475e+02   5.542655e-07   4.276560e-01
5.710000e+01   -1.187315e+01   -0.000000e+00   -0.000000e+00   2.684424e+02   5.479649e-07   4.223147e-01
5.720000e+01   -1.333782e+01   -0.000000e+00   -0.000000e+00   2.681360e+02   5.417303e-07   4.170331e-01
5.730000e+01   -1.474443e+01   -0.000000e+00   -0.000000e+00   2.678278e+02   5.355614e-07   4.118104e-01
5.740000e+01   -1.616831e+01   -0.000000e+00   -0.000000e+00   2.675174e+02   5.294590e-07   4.066462e-01
5.750000e+01   -1.780248e+01   -0.000000e+00   -0.000000e+00   2.672040e+02   5.234233e-07   4.015396e-01
5.760000e+01   -1.951847e+01   -0.000000e+00   -0.000000e+00   2.668871e+02   5.174548e-07   3.964901e-01
5.770000e+01   -2.105380e+01   -0.000000e+00   -0.000000e+00   2.665660e+02   5.115539e-07   3.914970e-01
5.780000e+01   -2.214600e+01   -0.000000e+00   -0.000000e+00   2.662401e+02   5.057208e-07   3.865597e-01
5.790000e+01   -2.254447e+01   -0.000000e+00   -0.000000e+00   2.659088e+02   4.999558e-07   3.816776e-01
5.800000e+01   -2.259556e+01   -0.000000e+00   -0.000000e+00   2.655715e+02   4.942592e-07   3.768500e-01
5.810000e+01   -2.257751e+01   -0.000000e+00   -0.000000e+00   2.652276e+02   4.886310e-07   3.720763e-01
5.820000e+01   -2.250359e+01   -0.000000e+00   -0.000000e+00   2.648764e+02   4.830715e-07   3.673559e-01
5.830000e+01   -2.238705e+01   -0.000000e+00   -0.000000e+00   2.645173e+02   4.775808e-07   3.626881e-01
5.840000e+01   -2.223968e+01   -0.000000e+00   -0.000000e+00   2.641497e+02   4.721588e-07   3.580722e-01
5.850000e+01   -2.197424e+01   -0.000000e+00   -0.000000e+00   2.637731e+02   4.668056e-07   3.535077e-01
5.860000e+01   -2.155038e+01   -0.000000e+00   -0.000000e+00   2.633867e+02   4.615212e-07   3.489939e-01
5.870000e+01   -2.099171e+01   -0.000000e+00   -0.000000e+00   2.629899e+02   4.563055e-07   3.445301e-01
5.880000e+01   -2.032183e+01   -0.000000e+00   -0.000000e+00   2.625822e+02   4.511585e-07   3.401158e-01
5.890000e+01   -1.956207e+01   -0.000000e+00   -0.000000e+00   2.621630e+02   4.460799e-07   3.357503e-01
5.900000e+01   -1.849498e+01   -0.000000e+00   -0.000000e+00   2.617315e+02   4.410697e-07   3.314329e-01
5.910000e+01   -1.708294e+01   -0.000000e+00   -0.000000e+00   2.612872e+02   4.361277e-07   3.271630e-01
5.920000e+01   -1.549300e+01   -0.000000e+00   -0.000000e+00   2.608295e+02   4.312537e-07   3.229400e-01
5.930000e+01   -1.389231e+01   -0.000000e+00   -0.000000e+00   2.603578e+02   4.264473e-07   3.187633e-01
5.940000e+01   -1.244860e+01   -0.000000e+00   -0.000000e+00   2.598727e+02   4.217066e-07   3.146324e-01
5.950000e+01   -1.119058e+01   -0.000000e+00   -0.000000e+00   2.593752e+02   4.170291e-07   3.105468e-01
5.960000e+01   -1.000621e+01   -0.000000e+00   -0.000000e+00   2.588662e+02   4.124122e-07   3.065062e-01
5.970000e+01   -8.820725e+00   -0.000000e+00   -0.000000e+00   2.583470e+02   4.078536e-07   3.025102e-01
5.980000e+01   -7.559355e+00   -0.000000e+00   -0.000000e+00   2.578185e+02   4.033508e-07   2.985584e-01
5.990000e+01   -6.147133e+00   -0.000000e+00   -0.000000e+00   2.572817e+02   3.989016e-07   2.946504e-01
6.000000e+01   -4.374031e+00   -0.000000e+00   -0.000000e+00   2.567377e+02   3.945038e-07   2.907857e-01
6.010000e+01   -2.288124e+00   -0.000000e+00   -0.000000e+00   2.561875e+02   3.901550e-07   2.869641e-01
6.020000e+01   -1.657706e-01   -0.000000e+00   -0.000000e+00   2.556322e+02   3.858534e-07   2.831850e-01
6.030000e+01   1.716672e+00   -0.000000e+00   -0.000000e+00   2.550729e+02   3.815967e-07   2.794481e-01
6.040000e+01   3.082845e+00   -0.000000e+00   -0.000000e+00   2.545105e+02   3.773830e-07   2.757531e-01
6.050000e+01   4.093009e+00   -0.000000e+00   -0.000000e+00   2.539461e+02   3.732103e-07   2.720994e-01
6.060000e+01   5.039906e+00   -0.000000e+00   -0.000000e+00   2.533808e+02   3.690768e-07   2.684867e-01
6.070000e+01   5.845901e+00   -0.000000e+00   -0.000000e+00   2.528156e+02   3.649806e-07   2.649146e-01
6.080000e+01   6.433358e+00   -0.000000e+00   -0.000000e+00   2.522515e+02   3.609199e-07   2.613827e-01
6.090000e+01   6.724642e+00   -0.000000e+00   -0.000000e+00   2.516896e+02   3.568930e-07   2.578906e-01
6.100000e+01   6.733640e+00   -0.000000e+00   -0.000000e+00   2.511309e+02   3.528982e-07   2.544380e-01
6.110000e+01   6.562075e+00   -0.000000e+00   -0.000000e+00   2.505765e+02   3.489339e-07   2.510243e-01
6.120000e+01   6.248900e+00   -0.000000e+00   -0.000000e+00   2.500273e+02   3.449984e-07   2.476492e-01
6.130000e+01   5.832984e+00   -0.000000e+00   -0.000000e+00   2.494846e+02   3.410903e-07   2.443123e-01
6.140000e+01   5.353407e+00   -0.000000e+00   -0.000000e+00   2.489488e+02   3.372085e-07   2.410133e-01
6.150000e+01   4.546323e+00   -0.000000e+00   -0.000000e+00   2.484198e+02   3.333537e-07   2.377518e-01
6.160000e+01   3.219494e+00   -0.000000e+00   -0.000000e+00   2.478971e+02   3.295262e-07   2.345275e-01
6.170000e+01   1.667305e+00   -0.000000e+00   -0.000000e+00   2.473804e+02   3.257268e-07   2.313402e-01
6.180000e+01   1.858820e-01   -0.000000e+00   -0.000000e+00   2.468693e+02   3.219558e-07   2.281895e-01
6.190000e+01   -9.286530e-01   -0.000000e+00   -0.000000e+00   2.463633e+02   3.182139e-07   2.250752e-01
6.200000e+01   -1.711762e+00   -0.000000e+00   -0.000000e+00   2.458621e+02   3.145016e-07   2.219968e-01
6.210000e+01   -2.474447e+00   -0.000000e+00   -0.000000e+00   2.453653e+02   3.108193e-07   2.189543e-01
6.220000e+01   -3.130554e+00   -0.000000e+00   -0.000000e+00   2.448725e+02   3.071674e-07   2.159472e-01
6.230000e+01   -3.590176e+00   -0.000000e+00   -0.000000e+00   2.443833e+02   3.035464e-07   2.129752e-01
6.240000e+01   -3.763410e+00   -0.000000e+00   -0.000000e+00   2.438973e+02   2.999567e-07   2.100381e-01
6.250000e+01   -3.519067e+00   -0.000000e+00   -0.000000e+00   2.434142e+02   2.963987e-07   2.071355e-01
6.260000e+01   -2.862185e+00   -0.000000e+00   -0.000000e+00   2.429335e+02   2.928727e-07   2.042672e-01
6.270000e+01   -1.981043e+00   -0.000000e+00   -0.000000e+00   2.424549e+02   2.893790e-07   2.014328e-01
6.280000e+01   -1.065732e+00   -0.000000e+00   -0.000000e+00   2.419779e+02   2.859180e-07   1.986322e-01
6.290000e+01   -3.063403e-01   -0.000000e+00   -0.000000e+00   2.415022e+02   2.824900e-07   1.958648e-01
6.300000e+01   2.363413e-01   -0.000000e+00   -0.000000e+00   2.410273e+02   2.790952e-07   1.931306e-01
6.310000e+01   7.237195e-01   -0.000000e+00   -0.000000e+00   2.405530e+02   2.757339e-07   1.904291e-01
6.320000e+01   1.172707e+00   -0.000000e+00   -0.000000e+00   2.400787e+02   2.724064e-07   1.877601e-01
6.330000e+01   1.595984e+00   -0.000000e+00   -0.000000e+00   2.396042e+02   2.691127e-07   1.851232e-01
6.340000e+01   2.006093e+00   -0.000000e+00   -0.000000e+00   2.391289e+02   2.658532e-07   1.825183e-01
6.350000e+01   2.444396e+00   -0.000000e+00   -0.000000e+00   2.386527e+02   2.626278e-07   1.799449e-01
6.360000e+01   2.932806e+00   -0.000000e+00   -0.000000e+00   2.381751e+02   2.594368e-07   1.774027e-01
6.370000e+01   3.392501e+00   -0.000000e+00   -0.000000e+00   2.376959e+02   2.562800e-07   1.748916e-01
6.380000e+01   3.742210e+00   -0.000000e+00   -0.000000e+00   2.372146e+02   2.531577e-07   1.724110e-01
6.390000e+01   3.900663e+00   -0.000000e+00   -0.000000e+00   2.367310e+02   2.500698e-07   1.699608e-01
6.400000e+01   3.875224e+00   -0.000000e+00   -0.000000e+00   2.362447e+02   2.470162e-07   1.675406e-01
6.410000e+01   3.831315e+00   -0.000000e+00   -0.000000e+00   2.357554e+02   2.439971e-07   1.651501e-01
6.420000e+01   3.775785e+00   -0.000000e+00   -0.000000e+00   2.352628e+02   2.410124e-07   1.627890e-01
6.430000e+01   3.708004e+00   -0.000000e+00   -0.000000e+00   2.347665e+02   2.380620e-07   1.604570e-01
6.440000e+01   3.627342e+00   -0.000000e+00   -0.000000e+00   2.342661e+02   2.351460e-07   1.581537e-01
6.450000e+01   3.087824e+00   -0.000000e+00   -0.000000e+00   2.337614e+02   2.322642e-07   1.558790e-01
6.460000e+01   1.260464e+00   -0.000000e+00   -0.000000e+00   2.332521e+02   2.294166e-07   1.536324e-01
6.470000e+01   -1.275564e+00   -0.000000e+00   -0.000000e+00   2.327377e+02   2.266032e-07   1.514136e-01
6.480000e+01   -3.874536e+00   -0.000000e+00   -0.000000e+00   2.322179e+02   2.238237e-07   1.492224e-01
6.490000e+01   -5.890728e+00   -0.000000e+00   -0.000000e+00   2.316925e+02   2.210781e-07   1.470585e-01
6.500000e+01   -7.003694e+00   -0.000000e+00   -0.000000e+00   2.311611e+02   2.183663e-07   1.449214e-01
6.510000e+01   -7.867165e+00   -0.000000e+00   -0.000000e+00   2.306233e+02   2.156881e-07   1.428110e-01
6.520000e+01   -8.624844e+00   -0.000000e+00   -0.000000e+00   2.300788e+02   2.130434e-07   1.407269e-01
6.530000e+01   -9.371772e+00   -0.000000e+00   -0.000000e+00   2.295273e+02   2.104321e-07   1.386688e-01
6.540000e+01   -1.020221e+01   -0.000000e+00   -0.000000e+00   2.289688e+02   2.078536e-07   1.366363e-01
6.550000e+01   -1.121372e+01   -0.000000e+00   -0.000000e+00   2.284035e+02   2.053074e-07   1.346293e-01
6.560000e+01   -1.240983e+01   -0.000000e+00   -0.000000e+00   2.278318e+02   2.027927e-07   1.326475e-01
6.570000e+01   -1.366566e+01   -0.000000e+00   -0.000000e+00   2.272539e+02   2.003088e-07   1.306904e-01
6.580000e+01   -1.485116e+01   -0.000000e+00   -0.000000e+00   2.266702e+02   1.978551e-07   1.287580e-01
6.590000e+01   -1.583626e+01   -0.000000e+00   -0.000000e+00   2.260809e+02   1.954309e-07   1.268498e-01
6.600000e+01   -1.654205e+01   -0.000000e+00   -0.000000e+00   2.254865e+02   1.930357e-07   1.249656e-01
6.610000e+01   -1.711407e+01   -0.000000e+00   -0.000000e+00   2.248870e+02   1.906686e-07   1.231051e-01
6.620000e+01   -1.763467e+01   -0.000000e+00   -0.000000e+00   2.242830e+02   1.883291e-07   1.212680e-01
6.630000e+01   -1.817357e+01   -0.000000e+00   -0.000000e+00   2.236746e+02   1.860167e-07   1.194541e-01
6.640000e+01   -1.880045e+01   -0.000000e+00   -0.000000e+00   2.230623e+02   1.837306e-07   1.176630e-01
6.650000e+01   -1.966181e+01   -0.000000e+00   -0.000000e+00   2.224462e+02   1.814703e-07   1.158945e-01
6.660000e+01   -2.099892e+01   -0.000000e+00   -0.000000e+00   2.218267e+02   1.792352e-07   1.141483e-01
6.670000e+01   -2.258685e+01   -0.000000e+00   -0.000000e+00   2.212042e+02   1.770247e-07   1.124242e-01
6.680000e+01   -2.415755e+01   -0.000000e+00   -0.000000e+00   2.205788e+02   1.748383e-07   1.107217e-01
6.690000e+01   -2.544295e+01   -0.000000e+00   -0.000000e+00   2.199509e+02   1.726753e-07   1.090407e-01
6.700000e+01   -2.628756e+01   -0.000000e+00   -0.000000e+00   2.193209e+02   1.705352e-07   1.073808e-01
6.710000e+01   -2.704234e+01   -0.000000e+00   -0.000000e+00   2.186890e+02   1.684175e-07   1.057418e-01
6.720000e+01   -2.773322e+01   -0.000000e+00   -0.000000e+00   2.180555e+02   1.663216e-07   1.041234e-01
6.730000e+01   -2.832797e+01   -0.000000e+00   -0.000000e+00   2.174206e+02   1.642471e-07   1.025253e-01
6.740000e+01   -2.879497e+01   -0.000000e+00   -0.000000e+00   2.167844e+02   1.621938e-07   1.009473e-01
6.750000e+01   -2.911286e+01   -0.000000e+00   -0.000000e+00   2.161466e+02   1.601616e-07   9.938920e-02
6.760000e+01   -2.931937e+01   -0.000000e+00   -0.000000e+00   2.155073e+02   1.581503e-07   9.785081e-02
6.770000e+01   -2.942950e+01   -0.000000e+00   -0.000000e+00   2.148664e+02   1.561598e-07   9.633190e-02
6.780000e+01   -2.945195e+01   -0.000000e+00   -0.000000e+00   2.142239e+02   1.541899e-07   9.483226e-02
6.790000e+01   -2.939539e+01   -0.000000e+00   -0.000000e+00   2.135797e+02   1.522404e-07   9.335168e-02
6.800000e+01   -2.898094e+01   -0.000000e+00   -0.000000e+00   2.129337e+02   1.503112e-07   9.188996e-02
6.810000e+01   -2.686252e+01   -0.000000e+00   -0.000000e+00   2.122859e+02   1.484021e-07   9.044687e-02
6.820000e+01   -2.370868e+01   -0.000000e+00   -0.000000e+00   2.116362e+02   1.465130e-07   8.902222e-02
6.830000e+01   -2.051676e+01   -0.000000e+00   -0.000000e+00   2.109845e+02   1.446436e-07   8.761578e-02
6.840000e+01   -1.828408e+01   -0.000000e+00   -0.000000e+00   2.103309e+02   1.427939e-07   8.622736e-02
6.850000e+01   -1.773870e+01   -0.000000e+00   -0.000000e+00   2.096752e+02   1.409635e-07   8.485674e-02
6.860000e+01   -1.764775e+01   -0.000000e+00   -0.000000e+00   2.090175e+02   1.391524e-07   8.350371e-02
6.870000e+01   -1.765181e+01   -0.000000e+00   -0.000000e+00   2.083575e+02   1.373604e-07   8.216805e-02
6.880000e+01   -1.769318e+01   -0.000000e+00   -0.000000e+00   2.076953e+02   1.355872e-07   8.084957e-02
6.890000e+01   -1.771414e+01   -0.000000e+00   -0.000000e+00   2.070309e+02   1.338327e-07   7.954805e-02
6.900000e+01   -1.767313e+01   -0.000000e+00   -0.000000e+00   2.063640e+02   1.320966e-07   7.826328e-02
6.910000e+01   -1.764523e+01   -0.000000e+00   -0.000000e+00   2.056948e+02   1.303788e-07   7.699505e-02
6.920000e+01   -1.761267e+01   -0.000000e+00   -0.000000e+00   2.050232e+02   1.286792e-07   7.574319e-02
6.930000e+01   -1.753082e+01   -0.000000e+00   -0.000000e+00   2.043490e+02   1.269976e-07   7.450756e-02
6.940000e+01   -1.735503e+01   -0.000000e+00   -0.000000e+00   2.036722e+02   1.253340e-07   7.328801e-02
6.950000e+01   -1.697568e+01   -0.000000e+00   -0.000000e+00   2.029927e+02   1.236882e-07   7.208440e-02
6.960000e+01   -1.588104e+01   -0.000000e+00   -0.000000e+00   2.023106e+02   1.220603e-07   7.089659e-02
6.970000e+01   -1.426596e+01   -0.000000e+00   -0.000000e+00   2.016256e+02   1.204500e-07   6.972443e-02
6.980000e+01   -1.249615e+01   -0.000000e+00   -0.000000e+00   2.009378e+02   1.188574e-07   6.856780e-02
6.990000e+01   -1.093728e+01   -0.000000e+00   -0.000000e+00   2.002471e+02   1.172823e-07   6.742653e-02
7.000000e+01   -9.918455e+00   -0.000000e+00   -0.000000e+00   1.995533e+02   1.157245e-07   6.630050e-02
7.010000e+01   -9.250383e+00   -0.000000e+00   -0.000000e+00   1.988566e+02   1.141841e-07   6.518956e-02
7.020000e+01   -8.721412e+00   -0.000000e+00   -0.000000e+00   1.981567e+02   1.126609e-07   6.409357e-02
7.030000e+01   -8.195580e+00   -0.000000e+00   -0.000000e+00   1.974536e+02   1.111549e-07   6.301239e-02
7.040000e+01   -7.536927e+00   -0.000000e+00   -0.000000e+00   1.967473e+02   1.096658e-07   6.194587e-02
7.050000e+01   -6.561414e+00   -0.000000e+00   -0.000000e+00   1.960377e+02   1.081936e-07   6.089387e-02
7.060000e+01   -4.727720e+00   -0.000000e+00   -0.000000e+00   1.953247e+02   1.067382e-07   5.985626e-02
7.070000e+01   -2.393984e+00   -0.000000e+00   -0.000000e+00   1.946082e+02   1.052996e-07   5.883288e-02
7.080000e+01   -1.655667e-01   -0.000000e+00   -0.000000e+00   1.938883e+02   1.038774e-07   5.782360e-02
7.090000e+01   1.352171e+00   -0.000000e+00   -0.000000e+00   1.931647e+02   1.024718e-07   5.682828e-02
7.100000e+01   1.610700e+00   -0.000000e+00   -0.000000e+00   1.924377e+02   1.010824e-07   5.584677e-02
7.110000e+01   1.100266e+00   -0.000000e+00   -0.000000e+00   1.917076e+02   9.970890e-08   5.487893e-02
7.120000e+01   1.740265e-01   -0.000000e+00   -0.000000e+00   1.909752e+02   9.835077e-08   5.392462e-02
7.130000e+01   -1.066469e+00   -0.000000e+00   -0.000000e+00   1.902411e+02   9.700755e-08   5.298370e-02
7.140000e+01   -2.519670e+00   -0.000000e+00   -0.000000e+00   1.895060e+02   9.567878e-08   5.205603e-02
7.150000e+01   -4.180261e+00   -0.000000e+00   -0.000000e+00   1.887706e+02   9.436402e-08   5.114145e-02
7.160000e+01   -7.521504e+00   -0.000000e+00   -0.000000e+00   1.880354e+02   9.306283e-08   5.023984e-02
7.170000e+01   -1.212192e+01   -0.000000e+00   -0.000000e+00   1.873013e+02   9.177479e-08   4.935105e-02
7.180000e+01   -1.672912e+01   -0.000000e+00   -0.000000e+00   1.865687e+02   9.049948e-08   4.847494e-02
7.190000e+01   -2.009071e+01   -0.000000e+00   -0.000000e+00   1.858385e+02   8.923651e-08   4.761136e-02
7.200000e+01   -2.104104e+01   -0.000000e+00   -0.000000e+00   1.851112e+02   8.798549e-08   4.676017e-02
7.210000e+01   -2.084608e+01   -0.000000e+00   -0.000000e+00   1.843875e+02   8.674604e-08   4.592124e-02
7.220000e+01   -2.045316e+01   -0.000000e+00   -0.000000e+00   1.836682e+02   8.551779e-08   4.509441e-02
7.230000e+01   -2.001031e+01   -0.000000e+00   -0.000000e+00   1.829537e+02   8.430039e-08   4.427955e-02
7.240000e+01   -1.966554e+01   -0.000000e+00   -0.000000e+00   1.822449e+02   8.309348e-08   4.347652e-02
7.250000e+01   -1.957942e+01   -0.000000e+00   -0.000000e+00   1.815424e+02   8.189673e-08   4.268516e-02
7.260000e+01   -2.019699e+01   -0.000000e+00   -0.000000e+00   1.808468e+02   8.070981e-08   4.190535e-02
7.270000e+01   -2.143292e+01   -0.000000e+00   -0.000000e+00   1.801588e+02   7.953242e-08   4.113694e-02
7.280000e+01   -2.294958e+01   -0.000000e+00   -0.000000e+00   1.794790e+02   7.836423e-08   4.037978e-02
7.290000e+01   -2.440935e+01   -0.000000e+00   -0.000000e+00   1.788081e+02   7.720500e-08   3.963374e-02
7.300000e+01   -2.548244e+01   -0.000000e+00   -0.000000e+00   1.781458e+02   7.605485e-08   3.889869e-02
7.310000e+01   -2.625823e+01   -0.000000e+00   -0.000000e+00   1.774913e+02   7.491417e-08   3.817450e-02
7.320000e+01   -2.693262e+01   -0.000000e+00   -0.000000e+00   1.768438e+02   7.378332e-08   3.746108e-02
7.330000e+01   -2.756442e+01   -0.000000e+00   -0.000000e+00   1.762024e+02   7.266262e-08   3.675829e-02
7.340000e+01   -2.821247e+01   -0.000000e+00   -0.000000e+00   1.755665e+02   7.155240e-08   3.606602e-02
7.350000e+01   -2.893836e+01   -0.000000e+00   -0.000000e+00   1.749352e+02   7.045298e-08   3.538415e-02
7.360000e+01   -2.992689e+01   -0.000000e+00   -0.000000e+00   1.743076e+02   6.936462e-08   3.471257e-02
7.370000e+01   -3.108700e+01   -0.000000e+00   -0.000000e+00   1.736831e+02   6.828761e-08   3.405115e-02
7.380000e+01   -3.217286e+01   -0.000000e+00   -0.000000e+00   1.730608e+02   6.722220e-08   3.339979e-02
7.390000e+01   -3.293861e+01   -0.000000e+00   -0.000000e+00   1.724399e+02   6.616862e-08   3.275836e-02
7.400000e+01   -3.314120e+01   -0.000000e+00   -0.000000e+00   1.718196e+02   6.512709e-08   3.212674e-02
7.410000e+01   -3.293036e+01   -0.000000e+00   -0.000000e+00   1.711991e+02   6.409781e-08   3.150483e-02
7.420000e+01   -3.257532e+01   -0.000000e+00   -0.000000e+00   1.705777e+02   6.308098e-08   3.089249e-02
7.430000e+01   -3.216540e+01   -0.000000e+00   -0.000000e+00   1.699544e+02   6.207675e-08   3.028962e-02
7.440000e+01   -3.178991e+01   -0.000000e+00   -0.000000e+00   1.693286e+02   6.108528e-08   2.969610e-02
7.450000e+01   -3.153783e+01   -0.000000e+00   -0.000000e+00   1.686995e+02   6.010671e-08   2.911180e-02
7.460000e+01   -3.139023e+01   -0.000000e+00   -0.000000e+00   1.680661e+02   5.914117e-08   2.853661e-02
7.470000e+01   -3.127430e+01   -0.000000e+00   -0.000000e+00   1.674278e+02   5.818876e-08   2.797042e-02
7.480000e+01   -3.116877e+01   -0.000000e+00   -0.000000e+00   1.667837e+02   5.724958e-08   2.741311e-02
7.490000e+01   -3.105233e+01   -0.000000e+00   -0.000000e+00   1.661331e+02   5.632370e-08   2.686456e-02
7.500000e+01   -3.090289e+01   -0.000000e+00   -0.000000e+00   1.654751e+02   5.541120e-08   2.632465e-02
7.510000e+01   -2.998553e+01   -0.000000e+00   -0.000000e+00   1.648093e+02   5.451204e-08   2.579327e-02
7.520000e+01   -2.796779e+01   -0.000000e+00   -0.000000e+00   1.641362e+02   5.362588e-08   2.527034e-02
7.530000e+01   -2.528661e+01   -0.000000e+00   -0.000000e+00   1.634566e+02   5.275232e-08   2.475576e-02
7.540000e+01   -2.237894e+01   -0.000000e+00   -0.000000e+00   1.627713e+02   5.189098e-08   2.424946e-02
7.550000e+01   -1.968174e+01   -0.000000e+00   -0.000000e+00   1.620812e+02   5.104149e-08   2.375135e-02
7.560000e+01   -1.679567e+01   -0.000000e+00   -0.000000e+00   1.613870e+02   5.020350e-08   2.326135e-02
7.570000e+01   -1.341282e+01   -0.000000e+00   -0.000000e+00   1.606896e+02   4.937666e-08   2.277937e-02
7.580000e+01   -1.010723e+01   -0.000000e+00   -0.000000e+00   1.599897e+02   4.856064e-08   2.230534e-02
7.590000e+01   -7.452937e+00   -0.000000e+00   -0.000000e+00   1.592882e+02   4.775512e-08   2.183916e-02
7.600000e+01   -6.023968e+00   -0.000000e+00   -0.000000e+00   1.585858e+02   4.695980e-08   2.138075e-02
7.610000e+01   -5.498449e+00   -0.000000e+00   -0.000000e+00   1.578834e+02   4.617438e-08   2.093003e-02
7.620000e+01   -5.070414e+00   -0.000000e+00   -0.000000e+00   1.571818e+02   4.539856e-08   2.048692e-02
7.630000e+01   -4.755338e+00   -0.000000e+00   -0.000000e+00   1.564817e+02   4.463209e-08   2.005133e-02
7.640000e+01   -4.569654e+00   -0.000000e+00   -0.000000e+00   1.557841e+02   4.387469e-08   1.962318e-02
7.650000e+01   -4.529798e+00   -0.000000e+00   -0.000000e+00   1.550896e+02   4.312610e-08   1.920238e-02
7.660000e+01   -4.948686e+00   -0.000000e+00   -0.000000e+00   1.543991e+02   4.238609e-08   1.878885e-02
7.670000e+01   -6.050124e+00   -0.000000e+00   -0.000000e+00   1.537133e+02   4.165441e-08   1.838251e-02
7.680000e+01   -7.570810e+00   -0.000000e+00   -0.000000e+00   1.530332e+02   4.093085e-08   1.798328e-02
7.690000e+01   -9.245726e+00   -0.000000e+00   -0.000000e+00   1.523595e+02   4.021518e-08   1.759106e-02
7.700000e+01   -1.080985e+01   -0.000000e+00   -0.000000e+00   1.516930e+02   3.950721e-08   1.720578e-02
7.710000e+01   -1.224239e+01   -0.000000e+00   -0.000000e+00   1.510345e+02   3.880673e-08   1.682735e-02
7.720000e+01   -1.376162e+01   -0.000000e+00   -0.000000e+00   1.503848e+02   3.811356e-08   1.645568e-02
7.730000e+01   -1.531708e+01   -0.000000e+00   -0.000000e+00   1.497447e+02   3.742752e-08   1.609070e-02
7.740000e+01   -1.685565e+01   -0.000000e+00   -0.000000e+00   1.491151e+02   3.674844e-08   1.573233e-02
7.750000e+01   -1.832421e+01   -0.000000e+00   -0.000000e+00   1.484967e+02   3.607616e-08   1.538046e-02
7.760000e+01   -1.968785e+01   -0.000000e+00   -0.000000e+00   1.478903e+02   3.541053e-08   1.503504e-02
7.770000e+01   -2.098072e+01   -0.000000e+00   -0.000000e+00   1.472965e+02   3.475146e-08   1.469596e-02
7.780000e+01   -2.224892e+01   -0.000000e+00   -0.000000e+00   1.467146e+02   3.409918e-08   1.436315e-02
7.790000e+01   -2.353853e+01   -0.000000e+00   -0.000000e+00   1.461435e+02   3.345402e-08   1.403654e-02
7.800000e+01   -2.489565e+01   -0.000000e+00   -0.000000e+00   1.455819e+02   3.281627e-08   1.371604e-02
7.810000e+01   -2.631871e+01   -0.000000e+00   -0.000000e+00   1.450287e+02   3.218622e-08   1.340159e-02
7.820000e+01   -2.776224e+01   -0.000000e+00   -0.000000e+00   1.444828e+02   3.156414e-08   1.309310e-02
7.830000e+01   -2.926342e+01   -0.000000e+00   -0.000000e+00   1.439430e+02   3.095027e-08   1.279049e-02
7.840000e+01   -3.086131e+01   -0.000000e+00   -0.000000e+00   1.434081e+02   3.034483e-08   1.249369e-02
7.850000e+01   -3.259498e+01   -0.000000e+00   -0.000000e+00   1.428770e+02   2.974805e-08   1.220263e-02
7.860000e+01   -3.475891e+01   -0.000000e+00   -0.000000e+00   1.423486e+02   2.916011e-08   1.191722e-02
7.870000e+01   -3.758397e+01   -0.000000e+00   -0.000000e+00   1.418217e+02   2.858119e-08   1.163738e-02
7.880000e+01   -4.050881e+01   -0.000000e+00   -0.000000e+00   1.412951e+02   2.801145e-08   1.136305e-02
7.890000e+01   -4.295200e+01   -0.000000e+00   -0.000000e+00   1.407676e+02   2.745102e-08   1.109414e-02
7.900000e+01   -4.433208e+01   -0.000000e+00   -0.000000e+00   1.402382e+02   2.690003e-08   1.083058e-02
7.910000e+01   -4.424663e+01   -0.000000e+00   -0.000000e+00   1.397057e+02   2.635860e-08   1.057228e-02
7.920000e+01   -4.304958e+01   -0.000000e+00   -0.000000e+00   1.391688e+02   2.582681e-08   1.031918e-02
7.930000e+01   -4.117013e+01   -0.000000e+00   -0.000000e+00   1.386265e+02   2.530476e-08   1.007119e-02
7.940000e+01   -3.903004e+01   -0.000000e+00   -0.000000e+00   1.380777e+02   2.479249e-08   9.828243e-03
7.950000e+01   -3.705103e+01   -0.000000e+00   -0.000000e+00   1.375210e+02   2.429007e-08   9.590254e-03
7.960000e+01   -3.549368e+01   -0.000000e+00   -0.000000e+00   1.369555e+02   2.379753e-08   9.357149e-03
7.970000e+01   -3.407763e+01   -0.000000e+00   -0.000000e+00   1.363798e+02   2.331490e-08   9.128850e-03
7.980000e+01   -3.263983e+01   -0.000000e+00   -0.000000e+00   1.357933e+02   2.284215e-08   8.905282e-03
7.990000e+01   -3.102527e+01   -0.000000e+00   -0.000000e+00   1.351978e+02   2.237877e-08   8.686371e-03
8.000000e+01   -2.907578e+01   -0.000000e+00   -0.000000e+00   1.345967e+02   2.192409e-08   8.472048e-03
8.010000e+01   -2.616079e+01   -0.000000e+00   -0.000000e+00   1.339932e+02   2.147746e-08   8.262244e-03
8.020000e+01   -2.146183e+01   -0.000000e+00   -0.000000e+00   1.333907e+02   2.103824e-08   8.056888e-03
8.030000e+01   -1.618293e+01   -0.000000e+00   -0.000000e+00   1.327925e+02   2.060585e-08   7.855911e-03
8.040000e+01   -1.163693e+01   -0.000000e+00   -0.000000e+00   1.322019e+02   2.017975e-08   7.659244e-03
8.050000e+01   -9.136672e+00   -0.000000e+00   -0.000000e+00   1.316222e+02   1.975940e-08   7.466815e-03
8.060000e+01   -9.085749e+00   -0.000000e+00   -0.000000e+00   1.310568e+02   1.934431e-08   7.278557e-03
8.070000e+01   -9.222515e+00   -0.000000e+00   -0.000000e+00   1.305089e+02   1.893403e-08   7.094398e-03
8.080000e+01   -9.319305e+00   -0.000000e+00   -0.000000e+00   1.299819e+02   1.852811e-08   6.914270e-03
8.090000e+01   -9.350988e+00   -0.000000e+00   -0.000000e+00   1.294791e+02   1.812615e-08   6.738102e-03
8.100000e+01   -9.292432e+00   -0.000000e+00   -0.000000e+00   1.290038e+02   1.772779e-08   6.565825e-03
8.110000e+01   -9.154684e+00   -0.000000e+00   -0.000000e+00   1.285590e+02   1.733272e-08   6.397370e-03
8.120000e+01   -9.019044e+00   -0.000000e+00   -0.000000e+00   1.281463e+02   1.694089e-08   6.232678e-03
8.130000e+01   -8.820474e+00   -0.000000e+00   -0.000000e+00   1.277672e+02   1.655228e-08   6.071689e-03
8.140000e+01   -8.480970e+00   -0.000000e+00   -0.000000e+00   1.274227e+02   1.616693e-08   5.914347e-03
8.150000e+01   -7.922528e+00   -0.000000e+00   -0.000000e+00   1.271142e+02   1.578486e-08   5.760592e-03
8.160000e+01   -6.859428e+00   -0.000000e+00   -0.000000e+00   1.268429e+02   1.540610e-08   5.610368e-03
8.170000e+01   -4.653437e+00   -0.000000e+00   -0.000000e+00   1.266102e+02   1.503070e-08   5.463615e-03
8.180000e+01   -1.804286e+00   -0.000000e+00   -0.000000e+00   1.264171e+02   1.465871e-08   5.320275e-03
8.190000e+01   1.077619e+00   -0.000000e+00   -0.000000e+00   1.262651e+02   1.429020e-08   5.180291e-03
8.200000e+01   3.381870e+00   -0.000000e+00   -0.000000e+00   1.261554e+02   1.392525e-08   5.043604e-03
8.210000e+01   4.602187e+00   -0.000000e+00   -0.000000e+00   1.260892e+02   1.356392e-08   4.910156e-03
8.220000e+01   4.969213e+00   -0.000000e+00   -0.000000e+00   1.260677e+02   1.320631e-08   4.779890e-03
8.230000e+01   4.780077e+00   -0.000000e+00   -0.000000e+00   1.260924e+02   1.285252e-08   4.652746e-03
8.240000e+01   4.298373e+00   -0.000000e+00   -0.000000e+00   1.261643e+02   1.250263e-08   4.528668e-03
8.250000e+01   3.787692e+00   -0.000000e+00   -0.000000e+00   1.262849e+02   1.215677e-08   4.407596e-03
8.260000e+01   3.271724e+00   -0.000000e+00   -0.000000e+00   1.264552e+02   1.181503e-08   4.289472e-03
8.270000e+01   1.932193e+00   -0.000000e+00   -0.000000e+00   1.266767e+02   1.147752e-08   4.174240e-03
8.280000e+01   2.950687e-01   -0.000000e+00   -0.000000e+00   1.269506e+02   1.114438e-08   4.061839e-03
8.290000e+01   -9.132172e-01   -0.000000e+00   -0.000000e+00   1.272780e+02   1.081570e-08   3.952213e-03
8.300000e+01   -9.680884e-01   -0.000000e+00   -0.000000e+00   1.276581e+02   1.049181e-08   3.845307e-03
8.310000e+01   5.749099e-01   -0.000000e+00   -0.000000e+00   1.280857e+02   1.017334e-08   3.741076e-03
8.320000e+01   2.484981e+00   -0.000000e+00   -0.000000e+00   1.285549e+02   9.860926e-09   3.639474e-03
8.330000e+01   4.458030e+00   -0.000000e+00   -0.000000e+00   1.290600e+02   9.555101e-09   3.540456e-03
8.340000e+01   6.433849e+00   -0.000000e+00   -0.000000e+00   1.295952e+02   9.256334e-09   3.443977e-03
8.350000e+01   8.352230e+00   -0.000000e+00   -0.000000e+00   1.301548e+02   8.965023e-09   3.349993e-03
8.360000e+01   1.015488e+01   -0.000000e+00   -0.000000e+00   1.307329e+02   8.681499e-09   3.258457e-03
8.370000e+01   1.183063e+01   -0.000000e+00   -0.000000e+00   1.313239e+02   8.406028e-09   3.169326e-03
8.380000e+01   1.341718e+01   -0.000000e+00   -0.000000e+00   1.319219e+02   8.138819e-09   3.082554e-03
8.390000e+01   1.495446e+01   -0.000000e+00   -0.000000e+00   1.325212e+02   7.880028e-09   2.998097e-03
8.400000e+01   1.648243e+01   -0.000000e+00   -0.000000e+00   1.331161e+02   7.629762e-09   2.915908e-03
8.410000e+01   1.823059e+01   -0.000000e+00   -0.000000e+00   1.337006e+02   7.388083e-09   2.835943e-03
8.420000e+01   2.142140e+01   -0.000000e+00   -0.000000e+00   1.342692e+02   7.155013e-09   2.758158e-03
8.430000e+01   2.552656e+01   -0.000000e+00   -0.000000e+00   1.348159e+02   6.930543e-09   2.682506e-03
8.440000e+01   2.964310e+01   -0.000000e+00   -0.000000e+00   1.353351e+02   6.714628e-09   2.608944e-03
8.450000e+01   3.286808e+01   -0.000000e+00   -0.000000e+00   1.358209e+02   6.507200e-09   2.537425e-03
8.460000e+01   3.448304e+01   -0.000000e+00   -0.000000e+00   1.362677e+02   6.308169e-09   2.467906e-03
8.470000e+01   3.558278e+01   -0.000000e+00   -0.000000e+00   1.366696e+02   6.117424e-09   2.400340e-03
8.480000e+01   3.652060e+01   -0.000000e+00   -0.000000e+00   1.370226e+02   5.934766e-09   2.334684e-03
8.490000e+01   3.729840e+01   -0.000000e+00   -0.000000e+00   1.373285e+02   5.759757e-09   2.270896e-03
8.500000e+01   3.792021e+01   -0.000000e+00   -0.000000e+00   1.375904e+02   5.591936e-09   2.208935e-03
8.510000e+01   3.835829e+01   -0.000000e+00   -0.000000e+00   1.378113e+02   5.430881e-09   2.148758e-03
8.520000e+01   3.833216e+01   -0.000000e+00   -0.000000e+00   1.379942e+02   5.276193e-09   2.090326e-03
8.530000e+01   3.793570e+01   -0.000000e+00   -0.000000e+00   1.381421e+02   5.127506e-09   2.033596e-03
8.540000e+01   3.737077e+01   -0.000000e+00   -0.000000e+00   1.382581e+02   4.984472e-09   1.978527e-03
8.550000e+01   3.683924e+01   -0.000000e+00   -0.000000e+00   1.383451e+02   4.846770e-09   1.925079e-03
8.560000e+01   3.652184e+01   -0.000000e+00   -0.000000e+00   1.384062e+02   4.714095e-09   1.873209e-03
8.570000e+01   3.627522e+01   -0.000000e+00   -0.000000e+00   1.384444e+02   4.586163e-09   1.822876e-03
8.580000e+01   3.599659e+01   -0.000000e+00   -0.000000e+00   1.384627e+02   4.462705e-09   1.774039e-03
8.590000e+01   3.565008e+01   -0.000000e+00   -0.000000e+00   1.384641e+02   4.343468e-09   1.726657e-03
8.600000e+01   3.519986e+01   -0.000000e+00   -0.000000e+00   1.384517e+02   4.228211e-09   1.680689e-03
8.610000e+01   3.456840e+01   -0.000000e+00   -0.000000e+00   1.384285e+02   4.116707e-09   1.636092e-03
8.620000e+01   3.319598e+01   -0.000000e+00   -0.000000e+00   1.383974e+02   4.008741e-09   1.592826e-03
8.630000e+01   3.125414e+01   -0.000000e+00   -0.000000e+00   1.383616e+02   3.904107e-09   1.550850e-03
8.640000e+01   2.917978e+01   -0.000000e+00   -0.000000e+00   1.383240e+02   3.802610e-09   1.510121e-03
8.650000e+01   2.740979e+01   -0.000000e+00   -0.000000e+00   1.382877e+02   3.704064e-09   1.470600e-03
8.660000e+01   2.634401e+01   -0.000000e+00   -0.000000e+00   1.382556e+02   3.608293e-09   1.432244e-03
8.670000e+01   2.557123e+01   -0.000000e+00   -0.000000e+00   1.382310e+02   3.515149e-09   1.395023e-03
8.680000e+01   2.482631e+01   -0.000000e+00   -0.000000e+00   1.382167e+02   3.424502e-09   1.358909e-03
8.690000e+01   2.408234e+01   -0.000000e+00   -0.000000e+00   1.382161e+02   3.336233e-09   1.323876e-03
8.700000e+01   2.331241e+01   -0.000000e+00   -0.000000e+00   1.382322e+02   3.250225e-09   1.289897e-03
8.710000e+01   2.248816e+01   -0.000000e+00   -0.000000e+00   1.382682e+02   3.166372e-09   1.256945e-03
8.720000e+01   2.156889e+01   -0.000000e+00   -0.000000e+00   1.383270e+02   3.084570e-09   1.224994e-03
8.730000e+01   2.059255e+01   -0.000000e+00   -0.000000e+00   1.384120e+02   3.004723e-09   1.194017e-03
8.740000e+01   1.962164e+01   -0.000000e+00   -0.000000e+00   1.385261e+02   2.926739e-09   1.163987e-03
8.750000e+01   1.871868e+01   -0.000000e+00   -0.000000e+00   1.386726e+02   2.850531e-09   1.134877e-03
8.760000e+01   1.794292e+01   -0.000000e+00   -0.000000e+00   1.388545e+02   2.776018e-09   1.106661e-03
8.770000e+01   1.723597e+01   -0.000000e+00   -0.000000e+00   1.390749e+02   2.703122e-09   1.079311e-03
8.780000e+01   1.655798e+01   -0.000000e+00   -0.000000e+00   1.393370e+02   2.631771e-09   1.052802e-03
8.790000e+01   1.591516e+01   -0.000000e+00   -0.000000e+00   1.396438e+02   2.561896e-09   1.027107e-03
8.800000e+01   1.531374e+01   -0.000000e+00   -0.000000e+00   1.399986e+02   2.493432e-09   1.002198e-03
8.810000e+01   1.476107e+01   -0.000000e+00   -0.000000e+00   1.404044e+02   2.426319e-09   9.780496e-04
8.820000e+01   1.430641e+01   -0.000000e+00   -0.000000e+00   1.408643e+02   2.360499e-09   9.546343e-04
8.830000e+01   1.394719e+01   -0.000000e+00   -0.000000e+00   1.413814e+02   2.295919e-09   9.319256e-04
8.840000e+01   1.364736e+01   -0.000000e+00   -0.000000e+00   1.419590e+02   2.232528e-09   9.098968e-04
8.850000e+01   1.337085e+01   -0.000000e+00   -0.000000e+00   1.426000e+02   2.170281e-09   8.885213e-04
8.860000e+01   1.307529e+01   -0.000000e+00   -0.000000e+00   1.433070e+02   2.109144e-09   8.677731e-04
8.870000e+01   1.238402e+01   -0.000000e+00   -0.000000e+00   1.440783e+02   2.049167e-09   8.476336e-04
8.880000e+01   1.124751e+01   -0.000000e+00   -0.000000e+00   1.449100e+02   1.990423e-09   8.280870e-04
8.890000e+01   9.889073e+00   -0.000000e+00   -0.000000e+00   1.457985e+02   1.932974e-09   8.091174e-04
8.900000e+01   8.532026e+00   -0.000000e+00   -0.000000e+00   1.467403e+02   1.876874e-09   7.907090e-04
8.910000e+01   7.398052e+00   -0.000000e+00   -0.000000e+00   1.477314e+02   1.822165e-09   7.728462e-04
8.920000e+01   6.464993e+00   -0.000000e+00   -0.000000e+00   1.487684e+02   1.768882e-09   7.555130e-04
8.930000e+01   5.596249e+00   -0.000000e+00   -0.000000e+00   1.498475e+02   1.717049e-09   7.386936e-04
8.940000e+01   4.751686e+00   -0.000000e+00   -0.000000e+00   1.509650e+02   1.666681e-09   7.223724e-04
8.950000e+01   3.891165e+00   -0.000000e+00   -0.000000e+00   1.521172e+02   1.617790e-09   7.065335e-04
8.960000e+01   2.973421e+00   -0.000000e+00   -0.000000e+00   1.533005e+02   1.570375e-09   6.911611e-04
8.970000e+01   1.742179e+00   -0.000000e+00   -0.000000e+00   1.545112e+02   1.524432e-09   6.762393e-04
8.980000e+01   2.527394e-01   -0.000000e+00   -0.000000e+00   1.557456e+02   1.479952e-09   6.617526e-04
8.990000e+01   -1.163688e+00   -0.000000e+00   -0.000000e+00   1.569999e+02   1.436918e-09   6.476849e-04
9.000000e+01   -2.175894e+00   -0.000000e+00   -0.000000e+00   1.582707e+02   1.395310e-09   6.340206e-04
9.010000e+01   -2.453084e+00   -0.000000e+00   -0.000000e+00   1.595540e+02   1.355103e-09   6.207439e-04
9.020000e+01   -2.131990e+00   -0.000000e+00   -0.000000e+00   1.608464e+02   1.316270e-09   6.078389e-04
9.030000e+01   -1.565525e+00   -0.000000e+00   -0.000000e+00   1.621440e+02   1.278778e-09   5.952898e-04
9.040000e+01   -8.197422e-01   -0.000000e+00   -0.000000e+00   1.634432e+02   1.242595e-09   5.830810e-04
9.050000e+01   3.930307e-02   -0.000000e+00   -0.000000e+00   1.647404e+02   1.207683e-09   5.711965e-04
9.060000e+01   9.455568e-01   -0.000000e+00   -0.000000e+00   1.660318e+02   1.174005e-09   5.596206e-04
9.070000e+01   2.293884e+00   0.000000e+00   0.000000e+00   1.673137e+02   1.141521e-09   5.483375e-04
9.080000e+01   4.206281e+00   0.000000e+00   0.000000e+00   1.685826e+02   1.110190e-09   5.373315e-04
9.090000e+01   6.207617e+00   0.000000e+00   0.000000e+00   1.698351e+02   1.079969e-09   5.265880e-04
9.100000e+01   7.823873e+00   0.000000e+00   0.000000e+00   1.710707e+02   1.050813e-09   5.160996e-04
9.110000e+01   8.581382e+00   0.000000e+00   0.000000e+00   1.722895e+02   1.022680e-09   5.058608e-04
9.120000e+01   8.698933e+00   0.000000e+00   0.000000e+00   1.734917e+02   9.955279e-10   4.958662e-04
9.130000e+01   8.796467e+00   0.000000e+00   0.000000e+00   1.746773e+02   9.693173e-10   4.861104e-04
9.140000e+01   8.873910e+00   0.000000e+00   0.000000e+00   1.758466e+02   9.440100e-10   4.765879e-04
9.150000e+01   8.930450e+00   0.000000e+00   0.000000e+00   1.769997e+02   9.195699e-10   4.672935e-04
9.160000e+01   8.965276e+00   0.000000e+00   0.000000e+00   1.781368e+02   8.959620e-10   4.582216e-04
9.170000e+01   8.962281e+00   0.000000e+00   0.000000e+00   1.792579e+02   8.731531e-10   4.493668e-04
9.180000e+01   8.899837e+00   0.000000e+00   0.000000e+00   1.803632e+02   8.511109e-10   4.407237e-04
9.190000e+01   8.775338e+00   0.000000e+00   0.000000e+00   1.814529e+02   8.298046e-10   4.322869e-04
9.200000e+01   8.586255e+00   0.000000e+00   0.000000e+00   1.825271e+02   8.092047e-10   4.240510e-04
9.210000e+01   8.330058e+00   0.000000e+00   0.000000e+00   1.835860e+02   7.892826e-10   4.160106e-04
9.220000e+01   7.386250e+00   0.000000e+00   0.000000e+00   1.846297e+02   7.700109e-10   4.081603e-04
9.230000e+01   5.200842e+00   0.000000e+00   0.000000e+00   1.856583e+02   7.513631e-10   4.004945e-04
9.240000e+01   2.342410e+00   0.000000e+00   0.000000e+00   1.866720e+02   7.333137e-10   3.930080e-04
9.250000e+01   -6.118757e-01   0.000000e+00   0.000000e+00   1.876710e+02   7.158381e-10   3.856953e-04
9.260000e+01   -3.084842e+00   0.000000e+00   0.000000e+00   1.886554e+02   6.989126e-10   3.785510e-04
9.270000e+01   -4.921778e+00   0.000000e+00   0.000000e+00   1.896253e+02   6.825142e-10   3.715697e-04
9.280000e+01   -6.609587e+00   0.000000e+00   0.000000e+00   1.905809e+02   6.666207e-10   3.647459e-04
9.290000e+01   -8.219149e+00   0.000000e+00   0.000000e+00   1.915223e+02   6.512107e-10   3.580743e-04
9.300000e+01   -9.813242e+00   0.000000e+00   0.000000e+00   1.924497e+02   6.362633e-10   3.515494e-04
9.310000e+01   -1.145464e+01   0.000000e+00   0.000000e+00   1.933632e+02   6.217585e-10   3.451658e-04
9.320000e+01   -1.330502e+01   0.000000e+00   0.000000e+00   1.942629e+02   6.076767e-10   3.389182e-04
9.330000e+01   -1.541300e+01   0.000000e+00   0.000000e+00   1.951491e+02   5.939990e-10   3.328010e-04
9.340000e+01   -1.749685e+01   0.000000e+00   0.000000e+00   1.960218e+02   5.807070e-10   3.268088e-04
9.350000e+01   -1.926899e+01   0.000000e+00   0.000000e+00   1.968813e+02   5.677831e-10   3.209366e-04
9.360000e+01   -2.043953e+01   0.000000e+00   0.000000e+00   1.977283e+02   5.552128e-10   3.151814e-04
9.370000e+01   -2.057217e+01   0.000000e+00   0.000000e+00   1.985638e+02   5.429832e-10   3.095415e-04
9.380000e+01   -1.959628e+01   0.000000e+00   0.000000e+00   1.993888e+02   5.310822e-10   3.040149e-04
9.390000e+01   -1.816828e+01   0.000000e+00   0.000000e+00   2.002044e+02   5.194980e-10   2.986000e-04
9.400000e+01   -1.696007e+01   0.000000e+00   0.000000e+00   2.010114e+02   5.082196e-10   2.932949e-04
9.410000e+01   -1.664356e+01   0.000000e+00   0.000000e+00   2.018110e+02   4.972361e-10   2.880978e-04
9.420000e+01   -1.747998e+01   0.000000e+00   0.000000e+00   2.026042e+02   4.865376e-10   2.830070e-04
9.430000e+01   -1.873305e+01   0.000000e+00   0.000000e+00   2.033919e+02   4.761141e-10   2.780206e-04
9.440000e+01   -2.016122e+01   0.000000e+00   0.000000e+00   2.041751e+02   4.659563e-10   2.731369e-04
9.450000e+01   -2.155297e+01   0.000000e+00   0.000000e+00   2.049549e+02   4.560551e-10   2.683540e-04
9.460000e+01   -2.269678e+01   0.000000e+00   0.000000e+00   2.057323e+02   4.464020e-10   2.636702e-04
9.470000e+01   -2.339516e+01   0.000000e+00   0.000000e+00   2.065083e+02   4.369887e-10   2.590836e-04
9.480000e+01   -2.363223e+01   0.000000e+00   0.000000e+00   2.072838e+02   4.278072e-10   2.545926e-04
9.490000e+01   -2.351277e+01   0.000000e+00   0.000000e+00   2.080599e+02   4.188497e-10   2.501952e-04
9.500000e+01   -2.314348e+01   0.000000e+00   0.000000e+00   2.088376e+02   4.101089e-10   2.458897e-04
9.510000e+01   -2.263105e+01   0.000000e+00   0.000000e+00   2.096179e+02   4.015777e-10   2.416742e-04
9.520000e+01   -2.182868e+01   0.000000e+00   0.000000e+00   2.104018e+02   3.932493e-10   2.375471e-04
9.530000e+01   -2.020700e+01   0.000000e+00   0.000000e+00   2.111903e+02   3.851169e-10   2.335065e-04
9.540000e+01   -1.802761e+01   0.000000e+00   0.000000e+00   2.119845e+02   3.771741e-10   2.295505e-04
9.550000e+01   -1.560173e+01   0.000000e+00   0.000000e+00   2.127852e+02   3.694149e-10   2.256775e-04
9.560000e+01   -1.324061e+01   0.000000e+00   0.000000e+00   2.135936e+02   3.618333e-10   2.218856e-04
9.570000e+01   -1.089003e+01   0.000000e+00   0.000000e+00   2.144106e+02   3.544234e-10   2.181730e-04
9.580000e+01   -7.861103e+00   0.000000e+00   0.000000e+00   2.152373e+02   3.471796e-10   2.145379e-04
9.590000e+01   -4.771367e+00   0.000000e+00   0.000000e+00   2.160746e+02   3.400966e-10   2.109786e-04
9.600000e+01   -2.337229e+00   0.000000e+00   0.000000e+00   2.169236e+02   3.331691e-10   2.074932e-04
9.610000e+01   -1.275095e+00   0.000000e+00   0.000000e+00   2.177852e+02   3.263921e-10   2.040799e-04
9.620000e+01   -1.796912e+00   0.000000e+00   0.000000e+00   2.186605e+02   3.197605e-10   2.007370e-04
9.630000e+01   -2.457391e+00   0.000000e+00   0.000000e+00   2.195504e+02   3.132696e-10   1.974626e-04
9.640000e+01   -3.101063e+00   0.000000e+00   0.000000e+00   2.204559e+02   3.069152e-10   1.942551e-04
9.650000e+01   -3.728032e+00   0.000000e+00   0.000000e+00   2.213771e+02   3.006947e-10   1.911133e-04
9.660000e+01   -4.339107e+00   0.000000e+00   0.000000e+00   2.223138e+02   2.946063e-10   1.880359e-04
9.670000e+01   -5.158022e+00   0.000000e+00   0.000000e+00   2.232661e+02   2.886478e-10   1.850220e-04
9.680000e+01   -6.883536e+00   0.000000e+00   0.000000e+00   2.242339e+02   2.828171e-10   1.820704e-04
9.690000e+01   -9.117058e+00   0.000000e+00   0.000000e+00   2.252172e+02   2.771123e-10   1.791801e-04
9.700000e+01   -1.134726e+01   0.000000e+00   0.000000e+00   2.262159e+02   2.715311e-10   1.763498e-04
9.710000e+01   -1.306283e+01   0.000000e+00   0.000000e+00   2.272299e+02   2.660714e-10   1.735786e-04
9.720000e+01   -1.393801e+01   0.000000e+00   0.000000e+00   2.282593e+02   2.607312e-10   1.708653e-04
9.730000e+01   -1.456076e+01   0.000000e+00   0.000000e+00   2.293039e+02   2.555082e-10   1.682088e-04
9.740000e+01   -1.509085e+01   0.000000e+00   0.000000e+00   2.303638e+02   2.504003e-10   1.656080e-04
9.750000e+01   -1.559765e+01   0.000000e+00   0.000000e+00   2.314388e+02   2.454053e-10   1.630618e-04
9.760000e+01   -1.615056e+01   0.000000e+00   0.000000e+00   2.325289e+02   2.405210e-10   1.605692e-04
9.770000e+01   -1.687323e+01   0.000000e+00   0.000000e+00   2.336340e+02   2.357452e-10   1.581289e-04
9.780000e+01   -1.798880e+01   0.000000e+00   0.000000e+00   2.347542e+02   2.310756e-10   1.557399e-04
9.790000e+01   -1.928398e+01   0.000000e+00   0.000000e+00   2.358894e+02   2.265102e-10   1.534011e-04
9.800000e+01   -2.049177e+01   0.000000e+00   0.000000e+00   2.370395e+02   2.220467e-10   1.511115e-04
9.810000e+01   -2.134513e+01   0.000000e+00   0.000000e+00   2.382044e+02   2.176829e-10   1.488698e-04
9.820000e+01   -2.162687e+01   0.000000e+00   0.000000e+00   2.393842e+02   2.134166e-10   1.466750e-04
9.830000e+01   -2.153228e+01   0.000000e+00   0.000000e+00   2.405787e+02   2.092456e-10   1.445259e-04
9.840000e+01   -2.126155e+01   0.000000e+00   0.000000e+00   2.417880e+02   2.051676e-10   1.424216e-04
9.850000e+01   -2.098321e+01   0.000000e+00   0.000000e+00   2.430119e+02   2.011806e-10   1.403608e-04
9.860000e+01   -2.086576e+01   0.000000e+00   0.000000e+00   2.442504e+02   1.972823e-10   1.383425e-04
9.870000e+01   -2.106799e+01   0.000000e+00   0.000000e+00   2.455035e+02   1.934705e-10   1.363656e-04
9.880000e+01   -2.159300e+01   0.000000e+00   0.000000e+00   2.467712e+02   1.897432e-10   1.344290e-04
9.890000e+01   -2.233478e+01   0.000000e+00   0.000000e+00   2.480533e+02   1.860980e-10   1.325315e-04
9.900000e+01   -2.318699e+01   0.000000e+00   0.000000e+00   2.493498e+02   1.825330e-10   1.306721e-04
9.910000e+01   -2.404331e+01   0.000000e+00   0.000000e+00   2.506607e+02   1.790460e-10   1.288496e-04
9.920000e+01   -2.483619e+01   0.000000e+00   0.000000e+00   2.519860e+02   1.756348e-10   1.270631e-04
9.930000e+01   -2.575622e+01   0.000000e+00   0.000000e+00   2.533255e+02   1.722974e-10   1.253112e-04
9.940000e+01   -2.673250e+01   0.000000e+00   0.000000e+00   2.546792e+02   1.690317e-10   1.235930e-04
9.950000e+01   -2.762600e+01   0.000000e+00   0.000000e+00   2.560471e+02   1.658356e-10   1.219074e-04
9.960000e+01   -2.829773e+01   0.000000e+00   0.000000e+00   2.574292e+02   1.627071e-10   1.202532e-04
9.970000e+01   -2.858500e+01   0.000000e+00   0.000000e+00   2.588253e+02   1.596443e-10   1.186294e-04
9.980000e+01   -2.828080e+01   0.000000e+00   0.000000e+00   2.602348e+02   1.566459e-10   1.170353e-04
9.990000e+01   -2.762701e+01   0.000000e+00   0.000000e+00   2.616570e+02   1.537113e-10   1.154704e-04
1.000000e+02   -2.694638e+01   0.000000e+00   0.000000e+00   2.630910e+02   1.508398e-10   1.139342e-04
1.001000e+02   -2.656166e+01   0.000000e+00   0.000000e+00   2.645358e+02   1.480305e-10   1.124263e-04
1.002000e+02   -2.676201e+01   0.000000e+00   0.000000e+00   2.659907e+02   1.452827e-10   1.109463e-04
1.003000e+02   -2.735879e+01   0.000000e+00   0.000000e+00   2.674548e+02   1.425956e-10   1.094936e-04
1.004000e+02   -2.813927e+01   0.000000e+00   0.000000e+00   2.689272e+02   1.399682e-10   1.080678e-04
1.005000e+02   -2.895989e+01   0.000000e+00   0.000000e+00   2.704070e+02   1.373998e-10   1.066685e-04
1.006000e+02   -2.967706e+01   0.000000e+00   0.000000e+00   2.718934e+02   1.348893e-10   1.052952e-04
1.007000e+02   -3.016611e+01   0.000000e+00   0.000000e+00   2.733856e+02   1.324358e-10   1.039474e-04
1.008000e+02   -3.057503e+01   0.000000e+00   0.000000e+00   2.748827e+02   1.300384e-10   1.026246e-04
1.009000e+02   -3.097890e+01   0.000000e+00   0.000000e+00   2.763838e+02   1.276962e-10   1.013264e-04
1.010000e+02   -3.138863e+01   0.000000e+00   0.000000e+00   2.778880e+02   1.254081e-10   1.000524e-04
1.011000e+02   -3.181513e+01   0.000000e+00   0.000000e+00   2.793945e+02   1.231731e-10   9.880209e-05
1.012000e+02   -3.235586e+01   0.000000e+00   0.000000e+00   2.809025e+02   1.209903e-10   9.757496e-05
1.013000e+02   -3.417812e+01   0.000000e+00   0.000000e+00   2.824110e+02   1.188586e-10   9.637060e-05
1.014000e+02   -3.708082e+01   0.000000e+00   0.000000e+00   2.839193e+02   1.167770e-10   9.518852e-05
1.015000e+02   -4.033077e+01   0.000000e+00   0.000000e+00   2.854264e+02   1.147445e-10   9.402828e-05
1.016000e+02   -4.319476e+01   0.000000e+00   0.000000e+00   2.869315e+02   1.127602e-10   9.288941e-05
1.017000e+02   -4.500026e+01   0.000000e+00   0.000000e+00   2.884337e+02   1.108228e-10   9.177145e-05
1.018000e+02   -4.637772e+01   0.000000e+00   0.000000e+00   2.899322e+02   1.089316e-10   9.067395e-05
1.019000e+02   -4.765505e+01   0.000000e+00   0.000000e+00   2.914261e+02   1.070853e-10   8.959642e-05
1.020000e+02   -4.876071e+01   0.000000e+00   0.000000e+00   2.929146e+02   1.052831e-10   8.853843e-05
1.021000e+02   -4.962320e+01   0.000000e+00   0.000000e+00   2.943967e+02   1.035238e-10   8.749950e-05
1.022000e+02   -5.016208e+01   0.000000e+00   0.000000e+00   2.958717e+02   1.018066e-10   8.647918e-05
1.023000e+02   -5.016983e+01   0.000000e+00   0.000000e+00   2.973386e+02   1.001303e-10   8.547699e-05
1.024000e+02   -4.978385e+01   0.000000e+00   0.000000e+00   2.987967e+02   9.849406e-11   8.449249e-05
1.025000e+02   -4.927060e+01   0.000000e+00   0.000000e+00   3.002450e+02   9.689682e-11   8.352521e-05
1.026000e+02   -4.889656e+01   0.000000e+00   0.000000e+00   3.016826e+02   9.533762e-11   8.257469e-05
1.027000e+02   -4.891821e+01   0.000000e+00   0.000000e+00   3.031088e+02   9.381549e-11   8.164047e-05
1.028000e+02   -4.919412e+01   0.000000e+00   0.000000e+00   3.045227e+02   9.232947e-11   8.072209e-05
1.029000e+02   -4.953964e+01   0.000000e+00   0.000000e+00   3.059234e+02   9.087861e-11   7.981908e-05
1.030000e+02   -4.989511e+01   0.000000e+00   0.000000e+00   3.073100e+02   8.946197e-11   7.893098e-05
1.031000e+02   -5.020089e+01   0.000000e+00   0.000000e+00   3.086817e+02   8.807862e-11   7.805734e-05
1.032000e+02   -5.037109e+01   0.000000e+00   0.000000e+00   3.100376e+02   8.672764e-11   7.719769e-05
1.033000e+02   -4.930620e+01   0.000000e+00   0.000000e+00   3.113769e+02   8.540813e-11   7.635157e-05
1.034000e+02   -4.694260e+01   0.000000e+00   0.000000e+00   3.126987e+02   8.411918e-11   7.551852e-05
1.035000e+02   -4.395808e+01   0.000000e+00   0.000000e+00   3.140021e+02   8.285992e-11   7.469808e-05
1.036000e+02   -4.103045e+01   0.000000e+00   0.000000e+00   3.152863e+02   8.162946e-11   7.388979e-05
1.037000e+02   -3.882632e+01   0.000000e+00   0.000000e+00   3.165505e+02   8.042694e-11   7.309318e-05
1.038000e+02   -3.710804e+01   0.000000e+00   0.000000e+00   3.177936e+02   7.925151e-11   7.230780e-05
1.039000e+02   -3.550617e+01   0.000000e+00   0.000000e+00   3.190158e+02   7.810231e-11   7.153332e-05
1.040000e+02   -3.404157e+01   0.000000e+00   0.000000e+00   3.202175e+02   7.697848e-11   7.076961e-05
1.041000e+02   -3.273504e+01   0.000000e+00   0.000000e+00   3.213998e+02   7.587918e-11   7.001652e-05
1.042000e+02   -3.160718e+01   0.000000e+00   0.000000e+00   3.225633e+02   7.480362e-11   6.927394e-05
1.043000e+02   -3.063993e+01   0.000000e+00   0.000000e+00   3.237089e+02   7.375103e-11   6.854173e-05
1.044000e+02   -2.978930e+01   0.000000e+00   0.000000e+00   3.248373e+02   7.272067e-11   6.781975e-05
1.045000e+02   -2.902358e+01   0.000000e+00   0.000000e+00   3.259495e+02   7.171184e-11   6.710789e-05
1.046000e+02   -2.831108e+01   0.000000e+00   0.000000e+00   3.270462e+02   7.072384e-11   6.640600e-05
1.047000e+02   -2.761947e+01   0.000000e+00   0.000000e+00   3.281282e+02   6.975602e-11   6.571396e-05
1.048000e+02   -2.679625e+01   0.000000e+00   0.000000e+00   3.291964e+02   6.880774e-11   6.503164e-05
1.049000e+02   -2.588071e+01   0.000000e+00   0.000000e+00   3.302515e+02   6.787838e-11   6.435890e-05
1.050000e+02   -2.507362e+01   0.000000e+00   0.000000e+00   3.312943e+02   6.696737e-11   6.369562e-05
1.051000e+02   -2.457572e+01   0.000000e+00   0.000000e+00   3.323257e+02   6.607412e-11   6.304166e-05
1.052000e+02   -2.458769e+01   0.000000e+00   0.000000e+00   3.333464e+02   6.519809e-11   6.239690e-05
1.053000e+02   -2.514784e+01   0.000000e+00   0.000000e+00   3.343574e+02   6.433874e-11   6.176120e-05
1.054000e+02   -2.607367e+01   0.000000e+00   0.000000e+00   3.353593e+02   6.349555e-11   6.113444e-05
1.055000e+02   -2.721613e+01   0.000000e+00   0.000000e+00   3.363529e+02   6.266803e-11   6.051648e-05
1.056000e+02   -2.842616e+01   0.000000e+00   0.000000e+00   3.373392e+02   6.185570e-11   5.990719e-05
1.057000e+02   -2.955470e+01   0.000000e+00   0.000000e+00   3.383189e+02   6.105809e-11   5.930644e-05
1.058000e+02   -3.078085e+01   0.000000e+00   0.000000e+00   3.392929e+02   6.027474e-11   5.871410e-05
1.059000e+02   -3.221097e+01   0.000000e+00   0.000000e+00   3.402618e+02   5.950523e-11   5.813005e-05
1.060000e+02   -3.358693e+01   0.000000e+00   0.000000e+00   3.412266e+02   5.874912e-11   5.755414e-05
1.061000e+02   -3.465059e+01   0.000000e+00   0.000000e+00   3.421880e+02   5.800600e-11   5.698625e-05
1.062000e+02   -3.514382e+01   0.000000e+00   0.000000e+00   3.431469e+02   5.727549e-11   5.642625e-05
1.063000e+02   -3.522475e+01   0.000000e+00   0.000000e+00   3.441040e+02   5.655718e-11   5.587401e-05
1.064000e+02   -3.527586e+01   0.000000e+00   0.000000e+00   3.450602e+02   5.585071e-11   5.532939e-05
1.065000e+02   -3.529765e+01   0.000000e+00   0.000000e+00   3.460163e+02   5.515570e-11   5.479228e-05
1.066000e+02   -3.529015e+01   0.000000e+00   0.000000e+00   3.469731e+02   5.447182e-11   5.426252e-05
1.067000e+02   -3.525341e+01   0.000000e+00   0.000000e+00   3.479313e+02   5.379870e-11   5.374001e-05
1.068000e+02   -3.528667e+01   0.000000e+00   0.000000e+00   3.488919e+02   5.313603e-11   5.322460e-05
1.069000e+02   -3.547572e+01   0.000000e+00   0.000000e+00   3.498556e+02   5.248347e-11   5.271616e-05
1.070000e+02   -3.575325e+01   0.000000e+00   0.000000e+00   3.508232e+02   5.184072e-11   5.221457e-05
1.071000e+02   -3.605141e+01   0.000000e+00   0.000000e+00   3.517956e+02   5.120745e-11   5.171969e-05
1.072000e+02   -3.630234e+01   0.000000e+00   0.000000e+00   3.527734e+02   5.058338e-11   5.123139e-05
1.073000e+02   -3.652015e+01   0.000000e+00   0.000000e+00   3.537577e+02   4.996822e-11   5.074954e-05
1.074000e+02   -3.677158e+01   0.000000e+00   0.000000e+00   3.547491e+02   4.936168e-11   5.027402e-05
1.075000e+02   -3.701508e+01   0.000000e+00   0.000000e+00   3.557484e+02   4.876349e-11   4.980468e-05
1.076000e+02   -3.720810e+01   0.000000e+00   0.000000e+00   3.567566e+02   4.817339e-11   4.934141e-05
1.077000e+02   -3.730810e+01   0.000000e+00   0.000000e+00   3.577743e+02   4.759111e-11   4.888407e-05
1.078000e+02   -3.730253e+01   0.000000e+00   0.000000e+00   3.588024e+02   4.701640e-11   4.843252e-05
1.079000e+02   -3.722607e+01   0.000000e+00   0.000000e+00   3.598417e+02   4.644901e-11   4.798664e-05
1.080000e+02   -3.708508e+01   0.000000e+00   0.000000e+00   3.608931e+02   4.588871e-11   4.754630e-05
1.081000e+02   -3.688530e+01   0.000000e+00   0.000000e+00   3.619572e+02   4.533526e-11   4.711137e-05
1.082000e+02   -3.663251e+01   0.000000e+00   0.000000e+00   3.630350e+02   4.478844e-11   4.668172e-05
1.083000e+02   -3.636472e+01   0.000000e+00   0.000000e+00   3.641272e+02   4.424802e-11   4.625721e-05
1.084000e+02   -3.610140e+01   0.000000e+00   0.000000e+00   3.652347e+02   4.371380e-11   4.583771e-05
1.085000e+02   -3.576852e+01   0.000000e+00   0.000000e+00   3.663582e+02   4.318555e-11   4.542310e-05
1.086000e+02   -3.529040e+01   0.000000e+00   0.000000e+00   3.674986e+02   4.266309e-11   4.501325e-05
1.087000e+02   -3.459134e+01   0.000000e+00   0.000000e+00   3.686567e+02   4.214620e-11   4.460802e-05
1.088000e+02   -3.363268e+01   0.000000e+00   0.000000e+00   3.698333e+02   4.163470e-11   4.420728e-05
1.089000e+02   -3.249500e+01   0.000000e+00   0.000000e+00   3.710291e+02   4.112841e-11   4.381090e-05
1.090000e+02   -3.125329e+01   0.000000e+00   0.000000e+00   3.722443e+02   4.062727e-11   4.341882e-05
1.091000e+02   -2.998240e+01   0.000000e+00   0.000000e+00   3.734786e+02   4.013130e-11   4.303098e-05
1.092000e+02   -2.875719e+01   0.000000e+00   0.000000e+00   3.747316e+02   3.964053e-11   4.264735e-05
1.093000e+02   -2.761840e+01   0.000000e+00   0.000000e+00   3.760030e+02   3.915498e-11   4.226790e-05
1.094000e+02   -2.651631e+01   0.000000e+00   0.000000e+00   3.772925e+02   3.867467e-11   4.189258e-05
1.095000e+02   -2.543551e+01   0.000000e+00   0.000000e+00   3.785996e+02   3.819962e-11   4.152136e-05
1.096000e+02   -2.436297e+01   0.000000e+00   0.000000e+00   3.799241e+02   3.772985e-11   4.115421e-05
1.097000e+02   -2.328566e+01   0.000000e+00   0.000000e+00   3.812656e+02   3.726535e-11   4.079107e-05
1.098000e+02   -2.233860e+01   0.000000e+00   0.000000e+00   3.826237e+02   3.680613e-11   4.043192e-05
1.099000e+02   -2.176341e+01   0.000000e+00   0.000000e+00   3.839981e+02   3.635220e-11   4.007672e-05
1.100000e+02   -2.131334e+01   0.000000e+00   0.000000e+00   3.853885e+02   3.590356e-11   3.972544e-05
1.101000e+02   -2.071898e+01   0.000000e+00   0.000000e+00   3.867945e+02   3.546021e-11   3.937802e-05
1.102000e+02   -1.971096e+01   0.000000e+00   0.000000e+00   3.882157e+02   3.502213e-11   3.903444e-05
1.103000e+02   -1.820660e+01   0.000000e+00   0.000000e+00   3.896518e+02   3.458932e-11   3.869466e-05
1.104000e+02   -1.660976e+01   0.000000e+00   0.000000e+00   3.911025e+02   3.416176e-11   3.835864e-05
1.105000e+02   -1.495555e+01   0.000000e+00   0.000000e+00   3.925675e+02   3.373945e-11   3.802635e-05
1.106000e+02   -1.324892e+01   0.000000e+00   0.000000e+00   3.940462e+02   3.332236e-11   3.769774e-05
1.107000e+02   -1.149482e+01   0.000000e+00   0.000000e+00   3.955385e+02   3.291048e-11   3.737278e-05
1.108000e+02   -9.514236e+00   0.000000e+00   0.000000e+00   3.970440e+02   3.250379e-11   3.705143e-05
1.109000e+02   -6.889885e+00   0.000000e+00   0.000000e+00   3.985623e+02   3.210226e-11   3.673365e-05
1.110000e+02   -3.953035e+00   0.000000e+00   0.000000e+00   4.000930e+02   3.170587e-11   3.641941e-05
1.111000e+02   -1.087966e+00   0.000000e+00   0.000000e+00   4.016359e+02   3.131458e-11   3.610867e-05
1.112000e+02   1.321039e+00   0.000000e+00   0.000000e+00   4.031906e+02   3.092838e-11   3.580139e-05
1.113000e+02   2.936530e+00   0.000000e+00   0.000000e+00   4.047567e+02   3.054723e-11   3.549754e-05
1.114000e+02   3.826593e+00   0.000000e+00   0.000000e+00   4.063338e+02   3.017110e-11   3.519707e-05
1.115000e+02   4.241334e+00   0.000000e+00   0.000000e+00   4.079218e+02   2.979995e-11   3.489995e-05
1.116000e+02   4.429341e+00   0.000000e+00   0.000000e+00   4.095201e+02   2.943375e-11   3.460614e-05
1.117000e+02   4.639203e+00   0.000000e+00   0.000000e+00   4.111284e+02   2.907246e-11   3.431561e-05
1.118000e+02   5.047094e+00   0.000000e+00   0.000000e+00   4.127464e+02   2.871605e-11   3.402831e-05
1.119000e+02   5.473784e+00   0.000000e+00   0.000000e+00   4.143738e+02   2.836446e-11   3.374421e-05
1.120000e+02   5.838858e+00   0.000000e+00   0.000000e+00   4.160102e+02   2.801767e-11   3.346327e-05
1.121000e+02   6.085949e+00   0.000000e+00   0.000000e+00   4.176552e+02   2.767563e-11   3.318545e-05
1.122000e+02   6.158695e+00   0.000000e+00   0.000000e+00   4.193085e+02   2.733829e-11   3.291073e-05
1.123000e+02   5.930225e+00   0.000000e+00   0.000000e+00   4.209698e+02   2.700562e-11   3.263905e-05
1.124000e+02   5.156601e+00   0.000000e+00   0.000000e+00   4.226387e+02   2.667756e-11   3.237038e-05
1.125000e+02   4.071325e+00   0.000000e+00   0.000000e+00   4.243148e+02   2.635408e-11   3.210469e-05
1.126000e+02   2.959824e+00   0.000000e+00   0.000000e+00   4.259979e+02   2.603512e-11   3.184193e-05
1.127000e+02   2.107528e+00   0.000000e+00   0.000000e+00   4.276875e+02   2.572063e-11   3.158207e-05
1.128000e+02   1.708410e+00   0.000000e+00   0.000000e+00   4.293833e+02   2.541058e-11   3.132507e-05
1.129000e+02   1.463527e+00   0.000000e+00   0.000000e+00   4.310850e+02   2.510490e-11   3.107090e-05
1.130000e+02   1.335439e+00   -0.000000e+00   -0.000000e+00   4.327922e+02   2.480356e-11   3.081951e-05
1.131000e+02   1.347202e+00   -0.000000e+00   -0.000000e+00   4.345046e+02   2.450649e-11   3.057088e-05
1.132000e+02   1.521872e+00   -0.000000e+00   -0.000000e+00   4.362218e+02   2.421365e-11   3.032495e-05
1.133000e+02   1.891198e+00   -0.000000e+00   -0.000000e+00   4.379435e+02   2.392500e-11   3.008170e-05
1.134000e+02   2.473410e+00   -0.000000e+00   -0.000000e+00   4.396694e+02   2.364047e-11   2.984109e-05
1.135000e+02   3.154648e+00   -0.000000e+00   -0.000000e+00   4.413990e+02   2.336001e-11   2.960307e-05
1.136000e+02   3.806024e+00   -0.000000e+00   -0.000000e+00   4.431320e+02   2.308358e-11   2.936762e-05
1.137000e+02   4.298654e+00   -0.000000e+00   -0.000000e+00   4.448681e+02   2.281112e-11   2.913469e-05
1.138000e+02   4.447934e+00   -0.000000e+00   -0.000000e+00   4.466070e+02   2.254259e-11   2.890424e-05
1.139000e+02   3.941908e+00   -0.000000e+00   -0.000000e+00   4.483482e+02   2.227791e-11   2.867625e-05
1.140000e+02   3.110628e+00   -0.000000e+00   -0.000000e+00   4.500915e+02   2.201706e-11   2.845067e-05
1.141000e+02   2.383384e+00   -0.000000e+00   -0.000000e+00   4.518365e+02   2.175996e-11   2.822746e-05
1.142000e+02   2.189462e+00   -0.000000e+00   -0.000000e+00   4.535828e+02   2.150657e-11   2.800659e-05
1.143000e+02   2.839921e+00   -0.000000e+00   -0.000000e+00   4.553302e+02   2.125684e-11   2.778801e-05
1.144000e+02   3.682231e+00   -0.000000e+00   -0.000000e+00   4.570782e+02   2.101071e-11   2.757170e-05
1.145000e+02   4.548283e+00   -0.000000e+00   -0.000000e+00   4.588265e+02   2.076813e-11   2.735762e-05
1.146000e+02   5.449802e+00   -0.000000e+00   -0.000000e+00   4.605747e+02   2.052905e-11   2.714572e-05
1.147000e+02   6.398509e+00   -0.000000e+00   -0.000000e+00   4.623226e+02   2.029342e-11   2.693597e-05
1.148000e+02   7.490944e+00   -0.000000e+00   -0.000000e+00   4.640697e+02   2.006117e-11   2.672833e-05
1.149000e+02   9.357750e+00   -0.000000e+00   -0.000000e+00   4.658158e+02   1.983227e-11   2.652277e-05
1.150000e+02   1.172608e+01   -0.000000e+00   -0.000000e+00   4.675605e+02   1.960666e-11   2.631926e-05
1.151000e+02   1.410234e+01   -0.000000e+00   -0.000000e+00   4.693039e+02   1.938429e-11   2.611780e-05
1.152000e+02   1.599293e+01   -0.000000e+00   -0.000000e+00   4.710457e+02   1.916513e-11   2.591835e-05
1.153000e+02   1.693080e+01   -0.000000e+00   -0.000000e+00   4.727858e+02   1.894914e-11   2.572090e-05
1.154000e+02   1.696081e+01   -0.000000e+00   -0.000000e+00   4.745239e+02   1.873625e-11   2.552544e-05
1.155000e+02   1.641629e+01   -0.000000e+00   -0.000000e+00   4.762601e+02   1.852644e-11   2.533195e-05
1.156000e+02   1.560496e+01   -0.000000e+00   -0.000000e+00   4.779939e+02   1.831966e-11   2.514040e-05
1.157000e+02   1.483453e+01   -0.000000e+00   -0.000000e+00   4.797255e+02   1.811587e-11   2.495079e-05
1.158000e+02   1.438619e+01   -0.000000e+00   -0.000000e+00   4.814544e+02   1.791502e-11   2.476310e-05
1.159000e+02   1.411340e+01   -0.000000e+00   -0.000000e+00   4.831807e+02   1.771708e-11   2.457730e-05
1.160000e+02   1.387656e+01   -0.000000e+00   -0.000000e+00   4.849042e+02   1.752200e-11   2.439338e-05
1.161000e+02   1.361498e+01   -0.000000e+00   -0.000000e+00   4.866246e+02   1.732974e-11   2.421132e-05
1.162000e+02   1.326796e+01   -0.000000e+00   -0.000000e+00   4.883418e+02   1.714026e-11   2.403111e-05
1.163000e+02   1.276930e+01   -0.000000e+00   -0.000000e+00   4.900557e+02   1.695353e-11   2.385272e-05
1.164000e+02   1.202726e+01   -0.000000e+00   -0.000000e+00   4.917662e+02   1.676950e-11   2.367615e-05
1.165000e+02   1.113191e+01   -0.000000e+00   -0.000000e+00   4.934729e+02   1.658813e-11   2.350136e-05
1.166000e+02   1.021925e+01   -0.000000e+00   -0.000000e+00   4.951759e+02   1.640938e-11   2.332835e-05
1.167000e+02   9.425252e+00   -0.000000e+00   -0.000000e+00   4.968749e+02   1.623322e-11   2.315710e-05
1.168000e+02   8.870544e+00   -0.000000e+00   -0.000000e+00   4.985698e+02   1.605961e-11   2.298758e-05
1.169000e+02   8.371767e+00   -0.000000e+00   -0.000000e+00   5.002604e+02   1.588851e-11   2.281979e-05
1.170000e+02   7.885250e+00   -0.000000e+00   -0.000000e+00   5.019465e+02   1.571989e-11   2.265370e-05
1.171000e+02   7.477332e+00   -0.000000e+00   -0.000000e+00   5.036281e+02   1.555370e-11   2.248930e-05
1.172000e+02   7.214350e+00   -0.000000e+00   -0.000000e+00   5.053048e+02   1.538991e-11   2.232657e-05
1.173000e+02   7.193997e+00   -0.000000e+00   -0.000000e+00   5.069767e+02   1.522849e-11   2.216549e-05
1.174000e+02   8.121171e+00   -0.000000e+00   -0.000000e+00   5.086434e+02   1.506941e-11   2.200604e-05
1.175000e+02   9.890668e+00   -0.000000e+00   -0.000000e+00   5.103049e+02   1.491261e-11   2.184821e-05
1.176000e+02   1.200341e+01   -0.000000e+00   -0.000000e+00   5.119611e+02   1.475808e-11   2.169198e-05
1.177000e+02   1.396032e+01   -0.000000e+00   -0.000000e+00   5.136116e+02   1.460577e-11   2.153733e-05
1.178000e+02   1.528203e+01   -0.000000e+00   -0.000000e+00   5.152565e+02   1.445566e-11   2.138424e-05
1.179000e+02   1.623655e+01   -0.000000e+00   -0.000000e+00   5.168954e+02   1.430771e-11   2.123270e-05
1.180000e+02   1.707307e+01   -0.000000e+00   -0.000000e+00   5.185283e+02   1.416188e-11   2.108268e-05
1.181000e+02   1.777693e+01   -0.000000e+00   -0.000000e+00   5.201551e+02   1.401815e-11   2.093418e-05
1.182000e+02   1.833344e+01   -0.000000e+00   -0.000000e+00   5.217754e+02   1.387648e-11   2.078717e-05
1.183000e+02   1.872872e+01   -0.000000e+00   -0.000000e+00   5.233893e+02   1.373685e-11   2.064164e-05
1.184000e+02   1.899352e+01   -0.000000e+00   -0.000000e+00   5.249964e+02   1.359921e-11   2.049757e-05
1.185000e+02   1.916930e+01   -0.000000e+00   -0.000000e+00   5.265968e+02   1.346354e-11   2.035493e-05
1.186000e+02   1.928270e+01   -0.000000e+00   -0.000000e+00   5.281901e+02   1.332980e-11   2.021372e-05
1.187000e+02   1.936039e+01   -0.000000e+00   -0.000000e+00   5.297763e+02   1.319797e-11   2.007392e-05
1.188000e+02   1.942910e+01   -0.000000e+00   -0.000000e+00   5.313552e+02   1.306802e-11   1.993550e-05
1.189000e+02   1.950957e+01   -0.000000e+00   -0.000000e+00   5.329266e+02   1.293992e-11   1.979845e-05
1.190000e+02   1.958230e+01   -0.000000e+00   -0.000000e+00   5.344903e+02   1.281363e-11   1.966276e-05
1.191000e+02   1.961685e+01   -0.000000e+00   -0.000000e+00   5.360463e+02   1.268914e-11   1.952840e-05
1.192000e+02   1.958275e+01   -0.000000e+00   -0.000000e+00   5.375943e+02   1.256640e-11   1.939536e-05
1.193000e+02   1.944975e+01   -0.000000e+00   -0.000000e+00   5.391342e+02   1.244539e-11   1.926362e-05
1.194000e+02   1.922770e+01   -0.000000e+00   -0.000000e+00   5.406659e+02   1.232609e-11   1.913316e-05
1.195000e+02   1.895949e+01   -0.000000e+00   -0.000000e+00   5.421891e+02   1.220847e-11   1.900397e-05
1.196000e+02   1.867753e+01   -0.000000e+00   -0.000000e+00   5.437037e+02   1.209250e-11   1.887603e-05
1.197000e+02   1.841425e+01   -0.000000e+00   -0.000000e+00   5.452096e+02   1.197814e-11   1.874931e-05
1.198000e+02   1.820265e+01   -0.000000e+00   -0.000000e+00   5.467066e+02   1.186539e-11   1.862381e-05
1.199000e+02   1.820130e+01   -0.000000e+00   -0.000000e+00   5.481945e+02   1.175420e-11   1.849951e-05
1.200000e+02   1.846164e+01   -0.000000e+00   -0.000000e+00   5.496732e+02   1.164456e-11   1.837638e-05
1.201000e+02   1.890488e+01   -0.000000e+00   -0.000000e+00   5.511425e+02   1.153643e-11   1.825441e-05
1.202000e+02   1.945227e+01   -0.000000e+00   -0.000000e+00   5.526023e+02   1.142980e-11   1.813358e-05
1.203000e+02   2.002517e+01   -0.000000e+00   -0.000000e+00   5.540523e+02   1.132463e-11   1.801388e-05
1.204000e+02   2.070414e+01   -0.000000e+00   -0.000000e+00   5.554925e+02   1.122091e-11   1.789528e-05
1.205000e+02   2.156644e+01   -0.000000e+00   -0.000000e+00   5.569227e+02   1.111860e-11   1.777778e-05
1.206000e+02   2.255676e+01   -0.000000e+00   -0.000000e+00   5.583427e+02   1.101769e-11   1.766134e-05
1.207000e+02   2.361981e+01   -0.000000e+00   -0.000000e+00   5.597523e+02   1.091815e-11   1.754596e-05
1.208000e+02   2.470030e+01   -0.000000e+00   -0.000000e+00   5.611515e+02   1.081995e-11   1.743162e-05
1.209000e+02   2.581425e+01   -0.000000e+00   -0.000000e+00   5.625400e+02   1.072308e-11   1.731830e-05
1.210000e+02   2.700583e+01   -0.000000e+00   -0.000000e+00   5.639177e+02   1.062750e-11   1.720598e-05
1.211000e+02   2.826192e+01   -0.000000e+00   -0.000000e+00   5.652844e+02   1.053321e-11   1.709464e-05
1.212000e+02   2.956944e+01   -0.000000e+00   -0.000000e+00   5.666399e+02   1.044017e-11   1.698427e-05
1.213000e+02   3.091527e+01   -0.000000e+00   -0.000000e+00   5.679842e+02   1.034835e-11   1.687485e-05
1.214000e+02   3.236340e+01   -0.000000e+00   -0.000000e+00   5.693170e+02   1.025775e-11   1.676636e-05
1.215000e+02   3.393469e+01   -0.000000e+00   -0.000000e+00   5.706382e+02   1.016834e-11   1.665879e-05
1.216000e+02   3.553262e+01   -0.000000e+00   -0.000000e+00   5.719477e+02   1.008010e-11   1.655211e-05
1.217000e+02   3.706056e+01   -0.000000e+00   -0.000000e+00   5.732451e+02   9.992994e-12   1.644631e-05
1.218000e+02   3.842191e+01   -0.000000e+00   -0.000000e+00   5.745306e+02   9.907018e-12   1.634137e-05
1.219000e+02   3.963129e+01   -0.000000e+00   -0.000000e+00   5.758037e+02   9.822144e-12   1.623727e-05
1.220000e+02   4.078530e+01   -0.000000e+00   -0.000000e+00   5.770645e+02   9.738354e-12   1.613401e-05
1.221000e+02   4.186670e+01   -0.000000e+00   -0.000000e+00   5.783128e+02   9.655627e-12   1.603156e-05
1.222000e+02   4.285732e+01   -0.000000e+00   -0.000000e+00   5.795489e+02   9.573948e-12   1.592992e-05
1.223000e+02   4.373895e+01   -0.000000e+00   -0.000000e+00   5.807728e+02   9.493301e-12   1.582909e-05
1.224000e+02   4.454198e+01   -0.000000e+00   -0.000000e+00   5.819846e+02   9.413668e-12   1.572906e-05
1.225000e+02   4.531238e+01   -0.000000e+00   -0.000000e+00   5.831844e+02   9.335034e-12   1.562983e-05
1.226000e+02   4.602169e+01   -0.000000e+00   -0.000000e+00   5.843723e+02   9.257383e-12   1.553139e-05
1.227000e+02   4.664085e+01   -0.000000e+00   -0.000000e+00   5.855484e+02   9.180701e-12   1.543373e-05
1.228000e+02   4.714076e+01   -0.000000e+00   -0.000000e+00   5.867129e+02   9.104972e-12   1.533687e-05
1.229000e+02   4.756364e+01   -0.000000e+00   -0.000000e+00   5.878658e+02   9.030181e-12   1.524077e-05
1.230000e+02   4.798693e+01   -0.000000e+00   -0.000000e+00   5.890073e+02   8.956314e-12   1.514546e-05
1.231000e+02   4.836550e+01   -0.000000e+00   -0.000000e+00   5.901374e+02   8.883358e-12   1.505091e-05
1.232000e+02   4.865248e+01   -0.000000e+00   -0.000000e+00   5.912562e+02   8.811297e-12   1.495712e-05
1.233000e+02   4.880099e+01   -0.000000e+00   -0.000000e+00   5.923639e+02   8.740119e-12   1.486409e-05
1.234000e+02   4.883408e+01   -0.000000e+00   -0.000000e+00   5.934605e+02   8.669811e-12   1.477181e-05
1.235000e+02   4.886461e+01   -0.000000e+00   -0.000000e+00   5.945462e+02   8.600358e-12   1.468029e-05
1.236000e+02   4.890372e+01   -0.000000e+00   -0.000000e+00   5.956211e+02   8.531749e-12   1.458950e-05
1.237000e+02   4.895999e+01   -0.000000e+00   -0.000000e+00   5.966852e+02   8.463970e-12   1.449946e-05
1.238000e+02   4.904202e+01   -0.000000e+00   -0.000000e+00   5.977386e+02   8.397009e-12   1.441014e-05
1.239000e+02   4.922462e+01   -0.000000e+00   -0.000000e+00   5.987816e+02   8.330854e-12   1.432156e-05
1.240000e+02   4.959360e+01   -0.000000e+00   -0.000000e+00   5.998141e+02   8.265494e-12   1.423370e-05
1.241000e+02   5.005245e+01   -0.000000e+00   -0.000000e+00   6.008362e+02   8.200915e-12   1.414656e-05
1.242000e+02   5.049978e+01   -0.000000e+00   -0.000000e+00   6.018482e+02   8.137107e-12   1.406013e-05
1.243000e+02   5.083422e+01   -0.000000e+00   -0.000000e+00   6.028500e+02   8.074059e-12   1.397441e-05
1.244000e+02   5.103459e+01   -0.000000e+00   -0.000000e+00   6.038419e+02   8.011759e-12   1.388940e-05
1.245000e+02   5.123735e+01   -0.000000e+00   -0.000000e+00   6.048238e+02   7.950196e-12   1.380508e-05
1.246000e+02   5.144854e+01   -0.000000e+00   -0.000000e+00   6.057959e+02   7.889360e-12   1.372146e-05
1.247000e+02   5.166770e+01   -0.000000e+00   -0.000000e+00   6.067583e+02   7.829239e-12   1.363853e-05
1.248000e+02   5.189438e+01   -0.000000e+00   -0.000000e+00   6.077111e+02   7.769824e-12   1.355629e-05
1.249000e+02   5.208427e+01   -0.000000e+00   -0.000000e+00   6.086544e+02   7.711104e-12   1.347472e-05
1.250000e+02   5.216053e+01   -0.000000e+00   -0.000000e+00   6.095884e+02   7.653069e-12   1.339383e-05
1.251000e+02   5.219004e+01   -0.000000e+00   -0.000000e+00   6.105130e+02   7.595709e-12   1.331360e-05
1.252000e+02   5.224633e+01   -0.000000e+00   -0.000000e+00   6.114285e+02   7.539015e-12   1.323405e-05
1.253000e+02   5.240297e+01   -0.000000e+00   -0.000000e+00   6.123348e+02   7.482977e-12   1.315515e-05
1.254000e+02   5.276101e+01   -0.000000e+00   -0.000000e+00   6.132322e+02   7.427585e-12   1.307690e-05
1.255000e+02   5.337173e+01   -0.000000e+00   -0.000000e+00   6.141207e+02   7.372830e-12   1.299931e-05
1.256000e+02   5.410505e+01   -0.000000e+00   -0.000000e+00   6.150005e+02   7.318704e-12   1.292236e-05
1.257000e+02   5.482267e+01   -0.000000e+00   -0.000000e+00   6.158716e+02   7.265196e-12   1.284606e-05
1.258000e+02   5.538630e+01   -0.000000e+00   -0.000000e+00   6.167341e+02   7.212298e-12   1.277038e-05
1.259000e+02   5.572452e+01   -0.000000e+00   -0.000000e+00   6.175881e+02   7.160002e-12   1.269534e-05
1.260000e+02   5.598733e+01   -0.000000e+00   -0.000000e+00   6.184338e+02   7.108299e-12   1.262093e-05
1.261000e+02   5.620358e+01   -0.000000e+00   -0.000000e+00   6.192713e+02   7.057180e-12   1.254713e-05
1.262000e+02   5.638825e+01   -0.000000e+00   -0.000000e+00   6.201006e+02   7.006636e-12   1.247395e-05
1.263000e+02   5.655627e+01   -0.000000e+00   -0.000000e+00   6.209218e+02   6.956661e-12   1.240138e-05
1.264000e+02   5.667844e+01   -0.000000e+00   -0.000000e+00   6.217352e+02   6.907246e-12   1.232942e-05
1.265000e+02   5.663896e+01   -0.000000e+00   -0.000000e+00   6.225406e+02   6.858382e-12   1.225806e-05
1.266000e+02   5.650518e+01   -0.000000e+00   -0.000000e+00   6.233384e+02   6.810062e-12   1.218729e-05
1.267000e+02   5.636080e+01   -0.000000e+00   -0.000000e+00   6.241285e+02   6.762278e-12   1.211712e-05
1.268000e+02   5.628952e+01   -0.000000e+00   -0.000000e+00   6.249111e+02   6.715022e-12   1.204753e-05
1.269000e+02   5.632999e+01   -0.000000e+00   -0.000000e+00   6.256862e+02   6.668288e-12   1.197852e-05
1.270000e+02   5.636696e+01   -0.000000e+00   -0.000000e+00   6.264541e+02   6.622067e-12   1.191009e-05
1.271000e+02   5.643274e+01   -0.000000e+00   -0.000000e+00   6.272147e+02   6.576352e-12   1.184223e-05
1.272000e+02   5.657881e+01   -0.000000e+00   -0.000000e+00   6.279682e+02   6.531136e-12   1.177494e-05
1.273000e+02   5.685667e+01   -0.000000e+00   -0.000000e+00   6.287147e+02   6.486413e-12   1.170821e-05
1.274000e+02   5.729279e+01   -0.000000e+00   -0.000000e+00   6.294543e+02   6.442174e-12   1.164204e-05
1.275000e+02   5.779705e+01   -0.000000e+00   -0.000000e+00   6.301871e+02   6.398413e-12   1.157642e-05
1.276000e+02   5.834594e+01   -0.000000e+00   -0.000000e+00   6.309132e+02   6.355123e-12   1.151134e-05
1.277000e+02   5.892863e+01   -0.000000e+00   -0.000000e+00   6.316327e+02   6.312297e-12   1.144681e-05
1.278000e+02   5.953429e+01   -0.000000e+00   -0.000000e+00   6.323457e+02   6.269929e-12   1.138281e-05
1.279000e+02   6.018652e+01   -0.000000e+00   -0.000000e+00   6.330524e+02   6.228013e-12   1.131935e-05
1.280000e+02   6.101426e+01   -0.000000e+00   -0.000000e+00   6.337527e+02   6.186541e-12   1.125641e-05
1.281000e+02   6.193099e+01   -0.000000e+00   -0.000000e+00   6.344469e+02   6.145507e-12   1.119400e-05
1.282000e+02   6.281999e+01   -0.000000e+00   -0.000000e+00   6.351349e+02   6.104905e-12   1.113210e-05
1.283000e+02   6.356453e+01   -0.000000e+00   -0.000000e+00   6.358171e+02   6.064729e-12   1.107072e-05
1.284000e+02   6.405975e+01   -0.000000e+00   -0.000000e+00   6.364933e+02   6.024972e-12   1.100985e-05
1.285000e+02   6.433290e+01   -0.000000e+00   -0.000000e+00   6.371638e+02   5.985629e-12   1.094947e-05
1.286000e+02   6.446542e+01   -0.000000e+00   -0.000000e+00   6.378286e+02   5.946693e-12   1.088960e-05
1.287000e+02   6.453499e+01   -0.000000e+00   -0.000000e+00   6.384879e+02   5.908159e-12   1.083022e-05
1.288000e+02   6.461930e+01   -0.000000e+00   -0.000000e+00   6.391417e+02   5.870020e-12   1.077132e-05
1.289000e+02   6.476806e+01   -0.000000e+00   -0.000000e+00   6.397901e+02   5.832271e-12   1.071291e-05
1.290000e+02   6.486538e+01   -0.000000e+00   -0.000000e+00   6.404333e+02   5.794906e-12   1.065498e-05
1.291000e+02   6.494963e+01   -0.000000e+00   -0.000000e+00   6.410714e+02   5.757919e-12   1.059752e-05
1.292000e+02   6.509556e+01   -0.000000e+00   -0.000000e+00   6.417044e+02   5.721305e-12   1.054053e-05
1.293000e+02   6.537794e+01   -0.000000e+00   -0.000000e+00   6.423325e+02   5.685059e-12   1.048400e-05
1.294000e+02   6.584904e+01   -0.000000e+00   -0.000000e+00   6.429557e+02   5.649174e-12   1.042794e-05
1.295000e+02   6.637578e+01   -0.000000e+00   -0.000000e+00   6.435743e+02   5.613645e-12   1.037232e-05
1.296000e+02   6.691387e+01   -0.000000e+00   -0.000000e+00   6.441881e+02   5.578467e-12   1.031716e-05
1.297000e+02   6.745292e+01   -0.000000e+00   -0.000000e+00   6.447975e+02   5.543635e-12   1.026243e-05
1.298000e+02   6.798254e+01   -0.000000e+00   -0.000000e+00   6.454025e+02   5.509144e-12   1.020815e-05
1.299000e+02   6.849445e+01   -0.000000e+00   -0.000000e+00   6.460031e+02   5.474987e-12   1.015430e-05
1.300000e+02   6.900102e+01   -0.000000e+00   -0.000000e+00   6.465995e+02   5.441161e-12   1.010088e-05
