#% 0, Z0, m, 0.0
#% 1, Z, km
#% 2, U, m/s
#% 3, V, m/s
#% 4, W, m/s
#% 5, T, degK
#% 6, RHO, g/cm3
#% 7, P, mbar
0.000000e+00   -5.972858e+00   0.000000e+00   0.000000e+00   2.798917e+02   1.206250e-03   9.693038e+02
1.000000e-01   -6.384190e+00   0.000000e+00   0.000000e+00   2.792302e+02   1.194525e-03   9.576124e+02
2.000000e-01   -6.236525e+00   0.000000e+00   0.000000e+00   2.784981e+02   1.183184e-03   9.460342e+02
3.000000e-01   -5.564344e+00   0.000000e+00   0.000000e+00   2.777498e+02   1.171996e-03   9.345710e+02
4.000000e-01   -4.421122e+00   0.000000e+00   0.000000e+00   2.770344e+02   1.160755e-03   9.232232e+02
5.000000e-01   -2.985293e+00   0.000000e+00   0.000000e+00   2.763697e+02   1.149385e-03   9.119859e+02
6.000000e-01   -1.711802e+00   0.000000e+00   0.000000e+00   2.757200e+02   1.138031e-03   9.008546e+02
7.000000e-01   -9.455412e-01   0.000000e+00   0.000000e+00   2.750489e+02   1.126845e-03   8.898289e+02
8.000000e-01   -5.766542e-01   0.000000e+00   0.000000e+00   2.743645e+02   1.115795e-03   8.789105e+02
9.000000e-01   -4.164381e-01   0.000000e+00   0.000000e+00   2.736726e+02   1.104858e-03   8.681010e+02
1.000000e+00   -3.683836e-01   0.000000e+00   0.000000e+00   2.729977e+02   1.093943e-03   8.574048e+02
1.100000e+00   -4.084924e-01   0.000000e+00   0.000000e+00   2.723447e+02   1.083029e-03   8.468207e+02
1.200000e+00   -5.250869e-01   0.000000e+00   0.000000e+00   2.716746e+02   1.072262e-03   8.363389e+02
1.300000e+00   -6.809006e-01   0.000000e+00   0.000000e+00   2.709389e+02   1.061824e-03   8.259543e+02
1.400000e+00   -8.450841e-01   0.000000e+00   0.000000e+00   2.700836e+02   1.051922e-03   8.156692e+02
1.500000e+00   -1.013889e+00   0.000000e+00   0.000000e+00   2.692003e+02   1.042203e-03   8.054898e+02
1.600000e+00   -1.205032e+00   0.000000e+00   0.000000e+00   2.686178e+02   1.031406e-03   7.954208e+02
1.700000e+00   -1.420408e+00   0.000000e+00   0.000000e+00   2.685102e+02   1.018900e-03   7.854611e+02
1.800000e+00   -1.660652e+00   0.000000e+00   0.000000e+00   2.688064e+02   1.005009e-03   7.756073e+02
1.900000e+00   -1.900147e+00   0.000000e+00   0.000000e+00   2.690362e+02   9.915255e-04   7.658557e+02
2.000000e+00   -2.119638e+00   0.000000e+00   0.000000e+00   2.688174e+02   9.798253e-04   7.562030e+02
2.100000e+00   -2.355225e+00   0.000000e+00   0.000000e+00   2.683265e+02   9.692145e-04   7.466479e+02
2.200000e+00   -2.635786e+00   0.000000e+00   0.000000e+00   2.678679e+02   9.585752e-04   7.371897e+02
2.300000e+00   -2.928620e+00   0.000000e+00   0.000000e+00   2.675352e+02   9.475785e-04   7.278275e+02
2.400000e+00   -3.184510e+00   0.000000e+00   0.000000e+00   2.672157e+02   9.366314e-04   7.185601e+02
2.500000e+00   -3.356604e+00   0.000000e+00   0.000000e+00   2.668109e+02   9.260766e-04   7.093863e+02
2.600000e+00   -3.405606e+00   0.000000e+00   0.000000e+00   2.663274e+02   9.158825e-04   7.003061e+02
2.700000e+00   -3.338656e+00   0.000000e+00   0.000000e+00   2.658028e+02   9.059138e-04   6.913194e+02
2.800000e+00   -3.214575e+00   0.000000e+00   0.000000e+00   2.652637e+02   8.960770e-04   6.824259e+02
2.900000e+00   -3.096827e+00   0.000000e+00   0.000000e+00   2.647191e+02   8.863404e-04   6.736251e+02
3.000000e+00   -3.048954e+00   0.000000e+00   0.000000e+00   2.641758e+02   8.766812e-04   6.649163e+02
3.100000e+00   -3.135299e+00   0.000000e+00   0.000000e+00   2.636316e+02   8.671049e-04   6.562985e+02
3.200000e+00   -3.356686e+00   0.000000e+00   0.000000e+00   2.630780e+02   8.576382e-04   6.477703e+02
3.300000e+00   -3.648738e+00   0.000000e+00   0.000000e+00   2.625064e+02   8.483071e-04   6.393303e+02
3.400000e+00   -3.945235e+00   0.000000e+00   0.000000e+00   2.619143e+02   8.391167e-04   6.309775e+02
3.500000e+00   -4.177898e+00   0.000000e+00   0.000000e+00   2.613173e+02   8.300148e-04   6.227108e+02
3.600000e+00   -4.286395e+00   0.000000e+00   0.000000e+00   2.607343e+02   8.209412e-04   6.145293e+02
3.700000e+00   -4.296243e+00   0.000000e+00   0.000000e+00   2.601841e+02   8.118376e-04   6.064321e+02
3.800000e+00   -4.281924e+00   0.000000e+00   0.000000e+00   2.596826e+02   8.026565e-04   5.984185e+02
3.900000e+00   -4.314699e+00   0.000000e+00   0.000000e+00   2.592211e+02   7.934284e-04   5.904873e+02
4.000000e+00   -4.463848e+00   0.000000e+00   0.000000e+00   2.587777e+02   7.842224e-04   5.826374e+02
4.100000e+00   -4.763559e+00   0.000000e+00   0.000000e+00   2.583301e+02   7.751054e-04   5.748680e+02
4.200000e+00   -5.139315e+00   0.000000e+00   0.000000e+00   2.578564e+02   7.661414e-04   5.671778e+02
4.300000e+00   -5.550413e+00   0.000000e+00   0.000000e+00   2.573433e+02   7.573664e-04   5.595659e+02
4.400000e+00   -5.957903e+00   0.000000e+00   0.000000e+00   2.567994e+02   7.487510e-04   5.520313e+02
4.500000e+00   -6.322583e+00   0.000000e+00   0.000000e+00   2.562365e+02   7.402573e-04   5.445729e+02
4.600000e+00   -6.605105e+00   0.000000e+00   0.000000e+00   2.556666e+02   7.318488e-04   5.371897e+02
4.700000e+00   -6.800222e+00   0.000000e+00   0.000000e+00   2.551014e+02   7.234907e-04   5.298807e+02
4.800000e+00   -6.942927e+00   0.000000e+00   0.000000e+00   2.545445e+02   7.151724e-04   5.226451e+02
4.900000e+00   -7.075169e+00   0.000000e+00   0.000000e+00   2.539879e+02   7.069172e-04   5.154825e+02
5.000000e+00   -7.239372e+00   0.000000e+00   0.000000e+00   2.534222e+02   6.987503e-04   5.083923e+02
5.100000e+00   -7.470064e+00   0.000000e+00   0.000000e+00   2.528382e+02   6.906959e-04   5.013742e+02
5.200000e+00   -7.754142e+00   0.000000e+00   0.000000e+00   2.522269e+02   6.827772e-04   4.944276e+02
5.300000e+00   -8.066826e+00   0.000000e+00   0.000000e+00   2.515828e+02   6.750062e-04   4.875522e+02
5.400000e+00   -8.380810e+00   0.000000e+00   0.000000e+00   2.509074e+02   6.673770e-04   4.807474e+02
5.500000e+00   -8.668459e+00   0.000000e+00   0.000000e+00   2.502023e+02   6.598822e-04   4.740128e+02
5.600000e+00   -8.915213e+00   0.000000e+00   0.000000e+00   2.494697e+02   6.525145e-04   4.673479e+02
5.700000e+00   -9.148279e+00   0.000000e+00   0.000000e+00   2.487113e+02   6.452671e-04   4.607522e+02
5.800000e+00   -9.361336e+00   0.000000e+00   0.000000e+00   2.479287e+02   6.381344e-04   4.542253e+02
5.900000e+00   -9.549959e+00   0.000000e+00   0.000000e+00   2.471214e+02   6.311166e-04   4.477672e+02
6.000000e+00   -9.711420e+00   0.000000e+00   0.000000e+00   2.462882e+02   6.242155e-04   4.413778e+02
6.100000e+00   -9.798897e+00   0.000000e+00   0.000000e+00   2.454282e+02   6.174328e-04   4.350573e+02
6.200000e+00   -9.684644e+00   0.000000e+00   0.000000e+00   2.445402e+02   6.107703e-04   4.288056e+02
6.300000e+00   -9.474639e+00   0.000000e+00   0.000000e+00   2.436232e+02   6.042295e-04   4.226228e+02
6.400000e+00   -9.293427e+00   0.000000e+00   0.000000e+00   2.426822e+02   5.977982e-04   4.165095e+02
6.500000e+00   -9.257561e+00   0.000000e+00   0.000000e+00   2.417328e+02   5.914399e-04   4.104673e+02
6.600000e+00   -9.494742e+00   0.000000e+00   0.000000e+00   2.407915e+02   5.851170e-04   4.044979e+02
6.700000e+00   -1.005485e+01   0.000000e+00   0.000000e+00   2.398749e+02   5.787931e-04   3.986030e+02
6.800000e+00   -1.077318e+01   0.000000e+00   0.000000e+00   2.389996e+02   5.724327e-04   3.927841e+02
6.900000e+00   -1.146877e+01   0.000000e+00   0.000000e+00   2.381820e+02   5.660021e-04   3.870431e+02
7.000000e+00   -1.196266e+01   0.000000e+00   0.000000e+00   2.374318e+02   5.594845e-04   3.813812e+02
7.100000e+00   -1.213762e+01   0.000000e+00   0.000000e+00   2.367436e+02   5.528980e-04   3.757989e+02
7.200000e+00   -1.219629e+01   0.000000e+00   0.000000e+00   2.361099e+02   5.462644e-04   3.702964e+02
7.300000e+00   -1.219062e+01   0.000000e+00   0.000000e+00   2.355236e+02   5.396053e-04   3.648741e+02
7.400000e+00   -1.213538e+01   0.000000e+00   0.000000e+00   2.349774e+02   5.329415e-04   3.595323e+02
7.500000e+00   -1.204534e+01   0.000000e+00   0.000000e+00   2.344638e+02   5.262933e-04   3.542713e+02
7.600000e+00   -1.191098e+01   0.000000e+00   0.000000e+00   2.339758e+02   5.196797e-04   3.490914e+02
7.700000e+00   -1.163162e+01   0.000000e+00   0.000000e+00   2.335099e+02   5.131103e-04   3.439920e+02
7.800000e+00   -1.127572e+01   0.000000e+00   0.000000e+00   2.330649e+02   5.065874e-04   3.389719e+02
7.900000e+00   -1.093943e+01   0.000000e+00   0.000000e+00   2.326403e+02   5.001128e-04   3.340298e+02
8.000000e+00   -1.071892e+01   0.000000e+00   0.000000e+00   2.322350e+02   4.936883e-04   3.291644e+02
8.100000e+00   -1.072235e+01   0.000000e+00   0.000000e+00   2.318483e+02   4.873158e-04   3.243745e+02
8.200000e+00   -1.103621e+01   0.000000e+00   0.000000e+00   2.314794e+02   4.809967e-04   3.196589e+02
8.300000e+00   -1.152700e+01   0.000000e+00   0.000000e+00   2.311275e+02   4.747326e-04   3.150162e+02
8.400000e+00   -1.203333e+01   0.000000e+00   0.000000e+00   2.307916e+02   4.685249e-04   3.104453e+02
8.500000e+00   -1.239308e+01   0.000000e+00   0.000000e+00   2.304714e+02   4.623742e-04   3.059448e+02
8.600000e+00   -1.244340e+01   0.000000e+00   0.000000e+00   2.301681e+02   4.562778e-04   3.015136e+02
8.700000e+00   -1.215661e+01   0.000000e+00   0.000000e+00   2.298835e+02   4.502320e-04   2.971505e+02
8.800000e+00   -1.168881e+01   0.000000e+00   0.000000e+00   2.296193e+02   4.442332e-04   2.928544e+02
8.900000e+00   -1.120880e+01   0.000000e+00   0.000000e+00   2.293773e+02   4.382781e-04   2.886241e+02
9.000000e+00   -1.088542e+01   0.000000e+00   0.000000e+00   2.291594e+02   4.323633e-04   2.844585e+02
9.100000e+00   -1.086738e+01   0.000000e+00   0.000000e+00   2.289673e+02   4.264859e-04   2.803564e+02
9.200000e+00   -1.105623e+01   0.000000e+00   0.000000e+00   2.288028e+02   4.206427e-04   2.763167e+02
9.300000e+00   -1.134173e+01   0.000000e+00   0.000000e+00   2.286678e+02   4.148309e-04   2.723382e+02
9.400000e+00   -1.164397e+01   0.000000e+00   0.000000e+00   2.285640e+02   4.090481e-04   2.684197e+02
9.500000e+00   -1.188302e+01   0.000000e+00   0.000000e+00   2.284931e+02   4.032915e-04   2.645602e+02
9.600000e+00   -1.198987e+01   0.000000e+00   0.000000e+00   2.284554e+02   3.975618e-04   2.607585e+02
9.700000e+00   -1.202685e+01   0.000000e+00   0.000000e+00   2.284466e+02   3.918671e-04   2.570135e+02
9.800000e+00   -1.203495e+01   0.000000e+00   0.000000e+00   2.284619e+02   3.862166e-04   2.533244e+02
9.900000e+00   -1.203126e+01   0.000000e+00   0.000000e+00   2.284961e+02   3.806187e-04   2.496901e+02
1.000000e+01   -1.203287e+01   0.000000e+00   0.000000e+00   2.285444e+02   3.750814e-04   2.461096e+02
1.010000e+01   -1.206777e+01   0.000000e+00   0.000000e+00   2.286019e+02   3.696122e-04   2.425819e+02
1.020000e+01   -1.225810e+01   0.000000e+00   0.000000e+00   2.286635e+02   3.642181e-04   2.391061e+02
1.030000e+01   -1.255082e+01   0.000000e+00   0.000000e+00   2.287244e+02   3.589055e-04   2.356812e+02
1.040000e+01   -1.284030e+01   0.000000e+00   0.000000e+00   2.287795e+02   3.536806e-04   2.323062e+02
1.050000e+01   -1.302091e+01   0.000000e+00   0.000000e+00   2.288240e+02   3.485490e-04   2.289801e+02
1.060000e+01   -1.299480e+01   0.000000e+00   0.000000e+00   2.288528e+02   3.435156e-04   2.257019e+02
1.070000e+01   -1.281841e+01   0.000000e+00   0.000000e+00   2.288626e+02   3.385833e-04   2.224707e+02
1.080000e+01   -1.255671e+01   0.000000e+00   0.000000e+00   2.288545e+02   3.337479e-04   2.192857e+02
1.090000e+01   -1.224370e+01   0.000000e+00   0.000000e+00   2.288305e+02   3.290043e-04   2.161463e+02
1.100000e+01   -1.191335e+01   0.000000e+00   0.000000e+00   2.287928e+02   3.243473e-04   2.130517e+02
1.110000e+01   -1.159280e+01   0.000000e+00   0.000000e+00   2.287435e+02   3.197723e-04   2.100013e+02
1.120000e+01   -1.119408e+01   0.000000e+00   0.000000e+00   2.286846e+02   3.152747e-04   2.069943e+02
1.130000e+01   -1.074070e+01   0.000000e+00   0.000000e+00   2.286182e+02   3.108501e-04   2.040301e+02
1.140000e+01   -1.031210e+01   0.000000e+00   0.000000e+00   2.285465e+02   3.064942e-04   2.011079e+02
1.150000e+01   -9.987729e+00   0.000000e+00   0.000000e+00   2.284714e+02   3.022029e-04   1.982271e+02
1.160000e+01   -9.846916e+00   0.000000e+00   0.000000e+00   2.283952e+02   2.979725e-04   1.953869e+02
1.170000e+01   -9.923850e+00   0.000000e+00   0.000000e+00   2.283198e+02   2.937990e-04   1.925867e+02
1.180000e+01   -1.014447e+01   0.000000e+00   0.000000e+00   2.282472e+02   2.896791e-04   1.898257e+02
1.190000e+01   -1.041861e+01   0.000000e+00   0.000000e+00   2.281783e+02   2.856109e-04   1.871034e+02
1.200000e+01   -1.065594e+01   0.000000e+00   0.000000e+00   2.281140e+02   2.815929e-04   1.844192e+02
1.210000e+01   -1.077024e+01   0.000000e+00   0.000000e+00   2.280550e+02   2.776235e-04   1.817725e+02
1.220000e+01   -1.082647e+01   0.000000e+00   0.000000e+00   2.280020e+02   2.737014e-04   1.791629e+02
1.230000e+01   -1.087147e+01   0.000000e+00   0.000000e+00   2.279558e+02   2.698251e-04   1.765897e+02
1.240000e+01   -1.089457e+01   0.000000e+00   0.000000e+00   2.279171e+02   2.659932e-04   1.740524e+02
1.250000e+01   -1.088509e+01   0.000000e+00   0.000000e+00   2.278868e+02   2.622045e-04   1.715503e+02
1.260000e+01   -1.082973e+01   0.000000e+00   0.000000e+00   2.278654e+02   2.584576e-04   1.690831e+02
1.270000e+01   -1.062123e+01   0.000000e+00   0.000000e+00   2.278538e+02   2.547514e-04   1.666500e+02
1.280000e+01   -1.027874e+01   0.000000e+00   0.000000e+00   2.278528e+02   2.510846e-04   1.642505e+02
1.290000e+01   -9.900150e+00   0.000000e+00   0.000000e+00   2.278629e+02   2.474562e-04   1.618841e+02
1.300000e+01   -9.586631e+00   0.000000e+00   0.000000e+00   2.278834e+02   2.438669e-04   1.595504e+02
1.310000e+01   -9.438919e+00   0.000000e+00   0.000000e+00   2.279127e+02   2.403181e-04   1.572488e+02
1.320000e+01   -9.392820e+00   0.000000e+00   0.000000e+00   2.279495e+02   2.368110e-04   1.549790e+02
1.330000e+01   -9.372688e+00   0.000000e+00   0.000000e+00   2.279921e+02   2.333469e-04   1.527405e+02
1.340000e+01   -9.378468e+00   0.000000e+00   0.000000e+00   2.280391e+02   2.299268e-04   1.505328e+02
1.350000e+01   -9.410102e+00   0.000000e+00   0.000000e+00   2.280891e+02   2.265517e-04   1.483557e+02
1.360000e+01   -9.467561e+00   0.000000e+00   0.000000e+00   2.281406e+02   2.232225e-04   1.462086e+02
1.370000e+01   -9.555302e+00   0.000000e+00   0.000000e+00   2.281920e+02   2.199401e-04   1.440911e+02
1.380000e+01   -9.681367e+00   0.000000e+00   0.000000e+00   2.282418e+02   2.167052e-04   1.420028e+02
1.390000e+01   -9.852580e+00   0.000000e+00   0.000000e+00   2.282887e+02   2.135183e-04   1.399432e+02
1.400000e+01   -1.007506e+01   0.000000e+00   0.000000e+00   2.283311e+02   2.103801e-04   1.379120e+02
1.410000e+01   -1.034425e+01   0.000000e+00   0.000000e+00   2.283679e+02   2.072908e-04   1.359088e+02
1.420000e+01   -1.065725e+01   0.000000e+00   0.000000e+00   2.283982e+02   2.042507e-04   1.339333e+02
1.430000e+01   -1.099775e+01   0.000000e+00   0.000000e+00   2.284211e+02   2.012597e-04   1.319852e+02
1.440000e+01   -1.133703e+01   0.000000e+00   0.000000e+00   2.284356e+02   1.983180e-04   1.300644e+02
1.450000e+01   -1.164639e+01   0.000000e+00   0.000000e+00   2.284409e+02   1.954257e-04   1.281704e+02
1.460000e+01   -1.189707e+01   0.000000e+00   0.000000e+00   2.284361e+02   1.925826e-04   1.263031e+02
1.470000e+01   -1.203633e+01   0.000000e+00   0.000000e+00   2.284203e+02   1.897887e-04   1.244622e+02
1.480000e+01   -1.204446e+01   0.000000e+00   0.000000e+00   2.283926e+02   1.870440e-04   1.226474e+02
1.490000e+01   -1.193643e+01   0.000000e+00   0.000000e+00   2.283521e+02   1.843484e-04   1.208584e+02
1.500000e+01   -1.172725e+01   0.000000e+00   0.000000e+00   2.282979e+02   1.817017e-04   1.190950e+02
1.510000e+01   -1.143267e+01   0.000000e+00   0.000000e+00   2.282291e+02   1.791038e-04   1.173568e+02
1.520000e+01   -1.103804e+01   0.000000e+00   0.000000e+00   2.281461e+02   1.765536e-04   1.156437e+02
1.530000e+01   -1.053955e+01   0.000000e+00   0.000000e+00   2.280502e+02   1.740490e-04   1.139552e+02
1.540000e+01   -9.978136e+00   0.000000e+00   0.000000e+00   2.279428e+02   1.715880e-04   1.122911e+02
1.550000e+01   -9.394749e+00   0.000000e+00   0.000000e+00   2.278252e+02   1.691690e-04   1.106509e+02
1.560000e+01   -8.830326e+00   0.000000e+00   0.000000e+00   2.276990e+02   1.667900e-04   1.090344e+02
1.570000e+01   -8.408867e+00   0.000000e+00   0.000000e+00   2.275655e+02   1.644493e-04   1.074412e+02
1.580000e+01   -8.172405e+00   0.000000e+00   0.000000e+00   2.274262e+02   1.621452e-04   1.058710e+02
1.590000e+01   -8.016922e+00   0.000000e+00   0.000000e+00   2.272823e+02   1.598762e-04   1.043234e+02
1.600000e+01   -7.838277e+00   0.000000e+00   0.000000e+00   2.271354e+02   1.576406e-04   1.027982e+02
1.610000e+01   -7.532330e+00   0.000000e+00   0.000000e+00   2.269869e+02   1.554370e-04   1.012949e+02
1.620000e+01   -6.979717e+00   0.000000e+00   0.000000e+00   2.268381e+02   1.532639e-04   9.981325e+01
1.630000e+01   -6.226585e+00   0.000000e+00   0.000000e+00   2.266907e+02   1.511198e-04   9.835294e+01
1.640000e+01   -5.434732e+00   0.000000e+00   0.000000e+00   2.265465e+02   1.490031e-04   9.691365e+01
1.650000e+01   -4.765594e+00   0.000000e+00   0.000000e+00   2.264074e+02   1.469122e-04   9.549506e+01
1.660000e+01   -4.380605e+00   0.000000e+00   0.000000e+00   2.262754e+02   1.448456e-04   9.409686e+01
1.670000e+01   -4.403790e+00   0.000000e+00   0.000000e+00   2.261522e+02   1.428020e-04   9.271875e+01
1.680000e+01   -4.751815e+00   0.000000e+00   0.000000e+00   2.260398e+02   1.407799e-04   9.136041e+01
1.690000e+01   -5.269937e+00   0.000000e+00   0.000000e+00   2.259400e+02   1.387781e-04   9.002154e+01
1.700000e+01   -5.803354e+00   0.000000e+00   0.000000e+00   2.258547e+02   1.367953e-04   8.870183e+01
1.710000e+01   -6.197260e+00   0.000000e+00   0.000000e+00   2.257858e+02   1.348302e-04   8.740097e+01
1.720000e+01   -6.436652e+00   0.000000e+00   0.000000e+00   2.257351e+02   1.328819e-04   8.611865e+01
1.730000e+01   -6.653642e+00   0.000000e+00   0.000000e+00   2.257045e+02   1.309492e-04   8.485457e+01
1.740000e+01   -6.802647e+00   0.000000e+00   0.000000e+00   2.256939e+02   1.290322e-04   8.360846e+01
1.750000e+01   -6.842653e+00   0.000000e+00   0.000000e+00   2.257013e+02   1.271323e-04   8.238011e+01
1.760000e+01   -6.733032e+00   0.000000e+00   0.000000e+00   2.257246e+02   1.252508e-04   8.116932e+01
1.770000e+01   -6.099977e+00   0.000000e+00   0.000000e+00   2.257616e+02   1.233890e-04   7.997587e+01
1.780000e+01   -4.604914e+00   0.000000e+00   0.000000e+00   2.258103e+02   1.215480e-04   7.879957e+01
1.790000e+01   -2.753795e+00   0.000000e+00   0.000000e+00   2.258684e+02   1.197289e-04   7.764021e+01
1.800000e+01   -1.068505e+00   0.000000e+00   0.000000e+00   2.259339e+02   1.179326e-04   7.649757e+01
1.810000e+01   -7.092747e-02   0.000000e+00   0.000000e+00   2.260046e+02   1.161602e-04   7.537145e+01
1.820000e+01   -1.112364e-01   0.000000e+00   0.000000e+00   2.260784e+02   1.144124e-04   7.426165e+01
1.830000e+01   -8.619551e-01   0.000000e+00   0.000000e+00   2.261531e+02   1.126901e-04   7.316795e+01
1.840000e+01   -1.923201e+00   0.000000e+00   0.000000e+00   2.262268e+02   1.109940e-04   7.209015e+01
1.850000e+01   -2.896571e+00   0.000000e+00   0.000000e+00   2.262981e+02   1.093243e-04   7.102805e+01
1.860000e+01   -3.379945e+00   0.000000e+00   0.000000e+00   2.263674e+02   1.076804e-04   6.998145e+01
1.870000e+01   -3.091242e+00   0.000000e+00   0.000000e+00   2.264346e+02   1.060621e-04   6.895015e+01
1.880000e+01   -2.275541e+00   0.000000e+00   0.000000e+00   2.265000e+02   1.044687e-04   6.793396e+01
1.890000e+01   -1.245772e+00   0.000000e+00   0.000000e+00   2.265638e+02   1.029000e-04   6.693267e+01
1.900000e+01   -3.101787e-01   0.000000e+00   0.000000e+00   2.266260e+02   1.013554e-04   6.594609e+01
1.910000e+01   2.229983e-01   0.000000e+00   0.000000e+00   2.266868e+02   9.983460e-05   6.497402e+01
1.920000e+01   1.850245e-01   0.000000e+00   0.000000e+00   2.267465e+02   9.833710e-05   6.401627e+01
1.930000e+01   -1.616936e-01   0.000000e+00   0.000000e+00   2.268051e+02   9.686251e-05   6.307263e+01
1.940000e+01   -6.929865e-01   0.000000e+00   0.000000e+00   2.268629e+02   9.541043e-05   6.214291e+01
1.950000e+01   -1.298173e+00   0.000000e+00   0.000000e+00   2.269198e+02   9.398045e-05   6.122691e+01
1.960000e+01   -1.867049e+00   0.000000e+00   0.000000e+00   2.269761e+02   9.257225e-05   6.032444e+01
1.970000e+01   -2.378600e+00   0.000000e+00   0.000000e+00   2.270312e+02   9.118566e-05   5.943529e+01
1.980000e+01   -2.981146e+00   0.000000e+00   0.000000e+00   2.270848e+02   8.982050e-05   5.855929e+01
1.990000e+01   -3.584751e+00   0.000000e+00   0.000000e+00   2.271364e+02   8.847658e-05   5.769623e+01
2.000000e+01   -4.083291e+00   0.000000e+00   0.000000e+00   2.271858e+02   8.715370e-05   5.684593e+01
2.010000e+01   -4.370645e+00   0.000000e+00   0.000000e+00   2.272324e+02   8.585168e-05   5.600818e+01
2.020000e+01   -4.364550e+00   0.000000e+00   0.000000e+00   2.272760e+02   8.457030e-05   5.518280e+01
2.030000e+01   -4.140239e+00   0.000000e+00   0.000000e+00   2.273160e+02   8.330934e-05   5.436959e+01
2.040000e+01   -3.817638e+00   0.000000e+00   0.000000e+00   2.273522e+02   8.206858e-05   5.356836e+01
2.050000e+01   -3.514861e+00   0.000000e+00   0.000000e+00   2.273840e+02   8.084780e-05   5.277892e+01
2.060000e+01   -3.350022e+00   0.000000e+00   0.000000e+00   2.274112e+02   7.964675e-05   5.200108e+01
2.070000e+01   -3.420083e+00   0.000000e+00   0.000000e+00   2.274335e+02   7.846516e-05   5.123464e+01
2.080000e+01   -3.670829e+00   0.000000e+00   0.000000e+00   2.274512e+02   7.730256e-05   5.047944e+01
2.090000e+01   -4.003682e+00   0.000000e+00   0.000000e+00   2.274649e+02   7.615847e-05   4.973532e+01
2.100000e+01   -4.322313e+00   0.000000e+00   0.000000e+00   2.274749e+02   7.503242e-05   4.900212e+01
2.110000e+01   -4.530392e+00   0.000000e+00   0.000000e+00   2.274819e+02   7.392394e-05   4.827967e+01
2.120000e+01   -4.275118e+00   0.000000e+00   0.000000e+00   2.274862e+02   7.283259e-05   4.756782e+01
2.130000e+01   -2.756175e+00   0.000000e+00   0.000000e+00   2.274885e+02   7.175792e-05   4.686640e+01
2.140000e+01   -5.625810e-01   0.000000e+00   0.000000e+00   2.274891e+02   7.069950e-05   4.617526e+01
2.150000e+01   1.580759e+00   0.000000e+00   0.000000e+00   2.274886e+02   6.965692e-05   4.549422e+01
2.160000e+01   2.948940e+00   0.000000e+00   0.000000e+00   2.274874e+02   6.862976e-05   4.482314e+01
2.170000e+01   3.025100e+00   0.000000e+00   0.000000e+00   2.274861e+02   6.761762e-05   4.416184e+01
2.180000e+01   2.442894e+00   0.000000e+00   0.000000e+00   2.274852e+02   6.662012e-05   4.351018e+01
2.190000e+01   1.527098e+00   0.000000e+00   0.000000e+00   2.274851e+02   6.563688e-05   4.286800e+01
2.200000e+01   5.097041e-01   0.000000e+00   0.000000e+00   2.274865e+02   6.466755e-05   4.223519e+01
2.210000e+01   -3.773196e-01   0.000000e+00   0.000000e+00   2.274901e+02   6.371181e-05   4.161164e+01
2.220000e+01   -9.877706e-01   0.000000e+00   0.000000e+00   2.274964e+02   6.276933e-05   4.099721e+01
2.230000e+01   -1.594843e+00   0.000000e+00   0.000000e+00   2.275060e+02   6.183978e-05   4.039179e+01
2.240000e+01   -2.163963e+00   0.000000e+00   0.000000e+00   2.275195e+02   6.092286e-05   3.979525e+01
2.250000e+01   -2.599854e+00   0.000000e+00   0.000000e+00   2.275376e+02   6.001826e-05   3.920749e+01
2.260000e+01   -2.807239e+00   0.000000e+00   0.000000e+00   2.275609e+02   5.912571e-05   3.862836e+01
2.270000e+01   -2.725998e+00   0.000000e+00   0.000000e+00   2.275899e+02   5.824491e-05   3.805776e+01
2.280000e+01   -2.524697e+00   0.000000e+00   0.000000e+00   2.276252e+02   5.737559e-05   3.749557e+01
2.290000e+01   -2.278443e+00   0.000000e+00   0.000000e+00   2.276676e+02   5.651748e-05   3.694165e+01
2.300000e+01   -2.033360e+00   0.000000e+00   0.000000e+00   2.277172e+02   5.567040e-05   3.639590e+01
2.310000e+01   -1.836459e+00   0.000000e+00   0.000000e+00   2.277734e+02   5.483443e-05   3.585821e+01
2.320000e+01   -1.726423e+00   0.000000e+00   0.000000e+00   2.278353e+02   5.400966e-05   3.532847e+01
2.330000e+01   -1.674029e+00   0.000000e+00   0.000000e+00   2.279022e+02   5.319619e-05   3.480658e+01
2.340000e+01   -1.667641e+00   0.000000e+00   0.000000e+00   2.279730e+02   5.239409e-05   3.429242e+01
2.350000e+01   -1.704344e+00   -0.000000e+00   -0.000000e+00   2.280471e+02   5.160342e-05   3.378589e+01
2.360000e+01   -1.781225e+00   -0.000000e+00   -0.000000e+00   2.281235e+02   5.082424e-05   3.328689e+01
2.370000e+01   -1.932547e+00   -0.000000e+00   -0.000000e+00   2.282014e+02   5.005658e-05   3.279532e+01
2.380000e+01   -2.389770e+00   -0.000000e+00   -0.000000e+00   2.282799e+02   4.930047e-05   3.231105e+01
2.390000e+01   -3.045372e+00   -0.000000e+00   -0.000000e+00   2.283582e+02   4.855593e-05   3.183400e+01
2.400000e+01   -3.718750e+00   -0.000000e+00   -0.000000e+00   2.284354e+02   4.782294e-05   3.136404e+01
2.410000e+01   -4.229214e+00   -0.000000e+00   -0.000000e+00   2.285107e+02   4.710151e-05   3.090109e+01
2.420000e+01   -4.424532e+00   -0.000000e+00   -0.000000e+00   2.285837e+02   4.639153e-05   3.044503e+01
2.430000e+01   -4.474853e+00   -0.000000e+00   -0.000000e+00   2.286546e+02   4.569279e-05   2.999577e+01
2.440000e+01   -4.451529e+00   -0.000000e+00   -0.000000e+00   2.287236e+02   4.500510e-05   2.955323e+01
2.450000e+01   -4.366765e+00   -0.000000e+00   -0.000000e+00   2.287908e+02   4.432823e-05   2.911731e+01
2.460000e+01   -4.232767e+00   -0.000000e+00   -0.000000e+00   2.288565e+02   4.366198e-05   2.868791e+01
2.470000e+01   -3.988730e+00   -0.000000e+00   -0.000000e+00   2.289208e+02   4.300616e-05   2.826496e+01
2.480000e+01   -3.001791e+00   -0.000000e+00   -0.000000e+00   2.289841e+02   4.236057e-05   2.784835e+01
2.490000e+01   -1.516496e+00   -0.000000e+00   -0.000000e+00   2.290465e+02   4.172501e-05   2.743799e+01
2.500000e+01   -2.745456e-02   -0.000000e+00   -0.000000e+00   2.291081e+02   4.109929e-05   2.703380e+01
2.510000e+01   9.707245e-01   -0.000000e+00   -0.000000e+00   2.291693e+02   4.048322e-05   2.663568e+01
2.520000e+01   1.037124e+00   -0.000000e+00   -0.000000e+00   2.292301e+02   3.987662e-05   2.624354e+01
2.530000e+01   5.639179e-01   -0.000000e+00   -0.000000e+00   2.292909e+02   3.927929e-05   2.585728e+01
2.540000e+01   -1.411409e-01   -0.000000e+00   -0.000000e+00   2.293519e+02   3.869107e-05   2.547683e+01
2.550000e+01   -9.404066e-01   -0.000000e+00   -0.000000e+00   2.294132e+02   3.811178e-05   2.510209e+01
2.560000e+01   -1.696346e+00   -0.000000e+00   -0.000000e+00   2.294752e+02   3.754124e-05   2.473300e+01
2.570000e+01   -2.283353e+00   -0.000000e+00   -0.000000e+00   2.295382e+02   3.697928e-05   2.436945e+01
2.580000e+01   -2.788436e+00   -0.000000e+00   -0.000000e+00   2.296023e+02   3.642575e-05   2.401138e+01
2.590000e+01   -3.257544e+00   -0.000000e+00   -0.000000e+00   2.296679e+02   3.588048e-05   2.365870e+01
2.600000e+01   -3.682239e+00   -0.000000e+00   -0.000000e+00   2.297352e+02   3.534330e-05   2.331133e+01
2.610000e+01   -4.054077e+00   -0.000000e+00   -0.000000e+00   2.298046e+02   3.481406e-05   2.296919e+01
2.620000e+01   -4.365063e+00   -0.000000e+00   -0.000000e+00   2.298761e+02   3.429259e-05   2.263219e+01
2.630000e+01   -4.620467e+00   -0.000000e+00   -0.000000e+00   2.299502e+02   3.377876e-05   2.230025e+01
2.640000e+01   -4.832332e+00   -0.000000e+00   -0.000000e+00   2.300270e+02   3.327239e-05   2.197330e+01
2.650000e+01   -5.011050e+00   -0.000000e+00   -0.000000e+00   2.301069e+02   3.277335e-05   2.165124e+01
2.660000e+01   -5.167889e+00   -0.000000e+00   -0.000000e+00   2.301898e+02   3.228152e-05   2.133401e+01
2.670000e+01   -5.317291e+00   -0.000000e+00   -0.000000e+00   2.302756e+02   3.179684e-05   2.102153e+01
2.680000e+01   -5.502082e+00   -0.000000e+00   -0.000000e+00   2.303640e+02   3.131925e-05   2.071373e+01
2.690000e+01   -5.698469e+00   -0.000000e+00   -0.000000e+00   2.304548e+02   3.084869e-05   2.041056e+01
2.700000e+01   -5.856631e+00   -0.000000e+00   -0.000000e+00   2.305476e+02   3.038510e-05   2.011193e+01
2.710000e+01   -5.926747e+00   -0.000000e+00   -0.000000e+00   2.306423e+02   2.992841e-05   1.981778e+01
2.720000e+01   -5.842791e+00   -0.000000e+00   -0.000000e+00   2.307385e+02   2.947856e-05   1.952805e+01
2.730000e+01   -5.130411e+00   -0.000000e+00   -0.000000e+00   2.308361e+02   2.903548e-05   1.924265e+01
2.740000e+01   -3.890730e+00   -0.000000e+00   -0.000000e+00   2.309346e+02   2.859908e-05   1.896154e+01
2.750000e+01   -2.533118e+00   -0.000000e+00   -0.000000e+00   2.310340e+02   2.816931e-05   1.868463e+01
2.760000e+01   -1.466946e+00   -0.000000e+00   -0.000000e+00   2.311339e+02   2.774608e-05   1.841186e+01
2.770000e+01   -1.090103e+00   -0.000000e+00   -0.000000e+00   2.312341e+02   2.732932e-05   1.814317e+01
2.780000e+01   -1.170746e+00   -0.000000e+00   -0.000000e+00   2.313344e+02   2.691894e-05   1.787847e+01
2.790000e+01   -1.389162e+00   -0.000000e+00   -0.000000e+00   2.314347e+02   2.651485e-05   1.761773e+01
2.800000e+01   -1.654323e+00   -0.000000e+00   -0.000000e+00   2.315351e+02   2.611695e-05   1.736088e+01
2.810000e+01   -1.875204e+00   -0.000000e+00   -0.000000e+00   2.316357e+02   2.572516e-05   1.710787e+01
2.820000e+01   -1.953730e+00   -0.000000e+00   -0.000000e+00   2.317366e+02   2.533938e-05   1.685865e+01
2.830000e+01   -1.418270e+00   -0.000000e+00   -0.000000e+00   2.318377e+02   2.495951e-05   1.661317e+01
2.840000e+01   -3.190088e-01   -0.000000e+00   -0.000000e+00   2.319392e+02   2.458547e-05   1.637137e+01
2.850000e+01   9.333142e-01   -0.000000e+00   -0.000000e+00   2.320411e+02   2.421715e-05   1.613319e+01
2.860000e+01   1.927958e+00   -0.000000e+00   -0.000000e+00   2.321435e+02   2.385447e-05   1.589859e+01
2.870000e+01   2.249149e+00   -0.000000e+00   -0.000000e+00   2.322464e+02   2.349733e-05   1.566751e+01
2.880000e+01   1.142848e+00   -0.000000e+00   -0.000000e+00   2.323499e+02   2.314565e-05   1.543989e+01
2.890000e+01   -1.134951e+00   -0.000000e+00   -0.000000e+00   2.324541e+02   2.279933e-05   1.521569e+01
2.900000e+01   -3.753002e+00   -0.000000e+00   -0.000000e+00   2.325590e+02   2.245829e-05   1.499485e+01
2.910000e+01   -5.880818e+00   -0.000000e+00   -0.000000e+00   2.326650e+02   2.212241e-05   1.477732e+01
2.920000e+01   -6.691868e+00   -0.000000e+00   -0.000000e+00   2.327726e+02   2.179156e-05   1.456306e+01
2.930000e+01   -6.211642e+00   -0.000000e+00   -0.000000e+00   2.328829e+02   2.146560e-05   1.435201e+01
2.940000e+01   -5.102621e+00   -0.000000e+00   -0.000000e+00   2.329964e+02   2.114438e-05   1.414414e+01
2.950000e+01   -3.707659e+00   -0.000000e+00   -0.000000e+00   2.331141e+02   2.082780e-05   1.393941e+01
2.960000e+01   -2.369613e+00   -0.000000e+00   -0.000000e+00   2.332368e+02   2.051570e-05   1.373775e+01
2.970000e+01   -1.430905e+00   -0.000000e+00   -0.000000e+00   2.333651e+02   2.020798e-05   1.353914e+01
2.980000e+01   -7.705586e-01   -0.000000e+00   -0.000000e+00   2.334999e+02   1.990452e-05   1.334353e+01
2.990000e+01   -1.340661e-01   -0.000000e+00   -0.000000e+00   2.336421e+02   1.960520e-05   1.315087e+01
3.000000e+01   4.121216e-01   -0.000000e+00   -0.000000e+00   2.337923e+02   1.930990e-05   1.296112e+01
3.010000e+01   8.015542e-01   -0.000000e+00   -0.000000e+00   2.339514e+02   1.901853e-05   1.277424e+01
3.020000e+01   9.677812e-01   -0.000000e+00   -0.000000e+00   2.341202e+02   1.873097e-05   1.259017e+01
3.030000e+01   6.593871e-01   -0.000000e+00   -0.000000e+00   2.342995e+02   1.844713e-05   1.240888e+01
3.040000e+01   -1.542250e-01   -0.000000e+00   -0.000000e+00   2.344893e+02   1.816696e-05   1.223032e+01
3.050000e+01   -1.208257e+00   -0.000000e+00   -0.000000e+00   2.346889e+02   1.789050e-05   1.205445e+01
3.060000e+01   -2.237908e+00   -0.000000e+00   -0.000000e+00   2.348973e+02   1.761780e-05   1.188124e+01
3.070000e+01   -2.978377e+00   -0.000000e+00   -0.000000e+00   2.351133e+02   1.734889e-05   1.171066e+01
3.080000e+01   -3.479146e+00   -0.000000e+00   -0.000000e+00   2.353360e+02   1.708381e-05   1.154265e+01
3.090000e+01   -3.965432e+00   -0.000000e+00   -0.000000e+00   2.355644e+02   1.682260e-05   1.137719e+01
3.100000e+01   -4.377557e+00   -0.000000e+00   -0.000000e+00   2.357974e+02   1.656526e-05   1.121423e+01
3.110000e+01   -4.655508e+00   -0.000000e+00   -0.000000e+00   2.360341e+02   1.631182e-05   1.105375e+01
3.120000e+01   -4.739271e+00   -0.000000e+00   -0.000000e+00   2.362734e+02   1.606230e-05   1.089569e+01
3.130000e+01   -4.475861e+00   -0.000000e+00   -0.000000e+00   2.365144e+02   1.581670e-05   1.074003e+01
3.140000e+01   -3.861177e+00   -0.000000e+00   -0.000000e+00   2.367559e+02   1.557503e-05   1.058673e+01
3.150000e+01   -3.116910e+00   -0.000000e+00   -0.000000e+00   2.369970e+02   1.533728e-05   1.043575e+01
3.160000e+01   -2.465438e+00   -0.000000e+00   -0.000000e+00   2.372367e+02   1.510346e-05   1.028704e+01
3.170000e+01   -2.129202e+00   -0.000000e+00   -0.000000e+00   2.374742e+02   1.487354e-05   1.014059e+01
3.180000e+01   -2.148378e+00   -0.000000e+00   -0.000000e+00   2.377095e+02   1.464746e-05   9.996342e+00
3.190000e+01   -2.314323e+00   -0.000000e+00   -0.000000e+00   2.379428e+02   1.442514e-05   9.854279e+00
3.200000e+01   -2.572934e+00   -0.000000e+00   -0.000000e+00   2.381745e+02   1.420649e-05   9.714368e+00
3.210000e+01   -2.871901e+00   -0.000000e+00   -0.000000e+00   2.384048e+02   1.399146e-05   9.576577e+00
3.220000e+01   -3.158917e+00   -0.000000e+00   -0.000000e+00   2.386339e+02   1.377995e-05   9.440877e+00
3.230000e+01   -3.468577e+00   -0.000000e+00   -0.000000e+00   2.388622e+02   1.357191e-05   9.307236e+00
3.240000e+01   -3.870188e+00   -0.000000e+00   -0.000000e+00   2.390899e+02   1.336725e-05   9.175624e+00
3.250000e+01   -4.277744e+00   -0.000000e+00   -0.000000e+00   2.393172e+02   1.316591e-05   9.046010e+00
3.260000e+01   -4.603075e+00   -0.000000e+00   -0.000000e+00   2.395445e+02   1.296781e-05   8.918363e+00
3.270000e+01   -4.758010e+00   -0.000000e+00   -0.000000e+00   2.397719e+02   1.277289e-05   8.792653e+00
3.280000e+01   -4.547002e+00   -0.000000e+00   -0.000000e+00   2.399998e+02   1.258109e-05   8.668848e+00
3.290000e+01   -3.853305e+00   -0.000000e+00   -0.000000e+00   2.402284e+02   1.239233e-05   8.546919e+00
3.300000e+01   -2.884736e+00   -0.000000e+00   -0.000000e+00   2.404579e+02   1.220655e-05   8.426834e+00
3.310000e+01   -1.854326e+00   -0.000000e+00   -0.000000e+00   2.406887e+02   1.202369e-05   8.308565e+00
3.320000e+01   -9.741810e-01   -0.000000e+00   -0.000000e+00   2.409209e+02   1.184371e-05   8.192084e+00
3.330000e+01   -2.631865e-01   -0.000000e+00   -0.000000e+00   2.411545e+02   1.166654e-05   8.077366e+00
3.340000e+01   5.107906e-01   -0.000000e+00   -0.000000e+00   2.413898e+02   1.149214e-05   7.964384e+00
3.350000e+01   1.232146e+00   -0.000000e+00   -0.000000e+00   2.416269e+02   1.132046e-05   7.853113e+00
3.360000e+01   1.773771e+00   -0.000000e+00   -0.000000e+00   2.418660e+02   1.115146e-05   7.743527e+00
3.370000e+01   2.008559e+00   -0.000000e+00   -0.000000e+00   2.421072e+02   1.098508e-05   7.635599e+00
3.380000e+01   1.883666e+00   -0.000000e+00   -0.000000e+00   2.423506e+02   1.082127e-05   7.529303e+00
3.390000e+01   1.558393e+00   -0.000000e+00   -0.000000e+00   2.425964e+02   1.066000e-05   7.424614e+00
3.400000e+01   1.131306e+00   -0.000000e+00   -0.000000e+00   2.428448e+02   1.050121e-05   7.321504e+00
3.410000e+01   6.960937e-01   -0.000000e+00   -0.000000e+00   2.430958e+02   1.034485e-05   7.219949e+00
3.420000e+01   3.464458e-01   -0.000000e+00   -0.000000e+00   2.433497e+02   1.019089e-05   7.119922e+00
3.430000e+01   1.322521e-01   -0.000000e+00   -0.000000e+00   2.436066e+02   1.003927e-05   7.021396e+00
3.440000e+01   -2.803963e-02   -0.000000e+00   -0.000000e+00   2.438667e+02   9.889947e-06   6.924347e+00
3.450000e+01   -1.688571e-01   -0.000000e+00   -0.000000e+00   2.441300e+02   9.742885e-06   6.828748e+00
3.460000e+01   -3.207355e-01   -0.000000e+00   -0.000000e+00   2.443967e+02   9.598044e-06   6.734577e+00
3.470000e+01   -5.143408e-01   -0.000000e+00   -0.000000e+00   2.446667e+02   9.455392e-06   6.641815e+00
3.480000e+01   -9.522770e-01   -0.000000e+00   -0.000000e+00   2.449402e+02   9.314897e-06   6.550439e+00
3.490000e+01   -1.973117e+00   -0.000000e+00   -0.000000e+00   2.452171e+02   9.176526e-06   6.460430e+00
3.500000e+01   -3.249817e+00   -0.000000e+00   -0.000000e+00   2.454976e+02   9.040248e-06   6.371767e+00
3.510000e+01   -4.417827e+00   -0.000000e+00   -0.000000e+00   2.457815e+02   8.906029e-06   6.284428e+00
3.520000e+01   -5.112595e+00   -0.000000e+00   -0.000000e+00   2.460691e+02   8.773837e-06   6.198393e+00
3.530000e+01   -5.168352e+00   -0.000000e+00   -0.000000e+00   2.463604e+02   8.643641e-06   6.113641e+00
3.540000e+01   -5.047502e+00   -0.000000e+00   -0.000000e+00   2.466553e+02   8.515407e-06   6.030151e+00
3.550000e+01   -4.818715e+00   -0.000000e+00   -0.000000e+00   2.469539e+02   8.389104e-06   5.947903e+00
3.560000e+01   -4.508205e+00   -0.000000e+00   -0.000000e+00   2.472563e+02   8.264701e-06   5.866876e+00
3.570000e+01   -4.142181e+00   -0.000000e+00   -0.000000e+00   2.475625e+02   8.142164e-06   5.787049e+00
3.580000e+01   -3.602818e+00   -0.000000e+00   -0.000000e+00   2.478726e+02   8.021463e-06   5.708401e+00
3.590000e+01   -2.534432e+00   -0.000000e+00   -0.000000e+00   2.481866e+02   7.902565e-06   5.630912e+00
3.600000e+01   -1.231658e+00   -0.000000e+00   -0.000000e+00   2.485044e+02   7.785441e-06   5.554561e+00
3.610000e+01   -4.513511e-02   -0.000000e+00   -0.000000e+00   2.488261e+02   7.670069e-06   5.479332e+00
3.620000e+01   6.743823e-01   -0.000000e+00   -0.000000e+00   2.491514e+02   7.556431e-06   5.405208e+00
3.630000e+01   6.640553e-01   -0.000000e+00   -0.000000e+00   2.494802e+02   7.444507e-06   5.332175e+00
3.640000e+01   1.841518e-01   -0.000000e+00   -0.000000e+00   2.498123e+02   7.334275e-06   5.260215e+00
3.650000e+01   -5.076224e-01   -0.000000e+00   -0.000000e+00   2.501477e+02   7.225718e-06   5.189313e+00
3.660000e+01   -1.177035e+00   -0.000000e+00   -0.000000e+00   2.504861e+02   7.118812e-06   5.119452e+00
3.670000e+01   -1.589854e+00   -0.000000e+00   -0.000000e+00   2.508274e+02   7.013538e-06   5.050618e+00
3.680000e+01   -1.473003e+00   -0.000000e+00   -0.000000e+00   2.511715e+02   6.909875e-06   4.982794e+00
3.690000e+01   -6.620174e-01   -0.000000e+00   -0.000000e+00   2.515182e+02   6.807801e-06   4.915963e+00
3.700000e+01   5.076907e-01   -0.000000e+00   -0.000000e+00   2.518673e+02   6.707295e-06   4.850110e+00
3.710000e+01   1.658858e+00   -0.000000e+00   -0.000000e+00   2.522188e+02   6.608335e-06   4.785219e+00
3.720000e+01   2.414219e+00   -0.000000e+00   -0.000000e+00   2.525725e+02   6.510898e-06   4.721274e+00
3.730000e+01   2.384651e+00   -0.000000e+00   -0.000000e+00   2.529281e+02   6.414963e-06   4.658259e+00
3.740000e+01   1.435148e+00   -0.000000e+00   -0.000000e+00   2.532857e+02   6.320508e-06   4.596159e+00
3.750000e+01   -7.123283e-02   -0.000000e+00   -0.000000e+00   2.536450e+02   6.227509e-06   4.534956e+00
3.760000e+01   -1.733934e+00   -0.000000e+00   -0.000000e+00   2.540057e+02   6.135950e-06   4.474636e+00
3.770000e+01   -3.152173e+00   -0.000000e+00   -0.000000e+00   2.543675e+02   6.045819e-06   4.415188e+00
3.780000e+01   -4.046163e+00   -0.000000e+00   -0.000000e+00   2.547299e+02   5.957105e-06   4.356598e+00
3.790000e+01   -4.857391e+00   -0.000000e+00   -0.000000e+00   2.550925e+02   5.869793e-06   4.298855e+00
3.800000e+01   -5.603127e+00   -0.000000e+00   -0.000000e+00   2.554548e+02   5.783872e-06   4.241945e+00
3.810000e+01   -6.192547e+00   -0.000000e+00   -0.000000e+00   2.558164e+02   5.699327e-06   4.185856e+00
3.820000e+01   -6.534830e+00   -0.000000e+00   -0.000000e+00   2.561769e+02   5.616146e-06   4.130576e+00
3.830000e+01   -6.582781e+00   -0.000000e+00   -0.000000e+00   2.565358e+02   5.534312e-06   4.076093e+00
3.840000e+01   -6.578579e+00   -0.000000e+00   -0.000000e+00   2.568928e+02   5.453812e-06   4.022393e+00
3.850000e+01   -6.575915e+00   -0.000000e+00   -0.000000e+00   2.572474e+02   5.374630e-06   3.969464e+00
3.860000e+01   -6.575847e+00   -0.000000e+00   -0.000000e+00   2.575991e+02   5.296751e-06   3.917294e+00
3.870000e+01   -6.579438e+00   -0.000000e+00   -0.000000e+00   2.579475e+02   5.220158e-06   3.865871e+00
3.880000e+01   -6.656186e+00   -0.000000e+00   -0.000000e+00   2.582923e+02   5.144835e-06   3.815182e+00
3.890000e+01   -7.244559e+00   -0.000000e+00   -0.000000e+00   2.586329e+02   5.070765e-06   3.765214e+00
3.900000e+01   -8.169477e+00   -0.000000e+00   -0.000000e+00   2.589690e+02   4.997931e-06   3.715955e+00
3.910000e+01   -9.122249e+00   -0.000000e+00   -0.000000e+00   2.593001e+02   4.926317e-06   3.667392e+00
3.920000e+01   -9.794163e+00   -0.000000e+00   -0.000000e+00   2.596259e+02   4.855903e-06   3.619514e+00
3.930000e+01   -9.893186e+00   -0.000000e+00   -0.000000e+00   2.599464e+02   4.786667e-06   3.572312e+00
3.940000e+01   -9.431951e+00   -0.000000e+00   -0.000000e+00   2.602616e+02   4.718587e-06   3.525775e+00
3.950000e+01   -8.619159e+00   -0.000000e+00   -0.000000e+00   2.605717e+02   4.651642e-06   3.479893e+00
3.960000e+01   -7.656523e+00   -0.000000e+00   -0.000000e+00   2.608767e+02   4.585809e-06   3.434659e+00
3.970000e+01   -6.745759e+00   -0.000000e+00   -0.000000e+00   2.611765e+02   4.521067e-06   3.390061e+00
3.980000e+01   -6.056392e+00   -0.000000e+00   -0.000000e+00   2.614713e+02   4.457396e-06   3.346090e+00
3.990000e+01   -5.397995e+00   -0.000000e+00   -0.000000e+00   2.617611e+02   4.394774e-06   3.302737e+00
4.000000e+01   -4.751822e+00   -0.000000e+00   -0.000000e+00   2.620460e+02   4.333181e-06   3.259993e+00
4.010000e+01   -4.186249e+00   -0.000000e+00   -0.000000e+00   2.623259e+02   4.272596e-06   3.217847e+00
4.020000e+01   -3.769652e+00   -0.000000e+00   -0.000000e+00   2.626010e+02   4.213000e-06   3.176290e+00
4.030000e+01   -3.560969e+00   -0.000000e+00   -0.000000e+00   2.628712e+02   4.154373e-06   3.135313e+00
4.040000e+01   -3.473244e+00   -0.000000e+00   -0.000000e+00   2.631367e+02   4.096695e-06   3.094906e+00
4.050000e+01   -3.435147e+00   -0.000000e+00   -0.000000e+00   2.633975e+02   4.039947e-06   3.055059e+00
4.060000e+01   -3.404952e+00   -0.000000e+00   -0.000000e+00   2.636536e+02   3.984110e-06   3.015764e+00
4.070000e+01   -3.340929e+00   -0.000000e+00   -0.000000e+00   2.639050e+02   3.929164e-06   2.977010e+00
4.080000e+01   -3.169162e+00   -0.000000e+00   -0.000000e+00   2.641519e+02   3.875092e-06   2.938788e+00
4.090000e+01   -2.453269e+00   -0.000000e+00   -0.000000e+00   2.643943e+02   3.821875e-06   2.901088e+00
4.100000e+01   -1.345392e+00   -0.000000e+00   -0.000000e+00   2.646324e+02   3.769496e-06   2.863905e+00
4.110000e+01   -2.057448e-01   -0.000000e+00   -0.000000e+00   2.648664e+02   3.717937e-06   2.827231e+00
4.120000e+01   6.054563e-01   -0.000000e+00   -0.000000e+00   2.650965e+02   3.667183e-06   2.791058e+00
4.130000e+01   7.343674e-01   -0.000000e+00   -0.000000e+00   2.653229e+02   3.617216e-06   2.755380e+00
4.140000e+01   1.212840e-01   -0.000000e+00   -0.000000e+00   2.655458e+02   3.568022e-06   2.720190e+00
4.150000e+01   -9.470745e-01   -0.000000e+00   -0.000000e+00   2.657653e+02   3.519583e-06   2.685480e+00
4.160000e+01   -2.173221e+00   -0.000000e+00   -0.000000e+00   2.659818e+02   3.471885e-06   2.651243e+00
4.170000e+01   -3.259668e+00   -0.000000e+00   -0.000000e+00   2.661953e+02   3.424912e-06   2.617473e+00
4.180000e+01   -3.927581e+00   -0.000000e+00   -0.000000e+00   2.664061e+02   3.378650e-06   2.584162e+00
4.190000e+01   -4.411546e+00   -0.000000e+00   -0.000000e+00   2.666144e+02   3.333083e-06   2.551303e+00
4.200000e+01   -4.853535e+00   -0.000000e+00   -0.000000e+00   2.668204e+02   3.288196e-06   2.518889e+00
4.210000e+01   -5.220016e+00   -0.000000e+00   -0.000000e+00   2.670242e+02   3.243976e-06   2.486914e+00
4.220000e+01   -5.477455e+00   -0.000000e+00   -0.000000e+00   2.672261e+02   3.200409e-06   2.455369e+00
4.230000e+01   -5.581494e+00   -0.000000e+00   -0.000000e+00   2.674263e+02   3.157479e-06   2.424248e+00
4.240000e+01   -5.205968e+00   -0.000000e+00   -0.000000e+00   2.676250e+02   3.115174e-06   2.393543e+00
4.250000e+01   -4.384437e+00   -0.000000e+00   -0.000000e+00   2.678223e+02   3.073480e-06   2.363249e+00
4.260000e+01   -3.352338e+00   -0.000000e+00   -0.000000e+00   2.680184e+02   3.032384e-06   2.333357e+00
4.270000e+01   -2.345248e+00   -0.000000e+00   -0.000000e+00   2.682135e+02   2.991875e-06   2.303862e+00
4.280000e+01   -1.590482e+00   -0.000000e+00   -0.000000e+00   2.684074e+02   2.951946e-06   2.274758e+00
4.290000e+01   -9.097728e-01   -0.000000e+00   -0.000000e+00   2.686002e+02   2.912588e-06   2.246041e+00
4.300000e+01   -2.147370e-01   -0.000000e+00   -0.000000e+00   2.687917e+02   2.873794e-06   2.217705e+00
4.310000e+01   3.891672e-01   -0.000000e+00   -0.000000e+00   2.689819e+02   2.835556e-06   2.189746e+00
4.320000e+01   7.964810e-01   -0.000000e+00   -0.000000e+00   2.691709e+02   2.797865e-06   2.162157e+00
4.330000e+01   8.881104e-01   -0.000000e+00   -0.000000e+00   2.693585e+02   2.760714e-06   2.134934e+00
4.340000e+01   -1.953357e-01   -0.000000e+00   -0.000000e+00   2.695447e+02   2.724095e-06   2.108072e+00
4.350000e+01   -2.357694e+00   -0.000000e+00   -0.000000e+00   2.697294e+02   2.688000e-06   2.081565e+00
4.360000e+01   -4.815418e+00   -0.000000e+00   -0.000000e+00   2.699127e+02   2.652421e-06   2.055409e+00
4.370000e+01   -6.784962e+00   -0.000000e+00   -0.000000e+00   2.700945e+02   2.617350e-06   2.029598e+00
4.380000e+01   -7.489289e+00   -0.000000e+00   -0.000000e+00   2.702747e+02   2.582780e-06   2.004126e+00
4.390000e+01   -7.113379e+00   -0.000000e+00   -0.000000e+00   2.704533e+02   2.548702e-06   1.978990e+00
4.400000e+01   -6.261432e+00   -0.000000e+00   -0.000000e+00   2.706302e+02   2.515109e-06   1.954184e+00
4.410000e+01   -5.144861e+00   -0.000000e+00   -0.000000e+00   2.708054e+02   2.481993e-06   1.929702e+00
4.420000e+01   -3.975083e+00   -0.000000e+00   -0.000000e+00   2.709789e+02   2.449345e-06   1.905539e+00
4.430000e+01   -2.961991e+00   -0.000000e+00   -0.000000e+00   2.711507e+02   2.417159e-06   1.881691e+00
4.440000e+01   -1.929200e+00   -0.000000e+00   -0.000000e+00   2.713206e+02   2.385427e-06   1.858152e+00
4.450000e+01   -7.770842e-01   -0.000000e+00   -0.000000e+00   2.714886e+02   2.354142e-06   1.834917e+00
4.460000e+01   2.976724e-01   -0.000000e+00   -0.000000e+00   2.716545e+02   2.323298e-06   1.811983e+00
4.470000e+01   1.098361e+00   -0.000000e+00   -0.000000e+00   2.718182e+02   2.292892e-06   1.789347e+00
4.480000e+01   1.428620e+00   -0.000000e+00   -0.000000e+00   2.719796e+02   2.262916e-06   1.767003e+00
4.490000e+01   1.461516e+00   -0.000000e+00   -0.000000e+00   2.721384e+02   2.233368e-06   1.744948e+00
4.500000e+01   1.462474e+00   -0.000000e+00   -0.000000e+00   2.722947e+02   2.204240e-06   1.723179e+00
4.510000e+01   1.434665e+00   -0.000000e+00   -0.000000e+00   2.724480e+02   2.175528e-06   1.701691e+00
4.520000e+01   1.381258e+00   -0.000000e+00   -0.000000e+00   2.725985e+02   2.147227e-06   1.680481e+00
4.530000e+01   1.305424e+00   -0.000000e+00   -0.000000e+00   2.727458e+02   2.119331e-06   1.659546e+00
4.540000e+01   1.044947e+00   -0.000000e+00   -0.000000e+00   2.728899e+02   2.091835e-06   1.638880e+00
4.550000e+01   4.872859e-01   -0.000000e+00   -0.000000e+00   2.730306e+02   2.064733e-06   1.618481e+00
4.560000e+01   -2.898752e-01   -0.000000e+00   -0.000000e+00   2.731677e+02   2.038021e-06   1.598344e+00
4.570000e+01   -1.208854e+00   -0.000000e+00   -0.000000e+00   2.733011e+02   2.011692e-06   1.578466e+00
4.580000e+01   -2.191969e+00   -0.000000e+00   -0.000000e+00   2.734307e+02   1.985743e-06   1.558844e+00
4.590000e+01   -3.640845e+00   -0.000000e+00   -0.000000e+00   2.735562e+02   1.960166e-06   1.539472e+00
4.600000e+01   -5.724638e+00   -0.000000e+00   -0.000000e+00   2.736777e+02   1.934956e-06   1.520347e+00
4.610000e+01   -7.902252e+00   -0.000000e+00   -0.000000e+00   2.737948e+02   1.910109e-06   1.501466e+00
4.620000e+01   -9.631936e+00   -0.000000e+00   -0.000000e+00   2.739074e+02   1.885618e-06   1.482825e+00
4.630000e+01   -1.037192e+01   -0.000000e+00   -0.000000e+00   2.740155e+02   1.861479e-06   1.464420e+00
4.640000e+01   -1.008631e+01   -0.000000e+00   -0.000000e+00   2.741188e+02   1.837686e-06   1.446247e+00
4.650000e+01   -9.372624e+00   -0.000000e+00   -0.000000e+00   2.742176e+02   1.814233e-06   1.428304e+00
4.660000e+01   -8.471388e+00   -0.000000e+00   -0.000000e+00   2.743116e+02   1.791117e-06   1.410589e+00
4.670000e+01   -7.621139e+00   -0.000000e+00   -0.000000e+00   2.744009e+02   1.768330e-06   1.393097e+00
4.680000e+01   -7.060415e+00   -0.000000e+00   -0.000000e+00   2.744855e+02   1.745870e-06   1.375826e+00
4.690000e+01   -6.783758e+00   -0.000000e+00   -0.000000e+00   2.745654e+02   1.723730e-06   1.358774e+00
4.700000e+01   -6.541053e+00   -0.000000e+00   -0.000000e+00   2.746405e+02   1.701906e-06   1.341938e+00
4.710000e+01   -6.346788e+00   -0.000000e+00   -0.000000e+00   2.747109e+02   1.680392e-06   1.325314e+00
4.720000e+01   -6.218097e+00   -0.000000e+00   -0.000000e+00   2.747766e+02   1.659184e-06   1.308901e+00
4.730000e+01   -6.172112e+00   -0.000000e+00   -0.000000e+00   2.748375e+02   1.638278e-06   1.292694e+00
4.740000e+01   -6.269308e+00   -0.000000e+00   -0.000000e+00   2.748936e+02   1.617667e-06   1.276692e+00
4.750000e+01   -6.531470e+00   -0.000000e+00   -0.000000e+00   2.749449e+02   1.597348e-06   1.260891e+00
4.760000e+01   -6.862780e+00   -0.000000e+00   -0.000000e+00   2.749914e+02   1.577316e-06   1.245289e+00
4.770000e+01   -7.166056e+00   -0.000000e+00   -0.000000e+00   2.750331e+02   1.557565e-06   1.229882e+00
4.780000e+01   -7.344117e+00   -0.000000e+00   -0.000000e+00   2.750700e+02   1.538092e-06   1.214668e+00
4.790000e+01   -7.207738e+00   -0.000000e+00   -0.000000e+00   2.751020e+02   1.518891e-06   1.199645e+00
4.800000e+01   -6.653403e+00   -0.000000e+00   -0.000000e+00   2.751292e+02   1.499958e-06   1.184808e+00
4.810000e+01   -5.869908e+00   -0.000000e+00   -0.000000e+00   2.751515e+02   1.481288e-06   1.170156e+00
4.820000e+01   -5.051077e+00   -0.000000e+00   -0.000000e+00   2.751690e+02   1.462877e-06   1.155685e+00
4.830000e+01   -4.390496e+00   -0.000000e+00   -0.000000e+00   2.751816e+02   1.444720e-06   1.141394e+00
4.840000e+01   -3.918624e+00   -0.000000e+00   -0.000000e+00   2.751895e+02   1.426813e-06   1.127279e+00
4.850000e+01   -3.430504e+00   -0.000000e+00   -0.000000e+00   2.751928e+02   1.409152e-06   1.113339e+00
4.860000e+01   -2.994173e+00   -0.000000e+00   -0.000000e+00   2.751916e+02   1.391732e-06   1.099571e+00
4.870000e+01   -2.687071e+00   -0.000000e+00   -0.000000e+00   2.751860e+02   1.374550e-06   1.085974e+00
4.880000e+01   -2.586633e+00   -0.000000e+00   -0.000000e+00   2.751762e+02   1.357602e-06   1.072545e+00
4.890000e+01   -2.956668e+00   -0.000000e+00   -0.000000e+00   2.751621e+02   1.340883e-06   1.059283e+00
4.900000e+01   -4.047728e+00   -0.000000e+00   -0.000000e+00   2.751441e+02   1.324390e-06   1.046185e+00
4.910000e+01   -5.464170e+00   -0.000000e+00   -0.000000e+00   2.751221e+02   1.308118e-06   1.033248e+00
4.920000e+01   -6.788599e+00   -0.000000e+00   -0.000000e+00   2.750963e+02   1.292064e-06   1.020472e+00
4.930000e+01   -7.603619e+00   -0.000000e+00   -0.000000e+00   2.750668e+02   1.276225e-06   1.007854e+00
4.940000e+01   -7.795533e+00   -0.000000e+00   -0.000000e+00   2.750338e+02   1.260595e-06   9.953917e-01
4.950000e+01   -7.941040e+00   -0.000000e+00   -0.000000e+00   2.749972e+02   1.245172e-06   9.830830e-01
4.960000e+01   -8.074345e+00   -0.000000e+00   -0.000000e+00   2.749573e+02   1.229953e-06   9.709258e-01
4.970000e+01   -8.194431e+00   -0.000000e+00   -0.000000e+00   2.749142e+02   1.214932e-06   9.589182e-01
4.980000e+01   -8.300277e+00   -0.000000e+00   -0.000000e+00   2.748679e+02   1.200107e-06   9.470579e-01
4.990000e+01   -8.305487e+00   -0.000000e+00   -0.000000e+00   2.748187e+02   1.185475e-06   9.353430e-01
5.000000e+01   -8.033706e+00   -0.000000e+00   -0.000000e+00   2.747665e+02   1.171031e-06   9.237713e-01
5.010000e+01   -7.615659e+00   -0.000000e+00   -0.000000e+00   2.747116e+02   1.156772e-06   9.123406e-01
5.020000e+01   -7.200026e+00   -0.000000e+00   -0.000000e+00   2.746540e+02   1.142695e-06   9.010490e-01
5.030000e+01   -6.936033e+00   -0.000000e+00   -0.000000e+00   2.745936e+02   1.128797e-06   8.898946e-01
5.040000e+01   -6.897761e+00   -0.000000e+00   -0.000000e+00   2.745303e+02   1.115077e-06   8.788758e-01
5.050000e+01   -6.910028e+00   -0.000000e+00   -0.000000e+00   2.744639e+02   1.101534e-06   8.679913e-01
5.060000e+01   -6.935885e+00   -0.000000e+00   -0.000000e+00   2.743941e+02   1.088166e-06   8.572393e-01
5.070000e+01   -6.954121e+00   -0.000000e+00   -0.000000e+00   2.743207e+02   1.074971e-06   8.466185e-01
5.080000e+01   -6.943527e+00   -0.000000e+00   -0.000000e+00   2.742436e+02   1.061949e-06   8.361272e-01
5.090000e+01   -6.787620e+00   -0.000000e+00   -0.000000e+00   2.741624e+02   1.049097e-06   8.257640e-01
5.100000e+01   -6.221621e+00   -0.000000e+00   -0.000000e+00   2.740770e+02   1.036415e-06   8.155273e-01
5.110000e+01   -5.421626e+00   -0.000000e+00   -0.000000e+00   2.739872e+02   1.023899e-06   8.054155e-01
5.120000e+01   -4.600918e+00   -0.000000e+00   -0.000000e+00   2.738928e+02   1.011550e-06   7.954272e-01
5.130000e+01   -3.972781e+00   -0.000000e+00   -0.000000e+00   2.737936e+02   9.993653e-07   7.855609e-01
5.140000e+01   -3.655519e+00   -0.000000e+00   -0.000000e+00   2.736892e+02   9.873430e-07   7.758149e-01
5.150000e+01   -3.392327e+00   -0.000000e+00   -0.000000e+00   2.735797e+02   9.754815e-07   7.661878e-01
5.160000e+01   -3.172643e+00   -0.000000e+00   -0.000000e+00   2.734646e+02   9.637793e-07   7.566780e-01
5.170000e+01   -3.023136e+00   -0.000000e+00   -0.000000e+00   2.733439e+02   9.522347e-07   7.472841e-01
5.180000e+01   -2.970479e+00   -0.000000e+00   -0.000000e+00   2.732173e+02   9.408458e-07   7.380044e-01
5.190000e+01   -3.021428e+00   -0.000000e+00   -0.000000e+00   2.730846e+02   9.296109e-07   7.288375e-01
5.200000e+01   -3.099216e+00   -0.000000e+00   -0.000000e+00   2.729455e+02   9.185283e-07   7.197817e-01
5.210000e+01   -3.192900e+00   -0.000000e+00   -0.000000e+00   2.727999e+02   9.075961e-07   7.108357e-01
5.220000e+01   -3.302337e+00   -0.000000e+00   -0.000000e+00   2.726476e+02   8.968126e-07   7.019978e-01
5.230000e+01   -3.427157e+00   -0.000000e+00   -0.000000e+00   2.724885e+02   8.861757e-07   6.932667e-01
5.240000e+01   -3.634953e+00   -0.000000e+00   -0.000000e+00   2.723226e+02   8.756830e-07   6.846410e-01
5.250000e+01   -4.223813e+00   -0.000000e+00   -0.000000e+00   2.721499e+02   8.653322e-07   6.761194e-01
5.260000e+01   -5.096474e+00   -0.000000e+00   -0.000000e+00   2.719705e+02   8.551210e-07   6.677005e-01
5.270000e+01   -6.097828e+00   -0.000000e+00   -0.000000e+00   2.717844e+02   8.450471e-07   6.593831e-01
5.280000e+01   -7.072770e+00   -0.000000e+00   -0.000000e+00   2.715917e+02   8.351081e-07   6.511659e-01
5.290000e+01   -7.932555e+00   -0.000000e+00   -0.000000e+00   2.713925e+02   8.253018e-07   6.430474e-01
5.300000e+01   -8.917649e+00   -0.000000e+00   -0.000000e+00   2.711867e+02   8.156261e-07   6.350265e-01
5.310000e+01   -9.932651e+00   -0.000000e+00   -0.000000e+00   2.709744e+02   8.060786e-07   6.271017e-01
5.320000e+01   -1.081551e+01   -0.000000e+00   -0.000000e+00   2.707557e+02   7.966572e-07   6.192719e-01
5.330000e+01   -1.140416e+01   -0.000000e+00   -0.000000e+00   2.705305e+02   7.873596e-07   6.115356e-01
5.340000e+01   -1.152436e+01   -0.000000e+00   -0.000000e+00   2.702990e+02   7.781837e-07   6.038915e-01
5.350000e+01   -1.109200e+01   -0.000000e+00   -0.000000e+00   2.700611e+02   7.691274e-07   5.963383e-01
5.360000e+01   -1.035935e+01   -0.000000e+00   -0.000000e+00   2.698170e+02   7.601885e-07   5.888747e-01
5.370000e+01   -9.616005e+00   -0.000000e+00   -0.000000e+00   2.695666e+02   7.513648e-07   5.814995e-01
5.380000e+01   -9.151581e+00   -0.000000e+00   -0.000000e+00   2.693101e+02   7.426543e-07   5.742111e-01
5.390000e+01   -9.205536e+00   -0.000000e+00   -0.000000e+00   2.690473e+02   7.340549e-07   5.670085e-01
5.400000e+01   -9.535915e+00   -0.000000e+00   -0.000000e+00   2.687785e+02   7.255644e-07   5.598901e-01
5.410000e+01   -9.978008e+00   -0.000000e+00   -0.000000e+00   2.685036e+02   7.171808e-07   5.528548e-01
5.420000e+01   -1.043202e+01   -0.000000e+00   -0.000000e+00   2.682226e+02   7.089021e-07   5.459012e-01
5.430000e+01   -1.079811e+01   -0.000000e+00   -0.000000e+00   2.679358e+02   7.007260e-07   5.390281e-01
5.440000e+01   -1.098048e+01   -0.000000e+00   -0.000000e+00   2.676437e+02   6.926497e-07   5.322345e-01
5.450000e+01   -1.096448e+01   -0.000000e+00   -0.000000e+00   2.673468e+02   6.846705e-07   5.255197e-01
5.460000e+01   -1.079458e+01   -0.000000e+00   -0.000000e+00   2.670458e+02   6.767857e-07   5.188829e-01
5.470000e+01   -1.051454e+01   -0.000000e+00   -0.000000e+00   2.667413e+02   6.689926e-07   5.123231e-01
5.480000e+01   -1.016809e+01   -0.000000e+00   -0.000000e+00   2.664339e+02   6.612886e-07   5.058397e-01
5.490000e+01   -9.761577e+00   -0.000000e+00   -0.000000e+00   2.661242e+02   6.536712e-07   4.994317e-01
5.500000e+01   -8.985887e+00   -0.000000e+00   -0.000000e+00   2.658129e+02   6.461380e-07   4.930984e-01
5.510000e+01   -7.937185e+00   -0.000000e+00   -0.000000e+00   2.655004e+02   6.386865e-07   4.868390e-01
5.520000e+01   -6.835029e+00   -0.000000e+00   -0.000000e+00   2.651876e+02   6.313144e-07   4.806525e-01
5.530000e+01   -5.898975e+00   -0.000000e+00   -0.000000e+00   2.648749e+02   6.240194e-07   4.745383e-01
5.540000e+01   -5.315753e+00   -0.000000e+00   -0.000000e+00   2.645629e+02   6.167994e-07   4.684954e-01
5.550000e+01   -4.833329e+00   -0.000000e+00   -0.000000e+00   2.642524e+02   6.096521e-07   4.625230e-01
5.560000e+01   -4.399866e+00   -0.000000e+00   -0.000000e+00   2.639438e+02   6.025754e-07   4.566204e-01
5.570000e+01   -4.083633e+00   -0.000000e+00   -0.000000e+00   2.636379e+02   5.955674e-07   4.507867e-01
5.580000e+01   -3.952899e+00   -0.000000e+00   -0.000000e+00   2.633352e+02   5.886259e-07   4.450210e-01
5.590000e+01   -4.067880e+00   -0.000000e+00   -0.000000e+00   2.630363e+02   5.817490e-07   4.393227e-01
5.600000e+01   -4.345568e+00   -0.000000e+00   -0.000000e+00   2.627418e+02   5.749348e-07   4.336907e-01
5.610000e+01   -4.731292e+00   -0.000000e+00   -0.000000e+00   2.624524e+02   5.681815e-07   4.281244e-01
5.620000e+01   -5.207172e+00   -0.000000e+00   -0.000000e+00   2.621687e+02   5.614872e-07   4.226229e-01
5.630000e+01   -5.755335e+00   -0.000000e+00   -0.000000e+00   2.618911e+02   5.548504e-07   4.171853e-01
5.640000e+01   -6.397764e+00   -0.000000e+00   -0.000000e+00   2.616193e+02   5.482716e-07   4.118111e-01
5.650000e+01   -7.776261e+00   -0.000000e+00   -0.000000e+00   2.613521e+02   5.417533e-07   4.064994e-01
5.660000e+01   -9.770160e+00   -0.000000e+00   -0.000000e+00   2.610882e+02   5.352977e-07   4.012499e-01
5.670000e+01   -1.191824e+01   -0.000000e+00   -0.000000e+00   2.608263e+02   5.289069e-07   3.960617e-01
5.680000e+01   -1.375926e+01   -0.000000e+00   -0.000000e+00   2.605652e+02   5.225829e-07   3.909344e-01
5.690000e+01   -1.486273e+01   -0.000000e+00   -0.000000e+00   2.603036e+02   5.163276e-07   3.858672e-01
5.700000e+01   -1.563987e+01   -0.000000e+00   -0.000000e+00   2.600404e+02   5.101428e-07   3.808596e-01
5.710000e+01   -1.633999e+01   -0.000000e+00   -0.000000e+00   2.597742e+02   5.040303e-07   3.759110e-01
5.720000e+01   -1.692200e+01   -0.000000e+00   -0.000000e+00   2.595038e+02   4.979915e-07   3.710207e-01
5.730000e+01   -1.734476e+01   -0.000000e+00   -0.000000e+00   2.592281e+02   4.920280e-07   3.661881e-01
5.740000e+01   -1.755700e+01   -0.000000e+00   -0.000000e+00   2.589456e+02   4.861411e-07   3.614126e-01
5.750000e+01   -1.726417e+01   -0.000000e+00   -0.000000e+00   2.586552e+02   4.803321e-07   3.566936e-01
5.760000e+01   -1.656977e+01   -0.000000e+00   -0.000000e+00   2.583557e+02   4.746022e-07   3.520304e-01
5.770000e+01   -1.577691e+01   -0.000000e+00   -0.000000e+00   2.580458e+02   4.689525e-07   3.474225e-01
5.780000e+01   -1.518871e+01   -0.000000e+00   -0.000000e+00   2.577242e+02   4.633839e-07   3.428693e-01
5.790000e+01   -1.510557e+01   -0.000000e+00   -0.000000e+00   2.573898e+02   4.578975e-07   3.383700e-01
5.800000e+01   -1.559592e+01   -0.000000e+00   -0.000000e+00   2.570412e+02   4.524940e-07   3.339242e-01
5.810000e+01   -1.646993e+01   -0.000000e+00   -0.000000e+00   2.566772e+02   4.471742e-07   3.295311e-01
5.820000e+01   -1.755055e+01   -0.000000e+00   -0.000000e+00   2.562966e+02   4.419389e-07   3.251902e-01
5.830000e+01   -1.866071e+01   -0.000000e+00   -0.000000e+00   2.558981e+02   4.367887e-07   3.209008e-01
5.840000e+01   -1.962862e+01   -0.000000e+00   -0.000000e+00   2.554812e+02   4.317229e-07   3.166624e-01
5.850000e+01   -2.064110e+01   -0.000000e+00   -0.000000e+00   2.550472e+02   4.267381e-07   3.124744e-01
5.860000e+01   -2.174479e+01   -0.000000e+00   -0.000000e+00   2.545975e+02   4.218307e-07   3.083362e-01
5.870000e+01   -2.276491e+01   -0.000000e+00   -0.000000e+00   2.541333e+02   4.169971e-07   3.042475e-01
5.880000e+01   -2.352669e+01   -0.000000e+00   -0.000000e+00   2.536563e+02   4.122340e-07   3.002076e-01
5.890000e+01   -2.384862e+01   -0.000000e+00   -0.000000e+00   2.531676e+02   4.075380e-07   2.962161e-01
5.900000e+01   -2.294953e+01   -0.000000e+00   -0.000000e+00   2.526688e+02   4.029059e-07   2.922723e-01
5.910000e+01   -2.092869e+01   -0.000000e+00   -0.000000e+00   2.521613e+02   3.983346e-07   2.883758e-01
5.920000e+01   -1.856133e+01   -0.000000e+00   -0.000000e+00   2.516464e+02   3.938211e-07   2.845261e-01
5.930000e+01   -1.662273e+01   -0.000000e+00   -0.000000e+00   2.511256e+02   3.893624e-07   2.807226e-01
5.940000e+01   -1.588386e+01   -0.000000e+00   -0.000000e+00   2.506002e+02   3.849557e-07   2.769648e-01
5.950000e+01   -1.589401e+01   -0.000000e+00   -0.000000e+00   2.500717e+02   3.805981e-07   2.732521e-01
5.960000e+01   -1.592510e+01   -0.000000e+00   -0.000000e+00   2.495415e+02   3.762871e-07   2.695842e-01
5.970000e+01   -1.597038e+01   -0.000000e+00   -0.000000e+00   2.490109e+02   3.720198e-07   2.659603e-01
5.980000e+01   -1.602311e+01   -0.000000e+00   -0.000000e+00   2.484814e+02   3.677939e-07   2.623801e-01
5.990000e+01   -1.607656e+01   -0.000000e+00   -0.000000e+00   2.479544e+02   3.636069e-07   2.588429e-01
6.000000e+01   -1.613381e+01   -0.000000e+00   -0.000000e+00   2.474313e+02   3.594563e-07   2.553483e-01
6.010000e+01   -1.619636e+01   -0.000000e+00   -0.000000e+00   2.469134e+02   3.553397e-07   2.518957e-01
6.020000e+01   -1.625694e+01   -0.000000e+00   -0.000000e+00   2.464023e+02   3.512551e-07   2.484847e-01
6.030000e+01   -1.630829e+01   -0.000000e+00   -0.000000e+00   2.458992e+02   3.472000e-07   2.451146e-01
6.040000e+01   -1.634318e+01   -0.000000e+00   -0.000000e+00   2.454053e+02   3.431730e-07   2.417850e-01
6.050000e+01   -1.587054e+01   -0.000000e+00   -0.000000e+00   2.449204e+02   3.391742e-07   2.384954e-01
6.060000e+01   -1.470959e+01   -0.000000e+00   -0.000000e+00   2.444438e+02   3.352046e-07   2.352455e-01
6.070000e+01   -1.331876e+01   -0.000000e+00   -0.000000e+00   2.439748e+02   3.312652e-07   2.320348e-01
6.080000e+01   -1.215646e+01   -0.000000e+00   -0.000000e+00   2.435128e+02   3.273566e-07   2.288628e-01
6.090000e+01   -1.168111e+01   -0.000000e+00   -0.000000e+00   2.430572e+02   3.234797e-07   2.257292e-01
6.100000e+01   -1.187591e+01   -0.000000e+00   -0.000000e+00   2.426073e+02   3.196352e-07   2.226336e-01
6.110000e+01   -1.229515e+01   -0.000000e+00   -0.000000e+00   2.421624e+02   3.158238e-07   2.195755e-01
6.120000e+01   -1.283397e+01   -0.000000e+00   -0.000000e+00   2.417219e+02   3.120462e-07   2.165545e-01
6.130000e+01   -1.338796e+01   -0.000000e+00   -0.000000e+00   2.412852e+02   3.083030e-07   2.135702e-01
6.140000e+01   -1.385274e+01   -0.000000e+00   -0.000000e+00   2.408515e+02   3.045948e-07   2.106223e-01
6.150000e+01   -1.424917e+01   -0.000000e+00   -0.000000e+00   2.404204e+02   3.009221e-07   2.077101e-01
6.160000e+01   -1.466708e+01   -0.000000e+00   -0.000000e+00   2.399910e+02   2.972854e-07   2.048335e-01
6.170000e+01   -1.505485e+01   -0.000000e+00   -0.000000e+00   2.395627e+02   2.936852e-07   2.019918e-01
6.180000e+01   -1.536024e+01   -0.000000e+00   -0.000000e+00   2.391350e+02   2.901220e-07   1.991848e-01
6.190000e+01   -1.553104e+01   -0.000000e+00   -0.000000e+00   2.387071e+02   2.865961e-07   1.964120e-01
6.200000e+01   -1.503314e+01   -0.000000e+00   -0.000000e+00   2.382784e+02   2.831078e-07   1.936729e-01
6.210000e+01   -1.349315e+01   -0.000000e+00   -0.000000e+00   2.378483e+02   2.796575e-07   1.909672e-01
6.220000e+01   -1.148490e+01   -0.000000e+00   -0.000000e+00   2.374160e+02   2.762455e-07   1.882945e-01
6.230000e+01   -9.589172e+00   -0.000000e+00   -0.000000e+00   2.369810e+02   2.728721e-07   1.856543e-01
6.240000e+01   -8.386655e+00   -0.000000e+00   -0.000000e+00   2.365427e+02   2.695373e-07   1.830462e-01
6.250000e+01   -7.904604e+00   -0.000000e+00   -0.000000e+00   2.361011e+02   2.662407e-07   1.804699e-01
6.260000e+01   -7.498034e+00   -0.000000e+00   -0.000000e+00   2.356566e+02   2.629815e-07   1.779251e-01
6.270000e+01   -7.186327e+00   -0.000000e+00   -0.000000e+00   2.352091e+02   2.597593e-07   1.754113e-01
6.280000e+01   -7.000319e+00   -0.000000e+00   -0.000000e+00   2.347592e+02   2.565732e-07   1.729284e-01
6.290000e+01   -6.970851e+00   -0.000000e+00   -0.000000e+00   2.343068e+02   2.534227e-07   1.704758e-01
6.300000e+01   -7.550026e+00   -0.000000e+00   -0.000000e+00   2.338523e+02   2.503072e-07   1.680534e-01
6.310000e+01   -9.254194e+00   -0.000000e+00   -0.000000e+00   2.333959e+02   2.472261e-07   1.656608e-01
6.320000e+01   -1.161643e+01   -0.000000e+00   -0.000000e+00   2.329377e+02   2.441786e-07   1.632976e-01
6.330000e+01   -1.415056e+01   -0.000000e+00   -0.000000e+00   2.324781e+02   2.411643e-07   1.609635e-01
6.340000e+01   -1.637043e+01   -0.000000e+00   -0.000000e+00   2.320173e+02   2.381826e-07   1.586583e-01
6.350000e+01   -1.821837e+01   -0.000000e+00   -0.000000e+00   2.315554e+02   2.352328e-07   1.563814e-01
6.360000e+01   -2.020895e+01   -0.000000e+00   -0.000000e+00   2.310927e+02   2.323145e-07   1.541327e-01
6.370000e+01   -2.209777e+01   -0.000000e+00   -0.000000e+00   2.306294e+02   2.294270e-07   1.519118e-01
6.380000e+01   -2.361509e+01   -0.000000e+00   -0.000000e+00   2.301658e+02   2.265697e-07   1.497183e-01
6.390000e+01   -2.449117e+01   -0.000000e+00   -0.000000e+00   2.297020e+02   2.237422e-07   1.475520e-01
6.400000e+01   -2.473880e+01   -0.000000e+00   -0.000000e+00   2.292383e+02   2.209439e-07   1.454124e-01
6.410000e+01   -2.489494e+01   -0.000000e+00   -0.000000e+00   2.287749e+02   2.181742e-07   1.432993e-01
6.420000e+01   -2.500956e+01   -0.000000e+00   -0.000000e+00   2.283121e+02   2.154326e-07   1.412124e-01
6.430000e+01   -2.510914e+01   -0.000000e+00   -0.000000e+00   2.278500e+02   2.127186e-07   1.391512e-01
6.440000e+01   -2.522063e+01   -0.000000e+00   -0.000000e+00   2.273885e+02   2.100321e-07   1.371155e-01
6.450000e+01   -2.536018e+01   -0.000000e+00   -0.000000e+00   2.269266e+02   2.073738e-07   1.351051e-01
6.460000e+01   -2.551111e+01   -0.000000e+00   -0.000000e+00   2.264633e+02   2.047444e-07   1.331196e-01
6.470000e+01   -2.567171e+01   -0.000000e+00   -0.000000e+00   2.259975e+02   2.021446e-07   1.311590e-01
6.480000e+01   -2.584148e+01   -0.000000e+00   -0.000000e+00   2.255281e+02   1.995751e-07   1.292229e-01
6.490000e+01   -2.601992e+01   -0.000000e+00   -0.000000e+00   2.250541e+02   1.970367e-07   1.273111e-01
6.500000e+01   -2.620077e+01   -0.000000e+00   -0.000000e+00   2.245744e+02   1.945298e-07   1.254234e-01
6.510000e+01   -2.637874e+01   -0.000000e+00   -0.000000e+00   2.240880e+02   1.920550e-07   1.235596e-01
6.520000e+01   -2.657663e+01   -0.000000e+00   -0.000000e+00   2.235937e+02   1.896128e-07   1.217194e-01
6.530000e+01   -2.681866e+01   -0.000000e+00   -0.000000e+00   2.230906e+02   1.872038e-07   1.199025e-01
6.540000e+01   -2.712906e+01   -0.000000e+00   -0.000000e+00   2.225775e+02   1.848284e-07   1.181088e-01
6.550000e+01   -2.768385e+01   -0.000000e+00   -0.000000e+00   2.220534e+02   1.824870e-07   1.163381e-01
6.560000e+01   -2.881410e+01   -0.000000e+00   -0.000000e+00   2.215172e+02   1.801801e-07   1.145900e-01
6.570000e+01   -3.018678e+01   -0.000000e+00   -0.000000e+00   2.209679e+02   1.779078e-07   1.128643e-01
6.580000e+01   -3.142342e+01   -0.000000e+00   -0.000000e+00   2.204043e+02   1.756707e-07   1.111609e-01
6.590000e+01   -3.214558e+01   -0.000000e+00   -0.000000e+00   2.198255e+02   1.734690e-07   1.094794e-01
6.600000e+01   -3.219036e+01   -0.000000e+00   -0.000000e+00   2.192304e+02   1.713030e-07   1.078197e-01
6.610000e+01   -3.213674e+01   -0.000000e+00   -0.000000e+00   2.186178e+02   1.691729e-07   1.061815e-01
6.620000e+01   -3.205331e+01   -0.000000e+00   -0.000000e+00   2.179868e+02   1.670790e-07   1.045646e-01
6.630000e+01   -3.194471e+01   -0.000000e+00   -0.000000e+00   2.173368e+02   1.650212e-07   1.029687e-01
6.640000e+01   -3.181443e+01   -0.000000e+00   -0.000000e+00   2.166694e+02   1.629974e-07   1.013937e-01
6.650000e+01   -3.158195e+01   -0.000000e+00   -0.000000e+00   2.159870e+02   1.610057e-07   9.983921e-02
6.660000e+01   -3.096359e+01   -0.000000e+00   -0.000000e+00   2.152918e+02   1.590437e-07   9.830514e-02
6.670000e+01   -3.005577e+01   -0.000000e+00   -0.000000e+00   2.145861e+02   1.571093e-07   9.679122e-02
6.680000e+01   -2.899566e+01   -0.000000e+00   -0.000000e+00   2.138722e+02   1.552007e-07   9.529723e-02
6.690000e+01   -2.792046e+01   -0.000000e+00   -0.000000e+00   2.131523e+02   1.533157e-07   9.382295e-02
6.700000e+01   -2.692277e+01   -0.000000e+00   -0.000000e+00   2.124288e+02   1.514526e-07   9.236816e-02
6.710000e+01   -2.587696e+01   -0.000000e+00   -0.000000e+00   2.117038e+02   1.496093e-07   9.093262e-02
6.720000e+01   -2.476200e+01   -0.000000e+00   -0.000000e+00   2.109798e+02   1.477842e-07   8.951613e-02
6.730000e+01   -2.357865e+01   -0.000000e+00   -0.000000e+00   2.102589e+02   1.459755e-07   8.811844e-02
6.740000e+01   -2.232768e+01   -0.000000e+00   -0.000000e+00   2.095434e+02   1.441816e-07   8.673935e-02
6.750000e+01   -2.097151e+01   -0.000000e+00   -0.000000e+00   2.088357e+02   1.424007e-07   8.537862e-02
6.760000e+01   -1.937244e+01   -0.000000e+00   -0.000000e+00   2.081380e+02   1.406313e-07   8.403604e-02
6.770000e+01   -1.765770e+01   -0.000000e+00   -0.000000e+00   2.074525e+02   1.388718e-07   8.271138e-02
6.780000e+01   -1.598971e+01   -0.000000e+00   -0.000000e+00   2.067816e+02   1.371209e-07   8.140441e-02
6.790000e+01   -1.453090e+01   -0.000000e+00   -0.000000e+00   2.061275e+02   1.353771e-07   8.011493e-02
6.800000e+01   -1.336904e+01   -0.000000e+00   -0.000000e+00   2.054926e+02   1.336389e-07   7.884269e-02
6.810000e+01   -1.220936e+01   -0.000000e+00   -0.000000e+00   2.048790e+02   1.319052e-07   7.758748e-02
6.820000e+01   -1.111603e+01   -0.000000e+00   -0.000000e+00   2.042886e+02   1.301749e-07   7.634908e-02
6.830000e+01   -1.022701e+01   -0.000000e+00   -0.000000e+00   2.037214e+02   1.284484e-07   7.512730e-02
6.840000e+01   -9.680307e+00   -0.000000e+00   -0.000000e+00   2.031773e+02   1.267260e-07   7.392194e-02
6.850000e+01   -9.564782e+00   -0.000000e+00   -0.000000e+00   2.026560e+02   1.250082e-07   7.273283e-02
6.860000e+01   -9.624532e+00   -0.000000e+00   -0.000000e+00   2.021573e+02   1.232955e-07   7.155977e-02
6.870000e+01   -9.784599e+00   -0.000000e+00   -0.000000e+00   2.016810e+02   1.215881e-07   7.040256e-02
6.880000e+01   -1.002679e+01   -0.000000e+00   -0.000000e+00   2.012268e+02   1.198866e-07   6.926103e-02
6.890000e+01   -1.033292e+01   -0.000000e+00   -0.000000e+00   2.007945e+02   1.181914e-07   6.813498e-02
6.900000e+01   -1.078531e+01   -0.000000e+00   -0.000000e+00   2.003839e+02   1.165029e-07   6.702422e-02
6.910000e+01   -1.203444e+01   -0.000000e+00   -0.000000e+00   1.999948e+02   1.148213e-07   6.592857e-02
6.920000e+01   -1.387610e+01   -0.000000e+00   -0.000000e+00   1.996269e+02   1.131472e-07   6.484783e-02
6.930000e+01   -1.591398e+01   -0.000000e+00   -0.000000e+00   1.992801e+02   1.114809e-07   6.378181e-02
6.940000e+01   -1.775175e+01   -0.000000e+00   -0.000000e+00   1.989540e+02   1.098228e-07   6.273033e-02
6.950000e+01   -1.908073e+01   -0.000000e+00   -0.000000e+00   1.986485e+02   1.081732e-07   6.169320e-02
6.960000e+01   -2.037584e+01   -0.000000e+00   -0.000000e+00   1.983633e+02   1.065324e-07   6.067022e-02
6.970000e+01   -2.161244e+01   -0.000000e+00   -0.000000e+00   1.980983e+02   1.049008e-07   5.966121e-02
6.980000e+01   -2.257981e+01   -0.000000e+00   -0.000000e+00   1.978531e+02   1.032788e-07   5.866597e-02
6.990000e+01   -2.306727e+01   -0.000000e+00   -0.000000e+00   1.976276e+02   1.016665e-07   5.768433e-02
7.000000e+01   -2.289928e+01   -0.000000e+00   -0.000000e+00   1.974216e+02   1.000643e-07   5.671609e-02
7.010000e+01   -2.234098e+01   -0.000000e+00   -0.000000e+00   1.972344e+02   9.847277e-08   5.576107e-02
7.020000e+01   -2.156489e+01   -0.000000e+00   -0.000000e+00   1.970641e+02   9.689304e-08   5.481917e-02
7.030000e+01   -2.065860e+01   -0.000000e+00   -0.000000e+00   1.969087e+02   9.532639e-08   5.389027e-02
7.040000e+01   -1.970973e+01   -0.000000e+00   -0.000000e+00   1.967660e+02   9.377403e-08   5.297427e-02
7.050000e+01   -1.879123e+01   -0.000000e+00   -0.000000e+00   1.966339e+02   9.223710e-08   5.207107e-02
7.060000e+01   -1.779344e+01   -0.000000e+00   -0.000000e+00   1.965104e+02   9.071667e-08   5.118056e-02
7.070000e+01   -1.672407e+01   -0.000000e+00   -0.000000e+00   1.963933e+02   8.921372e-08   5.030263e-02
7.080000e+01   -1.564775e+01   -0.000000e+00   -0.000000e+00   1.962805e+02   8.772921e-08   4.943719e-02
7.090000e+01   -1.462907e+01   -0.000000e+00   -0.000000e+00   1.961699e+02   8.626399e-08   4.858412e-02
7.100000e+01   -1.372266e+01   -0.000000e+00   -0.000000e+00   1.960594e+02   8.481888e-08   4.774332e-02
7.110000e+01   -1.282996e+01   -0.000000e+00   -0.000000e+00   1.959469e+02   8.339462e-08   4.691468e-02
7.120000e+01   -1.194367e+01   -0.000000e+00   -0.000000e+00   1.958303e+02   8.199190e-08   4.609811e-02
7.130000e+01   -1.110938e+01   -0.000000e+00   -0.000000e+00   1.957074e+02   8.061134e-08   4.529349e-02
7.140000e+01   -1.037268e+01   -0.000000e+00   -0.000000e+00   1.955762e+02   7.925353e-08   4.450071e-02
7.150000e+01   -9.788384e+00   -0.000000e+00   -0.000000e+00   1.954345e+02   7.791900e-08   4.371968e-02
7.160000e+01   -9.532566e+00   -0.000000e+00   -0.000000e+00   1.952803e+02   7.660821e-08   4.295029e-02
7.170000e+01   -9.550048e+00   -0.000000e+00   -0.000000e+00   1.951114e+02   7.532159e-08   4.219243e-02
7.180000e+01   -9.699052e+00   -0.000000e+00   -0.000000e+00   1.949258e+02   7.405954e-08   4.144600e-02
7.190000e+01   -9.837800e+00   -0.000000e+00   -0.000000e+00   1.947213e+02   7.282239e-08   4.071089e-02
7.200000e+01   -9.836273e+00   -0.000000e+00   -0.000000e+00   1.944957e+02   7.161045e-08   3.998700e-02
7.210000e+01   -9.853928e+00   -0.000000e+00   -0.000000e+00   1.942476e+02   7.042379e-08   3.927421e-02
7.220000e+01   -9.904317e+00   -0.000000e+00   -0.000000e+00   1.939763e+02   6.926205e-08   3.857238e-02
7.230000e+01   -9.877120e+00   -0.000000e+00   -0.000000e+00   1.936815e+02   6.812480e-08   3.788137e-02
7.240000e+01   -9.662021e+00   -0.000000e+00   -0.000000e+00   1.933626e+02   6.701164e-08   3.720105e-02
7.250000e+01   -9.137381e+00   -0.000000e+00   -0.000000e+00   1.930193e+02   6.592216e-08   3.653125e-02
7.260000e+01   -7.935714e+00   -0.000000e+00   -0.000000e+00   1.926512e+02   6.485595e-08   3.587185e-02
7.270000e+01   -6.198731e+00   -0.000000e+00   -0.000000e+00   1.922577e+02   6.381262e-08   3.522271e-02
7.280000e+01   -4.300970e+00   -0.000000e+00   -0.000000e+00   1.918386e+02   6.279179e-08   3.458367e-02
7.290000e+01   -2.616968e+00   -0.000000e+00   -0.000000e+00   1.913933e+02   6.179306e-08   3.395461e-02
7.300000e+01   -1.509354e+00   -0.000000e+00   -0.000000e+00   1.909214e+02   6.081605e-08   3.333537e-02
7.310000e+01   -7.198403e-01   -0.000000e+00   -0.000000e+00   1.904226e+02   5.986040e-08   3.272582e-02
7.320000e+01   6.456055e-03   -0.000000e+00   -0.000000e+00   1.898964e+02   5.892574e-08   3.212581e-02
7.330000e+01   6.701658e-01   -0.000000e+00   -0.000000e+00   1.893423e+02   5.801170e-08   3.153520e-02
7.340000e+01   1.271920e+00   -0.000000e+00   -0.000000e+00   1.887599e+02   5.711793e-08   3.095385e-02
7.350000e+01   1.812608e+00   -0.000000e+00   -0.000000e+00   1.881489e+02   5.624409e-08   3.038162e-02
7.360000e+01   2.309498e+00   -0.000000e+00   -0.000000e+00   1.875088e+02   5.538981e-08   2.981836e-02
7.370000e+01   2.768869e+00   -0.000000e+00   -0.000000e+00   1.868391e+02   5.455477e-08   2.926394e-02
7.380000e+01   3.185305e+00   -0.000000e+00   -0.000000e+00   1.861394e+02   5.373864e-08   2.871821e-02
7.390000e+01   3.553391e+00   -0.000000e+00   -0.000000e+00   1.854094e+02   5.294108e-08   2.818103e-02
7.400000e+01   3.859383e+00   -0.000000e+00   -0.000000e+00   1.846485e+02   5.216178e-08   2.765226e-02
7.410000e+01   3.252799e+00   -0.000000e+00   -0.000000e+00   1.838565e+02   5.140042e-08   2.713176e-02
7.420000e+01   1.642993e+00   -0.000000e+00   -0.000000e+00   1.830327e+02   5.065669e-08   2.661937e-02
7.430000e+01   -2.943253e-01   -0.000000e+00   -0.000000e+00   1.821769e+02   4.993028e-08   2.611498e-02
7.440000e+01   -1.882570e+00   -0.000000e+00   -0.000000e+00   1.812899e+02   4.922058e-08   2.561845e-02
7.450000e+01   -2.445604e+00   -0.000000e+00   -0.000000e+00   1.803740e+02   4.852672e-08   2.512969e-02
7.460000e+01   -1.864084e+00   -0.000000e+00   -0.000000e+00   1.794313e+02   4.784780e-08   2.464862e-02
7.470000e+01   -6.529704e-01   -0.000000e+00   -0.000000e+00   1.784643e+02   4.718299e-08   2.417515e-02
7.480000e+01   7.916305e-01   -0.000000e+00   -0.000000e+00   1.774751e+02   4.653147e-08   2.370918e-02
7.490000e+01   2.073611e+00   -0.000000e+00   -0.000000e+00   1.764661e+02   4.589245e-08   2.325063e-02
7.500000e+01   2.797258e+00   -0.000000e+00   -0.000000e+00   1.754395e+02   4.526516e-08   2.279941e-02
7.510000e+01   3.025740e+00   -0.000000e+00   -0.000000e+00   1.743976e+02   4.464885e-08   2.235543e-02
7.520000e+01   3.086828e+00   -0.000000e+00   -0.000000e+00   1.733427e+02   4.404280e-08   2.191860e-02
7.530000e+01   3.050515e+00   -0.000000e+00   -0.000000e+00   1.722770e+02   4.344631e-08   2.148882e-02
7.540000e+01   2.986794e+00   -0.000000e+00   -0.000000e+00   1.712029e+02   4.285869e-08   2.106602e-02
7.550000e+01   2.965658e+00   0.000000e+00   0.000000e+00   1.701227e+02   4.227927e-08   2.065010e-02
7.560000e+01   3.050683e+00   0.000000e+00   0.000000e+00   1.690385e+02   4.170739e-08   2.024096e-02
7.570000e+01   3.218786e+00   0.000000e+00   0.000000e+00   1.679528e+02   4.114243e-08   1.983853e-02
7.580000e+01   3.409971e+00   0.000000e+00   0.000000e+00   1.668677e+02   4.058375e-08   1.944271e-02
7.590000e+01   3.564244e+00   0.000000e+00   0.000000e+00   1.657855e+02   4.003075e-08   1.905341e-02
7.600000e+01   3.621612e+00   0.000000e+00   0.000000e+00   1.647086e+02   3.948283e-08   1.867055e-02
7.610000e+01   3.541855e+00   0.000000e+00   0.000000e+00   1.636392e+02   3.893942e-08   1.829402e-02
7.620000e+01   3.362364e+00   0.000000e+00   0.000000e+00   1.625796e+02   3.839994e-08   1.792376e-02
7.630000e+01   3.139268e+00   0.000000e+00   0.000000e+00   1.615321e+02   3.786385e-08   1.755965e-02
7.640000e+01   2.928695e+00   0.000000e+00   0.000000e+00   1.604989e+02   3.733061e-08   1.720162e-02
7.650000e+01   2.786772e+00   0.000000e+00   0.000000e+00   1.594823e+02   3.679969e-08   1.684958e-02
7.660000e+01   2.885639e+00   0.000000e+00   0.000000e+00   1.584846e+02   3.627059e-08   1.650343e-02
7.670000e+01   3.265146e+00   0.000000e+00   0.000000e+00   1.575081e+02   3.574282e-08   1.616308e-02
7.680000e+01   3.715691e+00   0.000000e+00   0.000000e+00   1.565551e+02   3.521591e-08   1.582845e-02
7.690000e+01   4.026882e+00   0.000000e+00   0.000000e+00   1.556278e+02   3.468939e-08   1.549945e-02
7.700000e+01   3.988327e+00   0.000000e+00   0.000000e+00   1.547286e+02   3.416285e-08   1.517599e-02
7.710000e+01   3.656412e+00   0.000000e+00   0.000000e+00   1.538596e+02   3.363586e-08   1.485797e-02
7.720000e+01   3.270368e+00   0.000000e+00   0.000000e+00   1.530222e+02   3.310829e-08   1.454533e-02
7.730000e+01   2.727605e+00   0.000000e+00   0.000000e+00   1.522164e+02   3.258026e-08   1.423798e-02
7.740000e+01   1.922780e+00   0.000000e+00   0.000000e+00   1.514424e+02   3.205195e-08   1.393587e-02
7.750000e+01   7.505472e-01   0.000000e+00   0.000000e+00   1.507001e+02   3.152349e-08   1.363893e-02
7.760000e+01   -1.016491e+00   0.000000e+00   0.000000e+00   1.499897e+02   3.099507e-08   1.334709e-02
7.770000e+01   -3.422554e+00   0.000000e+00   0.000000e+00   1.493112e+02   3.046685e-08   1.306028e-02
7.780000e+01   -6.127474e+00   0.000000e+00   0.000000e+00   1.486648e+02   2.993899e-08   1.277843e-02
7.790000e+01   -8.786864e+00   0.000000e+00   0.000000e+00   1.480503e+02   2.941169e-08   1.250149e-02
7.800000e+01   -1.105633e+01   0.000000e+00   0.000000e+00   1.474680e+02   2.888511e-08   1.222938e-02
7.810000e+01   -1.281592e+01   0.000000e+00   0.000000e+00   1.469179e+02   2.835945e-08   1.196203e-02
7.820000e+01   -1.436174e+01   0.000000e+00   0.000000e+00   1.464000e+02   2.783487e-08   1.169938e-02
7.830000e+01   -1.576278e+01   0.000000e+00   0.000000e+00   1.459145e+02   2.731158e-08   1.144136e-02
7.840000e+01   -1.708092e+01   0.000000e+00   0.000000e+00   1.454614e+02   2.678976e-08   1.118791e-02
7.850000e+01   -1.837805e+01   0.000000e+00   0.000000e+00   1.450407e+02   2.626961e-08   1.093895e-02
7.860000e+01   -1.972351e+01   0.000000e+00   0.000000e+00   1.446525e+02   2.575130e-08   1.069442e-02
7.870000e+01   -2.111965e+01   0.000000e+00   0.000000e+00   1.442969e+02   2.523504e-08   1.045426e-02
7.880000e+01   -2.249103e+01   0.000000e+00   0.000000e+00   1.439739e+02   2.472102e-08   1.021839e-02
7.890000e+01   -2.376082e+01   0.000000e+00   0.000000e+00   1.436837e+02   2.420942e-08   9.986755e-03
7.900000e+01   -2.485218e+01   0.000000e+00   0.000000e+00   1.434263e+02   2.370045e-08   9.759279e-03
7.910000e+01   -2.576780e+01   0.000000e+00   0.000000e+00   1.432017e+02   2.319429e-08   9.535897e-03
7.920000e+01   -2.659611e+01   0.000000e+00   0.000000e+00   1.430100e+02   2.269112e-08   9.316544e-03
7.930000e+01   -2.723263e+01   0.000000e+00   0.000000e+00   1.428514e+02   2.219114e-08   9.101151e-03
7.940000e+01   -2.757017e+01   0.000000e+00   0.000000e+00   1.427253e+02   2.169460e-08   8.889658e-03
7.950000e+01   -2.753019e+01   0.000000e+00   0.000000e+00   1.426292e+02   2.120220e-08   8.682036e-03
7.960000e+01   -2.706443e+01   0.000000e+00   0.000000e+00   1.425594e+02   2.071472e-08   8.478267e-03
7.970000e+01   -2.626702e+01   0.000000e+00   0.000000e+00   1.425123e+02   2.023291e-08   8.278335e-03
7.980000e+01   -2.529058e+01   0.000000e+00   0.000000e+00   1.424843e+02   1.975747e-08   8.082223e-03
7.990000e+01   -2.428769e+01   0.000000e+00   0.000000e+00   1.424719e+02   1.928904e-08   7.889913e-03
8.000000e+01   -2.341097e+01   0.000000e+00   0.000000e+00   1.424715e+02   1.882819e-08   7.701389e-03
8.010000e+01   -2.304954e+01   0.000000e+00   0.000000e+00   1.424795e+02   1.837547e-08   7.516632e-03
8.020000e+01   -2.372156e+01   0.000000e+00   0.000000e+00   1.424923e+02   1.793137e-08   7.335627e-03
8.030000e+01   -2.496879e+01   0.000000e+00   0.000000e+00   1.425063e+02   1.749633e-08   7.158357e-03
8.040000e+01   -2.627958e+01   0.000000e+00   0.000000e+00   1.425179e+02   1.707074e-08   6.984803e-03
8.050000e+01   -2.714227e+01   0.000000e+00   0.000000e+00   1.425236e+02   1.665496e-08   6.814949e-03
8.060000e+01   -2.736582e+01   0.000000e+00   0.000000e+00   1.425197e+02   1.624930e-08   6.648778e-03
8.070000e+01   -2.766432e+01   0.000000e+00   0.000000e+00   1.425028e+02   1.585402e-08   6.486273e-03
8.080000e+01   -2.797914e+01   0.000000e+00   0.000000e+00   1.424720e+02   1.546905e-08   6.327401e-03
8.090000e+01   -2.815831e+01   0.000000e+00   0.000000e+00   1.424294e+02   1.509391e-08   6.172111e-03
8.100000e+01   -2.804867e+01   0.000000e+00   0.000000e+00   1.423775e+02   1.472816e-08   6.020355e-03
8.110000e+01   -2.759575e+01   0.000000e+00   0.000000e+00   1.423186e+02   1.437136e-08   5.872080e-03
8.120000e+01   -2.708761e+01   0.000000e+00   0.000000e+00   1.422551e+02   1.402312e-08   5.727235e-03
8.130000e+01   -2.658197e+01   0.000000e+00   0.000000e+00   1.421895e+02   1.368306e-08   5.585771e-03
8.140000e+01   -2.610756e+01   0.000000e+00   0.000000e+00   1.421241e+02   1.335083e-08   5.447636e-03
8.150000e+01   -2.569312e+01   0.000000e+00   0.000000e+00   1.420612e+02   1.302609e-08   5.312780e-03
8.160000e+01   -2.530371e+01   0.000000e+00   0.000000e+00   1.420033e+02   1.270854e-08   5.181151e-03
8.170000e+01   -2.473906e+01   0.000000e+00   0.000000e+00   1.419527e+02   1.239788e-08   5.052699e-03
8.180000e+01   -2.407419e+01   0.000000e+00   0.000000e+00   1.419118e+02   1.209385e-08   4.927373e-03
8.190000e+01   -2.341446e+01   0.000000e+00   0.000000e+00   1.418831e+02   1.179618e-08   4.805122e-03
8.200000e+01   -2.286524e+01   0.000000e+00   0.000000e+00   1.418689e+02   1.150464e-08   4.685896e-03
8.210000e+01   -2.245361e+01   0.000000e+00   0.000000e+00   1.418715e+02   1.121902e-08   4.569643e-03
8.220000e+01   -2.194952e+01   0.000000e+00   0.000000e+00   1.418934e+02   1.093909e-08   4.456314e-03
8.230000e+01   -2.147904e+01   0.000000e+00   0.000000e+00   1.419369e+02   1.066467e-08   4.345856e-03
8.240000e+01   -2.121614e+01   0.000000e+00   0.000000e+00   1.420045e+02   1.039559e-08   4.238220e-03
8.250000e+01   -2.133481e+01   0.000000e+00   0.000000e+00   1.420984e+02   1.013167e-08   4.133354e-03
8.260000e+01   -2.209092e+01   0.000000e+00   0.000000e+00   1.422212e+02   9.872758e-09   4.031208e-03
8.270000e+01   -2.382949e+01   0.000000e+00   0.000000e+00   1.423751e+02   9.618724e-09   3.931731e-03
8.280000e+01   -2.614960e+01   0.000000e+00   0.000000e+00   1.425608e+02   9.369539e-09   3.834870e-03
8.290000e+01   -2.856611e+01   0.000000e+00   0.000000e+00   1.427773e+02   9.125284e-09   3.740571e-03
8.300000e+01   -3.059405e+01   0.000000e+00   0.000000e+00   1.430236e+02   8.886030e-09   3.648780e-03
8.310000e+01   -3.186831e+01   0.000000e+00   0.000000e+00   1.432984e+02   8.651834e-09   3.559442e-03
8.320000e+01   -3.283815e+01   0.000000e+00   0.000000e+00   1.436008e+02   8.422741e-09   3.472502e-03
8.330000e+01   -3.368714e+01   0.000000e+00   0.000000e+00   1.439296e+02   8.198779e-09   3.387907e-03
8.340000e+01   -3.450281e+01   0.000000e+00   0.000000e+00   1.442836e+02   7.979968e-09   3.305602e-03
8.350000e+01   -3.537269e+01   0.000000e+00   0.000000e+00   1.446619e+02   7.766312e-09   3.225533e-03
8.360000e+01   -3.644521e+01   0.000000e+00   0.000000e+00   1.450633e+02   7.557803e-09   3.147644e-03
8.370000e+01   -3.805646e+01   0.000000e+00   0.000000e+00   1.454868e+02   7.354426e-09   3.071883e-03
8.380000e+01   -3.992082e+01   0.000000e+00   0.000000e+00   1.459311e+02   7.156150e-09   2.998193e-03
8.390000e+01   -4.165056e+01   0.000000e+00   0.000000e+00   1.463952e+02   6.962938e-09   2.926522e-03
8.400000e+01   -4.285797e+01   0.000000e+00   0.000000e+00   1.468780e+02   6.774741e-09   2.856813e-03
8.410000e+01   -4.321469e+01   0.000000e+00   0.000000e+00   1.473785e+02   6.591502e-09   2.789014e-03
8.420000e+01   -4.298182e+01   0.000000e+00   0.000000e+00   1.478954e+02   6.413156e-09   2.723070e-03
8.430000e+01   -4.236364e+01   0.000000e+00   0.000000e+00   1.484277e+02   6.239630e-09   2.658926e-03
8.440000e+01   -4.149060e+01   0.000000e+00   0.000000e+00   1.489744e+02   6.070844e-09   2.596528e-03
8.450000e+01   -4.049317e+01   0.000000e+00   0.000000e+00   1.495342e+02   5.906711e-09   2.535821e-03
8.460000e+01   -3.948564e+01   0.000000e+00   0.000000e+00   1.501061e+02   5.747137e-09   2.476751e-03
8.470000e+01   -3.838798e+01   0.000000e+00   0.000000e+00   1.506890e+02   5.592026e-09   2.419263e-03
8.480000e+01   -3.711984e+01   0.000000e+00   0.000000e+00   1.512818e+02   5.441276e-09   2.363306e-03
8.490000e+01   -3.563153e+01   0.000000e+00   0.000000e+00   1.518834e+02   5.294811e-09   2.308837e-03
8.500000e+01   -3.387625e+01   0.000000e+00   0.000000e+00   1.524927e+02   5.152566e-09   2.255822e-03
8.510000e+01   -3.174065e+01   0.000000e+00   0.000000e+00   1.531084e+02   5.014470e-09   2.204228e-03
8.520000e+01   -2.863064e+01   0.000000e+00   0.000000e+00   1.537296e+02   4.880448e-09   2.154019e-03
8.530000e+01   -2.483420e+01   0.000000e+00   0.000000e+00   1.543550e+02   4.750424e-09   2.105162e-03
8.540000e+01   -2.087612e+01   0.000000e+00   0.000000e+00   1.549836e+02   4.624316e-09   2.057622e-03
8.550000e+01   -1.728123e+01   0.000000e+00   0.000000e+00   1.556142e+02   4.502040e-09   2.011365e-03
8.560000e+01   -1.449309e+01   0.000000e+00   0.000000e+00   1.562457e+02   4.383510e-09   1.966357e-03
8.570000e+01   -1.188734e+01   0.000000e+00   0.000000e+00   1.568770e+02   4.268636e-09   1.922564e-03
8.580000e+01   -9.372223e+00   0.000000e+00   0.000000e+00   1.575069e+02   4.157329e-09   1.879951e-03
8.590000e+01   -7.157532e+00   0.000000e+00   0.000000e+00   1.581344e+02   4.049496e-09   1.838483e-03
8.600000e+01   -5.453057e+00   0.000000e+00   0.000000e+00   1.587583e+02   3.945044e-09   1.798128e-03
8.610000e+01   -4.463302e+00   0.000000e+00   0.000000e+00   1.593774e+02   3.843878e-09   1.758849e-03
8.620000e+01   -4.188675e+00   0.000000e+00   0.000000e+00   1.599907e+02   3.745902e-09   1.720614e-03
8.630000e+01   -4.399445e+00   0.000000e+00   0.000000e+00   1.605970e+02   3.651022e-09   1.683388e-03
8.640000e+01   -4.858132e+00   0.000000e+00   0.000000e+00   1.611952e+02   3.559140e-09   1.647136e-03
8.650000e+01   -5.327256e+00   0.000000e+00   0.000000e+00   1.617842e+02   3.470159e-09   1.611825e-03
8.660000e+01   -5.583692e+00   0.000000e+00   0.000000e+00   1.623628e+02   3.383983e-09   1.577419e-03
8.670000e+01   -5.739960e+00   0.000000e+00   0.000000e+00   1.629300e+02   3.300515e-09   1.543886e-03
8.680000e+01   -5.902683e+00   0.000000e+00   0.000000e+00   1.634845e+02   3.219659e-09   1.511189e-03
8.690000e+01   -6.093113e+00   0.000000e+00   0.000000e+00   1.640254e+02   3.141317e-09   1.479296e-03
8.700000e+01   -6.332475e+00   0.000000e+00   0.000000e+00   1.645514e+02   3.065395e-09   1.448173e-03
8.710000e+01   -6.645882e+00   0.000000e+00   0.000000e+00   1.650622e+02   2.991796e-09   1.417790e-03
8.720000e+01   -7.150363e+00   0.000000e+00   0.000000e+00   1.655587e+02   2.920429e-09   1.388133e-03
8.730000e+01   -7.776589e+00   0.000000e+00   0.000000e+00   1.660419e+02   2.851204e-09   1.359184e-03
8.740000e+01   -8.377908e+00   0.000000e+00   0.000000e+00   1.665127e+02   2.784038e-09   1.330929e-03
8.750000e+01   -8.807666e+00   0.000000e+00   0.000000e+00   1.669721e+02   2.718849e-09   1.303351e-03
8.760000e+01   -8.928610e+00   0.000000e+00   0.000000e+00   1.674211e+02   2.655558e-09   1.276434e-03
8.770000e+01   -8.931766e+00   0.000000e+00   0.000000e+00   1.678605e+02   2.594092e-09   1.250162e-03
8.780000e+01   -8.923125e+00   0.000000e+00   0.000000e+00   1.682915e+02   2.534377e-09   1.224520e-03
8.790000e+01   -8.870475e+00   0.000000e+00   0.000000e+00   1.687150e+02   2.476344e-09   1.199491e-03
8.800000e+01   -8.741607e+00   0.000000e+00   0.000000e+00   1.691319e+02   2.419926e-09   1.175060e-03
8.810000e+01   -8.497821e+00   0.000000e+00   0.000000e+00   1.695431e+02   2.365059e-09   1.151210e-03
8.820000e+01   -7.862467e+00   0.000000e+00   0.000000e+00   1.699498e+02   2.311680e-09   1.127926e-03
8.830000e+01   -6.851947e+00   0.000000e+00   0.000000e+00   1.703528e+02   2.259728e-09   1.105192e-03
8.840000e+01   -5.672507e+00   0.000000e+00   0.000000e+00   1.707531e+02   2.209145e-09   1.082992e-03
8.850000e+01   -4.530395e+00   0.000000e+00   0.000000e+00   1.711516e+02   2.159876e-09   1.061310e-03
8.860000e+01   -3.629326e+00   0.000000e+00   0.000000e+00   1.715494e+02   2.111864e-09   1.040130e-03
8.870000e+01   -2.946060e+00   0.000000e+00   0.000000e+00   1.719475e+02   2.065056e-09   1.019436e-03
8.880000e+01   -2.358679e+00   0.000000e+00   0.000000e+00   1.723467e+02   2.019401e-09   9.992125e-04
8.890000e+01   -1.820600e+00   0.000000e+00   0.000000e+00   1.727480e+02   1.974849e-09   9.794433e-04
8.900000e+01   -1.285243e+00   0.000000e+00   0.000000e+00   1.731524e+02   1.931351e-09   9.601126e-04
8.910000e+01   -7.060316e-01   0.000000e+00   0.000000e+00   1.735610e+02   1.888859e-09   9.412045e-04
8.920000e+01   -5.301361e-02   0.000000e+00   0.000000e+00   1.739745e+02   1.847328e-09   9.227030e-04
8.930000e+01   6.515643e-01   0.000000e+00   0.000000e+00   1.743941e+02   1.806711e-09   9.045922e-04
8.940000e+01   1.375262e+00   0.000000e+00   0.000000e+00   1.748207e+02   1.766965e-09   8.868562e-04
8.950000e+01   2.085869e+00   0.000000e+00   0.000000e+00   1.752550e+02   1.728052e-09   8.694803e-04
8.960000e+01   2.753662e+00   0.000000e+00   0.000000e+00   1.756970e+02   1.689956e-09   8.524560e-04
8.970000e+01   3.587302e+00   0.000000e+00   0.000000e+00   1.761459e+02   1.652669e-09   8.357776e-04
8.980000e+01   4.572815e+00   0.000000e+00   0.000000e+00   1.766013e+02   1.616183e-09   8.194390e-04
8.990000e+01   5.441422e+00   0.000000e+00   0.000000e+00   1.770625e+02   1.580489e-09   8.034345e-04
9.000000e+01   5.924347e+00   0.000000e+00   0.000000e+00   1.775290e+02   1.545579e-09   7.877580e-04
9.010000e+01   5.752494e+00   0.000000e+00   0.000000e+00   1.780002e+02   1.511442e-09   7.724037e-04
9.020000e+01   4.504553e+00   0.000000e+00   0.000000e+00   1.784755e+02   1.478068e-09   7.573657e-04
9.030000e+01   2.363565e+00   0.000000e+00   0.000000e+00   1.789545e+02   1.445447e-09   7.426381e-04
9.040000e+01   -8.794567e-02   0.000000e+00   0.000000e+00   1.794364e+02   1.413568e-09   7.282149e-04
9.050000e+01   -2.267456e+00   0.000000e+00   0.000000e+00   1.799207e+02   1.382419e-09   7.140903e-04
9.060000e+01   -3.592442e+00   0.000000e+00   0.000000e+00   1.804069e+02   1.351988e-09   7.002583e-04
9.070000e+01   -4.219953e+00   0.000000e+00   0.000000e+00   1.808944e+02   1.322263e-09   6.867131e-04
9.080000e+01   -4.714544e+00   0.000000e+00   0.000000e+00   1.813825e+02   1.293233e-09   6.734488e-04
9.090000e+01   -5.104941e+00   0.000000e+00   0.000000e+00   1.818708e+02   1.264884e-09   6.604594e-04
9.100000e+01   -5.419876e+00   0.000000e+00   0.000000e+00   1.823587e+02   1.237204e-09   6.477390e-04
9.110000e+01   -5.688077e+00   0.000000e+00   0.000000e+00   1.828455e+02   1.210179e-09   6.352817e-04
9.120000e+01   -5.533166e+00   0.000000e+00   0.000000e+00   1.833308e+02   1.183797e-09   6.230817e-04
9.130000e+01   -4.754655e+00   0.000000e+00   0.000000e+00   1.838138e+02   1.158044e-09   6.111330e-04
9.140000e+01   -3.741010e+00   0.000000e+00   0.000000e+00   1.842942e+02   1.132907e-09   5.994297e-04
9.150000e+01   -2.881244e+00   0.000000e+00   0.000000e+00   1.847712e+02   1.108372e-09   5.879659e-04
9.160000e+01   -2.564372e+00   0.000000e+00   0.000000e+00   1.852444e+02   1.084425e-09   5.767358e-04
9.170000e+01   -2.721353e+00   0.000000e+00   0.000000e+00   1.857131e+02   1.061052e-09   5.657333e-04
9.180000e+01   -2.940905e+00   0.000000e+00   0.000000e+00   1.861768e+02   1.038240e-09   5.549526e-04
9.190000e+01   -3.274410e+00   0.000000e+00   0.000000e+00   1.866349e+02   1.015975e-09   5.443878e-04
9.200000e+01   -3.775340e+00   0.000000e+00   0.000000e+00   1.870868e+02   9.942429e-10   5.340330e-04
9.210000e+01   -4.497655e+00   0.000000e+00   0.000000e+00   1.875324e+02   9.730289e-10   5.238831e-04
9.220000e+01   -5.786265e+00   0.000000e+00   0.000000e+00   1.879722e+02   9.523184e-10   5.139349e-04
9.230000e+01   -7.810263e+00   0.000000e+00   0.000000e+00   1.884069e+02   9.320969e-10   5.041854e-04
9.240000e+01   -1.011655e+01   0.000000e+00   0.000000e+00   1.888372e+02   9.123506e-10   4.946313e-04
9.250000e+01   -1.224761e+01   0.000000e+00   0.000000e+00   1.892637e+02   8.930658e-10   4.852697e-04
9.260000e+01   -1.374590e+01   0.000000e+00   0.000000e+00   1.896871e+02   8.742296e-10   4.760974e-04
9.270000e+01   -1.454428e+01   0.000000e+00   0.000000e+00   1.901082e+02   8.558295e-10   4.671113e-04
9.280000e+01   -1.513404e+01   0.000000e+00   0.000000e+00   1.905275e+02   8.378532e-10   4.583085e-04
9.290000e+01   -1.559735e+01   0.000000e+00   0.000000e+00   1.909457e+02   8.202890e-10   4.496857e-04
9.300000e+01   -1.600871e+01   0.000000e+00   0.000000e+00   1.913635e+02   8.031254e-10   4.412399e-04
9.310000e+01   -1.644262e+01   0.000000e+00   0.000000e+00   1.917816e+02   7.863513e-10   4.329681e-04
9.320000e+01   -1.693718e+01   0.000000e+00   0.000000e+00   1.922006e+02   7.699560e-10   4.248671e-04
9.330000e+01   -1.744023e+01   0.000000e+00   0.000000e+00   1.926213e+02   7.539291e-10   4.169339e-04
9.340000e+01   -1.791876e+01   0.000000e+00   0.000000e+00   1.930443e+02   7.382604e-10   4.091653e-04
9.350000e+01   -1.834072e+01   0.000000e+00   0.000000e+00   1.934702e+02   7.229400e-10   4.015583e-04
9.360000e+01   -1.867406e+01   0.000000e+00   0.000000e+00   1.938997e+02   7.079585e-10   3.941099e-04
9.370000e+01   -1.871512e+01   0.000000e+00   0.000000e+00   1.943336e+02   6.933064e-10   3.868168e-04
9.380000e+01   -1.828527e+01   0.000000e+00   0.000000e+00   1.947724e+02   6.789746e-10   3.796761e-04
9.390000e+01   -1.772311e+01   0.000000e+00   0.000000e+00   1.952169e+02   6.649544e-10   3.726847e-04
9.400000e+01   -1.738053e+01   0.000000e+00   0.000000e+00   1.956676e+02   6.512370e-10   3.658394e-04
9.410000e+01   -1.760944e+01   0.000000e+00   0.000000e+00   1.961254e+02   6.378141e-10   3.591372e-04
9.420000e+01   -1.847183e+01   0.000000e+00   0.000000e+00   1.965909e+02   6.246775e-10   3.525750e-04
9.430000e+01   -1.945505e+01   0.000000e+00   0.000000e+00   1.970646e+02   6.118190e-10   3.461497e-04
9.440000e+01   -2.051289e+01   0.000000e+00   0.000000e+00   1.975474e+02   5.992309e-10   3.398583e-04
9.450000e+01   -2.162259e+01   0.000000e+00   0.000000e+00   1.980399e+02   5.869054e-10   3.336976e-04
9.460000e+01   -2.276140e+01   0.000000e+00   0.000000e+00   1.985427e+02   5.748351e-10   3.276646e-04
9.470000e+01   -2.395130e+01   0.000000e+00   0.000000e+00   1.990564e+02   5.630129e-10   3.217562e-04
9.480000e+01   -2.528515e+01   0.000000e+00   0.000000e+00   1.995810e+02   5.514350e-10   3.159701e-04
9.490000e+01   -2.674579e+01   0.000000e+00   0.000000e+00   2.001159e+02   5.400997e-10   3.103043e-04
9.500000e+01   -2.831017e+01   0.000000e+00   0.000000e+00   2.006602e+02   5.290052e-10   3.047569e-04
9.510000e+01   -2.995521e+01   0.000000e+00   0.000000e+00   2.012134e+02   5.181497e-10   2.993260e-04
9.520000e+01   -3.177258e+01   0.000000e+00   0.000000e+00   2.017748e+02   5.075309e-10   2.940098e-04
9.530000e+01   -3.398010e+01   0.000000e+00   0.000000e+00   2.023438e+02   4.971465e-10   2.888063e-04
9.540000e+01   -3.638836e+01   0.000000e+00   0.000000e+00   2.029196e+02   4.869941e-10   2.837136e-04
9.550000e+01   -3.878406e+01   0.000000e+00   0.000000e+00   2.035017e+02   4.770709e-10   2.787298e-04
9.560000e+01   -4.095390e+01   0.000000e+00   0.000000e+00   2.040893e+02   4.673743e-10   2.738529e-04
9.570000e+01   -4.274836e+01   0.000000e+00   0.000000e+00   2.046818e+02   4.579012e-10   2.690812e-04
9.580000e+01   -4.431316e+01   0.000000e+00   0.000000e+00   2.052786e+02   4.486487e-10   2.644127e-04
9.590000e+01   -4.577233e+01   0.000000e+00   0.000000e+00   2.058789e+02   4.396135e-10   2.598455e-04
9.600000e+01   -4.724004e+01   0.000000e+00   0.000000e+00   2.064821e+02   4.307925e-10   2.553776e-04
9.610000e+01   -4.883044e+01   0.000000e+00   0.000000e+00   2.070875e+02   4.221823e-10   2.510073e-04
9.620000e+01   -5.066837e+01   0.000000e+00   0.000000e+00   2.076945e+02   4.137795e-10   2.467325e-04
9.630000e+01   -5.280364e+01   0.000000e+00   0.000000e+00   2.083024e+02   4.055804e-10   2.425513e-04
9.640000e+01   -5.512686e+01   0.000000e+00   0.000000e+00   2.089106e+02   3.975816e-10   2.384620e-04
9.650000e+01   -5.751986e+01   0.000000e+00   0.000000e+00   2.095184e+02   3.897794e-10   2.344625e-04
9.660000e+01   -5.986449e+01   0.000000e+00   0.000000e+00   2.101251e+02   3.821701e-10   2.305509e-04
9.670000e+01   -6.206781e+01   0.000000e+00   0.000000e+00   2.107300e+02   3.747499e-10   2.267254e-04
9.680000e+01   -6.418821e+01   0.000000e+00   0.000000e+00   2.113325e+02   3.675151e-10   2.229841e-04
9.690000e+01   -6.628479e+01   0.000000e+00   0.000000e+00   2.119320e+02   3.604618e-10   2.193250e-04
9.700000e+01   -6.840998e+01   0.000000e+00   0.000000e+00   2.125278e+02   3.535861e-10   2.157462e-04
9.710000e+01   -7.061621e+01   0.000000e+00   0.000000e+00   2.131191e+02   3.468843e-10   2.122459e-04
9.720000e+01   -7.296842e+01   0.000000e+00   0.000000e+00   2.137054e+02   3.403523e-10   2.088221e-04
9.730000e+01   -7.551641e+01   0.000000e+00   0.000000e+00   2.142860e+02   3.339862e-10   2.054730e-04
9.740000e+01   -7.817587e+01   0.000000e+00   0.000000e+00   2.148602e+02   3.277822e-10   2.021965e-04
9.750000e+01   -8.085052e+01   0.000000e+00   0.000000e+00   2.154273e+02   3.217363e-10   1.989909e-04
9.760000e+01   -8.344414e+01   0.000000e+00   0.000000e+00   2.159868e+02   3.158445e-10   1.958542e-04
9.770000e+01   -8.600175e+01   0.000000e+00   0.000000e+00   2.165386e+02   3.101024e-10   1.927848e-04
9.780000e+01   -8.899252e+01   0.000000e+00   0.000000e+00   2.170835e+02   3.045051e-10   1.897814e-04
9.790000e+01   -9.200411e+01   0.000000e+00   0.000000e+00   2.176222e+02   2.990479e-10   1.868428e-04
9.800000e+01   -9.450113e+01   0.000000e+00   0.000000e+00   2.181556e+02   2.937263e-10   1.839676e-04
9.810000e+01   -9.594821e+01   0.000000e+00   0.000000e+00   2.186842e+02   2.885357e-10   1.811546e-04
9.820000e+01   -9.599260e+01   0.000000e+00   0.000000e+00   2.192090e+02   2.834719e-10   1.784025e-04
9.830000e+01   -9.544223e+01   0.000000e+00   0.000000e+00   2.197306e+02   2.785308e-10   1.757099e-04
9.840000e+01   -9.457699e+01   0.000000e+00   0.000000e+00   2.202499e+02   2.737082e-10   1.730756e-04
9.850000e+01   -9.352167e+01   0.000000e+00   0.000000e+00   2.207675e+02   2.690002e-10   1.704983e-04
9.860000e+01   -9.240105e+01   0.000000e+00   0.000000e+00   2.212842e+02   2.644029e-10   1.679767e-04
9.870000e+01   -9.129600e+01   0.000000e+00   0.000000e+00   2.218008e+02   2.599127e-10   1.655095e-04
9.880000e+01   -9.002024e+01   0.000000e+00   0.000000e+00   2.223180e+02   2.555259e-10   1.630955e-04
9.890000e+01   -8.861726e+01   0.000000e+00   0.000000e+00   2.228367e+02   2.512388e-10   1.607333e-04
9.900000e+01   -8.718674e+01   0.000000e+00   0.000000e+00   2.233574e+02   2.470482e-10   1.584216e-04
9.910000e+01   -8.582832e+01   0.000000e+00   0.000000e+00   2.238811e+02   2.429506e-10   1.561593e-04
9.920000e+01   -8.461532e+01   0.000000e+00   0.000000e+00   2.244084e+02   2.389426e-10   1.539449e-04
9.930000e+01   -8.342131e+01   0.000000e+00   0.000000e+00   2.249402e+02   2.350211e-10   1.517771e-04
9.940000e+01   -8.225475e+01   0.000000e+00   0.000000e+00   2.254771e+02   2.311830e-10   1.496548e-04
9.950000e+01   -8.116655e+01   0.000000e+00   0.000000e+00   2.260199e+02   2.274251e-10   1.475766e-04
9.960000e+01   -8.020766e+01   0.000000e+00   0.000000e+00   2.265695e+02   2.237445e-10   1.455412e-04
9.970000e+01   -7.942186e+01   0.000000e+00   0.000000e+00   2.271264e+02   2.201381e-10   1.435474e-04
9.980000e+01   -7.875853e+01   0.000000e+00   0.000000e+00   2.276915e+02   2.166032e-10   1.415937e-04
9.990000e+01   -7.815032e+01   0.000000e+00   0.000000e+00   2.282656e+02   2.131368e-10   1.396791e-04
1.000000e+02   -7.753939e+01   0.000000e+00   0.000000e+00   2.288494e+02   2.097363e-10   1.378021e-04
1.001000e+02   -7.686791e+01   0.000000e+00   0.000000e+00   2.294437e+02   2.063989e-10   1.359615e-04
1.002000e+02   -7.602691e+01   0.000000e+00   0.000000e+00   2.300491e+02   2.031220e-10   1.341559e-04
1.003000e+02   -7.454924e+01   0.000000e+00   0.000000e+00   2.306666e+02   1.999029e-10   1.323842e-04
1.004000e+02   -7.266803e+01   0.000000e+00   0.000000e+00   2.312967e+02   1.967392e-10   1.306449e-04
1.005000e+02   -7.080079e+01   0.000000e+00   0.000000e+00   2.319403e+02   1.936282e-10   1.289369e-04
1.006000e+02   -6.936503e+01   0.000000e+00   0.000000e+00   2.325982e+02   1.905677e-10   1.272589e-04
1.007000e+02   -6.874916e+01   0.000000e+00   0.000000e+00   2.332711e+02   1.875551e-10   1.256094e-04
1.008000e+02   -6.879009e+01   0.000000e+00   0.000000e+00   2.339597e+02   1.845882e-10   1.239873e-04
1.009000e+02   -6.915805e+01   0.000000e+00   0.000000e+00   2.346648e+02   1.816646e-10   1.223913e-04
1.010000e+02   -6.958931e+01   0.000000e+00   0.000000e+00   2.353872e+02   1.787820e-10   1.208200e-04
1.011000e+02   -6.982015e+01   0.000000e+00   0.000000e+00   2.361275e+02   1.759384e-10   1.192723e-04
1.012000e+02   -6.960551e+01   0.000000e+00   0.000000e+00   2.368863e+02   1.731322e-10   1.177471e-04
1.013000e+02   -6.907401e+01   0.000000e+00   0.000000e+00   2.376632e+02   1.703636e-10   1.162441e-04
1.014000e+02   -6.834570e+01   0.000000e+00   0.000000e+00   2.384579e+02   1.676326e-10   1.147631e-04
1.015000e+02   -6.745889e+01   0.000000e+00   0.000000e+00   2.392700e+02   1.649394e-10   1.133039e-04
1.016000e+02   -6.645188e+01   0.000000e+00   0.000000e+00   2.400993e+02   1.622839e-10   1.118662e-04
1.017000e+02   -6.531094e+01   0.000000e+00   0.000000e+00   2.409453e+02   1.596664e-10   1.104496e-04
1.018000e+02   -6.319087e+01   0.000000e+00   0.000000e+00   2.418079e+02   1.570866e-10   1.090541e-04
1.019000e+02   -6.019587e+01   0.000000e+00   0.000000e+00   2.426865e+02   1.545447e-10   1.076793e-04
1.020000e+02   -5.686914e+01   0.000000e+00   0.000000e+00   2.435810e+02   1.520406e-10   1.063249e-04
1.021000e+02   -5.375386e+01   0.000000e+00   0.000000e+00   2.444909e+02   1.495741e-10   1.049908e-04
1.022000e+02   -5.136876e+01   0.000000e+00   0.000000e+00   2.454160e+02   1.471451e-10   1.036766e-04
1.023000e+02   -4.948457e+01   0.000000e+00   0.000000e+00   2.463558e+02   1.447536e-10   1.023822e-04
1.024000e+02   -4.780086e+01   0.000000e+00   0.000000e+00   2.473102e+02   1.423993e-10   1.011072e-04
1.025000e+02   -4.621806e+01   0.000000e+00   0.000000e+00   2.482787e+02   1.400820e-10   9.985140e-05
1.026000e+02   -4.463664e+01   0.000000e+00   0.000000e+00   2.492610e+02   1.378017e-10   9.861456e-05
1.027000e+02   -4.295700e+01   0.000000e+00   0.000000e+00   2.502567e+02   1.355579e-10   9.739641e-05
1.028000e+02   -4.112778e+01   0.000000e+00   0.000000e+00   2.512656e+02   1.333505e-10   9.619671e-05
1.029000e+02   -3.923301e+01   0.000000e+00   0.000000e+00   2.522874e+02   1.311793e-10   9.501520e-05
1.030000e+02   -3.737939e+01   0.000000e+00   0.000000e+00   2.533216e+02   1.290438e-10   9.385163e-05
1.031000e+02   -3.567360e+01   0.000000e+00   0.000000e+00   2.543680e+02   1.269439e-10   9.270574e-05
1.032000e+02   -3.421515e+01   0.000000e+00   0.000000e+00   2.554262e+02   1.248792e-10   9.157728e-05
1.033000e+02   -3.279309e+01   0.000000e+00   0.000000e+00   2.564959e+02   1.228493e-10   9.046600e-05
1.034000e+02   -3.138275e+01   0.000000e+00   0.000000e+00   2.575767e+02   1.208539e-10   8.937164e-05
1.035000e+02   -3.014506e+01   0.000000e+00   0.000000e+00   2.586684e+02   1.188927e-10   8.829396e-05
1.036000e+02   -2.924096e+01   0.000000e+00   0.000000e+00   2.597705e+02   1.169653e-10   8.723269e-05
1.037000e+02   -2.883229e+01   0.000000e+00   0.000000e+00   2.608828e+02   1.150713e-10   8.618758e-05
1.038000e+02   -2.907398e+01   0.000000e+00   0.000000e+00   2.620050e+02   1.132102e-10   8.515839e-05
1.039000e+02   -2.988087e+01   0.000000e+00   0.000000e+00   2.631366e+02   1.113817e-10   8.414485e-05
1.040000e+02   -3.108818e+01   0.000000e+00   0.000000e+00   2.642774e+02   1.095854e-10   8.314672e-05
1.041000e+02   -3.253113e+01   0.000000e+00   0.000000e+00   2.654271e+02   1.078208e-10   8.216374e-05
1.042000e+02   -3.405174e+01   0.000000e+00   0.000000e+00   2.665853e+02   1.060875e-10   8.119566e-05
1.043000e+02   -3.622993e+01   0.000000e+00   0.000000e+00   2.677516e+02   1.043851e-10   8.024222e-05
1.044000e+02   -3.918790e+01   0.000000e+00   0.000000e+00   2.689257e+02   1.027131e-10   7.930317e-05
1.045000e+02   -4.245235e+01   0.000000e+00   0.000000e+00   2.701074e+02   1.010710e-10   7.837826e-05
1.046000e+02   -4.554994e+01   0.000000e+00   0.000000e+00   2.712963e+02   9.945849e-11   7.746723e-05
1.047000e+02   -4.800939e+01   0.000000e+00   0.000000e+00   2.724920e+02   9.787497e-11   7.656984e-05
1.048000e+02   -4.995647e+01   0.000000e+00   0.000000e+00   2.736942e+02   9.632003e-11   7.568582e-05
1.049000e+02   -5.171636e+01   0.000000e+00   0.000000e+00   2.749026e+02   9.479318e-11   7.481493e-05
1.050000e+02   -5.328805e+01   0.000000e+00   0.000000e+00   2.761168e+02   9.329396e-11   7.395691e-05
1.051000e+02   -5.467053e+01   0.000000e+00   0.000000e+00   2.773366e+02   9.182188e-11   7.311151e-05
1.052000e+02   -5.586277e+01   0.000000e+00   0.000000e+00   2.785615e+02   9.037648e-11   7.227847e-05
1.053000e+02   -5.684582e+01   0.000000e+00   0.000000e+00   2.797916e+02   8.895724e-11   7.145759e-05
1.054000e+02   -5.765578e+01   0.000000e+00   0.000000e+00   2.810270e+02   8.756366e-11   7.064872e-05
1.055000e+02   -5.836870e+01   0.000000e+00   0.000000e+00   2.822679e+02   8.619522e-11   6.985171e-05
1.056000e+02   -5.906064e+01   0.000000e+00   0.000000e+00   2.835147e+02   8.485142e-11   6.906642e-05
1.057000e+02   -5.980766e+01   0.000000e+00   0.000000e+00   2.847674e+02   8.353176e-11   6.829270e-05
1.058000e+02   -6.077046e+01   0.000000e+00   0.000000e+00   2.860264e+02   8.223579e-11   6.753041e-05
1.059000e+02   -6.190142e+01   0.000000e+00   0.000000e+00   2.872919e+02   8.096301e-11   6.677939e-05
1.060000e+02   -6.296405e+01   0.000000e+00   0.000000e+00   2.885642e+02   7.971298e-11   6.603951e-05
1.061000e+02   -6.372189e+01   0.000000e+00   0.000000e+00   2.898434e+02   7.848524e-11   6.531062e-05
1.062000e+02   -6.393846e+01   0.000000e+00   0.000000e+00   2.911299e+02   7.727935e-11   6.459257e-05
1.063000e+02   -6.370678e+01   0.000000e+00   0.000000e+00   2.924237e+02   7.609487e-11   6.388521e-05
1.064000e+02   -6.336315e+01   0.000000e+00   0.000000e+00   2.937253e+02   7.493138e-11   6.318841e-05
1.065000e+02   -6.297771e+01   0.000000e+00   0.000000e+00   2.950348e+02   7.378845e-11   6.250201e-05
1.066000e+02   -6.262022e+01   0.000000e+00   0.000000e+00   2.963524e+02   7.266569e-11   6.182587e-05
1.067000e+02   -6.236049e+01   0.000000e+00   0.000000e+00   2.976784e+02   7.156269e-11   6.115984e-05
1.068000e+02   -6.260909e+01   0.000000e+00   0.000000e+00   2.990130e+02   7.047904e-11   6.050377e-05
1.069000e+02   -6.363505e+01   0.000000e+00   0.000000e+00   3.003565e+02   6.941437e-11   5.985753e-05
1.070000e+02   -6.512384e+01   0.000000e+00   0.000000e+00   3.017091e+02   6.836829e-11   5.922097e-05
1.071000e+02   -6.675889e+01   0.000000e+00   0.000000e+00   3.030710e+02   6.734042e-11   5.859393e-05
1.072000e+02   -6.822364e+01   0.000000e+00   0.000000e+00   3.044425e+02   6.633041e-11   5.797628e-05
1.073000e+02   -6.962937e+01   0.000000e+00   0.000000e+00   3.058238e+02   6.533787e-11   5.736786e-05
1.074000e+02   -7.128688e+01   0.000000e+00   0.000000e+00   3.072151e+02   6.436247e-11   5.676854e-05
1.075000e+02   -7.289168e+01   0.000000e+00   0.000000e+00   3.086167e+02   6.340386e-11   5.617816e-05
1.076000e+02   -7.413401e+01   0.000000e+00   0.000000e+00   3.100289e+02   6.246167e-11   5.559658e-05
1.077000e+02   -7.470411e+01   0.000000e+00   0.000000e+00   3.114517e+02   6.153559e-11   5.502366e-05
1.078000e+02   -7.465708e+01   0.000000e+00   0.000000e+00   3.128856e+02   6.062527e-11   5.445924e-05
1.079000e+02   -7.448841e+01   0.000000e+00   0.000000e+00   3.143306e+02   5.973040e-11   5.390319e-05
1.080000e+02   -7.425273e+01   0.000000e+00   0.000000e+00   3.157871e+02   5.885064e-11   5.335535e-05
1.081000e+02   -7.399714e+01   0.000000e+00   0.000000e+00   3.172553e+02   5.798569e-11   5.281559e-05
1.082000e+02   -7.376869e+01   0.000000e+00   0.000000e+00   3.187355e+02   5.713523e-11   5.228375e-05
1.083000e+02   -7.361219e+01   0.000000e+00   0.000000e+00   3.202278e+02   5.629895e-11   5.175969e-05
1.084000e+02   -7.351137e+01   0.000000e+00   0.000000e+00   3.217324e+02   5.547656e-11   5.124326e-05
1.085000e+02   -7.340808e+01   0.000000e+00   0.000000e+00   3.232498e+02   5.466775e-11   5.073432e-05
1.086000e+02   -7.324376e+01   0.000000e+00   0.000000e+00   3.247800e+02   5.387225e-11   5.023272e-05
1.087000e+02   -7.295986e+01   0.000000e+00   0.000000e+00   3.263233e+02   5.308975e-11   4.973832e-05
1.088000e+02   -7.245490e+01   0.000000e+00   0.000000e+00   3.278799e+02   5.231998e-11   4.925096e-05
1.089000e+02   -7.167166e+01   0.000000e+00   0.000000e+00   3.294501e+02   5.156266e-11   4.877051e-05
1.090000e+02   -7.071423e+01   0.000000e+00   0.000000e+00   3.310342e+02   5.081751e-11   4.829682e-05
1.091000e+02   -6.969051e+01   0.000000e+00   0.000000e+00   3.326323e+02   5.008427e-11   4.782974e-05
1.092000e+02   -6.870838e+01   0.000000e+00   0.000000e+00   3.342446e+02   4.936267e-11   4.736913e-05
1.093000e+02   -6.774099e+01   0.000000e+00   0.000000e+00   3.358715e+02   4.865245e-11   4.691484e-05
1.094000e+02   -6.661898e+01   0.000000e+00   0.000000e+00   3.375132e+02   4.795335e-11   4.646672e-05
1.095000e+02   -6.550252e+01   0.000000e+00   0.000000e+00   3.391698e+02   4.726513e-11   4.602464e-05
1.096000e+02   -6.456485e+01   0.000000e+00   0.000000e+00   3.408417e+02   4.658752e-11   4.558843e-05
1.097000e+02   -6.397922e+01   0.000000e+00   0.000000e+00   3.425290e+02   4.592029e-11   4.515797e-05
1.098000e+02   -6.382047e+01   0.000000e+00   0.000000e+00   3.442321e+02   4.526320e-11   4.473309e-05
1.099000e+02   -6.389855e+01   0.000000e+00   0.000000e+00   3.459510e+02   4.461600e-11   4.431366e-05
1.100000e+02   -6.415908e+01   0.000000e+00   0.000000e+00   3.476862e+02   4.397847e-11   4.389953e-05
1.101000e+02   -6.455751e+01   0.000000e+00   0.000000e+00   3.494373e+02   4.335046e-11   4.349059e-05
1.102000e+02   -6.504842e+01   0.000000e+00   0.000000e+00   3.512037e+02   4.273194e-11   4.308678e-05
1.103000e+02   -6.568614e+01   0.000000e+00   0.000000e+00   3.529846e+02   4.212289e-11   4.268804e-05
1.104000e+02   -6.669184e+01   0.000000e+00   0.000000e+00   3.547792e+02   4.152328e-11   4.229433e-05
1.105000e+02   -6.799197e+01   0.000000e+00   0.000000e+00   3.565866e+02   4.093308e-11   4.190558e-05
1.106000e+02   -6.949393e+01   0.000000e+00   0.000000e+00   3.584061e+02   4.035224e-11   4.152173e-05
1.107000e+02   -7.110512e+01   0.000000e+00   0.000000e+00   3.602370e+02   3.978072e-11   4.114274e-05
1.108000e+02   -7.291125e+01   0.000000e+00   0.000000e+00   3.620783e+02   3.921845e-11   4.076855e-05
1.109000e+02   -7.526480e+01   0.000000e+00   0.000000e+00   3.639293e+02   3.866539e-11   4.039911e-05
1.110000e+02   -7.783284e+01   0.000000e+00   0.000000e+00   3.657893e+02   3.812145e-11   4.003435e-05
1.111000e+02   -8.023248e+01   0.000000e+00   0.000000e+00   3.676574e+02   3.758658e-11   3.967422e-05
1.112000e+02   -8.208084e+01   0.000000e+00   0.000000e+00   3.695328e+02   3.706070e-11   3.931868e-05
1.113000e+02   -8.321088e+01   0.000000e+00   0.000000e+00   3.714147e+02   3.654372e-11   3.896765e-05
1.114000e+02   -8.418670e+01   0.000000e+00   0.000000e+00   3.733024e+02   3.603557e-11   3.862109e-05
1.115000e+02   -8.504715e+01   0.000000e+00   0.000000e+00   3.751950e+02   3.553617e-11   3.827895e-05
1.116000e+02   -8.576677e+01   0.000000e+00   0.000000e+00   3.770918e+02   3.504541e-11   3.794116e-05
1.117000e+02   -8.632008e+01   0.000000e+00   0.000000e+00   3.789919e+02   3.456322e-11   3.760768e-05
1.118000e+02   -8.671801e+01   0.000000e+00   0.000000e+00   3.808947e+02   3.408949e-11   3.727844e-05
1.119000e+02   -8.709231e+01   0.000000e+00   0.000000e+00   3.827991e+02   3.362412e-11   3.695339e-05
1.120000e+02   -8.745117e+01   0.000000e+00   0.000000e+00   3.847046e+02   3.316703e-11   3.663248e-05
1.121000e+02   -8.778705e+01   0.000000e+00   0.000000e+00   3.866103e+02   3.271810e-11   3.631565e-05
1.122000e+02   -8.809245e+01   0.000000e+00   0.000000e+00   3.885153e+02   3.227723e-11   3.600284e-05
1.123000e+02   -8.827359e+01   0.000000e+00   0.000000e+00   3.904190e+02   3.184433e-11   3.569401e-05
1.124000e+02   -8.797494e+01   0.000000e+00   0.000000e+00   3.923205e+02   3.141927e-11   3.538910e-05
1.125000e+02   -8.726286e+01   0.000000e+00   0.000000e+00   3.942189e+02   3.100197e-11   3.508804e-05
1.126000e+02   -8.625816e+01   0.000000e+00   0.000000e+00   3.961136e+02   3.059230e-11   3.479079e-05
1.127000e+02   -8.508168e+01   0.000000e+00   0.000000e+00   3.980038e+02   3.019016e-11   3.449729e-05
1.128000e+02   -8.361813e+01   0.000000e+00   0.000000e+00   3.998885e+02   2.979544e-11   3.420748e-05
1.129000e+02   -8.096392e+01   0.000000e+00   0.000000e+00   4.017672e+02   2.940803e-11   3.392131e-05
1.130000e+02   -7.759723e+01   0.000000e+00   0.000000e+00   4.036388e+02   2.902781e-11   3.363873e-05
1.131000e+02   -7.419725e+01   0.000000e+00   0.000000e+00   4.055027e+02   2.865469e-11   3.335968e-05
1.132000e+02   -7.144319e+01   0.000000e+00   0.000000e+00   4.073581e+02   2.828855e-11   3.308410e-05
1.133000e+02   -6.986188e+01   0.000000e+00   0.000000e+00   4.092041e+02   2.792927e-11   3.281194e-05
1.134000e+02   -6.887819e+01   0.000000e+00   0.000000e+00   4.110400e+02   2.757675e-11   3.254315e-05
1.135000e+02   -6.814960e+01   0.000000e+00   0.000000e+00   4.128650e+02   2.723087e-11   3.227766e-05
1.136000e+02   -6.744819e+01   0.000000e+00   0.000000e+00   4.146783e+02   2.689153e-11   3.201542e-05
1.137000e+02   -6.654602e+01   0.000000e+00   0.000000e+00   4.164791e+02   2.655862e-11   3.175639e-05
1.138000e+02   -6.520016e+01   0.000000e+00   0.000000e+00   4.182666e+02   2.623203e-11   3.150050e-05
1.139000e+02   -6.325107e+01   0.000000e+00   0.000000e+00   4.200400e+02   2.591164e-11   3.124769e-05
1.140000e+02   -6.090721e+01   0.000000e+00   0.000000e+00   4.217985e+02   2.559736e-11   3.099792e-05
1.141000e+02   -5.841932e+01   0.000000e+00   0.000000e+00   4.235413e+02   2.528907e-11   3.075113e-05
1.142000e+02   -5.603814e+01   0.000000e+00   0.000000e+00   4.252676e+02   2.498667e-11   3.050725e-05
1.143000e+02   -5.398584e+01   0.000000e+00   0.000000e+00   4.269767e+02   2.469005e-11   3.026625e-05
1.144000e+02   -5.216307e+01   0.000000e+00   0.000000e+00   4.286677e+02   2.439911e-11   3.002806e-05
1.145000e+02   -5.043153e+01   -0.000000e+00   -0.000000e+00   4.303399e+02   2.411375e-11   2.979262e-05
1.146000e+02   -4.868257e+01   -0.000000e+00   -0.000000e+00   4.319924e+02   2.383385e-11   2.955988e-05
1.147000e+02   -4.680756e+01   -0.000000e+00   -0.000000e+00   4.336245e+02   2.355932e-11   2.932980e-05
1.148000e+02   -4.468477e+01   -0.000000e+00   -0.000000e+00   4.352354e+02   2.329007e-11   2.910230e-05
1.149000e+02   -4.218863e+01   -0.000000e+00   -0.000000e+00   4.368242e+02   2.302598e-11   2.887734e-05
1.150000e+02   -3.948069e+01   -0.000000e+00   -0.000000e+00   4.383902e+02   2.276696e-11   2.865486e-05
1.151000e+02   -3.677108e+01   -0.000000e+00   -0.000000e+00   4.399326e+02   2.251291e-11   2.843480e-05
1.152000e+02   -3.426990e+01   -0.000000e+00   -0.000000e+00   4.414506e+02   2.226374e-11   2.821712e-05
1.153000e+02   -3.215414e+01   -0.000000e+00   -0.000000e+00   4.429434e+02   2.201935e-11   2.800175e-05
1.154000e+02   -3.021704e+01   -0.000000e+00   -0.000000e+00   4.444102e+02   2.177965e-11   2.778864e-05
1.155000e+02   -2.840234e+01   -0.000000e+00   -0.000000e+00   4.458502e+02   2.154454e-11   2.757773e-05
1.156000e+02   -2.674063e+01   -0.000000e+00   -0.000000e+00   4.472627e+02   2.131393e-11   2.736898e-05
1.157000e+02   -2.526248e+01   -0.000000e+00   -0.000000e+00   4.486467e+02   2.108774e-11   2.716232e-05
1.158000e+02   -2.398730e+01   -0.000000e+00   -0.000000e+00   4.500016e+02   2.086586e-11   2.695769e-05
1.159000e+02   -2.280337e+01   -0.000000e+00   -0.000000e+00   4.513265e+02   2.064822e-11   2.675506e-05
1.160000e+02   -2.170711e+01   -0.000000e+00   -0.000000e+00   4.526208e+02   2.043473e-11   2.655435e-05
1.161000e+02   -2.074113e+01   -0.000000e+00   -0.000000e+00   4.538848e+02   2.022526e-11   2.635555e-05
1.162000e+02   -1.994833e+01   -0.000000e+00   -0.000000e+00   4.551190e+02   2.001971e-11   2.615864e-05
1.163000e+02   -1.935845e+01   -0.000000e+00   -0.000000e+00   4.563241e+02   1.981797e-11   2.596360e-05
1.164000e+02   -1.881397e+01   -0.000000e+00   -0.000000e+00   4.575010e+02   1.961992e-11   2.577042e-05
1.165000e+02   -1.830943e+01   -0.000000e+00   -0.000000e+00   4.586502e+02   1.942545e-11   2.557908e-05
1.166000e+02   -1.791305e+01   -0.000000e+00   -0.000000e+00   4.597723e+02   1.923447e-11   2.538957e-05
1.167000e+02   -1.769304e+01   -0.000000e+00   -0.000000e+00   4.608682e+02   1.904687e-11   2.520187e-05
1.168000e+02   -1.774319e+01   -0.000000e+00   -0.000000e+00   4.619385e+02   1.886257e-11   2.501596e-05
1.169000e+02   -1.850001e+01   -0.000000e+00   -0.000000e+00   4.629838e+02   1.868146e-11   2.483184e-05
1.170000e+02   -1.977607e+01   -0.000000e+00   -0.000000e+00   4.640048e+02   1.850345e-11   2.464947e-05
1.171000e+02   -2.114640e+01   -0.000000e+00   -0.000000e+00   4.650023e+02   1.832847e-11   2.446886e-05
1.172000e+02   -2.218605e+01   -0.000000e+00   -0.000000e+00   4.659768e+02   1.815643e-11   2.428997e-05
1.173000e+02   -2.249859e+01   -0.000000e+00   -0.000000e+00   4.669291e+02   1.798723e-11   2.411280e-05
1.174000e+02   -2.248480e+01   -0.000000e+00   -0.000000e+00   4.678599e+02   1.782082e-11   2.393734e-05
1.175000e+02   -2.243152e+01   -0.000000e+00   -0.000000e+00   4.687698e+02   1.765710e-11   2.376355e-05
1.176000e+02   -2.236101e+01   -0.000000e+00   -0.000000e+00   4.696595e+02   1.749601e-11   2.359144e-05
1.177000e+02   -2.229555e+01   -0.000000e+00   -0.000000e+00   4.705297e+02   1.733747e-11   2.342098e-05
1.178000e+02   -2.225829e+01   -0.000000e+00   -0.000000e+00   4.713811e+02   1.718141e-11   2.325216e-05
1.179000e+02   -2.229128e+01   -0.000000e+00   -0.000000e+00   4.722143e+02   1.702776e-11   2.308496e-05
1.180000e+02   -2.239588e+01   -0.000000e+00   -0.000000e+00   4.730301e+02   1.687646e-11   2.291936e-05
1.181000e+02   -2.255506e+01   -0.000000e+00   -0.000000e+00   4.738291e+02   1.672745e-11   2.275536e-05
1.182000e+02   -2.275184e+01   -0.000000e+00   -0.000000e+00   4.746119e+02   1.658065e-11   2.259293e-05
1.183000e+02   -2.297564e+01   -0.000000e+00   -0.000000e+00   4.753794e+02   1.643601e-11   2.243206e-05
1.184000e+02   -2.346840e+01   -0.000000e+00   -0.000000e+00   4.761321e+02   1.629348e-11   2.227273e-05
1.185000e+02   -2.422798e+01   -0.000000e+00   -0.000000e+00   4.768707e+02   1.615298e-11   2.211494e-05
1.186000e+02   -2.507197e+01   -0.000000e+00   -0.000000e+00   4.775959e+02   1.601447e-11   2.195865e-05
1.187000e+02   -2.581799e+01   -0.000000e+00   -0.000000e+00   4.783084e+02   1.587790e-11   2.180386e-05
1.188000e+02   -2.628772e+01   -0.000000e+00   -0.000000e+00   4.790090e+02   1.574320e-11   2.165055e-05
1.189000e+02   -2.661065e+01   -0.000000e+00   -0.000000e+00   4.796981e+02   1.561033e-11   2.149871e-05
1.190000e+02   -2.689787e+01   -0.000000e+00   -0.000000e+00   4.803766e+02   1.547923e-11   2.134831e-05
1.191000e+02   -2.710565e+01   -0.000000e+00   -0.000000e+00   4.810451e+02   1.534986e-11   2.119935e-05
1.192000e+02   -2.719023e+01   -0.000000e+00   -0.000000e+00   4.817043e+02   1.522217e-11   2.105181e-05
1.193000e+02   -2.710614e+01   -0.000000e+00   -0.000000e+00   4.823548e+02   1.509611e-11   2.090567e-05
1.194000e+02   -2.664448e+01   -0.000000e+00   -0.000000e+00   4.829974e+02   1.497163e-11   2.076091e-05
1.195000e+02   -2.579349e+01   -0.000000e+00   -0.000000e+00   4.836328e+02   1.484870e-11   2.061753e-05
1.196000e+02   -2.470947e+01   -0.000000e+00   -0.000000e+00   4.842615e+02   1.472727e-11   2.047550e-05
1.197000e+02   -2.354872e+01   -0.000000e+00   -0.000000e+00   4.848844e+02   1.460729e-11   2.033481e-05
1.198000e+02   -2.246606e+01   -0.000000e+00   -0.000000e+00   4.855020e+02   1.448872e-11   2.019544e-05
1.199000e+02   -2.125975e+01   -0.000000e+00   -0.000000e+00   4.861151e+02   1.437152e-11   2.005738e-05
1.200000e+02   -1.986565e+01   -0.000000e+00   -0.000000e+00   4.867243e+02   1.425566e-11   1.992062e-05
1.201000e+02   -1.852055e+01   -0.000000e+00   -0.000000e+00   4.873303e+02   1.414110e-11   1.978513e-05
1.202000e+02   -1.746124e+01   -0.000000e+00   -0.000000e+00   4.879338e+02   1.402779e-11   1.965090e-05
1.203000e+02   -1.692432e+01   -0.000000e+00   -0.000000e+00   4.885354e+02   1.391570e-11   1.951791e-05
1.204000e+02   -1.691403e+01   -0.000000e+00   -0.000000e+00   4.891360e+02   1.380479e-11   1.938616e-05
1.205000e+02   -1.720555e+01   -0.000000e+00   -0.000000e+00   4.897360e+02   1.369503e-11   1.925562e-05
1.206000e+02   -1.766142e+01   -0.000000e+00   -0.000000e+00   4.903363e+02   1.358639e-11   1.912627e-05
1.207000e+02   -1.814421e+01   -0.000000e+00   -0.000000e+00   4.909374e+02   1.347882e-11   1.899811e-05
1.208000e+02   -1.851646e+01   -0.000000e+00   -0.000000e+00   4.915402e+02   1.337230e-11   1.887112e-05
1.209000e+02   -1.885283e+01   -0.000000e+00   -0.000000e+00   4.921451e+02   1.326680e-11   1.874527e-05
1.210000e+02   -1.924737e+01   -0.000000e+00   -0.000000e+00   4.927530e+02   1.316228e-11   1.862056e-05
1.211000e+02   -1.959180e+01   -0.000000e+00   -0.000000e+00   4.933645e+02   1.305871e-11   1.849697e-05
1.212000e+02   -1.977782e+01   -0.000000e+00   -0.000000e+00   4.939804e+02   1.295607e-11   1.837449e-05
1.213000e+02   -1.969713e+01   -0.000000e+00   -0.000000e+00   4.946011e+02   1.285431e-11   1.825309e-05
1.214000e+02   -1.941488e+01   -0.000000e+00   -0.000000e+00   4.952276e+02   1.275343e-11   1.813276e-05
1.215000e+02   -1.909357e+01   -0.000000e+00   -0.000000e+00   4.958603e+02   1.265337e-11   1.801349e-05
1.216000e+02   -1.873870e+01   -0.000000e+00   -0.000000e+00   4.965001e+02   1.255413e-11   1.789527e-05
1.217000e+02   -1.835560e+01   -0.000000e+00   -0.000000e+00   4.971475e+02   1.245566e-11   1.777806e-05
1.218000e+02   -1.794957e+01   -0.000000e+00   -0.000000e+00   4.978034e+02   1.235795e-11   1.766187e-05
1.219000e+02   -1.740242e+01   -0.000000e+00   -0.000000e+00   4.984682e+02   1.226097e-11   1.754667e-05
1.220000e+02   -1.662093e+01   -0.000000e+00   -0.000000e+00   4.991428e+02   1.216469e-11   1.743245e-05
1.221000e+02   -1.570744e+01   -0.000000e+00   -0.000000e+00   4.998278e+02   1.206909e-11   1.731919e-05
1.222000e+02   -1.476501e+01   -0.000000e+00   -0.000000e+00   5.005239e+02   1.197415e-11   1.720687e-05
1.223000e+02   -1.389669e+01   -0.000000e+00   -0.000000e+00   5.012318e+02   1.187984e-11   1.709549e-05
1.224000e+02   -1.306576e+01   -0.000000e+00   -0.000000e+00   5.019521e+02   1.178614e-11   1.698502e-05
1.225000e+02   -1.217071e+01   -0.000000e+00   -0.000000e+00   5.026856e+02   1.169302e-11   1.687545e-05
1.226000e+02   -1.131129e+01   -0.000000e+00   -0.000000e+00   5.034329e+02   1.160047e-11   1.676677e-05
1.227000e+02   -1.058896e+01   -0.000000e+00   -0.000000e+00   5.041946e+02   1.150846e-11   1.665895e-05
1.228000e+02   -1.010519e+01   -0.000000e+00   -0.000000e+00   5.049715e+02   1.141697e-11   1.655199e-05
1.229000e+02   -9.975617e+00   -0.000000e+00   -0.000000e+00   5.057643e+02   1.132599e-11   1.644586e-05
1.230000e+02   -1.016951e+01   -0.000000e+00   -0.000000e+00   5.065736e+02   1.123549e-11   1.634055e-05
1.231000e+02   -1.052189e+01   -0.000000e+00   -0.000000e+00   5.074001e+02   1.114545e-11   1.623605e-05
1.232000e+02   -1.086661e+01   -0.000000e+00   -0.000000e+00   5.082444e+02   1.105586e-11   1.613234e-05
1.233000e+02   -1.103743e+01   -0.000000e+00   -0.000000e+00   5.091067e+02   1.096671e-11   1.602941e-05
1.234000e+02   -1.101130e+01   -0.000000e+00   -0.000000e+00   5.099867e+02   1.087802e-11   1.592726e-05
1.235000e+02   -1.096681e+01   -0.000000e+00   -0.000000e+00   5.108840e+02   1.078979e-11   1.582588e-05
1.236000e+02   -1.088782e+01   -0.000000e+00   -0.000000e+00   5.117985e+02   1.070204e-11   1.572526e-05
1.237000e+02   -1.075311e+01   -0.000000e+00   -0.000000e+00   5.127299e+02   1.061477e-11   1.562541e-05
1.238000e+02   -1.054147e+01   -0.000000e+00   -0.000000e+00   5.136779e+02   1.052799e-11   1.552632e-05
1.239000e+02   -1.025841e+01   -0.000000e+00   -0.000000e+00   5.146422e+02   1.044171e-11   1.542799e-05
1.240000e+02   -9.951016e+00   -0.000000e+00   -0.000000e+00   5.156227e+02   1.035593e-11   1.533040e-05
1.241000e+02   -9.624048e+00   -0.000000e+00   -0.000000e+00   5.166190e+02   1.027067e-11   1.523356e-05
1.242000e+02   -9.280769e+00   -0.000000e+00   -0.000000e+00   5.176308e+02   1.018593e-11   1.513746e-05
1.243000e+02   -8.924442e+00   -0.000000e+00   -0.000000e+00   5.186579e+02   1.010171e-11   1.504210e-05
1.244000e+02   -8.506478e+00   -0.000000e+00   -0.000000e+00   5.197001e+02   1.001803e-11   1.494747e-05
1.245000e+02   -7.939283e+00   -0.000000e+00   -0.000000e+00   5.207570e+02   9.934894e-12   1.485357e-05
1.246000e+02   -7.276387e+00   -0.000000e+00   -0.000000e+00   5.218284e+02   9.852299e-12   1.476039e-05
1.247000e+02   -6.576628e+00   -0.000000e+00   -0.000000e+00   5.229141e+02   9.770256e-12   1.466792e-05
1.248000e+02   -5.898844e+00   -0.000000e+00   -0.000000e+00   5.240138e+02   9.688768e-12   1.457618e-05
1.249000e+02   -5.275177e+00   -0.000000e+00   -0.000000e+00   5.251272e+02   9.607842e-12   1.448514e-05
1.250000e+02   -4.661076e+00   -0.000000e+00   -0.000000e+00   5.262540e+02   9.527482e-12   1.439481e-05
1.251000e+02   -4.044096e+00   -0.000000e+00   -0.000000e+00   5.273940e+02   9.447691e-12   1.430518e-05
1.252000e+02   -3.414510e+00   -0.000000e+00   -0.000000e+00   5.285470e+02   9.368475e-12   1.421624e-05
1.253000e+02   -2.762590e+00   -0.000000e+00   -0.000000e+00   5.297126e+02   9.289836e-12   1.412800e-05
1.254000e+02   -2.036228e+00   -0.000000e+00   -0.000000e+00   5.308906e+02   9.211779e-12   1.404044e-05
1.255000e+02   -1.169403e+00   -0.000000e+00   -0.000000e+00   5.320807e+02   9.134306e-12   1.395357e-05
1.256000e+02   -2.806455e-01   -0.000000e+00   -0.000000e+00   5.332827e+02   9.057420e-12   1.386738e-05
1.257000e+02   5.016565e-01   -0.000000e+00   -0.000000e+00   5.344963e+02   8.981124e-12   1.378186e-05
1.258000e+02   1.049116e+00   -0.000000e+00   -0.000000e+00   5.357213e+02   8.905421e-12   1.369701e-05
1.259000e+02   1.286901e+00   -0.000000e+00   -0.000000e+00   5.369573e+02   8.830312e-12   1.361282e-05
1.260000e+02   1.350181e+00   -0.000000e+00   -0.000000e+00   5.382042e+02   8.755800e-12   1.352930e-05
1.261000e+02   1.313690e+00   -0.000000e+00   -0.000000e+00   5.394616e+02   8.681887e-12   1.344643e-05
1.262000e+02   1.242354e+00   -0.000000e+00   -0.000000e+00   5.407292e+02   8.608573e-12   1.336421e-05
1.263000e+02   1.201099e+00   -0.000000e+00   -0.000000e+00   5.420070e+02   8.535860e-12   1.328264e-05
1.264000e+02   1.223226e+00   -0.000000e+00   -0.000000e+00   5.432944e+02   8.463749e-12   1.320172e-05
1.265000e+02   1.239299e+00   -0.000000e+00   -0.000000e+00   5.445914e+02   8.392241e-12   1.312143e-05
1.266000e+02   1.262073e+00   -0.000000e+00   -0.000000e+00   5.458976e+02   8.321336e-12   1.304177e-05
1.267000e+02   1.313954e+00   -0.000000e+00   -0.000000e+00   5.472128e+02   8.251035e-12   1.296275e-05
1.268000e+02   1.417345e+00   -0.000000e+00   -0.000000e+00   5.485366e+02   8.181338e-12   1.288435e-05
1.269000e+02   1.585282e+00   -0.000000e+00   -0.000000e+00   5.498690e+02   8.112246e-12   1.280656e-05
1.270000e+02   1.785055e+00   -0.000000e+00   -0.000000e+00   5.512095e+02   8.043757e-12   1.272940e-05
1.271000e+02   1.997043e+00   -0.000000e+00   -0.000000e+00   5.525579e+02   7.975871e-12   1.265285e-05
1.272000e+02   2.204747e+00   -0.000000e+00   -0.000000e+00   5.539139e+02   7.908589e-12   1.257690e-05
1.273000e+02   2.391670e+00   -0.000000e+00   -0.000000e+00   5.552774e+02   7.841909e-12   1.250156e-05
1.274000e+02   2.507986e+00   -0.000000e+00   -0.000000e+00   5.566479e+02   7.775830e-12   1.242681e-05
1.275000e+02   2.424943e+00   -0.000000e+00   -0.000000e+00   5.580254e+02   7.710351e-12   1.235266e-05
1.276000e+02   2.207232e+00   -0.000000e+00   -0.000000e+00   5.594094e+02   7.645472e-12   1.227910e-05
1.277000e+02   1.942287e+00   -0.000000e+00   -0.000000e+00   5.607998e+02   7.581190e-12   1.220612e-05
1.278000e+02   1.717541e+00   -0.000000e+00   -0.000000e+00   5.621962e+02   7.517505e-12   1.213372e-05
1.279000e+02   1.601158e+00   -0.000000e+00   -0.000000e+00   5.635984e+02   7.454414e-12   1.206190e-05
1.280000e+02   1.536362e+00   -0.000000e+00   -0.000000e+00   5.650062e+02   7.391916e-12   1.199065e-05
1.281000e+02   1.490722e+00   -0.000000e+00   -0.000000e+00   5.664192e+02   7.330009e-12   1.191996e-05
1.282000e+02   1.442601e+00   -0.000000e+00   -0.000000e+00   5.678373e+02   7.268690e-12   1.184984e-05
1.283000e+02   1.370362e+00   -0.000000e+00   -0.000000e+00   5.692601e+02   7.207958e-12   1.178027e-05
1.284000e+02   1.257296e+00   -0.000000e+00   -0.000000e+00   5.706874e+02   7.147811e-12   1.171126e-05
1.285000e+02   1.117757e+00   -0.000000e+00   -0.000000e+00   5.721189e+02   7.088246e-12   1.164280e-05
1.286000e+02   9.514312e-01   -0.000000e+00   -0.000000e+00   5.735544e+02   7.029260e-12   1.157488e-05
1.287000e+02   7.537927e-01   -0.000000e+00   -0.000000e+00   5.749936e+02   6.970850e-12   1.150750e-05
1.288000e+02   5.203138e-01   -0.000000e+00   -0.000000e+00   5.764362e+02   6.913015e-12   1.144066e-05
1.289000e+02   2.264064e-01   -0.000000e+00   -0.000000e+00   5.778819e+02   6.855751e-12   1.137435e-05
1.290000e+02   -2.276172e-01   -0.000000e+00   -0.000000e+00   5.793306e+02   6.799055e-12   1.130856e-05
1.291000e+02   -7.587408e-01   -0.000000e+00   -0.000000e+00   5.807819e+02   6.742925e-12   1.124330e-05
1.292000e+02   -1.252085e+00   -0.000000e+00   -0.000000e+00   5.822356e+02   6.687357e-12   1.117855e-05
1.293000e+02   -1.592772e+00   -0.000000e+00   -0.000000e+00   5.836914e+02   6.632347e-12   1.111432e-05
1.294000e+02   -1.693805e+00   -0.000000e+00   -0.000000e+00   5.851491e+02   6.577894e-12   1.105060e-05
1.295000e+02   -1.704130e+00   -0.000000e+00   -0.000000e+00   5.866083e+02   6.523992e-12   1.098738e-05
1.296000e+02   -1.673761e+00   -0.000000e+00   -0.000000e+00   5.880689e+02   6.470640e-12   1.092466e-05
1.297000e+02   -1.611654e+00   -0.000000e+00   -0.000000e+00   5.895305e+02   6.417833e-12   1.086243e-05
1.298000e+02   -1.526769e+00   -0.000000e+00   -0.000000e+00   5.909929e+02   6.365568e-12   1.080070e-05
1.299000e+02   -1.426257e+00   -0.000000e+00   -0.000000e+00   5.924558e+02   6.313841e-12   1.073945e-05
1.300000e+02   -1.303488e+00   -0.000000e+00   -0.000000e+00   5.939190e+02   6.262649e-12   1.067868e-05
