#% 0, Z0, m, 0.0
#% 1, Z, km
#% 2, U, m/s
#% 3, V, m/s
#% 4, W, m/s
#% 5, T, degK
#% 6, RHO, g/cm3
#% 7, P, mbar
0.000000e+00   -5.418175e+00   0.000000e+00   0.000000e+00   2.790883e+02   1.206618e-03   9.668162e+02
1.000000e-01   -5.763776e+00   0.000000e+00   0.000000e+00   2.783885e+02   1.195024e-03   9.551256e+02
2.000000e-01   -5.738937e+00   0.000000e+00   0.000000e+00   2.776227e+02   1.183809e-03   9.435586e+02
3.000000e-01   -5.368718e+00   0.000000e+00   0.000000e+00   2.768917e+02   1.172535e-03   9.321119e+02
4.000000e-01   -4.685737e+00   0.000000e+00   0.000000e+00   2.762659e+02   1.160906e-03   9.207818e+02
5.000000e-01   -3.777545e+00   0.000000e+00   0.000000e+00   2.756569e+02   1.149294e-03   9.095622e+02
6.000000e-01   -2.918503e+00   0.000000e+00   0.000000e+00   2.750604e+02   1.137714e-03   8.984492e+02
7.000000e-01   -2.333787e+00   0.000000e+00   0.000000e+00   2.744766e+02   1.126165e-03   8.874413e+02
8.000000e-01   -1.989940e+00   0.000000e+00   0.000000e+00   2.738226e+02   1.114985e-03   8.765376e+02
9.000000e-01   -1.829214e+00   0.000000e+00   0.000000e+00   2.731982e+02   1.103766e-03   8.657392e+02
1.000000e+00   -1.821459e+00   0.000000e+00   0.000000e+00   2.726384e+02   1.092373e-03   8.550479e+02
1.100000e+00   -1.942076e+00   0.000000e+00   0.000000e+00   2.721059e+02   1.080962e-03   8.444632e+02
1.200000e+00   -2.175530e+00   0.000000e+00   0.000000e+00   2.715655e+02   1.069669e-03   8.339811e+02
1.300000e+00   -2.554599e+00   0.000000e+00   0.000000e+00   2.710378e+02   1.058411e-03   8.236001e+02
1.400000e+00   -2.955025e+00   0.000000e+00   0.000000e+00   2.704188e+02   1.047593e-03   8.133211e+02
1.500000e+00   -3.258882e+00   0.000000e+00   0.000000e+00   2.696261e+02   1.037534e-03   8.031497e+02
1.600000e+00   -3.506772e+00   0.000000e+00   0.000000e+00   2.687987e+02   1.027700e-03   7.930960e+02
1.700000e+00   -3.739679e+00   0.000000e+00   0.000000e+00   2.683670e+02   1.016457e-03   7.831602e+02
1.800000e+00   -3.988346e+00   0.000000e+00   0.000000e+00   2.685128e+02   1.003163e-03   7.733376e+02
1.900000e+00   -4.234670e+00   0.000000e+00   0.000000e+00   2.687546e+02   9.896676e-04   7.636206e+02
2.000000e+00   -4.463937e+00   0.000000e+00   0.000000e+00   2.686785e+02   9.774795e-04   7.540028e+02
2.100000e+00   -4.693586e+00   0.000000e+00   0.000000e+00   2.683613e+02   9.662777e-04   7.444821e+02
2.200000e+00   -4.928399e+00   0.000000e+00   0.000000e+00   2.679781e+02   9.554101e-04   7.350577e+02
2.300000e+00   -5.151269e+00   0.000000e+00   0.000000e+00   2.676029e+02   9.446069e-04   7.257286e+02
2.400000e+00   -5.340261e+00   0.000000e+00   0.000000e+00   2.672239e+02   9.339095e-04   7.164939e+02
2.500000e+00   -5.473490e+00   0.000000e+00   0.000000e+00   2.668256e+02   9.233713e-04   7.073529e+02
2.600000e+00   -5.492793e+00   0.000000e+00   0.000000e+00   2.663877e+02   9.130591e-04   6.983053e+02
2.700000e+00   -5.362000e+00   0.000000e+00   0.000000e+00   2.658896e+02   9.030392e-04   6.893508e+02
2.800000e+00   -5.155834e+00   0.000000e+00   0.000000e+00   2.653316e+02   8.933047e-04   6.804888e+02
2.900000e+00   -4.955273e+00   0.000000e+00   0.000000e+00   2.647439e+02   8.837491e-04   6.717184e+02
3.000000e+00   -4.841759e+00   0.000000e+00   0.000000e+00   2.641565e+02   8.742692e-04   6.630386e+02
3.100000e+00   -4.902755e+00   0.000000e+00   0.000000e+00   2.635748e+02   8.648468e-04   6.544484e+02
3.200000e+00   -5.140165e+00   0.000000e+00   0.000000e+00   2.629879e+02   8.555167e-04   6.459467e+02
3.300000e+00   -5.470491e+00   0.000000e+00   0.000000e+00   2.623849e+02   8.463133e-04   6.375325e+02
3.400000e+00   -5.806146e+00   0.000000e+00   0.000000e+00   2.617624e+02   8.372447e-04   6.292049e+02
3.500000e+00   -6.053059e+00   0.000000e+00   0.000000e+00   2.611363e+02   8.282593e-04   6.209632e+02
3.600000e+00   -6.191787e+00   0.000000e+00   0.000000e+00   2.605249e+02   8.192981e-04   6.128068e+02
3.700000e+00   -6.351404e+00   0.000000e+00   0.000000e+00   2.599469e+02   8.103043e-04   6.047352e+02
3.800000e+00   -6.538158e+00   0.000000e+00   0.000000e+00   2.594182e+02   8.012312e-04   5.967476e+02
3.900000e+00   -6.751761e+00   0.000000e+00   0.000000e+00   2.589362e+02   7.920897e-04   5.888430e+02
4.000000e+00   -6.991754e+00   0.000000e+00   0.000000e+00   2.584902e+02   7.829152e-04   5.810202e+02
4.100000e+00   -7.203728e+00   0.000000e+00   0.000000e+00   2.580695e+02   7.737421e-04   5.732780e+02
4.200000e+00   -7.292990e+00   0.000000e+00   0.000000e+00   2.576634e+02   7.646031e-04   5.656153e+02
4.300000e+00   -7.338339e+00   0.000000e+00   0.000000e+00   2.572598e+02   7.555335e-04   5.580307e+02
4.400000e+00   -7.420504e+00   0.000000e+00   0.000000e+00   2.568445e+02   7.465742e-04   5.505232e+02
4.500000e+00   -7.619446e+00   0.000000e+00   0.000000e+00   2.564028e+02   7.377651e-04   5.430917e+02
4.600000e+00   -8.040962e+00   0.000000e+00   0.000000e+00   2.559199e+02   7.291446e-04   5.357352e+02
4.700000e+00   -8.721858e+00   0.000000e+00   0.000000e+00   2.553817e+02   7.207484e-04   5.284524e+02
4.800000e+00   -9.508965e+00   0.000000e+00   0.000000e+00   2.547867e+02   7.125752e-04   5.212426e+02
4.900000e+00   -1.024508e+01   0.000000e+00   0.000000e+00   2.541495e+02   7.045804e-04   5.141054e+02
5.000000e+00   -1.077327e+01   0.000000e+00   0.000000e+00   2.534854e+02   6.967183e-04   5.070403e+02
5.100000e+00   -1.092529e+01   0.000000e+00   0.000000e+00   2.528098e+02   6.889451e-04   5.000470e+02
5.200000e+00   -1.067514e+01   0.000000e+00   0.000000e+00   2.521379e+02   6.812187e-04   4.931251e+02
5.300000e+00   -1.022092e+01   0.000000e+00   0.000000e+00   2.514756e+02   6.735236e-04   4.862741e+02
5.400000e+00   -9.773636e+00   0.000000e+00   0.000000e+00   2.508156e+02   6.658798e-04   4.794936e+02
5.500000e+00   -9.544556e+00   0.000000e+00   0.000000e+00   2.501496e+02   6.583094e-04   4.727833e+02
5.600000e+00   -9.725151e+00   0.000000e+00   0.000000e+00   2.494691e+02   6.508335e-04   4.661429e+02
5.700000e+00   -1.027237e+01   0.000000e+00   0.000000e+00   2.487660e+02   6.434727e-04   4.595719e+02
5.800000e+00   -1.099060e+01   0.000000e+00   0.000000e+00   2.480331e+02   6.362435e-04   4.530700e+02
5.900000e+00   -1.168169e+01   0.000000e+00   0.000000e+00   2.472681e+02   6.291507e-04   4.466375e+02
6.000000e+00   -1.214752e+01   0.000000e+00   0.000000e+00   2.464698e+02   6.221963e-04   4.402745e+02
6.100000e+00   -1.220670e+01   0.000000e+00   0.000000e+00   2.456368e+02   6.153826e-04   4.339812e+02
6.200000e+00   -1.190038e+01   0.000000e+00   0.000000e+00   2.447677e+02   6.087114e-04   4.277578e+02
6.300000e+00   -1.142646e+01   0.000000e+00   0.000000e+00   2.438616e+02   6.021845e-04   4.216046e+02
6.400000e+00   -1.098308e+01   0.000000e+00   0.000000e+00   2.429242e+02   5.957869e-04   4.155220e+02
6.500000e+00   -1.076408e+01   0.000000e+00   0.000000e+00   2.419714e+02   5.894799e-04   4.095108e+02
6.600000e+00   -1.090488e+01   0.000000e+00   0.000000e+00   2.410200e+02   5.832242e-04   4.035719e+02
6.700000e+00   -1.122465e+01   0.000000e+00   0.000000e+00   2.400866e+02   5.769816e-04   3.977061e+02
6.800000e+00   -1.163577e+01   0.000000e+00   0.000000e+00   2.391880e+02   5.707150e-04   3.919143e+02
6.900000e+00   -1.207658e+01   0.000000e+00   0.000000e+00   2.383408e+02   5.643887e-04   3.861971e+02
7.000000e+00   -1.248506e+01   0.000000e+00   0.000000e+00   2.375541e+02   5.579858e-04   3.805555e+02
7.100000e+00   -1.282090e+01   0.000000e+00   0.000000e+00   2.368240e+02   5.515201e-04   3.749898e+02
7.200000e+00   -1.315021e+01   0.000000e+00   0.000000e+00   2.361454e+02   5.450084e-04   3.695006e+02
7.300000e+00   -1.345354e+01   0.000000e+00   0.000000e+00   2.355131e+02   5.384672e-04   3.640883e+02
7.400000e+00   -1.369529e+01   0.000000e+00   0.000000e+00   2.349218e+02   5.319125e-04   3.587533e+02
7.500000e+00   -1.383981e+01   0.000000e+00   0.000000e+00   2.343663e+02   5.253601e-04   3.534961e+02
7.600000e+00   -1.385195e+01   0.000000e+00   0.000000e+00   2.338416e+02   5.188247e-04   3.483171e+02
7.700000e+00   -1.373179e+01   0.000000e+00   0.000000e+00   2.333445e+02   5.123156e-04   3.432160e+02
7.800000e+00   -1.352933e+01   0.000000e+00   0.000000e+00   2.328728e+02   5.058388e-04   3.381920e+02
7.900000e+00   -1.329791e+01   0.000000e+00   0.000000e+00   2.324245e+02   4.993997e-04   3.332442e+02
8.000000e+00   -1.309088e+01   0.000000e+00   0.000000e+00   2.319976e+02   4.930038e-04   3.283719e+02
8.100000e+00   -1.294986e+01   0.000000e+00   0.000000e+00   2.315898e+02   4.866560e-04   3.235743e+02
8.200000e+00   -1.282818e+01   0.000000e+00   0.000000e+00   2.311993e+02   4.803614e-04   3.188504e+02
8.300000e+00   -1.271258e+01   0.000000e+00   0.000000e+00   2.308238e+02   4.741247e-04   3.141996e+02
8.400000e+00   -1.260257e+01   0.000000e+00   0.000000e+00   2.304614e+02   4.679503e-04   3.096209e+02
8.500000e+00   -1.249639e+01   0.000000e+00   0.000000e+00   2.301108e+02   4.618406e-04   3.051136e+02
8.600000e+00   -1.238256e+01   0.000000e+00   0.000000e+00   2.297743e+02   4.557907e-04   3.006764e+02
8.700000e+00   -1.222506e+01   0.000000e+00   0.000000e+00   2.294547e+02   4.497948e-04   2.963082e+02
8.800000e+00   -1.204427e+01   0.000000e+00   0.000000e+00   2.291547e+02   4.438471e-04   2.920079e+02
8.900000e+00   -1.187167e+01   0.000000e+00   0.000000e+00   2.288773e+02   4.379420e-04   2.877741e+02
9.000000e+00   -1.173877e+01   0.000000e+00   0.000000e+00   2.286252e+02   4.320744e-04   2.836057e+02
9.100000e+00   -1.168929e+01   0.000000e+00   0.000000e+00   2.284013e+02   4.262392e-04   2.795016e+02
9.200000e+00   -1.182334e+01   0.000000e+00   0.000000e+00   2.282084e+02   4.204317e-04   2.754606e+02
9.300000e+00   -1.207238e+01   0.000000e+00   0.000000e+00   2.280494e+02   4.146473e-04   2.714814e+02
9.400000e+00   -1.233222e+01   0.000000e+00   0.000000e+00   2.279270e+02   4.088817e-04   2.675629e+02
9.500000e+00   -1.249869e+01   0.000000e+00   0.000000e+00   2.278442e+02   4.031311e-04   2.637039e+02
9.600000e+00   -1.245846e+01   0.000000e+00   0.000000e+00   2.278004e+02   3.973972e-04   2.599032e+02
9.700000e+00   -1.209026e+01   0.000000e+00   0.000000e+00   2.277907e+02   3.916904e-04   2.561599e+02
9.800000e+00   -1.151972e+01   0.000000e+00   0.000000e+00   2.278093e+02   3.860210e-04   2.524729e+02
9.900000e+00   -1.091940e+01   0.000000e+00   0.000000e+00   2.278507e+02   3.803991e-04   2.488412e+02
1.000000e+01   -1.046181e+01   0.000000e+00   0.000000e+00   2.279093e+02   3.748338e-04   2.452637e+02
1.010000e+01   -1.031543e+01   0.000000e+00   0.000000e+00   2.279795e+02   3.693339e-04   2.417394e+02
1.020000e+01   -1.050170e+01   0.000000e+00   0.000000e+00   2.280557e+02   3.639075e-04   2.382672e+02
1.030000e+01   -1.087050e+01   0.000000e+00   0.000000e+00   2.281322e+02   3.585623e-04   2.348463e+02
1.040000e+01   -1.126353e+01   0.000000e+00   0.000000e+00   2.282036e+02   3.533053e-04   2.314754e+02
1.050000e+01   -1.152247e+01   0.000000e+00   0.000000e+00   2.282641e+02   3.481429e-04   2.281537e+02
1.060000e+01   -1.148861e+01   0.000000e+00   0.000000e+00   2.283082e+02   3.430813e-04   2.248800e+02
1.070000e+01   -1.109142e+01   0.000000e+00   0.000000e+00   2.283333e+02   3.381217e-04   2.216535e+02
1.080000e+01   -1.047704e+01   0.000000e+00   0.000000e+00   2.283411e+02   3.332593e-04   2.184734e+02
1.090000e+01   -9.821059e+00   0.000000e+00   0.000000e+00   2.283339e+02   3.284884e-04   2.153391e+02
1.100000e+01   -9.299069e+00   0.000000e+00   0.000000e+00   2.283141e+02   3.238039e-04   2.122497e+02
1.110000e+01   -9.075448e+00   0.000000e+00   0.000000e+00   2.282837e+02   3.192007e-04   2.092046e+02
1.120000e+01   -9.046095e+00   0.000000e+00   0.000000e+00   2.282452e+02   3.146742e-04   2.062030e+02
1.130000e+01   -9.096163e+00   0.000000e+00   0.000000e+00   2.282007e+02   3.102196e-04   2.032444e+02
1.140000e+01   -9.175330e+00   0.000000e+00   0.000000e+00   2.281525e+02   3.058326e-04   2.003278e+02
1.150000e+01   -9.233273e+00   0.000000e+00   0.000000e+00   2.281029e+02   3.015088e-04   1.974527e+02
1.160000e+01   -9.221877e+00   0.000000e+00   0.000000e+00   2.280541e+02   2.972444e-04   1.946184e+02
1.170000e+01   -9.162653e+00   0.000000e+00   0.000000e+00   2.280083e+02   2.930352e-04   1.918240e+02
1.180000e+01   -9.088994e+00   0.000000e+00   0.000000e+00   2.279675e+02   2.888783e-04   1.890689e+02
1.190000e+01   -9.017382e+00   0.000000e+00   0.000000e+00   2.279324e+02   2.847719e-04   1.863526e+02
1.200000e+01   -8.964358e+00   0.000000e+00   0.000000e+00   2.279039e+02   2.807145e-04   1.836746e+02
1.210000e+01   -8.950640e+00   0.000000e+00   0.000000e+00   2.278828e+02   2.767048e-04   1.810342e+02
1.220000e+01   -9.100547e+00   0.000000e+00   0.000000e+00   2.278698e+02   2.727413e-04   1.784309e+02
1.230000e+01   -9.385534e+00   0.000000e+00   0.000000e+00   2.278658e+02   2.688228e-04   1.758643e+02
1.240000e+01   -9.696856e+00   0.000000e+00   0.000000e+00   2.278715e+02   2.649479e-04   1.733336e+02
1.250000e+01   -9.925770e+00   0.000000e+00   0.000000e+00   2.278877e+02   2.611154e-04   1.708385e+02
1.260000e+01   -9.964155e+00   0.000000e+00   0.000000e+00   2.279151e+02   2.573241e-04   1.683782e+02
1.270000e+01   -9.777600e+00   0.000000e+00   0.000000e+00   2.279547e+02   2.535728e-04   1.659524e+02
1.280000e+01   -9.451078e+00   0.000000e+00   0.000000e+00   2.280070e+02   2.498604e-04   1.635604e+02
1.290000e+01   -9.077258e+00   0.000000e+00   0.000000e+00   2.280725e+02   2.461866e-04   1.612017e+02
1.300000e+01   -8.748589e+00   0.000000e+00   0.000000e+00   2.281489e+02   2.425532e-04   1.588758e+02
1.310000e+01   -8.555612e+00   0.000000e+00   0.000000e+00   2.282339e+02   2.389629e-04   1.565824e+02
1.320000e+01   -8.445648e+00   0.000000e+00   0.000000e+00   2.283249e+02   2.354178e-04   1.543210e+02
1.330000e+01   -8.367134e+00   0.000000e+00   0.000000e+00   2.284195e+02   2.319200e-04   1.520911e+02
1.340000e+01   -8.337962e+00   0.000000e+00   0.000000e+00   2.285152e+02   2.284714e-04   1.498923e+02
1.350000e+01   -8.376027e+00   0.000000e+00   0.000000e+00   2.286095e+02   2.250738e-04   1.477242e+02
1.360000e+01   -8.500389e+00   0.000000e+00   0.000000e+00   2.286999e+02   2.217289e-04   1.455863e+02
1.370000e+01   -8.838083e+00   0.000000e+00   0.000000e+00   2.287839e+02   2.184380e-04   1.434782e+02
1.380000e+01   -9.379246e+00   0.000000e+00   0.000000e+00   2.288591e+02   2.152025e-04   1.413995e+02
1.390000e+01   -1.000045e+01   0.000000e+00   0.000000e+00   2.289230e+02   2.120237e-04   1.393497e+02
1.400000e+01   -1.057646e+01   0.000000e+00   0.000000e+00   2.289735e+02   2.089022e-04   1.373285e+02
1.410000e+01   -1.097239e+01   0.000000e+00   0.000000e+00   2.290108e+02   2.058368e-04   1.353354e+02
1.420000e+01   -1.121614e+01   0.000000e+00   0.000000e+00   2.290359e+02   2.028257e-04   1.333702e+02
1.430000e+01   -1.139657e+01   0.000000e+00   0.000000e+00   2.290499e+02   1.998669e-04   1.314327e+02
1.440000e+01   -1.151381e+01   0.000000e+00   0.000000e+00   2.290539e+02   1.969588e-04   1.295226e+02
1.450000e+01   -1.156802e+01   0.000000e+00   0.000000e+00   2.290488e+02   1.940996e-04   1.276395e+02
1.460000e+01   -1.155923e+01   0.000000e+00   0.000000e+00   2.290357e+02   1.912878e-04   1.257833e+02
1.470000e+01   -1.140057e+01   0.000000e+00   0.000000e+00   2.290157e+02   1.885218e-04   1.239536e+02
1.480000e+01   -1.106269e+01   0.000000e+00   0.000000e+00   2.289896e+02   1.858001e-04   1.221502e+02
1.490000e+01   -1.061393e+01   0.000000e+00   0.000000e+00   2.289587e+02   1.831212e-04   1.203728e+02
1.500000e+01   -1.012261e+01   0.000000e+00   0.000000e+00   2.289239e+02   1.804838e-04   1.186211e+02
1.510000e+01   -9.660148e+00   0.000000e+00   0.000000e+00   2.288862e+02   1.778866e-04   1.168948e+02
1.520000e+01   -9.361968e+00   0.000000e+00   0.000000e+00   2.288449e+02   1.753294e-04   1.151936e+02
1.530000e+01   -9.230481e+00   0.000000e+00   0.000000e+00   2.287990e+02   1.728124e-04   1.135171e+02
1.540000e+01   -9.155968e+00   0.000000e+00   0.000000e+00   2.287474e+02   1.703357e-04   1.118650e+02
1.550000e+01   -9.028710e+00   0.000000e+00   0.000000e+00   2.286891e+02   1.678994e-04   1.102369e+02
1.560000e+01   -8.738990e+00   0.000000e+00   0.000000e+00   2.286228e+02   1.655035e-04   1.086323e+02
1.570000e+01   -8.335500e+00   0.000000e+00   0.000000e+00   2.285475e+02   1.631481e-04   1.070510e+02
1.580000e+01   -7.954200e+00   0.000000e+00   0.000000e+00   2.284621e+02   1.608330e-04   1.054925e+02
1.590000e+01   -7.586730e+00   0.000000e+00   0.000000e+00   2.283654e+02   1.585583e-04   1.039565e+02
1.600000e+01   -7.224560e+00   0.000000e+00   0.000000e+00   2.282565e+02   1.563239e-04   1.024426e+02
1.610000e+01   -6.859161e+00   0.000000e+00   0.000000e+00   2.281341e+02   1.541295e-04   1.009505e+02
1.620000e+01   -6.066529e+00   0.000000e+00   0.000000e+00   2.279974e+02   1.519749e-04   9.947965e+01
1.630000e+01   -4.606566e+00   0.000000e+00   0.000000e+00   2.278484e+02   1.498581e-04   9.802986e+01
1.640000e+01   -2.954382e+00   0.000000e+00   0.000000e+00   2.276905e+02   1.477758e-04   9.660079e+01
1.650000e+01   -1.587404e+00   0.000000e+00   0.000000e+00   2.275274e+02   1.457253e-04   9.519212e+01
1.660000e+01   -9.830611e-01   0.000000e+00   0.000000e+00   2.273625e+02   1.437037e-04   9.380354e+01
1.670000e+01   -1.347146e+00   0.000000e+00   0.000000e+00   2.271995e+02   1.417084e-04   9.243473e+01
1.680000e+01   -2.298039e+00   0.000000e+00   0.000000e+00   2.270418e+02   1.397367e-04   9.108540e+01
1.690000e+01   -3.541010e+00   0.000000e+00   0.000000e+00   2.268930e+02   1.377863e-04   8.975522e+01
1.700000e+01   -4.783396e+00   0.000000e+00   0.000000e+00   2.267567e+02   1.358549e-04   8.844388e+01
1.710000e+01   -5.732539e+00   0.000000e+00   0.000000e+00   2.266364e+02   1.339401e-04   8.715108e+01
1.720000e+01   -6.356527e+00   0.000000e+00   0.000000e+00   2.265356e+02   1.320400e-04   8.587650e+01
1.730000e+01   -6.908340e+00   0.000000e+00   0.000000e+00   2.264577e+02   1.301525e-04   8.461983e+01
1.740000e+01   -7.320122e+00   0.000000e+00   0.000000e+00   2.264029e+02   1.282779e-04   8.338085e+01
1.750000e+01   -7.529515e+00   0.000000e+00   0.000000e+00   2.263693e+02   1.264175e-04   8.215937e+01
1.760000e+01   -7.474366e+00   0.000000e+00   0.000000e+00   2.263552e+02   1.245725e-04   8.095521e+01
1.770000e+01   -6.744867e+00   0.000000e+00   0.000000e+00   2.263586e+02   1.227441e-04   7.976821e+01
1.780000e+01   -5.011099e+00   0.000000e+00   0.000000e+00   2.263778e+02   1.209334e-04   7.859817e+01
1.790000e+01   -2.857839e+00   0.000000e+00   0.000000e+00   2.264108e+02   1.191416e-04   7.744492e+01
1.800000e+01   -8.868457e-01   0.000000e+00   0.000000e+00   2.264559e+02   1.173696e-04   7.630828e+01
1.810000e+01   3.001214e-01   0.000000e+00   0.000000e+00   2.265112e+02   1.156184e-04   7.518807e+01
1.820000e+01   5.924772e-01   0.000000e+00   0.000000e+00   2.265748e+02   1.138888e-04   7.408412e+01
1.830000e+01   7.330464e-01   0.000000e+00   0.000000e+00   2.266449e+02   1.121817e-04   7.299623e+01
1.840000e+01   7.611249e-01   0.000000e+00   0.000000e+00   2.267198e+02   1.104978e-04   7.192424e+01
1.850000e+01   6.969157e-01   0.000000e+00   0.000000e+00   2.267981e+02   1.088374e-04   7.086794e+01
1.860000e+01   5.665144e-01   0.000000e+00   0.000000e+00   2.268791e+02   1.072006e-04   6.982713e+01
1.870000e+01   2.748006e-01   0.000000e+00   0.000000e+00   2.269620e+02   1.055876e-04   6.880158e+01
1.880000e+01   -3.391366e-01   0.000000e+00   0.000000e+00   2.270462e+02   1.039982e-04   6.779108e+01
1.890000e+01   -1.082723e+00   0.000000e+00   0.000000e+00   2.271308e+02   1.024326e-04   6.679543e+01
1.900000e+01   -1.750514e+00   0.000000e+00   0.000000e+00   2.272151e+02   1.008908e-04   6.581440e+01
1.910000e+01   -2.137068e+00   0.000000e+00   0.000000e+00   2.272983e+02   9.937259e-05   6.484779e+01
1.920000e+01   -2.197680e+00   0.000000e+00   0.000000e+00   2.273798e+02   9.787806e-05   6.389538e+01
1.930000e+01   -2.243623e+00   0.000000e+00   0.000000e+00   2.274586e+02   9.640709e-05   6.295696e+01
1.940000e+01   -2.289875e+00   0.000000e+00   0.000000e+00   2.275342e+02   9.495962e-05   6.203231e+01
1.950000e+01   -2.332585e+00   0.000000e+00   0.000000e+00   2.276057e+02   9.353553e-05   6.112123e+01
1.960000e+01   -2.369319e+00   0.000000e+00   0.000000e+00   2.276727e+02   9.213458e-05   6.022350e+01
1.970000e+01   -2.368875e+00   0.000000e+00   0.000000e+00   2.277353e+02   9.075635e-05   5.933894e+01
1.980000e+01   -2.262348e+00   0.000000e+00   0.000000e+00   2.277936e+02   8.940046e-05   5.846737e+01
1.990000e+01   -2.084860e+00   0.000000e+00   0.000000e+00   2.278475e+02   8.806648e-05   5.760858e+01
2.000000e+01   -1.877772e+00   0.000000e+00   0.000000e+00   2.278971e+02   8.675402e-05   5.676240e+01
2.010000e+01   -1.682445e+00   0.000000e+00   0.000000e+00   2.279425e+02   8.546269e-05   5.592864e+01
2.020000e+01   -1.503084e+00   0.000000e+00   0.000000e+00   2.279837e+02   8.419209e-05   5.510710e+01
2.030000e+01   -1.268866e+00   0.000000e+00   0.000000e+00   2.280209e+02   8.294183e-05   5.429760e+01
2.040000e+01   -1.030034e+00   0.000000e+00   0.000000e+00   2.280540e+02   8.171153e-05   5.349995e+01
2.050000e+01   -8.464630e-01   0.000000e+00   0.000000e+00   2.280830e+02   8.050081e-05   5.271396e+01
2.060000e+01   -7.780282e-01   0.000000e+00   0.000000e+00   2.281082e+02   7.930929e-05   5.193944e+01
2.070000e+01   -1.030681e+00   0.000000e+00   0.000000e+00   2.281294e+02   7.813659e-05   5.117621e+01
2.080000e+01   -1.990420e+00   0.000000e+00   0.000000e+00   2.281472e+02   7.698230e-05   5.042412e+01
2.090000e+01   -3.309049e+00   0.000000e+00   0.000000e+00   2.281617e+02   7.584602e-05   4.968300e+01
2.100000e+01   -4.578827e+00   0.000000e+00   0.000000e+00   2.281732e+02   7.472735e-05   4.895270e+01
2.110000e+01   -5.392017e+00   0.000000e+00   0.000000e+00   2.281822e+02   7.362592e-05   4.823307e+01
2.120000e+01   -5.380705e+00   0.000000e+00   0.000000e+00   2.281889e+02   7.254135e-05   4.752395e+01
2.130000e+01   -4.614650e+00   0.000000e+00   0.000000e+00   2.281937e+02   7.147325e-05   4.682518e+01
2.140000e+01   -3.419625e+00   0.000000e+00   0.000000e+00   2.281967e+02   7.042128e-05   4.613661e+01
2.150000e+01   -2.123314e+00   0.000000e+00   0.000000e+00   2.281985e+02   6.938507e-05   4.545809e+01
2.160000e+01   -1.053401e+00   0.000000e+00   0.000000e+00   2.281993e+02   6.836426e-05   4.478945e+01
2.170000e+01   -4.098680e-01   0.000000e+00   0.000000e+00   2.281993e+02   6.735853e-05   4.413055e+01
2.180000e+01   1.829018e-01   0.000000e+00   0.000000e+00   2.281990e+02   6.636752e-05   4.348122e+01
2.190000e+01   7.313082e-01   0.000000e+00   0.000000e+00   2.281989e+02   6.539088e-05   4.284134e+01
2.200000e+01   1.174198e+00   0.000000e+00   0.000000e+00   2.281995e+02   6.442826e-05   4.221078e+01
2.210000e+01   1.450397e+00   0.000000e+00   0.000000e+00   2.282015e+02   6.347930e-05   4.158943e+01
2.220000e+01   1.383917e+00   0.000000e+00   0.000000e+00   2.282054e+02   6.254367e-05   4.097715e+01
2.230000e+01   5.142006e-01   0.000000e+00   0.000000e+00   2.282120e+02   6.162105e-05   4.037383e+01
2.240000e+01   -8.032376e-01   0.000000e+00   0.000000e+00   2.282218e+02   6.071111e-05   3.977936e+01
2.250000e+01   -2.105978e+00   0.000000e+00   0.000000e+00   2.282355e+02   5.981355e-05   3.919360e+01
2.260000e+01   -2.931599e+00   0.000000e+00   0.000000e+00   2.282536e+02   5.892806e-05   3.861643e+01
2.270000e+01   -2.947898e+00   0.000000e+00   0.000000e+00   2.282768e+02   5.805435e-05   3.804774e+01
2.280000e+01   -2.673240e+00   0.000000e+00   0.000000e+00   2.283057e+02   5.719213e-05   3.748741e+01
2.290000e+01   -2.285200e+00   0.000000e+00   0.000000e+00   2.283409e+02   5.634114e-05   3.693531e+01
2.300000e+01   -1.853486e+00   0.000000e+00   0.000000e+00   2.283827e+02   5.550117e-05   3.639132e+01
2.310000e+01   -1.448367e+00   0.000000e+00   0.000000e+00   2.284307e+02   5.467226e-05   3.585534e+01
2.320000e+01   -1.119668e+00   0.000000e+00   0.000000e+00   2.284840e+02   5.385447e-05   3.532726e+01
2.330000e+01   -7.865087e-01   0.000000e+00   0.000000e+00   2.285420e+02   5.304786e-05   3.480698e+01
2.340000e+01   -4.659931e-01   0.000000e+00   0.000000e+00   2.286041e+02   5.225246e-05   3.429439e+01
2.350000e+01   -2.007455e-01   0.000000e+00   0.000000e+00   2.286694e+02   5.146830e-05   3.378939e+01
2.360000e+01   -3.338977e-02   -0.000000e+00   -0.000000e+00   2.287374e+02   5.069540e-05   3.329186e+01
2.370000e+01   -6.909280e-02   -0.000000e+00   -0.000000e+00   2.288073e+02   4.993377e-05   3.280172e+01
2.380000e+01   -7.154655e-01   -0.000000e+00   -0.000000e+00   2.288784e+02   4.918341e-05   3.231884e+01
2.390000e+01   -1.758164e+00   -0.000000e+00   -0.000000e+00   2.289500e+02   4.844431e-05   3.184313e+01
2.400000e+01   -2.855313e+00   -0.000000e+00   -0.000000e+00   2.290215e+02   4.771644e-05   3.137448e+01
2.410000e+01   -3.664977e+00   -0.000000e+00   -0.000000e+00   2.290921e+02   4.699977e-05   3.091279e+01
2.420000e+01   -3.904819e+00   -0.000000e+00   -0.000000e+00   2.291616e+02   4.629419e-05   3.045795e+01
2.430000e+01   -3.924597e+00   -0.000000e+00   -0.000000e+00   2.292301e+02   4.559951e-05   3.000987e+01
2.440000e+01   -3.865397e+00   -0.000000e+00   -0.000000e+00   2.292980e+02   4.491551e-05   2.956847e+01
2.450000e+01   -3.750328e+00   -0.000000e+00   -0.000000e+00   2.293654e+02   4.424198e-05   2.913365e+01
2.460000e+01   -3.602502e+00   -0.000000e+00   -0.000000e+00   2.294328e+02   4.357872e-05   2.870532e+01
2.470000e+01   -3.411075e+00   -0.000000e+00   -0.000000e+00   2.295003e+02   4.292554e-05   2.828339e+01
2.480000e+01   -2.894618e+00   -0.000000e+00   -0.000000e+00   2.295682e+02   4.228225e-05   2.786776e+01
2.490000e+01   -2.170701e+00   -0.000000e+00   -0.000000e+00   2.296368e+02   4.164864e-05   2.745836e+01
2.500000e+01   -1.472218e+00   -0.000000e+00   -0.000000e+00   2.297063e+02   4.102453e-05   2.705508e+01
2.510000e+01   -1.032062e+00   -0.000000e+00   -0.000000e+00   2.297771e+02   4.040973e-05   2.665784e+01
2.520000e+01   -1.105506e+00   -0.000000e+00   -0.000000e+00   2.298493e+02   3.980407e-05   2.626655e+01
2.530000e+01   -2.011422e+00   -0.000000e+00   -0.000000e+00   2.299232e+02   3.920736e-05   2.588111e+01
2.540000e+01   -3.433964e+00   -0.000000e+00   -0.000000e+00   2.299990e+02   3.861947e-05   2.550143e+01
2.550000e+01   -4.919334e+00   -0.000000e+00   -0.000000e+00   2.300764e+02   3.804029e-05   2.512745e+01
2.560000e+01   -6.013896e+00   -0.000000e+00   -0.000000e+00   2.301554e+02   3.746975e-05   2.475907e+01
2.570000e+01   -6.277381e+00   -0.000000e+00   -0.000000e+00   2.302357e+02   3.690773e-05   2.439621e+01
2.580000e+01   -5.689680e+00   -0.000000e+00   -0.000000e+00   2.303172e+02   3.635415e-05   2.403880e+01
2.590000e+01   -4.595734e+00   -0.000000e+00   -0.000000e+00   2.303998e+02   3.580892e-05   2.368676e+01
2.600000e+01   -3.332245e+00   -0.000000e+00   -0.000000e+00   2.304832e+02   3.527192e-05   2.333999e+01
2.610000e+01   -2.235915e+00   -0.000000e+00   -0.000000e+00   2.305674e+02   3.474306e-05   2.299844e+01
2.620000e+01   -1.615730e+00   -0.000000e+00   -0.000000e+00   2.306521e+02   3.422224e-05   2.266200e+01
2.630000e+01   -1.184041e+00   -0.000000e+00   -0.000000e+00   2.307373e+02   3.370935e-05   2.233061e+01
2.640000e+01   -7.882940e-01   -0.000000e+00   -0.000000e+00   2.308227e+02   3.320429e-05   2.200417e+01
2.650000e+01   -4.580115e-01   -0.000000e+00   -0.000000e+00   2.309082e+02   3.270694e-05   2.168262e+01
2.660000e+01   -2.229652e-01   -0.000000e+00   -0.000000e+00   2.309938e+02   3.221721e-05   2.136587e+01
2.670000e+01   -1.179806e-01   -0.000000e+00   -0.000000e+00   2.310794e+02   3.173496e-05   2.105385e+01
2.680000e+01   -2.537406e-01   -0.000000e+00   -0.000000e+00   2.311653e+02   3.126008e-05   2.074651e+01
2.690000e+01   -5.908167e-01   -0.000000e+00   -0.000000e+00   2.312513e+02   3.079244e-05   2.044376e+01
2.700000e+01   -1.027585e+00   -0.000000e+00   -0.000000e+00   2.313378e+02   3.033191e-05   2.014553e+01
2.710000e+01   -1.462423e+00   -0.000000e+00   -0.000000e+00   2.314247e+02   2.987840e-05   1.985177e+01
2.720000e+01   -1.795916e+00   -0.000000e+00   -0.000000e+00   2.315121e+02   2.943176e-05   1.956241e+01
2.730000e+01   -2.035133e+00   -0.000000e+00   -0.000000e+00   2.316001e+02   2.899188e-05   1.927736e+01
2.740000e+01   -2.246852e+00   -0.000000e+00   -0.000000e+00   2.316889e+02   2.855866e-05   1.899658e+01
2.750000e+01   -2.478367e+00   -0.000000e+00   -0.000000e+00   2.317784e+02   2.813196e-05   1.871998e+01
2.760000e+01   -2.776971e+00   -0.000000e+00   -0.000000e+00   2.318688e+02   2.771167e-05   1.844750e+01
2.770000e+01   -3.198076e+00   -0.000000e+00   -0.000000e+00   2.319602e+02   2.729768e-05   1.817907e+01
2.780000e+01   -4.076054e+00   -0.000000e+00   -0.000000e+00   2.320526e+02   2.688988e-05   1.791462e+01
2.790000e+01   -5.323064e+00   -0.000000e+00   -0.000000e+00   2.321459e+02   2.648820e-05   1.765410e+01
2.800000e+01   -6.603325e+00   -0.000000e+00   -0.000000e+00   2.322398e+02   2.609257e-05   1.739746e+01
2.810000e+01   -7.581048e+00   -0.000000e+00   -0.000000e+00   2.323343e+02   2.570293e-05   1.714464e+01
2.820000e+01   -7.926120e+00   -0.000000e+00   -0.000000e+00   2.324290e+02   2.531923e-05   1.689558e+01
2.830000e+01   -7.780609e+00   -0.000000e+00   -0.000000e+00   2.325237e+02   2.494140e-05   1.665024e+01
2.840000e+01   -7.395587e+00   -0.000000e+00   -0.000000e+00   2.326182e+02   2.456938e-05   1.640856e+01
2.850000e+01   -6.832086e+00   -0.000000e+00   -0.000000e+00   2.327124e+02   2.420311e-05   1.617048e+01
2.860000e+01   -6.151139e+00   -0.000000e+00   -0.000000e+00   2.328059e+02   2.384251e-05   1.593597e+01
2.870000e+01   -5.408256e+00   -0.000000e+00   -0.000000e+00   2.328986e+02   2.348752e-05   1.570495e+01
2.880000e+01   -4.097422e+00   -0.000000e+00   -0.000000e+00   2.329903e+02   2.313808e-05   1.547738e+01
2.890000e+01   -2.194399e+00   -0.000000e+00   -0.000000e+00   2.330807e+02   2.279411e-05   1.525321e+01
2.900000e+01   -1.785929e-01   -0.000000e+00   -0.000000e+00   2.331696e+02   2.245554e-05   1.503238e+01
2.910000e+01   1.470096e+00   -0.000000e+00   -0.000000e+00   2.332572e+02   2.212228e-05   1.481485e+01
2.920000e+01   2.273050e+00   -0.000000e+00   -0.000000e+00   2.333443e+02   2.179415e-05   1.460056e+01
2.930000e+01   2.555199e+00   -0.000000e+00   -0.000000e+00   2.334321e+02   2.147098e-05   1.438947e+01
2.940000e+01   2.794669e+00   -0.000000e+00   -0.000000e+00   2.335219e+02   2.115259e-05   1.418154e+01
2.950000e+01   2.982847e+00   -0.000000e+00   -0.000000e+00   2.336147e+02   2.083882e-05   1.397673e+01
2.960000e+01   3.111123e+00   -0.000000e+00   -0.000000e+00   2.337117e+02   2.052951e-05   1.377499e+01
2.970000e+01   3.170431e+00   -0.000000e+00   -0.000000e+00   2.338141e+02   2.022451e-05   1.357628e+01
2.980000e+01   2.769470e+00   -0.000000e+00   -0.000000e+00   2.339230e+02   1.992365e-05   1.338056e+01
2.990000e+01   1.766490e+00   -0.000000e+00   -0.000000e+00   2.340396e+02   1.962682e-05   1.318778e+01
3.000000e+01   4.476484e-01   -0.000000e+00   -0.000000e+00   2.341651e+02   1.933386e-05   1.299789e+01
3.010000e+01   -9.008926e-01   -0.000000e+00   -0.000000e+00   2.343006e+02   1.904464e-05   1.281086e+01
3.020000e+01   -1.992974e+00   -0.000000e+00   -0.000000e+00   2.344472e+02   1.875904e-05   1.262664e+01
3.030000e+01   -2.826622e+00   -0.000000e+00   -0.000000e+00   2.346062e+02   1.847693e-05   1.244519e+01
3.040000e+01   -3.601914e+00   -0.000000e+00   -0.000000e+00   2.347781e+02   1.819824e-05   1.226646e+01
3.050000e+01   -4.335759e+00   -0.000000e+00   -0.000000e+00   2.349621e+02   1.792303e-05   1.209042e+01
3.060000e+01   -5.045067e+00   -0.000000e+00   -0.000000e+00   2.351569e+02   1.765136e-05   1.191703e+01
3.070000e+01   -5.746750e+00   -0.000000e+00   -0.000000e+00   2.353612e+02   1.738330e-05   1.174625e+01
3.080000e+01   -6.546443e+00   -0.000000e+00   -0.000000e+00   2.355738e+02   1.711891e-05   1.157805e+01
3.090000e+01   -7.446311e+00   -0.000000e+00   -0.000000e+00   2.357934e+02   1.685824e-05   1.141238e+01
3.100000e+01   -8.283739e+00   -0.000000e+00   -0.000000e+00   2.360188e+02   1.660134e-05   1.124921e+01
3.110000e+01   -8.895975e+00   -0.000000e+00   -0.000000e+00   2.362488e+02   1.634825e-05   1.108851e+01
3.120000e+01   -9.120268e+00   -0.000000e+00   -0.000000e+00   2.364820e+02   1.609900e-05   1.093023e+01
3.130000e+01   -8.673427e+00   -0.000000e+00   -0.000000e+00   2.367173e+02   1.585361e-05   1.077434e+01
3.140000e+01   -7.513728e+00   -0.000000e+00   -0.000000e+00   2.369534e+02   1.561212e-05   1.062080e+01
3.150000e+01   -5.921304e+00   -0.000000e+00   -0.000000e+00   2.371890e+02   1.537453e-05   1.046957e+01
3.160000e+01   -4.177231e+00   -0.000000e+00   -0.000000e+00   2.374229e+02   1.514086e-05   1.032062e+01
3.170000e+01   -2.562575e+00   -0.000000e+00   -0.000000e+00   2.376540e+02   1.491111e-05   1.017390e+01
3.180000e+01   -9.241279e-01   -0.000000e+00   -0.000000e+00   2.378822e+02   1.468522e-05   1.002940e+01
3.190000e+01   1.035082e+00   -0.000000e+00   -0.000000e+00   2.381079e+02   1.446310e-05   9.887067e+00
3.200000e+01   2.948854e+00   -0.000000e+00   -0.000000e+00   2.383315e+02   1.424465e-05   9.746882e+00
3.210000e+01   4.445473e+00   -0.000000e+00   -0.000000e+00   2.385536e+02   1.402980e-05   9.608812e+00
3.220000e+01   5.153227e+00   -0.000000e+00   -0.000000e+00   2.387744e+02   1.381845e-05   9.472827e+00
3.230000e+01   4.797510e+00   -0.000000e+00   -0.000000e+00   2.389946e+02   1.361053e-05   9.338897e+00
3.240000e+01   3.625475e+00   -0.000000e+00   -0.000000e+00   2.392144e+02   1.340596e-05   9.206991e+00
3.250000e+01   2.056940e+00   -0.000000e+00   -0.000000e+00   2.394344e+02   1.320466e-05   9.077079e+00
3.260000e+01   5.117718e-01   -0.000000e+00   -0.000000e+00   2.396550e+02   1.300654e-05   8.949130e+00
3.270000e+01   -5.901658e-01   -0.000000e+00   -0.000000e+00   2.398767e+02   1.281155e-05   8.823115e+00
3.280000e+01   -1.191342e+00   -0.000000e+00   -0.000000e+00   2.400998e+02   1.261959e-05   8.699003e+00
3.290000e+01   -1.747481e+00   -0.000000e+00   -0.000000e+00   2.403248e+02   1.243061e-05   8.576763e+00
3.300000e+01   -2.224386e+00   -0.000000e+00   -0.000000e+00   2.405522e+02   1.224453e-05   8.456366e+00
3.310000e+01   -2.574937e+00   -0.000000e+00   -0.000000e+00   2.407823e+02   1.206128e-05   8.337781e+00
3.320000e+01   -2.751400e+00   -0.000000e+00   -0.000000e+00   2.410151e+02   1.188084e-05   8.220983e+00
3.330000e+01   -2.672058e+00   -0.000000e+00   -0.000000e+00   2.412507e+02   1.170315e-05   8.105946e+00
3.340000e+01   -2.330101e+00   -0.000000e+00   -0.000000e+00   2.414889e+02   1.152819e-05   7.992644e+00
3.350000e+01   -1.879421e+00   -0.000000e+00   -0.000000e+00   2.417297e+02   1.135591e-05   7.881053e+00
3.360000e+01   -1.477393e+00   -0.000000e+00   -0.000000e+00   2.419730e+02   1.118628e-05   7.771146e+00
3.370000e+01   -1.281390e+00   -0.000000e+00   -0.000000e+00   2.422189e+02   1.101927e-05   7.662898e+00
3.380000e+01   -1.395420e+00   -0.000000e+00   -0.000000e+00   2.424672e+02   1.085483e-05   7.556285e+00
3.390000e+01   -1.720653e+00   -0.000000e+00   -0.000000e+00   2.427180e+02   1.069292e-05   7.451279e+00
3.400000e+01   -2.156305e+00   -0.000000e+00   -0.000000e+00   2.429711e+02   1.053352e-05   7.347857e+00
3.410000e+01   -2.604217e+00   -0.000000e+00   -0.000000e+00   2.432266e+02   1.037658e-05   7.245992e+00
3.420000e+01   -2.966229e+00   -0.000000e+00   -0.000000e+00   2.434843e+02   1.022207e-05   7.145659e+00
3.430000e+01   -3.208759e+00   -0.000000e+00   -0.000000e+00   2.437443e+02   1.006995e-05   7.046833e+00
3.440000e+01   -3.440152e+00   -0.000000e+00   -0.000000e+00   2.440065e+02   9.920169e-06   6.949488e+00
3.450000e+01   -3.648678e+00   -0.000000e+00   -0.000000e+00   2.442708e+02   9.772704e-06   6.853599e+00
3.460000e+01   -3.815311e+00   -0.000000e+00   -0.000000e+00   2.445374e+02   9.627510e-06   6.759143e+00
3.470000e+01   -3.921219e+00   -0.000000e+00   -0.000000e+00   2.448064e+02   9.484549e-06   6.666100e+00
3.480000e+01   -3.923672e+00   -0.000000e+00   -0.000000e+00   2.450780e+02   9.343779e-06   6.574448e+00
3.490000e+01   -3.765667e+00   -0.000000e+00   -0.000000e+00   2.453525e+02   9.205162e-06   6.484167e+00
3.500000e+01   -3.487572e+00   -0.000000e+00   -0.000000e+00   2.456299e+02   9.068659e-06   6.395236e+00
3.510000e+01   -3.135114e+00   -0.000000e+00   -0.000000e+00   2.459104e+02   8.934231e-06   6.307634e+00
3.520000e+01   -2.754018e+00   -0.000000e+00   -0.000000e+00   2.461943e+02   8.801840e-06   6.221340e+00
3.530000e+01   -2.306432e+00   -0.000000e+00   -0.000000e+00   2.464818e+02   8.671449e-06   6.136333e+00
3.540000e+01   -1.622635e+00   -0.000000e+00   -0.000000e+00   2.467729e+02   8.543021e-06   6.052592e+00
3.550000e+01   -8.465742e-01   -0.000000e+00   -0.000000e+00   2.470680e+02   8.416519e-06   5.970096e+00
3.560000e+01   -1.453374e-01   -0.000000e+00   -0.000000e+00   2.473671e+02   8.291906e-06   5.888825e+00
3.570000e+01   3.139866e-01   -0.000000e+00   -0.000000e+00   2.476705e+02   8.169146e-06   5.808758e+00
3.580000e+01   4.626735e-01   -0.000000e+00   -0.000000e+00   2.479783e+02   8.048203e-06   5.729873e+00
3.590000e+01   5.652407e-01   -0.000000e+00   -0.000000e+00   2.482908e+02   7.929043e-06   5.652150e+00
3.600000e+01   6.469081e-01   -0.000000e+00   -0.000000e+00   2.486080e+02   7.811631e-06   5.575569e+00
3.610000e+01   7.033796e-01   -0.000000e+00   -0.000000e+00   2.489299e+02   7.695944e-06   5.500111e+00
3.620000e+01   7.302524e-01   -0.000000e+00   -0.000000e+00   2.492564e+02   7.581967e-06   5.425760e+00
3.630000e+01   4.824454e-01   -0.000000e+00   -0.000000e+00   2.495872e+02   7.469682e-06   5.352501e+00
3.640000e+01   -7.786689e-01   -0.000000e+00   -0.000000e+00   2.499221e+02   7.359071e-06   5.280318e+00
3.650000e+01   -2.582223e+00   -0.000000e+00   -0.000000e+00   2.502610e+02   7.250118e-06   5.209195e+00
3.660000e+01   -4.334429e+00   -0.000000e+00   -0.000000e+00   2.506036e+02   7.142802e-06   5.139115e+00
3.670000e+01   -5.441501e+00   -0.000000e+00   -0.000000e+00   2.509498e+02   7.037106e-06   5.070062e+00
3.680000e+01   -5.361205e+00   -0.000000e+00   -0.000000e+00   2.512994e+02   6.933010e-06   5.002022e+00
3.690000e+01   -4.208163e+00   -0.000000e+00   -0.000000e+00   2.516521e+02   6.830496e-06   4.934977e+00
3.700000e+01   -2.529373e+00   -0.000000e+00   -0.000000e+00   2.520078e+02   6.729543e-06   4.868911e+00
3.710000e+01   -8.775639e-01   -0.000000e+00   -0.000000e+00   2.523663e+02   6.630131e-06   4.803810e+00
3.720000e+01   1.945330e-01   -0.000000e+00   -0.000000e+00   2.527274e+02   6.532241e-06   4.739655e+00
3.730000e+01   2.446267e-01   -0.000000e+00   -0.000000e+00   2.530908e+02   6.435850e-06   4.676433e+00
3.740000e+01   -3.720290e-01   -0.000000e+00   -0.000000e+00   2.534565e+02   6.340939e-06   4.614126e+00
3.750000e+01   -1.320748e+00   -0.000000e+00   -0.000000e+00   2.538243e+02   6.247487e-06   4.552719e+00
3.760000e+01   -2.321141e+00   -0.000000e+00   -0.000000e+00   2.541937e+02   6.155475e-06   4.492196e+00
3.770000e+01   -3.092771e+00   -0.000000e+00   -0.000000e+00   2.545643e+02   6.064895e-06   4.432545e+00
3.780000e+01   -3.427474e+00   -0.000000e+00   -0.000000e+00   2.549355e+02   5.975739e-06   4.373754e+00
3.790000e+01   -3.602672e+00   -0.000000e+00   -0.000000e+00   2.553067e+02   5.887999e-06   4.315810e+00
3.800000e+01   -3.727519e+00   -0.000000e+00   -0.000000e+00   2.556773e+02   5.801664e-06   4.258700e+00
3.810000e+01   -3.852683e+00   -0.000000e+00   -0.000000e+00   2.560466e+02   5.716725e-06   4.202413e+00
3.820000e+01   -4.028831e+00   -0.000000e+00   -0.000000e+00   2.564142e+02   5.633171e-06   4.146936e+00
3.830000e+01   -4.356375e+00   -0.000000e+00   -0.000000e+00   2.567793e+02   5.550989e-06   4.092256e+00
3.840000e+01   -5.111718e+00   -0.000000e+00   -0.000000e+00   2.571415e+02   5.470168e-06   4.038362e+00
3.850000e+01   -6.101289e+00   -0.000000e+00   -0.000000e+00   2.575001e+02   5.390695e-06   3.985240e+00
3.860000e+01   -7.051158e+00   -0.000000e+00   -0.000000e+00   2.578545e+02   5.312557e-06   3.932879e+00
3.870000e+01   -7.687396e+00   -0.000000e+00   -0.000000e+00   2.582041e+02   5.235739e-06   3.881266e+00
3.880000e+01   -7.801790e+00   -0.000000e+00   -0.000000e+00   2.585483e+02   5.160227e-06   3.830389e+00
3.890000e+01   -7.740908e+00   -0.000000e+00   -0.000000e+00   2.588866e+02   5.086007e-06   3.780235e+00
3.900000e+01   -7.615893e+00   -0.000000e+00   -0.000000e+00   2.592183e+02   5.013063e-06   3.730793e+00
3.910000e+01   -7.440925e+00   -0.000000e+00   -0.000000e+00   2.595428e+02   4.941379e-06   3.682049e+00
3.920000e+01   -7.230158e+00   -0.000000e+00   -0.000000e+00   2.598598e+02   4.870938e-06   3.633992e+00
3.930000e+01   -6.972478e+00   -0.000000e+00   -0.000000e+00   2.601692e+02   4.801712e-06   3.586611e+00
3.940000e+01   -6.477183e+00   -0.000000e+00   -0.000000e+00   2.604715e+02   4.733671e-06   3.539897e+00
3.950000e+01   -5.781109e+00   -0.000000e+00   -0.000000e+00   2.607671e+02   4.666787e-06   3.493841e+00
3.960000e+01   -4.982646e+00   -0.000000e+00   -0.000000e+00   2.610564e+02   4.601031e-06   3.448433e+00
3.970000e+01   -4.180184e+00   -0.000000e+00   -0.000000e+00   2.613397e+02   4.536375e-06   3.403664e+00
3.980000e+01   -3.451253e+00   -0.000000e+00   -0.000000e+00   2.616175e+02   4.472792e-06   3.359524e+00
3.990000e+01   -2.662817e+00   -0.000000e+00   -0.000000e+00   2.618900e+02   4.410255e-06   3.316004e+00
4.000000e+01   -1.838404e+00   -0.000000e+00   -0.000000e+00   2.621578e+02   4.348739e-06   3.273093e+00
4.010000e+01   -1.062872e+00   -0.000000e+00   -0.000000e+00   2.624211e+02   4.288218e-06   3.230784e+00
4.020000e+01   -4.210796e-01   -0.000000e+00   -0.000000e+00   2.626803e+02   4.228667e-06   3.189066e+00
4.030000e+01   1.848945e-02   -0.000000e+00   -0.000000e+00   2.629360e+02   4.170063e-06   3.147929e+00
4.040000e+01   3.968240e-01   -0.000000e+00   -0.000000e+00   2.631883e+02   4.112382e-06   3.107365e+00
4.050000e+01   7.351834e-01   -0.000000e+00   -0.000000e+00   2.634377e+02   4.055599e-06   3.067364e+00
4.060000e+01   9.925856e-01   -0.000000e+00   -0.000000e+00   2.636846e+02   3.999694e-06   3.027917e+00
4.070000e+01   1.128049e+00   -0.000000e+00   -0.000000e+00   2.639294e+02   3.944642e-06   2.989013e+00
4.080000e+01   1.104142e+00   -0.000000e+00   -0.000000e+00   2.641725e+02   3.890424e-06   2.950644e+00
4.090000e+01   9.525320e-01   -0.000000e+00   -0.000000e+00   2.644140e+02   3.837017e-06   2.912800e+00
4.100000e+01   7.058436e-01   -0.000000e+00   -0.000000e+00   2.646542e+02   3.784411e-06   2.875474e+00
4.110000e+01   3.822261e-01   -0.000000e+00   -0.000000e+00   2.648928e+02   3.732593e-06   2.838659e+00
4.120000e+01   -1.711846e-04   -0.000000e+00   -0.000000e+00   2.651298e+02   3.681553e-06   2.802347e+00
4.130000e+01   -4.420558e-01   -0.000000e+00   -0.000000e+00   2.653650e+02   3.631281e-06   2.766533e+00
4.140000e+01   -1.251496e+00   -0.000000e+00   -0.000000e+00   2.655984e+02   3.581764e-06   2.731209e+00
4.150000e+01   -2.407690e+00   -0.000000e+00   -0.000000e+00   2.658299e+02   3.532993e-06   2.696367e+00
4.160000e+01   -3.732930e+00   -0.000000e+00   -0.000000e+00   2.660594e+02   3.484957e-06   2.662002e+00
4.170000e+01   -5.049507e+00   -0.000000e+00   -0.000000e+00   2.662867e+02   3.437645e-06   2.628105e+00
4.180000e+01   -6.197400e+00   -0.000000e+00   -0.000000e+00   2.665117e+02   3.391045e-06   2.594671e+00
4.190000e+01   -7.431705e+00   -0.000000e+00   -0.000000e+00   2.667345e+02   3.345148e-06   2.561691e+00
4.200000e+01   -8.736366e+00   -0.000000e+00   -0.000000e+00   2.669548e+02   3.299941e-06   2.529160e+00
4.210000e+01   -9.901228e+00   -0.000000e+00   -0.000000e+00   2.671726e+02   3.255415e-06   2.497070e+00
4.220000e+01   -1.071613e+01   -0.000000e+00   -0.000000e+00   2.673877e+02   3.211559e-06   2.465413e+00
4.230000e+01   -1.097365e+01   -0.000000e+00   -0.000000e+00   2.676002e+02   3.168361e-06   2.434184e+00
4.240000e+01   -1.064033e+01   -0.000000e+00   -0.000000e+00   2.678098e+02   3.125811e-06   2.403375e+00
4.250000e+01   -9.873508e+00   -0.000000e+00   -0.000000e+00   2.680165e+02   3.083898e-06   2.372979e+00
4.260000e+01   -8.825693e+00   -0.000000e+00   -0.000000e+00   2.682201e+02   3.042612e-06   2.342989e+00
4.270000e+01   -7.649510e+00   -0.000000e+00   -0.000000e+00   2.684207e+02   3.001941e-06   2.313399e+00
4.280000e+01   -6.482010e+00   -0.000000e+00   -0.000000e+00   2.686184e+02   2.961875e-06   2.284204e+00
4.290000e+01   -4.827746e+00   -0.000000e+00   -0.000000e+00   2.688131e+02   2.922404e-06   2.255397e+00
4.300000e+01   -2.741175e+00   -0.000000e+00   -0.000000e+00   2.690051e+02   2.883517e-06   2.226975e+00
4.310000e+01   -7.088437e-01   -0.000000e+00   -0.000000e+00   2.691943e+02   2.845204e-06   2.198931e+00
4.320000e+01   7.827047e-01   -0.000000e+00   -0.000000e+00   2.693809e+02   2.807455e-06   2.171261e+00
4.330000e+01   1.257248e+00   -0.000000e+00   -0.000000e+00   2.695649e+02   2.770260e-06   2.143958e+00
4.340000e+01   1.074420e+00   -0.000000e+00   -0.000000e+00   2.697465e+02   2.733610e-06   2.117019e+00
4.350000e+01   7.204875e-01   -0.000000e+00   -0.000000e+00   2.699257e+02   2.697494e-06   2.090437e+00
4.360000e+01   3.223831e-01   -0.000000e+00   -0.000000e+00   2.701027e+02   2.661903e-06   2.064208e+00
4.370000e+01   7.038821e-03   -0.000000e+00   -0.000000e+00   2.702774e+02   2.626827e-06   2.038326e+00
4.380000e+01   -9.722474e-02   -0.000000e+00   -0.000000e+00   2.704500e+02   2.592257e-06   2.012785e+00
4.390000e+01   2.259759e-01   -0.000000e+00   -0.000000e+00   2.706206e+02   2.558183e-06   1.987581e+00
4.400000e+01   8.968565e-01   -0.000000e+00   -0.000000e+00   2.707892e+02   2.524597e-06   1.962708e+00
4.410000e+01   1.673327e+00   -0.000000e+00   -0.000000e+00   2.709560e+02   2.491488e-06   1.938162e+00
4.420000e+01   2.313298e+00   -0.000000e+00   -0.000000e+00   2.711211e+02   2.458849e-06   1.913936e+00
4.430000e+01   2.574460e+00   -0.000000e+00   -0.000000e+00   2.712844e+02   2.426669e-06   1.890026e+00
4.440000e+01   2.240022e+00   -0.000000e+00   -0.000000e+00   2.714461e+02   2.394940e-06   1.866426e+00
4.450000e+01   1.388971e+00   -0.000000e+00   -0.000000e+00   2.716063e+02   2.363654e-06   1.843131e+00
4.460000e+01   2.047743e-01   -0.000000e+00   -0.000000e+00   2.717648e+02   2.332805e-06   1.820137e+00
4.470000e+01   -1.129178e+00   -0.000000e+00   -0.000000e+00   2.719215e+02   2.302389e-06   1.797441e+00
4.480000e+01   -2.430169e+00   -0.000000e+00   -0.000000e+00   2.720763e+02   2.272399e-06   1.775038e+00
4.490000e+01   -4.103250e+00   -0.000000e+00   -0.000000e+00   2.722289e+02   2.242832e-06   1.752925e+00
4.500000e+01   -6.263092e+00   -0.000000e+00   -0.000000e+00   2.723792e+02   2.213682e-06   1.731097e+00
4.510000e+01   -8.408714e+00   -0.000000e+00   -0.000000e+00   2.725271e+02   2.184943e-06   1.709552e+00
4.520000e+01   -1.003913e+01   -0.000000e+00   -0.000000e+00   2.726725e+02   2.156611e-06   1.688284e+00
4.530000e+01   -1.065337e+01   -0.000000e+00   -0.000000e+00   2.728151e+02   2.128680e-06   1.667290e+00
4.540000e+01   -1.005844e+01   -0.000000e+00   -0.000000e+00   2.729549e+02   2.101145e-06   1.646567e+00
4.550000e+01   -8.721800e+00   -0.000000e+00   -0.000000e+00   2.730917e+02   2.074001e-06   1.626110e+00
4.560000e+01   -7.133078e+00   -0.000000e+00   -0.000000e+00   2.732254e+02   2.047242e-06   1.605915e+00
4.570000e+01   -5.781915e+00   -0.000000e+00   -0.000000e+00   2.733557e+02   2.020864e-06   1.585979e+00
4.580000e+01   -5.157949e+00   -0.000000e+00   -0.000000e+00   2.734826e+02   1.994860e-06   1.566298e+00
4.590000e+01   -5.206595e+00   -0.000000e+00   -0.000000e+00   2.736059e+02   1.969225e-06   1.546868e+00
4.600000e+01   -5.416498e+00   -0.000000e+00   -0.000000e+00   2.737255e+02   1.943955e-06   1.527684e+00
4.610000e+01   -5.685633e+00   -0.000000e+00   -0.000000e+00   2.738411e+02   1.919043e-06   1.508744e+00
4.620000e+01   -5.912514e+00   -0.000000e+00   -0.000000e+00   2.739527e+02   1.894484e-06   1.490043e+00
4.630000e+01   -5.995652e+00   -0.000000e+00   -0.000000e+00   2.740602e+02   1.870273e-06   1.471578e+00
4.640000e+01   -5.908002e+00   -0.000000e+00   -0.000000e+00   2.741633e+02   1.846404e-06   1.453344e+00
4.650000e+01   -5.723825e+00   -0.000000e+00   -0.000000e+00   2.742621e+02   1.822873e-06   1.435339e+00
4.660000e+01   -5.469733e+00   -0.000000e+00   -0.000000e+00   2.743567e+02   1.799674e-06   1.417561e+00
4.670000e+01   -5.172049e+00   -0.000000e+00   -0.000000e+00   2.744469e+02   1.776803e-06   1.400006e+00
4.680000e+01   -4.857100e+00   -0.000000e+00   -0.000000e+00   2.745329e+02   1.754254e-06   1.382672e+00
4.690000e+01   -4.470500e+00   -0.000000e+00   -0.000000e+00   2.746146e+02   1.732023e-06   1.365556e+00
4.700000e+01   -3.941907e+00   -0.000000e+00   -0.000000e+00   2.746920e+02   1.710105e-06   1.348656e+00
4.710000e+01   -3.331345e+00   -0.000000e+00   -0.000000e+00   2.747652e+02   1.688495e-06   1.331968e+00
4.720000e+01   -2.699891e+00   -0.000000e+00   -0.000000e+00   2.748341e+02   1.667188e-06   1.315490e+00
4.730000e+01   -2.108624e+00   -0.000000e+00   -0.000000e+00   2.748987e+02   1.646180e-06   1.299219e+00
4.740000e+01   -1.506821e+00   -0.000000e+00   -0.000000e+00   2.749591e+02   1.625466e-06   1.283152e+00
4.750000e+01   -8.112115e-01   -0.000000e+00   -0.000000e+00   2.750152e+02   1.605041e-06   1.267287e+00
4.760000e+01   -1.470187e-01   -0.000000e+00   -0.000000e+00   2.750671e+02   1.584901e-06   1.251622e+00
4.770000e+01   3.576918e-01   -0.000000e+00   -0.000000e+00   2.751148e+02   1.565041e-06   1.236152e+00
4.780000e+01   5.748540e-01   -0.000000e+00   -0.000000e+00   2.751582e+02   1.545456e-06   1.220876e+00
4.790000e+01   3.121673e-01   -0.000000e+00   -0.000000e+00   2.751974e+02   1.526143e-06   1.205790e+00
4.800000e+01   -4.768480e-01   -0.000000e+00   -0.000000e+00   2.752324e+02   1.507096e-06   1.190893e+00
4.810000e+01   -1.567850e+00   -0.000000e+00   -0.000000e+00   2.752632e+02   1.488311e-06   1.176181e+00
4.820000e+01   -2.732277e+00   -0.000000e+00   -0.000000e+00   2.752897e+02   1.469784e-06   1.161651e+00
4.830000e+01   -3.741492e+00   -0.000000e+00   -0.000000e+00   2.753121e+02   1.451510e-06   1.147302e+00
4.840000e+01   -4.474354e+00   -0.000000e+00   -0.000000e+00   2.753303e+02   1.433485e-06   1.133130e+00
4.850000e+01   -5.094240e+00   -0.000000e+00   -0.000000e+00   2.753445e+02   1.415706e-06   1.119133e+00
4.860000e+01   -5.691421e+00   -0.000000e+00   -0.000000e+00   2.753546e+02   1.398168e-06   1.105310e+00
4.870000e+01   -6.351523e+00   -0.000000e+00   -0.000000e+00   2.753608e+02   1.380869e-06   1.091659e+00
4.880000e+01   -7.160170e+00   -0.000000e+00   -0.000000e+00   2.753631e+02   1.363803e-06   1.078176e+00
4.890000e+01   -8.390109e+00   -0.000000e+00   -0.000000e+00   2.753617e+02   1.346968e-06   1.064862e+00
4.900000e+01   -1.028230e+01   -0.000000e+00   -0.000000e+00   2.753565e+02   1.330360e-06   1.051712e+00
4.910000e+01   -1.241219e+01   -0.000000e+00   -0.000000e+00   2.753476e+02   1.313975e-06   1.038726e+00
4.920000e+01   -1.433307e+01   -0.000000e+00   -0.000000e+00   2.753352e+02   1.297810e-06   1.025900e+00
4.930000e+01   -1.559822e+01   -0.000000e+00   -0.000000e+00   2.753193e+02   1.281860e-06   1.013234e+00
4.940000e+01   -1.610609e+01   -0.000000e+00   -0.000000e+00   2.752998e+02   1.266124e-06   1.000724e+00
4.950000e+01   -1.652017e+01   -0.000000e+00   -0.000000e+00   2.752771e+02   1.250596e-06   9.883699e-01
4.960000e+01   -1.686819e+01   -0.000000e+00   -0.000000e+00   2.752510e+02   1.235274e-06   9.761682e-01
4.970000e+01   -1.713741e+01   -0.000000e+00   -0.000000e+00   2.752216e+02   1.220155e-06   9.641172e-01
4.980000e+01   -1.731507e+01   -0.000000e+00   -0.000000e+00   2.751891e+02   1.205234e-06   9.522149e-01
4.990000e+01   -1.707396e+01   -0.000000e+00   -0.000000e+00   2.751535e+02   1.190509e-06   9.404591e-01
5.000000e+01   -1.573561e+01   -0.000000e+00   -0.000000e+00   2.751149e+02   1.175975e-06   9.288479e-01
5.010000e+01   -1.373177e+01   -0.000000e+00   -0.000000e+00   2.750732e+02   1.161631e-06   9.173791e-01
5.020000e+01   -1.155961e+01   -0.000000e+00   -0.000000e+00   2.750287e+02   1.147472e-06   9.060506e-01
5.030000e+01   -9.716526e+00   -0.000000e+00   -0.000000e+00   2.749813e+02   1.133496e-06   8.948606e-01
5.040000e+01   -8.439977e+00   -0.000000e+00   -0.000000e+00   2.749308e+02   1.119700e-06   8.838074e-01
5.050000e+01   -7.203067e+00   -0.000000e+00   -0.000000e+00   2.748771e+02   1.106084e-06   8.728893e-01
5.060000e+01   -6.060840e+00   -0.000000e+00   -0.000000e+00   2.748198e+02   1.092646e-06   8.621047e-01
5.070000e+01   -5.126347e+00   -0.000000e+00   -0.000000e+00   2.747588e+02   1.079385e-06   8.514522e-01
5.080000e+01   -4.512638e+00   -0.000000e+00   -0.000000e+00   2.746938e+02   1.066298e-06   8.409300e-01
5.090000e+01   -4.238690e+00   -0.000000e+00   -0.000000e+00   2.746247e+02   1.053384e-06   8.305366e-01
5.100000e+01   -4.029822e+00   -0.000000e+00   -0.000000e+00   2.745513e+02   1.040642e-06   8.202704e-01
5.110000e+01   -3.870215e+00   -0.000000e+00   -0.000000e+00   2.744732e+02   1.028069e-06   8.101297e-01
5.120000e+01   -3.773351e+00   -0.000000e+00   -0.000000e+00   2.743903e+02   1.015665e-06   8.001131e-01
5.130000e+01   -3.752710e+00   -0.000000e+00   -0.000000e+00   2.743024e+02   1.003426e-06   7.902188e-01
5.140000e+01   -3.904115e+00   -0.000000e+00   -0.000000e+00   2.742092e+02   9.913526e-07   7.804454e-01
5.150000e+01   -4.481252e+00   -0.000000e+00   -0.000000e+00   2.741106e+02   9.794417e-07   7.707912e-01
5.160000e+01   -5.309915e+00   -0.000000e+00   -0.000000e+00   2.740063e+02   9.676918e-07   7.612546e-01
5.170000e+01   -6.173157e+00   -0.000000e+00   -0.000000e+00   2.738960e+02   9.561011e-07   7.518339e-01
5.180000e+01   -6.854030e+00   -0.000000e+00   -0.000000e+00   2.737797e+02   9.446677e-07   7.425278e-01
5.190000e+01   -7.204640e+00   -0.000000e+00   -0.000000e+00   2.736571e+02   9.333897e-07   7.333344e-01
5.200000e+01   -7.436759e+00   -0.000000e+00   -0.000000e+00   2.735279e+02   9.222654e-07   7.242523e-01
5.210000e+01   -7.629710e+00   -0.000000e+00   -0.000000e+00   2.733919e+02   9.112927e-07   7.152798e-01
5.220000e+01   -7.830704e+00   -0.000000e+00   -0.000000e+00   2.732490e+02   9.004699e-07   7.064153e-01
5.230000e+01   -8.086888e+00   -0.000000e+00   -0.000000e+00   2.730989e+02   8.897949e-07   6.976573e-01
5.240000e+01   -8.513645e+00   -0.000000e+00   -0.000000e+00   2.729416e+02   8.792653e-07   6.890044e-01
5.250000e+01   -9.388991e+00   -0.000000e+00   -0.000000e+00   2.727772e+02   8.688787e-07   6.804553e-01
5.260000e+01   -1.049345e+01   -0.000000e+00   -0.000000e+00   2.726058e+02   8.586328e-07   6.720087e-01
5.270000e+01   -1.154309e+01   -0.000000e+00   -0.000000e+00   2.724273e+02   8.485251e-07   6.636632e-01
5.280000e+01   -1.225396e+01   -0.000000e+00   -0.000000e+00   2.722419e+02   8.385533e-07   6.554175e-01
5.290000e+01   -1.239809e+01   -0.000000e+00   -0.000000e+00   2.720496e+02   8.287151e-07   6.472703e-01
5.300000e+01   -1.217235e+01   -0.000000e+00   -0.000000e+00   2.718504e+02   8.190080e-07   6.392203e-01
5.310000e+01   -1.171926e+01   -0.000000e+00   -0.000000e+00   2.716445e+02   8.094299e-07   6.312661e-01
5.320000e+01   -1.114148e+01   -0.000000e+00   -0.000000e+00   2.714318e+02   7.999785e-07   6.234065e-01
5.330000e+01   -1.054164e+01   -0.000000e+00   -0.000000e+00   2.712123e+02   7.906515e-07   6.156400e-01
5.340000e+01   -9.963167e+00   -0.000000e+00   -0.000000e+00   2.709862e+02   7.814466e-07   6.079655e-01
5.350000e+01   -9.143773e+00   -0.000000e+00   -0.000000e+00   2.707536e+02   7.723617e-07   6.003815e-01
5.360000e+01   -8.221783e+00   -0.000000e+00   -0.000000e+00   2.705143e+02   7.633946e-07   5.928867e-01
5.370000e+01   -7.418529e+00   -0.000000e+00   -0.000000e+00   2.702686e+02   7.545430e-07   5.854799e-01
5.380000e+01   -6.955344e+00   -0.000000e+00   -0.000000e+00   2.700165e+02   7.458047e-07   5.781596e-01
5.390000e+01   -7.058477e+00   -0.000000e+00   -0.000000e+00   2.697579e+02   7.371778e-07   5.709246e-01
5.400000e+01   -7.801646e+00   -0.000000e+00   -0.000000e+00   2.694930e+02   7.286599e-07   5.637736e-01
5.410000e+01   -8.898692e+00   -0.000000e+00   -0.000000e+00   2.692218e+02   7.202490e-07   5.567051e-01
5.420000e+01   -1.002588e+01   -0.000000e+00   -0.000000e+00   2.689444e+02   7.119429e-07   5.497180e-01
5.430000e+01   -1.085947e+01   -0.000000e+00   -0.000000e+00   2.686607e+02   7.037396e-07   5.428109e-01
5.440000e+01   -1.099847e+01   -0.000000e+00   -0.000000e+00   2.683713e+02   6.956365e-07   5.359827e-01
5.450000e+01   -9.736517e+00   -0.000000e+00   -0.000000e+00   2.680767e+02   6.876307e-07   5.292327e-01
5.460000e+01   -7.529829e+00   -0.000000e+00   -0.000000e+00   2.677776e+02   6.797195e-07   5.225601e-01
5.470000e+01   -5.069150e+00   -0.000000e+00   -0.000000e+00   2.674746e+02   6.719000e-07   5.159642e-01
5.480000e+01   -3.045227e+00   -0.000000e+00   -0.000000e+00   2.671685e+02   6.641698e-07   5.094443e-01
5.490000e+01   -2.039641e+00   -0.000000e+00   -0.000000e+00   2.668598e+02   6.565260e-07   5.029995e-01
5.500000e+01   -1.358769e+00   -0.000000e+00   -0.000000e+00   2.665493e+02   6.489664e-07   4.966290e-01
5.510000e+01   -7.822291e-01   -0.000000e+00   -0.000000e+00   2.662376e+02   6.414883e-07   4.903323e-01
5.520000e+01   -3.733843e-01   -0.000000e+00   -0.000000e+00   2.659253e+02   6.340895e-07   4.841084e-01
5.530000e+01   -1.955974e-01   -0.000000e+00   -0.000000e+00   2.656132e+02   6.267675e-07   4.779566e-01
5.540000e+01   -2.934253e-01   -0.000000e+00   -0.000000e+00   2.653019e+02   6.195202e-07   4.718763e-01
5.550000e+01   -4.663879e-01   -0.000000e+00   -0.000000e+00   2.649920e+02   6.123453e-07   4.658665e-01
5.560000e+01   -6.421080e-01   -0.000000e+00   -0.000000e+00   2.646842e+02   6.052407e-07   4.599266e-01
5.570000e+01   -8.185908e-01   -0.000000e+00   -0.000000e+00   2.643792e+02   5.982044e-07   4.540558e-01
5.580000e+01   -9.938415e-01   -0.000000e+00   -0.000000e+00   2.640776e+02   5.912343e-07   4.482534e-01
5.590000e+01   -1.162023e+00   -0.000000e+00   -0.000000e+00   2.637802e+02   5.843284e-07   4.425185e-01
5.600000e+01   -1.271531e+00   -0.000000e+00   -0.000000e+00   2.634875e+02   5.774848e-07   4.368505e-01
5.610000e+01   -1.335329e+00   -0.000000e+00   -0.000000e+00   2.632002e+02   5.707017e-07   4.312486e-01
5.620000e+01   -1.390491e+00   -0.000000e+00   -0.000000e+00   2.629190e+02   5.639773e-07   4.257120e-01
5.630000e+01   -1.474090e+00   -0.000000e+00   -0.000000e+00   2.626445e+02   5.573097e-07   4.202399e-01
5.640000e+01   -1.678203e+00   -0.000000e+00   -0.000000e+00   2.623771e+02   5.506983e-07   4.148317e-01
5.650000e+01   -2.942975e+00   -0.000000e+00   -0.000000e+00   2.621155e+02   5.441451e-07   4.094867e-01
5.660000e+01   -5.134092e+00   -0.000000e+00   -0.000000e+00   2.618584e+02   5.376529e-07   4.042042e-01
5.670000e+01   -7.643671e+00   -0.000000e+00   -0.000000e+00   2.616042e+02   5.312244e-07   3.989837e-01
5.680000e+01   -9.863829e+00   -0.000000e+00   -0.000000e+00   2.613516e+02   5.248620e-07   3.938245e-01
5.690000e+01   -1.122485e+01   -0.000000e+00   -0.000000e+00   2.610991e+02   5.185681e-07   3.887260e-01
5.700000e+01   -1.220811e+01   -0.000000e+00   -0.000000e+00   2.608452e+02   5.123449e-07   3.836875e-01
5.710000e+01   -1.310685e+01   -0.000000e+00   -0.000000e+00   2.605885e+02   5.061946e-07   3.787086e-01
5.720000e+01   -1.385543e+01   -0.000000e+00   -0.000000e+00   2.603275e+02   5.001190e-07   3.737884e-01
5.730000e+01   -1.438817e+01   -0.000000e+00   -0.000000e+00   2.600608e+02   4.941200e-07   3.689264e-01
5.740000e+01   -1.463722e+01   -0.000000e+00   -0.000000e+00   2.597870e+02   4.881994e-07   3.641220e-01
5.750000e+01   -1.452411e+01   -0.000000e+00   -0.000000e+00   2.595045e+02   4.823587e-07   3.593746e-01
5.760000e+01   -1.416961e+01   -0.000000e+00   -0.000000e+00   2.592119e+02   4.765996e-07   3.546835e-01
5.770000e+01   -1.375599e+01   -0.000000e+00   -0.000000e+00   2.589078e+02   4.709233e-07   3.500481e-01
5.780000e+01   -1.346554e+01   -0.000000e+00   -0.000000e+00   2.585908e+02   4.653312e-07   3.454678e-01
5.790000e+01   -1.348620e+01   -0.000000e+00   -0.000000e+00   2.582593e+02   4.598245e-07   3.409419e-01
5.800000e+01   -1.413846e+01   -0.000000e+00   -0.000000e+00   2.579120e+02   4.544043e-07   3.364699e-01
5.810000e+01   -1.526997e+01   -0.000000e+00   -0.000000e+00   2.575473e+02   4.490716e-07   3.320511e-01
5.820000e+01   -1.652458e+01   -0.000000e+00   -0.000000e+00   2.571638e+02   4.438274e-07   3.276849e-01
5.830000e+01   -1.754613e+01   -0.000000e+00   -0.000000e+00   2.567602e+02   4.386727e-07   3.233706e-01
5.840000e+01   -1.798440e+01   -0.000000e+00   -0.000000e+00   2.563349e+02   4.336079e-07   3.191077e-01
5.850000e+01   -1.797916e+01   -0.000000e+00   -0.000000e+00   2.558886e+02   4.286306e-07   3.148956e-01
5.860000e+01   -1.777099e+01   -0.000000e+00   -0.000000e+00   2.554230e+02   4.237367e-07   3.107337e-01
5.870000e+01   -1.739899e+01   -0.000000e+00   -0.000000e+00   2.549397e+02   4.189216e-07   3.066215e-01
5.880000e+01   -1.690227e+01   -0.000000e+00   -0.000000e+00   2.544405e+02   4.141814e-07   3.025584e-01
5.890000e+01   -1.631120e+01   -0.000000e+00   -0.000000e+00   2.539272e+02   4.095120e-07   2.985439e-01
5.900000e+01   -1.478487e+01   -0.000000e+00   -0.000000e+00   2.534015e+02   4.049095e-07   2.945775e-01
5.910000e+01   -1.229697e+01   -0.000000e+00   -0.000000e+00   2.528652e+02   4.003702e-07   2.906586e-01
5.920000e+01   -9.627981e+00   -0.000000e+00   -0.000000e+00   2.523200e+02   3.958904e-07   2.867866e-01
5.930000e+01   -7.558406e+00   -0.000000e+00   -0.000000e+00   2.517676e+02   3.914665e-07   2.829611e-01
5.940000e+01   -6.865357e+00   -0.000000e+00   -0.000000e+00   2.512098e+02   3.870951e-07   2.791815e-01
5.950000e+01   -7.298707e+00   -0.000000e+00   -0.000000e+00   2.506484e+02   3.827728e-07   2.754472e-01
5.960000e+01   -8.184138e+00   -0.000000e+00   -0.000000e+00   2.500851e+02   3.784964e-07   2.717578e-01
5.970000e+01   -9.374921e+00   -0.000000e+00   -0.000000e+00   2.495216e+02   3.742627e-07   2.681125e-01
5.980000e+01   -1.072433e+01   -0.000000e+00   -0.000000e+00   2.489597e+02   3.700687e-07   2.645111e-01
5.990000e+01   -1.208636e+01   -0.000000e+00   -0.000000e+00   2.484012e+02   3.659113e-07   2.609527e-01
6.000000e+01   -1.393896e+01   -0.000000e+00   -0.000000e+00   2.478477e+02   3.617877e-07   2.574371e-01
6.010000e+01   -1.639186e+01   -0.000000e+00   -0.000000e+00   2.473011e+02   3.576950e-07   2.539635e-01
6.020000e+01   -1.887404e+01   -0.000000e+00   -0.000000e+00   2.467630e+02   3.536306e-07   2.505314e-01
6.030000e+01   -2.081449e+01   -0.000000e+00   -0.000000e+00   2.462352e+02   3.495918e-07   2.471404e-01
6.040000e+01   -2.164219e+01   -0.000000e+00   -0.000000e+00   2.457195e+02   3.455760e-07   2.437898e-01
6.050000e+01   -2.113751e+01   -0.000000e+00   -0.000000e+00   2.452166e+02   3.415824e-07   2.404793e-01
6.060000e+01   -1.981794e+01   -0.000000e+00   -0.000000e+00   2.447255e+02   3.376123e-07   2.372083e-01
6.070000e+01   -1.821822e+01   -0.000000e+00   -0.000000e+00   2.442453e+02   3.336672e-07   2.339764e-01
6.080000e+01   -1.687309e+01   -0.000000e+00   -0.000000e+00   2.437751e+02   3.297485e-07   2.307834e-01
6.090000e+01   -1.631728e+01   -0.000000e+00   -0.000000e+00   2.433139e+02   3.258577e-07   2.276288e-01
6.100000e+01   -1.655250e+01   -0.000000e+00   -0.000000e+00   2.428606e+02   3.219960e-07   2.245122e-01
6.110000e+01   -1.705103e+01   -0.000000e+00   -0.000000e+00   2.424144e+02   3.181647e-07   2.214332e-01
6.120000e+01   -1.764082e+01   -0.000000e+00   -0.000000e+00   2.419741e+02   3.143651e-07   2.183914e-01
6.130000e+01   -1.815032e+01   -0.000000e+00   -0.000000e+00   2.415390e+02   3.105982e-07   2.153865e-01
6.140000e+01   -1.840801e+01   -0.000000e+00   -0.000000e+00   2.411079e+02   3.068652e-07   2.124180e-01
6.150000e+01   -1.838673e+01   -0.000000e+00   -0.000000e+00   2.406798e+02   3.031671e-07   2.094856e-01
6.160000e+01   -1.822660e+01   -0.000000e+00   -0.000000e+00   2.402539e+02   2.995048e-07   2.065888e-01
6.170000e+01   -1.795784e+01   -0.000000e+00   -0.000000e+00   2.398292e+02   2.958794e-07   2.037273e-01
6.180000e+01   -1.761005e+01   -0.000000e+00   -0.000000e+00   2.394046e+02   2.922916e-07   2.009006e-01
6.190000e+01   -1.721284e+01   -0.000000e+00   -0.000000e+00   2.389792e+02   2.887423e-07   1.981084e-01
6.200000e+01   -1.649085e+01   -0.000000e+00   -0.000000e+00   2.385520e+02   2.852323e-07   1.953503e-01
6.210000e+01   -1.524190e+01   -0.000000e+00   -0.000000e+00   2.381220e+02   2.817622e-07   1.926259e-01
6.220000e+01   -1.384442e+01   -0.000000e+00   -0.000000e+00   2.376883e+02   2.783328e-07   1.899348e-01
6.230000e+01   -1.268123e+01   -0.000000e+00   -0.000000e+00   2.372498e+02   2.749446e-07   1.872766e-01
6.240000e+01   -1.213511e+01   -0.000000e+00   -0.000000e+00   2.368056e+02   2.715983e-07   1.846509e-01
6.250000e+01   -1.215359e+01   -0.000000e+00   -0.000000e+00   2.363553e+02   2.682936e-07   1.820573e-01
6.260000e+01   -1.218381e+01   -0.000000e+00   -0.000000e+00   2.358993e+02   2.650297e-07   1.794955e-01
6.270000e+01   -1.221663e+01   -0.000000e+00   -0.000000e+00   2.354382e+02   2.618053e-07   1.769651e-01
6.280000e+01   -1.225210e+01   -0.000000e+00   -0.000000e+00   2.349724e+02   2.586193e-07   1.744657e-01
6.290000e+01   -1.229028e+01   -0.000000e+00   -0.000000e+00   2.345026e+02   2.554706e-07   1.719970e-01
6.300000e+01   -1.280858e+01   -0.000000e+00   -0.000000e+00   2.340293e+02   2.523581e-07   1.695586e-01
6.310000e+01   -1.439968e+01   -0.000000e+00   -0.000000e+00   2.335531e+02   2.492809e-07   1.671502e-01
6.320000e+01   -1.657501e+01   -0.000000e+00   -0.000000e+00   2.330744e+02   2.462378e-07   1.647713e-01
6.330000e+01   -1.882454e+01   -0.000000e+00   -0.000000e+00   2.325939e+02   2.432279e-07   1.624217e-01
6.340000e+01   -2.063826e+01   -0.000000e+00   -0.000000e+00   2.321120e+02   2.402502e-07   1.601009e-01
6.350000e+01   -2.192256e+01   -0.000000e+00   -0.000000e+00   2.316294e+02   2.373037e-07   1.578086e-01
6.360000e+01   -2.321588e+01   -0.000000e+00   -0.000000e+00   2.311466e+02   2.343876e-07   1.555444e-01
6.370000e+01   -2.438292e+01   -0.000000e+00   -0.000000e+00   2.306640e+02   2.315008e-07   1.533080e-01
6.380000e+01   -2.526469e+01   -0.000000e+00   -0.000000e+00   2.301824e+02   2.286425e-07   1.510989e-01
6.390000e+01   -2.570221e+01   -0.000000e+00   -0.000000e+00   2.297021e+02   2.258119e-07   1.489169e-01
6.400000e+01   -2.547035e+01   -0.000000e+00   -0.000000e+00   2.292238e+02   2.230079e-07   1.467616e-01
6.410000e+01   -2.454272e+01   -0.000000e+00   -0.000000e+00   2.287481e+02   2.202299e-07   1.446326e-01
6.420000e+01   -2.329779e+01   -0.000000e+00   -0.000000e+00   2.282753e+02   2.174770e-07   1.425295e-01
6.430000e+01   -2.212515e+01   -0.000000e+00   -0.000000e+00   2.278062e+02   2.147484e-07   1.404520e-01
6.440000e+01   -2.141437e+01   -0.000000e+00   -0.000000e+00   2.273412e+02   2.120434e-07   1.383997e-01
6.450000e+01   -2.127794e+01   -0.000000e+00   -0.000000e+00   2.268796e+02   2.093623e-07   1.363723e-01
6.460000e+01   -2.119477e+01   -0.000000e+00   -0.000000e+00   2.264201e+02   2.067064e-07   1.343697e-01
6.470000e+01   -2.113509e+01   -0.000000e+00   -0.000000e+00   2.259611e+02   2.040769e-07   1.323915e-01
6.480000e+01   -2.110118e+01   -0.000000e+00   -0.000000e+00   2.255013e+02   2.014750e-07   1.304376e-01
6.490000e+01   -2.109531e+01   -0.000000e+00   -0.000000e+00   2.250391e+02   1.989018e-07   1.285077e-01
6.500000e+01   -2.120773e+01   -0.000000e+00   -0.000000e+00   2.245731e+02   1.963582e-07   1.266016e-01
6.510000e+01   -2.163691e+01   -0.000000e+00   -0.000000e+00   2.241019e+02   1.938452e-07   1.247191e-01
6.520000e+01   -2.228106e+01   -0.000000e+00   -0.000000e+00   2.236238e+02   1.913639e-07   1.228600e-01
6.530000e+01   -2.302042e+01   -0.000000e+00   -0.000000e+00   2.231375e+02   1.889150e-07   1.210240e-01
6.540000e+01   -2.373521e+01   -0.000000e+00   -0.000000e+00   2.226416e+02   1.864993e-07   1.192109e-01
6.550000e+01   -2.436248e+01   -0.000000e+00   -0.000000e+00   2.221345e+02   1.841177e-07   1.174205e-01
6.560000e+01   -2.501448e+01   -0.000000e+00   -0.000000e+00   2.216148e+02   1.817708e-07   1.156525e-01
6.570000e+01   -2.568605e+01   -0.000000e+00   -0.000000e+00   2.210809e+02   1.794594e-07   1.139069e-01
6.580000e+01   -2.635972e+01   -0.000000e+00   -0.000000e+00   2.205316e+02   1.771841e-07   1.121832e-01
6.590000e+01   -2.701800e+01   -0.000000e+00   -0.000000e+00   2.199652e+02   1.749454e-07   1.104813e-01
6.600000e+01   -2.764672e+01   -0.000000e+00   -0.000000e+00   2.193803e+02   1.727440e-07   1.088010e-01
6.610000e+01   -2.825336e+01   -0.000000e+00   -0.000000e+00   2.187754e+02   1.705803e-07   1.071420e-01
6.620000e+01   -2.885005e+01   -0.000000e+00   -0.000000e+00   2.181492e+02   1.684549e-07   1.055042e-01
6.630000e+01   -2.944851e+01   -0.000000e+00   -0.000000e+00   2.175001e+02   1.663682e-07   1.038872e-01
6.640000e+01   -3.006037e+01   -0.000000e+00   -0.000000e+00   2.168284e+02   1.643193e-07   1.022910e-01
6.650000e+01   -3.073637e+01   -0.000000e+00   -0.000000e+00   2.161368e+02   1.623058e-07   1.007152e-01
6.660000e+01   -3.157520e+01   -0.000000e+00   -0.000000e+00   2.154279e+02   1.603249e-07   9.915972e-02
6.670000e+01   -3.243719e+01   -0.000000e+00   -0.000000e+00   2.147045e+02   1.583743e-07   9.762437e-02
6.680000e+01   -3.316064e+01   -0.000000e+00   -0.000000e+00   2.139693e+02   1.564516e-07   9.610893e-02
6.690000e+01   -3.358383e+01   -0.000000e+00   -0.000000e+00   2.132250e+02   1.545544e-07   9.461322e-02
6.700000e+01   -3.361896e+01   -0.000000e+00   -0.000000e+00   2.124744e+02   1.526805e-07   9.313705e-02
6.710000e+01   -3.352051e+01   -0.000000e+00   -0.000000e+00   2.117202e+02   1.508277e-07   9.168023e-02
6.720000e+01   -3.334323e+01   -0.000000e+00   -0.000000e+00   2.109650e+02   1.489939e-07   9.024256e-02
6.730000e+01   -3.310424e+01   -0.000000e+00   -0.000000e+00   2.102117e+02   1.471771e-07   8.882385e-02
6.740000e+01   -3.282066e+01   -0.000000e+00   -0.000000e+00   2.094629e+02   1.453753e-07   8.742391e-02
6.750000e+01   -3.246222e+01   -0.000000e+00   -0.000000e+00   2.087214e+02   1.435866e-07   8.604256e-02
6.760000e+01   -3.183110e+01   -0.000000e+00   -0.000000e+00   2.079899e+02   1.418091e-07   8.467959e-02
6.770000e+01   -3.099353e+01   -0.000000e+00   -0.000000e+00   2.072711e+02   1.400410e-07   8.333482e-02
6.780000e+01   -3.005522e+01   -0.000000e+00   -0.000000e+00   2.065678e+02   1.382807e-07   8.200806e-02
6.790000e+01   -2.912189e+01   -0.000000e+00   -0.000000e+00   2.058827e+02   1.365264e-07   8.069911e-02
6.800000e+01   -2.828460e+01   -0.000000e+00   -0.000000e+00   2.052184e+02   1.347766e-07   7.940778e-02
6.810000e+01   -2.750183e+01   -0.000000e+00   -0.000000e+00   2.045778e+02   1.330297e-07   7.813389e-02
6.820000e+01   -2.671322e+01   -0.000000e+00   -0.000000e+00   2.039633e+02   1.312845e-07   7.687724e-02
6.830000e+01   -2.586680e+01   -0.000000e+00   -0.000000e+00   2.033758e+02   1.295407e-07   7.563763e-02
6.840000e+01   -2.491080e+01   -0.000000e+00   -0.000000e+00   2.028145e+02   1.277993e-07   7.441489e-02
6.850000e+01   -2.376892e+01   -0.000000e+00   -0.000000e+00   2.022788e+02   1.260610e-07   7.320883e-02
6.860000e+01   -2.229512e+01   -0.000000e+00   -0.000000e+00   2.017680e+02   1.243266e-07   7.201925e-02
6.870000e+01   -2.060374e+01   -0.000000e+00   -0.000000e+00   2.012813e+02   1.225968e-07   7.084596e-02
6.880000e+01   -1.885112e+01   -0.000000e+00   -0.000000e+00   2.008183e+02   1.208724e-07   6.968879e-02
6.890000e+01   -1.719354e+01   -0.000000e+00   -0.000000e+00   2.003781e+02   1.191541e-07   6.854753e-02
6.900000e+01   -1.574339e+01   -0.000000e+00   -0.000000e+00   1.999602e+02   1.174427e-07   6.742201e-02
6.910000e+01   -1.429163e+01   -0.000000e+00   -0.000000e+00   1.995637e+02   1.157386e-07   6.631203e-02
6.920000e+01   -1.287387e+01   -0.000000e+00   -0.000000e+00   1.991881e+02   1.140427e-07   6.521740e-02
6.930000e+01   -1.159828e+01   -0.000000e+00   -0.000000e+00   1.988327e+02   1.123556e-07   6.413794e-02
6.940000e+01   -1.057304e+01   -0.000000e+00   -0.000000e+00   1.984969e+02   1.106778e-07   6.307346e-02
6.950000e+01   -9.872192e+00   -0.000000e+00   -0.000000e+00   1.981798e+02   1.090100e-07   6.202376e-02
6.960000e+01   -9.267095e+00   -0.000000e+00   -0.000000e+00   1.978809e+02   1.073527e-07   6.098867e-02
6.970000e+01   -8.728003e+00   -0.000000e+00   -0.000000e+00   1.975995e+02   1.057064e-07   5.996799e-02
6.980000e+01   -8.298032e+00   -0.000000e+00   -0.000000e+00   1.973350e+02   1.040716e-07   5.896153e-02
6.990000e+01   -8.020295e+00   -0.000000e+00   -0.000000e+00   1.970865e+02   1.024489e-07   5.796911e-02
7.000000e+01   -7.922926e+00   -0.000000e+00   -0.000000e+00   1.968536e+02   1.008386e-07   5.699053e-02
7.010000e+01   -7.872426e+00   -0.000000e+00   -0.000000e+00   1.966353e+02   9.924136e-08   5.602562e-02
7.020000e+01   -7.826457e+00   -0.000000e+00   -0.000000e+00   1.964302e+02   9.765797e-08   5.507422e-02
7.030000e+01   -7.784194e+00   -0.000000e+00   -0.000000e+00   1.962363e+02   9.608954e-08   5.413621e-02
7.040000e+01   -7.744816e+00   -0.000000e+00   -0.000000e+00   1.960518e+02   9.453706e-08   5.321147e-02
7.050000e+01   -7.726973e+00   -0.000000e+00   -0.000000e+00   1.958747e+02   9.300149e-08   5.229986e-02
7.060000e+01   -7.939266e+00   -0.000000e+00   -0.000000e+00   1.957031e+02   9.148370e-08   5.140125e-02
7.070000e+01   -8.321951e+00   -0.000000e+00   -0.000000e+00   1.955351e+02   8.998453e-08   5.051553e-02
7.080000e+01   -8.726425e+00   -0.000000e+00   -0.000000e+00   1.953688e+02   8.850474e-08   4.964255e-02
7.090000e+01   -9.004087e+00   -0.000000e+00   -0.000000e+00   1.952023e+02   8.704504e-08   4.878219e-02
7.100000e+01   -8.984607e+00   -0.000000e+00   -0.000000e+00   1.950337e+02   8.560608e-08   4.793432e-02
7.110000e+01   -8.319857e+00   -0.000000e+00   -0.000000e+00   1.948611e+02   8.418847e-08   4.709882e-02
7.120000e+01   -7.210188e+00   -0.000000e+00   -0.000000e+00   1.946825e+02   8.279275e-08   4.627556e-02
7.130000e+01   -6.015808e+00   -0.000000e+00   -0.000000e+00   1.944962e+02   8.141943e-08   4.546440e-02
7.140000e+01   -5.096924e+00   -0.000000e+00   -0.000000e+00   1.943001e+02   8.006897e-08   4.466523e-02
7.150000e+01   -4.797633e+00   -0.000000e+00   -0.000000e+00   1.940923e+02   7.874176e-08   4.387790e-02
7.160000e+01   -5.031844e+00   -0.000000e+00   -0.000000e+00   1.938710e+02   7.743819e-08   4.310231e-02
7.170000e+01   -5.591523e+00   -0.000000e+00   -0.000000e+00   1.936343e+02   7.615857e-08   4.233830e-02
7.180000e+01   -6.346521e+00   -0.000000e+00   -0.000000e+00   1.933802e+02   7.490320e-08   4.158577e-02
7.190000e+01   -7.166692e+00   -0.000000e+00   -0.000000e+00   1.931068e+02   7.367232e-08   4.084458e-02
7.200000e+01   -7.943486e+00   -0.000000e+00   -0.000000e+00   1.928123e+02   7.246617e-08   4.011459e-02
7.210000e+01   -9.034877e+00   -0.000000e+00   -0.000000e+00   1.924951e+02   7.128477e-08   3.939569e-02
7.220000e+01   -1.036472e+01   -0.000000e+00   -0.000000e+00   1.921551e+02   7.012763e-08   3.868774e-02
7.230000e+01   -1.160439e+01   -0.000000e+00   -0.000000e+00   1.917925e+02   6.899414e-08   3.799060e-02
7.240000e+01   -1.242525e+01   -0.000000e+00   -0.000000e+00   1.914076e+02   6.788370e-08   3.730414e-02
7.250000e+01   -1.251850e+01   -0.000000e+00   -0.000000e+00   1.910006e+02   6.679575e-08   3.662823e-02
7.260000e+01   -1.229288e+01   -0.000000e+00   -0.000000e+00   1.905716e+02   6.572973e-08   3.596272e-02
7.270000e+01   -1.204376e+01   -0.000000e+00   -0.000000e+00   1.901210e+02   6.468510e-08   3.530748e-02
7.280000e+01   -1.178554e+01   -0.000000e+00   -0.000000e+00   1.896489e+02   6.366133e-08   3.466238e-02
7.290000e+01   -1.153260e+01   -0.000000e+00   -0.000000e+00   1.891556e+02   6.265790e-08   3.402729e-02
7.300000e+01   -1.131000e+01   -0.000000e+00   -0.000000e+00   1.886412e+02   6.167432e-08   3.340206e-02
7.310000e+01   -1.155079e+01   -0.000000e+00   -0.000000e+00   1.881060e+02   6.071010e-08   3.278656e-02
7.320000e+01   -1.225425e+01   -0.000000e+00   -0.000000e+00   1.875502e+02   5.976475e-08   3.218066e-02
7.330000e+01   -1.311588e+01   -0.000000e+00   -0.000000e+00   1.869740e+02   5.883783e-08   3.158422e-02
7.340000e+01   -1.383119e+01   -0.000000e+00   -0.000000e+00   1.863776e+02   5.792887e-08   3.099711e-02
7.350000e+01   -1.410108e+01   -0.000000e+00   -0.000000e+00   1.857613e+02   5.703743e-08   3.041919e-02
7.360000e+01   -1.407082e+01   -0.000000e+00   -0.000000e+00   1.851253e+02   5.616308e-08   2.985032e-02
7.370000e+01   -1.397647e+01   -0.000000e+00   -0.000000e+00   1.844698e+02   5.530539e-08   2.929038e-02
7.380000e+01   -1.387113e+01   -0.000000e+00   -0.000000e+00   1.837950e+02   5.446394e-08   2.873922e-02
7.390000e+01   -1.380792e+01   -0.000000e+00   -0.000000e+00   1.831011e+02   5.363834e-08   2.819672e-02
7.400000e+01   -1.384503e+01   -0.000000e+00   -0.000000e+00   1.823883e+02   5.282818e-08   2.766273e-02
7.410000e+01   -1.452937e+01   -0.000000e+00   -0.000000e+00   1.816569e+02   5.203307e-08   2.713712e-02
7.420000e+01   -1.586100e+01   -0.000000e+00   -0.000000e+00   1.809071e+02   5.125262e-08   2.661976e-02
7.430000e+01   -1.735349e+01   -0.000000e+00   -0.000000e+00   1.801391e+02   5.048645e-08   2.611050e-02
7.440000e+01   -1.851985e+01   -0.000000e+00   -0.000000e+00   1.793534e+02   4.973416e-08   2.560925e-02
7.450000e+01   -1.887528e+01   -0.000000e+00   -0.000000e+00   1.785509e+02   4.899532e-08   2.511591e-02
7.460000e+01   -1.872805e+01   -0.000000e+00   -0.000000e+00   1.777322e+02   4.826951e-08   2.463039e-02
7.470000e+01   -1.855821e+01   -0.000000e+00   -0.000000e+00   1.768982e+02   4.755633e-08   2.415262e-02
7.480000e+01   -1.837408e+01   -0.000000e+00   -0.000000e+00   1.760498e+02   4.685538e-08   2.368249e-02
7.490000e+01   -1.818400e+01   -0.000000e+00   -0.000000e+00   1.751877e+02   4.616630e-08   2.321994e-02
7.500000e+01   -1.799627e+01   -0.000000e+00   -0.000000e+00   1.743127e+02   4.548869e-08   2.276486e-02
7.510000e+01   -1.779895e+01   -0.000000e+00   -0.000000e+00   1.734257e+02   4.482222e-08   2.231718e-02
7.520000e+01   -1.757134e+01   -0.000000e+00   -0.000000e+00   1.725274e+02   4.416653e-08   2.187680e-02
7.530000e+01   -1.730547e+01   -0.000000e+00   -0.000000e+00   1.716187e+02   4.352127e-08   2.144364e-02
7.540000e+01   -1.699335e+01   -0.000000e+00   -0.000000e+00   1.707004e+02   4.288612e-08   2.101763e-02
7.550000e+01   -1.662701e+01   -0.000000e+00   -0.000000e+00   1.697732e+02   4.226076e-08   2.059865e-02
7.560000e+01   -1.599045e+01   -0.000000e+00   -0.000000e+00   1.688380e+02   4.164487e-08   2.018664e-02
7.570000e+01   -1.497242e+01   -0.000000e+00   -0.000000e+00   1.678956e+02   4.103815e-08   1.978151e-02
7.580000e+01   -1.372211e+01   -0.000000e+00   -0.000000e+00   1.669468e+02   4.044029e-08   1.938317e-02
7.590000e+01   -1.238869e+01   0.000000e+00   0.000000e+00   1.659924e+02   3.985101e-08   1.899153e-02
7.600000e+01   -1.112133e+01   0.000000e+00   0.000000e+00   1.650332e+02   3.927002e-08   1.860650e-02
7.610000e+01   -9.929743e+00   0.000000e+00   0.000000e+00   1.640700e+02   3.869703e-08   1.822801e-02
7.620000e+01   -8.704097e+00   0.000000e+00   0.000000e+00   1.631036e+02   3.813179e-08   1.785596e-02
7.630000e+01   -7.438103e+00   0.000000e+00   0.000000e+00   1.621349e+02   3.757401e-08   1.749027e-02
7.640000e+01   -6.125606e+00   0.000000e+00   0.000000e+00   1.611646e+02   3.702345e-08   1.713084e-02
7.650000e+01   -4.760455e+00   0.000000e+00   0.000000e+00   1.601935e+02   3.647983e-08   1.677761e-02
7.660000e+01   -3.114553e+00   0.000000e+00   0.000000e+00   1.592225e+02   3.594291e-08   1.643047e-02
7.670000e+01   -1.130115e+00   0.000000e+00   0.000000e+00   1.582523e+02   3.541244e-08   1.608935e-02
7.680000e+01   8.234268e-01   0.000000e+00   0.000000e+00   1.572838e+02   3.488819e-08   1.575415e-02
7.690000e+01   2.375229e+00   0.000000e+00   0.000000e+00   1.563178e+02   3.436991e-08   1.542479e-02
7.700000e+01   3.154450e+00   0.000000e+00   0.000000e+00   1.553551e+02   3.385736e-08   1.510118e-02
7.710000e+01   3.292436e+00   0.000000e+00   0.000000e+00   1.543964e+02   3.335032e-08   1.478324e-02
7.720000e+01   3.369025e+00   0.000000e+00   0.000000e+00   1.534430e+02   3.284850e-08   1.447089e-02
7.730000e+01   3.383072e+00   0.000000e+00   0.000000e+00   1.524962e+02   3.235159e-08   1.416404e-02
7.740000e+01   3.327834e+00   0.000000e+00   0.000000e+00   1.515573e+02   3.185928e-08   1.386261e-02
7.750000e+01   3.196572e+00   0.000000e+00   0.000000e+00   1.506275e+02   3.137128e-08   1.356654e-02
7.760000e+01   2.893557e+00   0.000000e+00   0.000000e+00   1.497083e+02   3.088730e-08   1.327573e-02
7.770000e+01   2.344655e+00   0.000000e+00   0.000000e+00   1.488010e+02   3.040706e-08   1.299010e-02
7.780000e+01   1.675725e+00   0.000000e+00   0.000000e+00   1.479068e+02   2.993028e-08   1.270958e-02
7.790000e+01   1.015131e+00   0.000000e+00   0.000000e+00   1.470271e+02   2.945671e-08   1.243409e-02
7.800000e+01   4.912388e-01   0.000000e+00   0.000000e+00   1.461633e+02   2.898610e-08   1.216355e-02
7.810000e+01   1.192234e-01   0.000000e+00   0.000000e+00   1.453166e+02   2.851819e-08   1.189787e-02
7.820000e+01   -2.493472e-01   0.000000e+00   0.000000e+00   1.444883e+02   2.805275e-08   1.163699e-02
7.830000e+01   -6.124001e-01   0.000000e+00   0.000000e+00   1.436798e+02   2.758957e-08   1.138081e-02
7.840000e+01   -9.639012e-01   0.000000e+00   0.000000e+00   1.428925e+02   2.712842e-08   1.112926e-02
7.850000e+01   -1.297816e+00   0.000000e+00   0.000000e+00   1.421275e+02   2.666910e-08   1.088226e-02
7.860000e+01   -1.443654e+00   0.000000e+00   0.000000e+00   1.413863e+02   2.621142e-08   1.063972e-02
7.870000e+01   -1.193169e+00   0.000000e+00   0.000000e+00   1.406702e+02   2.575520e-08   1.040158e-02
7.880000e+01   -7.820267e-01   0.000000e+00   0.000000e+00   1.399805e+02   2.530026e-08   1.016775e-02
7.890000e+01   -4.578644e-01   0.000000e+00   0.000000e+00   1.393185e+02   2.484645e-08   9.938146e-03
7.900000e+01   -4.683183e-01   0.000000e+00   0.000000e+00   1.386855e+02   2.439362e-08   9.712694e-03
7.910000e+01   -1.002634e+00   0.000000e+00   0.000000e+00   1.380829e+02   2.394165e-08   9.491312e-03
7.920000e+01   -1.941779e+00   0.000000e+00   0.000000e+00   1.375120e+02   2.349041e-08   9.273921e-03
7.930000e+01   -3.086446e+00   0.000000e+00   0.000000e+00   1.369740e+02   2.303980e-08   9.060442e-03
7.940000e+01   -4.236476e+00   0.000000e+00   0.000000e+00   1.364704e+02   2.258978e-08   8.850807e-03
7.950000e+01   -5.184522e+00   0.000000e+00   0.000000e+00   1.360023e+02   2.214040e-08   8.644985e-03
7.960000e+01   -5.834454e+00   0.000000e+00   0.000000e+00   1.355710e+02   2.169179e-08   8.442956e-03
7.970000e+01   -6.389707e+00   0.000000e+00   0.000000e+00   1.351777e+02   2.124406e-08   8.244697e-03
7.980000e+01   -6.894730e+00   0.000000e+00   0.000000e+00   1.348235e+02   2.079735e-08   8.050188e-03
7.990000e+01   -7.381931e+00   0.000000e+00   0.000000e+00   1.345098e+02   2.035183e-08   7.859406e-03
8.000000e+01   -7.883720e+00   0.000000e+00   0.000000e+00   1.342377e+02   1.990767e-08   7.672330e-03
8.010000e+01   -8.841642e+00   0.000000e+00   0.000000e+00   1.340084e+02   1.946506e-08   7.488938e-03
8.020000e+01   -1.115642e+01   0.000000e+00   0.000000e+00   1.338233e+02   1.902420e-08   7.309209e-03
8.030000e+01   -1.428664e+01   0.000000e+00   0.000000e+00   1.336834e+02   1.858531e-08   7.133120e-03
8.040000e+01   -1.760586e+01   0.000000e+00   0.000000e+00   1.335900e+02   1.814861e-08   6.960651e-03
8.050000e+01   -2.048763e+01   0.000000e+00   0.000000e+00   1.335444e+02   1.771436e-08   6.791779e-03
8.060000e+01   -2.268775e+01   0.000000e+00   0.000000e+00   1.335477e+02   1.728280e-08   6.626484e-03
8.070000e+01   -2.494256e+01   0.000000e+00   0.000000e+00   1.336011e+02   1.685422e-08   6.464742e-03
8.080000e+01   -2.698760e+01   0.000000e+00   0.000000e+00   1.337035e+02   1.642914e-08   6.306521e-03
8.090000e+01   -2.847739e+01   0.000000e+00   0.000000e+00   1.338518e+02   1.600826e-08   6.151781e-03
8.100000e+01   -2.906672e+01   0.000000e+00   0.000000e+00   1.340433e+02   1.559224e-08   6.000480e-03
8.110000e+01   -2.867997e+01   0.000000e+00   0.000000e+00   1.342749e+02   1.518168e-08   5.852577e-03
8.120000e+01   -2.811426e+01   0.000000e+00   0.000000e+00   1.345437e+02   1.477715e-08   5.708031e-03
8.130000e+01   -2.746216e+01   0.000000e+00   0.000000e+00   1.348467e+02   1.437914e-08   5.566802e-03
8.140000e+01   -2.673385e+01   0.000000e+00   0.000000e+00   1.351810e+02   1.398812e-08   5.428847e-03
8.150000e+01   -2.593952e+01   0.000000e+00   0.000000e+00   1.355436e+02   1.360451e-08   5.294126e-03
8.160000e+01   -2.506550e+01   0.000000e+00   0.000000e+00   1.359316e+02   1.322865e-08   5.162597e-03
8.170000e+01   -2.404926e+01   0.000000e+00   0.000000e+00   1.363419e+02   1.286087e-08   5.034220e-03
8.180000e+01   -2.294811e+01   0.000000e+00   0.000000e+00   1.367717e+02   1.250144e-08   4.908953e-03
8.190000e+01   -2.183153e+01   0.000000e+00   0.000000e+00   1.372180e+02   1.215060e-08   4.786756e-03
8.200000e+01   -2.076902e+01   0.000000e+00   0.000000e+00   1.376778e+02   1.180854e-08   4.667587e-03
8.210000e+01   -1.980417e+01   0.000000e+00   0.000000e+00   1.381482e+02   1.147540e-08   4.551404e-03
8.220000e+01   -1.887686e+01   0.000000e+00   0.000000e+00   1.386262e+02   1.115131e-08   4.438168e-03
8.230000e+01   -1.801924e+01   0.000000e+00   0.000000e+00   1.391089e+02   1.083637e-08   4.327837e-03
8.240000e+01   -1.727790e+01   0.000000e+00   0.000000e+00   1.395932e+02   1.053061e-08   4.220369e-03
8.250000e+01   -1.669945e+01   0.000000e+00   0.000000e+00   1.400764e+02   1.023409e-08   4.115724e-03
8.260000e+01   -1.649686e+01   0.000000e+00   0.000000e+00   1.405553e+02   9.946786e-09   4.013861e-03
8.270000e+01   -1.738357e+01   0.000000e+00   0.000000e+00   1.410272e+02   9.668681e-09   3.914737e-03
8.280000e+01   -1.900786e+01   0.000000e+00   0.000000e+00   1.414920e+02   9.399515e-09   3.818298e-03
8.290000e+01   -2.086303e+01   0.000000e+00   0.000000e+00   1.419513e+02   9.138906e-09   3.724482e-03
8.300000e+01   -2.244220e+01   0.000000e+00   0.000000e+00   1.424065e+02   8.886488e-09   3.633226e-03
8.310000e+01   -2.337189e+01   0.000000e+00   0.000000e+00   1.428594e+02   8.641910e-09   3.544467e-03
8.320000e+01   -2.414133e+01   0.000000e+00   0.000000e+00   1.433116e+02   8.404839e-09   3.458144e-03
8.330000e+01   -2.487758e+01   0.000000e+00   0.000000e+00   1.437646e+02   8.174959e-09   3.374193e-03
8.340000e+01   -2.559607e+01   0.000000e+00   0.000000e+00   1.442201e+02   7.951966e-09   3.292552e-03
8.350000e+01   -2.631223e+01   0.000000e+00   0.000000e+00   1.446796e+02   7.735569e-09   3.213158e-03
8.360000e+01   -2.704633e+01   0.000000e+00   0.000000e+00   1.451449e+02   7.525490e-09   3.135948e-03
8.370000e+01   -2.782189e+01   0.000000e+00   0.000000e+00   1.456174e+02   7.321462e-09   3.060861e-03
8.380000e+01   -2.859402e+01   0.000000e+00   0.000000e+00   1.460989e+02   7.123231e-09   2.987832e-03
8.390000e+01   -2.930822e+01   0.000000e+00   0.000000e+00   1.465908e+02   6.930549e-09   2.916800e-03
8.400000e+01   -2.990999e+01   0.000000e+00   0.000000e+00   1.470949e+02   6.743181e-09   2.847703e-03
8.410000e+01   -3.030346e+01   0.000000e+00   0.000000e+00   1.476126e+02   6.560899e-09   2.780477e-03
8.420000e+01   -3.017622e+01   0.000000e+00   0.000000e+00   1.481458e+02   6.383483e-09   2.715059e-03
8.430000e+01   -2.959820e+01   0.000000e+00   0.000000e+00   1.486958e+02   6.210724e-09   2.651388e-03
8.440000e+01   -2.872111e+01   0.000000e+00   0.000000e+00   1.492644e+02   6.042416e-09   2.589400e-03
8.450000e+01   -2.769664e+01   0.000000e+00   0.000000e+00   1.498532e+02   5.878363e-09   2.529034e-03
8.460000e+01   -2.664241e+01   0.000000e+00   0.000000e+00   1.504637e+02   5.718374e-09   2.470226e-03
8.470000e+01   -2.535195e+01   0.000000e+00   0.000000e+00   1.510976e+02   5.562267e-09   2.412913e-03
8.480000e+01   -2.377852e+01   0.000000e+00   0.000000e+00   1.517560e+02   5.409888e-09   2.357038e-03
8.490000e+01   -2.195297e+01   0.000000e+00   0.000000e+00   1.524372e+02   5.261237e-09   2.302562e-03
8.500000e+01   -1.990948e+01   0.000000e+00   0.000000e+00   1.531385e+02   5.116358e-09   2.249457e-03
8.510000e+01   -1.762733e+01   0.000000e+00   0.000000e+00   1.538570e+02   4.975285e-09   2.197696e-03
8.520000e+01   -1.466997e+01   0.000000e+00   0.000000e+00   1.545900e+02   4.838035e-09   2.147251e-03
8.530000e+01   -1.128989e+01   0.000000e+00   0.000000e+00   1.553346e+02   4.704614e-09   2.098092e-03
8.540000e+01   -7.930822e+00   0.000000e+00   0.000000e+00   1.560880e+02   4.575015e-09   2.050192e-03
8.550000e+01   -5.036503e+00   0.000000e+00   0.000000e+00   1.568475e+02   4.449223e-09   2.003522e-03
8.560000e+01   -2.978598e+00   0.000000e+00   0.000000e+00   1.576102e+02   4.327210e-09   1.958054e-03
8.570000e+01   -1.166286e+00   0.000000e+00   0.000000e+00   1.583734e+02   4.208943e-09   1.913760e-03
8.580000e+01   5.501908e-01   0.000000e+00   0.000000e+00   1.591342e+02   4.094379e-09   1.870612e-03
8.590000e+01   2.056739e+00   0.000000e+00   0.000000e+00   1.598898e+02   3.983467e-09   1.828582e-03
8.600000e+01   3.239264e+00   0.000000e+00   0.000000e+00   1.606375e+02   3.876152e-09   1.787640e-03
8.610000e+01   3.998548e+00   0.000000e+00   0.000000e+00   1.613744e+02   3.772373e-09   1.747760e-03
8.620000e+01   4.500583e+00   0.000000e+00   0.000000e+00   1.620978e+02   3.672064e-09   1.708912e-03
8.630000e+01   4.860189e+00   0.000000e+00   0.000000e+00   1.628049e+02   3.575153e-09   1.671069e-03
8.640000e+01   5.124346e+00   0.000000e+00   0.000000e+00   1.634928e+02   3.481568e-09   1.634202e-03
8.650000e+01   5.340034e+00   0.000000e+00   0.000000e+00   1.641587e+02   3.391232e-09   1.598284e-03
8.660000e+01   5.541697e+00   0.000000e+00   0.000000e+00   1.647999e+02   3.304065e-09   1.563284e-03
8.670000e+01   5.546895e+00   0.000000e+00   0.000000e+00   1.654136e+02   3.219987e-09   1.529177e-03
8.680000e+01   5.361555e+00   0.000000e+00   0.000000e+00   1.659969e+02   3.138916e-09   1.495933e-03
8.690000e+01   5.091691e+00   0.000000e+00   0.000000e+00   1.665471e+02   3.060767e-09   1.463524e-03
8.700000e+01   4.843390e+00   0.000000e+00   0.000000e+00   1.670618e+02   2.985451e-09   1.431923e-03
8.710000e+01   4.715916e+00   0.000000e+00   0.000000e+00   1.675419e+02   2.912836e-09   1.401109e-03
8.720000e+01   4.616614e+00   0.000000e+00   0.000000e+00   1.679894e+02   2.842785e-09   1.371066e-03
8.730000e+01   4.513418e+00   0.000000e+00   0.000000e+00   1.684064e+02   2.775166e-09   1.341776e-03
8.740000e+01   4.446827e+00   0.000000e+00   0.000000e+00   1.687948e+02   2.709856e-09   1.313221e-03
8.750000e+01   4.457340e+00   0.000000e+00   0.000000e+00   1.691569e+02   2.646737e-09   1.285384e-03
8.760000e+01   4.581105e+00   0.000000e+00   0.000000e+00   1.694945e+02   2.585699e-09   1.258247e-03
8.770000e+01   4.717734e+00   0.000000e+00   0.000000e+00   1.698099e+02   2.526636e-09   1.231794e-03
8.780000e+01   4.848427e+00   0.000000e+00   0.000000e+00   1.701050e+02   2.469449e-09   1.206007e-03
8.790000e+01   5.025276e+00   0.000000e+00   0.000000e+00   1.703820e+02   2.414044e-09   1.180867e-03
8.800000e+01   5.300375e+00   0.000000e+00   0.000000e+00   1.706427e+02   2.360328e-09   1.156359e-03
8.810000e+01   5.722629e+00   0.000000e+00   0.000000e+00   1.708895e+02   2.308218e-09   1.132464e-03
8.820000e+01   6.184957e+00   0.000000e+00   0.000000e+00   1.711241e+02   2.257629e-09   1.109165e-03
8.830000e+01   6.610746e+00   0.000000e+00   0.000000e+00   1.713489e+02   2.208483e-09   1.086445e-03
8.840000e+01   6.996640e+00   0.000000e+00   0.000000e+00   1.715657e+02   2.160704e-09   1.064285e-03
8.850000e+01   7.339278e+00   0.000000e+00   0.000000e+00   1.717766e+02   2.114221e-09   1.042670e-03
8.860000e+01   7.643010e+00   0.000000e+00   0.000000e+00   1.719838e+02   2.068963e-09   1.021581e-03
8.870000e+01   8.361816e+00   0.000000e+00   0.000000e+00   1.721893e+02   2.024864e-09   1.001000e-03
8.880000e+01   9.506130e+00   0.000000e+00   0.000000e+00   1.723950e+02   1.981859e-09   9.809115e-04
8.890000e+01   1.071619e+01   0.000000e+00   0.000000e+00   1.726031e+02   1.939887e-09   9.612966e-04
8.900000e+01   1.163224e+01   0.000000e+00   0.000000e+00   1.728157e+02   1.898887e-09   9.421384e-04
8.910000e+01   1.189837e+01   0.000000e+00   0.000000e+00   1.730348e+02   1.858802e-09   9.234193e-04
8.920000e+01   1.169396e+01   0.000000e+00   0.000000e+00   1.732624e+02   1.819577e-09   9.051219e-04
8.930000e+01   1.133095e+01   0.000000e+00   0.000000e+00   1.735006e+02   1.781157e-09   8.872289e-04
8.940000e+01   1.086542e+01   0.000000e+00   0.000000e+00   1.737513e+02   1.743496e-09   8.697237e-04
8.950000e+01   1.035813e+01   0.000000e+00   0.000000e+00   1.740148e+02   1.706574e-09   8.525967e-04
8.960000e+01   9.871478e+00   0.000000e+00   0.000000e+00   1.742912e+02   1.670381e-09   8.358404e-04
8.970000e+01   9.410141e+00   0.000000e+00   0.000000e+00   1.745802e+02   1.634910e-09   8.194477e-04
8.980000e+01   8.929041e+00   0.000000e+00   0.000000e+00   1.748819e+02   1.600150e-09   8.034111e-04
8.990000e+01   8.402037e+00   0.000000e+00   0.000000e+00   1.751961e+02   1.566091e-09   7.877235e-04
9.000000e+01   7.802993e+00   0.000000e+00   0.000000e+00   1.755227e+02   1.532724e-09   7.723774e-04
9.010000e+01   7.104891e+00   0.000000e+00   0.000000e+00   1.758616e+02   1.500038e-09   7.573657e-04
9.020000e+01   5.564893e+00   0.000000e+00   0.000000e+00   1.762128e+02   1.468022e-09   7.426809e-04
9.030000e+01   3.002642e+00   0.000000e+00   0.000000e+00   1.765761e+02   1.436665e-09   7.283159e-04
9.040000e+01   8.230598e-02   0.000000e+00   0.000000e+00   1.769515e+02   1.405956e-09   7.142633e-04
9.050000e+01   -2.531946e+00   0.000000e+00   0.000000e+00   1.773389e+02   1.375884e-09   7.005158e-04
9.060000e+01   -4.175945e+00   0.000000e+00   0.000000e+00   1.777381e+02   1.346436e-09   6.870662e-04
9.070000e+01   -5.072260e+00   0.000000e+00   0.000000e+00   1.781490e+02   1.317602e-09   6.739071e-04
9.080000e+01   -5.890214e+00   0.000000e+00   0.000000e+00   1.785717e+02   1.289368e-09   6.610312e-04
9.090000e+01   -6.635771e+00   0.000000e+00   0.000000e+00   1.790059e+02   1.261723e-09   6.484313e-04
9.100000e+01   -7.314893e+00   0.000000e+00   0.000000e+00   1.794517e+02   1.234655e-09   6.361000e-04
9.110000e+01   -7.933545e+00   0.000000e+00   0.000000e+00   1.799088e+02   1.208150e-09   6.240300e-04
9.120000e+01   -7.661082e+00   0.000000e+00   0.000000e+00   1.803772e+02   1.182195e-09   6.122141e-04
9.130000e+01   -6.048591e+00   0.000000e+00   0.000000e+00   1.808569e+02   1.156779e-09   6.006450e-04
9.140000e+01   -3.873620e+00   0.000000e+00   0.000000e+00   1.813477e+02   1.131888e-09   5.893154e-04
9.150000e+01   -1.914858e+00   0.000000e+00   0.000000e+00   1.818495e+02   1.107509e-09   5.782179e-04
9.160000e+01   -9.509897e-01   0.000000e+00   0.000000e+00   1.823622e+02   1.083628e-09   5.673452e-04
9.170000e+01   -8.753969e-01   0.000000e+00   0.000000e+00   1.828858e+02   1.060233e-09   5.566902e-04
9.180000e+01   -8.829657e-01   0.000000e+00   0.000000e+00   1.834201e+02   1.037310e-09   5.462454e-04
9.190000e+01   -1.040431e+00   0.000000e+00   0.000000e+00   1.839651e+02   1.014846e-09   5.360036e-04
9.200000e+01   -1.419696e+00   0.000000e+00   0.000000e+00   1.845206e+02   9.928285e-10   5.259584e-04
9.210000e+01   -2.096685e+00   0.000000e+00   0.000000e+00   1.850863e+02   9.712532e-10   5.161063e-04
9.220000e+01   -3.180533e+00   0.000000e+00   0.000000e+00   1.856620e+02   9.501157e-10   5.064446e-04
9.230000e+01   -4.612659e+00   0.000000e+00   0.000000e+00   1.862474e+02   9.294116e-10   4.969706e-04
9.240000e+01   -6.167442e+00   0.000000e+00   0.000000e+00   1.868421e+02   9.091363e-10   4.876814e-04
9.250000e+01   -7.618356e+00   0.000000e+00   0.000000e+00   1.874459e+02   8.892851e-10   4.785743e-04
9.260000e+01   -8.738873e+00   0.000000e+00   0.000000e+00   1.880585e+02   8.698529e-10   4.696466e-04
9.270000e+01   -9.455919e+00   0.000000e+00   0.000000e+00   1.886796e+02   8.508347e-10   4.608955e-04
9.280000e+01   -9.987774e+00   0.000000e+00   0.000000e+00   1.893088e+02   8.322251e-10   4.523182e-04
9.290000e+01   -1.044339e+01   0.000000e+00   0.000000e+00   1.899460e+02   8.140187e-10   4.439119e-04
9.300000e+01   -1.092906e+01   0.000000e+00   0.000000e+00   1.905907e+02   7.962099e-10   4.356740e-04
9.310000e+01   -1.155110e+01   0.000000e+00   0.000000e+00   1.912427e+02   7.787929e-10   4.276015e-04
9.320000e+01   -1.236905e+01   0.000000e+00   0.000000e+00   1.919017e+02   7.617620e-10   4.196918e-04
9.330000e+01   -1.330547e+01   0.000000e+00   0.000000e+00   1.925675e+02   7.451111e-10   4.119422e-04
9.340000e+01   -1.429118e+01   0.000000e+00   0.000000e+00   1.932396e+02   7.288342e-10   4.043498e-04
9.350000e+01   -1.525806e+01   0.000000e+00   0.000000e+00   1.939178e+02   7.129251e-10   3.969118e-04
9.360000e+01   -1.613801e+01   0.000000e+00   0.000000e+00   1.946019e+02   6.973777e-10   3.896256e-04
9.370000e+01   -1.671660e+01   0.000000e+00   0.000000e+00   1.952915e+02   6.821856e-10   3.824883e-04
9.380000e+01   -1.681837e+01   0.000000e+00   0.000000e+00   1.959863e+02   6.673424e-10   3.754972e-04
9.390000e+01   -1.672363e+01   0.000000e+00   0.000000e+00   1.966860e+02   6.528418e-10   3.686495e-04
9.400000e+01   -1.672420e+01   0.000000e+00   0.000000e+00   1.973904e+02   6.386771e-10   3.619425e-04
9.410000e+01   -1.711195e+01   0.000000e+00   0.000000e+00   1.980990e+02   6.248420e-10   3.553734e-04
9.420000e+01   -1.805377e+01   0.000000e+00   0.000000e+00   1.988118e+02   6.113299e-10   3.489395e-04
9.430000e+01   -1.934830e+01   0.000000e+00   0.000000e+00   1.995283e+02   5.981342e-10   3.426379e-04
9.440000e+01   -2.088599e+01   0.000000e+00   0.000000e+00   2.002482e+02   5.852482e-10   3.364659e-04
9.450000e+01   -2.256532e+01   0.000000e+00   0.000000e+00   2.009713e+02   5.726655e-10   3.304208e-04
9.460000e+01   -2.428476e+01   0.000000e+00   0.000000e+00   2.016972e+02   5.603793e-10   3.244997e-04
9.470000e+01   -2.601911e+01   0.000000e+00   0.000000e+00   2.024256e+02   5.483837e-10   3.187003e-04
9.480000e+01   -2.789693e+01   0.000000e+00   0.000000e+00   2.031559e+02   5.366742e-10   3.130203e-04
9.490000e+01   -2.988856e+01   0.000000e+00   0.000000e+00   2.038875e+02   5.252464e-10   3.074581e-04
9.500000e+01   -3.195486e+01   0.000000e+00   0.000000e+00   2.046196e+02   5.140959e-10   3.020117e-04
9.510000e+01   -3.405673e+01   0.000000e+00   0.000000e+00   2.053518e+02   5.032182e-10   2.966793e-04
9.520000e+01   -3.620083e+01   0.000000e+00   0.000000e+00   2.060833e+02   4.926087e-10   2.914589e-04
9.530000e+01   -3.846107e+01   0.000000e+00   0.000000e+00   2.068136e+02   4.822628e-10   2.863486e-04
9.540000e+01   -4.076654e+01   0.000000e+00   0.000000e+00   2.075419e+02   4.721757e-10   2.813467e-04
9.550000e+01   -4.303730e+01   0.000000e+00   0.000000e+00   2.082677e+02   4.623428e-10   2.764512e-04
9.560000e+01   -4.519341e+01   0.000000e+00   0.000000e+00   2.089904e+02   4.527592e-10   2.716602e-04
9.570000e+01   -4.715187e+01   0.000000e+00   0.000000e+00   2.097093e+02   4.434202e-10   2.669718e-04
9.580000e+01   -4.891769e+01   0.000000e+00   0.000000e+00   2.104237e+02   4.343209e-10   2.623843e-04
9.590000e+01   -5.061124e+01   0.000000e+00   0.000000e+00   2.111332e+02   4.254564e-10   2.578956e-04
9.600000e+01   -5.235745e+01   0.000000e+00   0.000000e+00   2.118369e+02   4.168220e-10   2.535039e-04
9.610000e+01   -5.428125e+01   0.000000e+00   0.000000e+00   2.125344e+02   4.084128e-10   2.492074e-04
9.620000e+01   -5.662656e+01   0.000000e+00   0.000000e+00   2.132249e+02   4.002239e-10   2.450041e-04
9.630000e+01   -5.973312e+01   0.000000e+00   0.000000e+00   2.139078e+02   3.922506e-10   2.408921e-04
9.640000e+01   -6.328271e+01   0.000000e+00   0.000000e+00   2.145826e+02   3.844879e-10   2.368697e-04
9.650000e+01   -6.690613e+01   0.000000e+00   0.000000e+00   2.152485e+02   3.769310e-10   2.329348e-04
9.660000e+01   -7.023422e+01   0.000000e+00   0.000000e+00   2.159050e+02   3.695753e-10   2.290857e-04
9.670000e+01   -7.300364e+01   0.000000e+00   0.000000e+00   2.165514e+02   3.624158e-10   2.253204e-04
9.680000e+01   -7.547874e+01   0.000000e+00   0.000000e+00   2.171871e+02   3.554479e-10   2.216371e-04
9.690000e+01   -7.778987e+01   0.000000e+00   0.000000e+00   2.178115e+02   3.486669e-10   2.180338e-04
9.700000e+01   -8.003272e+01   0.000000e+00   0.000000e+00   2.184239e+02   3.420681e-10   2.145088e-04
9.710000e+01   -8.230300e+01   0.000000e+00   0.000000e+00   2.190237e+02   3.356469e-10   2.110601e-04
9.720000e+01   -8.467254e+01   0.000000e+00   0.000000e+00   2.196103e+02   3.293986e-10   2.076858e-04
9.730000e+01   -8.707852e+01   0.000000e+00   0.000000e+00   2.201830e+02   3.233187e-10   2.043840e-04
9.740000e+01   -8.948958e+01   0.000000e+00   0.000000e+00   2.207412e+02   3.174027e-10   2.011530e-04
9.750000e+01   -9.188464e+01   0.000000e+00   0.000000e+00   2.212843e+02   3.116461e-10   1.979907e-04
9.760000e+01   -9.424314e+01   0.000000e+00   0.000000e+00   2.218119e+02   3.060444e-10   1.948954e-04
9.770000e+01   -9.666430e+01   0.000000e+00   0.000000e+00   2.223244e+02   3.005922e-10   1.918656e-04
9.780000e+01   -9.954780e+01   0.000000e+00   0.000000e+00   2.228230e+02   2.952840e-10   1.889002e-04
9.790000e+01   -1.024824e+02   0.000000e+00   0.000000e+00   2.233088e+02   2.901145e-10   1.859977e-04
9.800000e+01   -1.049494e+02   0.000000e+00   0.000000e+00   2.237829e+02   2.850786e-10   1.831571e-04
9.810000e+01   -1.064304e+02   0.000000e+00   0.000000e+00   2.242463e+02   2.801713e-10   1.803771e-04
9.820000e+01   -1.065921e+02   0.000000e+00   0.000000e+00   2.247002e+02   2.753880e-10   1.776564e-04
9.830000e+01   -1.062486e+02   0.000000e+00   0.000000e+00   2.251456e+02   2.707240e-10   1.749937e-04
9.840000e+01   -1.056318e+02   0.000000e+00   0.000000e+00   2.255836e+02   2.661748e-10   1.723879e-04
9.850000e+01   -1.048127e+02   0.000000e+00   0.000000e+00   2.260153e+02   2.617363e-10   1.698377e-04
9.860000e+01   -1.038624e+02   0.000000e+00   0.000000e+00   2.264418e+02   2.574041e-10   1.673418e-04
9.870000e+01   -1.027881e+02   0.000000e+00   0.000000e+00   2.268642e+02   2.531744e-10   1.648990e-04
9.880000e+01   -1.012661e+02   0.000000e+00   0.000000e+00   2.272835e+02   2.490433e-10   1.625081e-04
9.890000e+01   -9.940000e+01   0.000000e+00   0.000000e+00   2.277008e+02   2.450068e-10   1.601678e-04
9.900000e+01   -9.738247e+01   0.000000e+00   0.000000e+00   2.281173e+02   2.410614e-10   1.578768e-04
9.910000e+01   -9.540628e+01   0.000000e+00   0.000000e+00   2.285340e+02   2.372035e-10   1.556340e-04
9.920000e+01   -9.362722e+01   0.000000e+00   0.000000e+00   2.289520e+02   2.334297e-10   1.534380e-04
9.930000e+01   -9.188817e+01   0.000000e+00   0.000000e+00   2.293724e+02   2.297364e-10   1.512876e-04
9.940000e+01   -9.016255e+01   0.000000e+00   0.000000e+00   2.297963e+02   2.261206e-10   1.491817e-04
9.950000e+01   -8.847816e+01   0.000000e+00   0.000000e+00   2.302247e+02   2.225789e-10   1.471189e-04
9.960000e+01   -8.686276e+01   0.000000e+00   0.000000e+00   2.306588e+02   2.191083e-10   1.450980e-04
9.970000e+01   -8.535247e+01   0.000000e+00   0.000000e+00   2.310997e+02   2.157057e-10   1.431177e-04
9.980000e+01   -8.400678e+01   0.000000e+00   0.000000e+00   2.315483e+02   2.123682e-10   1.411768e-04
9.990000e+01   -8.274200e+01   0.000000e+00   0.000000e+00   2.320058e+02   2.090928e-10   1.392741e-04
1.000000e+02   -8.144739e+01   0.000000e+00   0.000000e+00   2.324734e+02   2.058769e-10   1.374084e-04
1.001000e+02   -8.001225e+01   0.000000e+00   0.000000e+00   2.329520e+02   2.027175e-10   1.355782e-04
1.002000e+02   -7.826796e+01   0.000000e+00   0.000000e+00   2.334428e+02   1.996120e-10   1.337826e-04
1.003000e+02   -7.569027e+01   0.000000e+00   0.000000e+00   2.339469e+02   1.965578e-10   1.320201e-04
1.004000e+02   -7.264572e+01   0.000000e+00   0.000000e+00   2.344653e+02   1.935524e-10   1.302895e-04
1.005000e+02   -6.972008e+01   0.000000e+00   0.000000e+00   2.349991e+02   1.905933e-10   1.285897e-04
1.006000e+02   -6.749910e+01   0.000000e+00   0.000000e+00   2.355494e+02   1.876779e-10   1.269192e-04
1.007000e+02   -6.647758e+01   0.000000e+00   0.000000e+00   2.361173e+02   1.848040e-10   1.252770e-04
1.008000e+02   -6.587396e+01   0.000000e+00   0.000000e+00   2.367039e+02   1.819691e-10   1.236618e-04
1.009000e+02   -6.533275e+01   0.000000e+00   0.000000e+00   2.373103e+02   1.791711e-10   1.220723e-04
1.010000e+02   -6.481617e+01   0.000000e+00   0.000000e+00   2.379376e+02   1.764078e-10   1.205072e-04
1.011000e+02   -6.428635e+01   0.000000e+00   0.000000e+00   2.385867e+02   1.736769e-10   1.189654e-04
1.012000e+02   -6.367307e+01   0.000000e+00   0.000000e+00   2.392582e+02   1.709777e-10   1.174461e-04
1.013000e+02   -6.250890e+01   0.000000e+00   0.000000e+00   2.399515e+02   1.683104e-10   1.159490e-04
1.014000e+02   -6.077972e+01   0.000000e+00   0.000000e+00   2.406665e+02   1.656755e-10   1.144738e-04
1.015000e+02   -5.865651e+01   0.000000e+00   0.000000e+00   2.414026e+02   1.630731e-10   1.130204e-04
1.016000e+02   -5.631023e+01   0.000000e+00   0.000000e+00   2.421596e+02   1.605037e-10   1.115884e-04
1.017000e+02   -5.385871e+01   0.000000e+00   0.000000e+00   2.429370e+02   1.579673e-10   1.101776e-04
1.018000e+02   -5.053787e+01   0.000000e+00   0.000000e+00   2.437345e+02   1.554642e-10   1.087877e-04
1.019000e+02   -4.647371e+01   0.000000e+00   0.000000e+00   2.445517e+02   1.529946e-10   1.074185e-04
1.020000e+02   -4.222938e+01   0.000000e+00   0.000000e+00   2.453882e+02   1.505585e-10   1.060697e-04
1.021000e+02   -3.836802e+01   0.000000e+00   0.000000e+00   2.462436e+02   1.481561e-10   1.047411e-04
1.022000e+02   -3.542606e+01   0.000000e+00   0.000000e+00   2.471176e+02   1.457875e-10   1.034323e-04
1.023000e+02   -3.312430e+01   0.000000e+00   0.000000e+00   2.480099e+02   1.434526e-10   1.021433e-04
1.024000e+02   -3.111129e+01   0.000000e+00   0.000000e+00   2.489199e+02   1.411515e-10   1.008736e-04
1.025000e+02   -2.925607e+01   0.000000e+00   0.000000e+00   2.498474e+02   1.388842e-10   9.962309e-05
1.026000e+02   -2.742771e+01   0.000000e+00   0.000000e+00   2.507920e+02   1.366505e-10   9.839145e-05
1.027000e+02   -2.549467e+01   0.000000e+00   0.000000e+00   2.517533e+02   1.344505e-10   9.717844e-05
1.028000e+02   -2.337647e+01   0.000000e+00   0.000000e+00   2.527310e+02   1.322839e-10   9.598380e-05
1.029000e+02   -2.119104e+01   0.000000e+00   0.000000e+00   2.537246e+02   1.301508e-10   9.480728e-05
1.030000e+02   -1.909625e+01   0.000000e+00   0.000000e+00   2.547337e+02   1.280509e-10   9.364862e-05
1.031000e+02   -1.724997e+01   0.000000e+00   0.000000e+00   2.557581e+02   1.259840e-10   9.250757e-05
1.032000e+02   -1.580159e+01   0.000000e+00   0.000000e+00   2.567973e+02   1.239500e-10   9.138386e-05
1.033000e+02   -1.450895e+01   0.000000e+00   0.000000e+00   2.578510e+02   1.219487e-10   9.027725e-05
1.034000e+02   -1.327986e+01   0.000000e+00   0.000000e+00   2.589188e+02   1.199797e-10   8.918747e-05
1.035000e+02   -1.222926e+01   0.000000e+00   0.000000e+00   2.600003e+02   1.180430e-10   8.811428e-05
1.036000e+02   -1.147209e+01   0.000000e+00   0.000000e+00   2.610951e+02   1.161381e-10   8.705741e-05
1.037000e+02   -1.113188e+01   0.000000e+00   0.000000e+00   2.622029e+02   1.142648e-10   8.601661e-05
1.038000e+02   -1.180789e+01   0.000000e+00   0.000000e+00   2.633233e+02   1.124228e-10   8.499163e-05
1.039000e+02   -1.352928e+01   0.000000e+00   0.000000e+00   2.644559e+02   1.106118e-10   8.398220e-05
1.040000e+02   -1.589865e+01   0.000000e+00   0.000000e+00   2.656004e+02   1.088315e-10   8.298807e-05
1.041000e+02   -1.851862e+01   0.000000e+00   0.000000e+00   2.667563e+02   1.070815e-10   8.200899e-05
1.042000e+02   -2.099822e+01   0.000000e+00   0.000000e+00   2.679234e+02   1.053614e-10   8.104470e-05
1.043000e+02   -2.371493e+01   0.000000e+00   0.000000e+00   2.691011e+02   1.036710e-10   8.009495e-05
1.044000e+02   -2.685877e+01   0.000000e+00   0.000000e+00   2.702892e+02   1.020098e-10   7.915947e-05
1.045000e+02   -3.010873e+01   0.000000e+00   0.000000e+00   2.714873e+02   1.003774e-10   7.823801e-05
1.046000e+02   -3.314382e+01   0.000000e+00   0.000000e+00   2.726950e+02   9.877347e-11   7.733032e-05
1.047000e+02   -3.564402e+01   0.000000e+00   0.000000e+00   2.739119e+02   9.719759e-11   7.643614e-05
1.048000e+02   -3.761838e+01   0.000000e+00   0.000000e+00   2.751377e+02   9.564936e-11   7.555522e-05
1.049000e+02   -3.932230e+01   0.000000e+00   0.000000e+00   2.763719e+02   9.412835e-11   7.468729e-05
1.050000e+02   -4.088776e+01   0.000000e+00   0.000000e+00   2.776143e+02   9.263415e-11   7.383210e-05
1.051000e+02   -4.244673e+01   0.000000e+00   0.000000e+00   2.788644e+02   9.116633e-11   7.298941e-05
1.052000e+02   -4.413115e+01   0.000000e+00   0.000000e+00   2.801218e+02   8.972446e-11   7.215894e-05
1.053000e+02   -4.595901e+01   0.000000e+00   0.000000e+00   2.813866e+02   8.830809e-11   7.134051e-05
1.054000e+02   -4.784663e+01   0.000000e+00   0.000000e+00   2.826587e+02   8.691678e-11   7.053398e-05
1.055000e+02   -4.975834e+01   0.000000e+00   0.000000e+00   2.839384e+02   8.555007e-11   6.973919e-05
1.056000e+02   -5.165843e+01   0.000000e+00   0.000000e+00   2.852259e+02   8.420752e-11   6.895601e-05
1.057000e+02   -5.351124e+01   0.000000e+00   0.000000e+00   2.865211e+02   8.288870e-11   6.818429e-05
1.058000e+02   -5.542957e+01   0.000000e+00   0.000000e+00   2.878244e+02   8.159318e-11   6.742389e-05
1.059000e+02   -5.743937e+01   0.000000e+00   0.000000e+00   2.891358e+02   8.032054e-11   6.667466e-05
1.060000e+02   -5.937467e+01   0.000000e+00   0.000000e+00   2.904555e+02   7.907037e-11   6.593647e-05
1.061000e+02   -6.106948e+01   0.000000e+00   0.000000e+00   2.917836e+02   7.784225e-11   6.520916e-05
1.062000e+02   -6.235783e+01   0.000000e+00   0.000000e+00   2.931203e+02   7.663578e-11   6.449259e-05
1.063000e+02   -6.318298e+01   0.000000e+00   0.000000e+00   2.944657e+02   7.545058e-11   6.378663e-05
1.064000e+02   -6.372981e+01   0.000000e+00   0.000000e+00   2.958200e+02   7.428624e-11   6.309112e-05
1.065000e+02   -6.418369e+01   0.000000e+00   0.000000e+00   2.971832e+02   7.314238e-11   6.240592e-05
1.066000e+02   -6.472989e+01   0.000000e+00   0.000000e+00   2.985557e+02   7.201863e-11   6.173089e-05
1.067000e+02   -6.555371e+01   0.000000e+00   0.000000e+00   2.999374e+02   7.091460e-11   6.106588e-05
1.068000e+02   -6.692539e+01   0.000000e+00   0.000000e+00   3.013286e+02   6.982994e-11   6.041076e-05
1.069000e+02   -6.887977e+01   0.000000e+00   0.000000e+00   3.027293e+02   6.876427e-11   5.976537e-05
1.070000e+02   -7.118531e+01   0.000000e+00   0.000000e+00   3.041398e+02   6.771723e-11   5.912958e-05
1.071000e+02   -7.360974e+01   0.000000e+00   0.000000e+00   3.055602e+02   6.668848e-11   5.850324e-05
1.072000e+02   -7.592077e+01   0.000000e+00   0.000000e+00   3.069905e+02   6.567767e-11   5.788621e-05
1.073000e+02   -7.822616e+01   0.000000e+00   0.000000e+00   3.084311e+02   6.468445e-11   5.727834e-05
1.074000e+02   -8.076395e+01   0.000000e+00   0.000000e+00   3.098820e+02   6.370848e-11   5.667948e-05
1.075000e+02   -8.326445e+01   0.000000e+00   0.000000e+00   3.113433e+02   6.274943e-11   5.608951e-05
1.076000e+02   -8.545372e+01   0.000000e+00   0.000000e+00   3.128152e+02   6.180697e-11   5.550827e-05
1.077000e+02   -8.705781e+01   0.000000e+00   0.000000e+00   3.142979e+02   6.088078e-11   5.493561e-05
1.078000e+02   -8.806359e+01   0.000000e+00   0.000000e+00   3.157914e+02   5.997053e-11   5.437140e-05
1.079000e+02   -8.882764e+01   0.000000e+00   0.000000e+00   3.172960e+02   5.907590e-11   5.381549e-05
1.080000e+02   -8.943071e+01   0.000000e+00   0.000000e+00   3.188118e+02   5.819660e-11   5.326774e-05
1.081000e+02   -8.994841e+01   0.000000e+00   0.000000e+00   3.203389e+02   5.733230e-11   5.272800e-05
1.082000e+02   -9.045636e+01   0.000000e+00   0.000000e+00   3.218774e+02   5.648270e-11   5.219613e-05
1.083000e+02   -9.106659e+01   0.000000e+00   0.000000e+00   3.234276e+02   5.564752e-11   5.167199e-05
1.084000e+02   -9.178333e+01   0.000000e+00   0.000000e+00   3.249895e+02   5.482644e-11   5.115544e-05
1.085000e+02   -9.243782e+01   0.000000e+00   0.000000e+00   3.265634e+02   5.401919e-11   5.064632e-05
1.086000e+02   -9.285871e+01   0.000000e+00   0.000000e+00   3.281493e+02   5.322547e-11   5.014449e-05
1.087000e+02   -9.287462e+01   0.000000e+00   0.000000e+00   3.297473e+02   5.244500e-11   4.964982e-05
1.088000e+02   -9.249594e+01   0.000000e+00   0.000000e+00   3.313578e+02   5.167750e-11   4.916216e-05
1.089000e+02   -9.203832e+01   0.000000e+00   0.000000e+00   3.329807e+02   5.092269e-11   4.868136e-05
1.090000e+02   -9.154809e+01   0.000000e+00   0.000000e+00   3.346162e+02   5.018032e-11   4.820729e-05
1.091000e+02   -9.106161e+01   0.000000e+00   0.000000e+00   3.362645e+02   4.945009e-11   4.773979e-05
1.092000e+02   -9.061523e+01   0.000000e+00   0.000000e+00   3.379257e+02   4.873176e-11   4.727872e-05
1.093000e+02   -9.021918e+01   0.000000e+00   0.000000e+00   3.396000e+02   4.802507e-11   4.682395e-05
1.094000e+02   -8.983480e+01   0.000000e+00   0.000000e+00   3.412875e+02   4.732975e-11   4.637532e-05
1.095000e+02   -8.946812e+01   0.000000e+00   0.000000e+00   3.429883e+02   4.664555e-11   4.593269e-05
1.096000e+02   -8.912738e+01   0.000000e+00   0.000000e+00   3.447027e+02   4.597222e-11   4.549592e-05
1.097000e+02   -8.882079e+01   0.000000e+00   0.000000e+00   3.464307e+02   4.530952e-11   4.506487e-05
1.098000e+02   -8.863813e+01   0.000000e+00   0.000000e+00   3.481724e+02   4.465721e-11   4.463939e-05
1.099000e+02   -8.875668e+01   0.000000e+00   0.000000e+00   3.499281e+02   4.401504e-11   4.421934e-05
1.100000e+02   -8.911263e+01   0.000000e+00   0.000000e+00   3.516979e+02   4.338278e-11   4.380458e-05
1.101000e+02   -8.963004e+01   0.000000e+00   0.000000e+00   3.534813e+02   4.276032e-11   4.339501e-05
1.102000e+02   -9.023260e+01   0.000000e+00   0.000000e+00   3.552776e+02   4.214761e-11   4.299057e-05
1.103000e+02   -9.095090e+01   0.000000e+00   0.000000e+00   3.570861e+02   4.154461e-11   4.259122e-05
1.104000e+02   -9.201236e+01   0.000000e+00   0.000000e+00   3.589060e+02   4.095127e-11   4.219689e-05
1.105000e+02   -9.334816e+01   0.000000e+00   0.000000e+00   3.607365e+02   4.036753e-11   4.180754e-05
1.106000e+02   -9.486965e+01   0.000000e+00   0.000000e+00   3.625768e+02   3.979332e-11   4.142310e-05
1.107000e+02   -9.648818e+01   0.000000e+00   0.000000e+00   3.644262e+02   3.922859e-11   4.104352e-05
1.108000e+02   -9.830223e+01   0.000000e+00   0.000000e+00   3.662838e+02   3.867326e-11   4.066875e-05
1.109000e+02   -1.006759e+02   0.000000e+00   0.000000e+00   3.681490e+02   3.812725e-11   4.029874e-05
1.110000e+02   -1.032379e+02   0.000000e+00   0.000000e+00   3.700209e+02   3.759048e-11   3.993341e-05
1.111000e+02   -1.055641e+02   0.000000e+00   0.000000e+00   3.718987e+02   3.706287e-11   3.957274e-05
1.112000e+02   -1.072301e+02   0.000000e+00   0.000000e+00   3.737818e+02   3.654432e-11   3.921664e-05
1.113000e+02   -1.080688e+02   0.000000e+00   0.000000e+00   3.756692e+02   3.603476e-11   3.886508e-05
1.114000e+02   -1.087601e+02   0.000000e+00   0.000000e+00   3.775603e+02   3.553407e-11   3.851800e-05
1.115000e+02   -1.093303e+02   0.000000e+00   0.000000e+00   3.794543e+02   3.504218e-11   3.817534e-05
1.116000e+02   -1.097281e+02   0.000000e+00   0.000000e+00   3.813503e+02   3.455896e-11   3.783704e-05
1.117000e+02   -1.099021e+02   0.000000e+00   0.000000e+00   3.832477e+02   3.408433e-11   3.750306e-05
1.118000e+02   -1.098472e+02   0.000000e+00   0.000000e+00   3.851456e+02   3.361818e-11   3.717333e-05
1.119000e+02   -1.097275e+02   0.000000e+00   0.000000e+00   3.870433e+02   3.316039e-11   3.684781e-05
1.120000e+02   -1.095670e+02   0.000000e+00   0.000000e+00   3.889400e+02   3.271088e-11   3.652643e-05
1.121000e+02   -1.093704e+02   0.000000e+00   0.000000e+00   3.908350e+02   3.226952e-11   3.620914e-05
1.122000e+02   -1.091426e+02   0.000000e+00   0.000000e+00   3.927274e+02   3.183620e-11   3.589590e-05
1.123000e+02   -1.088049e+02   0.000000e+00   0.000000e+00   3.946164e+02   3.141083e-11   3.558663e-05
1.124000e+02   -1.080123e+02   0.000000e+00   0.000000e+00   3.965014e+02   3.099327e-11   3.528129e-05
1.125000e+02   -1.068101e+02   0.000000e+00   0.000000e+00   3.983815e+02   3.058342e-11   3.497982e-05
1.126000e+02   -1.052955e+02   0.000000e+00   0.000000e+00   4.002560e+02   3.018117e-11   3.468217e-05
1.127000e+02   -1.035653e+02   0.000000e+00   0.000000e+00   4.021240e+02   2.978641e-11   3.438828e-05
1.128000e+02   -1.014747e+02   0.000000e+00   0.000000e+00   4.039849e+02   2.939901e-11   3.409810e-05
1.129000e+02   -9.808355e+01   0.000000e+00   0.000000e+00   4.058378e+02   2.901888e-11   3.381158e-05
1.130000e+02   -9.388765e+01   0.000000e+00   0.000000e+00   4.076819e+02   2.864588e-11   3.352864e-05
1.131000e+02   -8.959016e+01   0.000000e+00   0.000000e+00   4.095166e+02   2.827991e-11   3.324925e-05
1.132000e+02   -8.589422e+01   0.000000e+00   0.000000e+00   4.113410e+02   2.792086e-11   3.297335e-05
1.133000e+02   -8.336008e+01   0.000000e+00   0.000000e+00   4.131543e+02   2.756861e-11   3.270088e-05
1.134000e+02   -8.147372e+01   0.000000e+00   0.000000e+00   4.149558e+02   2.722305e-11   3.243179e-05
1.135000e+02   -7.987584e+01   0.000000e+00   0.000000e+00   4.167447e+02   2.688406e-11   3.216602e-05
1.136000e+02   -7.831004e+01   0.000000e+00   0.000000e+00   4.185202e+02   2.655154e-11   3.190352e-05
1.137000e+02   -7.651990e+01   0.000000e+00   0.000000e+00   4.202816e+02   2.622538e-11   3.164423e-05
1.138000e+02   -7.424981e+01   0.000000e+00   0.000000e+00   4.220281e+02   2.590546e-11   3.138809e-05
1.139000e+02   -7.141775e+01   0.000000e+00   0.000000e+00   4.237588e+02   2.559167e-11   3.113506e-05
1.140000e+02   -6.821769e+01   0.000000e+00   0.000000e+00   4.254731e+02   2.528391e-11   3.088508e-05
1.141000e+02   -6.486491e+01   0.000000e+00   0.000000e+00   4.271702e+02   2.498207e-11   3.063809e-05
1.142000e+02   -6.157470e+01   0.000000e+00   0.000000e+00   4.288492e+02   2.468604e-11   3.039403e-05
1.143000e+02   -5.853537e+01   -0.000000e+00   -0.000000e+00   4.305094e+02   2.439571e-11   3.015286e-05
1.144000e+02   -5.565002e+01   -0.000000e+00   -0.000000e+00   4.321501e+02   2.411099e-11   2.991452e-05
1.145000e+02   -5.281757e+01   -0.000000e+00   -0.000000e+00   4.337705e+02   2.383176e-11   2.967894e-05
1.146000e+02   -4.996781e+01   -0.000000e+00   -0.000000e+00   4.353697e+02   2.355793e-11   2.944609e-05
1.147000e+02   -4.703056e+01   -0.000000e+00   -0.000000e+00   4.369471e+02   2.328939e-11   2.921590e-05
1.148000e+02   -4.392159e+01   -0.000000e+00   -0.000000e+00   4.385018e+02   2.302604e-11   2.898832e-05
1.149000e+02   -4.052509e+01   -0.000000e+00   -0.000000e+00   4.400330e+02   2.276779e-11   2.876328e-05
1.150000e+02   -3.698120e+01   -0.000000e+00   -0.000000e+00   4.415401e+02   2.251453e-11   2.854075e-05
1.151000e+02   -3.347701e+01   -0.000000e+00   -0.000000e+00   4.430222e+02   2.226617e-11   2.832066e-05
1.152000e+02   -3.019960e+01   -0.000000e+00   -0.000000e+00   4.444785e+02   2.202261e-11   2.810296e-05
1.153000e+02   -2.730204e+01   -0.000000e+00   -0.000000e+00   4.459084e+02   2.178376e-11   2.788758e-05
1.154000e+02   -2.456405e+01   -0.000000e+00   -0.000000e+00   4.473109e+02   2.154953e-11   2.767449e-05
1.155000e+02   -2.196119e+01   -0.000000e+00   -0.000000e+00   4.486853e+02   2.131982e-11   2.746362e-05
1.156000e+02   -1.956270e+01   -0.000000e+00   -0.000000e+00   4.500309e+02   2.109454e-11   2.725492e-05
1.157000e+02   -1.743779e+01   -0.000000e+00   -0.000000e+00   4.513469e+02   2.087361e-11   2.704833e-05
1.158000e+02   -1.563673e+01   -0.000000e+00   -0.000000e+00   4.526325e+02   2.065693e-11   2.684380e-05
1.159000e+02   -1.397980e+01   -0.000000e+00   -0.000000e+00   4.538870e+02   2.044442e-11   2.664127e-05
1.160000e+02   -1.245327e+01   -0.000000e+00   -0.000000e+00   4.551101e+02   2.023597e-11   2.644070e-05
1.161000e+02   -1.111889e+01   -0.000000e+00   -0.000000e+00   4.563025e+02   2.003148e-11   2.624208e-05
1.162000e+02   -1.003839e+01   -0.000000e+00   -0.000000e+00   4.574650e+02   1.983082e-11   2.604539e-05
1.163000e+02   -9.256744e+00   -0.000000e+00   -0.000000e+00   4.585981e+02   1.963388e-11   2.585060e-05
1.164000e+02   -8.571039e+00   -0.000000e+00   -0.000000e+00   4.597028e+02   1.944055e-11   2.565772e-05
1.165000e+02   -7.952168e+00   -0.000000e+00   -0.000000e+00   4.607796e+02   1.925074e-11   2.546671e-05
1.166000e+02   -7.462444e+00   -0.000000e+00   -0.000000e+00   4.618293e+02   1.906433e-11   2.527757e-05
1.167000e+02   -7.164182e+00   -0.000000e+00   -0.000000e+00   4.628526e+02   1.888123e-11   2.509027e-05
1.168000e+02   -7.147011e+00   -0.000000e+00   -0.000000e+00   4.638502e+02   1.870135e-11   2.490480e-05
1.169000e+02   -7.872423e+00   -0.000000e+00   -0.000000e+00   4.648229e+02   1.852460e-11   2.472115e-05
1.170000e+02   -9.149166e+00   -0.000000e+00   -0.000000e+00   4.657714e+02   1.835088e-11   2.453929e-05
1.171000e+02   -1.053412e+01   -0.000000e+00   -0.000000e+00   4.666963e+02   1.818011e-11   2.435921e-05
1.172000e+02   -1.158417e+01   -0.000000e+00   -0.000000e+00   4.675985e+02   1.801221e-11   2.418090e-05
1.173000e+02   -1.188020e+01   -0.000000e+00   -0.000000e+00   4.684785e+02   1.784710e-11   2.400434e-05
1.174000e+02   -1.171798e+01   -0.000000e+00   -0.000000e+00   4.693372e+02   1.768470e-11   2.382950e-05
1.175000e+02   -1.141227e+01   -0.000000e+00   -0.000000e+00   4.701753e+02   1.752492e-11   2.365638e-05
1.176000e+02   -1.107281e+01   -0.000000e+00   -0.000000e+00   4.709934e+02   1.736771e-11   2.348496e-05
1.177000e+02   -1.080934e+01   -0.000000e+00   -0.000000e+00   4.717923e+02   1.721299e-11   2.331522e-05
1.178000e+02   -1.072786e+01   -0.000000e+00   -0.000000e+00   4.725727e+02   1.706068e-11   2.314714e-05
1.179000e+02   -1.078513e+01   -0.000000e+00   -0.000000e+00   4.733354e+02   1.691073e-11   2.298072e-05
1.180000e+02   -1.092041e+01   -0.000000e+00   -0.000000e+00   4.740810e+02   1.676306e-11   2.281592e-05
1.181000e+02   -1.111950e+01   -0.000000e+00   -0.000000e+00   4.748102e+02   1.661761e-11   2.265275e-05
1.182000e+02   -1.136820e+01   -0.000000e+00   -0.000000e+00   4.755239e+02   1.647431e-11   2.249117e-05
1.183000e+02   -1.166160e+01   -0.000000e+00   -0.000000e+00   4.762226e+02   1.633312e-11   2.233117e-05
1.184000e+02   -1.235534e+01   -0.000000e+00   -0.000000e+00   4.769071e+02   1.619397e-11   2.217274e-05
1.185000e+02   -1.344416e+01   -0.000000e+00   -0.000000e+00   4.775782e+02   1.605680e-11   2.201586e-05
1.186000e+02   -1.466152e+01   -0.000000e+00   -0.000000e+00   4.782365e+02   1.592155e-11   2.186052e-05
1.187000e+02   -1.574085e+01   -0.000000e+00   -0.000000e+00   4.788828e+02   1.578818e-11   2.170669e-05
1.188000e+02   -1.642136e+01   -0.000000e+00   -0.000000e+00   4.795178e+02   1.565662e-11   2.155436e-05
1.189000e+02   -1.688340e+01   -0.000000e+00   -0.000000e+00   4.801422e+02   1.552684e-11   2.140352e-05
1.190000e+02   -1.730028e+01   -0.000000e+00   -0.000000e+00   4.807567e+02   1.539877e-11   2.125415e-05
1.191000e+02   -1.763014e+01   -0.000000e+00   -0.000000e+00   4.813620e+02   1.527237e-11   2.110622e-05
1.192000e+02   -1.783112e+01   -0.000000e+00   -0.000000e+00   4.819589e+02   1.514759e-11   2.095973e-05
1.193000e+02   -1.785975e+01   -0.000000e+00   -0.000000e+00   4.825481e+02   1.502438e-11   2.081466e-05
1.194000e+02   -1.752317e+01   -0.000000e+00   -0.000000e+00   4.831303e+02   1.490270e-11   2.067100e-05
1.195000e+02   -1.681549e+01   -0.000000e+00   -0.000000e+00   4.837061e+02   1.478250e-11   2.052871e-05
1.196000e+02   -1.588707e+01   -0.000000e+00   -0.000000e+00   4.842764e+02   1.466374e-11   2.038780e-05
1.197000e+02   -1.488823e+01   -0.000000e+00   -0.000000e+00   4.848419e+02   1.454638e-11   2.024824e-05
1.198000e+02   -1.396789e+01   -0.000000e+00   -0.000000e+00   4.854032e+02   1.443037e-11   2.011002e-05
1.199000e+02   -1.293196e+01   -0.000000e+00   -0.000000e+00   4.859611e+02   1.431568e-11   1.997311e-05
1.200000e+02   -1.171841e+01   -0.000000e+00   -0.000000e+00   4.865163e+02   1.420226e-11   1.983751e-05
1.201000e+02   -1.055455e+01   -0.000000e+00   -0.000000e+00   4.870695e+02   1.409008e-11   1.970320e-05
1.202000e+02   -9.667702e+00   -0.000000e+00   -0.000000e+00   4.876215e+02   1.397910e-11   1.957016e-05
1.203000e+02   -9.284956e+00   -0.000000e+00   -0.000000e+00   4.881729e+02   1.386928e-11   1.943837e-05
1.204000e+02   -9.364013e+00   -0.000000e+00   -0.000000e+00   4.887244e+02   1.376058e-11   1.930781e-05
1.205000e+02   -9.670580e+00   -0.000000e+00   -0.000000e+00   4.892769e+02   1.365297e-11   1.917848e-05
1.206000e+02   -1.010507e+01   -0.000000e+00   -0.000000e+00   4.898309e+02   1.354642e-11   1.905036e-05
1.207000e+02   -1.056789e+01   -0.000000e+00   -0.000000e+00   4.903873e+02   1.344089e-11   1.892342e-05
1.208000e+02   -1.095945e+01   -0.000000e+00   -0.000000e+00   4.909468e+02   1.333635e-11   1.879765e-05
1.209000e+02   -1.134634e+01   -0.000000e+00   -0.000000e+00   4.915100e+02   1.323276e-11   1.867304e-05
1.210000e+02   -1.179604e+01   -0.000000e+00   -0.000000e+00   4.920776e+02   1.313010e-11   1.854957e-05
1.211000e+02   -1.221025e+01   -0.000000e+00   -0.000000e+00   4.926505e+02   1.302833e-11   1.842722e-05
1.212000e+02   -1.249069e+01   -0.000000e+00   -0.000000e+00   4.932293e+02   1.292742e-11   1.830598e-05
1.213000e+02   -1.253907e+01   -0.000000e+00   -0.000000e+00   4.938147e+02   1.282734e-11   1.818583e-05
1.214000e+02   -1.237907e+01   -0.000000e+00   -0.000000e+00   4.944074e+02   1.272807e-11   1.806675e-05
1.215000e+02   -1.212872e+01   -0.000000e+00   -0.000000e+00   4.950083e+02   1.262958e-11   1.794872e-05
1.216000e+02   -1.180996e+01   -0.000000e+00   -0.000000e+00   4.956179e+02   1.253183e-11   1.783174e-05
1.217000e+02   -1.144458e+01   -0.000000e+00   -0.000000e+00   4.962370e+02   1.243480e-11   1.771578e-05
1.218000e+02   -1.105438e+01   -0.000000e+00   -0.000000e+00   4.968663e+02   1.233847e-11   1.760083e-05
1.219000e+02   -1.057460e+01   -0.000000e+00   -0.000000e+00   4.975066e+02   1.224280e-11   1.748686e-05
1.220000e+02   -9.942451e+00   -0.000000e+00   -0.000000e+00   4.981585e+02   1.214778e-11   1.737388e-05
1.221000e+02   -9.222808e+00   -0.000000e+00   -0.000000e+00   4.988228e+02   1.205337e-11   1.726185e-05
1.222000e+02   -8.481026e+00   -0.000000e+00   -0.000000e+00   4.995002e+02   1.195956e-11   1.715076e-05
1.223000e+02   -7.782460e+00   -0.000000e+00   -0.000000e+00   5.001914e+02   1.186633e-11   1.704060e-05
1.224000e+02   -7.079431e+00   -0.000000e+00   -0.000000e+00   5.008971e+02   1.177363e-11   1.693134e-05
1.225000e+02   -6.298391e+00   -0.000000e+00   -0.000000e+00   5.016181e+02   1.168147e-11   1.682298e-05
1.226000e+02   -5.546044e+00   -0.000000e+00   -0.000000e+00   5.023550e+02   1.158981e-11   1.671550e-05
1.227000e+02   -4.930565e+00   -0.000000e+00   -0.000000e+00   5.031086e+02   1.149863e-11   1.660887e-05
1.228000e+02   -4.560125e+00   -0.000000e+00   -0.000000e+00   5.038796e+02   1.140791e-11   1.650308e-05
1.229000e+02   -4.568431e+00   -0.000000e+00   -0.000000e+00   5.046687e+02   1.131763e-11   1.639813e-05
1.230000e+02   -4.940857e+00   -0.000000e+00   -0.000000e+00   5.054767e+02   1.122777e-11   1.629398e-05
1.231000e+02   -5.503503e+00   -0.000000e+00   -0.000000e+00   5.063042e+02   1.113832e-11   1.619063e-05
1.232000e+02   -6.081042e+00   -0.000000e+00   -0.000000e+00   5.071517e+02   1.104926e-11   1.608805e-05
1.233000e+02   -6.498198e+00   -0.000000e+00   -0.000000e+00   5.080192e+02   1.096060e-11   1.598625e-05
1.234000e+02   -6.734553e+00   -0.000000e+00   -0.000000e+00   5.089061e+02   1.087234e-11   1.588522e-05
1.235000e+02   -6.969006e+00   -0.000000e+00   -0.000000e+00   5.098124e+02   1.078451e-11   1.578495e-05
1.236000e+02   -7.155506e+00   -0.000000e+00   -0.000000e+00   5.107377e+02   1.069711e-11   1.568545e-05
1.237000e+02   -7.242380e+00   -0.000000e+00   -0.000000e+00   5.116816e+02   1.061016e-11   1.558670e-05
1.238000e+02   -7.177957e+00   -0.000000e+00   -0.000000e+00   5.126439e+02   1.052366e-11   1.548870e-05
1.239000e+02   -6.969823e+00   -0.000000e+00   -0.000000e+00   5.136244e+02   1.043762e-11   1.539145e-05
1.240000e+02   -6.720002e+00   -0.000000e+00   -0.000000e+00   5.146226e+02   1.035205e-11   1.529494e-05
1.241000e+02   -6.438430e+00   -0.000000e+00   -0.000000e+00   5.156384e+02   1.026697e-11   1.519917e-05
1.242000e+02   -6.131722e+00   -0.000000e+00   -0.000000e+00   5.166714e+02   1.018237e-11   1.510413e-05
1.243000e+02   -5.806498e+00   -0.000000e+00   -0.000000e+00   5.177214e+02   1.009827e-11   1.500982e-05
1.244000e+02   -5.428285e+00   -0.000000e+00   -0.000000e+00   5.187879e+02   1.001468e-11   1.491624e-05
1.245000e+02   -4.929296e+00   -0.000000e+00   -0.000000e+00   5.198708e+02   9.931604e-12   1.482338e-05
1.246000e+02   -4.351431e+00   -0.000000e+00   -0.000000e+00   5.209698e+02   9.849046e-12   1.473123e-05
1.247000e+02   -3.740752e+00   -0.000000e+00   -0.000000e+00   5.220845e+02   9.767016e-12   1.463980e-05
1.248000e+02   -3.143319e+00   -0.000000e+00   -0.000000e+00   5.232147e+02   9.685519e-12   1.454907e-05
1.249000e+02   -2.584312e+00   -0.000000e+00   -0.000000e+00   5.243601e+02   9.604562e-12   1.445904e-05
1.250000e+02   -2.028925e+00   -0.000000e+00   -0.000000e+00   5.255203e+02   9.524151e-12   1.436972e-05
1.251000e+02   -1.467485e+00   -0.000000e+00   -0.000000e+00   5.266952e+02   9.444292e-12   1.428108e-05
1.252000e+02   -8.924437e-01   -0.000000e+00   -0.000000e+00   5.278843e+02   9.364989e-12   1.419314e-05
1.253000e+02   -2.962536e-01   -0.000000e+00   -0.000000e+00   5.290874e+02   9.286247e-12   1.410587e-05
1.254000e+02   3.662102e-01   -0.000000e+00   -0.000000e+00   5.303042e+02   9.208072e-12   1.401929e-05
1.255000e+02   1.153155e+00   -0.000000e+00   -0.000000e+00   5.315345e+02   9.130466e-12   1.393339e-05
1.256000e+02   1.959935e+00   -0.000000e+00   -0.000000e+00   5.327778e+02   9.053436e-12   1.384815e-05
1.257000e+02   2.673190e+00   -0.000000e+00   -0.000000e+00   5.340340e+02   8.976983e-12   1.376359e-05
1.258000e+02   3.179560e+00   -0.000000e+00   -0.000000e+00   5.353027e+02   8.901111e-12   1.367968e-05
1.259000e+02   3.398327e+00   -0.000000e+00   -0.000000e+00   5.365837e+02   8.825824e-12   1.359644e-05
1.260000e+02   3.410735e+00   -0.000000e+00   -0.000000e+00   5.378765e+02   8.751124e-12   1.351384e-05
1.261000e+02   3.299233e+00   -0.000000e+00   -0.000000e+00   5.391811e+02   8.677014e-12   1.343190e-05
1.262000e+02   3.141650e+00   -0.000000e+00   -0.000000e+00   5.404970e+02   8.603497e-12   1.335060e-05
1.263000e+02   3.015815e+00   -0.000000e+00   -0.000000e+00   5.418240e+02   8.530574e-12   1.326993e-05
1.264000e+02   2.965334e+00   -0.000000e+00   -0.000000e+00   5.431617e+02   8.458246e-12   1.318991e-05
1.265000e+02   2.915435e+00   -0.000000e+00   -0.000000e+00   5.445099e+02   8.386517e-12   1.311052e-05
1.266000e+02   2.871689e+00   -0.000000e+00   -0.000000e+00   5.458683e+02   8.315386e-12   1.303175e-05
1.267000e+02   2.849741e+00   -0.000000e+00   -0.000000e+00   5.472366e+02   8.244855e-12   1.295360e-05
1.268000e+02   2.865238e+00   -0.000000e+00   -0.000000e+00   5.486145e+02   8.174926e-12   1.287607e-05
1.269000e+02   2.933514e+00   -0.000000e+00   -0.000000e+00   5.500017e+02   8.105598e-12   1.279916e-05
1.270000e+02   3.050278e+00   -0.000000e+00   -0.000000e+00   5.513979e+02   8.036871e-12   1.272285e-05
1.271000e+02   3.188483e+00   -0.000000e+00   -0.000000e+00   5.528028e+02   7.968747e-12   1.264715e-05
1.272000e+02   3.320052e+00   -0.000000e+00   -0.000000e+00   5.542162e+02   7.901226e-12   1.257205e-05
1.273000e+02   3.416911e+00   -0.000000e+00   -0.000000e+00   5.556376e+02   7.834306e-12   1.249754e-05
1.274000e+02   3.436773e+00   -0.000000e+00   -0.000000e+00   5.570670e+02   7.767988e-12   1.242362e-05
1.275000e+02   3.322633e+00   -0.000000e+00   -0.000000e+00   5.585038e+02   7.702271e-12   1.235029e-05
1.276000e+02   3.125868e+00   -0.000000e+00   -0.000000e+00   5.599479e+02   7.637154e-12   1.227755e-05
1.277000e+02   2.909002e+00   -0.000000e+00   -0.000000e+00   5.613990e+02   7.572637e-12   1.220537e-05
1.278000e+02   2.734556e+00   -0.000000e+00   -0.000000e+00   5.628567e+02   7.508718e-12   1.213378e-05
1.279000e+02   2.653497e+00   -0.000000e+00   -0.000000e+00   5.643208e+02   7.445396e-12   1.206275e-05
1.280000e+02   2.631776e+00   -0.000000e+00   -0.000000e+00   5.657910e+02   7.382670e-12   1.199228e-05
1.281000e+02   2.635201e+00   -0.000000e+00   -0.000000e+00   5.672670e+02   7.320537e-12   1.192238e-05
1.282000e+02   2.635122e+00   -0.000000e+00   -0.000000e+00   5.687484e+02   7.258997e-12   1.185303e-05
1.283000e+02   2.602886e+00   -0.000000e+00   -0.000000e+00   5.702351e+02   7.198048e-12   1.178423e-05
1.284000e+02   2.512695e+00   -0.000000e+00   -0.000000e+00   5.717266e+02   7.137687e-12   1.171597e-05
1.285000e+02   2.367116e+00   -0.000000e+00   -0.000000e+00   5.732228e+02   7.077912e-12   1.164826e-05
1.286000e+02   2.176372e+00   -0.000000e+00   -0.000000e+00   5.747233e+02   7.018722e-12   1.158108e-05
1.287000e+02   1.949397e+00   -0.000000e+00   -0.000000e+00   5.762278e+02   6.960113e-12   1.151444e-05
1.288000e+02   1.695126e+00   -0.000000e+00   -0.000000e+00   5.777361e+02   6.902084e-12   1.144833e-05
1.289000e+02   1.399170e+00   -0.000000e+00   -0.000000e+00   5.792477e+02   6.844630e-12   1.138274e-05
1.290000e+02   9.509823e-01   -0.000000e+00   -0.000000e+00   5.807626e+02   6.787751e-12   1.131767e-05
1.291000e+02   4.378320e-01   -0.000000e+00   -0.000000e+00   5.822802e+02   6.731443e-12   1.125311e-05
1.292000e+02   -1.713120e-02   -0.000000e+00   -0.000000e+00   5.838005e+02   6.675703e-12   1.118906e-05
1.293000e+02   -2.907576e-01   -0.000000e+00   -0.000000e+00   5.853229e+02   6.620528e-12   1.112552e-05
1.294000e+02   -2.916235e-01   -0.000000e+00   -0.000000e+00   5.868474e+02   6.565914e-12   1.106249e-05
1.295000e+02   -1.945505e-01   -0.000000e+00   -0.000000e+00   5.883735e+02   6.511860e-12   1.099995e-05
1.296000e+02   -5.790531e-02   -0.000000e+00   -0.000000e+00   5.899011e+02   6.458360e-12   1.093790e-05
1.297000e+02   1.070028e-01   -0.000000e+00   -0.000000e+00   5.914297e+02   6.405413e-12   1.087634e-05
1.298000e+02   2.888646e-01   -0.000000e+00   -0.000000e+00   5.929591e+02   6.353015e-12   1.081526e-05
1.299000e+02   4.786255e-01   -0.000000e+00   -0.000000e+00   5.944890e+02   6.301161e-12   1.075466e-05
1.300000e+02   6.860435e-01   -0.000000e+00   -0.000000e+00   5.960191e+02   6.249849e-12   1.069454e-05
