#% 0, Z0, m, 0.0
#% 1, Z, km
#% 2, U, m/s
#% 3, V, m/s
#% 4, W, m/s
#% 5, T, degK
#% 6, RHO, g/cm3
#% 7, P, mbar
0.000000e+00   -2.426970e+00   0.000000e+00   0.000000e+00   2.835902e+02   1.214092e-03   9.884965e+02
1.000000e-01   -1.580534e+00   0.000000e+00   0.000000e+00   2.827060e+02   1.203426e-03   9.767572e+02
2.000000e-01   -1.009849e+00   0.000000e+00   0.000000e+00   2.817867e+02   1.192970e-03   9.651220e+02
3.000000e-01   -5.898010e-01   0.000000e+00   0.000000e+00   2.808573e+02   1.182617e-03   9.535910e+02
4.000000e-01   -2.101244e-01   0.000000e+00   0.000000e+00   2.799384e+02   1.172281e-03   9.421644e+02
5.000000e-01   1.404591e-01   0.000000e+00   0.000000e+00   2.790247e+02   1.161986e-03   9.308421e+02
6.000000e-01   4.972879e-01   0.000000e+00   0.000000e+00   2.782325e+02   1.151251e-03   9.196238e+02
7.000000e-01   8.995728e-01   0.000000e+00   0.000000e+00   2.778515e+02   1.138897e-03   9.085098e+02
8.000000e-01   1.231746e+00   0.000000e+00   0.000000e+00   2.781680e+02   1.123817e-03   8.975010e+02
9.000000e-01   1.203281e+00   0.000000e+00   0.000000e+00   2.788627e+02   1.107398e-03   8.865979e+02
1.000000e+00   7.965717e-01   0.000000e+00   0.000000e+00   2.792434e+02   1.092421e-03   8.758010e+02
1.100000e+00   2.371011e-01   0.000000e+00   0.000000e+00   2.788872e+02   1.080464e-03   8.651099e+02
1.200000e+00   -3.524120e-01   0.000000e+00   0.000000e+00   2.782799e+02   1.069569e-03   8.545219e+02
1.300000e+00   -9.386019e-01   0.000000e+00   0.000000e+00   2.776622e+02   1.058798e-03   8.440381e+02
1.400000e+00   -1.524887e+00   0.000000e+00   0.000000e+00   2.770699e+02   1.048016e-03   8.336615e+02
1.500000e+00   -2.108960e+00   0.000000e+00   0.000000e+00   2.764873e+02   1.037290e-03   8.233937e+02
1.600000e+00   -2.688389e+00   0.000000e+00   0.000000e+00   2.758748e+02   1.026762e-03   8.132316e+02
1.700000e+00   -3.251590e+00   0.000000e+00   0.000000e+00   2.752125e+02   1.016503e-03   8.031730e+02
1.800000e+00   -3.764322e+00   0.000000e+00   0.000000e+00   2.745042e+02   1.006493e-03   7.932175e+02
1.900000e+00   -4.207388e+00   0.000000e+00   0.000000e+00   2.737642e+02   9.966772e-04   7.833638e+02
2.000000e+00   -4.568478e+00   0.000000e+00   0.000000e+00   2.730101e+02   9.869866e-04   7.736104e+02
2.100000e+00   -4.808426e+00   0.000000e+00   0.000000e+00   2.722540e+02   9.773755e-04   7.639557e+02
2.200000e+00   -4.900314e+00   0.000000e+00   0.000000e+00   2.715040e+02   9.678142e-04   7.543980e+02
2.300000e+00   -4.894136e+00   0.000000e+00   0.000000e+00   2.707710e+02   9.582623e-04   7.449359e+02
2.400000e+00   -4.836954e+00   0.000000e+00   0.000000e+00   2.700779e+02   9.486400e-04   7.355680e+02
2.500000e+00   -4.775360e+00   0.000000e+00   0.000000e+00   2.694498e+02   9.388618e-04   7.262930e+02
2.600000e+00   -4.775606e+00   0.000000e+00   0.000000e+00   2.689076e+02   9.288599e-04   7.171099e+02
2.700000e+00   -4.861921e+00   0.000000e+00   0.000000e+00   2.684673e+02   9.185876e-04   7.080179e+02
2.800000e+00   -4.997357e+00   0.000000e+00   0.000000e+00   2.681390e+02   9.080194e-04   6.990165e+02
2.900000e+00   -5.134987e+00   0.000000e+00   0.000000e+00   2.678858e+02   8.972913e-04   6.901056e+02
3.000000e+00   -5.222948e+00   0.000000e+00   0.000000e+00   2.676455e+02   8.866183e-04   6.812852e+02
3.100000e+00   -5.234904e+00   0.000000e+00   0.000000e+00   2.673631e+02   8.761821e-04   6.725556e+02
3.200000e+00   -5.219817e+00   0.000000e+00   0.000000e+00   2.670172e+02   8.660478e-04   6.639164e+02
3.300000e+00   -5.214558e+00   0.000000e+00   0.000000e+00   2.665954e+02   8.562481e-04   6.553670e+02
3.400000e+00   -5.254961e+00   0.000000e+00   0.000000e+00   2.660858e+02   8.468135e-04   6.469071e+02
3.500000e+00   -5.378451e+00   0.000000e+00   0.000000e+00   2.654923e+02   8.377241e-04   6.385360e+02
3.600000e+00   -5.621504e+00   0.000000e+00   0.000000e+00   2.648390e+02   8.288974e-04   6.302533e+02
3.700000e+00   -5.970006e+00   0.000000e+00   0.000000e+00   2.641515e+02   8.202491e-04   6.220585e+02
3.800000e+00   -6.374205e+00   0.000000e+00   0.000000e+00   2.634553e+02   8.116980e-04   6.139510e+02
3.900000e+00   -6.784777e+00   0.000000e+00   0.000000e+00   2.627715e+02   8.031785e-04   6.059304e+02
4.000000e+00   -7.157208e+00   0.000000e+00   0.000000e+00   2.620994e+02   7.946941e-04   5.979961e+02
4.100000e+00   -7.427953e+00   0.000000e+00   0.000000e+00   2.614312e+02   7.862685e-04   5.901476e+02
4.200000e+00   -7.570394e+00   0.000000e+00   0.000000e+00   2.607593e+02   7.779248e-04   5.823844e+02
4.300000e+00   -7.675889e+00   0.000000e+00   0.000000e+00   2.600759e+02   7.696851e-04   5.747058e+02
4.400000e+00   -7.832679e+00   0.000000e+00   0.000000e+00   2.593808e+02   7.615498e-04   5.671114e+02
4.500000e+00   -8.113526e+00   0.000000e+00   0.000000e+00   2.586883e+02   7.534755e-04   5.596009e+02
4.600000e+00   -8.535888e+00   0.000000e+00   0.000000e+00   2.580151e+02   7.454152e-04   5.521736e+02
4.700000e+00   -8.968880e+00   0.000000e+00   0.000000e+00   2.573773e+02   7.373230e-04   5.448293e+02
4.800000e+00   -9.377572e+00   0.000000e+00   0.000000e+00   2.567915e+02   7.291552e-04   5.375674e+02
4.900000e+00   -9.752200e+00   0.000000e+00   0.000000e+00   2.562631e+02   7.208996e-04   5.303874e+02
5.000000e+00   -1.011396e+01   0.000000e+00   0.000000e+00   2.557782e+02   7.125988e-04   5.232882e+02
5.100000e+00   -1.052337e+01   0.000000e+00   0.000000e+00   2.553206e+02   7.042997e-04   5.162686e+02
5.200000e+00   -1.108804e+01   0.000000e+00   0.000000e+00   2.548743e+02   6.960475e-04   5.093277e+02
5.300000e+00   -1.176977e+01   0.000000e+00   0.000000e+00   2.544231e+02   6.878856e-04   5.024642e+02
5.400000e+00   -1.251130e+01   0.000000e+00   0.000000e+00   2.539534e+02   6.798489e-04   4.956771e+02
5.500000e+00   -1.322250e+01   0.000000e+00   0.000000e+00   2.534615e+02   6.719454e-04   4.889657e+02
5.600000e+00   -1.377724e+01   0.000000e+00   0.000000e+00   2.529459e+02   6.641767e-04   4.823293e+02
5.700000e+00   -1.408243e+01   0.000000e+00   0.000000e+00   2.524050e+02   6.565444e-04   4.757672e+02
5.800000e+00   -1.426771e+01   0.000000e+00   0.000000e+00   2.518374e+02   6.490498e-04   4.692785e+02
5.900000e+00   -1.447771e+01   0.000000e+00   0.000000e+00   2.512417e+02   6.416942e-04   4.628627e+02
6.000000e+00   -1.486286e+01   0.000000e+00   0.000000e+00   2.506193e+02   6.344720e-04   4.565195e+02
6.100000e+00   -1.552832e+01   0.000000e+00   0.000000e+00   2.499752e+02   6.273699e-04   4.502492e+02
6.200000e+00   -1.632699e+01   0.000000e+00   0.000000e+00   2.493145e+02   6.203748e-04   4.440522e+02
6.300000e+00   -1.718658e+01   0.000000e+00   0.000000e+00   2.486423e+02   6.134740e-04   4.379288e+02
6.400000e+00   -1.805222e+01   0.000000e+00   0.000000e+00   2.479637e+02   6.066552e-04   4.318793e+02
6.500000e+00   -1.886916e+01   0.000000e+00   0.000000e+00   2.472838e+02   5.999068e-04   4.259041e+02
6.600000e+00   -1.961078e+01   0.000000e+00   0.000000e+00   2.466060e+02   5.932208e-04   4.200031e+02
6.700000e+00   -2.034804e+01   0.000000e+00   0.000000e+00   2.459322e+02   5.865929e-04   4.141756e+02
6.800000e+00   -2.105208e+01   0.000000e+00   0.000000e+00   2.452638e+02   5.800191e-04   4.084210e+02
6.900000e+00   -2.167938e+01   0.000000e+00   0.000000e+00   2.446026e+02   5.734955e-04   4.027388e+02
7.000000e+00   -2.218640e+01   0.000000e+00   0.000000e+00   2.439502e+02   5.670185e-04   3.971282e+02
7.100000e+00   -2.245624e+01   0.000000e+00   0.000000e+00   2.433082e+02   5.605845e-04   3.915887e+02
7.200000e+00   -2.218955e+01   0.000000e+00   0.000000e+00   2.426777e+02   5.541911e-04   3.861195e+02
7.300000e+00   -2.160866e+01   0.000000e+00   0.000000e+00   2.420578e+02   5.478398e-04   3.807194e+02
7.400000e+00   -2.100450e+01   0.000000e+00   0.000000e+00   2.414471e+02   5.415330e-04   3.753871e+02
7.500000e+00   -2.066798e+01   0.000000e+00   0.000000e+00   2.408443e+02   5.352730e-04   3.701212e+02
7.600000e+00   -2.088397e+01   0.000000e+00   0.000000e+00   2.402478e+02   5.290619e-04   3.649206e+02
7.700000e+00   -2.168419e+01   0.000000e+00   0.000000e+00   2.396565e+02   5.229018e-04   3.597839e+02
7.800000e+00   -2.278428e+01   0.000000e+00   0.000000e+00   2.390688e+02   5.167944e-04   3.547097e+02
7.900000e+00   -2.388094e+01   0.000000e+00   0.000000e+00   2.384835e+02   5.107414e-04   3.496969e+02
8.000000e+00   -2.466974e+01   0.000000e+00   0.000000e+00   2.379006e+02   5.047428e-04   3.447451e+02
8.100000e+00   -2.493378e+01   0.000000e+00   0.000000e+00   2.373200e+02   4.987988e-04   3.398538e+02
8.200000e+00   -2.508162e+01   0.000000e+00   0.000000e+00   2.367418e+02   4.929094e-04   3.350228e+02
8.300000e+00   -2.521440e+01   0.000000e+00   0.000000e+00   2.361659e+02   4.870746e-04   3.302517e+02
8.400000e+00   -2.533312e+01   0.000000e+00   0.000000e+00   2.355925e+02   4.812943e-04   3.255401e+02
8.500000e+00   -2.543880e+01   0.000000e+00   0.000000e+00   2.350215e+02   4.755686e-04   3.208877e+02
8.600000e+00   -2.547245e+01   0.000000e+00   0.000000e+00   2.344530e+02   4.698976e-04   3.162942e+02
8.700000e+00   -2.505196e+01   0.000000e+00   0.000000e+00   2.338870e+02   4.642811e-04   3.117593e+02
8.800000e+00   -2.433222e+01   0.000000e+00   0.000000e+00   2.333239e+02   4.587184e-04   3.072825e+02
8.900000e+00   -2.358113e+01   0.000000e+00   0.000000e+00   2.327659e+02   4.532056e-04   3.028636e+02
9.000000e+00   -2.306556e+01   0.000000e+00   0.000000e+00   2.322154e+02   4.477381e-04   2.985022e+02
9.100000e+00   -2.300212e+01   0.000000e+00   0.000000e+00   2.316750e+02   4.423115e-04   2.941981e+02
9.200000e+00   -2.309669e+01   0.000000e+00   0.000000e+00   2.311471e+02   4.369216e-04   2.899508e+02
9.300000e+00   -2.322664e+01   0.000000e+00   0.000000e+00   2.306343e+02   4.315644e-04   2.857602e+02
9.400000e+00   -2.336483e+01   0.000000e+00   0.000000e+00   2.301389e+02   4.262361e-04   2.816259e+02
9.500000e+00   -2.348410e+01   0.000000e+00   0.000000e+00   2.296636e+02   4.209329e-04   2.775476e+02
9.600000e+00   -2.357208e+01   0.000000e+00   0.000000e+00   2.292109e+02   4.156515e-04   2.735250e+02
9.700000e+00   -2.373824e+01   0.000000e+00   0.000000e+00   2.287831e+02   4.103886e-04   2.695577e+02
9.800000e+00   -2.392639e+01   0.000000e+00   0.000000e+00   2.283829e+02   4.051411e-04   2.656454e+02
9.900000e+00   -2.403418e+01   0.000000e+00   0.000000e+00   2.280118e+02   3.999076e-04   2.617878e+02
1.000000e+01   -2.396944e+01   0.000000e+00   0.000000e+00   2.276689e+02   3.946910e-04   2.579843e+02
1.010000e+01   -2.364026e+01   0.000000e+00   0.000000e+00   2.273524e+02   3.894953e-04   2.542343e+02
1.020000e+01   -2.300481e+01   0.000000e+00   0.000000e+00   2.270608e+02   3.843242e-04   2.505373e+02
1.030000e+01   -2.218803e+01   0.000000e+00   0.000000e+00   2.267926e+02   3.791811e-04   2.468925e+02
1.040000e+01   -2.133961e+01   0.000000e+00   0.000000e+00   2.265460e+02   3.740696e-04   2.432995e+02
1.050000e+01   -2.060927e+01   0.000000e+00   0.000000e+00   2.263196e+02   3.689929e-04   2.397576e+02
1.060000e+01   -2.013702e+01   0.000000e+00   0.000000e+00   2.261116e+02   3.639540e-04   2.362663e+02
1.070000e+01   -1.986336e+01   0.000000e+00   0.000000e+00   2.259206e+02   3.589560e-04   2.328249e+02
1.080000e+01   -1.970048e+01   0.000000e+00   0.000000e+00   2.257449e+02   3.540017e-04   2.294328e+02
1.090000e+01   -1.959674e+01   0.000000e+00   0.000000e+00   2.255828e+02   3.490937e-04   2.260895e+02
1.100000e+01   -1.949651e+01   0.000000e+00   0.000000e+00   2.254329e+02   3.442346e-04   2.227943e+02
1.110000e+01   -1.932787e+01   0.000000e+00   0.000000e+00   2.252933e+02   3.394268e-04   2.195466e+02
1.120000e+01   -1.900230e+01   0.000000e+00   0.000000e+00   2.251622e+02   3.346727e-04   2.163456e+02
1.130000e+01   -1.857466e+01   0.000000e+00   0.000000e+00   2.250378e+02   3.299744e-04   2.131906e+02
1.140000e+01   -1.813813e+01   0.000000e+00   0.000000e+00   2.249185e+02   3.253339e-04   2.100810e+02
1.150000e+01   -1.778592e+01   0.000000e+00   0.000000e+00   2.248023e+02   3.207530e-04   2.070160e+02
1.160000e+01   -1.761095e+01   0.000000e+00   0.000000e+00   2.246875e+02   3.162336e-04   2.039949e+02
1.170000e+01   -1.765222e+01   0.000000e+00   0.000000e+00   2.245724e+02   3.117770e-04   2.010170e+02
1.180000e+01   -1.783210e+01   0.000000e+00   0.000000e+00   2.244551e+02   3.073849e-04   1.980817e+02
1.190000e+01   -1.805775e+01   0.000000e+00   0.000000e+00   2.243339e+02   3.030583e-04   1.951881e+02
1.200000e+01   -1.823634e+01   0.000000e+00   0.000000e+00   2.242069e+02   2.987986e-04   1.923357e+02
1.210000e+01   -1.828250e+01   0.000000e+00   0.000000e+00   2.240730e+02   2.946060e-04   1.895237e+02
1.220000e+01   -1.827405e+01   0.000000e+00   0.000000e+00   2.239327e+02   2.904785e-04   1.867514e+02
1.230000e+01   -1.823735e+01   0.000000e+00   0.000000e+00   2.237870e+02   2.864136e-04   1.840183e+02
1.240000e+01   -1.813018e+01   0.000000e+00   0.000000e+00   2.236369e+02   2.824091e-04   1.813237e+02
1.250000e+01   -1.791036e+01   0.000000e+00   0.000000e+00   2.234834e+02   2.784624e-04   1.786669e+02
1.260000e+01   -1.752910e+01   0.000000e+00   0.000000e+00   2.233273e+02   2.745715e-04   1.760474e+02
1.270000e+01   -1.671268e+01   0.000000e+00   0.000000e+00   2.231698e+02   2.707341e-04   1.734646e+02
1.280000e+01   -1.552960e+01   0.000000e+00   0.000000e+00   2.230117e+02   2.669481e-04   1.709177e+02
1.290000e+01   -1.424844e+01   0.000000e+00   0.000000e+00   2.228541e+02   2.632115e-04   1.684061e+02
1.300000e+01   -1.313782e+01   0.000000e+00   0.000000e+00   2.226978e+02   2.595223e-04   1.659293e+02
1.310000e+01   -1.246403e+01   0.000000e+00   0.000000e+00   2.225440e+02   2.558785e-04   1.634865e+02
1.320000e+01   -1.224265e+01   0.000000e+00   0.000000e+00   2.223940e+02   2.522777e-04   1.610773e+02
1.330000e+01   -1.226300e+01   0.000000e+00   0.000000e+00   2.222506e+02   2.487164e-04   1.587010e+02
1.340000e+01   -1.235710e+01   0.000000e+00   0.000000e+00   2.221171e+02   2.451907e-04   1.563574e+02
1.350000e+01   -1.235697e+01   0.000000e+00   0.000000e+00   2.219966e+02   2.416971e-04   1.540459e+02
1.360000e+01   -1.209666e+01   0.000000e+00   0.000000e+00   2.218923e+02   2.382320e-04   1.517661e+02
1.370000e+01   -1.168368e+01   0.000000e+00   0.000000e+00   2.218073e+02   2.347924e-04   1.495176e+02
1.380000e+01   -1.126269e+01   0.000000e+00   0.000000e+00   2.217449e+02   2.313749e-04   1.472998e+02
1.390000e+01   -1.083569e+01   0.000000e+00   0.000000e+00   2.217081e+02   2.279769e-04   1.451125e+02
1.400000e+01   -1.040470e+01   0.000000e+00   0.000000e+00   2.217002e+02   2.245956e-04   1.429551e+02
1.410000e+01   -9.971080e+00   0.000000e+00   0.000000e+00   2.217243e+02   2.212285e-04   1.408272e+02
1.420000e+01   -9.399312e+00   0.000000e+00   0.000000e+00   2.217836e+02   2.178731e-04   1.387284e+02
1.430000e+01   -8.671546e+00   0.000000e+00   0.000000e+00   2.218780e+02   2.145305e-04   1.366582e+02
1.440000e+01   -7.914161e+00   0.000000e+00   0.000000e+00   2.220005e+02   2.112086e-04   1.346164e+02
1.450000e+01   -7.253861e+00   0.000000e+00   0.000000e+00   2.221428e+02   2.079160e-04   1.326027e+02
1.460000e+01   -6.817538e+00   0.000000e+00   0.000000e+00   2.222966e+02   2.046605e-04   1.306169e+02
1.470000e+01   -6.841062e+00   0.000000e+00   0.000000e+00   2.224538e+02   2.014497e-04   1.286586e+02
1.480000e+01   -7.281060e+00   0.000000e+00   0.000000e+00   2.226060e+02   1.982905e-04   1.267276e+02
1.490000e+01   -7.877753e+00   0.000000e+00   0.000000e+00   2.227451e+02   1.951893e-04   1.248236e+02
1.500000e+01   -8.371362e+00   0.000000e+00   0.000000e+00   2.228629e+02   1.921523e-04   1.229464e+02
1.510000e+01   -8.502110e+00   0.000000e+00   0.000000e+00   2.229511e+02   1.891849e-04   1.210956e+02
1.520000e+01   -8.238676e+00   0.000000e+00   0.000000e+00   2.230014e+02   1.862923e-04   1.192710e+02
1.530000e+01   -7.784660e+00   0.000000e+00   0.000000e+00   2.230059e+02   1.834793e-04   1.174724e+02
1.540000e+01   -7.228435e+00   0.000000e+00   0.000000e+00   2.229632e+02   1.807447e-04   1.156994e+02
1.550000e+01   -6.653281e+00   0.000000e+00   0.000000e+00   2.228797e+02   1.780816e-04   1.139520e+02
1.560000e+01   -6.142182e+00   0.000000e+00   0.000000e+00   2.227625e+02   1.754827e-04   1.122299e+02
1.570000e+01   -5.593898e+00   0.000000e+00   0.000000e+00   2.226185e+02   1.729412e-04   1.105330e+02
1.580000e+01   -4.923056e+00   0.000000e+00   0.000000e+00   2.224546e+02   1.704508e-04   1.088611e+02
1.590000e+01   -4.276779e+00   0.000000e+00   0.000000e+00   2.222778e+02   1.680053e-04   1.072140e+02
1.600000e+01   -3.802419e+00   0.000000e+00   0.000000e+00   2.220951e+02   1.655990e-04   1.055915e+02
1.610000e+01   -3.647330e+00   0.000000e+00   0.000000e+00   2.219134e+02   1.632264e-04   1.039935e+02
1.620000e+01   -4.059929e+00   0.000000e+00   0.000000e+00   2.217397e+02   1.608822e-04   1.024198e+02
1.630000e+01   -5.038869e+00   0.000000e+00   0.000000e+00   2.215809e+02   1.585616e-04   1.008702e+02
1.640000e+01   -6.284818e+00   0.000000e+00   0.000000e+00   2.214433e+02   1.562604e-04   9.934450e+01
1.650000e+01   -7.502390e+00   0.000000e+00   0.000000e+00   2.213276e+02   1.539782e-04   9.784239e+01
1.660000e+01   -8.398542e+00   0.000000e+00   0.000000e+00   2.212314e+02   1.517167e-04   9.636346e+01
1.670000e+01   -8.980371e+00   0.000000e+00   0.000000e+00   2.211527e+02   1.494773e-04   9.490731e+01
1.680000e+01   -9.530389e+00   0.000000e+00   0.000000e+00   2.210891e+02   1.472614e-04   9.347354e+01
1.690000e+01   -9.988785e+00   0.000000e+00   0.000000e+00   2.210387e+02   1.450703e-04   9.206174e+01
1.700000e+01   -1.029243e+01   0.000000e+00   0.000000e+00   2.209990e+02   1.429053e-04   9.067151e+01
1.710000e+01   -1.037818e+01   0.000000e+00   0.000000e+00   2.209679e+02   1.407673e-04   8.930245e+01
1.720000e+01   -9.876069e+00   0.000000e+00   0.000000e+00   2.209433e+02   1.386574e-04   8.795416e+01
1.730000e+01   -8.542289e+00   0.000000e+00   0.000000e+00   2.209229e+02   1.365766e-04   8.662623e+01
1.740000e+01   -6.859742e+00   0.000000e+00   0.000000e+00   2.209046e+02   1.345256e-04   8.531827e+01
1.750000e+01   -5.320142e+00   0.000000e+00   0.000000e+00   2.208870e+02   1.325047e-04   8.402989e+01
1.760000e+01   -4.414917e+00   0.000000e+00   0.000000e+00   2.208718e+02   1.305125e-04   8.276080e+01
1.770000e+01   -4.173265e+00   0.000000e+00   0.000000e+00   2.208612e+02   1.285473e-04   8.151071e+01
1.780000e+01   -3.962154e+00   0.000000e+00   0.000000e+00   2.208572e+02   1.266076e-04   8.027934e+01
1.790000e+01   -3.767609e+00   0.000000e+00   0.000000e+00   2.208622e+02   1.246919e-04   7.906641e+01
1.800000e+01   -3.591879e+00   0.000000e+00   0.000000e+00   2.208782e+02   1.227988e-04   7.787163e+01
1.810000e+01   -3.437212e+00   0.000000e+00   0.000000e+00   2.209073e+02   1.209269e-04   7.669471e+01
1.820000e+01   -3.682123e+00   0.000000e+00   0.000000e+00   2.209518e+02   1.190750e-04   7.553538e+01
1.830000e+01   -4.816071e+00   0.000000e+00   0.000000e+00   2.210138e+02   1.172417e-04   7.439335e+01
1.840000e+01   -6.333500e+00   0.000000e+00   0.000000e+00   2.210955e+02   1.154261e-04   7.326833e+01
1.850000e+01   -7.701764e+00   0.000000e+00   0.000000e+00   2.211990e+02   1.136270e-04   7.216005e+01
1.860000e+01   -8.387625e+00   0.000000e+00   0.000000e+00   2.213238e+02   1.118446e-04   7.106825e+01
1.870000e+01   -8.104724e+00   0.000000e+00   0.000000e+00   2.214662e+02   1.100812e-04   6.999275e+01
1.880000e+01   -7.298977e+00   0.000000e+00   0.000000e+00   2.216219e+02   1.083389e-04   6.893338e+01
1.890000e+01   -6.236035e+00   0.000000e+00   0.000000e+00   2.217868e+02   1.066196e-04   6.788993e+01
1.900000e+01   -5.165718e+00   0.000000e+00   0.000000e+00   2.219568e+02   1.049253e-04   6.686224e+01
1.910000e+01   -4.337843e+00   0.000000e+00   0.000000e+00   2.221275e+02   1.032576e-04   6.585011e+01
1.920000e+01   -3.836998e+00   0.000000e+00   0.000000e+00   2.222949e+02   1.016180e-04   6.485337e+01
1.930000e+01   -3.374197e+00   0.000000e+00   0.000000e+00   2.224548e+02   1.000081e-04   6.387183e+01
1.940000e+01   -2.957590e+00   0.000000e+00   0.000000e+00   2.226029e+02   9.842921e-05   6.290530e+01
1.950000e+01   -2.614543e+00   0.000000e+00   0.000000e+00   2.227353e+02   9.688249e-05   6.195361e+01
1.960000e+01   -2.372475e+00   0.000000e+00   0.000000e+00   2.228477e+02   9.536902e-05   6.101657e+01
1.970000e+01   -2.417964e+00   0.000000e+00   0.000000e+00   2.229392e+02   9.388841e-05   6.009397e+01
1.980000e+01   -3.058089e+00   0.000000e+00   0.000000e+00   2.230121e+02   9.243899e-05   5.918558e+01
1.990000e+01   -3.982648e+00   0.000000e+00   0.000000e+00   2.230683e+02   9.101912e-05   5.829117e+01
2.000000e+01   -4.846808e+00   0.000000e+00   0.000000e+00   2.231101e+02   8.962722e-05   5.741051e+01
2.010000e+01   -5.305733e+00   0.000000e+00   0.000000e+00   2.231396e+02   8.826177e-05   5.654337e+01
2.020000e+01   -5.187113e+00   0.000000e+00   0.000000e+00   2.231591e+02   8.692135e-05   5.568952e+01
2.030000e+01   -4.885012e+00   0.000000e+00   0.000000e+00   2.231707e+02   8.560456e-05   5.484872e+01
2.040000e+01   -4.475491e+00   0.000000e+00   0.000000e+00   2.231766e+02   8.431008e-05   5.402075e+01
2.050000e+01   -3.998609e+00   0.000000e+00   0.000000e+00   2.231790e+02   8.303663e-05   5.320537e+01
2.060000e+01   -3.494421e+00   0.000000e+00   0.000000e+00   2.231801e+02   8.178300e-05   5.240235e+01
2.070000e+01   -2.889919e+00   0.000000e+00   0.000000e+00   2.231819e+02   8.054803e-05   5.161147e+01
2.080000e+01   -1.915393e+00   0.000000e+00   0.000000e+00   2.231856e+02   7.933104e-05   5.083252e+01
2.090000e+01   -7.994415e-01   0.000000e+00   0.000000e+00   2.231913e+02   7.813175e-05   5.006534e+01
2.100000e+01   1.862664e-01   0.000000e+00   0.000000e+00   2.231991e+02   7.694991e-05   4.930976e+01
2.110000e+01   7.700616e-01   0.000000e+00   0.000000e+00   2.232091e+02   7.578526e-05   4.856562e+01
2.120000e+01   5.697920e-01   0.000000e+00   0.000000e+00   2.232212e+02   7.463755e-05   4.783274e+01
2.130000e+01   -7.580109e-01   0.000000e+00   0.000000e+00   2.232357e+02   7.350652e-05   4.711095e+01
2.140000e+01   -2.661750e+00   0.000000e+00   0.000000e+00   2.232525e+02   7.239194e-05   4.640010e+01
2.150000e+01   -4.516824e+00   0.000000e+00   0.000000e+00   2.232718e+02   7.129353e-05   4.570002e+01
2.160000e+01   -5.698631e+00   0.000000e+00   0.000000e+00   2.232936e+02   7.021106e-05   4.501053e+01
2.170000e+01   -5.757874e+00   0.000000e+00   0.000000e+00   2.233180e+02   6.914426e-05   4.433148e+01
2.180000e+01   -5.219833e+00   0.000000e+00   0.000000e+00   2.233450e+02   6.809290e-05   4.366269e+01
2.190000e+01   -4.358094e+00   0.000000e+00   0.000000e+00   2.233748e+02   6.705673e-05   4.300401e+01
2.200000e+01   -3.369997e+00   0.000000e+00   0.000000e+00   2.234074e+02   6.603556e-05   4.235529e+01
2.210000e+01   -2.452920e+00   0.000000e+00   0.000000e+00   2.234428e+02   6.502919e-05   4.171642e+01
2.220000e+01   -1.724444e+00   -0.000000e+00   -0.000000e+00   2.234811e+02   6.403742e-05   4.108724e+01
2.230000e+01   -9.326638e-01   -0.000000e+00   -0.000000e+00   2.235223e+02   6.306005e-05   4.046761e+01
2.240000e+01   -1.423283e-01   -0.000000e+00   -0.000000e+00   2.235666e+02   6.209687e-05   3.985741e+01
2.250000e+01   5.234108e-01   -0.000000e+00   -0.000000e+00   2.236140e+02   6.114770e-05   3.925649e+01
2.260000e+01   9.414017e-01   -0.000000e+00   -0.000000e+00   2.236645e+02   6.021233e-05   3.866472e+01
2.270000e+01   9.774127e-01   -0.000000e+00   -0.000000e+00   2.237182e+02   5.929055e-05   3.808196e+01
2.280000e+01   5.523034e-01   -0.000000e+00   -0.000000e+00   2.237752e+02   5.838218e-05   3.750807e+01
2.290000e+01   -1.857938e-01   -0.000000e+00   -0.000000e+00   2.238355e+02   5.748701e-05   3.694291e+01
2.300000e+01   -1.066274e+00   -0.000000e+00   -0.000000e+00   2.238990e+02   5.660488e-05   3.638635e+01
2.310000e+01   -1.921250e+00   -0.000000e+00   -0.000000e+00   2.239653e+02   5.573576e-05   3.583827e+01
2.320000e+01   -2.649320e+00   -0.000000e+00   -0.000000e+00   2.240337e+02   5.487963e-05   3.529855e+01
2.330000e+01   -3.529111e+00   -0.000000e+00   -0.000000e+00   2.241036e+02   5.403645e-05   3.476707e+01
2.340000e+01   -4.458954e+00   -0.000000e+00   -0.000000e+00   2.241745e+02   5.320619e-05   3.424370e+01
2.350000e+01   -5.250000e+00   -0.000000e+00   -0.000000e+00   2.242457e+02   5.238880e-05   3.372834e+01
2.360000e+01   -5.713398e+00   -0.000000e+00   -0.000000e+00   2.243167e+02   5.158422e-05   3.322086e+01
2.370000e+01   -5.638199e+00   -0.000000e+00   -0.000000e+00   2.243868e+02   5.079238e-05   3.272113e+01
2.380000e+01   -4.841206e+00   -0.000000e+00   -0.000000e+00   2.244555e+02   5.001322e-05   3.222905e+01
2.390000e+01   -3.596529e+00   -0.000000e+00   -0.000000e+00   2.245222e+02   4.924664e-05   3.174448e+01
2.400000e+01   -2.244391e+00   -0.000000e+00   -0.000000e+00   2.245863e+02   4.849255e-05   3.126732e+01
2.410000e+01   -1.124727e+00   -0.000000e+00   -0.000000e+00   2.246472e+02   4.775086e-05   3.079743e+01
2.420000e+01   -5.124625e-01   -0.000000e+00   -0.000000e+00   2.247048e+02   4.702136e-05   3.033472e+01
2.430000e+01   -7.274975e-02   -0.000000e+00   -0.000000e+00   2.247596e+02   4.630379e-05   2.987908e+01
2.440000e+01   2.944086e-01   -0.000000e+00   -0.000000e+00   2.248119e+02   4.559787e-05   2.943041e+01
2.450000e+01   5.703691e-01   -0.000000e+00   -0.000000e+00   2.248620e+02   4.490336e-05   2.898860e+01
2.460000e+01   7.364880e-01   -0.000000e+00   -0.000000e+00   2.249102e+02   4.422000e-05   2.855356e+01
2.470000e+01   7.830379e-01   -0.000000e+00   -0.000000e+00   2.249569e+02   4.354753e-05   2.812518e+01
2.480000e+01   7.946737e-01   -0.000000e+00   -0.000000e+00   2.250025e+02   4.288572e-05   2.770336e+01
2.490000e+01   7.978805e-01   -0.000000e+00   -0.000000e+00   2.250472e+02   4.223433e-05   2.728799e+01
2.500000e+01   7.938699e-01   -0.000000e+00   -0.000000e+00   2.250915e+02   4.159312e-05   2.687899e+01
2.510000e+01   7.838537e-01   -0.000000e+00   -0.000000e+00   2.251356e+02   4.096187e-05   2.647624e+01
2.520000e+01   7.330557e-01   -0.000000e+00   -0.000000e+00   2.251799e+02   4.034034e-05   2.607964e+01
2.530000e+01   2.482032e-01   -0.000000e+00   -0.000000e+00   2.252248e+02   3.972831e-05   2.568909e+01
2.540000e+01   -5.867395e-01   -0.000000e+00   -0.000000e+00   2.252709e+02   3.912556e-05   2.530451e+01
2.550000e+01   -1.526683e+00   -0.000000e+00   -0.000000e+00   2.253187e+02   3.853184e-05   2.492581e+01
2.560000e+01   -2.326538e+00   -0.000000e+00   -0.000000e+00   2.253689e+02   3.794693e-05   2.455291e+01
2.570000e+01   -2.762593e+00   -0.000000e+00   -0.000000e+00   2.254220e+02   3.737062e-05   2.418572e+01
2.580000e+01   -3.006132e+00   -0.000000e+00   -0.000000e+00   2.254787e+02   3.680270e-05   2.382416e+01
2.590000e+01   -3.186312e+00   -0.000000e+00   -0.000000e+00   2.255395e+02   3.624295e-05   2.346814e+01
2.600000e+01   -3.338839e+00   -0.000000e+00   -0.000000e+00   2.256052e+02   3.569118e-05   2.311757e+01
2.610000e+01   -3.499416e+00   -0.000000e+00   -0.000000e+00   2.256762e+02   3.514718e-05   2.277239e+01
2.620000e+01   -3.705941e+00   -0.000000e+00   -0.000000e+00   2.257532e+02   3.461077e-05   2.243249e+01
2.630000e+01   -4.008284e+00   -0.000000e+00   -0.000000e+00   2.258368e+02   3.408176e-05   2.209780e+01
2.640000e+01   -4.360897e+00   -0.000000e+00   -0.000000e+00   2.259276e+02   3.355997e-05   2.176823e+01
2.650000e+01   -4.691370e+00   -0.000000e+00   -0.000000e+00   2.260260e+02   3.304525e-05   2.144371e+01
2.660000e+01   -4.924513e+00   -0.000000e+00   -0.000000e+00   2.261321e+02   3.253753e-05   2.112415e+01
2.670000e+01   -4.979742e+00   -0.000000e+00   -0.000000e+00   2.262456e+02   3.203679e-05   2.080950e+01
2.680000e+01   -4.714815e+00   -0.000000e+00   -0.000000e+00   2.263663e+02   3.154299e-05   2.049968e+01
2.690000e+01   -4.180415e+00   -0.000000e+00   -0.000000e+00   2.264940e+02   3.105610e-05   2.019464e+01
2.700000e+01   -3.496645e+00   -0.000000e+00   -0.000000e+00   2.266284e+02   3.057608e-05   1.989430e+01
2.710000e+01   -2.783611e+00   -0.000000e+00   -0.000000e+00   2.267695e+02   3.010287e-05   1.959859e+01
2.720000e+01   -2.151455e+00   -0.000000e+00   -0.000000e+00   2.269168e+02   2.963645e-05   1.930746e+01
2.730000e+01   -1.404479e+00   -0.000000e+00   -0.000000e+00   2.270704e+02   2.917675e-05   1.902084e+01
2.740000e+01   -5.513575e-01   -0.000000e+00   -0.000000e+00   2.272298e+02   2.872372e-05   1.873865e+01
2.750000e+01   2.341495e-01   -0.000000e+00   -0.000000e+00   2.273950e+02   2.827732e-05   1.846084e+01
2.760000e+01   7.782820e-01   -0.000000e+00   -0.000000e+00   2.275657e+02   2.783748e-05   1.818733e+01
2.770000e+01   9.113415e-01   -0.000000e+00   -0.000000e+00   2.277417e+02   2.740414e-05   1.791806e+01
2.780000e+01   7.156121e-01   -0.000000e+00   -0.000000e+00   2.279224e+02   2.697729e-05   1.765297e+01
2.790000e+01   3.726607e-01   -0.000000e+00   -0.000000e+00   2.281075e+02   2.655691e-05   1.739199e+01
2.800000e+01   -7.495100e-03   -0.000000e+00   -0.000000e+00   2.282962e+02   2.614296e-05   1.713506e+01
2.810000e+01   -3.148377e-01   -0.000000e+00   -0.000000e+00   2.284880e+02   2.573543e-05   1.688213e+01
2.820000e+01   -4.393456e-01   -0.000000e+00   -0.000000e+00   2.286823e+02   2.533429e-05   1.663311e+01
2.830000e+01   -3.188503e-01   -0.000000e+00   -0.000000e+00   2.288785e+02   2.493949e-05   1.638797e+01
2.840000e+01   -3.979319e-02   -0.000000e+00   -0.000000e+00   2.290762e+02   2.455101e-05   1.614662e+01
2.850000e+01   2.830855e-01   -0.000000e+00   -0.000000e+00   2.292746e+02   2.416879e-05   1.590901e+01
2.860000e+01   5.350456e-01   -0.000000e+00   -0.000000e+00   2.294732e+02   2.379279e-05   1.567508e+01
2.870000e+01   6.021222e-01   -0.000000e+00   -0.000000e+00   2.296715e+02   2.342296e-05   1.544476e+01
2.880000e+01   4.881595e-01   -0.000000e+00   -0.000000e+00   2.298689e+02   2.305924e-05   1.521800e+01
2.890000e+01   2.574977e-01   -0.000000e+00   -0.000000e+00   2.300648e+02   2.270157e-05   1.499472e+01
2.900000e+01   -6.991464e-02   -0.000000e+00   -0.000000e+00   2.302589e+02   2.234987e-05   1.477488e+01
2.910000e+01   -4.736427e-01   -0.000000e+00   -0.000000e+00   2.304520e+02   2.200397e-05   1.455841e+01
2.920000e+01   -9.359159e-01   -0.000000e+00   -0.000000e+00   2.306445e+02   2.166374e-05   1.434527e+01
2.930000e+01   -2.025775e+00   -0.000000e+00   -0.000000e+00   2.308370e+02   2.132900e-05   1.413541e+01
2.940000e+01   -3.811133e+00   -0.000000e+00   -0.000000e+00   2.310303e+02   2.099963e-05   1.392878e+01
2.950000e+01   -5.751224e+00   -0.000000e+00   -0.000000e+00   2.312249e+02   2.067547e-05   1.372532e+01
2.960000e+01   -7.305281e+00   -0.000000e+00   -0.000000e+00   2.314215e+02   2.035639e-05   1.352498e+01
2.970000e+01   -7.932155e+00   -0.000000e+00   -0.000000e+00   2.316206e+02   2.004225e-05   1.332772e+01
2.980000e+01   -6.974146e+00   -0.000000e+00   -0.000000e+00   2.318229e+02   1.973292e-05   1.313349e+01
2.990000e+01   -4.746815e+00   -0.000000e+00   -0.000000e+00   2.320290e+02   1.942827e-05   1.294222e+01
3.000000e+01   -2.103204e+00   -0.000000e+00   -0.000000e+00   2.322396e+02   1.912818e-05   1.275388e+01
3.010000e+01   1.036439e-01   -0.000000e+00   -0.000000e+00   2.324552e+02   1.883253e-05   1.256841e+01
3.020000e+01   1.020677e+00   -0.000000e+00   -0.000000e+00   2.326764e+02   1.854120e-05   1.238576e+01
3.030000e+01   6.940403e-01   -0.000000e+00   -0.000000e+00   2.329033e+02   1.825413e-05   1.220588e+01
3.040000e+01   -6.816958e-02   -0.000000e+00   -0.000000e+00   2.331349e+02   1.797135e-05   1.202874e+01
3.050000e+01   -9.762515e-01   -0.000000e+00   -0.000000e+00   2.333703e+02   1.769287e-05   1.185431e+01
3.060000e+01   -1.740505e+00   -0.000000e+00   -0.000000e+00   2.336086e+02   1.741871e-05   1.168254e+01
3.070000e+01   -2.071228e+00   -0.000000e+00   -0.000000e+00   2.338489e+02   1.714888e-05   1.151340e+01
3.080000e+01   -1.983547e+00   -0.000000e+00   -0.000000e+00   2.340903e+02   1.688339e-05   1.134685e+01
3.090000e+01   -1.772306e+00   -0.000000e+00   -0.000000e+00   2.343318e+02   1.662223e-05   1.118286e+01
3.100000e+01   -1.516237e+00   -0.000000e+00   -0.000000e+00   2.345726e+02   1.636541e-05   1.102139e+01
3.110000e+01   -1.293776e+00   -0.000000e+00   -0.000000e+00   2.348116e+02   1.611292e-05   1.086241e+01
3.120000e+01   -1.183358e+00   -0.000000e+00   -0.000000e+00   2.350481e+02   1.586475e-05   1.070588e+01
3.130000e+01   -1.186540e+00   -0.000000e+00   -0.000000e+00   2.352811e+02   1.562088e-05   1.055176e+01
3.140000e+01   -1.230344e+00   -0.000000e+00   -0.000000e+00   2.355096e+02   1.538129e-05   1.040001e+01
3.150000e+01   -1.309124e+00   -0.000000e+00   -0.000000e+00   2.357328e+02   1.514597e-05   1.025060e+01
3.160000e+01   -1.417465e+00   -0.000000e+00   -0.000000e+00   2.359503e+02   1.491486e-05   1.010350e+01
3.170000e+01   -1.549763e+00   -0.000000e+00   -0.000000e+00   2.361630e+02   1.468781e-05   9.958671e+00
3.180000e+01   -1.901274e+00   -0.000000e+00   -0.000000e+00   2.363720e+02   1.446470e-05   9.816077e+00
3.190000e+01   -2.615156e+00   -0.000000e+00   -0.000000e+00   2.365784e+02   1.424539e-05   9.675685e+00
3.200000e+01   -3.449550e+00   -0.000000e+00   -0.000000e+00   2.367831e+02   1.402974e-05   9.537463e+00
3.210000e+01   -4.159720e+00   -0.000000e+00   -0.000000e+00   2.369873e+02   1.381764e-05   9.401376e+00
3.220000e+01   -4.500930e+00   -0.000000e+00   -0.000000e+00   2.371920e+02   1.360896e-05   9.267392e+00
3.230000e+01   -4.287625e+00   -0.000000e+00   -0.000000e+00   2.373983e+02   1.340359e-05   9.135475e+00
3.240000e+01   -3.660446e+00   -0.000000e+00   -0.000000e+00   2.376071e+02   1.320142e-05   9.005593e+00
3.250000e+01   -2.871159e+00   -0.000000e+00   -0.000000e+00   2.378196e+02   1.300232e-05   8.877711e+00
3.260000e+01   -2.171600e+00   -0.000000e+00   -0.000000e+00   2.380368e+02   1.280621e-05   8.751797e+00
3.270000e+01   -1.813604e+00   -0.000000e+00   -0.000000e+00   2.382598e+02   1.261298e-05   8.627815e+00
3.280000e+01   -1.825975e+00   -0.000000e+00   -0.000000e+00   2.384895e+02   1.242253e-05   8.505734e+00
3.290000e+01   -1.893843e+00   -0.000000e+00   -0.000000e+00   2.387271e+02   1.223477e-05   8.385518e+00
3.300000e+01   -1.981986e+00   -0.000000e+00   -0.000000e+00   2.389726e+02   1.204966e-05   8.267138e+00
3.310000e+01   -2.062507e+00   -0.000000e+00   -0.000000e+00   2.392257e+02   1.186718e-05   8.150568e+00
3.320000e+01   -2.107501e+00   -0.000000e+00   -0.000000e+00   2.394857e+02   1.168735e-05   8.035779e+00
3.330000e+01   -1.988908e+00   -0.000000e+00   -0.000000e+00   2.397523e+02   1.151014e-05   7.922744e+00
3.340000e+01   -1.580338e+00   -0.000000e+00   -0.000000e+00   2.400248e+02   1.133554e-05   7.811436e+00
3.350000e+01   -1.046451e+00   -0.000000e+00   -0.000000e+00   2.403029e+02   1.116356e-05   7.701829e+00
3.360000e+01   -5.595012e-01   -0.000000e+00   -0.000000e+00   2.405859e+02   1.099416e-05   7.593894e+00
3.370000e+01   -2.917433e-01   -0.000000e+00   -0.000000e+00   2.408735e+02   1.082734e-05   7.487606e+00
3.380000e+01   -5.917824e-01   -0.000000e+00   -0.000000e+00   2.411650e+02   1.066307e-05   7.382935e+00
3.390000e+01   -1.701027e+00   -0.000000e+00   -0.000000e+00   2.414601e+02   1.050135e-05   7.279856e+00
3.400000e+01   -3.163775e+00   -0.000000e+00   -0.000000e+00   2.417581e+02   1.034215e-05   7.178341e+00
3.410000e+01   -4.502088e+00   -0.000000e+00   -0.000000e+00   2.420587e+02   1.018544e-05   7.078363e+00
3.420000e+01   -5.238028e+00   -0.000000e+00   -0.000000e+00   2.423613e+02   1.003121e-05   6.979895e+00
3.430000e+01   -5.123939e+00   -0.000000e+00   -0.000000e+00   2.426654e+02   9.879428e-06   6.882909e+00
3.440000e+01   -4.618814e+00   -0.000000e+00   -0.000000e+00   2.429708e+02   9.730067e-06   6.787381e+00
3.450000e+01   -3.948842e+00   -0.000000e+00   -0.000000e+00   2.432775e+02   9.583084e-06   6.693290e+00
3.460000e+01   -3.317885e+00   -0.000000e+00   -0.000000e+00   2.435858e+02   9.438435e-06   6.600615e+00
3.470000e+01   -2.929806e+00   -0.000000e+00   -0.000000e+00   2.438958e+02   9.296081e-06   6.509335e+00
3.480000e+01   -2.968949e+00   -0.000000e+00   -0.000000e+00   2.442076e+02   9.155980e-06   6.419429e+00
3.490000e+01   -3.383735e+00   -0.000000e+00   -0.000000e+00   2.445214e+02   9.018091e-06   6.330876e+00
3.500000e+01   -3.967737e+00   -0.000000e+00   -0.000000e+00   2.448372e+02   8.882374e-06   6.243655e+00
3.510000e+01   -4.511914e+00   -0.000000e+00   -0.000000e+00   2.451554e+02   8.748790e-06   6.157746e+00
3.520000e+01   -4.807228e+00   -0.000000e+00   -0.000000e+00   2.454759e+02   8.617299e-06   6.073127e+00
3.530000e+01   -4.659897e+00   -0.000000e+00   -0.000000e+00   2.457989e+02   8.487863e-06   5.989778e+00
3.540000e+01   -4.084243e+00   -0.000000e+00   -0.000000e+00   2.461247e+02   8.360443e-06   5.907678e+00
3.550000e+01   -3.243470e+00   -0.000000e+00   -0.000000e+00   2.464533e+02   8.235000e-06   5.826805e+00
3.560000e+01   -2.303920e+00   -0.000000e+00   -0.000000e+00   2.467848e+02   8.111497e-06   5.747140e+00
3.570000e+01   -1.431935e+00   -0.000000e+00   -0.000000e+00   2.471195e+02   7.989896e-06   5.668660e+00
3.580000e+01   -6.908694e-01   -0.000000e+00   -0.000000e+00   2.474574e+02   7.870162e-06   5.591346e+00
3.590000e+01   1.422164e-01   -0.000000e+00   -0.000000e+00   2.477984e+02   7.752267e-06   5.515179e+00
3.600000e+01   9.647243e-01   -0.000000e+00   -0.000000e+00   2.481423e+02   7.636195e-06   5.440141e+00
3.610000e+01   1.640207e+00   -0.000000e+00   -0.000000e+00   2.484887e+02   7.521929e-06   5.366216e+00
3.620000e+01   2.032219e+00   -0.000000e+00   -0.000000e+00   2.488373e+02   7.409451e-06   5.293389e+00
3.630000e+01   2.020000e+00   -0.000000e+00   -0.000000e+00   2.491877e+02   7.298743e-06   5.221641e+00
3.640000e+01   1.664767e+00   -0.000000e+00   -0.000000e+00   2.495397e+02   7.189786e-06   5.150956e+00
3.650000e+01   1.140843e+00   -0.000000e+00   -0.000000e+00   2.498928e+02   7.082560e-06   5.081319e+00
3.660000e+01   6.239049e-01   -0.000000e+00   -0.000000e+00   2.502469e+02   6.977046e-06   5.012711e+00
3.670000e+01   2.896287e-01   -0.000000e+00   -0.000000e+00   2.506016e+02   6.873223e-06   4.945117e+00
3.680000e+01   2.685045e-01   -0.000000e+00   -0.000000e+00   2.509564e+02   6.771071e-06   4.878520e+00
3.690000e+01   4.200236e-01   -0.000000e+00   -0.000000e+00   2.513112e+02   6.670568e-06   4.812903e+00
3.700000e+01   6.415706e-01   -0.000000e+00   -0.000000e+00   2.516656e+02   6.571693e-06   4.748249e+00
3.710000e+01   8.488167e-01   -0.000000e+00   -0.000000e+00   2.520193e+02   6.474423e-06   4.684543e+00
3.720000e+01   9.574329e-01   -0.000000e+00   -0.000000e+00   2.523719e+02   6.378737e-06   4.621766e+00
3.730000e+01   9.013261e-01   -0.000000e+00   -0.000000e+00   2.527231e+02   6.284611e-06   4.559904e+00
3.740000e+01   7.359173e-01   -0.000000e+00   -0.000000e+00   2.530727e+02   6.192023e-06   4.498939e+00
3.750000e+01   4.990189e-01   -0.000000e+00   -0.000000e+00   2.534205e+02   6.100948e-06   4.438859e+00
3.760000e+01   2.187482e-01   -0.000000e+00   -0.000000e+00   2.537664e+02   6.011362e-06   4.379650e+00
3.770000e+01   -7.677733e-02   -0.000000e+00   -0.000000e+00   2.541104e+02   5.923241e-06   4.321299e+00
3.780000e+01   -3.662953e-01   -0.000000e+00   -0.000000e+00   2.544525e+02   5.836562e-06   4.263793e+00
3.790000e+01   -6.732429e-01   -0.000000e+00   -0.000000e+00   2.547925e+02   5.751300e-06   4.207120e+00
3.800000e+01   -1.002999e+00   -0.000000e+00   -0.000000e+00   2.551303e+02   5.667431e-06   4.151267e+00
3.810000e+01   -1.355248e+00   -0.000000e+00   -0.000000e+00   2.554659e+02   5.584932e-06   4.096220e+00
3.820000e+01   -1.729671e+00   -0.000000e+00   -0.000000e+00   2.557993e+02   5.503780e-06   4.041967e+00
3.830000e+01   -2.123280e+00   -0.000000e+00   -0.000000e+00   2.561303e+02   5.423951e-06   3.988495e+00
3.840000e+01   -2.525171e+00   -0.000000e+00   -0.000000e+00   2.564588e+02   5.345421e-06   3.935790e+00
3.850000e+01   -2.952209e+00   -0.000000e+00   -0.000000e+00   2.567849e+02   5.268167e-06   3.883840e+00
3.860000e+01   -3.425773e+00   -0.000000e+00   -0.000000e+00   2.571084e+02   5.192166e-06   3.832632e+00
3.870000e+01   -3.967246e+00   -0.000000e+00   -0.000000e+00   2.574292e+02   5.117395e-06   3.782153e+00
3.880000e+01   -4.659563e+00   -0.000000e+00   -0.000000e+00   2.577473e+02   5.043832e-06   3.732390e+00
3.890000e+01   -5.879932e+00   -0.000000e+00   -0.000000e+00   2.580626e+02   4.971452e-06   3.683330e+00
3.900000e+01   -7.387608e+00   -0.000000e+00   -0.000000e+00   2.583750e+02   4.900235e-06   3.634961e+00
3.910000e+01   -8.816671e+00   -0.000000e+00   -0.000000e+00   2.586845e+02   4.830160e-06   3.587272e+00
3.920000e+01   -9.801527e+00   -0.000000e+00   -0.000000e+00   2.589910e+02   4.761211e-06   3.540254e+00
3.930000e+01   -9.952166e+00   -0.000000e+00   -0.000000e+00   2.592945e+02   4.693368e-06   3.493898e+00
3.940000e+01   -8.965976e+00   -0.000000e+00   -0.000000e+00   2.595949e+02   4.626614e-06   3.448195e+00
3.950000e+01   -7.253555e+00   -0.000000e+00   -0.000000e+00   2.598923e+02   4.560931e-06   3.403136e+00
3.960000e+01   -5.333491e+00   -0.000000e+00   -0.000000e+00   2.601865e+02   4.496303e-06   3.358711e+00
3.970000e+01   -3.724371e+00   -0.000000e+00   -0.000000e+00   2.604774e+02   4.432711e-06   3.314911e+00
3.980000e+01   -2.863023e+00   -0.000000e+00   -0.000000e+00   2.607652e+02   4.370138e-06   3.271727e+00
3.990000e+01   -2.233291e+00   -0.000000e+00   -0.000000e+00   2.610496e+02   4.308567e-06   3.229151e+00
4.000000e+01   -1.677694e+00   -0.000000e+00   -0.000000e+00   2.613308e+02   4.247981e-06   3.187171e+00
4.010000e+01   -1.251720e+00   -0.000000e+00   -0.000000e+00   2.616085e+02   4.188362e-06   3.145781e+00
4.020000e+01   -1.010856e+00   -0.000000e+00   -0.000000e+00   2.618828e+02   4.129695e-06   3.104969e+00
4.030000e+01   -1.097667e+00   -0.000000e+00   -0.000000e+00   2.621536e+02   4.071962e-06   3.064728e+00
4.040000e+01   -2.454818e+00   -0.000000e+00   -0.000000e+00   2.624210e+02   4.015146e-06   3.025048e+00
4.050000e+01   -4.721113e+00   -0.000000e+00   -0.000000e+00   2.626847e+02   3.959231e-06   2.985919e+00
4.060000e+01   -7.125858e+00   -0.000000e+00   -0.000000e+00   2.629449e+02   3.904200e-06   2.947333e+00
4.070000e+01   -8.898374e+00   -0.000000e+00   -0.000000e+00   2.632014e+02   3.850038e-06   2.909280e+00
4.080000e+01   -9.358797e+00   -0.000000e+00   -0.000000e+00   2.634542e+02   3.796729e-06   2.871753e+00
4.090000e+01   -9.385737e+00   -0.000000e+00   -0.000000e+00   2.637034e+02   3.744260e-06   2.834746e+00
4.100000e+01   -9.410705e+00   -0.000000e+00   -0.000000e+00   2.639490e+02   3.692615e-06   2.798249e+00
4.110000e+01   -9.433995e+00   -0.000000e+00   -0.000000e+00   2.641910e+02   3.641781e-06   2.762257e+00
4.120000e+01   -9.455904e+00   -0.000000e+00   -0.000000e+00   2.644293e+02   3.591743e-06   2.726762e+00
4.130000e+01   -9.443557e+00   -0.000000e+00   -0.000000e+00   2.646640e+02   3.542488e-06   2.691756e+00
4.140000e+01   -8.820202e+00   -0.000000e+00   -0.000000e+00   2.648952e+02   3.494003e-06   2.657233e+00
4.150000e+01   -7.579856e+00   -0.000000e+00   -0.000000e+00   2.651227e+02   3.446272e-06   2.623185e+00
4.160000e+01   -5.991463e+00   -0.000000e+00   -0.000000e+00   2.653466e+02   3.399284e-06   2.589604e+00
4.170000e+01   -4.323968e+00   -0.000000e+00   -0.000000e+00   2.655670e+02   3.353023e-06   2.556484e+00
4.180000e+01   -2.814943e+00   -0.000000e+00   -0.000000e+00   2.657838e+02   3.307478e-06   2.523817e+00
4.190000e+01   -9.885348e-01   -0.000000e+00   -0.000000e+00   2.659970e+02   3.262635e-06   2.491596e+00
4.200000e+01   1.091178e+00   -0.000000e+00   -0.000000e+00   2.662067e+02   3.218480e-06   2.459813e+00
4.210000e+01   3.006880e+00   -0.000000e+00   -0.000000e+00   2.664128e+02   3.175001e-06   2.428462e+00
4.220000e+01   4.341254e+00   -0.000000e+00   -0.000000e+00   2.666154e+02   3.132185e-06   2.397535e+00
4.230000e+01   4.701927e+00   -0.000000e+00   -0.000000e+00   2.668144e+02   3.090018e-06   2.367024e+00
4.240000e+01   4.597672e+00   -0.000000e+00   -0.000000e+00   2.670099e+02   3.048489e-06   2.336923e+00
4.250000e+01   4.394113e+00   -0.000000e+00   -0.000000e+00   2.672020e+02   3.007585e-06   2.307225e+00
4.260000e+01   4.104001e+00   -0.000000e+00   -0.000000e+00   2.673908e+02   2.967295e-06   2.277925e+00
4.270000e+01   3.740105e+00   -0.000000e+00   -0.000000e+00   2.675764e+02   2.927607e-06   2.249018e+00
4.280000e+01   3.290775e+00   -0.000000e+00   -0.000000e+00   2.677589e+02   2.888510e-06   2.220497e+00
4.290000e+01   1.817030e+00   -0.000000e+00   -0.000000e+00   2.679386e+02   2.849994e-06   2.192358e+00
4.300000e+01   -6.108824e-01   -0.000000e+00   -0.000000e+00   2.681155e+02   2.812046e-06   2.164595e+00
4.310000e+01   -3.224924e+00   -0.000000e+00   -0.000000e+00   2.682898e+02   2.774658e-06   2.137204e+00
4.320000e+01   -5.257059e+00   -0.000000e+00   -0.000000e+00   2.684616e+02   2.737817e-06   2.110178e+00
4.330000e+01   -5.956237e+00   -0.000000e+00   -0.000000e+00   2.686311e+02   2.701515e-06   2.083512e+00
4.340000e+01   -5.906934e+00   -0.000000e+00   -0.000000e+00   2.687984e+02   2.665739e-06   2.057201e+00
4.350000e+01   -5.778218e+00   -0.000000e+00   -0.000000e+00   2.689636e+02   2.630481e-06   2.031239e+00
4.360000e+01   -5.624304e+00   -0.000000e+00   -0.000000e+00   2.691269e+02   2.595730e-06   2.005622e+00
4.370000e+01   -5.499406e+00   -0.000000e+00   -0.000000e+00   2.692885e+02   2.561476e-06   1.980343e+00
4.380000e+01   -5.462871e+00   -0.000000e+00   -0.000000e+00   2.694484e+02   2.527710e-06   1.955398e+00
4.390000e+01   -6.068563e+00   -0.000000e+00   -0.000000e+00   2.696069e+02   2.494421e-06   1.930781e+00
4.400000e+01   -7.332793e+00   -0.000000e+00   -0.000000e+00   2.697639e+02   2.461601e-06   1.906487e+00
4.410000e+01   -8.785558e+00   -0.000000e+00   -0.000000e+00   2.699198e+02   2.429239e-06   1.882510e+00
4.420000e+01   -9.956861e+00   -0.000000e+00   -0.000000e+00   2.700746e+02   2.397326e-06   1.858845e+00
4.430000e+01   -1.037847e+01   -0.000000e+00   -0.000000e+00   2.702283e+02   2.365855e-06   1.835487e+00
4.440000e+01   -1.005195e+01   -0.000000e+00   -0.000000e+00   2.703808e+02   2.334822e-06   1.812433e+00
4.450000e+01   -9.358816e+00   -0.000000e+00   -0.000000e+00   2.705319e+02   2.304221e-06   1.789678e+00
4.460000e+01   -8.516485e+00   -0.000000e+00   -0.000000e+00   2.706814e+02   2.274048e-06   1.767219e+00
4.470000e+01   -7.742393e+00   -0.000000e+00   -0.000000e+00   2.708291e+02   2.244299e-06   1.745052e+00
4.480000e+01   -7.253738e+00   -0.000000e+00   -0.000000e+00   2.709749e+02   2.214968e-06   1.723173e+00
4.490000e+01   -7.000715e+00   -0.000000e+00   -0.000000e+00   2.711186e+02   2.186051e-06   1.701578e+00
4.500000e+01   -6.796306e+00   -0.000000e+00   -0.000000e+00   2.712600e+02   2.157543e-06   1.680264e+00
4.510000e+01   -6.611070e+00   -0.000000e+00   -0.000000e+00   2.713989e+02   2.129439e-06   1.659226e+00
4.520000e+01   -6.415568e+00   -0.000000e+00   -0.000000e+00   2.715351e+02   2.101735e-06   1.638462e+00
4.530000e+01   -6.180361e+00   -0.000000e+00   -0.000000e+00   2.716686e+02   2.074424e-06   1.617966e+00
4.540000e+01   -5.846908e+00   -0.000000e+00   -0.000000e+00   2.717990e+02   2.047503e-06   1.597735e+00
4.550000e+01   -5.428761e+00   -0.000000e+00   -0.000000e+00   2.719263e+02   2.020966e-06   1.577766e+00
4.560000e+01   -5.004626e+00   -0.000000e+00   -0.000000e+00   2.720502e+02   1.994808e-06   1.558054e+00
4.570000e+01   -4.653207e+00   -0.000000e+00   -0.000000e+00   2.721705e+02   1.969025e-06   1.538596e+00
4.580000e+01   -4.453207e+00   -0.000000e+00   -0.000000e+00   2.722872e+02   1.943610e-06   1.519388e+00
4.590000e+01   -4.386185e+00   -0.000000e+00   -0.000000e+00   2.724000e+02   1.918559e-06   1.500426e+00
4.600000e+01   -4.354918e+00   -0.000000e+00   -0.000000e+00   2.725087e+02   1.893867e-06   1.481706e+00
4.610000e+01   -4.336789e+00   -0.000000e+00   -0.000000e+00   2.726132e+02   1.869528e-06   1.463225e+00
4.620000e+01   -4.309471e+00   -0.000000e+00   -0.000000e+00   2.727133e+02   1.845537e-06   1.444979e+00
4.630000e+01   -4.250762e+00   -0.000000e+00   -0.000000e+00   2.728090e+02   1.821890e-06   1.426965e+00
4.640000e+01   -3.633610e+00   -0.000000e+00   -0.000000e+00   2.729003e+02   1.798581e-06   1.409180e+00
4.650000e+01   -2.136073e+00   -0.000000e+00   -0.000000e+00   2.729871e+02   1.775606e-06   1.391621e+00
4.660000e+01   -2.978920e-01   -0.000000e+00   -0.000000e+00   2.730693e+02   1.752959e-06   1.374286e+00
4.670000e+01   1.338198e+00   -0.000000e+00   -0.000000e+00   2.731469e+02   1.730636e-06   1.357170e+00
4.680000e+01   2.229462e+00   -0.000000e+00   -0.000000e+00   2.732198e+02   1.708631e-06   1.340272e+00
4.690000e+01   2.429949e+00   -0.000000e+00   -0.000000e+00   2.732879e+02   1.686941e-06   1.323587e+00
4.700000e+01   2.591058e+00   -0.000000e+00   -0.000000e+00   2.733513e+02   1.665559e-06   1.307114e+00
4.710000e+01   2.716272e+00   -0.000000e+00   -0.000000e+00   2.734097e+02   1.644482e-06   1.290849e+00
4.720000e+01   2.802602e+00   -0.000000e+00   -0.000000e+00   2.734633e+02   1.623704e-06   1.274789e+00
4.730000e+01   2.847061e+00   -0.000000e+00   -0.000000e+00   2.735119e+02   1.603221e-06   1.258931e+00
4.740000e+01   2.663201e+00   -0.000000e+00   -0.000000e+00   2.735554e+02   1.583028e-06   1.243272e+00
4.750000e+01   2.035844e+00   -0.000000e+00   -0.000000e+00   2.735939e+02   1.563119e-06   1.227809e+00
4.760000e+01   1.109623e+00   -0.000000e+00   -0.000000e+00   2.736272e+02   1.543492e-06   1.212539e+00
4.770000e+01   3.396421e-02   -0.000000e+00   -0.000000e+00   2.736553e+02   1.524139e-06   1.197459e+00
4.780000e+01   -1.041706e+00   -0.000000e+00   -0.000000e+00   2.736781e+02   1.505058e-06   1.182567e+00
4.790000e+01   -2.176874e+00   -0.000000e+00   -0.000000e+00   2.736956e+02   1.486243e-06   1.167858e+00
4.800000e+01   -3.579972e+00   -0.000000e+00   -0.000000e+00   2.737077e+02   1.467690e-06   1.153330e+00
4.810000e+01   -5.061952e+00   -0.000000e+00   -0.000000e+00   2.737144e+02   1.449394e-06   1.138981e+00
4.820000e+01   -6.424253e+00   -0.000000e+00   -0.000000e+00   2.737158e+02   1.431350e-06   1.124808e+00
4.830000e+01   -7.468265e+00   -0.000000e+00   -0.000000e+00   2.737121e+02   1.413556e-06   1.110809e+00
4.840000e+01   -8.190000e+00   -0.000000e+00   -0.000000e+00   2.737031e+02   1.396007e-06   1.096982e+00
4.850000e+01   -8.873979e+00   -0.000000e+00   -0.000000e+00   2.736892e+02   1.378698e-06   1.083326e+00
4.860000e+01   -9.484077e+00   -0.000000e+00   -0.000000e+00   2.736703e+02   1.361626e-06   1.069838e+00
4.870000e+01   -9.973014e+00   -0.000000e+00   -0.000000e+00   2.736464e+02   1.344787e-06   1.056515e+00
4.880000e+01   -1.029351e+01   -0.000000e+00   -0.000000e+00   2.736178e+02   1.328178e-06   1.043357e+00
4.890000e+01   -1.037061e+01   -0.000000e+00   -0.000000e+00   2.735845e+02   1.311793e-06   1.030360e+00
4.900000e+01   -1.017017e+01   -0.000000e+00   -0.000000e+00   2.735465e+02   1.295630e-06   1.017523e+00
4.910000e+01   -9.789123e+00   -0.000000e+00   -0.000000e+00   2.735039e+02   1.279684e-06   1.004844e+00
4.920000e+01   -9.328321e+00   -0.000000e+00   -0.000000e+00   2.734569e+02   1.263953e-06   9.923208e-01
4.930000e+01   -8.888615e+00   -0.000000e+00   -0.000000e+00   2.734055e+02   1.248431e-06   9.799509e-01
4.940000e+01   -8.518872e+00   -0.000000e+00   -0.000000e+00   2.733498e+02   1.233117e-06   9.677324e-01
4.950000e+01   -8.131262e+00   -0.000000e+00   -0.000000e+00   2.732899e+02   1.218005e-06   9.556633e-01
4.960000e+01   -7.712785e+00   -0.000000e+00   -0.000000e+00   2.732258e+02   1.203093e-06   9.437416e-01
4.970000e+01   -7.256035e+00   -0.000000e+00   -0.000000e+00   2.731576e+02   1.188376e-06   9.319652e-01
4.980000e+01   -6.753601e+00   -0.000000e+00   -0.000000e+00   2.730855e+02   1.173852e-06   9.203319e-01
4.990000e+01   -6.112038e+00   -0.000000e+00   -0.000000e+00   2.730094e+02   1.159517e-06   9.088397e-01
5.000000e+01   -5.193566e+00   -0.000000e+00   -0.000000e+00   2.729296e+02   1.145368e-06   8.974867e-01
5.010000e+01   -4.218873e+00   -0.000000e+00   -0.000000e+00   2.728459e+02   1.131401e-06   8.862710e-01
5.020000e+01   -3.428421e+00   -0.000000e+00   -0.000000e+00   2.727585e+02   1.117615e-06   8.751913e-01
5.030000e+01   -3.062673e+00   -0.000000e+00   -0.000000e+00   2.726675e+02   1.104007e-06   8.642460e-01
5.040000e+01   -3.192434e+00   -0.000000e+00   -0.000000e+00   2.725727e+02   1.090573e-06   8.534335e-01
5.050000e+01   -3.392276e+00   -0.000000e+00   -0.000000e+00   2.724744e+02   1.077313e-06   8.427524e-01
5.060000e+01   -3.617519e+00   -0.000000e+00   -0.000000e+00   2.723724e+02   1.064223e-06   8.322010e-01
5.070000e+01   -3.861316e+00   -0.000000e+00   -0.000000e+00   2.722669e+02   1.051301e-06   8.217778e-01
5.080000e+01   -4.116820e+00   -0.000000e+00   -0.000000e+00   2.721579e+02   1.038545e-06   8.114814e-01
5.090000e+01   -4.425013e+00   -0.000000e+00   -0.000000e+00   2.720454e+02   1.025952e-06   8.013101e-01
5.100000e+01   -4.905231e+00   -0.000000e+00   -0.000000e+00   2.719295e+02   1.013519e-06   7.912625e-01
5.110000e+01   -5.460167e+00   -0.000000e+00   -0.000000e+00   2.718101e+02   1.001245e-06   7.813371e-01
5.120000e+01   -5.974040e+00   -0.000000e+00   -0.000000e+00   2.716874e+02   9.891272e-07   7.715322e-01
5.130000e+01   -6.331071e+00   -0.000000e+00   -0.000000e+00   2.715614e+02   9.771630e-07   7.618464e-01
5.140000e+01   -6.474562e+00   -0.000000e+00   -0.000000e+00   2.714321e+02   9.653501e-07   7.522781e-01
5.150000e+01   -6.582947e+00   -0.000000e+00   -0.000000e+00   2.712995e+02   9.536864e-07   7.428258e-01
5.160000e+01   -6.683773e+00   -0.000000e+00   -0.000000e+00   2.711637e+02   9.421695e-07   7.334879e-01
5.170000e+01   -6.781538e+00   -0.000000e+00   -0.000000e+00   2.710247e+02   9.307971e-07   7.242630e-01
5.180000e+01   -6.880741e+00   -0.000000e+00   -0.000000e+00   2.708826e+02   9.195669e-07   7.151495e-01
5.190000e+01   -7.334069e+00   -0.000000e+00   -0.000000e+00   2.707374e+02   9.084767e-07   7.061458e-01
5.200000e+01   -9.377879e+00   -0.000000e+00   -0.000000e+00   2.705890e+02   8.975244e-07   6.972505e-01
5.210000e+01   -1.230863e+01   -0.000000e+00   -0.000000e+00   2.704374e+02   8.867090e-07   6.884624e-01
5.220000e+01   -1.518974e+01   -0.000000e+00   -0.000000e+00   2.702821e+02   8.760294e-07   6.797800e-01
5.230000e+01   -1.708463e+01   -0.000000e+00   -0.000000e+00   2.701231e+02   8.654848e-07   6.712023e-01
5.240000e+01   -1.738030e+01   -0.000000e+00   -0.000000e+00   2.699599e+02   8.550741e-07   6.627280e-01
5.250000e+01   -1.723077e+01   -0.000000e+00   -0.000000e+00   2.697923e+02   8.447964e-07   6.543559e-01
5.260000e+01   -1.689811e+01   -0.000000e+00   -0.000000e+00   2.696201e+02   8.346506e-07   6.460846e-01
5.270000e+01   -1.643246e+01   -0.000000e+00   -0.000000e+00   2.694431e+02   8.246356e-07   6.379131e-01
5.280000e+01   -1.588396e+01   -0.000000e+00   -0.000000e+00   2.692609e+02   8.147504e-07   6.298400e-01
5.290000e+01   -1.522733e+01   -0.000000e+00   -0.000000e+00   2.690733e+02   8.049938e-07   6.218641e-01
5.300000e+01   -1.412012e+01   -0.000000e+00   -0.000000e+00   2.688801e+02   7.953647e-07   6.139843e-01
5.310000e+01   -1.269045e+01   -0.000000e+00   -0.000000e+00   2.686809e+02   7.858618e-07   6.061992e-01
5.320000e+01   -1.114853e+01   -0.000000e+00   -0.000000e+00   2.684756e+02   7.764841e-07   5.985076e-01
5.330000e+01   -9.704578e+00   -0.000000e+00   -0.000000e+00   2.682638e+02   7.672302e-07   5.909083e-01
5.340000e+01   -8.521684e+00   -0.000000e+00   -0.000000e+00   2.680453e+02   7.580990e-07   5.834000e-01
5.350000e+01   -7.418364e+00   -0.000000e+00   -0.000000e+00   2.678198e+02   7.490891e-07   5.759816e-01
5.360000e+01   -6.363681e+00   -0.000000e+00   -0.000000e+00   2.675872e+02   7.401993e-07   5.686517e-01
5.370000e+01   -5.379315e+00   -0.000000e+00   -0.000000e+00   2.673471e+02   7.314283e-07   5.614092e-01
5.380000e+01   -4.486942e+00   -0.000000e+00   -0.000000e+00   2.670992e+02   7.227748e-07   5.542528e-01
5.390000e+01   -3.682696e+00   -0.000000e+00   -0.000000e+00   2.668433e+02   7.142374e-07   5.471813e-01
5.400000e+01   -2.823202e+00   -0.000000e+00   -0.000000e+00   2.665793e+02   7.058146e-07   5.401935e-01
5.410000e+01   -1.990836e+00   -0.000000e+00   -0.000000e+00   2.663072e+02   6.975044e-07   5.332885e-01
5.420000e+01   -1.317537e+00   -0.000000e+00   -0.000000e+00   2.660273e+02   6.893045e-07   5.264653e-01
5.430000e+01   -9.352432e-01   -0.000000e+00   -0.000000e+00   2.657400e+02   6.812126e-07   5.197231e-01
5.440000e+01   -9.490525e-01   -0.000000e+00   -0.000000e+00   2.654456e+02   6.732265e-07   5.130611e-01
5.450000e+01   -1.183172e+00   -0.000000e+00   -0.000000e+00   2.651443e+02   6.653441e-07   5.064784e-01
5.460000e+01   -1.538049e+00   -0.000000e+00   -0.000000e+00   2.648364e+02   6.575632e-07   4.999741e-01
5.470000e+01   -1.963599e+00   -0.000000e+00   -0.000000e+00   2.645222e+02   6.498818e-07   4.935473e-01
5.480000e+01   -2.409740e+00   -0.000000e+00   -0.000000e+00   2.642020e+02   6.422978e-07   4.871973e-01
5.490000e+01   -2.829916e+00   -0.000000e+00   -0.000000e+00   2.638761e+02   6.348092e-07   4.809231e-01
5.500000e+01   -3.237782e+00   -0.000000e+00   -0.000000e+00   2.635448e+02   6.274141e-07   4.747239e-01
5.510000e+01   -3.669664e+00   -0.000000e+00   -0.000000e+00   2.632084e+02   6.201105e-07   4.685988e-01
5.520000e+01   -4.156799e+00   -0.000000e+00   -0.000000e+00   2.628671e+02   6.128966e-07   4.625469e-01
5.530000e+01   -4.730421e+00   -0.000000e+00   -0.000000e+00   2.625213e+02   6.057704e-07   4.565675e-01
5.540000e+01   -5.437647e+00   -0.000000e+00   -0.000000e+00   2.621712e+02   5.987302e-07   4.506595e-01
5.550000e+01   -6.478244e+00   -0.000000e+00   -0.000000e+00   2.618172e+02   5.917741e-07   4.448223e-01
5.560000e+01   -7.828541e+00   -0.000000e+00   -0.000000e+00   2.614595e+02   5.849004e-07   4.390548e-01
5.570000e+01   -9.391881e+00   -0.000000e+00   -0.000000e+00   2.610985e+02   5.781073e-07   4.333563e-01
5.580000e+01   -1.107160e+01   -0.000000e+00   -0.000000e+00   2.607343e+02   5.713930e-07   4.277258e-01
5.590000e+01   -1.280513e+01   -0.000000e+00   -0.000000e+00   2.603674e+02   5.647560e-07   4.221626e-01
5.600000e+01   -1.496721e+01   -0.000000e+00   -0.000000e+00   2.599979e+02   5.581945e-07   4.166657e-01
5.610000e+01   -1.743056e+01   -0.000000e+00   -0.000000e+00   2.596262e+02   5.517072e-07   4.112344e-01
5.620000e+01   -1.986306e+01   -0.000000e+00   -0.000000e+00   2.592523e+02   5.452929e-07   4.058681e-01
5.630000e+01   -2.193257e+01   -0.000000e+00   -0.000000e+00   2.588766e+02   5.389504e-07   4.005659e-01
5.640000e+01   -2.333746e+01   -0.000000e+00   -0.000000e+00   2.584992e+02   5.326785e-07   3.953273e-01
5.650000e+01   -2.442687e+01   -0.000000e+00   -0.000000e+00   2.581203e+02   5.264761e-07   3.901514e-01
5.660000e+01   -2.538895e+01   -0.000000e+00   -0.000000e+00   2.577401e+02   5.203421e-07   3.850377e-01
5.670000e+01   -2.620985e+01   -0.000000e+00   -0.000000e+00   2.573587e+02   5.142752e-07   3.799854e-01
5.680000e+01   -2.687577e+01   -0.000000e+00   -0.000000e+00   2.569765e+02   5.082745e-07   3.749938e-01
5.690000e+01   -2.737707e+01   -0.000000e+00   -0.000000e+00   2.565935e+02   5.023388e-07   3.700623e-01
5.700000e+01   -2.780512e+01   -0.000000e+00   -0.000000e+00   2.562100e+02   4.964671e-07   3.651900e-01
5.710000e+01   -2.819450e+01   -0.000000e+00   -0.000000e+00   2.558262e+02   4.906582e-07   3.603765e-01
5.720000e+01   -2.853498e+01   -0.000000e+00   -0.000000e+00   2.554422e+02   4.849111e-07   3.556208e-01
5.730000e+01   -2.881636e+01   -0.000000e+00   -0.000000e+00   2.550583e+02   4.792248e-07   3.509224e-01
5.740000e+01   -2.902986e+01   -0.000000e+00   -0.000000e+00   2.546746e+02   4.735982e-07   3.462805e-01
5.750000e+01   -2.921568e+01   -0.000000e+00   -0.000000e+00   2.542914e+02   4.680302e-07   3.416945e-01
5.760000e+01   -2.939483e+01   -0.000000e+00   -0.000000e+00   2.539088e+02   4.625200e-07   3.371636e-01
5.770000e+01   -2.956579e+01   -0.000000e+00   -0.000000e+00   2.535271e+02   4.570664e-07   3.326871e-01
5.780000e+01   -2.972705e+01   -0.000000e+00   -0.000000e+00   2.531463e+02   4.516685e-07   3.282645e-01
5.790000e+01   -2.986903e+01   -0.000000e+00   -0.000000e+00   2.527668e+02   4.463253e-07   3.238948e-01
5.800000e+01   -2.964445e+01   -0.000000e+00   -0.000000e+00   2.523888e+02   4.410359e-07   3.195776e-01
5.810000e+01   -2.894891e+01   -0.000000e+00   -0.000000e+00   2.520121e+02   4.357996e-07   3.153121e-01
5.820000e+01   -2.789257e+01   -0.000000e+00   -0.000000e+00   2.516368e+02   4.306162e-07   3.110978e-01
5.830000e+01   -2.658560e+01   -0.000000e+00   -0.000000e+00   2.512627e+02   4.254857e-07   3.069343e-01
5.840000e+01   -2.512025e+01   -0.000000e+00   -0.000000e+00   2.508897e+02   4.204077e-07   3.028209e-01
5.850000e+01   -2.250821e+01   -0.000000e+00   -0.000000e+00   2.505177e+02   4.153821e-07   2.987573e-01
5.860000e+01   -1.868138e+01   -0.000000e+00   -0.000000e+00   2.501465e+02   4.104087e-07   2.947429e-01
5.870000e+01   -1.441099e+01   -0.000000e+00   -0.000000e+00   2.497761e+02   4.054871e-07   2.907772e-01
5.880000e+01   -1.046826e+01   -0.000000e+00   -0.000000e+00   2.494063e+02   4.006172e-07   2.868596e-01
5.890000e+01   -7.615403e+00   -0.000000e+00   -0.000000e+00   2.490370e+02   3.957986e-07   2.829896e-01
5.900000e+01   -5.432806e+00   -0.000000e+00   -0.000000e+00   2.486681e+02   3.910312e-07   2.791668e-01
5.910000e+01   -3.410868e+00   -0.000000e+00   -0.000000e+00   2.482994e+02   3.863146e-07   2.753907e-01
5.920000e+01   -1.683034e+00   -0.000000e+00   -0.000000e+00   2.479309e+02   3.816485e-07   2.716606e-01
5.930000e+01   -3.827545e-01   -0.000000e+00   -0.000000e+00   2.475624e+02   3.770327e-07   2.679761e-01
5.940000e+01   3.579606e-01   -0.000000e+00   -0.000000e+00   2.471939e+02   3.724667e-07   2.643367e-01
5.950000e+01   7.894326e-01   -0.000000e+00   -0.000000e+00   2.468251e+02   3.679503e-07   2.607419e-01
5.960000e+01   1.151756e+00   -0.000000e+00   -0.000000e+00   2.464560e+02   3.634832e-07   2.571912e-01
5.970000e+01   1.419176e+00   -0.000000e+00   -0.000000e+00   2.460864e+02   3.590650e-07   2.536839e-01
5.980000e+01   1.565933e+00   -0.000000e+00   -0.000000e+00   2.457163e+02   3.546952e-07   2.502198e-01
5.990000e+01   1.566341e+00   -0.000000e+00   -0.000000e+00   2.453454e+02   3.503737e-07   2.467981e-01
6.000000e+01   1.465996e+00   -0.000000e+00   -0.000000e+00   2.449738e+02   3.460999e-07   2.434184e-01
6.010000e+01   1.322332e+00   -0.000000e+00   -0.000000e+00   2.446012e+02   3.418736e-07   2.400803e-01
6.020000e+01   1.139405e+00   -0.000000e+00   -0.000000e+00   2.442274e+02   3.376946e-07   2.367832e-01
6.030000e+01   9.212678e-01   -0.000000e+00   -0.000000e+00   2.438521e+02   3.335628e-07   2.335267e-01
6.040000e+01   6.719712e-01   -0.000000e+00   -0.000000e+00   2.434751e+02   3.294780e-07   2.303103e-01
6.050000e+01   -1.677044e-01   -0.000000e+00   -0.000000e+00   2.430961e+02   3.254399e-07   2.271335e-01
6.060000e+01   -1.866523e+00   -0.000000e+00   -0.000000e+00   2.427150e+02   3.214484e-07   2.239960e-01
6.070000e+01   -3.984749e+00   -0.000000e+00   -0.000000e+00   2.423314e+02   3.175032e-07   2.208971e-01
6.080000e+01   -6.082647e+00   -0.000000e+00   -0.000000e+00   2.419451e+02   3.136040e-07   2.178366e-01
6.090000e+01   -7.720483e+00   -0.000000e+00   -0.000000e+00   2.415559e+02   3.097506e-07   2.148138e-01
6.100000e+01   -8.897797e+00   -0.000000e+00   -0.000000e+00   2.411636e+02   3.059427e-07   2.118284e-01
6.110000e+01   -9.962141e+00   -0.000000e+00   -0.000000e+00   2.407678e+02   3.021799e-07   2.088798e-01
6.120000e+01   -1.091928e+01   -0.000000e+00   -0.000000e+00   2.403684e+02   2.984621e-07   2.059676e-01
6.130000e+01   -1.177454e+01   -0.000000e+00   -0.000000e+00   2.399651e+02   2.947889e-07   2.030914e-01
6.140000e+01   -1.253325e+01   -0.000000e+00   -0.000000e+00   2.395576e+02   2.911599e-07   2.002506e-01
6.150000e+01   -1.327722e+01   -0.000000e+00   -0.000000e+00   2.391458e+02   2.875747e-07   1.974449e-01
6.160000e+01   -1.403763e+01   -0.000000e+00   -0.000000e+00   2.387294e+02   2.840332e-07   1.946737e-01
6.170000e+01   -1.470324e+01   -0.000000e+00   -0.000000e+00   2.383080e+02   2.805347e-07   1.919366e-01
6.180000e+01   -1.516238e+01   -0.000000e+00   -0.000000e+00   2.378816e+02   2.770791e-07   1.892330e-01
6.190000e+01   -1.530334e+01   -0.000000e+00   -0.000000e+00   2.374498e+02   2.736658e-07   1.865627e-01
6.200000e+01   -1.487866e+01   -0.000000e+00   -0.000000e+00   2.370125e+02   2.702945e-07   1.839250e-01
6.210000e+01   -1.386358e+01   -0.000000e+00   -0.000000e+00   2.365696e+02   2.669646e-07   1.813197e-01
6.220000e+01   -1.261733e+01   -0.000000e+00   -0.000000e+00   2.361215e+02   2.636751e-07   1.787463e-01
6.230000e+01   -1.150161e+01   -0.000000e+00   -0.000000e+00   2.356686e+02   2.604255e-07   1.762047e-01
6.240000e+01   -1.087814e+01   -0.000000e+00   -0.000000e+00   2.352111e+02   2.572148e-07   1.736945e-01
6.250000e+01   -1.101102e+01   -0.000000e+00   -0.000000e+00   2.347493e+02   2.540424e-07   1.712154e-01
6.260000e+01   -1.175320e+01   -0.000000e+00   -0.000000e+00   2.342836e+02   2.509076e-07   1.687672e-01
6.270000e+01   -1.286532e+01   -0.000000e+00   -0.000000e+00   2.338142e+02   2.478095e-07   1.663494e-01
6.280000e+01   -1.410854e+01   -0.000000e+00   -0.000000e+00   2.333415e+02   2.447476e-07   1.639618e-01
6.290000e+01   -1.524402e+01   -0.000000e+00   -0.000000e+00   2.328659e+02   2.417210e-07   1.616042e-01
6.300000e+01   -1.633274e+01   -0.000000e+00   -0.000000e+00   2.323876e+02   2.387292e-07   1.592762e-01
6.310000e+01   -1.766458e+01   -0.000000e+00   -0.000000e+00   2.319069e+02   2.357715e-07   1.569775e-01
6.320000e+01   -1.897202e+01   -0.000000e+00   -0.000000e+00   2.314242e+02   2.328472e-07   1.547078e-01
6.330000e+01   -1.997531e+01   -0.000000e+00   -0.000000e+00   2.309397e+02   2.299558e-07   1.524668e-01
6.340000e+01   -2.039474e+01   -0.000000e+00   -0.000000e+00   2.304538e+02   2.270965e-07   1.502542e-01
6.350000e+01   -2.025854e+01   -0.000000e+00   -0.000000e+00   2.299669e+02   2.242687e-07   1.480697e-01
6.360000e+01   -2.007511e+01   -0.000000e+00   -0.000000e+00   2.294791e+02   2.214719e-07   1.459131e-01
6.370000e+01   -1.986526e+01   -0.000000e+00   -0.000000e+00   2.289909e+02   2.187055e-07   1.437839e-01
6.380000e+01   -1.963241e+01   -0.000000e+00   -0.000000e+00   2.285025e+02   2.159689e-07   1.416820e-01
6.390000e+01   -1.938004e+01   -0.000000e+00   -0.000000e+00   2.280143e+02   2.132615e-07   1.396070e-01
6.400000e+01   -1.874946e+01   -0.000000e+00   -0.000000e+00   2.275266e+02   2.105829e-07   1.375586e-01
6.410000e+01   -1.720251e+01   -0.000000e+00   -0.000000e+00   2.270396e+02   2.079326e-07   1.355366e-01
6.420000e+01   -1.527091e+01   -0.000000e+00   -0.000000e+00   2.265537e+02   2.053104e-07   1.335409e-01
6.430000e+01   -1.352502e+01   -0.000000e+00   -0.000000e+00   2.260689e+02   2.027161e-07   1.315714e-01
6.440000e+01   -1.253524e+01   -0.000000e+00   -0.000000e+00   2.255857e+02   2.001493e-07   1.296278e-01
6.450000e+01   -1.254066e+01   -0.000000e+00   -0.000000e+00   2.251043e+02   1.976098e-07   1.277099e-01
6.460000e+01   -1.290102e+01   -0.000000e+00   -0.000000e+00   2.246250e+02   1.950974e-07   1.258178e-01
6.470000e+01   -1.344495e+01   -0.000000e+00   -0.000000e+00   2.241479e+02   1.926119e-07   1.239510e-01
6.480000e+01   -1.403651e+01   -0.000000e+00   -0.000000e+00   2.236734e+02   1.901530e-07   1.221096e-01
6.490000e+01   -1.453975e+01   -0.000000e+00   -0.000000e+00   2.232017e+02   1.877204e-07   1.202933e-01
6.500000e+01   -1.488298e+01   -0.000000e+00   -0.000000e+00   2.227331e+02   1.853141e-07   1.185020e-01
6.510000e+01   -1.519048e+01   -0.000000e+00   -0.000000e+00   2.222678e+02   1.829337e-07   1.167355e-01
6.520000e+01   -1.548955e+01   -0.000000e+00   -0.000000e+00   2.218062e+02   1.805791e-07   1.149936e-01
6.530000e+01   -1.579798e+01   -0.000000e+00   -0.000000e+00   2.213484e+02   1.782501e-07   1.132762e-01
6.540000e+01   -1.613357e+01   -0.000000e+00   -0.000000e+00   2.208947e+02   1.759465e-07   1.115831e-01
6.550000e+01   -1.650034e+01   -0.000000e+00   -0.000000e+00   2.204454e+02   1.736682e-07   1.099142e-01
6.560000e+01   -1.687296e+01   -0.000000e+00   -0.000000e+00   2.200008e+02   1.714149e-07   1.082692e-01
6.570000e+01   -1.726922e+01   -0.000000e+00   -0.000000e+00   2.195610e+02   1.691864e-07   1.066481e-01
6.580000e+01   -1.771041e+01   -0.000000e+00   -0.000000e+00   2.191264e+02   1.669827e-07   1.050506e-01
6.590000e+01   -1.821765e+01   -0.000000e+00   -0.000000e+00   2.186972e+02   1.648037e-07   1.034767e-01
6.600000e+01   -1.884743e+01   -0.000000e+00   -0.000000e+00   2.182727e+02   1.626495e-07   1.019259e-01
6.610000e+01   -1.968889e+01   -0.000000e+00   -0.000000e+00   2.178518e+02   1.605207e-07   1.003979e-01
6.620000e+01   -2.062803e+01   -0.000000e+00   -0.000000e+00   2.174334e+02   1.584177e-07   9.889227e-02
6.630000e+01   -2.153497e+01   -0.000000e+00   -0.000000e+00   2.170164e+02   1.563410e-07   9.740870e-02
6.640000e+01   -2.227982e+01   -0.000000e+00   -0.000000e+00   2.165996e+02   1.542909e-07   9.594675e-02
6.650000e+01   -2.278792e+01   -0.000000e+00   -0.000000e+00   2.161819e+02   1.522677e-07   9.450605e-02
6.660000e+01   -2.322375e+01   -0.000000e+00   -0.000000e+00   2.157622e+02   1.502718e-07   9.308620e-02
6.670000e+01   -2.363542e+01   -0.000000e+00   -0.000000e+00   2.153394e+02   1.483034e-07   9.168682e-02
6.680000e+01   -2.405069e+01   -0.000000e+00   -0.000000e+00   2.149122e+02   1.463627e-07   9.030751e-02
6.690000e+01   -2.449733e+01   -0.000000e+00   -0.000000e+00   2.144797e+02   1.444499e-07   8.894789e-02
6.700000e+01   -2.506991e+01   -0.000000e+00   -0.000000e+00   2.140406e+02   1.425651e-07   8.760758e-02
6.710000e+01   -2.600054e+01   -0.000000e+00   -0.000000e+00   2.135938e+02   1.407085e-07   8.628618e-02
6.720000e+01   -2.710535e+01   -0.000000e+00   -0.000000e+00   2.131382e+02   1.388801e-07   8.498330e-02
6.730000e+01   -2.815329e+01   -0.000000e+00   -0.000000e+00   2.126727e+02   1.370800e-07   8.369855e-02
6.740000e+01   -2.891333e+01   -0.000000e+00   -0.000000e+00   2.121961e+02   1.353081e-07   8.243156e-02
6.750000e+01   -2.907068e+01   -0.000000e+00   -0.000000e+00   2.117073e+02   1.335645e-07   8.118193e-02
6.760000e+01   -2.821059e+01   -0.000000e+00   -0.000000e+00   2.112052e+02   1.318492e-07   7.994927e-02
6.770000e+01   -2.667043e+01   -0.000000e+00   -0.000000e+00   2.106886e+02   1.301621e-07   7.873319e-02
6.780000e+01   -2.487549e+01   -0.000000e+00   -0.000000e+00   2.101565e+02   1.285030e-07   7.753331e-02
6.790000e+01   -2.325147e+01   -0.000000e+00   -0.000000e+00   2.096086e+02   1.268713e-07   7.634928e-02
6.800000e+01   -2.208685e+01   -0.000000e+00   -0.000000e+00   2.090478e+02   1.252649e-07   7.518089e-02
6.810000e+01   -2.088568e+01   -0.000000e+00   -0.000000e+00   2.084773e+02   1.236815e-07   7.402797e-02
6.820000e+01   -1.969912e+01   -0.000000e+00   -0.000000e+00   2.079002e+02   1.221188e-07   7.289032e-02
6.830000e+01   -1.870632e+01   -0.000000e+00   -0.000000e+00   2.073199e+02   1.205746e-07   7.176775e-02
6.840000e+01   -1.808644e+01   -0.000000e+00   -0.000000e+00   2.067396e+02   1.190469e-07   7.066008e-02
6.850000e+01   -1.800494e+01   -0.000000e+00   -0.000000e+00   2.061625e+02   1.175336e-07   6.956713e-02
6.860000e+01   -1.842844e+01   -0.000000e+00   -0.000000e+00   2.055919e+02   1.160328e-07   6.848871e-02
6.870000e+01   -1.920365e+01   -0.000000e+00   -0.000000e+00   2.050309e+02   1.145425e-07   6.742463e-02
6.880000e+01   -2.017952e+01   -0.000000e+00   -0.000000e+00   2.044829e+02   1.130611e-07   6.637470e-02
6.890000e+01   -2.120498e+01   -0.000000e+00   -0.000000e+00   2.039510e+02   1.115867e-07   6.533874e-02
6.900000e+01   -2.222926e+01   -0.000000e+00   -0.000000e+00   2.034386e+02   1.101177e-07   6.431656e-02
6.910000e+01   -2.379295e+01   -0.000000e+00   -0.000000e+00   2.029488e+02   1.086525e-07   6.330799e-02
6.920000e+01   -2.562681e+01   -0.000000e+00   -0.000000e+00   2.024849e+02   1.071896e-07   6.231282e-02
6.930000e+01   -2.727374e+01   -0.000000e+00   -0.000000e+00   2.020501e+02   1.057275e-07   6.133088e-02
6.940000e+01   -2.827662e+01   -0.000000e+00   -0.000000e+00   2.016476e+02   1.042649e-07   6.036197e-02
6.950000e+01   -2.828564e+01   -0.000000e+00   -0.000000e+00   2.012807e+02   1.028005e-07   5.940592e-02
6.960000e+01   -2.798297e+01   -0.000000e+00   -0.000000e+00   2.009527e+02   1.013331e-07   5.846253e-02
6.970000e+01   -2.757512e+01   -0.000000e+00   -0.000000e+00   2.006667e+02   9.986170e-08   5.753163e-02
6.980000e+01   -2.705407e+01   -0.000000e+00   -0.000000e+00   2.004260e+02   9.838520e-08   5.661301e-02
6.990000e+01   -2.641384e+01   -0.000000e+00   -0.000000e+00   2.002319e+02   9.690375e-08   5.570653e-02
7.000000e+01   -2.565773e+01   -0.000000e+00   -0.000000e+00   2.000809e+02   9.541976e-08   5.481209e-02
7.010000e+01   -2.483952e+01   -0.000000e+00   -0.000000e+00   1.999693e+02   9.393588e-08   5.392959e-02
7.020000e+01   -2.397912e+01   -0.000000e+00   -0.000000e+00   1.998930e+02   9.245461e-08   5.305893e-02
7.030000e+01   -2.308249e+01   -0.000000e+00   -0.000000e+00   1.998482e+02   9.097839e-08   5.220004e-02
7.040000e+01   -2.215559e+01   -0.000000e+00   -0.000000e+00   1.998309e+02   8.950949e-08   5.135280e-02
7.050000e+01   -2.114764e+01   -0.000000e+00   -0.000000e+00   1.998373e+02   8.805011e-08   5.051715e-02
7.060000e+01   -1.944740e+01   -0.000000e+00   -0.000000e+00   1.998634e+02   8.660228e-08   4.969297e-02
7.070000e+01   -1.721082e+01   -0.000000e+00   -0.000000e+00   1.999053e+02   8.516795e-08   4.888018e-02
7.080000e+01   -1.485099e+01   -0.000000e+00   -0.000000e+00   1.999591e+02   8.374892e-08   4.807869e-02
7.090000e+01   -1.278104e+01   -0.000000e+00   -0.000000e+00   2.000208e+02   8.234689e-08   4.728841e-02
7.100000e+01   -1.137332e+01   -0.000000e+00   -0.000000e+00   2.000866e+02   8.096343e-08   4.650923e-02
7.110000e+01   -1.027116e+01   -0.000000e+00   -0.000000e+00   2.001525e+02   7.960000e-08   4.574108e-02
7.120000e+01   -9.251809e+00   -0.000000e+00   -0.000000e+00   2.002146e+02   7.825797e-08   4.498386e-02
7.130000e+01   -8.277526e+00   -0.000000e+00   -0.000000e+00   2.002690e+02   7.693857e-08   4.423747e-02
7.140000e+01   -7.310568e+00   -0.000000e+00   -0.000000e+00   2.003118e+02   7.564297e-08   4.350182e-02
7.150000e+01   -6.313195e+00   -0.000000e+00   -0.000000e+00   2.003391e+02   7.437220e-08   4.277683e-02
7.160000e+01   -5.263441e+00   -0.000000e+00   -0.000000e+00   2.003469e+02   7.312723e-08   4.206240e-02
7.170000e+01   -4.176978e+00   -0.000000e+00   -0.000000e+00   2.003313e+02   7.190895e-08   4.135844e-02
7.180000e+01   -3.074696e+00   -0.000000e+00   -0.000000e+00   2.002884e+02   7.071815e-08   4.066485e-02
7.190000e+01   -1.977463e+00   -0.000000e+00   -0.000000e+00   2.002144e+02   6.955557e-08   3.998154e-02
7.200000e+01   -9.009916e-01   -0.000000e+00   -0.000000e+00   2.001067e+02   6.842134e-08   3.930841e-02
7.210000e+01   2.084804e-01   -0.000000e+00   -0.000000e+00   1.999656e+02   6.731454e-08   3.864529e-02
7.220000e+01   1.372583e+00   -0.000000e+00   -0.000000e+00   1.997921e+02   6.623415e-08   3.799204e-02
7.230000e+01   2.585327e+00   -0.000000e+00   -0.000000e+00   1.995867e+02   6.517921e-08   3.734850e-02
7.240000e+01   3.840722e+00   -0.000000e+00   -0.000000e+00   1.993503e+02   6.414877e-08   3.671450e-02
7.250000e+01   5.142696e+00   -0.000000e+00   -0.000000e+00   1.990836e+02   6.314193e-08   3.608990e-02
7.260000e+01   6.754967e+00   -0.000000e+00   -0.000000e+00   1.987872e+02   6.215782e-08   3.547453e-02
7.270000e+01   8.615910e+00   -0.000000e+00   -0.000000e+00   1.984620e+02   6.119560e-08   3.486824e-02
7.280000e+01   1.047963e+01   -0.000000e+00   -0.000000e+00   1.981088e+02   6.025446e-08   3.427088e-02
7.290000e+01   1.210022e+01   -0.000000e+00   -0.000000e+00   1.977281e+02   5.933360e-08   3.368228e-02
7.300000e+01   1.324189e+01   -0.000000e+00   -0.000000e+00   1.973208e+02   5.843227e-08   3.310229e-02
7.310000e+01   1.415632e+01   -0.000000e+00   -0.000000e+00   1.968877e+02   5.754973e-08   3.253075e-02
7.320000e+01   1.497906e+01   -0.000000e+00   -0.000000e+00   1.964293e+02   5.668526e-08   3.196751e-02
7.330000e+01   1.561008e+01   -0.000000e+00   -0.000000e+00   1.959466e+02   5.583817e-08   3.141241e-02
7.340000e+01   1.594936e+01   -0.000000e+00   -0.000000e+00   1.954402e+02   5.500779e-08   3.086529e-02
7.350000e+01   1.589240e+01   -0.000000e+00   -0.000000e+00   1.949108e+02   5.419345e-08   3.032600e-02
7.360000e+01   1.513470e+01   -0.000000e+00   -0.000000e+00   1.943593e+02   5.339452e-08   2.979438e-02
7.370000e+01   1.381564e+01   -0.000000e+00   -0.000000e+00   1.937863e+02   5.261037e-08   2.927027e-02
7.380000e+01   1.232454e+01   -0.000000e+00   -0.000000e+00   1.931926e+02   5.184038e-08   2.875352e-02
7.390000e+01   1.105072e+01   -0.000000e+00   -0.000000e+00   1.925789e+02   5.108397e-08   2.824397e-02
7.400000e+01   1.038070e+01   -0.000000e+00   -0.000000e+00   1.919460e+02   5.034054e-08   2.774146e-02
7.410000e+01   1.026989e+01   -0.000000e+00   -0.000000e+00   1.912946e+02   4.960953e-08   2.724583e-02
7.420000e+01   1.043936e+01   -0.000000e+00   -0.000000e+00   1.906254e+02   4.889037e-08   2.675694e-02
7.430000e+01   1.076868e+01   -0.000000e+00   -0.000000e+00   1.899392e+02   4.818252e-08   2.627462e-02
7.440000e+01   1.113717e+01   -0.000000e+00   -0.000000e+00   1.892367e+02   4.748548e-08   2.579874e-02
7.450000e+01   1.142463e+01   -0.000000e+00   -0.000000e+00   1.885188e+02   4.679888e-08   2.532925e-02
7.460000e+01   1.177619e+01   -0.000000e+00   -0.000000e+00   1.877862e+02   4.612239e-08   2.486610e-02
7.470000e+01   1.224532e+01   -0.000000e+00   -0.000000e+00   1.870397e+02   4.545569e-08   2.440925e-02
7.480000e+01   1.266595e+01   -0.000000e+00   -0.000000e+00   1.862801e+02   4.479847e-08   2.395863e-02
7.490000e+01   1.287202e+01   -0.000000e+00   -0.000000e+00   1.855082e+02   4.415043e-08   2.351421e-02
7.500000e+01   1.269665e+01   -0.000000e+00   -0.000000e+00   1.847249e+02   4.351128e-08   2.307595e-02
7.510000e+01   1.135917e+01   -0.000000e+00   -0.000000e+00   1.839308e+02   4.288072e-08   2.264378e-02
7.520000e+01   8.811112e+00   -0.000000e+00   -0.000000e+00   1.831269e+02   4.225850e-08   2.221767e-02
7.530000e+01   5.841500e+00   -0.000000e+00   -0.000000e+00   1.823138e+02   4.164435e-08   2.179757e-02
7.540000e+01   3.239363e+00   -0.000000e+00   -0.000000e+00   1.814925e+02   4.103801e-08   2.138343e-02
7.550000e+01   1.793729e+00   -0.000000e+00   -0.000000e+00   1.806637e+02   4.043924e-08   2.097520e-02
7.560000e+01   1.245117e+00   -0.000000e+00   -0.000000e+00   1.798282e+02   3.984779e-08   2.057284e-02
7.570000e+01   7.787039e-01   -0.000000e+00   -0.000000e+00   1.789867e+02   3.926344e-08   2.017630e-02
7.580000e+01   3.505052e-01   -0.000000e+00   -0.000000e+00   1.781402e+02   3.868597e-08   1.978553e-02
7.590000e+01   -8.346372e-02   -0.000000e+00   -0.000000e+00   1.772893e+02   3.811515e-08   1.940048e-02
7.600000e+01   -5.671876e-01   -0.000000e+00   -0.000000e+00   1.764350e+02   3.755078e-08   1.902112e-02
7.610000e+01   -1.238979e+00   -0.000000e+00   -0.000000e+00   1.755779e+02   3.699266e-08   1.864738e-02
7.620000e+01   -2.168075e+00   -0.000000e+00   -0.000000e+00   1.747189e+02   3.644060e-08   1.827922e-02
7.630000e+01   -3.271085e+00   -0.000000e+00   -0.000000e+00   1.738588e+02   3.589440e-08   1.791660e-02
7.640000e+01   -4.464484e+00   -0.000000e+00   -0.000000e+00   1.729983e+02   3.535388e-08   1.755947e-02
7.650000e+01   -5.664745e+00   -0.000000e+00   -0.000000e+00   1.721383e+02   3.481888e-08   1.720778e-02
7.660000e+01   -6.966457e+00   -0.000000e+00   -0.000000e+00   1.712797e+02   3.428921e-08   1.686148e-02
7.670000e+01   -8.480631e+00   -0.000000e+00   -0.000000e+00   1.704230e+02   3.376472e-08   1.652052e-02
7.680000e+01   -1.006791e+01   -0.000000e+00   -0.000000e+00   1.695693e+02   3.324526e-08   1.618487e-02
7.690000e+01   -1.158798e+01   -0.000000e+00   -0.000000e+00   1.687192e+02   3.273067e-08   1.585447e-02
7.700000e+01   -1.290053e+01   -0.000000e+00   -0.000000e+00   1.678735e+02   3.222081e-08   1.552927e-02
7.710000e+01   -1.392013e+01   -0.000000e+00   -0.000000e+00   1.670332e+02   3.171555e-08   1.520923e-02
7.720000e+01   -1.474462e+01   -0.000000e+00   -0.000000e+00   1.661988e+02   3.121474e-08   1.489430e-02
7.730000e+01   -1.550000e+01   -0.000000e+00   -0.000000e+00   1.653713e+02   3.071830e-08   1.458444e-02
7.740000e+01   -1.631687e+01   -0.000000e+00   -0.000000e+00   1.645510e+02   3.022616e-08   1.427959e-02
7.750000e+01   -1.732621e+01   -0.000000e+00   -0.000000e+00   1.637385e+02   2.973827e-08   1.397973e-02
7.760000e+01   -1.900185e+01   -0.000000e+00   -0.000000e+00   1.629344e+02   2.925458e-08   1.368482e-02
7.770000e+01   -2.156264e+01   -0.000000e+00   -0.000000e+00   1.621391e+02   2.877505e-08   1.339480e-02
7.780000e+01   -2.433383e+01   -0.000000e+00   -0.000000e+00   1.613532e+02   2.829963e-08   1.310964e-02
7.790000e+01   -2.663012e+01   -0.000000e+00   -0.000000e+00   1.605772e+02   2.782830e-08   1.282930e-02
7.800000e+01   -2.776621e+01   -0.000000e+00   -0.000000e+00   1.598116e+02   2.736101e-08   1.255373e-02
7.810000e+01   -2.771816e+01   -0.000000e+00   -0.000000e+00   1.590570e+02   2.689775e-08   1.228291e-02
7.820000e+01   -2.744426e+01   -0.000000e+00   -0.000000e+00   1.583139e+02   2.643848e-08   1.201677e-02
7.830000e+01   -2.704393e+01   -0.000000e+00   -0.000000e+00   1.575828e+02   2.598318e-08   1.175529e-02
7.840000e+01   -2.659362e+01   -0.000000e+00   -0.000000e+00   1.568642e+02   2.553185e-08   1.149843e-02
7.850000e+01   -2.616981e+01   -0.000000e+00   -0.000000e+00   1.561586e+02   2.508446e-08   1.124613e-02
7.860000e+01   -2.576061e+01   -0.000000e+00   -0.000000e+00   1.554666e+02   2.464101e-08   1.099836e-02
7.870000e+01   -2.525331e+01   -0.000000e+00   -0.000000e+00   1.547887e+02   2.420150e-08   1.075509e-02
7.880000e+01   -2.470614e+01   -0.000000e+00   -0.000000e+00   1.541255e+02   2.376591e-08   1.051626e-02
7.890000e+01   -2.418278e+01   -0.000000e+00   -0.000000e+00   1.534774e+02   2.333426e-08   1.028184e-02
7.900000e+01   -2.374689e+01   -0.000000e+00   -0.000000e+00   1.528449e+02   2.290655e-08   1.005178e-02
7.910000e+01   -2.344654e+01   -0.000000e+00   -0.000000e+00   1.522286e+02   2.248279e-08   9.826050e-03
7.920000e+01   -2.325774e+01   -0.000000e+00   -0.000000e+00   1.516291e+02   2.206300e-08   9.604603e-03
7.930000e+01   -2.314436e+01   -0.000000e+00   -0.000000e+00   1.510468e+02   2.164718e-08   9.387398e-03
7.940000e+01   -2.307085e+01   -0.000000e+00   -0.000000e+00   1.504823e+02   2.123536e-08   9.174394e-03
7.950000e+01   -2.300085e+01   -0.000000e+00   -0.000000e+00   1.499359e+02   2.082758e-08   8.965551e-03
7.960000e+01   -2.280464e+01   -0.000000e+00   -0.000000e+00   1.494067e+02   2.042407e-08   8.760816e-03
7.970000e+01   -2.234274e+01   -0.000000e+00   -0.000000e+00   1.488918e+02   2.002522e-08   8.560128e-03
7.980000e+01   -2.179116e+01   -0.000000e+00   -0.000000e+00   1.483886e+02   1.963141e-08   8.363427e-03
7.990000e+01   -2.133924e+01   -0.000000e+00   -0.000000e+00   1.478943e+02   1.924300e-08   8.170652e-03
8.000000e+01   -2.117633e+01   -0.000000e+00   -0.000000e+00   1.474064e+02   1.886032e-08   7.981741e-03
8.010000e+01   -2.131393e+01   -0.000000e+00   -0.000000e+00   1.469220e+02   1.848366e-08   7.796633e-03
8.020000e+01   -2.140047e+01   -0.000000e+00   -0.000000e+00   1.464384e+02   1.811331e-08   7.615267e-03
8.030000e+01   -2.154041e+01   -0.000000e+00   -0.000000e+00   1.459529e+02   1.774952e-08   7.437582e-03
8.040000e+01   -2.187010e+01   -0.000000e+00   -0.000000e+00   1.454629e+02   1.739251e-08   7.263517e-03
8.050000e+01   -2.252588e+01   -0.000000e+00   -0.000000e+00   1.449656e+02   1.704250e-08   7.093012e-03
8.060000e+01   -2.370860e+01   -0.000000e+00   -0.000000e+00   1.444583e+02   1.669967e-08   6.926004e-03
8.070000e+01   -2.549376e+01   -0.000000e+00   -0.000000e+00   1.439382e+02   1.636419e-08   6.762432e-03
8.080000e+01   -2.746011e+01   -0.000000e+00   -0.000000e+00   1.434028e+02   1.603619e-08   6.602237e-03
8.090000e+01   -2.916172e+01   -0.000000e+00   -0.000000e+00   1.428497e+02   1.571576e-08   6.445357e-03
8.100000e+01   -3.017487e+01   -0.000000e+00   -0.000000e+00   1.422813e+02   1.540249e-08   6.291748e-03
8.110000e+01   -3.031714e+01   -0.000000e+00   -0.000000e+00   1.417029e+02   1.509573e-08   6.141370e-03
8.120000e+01   -3.020089e+01   -0.000000e+00   -0.000000e+00   1.411196e+02   1.479485e-08   5.994186e-03
8.130000e+01   -2.990656e+01   0.000000e+00   0.000000e+00   1.405364e+02   1.449928e-08   5.850158e-03
8.140000e+01   -2.944749e+01   0.000000e+00   0.000000e+00   1.399587e+02   1.420845e-08   5.709248e-03
8.150000e+01   -2.883703e+01   0.000000e+00   0.000000e+00   1.393914e+02   1.392186e-08   5.571417e-03
8.160000e+01   -2.773386e+01   0.000000e+00   0.000000e+00   1.388399e+02   1.363902e-08   5.436629e-03
8.170000e+01   -2.502259e+01   0.000000e+00   0.000000e+00   1.383092e+02   1.335947e-08   5.304844e-03
8.180000e+01   -2.131015e+01   0.000000e+00   0.000000e+00   1.378044e+02   1.308280e-08   5.176024e-03
8.190000e+01   -1.738170e+01   0.000000e+00   0.000000e+00   1.373308e+02   1.280862e-08   5.050132e-03
8.200000e+01   -1.402236e+01   0.000000e+00   0.000000e+00   1.368935e+02   1.253657e-08   4.927130e-03
8.210000e+01   -1.171725e+01   0.000000e+00   0.000000e+00   1.364977e+02   1.226633e-08   4.806979e-03
8.220000e+01   -9.575392e+00   0.000000e+00   0.000000e+00   1.361484e+02   1.199761e-08   4.689642e-03
8.230000e+01   -7.536632e+00   0.000000e+00   0.000000e+00   1.358509e+02   1.173016e-08   4.575081e-03
8.240000e+01   -5.694623e+00   0.000000e+00   0.000000e+00   1.356103e+02   1.146375e-08   4.463256e-03
8.250000e+01   -4.143020e+00   0.000000e+00   0.000000e+00   1.354318e+02   1.119821e-08   4.354131e-03
8.260000e+01   -3.075893e+00   0.000000e+00   0.000000e+00   1.353204e+02   1.093339e-08   4.247668e-03
8.270000e+01   -2.916991e+00   0.000000e+00   0.000000e+00   1.352815e+02   1.066918e-08   4.143828e-03
8.280000e+01   -3.348262e+00   0.000000e+00   0.000000e+00   1.353200e+02   1.040551e-08   4.042573e-03
8.290000e+01   -3.956272e+00   0.000000e+00   0.000000e+00   1.354412e+02   1.014236e-08   3.943866e-03
8.300000e+01   -4.322352e+00   0.000000e+00   0.000000e+00   1.356472e+02   9.879934e-09   3.847664e-03
8.310000e+01   -4.115697e+00   0.000000e+00   0.000000e+00   1.359359e+02   9.618749e-09   3.753921e-03
8.320000e+01   -3.681570e+00   0.000000e+00   0.000000e+00   1.363050e+02   9.359320e-09   3.662592e-03
8.330000e+01   -3.196238e+00   0.000000e+00   0.000000e+00   1.367521e+02   9.102130e-09   3.573628e-03
8.340000e+01   -2.762437e+00   0.000000e+00   0.000000e+00   1.372747e+02   8.847633e-09   3.486983e-03
8.350000e+01   -2.482906e+00   0.000000e+00   0.000000e+00   1.378704e+02   8.596248e-09   3.402610e-03
8.360000e+01   -2.483600e+00   0.000000e+00   0.000000e+00   1.385368e+02   8.348360e-09   3.320463e-03
8.370000e+01   -2.931159e+00   0.000000e+00   0.000000e+00   1.392716e+02   8.104320e-09   3.240495e-03
8.380000e+01   -3.704091e+00   0.000000e+00   0.000000e+00   1.400722e+02   7.864443e-09   3.162659e-03
8.390000e+01   -4.637911e+00   0.000000e+00   0.000000e+00   1.409364e+02   7.629011e-09   3.086908e-03
8.400000e+01   -5.568129e+00   0.000000e+00   0.000000e+00   1.418616e+02   7.398267e-09   3.013195e-03
8.410000e+01   -6.371263e+00   0.000000e+00   0.000000e+00   1.428455e+02   7.172425e-09   2.941475e-03
8.420000e+01   -7.234493e+00   0.000000e+00   0.000000e+00   1.438857e+02   6.951663e-09   2.871699e-03
8.430000e+01   -8.135465e+00   0.000000e+00   0.000000e+00   1.449798e+02   6.736128e-09   2.803821e-03
8.440000e+01   -8.985778e+00   0.000000e+00   0.000000e+00   1.461253e+02   6.525937e-09   2.737794e-03
8.450000e+01   -9.697031e+00   0.000000e+00   0.000000e+00   1.473199e+02   6.321179e-09   2.673572e-03
8.460000e+01   -1.018774e+01   0.000000e+00   0.000000e+00   1.485611e+02   6.121915e-09   2.611108e-03
8.470000e+01   -1.049797e+01   0.000000e+00   0.000000e+00   1.498466e+02   5.928181e-09   2.550355e-03
8.480000e+01   -1.074043e+01   0.000000e+00   0.000000e+00   1.511739e+02   5.739989e-09   2.491266e-03
8.490000e+01   -1.102411e+01   0.000000e+00   0.000000e+00   1.525406e+02   5.557331e-09   2.433795e-03
8.500000e+01   -1.145799e+01   0.000000e+00   0.000000e+00   1.539442e+02   5.380180e-09   2.377894e-03
8.510000e+01   -1.218816e+01   0.000000e+00   0.000000e+00   1.553811e+02   5.208544e-09   2.323522e-03
8.520000e+01   -1.358637e+01   0.000000e+00   0.000000e+00   1.568461e+02   5.042461e-09   2.270641e-03
8.530000e+01   -1.545256e+01   0.000000e+00   0.000000e+00   1.583340e+02   4.881940e-09   2.219213e-03
8.540000e+01   -1.744639e+01   0.000000e+00   0.000000e+00   1.598397e+02   4.726967e-09   2.169199e-03
8.550000e+01   -1.922748e+01   0.000000e+00   0.000000e+00   1.613580e+02   4.577502e-09   2.120564e-03
8.560000e+01   -2.050585e+01   0.000000e+00   0.000000e+00   1.628837e+02   4.433487e-09   2.073268e-03
8.570000e+01   -2.166606e+01   0.000000e+00   0.000000e+00   1.644117e+02   4.294845e-09   2.027274e-03
8.580000e+01   -2.278956e+01   0.000000e+00   0.000000e+00   1.659368e+02   4.161482e-09   1.982545e-03
8.590000e+01   -2.377407e+01   0.000000e+00   0.000000e+00   1.674538e+02   4.033294e-09   1.939042e-03
8.600000e+01   -2.451731e+01   0.000000e+00   0.000000e+00   1.689576e+02   3.910166e-09   1.896728e-03
8.610000e+01   -2.491173e+01   0.000000e+00   0.000000e+00   1.704429e+02   3.791971e-09   1.855566e-03
8.620000e+01   -2.485258e+01   0.000000e+00   0.000000e+00   1.719047e+02   3.678580e-09   1.815517e-03
8.630000e+01   -2.447146e+01   0.000000e+00   0.000000e+00   1.733378e+02   3.569855e-09   1.776545e-03
8.640000e+01   -2.395194e+01   0.000000e+00   0.000000e+00   1.747369e+02   3.465654e-09   1.738610e-03
8.650000e+01   -2.347760e+01   0.000000e+00   0.000000e+00   1.760970e+02   3.365833e-09   1.701676e-03
8.660000e+01   -2.321584e+01   0.000000e+00   0.000000e+00   1.774128e+02   3.270248e-09   1.665705e-03
8.670000e+01   -2.300591e+01   0.000000e+00   0.000000e+00   1.786792e+02   3.178753e-09   1.630659e-03
8.680000e+01   -2.281444e+01   0.000000e+00   0.000000e+00   1.798910e+02   3.091200e-09   1.596500e-03
8.690000e+01   -2.272112e+01   0.000000e+00   0.000000e+00   1.810431e+02   3.007446e-09   1.563191e-03
8.700000e+01   -2.280562e+01   0.000000e+00   0.000000e+00   1.821302e+02   2.927347e-09   1.530695e-03
8.710000e+01   -2.314042e+01   0.000000e+00   0.000000e+00   1.831472e+02   2.850761e-09   1.498972e-03
8.720000e+01   -2.360629e+01   0.000000e+00   0.000000e+00   1.840890e+02   2.777549e-09   1.467986e-03
8.730000e+01   -2.413736e+01   0.000000e+00   0.000000e+00   1.849509e+02   2.707570e-09   1.437701e-03
8.740000e+01   -2.473700e+01   0.000000e+00   0.000000e+00   1.857330e+02   2.640645e-09   1.408093e-03
8.750000e+01   -2.540772e+01   0.000000e+00   0.000000e+00   1.864386e+02   2.576577e-09   1.379149e-03
8.760000e+01   -2.615134e+01   0.000000e+00   0.000000e+00   1.870711e+02   2.515185e-09   1.350856e-03
8.770000e+01   -2.694427e+01   0.000000e+00   0.000000e+00   1.876338e+02   2.456303e-09   1.323200e-03
8.780000e+01   -2.776586e+01   0.000000e+00   0.000000e+00   1.881299e+02   2.399775e-09   1.296166e-03
8.790000e+01   -2.860512e+01   0.000000e+00   0.000000e+00   1.885628e+02   2.345456e-09   1.269743e-03
8.800000e+01   -2.945104e+01   0.000000e+00   0.000000e+00   1.889359e+02   2.293210e-09   1.243914e-03
8.810000e+01   -3.025422e+01   0.000000e+00   0.000000e+00   1.892523e+02   2.242911e-09   1.218668e-03
8.820000e+01   -2.948990e+01   0.000000e+00   0.000000e+00   1.895154e+02   2.194442e-09   1.193991e-03
8.830000e+01   -2.717338e+01   0.000000e+00   0.000000e+00   1.897286e+02   2.147691e-09   1.169868e-03
8.840000e+01   -2.440932e+01   0.000000e+00   0.000000e+00   1.898951e+02   2.102554e-09   1.146287e-03
8.850000e+01   -2.230239e+01   0.000000e+00   0.000000e+00   1.900182e+02   2.058932e-09   1.123232e-03
8.860000e+01   -2.193309e+01   0.000000e+00   0.000000e+00   1.901013e+02   2.016733e-09   1.100692e-03
8.870000e+01   -2.249687e+01   0.000000e+00   0.000000e+00   1.901477e+02   1.975868e-09   1.078652e-03
8.880000e+01   -2.311420e+01   0.000000e+00   0.000000e+00   1.901606e+02   1.936254e-09   1.057098e-03
8.890000e+01   -2.378871e+01   0.000000e+00   0.000000e+00   1.901434e+02   1.897812e-09   1.036017e-03
8.900000e+01   -2.452404e+01   0.000000e+00   0.000000e+00   1.900995e+02   1.860466e-09   1.015395e-03
8.910000e+01   -2.532402e+01   0.000000e+00   0.000000e+00   1.900320e+02   1.824145e-09   9.952185e-04
8.920000e+01   -2.620414e+01   0.000000e+00   0.000000e+00   1.899443e+02   1.788780e-09   9.754738e-04
8.930000e+01   -2.713469e+01   0.000000e+00   0.000000e+00   1.898398e+02   1.754306e-09   9.561472e-04
8.940000e+01   -2.806219e+01   0.000000e+00   0.000000e+00   1.897216e+02   1.720659e-09   9.372251e-04
8.950000e+01   -2.893316e+01   0.000000e+00   0.000000e+00   1.895933e+02   1.687779e-09   9.186937e-04
8.960000e+01   -2.969281e+01   0.000000e+00   0.000000e+00   1.894579e+02   1.655608e-09   9.005395e-04
8.970000e+01   -2.999208e+01   0.000000e+00   0.000000e+00   1.893190e+02   1.624092e-09   8.827487e-04
8.980000e+01   -2.970395e+01   0.000000e+00   0.000000e+00   1.891791e+02   1.593184e-09   8.653096e-04
8.990000e+01   -2.899609e+01   0.000000e+00   0.000000e+00   1.890397e+02   1.562864e-09   8.482160e-04
9.000000e+01   -2.803652e+01   0.000000e+00   0.000000e+00   1.889016e+02   1.533115e-09   8.314628e-04
9.010000e+01   -2.699281e+01   0.000000e+00   0.000000e+00   1.887658e+02   1.503923e-09   8.150449e-04
9.020000e+01   -2.560111e+01   0.000000e+00   0.000000e+00   1.886333e+02   1.475274e-09   7.989569e-04
9.030000e+01   -2.367384e+01   0.000000e+00   0.000000e+00   1.885051e+02   1.447151e-09   7.831938e-04
9.040000e+01   -2.141318e+01   0.000000e+00   0.000000e+00   1.883820e+02   1.419543e-09   7.677505e-04
9.050000e+01   -1.902129e+01   0.000000e+00   0.000000e+00   1.882650e+02   1.392434e-09   7.526218e-04
9.060000e+01   -1.670036e+01   0.000000e+00   0.000000e+00   1.881552e+02   1.365814e-09   7.378024e-04
9.070000e+01   -1.417639e+01   0.000000e+00   0.000000e+00   1.880535e+02   1.339668e-09   7.232873e-04
9.080000e+01   -1.131039e+01   0.000000e+00   0.000000e+00   1.879607e+02   1.313985e-09   7.090714e-04
9.090000e+01   -8.507026e+00   0.000000e+00   0.000000e+00   1.878780e+02   1.288753e-09   6.951493e-04
9.100000e+01   -6.170984e+00   0.000000e+00   0.000000e+00   1.878063e+02   1.263961e-09   6.815161e-04
9.110000e+01   -4.706934e+00   0.000000e+00   0.000000e+00   1.877465e+02   1.239597e-09   6.681664e-04
9.120000e+01   -3.875901e+00   0.000000e+00   0.000000e+00   1.876995e+02   1.215651e-09   6.550952e-04
9.130000e+01   -3.127436e+00   0.000000e+00   0.000000e+00   1.876664e+02   1.192113e-09   6.422974e-04
9.140000e+01   -2.521241e+00   0.000000e+00   0.000000e+00   1.876481e+02   1.168971e-09   6.297677e-04
9.150000e+01   -2.117718e+00   0.000000e+00   0.000000e+00   1.876455e+02   1.146217e-09   6.175009e-04
9.160000e+01   -1.977270e+00   0.000000e+00   0.000000e+00   1.876597e+02   1.123841e-09   6.054920e-04
9.170000e+01   -2.217695e+00   0.000000e+00   0.000000e+00   1.876916e+02   1.101834e-09   5.937358e-04
9.180000e+01   -2.868630e+00   0.000000e+00   0.000000e+00   1.877421e+02   1.080185e-09   5.822271e-04
9.190000e+01   -3.822586e+00   0.000000e+00   0.000000e+00   1.878123e+02   1.058888e-09   5.709608e-04
9.200000e+01   -4.971657e+00   0.000000e+00   0.000000e+00   1.879030e+02   1.037932e-09   5.599316e-04
9.210000e+01   -6.207939e+00   0.000000e+00   0.000000e+00   1.880152e+02   1.017310e-09   5.491345e-04
9.220000e+01   -7.921781e+00   0.000000e+00   0.000000e+00   1.881499e+02   9.970137e-10   5.385643e-04
9.230000e+01   -1.050955e+01   0.000000e+00   0.000000e+00   1.883080e+02   9.770355e-10   5.282159e-04
9.240000e+01   -1.350422e+01   0.000000e+00   0.000000e+00   1.884895e+02   9.573746e-10   5.180854e-04
9.250000e+01   -1.643319e+01   0.000000e+00   0.000000e+00   1.886940e+02   9.380321e-10   5.081689e-04
9.260000e+01   -1.882387e+01   0.000000e+00   0.000000e+00   1.889212e+02   9.190090e-10   4.984630e-04
9.270000e+01   -2.075024e+01   0.000000e+00   0.000000e+00   1.891709e+02   9.003059e-10   4.889639e-04
9.280000e+01   -2.273849e+01   0.000000e+00   0.000000e+00   1.894427e+02   8.819228e-10   4.796679e-04
9.290000e+01   -2.450554e+01   0.000000e+00   0.000000e+00   1.897362e+02   8.638596e-10   4.705716e-04
9.300000e+01   -2.575590e+01   0.000000e+00   0.000000e+00   1.900512e+02   8.461158e-10   4.616711e-04
9.310000e+01   -2.619410e+01   0.000000e+00   0.000000e+00   1.903873e+02   8.286904e-10   4.529629e-04
9.320000e+01   -2.593586e+01   0.000000e+00   0.000000e+00   1.907442e+02   8.115825e-10   4.444432e-04
9.330000e+01   -2.561396e+01   0.000000e+00   0.000000e+00   1.911216e+02   7.947903e-10   4.361085e-04
9.340000e+01   -2.525429e+01   0.000000e+00   0.000000e+00   1.915191e+02   7.783122e-10   4.279552e-04
9.350000e+01   -2.486772e+01   0.000000e+00   0.000000e+00   1.919365e+02   7.621460e-10   4.199795e-04
9.360000e+01   -2.446510e+01   0.000000e+00   0.000000e+00   1.923734e+02   7.462893e-10   4.121777e-04
9.370000e+01   -2.374065e+01   0.000000e+00   0.000000e+00   1.928295e+02   7.307395e-10   4.045464e-04
9.380000e+01   -2.228368e+01   0.000000e+00   0.000000e+00   1.933044e+02   7.154937e-10   3.970818e-04
9.390000e+01   -2.051119e+01   0.000000e+00   0.000000e+00   1.937979e+02   7.005487e-10   3.897802e-04
9.400000e+01   -1.886282e+01   0.000000e+00   0.000000e+00   1.943096e+02   6.859010e-10   3.826381e-04
9.410000e+01   -1.777824e+01   0.000000e+00   0.000000e+00   1.948393e+02   6.715471e-10   3.756517e-04
9.420000e+01   -1.740645e+01   0.000000e+00   0.000000e+00   1.953865e+02   6.574831e-10   3.688174e-04
9.430000e+01   -1.725117e+01   0.000000e+00   0.000000e+00   1.959509e+02   6.437049e-10   3.621316e-04
9.440000e+01   -1.722115e+01   0.000000e+00   0.000000e+00   1.965323e+02   6.302082e-10   3.555907e-04
9.450000e+01   -1.724743e+01   0.000000e+00   0.000000e+00   1.971303e+02   6.169886e-10   3.491909e-04
9.460000e+01   -1.726105e+01   0.000000e+00   0.000000e+00   1.977446e+02   6.040415e-10   3.429287e-04
9.470000e+01   -1.719618e+01   0.000000e+00   0.000000e+00   1.983749e+02   5.913620e-10   3.368003e-04
9.480000e+01   -1.704341e+01   0.000000e+00   0.000000e+00   1.990208e+02   5.789453e-10   3.308022e-04
9.490000e+01   -1.683582e+01   0.000000e+00   0.000000e+00   1.996820e+02   5.667863e-10   3.249306e-04
9.500000e+01   -1.660518e+01   0.000000e+00   0.000000e+00   2.003580e+02   5.548810e-10   3.191823e-04
9.510000e+01   -1.637665e+01   0.000000e+00   0.000000e+00   2.010475e+02   5.432290e-10   3.135551e-04
9.520000e+01   -1.600553e+01   0.000000e+00   0.000000e+00   2.017489e+02   5.318302e-10   3.080467e-04
9.530000e+01   -1.519879e+01   0.000000e+00   0.000000e+00   2.024610e+02   5.206843e-10   3.026552e-04
9.540000e+01   -1.430056e+01   0.000000e+00   0.000000e+00   2.031822e+02   5.097904e-10   2.973785e-04
9.550000e+01   -1.369131e+01   0.000000e+00   0.000000e+00   2.039111e+02   4.991472e-10   2.922145e-04
9.560000e+01   -1.375148e+01   0.000000e+00   0.000000e+00   2.046462e+02   4.887532e-10   2.871611e-04
9.570000e+01   -1.459715e+01   0.000000e+00   0.000000e+00   2.053862e+02   4.786065e-10   2.822163e-04
9.580000e+01   -1.557210e+01   0.000000e+00   0.000000e+00   2.061295e+02   4.687049e-10   2.773780e-04
9.590000e+01   -1.661451e+01   0.000000e+00   0.000000e+00   2.068748e+02   4.590459e-10   2.726441e-04
9.600000e+01   -1.772155e+01   0.000000e+00   0.000000e+00   2.076206e+02   4.496269e-10   2.680125e-04
9.610000e+01   -1.889039e+01   0.000000e+00   0.000000e+00   2.083654e+02   4.404450e-10   2.634812e-04
9.620000e+01   -2.010978e+01   0.000000e+00   0.000000e+00   2.091078e+02   4.314970e-10   2.590480e-04
9.630000e+01   -2.134494e+01   0.000000e+00   0.000000e+00   2.098464e+02   4.227795e-10   2.547110e-04
9.640000e+01   -2.258750e+01   0.000000e+00   0.000000e+00   2.105797e+02   4.142891e-10   2.504681e-04
9.650000e+01   -2.383185e+01   0.000000e+00   0.000000e+00   2.113063e+02   4.060221e-10   2.463171e-04
9.660000e+01   -2.507237e+01   0.000000e+00   0.000000e+00   2.120247e+02   3.979748e-10   2.422560e-04
9.670000e+01   -2.636779e+01   0.000000e+00   0.000000e+00   2.127336e+02   3.901432e-10   2.382827e-04
9.680000e+01   -2.793300e+01   0.000000e+00   0.000000e+00   2.134314e+02   3.825234e-10   2.343951e-04
9.690000e+01   -2.969049e+01   0.000000e+00   0.000000e+00   2.141167e+02   3.751112e-10   2.305913e-04
9.700000e+01   -3.153141e+01   0.000000e+00   0.000000e+00   2.147881e+02   3.679024e-10   2.268690e-04
9.710000e+01   -3.334688e+01   0.000000e+00   0.000000e+00   2.154441e+02   3.608929e-10   2.232263e-04
9.720000e+01   -3.507792e+01   0.000000e+00   0.000000e+00   2.160834e+02   3.540783e-10   2.196611e-04
9.730000e+01   -3.686033e+01   0.000000e+00   0.000000e+00   2.167044e+02   3.474544e-10   2.161712e-04
9.740000e+01   -3.864548e+01   0.000000e+00   0.000000e+00   2.173057e+02   3.410167e-10   2.127546e-04
9.750000e+01   -4.035660e+01   0.000000e+00   0.000000e+00   2.178858e+02   3.347608e-10   2.094093e-04
9.760000e+01   -4.191694e+01   0.000000e+00   0.000000e+00   2.184434e+02   3.286824e-10   2.061331e-04
9.770000e+01   -4.328825e+01   0.000000e+00   0.000000e+00   2.189770e+02   3.227770e-10   2.029240e-04
9.780000e+01   -4.459659e+01   0.000000e+00   0.000000e+00   2.194852e+02   3.170403e-10   1.997800e-04
9.790000e+01   -4.579439e+01   0.000000e+00   0.000000e+00   2.199664e+02   3.114678e-10   1.966989e-04
9.800000e+01   -4.680684e+01   0.000000e+00   0.000000e+00   2.204201e+02   3.060545e-10   1.936789e-04
9.810000e+01   -4.756397e+01   0.000000e+00   0.000000e+00   2.208472e+02   3.007943e-10   1.907190e-04
9.820000e+01   -4.788569e+01   0.000000e+00   0.000000e+00   2.212489e+02   2.956812e-10   1.878180e-04
9.830000e+01   -4.725363e+01   0.000000e+00   0.000000e+00   2.216262e+02   2.907095e-10   1.849749e-04
9.840000e+01   -4.603788e+01   0.000000e+00   0.000000e+00   2.219805e+02   2.858735e-10   1.821885e-04
9.850000e+01   -4.474318e+01   0.000000e+00   0.000000e+00   2.223128e+02   2.811680e-10   1.794579e-04
9.860000e+01   -4.387425e+01   0.000000e+00   0.000000e+00   2.226242e+02   2.765879e-10   1.767820e-04
9.870000e+01   -4.385835e+01   0.000000e+00   0.000000e+00   2.229161e+02   2.721283e-10   1.741596e-04
9.880000e+01   -4.444447e+01   0.000000e+00   0.000000e+00   2.231894e+02   2.677845e-10   1.715897e-04
9.890000e+01   -4.544393e+01   0.000000e+00   0.000000e+00   2.234454e+02   2.635519e-10   1.690713e-04
9.900000e+01   -4.673979e+01   0.000000e+00   0.000000e+00   2.236852e+02   2.594261e-10   1.666032e-04
9.910000e+01   -4.821511e+01   0.000000e+00   0.000000e+00   2.239100e+02   2.554030e-10   1.641844e-04
9.920000e+01   -4.994766e+01   0.000000e+00   0.000000e+00   2.241210e+02   2.514784e-10   1.618138e-04
9.930000e+01   -5.313312e+01   0.000000e+00   0.000000e+00   2.243192e+02   2.476483e-10   1.594903e-04
9.940000e+01   -5.734201e+01   0.000000e+00   0.000000e+00   2.245059e+02   2.439091e-10   1.572129e-04
9.950000e+01   -6.177540e+01   0.000000e+00   0.000000e+00   2.246822e+02   2.402569e-10   1.549804e-04
9.960000e+01   -6.563432e+01   0.000000e+00   0.000000e+00   2.248493e+02   2.366881e-10   1.527919e-04
9.970000e+01   -6.823908e+01   0.000000e+00   0.000000e+00   2.250084e+02   2.331993e-10   1.506462e-04
9.980000e+01   -7.019168e+01   0.000000e+00   0.000000e+00   2.251605e+02   2.297872e-10   1.485423e-04
9.990000e+01   -7.181895e+01   0.000000e+00   0.000000e+00   2.253068e+02   2.264483e-10   1.464791e-04
1.000000e+02   -7.323416e+01   0.000000e+00   0.000000e+00   2.254486e+02   2.231794e-10   1.444555e-04
1.001000e+02   -7.455059e+01   0.000000e+00   0.000000e+00   2.255869e+02   2.199776e-10   1.424704e-04
1.002000e+02   -7.586632e+01   0.000000e+00   0.000000e+00   2.257230e+02   2.168397e-10   1.405228e-04
1.003000e+02   -7.710177e+01   0.000000e+00   0.000000e+00   2.258579e+02   2.137627e-10   1.386116e-04
1.004000e+02   -7.824245e+01   0.000000e+00   0.000000e+00   2.259929e+02   2.107439e-10   1.367357e-04
1.005000e+02   -7.931320e+01   0.000000e+00   0.000000e+00   2.261290e+02   2.077803e-10   1.348941e-04
1.006000e+02   -8.033890e+01   0.000000e+00   0.000000e+00   2.262675e+02   2.048692e-10   1.330856e-04
1.007000e+02   -8.134503e+01   0.000000e+00   0.000000e+00   2.264096e+02   2.020079e-10   1.313093e-04
1.008000e+02   -8.234832e+01   0.000000e+00   0.000000e+00   2.265562e+02   1.991938e-10   1.295639e-04
1.009000e+02   -8.332487e+01   0.000000e+00   0.000000e+00   2.267088e+02   1.964243e-10   1.278486e-04
1.010000e+02   -8.424414e+01   0.000000e+00   0.000000e+00   2.268683e+02   1.936969e-10   1.261621e-04
1.011000e+02   -8.507556e+01   0.000000e+00   0.000000e+00   2.270359e+02   1.910091e-10   1.245034e-04
1.012000e+02   -8.581334e+01   0.000000e+00   0.000000e+00   2.272129e+02   1.883586e-10   1.228714e-04
1.013000e+02   -8.674127e+01   0.000000e+00   0.000000e+00   2.274003e+02   1.857429e-10   1.212651e-04
1.014000e+02   -8.771525e+01   0.000000e+00   0.000000e+00   2.275994e+02   1.831599e-10   1.196834e-04
1.015000e+02   -8.843412e+01   0.000000e+00   0.000000e+00   2.278111e+02   1.806074e-10   1.181253e-04
1.016000e+02   -8.859568e+01   0.000000e+00   0.000000e+00   2.280368e+02   1.780843e-10   1.165904e-04
1.017000e+02   -8.790931e+01   0.000000e+00   0.000000e+00   2.282772e+02   1.755898e-10   1.150785e-04
1.018000e+02   -8.644185e+01   0.000000e+00   0.000000e+00   2.285336e+02   1.731230e-10   1.135893e-04
1.019000e+02   -8.445190e+01   0.000000e+00   0.000000e+00   2.288069e+02   1.706831e-10   1.121223e-04
1.020000e+02   -8.215529e+01   0.000000e+00   0.000000e+00   2.290982e+02   1.682694e-10   1.106774e-04
1.021000e+02   -7.976788e+01   0.000000e+00   0.000000e+00   2.294086e+02   1.658810e-10   1.092543e-04
1.022000e+02   -7.749075e+01   0.000000e+00   0.000000e+00   2.297390e+02   1.635173e-10   1.078527e-04
1.023000e+02   -7.513877e+01   0.000000e+00   0.000000e+00   2.300905e+02   1.611777e-10   1.064722e-04
1.024000e+02   -7.265255e+01   0.000000e+00   0.000000e+00   2.304642e+02   1.588615e-10   1.051125e-04
1.025000e+02   -7.011961e+01   0.000000e+00   0.000000e+00   2.308611e+02   1.565680e-10   1.037734e-04
1.026000e+02   -6.762751e+01   0.000000e+00   0.000000e+00   2.312823e+02   1.542968e-10   1.024546e-04
1.027000e+02   -6.525806e+01   0.000000e+00   0.000000e+00   2.317287e+02   1.520473e-10   1.011558e-04
1.028000e+02   -6.290826e+01   0.000000e+00   0.000000e+00   2.322015e+02   1.498189e-10   9.987667e-05
1.029000e+02   -6.056621e+01   0.000000e+00   0.000000e+00   2.327016e+02   1.476113e-10   9.861692e-05
1.030000e+02   -5.831033e+01   0.000000e+00   0.000000e+00   2.332302e+02   1.454240e-10   9.737625e-05
1.031000e+02   -5.621907e+01   0.000000e+00   0.000000e+00   2.337882e+02   1.432564e-10   9.615438e-05
1.032000e+02   -5.436923e+01   0.000000e+00   0.000000e+00   2.343768e+02   1.411083e-10   9.495101e-05
1.033000e+02   -5.273083e+01   0.000000e+00   0.000000e+00   2.349968e+02   1.389793e-10   9.376584e-05
1.034000e+02   -5.121418e+01   0.000000e+00   0.000000e+00   2.356495e+02   1.368691e-10   9.259858e-05
1.035000e+02   -4.975416e+01   0.000000e+00   0.000000e+00   2.363358e+02   1.347773e-10   9.144892e-05
1.036000e+02   -4.828565e+01   0.000000e+00   0.000000e+00   2.370568e+02   1.327036e-10   9.031658e-05
1.037000e+02   -4.674443e+01   0.000000e+00   0.000000e+00   2.378135e+02   1.306478e-10   8.920126e-05
1.038000e+02   -4.514140e+01   0.000000e+00   0.000000e+00   2.386070e+02   1.286096e-10   8.810266e-05
1.039000e+02   -4.351015e+01   0.000000e+00   0.000000e+00   2.394383e+02   1.265889e-10   8.702049e-05
1.040000e+02   -4.185583e+01   0.000000e+00   0.000000e+00   2.403084e+02   1.245854e-10   8.595445e-05
1.041000e+02   -4.018361e+01   0.000000e+00   0.000000e+00   2.412185e+02   1.225989e-10   8.490425e-05
1.042000e+02   -3.849883e+01   0.000000e+00   0.000000e+00   2.421694e+02   1.206293e-10   8.386959e-05
1.043000e+02   -3.682186e+01   0.000000e+00   0.000000e+00   2.431624e+02   1.186765e-10   8.285016e-05
1.044000e+02   -3.514270e+01   0.000000e+00   0.000000e+00   2.441984e+02   1.167403e-10   8.184569e-05
1.045000e+02   -3.343132e+01   0.000000e+00   0.000000e+00   2.452784e+02   1.148206e-10   8.085587e-05
1.046000e+02   -3.165770e+01   0.000000e+00   0.000000e+00   2.464035e+02   1.129174e-10   7.988040e-05
1.047000e+02   -2.979101e+01   0.000000e+00   0.000000e+00   2.475748e+02   1.110306e-10   7.891900e-05
1.048000e+02   -2.765258e+01   0.000000e+00   0.000000e+00   2.487933e+02   1.091601e-10   7.797136e-05
1.049000e+02   -2.526798e+01   0.000000e+00   0.000000e+00   2.500600e+02   1.073059e-10   7.703719e-05
1.050000e+02   -2.284844e+01   0.000000e+00   0.000000e+00   2.513760e+02   1.054680e-10   7.611619e-05
1.051000e+02   -2.060517e+01   0.000000e+00   0.000000e+00   2.527424e+02   1.036463e-10   7.520806e-05
1.052000e+02   -1.874921e+01   0.000000e+00   0.000000e+00   2.541601e+02   1.018409e-10   7.431252e-05
1.053000e+02   -1.725165e+01   0.000000e+00   0.000000e+00   2.556302e+02   1.000518e-10   7.342927e-05
1.054000e+02   -1.591635e+01   0.000000e+00   0.000000e+00   2.571537e+02   9.827885e-11   7.255800e-05
1.055000e+02   -1.466877e+01   0.000000e+00   0.000000e+00   2.587312e+02   9.652254e-11   7.169846e-05
1.056000e+02   -1.343422e+01   0.000000e+00   0.000000e+00   2.603607e+02   9.478403e-11   7.085051e-05
1.057000e+02   -1.213796e+01   0.000000e+00   0.000000e+00   2.620403e+02   9.306464e-11   7.001405e-05
1.058000e+02   -1.065506e+01   0.000000e+00   0.000000e+00   2.637677e+02   9.136559e-11   6.918895e-05
1.059000e+02   -9.031556e+00   0.000000e+00   0.000000e+00   2.655409e+02   8.968797e-11   6.837510e-05
1.060000e+02   -7.449230e+00   0.000000e+00   0.000000e+00   2.673576e+02   8.803277e-11   6.757239e-05
1.061000e+02   -6.089853e+00   0.000000e+00   0.000000e+00   2.692158e+02   8.640088e-11   6.678071e-05
1.062000e+02   -5.135198e+00   0.000000e+00   0.000000e+00   2.711132e+02   8.479310e-11   6.599995e-05
1.063000e+02   -4.480779e+00   0.000000e+00   0.000000e+00   2.730478e+02   8.321014e-11   6.522999e-05
1.064000e+02   -3.866711e+00   0.000000e+00   0.000000e+00   2.750174e+02   8.165259e-11   6.447072e-05
1.065000e+02   -3.295169e+00   0.000000e+00   0.000000e+00   2.770199e+02   8.012099e-11   6.372202e-05
1.066000e+02   -2.768638e+00   0.000000e+00   0.000000e+00   2.790530e+02   7.861578e-11   6.298379e-05
1.067000e+02   -2.289601e+00   0.000000e+00   0.000000e+00   2.811147e+02   7.713734e-11   6.225591e-05
1.068000e+02   -2.112589e+00   0.000000e+00   0.000000e+00   2.832029e+02   7.568595e-11   6.153827e-05
1.069000e+02   -2.392560e+00   0.000000e+00   0.000000e+00   2.853153e+02   7.426186e-11   6.083075e-05
1.070000e+02   -2.855999e+00   0.000000e+00   0.000000e+00   2.874498e+02   7.286522e-11   6.013325e-05
1.071000e+02   -3.227897e+00   0.000000e+00   0.000000e+00   2.896043e+02   7.149614e-11   5.944564e-05
1.072000e+02   -3.233245e+00   0.000000e+00   0.000000e+00   2.917767e+02   7.015467e-11   5.876782e-05
1.073000e+02   -2.882804e+00   0.000000e+00   0.000000e+00   2.939648e+02   6.884082e-11   5.809968e-05
1.074000e+02   -2.489161e+00   0.000000e+00   0.000000e+00   2.961664e+02   6.755453e-11   5.744109e-05
1.075000e+02   -2.065048e+00   0.000000e+00   0.000000e+00   2.983795e+02   6.629572e-11   5.679195e-05
1.076000e+02   -1.620144e+00   0.000000e+00   0.000000e+00   3.006018e+02   6.506426e-11   5.615215e-05
1.077000e+02   -1.164127e+00   0.000000e+00   0.000000e+00   3.028312e+02   6.385997e-11   5.552158e-05
1.078000e+02   -5.596878e-01   0.000000e+00   0.000000e+00   3.050657e+02   6.268267e-11   5.490011e-05
1.079000e+02   3.664634e-01   0.000000e+00   0.000000e+00   3.073029e+02   6.153212e-11   5.428763e-05
1.080000e+02   1.508623e+00   0.000000e+00   0.000000e+00   3.095409e+02   6.040806e-11   5.368405e-05
1.081000e+02   2.757312e+00   0.000000e+00   0.000000e+00   3.117774e+02   5.931021e-11   5.308923e-05
1.082000e+02   4.003053e+00   0.000000e+00   0.000000e+00   3.140103e+02   5.823827e-11   5.250307e-05
1.083000e+02   5.427097e+00   0.000000e+00   0.000000e+00   3.162374e+02   5.719192e-11   5.192546e-05
1.084000e+02   7.284579e+00   0.000000e+00   0.000000e+00   3.184567e+02   5.617082e-11   5.135628e-05
1.085000e+02   9.175003e+00   0.000000e+00   0.000000e+00   3.206660e+02   5.517462e-11   5.079542e-05
1.086000e+02   1.068484e+01   0.000000e+00   0.000000e+00   3.228630e+02   5.420294e-11   5.024276e-05
1.087000e+02   1.140055e+01   0.000000e+00   0.000000e+00   3.250458e+02   5.325542e-11   4.969820e-05
1.088000e+02   1.116678e+01   0.000000e+00   0.000000e+00   3.272121e+02   5.233166e-11   4.916162e-05
1.089000e+02   1.046097e+01   0.000000e+00   0.000000e+00   3.293598e+02   5.143129e-11   4.863291e-05
1.090000e+02   9.545239e+00   0.000000e+00   0.000000e+00   3.314867e+02   5.055389e-11   4.811196e-05
1.091000e+02   8.669970e+00   0.000000e+00   0.000000e+00   3.335908e+02   4.969907e-11   4.759865e-05
1.092000e+02   8.085557e+00   0.000000e+00   0.000000e+00   3.356698e+02   4.886642e-11   4.709287e-05
1.093000e+02   8.272420e+00   0.000000e+00   0.000000e+00   3.377216e+02   4.805554e-11   4.659450e-05
1.094000e+02   9.561853e+00   0.000000e+00   0.000000e+00   3.397441e+02   4.726602e-11   4.610344e-05
1.095000e+02   1.136745e+01   0.000000e+00   0.000000e+00   3.417351e+02   4.649746e-11   4.561957e-05
1.096000e+02   1.307365e+01   0.000000e+00   0.000000e+00   3.436926e+02   4.574944e-11   4.514278e-05
1.097000e+02   1.406487e+01   0.000000e+00   0.000000e+00   3.456142e+02   4.502158e-11   4.467296e-05
1.098000e+02   1.414623e+01   0.000000e+00   0.000000e+00   3.474980e+02   4.431347e-11   4.420998e-05
1.099000e+02   1.408981e+01   0.000000e+00   0.000000e+00   3.493418e+02   4.362469e-11   4.375375e-05
1.100000e+02   1.392727e+01   0.000000e+00   0.000000e+00   3.511455e+02   4.295466e-11   4.330417e-05
1.101000e+02   1.364233e+01   0.000000e+00   0.000000e+00   3.529098e+02   4.230267e-11   4.286115e-05
1.102000e+02   1.321875e+01   0.000000e+00   0.000000e+00   3.546359e+02   4.166803e-11   4.242462e-05
1.103000e+02   1.252257e+01   0.000000e+00   0.000000e+00   3.563245e+02   4.105011e-11   4.199450e-05
1.104000e+02   1.128398e+01   0.000000e+00   0.000000e+00   3.579768e+02   4.044828e-11   4.157069e-05
1.105000e+02   9.644066e+00   0.000000e+00   0.000000e+00   3.595936e+02   3.986195e-11   4.115313e-05
1.106000e+02   7.768240e+00   0.000000e+00   0.000000e+00   3.611760e+02   3.929057e-11   4.074173e-05
1.107000e+02   5.821918e+00   0.000000e+00   0.000000e+00   3.627248e+02   3.873359e-11   4.033642e-05
1.108000e+02   3.875147e+00   0.000000e+00   0.000000e+00   3.642410e+02   3.819050e-11   3.993710e-05
1.109000e+02   1.720464e+00   0.000000e+00   0.000000e+00   3.657256e+02   3.766080e-11   3.954370e-05
1.110000e+02   -6.339633e-01   0.000000e+00   0.000000e+00   3.671795e+02   3.714403e-11   3.915614e-05
1.111000e+02   -3.158641e+00   0.000000e+00   0.000000e+00   3.686037e+02   3.663973e-11   3.877433e-05
1.112000e+02   -5.824077e+00   0.000000e+00   0.000000e+00   3.699992e+02   3.614746e-11   3.839820e-05
1.113000e+02   -8.688743e+00   0.000000e+00   0.000000e+00   3.713669e+02   3.566680e-11   3.802767e-05
1.114000e+02   -1.195974e+01   0.000000e+00   0.000000e+00   3.727077e+02   3.519736e-11   3.766265e-05
1.115000e+02   -1.545111e+01   0.000000e+00   0.000000e+00   3.740227e+02   3.473875e-11   3.730306e-05
1.116000e+02   -1.894315e+01   0.000000e+00   0.000000e+00   3.753127e+02   3.429060e-11   3.694883e-05
1.117000e+02   -2.221615e+01   0.000000e+00   0.000000e+00   3.765788e+02   3.385254e-11   3.659987e-05
1.118000e+02   -2.522393e+01   0.000000e+00   0.000000e+00   3.778218e+02   3.342424e-11   3.625609e-05
1.119000e+02   -2.840830e+01   -0.000000e+00   -0.000000e+00   3.790428e+02   3.300537e-11   3.591743e-05
1.120000e+02   -3.150834e+01   -0.000000e+00   -0.000000e+00   3.802427e+02   3.259560e-11   3.558379e-05
1.121000e+02   -3.418274e+01   -0.000000e+00   -0.000000e+00   3.814225e+02   3.219462e-11   3.525511e-05
1.122000e+02   -3.609021e+01   -0.000000e+00   -0.000000e+00   3.825831e+02   3.180215e-11   3.493128e-05
1.123000e+02   -3.710141e+01   -0.000000e+00   -0.000000e+00   3.837254e+02   3.141788e-11   3.461225e-05
1.124000e+02   -3.799846e+01   -0.000000e+00   -0.000000e+00   3.848505e+02   3.104154e-11   3.429792e-05
1.125000e+02   -3.889373e+01   -0.000000e+00   -0.000000e+00   3.859593e+02   3.067287e-11   3.398821e-05
1.126000e+02   -3.978629e+01   -0.000000e+00   -0.000000e+00   3.870527e+02   3.031160e-11   3.368304e-05
1.127000e+02   -4.067523e+01   -0.000000e+00   -0.000000e+00   3.881317e+02   2.995748e-11   3.338234e-05
1.128000e+02   -4.149644e+01   -0.000000e+00   -0.000000e+00   3.891973e+02   2.961027e-11   3.308602e-05
1.129000e+02   -4.199242e+01   -0.000000e+00   -0.000000e+00   3.902503e+02   2.926973e-11   3.279399e-05
1.130000e+02   -4.230109e+01   -0.000000e+00   -0.000000e+00   3.912919e+02   2.893562e-11   3.250619e-05
1.131000e+02   -4.261576e+01   -0.000000e+00   -0.000000e+00   3.923229e+02   2.860774e-11   3.222252e-05
1.132000e+02   -4.312976e+01   -0.000000e+00   -0.000000e+00   3.933442e+02   2.828586e-11   3.194291e-05
1.133000e+02   -4.405556e+01   -0.000000e+00   -0.000000e+00   3.943569e+02   2.796977e-11   3.166728e-05
1.134000e+02   -4.552422e+01   -0.000000e+00   -0.000000e+00   3.953619e+02   2.765927e-11   3.139554e-05
1.135000e+02   -4.729546e+01   -0.000000e+00   -0.000000e+00   3.963602e+02   2.735417e-11   3.112762e-05
1.136000e+02   -4.909019e+01   -0.000000e+00   -0.000000e+00   3.973527e+02   2.705426e-11   3.086343e-05
1.137000e+02   -5.062930e+01   -0.000000e+00   -0.000000e+00   3.983403e+02   2.675937e-11   3.060289e-05
1.138000e+02   -5.170374e+01   -0.000000e+00   -0.000000e+00   3.993240e+02   2.646930e-11   3.034592e-05
1.139000e+02   -5.262714e+01   -0.000000e+00   -0.000000e+00   4.003049e+02   2.618389e-11   3.009244e-05
1.140000e+02   -5.350644e+01   -0.000000e+00   -0.000000e+00   4.012838e+02   2.590296e-11   2.984237e-05
1.141000e+02   -5.437171e+01   -0.000000e+00   -0.000000e+00   4.022616e+02   2.562635e-11   2.959563e-05
1.142000e+02   -5.525303e+01   -0.000000e+00   -0.000000e+00   4.032394e+02   2.535388e-11   2.935214e-05
1.143000e+02   -5.634778e+01   -0.000000e+00   -0.000000e+00   4.042182e+02   2.508540e-11   2.911182e-05
1.144000e+02   -5.873021e+01   -0.000000e+00   -0.000000e+00   4.051988e+02   2.482076e-11   2.887457e-05
1.145000e+02   -6.193027e+01   -0.000000e+00   -0.000000e+00   4.061822e+02   2.455981e-11   2.864034e-05
1.146000e+02   -6.514732e+01   -0.000000e+00   -0.000000e+00   4.071694e+02   2.430238e-11   2.840903e-05
1.147000e+02   -6.758074e+01   -0.000000e+00   -0.000000e+00   4.081613e+02   2.404836e-11   2.818056e-05
1.148000e+02   -6.858556e+01   -0.000000e+00   -0.000000e+00   4.091589e+02   2.379758e-11   2.795485e-05
1.149000e+02   -6.908017e+01   -0.000000e+00   -0.000000e+00   4.101632e+02   2.354992e-11   2.773182e-05
1.150000e+02   -6.941657e+01   -0.000000e+00   -0.000000e+00   4.111751e+02   2.330523e-11   2.751140e-05
1.151000e+02   -6.964767e+01   -0.000000e+00   -0.000000e+00   4.121955e+02   2.306340e-11   2.729349e-05
1.152000e+02   -6.982639e+01   -0.000000e+00   -0.000000e+00   4.132255e+02   2.282430e-11   2.707802e-05
1.153000e+02   -6.999897e+01   -0.000000e+00   -0.000000e+00   4.142659e+02   2.258779e-11   2.686490e-05
1.154000e+02   -7.012597e+01   -0.000000e+00   -0.000000e+00   4.153178e+02   2.235376e-11   2.665407e-05
1.155000e+02   -7.018141e+01   -0.000000e+00   -0.000000e+00   4.163816e+02   2.212213e-11   2.644544e-05
1.156000e+02   -7.015586e+01   -0.000000e+00   -0.000000e+00   4.174573e+02   2.189289e-11   2.623901e-05
1.157000e+02   -7.003997e+01   -0.000000e+00   -0.000000e+00   4.185445e+02   2.166604e-11   2.603476e-05
1.158000e+02   -6.981771e+01   -0.000000e+00   -0.000000e+00   4.196431e+02   2.144156e-11   2.583265e-05
1.159000e+02   -6.941089e+01   -0.000000e+00   -0.000000e+00   4.207528e+02   2.121947e-11   2.563267e-05
1.160000e+02   -6.884011e+01   -0.000000e+00   -0.000000e+00   4.218734e+02   2.099974e-11   2.543481e-05
1.161000e+02   -6.815729e+01   -0.000000e+00   -0.000000e+00   4.230047e+02   2.078237e-11   2.523903e-05
1.162000e+02   -6.741434e+01   -0.000000e+00   -0.000000e+00   4.241463e+02   2.056736e-11   2.504532e-05
1.163000e+02   -6.663860e+01   -0.000000e+00   -0.000000e+00   4.252981e+02   2.035470e-11   2.485367e-05
1.164000e+02   -6.555965e+01   -0.000000e+00   -0.000000e+00   4.264598e+02   2.014437e-11   2.466404e-05
1.165000e+02   -6.430953e+01   -0.000000e+00   -0.000000e+00   4.276312e+02   1.993638e-11   2.447642e-05
1.166000e+02   -6.317318e+01   -0.000000e+00   -0.000000e+00   4.288120e+02   1.973069e-11   2.429079e-05
1.167000e+02   -6.243555e+01   -0.000000e+00   -0.000000e+00   4.300021e+02   1.952732e-11   2.410713e-05
1.168000e+02   -6.237047e+01   -0.000000e+00   -0.000000e+00   4.312011e+02   1.932624e-11   2.392542e-05
1.169000e+02   -6.292468e+01   -0.000000e+00   -0.000000e+00   4.324089e+02   1.912744e-11   2.374564e-05
1.170000e+02   -6.388801e+01   -0.000000e+00   -0.000000e+00   4.336252e+02   1.893091e-11   2.356776e-05
1.171000e+02   -6.509385e+01   -0.000000e+00   -0.000000e+00   4.348498e+02   1.873663e-11   2.339177e-05
1.172000e+02   -6.637557e+01   -0.000000e+00   -0.000000e+00   4.360824e+02   1.854459e-11   2.321765e-05
1.173000e+02   -6.759065e+01   -0.000000e+00   -0.000000e+00   4.373227e+02   1.835479e-11   2.304537e-05
1.174000e+02   -6.912929e+01   -0.000000e+00   -0.000000e+00   4.385707e+02   1.816719e-11   2.287493e-05
1.175000e+02   -7.093059e+01   -0.000000e+00   -0.000000e+00   4.398259e+02   1.798179e-11   2.270628e-05
1.176000e+02   -7.265715e+01   -0.000000e+00   -0.000000e+00   4.410883e+02   1.779857e-11   2.253943e-05
1.177000e+02   -7.397159e+01   -0.000000e+00   -0.000000e+00   4.423575e+02   1.761751e-11   2.237434e-05
1.178000e+02   -7.455411e+01   -0.000000e+00   -0.000000e+00   4.436333e+02   1.743860e-11   2.221099e-05
1.179000e+02   -7.474121e+01   -0.000000e+00   -0.000000e+00   4.449154e+02   1.726181e-11   2.204937e-05
1.180000e+02   -7.482224e+01   -0.000000e+00   -0.000000e+00   4.462037e+02   1.708714e-11   2.188946e-05
1.181000e+02   -7.484596e+01   -0.000000e+00   -0.000000e+00   4.474979e+02   1.691457e-11   2.173123e-05
1.182000e+02   -7.486109e+01   -0.000000e+00   -0.000000e+00   4.487978e+02   1.674407e-11   2.157466e-05
1.183000e+02   -7.491687e+01   -0.000000e+00   -0.000000e+00   4.501031e+02   1.657563e-11   2.141974e-05
1.184000e+02   -7.505810e+01   -0.000000e+00   -0.000000e+00   4.514135e+02   1.640922e-11   2.126645e-05
1.185000e+02   -7.524307e+01   -0.000000e+00   -0.000000e+00   4.527290e+02   1.624484e-11   2.111475e-05
1.186000e+02   -7.540449e+01   -0.000000e+00   -0.000000e+00   4.540491e+02   1.608245e-11   2.096464e-05
1.187000e+02   -7.547504e+01   -0.000000e+00   -0.000000e+00   4.553737e+02   1.592205e-11   2.081610e-05
1.188000e+02   -7.538917e+01   -0.000000e+00   -0.000000e+00   4.567025e+02   1.576361e-11   2.066909e-05
1.189000e+02   -7.521304e+01   -0.000000e+00   -0.000000e+00   4.580354e+02   1.560710e-11   2.052361e-05
1.190000e+02   -7.500762e+01   -0.000000e+00   -0.000000e+00   4.593720e+02   1.545252e-11   2.037963e-05
1.191000e+02   -7.476847e+01   -0.000000e+00   -0.000000e+00   4.607122e+02   1.529984e-11   2.023713e-05
1.192000e+02   -7.449119e+01   -0.000000e+00   -0.000000e+00   4.620556e+02   1.514904e-11   2.009610e-05
1.193000e+02   -7.416867e+01   -0.000000e+00   -0.000000e+00   4.634021e+02   1.500010e-11   1.995650e-05
1.194000e+02   -7.351235e+01   -0.000000e+00   -0.000000e+00   4.647514e+02   1.485299e-11   1.981833e-05
1.195000e+02   -7.244137e+01   -0.000000e+00   -0.000000e+00   4.661033e+02   1.470770e-11   1.968155e-05
1.196000e+02   -7.111464e+01   -0.000000e+00   -0.000000e+00   4.674575e+02   1.456421e-11   1.954616e-05
1.197000e+02   -6.969104e+01   -0.000000e+00   -0.000000e+00   4.688138e+02   1.442250e-11   1.941213e-05
1.198000e+02   -6.832778e+01   -0.000000e+00   -0.000000e+00   4.701720e+02   1.428253e-11   1.927944e-05
1.199000e+02   -6.678498e+01   -0.000000e+00   -0.000000e+00   4.715319e+02   1.414430e-11   1.914807e-05
1.200000e+02   -6.500001e+01   -0.000000e+00   -0.000000e+00   4.728931e+02   1.400778e-11   1.901799e-05
1.201000e+02   -6.325520e+01   -0.000000e+00   -0.000000e+00   4.742555e+02   1.387295e-11   1.888920e-05
1.202000e+02   -6.183291e+01   -0.000000e+00   -0.000000e+00   4.756188e+02   1.373979e-11   1.876167e-05
1.203000e+02   -6.101531e+01   -0.000000e+00   -0.000000e+00   4.769828e+02   1.360827e-11   1.863537e-05
1.204000e+02   -6.083200e+01   -0.000000e+00   -0.000000e+00   4.783473e+02   1.347838e-11   1.851029e-05
1.205000e+02   -6.099551e+01   -0.000000e+00   -0.000000e+00   4.797119e+02   1.335009e-11   1.838641e-05
1.206000e+02   -6.128247e+01   -0.000000e+00   -0.000000e+00   4.810765e+02   1.322338e-11   1.826371e-05
1.207000e+02   -6.146956e+01   -0.000000e+00   -0.000000e+00   4.824409e+02   1.309823e-11   1.814217e-05
1.208000e+02   -6.133341e+01   -0.000000e+00   -0.000000e+00   4.838048e+02   1.297462e-11   1.802176e-05
1.209000e+02   -6.094996e+01   -0.000000e+00   -0.000000e+00   4.851679e+02   1.285253e-11   1.790247e-05
1.210000e+02   -6.054199e+01   -0.000000e+00   -0.000000e+00   4.865301e+02   1.273193e-11   1.778428e-05
1.211000e+02   -6.010645e+01   -0.000000e+00   -0.000000e+00   4.878910e+02   1.261280e-11   1.766716e-05
1.212000e+02   -5.964029e+01   -0.000000e+00   -0.000000e+00   4.892505e+02   1.249513e-11   1.755110e-05
1.213000e+02   -5.914046e+01   -0.000000e+00   -0.000000e+00   4.906083e+02   1.237888e-11   1.743608e-05
1.214000e+02   -5.858447e+01   -0.000000e+00   -0.000000e+00   4.919642e+02   1.226405e-11   1.732207e-05
1.215000e+02   -5.795866e+01   -0.000000e+00   -0.000000e+00   4.933179e+02   1.215060e-11   1.720905e-05
1.216000e+02   -5.727784e+01   -0.000000e+00   -0.000000e+00   4.946693e+02   1.203852e-11   1.709701e-05
1.217000e+02   -5.655686e+01   -0.000000e+00   -0.000000e+00   4.960180e+02   1.192778e-11   1.698593e-05
1.218000e+02   -5.581057e+01   -0.000000e+00   -0.000000e+00   4.973638e+02   1.181836e-11   1.687578e-05
1.219000e+02   -5.497093e+01   -0.000000e+00   -0.000000e+00   4.987065e+02   1.171025e-11   1.676654e-05
1.220000e+02   -5.397380e+01   -0.000000e+00   -0.000000e+00   5.000459e+02   1.160342e-11   1.665820e-05
1.221000e+02   -5.287849e+01   -0.000000e+00   -0.000000e+00   5.013817e+02   1.149785e-11   1.655074e-05
1.222000e+02   -5.174479e+01   -0.000000e+00   -0.000000e+00   5.027137e+02   1.139351e-11   1.644412e-05
1.223000e+02   -5.063247e+01   -0.000000e+00   -0.000000e+00   5.040416e+02   1.129040e-11   1.633834e-05
1.224000e+02   -4.953262e+01   -0.000000e+00   -0.000000e+00   5.053653e+02   1.118848e-11   1.623337e-05
1.225000e+02   -4.839135e+01   -0.000000e+00   -0.000000e+00   5.066844e+02   1.108774e-11   1.612920e-05
1.226000e+02   -4.724477e+01   -0.000000e+00   -0.000000e+00   5.079989e+02   1.098815e-11   1.602581e-05
1.227000e+02   -4.612966e+01   -0.000000e+00   -0.000000e+00   5.093089e+02   1.088971e-11   1.592319e-05
1.228000e+02   -4.508282e+01   -0.000000e+00   -0.000000e+00   5.106144e+02   1.079241e-11   1.582136e-05
1.229000e+02   -4.412619e+01   -0.000000e+00   -0.000000e+00   5.119154e+02   1.069621e-11   1.572029e-05
1.230000e+02   -4.323017e+01   -0.000000e+00   -0.000000e+00   5.132119e+02   1.060111e-11   1.561999e-05
1.231000e+02   -4.235888e+01   -0.000000e+00   -0.000000e+00   5.145040e+02   1.050710e-11   1.552044e-05
1.232000e+02   -4.147660e+01   -0.000000e+00   -0.000000e+00   5.157917e+02   1.041416e-11   1.542166e-05
1.233000e+02   -4.054758e+01   -0.000000e+00   -0.000000e+00   5.170750e+02   1.032228e-11   1.532363e-05
1.234000e+02   -3.953746e+01   -0.000000e+00   -0.000000e+00   5.183539e+02   1.023144e-11   1.522634e-05
1.235000e+02   -3.845367e+01   -0.000000e+00   -0.000000e+00   5.196285e+02   1.014163e-11   1.512980e-05
1.236000e+02   -3.733284e+01   -0.000000e+00   -0.000000e+00   5.208989e+02   1.005284e-11   1.503400e-05
1.237000e+02   -3.621187e+01   -0.000000e+00   -0.000000e+00   5.221650e+02   9.965053e-12   1.493894e-05
1.238000e+02   -3.512768e+01   -0.000000e+00   -0.000000e+00   5.234268e+02   9.878255e-12   1.484460e-05
1.239000e+02   -3.410312e+01   -0.000000e+00   -0.000000e+00   5.246844e+02   9.792435e-12   1.475099e-05
1.240000e+02   -3.311449e+01   -0.000000e+00   -0.000000e+00   5.259379e+02   9.707579e-12   1.465810e-05
1.241000e+02   -3.213959e+01   -0.000000e+00   -0.000000e+00   5.271872e+02   9.623677e-12   1.456593e-05
1.242000e+02   -3.115673e+01   -0.000000e+00   -0.000000e+00   5.284324e+02   9.540716e-12   1.447447e-05
1.243000e+02   -3.014418e+01   -0.000000e+00   -0.000000e+00   5.296735e+02   9.458683e-12   1.438372e-05
1.244000e+02   -2.908783e+01   -0.000000e+00   -0.000000e+00   5.309106e+02   9.377568e-12   1.429368e-05
1.245000e+02   -2.799875e+01   -0.000000e+00   -0.000000e+00   5.321436e+02   9.297357e-12   1.420433e-05
1.246000e+02   -2.688506e+01   -0.000000e+00   -0.000000e+00   5.333726e+02   9.218041e-12   1.411568e-05
1.247000e+02   -2.575446e+01   -0.000000e+00   -0.000000e+00   5.345977e+02   9.139607e-12   1.402772e-05
1.248000e+02   -2.461463e+01   -0.000000e+00   -0.000000e+00   5.358188e+02   9.062044e-12   1.394044e-05
1.249000e+02   -2.347009e+01   -0.000000e+00   -0.000000e+00   5.370360e+02   8.985342e-12   1.385385e-05
1.250000e+02   -2.231485e+01   -0.000000e+00   -0.000000e+00   5.382493e+02   8.909490e-12   1.376793e-05
1.251000e+02   -2.114552e+01   -0.000000e+00   -0.000000e+00   5.394587e+02   8.834476e-12   1.368269e-05
1.252000e+02   -1.995896e+01   -0.000000e+00   -0.000000e+00   5.406643e+02   8.760290e-12   1.359811e-05
1.253000e+02   -1.875205e+01   -0.000000e+00   -0.000000e+00   5.418661e+02   8.686923e-12   1.351420e-05
1.254000e+02   -1.748469e+01   -0.000000e+00   -0.000000e+00   5.430642e+02   8.614363e-12   1.343095e-05
1.255000e+02   -1.609933e+01   -0.000000e+00   -0.000000e+00   5.442585e+02   8.542600e-12   1.334835e-05
1.256000e+02   -1.469378e+01   -0.000000e+00   -0.000000e+00   5.454491e+02   8.471625e-12   1.326641e-05
1.257000e+02   -1.337431e+01   -0.000000e+00   -0.000000e+00   5.466360e+02   8.401428e-12   1.318511e-05
1.258000e+02   -1.224717e+01   -0.000000e+00   -0.000000e+00   5.478192e+02   8.331998e-12   1.310445e-05
1.259000e+02   -1.136371e+01   -0.000000e+00   -0.000000e+00   5.489989e+02   8.263327e-12   1.302443e-05
1.260000e+02   -1.058394e+01   -0.000000e+00   -0.000000e+00   5.501749e+02   8.195405e-12   1.294504e-05
1.261000e+02   -9.856614e+00   -0.000000e+00   -0.000000e+00   5.513474e+02   8.128222e-12   1.286629e-05
1.262000e+02   -9.141538e+00   -0.000000e+00   -0.000000e+00   5.525163e+02   8.061770e-12   1.278815e-05
1.263000e+02   -8.398499e+00   -0.000000e+00   -0.000000e+00   5.536817e+02   7.996039e-12   1.271064e-05
1.264000e+02   -7.600389e+00   -0.000000e+00   -0.000000e+00   5.548436e+02   7.931020e-12   1.263374e-05
1.265000e+02   -6.773801e+00   -0.000000e+00   -0.000000e+00   5.560021e+02   7.866704e-12   1.255745e-05
1.266000e+02   -5.924630e+00   -0.000000e+00   -0.000000e+00   5.571572e+02   7.803083e-12   1.248177e-05
1.267000e+02   -5.055335e+00   -0.000000e+00   -0.000000e+00   5.583088e+02   7.740148e-12   1.240670e-05
1.268000e+02   -4.168375e+00   -0.000000e+00   -0.000000e+00   5.594571e+02   7.677891e-12   1.233222e-05
1.269000e+02   -3.230085e+00   -0.000000e+00   -0.000000e+00   5.606021e+02   7.616302e-12   1.225833e-05
1.270000e+02   -2.148050e+00   -0.000000e+00   -0.000000e+00   5.617437e+02   7.555375e-12   1.218503e-05
1.271000e+02   -1.031037e+00   -0.000000e+00   -0.000000e+00   5.628821e+02   7.495100e-12   1.211232e-05
1.272000e+02   -7.219476e-03   -0.000000e+00   -0.000000e+00   5.640172e+02   7.435469e-12   1.204018e-05
1.273000e+02   7.952262e-01   -0.000000e+00   -0.000000e+00   5.651491e+02   7.376474e-12   1.196862e-05
1.274000e+02   1.293257e+00   -0.000000e+00   -0.000000e+00   5.662778e+02   7.318108e-12   1.189764e-05
1.275000e+02   1.640352e+00   -0.000000e+00   -0.000000e+00   5.674033e+02   7.260363e-12   1.182722e-05
1.276000e+02   1.905425e+00   -0.000000e+00   -0.000000e+00   5.685258e+02   7.203231e-12   1.175736e-05
1.277000e+02   2.136510e+00   -0.000000e+00   -0.000000e+00   5.696451e+02   7.146704e-12   1.168806e-05
1.278000e+02   2.381642e+00   -0.000000e+00   -0.000000e+00   5.707613e+02   7.090774e-12   1.161931e-05
1.279000e+02   2.674598e+00   -0.000000e+00   -0.000000e+00   5.718744e+02   7.035435e-12   1.155112e-05
1.280000e+02   2.972132e+00   -0.000000e+00   -0.000000e+00   5.729846e+02   6.980679e-12   1.148347e-05
1.281000e+02   3.271528e+00   -0.000000e+00   -0.000000e+00   5.740918e+02   6.926499e-12   1.141635e-05
1.282000e+02   3.579485e+00   -0.000000e+00   -0.000000e+00   5.751960e+02   6.872887e-12   1.134978e-05
1.283000e+02   3.902703e+00   -0.000000e+00   -0.000000e+00   5.762972e+02   6.819836e-12   1.128373e-05
1.284000e+02   4.249269e+00   -0.000000e+00   -0.000000e+00   5.773956e+02   6.767340e-12   1.121822e-05
1.285000e+02   4.624136e+00   -0.000000e+00   -0.000000e+00   5.784911e+02   6.715391e-12   1.115322e-05
1.286000e+02   5.009654e+00   -0.000000e+00   -0.000000e+00   5.795838e+02   6.663983e-12   1.108875e-05
1.287000e+02   5.385666e+00   -0.000000e+00   -0.000000e+00   5.806736e+02   6.613109e-12   1.102478e-05
1.288000e+02   5.732014e+00   -0.000000e+00   -0.000000e+00   5.817606e+02   6.562761e-12   1.096133e-05
1.289000e+02   6.008069e+00   -0.000000e+00   -0.000000e+00   5.828449e+02   6.512934e-12   1.089838e-05
1.290000e+02   6.091660e+00   -0.000000e+00   -0.000000e+00   5.839265e+02   6.463621e-12   1.083594e-05
1.291000e+02   6.038945e+00   -0.000000e+00   -0.000000e+00   5.850053e+02   6.414815e-12   1.077398e-05
1.292000e+02   5.937952e+00   -0.000000e+00   -0.000000e+00   5.860815e+02   6.366510e-12   1.071252e-05
1.293000e+02   5.876707e+00   -0.000000e+00   -0.000000e+00   5.871550e+02   6.318700e-12   1.065155e-05
1.294000e+02   5.926661e+00   -0.000000e+00   -0.000000e+00   5.882260e+02   6.271378e-12   1.059106e-05
1.295000e+02   6.015341e+00   -0.000000e+00   -0.000000e+00   5.892943e+02   6.224538e-12   1.053105e-05
1.296000e+02   6.122625e+00   -0.000000e+00   -0.000000e+00   5.903601e+02   6.178174e-12   1.047151e-05
1.297000e+02   6.252219e+00   -0.000000e+00   -0.000000e+00   5.914233e+02   6.132280e-12   1.041245e-05
1.298000e+02   6.407834e+00   -0.000000e+00   -0.000000e+00   5.924841e+02   6.086850e-12   1.035384e-05
1.299000e+02   6.594071e+00   -0.000000e+00   -0.000000e+00   5.935424e+02   6.041878e-12   1.029570e-05
1.300000e+02   6.815541e+00   -0.000000e+00   -0.000000e+00   5.945982e+02   5.997357e-12   1.023802e-05
